a,2022-10-04 11:13:21.425408,0.46,0.12,0.98,18.01,21.73,-5.49,30.57,149.91,-29.81,1
a,2022-10-04 11:13:21.444760,0.42,0.09,0.98,12.76,21.30,-16.91,30.07,147.09,-28.72,1
a,2022-10-04 11:13:21.461962,0.53,0.10,0.86,6.77,19.90,-22.28,30.07,147.09,-28.72,1
a,2022-10-04 11:13:21.481621,0.50,0.05,0.86,14.28,9.46,-23.38,27.40,144.43,-31.91,1
a,2022-10-04 11:13:21.500395,0.44,-0.05,0.86,18.25,4.76,-25.21,27.40,144.43,-31.91,1
a,2022-10-04 11:13:21.518406,0.44,-0.14,0.82,19.53,6.47,-23.32,27.40,144.43,-31.91,1
a,2022-10-04 11:13:21.538598,0.47,-0.26,0.79,16.78,5.92,-24.54,24.68,143.31,-34.07,1
a,2022-10-04 11:13:21.558046,0.41,-0.34,0.77,18.01,4.58,-20.94,24.68,143.31,-34.07,1
a,2022-10-04 11:13:21.577562,0.39,-0.37,0.77,13.31,2.26,-12.21,24.68,143.31,-34.07,1
a,2022-10-04 11:13:21.598527,0.43,-0.31,0.78,11.17,1.28,-9.28,22.88,142.22,-35.88,1
a,2022-10-04 11:13:21.620373,0.37,-0.31,0.84,7.14,-0.24,-11.90,22.88,142.22,-35.88,1
a,2022-10-04 11:13:21.639939,0.33,-0.28,0.86,2.20,-0.49,-7.20,21.74,142.24,-36.93,1
a,2022-10-04 11:13:21.658938,0.36,-0.25,0.85,5.68,-0.61,-1.71,21.74,142.24,-36.93,1
a,2022-10-04 11:13:21.677819,0.41,-0.19,0.81,12.57,-4.94,3.23,21.74,142.24,-36.93,1
a,2022-10-04 11:13:21.698628,0.39,-0.18,0.82,15.14,-7.75,0.85,22.39,141.82,-36.28,1
a,2022-10-04 11:13:21.717498,0.33,-0.20,0.85,2.69,-5.49,-7.26,22.39,141.82,-36.28,1
a,2022-10-04 11:13:21.737588,0.34,-0.18,0.85,-1.04,-3.11,-6.71,21.55,142.20,-38.04,1
a,2022-10-04 11:13:21.755692,0.38,-0.14,0.87,1.40,-2.50,-3.30,21.55,142.20,-38.04,1
a,2022-10-04 11:13:21.774856,0.40,-0.15,0.88,5.43,-2.32,-3.78,21.55,142.20,-38.04,1
a,2022-10-04 11:13:21.794715,0.42,-0.18,0.87,9.16,-3.11,-3.60,21.07,142.31,-38.06,1
a,2022-10-04 11:13:21.812288,0.46,-0.17,0.86,6.47,-5.13,-5.92,21.07,142.31,-38.06,1
a,2022-10-04 11:13:21.831292,0.38,-0.21,0.91,8.30,-7.63,-8.54,20.56,142.90,-39.73,1
a,2022-10-04 11:13:21.850425,0.34,-0.27,0.87,3.05,-2.50,-8.00,20.56,142.90,-39.73,1
a,2022-10-04 11:13:21.869740,0.38,-0.29,0.87,7.69,-2.20,-1.22,20.56,142.90,-39.73,1
a,2022-10-04 11:13:21.888857,-0.05,-0.43,0.98,8.97,-3.60,2.38,20.07,143.15,-39.17,1
a,2022-10-04 11:13:21.907397,0.38,-0.22,0.93,-28.32,-7.26,-3.72,20.07,143.15,-39.17,1
a,2022-10-04 11:13:21.927810,0.42,-0.19,0.89,-13.24,-6.71,-1.46,20.07,143.15,-39.17,1
a,2022-10-04 11:13:21.948788,0.35,-0.19,0.84,13.73,3.60,10.25,19.84,142.29,-39.55,1
a,2022-10-04 11:13:21.966015,0.38,-0.29,0.82,16.17,4.09,17.33,19.84,142.29,-39.55,1
a,2022-10-04 11:13:21.986648,0.36,-0.26,0.83,10.50,3.85,19.10,21.67,143.08,-39.01,1
a,2022-10-04 11:13:22.005797,0.37,-0.20,0.87,-4.76,-0.12,10.86,21.67,143.08,-39.01,1
a,2022-10-04 11:13:22.023765,0.34,-0.23,0.82,23.32,-0.61,26.61,21.67,143.08,-39.01,1
a,2022-10-04 11:13:22.044293,0.35,-0.27,0.79,30.94,-1.53,33.08,22.84,143.02,-36.06,1
a,2022-10-04 11:13:22.062674,0.35,-0.28,0.77,0.92,-5.49,25.15,22.84,143.02,-36.06,1
a,2022-10-04 11:13:22.081663,0.34,-0.20,0.79,0.49,-4.27,22.16,24.29,143.66,-34.11,1
a,2022-10-04 11:13:22.101072,0.35,-0.10,0.84,4.39,-3.72,24.41,24.29,143.66,-34.11,1
a,2022-10-04 11:13:22.120865,0.34,-0.11,0.84,-1.04,-4.70,17.15,24.29,143.66,-34.11,1
a,2022-10-04 11:13:22.141223,0.35,-0.05,0.85,-0.18,-7.57,16.66,25.17,144.89,-32.91,1
a,2022-10-04 11:13:22.160704,0.35,-0.02,0.87,3.54,-7.51,15.93,25.17,144.89,-32.91,1
a,2022-10-04 11:13:22.179693,0.35,-0.05,0.87,9.16,-6.41,14.40,25.57,146.15,-31.76,1
a,2022-10-04 11:13:22.198583,0.35,-0.08,0.89,7.02,-5.55,10.56,25.57,146.15,-31.76,1
a,2022-10-04 11:13:22.216788,0.37,-0.14,0.87,-1.71,-9.34,6.65,25.57,146.15,-31.76,1
a,2022-10-04 11:13:22.237441,0.35,-0.10,0.86,-14.95,-14.71,-4.21,24.78,148.45,-32.26,1
a,2022-10-04 11:13:22.257408,0.40,-0.14,0.91,-19.65,-14.22,-4.52,24.78,148.45,-32.26,1
a,2022-10-04 11:13:22.277294,0.40,-0.15,0.91,-15.08,-12.45,-0.43,24.78,148.45,-32.26,1
a,2022-10-04 11:13:22.298945,0.50,-0.10,1.03,-20.08,-11.47,-4.70,23.43,148.27,-33.59,1
a,2022-10-04 11:13:22.317988,0.41,-0.17,0.98,16.17,2.20,8.85,23.43,148.27,-33.59,1
a,2022-10-04 11:13:22.338336,0.39,-0.20,0.98,5.00,-1.40,1.22,22.07,148.62,-33.54,1
a,2022-10-04 11:13:22.356641,0.40,-0.17,0.99,-5.80,-5.68,-5.74,22.07,148.62,-33.54,1
a,2022-10-04 11:13:22.376953,0.43,-0.14,1.01,-19.53,-5.07,-16.17,22.07,148.62,-33.54,1
a,2022-10-04 11:13:22.396761,0.43,-0.06,1.02,-19.90,-0.37,-24.41,21.58,148.55,-34.25,1
a,2022-10-04 11:13:22.417976,0.42,-0.07,0.99,-18.07,5.92,-29.97,21.58,148.55,-34.25,1
a,2022-10-04 11:13:22.437789,0.41,-0.12,0.97,-3.85,10.56,-21.12,19.08,147.78,-36.10,1
a,2022-10-04 11:13:22.457303,0.40,-0.12,0.98,1.16,12.63,-18.49,19.08,147.78,-36.10,1
a,2022-10-04 11:13:22.476251,0.40,-0.21,0.96,13.73,14.65,-14.04,19.08,147.78,-36.10,1
a,2022-10-04 11:13:22.496438,0.46,-0.26,0.96,13.79,14.22,-17.33,18.82,146.36,-38.62,1
a,2022-10-04 11:13:22.514851,0.39,-0.32,0.88,13.98,10.13,-11.29,18.82,146.36,-38.62,1
a,2022-10-04 11:13:22.535475,0.39,-0.32,0.86,6.84,6.65,-5.07,19.03,145.42,-39.45,1
a,2022-10-04 11:13:22.553626,0.34,-0.33,0.81,11.47,8.97,-0.18,19.03,145.42,-39.45,1
a,2022-10-04 11:13:22.572917,0.38,-0.28,0.85,11.47,7.26,0.73,19.03,145.42,-39.45,1
a,2022-10-04 11:13:22.592798,0.33,-0.25,0.80,6.41,7.51,-3.97,20.50,144.43,-39.20,1
a,2022-10-04 11:13:22.611606,0.32,-0.21,0.75,2.69,5.92,-2.69,20.50,144.43,-39.20,1
a,2022-10-04 11:13:22.629921,0.30,-0.19,0.73,-0.49,2.75,0.37,21.41,143.46,-40.16,1
a,2022-10-04 11:13:22.648844,0.30,-0.15,0.74,-24.60,-7.63,-6.23,21.41,143.46,-40.16,1
a,2022-10-04 11:13:22.668678,0.35,-0.07,0.81,-17.21,-2.99,-5.00,21.41,143.46,-40.16,1
a,2022-10-04 11:13:22.688776,0.36,-0.06,0.83,10.44,8.73,4.33,22.14,143.09,-41.78,1
a,2022-10-04 11:13:22.708124,0.34,-0.11,0.82,51.15,20.02,20.75,22.14,143.09,-41.78,1
a,2022-10-04 11:13:22.728421,0.24,-0.35,0.66,41.26,2.50,24.11,21.87,143.47,-39.64,1
a,2022-10-04 11:13:22.747094,0.36,-0.25,0.75,-1.59,-14.22,10.13,21.87,143.47,-39.64,1
a,2022-10-04 11:13:22.765684,0.35,-0.22,0.81,-11.90,-9.52,5.62,21.87,143.47,-39.64,1
a,2022-10-04 11:13:22.786869,0.34,-0.19,0.81,-26.49,-9.09,-1.95,20.48,145.26,-39.99,1
a,2022-10-04 11:13:22.805994,0.39,-0.08,0.90,-40.53,-15.63,-5.13,20.48,145.26,-39.99,1
a,2022-10-04 11:13:22.824715,0.35,-0.05,0.85,-28.38,-14.59,-0.92,20.48,145.26,-39.99,1
a,2022-10-04 11:13:22.845295,0.37,-0.04,0.91,-27.40,-13.79,-0.61,18.25,146.85,-39.82,1
a,2022-10-04 11:13:22.863754,0.53,-0.05,1.11,-37.41,-9.09,-9.46,18.25,146.85,-39.82,1
a,2022-10-04 11:13:22.883587,0.45,-0.10,1.07,-12.08,-0.79,-4.52,15.97,147.33,-40.33,1
a,2022-10-04 11:13:22.902104,0.43,-0.09,1.03,2.32,-5.31,-6.04,15.97,147.33,-40.33,1
a,2022-10-04 11:13:22.920343,0.41,-0.15,0.99,-18.37,-19.53,-23.32,15.97,147.33,-40.33,1
a,2022-10-04 11:13:22.941507,0.42,-0.26,0.95,-15.38,-15.99,-28.08,13.96,146.86,-41.22,1
a,2022-10-04 11:13:22.959944,0.39,-0.36,0.93,11.05,-4.94,-8.73,13.96,146.86,-41.22,1
a,2022-10-04 11:13:22.980164,0.37,-0.38,0.92,8.18,-3.97,-9.83,13.56,146.50,-40.66,1
a,2022-10-04 11:13:22.998892,0.36,-0.31,0.93,-19.04,-10.25,-36.68,13.56,146.50,-40.66,1
a,2022-10-04 11:13:23.018252,0.34,-0.25,0.91,-33.87,-14.83,-55.05,13.56,146.50,-40.66,1
a,2022-10-04 11:13:23.039763,0.17,-0.51,0.85,-35.58,-9.89,-58.78,10.77,145.74,-42.61,1
a,2022-10-04 11:13:23.060073,-0.18,-0.66,1.02,-2.38,27.95,-9.34,10.77,145.74,-42.61,1
a,2022-10-04 11:13:23.079580,0.44,-0.42,0.74,-29.66,56.70,19.96,16.32,144.64,-41.75,1
a,2022-10-04 11:13:23.099379,0.37,-0.41,0.76,-15.63,40.10,26.61,16.32,144.64,-41.75,1
a,2022-10-04 11:13:23.119707,0.32,-0.49,0.80,-8.85,23.07,34.67,16.32,144.64,-41.75,1
a,2022-10-04 11:13:23.139718,0.39,-0.52,0.71,-3.85,15.26,43.70,22.40,145.01,-36.71,1
a,2022-10-04 11:13:23.159929,0.43,-0.45,0.70,-11.66,-0.06,48.22,22.40,145.01,-36.71,1
a,2022-10-04 11:13:23.180245,0.39,-0.46,0.67,-11.60,-7.63,50.84,32.65,146.20,-30.87,1
a,2022-10-04 11:13:23.198884,0.38,-0.37,0.68,-20.94,-14.65,50.42,32.65,146.20,-30.87,1
a,2022-10-04 11:13:23.217376,0.39,-0.17,0.78,-20.69,-23.07,56.88,32.65,146.20,-30.87,1
a,2022-10-04 11:13:23.237559,0.33,-0.08,0.86,-15.81,-26.55,60.36,49.18,147.39,-23.24,1
a,2022-10-04 11:13:23.256224,0.30,-0.01,0.91,-10.56,-26.73,64.09,49.18,147.39,-23.24,1
a,2022-10-04 11:13:23.276566,0.30,0.04,0.92,-9.95,-22.77,67.26,74.00,138.28,-14.64,1
a,2022-10-04 11:13:23.295544,0.37,0.29,0.97,-15.44,-19.47,60.06,74.00,138.28,-14.64,1
a,2022-10-04 11:13:23.312897,0.41,0.42,1.00,-16.97,-17.82,47.97,74.00,138.28,-14.64,1
a,2022-10-04 11:13:23.332890,0.41,0.42,0.98,-6.29,-18.68,39.43,90.30,118.02,-12.27,1
a,2022-10-04 11:13:23.351691,0.35,0.44,1.01,8.79,-19.10,38.27,90.30,118.02,-12.27,1
a,2022-10-04 11:13:23.371728,0.34,0.49,1.04,4.82,-12.33,28.14,90.30,118.02,-12.27,1
a,2022-10-04 11:13:23.390295,0.38,0.50,1.01,5.31,-5.43,14.89,96.24,100.70,-12.06,1
a,2022-10-04 11:13:23.408440,0.41,0.48,0.98,8.06,-5.37,7.39,96.24,100.70,-12.06,1
a,2022-10-04 11:13:23.428729,0.39,0.41,0.96,13.43,-7.26,-0.79,97.90,90.62,-10.47,1
a,2022-10-04 11:13:23.446036,0.30,0.33,0.99,20.94,-7.39,-3.48,97.90,90.62,-10.47,1
a,2022-10-04 11:13:23.465524,0.27,0.28,0.94,12.88,-0.24,-9.09,97.90,90.62,-10.47,1
a,2022-10-04 11:13:23.485452,0.29,0.23,0.94,8.54,3.30,-10.80,99.99,83.98,-7.97,1
a,2022-10-04 11:13:23.503328,0.30,0.19,0.91,8.42,2.81,-11.90,99.99,83.98,-7.97,1
a,2022-10-04 11:13:23.521898,0.28,0.15,0.91,14.89,0.06,-5.74,99.99,83.98,-7.97,1
a,2022-10-04 11:13:23.541330,0.24,0.08,0.92,14.34,0.12,-3.91,102.49,79.85,-4.58,1
a,2022-10-04 11:13:23.560737,0.29,0.10,0.89,5.13,3.05,-7.26,102.49,79.85,-4.58,1
a,2022-10-04 11:13:23.580970,0.30,0.13,0.89,-0.92,1.10,-12.88,104.72,77.10,-3.52,1
a,2022-10-04 11:13:23.599439,0.28,0.13,0.91,0.61,-2.69,-13.18,104.72,77.10,-3.52,1
a,2022-10-04 11:13:23.619903,0.25,0.09,0.92,2.08,-2.44,-13.18,104.72,77.10,-3.52,1
a,2022-10-04 11:13:23.640540,0.27,0.09,0.92,1.22,-0.24,-11.23,108.53,76.43,-1.05,1
a,2022-10-04 11:13:23.658461,0.30,0.12,0.93,-0.12,-1.34,-13.79,108.53,76.43,-1.05,1
a,2022-10-04 11:13:23.678839,0.29,0.08,0.95,2.20,15.20,-14.59,113.15,78.08,-1.29,1
a,2022-10-04 11:13:23.697076,0.30,0.00,0.92,6.35,-0.67,-10.50,113.15,78.08,-1.29,1
a,2022-10-04 11:13:23.715991,0.34,0.01,0.92,6.29,-2.56,-7.63,113.15,78.08,-1.29,1
a,2022-10-04 11:13:23.735156,0.36,0.04,0.93,10.86,-5.19,-6.84,116.92,79.97,-1.51,1
a,2022-10-04 11:13:23.755224,0.33,-0.02,0.93,9.89,-6.90,-13.12,116.92,79.97,-1.51,1
a,2022-10-04 11:13:23.774407,0.32,-0.07,0.94,7.69,-5.07,-13.06,121.52,81.45,-1.37,1
a,2022-10-04 11:13:23.794134,0.27,-0.23,0.94,4.27,10.13,7.87,121.52,81.45,-1.37,1
a,2022-10-04 11:13:23.812439,0.34,-0.05,0.97,-2.87,0.85,-0.61,121.52,81.45,-1.37,1
a,2022-10-04 11:13:23.832663,0.34,-0.09,0.95,-7.02,-6.77,-6.84,121.97,81.04,-1.23,1
a,2022-10-04 11:13:23.850714,0.30,-0.08,0.93,-19.23,-11.96,-16.48,121.97,81.04,-1.23,1
a,2022-10-04 11:13:23.870584,0.15,0.28,0.68,17.27,1.83,9.70,121.97,81.04,-1.23,1
a,2022-10-04 11:13:23.891793,0.35,-0.29,0.82,34.00,11.72,25.76,121.30,79.75,-1.38,1
a,2022-10-04 11:13:23.910309,0.29,-0.19,0.95,-16.78,0.31,9.03,121.30,79.75,-1.38,1
a,2022-10-04 11:13:23.930278,0.30,-0.02,0.86,14.16,2.99,19.41,120.14,72.53,0.79,1
a,2022-10-04 11:13:23.949876,0.31,-0.02,0.93,9.89,-2.14,10.99,120.14,72.53,0.79,1
a,2022-10-04 11:13:23.968581,0.28,-0.08,0.85,13.37,-5.25,16.11,120.14,72.53,0.79,1
a,2022-10-04 11:13:23.989423,0.31,-0.10,0.81,16.17,-12.39,23.93,118.16,65.78,1.09,1
a,2022-10-04 11:13:24.008309,0.26,-0.08,0.83,3.85,-12.88,22.46,118.16,65.78,1.09,1
a,2022-10-04 11:13:24.027823,0.24,0.11,0.92,-16.05,-7.69,11.41,116.52,56.16,-0.76,1
a,2022-10-04 11:13:24.046768,0.25,0.15,0.91,-33.75,-2.38,-4.88,116.52,56.16,-0.76,1
a,2022-10-04 11:13:24.065887,0.26,0.15,0.88,12.02,-8.79,19.71,116.52,56.16,-0.76,1
a,2022-10-04 11:13:24.085426,0.25,0.28,0.99,7.45,-12.27,14.28,115.25,51.03,-2.32,1
a,2022-10-04 11:13:24.105514,0.24,0.17,0.91,11.23,-8.06,9.64,115.25,51.03,-2.32,1
a,2022-10-04 11:13:24.125603,0.23,0.13,0.91,9.83,-9.34,9.64,117.22,49.83,-5.85,1
a,2022-10-04 11:13:24.143252,0.24,0.10,0.93,4.76,-7.20,6.77,117.22,49.83,-5.85,1
a,2022-10-04 11:13:24.162576,0.27,0.03,0.93,-4.52,-8.24,1.71,117.22,49.83,-5.85,1
a,2022-10-04 11:13:24.184342,0.28,0.04,0.96,-5.92,-10.50,0.12,119.85,53.87,-9.28,1
a,2022-10-04 11:13:24.201982,0.31,0.06,1.00,-11.72,-10.56,-3.11,119.85,53.87,-9.28,1
a,2022-10-04 11:13:24.221812,0.29,0.06,1.02,-6.53,-6.10,-3.36,119.85,53.87,-9.28,1
a,2022-10-04 11:13:24.240350,0.32,0.09,1.07,-5.19,-2.01,-5.49,122.40,60.25,-14.28,1
a,2022-10-04 11:13:24.260224,0.31,0.08,1.07,-2.50,-1.46,-5.25,122.40,60.25,-14.28,1
a,2022-10-04 11:13:24.280362,0.30,0.09,1.09,2.62,0.00,-7.39,124.16,67.77,-17.83,1
a,2022-10-04 11:13:24.299396,0.36,0.02,1.06,-1.59,4.82,-17.52,124.16,67.77,-17.83,1
a,2022-10-04 11:13:24.318354,0.36,0.06,1.10,-6.29,14.47,-23.19,124.16,67.77,-17.83,1
a,2022-10-04 11:13:24.338556,0.30,-0.07,0.98,11.72,13.61,-17.76,124.29,74.62,-17.76,1
a,2022-10-04 11:13:24.357059,0.34,-0.03,1.01,6.65,10.74,-16.30,124.29,74.62,-17.76,1
a,2022-10-04 11:13:24.377041,0.31,-0.14,0.95,16.54,12.02,-9.09,124.77,78.28,-15.84,1
a,2022-10-04 11:13:24.395821,0.30,-0.24,0.81,26.79,5.55,3.23,124.77,78.28,-15.84,1
a,2022-10-04 11:13:24.413954,0.30,-0.10,0.86,17.94,8.00,1.89,124.77,78.28,-15.84,1
a,2022-10-04 11:13:24.434924,0.27,-0.16,0.81,10.44,11.11,-2.01,124.12,76.48,-10.88,1
a,2022-10-04 11:13:24.452474,0.26,-0.10,0.83,1.22,8.30,-2.62,124.12,76.48,-10.88,1
a,2022-10-04 11:13:24.470972,0.23,-0.06,0.80,1.16,3.48,-1.77,124.12,76.48,-10.88,1
a,2022-10-04 11:13:24.490443,0.27,0.02,0.87,4.64,2.01,0.12,123.24,75.93,-6.07,1
a,2022-10-04 11:13:24.508673,0.20,-0.03,0.78,8.85,2.26,1.46,123.24,75.93,-6.07,1
a,2022-10-04 11:13:24.528779,0.25,-0.01,0.82,1.71,-3.85,-0.24,122.56,74.60,-6.56,1
a,2022-10-04 11:13:24.547418,0.28,0.00,0.85,10.56,4.70,2.50,122.56,74.60,-6.56,1
a,2022-10-04 11:13:24.565712,0.30,0.00,0.88,22.40,13.73,6.71,122.56,74.60,-6.56,1
a,2022-10-04 11:13:24.586531,0.18,-0.03,0.76,33.08,7.32,13.55,122.86,74.06,-4.55,1
a,2022-10-04 11:13:24.606067,0.26,-0.07,0.87,-4.82,-23.38,7.45,122.86,74.06,-4.55,1
a,2022-10-04 11:13:24.625660,0.26,-0.01,0.86,-1.59,-16.91,5.19,124.52,74.87,-10.11,1
a,2022-10-04 11:13:24.645847,0.26,-0.09,0.88,-13.12,-10.44,-3.11,124.52,74.87,-10.11,1
a,2022-10-04 11:13:24.664400,0.23,0.03,0.88,-25.39,-13.92,-5.00,124.52,74.87,-10.11,1
a,2022-10-04 11:13:24.683705,0.27,0.09,0.95,-22.03,-17.70,0.12,125.13,78.38,-15.31,1
a,2022-10-04 11:13:24.702651,0.26,0.10,0.99,-12.88,-16.91,4.58,125.13,78.38,-15.31,1
a,2022-10-04 11:13:24.722726,0.34,0.03,1.08,-11.78,-9.52,3.85,125.98,82.20,-24.00,1
a,2022-10-04 11:13:24.742124,0.33,0.14,1.12,12.21,1.04,6.96,125.98,82.20,-24.00,1
a,2022-10-04 11:13:24.760408,0.33,-0.01,1.08,16.24,-1.40,3.42,125.98,82.20,-24.00,1
a,2022-10-04 11:13:24.780529,0.38,-0.12,1.04,11.47,-6.29,-7.14,126.28,85.94,-28.02,1
a,2022-10-04 11:13:24.798395,0.32,-0.24,0.96,9.95,-6.47,-11.96,126.28,85.94,-28.02,1
a,2022-10-04 11:13:24.818512,0.29,-0.22,0.92,-8.36,-6.71,-29.05,126.28,85.94,-28.02,1
a,2022-10-04 11:13:24.839137,0.27,-0.15,0.93,-22.77,-6.41,-36.68,125.74,89.67,-29.33,1
a,2022-10-04 11:13:24.858015,0.23,-0.02,0.92,-43.21,-11.90,-37.48,125.74,89.67,-29.33,1
a,2022-10-04 11:13:24.878038,0.13,0.03,1.02,-46.14,-19.65,-27.34,123.40,94.06,-31.49,1
a,2022-10-04 11:13:24.896467,-0.08,0.06,1.24,-18.37,17.76,9.64,123.40,94.06,-31.49,1
a,2022-10-04 11:13:24.914842,0.32,0.21,1.04,-1.16,49.56,28.50,123.40,94.06,-31.49,1
a,2022-10-04 11:13:24.933699,0.35,0.27,1.07,9.28,38.15,13.61,116.77,91.43,-26.70,1
a,2022-10-04 11:13:24.953128,0.38,0.22,1.00,9.40,29.97,-5.43,116.77,91.43,-26.70,1
a,2022-10-04 11:13:24.972110,0.44,0.26,0.96,0.18,23.19,-34.00,110.51,95.74,-24.27,1
a,2022-10-04 11:13:24.990789,0.40,0.13,0.86,5.00,19.84,-42.05,110.51,95.74,-24.27,1
a,2022-10-04 11:13:25.010458,0.41,0.06,0.82,12.57,17.70,-37.35,110.51,95.74,-24.27,1
a,2022-10-04 11:13:25.029821,0.39,-0.03,0.80,17.40,9.46,-31.01,109.20,103.94,-21.41,1
a,2022-10-04 11:13:25.049123,0.36,-0.14,0.82,22.52,3.66,-18.13,109.20,103.94,-21.41,1
a,2022-10-04 11:13:25.067719,0.35,-0.20,0.83,19.23,2.50,-15.99,109.20,103.94,-21.41,1
a,2022-10-04 11:13:25.088792,0.35,-0.22,0.82,7.93,5.13,-19.96,108.51,109.92,-19.73,1
a,2022-10-04 11:13:25.106335,0.36,-0.21,0.83,-4.39,6.47,-20.14,108.51,109.92,-19.73,1
a,2022-10-04 11:13:25.127383,0.34,-0.17,0.88,-0.18,1.89,-12.15,108.69,113.90,-17.87,1
a,2022-10-04 11:13:25.145966,0.35,-0.13,0.89,4.33,-0.49,-6.90,108.69,113.90,-17.87,1
a,2022-10-04 11:13:25.164064,0.38,-0.10,0.89,5.80,-1.46,-7.26,108.69,113.90,-17.87,1
a,2022-10-04 11:13:25.185327,0.35,-0.09,0.91,6.59,0.18,-8.91,110.38,116.98,-16.11,1
a,2022-10-04 11:13:25.204058,0.33,-0.07,0.92,0.98,1.71,-10.07,110.38,116.98,-16.11,1
a,2022-10-04 11:13:25.223972,0.33,-0.07,0.90,5.07,-0.06,-5.07,111.33,118.41,-15.25,1
a,2022-10-04 11:13:25.242552,0.36,-0.04,0.88,9.09,-2.69,-2.62,111.33,118.41,-15.25,1
a,2022-10-04 11:13:25.262795,0.35,-0.08,0.87,10.44,-4.46,-6.35,111.33,118.41,-15.25,1
a,2022-10-04 11:13:25.283440,0.32,-0.10,0.88,3.30,-3.11,-11.05,113.04,120.39,-14.22,1
a,2022-10-04 11:13:25.301574,0.31,-0.09,0.90,-1.95,-1.04,-9.09,113.04,120.39,-14.22,1
a,2022-10-04 11:13:25.320749,0.33,-0.07,0.92,1.22,-0.85,-5.55,114.99,122.88,-14.05,1
a,2022-10-04 11:13:25.339916,0.37,-0.06,0.91,3.30,-0.85,-4.76,114.99,122.88,-14.05,1
a,2022-10-04 11:13:25.358425,0.39,-0.05,0.91,5.92,-2.81,-5.68,114.99,122.88,-14.05,1
a,2022-10-04 11:13:25.378461,0.30,-0.15,0.87,9.40,-5.68,-7.75,117.54,124.98,-11.77,1
a,2022-10-04 11:13:25.398358,0.33,-0.27,0.86,-8.06,-3.78,4.88,117.54,124.98,-11.77,1
a,2022-10-04 11:13:25.417050,0.38,-0.06,1.03,-29.48,-0.61,-5.31,117.54,124.98,-11.77,1
a,2022-10-04 11:13:25.435987,0.39,-0.20,0.95,8.54,9.46,2.69,118.97,124.99,-12.46,1
a,2022-10-04 11:13:25.454918,0.34,-0.12,0.94,-4.27,1.34,-0.61,118.97,124.99,-12.46,1
a,2022-10-04 11:13:25.474979,0.42,-0.18,0.95,-6.77,0.00,-0.37,118.98,123.44,-11.50,1
a,2022-10-04 11:13:25.494226,0.39,-0.11,0.93,-10.99,-4.46,2.99,118.98,123.44,-11.50,1
a,2022-10-04 11:13:25.513538,0.35,-0.22,0.91,19.41,4.52,19.17,118.98,123.44,-11.50,1
a,2022-10-04 11:13:25.533215,0.37,-0.16,0.91,-13.24,-1.59,4.70,120.59,120.29,-8.26,1
a,2022-10-04 11:13:25.551713,0.30,-0.15,0.83,5.31,-1.65,15.56,120.59,120.29,-8.26,1
a,2022-10-04 11:13:25.570925,0.31,-0.14,0.85,5.92,-4.39,19.29,121.90,115.50,-7.01,1
a,2022-10-04 11:13:25.589554,0.29,-0.08,0.84,-2.32,-6.41,17.58,121.90,115.50,-7.01,1
a,2022-10-04 11:13:25.609808,0.29,-0.01,0.87,-3.05,-6.65,17.52,121.90,115.50,-7.01,1
a,2022-10-04 11:13:25.629598,0.31,-0.11,0.79,17.82,-7.57,25.88,123.63,110.11,-8.62,1
a,2022-10-04 11:13:25.648490,0.25,-0.15,0.83,27.10,-14.22,40.41,123.63,110.11,-8.62,1
a,2022-10-04 11:13:25.666441,0.30,-0.13,0.78,9.89,-17.09,36.38,123.63,110.11,-8.62,1
a,2022-10-04 11:13:25.686226,0.28,-0.05,0.87,5.43,-18.98,36.19,125.37,102.14,-12.34,1
a,2022-10-04 11:13:25.705959,0.27,0.19,1.05,-19.65,-6.77,8.97,125.37,102.14,-12.34,1
a,2022-10-04 11:13:25.726090,0.28,0.16,0.95,-14.71,-1.04,0.92,125.83,98.67,-19.37,1
a,2022-10-04 11:13:25.745347,0.26,0.13,0.95,-6.90,-8.61,5.98,125.83,98.67,-19.37,1
a,2022-10-04 11:13:25.762815,0.29,0.13,0.98,0.37,-16.05,7.69,125.83,98.67,-19.37,1
a,2022-10-04 11:13:25.782689,0.30,0.08,0.99,2.93,-12.15,2.99,125.02,100.49,-26.54,1
a,2022-10-04 11:13:25.801983,0.29,0.02,0.99,4.70,-7.02,0.73,125.02,100.49,-26.54,1
a,2022-10-04 11:13:25.821316,0.31,-0.02,0.97,-11.60,-7.32,-7.69,123.57,103.85,-30.54,1
a,2022-10-04 11:13:25.840828,0.33,0.02,1.04,-4.70,-4.27,-4.88,123.57,103.85,-30.54,1
a,2022-10-04 11:13:25.859439,0.33,0.01,1.04,-5.13,-4.39,-5.86,123.57,103.85,-30.54,1
a,2022-10-04 11:13:25.878731,0.35,0.00,1.03,10.68,-2.87,-2.75,122.40,107.18,-33.91,1
a,2022-10-04 11:13:25.898106,0.32,-0.07,0.99,0.31,-3.91,-8.79,122.40,107.18,-33.91,1
a,2022-10-04 11:13:25.918758,0.32,-0.05,0.99,-4.52,-2.81,-11.84,120.89,110.35,-34.66,1
a,2022-10-04 11:13:25.936684,0.31,-0.02,1.01,-10.80,-1.04,-16.48,120.89,110.35,-34.66,1
a,2022-10-04 11:13:25.955273,0.34,0.00,1.00,-11.11,2.26,-20.81,120.89,110.35,-34.66,1
a,2022-10-04 11:13:25.974229,0.32,0.05,1.05,-4.76,4.27,-17.82,120.23,114.09,-33.47,1
a,2022-10-04 11:13:25.994904,0.32,0.01,1.02,4.46,7.69,-17.21,120.23,114.09,-33.47,1
a,2022-10-04 11:13:26.012830,0.32,-0.02,0.96,6.59,10.07,-17.76,120.23,114.09,-33.47,1
a,2022-10-04 11:13:26.032974,0.30,-0.11,0.91,13.55,11.05,-12.94,120.08,118.07,-29.46,1
a,2022-10-04 11:13:26.051906,0.34,-0.08,0.99,6.71,16.36,-15.26,120.08,118.07,-29.46,1
a,2022-10-04 11:13:26.071603,0.29,-0.24,0.85,11.11,15.81,-10.93,119.95,120.72,-21.90,1
a,2022-10-04 11:13:26.090906,0.37,-0.19,0.95,7.39,3.66,-2.75,119.95,120.72,-21.90,1
a,2022-10-04 11:13:26.109717,0.31,-0.20,0.83,5.31,3.17,-1.04,119.95,120.72,-21.90,1
a,2022-10-04 11:13:26.129936,0.27,-0.19,0.84,1.28,0.67,0.31,120.19,120.43,-18.42,1
a,2022-10-04 11:13:26.152699,0.28,-0.13,0.84,-11.72,-5.00,-3.78,120.19,120.43,-18.42,1
a,2022-10-04 11:13:26.170527,0.21,0.05,0.79,-31.13,-4.27,-12.51,120.09,119.30,-14.92,1
a,2022-10-04 11:13:26.190443,0.24,0.04,0.84,-26.55,-1.46,-12.21,120.09,119.30,-14.92,1
a,2022-10-04 11:13:26.208927,0.28,0.11,0.89,-12.88,-2.99,-7.08,120.09,119.30,-14.92,1
a,2022-10-04 11:13:26.229098,0.29,0.06,0.89,12.57,2.08,3.30,120.12,120.08,-15.48,1
a,2022-10-04 11:13:26.247145,0.30,0.00,0.88,31.62,8.12,12.21,120.12,120.08,-15.48,1
a,2022-10-04 11:13:26.266605,0.30,-0.02,0.89,43.95,16.30,17.76,120.83,119.60,-14.20,1
a,2022-10-04 11:13:26.287014,0.30,-0.08,0.87,44.56,20.26,16.91,120.83,119.60,-14.20,1
a,2022-10-04 11:13:26.305062,0.24,-0.21,0.81,15.81,2.44,8.73,120.83,119.60,-14.20,1
a,2022-10-04 11:13:26.325397,0.32,-0.07,0.94,-18.92,-11.47,-4.88,120.48,119.76,-17.24,1
a,2022-10-04 11:13:26.345090,0.26,-0.06,0.78,-16.66,-7.87,-4.03,120.48,119.76,-17.24,1
a,2022-10-04 11:13:26.365582,0.29,-0.05,0.88,-20.63,-6.71,-4.09,120.48,119.76,-17.24,1
a,2022-10-04 11:13:26.385234,0.28,0.00,0.82,-28.02,-7.14,-2.75,119.53,121.90,-21.52,1
a,2022-10-04 11:13:26.404342,0.24,0.06,0.86,-22.77,-6.53,1.46,119.53,121.90,-21.52,1
a,2022-10-04 11:13:26.423226,0.30,0.11,1.01,-15.38,-2.56,8.12,117.08,122.66,-29.48,1
a,2022-10-04 11:13:26.442960,0.31,0.11,0.98,2.56,-0.18,13.49,117.08,122.66,-29.48,1
a,2022-10-04 11:13:26.461226,0.33,0.07,1.03,6.96,-7.75,10.68,117.08,122.66,-29.48,1
a,2022-10-04 11:13:26.480811,0.33,0.09,1.02,14.22,-4.58,6.23,115.17,123.65,-33.17,1
a,2022-10-04 11:13:26.501112,0.31,-0.03,1.02,1.04,-8.06,-7.14,115.17,123.65,-33.17,1
a,2022-10-04 11:13:26.521624,0.29,-0.06,0.95,-15.56,-10.56,-21.97,111.44,126.29,-37.05,1
a,2022-10-04 11:13:26.540579,0.35,-0.17,0.90,-4.15,-7.32,-12.57,111.44,126.29,-37.05,1
a,2022-10-04 11:13:26.558079,0.30,-0.19,0.91,10.99,-3.30,-1.28,111.44,126.29,-37.05,1
a,2022-10-04 11:13:26.578807,0.31,-0.20,0.93,10.74,2.56,0.12,109.66,127.77,-38.39,1
a,2022-10-04 11:13:26.597702,0.31,-0.06,0.98,-23.01,-3.17,-19.29,109.66,127.77,-38.39,1
a,2022-10-04 11:13:26.618039,0.29,0.02,0.99,-23.62,-10.93,-21.85,109.97,129.22,-38.70,1
a,2022-10-04 11:13:26.637347,0.29,0.05,0.97,-1.77,-17.58,-12.63,109.97,129.22,-38.70,1
a,2022-10-04 11:13:26.657348,0.22,0.03,0.94,7.81,-14.34,-4.94,109.97,129.22,-38.70,1
a,2022-10-04 11:13:26.677471,0.02,0.12,1.19,-29.85,-1.28,-16.60,109.63,129.04,-37.95,1
a,2022-10-04 11:13:26.696524,0.35,0.31,1.00,-16.05,33.87,-8.91,109.63,129.04,-37.95,1
a,2022-10-04 11:13:26.715230,0.31,0.35,1.09,-0.24,24.84,-17.94,104.75,131.54,-33.06,1
a,2022-10-04 11:13:26.734529,0.28,0.17,1.06,13.85,26.67,-26.49,104.75,131.54,-33.06,1
a,2022-10-04 11:13:26.753787,0.33,0.12,0.97,18.43,26.43,-27.22,104.75,131.54,-33.06,1
a,2022-10-04 11:13:26.773986,0.41,0.05,0.88,18.37,23.50,-31.37,95.12,138.07,-28.10,1
a,2022-10-04 11:13:26.793574,0.38,-0.05,0.85,20.81,17.40,-30.94,95.12,138.07,-28.10,1
a,2022-10-04 11:13:26.812247,0.35,-0.25,0.78,21.36,9.77,-20.75,95.12,138.07,-28.10,1
a,2022-10-04 11:13:26.832159,0.34,-0.30,0.78,24.41,3.60,-7.20,85.85,143.14,-24.46,1
a,2022-10-04 11:13:26.850795,0.33,-0.29,0.81,5.13,5.68,-4.88,85.85,143.14,-24.46,1
a,2022-10-04 11:13:26.869970,0.38,-0.27,0.80,3.23,4.03,-8.12,80.49,144.63,-22.11,1
a,2022-10-04 11:13:26.889523,0.40,-0.20,0.81,-2.69,3.60,-9.16,80.49,144.63,-22.11,1
a,2022-10-04 11:13:26.907244,0.39,-0.14,0.82,-2.87,0.73,-8.18,80.49,144.63,-22.11,1
a,2022-10-04 11:13:26.927108,0.35,-0.05,0.89,0.55,-1.71,-4.76,78.60,145.84,-21.85,1
a,2022-10-04 11:13:26.947211,0.41,-0.02,0.86,-1.89,-1.28,-7.39,78.60,145.84,-21.85,1
a,2022-10-04 11:13:26.966690,0.41,0.01,0.88,2.08,-4.46,-12.45,78.27,147.86,-21.59,1
a,2022-10-04 11:13:26.985972,0.34,-0.05,0.90,5.62,-7.93,-13.92,78.27,147.86,-21.59,1
a,2022-10-04 11:13:27.005341,0.27,-0.09,0.94,7.57,-7.32,-10.99,78.27,147.86,-21.59,1
a,2022-10-04 11:13:27.026025,0.34,-0.10,0.90,7.69,-3.54,-7.51,77.59,150.79,-20.96,1
a,2022-10-04 11:13:27.046431,0.33,-0.12,0.89,8.91,-5.43,-9.22,77.59,150.79,-20.96,1
a,2022-10-04 11:13:27.064989,0.31,-0.15,0.90,9.40,-5.86,-6.65,76.61,153.99,-20.64,1
a,2022-10-04 11:13:27.083789,0.33,-0.15,0.90,11.78,-9.16,-3.11,76.61,153.99,-20.64,1
a,2022-10-04 11:13:27.102820,0.33,-0.16,0.91,11.47,-8.18,-2.93,76.61,153.99,-20.64,1
a,2022-10-04 11:13:27.122673,0.34,-0.17,0.92,6.53,-6.10,-4.94,77.84,156.19,-20.37,1
a,2022-10-04 11:13:27.141549,0.32,-0.15,0.91,-32.10,-2.50,-6.65,77.84,156.19,-20.37,1
a,2022-10-04 11:13:27.160499,0.33,-0.07,0.98,-34.55,-8.18,-8.12,77.84,156.19,-20.37,1
a,2022-10-04 11:13:27.180750,0.46,-0.19,1.01,-25.09,-13.00,-6.71,77.77,157.07,-20.65,1
a,2022-10-04 11:13:27.198695,0.30,-0.27,0.91,11.29,-1.46,13.31,77.77,157.07,-20.65,1
a,2022-10-04 11:13:27.218678,0.26,-0.12,0.80,15.32,-3.91,15.81,81.42,155.92,-20.61,1
a,2022-10-04 11:13:27.237217,0.29,-0.18,0.85,4.33,-1.10,22.77,81.42,155.92,-20.61,1
a,2022-10-04 11:13:27.256217,0.27,-0.20,0.85,8.97,-1.16,26.12,81.42,155.92,-20.61,1
a,2022-10-04 11:13:27.276603,0.27,-0.20,0.83,13.12,-3.17,30.15,86.74,152.56,-19.58,1
a,2022-10-04 11:13:27.295943,0.27,-0.19,0.83,2.38,-11.05,36.13,86.74,152.56,-19.58,1
a,2022-10-04 11:13:27.316717,0.25,-0.12,0.83,8.42,-13.67,36.13,95.96,146.59,-19.73,1
a,2022-10-04 11:13:27.334648,0.26,0.08,0.94,-3.42,-13.06,30.27,95.96,146.59,-19.73,1
a,2022-10-04 11:13:27.352440,0.30,0.22,1.01,-36.68,-3.85,-1.53,95.96,146.59,-19.73,1
a,2022-10-04 11:13:27.372955,0.29,0.21,0.99,-6.29,1.71,-0.92,100.60,143.99,-24.16,1
a,2022-10-04 11:13:27.390981,0.30,0.15,0.99,21.24,-3.66,11.96,100.60,143.99,-24.16,1
a,2022-10-04 11:13:27.410227,0.28,0.06,0.92,35.89,-5.31,17.58,100.60,143.99,-24.16,1
a,2022-10-04 11:13:27.430562,0.25,-0.09,0.81,24.96,-7.87,13.73,100.07,142.52,-25.21,1
a,2022-10-04 11:13:27.449414,0.25,-0.10,0.86,1.46,-10.93,3.91,100.07,142.52,-25.21,1
a,2022-10-04 11:13:27.468974,0.25,-0.11,0.84,-8.42,-9.16,-0.55,97.07,142.07,-29.00,1
a,2022-10-04 11:13:27.488057,0.30,-0.04,0.98,-19.84,-13.43,-3.78,97.07,142.07,-29.00,1
a,2022-10-04 11:13:27.506347,0.30,-0.01,0.97,-5.74,-9.09,0.06,97.07,142.07,-29.00,1
a,2022-10-04 11:13:27.526871,0.32,-0.02,1.00,0.06,-9.09,1.65,93.40,141.52,-35.42,1
a,2022-10-04 11:13:27.546920,0.31,-0.05,0.99,-4.39,-11.54,-3.30,93.40,141.52,-35.42,1
a,2022-10-04 11:13:27.567034,0.32,-0.04,1.06,-17.40,-13.06,-11.41,88.77,142.05,-39.58,1
a,2022-10-04 11:13:27.586726,0.36,-0.00,1.11,-24.11,-5.31,-22.71,88.77,142.05,-39.58,1
a,2022-10-04 11:13:27.603955,0.35,0.05,1.13,-15.93,-1.83,-20.39,88.77,142.05,-39.58,1
a,2022-10-04 11:13:27.624506,0.35,0.04,1.13,-14.34,2.01,-26.55,83.47,144.76,-40.15,1
a,2022-10-04 11:13:27.643958,0.34,-0.06,1.04,-0.49,9.58,-25.82,83.47,144.76,-40.15,1
a,2022-10-04 11:13:27.663705,0.33,-0.08,1.05,12.27,11.72,-15.26,77.97,149.79,-36.58,1
a,2022-10-04 11:13:27.681934,0.32,-0.22,0.94,17.09,14.53,-12.76,77.97,149.79,-36.58,1
a,2022-10-04 11:13:27.700868,0.29,-0.28,0.88,6.59,17.64,-16.48,77.97,149.79,-36.58,1
a,2022-10-04 11:13:27.721544,0.29,-0.13,0.92,3.36,15.38,-11.72,74.99,152.73,-30.92,1
a,2022-10-04 11:13:27.740461,0.30,-0.19,0.89,9.95,16.54,-10.19,74.99,152.73,-30.92,1
a,2022-10-04 11:13:27.759980,0.23,-0.14,0.81,18.01,7.81,-2.81,74.99,152.73,-30.92,1
a,2022-10-04 11:13:27.780315,0.27,-0.17,0.84,15.14,7.75,-3.72,73.23,154.85,-26.76,1
a,2022-10-04 11:13:27.799529,0.19,-0.19,0.71,1.89,6.23,-3.66,73.23,154.85,-26.76,1
a,2022-10-04 11:13:27.819781,0.13,-0.18,0.67,-15.50,-2.08,-4.76,73.03,155.40,-22.86,1
a,2022-10-04 11:13:27.838492,0.26,0.02,0.80,-56.95,-22.22,-14.34,73.03,155.40,-22.86,1
a,2022-10-04 11:13:27.858989,0.25,0.04,0.83,-5.92,-0.67,-3.05,73.03,155.40,-22.86,1
a,2022-10-04 11:13:27.878022,0.27,0.02,0.85,20.81,15.63,6.04,73.47,156.67,-24.90,1
a,2022-10-04 11:13:27.897270,0.23,-0.10,0.72,57.68,19.71,24.17,73.47,156.67,-24.90,1
a,2022-10-04 11:13:27.915988,0.23,-0.19,0.78,27.53,-7.57,27.95,74.00,155.41,-23.46,1
a,2022-10-04 11:13:27.934140,0.28,-0.12,0.81,7.45,-15.69,21.00,74.00,155.41,-23.46,1
a,2022-10-04 11:13:27.953494,0.24,-0.14,0.82,-2.87,-15.26,12.70,74.00,155.41,-23.46,1
a,2022-10-04 11:13:27.972493,0.27,-0.12,0.87,-30.21,-15.69,-1.71,74.27,152.97,-28.06,1
a,2022-10-04 11:13:27.992436,0.31,0.06,0.96,-24.78,-11.47,-2.26,74.27,152.97,-28.06,1
a,2022-10-04 11:13:28.013307,0.28,0.08,0.92,-12.76,-9.52,-1.16,73.63,151.40,-34.31,1
a,2022-10-04 11:13:28.032977,0.30,0.09,1.02,0.79,-8.12,2.20,73.63,151.40,-34.31,1
a,2022-10-04 11:13:28.051009,0.33,0.00,1.03,0.37,-9.40,0.55,73.63,151.40,-34.31,1
a,2022-10-04 11:13:28.071859,0.31,-0.10,1.02,1.65,-7.02,-3.91,69.53,150.11,-36.66,1
a,2022-10-04 11:13:28.091458,0.33,-0.14,1.07,-1.40,-4.88,-7.75,69.53,150.11,-36.66,1
a,2022-10-04 11:13:28.111314,0.38,-0.20,1.03,-20.81,-8.42,-21.36,66.33,150.00,-37.66,1
a,2022-10-04 11:13:28.130898,0.30,-0.31,0.95,19.29,1.28,10.50,66.33,150.00,-37.66,1
a,2022-10-04 11:13:28.149482,0.31,-0.24,0.93,-20.87,-4.76,-10.19,66.33,150.00,-37.66,1
a,2022-10-04 11:13:28.170141,0.28,-0.15,0.96,-51.45,-9.77,-27.34,66.33,149.84,-38.78,1
a,2022-10-04 11:13:28.189464,0.28,0.02,0.97,-60.97,-18.01,-34.36,66.33,149.84,-38.78,1
a,2022-10-04 11:13:28.207346,0.25,0.05,0.97,-41.75,-22.58,-29.79,66.33,149.84,-38.78,1
a,2022-10-04 11:13:28.226802,0.23,0.04,0.94,-20.57,-22.83,-24.17,66.64,150.89,-41.46,1
a,2022-10-04 11:13:28.245019,0.22,0.07,0.92,-3.11,-13.92,-15.01,66.64,150.89,-41.46,1
a,2022-10-04 11:13:28.264657,0.12,0.03,1.05,9.03,-2.99,-7.02,66.38,151.53,-41.92,1
a,2022-10-04 11:13:28.283603,-0.03,-0.04,0.99,67.75,46.08,28.26,66.38,151.53,-41.92,1
a,2022-10-04 11:13:28.302850,0.23,0.26,1.05,-13.85,33.51,-1.34,66.38,151.53,-41.92,1
a,2022-10-04 11:13:28.322457,0.27,0.18,1.10,-7.81,32.29,-6.96,65.50,148.75,-38.60,1
a,2022-10-04 11:13:28.342013,0.33,0.10,1.07,3.97,32.47,-7.02,65.50,148.75,-38.60,1
a,2022-10-04 11:13:28.362108,0.45,0.13,0.95,8.61,29.05,-14.22,59.44,146.92,-35.17,1
a,2022-10-04 11:13:28.380494,0.50,0.10,0.87,7.39,23.50,-23.07,59.44,146.92,-35.17,1
a,2022-10-04 11:13:28.398619,0.43,0.04,0.84,11.35,14.40,-23.62,59.44,146.92,-35.17,1
a,2022-10-04 11:13:28.418600,0.38,-0.04,0.85,15.44,6.84,-22.03,52.84,148.50,-33.15,1
a,2022-10-04 11:13:28.438106,0.37,-0.09,0.82,16.30,6.96,-21.61,52.84,148.50,-33.15,1
a,2022-10-04 11:13:28.457772,0.37,-0.14,0.81,17.27,6.16,-21.42,52.84,148.50,-33.15,1
a,2022-10-04 11:13:28.476912,0.34,-0.22,0.80,14.10,4.58,-18.92,47.46,148.99,-31.45,1
a,2022-10-04 11:13:28.495228,0.35,-0.19,0.85,12.94,1.16,-13.12,47.46,148.99,-31.45,1
a,2022-10-04 11:13:28.514628,0.34,-0.16,0.86,11.41,1.53,-13.37,43.31,149.96,-31.04,1
a,2022-10-04 11:13:28.533703,0.33,-0.12,0.89,2.87,0.92,-19.04,43.31,149.96,-31.04,1
a,2022-10-04 11:13:28.553417,0.31,-0.11,0.90,4.39,-0.92,-18.80,43.31,149.96,-31.04,1
a,2022-10-04 11:13:28.572588,0.30,-0.15,0.88,8.06,-1.95,-15.63,39.82,151.10,-29.46,1
a,2022-10-04 11:13:28.591152,0.26,-0.18,0.91,9.83,-2.50,-8.54,39.82,151.10,-29.46,1
a,2022-10-04 11:13:28.611870,0.32,-0.16,0.87,5.86,-0.43,-6.96,38.13,151.87,-28.66,1
a,2022-10-04 11:13:28.630813,0.34,-0.12,0.88,6.29,-3.05,-8.30,38.13,151.87,-28.66,1
a,2022-10-04 11:13:28.648882,0.31,-0.16,0.86,6.65,-6.47,-8.54,38.13,151.87,-28.66,1
a,2022-10-04 11:13:28.670029,0.30,-0.18,0.86,7.87,-8.61,-4.94,35.52,152.62,-30.00,1
a,2022-10-04 11:13:28.689267,0.31,-0.18,0.86,8.18,-13.92,1.89,35.52,152.62,-30.00,1
a,2022-10-04 11:13:28.708033,0.31,-0.13,0.91,5.62,-12.88,0.12,35.52,152.62,-30.00,1
a,2022-10-04 11:13:28.727718,0.31,-0.14,0.91,2.44,-8.54,-5.43,35.10,153.03,-30.24,1
a,2022-10-04 11:13:28.749409,0.24,-0.16,0.99,-1.40,-1.89,-5.19,35.10,153.03,-30.24,1
a,2022-10-04 11:13:28.770372,0.04,-0.22,1.05,0.24,0.37,-1.28,34.38,153.67,-29.63,1
a,2022-10-04 11:13:28.788994,0.32,-0.11,1.01,-12.94,-3.60,-0.24,34.38,153.67,-29.63,1
a,2022-10-04 11:13:28.807904,0.30,-0.15,0.90,5.25,2.32,1.83,34.38,153.67,-29.63,1
a,2022-10-04 11:13:28.827563,0.30,-0.19,0.88,6.59,1.83,2.50,34.39,154.00,-29.99,1
a,2022-10-04 11:13:28.846980,0.27,-0.21,0.86,-9.16,-1.46,-0.24,34.39,154.00,-29.99,1
a,2022-10-04 11:13:28.866459,0.33,-0.23,0.87,-11.29,-0.06,5.62,35.21,153.88,-29.42,1
a,2022-10-04 11:13:28.885601,0.22,-0.19,0.85,13.06,4.64,21.55,35.21,153.88,-29.42,1
a,2022-10-04 11:13:28.904532,0.26,-0.13,0.87,-14.16,-3.05,11.72,35.21,153.88,-29.42,1
a,2022-10-04 11:13:28.924856,0.27,-0.15,0.85,-4.27,-3.78,17.46,38.33,154.99,-30.33,1
a,2022-10-04 11:13:28.942897,0.26,-0.16,0.79,4.82,-6.04,31.49,38.33,154.99,-30.33,1
a,2022-10-04 11:13:28.964472,0.24,-0.06,0.83,3.54,-6.04,28.50,42.68,155.36,-28.92,1
a,2022-10-04 11:13:28.981844,0.27,-0.01,0.84,-1.10,-5.25,24.84,42.68,155.36,-28.92,1
a,2022-10-04 11:13:29.001723,0.26,0.02,0.87,-1.28,-2.99,17.76,42.68,155.36,-28.92,1
a,2022-10-04 11:13:29.021101,0.26,0.04,0.89,7.69,-3.72,16.78,46.89,155.09,-29.74,1
a,2022-10-04 11:13:29.040736,0.23,-0.04,0.80,20.32,-7.93,21.97,46.89,155.09,-29.74,1
a,2022-10-04 11:13:29.060953,0.25,-0.02,0.81,20.94,-16.30,26.00,49.73,154.27,-30.00,1
a,2022-10-04 11:13:29.080091,0.26,-0.00,0.86,12.88,-10.99,17.82,49.73,154.27,-30.00,1
a,2022-10-04 11:13:29.098748,0.25,-0.07,0.84,3.97,-12.02,13.67,49.73,154.27,-30.00,1
a,2022-10-04 11:13:29.119118,0.31,0.01,1.00,-0.06,-9.28,8.79,51.05,151.90,-32.60,1
a,2022-10-04 11:13:29.138651,0.30,-0.02,1.04,1.34,-7.93,5.68,51.05,151.90,-32.60,1
a,2022-10-04 11:13:29.156310,0.32,-0.01,1.07,-4.39,-11.35,-0.55,51.05,151.90,-32.60,1
a,2022-10-04 11:13:29.177228,0.34,0.03,1.07,-9.34,-11.23,-10.19,49.69,149.74,-33.53,1
a,2022-10-04 11:13:29.196872,0.34,-0.08,1.08,-2.93,-7.39,-10.31,49.69,149.74,-33.53,1
a,2022-10-04 11:13:29.217099,0.33,-0.12,1.03,6.96,-1.04,-7.81,46.79,149.08,-34.36,1
a,2022-10-04 11:13:29.236261,0.31,-0.11,1.02,-0.79,-0.12,-10.25,46.79,149.08,-34.36,1
a,2022-10-04 11:13:29.254333,0.31,-0.14,1.00,-10.86,0.79,-17.70,46.79,149.08,-34.36,1
a,2022-10-04 11:13:29.274700,0.32,-0.03,1.04,-16.42,3.97,-23.62,43.02,149.00,-34.47,1
a,2022-10-04 11:13:29.294344,0.33,0.02,1.04,-15.87,8.73,-30.09,43.02,149.00,-34.47,1
a,2022-10-04 11:13:29.314610,0.30,-0.09,1.01,1.40,8.61,-22.09,39.64,150.12,-34.03,1
a,2022-10-04 11:13:29.333158,0.30,-0.14,0.98,7.32,10.74,-18.86,39.64,150.12,-34.03,1
a,2022-10-04 11:13:29.351530,0.30,-0.17,0.97,13.12,10.38,-10.13,39.64,150.12,-34.03,1
a,2022-10-04 11:13:29.371467,0.24,-0.28,0.85,19.41,15.75,-6.53,36.32,150.31,-32.48,1
a,2022-10-04 11:13:29.390416,0.27,-0.23,0.90,3.36,4.27,-1.46,36.32,150.31,-32.48,1
a,2022-10-04 11:13:29.411140,0.26,-0.25,0.86,4.76,10.86,-3.72,35.40,150.77,-32.31,1
a,2022-10-04 11:13:29.429093,0.34,-0.25,0.94,-4.21,7.20,-6.53,35.40,150.77,-32.31,1
a,2022-10-04 11:13:29.448029,0.21,-0.13,0.84,-2.50,8.18,-4.21,35.40,150.77,-32.31,1
a,2022-10-04 11:13:29.468409,0.30,-0.08,0.89,-13.85,-1.40,-4.82,34.84,151.60,-31.31,1
a,2022-10-04 11:13:29.488580,0.20,-0.11,0.81,3.36,2.14,3.11,34.84,151.60,-31.31,1
a,2022-10-04 11:13:29.510153,0.24,-0.08,0.82,-11.29,-6.71,1.53,35.18,151.98,-31.67,1
a,2022-10-04 11:13:29.530713,0.25,0.01,0.83,-14.89,-8.79,-1.71,35.18,151.98,-31.67,1
a,2022-10-04 11:13:29.550305,0.27,-0.02,0.85,16.72,7.39,7.32,35.18,151.98,-31.67,1
a,2022-10-04 11:13:29.569036,0.28,-0.03,0.87,36.80,17.94,13.67,35.33,151.38,-32.15,1
a,2022-10-04 11:13:29.588338,0.16,-0.19,0.74,42.18,7.20,20.87,35.33,151.38,-32.15,1
a,2022-10-04 11:13:29.607976,0.28,-0.12,0.86,2.32,-13.85,9.58,35.83,151.17,-29.60,1
a,2022-10-04 11:13:29.626743,0.24,-0.09,0.81,3.23,-12.15,6.96,35.83,151.17,-29.60,1
a,2022-10-04 11:13:29.646816,0.31,-0.09,0.90,-8.67,-11.90,0.79,35.83,151.17,-29.60,1
a,2022-10-04 11:13:29.667001,0.29,-0.01,0.95,-15.63,-10.99,-2.87,35.24,150.62,-31.49,1
a,2022-10-04 11:13:29.687311,0.34,0.03,1.04,-6.16,-8.85,-2.14,35.24,150.62,-31.49,1
a,2022-10-04 11:13:29.706296,0.31,-0.04,1.01,4.33,-9.46,0.31,34.19,148.40,-31.64,1
a,2022-10-04 11:13:29.725574,0.31,-0.10,1.02,2.69,-12.94,-2.99,34.19,148.40,-31.64,1
a,2022-10-04 11:13:29.745048,0.31,-0.13,0.97,-13.73,-9.46,-13.18,34.19,148.40,-31.64,1
a,2022-10-04 11:13:29.764906,0.34,-0.22,1.02,-20.26,-4.70,-17.58,31.70,147.05,-32.95,1
a,2022-10-04 11:13:29.783110,0.34,-0.33,1.02,-6.77,2.50,-5.19,31.70,147.05,-32.95,1
a,2022-10-04 11:13:29.801315,0.31,-0.29,0.97,9.09,6.23,11.78,31.70,147.05,-32.95,1
a,2022-10-04 11:13:29.822342,0.30,-0.22,0.96,-20.51,-1.28,-4.52,31.86,146.94,-31.95,1
a,2022-10-04 11:13:29.841088,0.29,-0.14,0.97,-40.89,-7.75,-16.36,31.86,146.94,-31.95,1
a,2022-10-04 11:13:29.861357,0.27,-0.04,0.96,-45.65,-16.36,-25.33,31.26,146.52,-34.83,1
a,2022-10-04 11:13:29.881489,0.25,0.01,0.95,-34.42,-18.86,-23.93,31.26,146.52,-34.83,1
a,2022-10-04 11:13:29.899895,0.24,0.03,0.93,-10.44,-14.71,-12.94,31.26,146.52,-34.83,1
a,2022-10-04 11:13:29.918838,0.24,0.04,0.93,2.99,-7.75,-5.00,30.32,148.11,-34.64,1
a,2022-10-04 11:13:29.937797,0.22,0.02,0.92,22.46,-0.55,3.78,30.32,148.11,-34.64,1
a,2022-10-04 11:13:29.957587,0.08,0.15,1.10,21.00,17.27,7.45,31.03,147.36,-35.00,1
a,2022-10-04 11:13:29.976156,0.21,0.10,1.04,0.98,34.24,1.34,31.03,147.36,-35.00,1
a,2022-10-04 11:13:29.994895,0.30,0.18,1.09,12.51,34.18,3.42,31.03,147.36,-35.00,1
a,2022-10-04 11:13:30.014689,0.35,0.11,1.04,21.30,31.74,-6.10,29.96,145.62,-34.39,1
a,2022-10-04 11:13:30.033253,0.39,-0.02,0.97,17.88,25.51,-19.35,29.96,145.62,-34.39,1
a,2022-10-04 11:13:30.051781,0.40,-0.03,0.91,14.16,21.24,-22.16,29.96,145.62,-34.39,1
a,2022-10-04 11:13:30.071782,0.40,-0.08,0.85,16.91,15.20,-19.23,27.81,143.63,-32.79,1
a,2022-10-04 11:13:30.090801,0.32,-0.20,0.86,21.24,10.93,-10.50,27.81,143.63,-32.79,1
a,2022-10-04 11:13:30.110873,0.36,-0.19,0.81,19.35,11.78,-6.77,24.73,142.58,-33.92,1
a,2022-10-04 11:13:30.129915,0.40,-0.19,0.80,15.50,9.70,-8.85,24.73,142.58,-33.92,1
a,2022-10-04 11:13:30.148312,0.39,-0.20,0.80,9.03,6.35,-16.60,24.73,142.58,-33.92,1
a,2022-10-04 11:13:30.168846,0.36,-0.23,0.79,3.36,4.21,-20.45,22.07,142.55,-32.31,1
a,2022-10-04 11:13:30.188767,0.31,-0.21,0.82,2.62,1.28,-15.93,22.07,142.55,-32.31,1
a,2022-10-04 11:13:30.207831,0.36,-0.14,0.84,1.10,-1.53,-11.41,19.70,142.13,-32.51,1
a,2022-10-04 11:13:30.226505,0.34,-0.13,0.88,3.48,-4.46,-12.21,19.70,142.13,-32.51,1
a,2022-10-04 11:13:30.246444,0.33,-0.15,0.89,4.46,-5.92,-13.67,19.70,142.13,-32.51,1
a,2022-10-04 11:13:30.266684,0.31,-0.20,0.89,2.87,-5.00,-14.28,17.90,141.59,-32.30,1
a,2022-10-04 11:13:30.284826,0.28,-0.22,0.90,6.29,-6.41,-8.42,17.90,141.59,-32.30,1
a,2022-10-04 11:13:30.305136,0.32,-0.25,0.86,11.78,-10.01,0.92,16.28,141.52,-30.36,1
a,2022-10-04 11:13:30.323886,0.28,-0.24,0.92,12.33,-10.19,2.32,16.28,141.52,-30.36,1
a,2022-10-04 11:13:30.342294,0.04,-0.21,0.86,4.27,-5.00,-3.60,16.28,141.52,-30.36,1
a,2022-10-04 11:13:30.362864,0.32,-0.28,0.90,-37.78,1.16,-7.14,16.74,141.16,-32.32,1
a,2022-10-04 11:13:30.382165,0.33,-0.14,0.96,-28.14,-5.62,-9.77,16.74,141.16,-32.32,1
a,2022-10-04 11:13:30.399922,0.32,-0.14,0.94,-24.17,-11.41,-9.22,16.74,141.16,-32.32,1
a,2022-10-04 11:13:30.420976,0.30,-0.15,0.92,-24.60,-11.23,-9.89,15.67,141.35,-31.90,1
a,2022-10-04 11:13:30.439229,0.24,0.02,0.78,37.29,27.95,16.66,15.67,141.35,-31.90,1
a,2022-10-04 11:13:30.459690,0.30,-0.26,0.85,-12.39,-1.77,-4.21,15.70,140.39,-33.20,1
a,2022-10-04 11:13:30.477982,0.24,-0.08,0.80,24.29,16.72,16.97,15.70,140.39,-33.20,1
a,2022-10-04 11:13:30.496685,0.28,-0.21,0.88,3.05,4.15,11.41,15.70,140.39,-33.20,1
a,2022-10-04 11:13:30.516970,0.25,-0.31,0.85,38.82,6.23,32.78,16.50,141.93,-32.47,1
a,2022-10-04 11:13:30.535615,0.27,-0.29,0.83,15.75,-3.17,28.99,16.50,141.93,-32.47,1
a,2022-10-04 11:13:30.555055,0.28,-0.24,0.84,21.30,-8.30,38.39,19.21,143.66,-31.76,1
a,2022-10-04 11:13:30.574420,0.27,-0.23,0.82,25.82,-10.19,42.42,19.21,143.66,-31.76,1
a,2022-10-04 11:13:30.593473,0.30,-0.07,0.83,3.36,-8.67,28.08,19.21,143.66,-31.76,1
a,2022-10-04 11:13:30.612942,0.33,0.15,0.96,-25.39,-5.98,4.33,22.28,144.62,-31.43,1
a,2022-10-04 11:13:30.631802,0.29,0.14,0.93,-24.54,-1.59,-8.06,22.28,144.62,-31.43,1
a,2022-10-04 11:13:30.649731,0.27,0.09,0.91,15.63,-7.39,9.09,22.28,144.62,-31.43,1
a,2022-10-04 11:13:30.668571,0.28,0.02,0.87,34.24,-10.56,15.93,22.69,145.19,-30.29,1
a,2022-10-04 11:13:30.687308,0.27,-0.08,0.84,34.55,-11.29,15.26,22.69,145.19,-30.29,1
a,2022-10-04 11:13:30.706732,0.29,-0.15,0.87,21.48,-9.40,9.16,23.18,144.93,-29.74,1
a,2022-10-04 11:13:30.726272,0.30,-0.10,0.92,-10.13,-11.90,-2.20,23.18,144.93,-29.74,1
a,2022-10-04 11:13:30.745413,0.30,-0.08,0.92,-8.12,-9.95,-2.08,23.18,144.93,-29.74,1
a,2022-10-04 11:13:30.764882,0.31,-0.10,0.99,-4.21,-9.34,-0.85,23.32,143.80,-29.20,1
a,2022-10-04 11:13:30.783149,0.34,-0.11,0.99,-3.66,-10.74,-2.69,23.32,143.80,-29.20,1
a,2022-10-04 11:13:30.804327,0.32,-0.14,1.04,0.61,-7.08,-3.11,22.64,142.92,-29.82,1
a,2022-10-04 11:13:30.822570,0.31,-0.10,1.00,-5.43,-5.37,-8.42,22.64,142.92,-29.82,1
a,2022-10-04 11:13:30.840669,0.33,-0.11,1.04,-9.89,-5.00,-13.67,22.64,142.92,-29.82,1
a,2022-10-04 11:13:30.859560,0.32,-0.12,1.01,-9.22,-1.83,-16.60,21.75,141.97,-30.85,1
a,2022-10-04 11:13:30.878761,0.32,-0.13,0.99,-5.19,-0.31,-13.85,21.75,141.97,-30.85,1
a,2022-10-04 11:13:30.896914,0.32,-0.14,1.01,-3.85,-0.31,-13.49,21.75,141.97,-30.85,1
a,2022-10-04 11:13:30.916025,0.37,-0.04,1.07,-14.53,2.32,-21.18,20.14,142.03,-29.71,1
a,2022-10-04 11:13:30.933790,0.30,-0.17,0.99,-7.69,8.79,-24.54,20.14,142.03,-29.71,1
a,2022-10-04 11:13:30.953122,0.34,-0.10,1.04,-7.87,8.79,-20.20,18.58,141.08,-30.66,1
a,2022-10-04 11:13:30.970153,0.32,-0.16,0.98,5.49,10.38,-13.12,18.58,141.08,-30.66,1
a,2022-10-04 11:13:30.988606,0.31,-0.26,0.98,13.37,6.35,-6.04,18.58,141.08,-30.66,1
a,2022-10-04 11:13:31.010840,0.32,-0.21,0.93,18.86,13.37,-1.89,17.21,141.21,-30.41,1
a,2022-10-04 11:13:31.027788,0.30,-0.39,0.83,16.72,12.45,-1.46,17.21,141.21,-30.41,1
a,2022-10-04 11:13:31.046242,0.27,-0.27,0.82,-10.50,6.53,-5.31,17.21,141.21,-30.41,1
a,2022-10-04 11:13:31.066635,0.32,-0.23,0.88,-17.15,5.86,-6.90,17.07,140.65,-31.36,1
a,2022-10-04 11:13:31.085804,0.22,-0.12,0.80,-12.02,3.85,-5.74,17.07,140.65,-31.36,1
a,2022-10-04 11:13:31.105659,0.28,-0.11,0.85,-7.08,-0.12,-5.13,16.66,141.38,-32.74,1
a,2022-10-04 11:13:31.125032,0.27,-0.09,0.82,0.12,-0.79,-3.91,16.66,141.38,-32.74,1
a,2022-10-04 11:13:31.143517,0.25,-0.09,0.83,6.90,1.16,-0.73,16.66,141.38,-32.74,1
a,2022-10-04 11:13:31.164005,0.29,-0.06,0.87,26.00,13.37,7.08,17.07,141.80,-31.64,1
a,2022-10-04 11:13:31.181720,0.29,-0.08,0.88,46.20,19.65,15.01,17.07,141.80,-31.64,1
a,2022-10-04 11:13:31.200402,0.17,-0.16,0.71,60.79,18.37,21.00,17.07,141.80,-31.64,1
a,2022-10-04 11:13:31.218908,0.24,-0.18,0.80,6.71,-18.25,-0.31,16.92,142.15,-29.36,1
a,2022-10-04 11:13:31.239295,0.28,-0.23,0.83,4.58,-15.38,-4.15,16.92,142.15,-29.36,1
a,2022-10-04 11:13:31.260564,0.25,-0.26,0.80,-8.48,-15.08,-6.59,17.37,141.53,-29.15,1
a,2022-10-04 11:13:31.279094,0.32,-0.13,0.92,-26.43,-18.07,-5.86,17.37,141.53,-29.15,1
a,2022-10-04 11:13:31.298900,0.36,-0.04,0.98,-13.55,-9.64,-2.26,17.37,141.53,-29.15,1
a,2022-10-04 11:13:31.318883,0.31,-0.05,1.00,-2.87,-12.02,-1.28,17.29,140.31,-29.97,1
a,2022-10-04 11:13:31.339721,0.35,-0.02,1.07,3.17,-13.00,-1.22,17.29,140.31,-29.97,1
a,2022-10-04 11:13:31.358933,0.37,-0.13,1.05,22.34,-6.04,-0.79,17.68,140.00,-29.09,1
a,2022-10-04 11:13:31.379158,0.36,-0.27,1.06,-8.18,-11.11,-19.23,17.68,140.00,-29.09,1
a,2022-10-04 11:13:31.398143,0.31,-0.39,0.96,7.02,-4.15,-12.76,17.68,140.00,-29.09,1
a,2022-10-04 11:13:31.416335,0.28,-0.40,0.90,23.01,6.29,9.52,17.68,138.89,-27.83,1
a,2022-10-04 11:13:31.436248,0.29,-0.34,0.94,-20.39,0.73,-13.24,17.68,138.89,-27.83,1
a,2022-10-04 11:13:31.455770,0.30,-0.22,0.97,-44.86,-5.62,-30.82,16.89,139.16,-28.21,1
a,2022-10-04 11:13:31.473976,0.28,-0.14,0.97,-44.01,-15.14,-39.31,16.89,139.16,-28.21,1
a,2022-10-04 11:13:31.492928,0.25,-0.11,0.92,-30.76,-16.36,-37.29,16.89,139.16,-28.21,1
a,2022-10-04 11:13:31.514026,0.23,-0.17,0.89,-21.30,-11.66,-35.58,14.88,139.94,-30.82,1
a,2022-10-04 11:13:31.532259,0.03,-0.54,1.03,3.66,-5.74,-5.13,14.88,139.94,-30.82,1
a,2022-10-04 11:13:31.551077,-0.03,-0.58,0.93,-31.13,29.91,7.39,16.11,139.54,-31.14,1
a,2022-10-04 11:13:31.569759,0.19,-0.50,0.76,-45.59,39.98,8.18,16.11,139.54,-31.14,1
a,2022-10-04 11:13:31.588594,0.12,-0.48,0.82,-52.00,29.97,8.61,16.11,139.54,-31.14,1
a,2022-10-04 11:13:31.608081,0.12,-0.61,0.77,-39.98,24.29,31.25,21.31,140.49,-33.72,1
a,2022-10-04 11:13:31.627519,0.23,-0.61,0.73,-35.22,21.18,48.65,21.31,140.49,-33.72,1
a,2022-10-04 11:13:31.646904,0.30,-0.50,0.70,-31.80,15.01,61.46,21.31,140.49,-33.72,1
a,2022-10-04 11:13:31.666160,0.34,-0.32,0.71,-27.47,1.95,66.53,33.41,139.26,-36.35,1
a,2022-10-04 11:13:31.684221,0.31,-0.17,0.80,-13.43,-6.90,75.44,33.41,139.26,-36.35,1
a,2022-10-04 11:13:31.704298,0.22,-0.14,0.86,-1.40,-11.66,82.09,50.39,134.67,-42.18,1
a,2022-10-04 11:13:31.722235,0.23,0.02,0.94,-24.66,-8.24,72.51,50.39,134.67,-42.18,1
a,2022-10-04 11:13:31.741230,0.28,0.17,0.98,-25.70,-4.15,68.24,50.39,134.67,-42.18,1
a,2022-10-04 11:13:31.761499,0.31,0.27,1.00,-15.20,-2.75,66.10,63.51,123.41,-49.71,1
a,2022-10-04 11:13:31.780665,0.36,0.34,1.02,-2.75,-0.37,60.06,63.51,123.41,-49.71,1
a,2022-10-04 11:13:31.802168,0.31,0.41,1.02,1.40,2.14,54.26,69.46,112.45,-51.35,1
a,2022-10-04 11:13:31.819383,0.35,0.51,1.01,0.67,7.20,44.13,69.46,112.45,-51.35,1
a,2022-10-04 11:13:31.838232,0.45,0.59,0.99,12.51,5.92,37.60,69.46,112.45,-51.35,1
a,2022-10-04 11:13:31.858447,0.41,0.52,0.96,27.77,3.48,30.82,72.66,104.19,-52.48,1
a,2022-10-04 11:13:31.877150,0.38,0.44,0.99,25.57,1.28,13.61,72.66,104.19,-52.48,1
a,2022-10-04 11:13:31.895380,0.33,0.37,0.98,16.54,8.24,2.20,72.66,104.19,-52.48,1
a,2022-10-04 11:13:31.915832,0.36,0.36,0.95,5.25,11.66,-7.57,74.56,98.57,-50.44,1
a,2022-10-04 11:13:31.933971,0.36,0.37,0.97,5.55,9.64,-11.29,74.56,98.57,-50.44,1
a,2022-10-04 11:13:31.953417,0.33,0.34,0.99,20.94,6.59,-8.24,77.59,94.76,-48.54,1
a,2022-10-04 11:13:31.971496,0.32,0.27,0.95,21.79,6.35,-12.39,77.59,94.76,-48.54,1
a,2022-10-04 11:13:31.990724,0.31,0.20,0.93,17.88,6.35,-15.26,77.59,94.76,-48.54,1
a,2022-10-04 11:13:32.010517,0.27,0.16,0.95,11.23,6.65,-16.24,80.60,92.53,-46.72,1
a,2022-10-04 11:13:32.028671,0.36,0.21,0.90,1.59,4.88,-21.36,80.60,92.53,-46.72,1
a,2022-10-04 11:13:32.047349,0.36,0.23,0.93,0.31,1.04,-27.10,80.60,92.53,-46.72,1
a,2022-10-04 11:13:32.066033,0.30,0.17,0.95,3.11,0.61,-30.82,85.11,91.72,-44.10,1
a,2022-10-04 11:13:32.083798,0.27,0.10,0.93,4.21,2.93,-24.90,85.11,91.72,-44.10,1
a,2022-10-04 11:13:32.103092,0.33,0.13,0.93,5.92,1.46,-19.65,89.77,92.85,-45.08,1
a,2022-10-04 11:13:32.121046,0.36,0.10,0.90,5.13,-2.26,-23.25,89.77,92.85,-45.08,1
a,2022-10-04 11:13:32.139229,0.33,0.05,0.90,8.85,-5.13,-24.96,89.77,92.85,-45.08,1
a,2022-10-04 11:13:32.159551,0.29,-0.04,0.88,5.49,-4.94,-26.92,95.83,96.01,-45.35,1
a,2022-10-04 11:13:32.179003,0.25,-0.12,0.88,5.80,-6.16,-14.53,95.83,96.01,-45.35,1
a,2022-10-04 11:13:32.196992,0.26,-0.08,0.92,11.84,-7.75,-1.40,95.83,96.01,-45.35,1
a,2022-10-04 11:13:32.216501,0.29,-0.02,0.92,4.27,-3.05,-5.49,102.60,98.62,-45.87,1
a,2022-10-04 11:13:32.236229,0.33,-0.05,0.94,-0.85,-2.69,-12.76,102.60,98.62,-45.87,1
a,2022-10-04 11:13:32.255593,0.29,-0.04,0.97,-4.21,-2.08,-15.69,108.17,99.60,-44.73,1
a,2022-10-04 11:13:32.274430,0.27,-0.04,0.96,3.66,-0.98,-8.30,108.17,99.60,-44.73,1
a,2022-10-04 11:13:32.293955,0.29,-0.08,0.92,12.33,-1.04,0.37,108.17,99.60,-44.73,1
a,2022-10-04 11:13:32.313718,0.33,-0.10,0.88,16.60,-4.39,7.51,114.04,99.18,-44.62,1
a,2022-10-04 11:13:32.332605,0.27,-0.28,0.94,-11.23,9.64,2.26,114.04,99.18,-44.62,1
a,2022-10-04 11:13:32.352420,0.30,-0.20,0.91,-15.01,10.25,9.64,117.86,95.17,-41.89,1
a,2022-10-04 11:13:32.370870,0.27,-0.16,0.80,18.98,1.04,35.46,117.86,95.17,-41.89,1
a,2022-10-04 11:13:32.390667,0.22,-0.10,0.80,17.33,-15.08,35.64,117.86,95.17,-41.89,1
a,2022-10-04 11:13:32.409845,0.21,-0.14,0.73,9.34,-12.33,31.68,118.65,85.24,-40.53,1
a,2022-10-04 11:13:32.428789,0.24,0.02,0.75,-5.98,-7.32,20.45,118.65,85.24,-40.53,1
a,2022-10-04 11:13:32.449200,0.20,0.19,0.87,-30.21,-4.46,7.39,116.44,76.48,-40.28,1
a,2022-10-04 11:13:32.466587,0.21,0.20,0.88,-26.25,-6.10,7.69,116.44,76.48,-40.28,1
a,2022-10-04 11:13:32.484882,0.24,0.27,0.93,-17.82,-14.77,10.31,116.44,76.48,-40.28,1
a,2022-10-04 11:13:32.504630,0.24,0.27,0.94,-8.54,-16.66,7.02,111.40,74.74,-45.45,1
a,2022-10-04 11:13:32.524056,0.26,0.30,0.99,-8.73,-15.69,1.40,111.40,74.74,-45.45,1
a,2022-10-04 11:13:32.542627,0.26,0.28,1.03,-6.84,-14.04,-2.81,111.40,74.74,-45.45,1
a,2022-10-04 11:13:32.563016,0.28,0.24,1.06,-5.43,-11.35,-5.68,106.53,81.02,-49.93,1
a,2022-10-04 11:13:32.582020,0.33,0.20,1.12,2.69,-7.87,-6.41,106.53,81.02,-49.93,1
a,2022-10-04 11:13:32.601227,0.35,0.13,1.15,5.43,-4.15,-10.68,102.28,92.29,-55.64,1
a,2022-10-04 11:13:32.619340,0.37,0.06,1.14,4.09,1.34,-19.90,102.28,92.29,-55.64,1
a,2022-10-04 11:13:32.638596,0.36,-0.07,1.11,10.62,4.70,-18.19,102.28,92.29,-55.64,1
a,2022-10-04 11:13:32.658876,0.37,-0.09,1.08,13.67,6.47,-13.43,100.37,101.33,-58.36,1
a,2022-10-04 11:13:32.677473,0.38,-0.08,1.06,12.21,11.23,-11.41,100.37,101.33,-58.36,1
a,2022-10-04 11:13:32.696533,0.34,-0.17,0.99,18.92,12.70,-4.64,100.37,101.33,-58.36,1
a,2022-10-04 11:13:32.716433,0.32,-0.15,0.96,23.86,11.41,2.38,100.94,105.57,-56.91,1
a,2022-10-04 11:13:32.734698,0.31,-0.11,0.96,20.75,14.10,2.56,100.94,105.57,-56.91,1
a,2022-10-04 11:13:32.755067,0.30,-0.09,0.93,11.11,17.76,-3.05,106.20,105.65,-53.66,1
a,2022-10-04 11:13:32.773482,0.30,-0.05,0.90,3.17,19.84,-7.08,106.20,105.65,-53.66,1
a,2022-10-04 11:13:32.792708,0.28,-0.00,0.89,5.74,16.66,-5.68,106.20,105.65,-53.66,1
a,2022-10-04 11:13:32.812694,0.25,-0.02,0.84,19.65,10.62,2.81,111.95,104.03,-49.61,1
a,2022-10-04 11:13:32.830727,0.23,-0.10,0.76,27.34,3.11,8.97,111.95,104.03,-49.61,1
a,2022-10-04 11:13:32.852223,0.21,-0.11,0.72,21.85,-3.48,8.85,114.58,100.73,-46.34,1
a,2022-10-04 11:13:32.870314,0.18,-0.06,0.71,-6.23,-8.61,-1.71,114.58,100.73,-46.34,1
a,2022-10-04 11:13:32.889561,0.24,0.10,0.82,-22.34,-3.48,-14.53,114.58,100.73,-46.34,1
a,2022-10-04 11:13:32.909380,0.17,-0.11,0.65,25.88,1.77,8.48,114.66,101.03,-45.73,1
a,2022-10-04 11:13:32.928170,0.20,0.04,0.75,5.43,-17.88,5.19,114.66,101.03,-45.73,1
a,2022-10-04 11:13:32.947739,0.21,-0.01,0.73,3.23,-19.90,2.99,111.74,103.47,-50.17,1
a,2022-10-04 11:13:32.966637,0.20,-0.01,0.79,-10.19,-24.60,-1.22,111.74,103.47,-50.17,1
a,2022-10-04 11:13:32.984912,0.22,0.05,0.88,-21.73,-22.52,-4.88,111.74,103.47,-50.17,1
a,2022-10-04 11:13:33.005000,0.27,0.12,0.97,-30.27,-19.53,-7.81,103.86,107.28,-56.43,1
a,2022-10-04 11:13:33.023149,0.31,0.18,1.07,-23.99,-10.38,-5.98,103.86,107.28,-56.43,1
a,2022-10-04 11:13:33.042761,0.37,0.25,1.20,-27.65,-12.51,-10.31,103.86,107.28,-56.43,1
a,2022-10-04 11:13:33.062712,0.36,0.20,1.21,1.53,-5.25,-6.41,94.20,111.50,-63.12,1
a,2022-10-04 11:13:33.082124,0.37,0.05,1.18,23.80,-3.78,-14.40,94.20,111.50,-63.12,1
a,2022-10-04 11:13:33.102063,0.33,-0.22,1.03,41.32,-6.41,-13.55,87.34,117.04,-64.31,1
a,2022-10-04 11:13:33.120358,0.29,-0.35,0.94,54.32,-14.10,-5.98,87.34,117.04,-64.31,1
a,2022-10-04 11:13:33.139733,0.21,-0.36,0.85,29.30,-21.67,-8.48,87.34,117.04,-64.31,1
a,2022-10-04 11:13:33.159929,-0.22,-0.49,1.11,-21.00,-16.97,-19.23,84.01,121.26,-65.71,1
a,2022-10-04 11:13:33.178316,-0.09,-0.39,0.98,-53.65,56.34,11.35,84.01,121.26,-65.71,1
a,2022-10-04 11:13:33.198836,0.56,0.34,0.93,-54.93,65.06,22.22,83.63,113.67,-60.30,1
a,2022-10-04 11:13:33.218062,0.43,0.28,1.02,-14.47,41.81,10.50,83.63,113.67,-60.30,1
a,2022-10-04 11:13:33.236321,0.38,0.18,1.00,-0.49,29.91,0.18,83.63,113.67,-60.30,1
a,2022-10-04 11:13:33.256892,0.47,0.26,0.90,4.70,18.98,-8.24,83.29,110.86,-56.12,1
a,2022-10-04 11:13:33.275971,0.48,0.23,0.85,13.92,8.24,-10.80,83.29,110.86,-56.12,1
a,2022-10-04 11:13:33.294301,0.41,0.17,0.86,16.72,-1.83,-16.54,83.29,110.86,-56.12,1
a,2022-10-04 11:13:33.314801,0.31,0.07,0.89,21.73,-7.08,-13.18,82.24,112.85,-56.03,1
a,2022-10-04 11:13:33.333256,0.32,0.01,0.88,18.07,-4.15,-15.01,82.24,112.85,-56.03,1
a,2022-10-04 11:13:33.352232,0.35,-0.03,0.86,13.43,-2.01,-17.27,80.62,117.00,-58.25,1
a,2022-10-04 11:13:33.370383,0.34,-0.11,0.87,8.91,-3.36,-21.42,80.62,117.00,-58.25,1
a,2022-10-04 11:13:33.389582,0.31,-0.17,0.91,10.93,-2.62,-19.29,80.62,117.00,-58.25,1
a,2022-10-04 11:13:33.408715,0.28,-0.19,0.95,4.58,0.06,-18.74,77.64,120.13,-59.70,1
a,2022-10-04 11:13:33.427691,0.30,-0.14,1.00,5.43,5.13,-11.17,77.64,120.13,-59.70,1
a,2022-10-04 11:13:33.447572,0.33,-0.08,1.01,9.89,5.86,-10.38,77.01,122.61,-59.81,1
a,2022-10-04 11:13:33.466395,0.35,-0.08,0.99,12.27,6.35,-11.35,77.01,122.61,-59.81,1
a,2022-10-04 11:13:33.485175,0.34,-0.14,0.94,15.26,6.84,-9.34,77.01,122.61,-59.81,1
a,2022-10-04 11:13:33.504937,0.36,-0.14,0.91,11.11,7.39,-7.63,76.65,123.73,-58.74,1
a,2022-10-04 11:13:33.523844,0.38,-0.08,0.90,4.15,7.39,-10.25,76.65,123.73,-58.74,1
a,2022-10-04 11:13:33.542719,0.37,-0.07,0.90,-0.49,4.88,-14.28,76.65,123.73,-58.74,1
a,2022-10-04 11:13:33.562534,0.32,-0.12,0.88,3.23,4.82,-9.89,78.30,125.18,-58.33,1
a,2022-10-04 11:13:33.581429,0.31,-0.11,0.91,2.99,4.76,-5.62,78.30,125.18,-58.33,1
a,2022-10-04 11:13:33.600089,0.37,-0.05,0.88,0.79,5.43,-7.93,79.58,126.81,-58.08,1
a,2022-10-04 11:13:33.618229,0.38,-0.06,0.86,2.69,1.83,-11.29,79.58,126.81,-58.08,1
a,2022-10-04 11:13:33.637323,0.33,-0.08,0.86,6.35,-0.73,-12.39,79.58,126.81,-58.08,1
a,2022-10-04 11:13:33.657435,0.30,-0.10,0.87,4.58,-0.98,-11.41,81.27,128.43,-56.95,1
a,2022-10-04 11:13:33.676496,0.37,-0.07,0.84,3.30,-0.43,-8.00,81.27,128.43,-56.95,1
a,2022-10-04 11:13:33.695686,0.40,-0.07,0.84,5.00,-3.72,-9.89,81.34,130.20,-58.30,1
a,2022-10-04 11:13:33.714335,0.40,-0.12,0.85,4.21,-5.98,-14.16,81.34,130.20,-58.30,1
a,2022-10-04 11:13:33.733604,0.30,-0.15,0.91,3.30,-8.54,-13.92,81.34,130.20,-58.30,1
a,2022-10-04 11:13:33.753891,0.24,-0.34,0.78,6.84,18.31,7.81,83.00,133.11,-59.89,1
a,2022-10-04 11:13:33.771814,0.37,-0.15,1.00,-17.58,3.30,7.39,83.00,133.11,-59.89,1
a,2022-10-04 11:13:33.789657,0.39,-0.19,0.89,13.31,1.22,12.45,83.00,133.11,-59.89,1
a,2022-10-04 11:13:33.808757,0.31,-0.30,0.84,17.33,-3.42,17.52,84.44,132.28,-59.66,1
a,2022-10-04 11:13:33.828017,0.29,-0.34,0.77,16.42,-4.76,27.40,84.44,132.28,-59.66,1
a,2022-10-04 11:13:33.847883,0.31,-0.25,0.76,7.39,-7.51,32.29,88.21,129.98,-58.80,1
a,2022-10-04 11:13:33.866544,0.26,-0.17,0.80,-1.77,-6.53,29.05,88.21,129.98,-58.80,1
a,2022-10-04 11:13:33.885236,0.24,-0.17,0.76,1.34,-8.00,31.80,88.21,129.98,-58.80,1
a,2022-10-04 11:13:33.905232,0.25,-0.06,0.79,-11.72,-16.36,27.34,90.70,126.43,-59.70,1
a,2022-10-04 11:13:33.924209,0.23,0.05,0.81,-16.48,-15.32,23.44,90.70,126.43,-59.70,1
a,2022-10-04 11:13:33.943364,0.27,0.12,0.87,-22.83,-16.17,16.60,90.70,126.43,-59.70,1
a,2022-10-04 11:13:33.962491,0.26,0.15,0.93,-21.61,-14.77,9.16,89.61,124.12,-61.87,1
a,2022-10-04 11:13:33.981288,0.27,0.14,0.95,-13.61,-18.55,9.28,0.00,0.00,0.00,1
a,2022-10-04 11:13:34.000902,0.30,0.18,0.99,-11.29,-21.91,9.70,84.86,123.33,-65.64,1
a,2022-10-04 11:13:34.019080,0.32,0.18,1.04,-5.62,-17.46,8.06,84.86,123.33,-65.64,1
a,2022-10-04 11:13:34.037280,0.35,0.17,1.09,-4.88,-10.80,-0.37,84.86,123.33,-65.64,1
a,2022-10-04 11:13:34.056600,0.34,0.11,1.12,-6.10,-7.26,-6.23,78.22,123.18,-66.75,1
a,2022-10-04 11:13:34.075656,0.37,0.08,1.13,-7.02,-6.29,-12.27,78.22,123.18,-66.75,1
a,2022-10-04 11:13:34.095023,0.38,0.02,1.11,-0.06,-1.04,-15.87,74.12,124.01,-68.05,1
a,2022-10-04 11:13:34.114766,0.38,-0.05,1.10,5.37,2.56,-14.28,74.12,124.01,-68.05,1
a,2022-10-04 11:13:34.134323,0.38,-0.06,1.09,10.19,7.14,-14.10,74.12,124.01,-68.05,1
a,2022-10-04 11:13:34.153562,0.36,-0.11,1.05,9.77,15.01,-18.62,74.01,125.34,-66.66,1
a,2022-10-04 11:13:34.173283,0.34,-0.17,0.96,9.58,17.46,-17.15,74.01,125.34,-66.66,1
a,2022-10-04 11:13:34.191129,0.33,-0.15,0.93,12.02,15.50,-10.99,74.01,125.34,-66.66,1
a,2022-10-04 11:13:34.211301,0.31,-0.14,0.90,18.62,14.22,-4.76,76.97,127.64,-65.01,1
a,2022-10-04 11:13:34.230921,0.28,-0.19,0.83,18.31,11.47,-1.04,76.97,127.64,-65.01,1
a,2022-10-04 11:13:34.250270,0.28,-0.18,0.82,14.89,10.86,0.43,82.02,129.03,-62.38,1
a,2022-10-04 11:13:34.267476,0.27,-0.15,0.79,3.17,10.93,-2.08,82.02,129.03,-62.38,1
a,2022-10-04 11:13:34.286083,0.25,-0.13,0.78,-0.67,8.12,-3.48,82.02,129.03,-62.38,1
a,2022-10-04 11:13:34.307084,0.24,-0.12,0.77,-4.70,1.95,-3.23,84.97,128.87,-60.29,1
a,2022-10-04 11:13:34.325802,0.25,-0.06,0.79,-15.63,-8.48,-5.98,84.97,128.87,-60.29,1
a,2022-10-04 11:13:34.346870,0.29,0.03,0.85,6.23,0.92,0.24,86.18,129.14,-61.93,1
a,2022-10-04 11:13:34.365922,0.21,-0.24,0.69,38.09,4.39,13.06,86.18,129.14,-61.93,1
a,2022-10-04 11:13:34.384483,0.23,-0.09,0.79,4.27,-17.70,10.25,86.18,129.14,-61.93,1
a,2022-10-04 11:13:34.403990,0.23,-0.12,0.76,-9.34,-18.07,4.64,83.56,128.00,-62.00,1
a,2022-10-04 11:13:34.422563,0.25,-0.07,0.82,-19.90,-23.93,5.00,83.56,128.00,-62.00,1
a,2022-10-04 11:13:34.441567,0.29,0.07,0.96,-28.14,-18.43,-2.81,76.28,127.00,-65.95,1
a,2022-10-04 11:13:34.460915,0.32,0.15,1.01,-33.14,-16.36,-7.75,76.28,127.00,-65.95,1
a,2022-10-04 11:13:34.481608,0.31,0.16,1.07,-25.15,-13.85,-6.84,76.28,127.00,-65.95,1
a,2022-10-04 11:13:34.500369,0.35,0.17,1.11,-3.54,-6.90,-1.46,69.84,125.39,-67.85,1
a,2022-10-04 11:13:34.518233,0.37,0.06,1.12,10.68,-3.23,-3.17,69.84,125.39,-67.85,1
a,2022-10-04 11:13:34.536938,0.35,-0.07,1.08,18.13,0.18,-6.10,69.84,125.39,-67.85,1
a,2022-10-04 11:13:34.557003,0.35,-0.16,1.03,24.96,0.06,-11.54,66.65,125.23,-66.54,1
a,2022-10-04 11:13:34.577353,0.30,-0.43,0.88,34.55,-2.50,-8.73,66.65,125.23,-66.54,1
a,2022-10-04 11:13:34.596776,0.27,-0.40,0.87,40.04,-8.00,-14.83,65.09,127.11,-65.71,1
a,2022-10-04 11:13:34.617077,0.26,-0.18,0.89,-9.34,-6.23,-21.24,65.09,127.11,-65.71,1
a,2022-10-04 11:13:34.634857,0.17,-0.18,0.81,-28.56,-2.26,-25.21,65.09,127.11,-65.71,1
a,2022-10-04 11:13:34.654431,-0.13,-0.13,1.13,-38.57,-1.89,-11.35,64.38,127.81,-66.53,1
a,2022-10-04 11:13:34.672515,0.43,0.22,0.87,-48.03,53.41,10.86,64.38,127.81,-66.53,1
a,2022-10-04 11:13:34.692622,0.46,0.32,0.96,-9.09,34.24,10.07,65.39,124.51,-63.50,1
a,2022-10-04 11:13:34.711774,0.41,0.20,0.94,9.09,19.84,-1.28,65.39,124.51,-63.50,1
a,2022-10-04 11:13:34.729919,0.36,0.12,0.92,5.31,5.80,-16.60,65.39,124.51,-63.50,1
a,2022-10-04 11:13:34.750163,0.32,0.06,0.92,3.78,3.72,-19.41,64.59,125.60,-61.52,1
a,2022-10-04 11:13:34.767594,0.41,0.08,0.87,-0.37,1.59,-20.08,64.59,125.60,-61.52,1
a,2022-10-04 11:13:34.785772,0.38,0.06,0.89,2.99,-5.31,-22.64,64.59,125.60,-61.52,1
a,2022-10-04 11:13:34.806482,0.34,-0.05,0.90,9.70,-5.31,-22.16,61.96,126.15,-59.62,1
a,2022-10-04 11:13:34.825121,0.32,-0.11,0.91,12.27,-4.94,-19.59,61.96,126.15,-59.62,1
a,2022-10-04 11:13:34.844436,0.34,-0.16,0.90,8.97,-2.87,-19.10,59.28,127.21,-59.95,1
a,2022-10-04 11:13:34.862861,0.29,-0.23,0.94,0.49,1.22,-17.76,59.28,127.21,-59.95,1
a,2022-10-04 11:13:34.882880,0.29,-0.22,0.97,-2.32,4.76,-13.98,59.28,127.21,-59.95,1
a,2022-10-04 11:13:34.902533,0.30,-0.17,1.00,-2.75,7.39,-7.14,57.93,127.55,-58.01,1
a,2022-10-04 11:13:34.921725,0.33,-0.15,0.99,6.35,8.24,-5.80,57.93,127.55,-58.01,1
a,2022-10-04 11:13:34.940519,0.32,-0.16,0.99,6.16,8.97,-6.41,56.93,128.82,-56.10,1
a,2022-10-04 11:13:34.959465,0.35,-0.11,0.97,1.89,11.05,-8.97,56.93,128.82,-56.10,1
a,2022-10-04 11:13:34.976885,0.38,-0.09,0.89,5.74,7.14,-7.02,56.93,128.82,-56.10,1
a,2022-10-04 11:13:34.996891,0.35,-0.11,0.89,7.81,4.21,-5.49,58.46,130.42,-54.65,1
a,2022-10-04 11:13:35.015820,0.38,-0.08,0.84,4.70,3.42,-7.20,58.46,130.42,-54.65,1
a,2022-10-04 11:13:35.034221,0.38,-0.07,0.81,1.83,-1.83,-12.63,58.46,130.42,-54.65,1
a,2022-10-04 11:13:35.053037,0.30,-0.12,0.85,3.78,-6.10,-11.23,58.33,132.17,-53.37,1
a,2022-10-04 11:13:35.071439,0.26,-0.11,0.90,-1.10,-5.13,-10.19,58.33,132.17,-53.37,1
a,2022-10-04 11:13:35.091682,0.31,-0.08,0.92,-2.08,-2.38,-8.48,58.31,133.78,-53.31,1
a,2022-10-04 11:13:35.110649,0.29,-0.16,0.93,8.73,7.51,0.73,58.31,133.78,-53.31,1
a,2022-10-04 11:13:35.130232,0.33,-0.13,0.97,0.49,7.57,2.69,58.31,133.78,-53.31,1
a,2022-10-04 11:13:35.149997,0.35,-0.16,0.93,4.46,4.70,2.44,58.33,133.52,-52.15,1
a,2022-10-04 11:13:35.169573,0.32,-0.24,0.88,6.65,-1.16,8.00,58.33,133.52,-52.15,1
a,2022-10-04 11:13:35.188499,0.34,-0.27,0.87,0.31,-3.97,11.35,58.33,133.52,-52.15,1
a,2022-10-04 11:13:35.208389,0.32,-0.26,0.85,6.77,-2.75,24.78,60.90,134.62,-51.87,1
a,2022-10-04 11:13:35.228205,0.28,-0.26,0.81,3.17,-4.58,27.47,60.90,134.62,-51.87,1
a,2022-10-04 11:13:35.248397,0.27,-0.22,0.78,5.00,-6.04,30.70,63.57,134.39,-53.28,1
a,2022-10-04 11:13:35.267302,0.25,-0.17,0.77,3.36,-9.40,31.49,63.57,134.39,-53.28,1
a,2022-10-04 11:13:35.286023,0.24,-0.13,0.75,-5.68,-10.01,29.11,63.57,134.39,-53.28,1
a,2022-10-04 11:13:35.305890,0.25,-0.05,0.78,-16.42,-11.78,26.18,65.66,130.64,-56.40,1
a,2022-10-04 11:13:35.323863,0.26,0.06,0.85,-15.32,-14.47,26.18,65.66,130.64,-56.40,1
a,2022-10-04 11:13:35.342235,0.27,0.18,0.91,-10.80,-14.89,23.01,64.92,127.59,-60.11,1
a,2022-10-04 11:13:35.361001,0.26,0.12,0.90,-11.23,-16.78,14.53,64.92,127.59,-60.11,1
a,2022-10-04 11:13:35.380325,0.27,0.17,0.95,-16.72,-19.90,8.24,64.92,127.59,-60.11,1
a,2022-10-04 11:13:35.400988,0.32,0.26,1.06,-10.93,-15.75,4.88,61.58,124.91,-61.94,1
a,2022-10-04 11:13:35.418641,0.33,0.23,1.09,0.31,-9.77,1.89,61.58,124.91,-61.94,1
a,2022-10-04 11:13:35.438168,0.34,0.18,1.12,-15.26,-7.69,-8.12,61.58,124.91,-61.94,1
a,2022-10-04 11:13:35.457517,0.38,0.11,1.15,-7.20,-4.70,-20.14,57.37,123.52,-61.22,1
a,2022-10-04 11:13:35.476433,0.38,0.02,1.12,-1.04,0.06,-21.12,57.37,123.52,-61.22,1
a,2022-10-04 11:13:35.496762,0.38,-0.02,1.10,6.41,5.37,-21.30,55.68,124.30,-59.55,1
a,2022-10-04 11:13:35.515303,0.37,-0.10,1.06,9.95,7.69,-21.06,55.68,124.30,-59.55,1
a,2022-10-04 11:13:35.533882,0.36,-0.14,1.02,15.20,11.41,-18.55,55.68,124.30,-59.55,1
a,2022-10-04 11:13:35.552585,0.34,-0.20,0.96,18.86,14.28,-15.32,55.66,127.17,-56.54,1
a,2022-10-04 11:13:35.570693,0.30,-0.26,0.89,18.31,12.02,-6.29,55.66,127.17,-56.54,1
a,2022-10-04 11:13:35.591659,0.29,-0.25,0.84,15.56,9.58,-2.75,57.59,130.19,-53.93,1
a,2022-10-04 11:13:35.609813,0.28,-0.20,0.83,13.73,8.54,-1.10,57.59,130.19,-53.93,1
a,2022-10-04 11:13:35.628827,0.25,-0.18,0.79,7.45,7.81,-2.20,57.59,130.19,-53.93,1
a,2022-10-04 11:13:35.648681,0.25,-0.14,0.77,-0.67,5.80,-4.52,60.31,132.41,-53.38,1
a,2022-10-04 11:13:35.667605,0.23,-0.08,0.77,-6.59,2.14,-4.70,60.31,132.41,-53.38,1
a,2022-10-04 11:13:35.686210,0.27,0.01,0.83,-13.55,-5.49,-6.71,60.31,132.41,-53.38,1
a,2022-10-04 11:13:35.706052,0.28,0.03,0.86,8.54,2.08,-1.77,60.57,133.03,-50.81,1
a,2022-10-04 11:13:35.725725,0.16,-0.26,0.64,38.21,8.91,25.21,60.57,133.03,-50.81,1
a,2022-10-04 11:13:35.745146,0.24,-0.12,0.77,12.63,-18.92,9.64,60.24,132.43,-51.44,1
a,2022-10-04 11:13:35.763450,0.23,-0.12,0.75,1.71,-16.72,5.68,60.24,132.43,-51.44,1
a,2022-10-04 11:13:35.782709,0.23,-0.08,0.79,-8.00,-20.32,4.88,60.24,132.43,-51.44,1
a,2022-10-04 11:13:35.802810,0.27,0.06,0.94,-24.84,-22.89,-1.40,57.13,129.60,-53.31,1
a,2022-10-04 11:13:35.822703,0.33,0.16,1.04,-28.93,-16.72,-7.51,57.13,129.60,-53.31,1
a,2022-10-04 11:13:35.843047,0.34,0.25,1.13,-24.78,-9.70,-14.89,52.54,126.16,-55.11,1
a,2022-10-04 11:13:35.861578,0.36,0.19,1.16,-9.40,-8.18,-23.19,52.54,126.16,-55.11,1
a,2022-10-04 11:13:35.880743,0.34,-0.02,1.09,5.00,-10.19,-23.99,52.54,126.16,-55.11,1
a,2022-10-04 11:13:35.901234,0.32,-0.16,1.03,13.73,-9.34,-20.45,49.24,125.96,-52.77,1
a,2022-10-04 11:13:35.920118,0.30,-0.33,0.94,13.43,-7.63,-17.46,49.24,125.96,-52.77,1
a,2022-10-04 11:13:35.939613,0.27,-0.38,0.92,20.08,-7.02,-8.85,46.72,124.91,-50.63,1
a,2022-10-04 11:13:35.958651,0.25,-0.30,0.90,17.03,-7.75,-3.23,46.72,124.91,-50.63,1
a,2022-10-04 11:13:35.977650,0.22,-0.28,0.88,-8.79,-14.40,-12.63,46.72,124.91,-50.63,1
a,2022-10-04 11:13:35.997949,0.14,-0.29,0.91,-14.10,-21.30,-5.25,46.24,125.55,-51.61,1
a,2022-10-04 11:13:36.017127,-0.05,-0.25,1.08,-26.49,50.23,37.11,46.24,125.55,-51.61,1
a,2022-10-04 11:13:36.035585,0.41,0.23,1.00,-47.18,59.94,35.16,46.24,125.55,-51.61,1
a,2022-10-04 11:13:36.054769,0.44,0.30,1.04,-25.82,42.85,14.95,48.43,124.01,-50.57,1
a,2022-10-04 11:13:36.073178,0.34,0.16,0.98,2.01,26.06,4.27,48.43,124.01,-50.57,1
a,2022-10-04 11:13:36.092893,0.45,0.18,0.85,4.46,18.43,1.65,49.19,123.82,-48.36,1
a,2022-10-04 11:13:36.111305,0.55,0.22,0.79,6.47,6.77,-3.48,49.19,123.82,-48.36,1
a,2022-10-04 11:13:36.130944,0.50,0.20,0.78,13.24,-8.30,-16.30,49.19,123.82,-48.36,1
a,2022-10-04 11:13:36.151070,0.33,0.05,0.81,14.83,-12.02,-18.68,48.97,124.19,-45.85,1
a,2022-10-04 11:13:36.169839,0.32,-0.00,0.83,8.18,-9.34,-18.62,48.97,124.19,-45.85,1
a,2022-10-04 11:13:36.190092,0.36,-0.00,0.89,2.93,-6.96,-18.80,46.34,124.93,-43.96,1
a,2022-10-04 11:13:36.209524,0.30,-0.06,0.96,1.53,-5.31,-20.75,46.34,124.93,-43.96,1
a,2022-10-04 11:13:36.227991,0.27,-0.10,1.03,-0.85,-1.04,-22.34,46.34,124.93,-43.96,1
a,2022-10-04 11:13:36.248600,0.26,-0.22,1.07,5.19,2.62,-17.09,43.49,125.88,-42.11,1
a,2022-10-04 11:13:36.267711,0.28,-0.23,1.06,12.21,5.80,-9.09,43.49,125.88,-42.11,1
a,2022-10-04 11:13:36.286437,0.31,-0.24,0.99,11.05,8.30,-6.84,42.55,127.28,-38.13,1
a,2022-10-04 11:13:36.305770,0.31,-0.27,0.92,9.58,10.38,-5.13,42.55,127.28,-38.13,1
a,2022-10-04 11:13:36.324426,0.33,-0.27,0.86,4.76,10.56,-2.99,42.55,127.28,-38.13,1
a,2022-10-04 11:13:36.343624,0.36,-0.22,0.83,3.11,8.61,0.79,41.80,128.52,-36.72,1
a,2022-10-04 11:13:36.362156,0.39,-0.09,0.82,2.14,3.78,0.00,41.80,128.52,-36.72,1
a,2022-10-04 11:13:36.381720,0.33,-0.08,0.84,0.18,0.00,-5.55,41.80,128.52,-36.72,1
a,2022-10-04 11:13:36.401881,0.29,-0.07,0.87,-4.70,-0.12,-8.79,40.92,129.80,-35.52,1
a,2022-10-04 11:13:36.421936,0.27,-0.03,0.91,-0.67,0.67,-4.52,40.92,129.80,-35.52,1
a,2022-10-04 11:13:36.441869,0.30,-0.02,0.87,-0.18,0.55,-5.07,39.40,130.11,-33.96,1
a,2022-10-04 11:13:36.463247,0.35,-0.06,0.86,2.99,-3.48,-8.73,39.40,130.11,-33.96,1
a,2022-10-04 11:13:36.480930,0.35,-0.08,0.86,1.95,-6.04,-13.31,39.40,130.11,-33.96,1
a,2022-10-04 11:13:36.501294,0.31,-0.11,0.88,-0.85,-5.68,-15.44,38.07,130.71,-31.93,1
a,2022-10-04 11:13:36.519101,0.31,-0.19,0.91,3.17,-6.71,-8.61,38.07,130.71,-31.93,1
a,2022-10-04 11:13:36.538676,0.20,-0.39,1.03,15.81,3.42,7.14,36.79,130.49,-30.70,1
a,2022-10-04 11:13:36.558232,0.34,-0.24,1.00,-5.43,0.37,12.33,36.79,130.49,-30.70,1
a,2022-10-04 11:13:36.576882,0.36,-0.19,0.99,3.54,1.34,6.29,36.79,130.49,-30.70,1
a,2022-10-04 11:13:36.595670,0.33,-0.24,0.91,8.18,0.37,7.08,37.29,131.34,-32.32,1
a,2022-10-04 11:13:36.615025,0.31,-0.27,0.88,8.54,-1.10,12.39,37.29,131.34,-32.32,1
a,2022-10-04 11:13:36.633651,0.30,-0.27,0.79,10.68,-1.28,26.92,37.29,131.34,-32.32,1
a,2022-10-04 11:13:36.652800,0.27,-0.22,0.84,9.34,-3.91,32.65,37.78,131.65,-31.54,1
a,2022-10-04 11:13:36.671285,0.27,-0.23,0.82,10.31,-5.31,33.14,37.78,131.65,-31.54,1
a,2022-10-04 11:13:36.691250,0.27,-0.20,0.79,23.50,-9.77,39.98,40.65,130.81,-33.47,1
a,2022-10-04 11:13:36.709632,0.22,-0.18,0.74,4.76,-16.42,36.32,40.65,130.81,-33.47,1
a,2022-10-04 11:13:36.728914,0.22,-0.09,0.75,-6.53,-17.52,34.61,40.65,130.81,-33.47,1
a,2022-10-04 11:13:36.748433,0.22,-0.03,0.77,-19.23,-16.54,26.86,44.64,129.76,-37.71,1
a,2022-10-04 11:13:36.767105,0.22,0.11,0.86,-29.11,-16.91,24.78,44.64,129.76,-37.71,1
a,2022-10-04 11:13:36.787698,0.26,0.21,0.94,-21.24,-18.92,22.40,45.64,125.10,-40.82,1
a,2022-10-04 11:13:36.805876,0.26,0.25,1.01,-11.60,-20.20,12.82,45.64,125.10,-40.82,1
a,2022-10-04 11:13:36.825374,0.28,0.23,1.05,-2.56,-16.60,7.02,45.64,125.10,-40.82,1
a,2022-10-04 11:13:36.846162,0.30,0.19,1.08,-3.17,-17.09,0.31,45.12,121.97,-41.48,1
a,2022-10-04 11:13:36.864917,0.32,0.17,1.12,-6.96,-10.99,-6.77,45.12,121.97,-41.48,1
a,2022-10-04 11:13:36.884742,0.35,0.15,1.17,-8.67,-6.04,-13.12,44.18,119.80,-39.99,1
a,2022-10-04 11:13:36.902978,0.34,0.08,1.16,-3.78,-0.12,-17.64,44.18,119.80,-39.99,1
a,2022-10-04 11:13:36.921942,0.35,0.03,1.13,-1.04,4.88,-24.48,44.18,119.80,-39.99,1
a,2022-10-04 11:13:36.941247,0.35,-0.10,1.06,6.41,7.93,-23.01,42.90,121.39,-36.27,1
a,2022-10-04 11:13:36.960403,0.35,-0.19,1.03,16.17,10.74,-14.95,42.90,121.39,-36.27,1
a,2022-10-04 11:13:36.979324,0.34,-0.23,1.00,22.83,15.20,-7.45,42.90,121.39,-36.27,1
a,2022-10-04 11:13:36.999595,0.32,-0.27,0.94,16.36,18.01,-8.48,41.59,123.39,-32.01,1
a,2022-10-04 11:13:37.018103,0.30,-0.26,0.90,9.95,18.55,-9.03,41.59,123.39,-32.01,1
a,2022-10-04 11:13:37.038407,0.28,-0.24,0.81,5.25,12.33,-5.68,39.78,127.88,-31.70,1
a,2022-10-04 11:13:37.056868,0.24,-0.15,0.79,3.91,8.42,-1.71,39.78,127.88,-31.70,1
a,2022-10-04 11:13:37.076449,0.23,-0.15,0.76,6.10,7.81,2.32,39.78,127.88,-31.70,1
a,2022-10-04 11:13:37.096507,0.20,-0.12,0.74,-1.22,1.83,2.50,39.14,129.59,-30.22,1
a,2022-10-04 11:13:37.115594,0.20,-0.11,0.72,-17.82,-1.10,-3.72,39.14,129.59,-30.22,1
a,2022-10-04 11:13:37.134880,0.26,0.05,0.84,-30.40,3.42,-10.13,39.34,130.16,-31.70,1
a,2022-10-04 11:13:37.152712,0.17,-0.14,0.70,27.89,6.71,16.17,39.34,130.16,-31.70,1
a,2022-10-04 11:13:37.171964,0.22,-0.03,0.80,18.62,-14.59,20.87,39.34,130.16,-31.70,1
a,2022-10-04 11:13:37.191688,0.22,-0.06,0.77,10.56,-15.63,14.34,40.84,127.64,-31.46,1
a,2022-10-04 11:13:37.210593,0.24,-0.01,0.88,-7.75,-16.54,7.69,40.84,127.64,-31.46,1
a,2022-10-04 11:13:37.229937,0.30,0.10,1.01,-17.70,-13.85,2.75,40.84,127.64,-31.46,1
a,2022-10-04 11:13:37.248808,0.33,0.18,1.07,-17.64,-7.26,-3.30,41.66,123.73,-31.25,1
a,2022-10-04 11:13:37.268326,0.36,0.14,1.14,-7.08,-5.98,-9.03,41.66,123.73,-31.25,1
a,2022-10-04 11:13:37.289110,0.37,0.07,1.15,9.83,-6.04,-6.47,42.58,121.36,-29.15,1
a,2022-10-04 11:13:37.307237,0.37,-0.04,1.10,16.24,-3.91,-8.12,42.58,121.36,-29.15,1
a,2022-10-04 11:13:37.327069,0.34,-0.20,1.00,17.58,0.98,-7.57,42.58,121.36,-29.15,1
a,2022-10-04 11:13:37.346319,0.32,-0.35,0.92,24.35,1.89,-0.55,42.10,122.33,-25.79,1
a,2022-10-04 11:13:37.365261,0.28,-0.42,0.84,25.21,-2.62,8.97,42.10,122.33,-25.79,1
a,2022-10-04 11:13:37.384894,0.26,-0.26,0.88,-9.70,-7.81,-7.08,41.99,122.35,-26.33,1
a,2022-10-04 11:13:37.403228,0.26,-0.11,0.91,-33.57,-2.75,-23.13,41.99,122.35,-26.33,1
a,2022-10-04 11:13:37.422668,0.24,-0.00,0.93,-29.97,2.62,-24.78,41.99,122.35,-26.33,1
a,2022-10-04 11:13:37.442741,-0.18,-0.10,1.19,-16.78,11.47,3.60,40.66,123.45,-26.68,1
a,2022-10-04 11:13:37.463040,0.35,0.19,0.98,-30.15,46.81,16.48,40.66,123.45,-26.68,1
a,2022-10-04 11:13:37.481606,0.44,0.34,1.01,13.85,28.56,11.72,40.66,123.45,-26.68,1
a,2022-10-04 11:13:37.501342,0.50,0.22,0.96,22.89,20.94,-3.42,41.89,123.63,-28.28,1
a,2022-10-04 11:13:37.519133,0.45,0.14,0.96,17.33,11.84,-19.53,41.89,123.63,-28.28,1
a,2022-10-04 11:13:37.538450,0.39,0.02,0.94,10.74,9.89,-28.56,40.15,125.70,-25.84,1
a,2022-10-04 11:13:37.557803,0.40,-0.05,0.87,5.74,3.97,-24.29,40.15,125.70,-25.84,1
a,2022-10-04 11:13:37.576998,0.34,-0.09,0.89,10.50,0.92,-19.35,40.15,125.70,-25.84,1
a,2022-10-04 11:13:37.595953,0.37,-0.15,0.86,10.38,1.53,-17.88,37.65,128.37,-22.47,1
a,2022-10-04 11:13:37.614899,0.32,-0.29,0.84,16.60,-1.28,-11.96,37.65,128.37,-22.47,1
a,2022-10-04 11:13:37.634606,0.34,-0.32,0.82,8.97,1.22,-8.36,34.42,130.36,-21.35,1
a,2022-10-04 11:13:37.653621,0.33,-0.30,0.86,-6.29,2.81,-10.44,34.42,130.36,-21.35,1
a,2022-10-04 11:13:37.673440,0.33,-0.19,0.91,-12.08,2.38,-10.19,34.42,130.36,-21.35,1
a,2022-10-04 11:13:37.693710,0.30,-0.14,0.96,-8.54,3.48,-7.02,33.58,131.68,-20.63,1
a,2022-10-04 11:13:37.713197,0.33,-0.09,0.96,1.59,2.26,-2.20,33.58,131.68,-20.63,1
a,2022-10-04 11:13:37.733234,0.38,-0.06,0.94,3.48,1.59,-3.17,31.35,131.59,-19.09,1
a,2022-10-04 11:13:37.751793,-0.01,-0.18,1.14,2.26,1.95,-9.64,31.35,131.59,-19.09,1
a,2022-10-04 11:13:37.771647,0.35,-0.09,0.98,-6.16,13.73,-2.93,31.35,131.59,-19.09,1
a,2022-10-04 11:13:37.790828,0.37,-0.11,0.94,5.00,9.22,-1.04,30.30,133.46,-20.43,1
a,2022-10-04 11:13:37.810920,0.33,-0.19,0.87,13.18,5.55,1.95,30.30,133.46,-20.43,1
a,2022-10-04 11:13:37.829091,0.32,-0.28,0.82,9.22,2.87,8.91,30.30,133.46,-20.43,1
a,2022-10-04 11:13:37.848314,0.31,-0.29,0.78,-5.55,0.24,11.41,29.28,133.51,-20.39,1
a,2022-10-04 11:13:37.867741,0.31,-0.23,0.80,-14.53,-0.85,15.32,29.28,133.51,-20.39,1
a,2022-10-04 11:13:37.888525,0.27,-0.15,0.79,0.79,0.43,26.92,29.22,133.58,-21.45,1
a,2022-10-04 11:13:37.907637,0.27,-0.13,0.77,7.87,-3.66,25.39,29.22,133.58,-21.45,1
a,2022-10-04 11:13:37.926889,0.25,-0.15,0.73,0.12,-6.35,25.51,29.22,133.58,-21.45,1
a,2022-10-04 11:13:37.945648,0.24,-0.12,0.72,-3.85,-9.58,30.33,31.08,133.02,-22.01,1
a,2022-10-04 11:13:37.964544,0.22,-0.09,0.71,-8.12,-14.53,34.85,31.08,133.02,-22.01,1
a,2022-10-04 11:13:37.985356,0.24,-0.07,0.76,-10.01,-24.11,36.99,35.72,129.83,-21.97,1
a,2022-10-04 11:13:38.003546,0.27,0.08,0.88,-14.53,-22.71,27.28,35.72,129.83,-21.97,1
a,2022-10-04 11:13:38.022162,0.28,0.16,0.94,-25.09,-20.32,15.81,35.72,129.83,-21.97,1
a,2022-10-04 11:13:38.042348,0.32,0.28,1.05,-30.15,-20.51,3.54,39.88,125.73,-21.20,1
a,2022-10-04 11:13:38.061396,0.35,0.31,1.14,-18.62,-18.68,0.55,39.88,125.73,-21.20,1
a,2022-10-04 11:13:38.079919,0.40,0.28,1.19,-1.95,-15.14,1.89,39.88,125.73,-21.20,1
a,2022-10-04 11:13:38.100127,0.41,0.16,1.19,12.51,-5.00,-0.12,43.10,124.41,-19.45,1
a,2022-10-04 11:13:38.118655,0.43,0.05,1.20,4.64,0.43,-10.07,43.10,124.41,-19.45,1
a,2022-10-04 11:13:38.138850,0.44,-0.01,1.19,2.50,5.31,-19.41,43.18,126.50,-17.75,1
a,2022-10-04 11:13:38.157740,0.43,-0.06,1.15,14.89,9.95,-21.42,43.18,126.50,-17.75,1
a,2022-10-04 11:13:38.176800,0.40,-0.20,1.02,22.83,11.11,-17.21,43.18,126.50,-17.75,1
a,2022-10-04 11:13:38.195835,0.36,-0.31,0.93,23.07,12.33,-12.57,38.77,129.96,-16.97,1
a,2022-10-04 11:13:38.213919,0.34,-0.31,0.88,19.29,13.67,-5.13,38.77,129.96,-16.97,1
a,2022-10-04 11:13:38.233025,0.28,-0.27,0.81,7.02,17.33,-3.72,33.70,133.03,-18.36,1
a,2022-10-04 11:13:38.252022,0.27,-0.21,0.79,-1.22,16.60,-4.27,33.70,133.03,-18.36,1
a,2022-10-04 11:13:38.270878,0.26,-0.12,0.78,-3.66,11.90,-3.66,33.70,133.03,-18.36,1
a,2022-10-04 11:13:38.290139,0.24,-0.09,0.75,0.24,2.69,-1.46,31.76,134.09,-20.48,1
a,2022-10-04 11:13:38.309954,0.21,-0.05,0.73,-4.33,-3.17,-2.87,31.76,134.09,-20.48,1
a,2022-10-04 11:13:38.328958,0.27,-0.00,0.79,-22.03,-5.86,-11.23,31.76,134.09,-20.48,1
a,2022-10-04 11:13:38.348460,0.28,0.07,0.82,18.07,10.50,0.00,31.02,134.72,-22.05,1
a,2022-10-04 11:13:38.367397,0.18,-0.11,0.69,31.19,-11.23,17.64,31.02,134.72,-22.05,1
a,2022-10-04 11:13:38.386845,0.23,-0.01,0.76,9.64,-22.22,8.00,33.11,133.54,-19.34,1
a,2022-10-04 11:13:38.406323,0.22,-0.03,0.78,-5.62,-21.91,-0.73,33.11,133.54,-19.34,1
a,2022-10-04 11:13:38.426013,0.26,0.06,0.89,-17.40,-21.24,-4.58,33.11,133.54,-19.34,1
a,2022-10-04 11:13:38.446343,0.32,0.18,1.01,-24.41,-14.95,-12.70,36.95,131.52,-17.53,1
a,2022-10-04 11:13:38.465480,0.39,0.18,1.15,-6.47,-10.19,-12.08,36.95,131.52,-17.53,1
a,2022-10-04 11:13:38.485797,0.40,0.08,1.16,15.38,-6.35,-7.32,39.81,132.40,-16.44,1
a,2022-10-04 11:13:38.503604,0.38,-0.12,1.12,35.52,-6.96,-4.88,39.81,132.40,-16.44,1
a,2022-10-04 11:13:38.523815,0.38,-0.30,1.05,42.60,-6.65,-4.94,39.81,132.40,-16.44,1
a,2022-10-04 11:13:38.542953,0.36,-0.42,0.98,43.58,-8.73,-5.86,40.06,133.65,-15.10,1
a,2022-10-04 11:13:38.562796,0.29,-0.50,0.89,35.46,-14.59,-9.64,40.06,133.65,-15.10,1
a,2022-10-04 11:13:38.582635,0.27,-0.40,0.88,-20.08,-14.71,-41.56,38.75,135.11,-15.52,1
a,2022-10-04 11:13:38.602241,0.25,-0.29,0.89,-73.55,-4.15,-78.19,38.75,135.11,-15.52,1
a,2022-10-04 11:13:38.620463,-0.46,-0.64,1.05,-9.95,16.48,-27.65,38.75,135.11,-15.52,1
a,2022-10-04 11:13:38.640318,-0.07,-0.57,0.84,-57.43,59.63,7.20,37.43,133.86,-19.07,1
a,2022-10-04 11:13:38.659402,0.28,-0.31,0.80,-64.45,57.31,31.43,37.43,133.86,-19.07,1
a,2022-10-04 11:13:38.678235,0.27,-0.34,0.71,-46.02,47.12,27.95,37.43,133.86,-19.07,1
a,2022-10-04 11:13:38.698650,0.29,-0.36,0.63,-50.84,44.56,27.40,40.71,127.84,-24.79,1
a,2022-10-04 11:13:38.717266,0.41,-0.24,0.54,-73.73,24.96,18.25,40.71,127.84,-24.79,1
a,2022-10-04 11:13:38.736484,0.42,-0.25,0.54,-74.52,8.67,18.25,44.95,121.42,-31.80,1
a,2022-10-04 11:13:38.755315,0.41,-0.14,0.60,-70.50,-2.01,22.58,44.95,121.42,-31.80,1
a,2022-10-04 11:13:38.774316,0.43,-0.01,0.65,-60.06,-10.99,26.00,44.95,121.42,-31.80,1
a,2022-10-04 11:13:38.793711,0.33,-0.02,0.82,-15.38,-22.64,43.82,48.62,112.19,-38.88,1
a,2022-10-04 11:13:38.813394,0.24,-0.08,0.96,-10.74,-23.13,53.47,48.62,112.19,-38.88,1
a,2022-10-04 11:13:38.832653,0.28,0.04,0.96,-24.35,-19.53,46.94,49.29,104.00,-49.68,1
a,2022-10-04 11:13:38.852919,0.29,0.26,1.04,-50.11,-18.49,36.87,49.29,104.00,-49.68,1
a,2022-10-04 11:13:38.871053,0.35,0.37,1.06,-47.61,-13.18,33.75,49.29,104.00,-49.68,1
a,2022-10-04 11:13:38.890932,0.43,0.55,1.07,-35.22,-12.57,36.19,48.44,99.45,-58.42,1
a,2022-10-04 11:13:38.909047,0.43,0.61,1.09,-6.23,-6.35,27.53,48.44,99.45,-58.42,1
a,2022-10-04 11:13:38.928774,0.44,0.61,1.07,-0.31,-3.05,17.94,47.69,99.45,-63.43,1
a,2022-10-04 11:13:38.949094,0.37,0.57,1.09,4.15,1.83,8.54,47.69,99.45,-63.43,1
a,2022-10-04 11:13:38.966804,0.43,0.56,1.03,-0.79,6.10,-0.79,47.69,99.45,-63.43,1
a,2022-10-04 11:13:38.985916,0.42,0.54,1.01,3.30,4.15,-4.70,49.28,101.20,-64.84,1
a,2022-10-04 11:13:39.004864,0.35,0.47,1.05,7.20,7.08,-9.03,49.28,101.20,-64.84,1
a,2022-10-04 11:13:39.024131,0.38,0.45,0.95,2.50,14.47,-14.22,49.28,101.20,-64.84,1
a,2022-10-04 11:13:39.043980,0.37,0.36,0.91,4.21,13.43,-18.92,51.93,101.64,-63.16,1
a,2022-10-04 11:13:39.063468,0.35,0.28,0.87,8.54,11.78,-14.95,51.93,101.64,-63.16,1
a,2022-10-04 11:13:39.083706,0.33,0.22,0.84,14.16,11.35,-9.83,55.32,101.12,-62.74,1
a,2022-10-04 11:13:39.102569,0.37,0.28,0.83,7.32,9.77,-10.25,55.32,101.12,-62.74,1
a,2022-10-04 11:13:39.120497,0.44,0.35,0.79,14.22,4.52,-11.96,55.32,101.12,-62.74,1
a,2022-10-04 11:13:39.140316,0.35,0.24,0.77,18.37,-1.28,-15.38,58.69,100.23,-60.05,1
a,2022-10-04 11:13:39.159064,0.25,0.17,0.82,12.45,-4.52,-13.00,58.69,100.23,-60.05,1
a,2022-10-04 11:13:39.179621,0.20,0.24,0.90,-1.10,-1.34,-11.11,62.41,99.45,-58.33,1
a,2022-10-04 11:13:39.198762,0.31,0.41,0.90,-11.60,2.50,-12.57,62.41,99.45,-58.33,1
a,2022-10-04 11:13:39.216957,0.29,0.39,0.93,-2.87,0.12,-15.08,62.41,99.45,-58.33,1
a,2022-10-04 11:13:39.235601,0.28,0.33,0.89,6.71,0.43,-13.12,65.20,98.08,-56.02,1
a,2022-10-04 11:13:39.253600,0.28,0.30,0.86,11.35,-1.10,-10.50,65.20,98.08,-56.02,1
a,2022-10-04 11:13:39.272326,0.32,0.33,0.83,8.79,-0.49,-12.51,65.20,98.08,-56.02,1
a,2022-10-04 11:13:39.292921,0.31,0.27,0.82,6.96,-1.89,-16.91,67.36,98.24,-56.10,1
a,2022-10-04 11:13:39.310972,0.29,0.21,0.83,-0.06,-4.33,-17.58,67.36,98.24,-56.10,1
a,2022-10-04 11:13:39.331824,0.32,0.25,0.86,3.78,-3.42,-12.57,69.15,99.85,-55.92,1
a,2022-10-04 11:13:39.350334,0.33,0.22,0.88,8.61,-4.64,-13.37,69.15,99.85,-55.92,1
a,2022-10-04 11:13:39.369235,0.32,0.23,0.88,5.19,-5.31,-16.85,69.15,99.85,-55.92,1
a,2022-10-04 11:13:39.389307,0.37,0.18,0.90,3.17,-6.53,-20.02,69.68,102.84,-57.70,1
a,2022-10-04 11:13:39.408402,0.34,0.14,0.94,9.46,-6.65,-16.48,69.68,102.84,-57.70,1
a,2022-10-04 11:13:39.428306,0.37,0.13,0.93,12.15,-3.54,-10.80,69.51,106.91,-58.29,1
a,2022-10-04 11:13:39.447508,0.12,0.06,1.06,15.87,-4.52,-7.51,69.51,106.91,-58.29,1
a,2022-10-04 11:13:39.466077,0.32,-0.05,0.89,8.36,22.03,9.77,69.51,106.91,-58.29,1
a,2022-10-04 11:13:39.485237,0.39,0.11,1.01,8.61,1.04,3.11,69.68,107.43,-58.45,1
a,2022-10-04 11:13:39.503713,0.37,0.00,0.90,24.90,0.55,6.35,69.68,107.43,-58.45,1
a,2022-10-04 11:13:39.522843,0.33,-0.02,0.84,28.63,0.18,12.21,69.68,107.43,-58.45,1
a,2022-10-04 11:13:39.541851,0.30,-0.06,0.76,16.36,1.10,22.52,70.98,106.93,-57.28,1
a,2022-10-04 11:13:39.561471,0.26,-0.10,0.72,12.21,-2.69,35.89,70.98,106.93,-57.28,1
a,2022-10-04 11:13:39.580874,0.24,-0.04,0.76,14.65,-4.88,47.00,73.58,103.38,-57.45,1
a,2022-10-04 11:13:39.599312,0.26,0.02,0.76,3.78,-9.09,38.51,73.58,103.38,-57.45,1
a,2022-10-04 11:13:39.618852,0.20,0.06,0.72,3.48,-14.59,36.01,73.58,103.38,-57.45,1
a,2022-10-04 11:13:39.638076,0.22,0.16,0.74,-6.90,-20.14,33.45,74.43,96.94,-54.10,1
a,2022-10-04 11:13:39.656328,0.22,0.25,0.78,-14.71,-21.73,27.65,74.43,96.94,-54.10,1
a,2022-10-04 11:13:39.676328,0.26,0.47,0.95,-26.37,-15.44,21.42,74.43,96.94,-54.10,1
a,2022-10-04 11:13:39.696429,0.30,0.56,1.04,-17.52,-11.23,16.54,74.22,92.32,-54.83,1
a,2022-10-04 11:13:39.715407,0.32,0.58,1.12,5.25,-14.47,12.08,74.22,92.32,-54.83,1
a,2022-10-04 11:13:39.735597,0.37,0.46,1.17,16.17,-12.76,6.29,71.90,93.63,-55.85,1
a,2022-10-04 11:13:39.753852,0.37,0.36,1.16,20.39,-8.30,-1.95,71.90,93.63,-55.85,1
a,2022-10-04 11:13:39.773014,0.38,0.31,1.17,11.84,2.01,-14.04,71.90,93.63,-55.85,1
a,2022-10-04 11:13:39.792153,0.41,0.19,1.13,13.49,8.73,-18.80,69.75,99.41,-58.96,1
a,2022-10-04 11:13:39.811857,0.40,0.09,1.11,26.12,10.13,-13.98,69.75,99.41,-58.96,1
a,2022-10-04 11:13:39.830534,0.38,0.02,1.07,39.79,12.45,-8.00,67.27,104.88,-62.16,1
a,2022-10-04 11:13:39.848949,0.35,-0.05,0.96,37.78,14.34,-10.31,67.27,104.88,-62.16,1
a,2022-10-04 11:13:39.868819,0.32,-0.09,0.89,28.93,15.44,-10.62,67.27,104.88,-62.16,1
a,2022-10-04 11:13:39.890734,0.31,-0.06,0.84,22.77,14.10,-4.94,66.06,108.65,-61.34,1
a,2022-10-04 11:13:39.908841,0.26,-0.05,0.80,24.05,10.80,1.04,66.06,108.65,-61.34,1
a,2022-10-04 11:13:39.927972,0.24,-0.08,0.75,23.19,8.97,3.78,66.33,109.63,-61.47,1
a,2022-10-04 11:13:39.946453,0.22,-0.10,0.67,14.04,0.61,6.16,66.33,109.63,-61.47,1
a,2022-10-04 11:13:39.965884,0.23,-0.09,0.73,-6.90,-5.25,0.49,66.33,109.63,-61.47,1
a,2022-10-04 11:13:39.985659,0.26,0.08,0.80,-22.83,6.04,-7.63,67.20,109.80,-61.28,1
a,2022-10-04 11:13:40.003619,0.17,-0.09,0.67,16.72,-7.26,22.09,67.20,109.80,-61.28,1
a,2022-10-04 11:13:40.021152,0.19,0.01,0.73,4.82,-20.20,19.53,67.20,109.80,-61.28,1
a,2022-10-04 11:13:40.041266,0.21,0.01,0.74,-10.74,-22.22,12.82,66.69,108.18,-60.25,1
a,2022-10-04 11:13:40.061140,0.23,0.04,0.80,-29.66,-20.63,5.74,66.69,108.18,-60.25,1
a,2022-10-04 11:13:40.080928,0.28,0.31,1.01,-48.95,-18.13,1.59,65.28,106.48,-62.44,1
a,2022-10-04 11:13:40.100573,0.31,0.47,1.13,-41.32,-19.41,-2.38,65.28,106.48,-62.44,1
a,2022-10-04 11:13:40.119831,0.35,0.43,1.20,-0.43,-18.98,-1.46,65.28,106.48,-62.44,1
a,2022-10-04 11:13:40.139930,0.37,0.35,1.18,12.21,-15.44,-5.49,62.29,107.23,-63.49,1
a,2022-10-04 11:13:40.158308,0.37,0.25,1.17,11.29,-8.06,-13.37,62.29,107.23,-63.49,1
a,2022-10-04 11:13:40.178421,0.35,-0.01,1.03,22.71,-0.67,-8.24,59.66,109.57,-64.72,1
a,2022-10-04 11:13:40.196804,0.33,-0.16,0.93,35.28,-1.28,1.40,59.66,109.57,-64.72,1
a,2022-10-04 11:13:40.216409,0.29,-0.30,0.81,42.05,-2.75,12.70,59.66,109.57,-64.72,1
a,2022-10-04 11:13:40.236021,0.26,-0.20,0.85,-4.15,-7.14,2.01,59.20,110.35,-66.86,1
a,2022-10-04 11:13:40.254643,0.26,-0.07,0.91,-48.46,-0.85,-26.00,59.20,110.35,-66.86,1
a,2022-10-04 11:13:40.274321,0.27,0.14,0.97,-64.76,0.24,-39.43,59.20,110.35,-66.86,1
a,2022-10-04 11:13:40.296148,0.24,0.29,1.00,-24.90,-5.68,-28.44,59.39,109.58,-65.99,1
a,2022-10-04 11:13:40.315499,0.20,0.22,0.88,26.25,-5.74,-8.67,59.39,109.58,-65.99,1
a,2022-10-04 11:13:40.334240,-0.15,0.07,1.11,20.75,15.75,10.38,58.34,111.44,-64.33,1
a,2022-10-04 11:13:40.353361,0.32,0.28,0.90,-29.42,44.19,-0.49,58.34,111.44,-64.33,1
a,2022-10-04 11:13:40.371433,0.30,0.35,0.98,-15.20,35.34,-4.15,58.34,111.44,-64.33,1
a,2022-10-04 11:13:40.391441,0.28,0.32,0.99,4.15,25.82,-6.53,57.70,109.59,-65.15,1
a,2022-10-04 11:13:40.409447,0.34,0.22,0.96,10.38,20.51,-9.77,57.70,109.59,-65.15,1
a,2022-10-04 11:13:40.429435,0.40,0.21,0.89,7.02,17.88,-15.32,56.07,109.68,-63.39,1
a,2022-10-04 11:13:40.448109,0.47,0.17,0.83,9.64,5.80,-18.19,56.07,109.68,-63.39,1
a,2022-10-04 11:13:40.467915,0.42,0.15,0.90,18.37,-3.48,-18.25,56.07,109.68,-63.39,1
a,2022-10-04 11:13:40.488419,0.38,0.09,0.90,15.93,-2.50,-23.56,54.82,110.08,-64.38,1
a,2022-10-04 11:13:40.506992,0.39,0.02,0.90,12.70,-0.85,-26.61,54.82,110.08,-64.38,1
a,2022-10-04 11:13:40.527063,0.33,-0.06,0.93,10.13,-0.12,-26.79,53.22,111.56,-64.95,1
a,2022-10-04 11:13:40.546701,0.32,-0.09,0.93,7.51,4.09,-18.98,53.22,111.56,-64.95,1
a,2022-10-04 11:13:40.565252,0.36,-0.09,0.91,8.79,5.07,-13.85,53.22,111.56,-64.95,1
a,2022-10-04 11:13:40.584510,0.37,-0.07,0.91,7.69,5.37,-13.18,51.78,112.18,-64.88,1
a,2022-10-04 11:13:40.603103,0.40,-0.06,0.87,2.93,5.43,-16.54,51.78,112.18,-64.88,1
a,2022-10-04 11:13:40.621677,0.42,-0.00,0.83,2.56,1.16,-16.48,51.78,112.18,-64.88,1
a,2022-10-04 11:13:40.641556,0.37,0.01,0.83,5.74,-4.27,-15.56,52.21,112.60,-64.14,1
a,2022-10-04 11:13:40.659954,0.29,0.02,0.89,4.27,-6.16,-14.83,52.21,112.60,-64.14,1
a,2022-10-04 11:13:40.680539,0.34,0.02,0.88,5.80,-4.82,-11.96,51.00,112.95,-65.10,1
a,2022-10-04 11:13:40.700073,0.35,0.03,0.92,8.06,-4.33,-12.45,51.00,112.95,-65.10,1
a,2022-10-04 11:13:40.718809,-0.93,-0.33,1.66,8.24,-2.93,1.16,51.00,112.95,-65.10,1
a,2022-10-04 11:13:40.738327,0.33,-0.03,1.00,-13.00,11.66,3.23,51.11,113.29,-63.94,1
a,2022-10-04 11:13:40.756281,0.37,-0.00,0.94,-2.20,6.23,2.75,51.11,113.29,-63.94,1
a,2022-10-04 11:13:40.776394,0.33,-0.12,0.82,6.59,1.04,3.97,51.25,112.29,-63.24,1
a,2022-10-04 11:13:40.795351,0.30,-0.13,0.81,-4.64,-6.10,15.50,51.25,112.29,-63.24,1
a,2022-10-04 11:13:40.815255,0.30,-0.14,0.74,17.76,-3.91,37.84,51.25,112.29,-63.24,1
a,2022-10-04 11:13:40.833119,0.26,-0.13,0.76,15.93,-6.23,42.11,52.40,113.18,-64.40,1
a,2022-10-04 11:13:40.851122,0.23,-0.11,0.74,14.95,-7.08,44.49,52.40,113.18,-64.40,1
a,2022-10-04 11:13:40.869950,0.23,-0.08,0.70,10.38,-14.77,43.82,52.40,113.18,-64.40,1
a,2022-10-04 11:13:40.887973,0.18,-0.08,0.70,-6.65,-21.61,40.89,54.04,112.49,-64.89,1
a,2022-10-04 11:13:40.906571,0.21,0.04,0.73,-25.15,-23.86,38.94,54.04,112.49,-64.89,1
a,2022-10-04 11:13:40.925620,0.24,0.19,0.86,-40.71,-21.36,31.01,54.00,111.16,-66.72,1
a,2022-10-04 11:13:40.942986,0.25,0.35,1.00,-39.55,-15.99,19.71,54.00,111.16,-66.72,1
a,2022-10-04 11:13:40.961303,0.29,0.46,1.10,-30.15,-21.73,15.99,54.00,111.16,-66.72,1
a,2022-10-04 11:13:40.980364,0.32,0.49,1.20,-11.66,-24.23,13.06,52.84,110.24,-69.03,1
a,2022-10-04 11:13:40.998072,0.32,0.46,1.18,1.53,-16.24,7.02,52.84,110.24,-69.03,1
a,2022-10-04 11:13:41.017261,0.31,0.40,1.15,1.71,-7.63,-5.25,52.84,110.24,-69.03,1
a,2022-10-04 11:13:41.039493,0.35,0.35,1.19,-7.14,-1.65,-17.94,50.93,109.85,-69.89,1
a,2022-10-04 11:13:41.057765,0.37,0.20,1.14,8.48,9.09,-19.04,50.93,109.85,-69.89,1
a,2022-10-04 11:13:41.078107,0.36,0.08,1.10,22.64,9.22,-15.50,49.60,108.50,-70.35,1
a,2022-10-04 11:13:41.096730,0.37,-0.04,1.04,30.33,9.64,-12.33,49.60,108.50,-70.35,1
a,2022-10-04 11:13:41.116370,0.36,-0.11,0.98,33.94,10.44,-9.22,49.60,108.50,-70.35,1
a,2022-10-04 11:13:41.136942,0.32,-0.16,0.92,25.94,14.16,-11.47,49.61,108.73,-68.20,1
a,2022-10-04 11:13:41.154679,0.32,-0.10,0.90,15.75,15.44,-11.90,49.61,108.73,-68.20,1
a,2022-10-04 11:13:41.173788,0.30,-0.05,0.90,15.38,14.71,-8.18,49.83,109.18,-64.75,1
a,2022-10-04 11:13:41.194067,0.28,0.02,0.87,19.59,12.51,-5.25,49.83,109.18,-64.75,1
a,2022-10-04 11:13:41.212499,0.27,0.01,0.83,24.23,8.67,-3.23,49.83,109.18,-64.75,1
a,2022-10-04 11:13:41.232657,0.24,-0.05,0.78,28.02,5.19,0.73,51.01,110.75,-64.23,1
a,2022-10-04 11:13:41.251237,0.22,-0.11,0.71,21.30,-0.18,3.11,51.01,110.75,-64.23,1
a,2022-10-04 11:13:41.270447,0.19,-0.13,0.69,6.53,-5.68,0.79,51.01,110.75,-64.23,1
a,2022-10-04 11:13:41.290891,0.26,0.01,0.81,-19.96,7.51,-9.52,50.35,110.85,-63.70,1
a,2022-10-04 11:13:41.308379,0.19,-0.18,0.66,12.70,2.69,5.74,50.35,110.85,-63.70,1
a,2022-10-04 11:13:41.328623,0.21,-0.06,0.78,7.87,-20.26,16.05,50.49,110.84,-64.84,1
a,2022-10-04 11:13:41.347031,0.23,-0.01,0.78,-9.16,-24.41,10.25,50.49,110.84,-64.84,1
a,2022-10-04 11:13:41.366239,0.23,0.05,0.86,-21.48,-26.18,5.37,50.49,110.84,-64.84,1
a,2022-10-04 11:13:41.386312,0.25,0.20,0.98,-29.17,-22.95,1.28,50.26,109.88,-67.33,1
a,2022-10-04 11:13:41.404749,0.30,0.32,1.08,-22.52,-21.36,-1.77,50.26,109.88,-67.33,1
a,2022-10-04 11:13:41.424156,0.31,0.35,1.18,-10.25,-14.59,-2.14,48.44,108.29,-68.60,1
a,2022-10-04 11:13:41.442348,0.35,0.29,1.19,3.23,-6.71,-3.17,48.44,108.29,-68.60,1
a,2022-10-04 11:13:41.462100,0.35,0.20,1.17,11.84,-1.10,-8.73,48.44,108.29,-68.60,1
a,2022-10-04 11:13:41.481923,0.33,-0.03,1.03,17.33,1.71,-7.57,47.23,107.24,-68.30,1
a,2022-10-04 11:13:41.501468,0.33,-0.19,0.92,31.07,1.46,0.43,47.23,107.24,-68.30,1
a,2022-10-04 11:13:41.519938,0.29,-0.40,0.80,41.56,-5.49,15.50,47.23,107.24,-68.30,1
a,2022-10-04 11:13:41.540970,0.26,-0.26,0.88,-2.14,-6.35,-4.03,47.01,106.82,-66.85,1
a,2022-10-04 11:13:41.559265,0.26,-0.09,0.93,-44.68,-2.56,-31.62,47.01,106.82,-66.85,1
a,2022-10-04 11:13:41.579239,0.25,0.19,0.99,-47.00,-3.36,-34.24,46.35,106.80,-68.27,1
a,2022-10-04 11:13:41.597910,0.19,0.14,0.93,6.65,-11.66,-9.09,46.35,106.80,-68.27,1
a,2022-10-04 11:13:41.616796,-0.22,0.07,1.25,11.47,-3.30,5.00,46.35,106.80,-68.27,1
a,2022-10-04 11:13:41.637025,0.32,0.30,0.96,-29.91,36.68,2.75,46.22,108.15,-67.36,1
a,2022-10-04 11:13:41.655371,0.30,0.34,1.01,-8.67,32.29,-2.62,46.22,108.15,-67.36,1
a,2022-10-04 11:13:41.675743,0.30,0.29,0.98,8.36,28.14,-6.35,47.34,106.07,-65.50,1
a,2022-10-04 11:13:41.693976,0.34,0.22,0.94,11.72,21.97,-14.47,47.34,106.07,-65.50,1
a,2022-10-04 11:13:41.712191,0.39,0.12,0.88,8.48,18.49,-19.78,47.34,106.07,-65.50,1
a,2022-10-04 11:13:41.731407,0.39,0.05,0.84,6.71,11.05,-20.57,48.49,105.52,-63.04,1
a,2022-10-04 11:13:41.751596,0.36,0.01,0.88,5.86,1.10,-15.44,48.49,105.52,-63.04,1
a,2022-10-04 11:13:41.770363,0.36,0.01,0.89,2.20,0.92,-17.88,49.16,104.70,-60.78,1
a,2022-10-04 11:13:41.788053,0.35,-0.02,0.89,1.40,1.95,-19.10,49.16,104.70,-60.78,1
a,2022-10-04 11:13:41.806237,0.34,-0.04,0.89,1.89,2.32,-15.26,49.16,104.70,-60.78,1
a,2022-10-04 11:13:41.826736,0.37,-0.05,0.88,1.28,3.36,-13.43,49.11,103.83,-58.28,1
a,2022-10-04 11:13:41.845326,0.36,-0.06,0.91,0.61,2.62,-13.61,49.11,103.83,-58.28,1
a,2022-10-04 11:13:41.863376,0.40,-0.01,0.91,-0.24,2.69,-13.61,49.11,103.83,-58.28,1
a,2022-10-04 11:13:41.884527,0.37,0.00,0.93,5.68,1.22,-14.89,49.17,103.89,-57.35,1
a,2022-10-04 11:13:41.903016,0.34,-0.04,0.91,6.29,0.24,-15.32,49.17,103.89,-57.35,1
a,2022-10-04 11:13:41.922420,0.32,-0.05,0.92,9.46,-0.37,-9.40,50.10,102.72,-54.64,1
a,2022-10-04 11:13:41.940929,0.40,-0.01,0.89,2.62,-1.71,-13.06,50.10,102.72,-54.64,1
a,2022-10-04 11:13:41.961132,0.39,-0.00,0.90,1.77,-4.21,-18.19,50.10,102.72,-54.64,1
a,2022-10-04 11:13:41.980814,0.36,-0.03,0.90,0.49,-5.55,-22.77,49.76,102.71,-54.39,1
a,2022-10-04 11:13:41.998368,0.29,-0.06,0.94,3.42,-7.26,-15.08,49.76,102.71,-54.39,1
a,2022-10-04 11:13:42.017021,0.34,-0.03,0.92,5.55,-5.62,-8.36,49.76,102.71,-54.39,1
a,2022-10-04 11:13:42.037224,0.38,-0.03,0.91,9.28,-6.04,-7.51,50.02,101.59,-51.62,1
a,2022-10-04 11:13:42.055968,-0.40,-0.26,1.28,10.38,-7.20,-10.50,50.02,101.59,-51.62,1
a,2022-10-04 11:13:42.075735,0.29,-0.24,0.86,-5.07,24.05,10.01,49.71,101.42,-51.35,1
a,2022-10-04 11:13:42.094025,0.34,-0.03,0.98,-12.82,0.92,7.26,49.71,101.42,-51.35,1
a,2022-10-04 11:13:42.112813,0.31,-0.10,0.88,10.07,-3.23,12.82,49.71,101.42,-51.35,1
a,2022-10-04 11:13:42.133769,0.28,-0.19,0.80,9.89,-8.67,18.86,49.02,101.66,-49.88,1
a,2022-10-04 11:13:42.151460,0.25,-0.21,0.74,17.40,-8.54,33.33,49.02,101.66,-49.88,1
a,2022-10-04 11:13:42.170985,0.23,-0.11,0.76,6.84,-9.34,34.61,48.06,101.54,-51.21,1
a,2022-10-04 11:13:42.190337,0.20,-0.17,0.71,-1.40,-7.63,31.68,48.06,101.54,-51.21,1
a,2022-10-04 11:13:42.209421,0.20,-0.12,0.69,-3.42,-14.71,39.55,48.06,101.54,-51.21,1
a,2022-10-04 11:13:42.229912,0.20,-0.04,0.75,-12.15,-23.01,39.73,48.89,100.11,-55.00,1
a,2022-10-04 11:13:42.248550,0.22,0.06,0.80,-23.19,-21.85,35.34,48.89,100.11,-55.00,1
a,2022-10-04 11:13:42.266886,0.22,0.20,0.92,-24.11,-21.55,31.13,48.89,100.11,-55.00,1
a,2022-10-04 11:13:42.286941,0.22,0.30,1.01,-25.51,-18.19,17.33,48.08,97.80,-59.59,1
a,2022-10-04 11:13:42.305956,0.28,0.43,1.13,-14.89,-23.68,15.50,48.08,97.80,-59.59,1
a,2022-10-04 11:13:42.325239,0.28,0.42,1.18,1.77,-20.32,13.31,47.84,95.46,-63.44,1
a,2022-10-04 11:13:42.344341,0.29,0.35,1.18,12.51,-7.69,6.35,47.84,95.46,-63.44,1
a,2022-10-04 11:13:42.365331,0.30,0.27,1.20,8.67,-4.15,-2.62,47.84,95.46,-63.44,1
a,2022-10-04 11:13:42.384972,0.33,0.22,1.20,-1.16,4.88,-18.49,49.51,94.32,-62.41,1
a,2022-10-04 11:13:42.403896,0.35,0.11,1.15,6.53,8.79,-21.36,49.51,94.32,-62.41,1
a,2022-10-04 11:13:42.424089,0.34,0.02,1.11,14.83,11.29,-20.51,51.51,93.15,-58.24,1
a,2022-10-04 11:13:42.442213,0.35,-0.12,1.00,23.93,14.89,-15.20,51.51,93.15,-58.24,1
a,2022-10-04 11:13:42.460935,0.31,-0.17,0.95,25.45,15.75,-11.60,51.51,93.15,-58.24,1
a,2022-10-04 11:13:42.480566,0.30,-0.18,0.91,23.80,17.21,-8.18,52.33,94.46,-52.91,1
a,2022-10-04 11:13:42.499808,0.28,-0.17,0.86,21.12,17.15,-5.00,52.33,94.46,-52.91,1
a,2022-10-04 11:13:42.521098,0.25,-0.15,0.82,19.84,14.47,-3.48,51.93,96.75,-50.54,1
a,2022-10-04 11:13:42.539608,0.24,-0.11,0.80,18.37,11.66,-2.01,51.93,96.75,-50.54,1
a,2022-10-04 11:13:42.559108,0.22,-0.09,0.76,15.81,5.13,-0.37,51.93,96.75,-50.54,1
a,2022-10-04 11:13:42.578445,0.19,-0.11,0.72,14.40,0.49,1.28,50.52,97.67,-47.95,1
a,2022-10-04 11:13:42.597135,0.23,-0.10,0.77,3.48,-5.25,-0.79,50.52,97.67,-47.95,1
a,2022-10-04 11:13:42.616438,0.25,-0.16,0.52,3.17,11.90,-2.14,50.52,97.67,-47.95,1
a,2022-10-04 11:13:42.637304,0.17,-0.20,0.64,16.11,-11.29,14.65,50.99,97.78,-49.01,1
a,2022-10-04 11:13:42.656656,0.20,-0.08,0.76,1.89,-21.55,10.44,50.99,97.78,-49.01,1
a,2022-10-04 11:13:42.678499,0.21,-0.15,0.74,-19.71,-23.68,8.91,51.46,95.64,-51.78,1
a,2022-10-04 11:13:42.696888,0.22,0.05,0.91,-38.51,-27.28,5.92,51.46,95.64,-51.78,1
a,2022-10-04 11:13:42.718155,0.27,0.35,1.14,-45.96,-19.84,-3.60,51.46,95.64,-51.78,1
a,2022-10-04 11:13:42.737809,0.31,0.44,1.24,-24.23,-17.27,-3.36,53.34,93.23,-55.21,1
a,2022-10-04 11:13:42.755799,0.31,0.35,1.25,16.66,-11.66,0.98,53.34,93.23,-55.21,1
a,2022-10-04 11:13:42.775056,0.33,0.15,1.17,12.15,-7.93,-6.53,54.32,91.58,-54.77,1
a,2022-10-04 11:13:42.793869,0.32,-0.01,1.08,12.82,-1.04,-7.81,54.32,91.58,-54.77,1
a,2022-10-04 11:13:42.812869,0.31,-0.19,0.96,22.34,3.11,3.42,54.32,91.58,-54.77,1
a,2022-10-04 11:13:42.833237,0.27,-0.43,0.79,26.00,0.37,12.33,57.08,90.94,-51.05,1
a,2022-10-04 11:13:42.852059,0.23,-0.40,0.85,6.23,-5.92,11.66,57.08,90.94,-51.05,1
a,2022-10-04 11:13:42.872950,0.24,-0.12,0.92,-57.07,-0.61,-30.40,56.99,90.97,-52.47,1
a,2022-10-04 11:13:42.892343,0.23,0.16,1.00,-48.10,-2.75,-29.66,56.99,90.97,-52.47,1
a,2022-10-04 11:13:42.911092,0.22,0.22,0.99,-9.22,-3.91,-15.14,56.99,90.97,-52.47,1
a,2022-10-04 11:13:42.930948,-0.17,0.03,1.19,23.50,12.51,12.51,56.34,92.08,-52.49,1
a,2022-10-04 11:13:42.950333,0.26,0.25,0.97,-15.99,41.32,12.15,56.34,92.08,-52.49,1
a,2022-10-04 11:13:42.970448,0.35,0.41,1.02,-4.88,35.58,-4.76,57.01,93.51,-51.40,1
a,2022-10-04 11:13:42.988846,0.31,0.24,0.98,3.60,23.50,-19.35,57.01,93.51,-51.40,1
a,2022-10-04 11:13:43.007827,0.28,0.09,0.93,8.30,21.06,-21.73,57.01,93.51,-51.40,1
a,2022-10-04 11:13:43.027753,0.30,0.01,0.93,0.61,19.10,-18.68,58.69,95.87,-48.07,1
a,2022-10-04 11:13:43.047578,0.40,0.02,0.88,5.37,12.88,-14.53,58.69,95.87,-48.07,1
a,2022-10-04 11:13:43.065952,0.41,-0.03,0.85,4.46,7.81,-17.52,58.69,95.87,-48.07,1
a,2022-10-04 11:13:43.085662,0.40,-0.09,0.84,12.70,-0.55,-16.85,61.07,98.45,-43.69,1
a,2022-10-04 11:13:43.104111,0.31,-0.19,0.84,12.57,-2.44,-16.36,61.07,98.45,-43.69,1
a,2022-10-04 11:13:43.124954,0.29,-0.19,0.85,1.40,-1.71,-15.81,63.46,99.62,-41.74,1
a,2022-10-04 11:13:43.144318,0.32,-0.11,0.90,-5.19,-0.06,-11.17,63.46,99.62,-41.74,1
a,2022-10-04 11:13:43.164347,0.30,-0.10,0.93,1.95,0.06,-5.43,63.46,99.62,-41.74,1
a,2022-10-04 11:13:43.184584,0.27,-0.09,0.96,1.59,1.95,-4.27,65.71,100.26,-40.81,1
a,2022-10-04 11:13:43.202924,0.27,-0.03,0.98,-0.98,2.99,-3.78,65.71,100.26,-40.81,1
a,2022-10-04 11:13:43.222542,0.30,0.00,0.95,1.10,5.37,-3.05,66.66,100.98,-39.04,1
a,2022-10-04 11:13:43.241733,0.29,0.02,0.95,1.53,4.64,-4.58,66.66,100.98,-39.04,1
a,2022-10-04 11:13:43.259240,0.33,0.07,0.93,0.18,5.80,-6.16,66.66,100.98,-39.04,1
a,2022-10-04 11:13:43.278472,0.30,0.07,0.95,0.31,6.84,-11.72,66.04,101.98,-37.30,1
a,2022-10-04 11:13:43.297099,0.28,0.02,0.92,1.95,7.32,-13.18,66.04,101.98,-37.30,1
a,2022-10-04 11:13:43.317044,0.29,-0.03,0.91,8.06,6.29,-4.94,67.04,103.65,-36.35,1
a,2022-10-04 11:13:43.336528,0.42,-0.02,0.84,11.29,0.73,-3.85,67.04,103.65,-36.35,1
a,2022-10-04 11:13:43.354290,0.45,-0.05,0.82,11.35,-4.76,-8.06,67.04,103.65,-36.35,1
a,2022-10-04 11:13:43.374684,0.41,-0.11,0.83,7.87,-10.56,-15.50,67.83,104.42,-33.90,1
a,2022-10-04 11:13:43.393266,-0.70,-0.45,1.40,2.20,-8.00,-11.72,67.83,104.42,-33.90,1
a,2022-10-04 11:13:43.412747,0.30,-0.16,0.93,-15.32,14.28,7.51,67.83,104.42,-33.90,1
a,2022-10-04 11:13:43.432312,0.37,-0.02,1.01,7.20,2.62,7.57,69.48,104.17,-32.42,1
a,2022-10-04 11:13:43.451306,0.35,-0.17,0.90,10.86,-2.14,9.34,69.48,104.17,-32.42,1
a,2022-10-04 11:13:43.471054,0.31,-0.20,0.85,12.08,-3.54,15.08,68.57,103.09,-32.03,1
a,2022-10-04 11:13:43.490165,0.29,-0.15,0.81,-1.04,-6.04,22.40,68.57,103.09,-32.03,1
a,2022-10-04 11:13:43.509473,0.25,-0.11,0.80,8.42,-8.91,32.29,68.57,103.09,-32.03,1
a,2022-10-04 11:13:43.529741,0.24,-0.07,0.79,5.80,-11.11,30.58,66.85,100.04,-32.09,1
a,2022-10-04 11:13:43.548319,0.22,-0.11,0.75,1.83,-14.95,26.73,66.85,100.04,-32.09,1
a,2022-10-04 11:13:43.568321,0.19,-0.07,0.73,-5.55,-17.15,26.86,65.56,96.94,-35.10,1
a,2022-10-04 11:13:43.587895,0.21,0.04,0.78,-18.55,-21.67,26.43,65.56,96.94,-35.10,1
a,2022-10-04 11:13:43.606666,0.20,0.13,0.86,-22.95,-19.41,22.09,65.56,96.94,-35.10,1
a,2022-10-04 11:13:43.625896,0.22,0.23,0.93,-31.19,-19.65,14.83,67.13,93.82,-40.32,1
a,2022-10-04 11:13:43.644836,0.24,0.34,1.02,-20.51,-20.45,7.87,67.13,93.82,-40.32,1
a,2022-10-04 11:13:43.664578,0.28,0.38,1.14,-9.52,-19.23,5.31,67.13,93.82,-40.32,1
a,2022-10-04 11:13:43.683861,0.28,0.39,1.18,1.40,-13.98,1.65,68.79,92.74,-45.85,1
a,2022-10-04 11:13:43.703059,0.30,0.32,1.20,2.38,-6.41,-10.25,68.79,92.74,-45.85,1
a,2022-10-04 11:13:43.722722,0.35,0.19,1.19,-3.78,0.73,-21.24,71.95,95.12,-46.52,1
a,2022-10-04 11:13:43.741696,0.35,0.10,1.16,0.73,7.93,-23.38,71.95,95.12,-46.52,1
a,2022-10-04 11:13:43.763240,0.36,0.02,1.13,8.06,9.95,-21.30,71.95,95.12,-46.52,1
a,2022-10-04 11:13:43.784167,0.36,-0.14,1.05,23.38,9.22,-14.71,74.21,100.05,-44.06,1
a,2022-10-04 11:13:43.802467,0.32,-0.19,0.98,21.79,11.78,-11.72,74.21,100.05,-44.06,1
a,2022-10-04 11:13:43.821617,0.30,-0.19,0.91,12.76,14.71,-12.02,73.72,103.58,-39.53,1
a,2022-10-04 11:13:43.839392,0.29,-0.16,0.87,6.23,15.50,-11.47,73.72,103.58,-39.53,1
a,2022-10-04 11:13:43.858474,0.26,-0.11,0.85,8.85,13.37,-5.74,73.72,103.58,-39.53,1
a,2022-10-04 11:13:43.878344,0.25,-0.08,0.81,13.98,8.73,-1.65,71.40,104.27,-36.02,1
a,2022-10-04 11:13:43.897163,0.20,-0.12,0.74,13.43,3.85,-1.10,71.40,104.27,-36.02,1
a,2022-10-04 11:13:43.917812,0.17,-0.13,0.69,4.46,-2.38,-1.77,70.57,103.37,-33.08,1
a,2022-10-04 11:13:43.936769,0.24,0.00,0.81,-35.52,-5.00,-17.33,70.57,103.37,-33.08,1
a,2022-10-04 11:13:43.954328,0.17,-0.12,0.56,-24.72,7.93,-12.76,70.57,103.37,-33.08,1
a,2022-10-04 11:13:43.974326,0.16,-0.10,0.70,34.48,-9.16,25.57,69.42,103.26,-34.35,1
a,2022-10-04 11:13:43.993879,0.19,-0.04,0.76,10.07,-20.14,13.67,69.42,103.26,-34.35,1
a,2022-10-04 11:13:44.012307,0.20,-0.00,0.81,-10.74,-22.46,7.57,69.42,103.26,-34.35,1
a,2022-10-04 11:13:44.032309,0.25,0.14,0.96,-33.26,-20.08,0.61,72.23,101.55,-39.06,1
a,2022-10-04 11:13:44.051561,0.35,0.41,1.25,-34.18,-8.12,-6.10,72.23,101.55,-39.06,1
a,2022-10-04 11:13:44.071480,0.32,0.37,1.26,4.64,-5.86,-1.53,74.69,102.10,-43.60,1
a,2022-10-04 11:13:44.089407,0.34,0.24,1.26,14.71,-12.70,-17.21,74.69,102.10,-43.60,1
a,2022-10-04 11:13:44.108579,0.33,0.09,1.12,9.58,-5.07,-26.25,74.69,102.10,-43.60,1
a,2022-10-04 11:13:44.127827,0.30,-0.08,0.99,16.66,2.20,-20.51,74.73,107.35,-43.51,1
a,2022-10-04 11:13:44.146584,0.29,-0.22,0.90,24.35,3.05,-5.68,74.73,107.35,-43.51,1
a,2022-10-04 11:13:44.166901,0.24,-0.44,0.76,34.24,-1.77,15.75,74.40,109.41,-40.80,1
a,2022-10-04 11:13:44.185619,0.20,-0.43,0.76,12.08,-10.68,12.15,74.40,109.41,-40.80,1
a,2022-10-04 11:13:44.204418,0.22,-0.18,0.85,-43.88,-9.34,-28.38,74.40,109.41,-40.80,1
a,2022-10-04 11:13:44.225242,0.18,0.03,0.74,-24.23,8.79,-15.63,74.05,109.30,-42.04,1
a,2022-10-04 11:13:44.247002,0.10,-0.07,0.86,31.98,2.56,20.26,74.05,109.30,-42.04,1
a,2022-10-04 11:13:44.267948,0.14,0.12,0.97,-18.19,19.10,17.09,73.69,107.48,-42.82,1
a,2022-10-04 11:13:44.287901,0.31,0.38,1.02,-27.71,17.33,9.40,73.69,107.48,-42.82,1
a,2022-10-04 11:13:44.307107,0.27,0.41,1.06,-18.68,12.51,-15.87,73.69,107.48,-42.82,1
a,2022-10-04 11:13:44.326550,0.24,0.33,1.03,0.31,11.17,-15.08,71.87,109.00,-42.70,1
a,2022-10-04 11:13:44.346643,0.29,0.24,0.99,8.18,6.71,-9.46,71.87,109.00,-42.70,1
a,2022-10-04 11:13:44.365680,0.36,0.13,0.91,6.65,1.46,-12.57,69.63,111.80,-43.43,1
a,2022-10-04 11:13:44.384324,0.32,0.04,0.90,9.95,-1.04,-14.53,69.63,111.80,-43.43,1
a,2022-10-04 11:13:44.404525,0.31,-0.03,0.87,12.15,-0.31,-17.46,69.63,111.80,-43.43,1
a,2022-10-04 11:13:44.423636,0.28,-0.18,0.87,9.83,1.16,-17.58,68.40,115.14,-43.57,1
a,2022-10-04 11:13:44.442040,0.27,-0.24,0.89,-0.31,1.65,-15.93,68.40,115.14,-43.57,1
a,2022-10-04 11:13:44.461793,0.25,-0.23,0.97,-1.04,9.22,-4.03,68.40,115.14,-43.57,1
a,2022-10-04 11:13:44.482070,0.30,-0.20,0.94,0.67,14.71,1.71,67.41,117.19,-42.54,1
a,2022-10-04 11:13:44.500887,0.34,-0.13,0.96,1.65,12.02,3.54,67.41,117.19,-42.54,1
a,2022-10-04 11:13:44.521236,0.32,-0.08,0.98,0.79,8.24,-1.28,66.75,117.10,-41.48,1
a,2022-10-04 11:13:44.539538,0.27,-0.02,0.99,-1.77,11.23,-3.85,66.75,117.10,-41.48,1
a,2022-10-04 11:13:44.558329,0.31,0.04,0.96,-7.87,14.04,-6.59,66.75,117.10,-41.48,1
a,2022-10-04 11:13:44.578842,0.34,0.13,0.93,-2.93,13.73,-8.97,65.49,118.48,-39.51,1
a,2022-10-04 11:13:44.597901,0.38,0.12,0.87,1.16,9.34,-12.08,65.49,118.48,-39.51,1
a,2022-10-04 11:13:44.619127,0.41,0.08,0.81,13.31,3.42,-10.01,65.21,120.43,-37.33,1
a,2022-10-04 11:13:44.638363,0.41,0.02,0.78,16.42,-8.24,-13.79,65.21,120.43,-37.33,1
a,2022-10-04 11:13:44.656329,0.31,-0.06,0.86,11.11,-9.58,-18.92,65.21,120.43,-37.33,1
a,2022-10-04 11:13:44.677015,0.32,-0.07,0.86,-3.91,-4.82,-22.46,66.21,121.68,-36.55,1
a,2022-10-04 11:13:44.696079,0.33,-0.06,0.96,2.87,-4.70,-14.47,66.21,121.68,-36.55,1
a,2022-10-04 11:13:44.715797,0.29,-0.08,1.01,12.15,-5.62,-8.85,68.30,123.21,-35.08,1
a,2022-10-04 11:13:44.734461,0.36,-0.20,0.98,4.52,20.87,9.64,68.30,123.21,-35.08,1
a,2022-10-04 11:13:44.754616,0.34,-0.12,0.99,9.34,0.55,4.70,68.30,123.21,-35.08,1
a,2022-10-04 11:13:44.773449,0.28,-0.23,0.86,18.25,-1.46,6.77,67.47,123.19,-31.70,1
a,2022-10-04 11:13:44.792611,0.25,-0.23,0.75,8.24,-4.82,12.76,67.47,123.19,-31.70,1
a,2022-10-04 11:13:44.811118,0.22,-0.24,0.72,3.17,-3.36,19.41,67.47,123.19,-31.70,1
a,2022-10-04 11:13:44.830858,0.20,-0.17,0.73,3.42,-3.54,27.04,69.02,121.36,-31.07,1
a,2022-10-04 11:13:44.849588,0.22,-0.12,0.75,-7.26,-8.97,25.02,69.02,121.36,-31.07,1
a,2022-10-04 11:13:44.869586,0.20,-0.05,0.77,-11.96,-12.51,23.25,71.36,118.24,-34.74,1
a,2022-10-04 11:13:44.888483,0.19,0.03,0.79,-12.57,-19.41,24.48,71.36,118.24,-34.74,1
a,2022-10-04 11:13:44.908157,0.19,0.13,0.83,-13.79,-28.87,21.55,71.36,118.24,-34.74,1
a,2022-10-04 11:13:44.927767,0.20,0.15,0.87,-17.82,-27.22,15.38,72.35,115.91,-40.49,1
a,2022-10-04 11:13:44.946152,0.21,0.20,0.93,-25.57,-26.31,10.62,72.35,115.91,-40.49,1
a,2022-10-04 11:13:44.966574,0.28,0.34,1.12,-25.45,-23.62,4.39,72.49,113.88,-48.54,1
a,2022-10-04 11:13:44.984698,0.33,0.39,1.24,-13.92,-16.30,0.92,72.49,113.88,-48.54,1
a,2022-10-04 11:13:45.004434,0.33,0.33,1.27,6.84,-8.06,0.31,72.49,113.88,-48.54,1
a,2022-10-04 11:13:45.023747,0.35,0.22,1.27,4.94,-3.66,-15.87,70.04,113.72,-51.78,1
a,2022-10-04 11:13:45.041772,0.35,0.14,1.21,2.01,0.61,-26.73,70.04,113.72,-51.78,1
a,2022-10-04 11:13:45.061664,0.34,0.04,1.15,12.39,4.58,-25.70,68.69,115.98,-49.07,1
a,2022-10-04 11:13:45.081333,0.32,-0.11,1.02,25.09,12.39,-19.29,68.69,115.98,-49.07,1
a,2022-10-04 11:13:45.099997,0.29,-0.20,0.96,24.48,15.69,-16.42,68.69,115.98,-49.07,1
a,2022-10-04 11:13:45.119328,0.27,-0.26,0.90,22.28,16.24,-11.84,68.38,118.58,-42.74,1
a,2022-10-04 11:13:45.137985,0.25,-0.25,0.82,11.72,13.31,-6.47,68.38,118.58,-42.74,1
a,2022-10-04 11:13:45.156962,0.22,-0.21,0.79,4.03,13.12,-7.02,68.38,118.58,-42.74,1
a,2022-10-04 11:13:45.175669,0.23,-0.13,0.82,-3.30,9.52,-7.32,69.06,120.74,-37.95,1
a,2022-10-04 11:13:45.195820,0.22,-0.06,0.82,0.06,2.20,-4.82,69.06,120.74,-37.95,1
a,2022-10-04 11:13:45.214911,0.19,-0.03,0.78,0.79,-1.83,-5.74,69.86,121.75,-35.34,1
a,2022-10-04 11:13:45.233172,0.21,-0.01,0.81,-7.69,-7.14,-10.38,69.86,121.75,-35.34,1
a,2022-10-04 11:13:45.252015,0.23,0.05,0.85,7.69,6.35,-7.51,69.86,121.75,-35.34,1
a,2022-10-04 11:13:45.271577,0.15,-0.17,0.70,41.14,-1.46,7.93,68.97,122.03,-36.13,1
a,2022-10-04 11:13:45.289193,0.17,-0.04,0.76,22.22,-23.44,9.03,68.97,122.03,-36.13,1
a,2022-10-04 11:13:45.307162,0.18,-0.02,0.78,15.75,-25.51,4.88,68.97,122.03,-36.13,1
a,2022-10-04 11:13:45.328123,0.19,-0.01,0.81,1.95,-27.10,-0.79,69.67,120.12,-41.10,1
a,2022-10-04 11:13:45.346415,0.23,0.10,0.98,-9.40,-23.68,-5.07,69.67,120.12,-41.10,1
a,2022-10-04 11:13:45.366992,0.28,0.17,1.11,-5.00,-12.63,-8.85,67.86,118.49,-45.72,1
a,2022-10-04 11:13:45.384887,0.30,0.14,1.18,9.70,-6.96,-17.70,67.86,118.49,-45.72,1
a,2022-10-04 11:13:45.403337,0.31,-0.00,1.16,20.08,-6.77,-22.40,67.86,118.49,-45.72,1
a,2022-10-04 11:13:45.423854,0.30,-0.13,1.08,22.95,-9.22,-28.56,66.15,119.32,-46.96,1
a,2022-10-04 11:13:45.443984,0.26,-0.38,0.96,32.71,-10.31,-25.33,66.15,119.32,-46.96,1
a,2022-10-04 11:13:45.463369,0.22,-0.44,0.89,25.02,-10.31,-25.09,64.70,121.29,-47.12,1
a,2022-10-04 11:13:45.483673,0.19,-0.40,0.86,-33.87,-13.18,-47.97,64.70,121.29,-47.12,1
a,2022-10-04 11:13:45.502008,-0.13,-0.57,0.99,-32.53,-18.74,-32.59,64.70,121.29,-47.12,1
a,2022-10-04 11:13:45.522495,-0.22,-0.67,1.05,-26.67,31.25,9.83,62.54,122.60,-48.52,1
a,2022-10-04 11:13:45.539928,0.18,-0.42,0.90,-59.14,52.43,24.60,62.54,122.60,-48.52,1
a,2022-10-04 11:13:45.560695,0.28,-0.32,0.84,-47.18,47.61,24.11,60.49,119.21,-50.82,1
a,2022-10-04 11:13:45.580041,0.28,-0.37,0.76,-52.80,38.94,16.24,60.49,119.21,-50.82,1
a,2022-10-04 11:13:45.598680,0.25,-0.39,0.75,-60.30,28.63,24.17,60.49,119.21,-50.82,1
a,2022-10-04 11:13:45.619013,0.34,-0.31,0.66,-70.92,20.87,27.77,60.86,112.94,-53.21,1
a,2022-10-04 11:13:45.637838,0.31,-0.19,0.69,-75.20,11.54,31.68,60.86,112.94,-53.21,1
a,2022-10-04 11:13:45.656266,0.34,0.10,0.79,-74.95,0.31,34.12,60.86,112.94,-53.21,1
a,2022-10-04 11:13:45.676146,0.32,0.07,0.84,-60.00,-4.88,34.67,59.29,102.84,-58.06,1
a,2022-10-04 11:13:45.695029,0.26,0.07,0.88,-50.11,-8.79,37.48,59.29,102.84,-58.06,1
a,2022-10-04 11:13:45.714645,0.27,0.10,0.90,-53.83,-6.53,40.16,52.16,94.75,-65.15,1
a,2022-10-04 11:13:45.733703,0.35,0.39,0.97,-46.02,-8.79,41.02,52.16,94.75,-65.15,1
a,2022-10-04 11:13:45.751788,0.33,0.41,0.99,-32.71,-6.65,36.62,52.16,94.75,-65.15,1
a,2022-10-04 11:13:45.772399,0.26,0.38,1.00,-27.59,-3.30,30.03,43.49,93.68,-70.17,1
a,2022-10-04 11:13:45.790387,0.29,0.51,1.01,-25.63,-0.98,31.01,43.49,93.68,-70.17,1
a,2022-10-04 11:13:45.809915,0.33,0.64,1.03,-14.28,-1.16,29.79,39.21,97.79,-73.99,1
a,2022-10-04 11:13:45.828831,0.32,0.63,1.01,10.86,-2.38,22.95,39.21,97.79,-73.99,1
a,2022-10-04 11:13:45.848068,0.22,0.47,0.98,23.32,-0.73,22.95,39.21,97.79,-73.99,1
a,2022-10-04 11:13:45.867709,0.25,0.47,0.93,14.71,4.64,19.29,39.29,100.89,-73.17,1
a,2022-10-04 11:13:45.886599,0.33,0.51,0.86,5.80,3.54,9.34,39.29,100.89,-73.17,1
a,2022-10-04 11:13:45.905414,0.33,0.54,0.84,10.07,-2.26,3.42,39.29,100.89,-73.17,1
a,2022-10-04 11:13:45.924453,0.22,0.43,0.87,17.40,-1.83,2.44,41.67,102.77,-70.48,1
a,2022-10-04 11:13:45.942242,0.22,0.41,0.86,11.66,2.99,3.72,41.67,102.77,-70.48,1
a,2022-10-04 11:13:45.962083,0.30,0.48,0.85,-2.01,2.01,-5.68,43.87,102.05,-70.35,1
a,2022-10-04 11:13:45.980775,0.27,0.46,0.86,6.10,-2.69,-7.75,43.87,102.05,-70.35,1
a,2022-10-04 11:13:45.999019,0.18,0.31,0.87,15.01,-4.39,-4.70,43.87,102.05,-70.35,1
a,2022-10-04 11:13:46.018615,0.16,0.22,0.86,15.75,-5.49,7.45,44.56,102.11,-67.99,1
a,2022-10-04 11:13:46.038832,0.20,0.22,0.84,4.76,-3.72,6.35,44.56,102.11,-67.99,1
a,2022-10-04 11:13:46.056790,0.24,0.27,0.83,-4.46,-3.66,-0.73,44.56,102.11,-67.99,1
a,2022-10-04 11:13:46.076523,0.25,0.30,0.83,-8.79,-5.92,-6.96,46.35,101.79,-66.22,1
a,2022-10-04 11:13:46.095239,0.15,0.28,0.86,-6.16,-7.75,-7.75,46.35,101.79,-66.22,1
a,2022-10-04 11:13:46.114878,0.16,0.31,0.86,-4.64,-9.28,-2.56,47.52,100.33,-66.64,1
a,2022-10-04 11:13:46.133813,0.19,0.34,0.87,-3.54,-9.22,0.24,47.52,100.33,-66.64,1
a,2022-10-04 11:13:46.153239,0.20,0.38,0.90,-5.62,-9.64,-4.76,47.52,100.33,-66.64,1
a,2022-10-04 11:13:46.174470,0.21,0.41,0.91,-6.10,-7.45,-9.03,48.30,100.43,-65.14,1
a,2022-10-04 11:13:46.193142,0.23,0.41,0.92,0.79,-8.18,-10.56,48.30,100.43,-65.14,1
a,2022-10-04 11:13:46.212964,0.21,0.37,0.95,8.85,-10.80,-9.03,48.21,101.46,-65.01,1
a,2022-10-04 11:13:46.232667,0.21,0.33,0.95,13.67,-9.89,-7.32,48.21,101.46,-65.01,1
a,2022-10-04 11:13:46.250570,0.20,0.30,0.96,5.55,-6.84,-15.08,48.21,101.46,-65.01,1
a,2022-10-04 11:13:46.270820,0.19,0.34,0.99,-0.55,-3.97,-20.02,49.13,103.66,-65.82,1
a,2022-10-04 11:13:46.289564,0.22,0.31,1.00,0.55,-2.62,-18.62,49.13,103.66,-65.82,1
a,2022-10-04 11:13:46.309473,0.24,-0.09,1.47,19.78,-3.17,-10.50,48.85,105.99,-67.69,1
a,2022-10-04 11:13:46.327767,0.26,0.13,0.96,18.80,24.41,9.89,48.85,105.99,-67.69,1
a,2022-10-04 11:13:46.347239,0.27,0.24,1.06,11.90,8.91,0.24,48.85,105.99,-67.69,1
a,2022-10-04 11:13:46.367009,0.27,0.17,0.98,12.70,9.70,-10.74,49.56,106.37,-67.19,1
a,2022-10-04 11:13:46.385661,0.25,0.10,0.94,16.78,8.12,-7.39,49.56,106.37,-67.19,1
a,2022-10-04 11:13:46.405352,0.24,0.12,0.91,17.21,5.25,-1.04,49.56,106.37,-67.19,1
a,2022-10-04 11:13:46.423772,0.22,0.07,0.83,20.45,2.50,5.98,50.77,107.04,-67.11,1
a,2022-10-04 11:13:46.442663,0.21,-0.05,0.79,13.49,-1.28,11.72,50.77,107.04,-67.11,1
a,2022-10-04 11:13:46.462762,0.20,-0.06,0.75,16.42,-5.00,26.18,51.57,106.23,-66.44,1
a,2022-10-04 11:13:46.482479,0.15,-0.00,0.75,11.41,-11.23,34.97,51.57,106.23,-66.44,1
a,2022-10-04 11:13:46.500679,0.15,0.07,0.73,-5.49,-10.50,27.40,51.57,106.23,-66.44,1
a,2022-10-04 11:13:46.520449,0.14,0.12,0.73,-19.47,-10.31,22.71,51.51,103.04,-64.67,1
a,2022-10-04 11:13:46.538948,0.12,0.26,0.77,-26.06,-15.14,24.54,51.51,103.04,-64.67,1
a,2022-10-04 11:13:46.558776,0.12,0.38,0.82,-17.40,-19.17,27.83,51.25,98.94,-62.67,1
a,2022-10-04 11:13:46.577984,0.12,0.44,0.89,-8.97,-21.18,25.82,51.25,98.94,-62.67,1
a,2022-10-04 11:13:46.596938,0.13,0.49,0.98,-8.48,-20.26,14.04,51.25,98.94,-62.67,1
a,2022-10-04 11:13:46.617743,0.14,0.52,1.01,-14.53,-19.29,5.13,50.32,97.94,-62.46,1
a,2022-10-04 11:13:46.637330,0.16,0.61,1.12,-4.33,-15.93,3.36,50.32,97.94,-62.46,1
a,2022-10-04 11:13:46.656999,0.19,0.59,1.18,13.12,-7.75,4.52,50.02,100.67,-61.65,1
a,2022-10-04 11:13:46.676770,0.20,0.51,1.21,21.61,-3.48,2.87,50.02,100.67,-61.65,1
a,2022-10-04 11:13:46.697642,0.22,0.44,1.23,15.50,7.69,-10.13,50.02,100.67,-61.65,1
a,2022-10-04 11:13:46.717212,0.26,0.29,1.17,16.24,15.44,-16.97,48.90,105.81,-63.73,1
a,2022-10-04 11:13:46.735329,0.26,0.21,1.13,23.99,15.69,-17.15,48.90,105.81,-63.73,1
a,2022-10-04 11:13:46.753988,0.25,0.17,1.08,32.23,16.05,-16.11,48.90,105.81,-63.73,1
a,2022-10-04 11:13:46.774431,0.23,0.07,0.97,36.01,19.47,-17.27,47.51,109.31,-68.07,1
a,2022-10-04 11:13:46.792375,0.21,-0.03,0.87,35.83,16.24,-7.14,47.51,109.31,-68.07,1
a,2022-10-04 11:13:46.814937,0.19,-0.09,0.78,32.59,13.79,-3.11,47.56,111.87,-68.77,1
a,2022-10-04 11:13:46.832573,0.16,-0.11,0.72,25.15,11.11,-0.24,47.56,111.87,-68.77,1
a,2022-10-04 11:13:46.850408,0.14,-0.11,0.67,6.53,4.76,0.79,47.56,111.87,-68.77,1
a,2022-10-04 11:13:46.870737,0.11,-0.03,0.68,-13.55,-2.87,-4.70,48.78,111.55,-68.21,1
a,2022-10-04 11:13:46.889355,0.16,0.17,0.81,-44.68,-2.01,-20.32,48.78,111.55,-68.21,1
a,2022-10-04 11:13:46.909358,0.13,-0.06,0.50,-19.04,9.70,20.32,48.07,110.46,-69.20,1
a,2022-10-04 11:13:46.926992,0.10,0.14,0.74,10.38,-21.00,16.78,48.07,110.46,-69.20,1
a,2022-10-04 11:13:46.946241,0.11,0.09,0.69,0.61,-21.30,12.39,48.07,110.46,-69.20,1
a,2022-10-04 11:13:46.965975,0.11,0.10,0.72,-10.99,-23.86,12.02,47.50,110.36,-68.59,1
a,2022-10-04 11:13:46.985395,0.12,0.21,0.85,-32.35,-25.45,9.16,47.50,110.36,-68.59,1
a,2022-10-04 11:13:47.003699,0.16,0.39,1.01,-44.92,-24.66,5.86,47.50,110.36,-68.59,1
a,2022-10-04 11:13:47.023158,0.19,0.57,1.21,-36.38,-19.17,2.44,46.01,109.44,-67.37,1
a,2022-10-04 11:13:47.041243,0.23,0.56,1.31,4.64,-7.69,2.75,46.01,109.44,-67.37,1
a,2022-10-04 11:13:47.061664,0.23,0.41,1.26,24.84,-5.62,2.50,45.54,111.65,-66.83,1
a,2022-10-04 11:13:47.080310,0.22,0.28,1.20,32.47,-4.58,0.49,45.54,111.65,-66.83,1
a,2022-10-04 11:13:47.099147,0.22,0.17,1.02,27.65,0.92,-9.40,45.54,111.65,-66.83,1
a,2022-10-04 11:13:47.118973,0.20,-0.05,0.90,32.35,2.01,-5.98,43.54,114.54,-69.73,1
a,2022-10-04 11:13:47.138506,0.18,-0.18,0.81,40.53,-2.14,3.23,43.54,114.54,-69.73,1
a,2022-10-04 11:13:47.159438,0.13,-0.09,0.88,8.54,-4.21,-9.95,42.94,115.81,-69.75,1
a,2022-10-04 11:13:47.178080,0.13,0.07,0.93,-28.81,3.17,-32.78,42.94,115.81,-69.75,1
a,2022-10-04 11:13:47.197083,0.05,0.08,0.88,-28.44,-18.98,-23.32,42.94,115.81,-69.75,1
a,2022-10-04 11:13:47.218141,-0.18,0.15,1.09,-22.64,28.56,8.30,42.63,115.82,-69.92,1
a,2022-10-04 11:13:47.237241,0.20,0.47,0.98,-32.59,38.88,14.04,42.63,115.82,-69.92,1
a,2022-10-04 11:13:47.258662,0.27,0.52,1.00,-0.24,30.09,-3.05,43.36,112.63,-69.45,1
a,2022-10-04 11:13:47.276247,0.23,0.43,0.98,4.82,22.71,-16.11,43.36,112.63,-69.45,1
a,2022-10-04 11:13:47.294241,0.21,0.38,0.97,6.16,19.59,-19.35,43.36,112.63,-69.45,1
a,2022-10-04 11:13:47.314959,0.30,0.33,0.92,6.16,14.71,-19.17,41.48,112.46,-70.69,1
a,2022-10-04 11:13:47.334241,0.36,0.30,0.90,9.95,7.81,-17.88,41.48,112.46,-70.69,1
a,2022-10-04 11:13:47.352823,0.33,0.25,0.93,11.84,-0.92,-24.72,41.48,112.46,-70.69,1
a,2022-10-04 11:13:47.372582,0.25,0.13,0.98,15.08,0.92,-27.53,39.88,113.10,-72.28,1
a,2022-10-04 11:13:47.389701,0.25,0.08,0.95,10.44,6.53,-30.03,39.88,113.10,-72.28,1
a,2022-10-04 11:13:47.409450,0.25,0.05,0.95,7.81,7.08,-28.26,38.00,114.05,-75.45,1
a,2022-10-04 11:13:47.429955,0.29,0.03,0.95,4.76,10.56,-24.66,38.00,114.05,-75.45,1
a,2022-10-04 11:13:47.448864,0.28,0.04,0.96,6.04,11.72,-22.83,38.00,114.05,-75.45,1
a,2022-10-04 11:13:47.469346,0.32,0.04,0.89,7.81,13.24,-21.67,37.26,112.66,-75.09,1
a,2022-10-04 11:13:47.486996,0.33,0.08,0.84,6.04,9.52,-22.89,37.26,112.66,-75.09,1
a,2022-10-04 11:13:47.506480,0.27,0.08,0.85,0.73,6.35,-26.49,37.02,112.90,-76.46,1
a,2022-10-04 11:13:47.523863,0.25,0.07,0.83,-1.10,5.80,-23.80,37.02,112.90,-76.46,1
a,2022-10-04 11:13:47.543544,0.22,0.04,0.84,4.64,0.92,-11.66,37.02,112.90,-76.46,1
a,2022-10-04 11:13:47.563003,0.29,0.14,0.83,9.64,-1.65,-6.23,37.66,112.33,-77.48,1
a,2022-10-04 11:13:47.582158,0.29,0.11,0.87,9.83,-6.16,-12.02,37.66,112.33,-77.48,1
a,2022-10-04 11:13:47.600925,0.24,0.07,0.91,2.14,-5.31,-18.86,37.66,112.33,-77.48,1
a,2022-10-04 11:13:47.621119,0.23,0.07,0.94,-2.93,-5.31,-15.69,36.46,112.54,-79.35,1
a,2022-10-04 11:13:47.639603,0.29,0.06,0.92,1.71,-5.98,-8.06,36.46,112.54,-79.35,1
a,2022-10-04 11:13:47.658370,0.26,0.06,0.95,5.86,-9.28,-5.13,35.60,112.62,-80.59,1
a,2022-10-04 11:13:47.677239,-0.48,-0.27,1.37,4.88,-4.33,-4.58,35.60,112.62,-80.59,1
a,2022-10-04 11:13:47.695754,0.25,-0.02,0.96,-25.33,17.82,5.31,35.60,112.62,-80.59,1
a,2022-10-04 11:13:47.714919,0.29,0.13,1.01,-12.08,2.81,7.93,35.86,112.00,-81.29,1
a,2022-10-04 11:13:47.734586,0.25,-0.06,0.87,10.44,-2.01,14.71,35.86,112.00,-81.29,1
a,2022-10-04 11:13:47.754610,0.20,-0.12,0.81,10.86,-5.92,24.23,36.44,111.40,-79.69,1
a,2022-10-04 11:13:47.773776,0.19,-0.07,0.75,8.85,-7.26,35.34,36.44,111.40,-79.69,1
a,2022-10-04 11:13:47.792164,0.16,-0.02,0.76,-2.26,-8.67,32.71,36.44,111.40,-79.69,1
a,2022-10-04 11:13:47.811585,0.15,0.01,0.74,-7.51,-10.13,33.33,37.17,114.00,-79.94,1
a,2022-10-04 11:13:47.831440,0.16,0.07,0.74,-9.89,-16.42,34.67,37.17,114.00,-79.94,1
a,2022-10-04 11:13:47.850406,0.13,0.14,0.77,-11.78,-22.64,37.66,37.17,114.00,-79.94,1
a,2022-10-04 11:13:47.871136,0.14,0.27,0.83,-22.40,-22.89,33.81,38.00,115.11,-78.34,1
a,2022-10-04 11:13:47.889767,0.15,0.42,0.96,-38.15,-21.36,17.64,38.00,115.11,-78.34,1
a,2022-10-04 11:13:47.910683,0.19,0.54,1.11,-27.22,-19.90,14.04,36.78,115.28,-79.10,1
a,2022-10-04 11:13:47.929003,0.22,0.58,1.18,-8.06,-16.05,11.84,36.78,115.28,-79.10,1
a,2022-10-04 11:13:47.947407,0.22,0.47,1.20,19.04,-8.42,8.73,36.78,115.28,-79.10,1
a,2022-10-04 11:13:47.966881,0.21,0.41,1.19,17.58,-6.41,0.85,36.12,116.94,-78.45,1
a,2022-10-04 11:13:47.985916,0.25,0.36,1.20,0.79,-2.99,-15.63,36.12,116.94,-78.45,1
a,2022-10-04 11:13:48.006577,0.24,0.28,1.17,1.22,9.52,-23.01,33.69,116.08,-80.79,1
a,2022-10-04 11:13:48.024368,0.27,0.18,1.12,10.38,11.96,-20.32,33.69,116.08,-80.79,1
a,2022-10-04 11:13:48.042912,0.27,0.12,1.09,21.00,13.00,-16.36,33.69,116.08,-80.79,1
a,2022-10-04 11:13:48.062976,0.25,0.04,1.02,26.61,16.85,-15.08,32.63,114.03,-81.04,1
a,2022-10-04 11:13:48.082629,0.22,-0.02,0.92,23.13,17.15,-14.59,32.63,114.03,-81.04,1
a,2022-10-04 11:13:48.100310,0.20,-0.02,0.86,17.09,16.66,-13.00,32.63,114.03,-81.04,1
a,2022-10-04 11:13:48.121269,0.18,-0.02,0.80,11.96,15.08,-8.61,33.86,112.10,-81.97,1
a,2022-10-04 11:13:48.139872,0.15,-0.02,0.74,9.22,11.17,-6.65,33.86,112.10,-81.97,1
a,2022-10-04 11:13:48.158976,0.13,-0.07,0.68,7.45,4.52,-4.21,35.18,111.13,-80.85,1
a,2022-10-04 11:13:48.178416,0.12,-0.10,0.67,-21.48,-12.02,-8.79,35.18,111.13,-80.85,1
a,2022-10-04 11:13:48.196428,0.19,0.13,0.83,-36.62,4.52,-17.03,35.18,111.13,-80.85,1
a,2022-10-04 11:13:48.216402,0.11,-0.03,0.65,-1.34,-1.46,3.72,34.39,109.90,-81.25,1
a,2022-10-04 11:13:48.236790,0.13,0.13,0.80,-0.92,-24.78,18.86,34.39,109.90,-81.25,1
a,2022-10-04 11:13:48.255829,0.14,0.14,0.78,-12.21,-22.64,14.77,33.90,111.52,-82.54,1
a,2022-10-04 11:13:48.274335,0.15,0.23,0.89,-30.27,-24.78,10.56,33.90,111.52,-82.54,1
a,2022-10-04 11:13:48.292907,0.20,0.44,1.05,-37.35,-12.39,5.00,33.90,111.52,-82.54,1
a,2022-10-04 11:13:48.312960,0.22,0.55,1.16,-21.79,-5.43,3.05,31.67,110.55,-83.14,1
a,2022-10-04 11:13:48.331451,0.24,0.49,1.21,-0.31,-3.54,2.62,31.67,110.55,-83.14,1
a,2022-10-04 11:13:48.351441,0.23,0.34,1.17,11.96,-3.48,-7.69,30.11,110.17,-83.78,1
a,2022-10-04 11:13:48.370948,0.24,0.12,1.05,16.54,-2.32,-13.85,30.11,110.17,-83.78,1
a,2022-10-04 11:13:48.390401,0.23,-0.07,0.95,27.28,-1.77,-8.91,30.11,110.17,-83.78,1
a,2022-10-04 11:13:48.410248,0.18,-0.24,0.86,60.73,-5.37,17.88,29.96,109.17,-85.05,1
a,2022-10-04 11:13:48.429802,0.16,-0.11,0.90,10.86,-4.03,-6.35,29.96,109.17,-85.05,1
a,2022-10-04 11:13:48.452036,0.18,0.07,0.94,-30.58,-0.79,-46.57,29.96,109.17,-85.05,1
a,2022-10-04 11:13:48.473026,-0.05,0.20,1.04,-23.80,-21.24,-25.45,29.22,110.99,-84.57,1
a,2022-10-04 11:13:48.492897,-0.28,0.20,1.20,-38.76,42.60,7.20,29.22,110.99,-84.57,1
a,2022-10-04 11:13:48.511406,0.29,0.62,1.02,-19.23,36.80,14.89,29.80,109.48,-84.28,1
a,2022-10-04 11:13:48.530742,0.33,0.61,0.97,2.56,31.01,0.37,29.80,109.48,-84.28,1
a,2022-10-04 11:13:48.553253,0.23,0.38,0.91,17.33,22.22,-15.56,32.53,107.08,-82.21,1
a,2022-10-04 11:13:48.571995,0.27,0.31,0.82,12.27,19.65,-20.08,32.53,107.08,-82.21,1
a,2022-10-04 11:13:48.590242,0.34,0.22,0.79,7.87,3.91,-15.81,32.53,107.08,-82.21,1
a,2022-10-04 11:13:48.609793,0.30,0.16,0.83,8.30,-3.78,-15.75,33.03,104.30,-82.84,1
a,2022-10-04 11:13:48.629178,0.23,0.13,0.90,6.84,-5.55,-18.62,33.03,104.30,-82.84,1
a,2022-10-04 11:13:48.648940,0.26,0.10,0.91,4.64,-4.21,-19.29,33.03,104.30,-82.84,1
a,2022-10-04 11:13:48.668061,0.23,0.07,0.95,9.28,-4.21,-14.95,34.69,100.67,-83.44,1
a,2022-10-04 11:13:48.686576,0.25,0.05,0.97,5.37,-2.81,-13.73,34.69,100.67,-83.44,1
a,2022-10-04 11:13:48.705851,0.24,0.02,0.99,7.02,2.38,-9.28,36.49,98.78,-84.63,1
a,2022-10-04 11:13:48.723798,0.28,0.00,0.95,4.82,5.37,-10.93,36.49,98.78,-84.63,1
a,2022-10-04 11:13:48.743218,0.30,-0.00,0.92,3.97,4.46,-10.68,36.49,98.78,-84.63,1
a,2022-10-04 11:13:48.762651,0.35,0.00,0.86,3.91,2.50,-10.99,38.98,97.25,-83.00,1
a,2022-10-04 11:13:48.781597,0.27,0.00,0.88,4.46,-3.30,-8.36,38.98,97.25,-83.00,1
a,2022-10-04 11:13:48.801677,0.22,0.02,0.90,1.59,-3.36,-5.43,40.60,96.11,-81.91,1
a,2022-10-04 11:13:48.820855,0.25,0.06,0.91,-2.01,-0.06,-2.81,40.60,96.11,-81.91,1
a,2022-10-04 11:13:48.840017,0.27,0.18,0.95,-3.91,-3.11,-5.98,40.60,96.11,-81.91,1
a,2022-10-04 11:13:48.859819,0.27,0.17,0.95,1.28,-3.48,-8.12,42.09,95.32,-84.39,1
a,2022-10-04 11:13:48.879120,0.23,0.13,0.94,2.08,-5.68,-8.24,42.09,95.32,-84.39,1
a,2022-10-04 11:13:48.898023,0.24,0.12,0.94,8.85,-4.94,-3.23,42.09,95.32,-84.39,1
a,2022-10-04 11:13:48.917383,0.26,0.12,0.92,5.49,-4.46,-5.31,43.60,93.24,-84.92,1
a,2022-10-04 11:13:48.936982,0.25,0.09,0.95,2.08,-4.21,-9.64,43.60,93.24,-84.92,1
a,2022-10-04 11:13:48.956470,0.26,0.08,0.94,2.50,-3.60,-8.30,45.47,91.67,-84.80,1
a,2022-10-04 11:13:48.975239,0.13,-0.16,1.11,12.02,3.48,3.42,45.47,91.67,-84.80,1
a,2022-10-04 11:13:48.992937,0.26,0.03,1.03,-10.86,1.59,5.62,45.47,91.67,-84.80,1
a,2022-10-04 11:13:49.011795,0.27,0.06,0.98,2.38,3.36,2.50,47.14,90.15,-83.76,1
a,2022-10-04 11:13:49.030443,0.24,0.01,0.94,3.05,-0.18,1.04,47.14,90.15,-83.76,1
a,2022-10-04 11:13:49.049540,0.23,0.01,0.88,3.05,-1.53,4.03,47.29,90.64,-83.22,1
a,2022-10-04 11:13:49.068113,0.21,-0.03,0.81,0.79,-3.66,14.34,47.29,90.64,-83.22,1
a,2022-10-04 11:13:49.087112,0.18,-0.06,0.79,4.52,-6.23,26.73,47.29,90.64,-83.22,1
a,2022-10-04 11:13:49.107012,0.17,0.03,0.80,5.13,-10.80,33.20,45.06,90.26,-84.03,1
a,2022-10-04 11:13:49.125120,0.16,0.05,0.80,4.94,-14.10,27.59,45.06,90.26,-84.03,1
a,2022-10-04 11:13:49.144043,0.13,-0.04,0.72,-0.79,-15.26,26.55,45.06,90.26,-84.03,1
a,2022-10-04 11:13:49.163522,0.13,0.02,0.71,-6.04,-19.71,31.56,39.92,92.20,-86.02,1
a,2022-10-04 11:13:49.182587,0.11,0.10,0.75,-21.91,-23.86,31.74,39.92,92.20,-86.02,1
a,2022-10-04 11:13:49.202816,0.12,0.34,0.91,-29.66,-21.55,23.62,32.37,94.75,-89.79,1
a,2022-10-04 11:13:49.221331,0.14,0.45,0.99,-31.80,-21.24,13.12,32.37,94.75,-89.79,1
a,2022-10-04 11:13:49.240223,0.16,0.52,1.10,-11.54,-22.28,8.73,32.37,94.75,-89.79,1
a,2022-10-04 11:13:49.258999,0.19,0.54,1.17,-0.55,-18.62,3.42,27.34,97.39,-90.66,1
a,2022-10-04 11:13:49.277680,0.17,0.48,1.16,9.52,-14.47,0.18,27.34,97.39,-90.66,1
a,2022-10-04 11:13:49.297404,0.17,0.43,1.15,10.25,-8.30,-4.15,27.34,97.39,-90.66,1
a,2022-10-04 11:13:49.317175,0.21,0.33,1.17,1.22,1.10,-14.83,25.31,97.44,-91.66,1
a,2022-10-04 11:13:49.336823,0.21,0.27,1.17,4.58,5.62,-17.46,25.31,97.44,-91.66,1
a,2022-10-04 11:13:49.356448,0.23,0.18,1.13,13.00,8.42,-20.02,29.02,94.37,-91.61,1
a,2022-10-04 11:13:49.375187,0.23,0.05,1.07,20.63,9.34,-15.38,29.02,94.37,-91.61,1
a,2022-10-04 11:13:49.394471,0.23,-0.01,1.02,20.94,12.21,-13.12,29.02,94.37,-91.61,1
a,2022-10-04 11:13:49.414481,0.22,-0.02,0.99,19.10,15.44,-11.72,34.55,92.44,-90.08,1
a,2022-10-04 11:13:49.432947,0.19,0.03,0.95,13.18,18.55,-12.02,34.55,92.44,-90.08,1
a,2022-10-04 11:13:49.452664,0.19,0.05,0.92,11.78,18.37,-10.86,41.10,90.65,-88.92,1
a,2022-10-04 11:13:49.473539,0.18,0.06,0.87,17.52,13.31,-5.43,41.10,90.65,-88.92,1
a,2022-10-04 11:13:49.492072,0.15,0.02,0.81,21.48,10.19,-2.56,41.10,90.65,-88.92,1
a,2022-10-04 11:13:49.510823,0.14,-0.02,0.75,20.39,4.94,-0.61,45.62,90.04,-86.44,1
a,2022-10-04 11:13:49.530466,0.10,-0.06,0.66,7.75,-6.47,-0.67,45.62,90.04,-86.44,1
a,2022-10-04 11:13:49.550008,0.15,0.08,0.80,-19.41,-8.54,-10.01,46.79,89.26,-85.14,1
a,2022-10-04 11:13:49.568886,0.14,0.14,0.82,-19.78,9.16,-13.12,46.79,89.26,-85.14,1
a,2022-10-04 11:13:49.587242,0.12,0.03,0.73,9.58,-18.98,12.21,46.79,89.26,-85.14,1
a,2022-10-04 11:13:49.607118,0.12,0.07,0.77,1.95,-24.41,12.27,43.63,90.10,-87.13,1
a,2022-10-04 11:13:49.625324,0.12,0.07,0.79,-10.19,-23.99,11.60,43.63,90.10,-87.13,1
a,2022-10-04 11:13:49.644583,0.12,0.16,0.88,-30.21,-22.83,3.66,43.63,90.10,-87.13,1
a,2022-10-04 11:13:49.663453,0.19,0.41,1.10,-46.69,-17.76,-1.95,38.28,90.60,-89.48,1
a,2022-10-04 11:13:49.682015,0.21,0.50,1.20,-27.53,-14.34,-3.11,38.28,90.60,-89.48,1
a,2022-10-04 11:13:49.703036,0.22,0.43,1.23,21.91,-11.72,2.01,34.55,90.67,-92.37,1
a,2022-10-04 11:13:49.721987,0.21,0.27,1.16,25.63,-8.48,-1.89,34.55,90.67,-92.37,1
a,2022-10-04 11:13:49.739941,0.21,0.11,1.09,26.06,-4.27,-5.43,34.55,90.67,-92.37,1
a,2022-10-04 11:13:49.761285,0.20,-0.09,0.97,46.20,-2.32,8.54,36.50,91.28,-90.95,1
a,2022-10-04 11:13:49.779068,0.14,-0.24,0.87,59.33,-5.25,25.21,36.50,91.28,-90.95,1
a,2022-10-04 11:13:49.798977,0.13,-0.15,0.89,5.19,-1.71,-1.71,37.06,92.37,-91.04,1
a,2022-10-04 11:13:49.818364,0.14,0.02,0.96,-45.41,3.97,-32.90,37.06,92.37,-91.04,1
a,2022-10-04 11:13:49.836691,0.14,0.25,1.00,-32.35,1.22,-32.90,37.06,92.37,-91.04,1
a,2022-10-04 11:13:49.858047,0.04,0.21,1.00,7.87,-5.74,-17.82,35.12,93.19,-92.10,1
a,2022-10-04 11:13:49.877783,-0.02,0.22,1.02,-14.04,27.71,-7.26,35.12,93.19,-92.10,1
a,2022-10-04 11:13:49.899088,0.19,0.35,0.95,-10.38,33.33,0.85,36.41,93.74,-88.84,1
a,2022-10-04 11:13:49.918017,0.20,0.37,0.96,9.28,26.55,-1.46,36.41,93.74,-88.84,1
a,2022-10-04 11:13:49.939698,0.23,0.27,0.90,5.55,19.90,-10.93,36.41,93.74,-88.84,1
a,2022-10-04 11:13:49.959011,0.24,0.25,0.89,-1.16,14.16,-16.11,39.83,95.41,-87.11,1
a,2022-10-04 11:13:49.978835,0.29,0.15,0.87,-6.23,5.25,-15.63,39.83,95.41,-87.11,1
a,2022-10-04 11:13:49.996499,0.27,0.16,0.92,-0.67,-1.16,-11.41,41.56,95.39,-86.17,1
a,2022-10-04 11:13:50.015016,0.29,0.15,0.92,0.73,-2.81,-15.93,41.56,95.39,-86.17,1
a,2022-10-04 11:13:50.033835,0.22,0.10,0.98,0.00,-5.98,-20.02,41.56,95.39,-86.17,1
a,2022-10-04 11:13:50.054118,0.20,0.04,0.99,0.43,-1.28,-20.81,43.84,96.81,-86.29,1
a,2022-10-04 11:13:50.072911,0.18,0.03,1.03,0.31,2.75,-11.90,43.84,96.81,-86.29,1
a,2022-10-04 11:13:50.090776,0.22,0.05,1.04,6.35,7.14,-5.55,43.84,96.81,-86.29,1
a,2022-10-04 11:13:50.110815,0.25,0.02,1.00,10.19,9.46,-4.52,46.23,98.03,-84.70,1
a,2022-10-04 11:13:50.132928,0.26,0.02,0.99,11.23,9.28,-4.46,46.23,98.03,-84.70,1
a,2022-10-04 11:13:50.151892,0.28,0.02,0.90,6.16,9.52,-10.86,49.00,99.49,-84.27,1
a,2022-10-04 11:13:50.170721,0.24,0.02,0.88,1.95,7.51,-10.74,49.00,99.49,-84.27,1
a,2022-10-04 11:13:50.190437,0.21,0.07,0.89,0.06,5.00,-4.76,49.00,99.49,-84.27,1
a,2022-10-04 11:13:50.209375,0.23,0.11,0.89,2.75,5.19,-0.67,51.00,100.04,-83.15,1
a,2022-10-04 11:13:50.228117,0.25,0.15,0.89,4.88,3.54,-2.62,51.00,100.04,-83.15,1
a,2022-10-04 11:13:50.248101,0.20,0.13,0.91,5.25,1.34,-5.92,53.30,101.38,-82.59,1
a,2022-10-04 11:13:50.266902,0.20,0.13,0.91,4.15,1.71,-6.59,53.30,101.38,-82.59,1
a,2022-10-04 11:13:50.285328,0.24,0.14,0.89,2.44,1.28,-8.42,53.30,101.38,-82.59,1
a,2022-10-04 11:13:50.306592,0.22,0.09,0.90,6.04,-3.42,-8.91,54.80,103.12,-82.85,1
a,2022-10-04 11:13:50.324045,0.24,0.06,0.90,5.68,-3.48,-9.40,54.80,103.12,-82.85,1
a,2022-10-04 11:13:50.342567,-0.38,-0.18,1.29,-0.73,-3.72,-13.31,54.80,103.12,-82.85,1
a,2022-10-04 11:13:50.363030,0.25,-0.13,0.95,-0.61,11.05,9.34,55.68,104.86,-82.89,1
a,2022-10-04 11:13:50.382539,0.27,-0.02,1.03,-0.73,2.81,4.33,55.68,104.86,-82.89,1
a,2022-10-04 11:13:50.401906,0.27,-0.04,0.97,-2.14,-2.50,-0.49,56.02,104.17,-83.91,1
a,2022-10-04 11:13:50.421484,0.23,-0.05,0.93,-4.64,-3.42,-1.77,56.02,104.17,-83.91,1
a,2022-10-04 11:13:50.440632,0.23,-0.04,0.87,-6.77,1.59,2.01,56.02,104.17,-83.91,1
a,2022-10-04 11:13:50.460707,0.22,-0.04,0.84,-12.70,-15.26,11.11,57.95,103.53,-82.24,1
a,2022-10-04 11:13:50.479043,0.18,-0.04,0.83,-3.48,-3.42,25.94,57.95,103.53,-82.24,1
a,2022-10-04 11:13:50.498608,0.20,0.00,0.82,2.26,-6.71,29.66,57.75,101.04,-83.40,1
a,2022-10-04 11:13:50.517729,0.17,-0.02,0.81,-0.06,-8.61,25.63,57.75,101.04,-83.40,1
a,2022-10-04 11:13:50.536107,0.15,-0.05,0.74,-7.81,-12.88,26.98,57.75,101.04,-83.40,1
a,2022-10-04 11:13:50.557245,0.14,0.07,0.78,-10.50,-21.06,32.10,55.98,97.34,-85.31,1
a,2022-10-04 11:13:50.576147,0.13,0.21,0.82,-18.98,-19.90,27.65,55.98,97.34,-85.31,1
a,2022-10-04 11:13:50.595720,0.14,0.29,0.86,-21.00,-19.65,23.99,49.96,93.70,-88.61,1
a,2022-10-04 11:13:50.614578,0.14,0.36,0.95,-17.21,-21.36,22.58,49.96,93.70,-88.61,1
a,2022-10-04 11:13:50.634473,0.15,0.43,1.03,-15.38,-19.65,13.12,49.96,93.70,-88.61,1
a,2022-10-04 11:13:50.653954,0.18,0.52,1.15,-3.23,-16.42,7.32,42.71,92.32,-91.63,1
a,2022-10-04 11:13:50.672437,0.19,0.46,1.17,4.33,-12.15,1.46,42.71,92.32,-91.63,1
a,2022-10-04 11:13:50.691018,0.21,0.39,1.17,6.35,-6.35,-4.21,42.71,92.32,-91.63,1
a,2022-10-04 11:13:50.710911,0.21,0.35,1.21,-4.52,-1.83,-15.63,40.25,93.48,-92.77,1
a,2022-10-04 11:13:50.730569,0.23,0.30,1.20,-4.94,6.23,-22.03,40.25,93.48,-92.77,1
a,2022-10-04 11:13:50.750873,0.24,0.21,1.13,6.10,10.99,-25.82,42.88,95.73,-91.35,1
a,2022-10-04 11:13:50.769550,0.23,0.11,1.07,17.03,12.39,-21.73,42.88,95.73,-91.35,1
a,2022-10-04 11:13:50.788951,0.22,0.04,1.01,24.29,12.15,-16.42,42.88,95.73,-91.35,1
a,2022-10-04 11:13:50.808456,0.19,-0.06,0.91,22.64,14.83,-13.24,47.66,99.41,-88.27,1
a,2022-10-04 11:13:50.826363,0.19,-0.06,0.88,16.78,16.24,-11.05,47.66,99.41,-88.27,1
a,2022-10-04 11:13:50.846135,0.18,-0.04,0.87,9.64,16.36,-10.74,52.32,102.34,-85.61,1
a,2022-10-04 11:13:50.864156,0.17,0.02,0.87,5.74,13.37,-9.77,52.32,102.34,-85.61,1
a,2022-10-04 11:13:50.881894,0.17,0.04,0.83,13.12,7.57,-5.68,52.32,102.34,-85.61,1
a,2022-10-04 11:13:50.901579,0.15,0.00,0.78,19.47,1.89,-0.55,55.44,104.36,-83.03,1
a,2022-10-04 11:13:50.918927,0.12,-0.03,0.72,16.36,-3.05,2.44,55.44,104.36,-83.03,1
a,2022-10-04 11:13:50.936873,0.15,-0.00,0.78,-3.36,-3.66,-6.23,55.44,104.36,-83.03,1
a,2022-10-04 11:13:50.955577,0.14,0.10,0.82,-11.84,13.92,-7.51,56.32,103.45,-84.12,1
a,2022-10-04 11:13:50.973804,0.10,-0.06,0.68,4.70,-9.03,8.54,56.32,103.45,-84.12,1
a,2022-10-04 11:13:50.993940,0.15,0.08,0.83,2.62,-26.37,16.42,53.87,102.73,-84.67,1
a,2022-10-04 11:13:51.019604,0.13,0.08,0.81,0.85,-23.13,9.95,53.87,102.73,-84.67,1
a,2022-10-04 11:13:51.037941,0.17,0.24,0.97,-37.90,-22.09,-4.21,53.87,102.73,-84.67,1
a,2022-10-04 11:13:51.057397,0.23,0.44,1.16,-33.02,-14.47,-6.41,48.41,100.07,-87.04,1
a,2022-10-04 11:13:51.075960,0.23,0.39,1.18,-9.77,-6.65,-5.25,48.41,100.07,-87.04,1
a,2022-10-04 11:13:51.096961,0.23,0.28,1.17,15.99,-5.25,-0.61,44.51,99.65,-88.82,1
a,2022-10-04 11:13:51.115924,0.22,0.12,1.09,13.92,-5.80,-5.13,44.51,99.65,-88.82,1
a,2022-10-04 11:13:51.134993,0.20,0.01,1.00,15.50,-3.36,-4.39,44.51,99.65,-88.82,1
a,2022-10-04 11:13:51.155684,0.18,-0.11,0.92,16.72,-4.09,-0.31,43.97,100.85,-89.31,1
a,2022-10-04 11:13:51.174713,0.16,-0.09,0.94,17.76,-5.98,2.01,43.97,100.85,-89.31,1
a,2022-10-04 11:13:51.194647,0.15,0.06,0.98,-5.86,-7.81,-14.89,42.85,102.59,-88.43,1
a,2022-10-04 11:13:51.213824,-0.07,0.09,1.09,-23.13,-11.35,-24.96,42.85,102.59,-88.43,1
a,2022-10-04 11:13:51.233393,-0.17,0.11,1.12,-30.88,15.81,-12.08,42.85,102.59,-88.43,1
a,2022-10-04 11:13:51.252278,0.19,0.34,1.00,-21.24,30.03,4.58,43.82,101.78,-86.32,1
a,2022-10-04 11:13:51.270472,0.20,0.37,0.95,-1.28,26.31,1.59,43.82,101.78,-86.32,1
a,2022-10-04 11:13:51.288953,0.20,0.32,0.92,6.41,22.89,-1.89,43.82,101.78,-86.32,1
a,2022-10-04 11:13:51.309467,0.25,0.28,0.86,7.75,17.03,-10.56,44.58,101.33,-83.44,1
a,2022-10-04 11:13:51.328771,0.31,0.29,0.80,3.91,10.93,-16.36,44.58,101.33,-83.44,1
a,2022-10-04 11:13:51.347628,0.33,0.24,0.81,6.16,1.65,-18.92,44.47,102.21,-80.60,1
a,2022-10-04 11:13:51.367346,0.28,0.19,0.86,9.58,-6.23,-21.85,44.47,102.21,-80.60,1
a,2022-10-04 11:13:51.386796,0.23,0.11,0.90,11.72,-8.85,-21.24,44.47,102.21,-80.60,1
a,2022-10-04 11:13:51.406599,0.23,0.06,0.92,10.19,-6.65,-20.63,43.47,102.99,-78.71,1
a,2022-10-04 11:13:51.426457,0.22,0.04,0.97,7.26,-5.86,-20.75,43.47,102.99,-78.71,1
a,2022-10-04 11:13:51.446942,0.18,0.02,1.02,7.69,-3.85,-18.92,42.40,102.56,-78.38,1
a,2022-10-04 11:13:51.465923,0.18,0.00,1.02,5.07,2.75,-18.13,42.40,102.56,-78.38,1
a,2022-10-04 11:13:51.485107,0.17,-0.03,1.03,9.46,5.49,-10.44,42.40,102.56,-78.38,1
a,2022-10-04 11:13:51.505496,0.21,-0.03,0.99,12.27,7.87,-5.49,43.51,102.83,-77.05,1
a,2022-10-04 11:13:51.524153,0.24,-0.04,0.94,12.94,6.90,-3.97,43.51,102.83,-77.05,1
a,2022-10-04 11:13:51.543242,0.25,-0.03,0.90,8.97,5.00,-5.31,43.95,103.08,-75.62,1
a,2022-10-04 11:13:51.562427,0.21,-0.02,0.89,1.04,4.27,-7.32,43.95,103.08,-75.62,1
a,2022-10-04 11:13:51.580920,0.21,0.06,0.91,-1.10,2.20,-3.48,43.95,103.08,-75.62,1
a,2022-10-04 11:13:51.602076,0.22,0.12,0.93,1.59,1.10,-3.42,45.58,103.02,-74.83,1
a,2022-10-04 11:13:51.621480,0.23,0.12,0.92,2.26,0.67,-5.49,45.58,103.02,-74.83,1
a,2022-10-04 11:13:51.641645,0.20,0.08,0.93,4.82,-2.38,-5.49,44.96,103.27,-73.25,1
a,2022-10-04 11:13:51.660246,0.23,0.09,0.92,2.14,-2.44,-4.94,44.96,103.27,-73.25,1
a,2022-10-04 11:13:51.678846,0.25,0.11,0.94,3.42,-3.60,-4.33,44.96,103.27,-73.25,1
a,2022-10-04 11:13:51.698746,0.26,0.12,0.97,1.71,-5.00,-11.96,45.59,101.67,-73.93,1
a,2022-10-04 11:13:51.718348,0.24,0.06,0.97,5.37,-5.19,-13.31,45.59,101.67,-73.93,1
a,2022-10-04 11:13:51.737634,0.20,0.00,0.99,7.69,-4.58,-6.77,45.59,101.67,-73.93,1
a,2022-10-04 11:13:51.758337,0.23,-0.01,0.96,4.46,-3.78,-5.68,45.86,102.27,-73.08,1
a,2022-10-04 11:13:51.776489,0.06,-0.25,1.17,2.75,-2.01,-1.53,45.86,102.27,-73.08,1
a,2022-10-04 11:13:51.796509,0.22,-0.03,0.98,-18.55,-4.27,1.83,47.05,100.54,-74.73,1
a,2022-10-04 11:13:51.816093,0.19,-0.02,0.92,2.56,-1.89,10.01,47.05,100.54,-74.73,1
a,2022-10-04 11:13:51.835719,0.19,-0.07,0.86,8.36,-5.07,16.97,47.05,100.54,-74.73,1
a,2022-10-04 11:13:51.855595,0.15,-0.05,0.81,11.17,-6.84,25.27,46.64,101.93,-73.99,1
a,2022-10-04 11:13:51.874701,0.15,-0.05,0.79,-2.32,-4.94,21.55,46.64,101.93,-73.99,1
a,2022-10-04 11:13:51.895379,0.14,0.01,0.77,-7.26,-5.25,20.51,45.72,101.25,-77.89,1
a,2022-10-04 11:13:51.913936,0.12,0.04,0.77,-4.09,-9.03,21.24,45.72,101.25,-77.89,1
a,2022-10-04 11:13:51.932731,0.13,0.05,0.78,3.97,-15.50,26.12,45.72,101.25,-77.89,1
a,2022-10-04 11:13:51.953095,0.12,0.09,0.80,-2.20,-22.16,22.58,42.55,100.34,-81.43,1
a,2022-10-04 11:13:51.971115,0.13,0.21,0.88,-12.94,-22.28,15.50,42.55,100.34,-81.43,1
a,2022-10-04 11:13:51.991637,0.15,0.29,0.93,-19.29,-19.78,9.77,38.59,98.66,-83.67,1
a,2022-10-04 11:13:52.010000,0.16,0.42,1.08,-16.05,-17.64,3.97,38.59,98.66,-83.67,1
a,2022-10-04 11:13:52.028281,0.19,0.44,1.15,-6.16,-13.24,1.28,38.59,98.66,-83.67,1
a,2022-10-04 11:13:52.048533,0.21,0.39,1.20,6.41,-9.40,-1.46,34.59,96.97,-84.53,1
a,2022-10-04 11:13:52.068115,0.20,0.30,1.19,14.59,-3.30,-6.23,34.59,96.97,-84.53,1
a,2022-10-04 11:13:52.086593,0.23,0.25,1.21,4.21,-1.77,-15.63,34.59,96.97,-84.53,1
a,2022-10-04 11:13:52.106497,0.22,0.19,1.19,1.65,4.21,-22.95,34.86,95.62,-81.75,1
a,2022-10-04 11:13:52.125268,0.23,0.14,1.16,11.78,10.86,-21.06,34.86,95.62,-81.75,1
a,2022-10-04 11:13:52.144487,0.22,0.06,1.11,19.17,14.95,-19.29,37.78,95.90,-79.38,1
a,2022-10-04 11:13:52.164015,0.20,-0.04,1.03,23.01,17.76,-16.36,37.78,95.90,-79.38,1
a,2022-10-04 11:13:52.182814,0.20,-0.11,0.98,25.09,16.66,-6.35,37.78,95.90,-79.38,1
a,2022-10-04 11:13:52.202910,0.17,-0.11,0.90,23.68,17.58,-4.39,42.74,97.89,-75.23,1
a,2022-10-04 11:13:52.222773,0.16,-0.09,0.86,21.06,18.37,-3.85,42.74,97.89,-75.23,1
a,2022-10-04 11:13:52.242052,0.14,-0.10,0.80,15.75,13.31,-1.46,46.13,100.17,-73.22,1
a,2022-10-04 11:13:52.260094,0.13,-0.09,0.77,12.76,8.36,0.73,46.13,100.17,-73.22,1
a,2022-10-04 11:13:52.278332,0.13,-0.08,0.76,5.19,1.77,0.55,46.13,100.17,-73.22,1
a,2022-10-04 11:13:52.299028,0.13,0.00,0.79,-14.40,-3.85,-8.30,47.38,101.01,-72.97,1
a,2022-10-04 11:13:52.316873,0.16,0.07,0.85,-16.05,1.59,-11.96,47.38,101.01,-72.97,1
a,2022-10-04 11:13:52.335244,0.11,-0.04,0.73,34.73,3.91,13.49,47.38,101.01,-72.97,1
a,2022-10-04 11:13:52.355345,0.12,0.00,0.78,26.43,-12.51,14.47,46.40,101.43,-72.99,1
a,2022-10-04 11:13:52.374284,0.11,0.05,0.78,16.78,-21.24,9.09,46.40,101.43,-72.99,1
a,2022-10-04 11:13:52.395305,0.12,0.09,0.84,7.81,-25.76,4.21,43.91,99.78,-76.01,1
a,2022-10-04 11:13:52.413656,0.14,0.13,0.93,-14.83,-22.16,-8.36,43.91,99.78,-76.01,1
a,2022-10-04 11:13:52.432795,0.20,0.21,1.11,-16.17,-14.89,-12.76,43.91,99.78,-76.01,1
a,2022-10-04 11:13:52.453361,0.21,0.24,1.19,-4.15,-7.32,-13.12,41.19,98.23,-76.93,1
a,2022-10-04 11:13:52.472807,0.22,0.10,1.18,21.48,-6.65,-9.77,41.19,98.23,-76.93,1
a,2022-10-04 11:13:52.491940,0.20,-0.04,1.10,31.01,-7.57,-8.91,41.16,97.63,-75.98,1
a,2022-10-04 11:13:52.510241,0.17,-0.16,1.03,35.46,-7.26,-7.69,41.16,97.63,-75.98,1
a,2022-10-04 11:13:52.528817,0.17,-0.22,0.98,25.33,-7.45,-11.41,41.16,97.63,-75.98,1
a,2022-10-04 11:13:52.550557,0.14,-0.24,0.92,9.40,-4.33,-18.37,41.42,98.89,-75.93,1
a,2022-10-04 11:13:52.570038,0.12,-0.20,0.90,-38.09,-7.81,-39.92,41.42,98.89,-75.93,1
a,2022-10-04 11:13:52.590309,0.08,-0.25,0.89,-26.92,-18.43,-32.96,38.42,98.60,-77.38,1
a,2022-10-04 11:13:52.608480,-0.20,-0.36,1.00,19.29,-8.30,2.81,38.42,98.60,-77.38,1
a,2022-10-04 11:13:52.627465,-0.12,-0.42,0.96,-29.11,24.66,14.16,38.42,98.60,-77.38,1
a,2022-10-04 11:13:52.646812,0.10,-0.28,0.89,-28.44,26.12,21.12,36.05,100.21,-79.15,1
a,2022-10-04 11:13:52.665034,0.15,-0.32,0.81,-35.40,24.78,18.07,36.05,100.21,-79.15,1
a,2022-10-04 11:13:52.683767,0.16,-0.36,0.75,-51.64,20.51,20.75,36.05,100.21,-79.15,1
a,2022-10-04 11:13:52.704668,0.21,-0.31,0.70,-62.62,9.40,26.06,32.08,101.57,-81.80,1
a,2022-10-04 11:13:52.723409,0.19,-0.24,0.73,-69.89,0.92,29.72,32.08,101.57,-81.80,1
a,2022-10-04 11:13:52.742411,0.19,-0.10,0.79,-72.75,-6.90,34.36,27.81,98.08,-85.23,1
a,2022-10-04 11:13:52.761698,0.19,0.06,0.86,-63.17,-10.68,38.88,27.81,98.08,-85.23,1
a,2022-10-04 11:13:52.779984,0.14,0.10,0.96,-50.66,-13.12,42.42,27.81,98.08,-85.23,1
a,2022-10-04 11:13:52.800589,0.08,0.06,0.97,-42.72,-9.09,46.26,19.90,95.69,-86.89,1
a,2022-10-04 11:13:52.818487,0.10,0.31,1.08,-49.50,-6.53,53.83,19.90,95.69,-86.89,1
a,2022-10-04 11:13:52.838921,0.15,0.47,1.13,-43.64,-3.17,54.32,11.23,99.44,-86.68,1
a,2022-10-04 11:13:52.858186,0.18,0.55,1.12,-27.71,0.73,49.13,11.23,99.44,-86.68,1
a,2022-10-04 11:13:52.875697,0.18,0.48,1.07,-13.55,5.98,43.82,11.23,99.44,-86.68,1
a,2022-10-04 11:13:52.895557,0.21,0.51,0.97,-15.75,11.90,37.60,11.54,106.18,-85.31,1
a,2022-10-04 11:13:52.914866,0.25,0.53,0.91,-18.55,13.24,30.64,11.54,106.18,-85.31,1
a,2022-10-04 11:13:52.933903,0.27,0.51,0.85,-12.88,8.91,26.61,11.54,106.18,-85.31,1
a,2022-10-04 11:13:52.953547,0.22,0.52,0.86,-7.57,6.77,22.58,14.93,110.78,-82.23,1
a,2022-10-04 11:13:52.973314,0.18,0.55,0.91,-12.15,7.39,12.51,14.93,110.78,-82.23,1
a,2022-10-04 11:13:52.991780,0.27,0.57,0.84,-16.66,10.93,-1.89,20.23,112.28,-81.48,1
a,2022-10-04 11:13:53.009943,0.18,0.49,0.87,-7.69,4.76,-5.37,20.23,112.28,-81.48,1
a,2022-10-04 11:13:53.029466,0.07,0.33,0.91,-7.75,5.68,-4.52,20.23,112.28,-81.48,1
a,2022-10-04 11:13:53.049451,0.09,0.34,0.89,-12.02,10.44,8.12,24.28,113.00,-79.21,1
a,2022-10-04 11:13:53.067932,0.16,0.47,0.91,-16.36,7.51,1.71,24.28,113.00,-79.21,1
a,2022-10-04 11:13:53.088590,0.13,0.48,0.93,-15.14,5.37,-6.77,29.15,112.85,-76.42,1
a,2022-10-04 11:13:53.107556,0.12,0.47,0.91,-10.07,2.44,-11.29,29.15,112.85,-76.42,1
a,2022-10-04 11:13:53.126130,0.12,0.43,0.84,-6.04,3.72,-8.12,29.15,112.85,-76.42,1
a,2022-10-04 11:13:53.146957,0.07,0.43,0.86,-3.72,0.61,-3.66,33.78,111.74,-74.17,1
a,2022-10-04 11:13:53.166129,0.14,0.53,0.80,-3.36,0.92,-1.95,33.78,111.74,-74.17,1
a,2022-10-04 11:13:53.185946,0.14,0.53,0.80,2.14,-5.19,-4.94,33.78,111.74,-74.17,1
a,2022-10-04 11:13:53.206694,0.10,0.46,0.80,7.57,-9.95,-5.74,37.17,111.00,-73.29,1
a,2022-10-04 11:13:53.225561,0.06,0.45,0.86,3.23,-11.41,-6.23,37.17,111.00,-73.29,1
a,2022-10-04 11:13:53.246160,0.08,0.47,0.87,-1.46,-8.91,-8.48,39.12,112.15,-72.22,1
a,2022-10-04 11:13:53.264526,0.13,0.46,0.89,-2.50,-7.45,-11.84,39.12,112.15,-72.22,1
a,2022-10-04 11:13:53.283729,0.13,0.43,0.90,-0.18,-6.90,-12.94,39.12,112.15,-72.22,1
a,2022-10-04 11:13:53.303528,0.13,0.43,0.92,1.59,-8.24,-14.95,40.54,112.93,-73.88,1
a,2022-10-04 11:13:53.322587,0.09,0.39,0.98,3.11,-8.97,-16.05,40.54,112.93,-73.88,1
a,2022-10-04 11:13:53.342275,0.09,0.35,0.97,5.43,-5.74,-16.11,42.18,115.53,-74.26,1
a,2022-10-04 11:13:53.360384,0.11,0.32,0.97,5.74,-0.67,-12.39,42.18,115.53,-74.26,1
a,2022-10-04 11:13:53.378308,0.17,0.35,0.95,7.63,0.55,-12.39,42.18,115.53,-74.26,1
a,2022-10-04 11:13:53.398537,0.20,0.36,0.93,8.30,-0.92,-15.14,43.14,117.19,-74.96,1
a,2022-10-04 11:13:53.417831,-0.48,0.18,1.12,13.49,-1.89,-14.59,43.14,117.19,-74.96,1
a,2022-10-04 11:13:53.437094,0.15,0.26,0.93,-4.15,9.46,-3.30,43.84,117.66,-75.45,1
a,2022-10-04 11:13:53.455133,0.14,0.24,0.91,4.46,2.99,-0.85,43.84,117.66,-75.45,1
a,2022-10-04 11:13:53.473155,0.18,0.18,0.86,10.86,-1.40,4.27,43.84,117.66,-75.45,1
a,2022-10-04 11:13:53.493950,0.12,0.09,0.77,33.33,-3.05,26.18,44.84,116.52,-73.54,1
a,2022-10-04 11:13:53.512734,0.10,0.06,0.70,16.66,-6.84,31.62,44.84,116.52,-73.54,1
a,2022-10-04 11:13:53.531447,0.08,0.12,0.69,1.40,-11.11,33.33,44.84,116.52,-73.54,1
a,2022-10-04 11:13:53.550981,0.04,0.23,0.76,-12.88,-14.16,28.02,47.24,114.71,-71.17,1
a,2022-10-04 11:13:53.570133,0.07,0.34,0.76,-16.78,-16.24,24.17,47.24,114.71,-71.17,1
a,2022-10-04 11:13:53.590335,0.03,0.45,0.84,-18.01,-17.58,21.97,48.23,110.78,-68.88,1
a,2022-10-04 11:13:53.608673,0.06,0.60,0.93,-25.21,-13.43,10.93,48.23,110.78,-68.88,1
a,2022-10-04 11:13:53.627535,0.06,0.67,0.99,-22.40,-13.98,3.97,48.23,110.78,-68.88,1
a,2022-10-04 11:13:53.647102,0.06,0.73,1.08,-13.18,-13.37,0.55,47.01,109.50,-69.34,1
a,2022-10-04 11:13:53.666435,0.09,0.73,1.09,7.32,-10.99,-1.10,47.01,109.50,-69.34,1
a,2022-10-04 11:13:53.686617,0.08,0.66,1.11,9.64,-8.67,-6.41,44.54,113.39,-71.79,1
a,2022-10-04 11:13:53.705902,0.12,0.58,1.12,7.26,-1.53,-14.28,44.54,113.39,-71.79,1
a,2022-10-04 11:13:53.724192,0.11,0.45,1.10,18.13,5.98,-17.46,44.54,113.39,-71.79,1
a,2022-10-04 11:13:53.743244,0.14,0.35,1.06,21.30,7.81,-19.04,41.74,118.85,-76.34,1
a,2022-10-04 11:13:53.761245,0.16,0.24,1.00,26.55,7.93,-16.42,41.74,118.85,-76.34,1
a,2022-10-04 11:13:53.779387,0.15,0.16,0.98,35.95,5.49,-8.48,41.74,118.85,-76.34,1
a,2022-10-04 11:13:53.798822,0.13,0.10,0.90,29.79,8.79,-10.31,39.95,122.50,-76.98,1
a,2022-10-04 11:13:53.818849,0.12,0.10,0.85,21.24,11.29,-11.23,39.95,122.50,-76.98,1
a,2022-10-04 11:13:53.838334,0.10,0.10,0.82,13.73,11.96,-9.46,39.65,123.14,-79.08,1
a,2022-10-04 11:13:53.857992,0.09,0.12,0.76,10.07,7.14,-3.17,39.65,123.14,-79.08,1
a,2022-10-04 11:13:53.875907,0.06,0.10,0.72,9.64,1.34,1.10,39.65,123.14,-79.08,1
a,2022-10-04 11:13:53.895809,0.07,0.12,0.76,-1.10,-5.86,-0.55,40.38,122.95,-77.67,1
a,2022-10-04 11:13:53.913890,0.06,0.12,0.57,-15.87,8.24,-9.22,40.38,122.95,-77.67,1
a,2022-10-04 11:13:53.933391,0.04,0.06,0.63,12.33,-10.62,15.56,40.38,122.95,-77.67,1
a,2022-10-04 11:13:53.953113,0.05,0.20,0.73,3.05,-20.57,19.35,39.98,123.57,-77.73,1
a,2022-10-04 11:13:53.971629,0.05,0.26,0.78,-17.33,-16.42,9.28,39.98,123.57,-77.73,1
a,2022-10-04 11:13:53.992268,0.04,0.32,0.84,-34.97,-16.36,2.38,38.95,122.28,-79.17,1
a,2022-10-04 11:13:54.009892,0.07,0.50,0.96,-41.26,-17.58,1.77,38.95,122.28,-79.17,1
a,2022-10-04 11:13:54.027420,0.09,0.68,1.13,-17.64,-14.16,1.59,38.95,122.28,-79.17,1
a,2022-10-04 11:13:54.047022,0.11,0.68,1.21,5.31,-6.10,2.93,36.10,123.36,-80.52,1
a,2022-10-04 11:13:54.064934,0.12,0.54,1.18,26.00,-4.27,7.20,36.10,123.36,-80.52,1
a,2022-10-04 11:13:54.084083,0.12,0.40,1.12,23.19,-4.21,0.06,32.92,126.93,-82.25,1
a,2022-10-04 11:13:54.103448,0.15,0.15,0.95,25.76,0.31,-1.16,32.92,126.93,-82.25,1
a,2022-10-04 11:13:54.122368,0.12,0.01,0.85,37.05,-1.16,8.48,32.92,126.93,-82.25,1
a,2022-10-04 11:13:54.142693,0.07,-0.04,0.84,52.25,-3.11,24.23,31.19,129.82,-82.73,1
a,2022-10-04 11:13:54.160111,0.06,0.04,0.86,-9.64,5.86,-12.63,31.19,129.82,-82.73,1
a,2022-10-04 11:13:54.178071,0.02,0.31,0.93,-30.64,8.42,-28.20,31.19,129.82,-82.73,1
a,2022-10-04 11:13:54.197755,-0.16,0.41,1.04,-35.95,-14.53,-30.27,30.71,129.75,-82.43,1
a,2022-10-04 11:13:54.216668,-0.43,0.38,1.28,-37.54,19.29,-16.24,30.71,129.75,-82.43,1
a,2022-10-04 11:13:54.236609,0.13,0.66,1.00,-21.12,44.49,0.31,29.39,126.04,-80.92,1
a,2022-10-04 11:13:54.255272,0.15,0.54,0.94,7.20,36.44,-2.38,29.39,126.04,-80.92,1
a,2022-10-04 11:13:54.274942,0.16,0.42,0.79,25.45,29.97,-1.65,29.39,126.04,-80.92,1
a,2022-10-04 11:13:54.294797,0.30,0.34,0.64,10.99,14.59,-7.39,28.28,124.00,-81.35,1
a,2022-10-04 11:13:54.312810,0.31,0.35,0.66,3.17,-3.91,-13.49,28.28,124.00,-81.35,1
a,2022-10-04 11:13:54.333323,0.21,0.32,0.73,0.37,-12.39,-16.97,28.28,124.00,-81.35,1
a,2022-10-04 11:13:54.353848,0.11,0.28,0.87,-8.67,-11.17,-20.57,23.47,123.73,-82.59,1
a,2022-10-04 11:13:54.374099,0.18,0.32,0.87,-12.39,-9.52,-18.80,23.47,123.73,-82.59,1
a,2022-10-04 11:13:54.392911,0.18,0.29,0.95,-2.81,-10.31,-16.91,18.76,123.80,-84.78,1
a,2022-10-04 11:13:54.411280,0.15,0.27,1.00,0.79,-9.83,-18.68,18.76,123.80,-84.78,1
a,2022-10-04 11:13:54.429481,0.12,0.22,1.01,0.24,-6.04,-20.51,18.76,123.80,-84.78,1
a,2022-10-04 11:13:54.449625,0.13,0.22,1.02,-2.44,0.92,-19.10,13.33,123.54,-86.32,1
a,2022-10-04 11:13:54.467976,0.16,0.21,1.00,-3.30,7.20,-17.33,13.33,123.54,-86.32,1
a,2022-10-04 11:13:54.489191,0.15,0.20,1.00,3.91,8.12,-11.23,11.28,122.29,-87.87,1
a,2022-10-04 11:13:54.507703,0.23,0.23,0.93,6.16,9.34,-7.57,11.28,122.29,-87.87,1
a,2022-10-04 11:13:54.526237,0.23,0.23,0.90,7.87,6.77,-9.70,11.28,122.29,-87.87,1
a,2022-10-04 11:13:54.546744,0.19,0.25,0.91,3.11,4.82,-14.34,10.62,123.02,-90.11,1
a,2022-10-04 11:13:54.565180,0.16,0.28,0.92,-2.08,5.31,-16.36,10.62,123.02,-90.11,1
a,2022-10-04 11:13:54.584246,0.19,0.30,0.88,-1.34,3.54,-12.76,10.45,122.05,-91.36,1
a,2022-10-04 11:13:54.603915,0.20,0.30,0.87,4.76,1.10,-7.20,10.45,122.05,-91.36,1
a,2022-10-04 11:13:54.622984,0.23,0.35,0.86,7.45,-4.03,-9.52,10.45,122.05,-91.36,1
a,2022-10-04 11:13:54.642875,0.18,0.32,0.92,7.51,-5.92,-16.24,8.85,122.84,-92.33,1
a,2022-10-04 11:13:54.661486,0.15,0.30,0.92,0.98,-3.60,-21.18,8.85,122.84,-92.33,1
a,2022-10-04 11:13:54.680495,0.16,0.30,0.97,0.85,-2.01,-15.69,8.85,122.84,-92.33,1
a,2022-10-04 11:13:54.699931,0.06,0.11,1.16,15.93,8.67,2.32,8.14,122.88,-95.63,1
a,2022-10-04 11:13:54.718767,0.19,0.26,1.06,-2.62,14.89,5.86,8.14,122.88,-95.63,1
a,2022-10-04 11:13:54.737913,0.20,0.23,1.00,9.89,6.29,-3.54,9.61,123.06,-94.73,1
a,2022-10-04 11:13:54.757498,0.18,0.12,0.92,12.51,-1.89,-3.60,9.61,123.06,-94.73,1
a,2022-10-04 11:13:54.774895,0.17,0.12,0.88,11.23,-2.20,-0.61,9.61,123.06,-94.73,1
a,2022-10-04 11:13:54.793242,0.16,0.10,0.81,7.63,1.77,4.15,11.05,123.30,-94.85,1
a,2022-10-04 11:13:54.811845,0.13,0.05,0.78,-2.20,-1.22,17.52,11.05,123.30,-94.85,1
a,2022-10-04 11:13:54.832997,0.12,0.11,0.77,3.78,-5.86,31.62,13.01,124.55,-94.01,1
a,2022-10-04 11:13:54.851681,0.11,0.16,0.78,6.59,-10.99,34.36,13.01,124.55,-94.01,1
a,2022-10-04 11:13:54.870651,0.08,0.12,0.73,-0.73,-12.76,30.94,13.01,124.55,-94.01,1
a,2022-10-04 11:13:54.890941,0.08,0.18,0.72,-9.28,-16.85,33.08,15.27,127.95,-92.70,1
a,2022-10-04 11:13:54.909368,0.06,0.30,0.78,-11.84,-20.02,35.28,15.27,127.95,-92.70,1
a,2022-10-04 11:13:54.927307,0.08,0.44,0.87,-24.23,-14.34,24.17,15.27,127.95,-92.70,1
a,2022-10-04 11:13:54.947523,0.07,0.54,0.92,-24.72,-15.56,20.45,15.22,129.19,-91.11,1
a,2022-10-04 11:13:54.966630,0.07,0.60,1.01,-15.44,-21.06,17.21,15.22,129.19,-91.11,1
a,2022-10-04 11:13:54.986316,0.10,0.66,1.10,-5.49,-16.66,8.91,12.79,130.36,-91.89,1
a,2022-10-04 11:13:55.004262,0.09,0.66,1.11,8.97,-10.86,5.55,12.79,130.36,-91.89,1
a,2022-10-04 11:13:55.022843,0.08,0.58,1.09,23.56,-8.18,6.35,12.79,130.36,-91.89,1
a,2022-10-04 11:13:55.043017,0.10,0.53,1.10,14.83,-7.20,-9.64,9.25,131.24,-91.22,1
a,2022-10-04 11:13:55.060796,0.11,0.42,1.11,9.34,1.95,-14.28,9.25,131.24,-91.22,1
a,2022-10-04 11:13:55.079416,0.13,0.37,1.09,10.01,7.93,-17.33,9.25,131.24,-91.22,1
a,2022-10-04 11:13:55.099737,0.15,0.30,1.08,12.27,11.41,-20.39,5.79,130.08,-93.43,1
a,2022-10-04 11:13:55.117921,0.15,0.22,1.03,19.65,12.21,-17.70,5.79,130.08,-93.43,1
a,2022-10-04 11:13:55.138883,0.15,0.21,1.01,23.44,11.72,-15.87,5.02,127.83,-93.70,1
a,2022-10-04 11:13:55.157330,0.13,0.19,0.95,20.20,15.01,-18.55,5.02,127.83,-93.70,1
a,2022-10-04 11:13:55.176272,0.12,0.13,0.86,16.05,15.93,-17.15,5.02,127.83,-93.70,1
a,2022-10-04 11:13:55.194334,0.11,0.10,0.83,15.20,13.79,-10.19,6.67,126.83,-94.10,1
a,2022-10-04 11:13:55.212940,0.11,0.02,0.78,16.42,10.19,-3.54,6.67,126.83,-94.10,1
a,2022-10-04 11:13:55.234737,0.09,-0.03,0.72,15.81,-3.78,5.74,8.30,125.49,-93.96,1
a,2022-10-04 11:13:55.253674,0.06,-0.01,0.70,-7.14,-9.09,-3.30,8.30,125.49,-93.96,1
a,2022-10-04 11:13:55.272850,0.10,0.13,0.79,-68.36,1.77,-30.09,8.30,125.49,-93.96,1
a,2022-10-04 11:13:55.292082,0.04,0.10,0.72,25.21,11.05,22.46,8.69,124.58,-94.29,1
a,2022-10-04 11:13:55.310344,0.06,0.25,0.77,1.83,-8.18,19.35,8.69,124.58,-94.29,1
a,2022-10-04 11:13:55.330246,0.06,0.23,0.76,-2.14,-13.00,20.26,8.09,126.27,-93.75,1
a,2022-10-04 11:13:55.348706,0.05,0.34,0.82,-18.86,-20.20,13.31,8.09,126.27,-93.75,1
a,2022-10-04 11:13:55.368040,0.07,0.49,0.92,-27.53,-21.00,8.06,8.09,126.27,-93.75,1
a,2022-10-04 11:13:55.388366,0.10,0.60,1.06,-25.63,-16.60,1.83,5.03,126.09,-94.82,1
a,2022-10-04 11:13:55.407011,0.13,0.59,1.15,8.61,-0.06,3.85,5.03,126.09,-94.82,1
a,2022-10-04 11:13:55.426468,0.14,0.42,1.14,29.72,-1.04,5.74,5.03,126.09,-94.82,1
a,2022-10-04 11:13:55.446313,0.14,0.30,1.11,25.51,-8.06,-4.33,1.38,127.87,-93.32,1
a,2022-10-04 11:13:55.465036,0.11,0.18,1.00,23.50,-11.17,-8.79,1.38,127.87,-93.32,1
a,2022-10-04 11:13:55.485830,0.10,0.12,0.95,18.25,-12.94,-16.66,-1.66,127.97,-92.94,1
a,2022-10-04 11:13:55.504427,0.08,0.11,0.89,2.26,-8.79,-25.70,-1.66,127.97,-92.94,1
a,2022-10-04 11:13:55.523663,0.06,0.19,0.89,-16.42,-8.30,-32.29,-1.66,127.97,-92.94,1
a,2022-10-04 11:13:55.543544,-0.02,0.28,0.96,-30.76,-8.18,-33.08,-3.94,127.04,-93.07,1
a,2022-10-04 11:13:55.562181,-0.14,0.26,1.03,-32.10,30.76,-6.84,-3.94,127.04,-93.07,1
a,2022-10-04 11:13:55.581453,0.13,0.43,0.96,-23.62,40.53,8.24,-1.50,124.21,-93.43,1
a,2022-10-04 11:13:55.600921,0.16,0.46,0.93,2.81,34.12,11.90,-1.50,124.21,-93.43,1
a,2022-10-04 11:13:55.619963,0.20,0.39,0.83,9.28,21.97,-1.59,-1.50,124.21,-93.43,1
a,2022-10-04 11:13:55.640174,0.22,0.33,0.80,0.73,12.63,-10.44,1.07,122.00,-93.14,1
a,2022-10-04 11:13:55.658371,0.21,0.36,0.79,-8.00,4.03,-16.85,1.07,122.00,-93.14,1
a,2022-10-04 11:13:55.676943,0.21,0.43,0.81,-5.92,-6.59,-14.22,1.07,122.00,-93.14,1
a,2022-10-04 11:13:55.697277,0.14,0.43,0.91,-3.54,-9.28,-15.99,-0.10,118.32,-91.76,1
a,2022-10-04 11:13:55.714877,0.14,0.41,0.94,-3.30,-5.07,-17.33,-0.10,118.32,-91.76,1
a,2022-10-04 11:13:55.736024,0.19,0.41,0.95,3.91,-5.19,-17.27,-3.66,115.92,-91.97,1
a,2022-10-04 11:13:55.753897,0.15,0.32,0.99,6.16,-2.93,-18.43,-3.66,115.92,-91.97,1
a,2022-10-04 11:13:55.773327,0.14,0.26,1.01,8.42,-2.01,-18.68,-3.66,115.92,-91.97,1
a,2022-10-04 11:13:55.793465,0.13,0.21,1.00,7.51,3.36,-17.09,-6.13,112.94,-93.15,1
a,2022-10-04 11:13:55.811600,0.15,0.18,0.99,8.42,7.93,-12.02,-6.13,112.94,-93.15,1
a,2022-10-04 11:13:55.831806,0.16,0.18,0.96,2.56,10.74,-13.73,-6.27,109.18,-93.48,1
a,2022-10-04 11:13:55.850245,0.22,0.14,0.86,2.87,10.62,-12.88,-6.27,109.18,-93.48,1
a,2022-10-04 11:13:55.868238,0.24,0.12,0.85,8.73,6.16,-8.97,-6.27,109.18,-93.48,1
a,2022-10-04 11:13:55.887890,0.16,0.11,0.87,4.46,4.21,-9.95,-5.91,107.28,-94.18,1
a,2022-10-04 11:13:55.906514,0.13,0.17,0.91,-4.27,5.19,-9.16,-5.91,107.28,-94.18,1
a,2022-10-04 11:13:55.925463,0.19,0.30,0.92,-6.53,8.54,-7.57,-5.91,107.28,-94.18,1
a,2022-10-04 11:13:55.945604,0.22,0.31,0.90,-0.43,5.62,-7.26,-5.42,105.21,-93.66,1
a,2022-10-04 11:13:55.964427,0.21,0.29,0.91,8.24,-1.04,-5.31,-5.42,105.21,-93.66,1
a,2022-10-04 11:13:55.985848,0.22,0.29,0.90,10.13,-2.14,-7.69,-5.41,103.87,-94.90,1
a,2022-10-04 11:13:56.004006,0.20,0.24,0.89,7.32,-3.60,-11.54,-5.41,103.87,-94.90,1
a,2022-10-04 11:13:56.023274,0.14,0.23,0.96,-1.04,-4.09,-11.66,-5.41,103.87,-94.90,1
a,2022-10-04 11:13:56.044690,0.17,0.31,0.97,-1.53,-0.12,-10.68,-7.10,101.78,-96.47,1
a,2022-10-04 11:13:56.063637,0.21,0.29,0.96,3.30,-0.18,-10.25,-7.10,101.78,-96.47,1
a,2022-10-04 11:13:56.083978,-0.10,0.14,1.06,10.07,-2.44,-8.67,-6.82,99.96,-97.69,1
a,2022-10-04 11:13:56.103525,0.19,0.06,0.90,8.42,18.68,8.73,-6.82,99.96,-97.69,1
a,2022-10-04 11:13:56.121694,0.21,0.16,0.97,-0.92,7.93,1.83,-6.82,99.96,-97.69,1
a,2022-10-04 11:13:56.141593,0.19,0.09,0.94,-0.92,4.70,-0.37,-4.82,99.55,-96.72,1
a,2022-10-04 11:13:56.160150,0.18,0.14,0.92,-2.87,0.24,2.38,-4.82,99.55,-96.72,1
a,2022-10-04 11:13:56.178389,0.17,0.14,0.88,1.77,1.34,12.02,-3.85,99.89,-97.49,1
a,2022-10-04 11:13:56.197181,0.15,0.10,0.82,-6.90,-2.93,16.54,-3.85,99.89,-97.49,1
a,2022-10-04 11:13:56.217058,0.14,0.11,0.80,-2.08,-4.52,25.33,-3.85,99.89,-97.49,1
a,2022-10-04 11:13:56.235965,0.12,0.15,0.77,1.34,-8.06,30.88,-4.28,102.32,-98.74,1
a,2022-10-04 11:13:56.254966,0.10,0.17,0.77,8.91,-13.12,31.86,-4.28,102.32,-98.74,1
a,2022-10-04 11:13:56.275305,0.09,0.12,0.72,6.23,-14.34,31.31,-4.28,102.32,-98.74,1
a,2022-10-04 11:13:56.293969,0.07,0.15,0.71,2.26,-18.68,36.13,-6.31,106.74,-97.45,1
a,2022-10-04 11:13:56.312236,0.07,0.32,0.79,-16.66,-22.95,31.62,-6.31,106.74,-97.45,1
a,2022-10-04 11:13:56.332258,0.08,0.43,0.86,-26.79,-21.48,21.55,-10.83,110.53,-96.55,1
a,2022-10-04 11:13:56.350030,0.08,0.58,0.95,-34.73,-21.67,9.64,-10.83,110.53,-96.55,1
a,2022-10-04 11:13:56.369289,0.10,0.68,1.05,-14.77,-22.28,3.66,-10.83,110.53,-96.55,1
a,2022-10-04 11:13:56.388708,0.11,0.64,1.09,2.99,-20.87,1.59,-15.73,112.50,-95.70,1
a,2022-10-04 11:13:56.408274,0.11,0.58,1.09,12.21,-16.24,-0.98,-15.73,112.50,-95.70,1
a,2022-10-04 11:13:56.428908,0.13,0.49,1.11,9.70,-6.96,-6.59,-19.13,110.74,-93.30,1
a,2022-10-04 11:13:56.447250,0.13,0.46,1.13,3.48,-3.05,-13.79,-19.13,110.74,-93.30,1
a,2022-10-04 11:13:56.467092,0.14,0.43,1.14,1.71,0.06,-20.02,-19.13,110.74,-93.30,1
a,2022-10-04 11:13:56.487212,0.15,0.34,1.11,17.15,3.42,-19.04,-18.73,107.17,-93.19,1
a,2022-10-04 11:13:56.504707,0.15,0.27,1.07,19.23,6.23,-21.00,-18.73,107.17,-93.19,1
a,2022-10-04 11:13:56.523381,0.14,0.18,1.01,21.97,9.89,-19.59,-18.73,107.17,-93.19,1
a,2022-10-04 11:13:56.543616,0.14,0.12,0.97,25.02,13.31,-11.23,-16.14,104.03,-93.35,1
a,2022-10-04 11:13:56.561632,0.12,0.12,0.92,20.69,14.83,-9.95,-16.14,104.03,-93.35,1
a,2022-10-04 11:13:56.581907,0.12,0.13,0.90,19.78,14.95,-9.95,-11.73,102.25,-95.85,1
a,2022-10-04 11:13:56.601341,0.10,0.12,0.83,21.06,11.47,-7.69,-11.73,102.25,-95.85,1
a,2022-10-04 11:13:56.620881,0.09,0.07,0.77,25.21,6.77,-2.38,-11.73,102.25,-95.85,1
a,2022-10-04 11:13:56.640336,0.07,0.02,0.71,21.91,2.08,3.05,-8.28,101.92,-95.37,1
a,2022-10-04 11:13:56.660574,0.09,0.08,0.78,-15.75,-7.02,-6.16,-8.28,101.92,-95.37,1
a,2022-10-04 11:13:56.681456,0.11,0.18,0.85,-38.33,6.47,-18.19,-7.98,100.43,-95.89,1
a,2022-10-04 11:13:56.698706,0.06,0.08,0.71,21.42,-3.48,22.09,-7.98,100.43,-95.89,1
a,2022-10-04 11:13:56.717378,0.09,0.25,0.84,7.51,-16.72,19.96,-7.98,100.43,-95.89,1
a,2022-10-04 11:13:56.738687,0.08,0.25,0.81,-6.65,-14.47,9.70,-11.02,103.43,-95.46,1
a,2022-10-04 11:13:56.756723,0.09,0.32,0.89,-22.77,-20.87,2.01,-11.02,103.43,-95.46,1
a,2022-10-04 11:13:56.777277,0.11,0.52,1.01,-17.03,-20.63,2.01,-15.04,103.12,-92.90,1
a,2022-10-04 11:13:56.796551,0.12,0.58,1.08,-2.14,-15.63,1.77,-15.04,103.12,-92.90,1
a,2022-10-04 11:13:56.815567,0.13,0.43,1.10,17.15,-6.29,1.10,-15.04,103.12,-92.90,1
a,2022-10-04 11:13:56.836064,0.13,0.35,1.09,19.84,-3.60,1.16,-17.87,102.47,-92.18,1
a,2022-10-04 11:13:56.853766,0.14,0.25,1.07,14.53,-4.03,-3.60,-17.87,102.47,-92.18,1
a,2022-10-04 11:13:56.873774,0.12,0.09,0.98,19.41,-4.03,-0.37,-17.87,102.47,-92.18,1
a,2022-10-04 11:13:56.893885,0.11,-0.03,0.92,26.00,-4.03,6.16,-16.33,102.33,-91.92,1
a,2022-10-04 11:13:56.911293,0.09,-0.04,0.89,9.64,1.46,6.77,-16.33,102.33,-91.92,1
a,2022-10-04 11:13:56.931372,0.09,0.10,0.91,-30.27,4.33,-14.04,-16.27,102.34,-92.71,1
a,2022-10-04 11:13:56.951200,0.10,0.23,0.96,-55.36,3.78,-25.57,-16.27,102.34,-92.71,1
a,2022-10-04 11:13:56.969756,0.10,0.32,0.98,-52.73,0.00,-26.06,-16.27,102.34,-92.71,1
a,2022-10-04 11:13:56.990329,0.09,0.36,0.97,-17.21,-6.35,-16.60,-16.74,98.73,-91.27,1
a,2022-10-04 11:13:57.009538,0.08,0.33,0.95,7.69,-9.16,-9.46,-16.74,98.73,-91.27,1
a,2022-10-04 11:13:57.029250,0.08,0.33,0.94,40.41,-6.41,-2.75,-17.19,99.73,-92.57,1
a,2022-10-04 11:13:57.048515,-0.11,0.33,0.94,47.12,3.30,0.98,-17.19,99.73,-92.57,1
a,2022-10-04 11:13:57.067736,-0.24,0.22,1.03,-18.31,18.98,-17.21,-17.19,99.73,-92.57,1
a,2022-10-04 11:13:57.086937,0.09,0.33,0.93,-12.45,31.37,7.26,-14.67,100.92,-91.83,1
a,2022-10-04 11:13:57.106884,0.17,0.44,0.93,4.27,25.02,4.88,-14.67,100.92,-91.83,1
a,2022-10-04 11:13:57.126652,0.13,0.33,0.91,8.54,17.82,-3.91,-10.44,100.44,-90.87,1
a,2022-10-04 11:13:57.145429,0.18,0.28,0.88,-7.14,11.29,-16.72,-10.44,100.44,-90.87,1
a,2022-10-04 11:13:57.164729,0.20,0.34,0.87,-5.55,5.19,-16.36,-10.44,100.44,-90.87,1
a,2022-10-04 11:13:57.185023,0.21,0.36,0.89,1.28,0.85,-15.38,-8.54,98.99,-89.16,1
a,2022-10-04 11:13:57.204871,0.22,0.35,0.91,1.65,-3.36,-20.14,-8.54,98.99,-89.16,1
a,2022-10-04 11:13:57.224103,0.23,0.33,0.92,2.75,-5.86,-22.34,-8.54,98.99,-89.16,1
a,2022-10-04 11:13:57.243707,0.18,0.28,0.96,9.95,-5.86,-20.39,-6.47,96.45,-87.54,1
a,2022-10-04 11:13:57.262408,0.13,0.20,1.00,11.47,-1.89,-17.40,-6.47,96.45,-87.54,1
a,2022-10-04 11:13:57.281467,0.19,0.20,0.99,8.12,2.20,-16.60,-4.14,95.15,-88.17,1
a,2022-10-04 11:13:57.300625,0.23,0.18,0.97,8.54,2.93,-19.23,-4.14,95.15,-88.17,1
a,2022-10-04 11:13:57.319438,0.18,0.11,0.98,10.19,2.62,-20.02,-4.14,95.15,-88.17,1
a,2022-10-04 11:13:57.339174,0.18,0.08,0.94,8.24,4.46,-18.25,-1.68,94.40,-86.93,1
a,2022-10-04 11:13:57.358657,0.19,0.07,0.89,8.42,4.39,-9.89,-1.68,94.40,-86.93,1
a,2022-10-04 11:13:57.378733,0.24,0.15,0.88,5.80,0.12,-11.60,0.37,93.29,-89.37,1
a,2022-10-04 11:13:57.397829,0.19,0.14,0.89,8.67,-2.99,-10.56,0.37,93.29,-89.37,1
a,2022-10-04 11:13:57.416291,0.18,0.18,0.90,5.19,-2.20,-10.74,0.37,93.29,-89.37,1
a,2022-10-04 11:13:57.437176,0.15,0.22,0.96,7.20,-2.32,-12.57,1.14,92.81,-91.67,1
a,2022-10-04 11:13:57.454839,0.17,0.21,0.93,10.13,-0.43,-12.57,1.14,92.81,-91.67,1
a,2022-10-04 11:13:57.475241,0.18,0.14,0.95,15.81,-2.38,-8.12,1.97,93.43,-92.27,1
a,2022-10-04 11:13:57.494249,0.11,-0.09,0.99,6.04,12.88,4.15,1.97,93.43,-92.27,1
a,2022-10-04 11:13:57.511946,0.18,0.10,1.04,-20.14,8.00,2.62,1.97,93.43,-92.27,1
a,2022-10-04 11:13:57.530922,0.20,0.12,0.99,-6.47,6.16,-1.04,3.89,91.38,-92.44,1
a,2022-10-04 11:13:57.550728,0.16,0.10,0.94,0.43,0.43,3.78,3.89,91.38,-92.44,1
a,2022-10-04 11:13:57.568731,0.14,0.07,0.86,13.49,2.87,14.59,3.89,91.38,-92.44,1
a,2022-10-04 11:13:57.588278,0.14,0.04,0.79,9.22,1.40,21.36,4.17,92.49,-93.16,1
a,2022-10-04 11:13:57.606757,0.10,0.03,0.80,-14.40,-5.00,25.02,4.17,92.49,-93.16,1
a,2022-10-04 11:13:57.626008,0.11,0.13,0.80,-6.41,-5.86,32.29,3.45,92.33,-92.08,1
a,2022-10-04 11:13:57.645747,0.11,0.18,0.80,2.38,-8.42,30.46,3.45,92.33,-92.08,1
a,2022-10-04 11:13:57.664718,0.08,0.14,0.76,-2.50,-12.02,29.30,3.45,92.33,-92.08,1
a,2022-10-04 11:13:57.685463,0.08,0.18,0.75,-2.01,-15.69,33.14,-1.00,93.57,-93.30,1
a,2022-10-04 11:13:57.704907,0.08,0.26,0.79,-19.10,-16.60,27.22,-1.00,93.57,-93.30,1
a,2022-10-04 11:13:57.723619,0.09,0.46,0.89,-30.27,-14.10,19.65,-6.85,93.52,-90.54,1
a,2022-10-04 11:13:57.742035,0.11,0.54,0.99,-28.99,-13.43,11.54,-6.85,93.52,-90.54,1
a,2022-10-04 11:13:57.760491,0.11,0.56,1.05,-2.44,-20.02,9.28,-6.85,93.52,-90.54,1
a,2022-10-04 11:13:57.780703,0.14,0.52,1.12,16.36,-22.95,6.77,-11.10,94.80,-89.09,1
a,2022-10-04 11:13:57.799112,0.13,0.43,1.12,18.07,-19.04,-1.40,-11.10,94.80,-89.09,1
a,2022-10-04 11:13:57.819251,0.12,0.41,1.11,9.40,-12.94,-13.31,-11.10,94.80,-89.09,1
a,2022-10-04 11:13:57.837969,0.14,0.41,1.14,-2.20,-6.84,-19.84,-11.94,95.97,-87.92,1
a,2022-10-04 11:13:57.857538,0.14,0.38,1.15,0.49,-2.32,-21.91,-11.94,95.97,-87.92,1
a,2022-10-04 11:13:57.876879,0.15,0.31,1.13,25.09,5.07,-16.97,-10.53,95.24,-90.09,1
a,2022-10-04 11:13:57.895660,0.15,0.18,1.09,24.84,8.67,-14.53,-10.53,95.24,-90.09,1
a,2022-10-04 11:13:57.914804,0.14,0.12,1.04,27.28,12.33,-13.85,-10.53,95.24,-90.09,1
a,2022-10-04 11:13:57.934874,0.12,0.09,0.97,25.63,13.67,-12.63,-6.77,95.04,-90.28,1
a,2022-10-04 11:13:57.952721,0.11,0.07,0.92,27.10,14.89,-5.68,-6.77,95.04,-90.28,1
a,2022-10-04 11:13:57.971538,0.10,0.08,0.87,27.10,15.50,-3.17,-6.77,95.04,-90.28,1
a,2022-10-04 11:13:57.991168,0.09,0.08,0.84,25.09,15.01,-2.32,-2.59,95.35,-92.20,1
a,2022-10-04 11:13:58.008743,0.09,0.09,0.80,22.28,10.74,-0.79,-2.59,95.35,-92.20,1
a,2022-10-04 11:13:58.027661,0.07,-0.01,0.74,23.38,5.00,2.62,0.43,96.30,-92.92,1
a,2022-10-04 11:13:58.045461,0.06,-0.04,0.71,16.30,-4.70,4.21,0.43,96.30,-92.92,1
a,2022-10-04 11:13:58.064667,0.09,0.09,0.82,-5.74,-0.92,-5.55,0.43,96.30,-92.92,1
a,2022-10-04 11:13:58.084551,0.11,0.12,0.87,-13.73,16.11,-10.99,0.98,97.33,-92.85,1
a,2022-10-04 11:13:58.103458,0.07,0.03,0.74,0.92,-20.32,11.23,0.98,97.33,-92.85,1
a,2022-10-04 11:13:58.123722,0.08,0.11,0.82,3.91,-20.45,14.89,-2.44,96.70,-91.54,1
a,2022-10-04 11:13:58.143346,0.09,0.12,0.83,-26.79,-19.71,4.58,-2.44,96.70,-91.54,1
a,2022-10-04 11:13:58.161919,0.10,0.32,0.97,-35.16,-23.44,4.94,-2.44,96.70,-91.54,1
a,2022-10-04 11:13:58.181623,0.14,0.47,1.10,-27.89,-21.18,2.69,-7.92,96.66,-90.59,1
a,2022-10-04 11:13:58.202212,0.14,0.49,1.18,0.98,-14.77,-0.49,-7.92,96.66,-90.59,1
a,2022-10-04 11:13:58.222147,0.14,0.39,1.14,14.65,-10.07,-3.11,-7.92,96.66,-90.59,1
a,2022-10-04 11:13:58.240587,0.14,0.29,1.13,7.75,-9.09,-11.11,-10.14,97.66,-88.71,1
a,2022-10-04 11:13:58.261156,0.12,0.19,1.07,1.83,-3.60,-14.83,-10.14,97.66,-88.71,1
a,2022-10-04 11:13:58.281907,0.11,0.08,1.00,10.13,-0.37,-5.37,-10.14,96.73,-89.73,1
a,2022-10-04 11:13:58.302227,0.08,-0.06,0.90,18.37,-2.50,4.39,-10.14,96.73,-89.73,1
a,2022-10-04 11:13:58.325468,0.08,-0.11,0.86,-14.40,-5.80,5.00,-10.17,96.83,-89.16,1
a,2022-10-04 11:13:58.343764,0.08,0.05,0.91,-37.11,-0.06,-16.24,-10.17,96.83,-89.16,1
a,2022-10-04 11:13:58.362467,0.09,0.20,0.97,-60.49,1.10,-26.49,-10.17,96.83,-89.16,1
a,2022-10-04 11:13:58.382078,0.10,0.33,0.98,-45.35,-4.21,-22.46,-10.58,93.49,-90.14,1
a,2022-10-04 11:13:58.400687,0.09,0.32,0.99,-20.69,-7.14,-12.94,-10.58,93.49,-90.14,1
a,2022-10-04 11:13:58.421731,0.08,0.31,0.97,18.74,-10.56,-4.58,-10.52,92.57,-90.19,1
a,2022-10-04 11:13:58.440417,0.06,0.24,0.96,37.78,-8.79,-1.04,-10.52,92.57,-90.19,1
a,2022-10-04 11:13:58.459279,-0.04,0.28,0.98,39.92,8.00,-1.71,-10.52,92.57,-90.19,1
a,2022-10-04 11:13:58.478896,-0.18,0.15,0.99,-19.53,28.02,-13.73,-9.63,95.26,-90.09,1
a,2022-10-04 11:13:58.498011,0.12,0.36,0.96,-14.10,32.90,1.83,-9.63,95.26,-90.09,1
a,2022-10-04 11:13:58.518246,0.18,0.41,0.96,2.14,27.65,2.20,-9.63,95.26,-90.09,1
a,2022-10-04 11:13:58.538535,0.19,0.32,0.90,2.93,21.12,-11.54,-6.38,94.09,-89.78,1
a,2022-10-04 11:13:58.558092,0.17,0.26,0.88,-2.50,17.21,-17.70,-6.38,94.09,-89.78,1
a,2022-10-04 11:13:58.577601,0.19,0.29,0.88,1.71,11.23,-16.42,-3.49,93.53,-89.22,1
a,2022-10-04 11:13:58.596014,0.21,0.34,0.88,9.16,5.31,-14.10,-3.49,93.53,-89.22,1
a,2022-10-04 11:13:58.614481,0.23,0.36,0.91,11.23,-0.37,-16.24,-3.49,93.53,-89.22,1
a,2022-10-04 11:13:58.634080,0.21,0.36,0.94,14.04,-2.99,-20.26,-1.49,92.24,-88.99,1
a,2022-10-04 11:13:58.652587,0.15,0.25,0.97,10.50,-0.31,-27.16,-1.49,92.24,-88.99,1
a,2022-10-04 11:13:58.672918,0.18,0.20,0.96,14.34,1.34,-22.34,0.20,89.05,-88.28,1
a,2022-10-04 11:13:58.691249,0.18,0.17,0.96,16.85,2.08,-21.06,0.20,89.05,-88.28,1
a,2022-10-04 11:13:58.710929,0.23,0.10,0.93,12.02,2.44,-24.60,0.20,89.05,-88.28,1
a,2022-10-04 11:13:58.729985,0.18,0.01,0.94,14.83,-0.49,-23.19,4.52,85.79,-88.54,1
a,2022-10-04 11:13:58.748328,0.12,-0.03,0.96,16.78,-1.34,-16.36,4.52,85.79,-88.54,1
a,2022-10-04 11:13:58.767252,0.17,-0.03,0.91,16.85,0.55,-6.47,4.52,85.79,-88.54,1
a,2022-10-04 11:13:58.787982,0.20,-0.03,0.88,15.01,-1.53,-5.37,7.43,84.70,-86.00,1
a,2022-10-04 11:13:58.805887,0.16,-0.05,0.88,14.47,-5.43,-2.62,7.43,84.70,-86.00,1
a,2022-10-04 11:13:58.826451,0.14,0.00,0.95,7.75,-5.19,-0.24,9.09,83.22,-88.79,1
a,2022-10-04 11:13:58.844617,0.17,0.06,0.94,-1.53,-1.34,-3.60,9.09,83.22,-88.79,1
a,2022-10-04 11:13:58.862627,0.17,0.11,0.98,-4.70,-2.38,-6.23,9.09,83.22,-88.79,1
a,2022-10-04 11:13:58.881539,0.16,0.13,1.01,-2.93,-2.62,-6.84,8.92,81.75,-88.38,1
a,2022-10-04 11:13:58.901130,0.17,0.10,0.96,-26.12,10.07,-3.05,8.92,81.75,-88.38,1
a,2022-10-04 11:13:58.921098,0.19,0.18,1.08,-14.83,2.32,-0.43,10.05,79.92,-88.90,1
a,2022-10-04 11:13:58.940172,0.18,0.11,1.01,7.08,6.04,2.75,10.05,79.92,-88.90,1
a,2022-10-04 11:13:58.959622,0.14,0.02,0.94,13.24,4.58,7.93,10.05,79.92,-88.90,1
a,2022-10-04 11:13:58.980061,0.12,-0.06,0.86,14.40,5.62,15.26,11.89,81.34,-89.23,1
a,2022-10-04 11:13:58.998877,0.11,-0.07,0.79,-0.43,3.05,24.72,11.89,81.34,-89.23,1
a,2022-10-04 11:13:59.018183,0.10,-0.08,0.80,-9.83,-1.04,26.43,11.89,81.34,-89.23,1
a,2022-10-04 11:13:59.039145,0.10,-0.02,0.79,-8.79,-4.27,32.59,10.16,82.81,-90.33,1
a,2022-10-04 11:13:59.058200,0.09,0.08,0.78,8.00,-9.95,40.83,10.16,82.81,-90.33,1
a,2022-10-04 11:13:59.078366,0.09,0.10,0.76,1.46,-12.51,35.83,3.94,86.60,-90.14,1
a,2022-10-04 11:13:59.096894,0.10,0.23,0.80,-15.14,-17.52,27.71,3.94,86.60,-90.14,1
a,2022-10-04 11:13:59.116971,0.09,0.37,0.87,-18.92,-19.47,20.63,3.94,86.60,-90.14,1
a,2022-10-04 11:13:59.136598,0.11,0.47,0.95,-18.68,-21.06,14.34,-2.51,88.75,-91.19,1
a,2022-10-04 11:13:59.155663,0.11,0.53,1.04,-7.87,-19.10,2.99,-2.51,88.75,-91.19,1
a,2022-10-04 11:13:59.176087,0.12,0.50,1.04,3.78,-18.92,-0.24,-7.52,90.23,-89.92,1
a,2022-10-04 11:13:59.194717,0.12,0.44,1.06,11.11,-17.76,-5.86,-7.52,90.23,-89.92,1
a,2022-10-04 11:13:59.213378,0.12,0.35,1.07,6.71,-13.85,-11.47,-7.52,90.23,-89.92,1
a,2022-10-04 11:13:59.232637,0.13,0.30,1.08,-0.37,-8.91,-17.88,-9.39,89.18,-89.25,1
a,2022-10-04 11:13:59.253001,0.13,0.28,1.11,-3.30,-5.68,-21.61,-9.39,89.18,-89.25,1
a,2022-10-04 11:13:59.273105,0.15,0.23,1.16,1.34,0.12,-20.45,-7.80,85.22,-90.65,1
a,2022-10-04 11:13:59.290793,0.16,0.20,1.16,6.90,3.72,-20.51,-7.80,85.22,-90.65,1
a,2022-10-04 11:13:59.309848,0.14,0.11,1.12,29.36,7.57,-15.56,-7.80,85.22,-90.65,1
a,2022-10-04 11:13:59.329805,0.13,0.02,1.04,23.62,10.62,-9.89,-1.71,82.43,-89.18,1
a,2022-10-04 11:13:59.348338,0.11,-0.04,0.96,24.41,13.43,-4.94,-1.71,82.43,-89.18,1
a,2022-10-04 11:13:59.366442,0.10,-0.04,0.93,22.89,14.77,0.18,-1.71,82.43,-89.18,1
a,2022-10-04 11:13:59.386037,0.10,-0.03,0.88,12.02,16.30,-0.73,4.28,82.59,-88.50,1
a,2022-10-04 11:13:59.405385,0.09,0.04,0.85,6.04,15.26,-1.89,4.28,82.59,-88.50,1
a,2022-10-04 11:13:59.425157,0.09,0.07,0.84,4.64,12.21,-1.65,8.80,81.93,-87.51,1
a,2022-10-04 11:13:59.443615,0.08,0.05,0.78,12.82,4.88,1.89,8.80,81.93,-87.51,1
a,2022-10-04 11:13:59.461599,0.08,0.01,0.77,13.79,-4.52,3.97,8.80,81.93,-87.51,1
a,2022-10-04 11:13:59.481897,0.10,0.10,0.84,6.65,2.87,-1.28,9.67,81.95,-88.29,1
a,2022-10-04 11:13:59.499949,-0.03,0.01,0.45,14.04,1.71,2.50,9.67,81.95,-88.29,1
a,2022-10-04 11:13:59.520826,0.07,0.08,0.80,-1.22,-24.48,7.32,7.86,82.60,-88.70,1
a,2022-10-04 11:13:59.539468,0.09,0.07,0.84,-1.71,-21.85,5.31,7.86,82.60,-88.70,1
a,2022-10-04 11:13:59.558937,0.09,0.09,0.87,-20.20,-22.28,-1.65,7.86,82.60,-88.70,1
a,2022-10-04 11:13:59.578305,0.12,0.28,1.04,-22.58,-20.87,-2.75,2.31,82.12,-89.26,1
a,2022-10-04 11:13:59.596958,0.14,0.33,1.10,-15.99,-18.13,-3.72,2.31,82.12,-89.26,1
a,2022-10-04 11:13:59.615645,0.14,0.33,1.16,5.98,-11.90,-2.26,2.31,82.12,-89.26,1
a,2022-10-04 11:13:59.636169,0.13,0.21,1.11,11.23,-7.63,-4.03,-1.54,81.70,-87.87,1
a,2022-10-04 11:13:59.655253,0.13,0.15,1.09,9.09,-5.62,-5.07,-1.54,81.70,-87.87,1
a,2022-10-04 11:13:59.675189,0.10,0.04,1.04,7.20,-2.93,-4.15,-1.17,81.15,-87.70,1
a,2022-10-04 11:13:59.694994,0.09,-0.04,0.99,9.64,-1.59,1.04,-1.17,81.15,-87.70,1
a,2022-10-04 11:13:59.713652,0.09,-0.06,0.95,-0.67,-3.97,2.93,-1.17,81.15,-87.70,1
a,2022-10-04 11:13:59.734104,0.09,0.04,0.95,-23.44,-5.00,-10.99,-0.52,81.25,-86.72,1
a,2022-10-04 11:13:59.753118,0.08,0.14,0.95,-36.32,-5.25,-18.86,-0.52,81.25,-86.72,1
a,2022-10-04 11:13:59.772752,0.07,0.20,0.96,-33.20,-5.37,-18.49,-1.26,79.69,-86.30,1
a,2022-10-04 11:13:59.792772,0.07,0.23,0.95,-13.00,-3.97,-10.50,-1.26,79.69,-86.30,1
a,2022-10-04 11:13:59.811920,0.07,0.20,0.95,1.83,-1.71,-5.19,-1.26,79.69,-86.30,1
a,2022-10-04 11:13:59.832804,0.08,0.17,0.97,20.39,0.24,-1.83,-1.77,79.36,-85.64,1
a,2022-10-04 11:13:59.851512,0.08,0.13,0.98,31.68,-1.28,-2.50,-1.77,79.36,-85.64,1
a,2022-10-04 11:13:59.875322,0.06,0.08,0.98,31.25,-2.50,-8.24,-1.48,80.80,-86.16,1
a,2022-10-04 11:13:59.895228,-0.19,-0.01,1.05,6.23,6.29,-19.04,-1.48,80.80,-86.16,1
a,2022-10-04 11:13:59.913916,-0.06,-0.14,0.95,-43.40,29.79,-13.92,-1.48,80.80,-86.16,1
a,2022-10-04 11:13:59.934222,0.05,-0.10,0.93,-41.14,28.81,-1.04,-0.56,81.67,-86.13,1
a,2022-10-04 11:13:59.954790,0.09,-0.18,0.85,-43.46,26.12,1.16,-0.56,81.67,-86.13,1
a,2022-10-04 11:13:59.976244,0.07,-0.32,0.77,-51.51,24.11,5.49,-1.65,83.58,-84.77,1
a,2022-10-04 11:13:59.995367,0.10,-0.29,0.75,-62.62,18.19,12.33,-1.65,83.58,-84.77,1
a,2022-10-04 11:14:00.012694,0.13,-0.26,0.73,-75.99,11.17,22.22,-1.65,83.58,-84.77,1
a,2022-10-04 11:14:00.031769,0.09,-0.23,0.78,-87.95,7.02,24.78,-5.26,86.73,-83.41,1
a,2022-10-04 11:14:00.050589,0.09,-0.12,0.80,-103.76,7.57,27.40,-5.26,86.73,-83.41,1
a,2022-10-04 11:14:00.070288,0.11,0.10,0.86,-97.72,4.76,42.18,-10.47,89.50,-79.93,1
a,2022-10-04 11:14:00.089727,0.09,0.34,0.97,-68.91,1.10,57.68,-10.47,89.50,-79.93,1
a,2022-10-04 11:14:00.109508,0.08,0.37,1.00,-41.75,1.95,71.66,-10.47,89.50,-79.93,1
a,2022-10-04 11:14:00.128884,0.06,0.42,1.00,-38.45,10.19,69.46,-13.99,95.53,-75.76,1
a,2022-10-04 11:14:00.146896,0.08,0.55,1.01,-45.59,14.28,65.31,-13.99,95.53,-75.76,1
a,2022-10-04 11:14:00.165597,0.12,0.68,0.99,-42.30,19.59,62.87,-13.39,102.58,-74.13,1
a,2022-10-04 11:14:00.183337,0.20,0.74,0.90,-33.08,22.58,53.89,-13.39,102.58,-74.13,1
a,2022-10-04 11:14:00.201827,0.25,0.79,0.79,-18.68,19.29,50.11,-13.39,102.58,-74.13,1
a,2022-10-04 11:14:00.222917,0.26,0.80,0.73,-10.93,15.20,42.18,-6.63,108.87,-74.21,1
a,2022-10-04 11:14:00.241153,0.22,0.74,0.72,-2.26,10.56,36.44,-6.63,108.87,-74.21,1
a,2022-10-04 11:14:00.260097,0.18,0.64,0.69,4.94,10.68,34.42,-6.63,108.87,-74.21,1
a,2022-10-04 11:14:00.280927,0.18,0.67,0.68,-7.08,7.57,25.33,-1.33,113.13,-73.58,1
a,2022-10-04 11:14:00.299471,0.17,0.72,0.72,-21.48,3.72,7.02,-1.33,113.13,-73.58,1
a,2022-10-04 11:14:00.319039,0.05,0.76,0.83,-23.38,0.49,0.55,4.55,114.78,-74.15,1
a,2022-10-04 11:14:00.336811,-0.03,0.74,0.87,-4.52,0.79,9.34,4.55,114.78,-74.15,1
a,2022-10-04 11:14:00.356366,0.05,0.73,0.82,2.87,2.62,13.49,4.55,114.78,-74.15,1
a,2022-10-04 11:14:00.376247,0.09,0.75,0.76,7.51,-1.34,6.41,9.29,116.41,-74.35,1
a,2022-10-04 11:14:00.395476,0.05,0.74,0.77,5.25,-6.04,-4.52,9.29,116.41,-74.35,1
a,2022-10-04 11:14:00.413918,-0.03,0.65,0.80,5.55,-6.04,-8.61,9.29,116.41,-74.35,1
a,2022-10-04 11:14:00.435147,-0.05,0.56,0.78,1.89,-1.65,-5.13,12.82,117.54,-72.07,1
a,2022-10-04 11:14:00.452915,0.04,0.58,0.74,0.73,-0.98,0.18,12.82,117.54,-72.07,1
a,2022-10-04 11:14:00.473488,0.08,0.65,0.72,0.61,-8.30,-5.43,16.03,117.75,-73.18,1
a,2022-10-04 11:14:00.491250,0.01,0.61,0.78,9.03,-13.12,-8.00,16.03,117.75,-73.18,1
a,2022-10-04 11:14:00.510852,-0.01,0.58,0.79,5.43,-11.54,-11.41,16.03,117.75,-73.18,1
a,2022-10-04 11:14:00.530759,0.00,0.56,0.76,2.32,-10.50,-12.33,17.66,118.58,-72.89,1
a,2022-10-04 11:14:00.548796,0.01,0.61,0.83,3.78,-11.17,-8.79,17.66,118.58,-72.89,1
a,2022-10-04 11:14:00.568603,0.04,0.62,0.82,5.07,-7.57,-10.19,16.91,120.39,-73.61,1
a,2022-10-04 11:14:00.588867,0.04,0.62,0.84,4.52,-8.12,-17.33,16.91,120.39,-73.61,1
a,2022-10-04 11:14:00.606848,0.04,0.55,0.85,6.96,-8.06,-21.00,16.91,120.39,-73.61,1
a,2022-10-04 11:14:00.627591,0.00,0.45,0.88,11.47,-6.90,-14.53,16.30,122.88,-75.65,1
a,2022-10-04 11:14:00.644977,0.04,0.45,0.89,5.19,-3.85,-5.13,16.30,122.88,-75.65,1
a,2022-10-04 11:14:00.665772,0.12,0.52,0.86,-0.55,-2.26,-7.69,16.05,124.54,-75.96,1
a,2022-10-04 11:14:00.684226,0.09,0.52,0.86,1.28,-2.69,-11.47,16.05,124.54,-75.96,1
a,2022-10-04 11:14:00.703038,0.08,0.49,0.88,7.02,-2.62,-11.60,16.05,124.54,-75.96,1
a,2022-10-04 11:14:00.723724,0.05,0.25,0.74,-1.59,15.87,1.40,16.77,126.56,-79.03,1
a,2022-10-04 11:14:00.741760,0.10,0.41,0.93,-17.40,1.89,0.37,16.77,126.56,-79.03,1
a,2022-10-04 11:14:00.760383,0.07,0.36,0.83,9.52,6.65,12.39,16.77,126.56,-79.03,1
a,2022-10-04 11:14:00.780771,0.04,0.28,0.72,16.72,1.77,22.28,18.97,125.23,-78.00,1
a,2022-10-04 11:14:00.798559,0.04,0.31,0.69,12.21,-2.99,28.81,18.97,125.23,-78.00,1
a,2022-10-04 11:14:00.818120,0.02,0.27,0.63,17.33,-6.53,35.28,23.56,125.05,-76.31,1
a,2022-10-04 11:14:00.842089,-0.02,0.32,0.64,9.83,-22.28,47.97,23.56,125.05,-76.31,1
a,2022-10-04 11:14:00.860874,-0.06,0.48,0.70,-8.24,-28.87,34.55,23.56,125.05,-76.31,1
a,2022-10-04 11:14:00.879774,-0.08,0.50,0.68,-25.27,-25.76,21.85,25.13,122.02,-71.64,1
a,2022-10-04 11:14:00.897806,-0.07,0.60,0.72,-31.86,-24.84,21.73,25.13,122.02,-71.64,1
a,2022-10-04 11:14:00.916632,-0.07,0.71,0.80,-33.63,-22.40,20.75,25.93,120.36,-68.68,1
a,2022-10-04 11:14:00.934750,-0.07,0.96,1.01,-29.72,-17.09,11.23,25.93,120.36,-68.68,1
a,2022-10-04 11:14:00.952180,-0.04,1.03,1.13,-14.95,-9.52,2.01,25.93,120.36,-68.68,1
a,2022-10-04 11:14:00.971253,-0.06,0.97,1.06,18.86,-4.03,2.56,23.90,121.11,-67.20,1
a,2022-10-04 11:14:00.989507,-0.09,0.94,1.09,19.90,-8.12,-9.70,23.90,121.11,-67.20,1
a,2022-10-04 11:14:01.007469,-0.02,0.90,1.07,-6.71,1.22,-44.86,23.90,121.11,-67.20,1
a,2022-10-04 11:14:01.026408,0.01,0.70,1.00,15.50,10.86,-35.46,19.57,124.44,-69.91,1
a,2022-10-04 11:14:01.046922,0.01,0.55,0.94,42.24,17.76,-19.90,19.57,124.44,-69.91,1
a,2022-10-04 11:14:01.065747,0.02,0.42,0.90,53.41,18.49,-9.09,15.23,128.19,-73.82,1
a,2022-10-04 11:14:01.085635,0.04,0.23,0.82,55.85,17.76,-5.55,15.23,128.19,-73.82,1
a,2022-10-04 11:14:01.104252,0.04,0.12,0.75,49.13,14.40,-3.60,15.23,128.19,-73.82,1
a,2022-10-04 11:14:01.124005,0.01,0.07,0.69,41.63,5.19,6.53,13.96,131.35,-77.00,1
a,2022-10-04 11:14:01.142359,-0.02,0.07,0.59,25.63,-2.56,7.51,13.96,131.35,-77.00,1
a,2022-10-04 11:14:01.161981,-0.04,0.14,0.67,-7.69,-8.91,-2.56,13.96,131.35,-77.00,1
a,2022-10-04 11:14:01.180844,-0.01,0.34,0.76,-57.25,6.53,-25.94,13.68,132.01,-78.65,1
a,2022-10-04 11:14:01.198732,-0.03,0.27,0.66,-2.69,0.18,9.52,13.68,132.01,-78.65,1
a,2022-10-04 11:14:01.219303,-0.02,0.35,0.74,-5.43,-16.85,22.16,14.55,129.47,-77.99,1
a,2022-10-04 11:14:01.238936,-0.01,0.35,0.75,-10.38,-22.83,19.47,14.55,129.47,-77.99,1
a,2022-10-04 11:14:01.257331,-0.03,0.37,0.75,-24.54,-23.19,17.27,14.55,129.47,-77.99,1
a,2022-10-04 11:14:01.276793,-0.05,0.52,0.81,-39.49,-22.71,16.97,16.08,128.23,-74.40,1
a,2022-10-04 11:14:01.295435,-0.05,0.70,0.94,-46.14,-19.35,9.77,16.08,128.23,-74.40,1
a,2022-10-04 11:14:01.314925,-0.04,0.91,1.08,-29.91,-11.96,2.44,16.67,125.59,-71.17,1
a,2022-10-04 11:14:01.332498,-0.04,0.90,1.05,3.11,-7.02,3.97,16.67,125.59,-71.17,1
a,2022-10-04 11:14:01.350903,-0.04,0.75,0.94,37.11,-1.83,14.04,16.67,125.59,-71.17,1
a,2022-10-04 11:14:01.372899,-0.07,0.58,0.87,60.06,-9.58,20.51,15.39,128.54,-71.04,1
a,2022-10-04 11:14:01.393610,-0.07,0.52,0.87,22.77,-9.09,4.58,15.39,128.54,-71.04,1
a,2022-10-04 11:14:01.412709,-0.05,0.42,0.85,12.57,-0.92,0.06,15.39,128.54,-71.04,1
a,2022-10-04 11:14:01.433109,-0.04,0.34,0.81,17.33,3.42,5.80,13.50,129.59,-71.62,1
a,2022-10-04 11:14:01.452357,-0.05,0.32,0.82,16.78,3.30,9.34,13.50,129.59,-71.62,1
a,2022-10-04 11:14:01.472900,-0.06,0.35,0.84,-0.61,5.13,-0.37,12.77,131.77,-72.22,1
a,2022-10-04 11:14:01.494007,-0.05,0.45,0.88,-9.16,3.17,-6.53,12.77,131.77,-72.22,1
a,2022-10-04 11:14:01.513659,-0.06,0.47,0.87,-6.84,-1.16,-6.35,12.74,131.23,-71.50,1
a,2022-10-04 11:14:01.532834,-0.06,0.48,0.84,-5.80,-2.26,-4.76,12.74,131.23,-71.50,1
a,2022-10-04 11:14:01.552349,-0.06,0.47,0.84,-7.26,-1.10,-1.53,12.74,131.23,-71.50,1
a,2022-10-04 11:14:01.572021,-0.06,0.48,0.85,-5.62,-0.24,-0.98,12.35,130.82,-71.28,1
a,2022-10-04 11:14:01.591631,-0.05,0.47,0.85,-0.79,-0.43,-1.95,12.35,130.82,-71.28,1
a,2022-10-04 11:14:01.612364,-0.06,0.44,0.86,3.30,-1.71,-6.53,11.99,130.25,-71.34,1
a,2022-10-04 11:14:01.630925,-0.06,0.46,0.86,4.21,-2.62,-11.54,11.99,130.25,-71.34,1
a,2022-10-04 11:14:01.650376,-0.07,0.49,0.88,10.38,-3.11,-13.12,11.99,130.25,-71.34,1
a,2022-10-04 11:14:01.671187,-0.38,0.55,1.07,-16.85,16.91,-24.41,12.30,131.04,-72.31,1
a,2022-10-04 11:14:01.689591,-0.23,0.63,0.96,-23.80,36.80,-7.45,12.30,131.04,-72.31,1
a,2022-10-04 11:14:01.707747,-0.03,0.79,0.95,-11.11,32.65,5.43,12.30,131.04,-72.31,1
a,2022-10-04 11:14:01.729141,0.04,0.74,0.83,13.24,30.58,-5.49,13.06,127.87,-71.92,1
a,2022-10-04 11:14:01.747939,0.01,0.63,0.80,15.63,22.58,-18.86,13.06,127.87,-71.92,1
a,2022-10-04 11:14:01.767480,0.06,0.54,0.68,3.54,14.28,-31.80,10.16,126.34,-74.15,1
a,2022-10-04 11:14:01.786257,-0.00,0.48,0.67,-3.78,6.65,-31.74,10.16,126.34,-74.15,1
a,2022-10-04 11:14:01.805003,0.05,0.55,0.69,-14.77,4.52,-31.98,10.16,126.34,-74.15,1
a,2022-10-04 11:14:01.825279,0.10,0.58,0.71,-16.05,-2.08,-36.01,5.93,125.28,-75.56,1
a,2022-10-04 11:14:01.843680,0.05,0.43,0.74,0.37,-7.63,-32.59,5.93,125.28,-75.56,1
a,2022-10-04 11:14:01.863803,-0.02,0.32,0.81,1.04,-9.52,-27.77,-0.78,124.87,-79.08,1
a,2022-10-04 11:14:01.882243,-0.04,0.29,0.83,-1.71,-1.89,-16.78,-0.78,124.87,-79.08,1
a,2022-10-04 11:14:01.902129,0.10,0.31,0.80,-3.17,-2.38,-13.12,-0.78,124.87,-79.08,1
a,2022-10-04 11:14:01.922698,0.14,0.26,0.80,-2.44,-5.49,-12.57,-5.69,123.52,-80.14,1
a,2022-10-04 11:14:01.943332,0.03,0.27,0.84,-3.97,-8.48,-5.25,-5.69,123.52,-80.14,1
a,2022-10-04 11:14:01.963131,0.07,0.29,0.82,-8.97,-4.94,-1.95,-8.78,122.24,-78.23,1
a,2022-10-04 11:14:01.981989,0.09,0.39,0.85,-14.77,-6.77,0.31,-8.78,122.24,-78.23,1
a,2022-10-04 11:14:02.001155,0.14,0.44,0.81,-13.55,-7.75,0.92,-8.78,122.24,-78.23,1
a,2022-10-04 11:14:02.021903,0.10,0.51,0.85,-9.52,-11.72,3.05,-10.44,122.51,-78.06,1
a,2022-10-04 11:14:02.040668,0.08,0.61,0.90,-13.18,-9.83,-7.57,-10.44,122.51,-78.06,1
a,2022-10-04 11:14:02.061341,0.09,0.68,0.90,-13.73,-7.14,-14.77,-13.73,123.38,-78.26,1
a,2022-10-04 11:14:02.079432,0.03,0.67,0.94,0.31,-8.67,-13.18,-13.73,123.38,-78.26,1
a,2022-10-04 11:14:02.097966,0.08,0.62,0.92,10.74,-7.26,-9.89,-13.73,123.38,-78.26,1
a,2022-10-04 11:14:02.118099,-0.97,0.25,1.34,15.87,-5.68,-13.06,-17.72,123.96,-79.68,1
a,2022-10-04 11:14:02.136562,0.08,0.33,0.87,5.00,25.94,5.98,-17.72,123.96,-79.68,1
a,2022-10-04 11:14:02.155377,0.07,0.40,0.91,5.86,5.25,-5.37,-17.72,123.96,-79.68,1
a,2022-10-04 11:14:02.174750,0.04,0.30,0.84,6.23,-2.01,-5.00,-16.78,123.58,-80.82,1
a,2022-10-04 11:14:02.194473,0.03,0.30,0.79,0.98,-5.25,5.98,-16.78,123.58,-80.82,1
a,2022-10-04 11:14:02.214484,0.02,0.26,0.69,-4.88,-3.72,16.30,-15.14,124.34,-82.12,1
a,2022-10-04 11:14:02.233981,-0.01,0.27,0.63,-10.99,-6.41,27.40,-15.14,124.34,-82.12,1
a,2022-10-04 11:14:02.253234,-0.02,0.36,0.66,-4.76,-17.09,41.69,-15.14,124.34,-82.12,1
a,2022-10-04 11:14:02.272730,-0.05,0.46,0.70,1.71,-17.03,37.05,-12.04,126.33,-80.70,1
a,2022-10-04 11:14:02.292936,-0.07,0.47,0.64,-12.33,-14.77,25.76,-12.04,126.33,-80.70,1
a,2022-10-04 11:14:02.313135,-0.06,0.56,0.66,-23.68,-17.52,24.05,-8.35,129.08,-78.22,1
a,2022-10-04 11:14:02.331643,-0.09,0.67,0.71,-21.97,-21.18,27.04,-8.35,129.08,-78.22,1
a,2022-10-04 11:14:02.350560,-0.10,0.81,0.81,-21.61,-23.01,22.52,-8.35,129.08,-78.22,1
a,2022-10-04 11:14:02.370527,-0.10,0.88,0.89,-14.77,-21.42,8.42,-8.22,129.10,-74.57,1
a,2022-10-04 11:14:02.389837,-0.10,0.90,0.92,-3.66,-20.51,2.99,-8.22,129.10,-74.57,1
a,2022-10-04 11:14:02.409459,-0.09,0.89,0.95,14.40,-12.51,-1.83,-10.84,130.33,-71.72,1
a,2022-10-04 11:14:02.429429,-0.09,0.79,0.96,18.07,-8.48,-5.86,-10.84,130.33,-71.72,1
a,2022-10-04 11:14:02.448295,-0.07,0.76,1.01,16.60,-5.31,-11.23,-10.84,130.33,-71.72,1
a,2022-10-04 11:14:02.467878,-0.05,0.70,1.02,20.45,3.60,-19.65,-15.31,130.03,-72.18,1
a,2022-10-04 11:14:02.487806,-0.03,0.58,1.01,27.40,7.75,-21.36,-15.31,130.03,-72.18,1
a,2022-10-04 11:14:02.506474,-0.01,0.52,0.98,30.76,11.47,-23.19,-15.31,130.03,-72.18,1
a,2022-10-04 11:14:02.526372,-0.02,0.47,0.93,28.20,16.91,-29.66,-19.80,128.37,-73.88,1
a,2022-10-04 11:14:02.545468,-0.01,0.37,0.82,32.17,17.58,-22.28,-19.80,128.37,-73.88,1
a,2022-10-04 11:14:02.565034,-0.01,0.28,0.78,35.95,12.02,-11.35,-22.41,127.03,-77.05,1
a,2022-10-04 11:14:02.582965,-0.02,0.16,0.68,33.87,5.74,0.49,-22.41,127.03,-77.05,1
a,2022-10-04 11:14:02.602604,-0.03,0.11,0.62,27.10,-0.67,6.96,-22.41,127.03,-77.05,1
a,2022-10-04 11:14:02.622513,-0.06,0.13,0.56,6.47,-9.09,4.58,-22.64,127.16,-78.08,1
a,2022-10-04 11:14:02.641063,-0.03,0.32,0.74,-67.02,2.50,-29.60,-22.64,127.16,-78.08,1
a,2022-10-04 11:14:02.661440,-0.07,0.26,0.52,-4.27,1.95,7.02,-21.77,125.76,-79.06,1
a,2022-10-04 11:14:02.680657,-0.07,0.28,0.65,14.89,-10.56,37.29,-21.77,125.76,-79.06,1
a,2022-10-04 11:14:02.699680,-0.08,0.36,0.64,-12.02,-17.27,25.02,-21.77,125.76,-79.06,1
a,2022-10-04 11:14:02.719242,-0.09,0.50,0.71,-40.34,-22.09,12.39,-19.79,128.19,-74.71,1
a,2022-10-04 11:14:02.739400,-0.10,0.80,0.88,-51.51,-21.24,0.85,-19.79,128.19,-74.71,1
a,2022-10-04 11:14:02.759630,-0.09,1.01,1.04,-31.01,-13.24,-4.27,-19.42,128.42,-70.75,1
a,2022-10-04 11:14:02.780389,-0.09,0.96,1.04,3.85,-9.70,15.38,-19.42,128.42,-70.75,1
a,2022-10-04 11:14:02.798270,-0.08,0.75,0.96,32.35,-8.91,4.58,-19.42,128.42,-70.75,1
a,2022-10-04 11:14:02.818502,-0.08,0.62,0.95,25.70,-7.93,-2.26,-22.36,129.33,-68.55,1
a,2022-10-04 11:14:02.837514,-0.05,0.49,0.91,20.87,-3.85,-7.75,-22.36,129.33,-68.55,1
a,2022-10-04 11:14:02.856074,-0.04,0.29,0.84,22.83,-3.66,-1.04,-22.36,129.33,-68.55,1
a,2022-10-04 11:14:02.876438,-0.04,0.20,0.83,29.66,-2.75,7.93,-25.26,128.67,-68.73,1
a,2022-10-04 11:14:02.894522,-0.06,0.19,0.82,6.59,3.91,2.93,-25.26,128.67,-68.73,1
a,2022-10-04 11:14:02.914844,-0.07,0.36,0.85,-37.11,-0.06,-22.46,-26.34,129.09,-68.96,1
a,2022-10-04 11:14:02.933662,-0.06,0.51,0.88,-55.11,-4.58,-34.12,-26.34,129.09,-68.96,1
a,2022-10-04 11:14:02.954034,-0.08,0.62,0.87,-48.71,-10.07,-16.72,-26.34,129.09,-68.96,1
a,2022-10-04 11:14:02.974763,-0.10,0.64,0.84,-6.71,-12.88,-16.05,-26.05,126.29,-69.08,1
a,2022-10-04 11:14:02.993323,-0.23,0.73,0.88,26.49,1.59,-1.40,-26.05,126.29,-69.08,1
a,2022-10-04 11:14:03.013334,-0.25,0.65,0.85,-3.78,23.80,-10.86,-26.31,127.27,-70.08,1
a,2022-10-04 11:14:03.032004,-0.11,0.67,0.80,-6.71,25.82,-11.66,-26.31,127.27,-70.08,1
a,2022-10-04 11:14:03.050504,-0.08,0.65,0.78,5.25,23.56,-9.03,-26.31,127.27,-70.08,1
a,2022-10-04 11:14:03.070596,-0.03,0.58,0.69,5.37,16.54,-15.75,-24.57,123.21,-71.34,1
a,2022-10-04 11:14:03.088789,0.01,0.51,0.69,7.08,11.17,-17.46,-24.57,123.21,-71.34,1
a,2022-10-04 11:14:03.109661,0.00,0.51,0.68,-0.49,5.49,-21.00,-24.93,120.37,-70.46,1
a,2022-10-04 11:14:03.128592,-0.04,0.51,0.74,-1.71,-0.12,-15.63,-24.93,120.37,-70.46,1
a,2022-10-04 11:14:03.146605,0.01,0.54,0.76,-3.78,-2.14,-12.27,-24.93,120.37,-70.46,1
a,2022-10-04 11:14:03.166328,0.03,0.53,0.79,-0.55,-5.43,-11.35,-26.61,116.91,-68.93,1
a,2022-10-04 11:14:03.186369,0.01,0.52,0.83,-2.87,-6.16,-16.05,-26.61,116.91,-68.93,1
a,2022-10-04 11:14:03.206192,0.00,0.50,0.85,-8.85,-4.64,-21.18,-26.61,116.91,-68.93,1
a,2022-10-04 11:14:03.227025,0.01,0.50,0.86,-11.66,-2.99,-18.43,-27.84,113.37,-68.40,1
a,2022-10-04 11:14:03.244778,0.09,0.52,0.85,-6.23,-3.66,-14.04,-27.84,113.37,-68.40,1
a,2022-10-04 11:14:03.266845,0.09,0.47,0.84,0.49,-6.16,-12.08,-29.08,109.86,-66.03,1
a,2022-10-04 11:14:03.286684,0.03,0.45,0.86,6.16,-6.29,-10.80,-29.08,109.86,-66.03,1
a,2022-10-04 11:14:03.306486,0.06,0.44,0.83,1.65,-1.28,-11.78,-30.26,108.24,-64.84,1
a,2022-10-04 11:14:03.324812,0.08,0.50,0.84,-3.54,-0.06,-13.85,-30.26,108.24,-64.84,1
a,2022-10-04 11:14:03.345038,0.10,0.53,0.83,-3.97,-1.65,-15.56,-30.26,108.24,-64.84,1
a,2022-10-04 11:14:03.363416,0.05,0.51,0.84,2.62,-5.19,-12.94,-31.64,105.85,-64.72,1
a,2022-10-04 11:14:03.381730,0.03,0.51,0.86,10.01,-5.68,-6.41,-31.64,105.85,-64.72,1
a,2022-10-04 11:14:03.400411,0.03,0.51,0.86,6.96,-3.91,-9.34,-31.64,105.85,-64.72,1
a,2022-10-04 11:14:03.420298,0.02,0.50,0.86,2.62,-1.53,-14.77,-34.58,104.50,-62.71,1
a,2022-10-04 11:14:03.438406,-0.03,0.50,0.90,-4.70,0.24,-17.64,-34.58,104.50,-62.71,1
a,2022-10-04 11:14:03.459639,0.03,0.55,0.93,1.34,2.99,-13.12,-37.46,102.70,-62.54,1
a,2022-10-04 11:14:03.479379,-0.48,0.34,1.22,8.54,2.38,-9.58,-37.46,102.70,-62.54,1
a,2022-10-04 11:14:03.497655,0.04,0.47,0.94,5.49,12.21,0.61,-37.46,102.70,-62.54,1
a,2022-10-04 11:14:03.517370,0.05,0.40,0.90,10.31,9.52,-0.37,-37.26,100.83,-64.79,1
a,2022-10-04 11:14:03.536253,0.03,0.35,0.81,17.58,7.14,0.85,-37.26,100.83,-64.79,1
a,2022-10-04 11:14:03.556136,0.01,0.31,0.78,12.02,4.88,6.96,-36.46,101.11,-66.52,1
a,2022-10-04 11:14:03.575008,0.01,0.31,0.69,4.33,6.41,12.82,-36.46,101.11,-66.52,1
a,2022-10-04 11:14:03.594344,-0.01,0.35,0.66,-7.08,3.30,15.56,-36.46,101.11,-66.52,1
a,2022-10-04 11:14:03.614909,-0.02,0.33,0.68,-20.57,-7.02,20.26,-36.99,103.81,-68.05,1
a,2022-10-04 11:14:03.634469,-0.02,0.34,0.67,-8.97,-12.21,33.87,-36.99,103.81,-68.05,1
a,2022-10-04 11:14:03.653581,-0.04,0.38,0.66,-5.68,-18.62,41.32,-36.99,103.81,-68.05,1
a,2022-10-04 11:14:03.674336,-0.05,0.46,0.65,-13.79,-20.20,35.03,-37.89,108.28,-65.65,1
a,2022-10-04 11:14:03.694035,-0.08,0.53,0.65,-15.81,-20.69,32.47,-37.89,108.28,-65.65,1
a,2022-10-04 11:14:03.713776,-0.08,0.67,0.69,-25.39,-21.48,28.02,-37.01,112.92,-61.49,1
a,2022-10-04 11:14:03.731269,-0.09,0.76,0.76,-25.88,-23.25,22.16,-37.01,112.92,-61.49,1
a,2022-10-04 11:14:03.750804,-0.10,0.85,0.84,-24.23,-23.99,14.28,-37.01,112.92,-61.49,1
a,2022-10-04 11:14:03.771503,-0.09,0.94,0.94,-12.94,-22.46,4.46,-35.35,115.08,-55.87,1
a,2022-10-04 11:14:03.790752,-0.10,0.96,0.99,5.62,-15.50,3.30,-35.35,115.08,-55.87,1
a,2022-10-04 11:14:03.812280,-0.09,0.90,0.99,20.94,-9.22,-4.03,-34.79,114.95,-52.62,1
a,2022-10-04 11:14:03.830842,-0.08,0.83,1.02,11.41,-5.37,-16.30,-34.79,114.95,-52.62,1
a,2022-10-04 11:14:03.850878,-0.07,0.79,1.04,9.03,0.31,-23.74,-34.79,114.95,-52.62,1
a,2022-10-04 11:14:03.871505,-0.05,0.68,1.02,19.65,10.07,-28.02,-35.24,110.40,-52.53,1
a,2022-10-04 11:14:03.890222,-0.04,0.58,0.98,28.93,13.06,-25.15,-35.24,110.40,-52.53,1
a,2022-10-04 11:14:03.910933,-0.03,0.44,0.93,42.85,18.01,-18.31,-36.32,106.80,-55.96,1
a,2022-10-04 11:14:03.929338,-0.04,0.24,0.79,40.10,15.20,-13.43,-36.32,106.80,-55.96,1
a,2022-10-04 11:14:03.947356,-0.04,0.15,0.72,38.33,11.72,-5.55,-36.32,106.80,-55.96,1
a,2022-10-04 11:14:03.967017,-0.05,0.09,0.65,29.11,7.57,0.00,-36.41,104.61,-59.73,1
a,2022-10-04 11:14:03.985367,-0.07,0.10,0.54,0.43,-0.49,0.31,-36.41,104.61,-59.73,1
a,2022-10-04 11:14:04.005391,-0.07,0.24,0.67,-44.68,-11.05,-16.66,-37.18,103.50,-59.91,1
a,2022-10-04 11:14:04.024599,-0.02,0.35,0.59,-53.16,8.67,-20.51,-37.18,103.50,-59.91,1
a,2022-10-04 11:14:04.044827,-0.04,0.27,0.63,21.79,5.74,30.94,-37.18,103.50,-59.91,1
a,2022-10-04 11:14:04.063906,-0.06,0.39,0.65,11.35,-8.97,28.87,-36.30,105.35,-59.66,1
a,2022-10-04 11:14:04.082981,-0.08,0.46,0.66,-9.58,-17.58,21.61,-36.30,105.35,-59.66,1
a,2022-10-04 11:14:04.103064,-0.08,0.61,0.74,-23.80,-21.97,16.17,-36.30,105.35,-59.66,1
a,2022-10-04 11:14:04.123361,-0.09,0.76,0.83,-30.82,-20.08,10.25,-35.69,107.69,-54.11,1
a,2022-10-04 11:14:04.142500,-0.08,0.86,0.94,-17.03,-16.85,7.87,-35.69,107.69,-54.11,1
a,2022-10-04 11:14:04.162731,-0.08,0.90,1.03,3.66,-11.60,10.74,-33.63,109.33,-50.29,1
a,2022-10-04 11:14:04.182757,-0.08,0.72,0.99,39.61,-2.75,13.55,-33.63,109.33,-50.29,1
a,2022-10-04 11:14:04.201348,-0.09,0.64,0.95,43.03,-8.24,8.85,-33.63,109.33,-50.29,1
a,2022-10-04 11:14:04.220947,-0.09,0.56,0.93,18.62,-12.45,-8.36,-33.28,110.53,-48.93,1
a,2022-10-04 11:14:04.240414,-0.09,0.47,0.85,15.50,-6.10,-8.91,-33.28,110.53,-48.93,1
a,2022-10-04 11:14:04.261404,-0.09,0.39,0.83,15.81,-4.33,-6.23,-32.92,109.01,-49.66,1
a,2022-10-04 11:14:04.279617,-0.08,0.29,0.80,18.31,0.55,2.20,-32.92,109.01,-49.66,1
a,2022-10-04 11:14:04.298768,-0.10,0.27,0.81,15.44,6.29,7.14,-32.92,109.01,-49.66,1
a,2022-10-04 11:14:04.317947,-0.08,0.38,0.86,-16.91,7.32,-8.42,-33.06,109.52,-49.62,1
a,2022-10-04 11:14:04.337630,-0.08,0.48,0.88,-34.48,-2.62,-18.86,-33.06,109.52,-49.62,1
a,2022-10-04 11:14:04.357890,-0.08,0.56,0.86,-30.52,-8.06,-16.85,-33.14,108.29,-48.57,1
a,2022-10-04 11:14:04.378164,-0.09,0.55,0.84,-19.47,-11.66,-14.10,-33.14,108.29,-48.57,1
a,2022-10-04 11:14:04.397332,-0.11,0.53,0.82,-6.59,-13.06,-13.00,-33.14,108.29,-48.57,1
a,2022-10-04 11:14:04.418022,-0.11,0.53,0.82,-0.43,-11.23,-13.24,-34.36,108.33,-48.75,1
a,2022-10-04 11:14:04.437253,-0.18,0.62,0.87,33.81,36.68,0.85,-34.36,108.33,-48.75,1
a,2022-10-04 11:14:04.456315,-0.32,0.66,0.85,13.55,31.74,-3.23,-34.52,108.54,-50.35,1
a,2022-10-04 11:14:04.475943,-0.12,0.71,0.86,-11.17,27.47,-11.05,-34.52,108.54,-50.35,1
a,2022-10-04 11:14:04.494920,-0.04,0.70,0.82,4.46,20.02,-14.04,-34.52,108.54,-50.35,1
a,2022-10-04 11:14:04.515528,-0.06,0.64,0.79,0.61,16.85,-24.35,-32.13,106.68,-53.91,1
a,2022-10-04 11:14:04.534650,0.00,0.62,0.75,0.43,14.53,-27.34,-32.13,106.68,-53.91,1
a,2022-10-04 11:14:04.555787,0.01,0.56,0.72,10.99,8.00,-24.54,-30.26,103.82,-57.31,1
a,2022-10-04 11:14:04.574735,0.00,0.55,0.73,14.47,2.69,-19.04,-30.26,103.82,-57.31,1
a,2022-10-04 11:14:04.593335,0.05,0.55,0.75,19.59,-3.36,-15.75,-30.26,103.82,-57.31,1
a,2022-10-04 11:14:04.613694,-0.00,0.53,0.77,18.25,-4.21,-18.55,-29.43,102.51,-59.18,1
a,2022-10-04 11:14:04.632336,-0.02,0.50,0.79,17.21,-4.52,-19.71,-29.43,102.51,-59.18,1
a,2022-10-04 11:14:04.651603,0.00,0.46,0.79,13.00,-2.14,-19.29,-29.43,102.51,-59.18,1
a,2022-10-04 11:14:04.670426,0.04,0.47,0.81,7.45,-3.48,-21.67,-28.11,100.16,-59.59,1
a,2022-10-04 11:14:04.689461,0.03,0.45,0.83,7.57,-3.85,-21.61,-28.11,100.16,-59.59,1
a,2022-10-04 11:14:04.708641,0.05,0.41,0.82,6.96,-4.09,-20.26,-27.94,98.46,-60.72,1
a,2022-10-04 11:14:04.728713,0.01,0.31,0.85,6.10,-2.20,-15.81,-27.94,98.46,-60.72,1
a,2022-10-04 11:14:04.746970,0.05,0.28,0.85,3.54,-0.06,-11.47,-27.94,98.46,-60.72,1
a,2022-10-04 11:14:04.766632,0.08,0.32,0.84,4.33,-2.56,-7.14,-28.47,97.31,-62.67,1
a,2022-10-04 11:14:04.786468,0.04,0.31,0.86,2.26,-3.91,-7.39,-28.47,97.31,-62.67,1
a,2022-10-04 11:14:04.806046,-0.02,0.31,0.88,-1.95,-2.26,-6.71,-29.92,97.50,-63.17,1
a,2022-10-04 11:14:04.825070,0.03,0.43,0.91,-9.95,2.01,-3.42,-29.92,97.50,-63.17,1
a,2022-10-04 11:14:04.843465,0.04,0.47,0.93,-6.59,2.44,-3.36,-29.92,97.50,-63.17,1
a,2022-10-04 11:14:04.864148,0.02,0.48,0.93,-4.03,2.32,-4.64,-30.36,97.20,-63.46,1
a,2022-10-04 11:14:04.882748,-0.01,0.38,0.91,-33.81,4.39,-5.07,-30.36,97.20,-63.46,1
a,2022-10-04 11:14:04.901620,0.01,0.45,0.91,-23.13,5.80,-0.61,-30.36,97.20,-63.46,1
a,2022-10-04 11:14:04.922431,0.02,0.37,0.81,-11.84,5.19,2.62,-30.69,95.95,-62.37,1
a,2022-10-04 11:14:04.941183,-0.04,0.30,0.73,-17.40,-0.12,10.56,-30.69,95.95,-62.37,1
a,2022-10-04 11:14:04.961628,-0.04,0.26,0.65,-0.79,1.83,29.79,-29.81,96.48,-63.35,1
a,2022-10-04 11:14:04.980984,-0.03,0.32,0.65,3.54,-5.55,39.25,-29.81,96.48,-63.35,1
a,2022-10-04 11:14:04.999966,-0.04,0.35,0.64,-7.02,-9.83,36.80,-29.81,96.48,-63.35,1
a,2022-10-04 11:14:05.020744,-0.05,0.39,0.63,-20.26,-15.75,33.75,-29.80,99.83,-59.70,1
a,2022-10-04 11:14:05.038504,-0.06,0.62,0.71,-15.87,-21.06,34.36,-29.80,99.83,-59.70,1
a,2022-10-04 11:14:05.060607,-0.06,0.74,0.75,-13.12,-18.74,26.92,-28.41,104.21,-54.32,1
a,2022-10-04 11:14:05.078517,-0.06,0.81,0.81,-17.46,-20.51,16.42,-28.41,104.21,-54.32,1
a,2022-10-04 11:14:05.099001,-0.07,0.92,0.91,-8.79,-19.96,9.70,-28.41,104.21,-54.32,1
a,2022-10-04 11:14:05.119387,-0.06,0.91,0.97,2.08,-14.40,4.70,-26.94,107.39,-50.02,1
a,2022-10-04 11:14:05.140104,-0.07,0.82,1.00,12.08,-7.81,-2.75,-26.94,107.39,-50.02,1
a,2022-10-04 11:14:05.161230,-0.06,0.77,1.04,12.02,-7.57,-9.46,-26.70,108.28,-49.84,1
a,2022-10-04 11:14:05.181851,-0.06,0.65,1.04,9.22,-2.56,-22.40,-26.70,108.28,-49.84,1
a,2022-10-04 11:14:05.200810,-0.06,0.55,1.01,19.04,2.32,-18.86,-26.70,108.28,-49.84,1
a,2022-10-04 11:14:05.219853,-0.05,0.54,0.99,26.79,8.67,-14.10,-28.86,106.79,-52.54,1
a,2022-10-04 11:14:05.239535,-0.05,0.48,0.92,20.63,13.85,-17.70,-28.86,106.79,-52.54,1
a,2022-10-04 11:14:05.258753,-0.04,0.43,0.86,23.56,17.21,-15.87,-31.58,104.58,-57.43,1
a,2022-10-04 11:14:05.278333,-0.05,0.38,0.81,25.33,15.26,-8.48,-31.58,104.58,-57.43,1
a,2022-10-04 11:14:05.297445,-0.04,0.33,0.77,24.17,14.34,-5.31,-31.58,104.58,-57.43,1
a,2022-10-04 11:14:05.316255,-0.05,0.31,0.74,24.54,11.66,-1.22,-32.35,101.29,-60.73,1
a,2022-10-04 11:14:05.335162,-0.06,0.27,0.69,19.59,6.35,2.01,-32.35,101.29,-60.73,1
a,2022-10-04 11:14:05.354678,-0.06,0.24,0.57,12.02,-1.46,3.11,-31.98,100.85,-62.83,1
a,2022-10-04 11:14:05.373792,-0.07,0.31,0.70,-12.27,-8.06,-4.27,-31.98,100.85,-62.83,1
a,2022-10-04 11:14:05.393956,-0.05,0.22,0.50,-31.98,9.09,-15.14,-31.98,100.85,-62.83,1
a,2022-10-04 11:14:05.414339,-0.06,0.31,0.64,12.33,-8.79,19.41,-32.04,100.02,-62.21,1
a,2022-10-04 11:14:05.432419,-0.06,0.38,0.67,5.62,-15.99,16.60,-32.04,100.02,-62.21,1
a,2022-10-04 11:14:05.452940,-0.07,0.41,0.70,-10.44,-23.13,12.39,-31.15,103.28,-58.44,1
a,2022-10-04 11:14:05.471469,-0.07,0.56,0.79,-17.09,-25.02,10.74,-31.15,103.28,-58.44,1
a,2022-10-04 11:14:05.490929,-0.07,0.67,0.87,-26.67,-19.65,-0.06,-31.15,103.28,-58.44,1
a,2022-10-04 11:14:05.510839,-0.07,0.82,1.02,-18.55,-15.01,-3.05,-31.41,106.48,-55.91,1
a,2022-10-04 11:14:05.529732,-0.07,0.77,1.04,-0.37,-9.83,-2.38,-31.41,106.48,-55.91,1
a,2022-10-04 11:14:05.548343,-0.06,0.66,1.02,19.17,-8.67,1.10,-31.41,106.48,-55.91,1
a,2022-10-04 11:14:05.568623,-0.07,0.50,0.96,21.06,-5.68,0.12,-31.80,107.59,-52.80,1
a,2022-10-04 11:14:05.588687,-0.08,0.42,0.92,14.22,-4.64,-1.71,-31.80,107.59,-52.80,1
a,2022-10-04 11:14:05.608172,-0.08,0.35,0.88,19.84,-0.18,6.47,-33.07,107.31,-54.61,1
a,2022-10-04 11:14:05.627669,-0.08,0.29,0.85,25.63,4.46,12.57,-33.07,107.31,-54.61,1
a,2022-10-04 11:14:05.646482,-0.08,0.32,0.86,-0.67,2.32,-2.99,-33.07,107.31,-54.61,1
a,2022-10-04 11:14:05.666470,-0.08,0.47,0.89,-29.72,-4.94,-22.52,-33.07,107.58,-54.49,1
a,2022-10-04 11:14:05.687548,-0.08,0.56,0.89,-24.84,-10.80,-22.28,-33.07,107.58,-54.49,1
a,2022-10-04 11:14:05.709150,-0.11,0.59,0.87,8.73,-13.24,-8.61,-33.79,106.99,-53.71,1
a,2022-10-04 11:14:05.727706,-0.31,0.58,0.92,35.22,9.40,7.39,-33.79,106.99,-53.71,1
a,2022-10-04 11:14:05.747514,-0.26,0.50,0.89,16.85,26.37,6.96,-33.79,106.99,-53.71,1
a,2022-10-04 11:14:05.769551,-0.04,0.62,0.79,-0.43,23.93,-1.95,-32.52,106.38,-54.66,1
a,2022-10-04 11:14:05.790116,-0.04,0.57,0.77,6.84,19.10,-9.03,-32.52,106.38,-54.66,1
a,2022-10-04 11:14:05.810518,0.00,0.53,0.73,5.19,11.72,-13.31,-31.51,105.13,-56.49,1
a,2022-10-04 11:14:05.829499,-0.02,0.54,0.77,4.15,5.43,-15.81,-31.51,105.13,-56.49,1
a,2022-10-04 11:14:05.849969,-0.01,0.56,0.78,4.76,-1.83,-18.01,-31.51,105.13,-56.49,1
a,2022-10-04 11:14:05.868666,-0.03,0.54,0.82,6.23,-2.93,-18.49,-30.83,102.51,-57.03,1
a,2022-10-04 11:14:05.888328,-0.01,0.52,0.85,10.25,-4.46,-17.03,-30.83,102.51,-57.03,1
a,2022-10-04 11:14:05.908172,-0.02,0.50,0.88,14.53,-5.92,-15.81,-32.15,99.43,-56.87,1
a,2022-10-04 11:14:05.927351,0.00,0.45,0.87,16.17,-4.39,-15.20,-32.15,99.43,-56.87,1
a,2022-10-04 11:14:05.945887,0.03,0.41,0.86,16.24,-4.33,-14.53,-32.15,99.43,-56.87,1
a,2022-10-04 11:14:05.966687,0.02,0.40,0.87,15.69,-5.37,-15.50,-32.89,96.91,-57.19,1
a,2022-10-04 11:14:05.985438,0.02,0.38,0.87,15.87,-5.00,-13.92,-32.89,96.91,-57.19,1
a,2022-10-04 11:14:06.007113,-0.01,0.32,0.85,14.59,-4.58,-11.78,-33.84,94.20,-58.37,1
a,2022-10-04 11:14:06.027259,-0.01,0.34,0.85,10.25,-4.76,-10.07,-33.84,94.20,-58.37,1
a,2022-10-04 11:14:06.046258,-0.01,0.38,0.87,8.24,-3.91,-11.17,-33.84,94.20,-58.37,1
a,2022-10-04 11:14:06.065879,-0.03,0.40,0.89,7.20,-3.11,-14.04,-35.24,92.07,-58.50,1
a,2022-10-04 11:14:06.085786,-0.01,0.41,0.88,8.36,-3.85,-11.72,-35.24,92.07,-58.50,1
a,2022-10-04 11:14:06.105823,-0.06,0.41,0.92,11.11,-4.52,-10.31,-37.41,89.55,-58.59,1
a,2022-10-04 11:14:06.124162,-0.07,0.41,0.93,8.30,-1.46,-10.74,-37.41,89.55,-58.59,1
a,2022-10-04 11:14:06.142354,-0.06,0.41,0.94,5.68,1.46,-9.89,-37.41,89.55,-58.59,1
a,2022-10-04 11:14:06.162545,-0.03,0.38,0.92,4.46,2.99,-9.22,-37.88,87.39,-57.48,1
a,2022-10-04 11:14:06.181676,-0.04,0.37,0.93,5.55,2.08,-5.74,-37.88,87.39,-57.48,1
a,2022-10-04 11:14:06.200958,-0.03,0.34,0.94,3.48,5.31,-3.85,-38.82,85.97,-59.00,1
a,2022-10-04 11:14:06.220256,-0.11,0.27,1.01,-8.24,4.15,-3.78,-38.82,85.97,-59.00,1
a,2022-10-04 11:14:06.239636,-0.02,0.32,0.94,-9.70,8.79,1.10,-38.82,85.97,-59.00,1
a,2022-10-04 11:14:06.260653,-0.03,0.29,0.92,-5.98,8.67,5.55,-38.60,84.66,-61.55,1
a,2022-10-04 11:14:06.279639,-0.03,0.29,0.85,2.81,11.90,13.18,-38.60,84.66,-61.55,1
a,2022-10-04 11:14:06.298644,-0.03,0.29,0.75,4.88,12.15,18.25,-38.22,86.00,-62.45,1
a,2022-10-04 11:14:06.315992,-0.04,0.30,0.69,-12.08,3.05,16.60,-38.22,86.00,-62.45,1
a,2022-10-04 11:14:06.334542,-0.06,0.28,0.68,-19.84,-1.40,18.49,-38.22,86.00,-62.45,1
a,2022-10-04 11:14:06.355267,-0.06,0.31,0.70,-24.11,-6.65,24.54,-38.70,88.79,-62.01,1
a,2022-10-04 11:14:06.373653,-0.06,0.39,0.73,-16.36,-14.22,35.95,-38.70,88.79,-62.01,1
a,2022-10-04 11:14:06.393989,-0.07,0.44,0.75,-11.17,-16.11,35.77,-38.70,88.79,-62.01,1
a,2022-10-04 11:14:06.414557,-0.07,0.45,0.72,-8.48,-14.71,31.74,-39.89,93.88,-58.72,1
a,2022-10-04 11:14:06.434937,-0.08,0.56,0.76,-19.90,-20.75,24.84,-39.89,93.88,-58.72,1
a,2022-10-04 11:14:06.454847,-0.08,0.65,0.83,-14.59,-21.79,24.23,-39.07,99.00,-53.94,1
a,2022-10-04 11:14:06.473505,-0.09,0.78,0.93,-18.68,-19.41,9.34,-39.07,99.00,-53.94,1
a,2022-10-04 11:14:06.492934,-0.10,0.80,0.98,-13.73,-15.44,0.37,-39.07,99.00,-53.94,1
a,2022-10-04 11:14:06.513005,-0.09,0.81,1.02,-3.91,-12.08,-4.33,-38.98,100.43,-49.84,1
a,2022-10-04 11:14:06.531767,-0.09,0.73,1.07,6.16,-7.87,-11.17,-38.98,100.43,-49.84,1
a,2022-10-04 11:14:06.552407,-0.08,0.67,1.09,9.58,-3.66,-15.38,-39.49,96.73,-50.78,1
a,2022-10-04 11:14:06.572529,-0.08,0.60,1.09,18.92,4.27,-20.81,-39.49,96.73,-50.78,1
a,2022-10-04 11:14:06.591271,-0.08,0.49,1.03,27.16,8.48,-19.29,-39.49,96.73,-50.78,1
a,2022-10-04 11:14:06.612039,-0.07,0.41,0.97,29.54,12.51,-18.55,-39.97,91.47,-51.53,1
a,2022-10-04 11:14:06.631011,-0.07,0.33,0.88,31.31,17.03,-14.89,-39.97,91.47,-51.53,1
a,2022-10-04 11:14:06.650491,-0.07,0.26,0.83,29.66,14.47,-9.70,-39.33,86.67,-56.42,1
a,2022-10-04 11:14:06.670590,-0.07,0.22,0.78,32.47,10.68,-0.61,-39.33,86.67,-56.42,1
a,2022-10-04 11:14:06.688777,-0.08,0.13,0.68,29.11,7.87,1.53,-39.33,86.67,-56.42,1
a,2022-10-04 11:14:06.709468,-0.08,0.10,0.59,15.26,0.73,2.14,-38.55,84.33,-59.74,1
a,2022-10-04 11:14:06.727952,-0.10,0.26,0.73,-32.84,-4.76,-14.47,-38.55,84.33,-59.74,1
a,2022-10-04 11:14:06.748451,-0.10,0.23,0.60,-20.26,6.53,-5.74,-38.15,84.46,-59.78,1
a,2022-10-04 11:14:06.766726,-0.08,0.30,0.68,5.98,-6.35,20.75,-38.15,84.46,-59.78,1
a,2022-10-04 11:14:06.785127,-0.08,0.35,0.69,-6.04,-15.01,15.38,-38.15,84.46,-59.78,1
a,2022-10-04 11:14:06.805261,-0.09,0.44,0.74,-11.78,-20.57,12.57,-40.17,89.06,-55.55,1
a,2022-10-04 11:14:06.824256,-0.09,0.52,0.83,-21.36,-21.85,5.86,-40.17,89.06,-55.55,1
a,2022-10-04 11:14:06.844341,-0.09,0.68,0.97,-29.91,-19.47,-3.97,-40.17,89.06,-55.55,1
a,2022-10-04 11:14:06.865258,-0.10,0.74,1.04,-16.42,-15.44,-2.87,-39.92,91.02,-50.35,1
a,2022-10-04 11:14:06.883611,-0.10,0.71,1.07,18.19,-8.42,3.97,-39.92,91.02,-50.35,1
a,2022-10-04 11:14:06.903255,-0.10,0.53,1.01,25.70,-6.77,1.65,-39.83,91.39,-48.71,1
a,2022-10-04 11:14:06.921639,-0.11,0.44,0.97,16.97,-7.51,-6.29,-39.83,91.39,-48.71,1
a,2022-10-04 11:14:06.941340,-0.11,0.34,0.92,12.57,-4.64,-5.86,-39.83,91.39,-48.71,1
a,2022-10-04 11:14:06.962257,-0.12,0.26,0.89,12.15,-1.59,-0.98,-39.07,89.75,-48.43,1
a,2022-10-04 11:14:06.981828,-0.11,0.25,0.88,16.91,4.94,8.61,-39.07,89.75,-48.43,1
a,2022-10-04 11:14:07.002335,-0.10,0.33,0.89,-17.15,0.67,-8.91,-39.36,88.76,-48.85,1
a,2022-10-04 11:14:07.020474,-0.10,0.42,0.90,-30.94,-4.94,-17.03,-39.36,88.76,-48.85,1
a,2022-10-04 11:14:07.040082,-0.10,0.48,0.89,-20.63,-11.84,-15.63,-39.36,88.76,-48.85,1
a,2022-10-04 11:14:07.059803,-0.12,0.49,0.88,-7.02,-13.12,-12.70,-39.73,88.65,-47.09,1
a,2022-10-04 11:14:07.079170,-0.15,0.47,0.88,7.81,-11.84,-8.79,-39.73,88.65,-47.09,1
a,2022-10-04 11:14:07.100778,-0.22,0.38,0.92,51.76,30.64,13.43,-40.34,89.36,-48.99,1
a,2022-10-04 11:14:07.119431,-0.25,0.38,0.96,9.03,25.39,-2.14,-40.34,89.36,-48.99,1
a,2022-10-04 11:14:07.138345,-0.08,0.45,0.93,-8.06,25.63,-4.82,-40.34,89.36,-48.99,1
a,2022-10-04 11:14:07.158084,-0.10,0.35,0.99,0.06,25.21,-1.95,-37.72,89.77,-51.14,1
a,2022-10-04 11:14:07.176259,-0.03,0.38,0.96,-5.00,26.92,1.77,-37.72,89.77,-51.14,1
a,2022-10-04 11:14:07.197778,0.02,0.42,0.97,-3.72,25.33,3.78,-35.02,90.21,-54.33,1
a,2022-10-04 11:14:07.216883,0.00,0.48,0.90,6.65,21.73,6.23,-35.02,90.21,-54.33,1
a,2022-10-04 11:14:07.236073,-0.05,0.45,0.87,9.34,18.68,4.64,-35.02,90.21,-54.33,1
a,2022-10-04 11:14:07.255117,-0.01,0.48,0.84,7.02,16.24,1.40,-33.40,90.69,-58.35,1
a,2022-10-04 11:14:07.274064,-0.00,0.44,0.80,8.24,13.00,-1.16,-33.40,90.69,-58.35,1
a,2022-10-04 11:14:07.293008,-0.02,0.41,0.78,8.61,11.90,-1.77,-33.40,90.69,-58.35,1
a,2022-10-04 11:14:07.312919,-0.01,0.41,0.77,7.32,6.96,-2.01,-32.28,89.84,-59.57,1
a,2022-10-04 11:14:07.331938,-0.04,0.40,0.78,5.13,6.96,-1.77,-32.28,89.84,-59.57,1
a,2022-10-04 11:14:07.352624,-0.06,0.42,0.80,5.62,4.76,-1.16,-31.71,90.52,-62.05,1
a,2022-10-04 11:14:07.372401,-0.10,0.44,0.86,3.30,0.31,-2.56,-31.71,90.52,-62.05,1
a,2022-10-04 11:14:07.391292,-0.13,0.42,0.89,4.03,-0.73,-3.36,-31.71,90.52,-62.05,1
a,2022-10-04 11:14:07.411513,-0.17,0.37,0.91,1.83,-0.43,-4.64,-31.10,89.97,-61.90,1
a,2022-10-04 11:14:07.430855,-0.16,0.36,0.89,-7.51,1.65,-2.50,-31.10,89.97,-61.90,1
a,2022-10-04 11:14:07.450064,-0.14,0.34,0.90,-13.18,2.38,-0.49,-28.61,89.27,-62.44,1
a,2022-10-04 11:14:07.470050,-0.10,0.23,0.90,-46.26,11.35,-16.05,-28.61,89.27,-62.44,1
a,2022-10-04 11:14:07.489088,-0.10,0.02,0.89,-95.83,21.06,-47.12,-28.61,89.27,-62.44,1
a,2022-10-04 11:14:07.509170,-0.11,-0.02,0.80,-187.62,34.55,-100.83,-24.19,85.88,-60.58,1
a,2022-10-04 11:14:07.529751,-0.03,0.27,0.56,-368.23,63.66,-188.48,-24.19,85.88,-60.58,1
a,2022-10-04 11:14:07.548876,0.26,0.58,0.36,-445.98,79.83,-225.95,-15.05,70.08,-56.69,1
a,2022-10-04 11:14:07.567672,0.42,1.06,0.29,-437.99,79.65,-236.76,-15.05,70.08,-56.69,1
a,2022-10-04 11:14:07.585496,0.35,1.47,0.44,-335.14,82.58,-197.33,-15.05,70.08,-56.69,1
a,2022-10-04 11:14:07.605118,0.40,1.28,0.31,-221.92,95.46,-154.11,-3.65,58.22,-48.06,1
a,2022-10-04 11:14:07.624706,0.44,1.30,0.26,-141.60,60.61,-108.34,-3.65,58.22,-48.06,1
a,2022-10-04 11:14:07.645422,0.51,1.19,0.16,-94.42,36.99,-71.47,5.33,54.74,-43.75,1
a,2022-10-04 11:14:07.663292,0.55,1.17,0.14,-59.39,22.09,-46.08,5.33,54.74,-43.75,1
a,2022-10-04 11:14:07.681997,0.67,1.18,0.10,-48.52,11.47,-39.49,5.33,54.74,-43.75,1
a,2022-10-04 11:14:07.702687,0.64,1.14,0.08,-10.62,-5.13,-27.53,11.67,55.07,-42.59,1
a,2022-10-04 11:14:07.720587,0.64,1.07,0.06,0.79,-13.79,-21.42,11.67,55.07,-42.59,1
a,2022-10-04 11:14:07.739629,0.67,1.04,0.04,7.87,-23.62,-1.71,11.67,55.07,-42.59,1
a,2022-10-04 11:14:07.759941,0.73,0.99,0.04,17.52,-30.46,-14.89,16.17,56.13,-42.83,1
a,2022-10-04 11:14:07.778256,0.77,0.97,0.02,17.94,-34.67,-20.45,16.17,56.13,-42.83,1
a,2022-10-04 11:14:07.798464,0.78,0.99,0.03,11.11,-44.49,-36.74,21.18,57.70,-43.79,1
a,2022-10-04 11:14:07.816791,0.77,1.00,0.06,7.93,-50.11,-42.97,21.18,57.70,-43.79,1
a,2022-10-04 11:14:07.836434,0.79,0.98,0.05,13.12,-59.57,-46.69,21.18,57.70,-43.79,1
a,2022-10-04 11:14:07.856151,0.79,0.95,0.05,26.43,-70.80,-48.58,25.78,60.27,-45.53,1
a,2022-10-04 11:14:07.874842,0.74,0.85,0.06,38.51,-89.66,-57.80,25.78,60.27,-45.53,1
a,2022-10-04 11:14:07.895129,0.69,0.79,0.10,34.48,-97.17,-67.32,28.91,63.57,-46.31,1
a,2022-10-04 11:14:07.913285,0.71,0.74,0.10,12.33,-104.37,-79.65,28.91,63.57,-46.31,1
a,2022-10-04 11:14:07.932373,0.79,0.70,0.11,5.43,-114.32,-84.66,28.91,63.57,-46.31,1
a,2022-10-04 11:14:07.951325,0.84,0.77,0.07,6.35,-125.79,-81.97,31.02,68.92,-48.06,1
a,2022-10-04 11:14:07.970652,0.80,0.78,0.06,5.74,-151.25,-85.02,31.02,68.92,-48.06,1
a,2022-10-04 11:14:07.989270,0.57,0.73,0.27,30.21,-174.07,-78.86,31.02,68.92,-48.06,1
a,2022-10-04 11:14:08.009256,0.47,0.68,0.38,45.10,-168.15,-76.42,29.98,74.91,-50.43,1
a,2022-10-04 11:14:08.028587,0.50,0.64,0.40,34.67,-155.33,-83.01,29.98,74.91,-50.43,1
a,2022-10-04 11:14:08.047329,0.58,0.55,0.28,24.35,-149.78,-96.56,25.34,79.81,-51.46,1
a,2022-10-04 11:14:08.066942,0.54,0.44,0.28,16.11,-154.72,-104.13,25.34,79.81,-51.46,1
a,2022-10-04 11:14:08.086998,0.49,0.38,0.29,10.07,-163.70,-102.42,25.34,79.81,-51.46,1
a,2022-10-04 11:14:08.107565,0.37,0.34,0.33,-1.89,-179.26,-94.97,20.80,81.47,-50.76,1
a,2022-10-04 11:14:08.127116,0.30,0.40,0.45,3.30,-190.55,-88.62,20.80,81.47,-50.76,1
a,2022-10-04 11:14:08.145465,0.20,0.34,0.57,10.44,-169.74,-77.09,15.64,81.71,-48.74,1
a,2022-10-04 11:14:08.165356,0.21,0.39,0.58,-6.29,-157.71,-78.25,15.64,81.71,-48.74,1
a,2022-10-04 11:14:08.184026,0.24,0.39,0.57,-21.91,-147.22,-85.02,15.64,81.71,-48.74,1
a,2022-10-04 11:14:08.203787,0.21,0.37,0.62,-16.85,-133.12,-81.91,12.49,79.65,-46.18,1
a,2022-10-04 11:14:08.222489,0.10,0.32,0.70,-9.70,-120.30,-74.10,12.49,79.65,-46.18,1
a,2022-10-04 11:14:08.242403,0.06,0.32,0.76,-13.12,-101.56,-68.30,11.85,77.92,-43.09,1
a,2022-10-04 11:14:08.262184,0.11,0.26,0.71,-13.24,-65.12,-65.25,11.85,77.92,-43.09,1
a,2022-10-04 11:14:08.282134,0.16,0.29,0.71,-39.25,-50.60,-79.04,11.85,77.92,-43.09,1
a,2022-10-04 11:14:08.302600,0.22,0.29,0.68,-54.99,-32.17,-89.90,12.52,76.32,-41.52,1
a,2022-10-04 11:14:08.321792,0.25,0.34,0.71,-60.73,-29.17,-91.06,12.52,76.32,-41.52,1
a,2022-10-04 11:14:08.341615,0.27,0.37,0.73,-59.57,-27.47,-83.07,12.52,76.32,-41.52,1
a,2022-10-04 11:14:08.360255,0.30,0.41,0.74,-51.88,-26.49,-69.58,14.04,74.01,-40.25,1
a,2022-10-04 11:14:08.380566,0.34,0.48,0.74,-57.62,-27.28,-67.20,14.04,74.01,-40.25,1
a,2022-10-04 11:14:08.400628,0.37,0.56,0.76,-58.84,-31.68,-69.64,15.39,72.05,-39.00,1
a,2022-10-04 11:14:08.419003,0.37,0.62,0.75,-49.44,-35.46,-71.47,15.39,72.05,-39.00,1
a,2022-10-04 11:14:08.440352,0.35,0.61,0.74,-48.83,-40.95,-75.74,15.39,72.05,-39.00,1
a,2022-10-04 11:14:08.460156,0.34,0.55,0.72,-42.91,-46.20,-75.56,17.27,71.01,-35.55,1
a,2022-10-04 11:14:08.478370,0.32,0.50,0.69,-44.68,-53.59,-75.81,17.27,71.01,-35.55,1
a,2022-10-04 11:14:08.498936,0.32,0.52,0.65,-35.03,-56.15,-67.14,19.01,69.89,-33.12,1
a,2022-10-04 11:14:08.517664,0.29,0.52,0.70,-37.72,-69.15,-67.44,19.01,69.89,-33.12,1
a,2022-10-04 11:14:08.536676,0.25,0.52,0.74,-32.96,-70.43,-64.09,19.01,69.89,-33.12,1
a,2022-10-04 11:14:08.556374,0.25,0.53,0.77,-34.24,-68.30,-62.13,20.80,68.64,-32.26,1
a,2022-10-04 11:14:08.574411,0.27,0.50,0.72,-32.35,-66.35,-58.23,20.80,68.64,-32.26,1
a,2022-10-04 11:14:08.595565,0.27,0.48,0.72,-33.94,-68.48,-57.56,22.67,68.03,-31.26,1
a,2022-10-04 11:14:08.613472,0.26,0.46,0.72,-36.87,-68.36,-54.99,22.67,68.03,-31.26,1
a,2022-10-04 11:14:08.632693,0.26,0.48,0.77,-35.58,-64.33,-49.87,22.67,68.03,-31.26,1
a,2022-10-04 11:14:08.653376,0.30,0.51,0.77,-40.16,-61.95,-46.88,24.46,68.29,-30.00,1
a,2022-10-04 11:14:08.672213,0.31,0.52,0.77,-32.53,-58.96,-39.67,24.46,68.29,-30.00,1
a,2022-10-04 11:14:08.693102,0.32,0.53,0.80,-34.06,-58.96,-36.87,26.53,67.43,-27.44,1
a,2022-10-04 11:14:08.711961,0.33,0.59,0.81,-29.11,-57.43,-31.68,26.53,67.43,-27.44,1
a,2022-10-04 11:14:08.730723,0.33,0.65,0.85,-25.63,-56.21,-27.83,26.53,67.43,-27.44,1
a,2022-10-04 11:14:08.750511,0.31,0.70,0.87,-21.30,-52.55,-28.20,27.43,67.82,-27.59,1
a,2022-10-04 11:14:08.769989,0.33,0.74,0.89,-12.27,-48.77,-28.38,27.43,67.82,-27.59,1
a,2022-10-04 11:14:08.788810,0.33,0.72,0.84,3.85,-40.04,-28.44,27.43,67.82,-27.59,1
a,2022-10-04 11:14:08.808986,0.33,0.71,0.82,5.80,-39.79,-32.23,28.77,67.76,-27.11,1
a,2022-10-04 11:14:08.828628,0.29,0.66,0.81,15.38,-37.66,-29.60,28.77,67.76,-27.11,1
a,2022-10-04 11:14:08.848990,0.25,0.61,0.83,21.42,-30.33,-28.14,29.98,68.02,-27.99,1
a,2022-10-04 11:14:08.867023,0.23,0.60,0.83,21.85,-21.91,-27.59,29.98,68.02,-27.99,1
a,2022-10-04 11:14:08.886902,0.22,0.60,0.83,22.40,-6.96,-26.00,29.98,68.02,-27.99,1
a,2022-10-04 11:14:08.905828,0.23,0.63,0.81,21.30,1.16,-24.60,31.20,68.04,-28.14,1
a,2022-10-04 11:14:08.924549,0.25,0.64,0.78,26.25,7.87,-21.36,31.20,68.04,-28.14,1
a,2022-10-04 11:14:08.945503,0.24,0.65,0.78,29.42,13.00,-17.40,32.56,67.38,-28.69,1
a,2022-10-04 11:14:08.963609,0.24,0.65,0.76,27.77,16.05,-15.56,32.56,67.38,-28.69,1
a,2022-10-04 11:14:08.982473,0.22,0.64,0.76,27.65,19.29,-14.34,32.56,67.38,-28.69,1
a,2022-10-04 11:14:09.002674,0.21,0.62,0.76,27.71,28.99,-13.61,33.67,67.46,-29.50,1
a,2022-10-04 11:14:09.021436,0.20,0.58,0.72,24.90,34.85,-13.73,33.67,67.46,-29.50,1
a,2022-10-04 11:14:09.042094,0.21,0.54,0.69,22.09,39.43,-13.79,34.36,67.69,-29.17,1
