O,2022-11-13 11:53:58.792336,-0.03,0.93,-0.33,2.32,1.40,2.26,-7.79,-33.67,-5.37,1
O,2022-11-13 11:53:58.792644,-0.03,0.92,-0.33,2.38,1.28,2.26,-7.79,-33.67,-5.37,1
O,2022-11-13 11:53:58.792941,-0.02,0.93,-0.33,1.95,1.16,1.83,-7.79,-33.67,-5.37,1
O,2022-11-13 11:53:58.793238,-0.03,0.93,-0.33,2.38,1.22,1.89,-7.31,-33.20,-6.16,1
O,2022-11-13 11:53:58.793538,-0.03,0.93,-0.33,2.26,1.34,2.32,-7.31,-33.20,-6.16,1
O,2022-11-13 11:53:58.793832,-0.03,0.93,-0.33,2.50,1.28,2.38,-7.31,-33.20,-6.16,1
O,2022-11-13 11:53:58.794131,-0.02,0.93,-0.33,2.38,1.22,2.26,-7.45,-33.41,-5.13,1
O,2022-11-13 11:53:58.794608,-0.03,0.93,-0.33,2.26,1.46,2.44,-7.45,-33.41,-5.13,1
O,2022-11-13 11:53:58.795048,-0.03,0.93,-0.33,2.56,1.22,2.20,-7.45,-33.41,-5.13,1
O,2022-11-13 11:53:58.795425,-0.03,0.93,-0.33,2.44,1.10,1.83,-7.46,-33.74,-5.68,1
O,2022-11-13 11:53:58.795843,-0.03,0.93,-0.33,2.56,1.10,2.01,-7.46,-33.74,-5.68,1
O,2022-11-13 11:53:58.796234,-0.03,0.93,-0.32,2.50,1.16,1.95,-7.79,-33.68,-4.26,1
O,2022-11-13 11:53:58.796576,-0.03,0.93,-0.33,2.26,1.40,2.26,-7.79,-33.68,-4.26,1
O,2022-11-13 11:53:58.796886,-0.02,0.93,-0.32,2.56,1.34,2.50,-7.79,-33.68,-4.26,1
O,2022-11-13 11:53:58.797182,-0.02,0.93,-0.32,2.01,1.40,2.20,-7.57,-33.34,-5.80,1
O,2022-11-13 11:53:58.797490,-0.03,0.93,-0.32,2.26,1.04,2.14,-7.57,-33.34,-5.80,1
O,2022-11-13 11:53:58.797801,-0.03,0.93,-0.32,2.56,0.98,2.01,-7.57,-33.34,-5.80,1
O,2022-11-13 11:53:58.798095,-0.02,0.93,-0.32,2.56,1.28,2.20,-7.80,-33.76,-5.54,1
O,2022-11-13 11:53:58.798434,-0.02,0.93,-0.32,2.26,1.46,2.56,-7.80,-33.76,-5.54,1
O,2022-11-13 11:53:58.798772,-0.03,0.93,-0.32,2.32,1.40,2.50,-7.80,-33.76,-5.54,1
O,2022-11-13 11:53:58.799121,-0.02,0.93,-0.32,2.08,1.40,2.20,-7.24,-34.09,-5.44,1
O,2022-11-13 11:53:58.799434,-0.03,0.93,-0.32,2.38,1.22,2.08,-7.24,-34.09,-5.44,1
O,2022-11-13 11:53:58.799735,-0.02,0.93,-0.32,2.50,1.10,2.08,-7.19,-34.05,-5.42,1
O,2022-11-13 11:53:58.799911,-0.03,0.93,-0.32,2.44,1.28,2.20,-7.19,-34.05,-5.42,1
O,2022-11-13 11:53:58.800065,-0.02,0.93,-0.32,2.20,1.46,2.44,-7.19,-34.05,-5.42,1
O,2022-11-13 11:53:58.800246,-0.02,0.93,-0.32,2.14,1.34,2.56,-6.96,-33.23,-5.14,1
O,2022-11-13 11:53:58.800401,-0.02,0.93,-0.32,2.14,1.28,2.14,-6.96,-33.23,-5.14,1
O,2022-11-13 11:53:58.800564,-0.03,0.93,-0.32,2.38,1.10,2.26,-6.96,-33.23,-5.14,1
O,2022-11-13 11:53:58.800725,-0.03,0.93,-0.32,2.56,0.98,2.14,-7.35,-33.86,-4.74,1
O,2022-11-13 11:53:58.800889,-0.03,0.93,-0.32,2.26,1.22,2.14,-7.35,-33.86,-4.74,1
O,2022-11-13 11:53:58.801065,-0.02,0.93,-0.32,2.20,1.40,2.26,-7.35,-33.86,-4.74,1
O,2022-11-13 11:53:58.801240,-0.02,0.93,-0.32,2.01,1.28,2.26,-7.62,-33.13,-5.38,1
O,2022-11-13 11:53:58.801410,-0.03,0.93,-0.32,2.20,1.40,2.38,-7.62,-33.13,-5.38,1
O,2022-11-13 11:53:58.801582,-0.02,0.93,-0.32,2.56,1.22,2.20,-7.32,-33.78,-6.40,1
O,2022-11-13 11:53:58.801737,-0.02,0.93,-0.32,2.38,1.34,2.20,-7.32,-33.78,-6.40,1
O,2022-11-13 11:53:58.801899,-0.02,0.93,-0.32,2.14,1.28,2.32,-7.32,-33.78,-6.40,1
O,2022-11-13 11:53:58.802054,-0.03,0.93,-0.32,2.44,1.10,2.20,-7.58,-33.45,-4.86,1
O,2022-11-13 11:53:58.802213,-0.02,0.93,-0.32,2.14,1.28,2.01,-7.58,-33.45,-4.86,1
O,2022-11-13 11:53:58.802367,-0.03,0.93,-0.32,2.26,1.34,2.38,-7.58,-33.45,-4.86,1
O,2022-11-13 11:53:58.802523,-0.03,0.93,-0.32,2.08,1.10,2.26,-7.59,-33.50,-6.64,1
O,2022-11-13 11:53:58.802703,-0.03,0.93,-0.32,2.38,1.22,2.26,-7.59,-33.50,-6.64,1
O,2022-11-13 11:53:58.802890,-0.03,0.93,-0.32,2.32,1.40,2.32,-7.59,-33.50,-6.64,1
O,2022-11-13 11:53:58.803163,-0.02,0.93,-0.32,2.01,1.28,2.14,-7.87,-33.57,-6.41,1
O,2022-11-13 11:53:58.803366,-0.03,0.93,-0.32,2.32,1.22,2.32,-7.87,-33.57,-6.41,1
O,2022-11-13 11:53:58.803532,-0.02,0.93,-0.32,2.38,1.10,2.20,-7.46,-33.91,-6.20,1
O,2022-11-13 11:53:58.803689,-0.02,0.93,-0.32,2.01,1.53,2.20,-7.46,-33.91,-6.20,1
O,2022-11-13 11:53:58.803846,-0.02,0.93,-0.32,2.26,1.28,2.44,-7.46,-33.91,-6.20,1
O,2022-11-13 11:53:58.804009,-0.03,0.93,-0.32,2.56,1.22,2.32,-8.33,-33.31,-6.68,1
O,2022-11-13 11:53:58.804161,-0.03,0.93,-0.32,2.26,1.40,2.44,-8.33,-33.31,-6.68,1
O,2022-11-13 11:53:58.804378,-0.02,0.93,-0.32,2.26,1.22,2.14,-8.33,-33.31,-6.68,1
O,2022-11-13 11:53:58.804608,-0.02,0.93,-0.32,2.20,1.16,2.14,-7.74,-33.56,-5.96,1
O,2022-11-13 11:53:58.804769,-0.02,0.93,-0.32,2.20,1.28,2.44,-7.74,-33.56,-5.96,1
O,2022-11-13 11:53:58.804930,-0.02,0.93,-0.32,2.26,1.22,2.20,-7.74,-33.56,-5.96,1
O,2022-11-13 11:53:58.805081,-0.02,0.93,-0.32,2.44,1.22,2.38,-7.45,-32.97,-5.33,1
O,2022-11-13 11:53:58.805241,-0.03,0.93,-0.31,2.69,1.46,2.32,-7.45,-32.97,-5.33,1
O,2022-11-13 11:53:58.805410,-0.02,0.93,-0.32,2.26,1.40,2.38,-7.69,-33.61,-5.90,1
O,2022-11-13 11:53:58.805566,-0.02,0.93,-0.32,1.95,1.34,2.20,-7.69,-33.61,-5.90,1
O,2022-11-13 11:53:58.805724,-0.03,0.93,-0.32,1.59,1.22,2.38,-7.69,-33.61,-5.90,1
O,2022-11-13 11:53:58.805877,-0.02,0.93,-0.32,1.65,1.28,2.26,-7.69,-33.30,-5.30,1
O,2022-11-13 11:53:58.806034,-0.02,0.93,-0.31,2.75,1.16,2.20,-7.69,-33.30,-5.30,1
O,2022-11-13 11:53:58.806185,-0.02,0.93,-0.32,2.93,1.40,2.26,-7.69,-33.30,-5.30,1
O,2022-11-13 11:53:58.806346,-0.02,0.93,-0.31,2.38,1.34,2.20,-7.74,-33.08,-5.65,1
O,2022-11-13 11:53:58.806497,-0.02,0.93,-0.31,2.01,1.40,2.38,-7.74,-33.08,-5.65,1
O,2022-11-13 11:53:58.806648,-0.02,0.93,-0.32,2.26,1.16,2.44,-7.74,-33.08,-5.65,1
O,2022-11-13 11:53:58.806808,-0.02,0.93,-0.31,1.95,1.28,2.44,-8.02,-33.52,-5.80,1
O,2022-11-13 11:53:58.806957,-0.02,0.93,-0.31,2.20,1.28,2.20,-8.02,-33.52,-5.80,1
O,2022-11-13 11:53:58.807116,-0.03,0.93,-0.31,2.56,1.22,2.32,-7.74,-33.57,-5.82,1
O,2022-11-13 11:53:58.807267,-0.02,0.93,-0.31,1.83,1.46,2.26,-7.74,-33.57,-5.82,1
O,2022-11-13 11:53:58.807420,-0.02,0.93,-0.31,2.20,1.46,2.38,-7.74,-33.57,-5.82,1
O,2022-11-13 11:53:58.807585,-0.02,0.93,-0.31,2.69,1.22,2.32,-7.41,-33.73,-7.09,1
O,2022-11-13 11:53:58.807740,-0.02,0.93,-0.31,2.38,1.22,2.01,-7.41,-33.73,-7.09,1
O,2022-11-13 11:53:58.807900,-0.02,0.93,-0.31,2.26,1.10,2.32,-7.41,-33.73,-7.09,1
O,2022-11-13 11:53:58.808051,-0.02,0.93,-0.31,1.77,1.22,2.20,-7.28,-33.59,-7.01,1
O,2022-11-13 11:53:58.808208,-0.02,0.93,-0.31,1.89,1.22,1.83,-7.28,-33.59,-7.01,1
O,2022-11-13 11:53:58.808358,-0.02,0.93,-0.31,2.44,0.98,2.01,-7.28,-33.59,-7.01,1
O,2022-11-13 11:53:58.808508,-0.02,0.93,-0.31,2.38,1.46,2.26,-7.90,-33.48,-6.62,1
O,2022-11-13 11:53:58.808665,-0.02,0.93,-0.31,2.38,1.40,2.20,-7.90,-33.48,-6.62,1
O,2022-11-13 11:53:58.808816,-0.02,0.93,-0.31,2.26,1.16,2.26,-7.58,-33.62,-6.52,1
O,2022-11-13 11:53:58.808976,-0.02,0.93,-0.31,2.01,1.16,2.08,-7.58,-33.62,-6.52,1
O,2022-11-13 11:53:58.809127,-0.02,0.93,-0.31,2.62,1.34,2.38,-7.58,-33.62,-6.52,1
O,2022-11-13 11:53:58.809278,-0.02,0.93,-0.31,1.95,1.65,2.62,-7.84,-33.23,-7.70,1
O,2022-11-13 11:53:58.809436,-0.02,0.93,-0.31,1.95,1.40,2.26,-7.84,-33.23,-7.70,1
O,2022-11-13 11:53:58.809587,-0.02,0.93,-0.31,2.14,1.22,2.32,-7.84,-33.23,-7.70,1
O,2022-11-13 11:53:58.809746,-0.02,0.93,-0.31,2.08,1.22,2.20,-8.12,-33.25,-6.46,1
O,2022-11-13 11:53:58.809897,-0.02,0.93,-0.31,2.44,1.28,2.20,-8.12,-33.25,-6.46,1
O,2022-11-13 11:53:58.810049,-0.02,0.93,-0.31,2.20,1.16,2.20,-8.12,-33.25,-6.46,1
O,2022-11-13 11:53:58.810209,-0.02,0.93,-0.31,1.95,1.22,2.20,-7.69,-33.19,-7.04,1
O,2022-11-13 11:53:58.810362,-0.02,0.93,-0.31,1.83,0.98,2.32,-7.69,-33.19,-7.04,1
O,2022-11-13 11:53:58.810521,-0.02,0.93,-0.31,2.32,1.10,2.32,-7.60,-33.50,-6.86,1
O,2022-11-13 11:53:58.810672,-0.02,0.93,-0.31,2.26,1.28,2.20,-7.60,-33.50,-6.86,1
O,2022-11-13 11:53:58.810829,-0.02,0.93,-0.31,2.20,1.28,2.32,-7.60,-33.50,-6.86,1
O,2022-11-13 11:53:58.810981,-0.02,0.93,-0.31,2.14,1.10,2.32,-7.71,-33.51,-6.46,1
O,2022-11-13 11:53:58.811133,-0.02,0.93,-0.31,2.01,1.40,2.26,-7.71,-33.51,-6.46,1
O,2022-11-13 11:53:58.811292,-0.02,0.93,-0.31,2.20,1.46,2.26,-7.71,-33.51,-6.46,1
O,2022-11-13 11:53:58.811443,-0.02,0.93,-0.31,2.32,1.40,2.08,-7.71,-33.85,-7.20,1
O,2022-11-13 11:53:58.811614,-0.02,0.93,-0.31,2.20,1.22,2.32,-7.71,-33.85,-7.20,1
O,2022-11-13 11:53:58.811766,-0.02,0.93,-0.31,2.01,1.04,2.14,-7.71,-33.85,-7.20,1
O,2022-11-13 11:53:58.811917,-0.02,0.93,-0.31,2.01,1.04,2.26,-7.21,-33.39,-6.71,1
O,2022-11-13 11:53:58.812074,-0.02,0.93,-0.31,2.08,1.16,2.08,-7.21,-33.39,-6.71,1
O,2022-11-13 11:53:58.812361,-0.02,0.93,-0.31,2.32,1.10,2.38,-7.29,-33.26,-6.71,1
O,2022-11-13 11:53:58.812522,-0.02,0.93,-0.31,2.01,1.28,2.20,-7.29,-33.26,-6.71,1
O,2022-11-13 11:53:58.812677,-0.02,0.93,-0.31,2.20,1.34,2.26,-7.29,-33.26,-6.71,1
O,2022-11-13 11:53:58.812829,-0.02,0.93,-0.31,2.08,1.22,2.26,-7.50,-33.31,-7.17,1
O,2022-11-13 11:53:58.813008,-0.02,0.93,-0.31,2.44,1.34,2.38,-7.50,-33.31,-7.17,1
O,2022-11-13 11:53:58.813163,-0.02,0.93,-0.31,2.32,1.22,2.26,-7.50,-33.31,-7.17,1
O,2022-11-13 11:53:58.813323,-0.02,0.93,-0.31,2.01,1.22,2.26,-7.47,-33.64,-6.88,1
O,2022-11-13 11:53:58.813475,-0.02,0.93,-0.31,2.26,1.22,2.32,-7.47,-33.64,-6.88,1
O,2022-11-13 11:53:58.813641,-0.02,0.93,-0.30,2.32,1.28,2.38,-7.47,-33.64,-6.88,1
O,2022-11-13 11:53:58.813798,-0.02,0.93,-0.31,2.14,1.16,2.08,-8.02,-33.44,-6.74,1
O,2022-11-13 11:53:58.813951,-0.02,0.93,-0.31,2.14,1.22,2.44,-8.02,-33.44,-6.74,1
O,2022-11-13 11:53:58.814110,-0.02,0.93,-0.31,2.38,1.34,2.32,-7.67,-33.33,-6.13,1
O,2022-11-13 11:53:58.814264,-0.02,0.93,-0.31,2.20,1.34,2.32,-7.67,-33.33,-6.13,1
O,2022-11-13 11:53:58.814421,-0.02,0.93,-0.31,2.08,1.22,2.32,-7.67,-33.33,-6.13,1
O,2022-11-13 11:53:58.814578,-0.02,0.94,-0.31,2.14,1.22,2.08,-7.87,-33.11,-7.17,1
O,2022-11-13 11:53:58.814731,-0.02,0.93,-0.31,2.01,1.16,2.26,-7.87,-33.11,-7.17,1
O,2022-11-13 11:53:58.814895,-0.02,0.93,-0.30,2.26,0.98,2.56,-7.87,-33.11,-7.17,1
O,2022-11-13 11:53:58.815051,-0.02,0.93,-0.30,2.56,0.92,2.01,-7.30,-33.23,-7.18,1
O,2022-11-13 11:53:58.815213,-0.02,0.93,-0.30,2.26,1.40,2.26,-7.30,-33.23,-7.18,1
O,2022-11-13 11:53:58.815365,-0.02,0.93,-0.30,1.77,1.22,2.14,-7.30,-33.23,-7.18,1
O,2022-11-13 11:53:58.815522,-0.02,0.93,-0.30,2.01,1.10,1.95,-7.78,-33.51,-6.69,1
O,2022-11-13 11:53:58.815674,-0.02,0.93,-0.30,2.08,1.28,2.32,-7.78,-33.51,-6.69,1
O,2022-11-13 11:53:58.815828,-0.02,0.93,-0.30,2.32,1.16,2.08,-7.71,-33.68,-6.48,1
O,2022-11-13 11:53:58.815984,-0.02,0.93,-0.30,2.32,1.46,2.26,-7.71,-33.68,-6.48,1
O,2022-11-13 11:53:58.816145,-0.02,0.93,-0.30,2.08,1.16,2.26,-7.71,-33.68,-6.48,1
O,2022-11-13 11:53:58.816307,-0.02,0.93,-0.30,2.01,1.28,2.44,-7.65,-33.00,-6.54,1
O,2022-11-13 11:53:58.816463,-0.02,0.93,-0.30,2.08,1.10,2.26,-7.65,-33.00,-6.54,1
O,2022-11-13 11:53:58.816617,-0.02,0.93,-0.30,2.20,0.98,2.01,-7.65,-33.00,-6.54,1
O,2022-11-13 11:53:58.816776,-0.02,0.93,-0.30,1.89,1.22,2.20,-7.31,-33.47,-8.14,1
O,2022-11-13 11:53:58.816929,-0.02,0.93,-0.30,1.83,1.40,2.44,-7.31,-33.47,-8.14,1
O,2022-11-13 11:53:58.817088,-0.02,0.93,-0.30,2.08,1.40,2.32,-7.31,-33.47,-8.14,1
O,2022-11-13 11:53:58.817242,-0.02,0.93,-0.30,2.14,1.22,2.20,-7.69,-33.41,-5.26,1
O,2022-11-13 11:53:58.817398,-0.02,0.93,-0.30,2.26,1.16,2.38,-7.69,-33.41,-5.26,1
O,2022-11-13 11:53:58.817562,-0.02,0.94,-0.30,2.14,1.16,2.01,-8.24,-33.81,-6.85,1
O,2022-11-13 11:53:58.817713,-0.02,0.93,-0.30,1.89,1.34,2.14,-8.24,-33.81,-6.85,1
O,2022-11-13 11:53:58.817871,-0.02,0.93,-0.30,1.89,1.46,2.14,-8.24,-33.81,-6.85,1
O,2022-11-13 11:53:58.818024,-0.02,0.93,-0.30,2.20,1.28,2.32,-7.89,-33.75,-6.19,1
O,2022-11-13 11:53:58.818184,-0.02,0.93,-0.30,2.01,1.16,2.32,-7.89,-33.75,-6.19,1
O,2022-11-13 11:53:58.818338,-0.02,0.93,-0.30,1.95,1.28,2.44,-7.89,-33.75,-6.19,1
O,2022-11-13 11:53:58.818492,-0.02,0.93,-0.30,2.08,1.16,2.32,-7.60,-33.42,-7.13,1
O,2022-11-13 11:53:58.818655,-0.02,0.93,-0.30,2.44,1.28,2.38,-7.60,-33.42,-7.13,1
O,2022-11-13 11:53:58.818808,-0.02,0.93,-0.30,2.26,1.40,2.44,-7.60,-33.42,-7.13,1
O,2022-11-13 11:53:58.818971,-0.02,0.93,-0.30,1.95,1.34,2.20,-7.23,-33.41,-7.26,1
O,2022-11-13 11:53:58.819123,-0.02,0.93,-0.30,2.08,1.28,2.26,-7.23,-33.41,-7.26,1
O,2022-11-13 11:53:58.819277,-0.02,0.93,-0.30,1.95,1.40,2.38,-7.13,-33.31,-6.75,1
O,2022-11-13 11:53:58.819433,-0.02,0.93,-0.30,2.20,1.34,2.32,-7.13,-33.31,-6.75,1
O,2022-11-13 11:53:58.819586,-0.02,0.93,-0.30,2.20,1.04,2.14,-7.13,-33.31,-6.75,1
O,2022-11-13 11:53:58.819743,-0.02,0.93,-0.30,1.83,1.28,2.38,-6.79,-33.22,-7.52,1
O,2022-11-13 11:53:58.819894,-0.02,0.93,-0.30,2.20,1.10,2.26,-6.79,-33.22,-7.52,1
O,2022-11-13 11:53:58.820056,-0.02,0.93,-0.30,2.14,1.16,2.20,-6.79,-33.22,-7.52,1
O,2022-11-13 11:53:58.820209,-0.02,0.93,-0.30,2.14,1.16,2.32,-7.19,-32.95,-7.19,1
O,2022-11-13 11:53:58.820364,-0.02,0.94,-0.30,2.14,1.04,2.26,-7.19,-32.95,-7.19,1
O,2022-11-13 11:53:58.820528,-0.02,0.93,-0.30,2.20,1.28,2.50,-7.19,-32.95,-7.19,1
O,2022-11-13 11:53:58.820682,-0.02,0.94,-0.30,2.14,1.10,2.38,-7.26,-33.47,-7.47,1
O,2022-11-13 11:53:58.820840,-0.02,0.93,-0.30,2.50,1.22,2.56,-7.26,-33.47,-7.47,1
O,2022-11-13 11:53:58.820991,-0.02,0.94,-0.30,2.14,1.28,2.20,-7.19,-33.15,-7.62,1
O,2022-11-13 11:53:58.821144,-0.02,0.93,-0.30,2.20,0.92,2.20,-7.19,-33.15,-7.62,1
O,2022-11-13 11:53:58.821301,-0.02,0.94,-0.30,2.14,0.79,2.20,-7.19,-33.15,-7.62,1
O,2022-11-13 11:53:58.821453,-0.02,0.93,-0.30,2.14,1.16,2.50,-7.10,-33.64,-7.63,1
O,2022-11-13 11:53:58.821607,-0.02,0.93,-0.30,2.08,1.46,2.38,-7.10,-33.64,-7.63,1
O,2022-11-13 11:53:58.821758,-0.02,0.93,-0.30,2.32,1.10,2.44,-7.10,-33.64,-7.63,1
O,2022-11-13 11:53:58.821911,-0.02,0.94,-0.30,1.77,0.98,2.08,-7.18,-33.07,-7.34,1
O,2022-11-13 11:53:58.822062,-0.02,0.93,-0.30,2.14,1.34,2.20,-7.18,-33.07,-7.34,1
O,2022-11-13 11:53:58.822212,-0.02,0.94,-0.30,2.26,1.40,2.44,-7.18,-33.07,-7.34,1
O,2022-11-13 11:53:58.822457,-0.02,0.93,-0.30,1.95,1.34,2.20,-7.51,-33.20,-7.82,1
O,2022-11-13 11:53:58.822611,-0.02,0.93,-0.30,2.01,1.28,2.26,-7.51,-33.20,-7.82,1
O,2022-11-13 11:53:58.822768,-0.02,0.94,-0.30,1.95,1.16,2.32,-7.56,-33.70,-6.69,1
O,2022-11-13 11:53:58.822920,-0.02,0.94,-0.30,2.26,1.16,2.32,-7.56,-33.70,-6.69,1
O,2022-11-13 11:53:58.823070,-0.02,0.93,-0.29,2.20,1.28,2.20,-7.56,-33.70,-6.69,1
O,2022-11-13 11:53:58.823225,-0.02,0.93,-0.30,1.89,1.04,2.14,-7.62,-33.69,-7.76,1
O,2022-11-13 11:53:58.823377,-0.02,0.94,-0.30,1.83,1.28,2.38,-7.62,-33.69,-7.76,1
O,2022-11-13 11:53:58.823531,-0.02,0.93,-0.30,1.83,1.34,2.38,-7.62,-33.69,-7.76,1
O,2022-11-13 11:53:58.823685,-0.02,0.93,-0.29,2.26,1.16,2.14,-7.65,-33.41,-7.91,1
O,2022-11-13 11:53:58.823839,-0.02,0.94,-0.30,2.08,1.34,2.26,-7.65,-33.41,-7.91,1
O,2022-11-13 11:53:58.823993,-0.02,0.94,-0.30,2.26,1.10,2.20,-7.65,-33.41,-7.91,1
O,2022-11-13 11:53:58.824146,-0.02,0.94,-0.29,2.01,1.28,2.20,-7.56,-33.39,-7.68,1
O,2022-11-13 11:53:58.824303,-0.02,0.94,-0.30,1.95,1.04,2.38,-7.56,-33.39,-7.68,1
O,2022-11-13 11:53:58.824455,-0.02,0.93,-0.30,2.14,0.92,2.26,-7.42,-33.29,-8.09,1
O,2022-11-13 11:53:58.824614,-0.02,0.93,-0.30,2.14,1.53,2.32,-7.42,-33.29,-8.09,1
O,2022-11-13 11:53:58.824766,-0.02,0.94,-0.30,2.14,1.34,2.44,-7.42,-33.29,-8.09,1
O,2022-11-13 11:53:58.824918,-0.02,0.94,-0.30,2.01,1.04,2.14,-7.25,-33.06,-7.91,1
O,2022-11-13 11:53:58.825072,-0.02,0.94,-0.30,2.08,1.22,2.38,-7.25,-33.06,-7.91,1
O,2022-11-13 11:53:58.825223,-0.02,0.94,-0.30,2.08,1.28,2.26,-7.25,-33.06,-7.91,1
O,2022-11-13 11:53:58.825381,-0.02,0.94,-0.30,2.08,1.28,2.08,-7.54,-33.92,-7.45,1
O,2022-11-13 11:53:58.825536,-0.02,0.94,-0.29,2.14,1.28,2.26,-7.54,-33.92,-7.45,1
O,2022-11-13 11:53:58.825690,-0.02,0.94,-0.29,1.83,1.40,2.50,-7.54,-33.92,-7.45,1
O,2022-11-13 11:53:58.825847,-0.02,0.94,-0.29,2.01,1.28,2.44,-6.98,-33.47,-7.08,1
O,2022-11-13 11:53:58.825999,-0.02,0.94,-0.30,2.26,1.28,2.38,-6.98,-33.47,-7.08,1
O,2022-11-13 11:53:58.826154,-0.02,0.94,-0.29,1.95,1.34,2.26,-7.84,-33.40,-7.45,1
O,2022-11-13 11:53:58.826305,-0.02,0.94,-0.29,2.08,1.22,2.26,-7.84,-33.40,-7.45,1
O,2022-11-13 11:53:58.826458,-0.02,0.94,-0.29,2.01,1.16,2.32,-7.84,-33.40,-7.45,1
O,2022-11-13 11:53:58.826607,-0.02,0.94,-0.30,2.01,1.34,2.20,-7.02,-33.54,-7.35,1
O,2022-11-13 11:53:58.826759,-0.02,0.94,-0.29,2.14,1.40,2.32,-7.02,-33.54,-7.35,1
O,2022-11-13 11:53:58.826917,-0.02,0.94,-0.29,2.14,1.34,2.44,-7.02,-33.54,-7.35,1
O,2022-11-13 11:53:58.827070,-0.02,0.94,-0.29,1.71,1.34,2.08,-7.92,-33.17,-6.93,1
O,2022-11-13 11:53:58.827227,-0.02,0.94,-0.29,2.01,1.22,2.26,-7.92,-33.17,-6.93,1
O,2022-11-13 11:53:58.827379,-0.02,0.94,-0.29,2.26,1.34,2.32,-7.92,-33.17,-6.93,1
O,2022-11-13 11:53:58.827531,-0.02,0.94,-0.29,1.77,1.22,2.26,-7.90,-33.41,-6.86,1
O,2022-11-13 11:53:58.827730,-0.02,0.94,-0.29,1.89,1.34,2.38,-7.90,-33.41,-6.86,1
O,2022-11-13 11:53:58.827887,-0.02,0.94,-0.29,2.08,1.28,2.26,-7.07,-33.84,-6.62,1
O,2022-11-13 11:53:58.828046,-0.02,0.94,-0.29,2.01,1.22,2.32,-7.07,-33.84,-6.62,1
O,2022-11-13 11:53:58.828202,-0.02,0.94,-0.29,2.32,1.16,2.26,-7.07,-33.84,-6.62,1
O,2022-11-13 11:53:58.828361,-0.02,0.94,-0.29,2.20,1.16,2.32,-7.41,-32.79,-7.85,1
O,2022-11-13 11:53:58.828515,-0.02,0.94,-0.29,1.89,1.40,2.26,-7.41,-32.79,-7.85,1
O,2022-11-13 11:53:58.828670,-0.02,0.94,-0.29,1.89,1.28,2.32,-7.41,-32.79,-7.85,1
O,2022-11-13 11:53:58.828829,-0.02,0.94,-0.29,2.08,1.34,2.26,-7.60,-33.15,-7.36,1
O,2022-11-13 11:53:58.828987,-0.02,0.94,-0.29,2.01,1.28,2.38,-7.60,-33.15,-7.36,1
O,2022-11-13 11:53:58.829149,-0.02,0.94,-0.29,2.01,1.16,2.26,-7.60,-33.15,-7.36,1
O,2022-11-13 11:53:58.829306,-0.02,0.94,-0.29,2.01,1.34,2.20,-7.25,-33.53,-6.70,1
O,2022-11-13 11:53:58.829460,-0.02,0.94,-0.29,1.95,1.34,2.26,-7.25,-33.53,-6.70,1
O,2022-11-13 11:53:58.829618,-0.02,0.94,-0.29,1.95,1.28,2.32,-7.52,-33.44,-7.97,1
O,2022-11-13 11:53:58.829770,-0.02,0.94,-0.29,2.08,1.16,2.20,-7.52,-33.44,-7.97,1
O,2022-11-13 11:53:58.829925,-0.02,0.94,-0.29,2.01,1.28,2.20,-7.52,-33.44,-7.97,1
O,2022-11-13 11:53:58.830083,-0.02,0.94,-0.29,2.08,1.16,2.38,-7.26,-33.47,-8.96,1
O,2022-11-13 11:53:58.830305,-0.02,0.94,-0.29,2.14,1.28,2.32,-7.26,-33.47,-8.96,1
O,2022-11-13 11:53:58.830486,-0.02,0.94,-0.29,2.08,1.40,2.38,-7.26,-33.47,-8.96,1
O,2022-11-13 11:53:58.830675,-0.02,0.94,-0.29,1.71,1.22,2.26,-7.36,-33.51,-7.98,1
O,2022-11-13 11:53:58.830841,-0.02,0.94,-0.29,2.08,1.22,2.26,-7.36,-33.51,-7.98,1
O,2022-11-13 11:53:58.830997,-0.02,0.94,-0.29,2.01,1.34,2.26,-7.36,-33.51,-7.98,1
O,2022-11-13 11:53:58.831158,-0.02,0.94,-0.29,2.01,1.22,2.32,-7.40,-33.35,-7.52,1
O,2022-11-13 11:53:58.831312,-0.02,0.94,-0.29,2.08,1.34,2.32,-7.40,-33.35,-7.52,1
O,2022-11-13 11:53:58.831467,-0.02,0.94,-0.29,2.01,1.10,2.32,-7.18,-33.11,-6.74,1
O,2022-11-13 11:53:58.831625,-0.02,0.94,-0.29,1.83,1.16,2.38,-7.18,-33.11,-6.74,1
O,2022-11-13 11:53:58.831779,-0.02,0.94,-0.29,2.20,1.22,2.38,-7.18,-33.11,-6.74,1
O,2022-11-13 11:53:58.831937,-0.02,0.94,-0.29,2.20,1.22,2.26,-7.59,-33.29,-7.63,1
O,2022-11-13 11:53:58.832123,-0.02,0.94,-0.29,2.08,1.22,2.32,-7.59,-33.29,-7.63,1
O,2022-11-13 11:53:58.832283,-0.02,0.94,-0.29,1.89,1.28,2.08,-7.59,-33.29,-7.63,1
O,2022-11-13 11:53:58.832442,-0.02,0.94,-0.29,2.20,1.16,2.38,-7.90,-33.57,-8.33,1
O,2022-11-13 11:53:58.832594,-0.02,0.94,-0.29,2.01,1.53,2.44,-7.90,-33.57,-8.33,1
O,2022-11-13 11:53:58.832761,-0.02,0.94,-0.29,2.14,1.28,2.32,-7.90,-33.57,-8.33,1
O,2022-11-13 11:53:58.832920,-0.02,0.94,-0.29,1.83,1.16,2.20,-7.69,-33.37,-6.58,1
O,2022-11-13 11:53:58.833080,-0.02,0.94,-0.29,2.08,1.04,2.26,-7.69,-33.37,-6.58,1
O,2022-11-13 11:53:58.833247,-0.02,0.94,-0.29,2.01,1.28,2.20,-7.15,-33.03,-7.14,1
O,2022-11-13 11:53:58.833403,-0.02,0.94,-0.29,2.14,1.28,2.26,-7.15,-33.03,-7.14,1
O,2022-11-13 11:53:58.833597,-0.02,0.91,-0.29,2.01,1.10,2.32,-7.15,-33.03,-7.14,1
O,2022-11-13 11:53:58.833761,-0.02,0.94,-0.29,1.83,1.10,2.01,-7.89,-33.45,-7.01,1
O,2022-11-13 11:53:58.833978,-0.02,0.94,-0.29,1.95,0.79,1.89,-7.89,-33.45,-7.01,1
O,2022-11-13 11:53:58.834141,-0.02,0.94,-0.29,2.32,1.16,1.95,-7.89,-33.45,-7.01,1
O,2022-11-13 11:53:58.834299,-0.02,0.94,-0.29,2.08,1.34,2.56,-7.39,-33.50,-6.49,1
O,2022-11-13 11:53:58.834454,-0.02,0.94,-0.29,2.01,1.10,2.01,-7.39,-33.50,-6.49,1
O,2022-11-13 11:53:58.834610,-0.02,0.94,-0.29,1.95,1.10,2.20,-7.39,-33.50,-6.49,1
O,2022-11-13 11:53:58.834768,-0.02,0.94,-0.29,2.08,1.34,2.38,-7.50,-33.23,-7.57,1
O,2022-11-13 11:53:58.834923,-0.02,0.94,-0.29,2.50,1.16,2.38,-7.50,-33.23,-7.57,1
O,2022-11-13 11:53:58.835088,-0.02,0.94,-0.29,2.44,1.34,2.26,-7.51,-33.68,-7.07,1
O,2022-11-13 11:53:58.835242,-0.02,0.97,-0.29,1.83,1.34,2.69,-7.51,-33.68,-7.07,1
O,2022-11-13 11:53:58.835410,-0.02,0.94,-0.29,1.89,1.34,2.20,-7.51,-33.68,-7.07,1
O,2022-11-13 11:53:58.835564,-0.02,0.94,-0.29,2.20,1.04,2.26,-7.32,-33.07,-6.80,1
O,2022-11-13 11:53:58.835743,-0.02,0.94,-0.29,2.08,1.34,2.20,-7.32,-33.07,-6.80,1
O,2022-11-13 11:53:58.835903,-0.02,0.94,-0.29,2.08,1.34,2.38,-7.32,-33.07,-6.80,1
O,2022-11-13 11:53:58.836054,-0.02,0.94,-0.29,2.01,1.10,2.08,-7.42,-34.11,-6.07,1
O,2022-11-13 11:53:58.836210,-0.02,0.94,-0.29,2.01,1.28,2.44,-7.42,-34.11,-6.07,1
O,2022-11-13 11:53:58.836413,-0.02,0.94,-0.29,2.08,1.40,2.20,-7.42,-34.11,-6.07,1
O,2022-11-13 11:53:58.836570,-0.02,0.94,-0.29,1.77,1.22,2.26,-7.78,-33.56,-7.97,1
O,2022-11-13 11:53:58.836732,-0.02,0.94,-0.29,1.83,1.34,2.14,-7.78,-33.56,-7.97,1
O,2022-11-13 11:53:58.836888,-0.02,0.94,-0.29,2.01,1.40,2.32,-7.18,-33.69,-6.95,1
O,2022-11-13 11:53:58.837047,-0.02,0.94,-0.29,2.26,1.16,2.26,-7.18,-33.69,-6.95,1
O,2022-11-13 11:53:58.837226,-0.02,0.94,-0.29,2.08,1.16,2.32,-7.18,-33.69,-6.95,1
O,2022-11-13 11:53:58.837388,-0.02,0.94,-0.29,2.14,1.22,2.38,-7.52,-33.79,-8.01,1
O,2022-11-13 11:53:58.837543,-0.02,0.94,-0.29,1.89,1.22,2.38,-7.52,-33.79,-8.01,1
O,2022-11-13 11:53:58.837700,-0.02,0.94,-0.29,2.08,1.22,2.20,-7.52,-33.79,-8.01,1
O,2022-11-13 11:53:58.837857,-0.02,0.94,-0.29,2.14,1.22,2.32,-7.13,-33.31,-7.21,1
O,2022-11-13 11:53:58.838011,-0.02,0.94,-0.29,2.32,1.22,2.26,-7.13,-33.31,-7.21,1
O,2022-11-13 11:53:58.838171,-0.02,0.94,-0.29,1.83,1.28,2.32,-7.13,-33.31,-7.21,1
O,2022-11-13 11:53:58.838327,-0.02,0.94,-0.29,1.65,1.22,2.38,-8.23,-33.74,-6.58,1
O,2022-11-13 11:53:58.838485,-0.02,0.94,-0.29,2.01,1.22,2.20,-8.23,-33.74,-6.58,1
O,2022-11-13 11:53:58.838641,-0.02,0.94,-0.29,2.08,1.22,2.32,-7.24,-33.51,-7.96,1
O,2022-11-13 11:53:58.838794,-0.02,0.94,-0.28,2.20,1.28,2.38,-7.24,-33.51,-7.96,1
O,2022-11-13 11:53:58.838952,-0.02,0.94,-0.29,2.08,1.16,2.44,-7.24,-33.51,-7.96,1
O,2022-11-13 11:53:58.839105,-0.02,0.94,-0.29,1.89,1.40,2.32,-7.41,-33.54,-8.31,1
O,2022-11-13 11:53:58.839262,-0.02,0.94,-0.29,2.14,1.28,2.20,-7.41,-33.54,-8.31,1
O,2022-11-13 11:53:58.839414,-0.02,0.94,-0.28,2.01,1.34,2.32,-7.41,-33.54,-8.31,1
O,2022-11-13 11:53:58.839571,-0.02,0.94,-0.29,1.83,1.16,2.38,-7.57,-33.72,-7.64,1
O,2022-11-13 11:53:58.839774,-0.02,0.94,-0.29,1.95,1.28,2.32,-7.57,-33.72,-7.64,1
O,2022-11-13 11:53:58.839928,-0.02,0.94,-0.29,2.26,1.28,2.44,-7.57,-33.72,-7.64,1
O,2022-11-13 11:53:58.840085,-0.02,0.94,-0.29,2.08,1.22,2.14,-7.43,-33.81,-7.41,1
O,2022-11-13 11:53:58.840236,-0.02,0.94,-0.28,2.01,1.28,2.32,-7.43,-33.81,-7.41,1
O,2022-11-13 11:53:58.840390,-0.02,0.94,-0.29,1.83,1.40,2.32,-7.32,-33.23,-7.21,1
O,2022-11-13 11:53:58.840543,-0.02,0.94,-0.28,1.83,1.22,2.32,-7.32,-33.23,-7.21,1
O,2022-11-13 11:53:58.840695,-0.02,0.94,-0.29,1.89,1.16,2.20,-7.32,-33.23,-7.21,1
O,2022-11-13 11:53:58.840850,-0.02,0.94,-0.28,1.89,1.22,2.32,-7.52,-33.08,-7.74,1
O,2022-11-13 11:53:58.841005,-0.02,0.94,-0.29,1.95,1.28,2.44,-7.52,-33.08,-7.74,1
O,2022-11-13 11:53:58.841162,-0.02,0.94,-0.28,2.08,1.40,2.38,-7.52,-33.08,-7.74,1
O,2022-11-13 11:53:58.841315,-0.02,0.94,-0.28,1.83,1.22,2.26,-7.28,-33.89,-7.25,1
O,2022-11-13 11:53:58.841471,-0.02,0.94,-0.29,2.01,1.22,2.44,-7.28,-33.89,-7.25,1
O,2022-11-13 11:53:58.841623,-0.02,0.94,-0.28,2.08,1.34,2.32,-7.28,-33.89,-7.25,1
O,2022-11-13 11:53:58.841773,-0.02,0.94,-0.29,1.89,1.28,2.14,-7.85,-33.15,-7.76,1
O,2022-11-13 11:53:58.841928,-0.02,0.94,-0.28,2.01,1.28,2.44,-7.85,-33.15,-7.76,1
O,2022-11-13 11:53:58.842089,-0.02,0.94,-0.28,2.14,1.22,2.44,-6.99,-33.64,-7.54,1
O,2022-11-13 11:53:58.842245,-0.02,0.94,-0.28,1.89,1.34,2.44,-6.99,-33.64,-7.54,1
O,2022-11-13 11:53:58.842397,-0.02,0.94,-0.28,2.08,1.28,2.32,-6.99,-33.64,-7.54,1
O,2022-11-13 11:53:58.842552,-0.02,0.94,-0.28,1.89,1.28,2.26,-7.53,-33.78,-7.41,1
O,2022-11-13 11:53:58.842705,-0.02,0.94,-0.28,2.01,1.40,2.50,-7.53,-33.78,-7.41,1
O,2022-11-13 11:53:58.842858,-0.02,0.94,-0.28,2.01,1.28,2.26,-7.53,-33.78,-7.41,1
O,2022-11-13 11:53:58.843015,-0.02,0.94,-0.28,1.95,1.10,2.20,-7.51,-33.76,-8.00,1
O,2022-11-13 11:53:58.843167,-0.02,0.94,-0.28,1.65,1.16,2.20,-7.51,-33.76,-8.00,1
O,2022-11-13 11:53:58.843337,-0.02,0.94,-0.28,2.01,1.22,2.26,-7.51,-33.76,-8.00,1
O,2022-11-13 11:53:58.843488,-0.02,0.94,-0.28,2.38,1.40,2.14,-7.37,-33.54,-7.57,1
O,2022-11-13 11:53:58.843679,-0.02,0.94,-0.28,2.08,1.22,2.38,-7.37,-33.54,-7.57,1
O,2022-11-13 11:53:58.843836,-0.02,0.94,-0.28,1.59,1.16,2.50,-6.97,-33.30,-7.51,1
O,2022-11-13 11:53:58.843989,-0.02,0.94,-0.28,1.59,1.28,2.44,-6.97,-33.30,-7.51,1
O,2022-11-13 11:53:58.844144,-0.02,0.94,-0.28,1.95,1.22,2.32,-6.97,-33.30,-7.51,1
O,2022-11-13 11:53:58.844296,-0.02,0.94,-0.28,2.20,1.28,2.32,-7.32,-33.26,-8.76,1
O,2022-11-13 11:53:58.844451,-0.02,0.94,-0.28,2.20,1.34,2.20,-7.32,-33.26,-8.76,1
O,2022-11-13 11:53:58.844610,-0.02,0.94,-0.28,2.26,1.28,2.26,-7.32,-33.26,-8.76,1
O,2022-11-13 11:53:58.844763,-0.02,0.94,-0.28,1.71,1.16,2.44,-7.04,-34.29,-8.34,1
O,2022-11-13 11:53:58.844920,-0.02,0.94,-0.28,2.01,1.28,2.44,-7.04,-34.29,-8.34,1
O,2022-11-13 11:53:58.845071,-0.02,0.94,-0.28,2.14,1.28,2.26,-7.04,-34.29,-8.34,1
O,2022-11-13 11:53:58.845227,-0.02,0.94,-0.28,1.59,1.22,2.20,-7.21,-34.13,-7.18,1
O,2022-11-13 11:53:58.845377,-0.02,0.94,-0.28,1.95,1.28,2.20,-7.21,-34.13,-7.18,1
O,2022-11-13 11:53:58.845529,-0.02,0.94,-0.28,2.20,1.28,2.38,-7.37,-33.92,-7.19,1
O,2022-11-13 11:53:58.845704,-0.02,0.94,-0.28,1.95,1.53,2.26,-7.37,-33.92,-7.19,1
O,2022-11-13 11:53:58.845863,-0.02,0.94,-0.28,2.01,1.04,2.26,-7.37,-33.92,-7.19,1
O,2022-11-13 11:53:58.846018,-0.02,0.94,-0.28,1.95,0.98,2.32,-7.54,-33.84,-7.91,1
O,2022-11-13 11:53:58.846179,-0.02,0.94,-0.28,1.77,1.22,2.32,-7.54,-33.84,-7.91,1
O,2022-11-13 11:53:58.846334,-0.02,0.94,-0.28,2.14,1.34,2.38,-7.54,-33.84,-7.91,1
O,2022-11-13 11:53:58.846486,-0.02,0.94,-0.28,2.32,1.22,2.38,-7.40,-33.78,-8.59,1
O,2022-11-13 11:53:58.846638,-0.02,0.94,-0.28,1.77,1.28,2.38,-7.40,-33.78,-8.59,1
O,2022-11-13 11:53:58.846795,-0.02,0.94,-0.28,2.14,1.16,2.32,-7.40,-33.78,-8.59,1
O,2022-11-13 11:53:58.846947,-0.02,0.94,-0.28,1.83,1.22,2.20,-7.47,-33.76,-8.45,1
O,2022-11-13 11:53:58.847104,-0.02,0.94,-0.28,2.08,1.34,2.20,-7.47,-33.76,-8.45,1
O,2022-11-13 11:53:58.847255,-0.02,0.94,-0.28,2.20,1.16,2.38,-7.14,-33.41,-8.62,1
O,2022-11-13 11:53:58.847405,-0.02,0.94,-0.28,1.95,1.22,2.20,-7.14,-33.41,-8.62,1
O,2022-11-13 11:53:58.847559,-0.02,0.94,-0.28,1.77,1.28,2.32,-7.14,-33.41,-8.62,1
O,2022-11-13 11:53:58.847713,-0.02,0.94,-0.28,2.01,1.28,2.50,-7.54,-34.40,-7.31,1
O,2022-11-13 11:53:58.847869,-0.02,0.94,-0.28,2.20,1.22,2.44,-7.54,-34.40,-7.31,1
O,2022-11-13 11:53:58.848020,-0.02,0.94,-0.28,2.14,1.28,2.50,-7.54,-34.40,-7.31,1
O,2022-11-13 11:53:58.848174,-0.02,0.94,-0.28,1.83,1.22,2.32,-7.25,-34.45,-7.89,1
O,2022-11-13 11:53:58.848327,-0.02,0.94,-0.28,2.20,1.34,2.32,-7.25,-34.45,-7.89,1
O,2022-11-13 11:53:58.848478,-0.02,0.94,-0.28,2.08,1.28,2.26,-7.25,-34.45,-7.89,1
O,2022-11-13 11:53:58.848634,-0.02,0.94,-0.28,2.08,1.22,2.26,-7.74,-33.85,-7.41,1
O,2022-11-13 11:53:58.848830,-0.02,0.94,-0.28,2.14,1.34,2.32,-7.74,-33.85,-7.41,1
O,2022-11-13 11:53:58.849035,-0.02,0.94,-0.28,1.83,1.40,2.50,-7.34,-33.84,-8.00,1
O,2022-11-13 11:53:58.849192,-0.02,0.94,-0.28,1.77,1.28,2.50,-7.34,-33.84,-8.00,1
O,2022-11-13 11:53:58.849350,-0.02,0.94,-0.28,2.14,1.34,2.32,-7.34,-33.84,-8.00,1
O,2022-11-13 11:53:58.849503,-0.02,0.94,-0.28,2.01,1.34,2.32,-7.42,-34.17,-8.50,1
O,2022-11-13 11:53:58.849660,-0.02,0.94,-0.28,1.83,1.16,2.32,-7.42,-34.17,-8.50,1
O,2022-11-13 11:53:58.849834,-0.02,0.94,-0.28,2.14,1.28,2.32,-7.42,-34.17,-8.50,1
O,2022-11-13 11:53:58.849999,-0.02,0.94,-0.28,2.08,1.28,2.32,-6.81,-33.54,-7.87,1
O,2022-11-13 11:53:58.850159,-0.02,0.94,-0.28,1.89,1.40,2.32,-6.81,-33.54,-7.87,1
O,2022-11-13 11:53:58.850328,-0.02,0.94,-0.28,1.89,1.46,2.38,-6.81,-33.54,-7.87,1
O,2022-11-13 11:53:58.850485,-0.02,0.94,-0.28,2.08,1.10,2.26,-7.28,-34.41,-8.22,1
O,2022-11-13 11:53:58.850660,-0.02,0.94,-0.28,1.89,1.40,2.32,-7.28,-34.41,-8.22,1
O,2022-11-13 11:53:58.850818,-0.02,0.94,-0.28,2.26,1.40,2.26,-7.54,-33.79,-8.31,1
O,2022-11-13 11:53:58.850978,-0.02,0.94,-0.28,2.14,1.46,2.26,-7.54,-33.79,-8.31,1
O,2022-11-13 11:53:58.851148,-0.02,0.94,-0.28,1.83,1.34,2.44,-7.54,-33.79,-8.31,1
O,2022-11-13 11:53:58.851307,-0.02,0.94,-0.28,1.83,1.28,2.44,-7.57,-34.01,-7.56,1
O,2022-11-13 11:53:58.851479,-0.02,0.94,-0.28,2.26,1.40,2.32,-7.57,-34.01,-7.56,1
O,2022-11-13 11:53:58.851637,-0.02,0.94,-0.28,2.01,1.10,2.26,-7.57,-34.01,-7.56,1
O,2022-11-13 11:53:58.851815,-0.02,0.94,-0.28,1.83,1.10,2.20,-7.19,-33.50,-7.73,1
O,2022-11-13 11:53:58.851983,-0.02,0.94,-0.28,1.95,1.16,2.50,-7.19,-33.50,-7.73,1
O,2022-11-13 11:53:58.852145,-0.02,0.94,-0.28,2.20,1.28,2.62,-7.19,-33.50,-7.73,1
O,2022-11-13 11:53:58.852299,-0.02,0.94,-0.28,1.71,1.28,2.26,-7.52,-33.59,-6.91,1
O,2022-11-13 11:53:58.852490,-0.02,0.94,-0.28,2.14,1.34,2.32,-7.52,-33.59,-6.91,1
O,2022-11-13 11:53:58.852692,-0.02,0.94,-0.28,1.95,1.28,2.32,-7.58,-33.64,-7.10,1
O,2022-11-13 11:53:58.852863,-0.02,0.94,-0.28,1.71,1.34,2.32,-7.58,-33.64,-7.10,1
O,2022-11-13 11:53:58.853038,-0.02,0.94,-0.28,1.89,1.34,2.26,-7.58,-33.64,-7.10,1
O,2022-11-13 11:53:58.853231,-0.02,0.94,-0.28,2.01,1.40,2.20,-7.15,-33.98,-7.37,1
O,2022-11-13 11:53:58.853466,-0.02,0.94,-0.28,2.01,1.16,2.32,-7.15,-33.98,-7.37,1
O,2022-11-13 11:53:58.853622,-0.02,0.94,-0.28,2.01,1.22,2.20,-7.15,-33.98,-7.37,1
O,2022-11-13 11:53:58.853778,-0.02,0.94,-0.28,1.77,1.16,2.38,-7.68,-33.54,-7.64,1
O,2022-11-13 11:53:58.853957,-0.02,0.94,-0.28,1.95,1.34,2.26,-7.68,-33.54,-7.64,1
O,2022-11-13 11:53:58.854116,-0.02,0.94,-0.28,1.83,1.40,2.32,-7.68,-33.54,-7.64,1
O,2022-11-13 11:53:58.854330,-0.02,0.94,-0.28,1.59,1.10,2.38,-7.80,-33.24,-7.17,1
O,2022-11-13 11:53:58.854484,-0.02,0.94,-0.28,1.89,1.46,2.32,-7.80,-33.24,-7.17,1
O,2022-11-13 11:53:58.854637,-0.02,0.94,-0.28,1.89,1.22,2.26,-7.40,-33.64,-8.39,1
O,2022-11-13 11:53:58.854799,-0.02,0.94,-0.28,1.95,1.22,2.38,-7.40,-33.64,-8.39,1
O,2022-11-13 11:53:58.854953,-0.02,0.94,-0.28,2.01,1.34,2.38,-7.40,-33.64,-8.39,1
O,2022-11-13 11:53:58.855109,-0.02,0.94,-0.28,1.40,1.22,2.32,-7.59,-33.87,-7.51,1
O,2022-11-13 11:53:58.855263,-0.02,0.94,-0.28,2.01,1.16,2.32,-7.59,-33.87,-7.51,1
O,2022-11-13 11:53:58.855420,-0.02,0.94,-0.28,2.20,1.04,2.08,-7.59,-33.87,-7.51,1
O,2022-11-13 11:53:58.855574,-0.02,0.94,-0.28,1.77,1.10,2.20,-7.73,-33.58,-8.97,1
O,2022-11-13 11:53:58.855727,-0.02,0.94,-0.28,1.89,1.46,2.44,-7.73,-33.58,-8.97,1
O,2022-11-13 11:53:58.855885,-0.02,0.94,-0.28,1.89,1.16,2.44,-7.73,-33.58,-8.97,1
O,2022-11-13 11:53:58.856040,-0.02,0.94,-0.28,1.77,1.22,2.32,-8.00,-34.03,-7.97,1
O,2022-11-13 11:53:58.856197,-0.02,0.94,-0.28,1.89,1.28,2.14,-8.00,-34.03,-7.97,1
O,2022-11-13 11:53:58.856352,-0.02,0.94,-0.28,2.20,1.34,2.26,-7.76,-33.61,-8.95,1
O,2022-11-13 11:53:58.856514,-0.02,0.94,-0.28,1.95,1.22,2.20,-7.76,-33.61,-8.95,1
O,2022-11-13 11:53:58.856665,-0.02,0.95,-0.28,2.32,1.28,2.56,-7.76,-33.61,-8.95,1
O,2022-11-13 11:53:58.856816,-0.02,0.94,-0.28,2.08,1.22,2.50,-7.14,-33.80,-7.10,1
O,2022-11-13 11:53:58.857011,-0.02,0.94,-0.28,1.71,1.28,2.56,-7.14,-33.80,-7.10,1
O,2022-11-13 11:53:58.857175,-0.02,0.94,-0.28,1.04,1.10,2.62,-7.14,-33.80,-7.10,1
O,2022-11-13 11:53:58.857334,-0.02,0.94,-0.28,1.16,1.16,2.50,-7.71,-33.08,-8.42,1
O,2022-11-13 11:53:58.857493,-0.02,0.94,-0.27,3.05,1.16,2.14,-7.71,-33.08,-8.42,1
O,2022-11-13 11:53:58.857647,-0.02,0.94,-0.28,2.93,1.22,2.32,-7.71,-33.08,-8.42,1
O,2022-11-13 11:53:58.857806,-0.02,0.94,-0.28,1.59,1.16,2.14,-7.08,-33.85,-7.36,1
O,2022-11-13 11:53:58.857973,-0.02,0.94,-0.27,1.89,1.22,2.32,-7.08,-33.85,-7.36,1
O,2022-11-13 11:53:58.858138,-0.02,0.94,-0.27,1.77,1.34,2.26,-7.14,-33.53,-7.57,1
O,2022-11-13 11:53:58.858290,-0.02,0.94,-0.28,1.83,1.16,2.32,-7.14,-33.53,-7.57,1
O,2022-11-13 11:53:58.858448,-0.02,0.94,-0.27,2.01,1.28,2.32,-7.14,-33.53,-7.57,1
O,2022-11-13 11:53:58.858602,-0.02,0.94,-0.28,1.89,1.34,2.44,-7.69,-33.61,-8.00,1
O,2022-11-13 11:53:58.858763,-0.02,0.94,-0.28,1.65,1.40,2.32,-7.69,-33.61,-8.00,1
O,2022-11-13 11:53:58.858920,-0.02,0.94,-0.27,2.01,1.46,2.44,-7.69,-33.61,-8.00,1
O,2022-11-13 11:53:58.859077,-0.02,0.94,-0.27,2.38,1.22,2.14,-7.76,-33.58,-8.41,1
O,2022-11-13 11:53:58.859234,-0.01,0.94,-0.28,1.89,0.85,1.83,-7.76,-33.58,-8.41,1
O,2022-11-13 11:53:58.859387,-0.01,0.94,-0.27,1.83,1.28,2.14,-7.76,-33.58,-8.41,1
O,2022-11-13 11:53:58.859584,-0.02,0.94,-0.27,1.46,1.22,2.26,-7.60,-33.58,-7.40,1
O,2022-11-13 11:53:58.859741,-0.02,0.94,-0.28,1.89,1.22,2.08,-7.60,-33.58,-7.40,1
O,2022-11-13 11:53:58.859894,-0.02,0.94,-0.27,1.95,1.16,2.38,-7.18,-33.80,-8.89,1
O,2022-11-13 11:53:58.860057,-0.02,0.94,-0.28,2.38,1.10,2.26,-7.18,-33.80,-8.89,1
O,2022-11-13 11:53:58.860219,-0.02,0.94,-0.27,1.83,0.92,2.38,-7.18,-33.80,-8.89,1
O,2022-11-13 11:53:58.860380,-0.02,0.94,-0.27,1.59,1.22,2.32,-7.43,-33.13,-8.90,1
O,2022-11-13 11:53:58.860540,-0.02,0.94,-0.27,2.20,1.34,2.32,-7.43,-33.13,-8.90,1
O,2022-11-13 11:53:58.860693,-0.02,0.94,-0.28,2.20,1.16,2.26,-7.43,-33.13,-8.90,1
O,2022-11-13 11:53:58.860861,-0.02,0.94,-0.28,1.46,1.04,2.38,-7.35,-33.25,-8.13,1
O,2022-11-13 11:53:58.861013,-0.02,0.94,-0.27,1.95,1.22,2.38,-7.35,-33.25,-8.13,1
O,2022-11-13 11:53:58.861179,-0.02,0.94,-0.28,2.20,1.16,2.32,-7.35,-33.25,-8.13,1
O,2022-11-13 11:53:58.861333,-0.02,0.94,-0.27,2.01,1.22,2.08,-7.17,-34.07,-8.09,1
O,2022-11-13 11:53:58.861489,-0.02,0.94,-0.27,2.08,1.10,2.26,-7.17,-34.07,-8.09,1
O,2022-11-13 11:53:58.861655,-0.02,0.94,-0.27,1.77,1.34,2.26,-7.48,-34.09,-7.43,1
O,2022-11-13 11:53:58.861806,-0.02,0.94,-0.27,1.59,1.22,2.44,-7.48,-34.09,-7.43,1
O,2022-11-13 11:53:58.861983,-0.02,0.94,-0.27,2.32,1.22,2.14,-7.48,-34.09,-7.43,1
O,2022-11-13 11:53:58.862146,-0.02,0.94,-0.28,2.01,1.22,1.95,-7.69,-33.96,-8.56,1
O,2022-11-13 11:53:58.862305,-0.02,0.94,-0.27,1.53,1.22,2.56,-7.69,-33.96,-8.56,1
O,2022-11-13 11:53:58.862458,-0.02,0.94,-0.27,1.95,1.22,2.14,-7.69,-33.96,-8.56,1
O,2022-11-13 11:53:58.862610,-0.02,0.94,-0.27,2.38,0.98,2.14,-7.47,-34.08,-8.04,1
O,2022-11-13 11:53:58.862772,-0.02,0.94,-0.27,2.01,1.28,2.32,-7.47,-34.08,-8.04,1
O,2022-11-13 11:53:58.862927,-0.02,0.94,-0.27,1.95,1.46,2.56,-7.47,-34.08,-8.04,1
O,2022-11-13 11:53:58.863086,-0.02,0.94,-0.27,1.71,1.28,2.20,-7.07,-33.91,-7.37,1
O,2022-11-13 11:53:58.863240,-0.02,0.94,-0.27,1.65,1.16,2.44,-7.07,-33.91,-7.37,1
O,2022-11-13 11:53:58.863394,-0.02,0.94,-0.27,2.26,1.22,2.26,-7.45,-33.81,-7.73,1
O,2022-11-13 11:53:58.863555,-0.02,0.94,-0.27,2.20,1.34,2.38,-7.45,-33.81,-7.73,1
O,2022-11-13 11:53:58.863710,-0.02,0.94,-0.27,1.83,1.22,2.32,-7.45,-33.81,-7.73,1
O,2022-11-13 11:53:58.863870,-0.02,0.94,-0.27,1.77,1.04,2.50,-7.28,-34.06,-7.12,1
O,2022-11-13 11:53:58.864023,-0.02,0.94,-0.27,2.20,1.40,2.32,-7.28,-34.06,-7.12,1
O,2022-11-13 11:53:58.864176,-0.02,0.94,-0.27,2.20,1.28,2.50,-7.28,-34.06,-7.12,1
O,2022-11-13 11:53:58.864333,-0.02,0.94,-0.27,1.77,1.22,2.38,-8.02,-34.24,-7.85,1
O,2022-11-13 11:53:58.864486,-0.02,0.94,-0.27,1.89,1.28,2.32,-8.02,-34.24,-7.85,1
O,2022-11-13 11:53:58.864649,-0.02,0.94,-0.27,1.77,1.10,2.32,-8.02,-34.24,-7.85,1
O,2022-11-13 11:53:58.864802,-0.02,0.94,-0.27,1.71,1.22,2.26,-7.90,-33.64,-8.12,1
O,2022-11-13 11:53:58.864957,-0.02,0.94,-0.27,2.26,1.22,2.38,-7.90,-33.64,-8.12,1
O,2022-11-13 11:53:58.865111,-0.02,0.94,-0.27,1.89,1.22,2.26,-7.01,-34.23,-9.14,1
O,2022-11-13 11:53:58.865262,-0.02,0.94,-0.27,1.59,1.28,2.44,-7.01,-34.23,-9.14,1
O,2022-11-13 11:53:58.865426,-0.02,0.94,-0.27,2.01,1.22,2.32,-7.01,-34.23,-9.14,1
O,2022-11-13 11:53:58.865584,-0.02,0.94,-0.27,2.26,1.22,2.20,-7.71,-33.59,-8.89,1
O,2022-11-13 11:53:58.865742,-0.02,0.94,-0.27,1.95,1.22,2.32,-7.71,-33.59,-8.89,1
O,2022-11-13 11:53:58.865895,-0.02,0.94,-0.27,1.95,1.46,2.26,-7.71,-33.59,-8.89,1
O,2022-11-13 11:53:58.866046,-0.02,0.94,-0.27,2.01,1.22,2.32,-7.74,-33.23,-8.14,1
O,2022-11-13 11:53:58.866207,-0.02,0.94,-0.27,2.08,1.22,2.32,-7.74,-33.23,-8.14,1
O,2022-11-13 11:53:58.866361,-0.02,0.94,-0.27,2.08,1.34,2.50,-7.74,-33.23,-8.14,1
O,2022-11-13 11:53:58.866531,-0.02,0.94,-0.27,1.83,1.04,2.26,-7.08,-34.28,-8.11,1
O,2022-11-13 11:53:58.866686,-0.02,0.94,-0.27,1.83,1.10,2.44,-7.08,-34.28,-8.11,1
O,2022-11-13 11:53:58.866838,-0.02,0.94,-0.27,1.77,1.34,2.26,-7.36,-34.05,-7.86,1
O,2022-11-13 11:53:58.866999,-0.02,0.94,-0.27,2.26,1.22,2.26,-7.36,-34.05,-7.86,1
O,2022-11-13 11:53:58.867149,-0.02,0.94,-0.27,1.89,1.28,2.32,-7.36,-34.05,-7.86,1
O,2022-11-13 11:53:58.867312,-0.02,0.94,-0.27,1.71,1.16,2.32,-7.47,-33.50,-9.12,1
O,2022-11-13 11:53:58.867469,-0.02,0.94,-0.27,2.01,1.34,2.32,-7.47,-33.50,-9.12,1
O,2022-11-13 11:53:58.867620,-0.02,0.94,-0.27,1.89,1.16,2.26,-7.47,-33.50,-9.12,1
O,2022-11-13 11:53:58.867808,-0.02,0.94,-0.27,2.01,1.28,2.26,-7.24,-34.33,-7.58,1
O,2022-11-13 11:53:58.867982,-0.02,0.94,-0.27,1.95,1.28,2.32,-7.24,-34.33,-7.58,1
O,2022-11-13 11:53:58.868155,-0.02,0.94,-0.27,1.77,1.28,2.38,-7.24,-34.33,-7.58,1
O,2022-11-13 11:53:58.868318,-0.02,0.94,-0.27,1.95,1.28,2.26,-7.07,-33.58,-8.64,1
O,2022-11-13 11:53:58.868480,-0.02,0.94,-0.27,2.14,1.10,2.20,-7.07,-33.58,-8.64,1
O,2022-11-13 11:53:58.868633,-0.02,0.94,-0.27,2.14,1.28,2.20,-7.91,-33.76,-8.61,1
O,2022-11-13 11:53:58.868787,-0.02,0.94,-0.27,1.95,1.16,2.44,-7.91,-33.76,-8.61,1
O,2022-11-13 11:53:58.868944,-0.02,0.94,-0.27,1.95,1.10,2.20,-7.91,-33.76,-8.61,1
O,2022-11-13 11:53:58.869097,-0.02,0.94,-0.27,2.01,1.34,2.44,-7.14,-33.64,-8.98,1
O,2022-11-13 11:53:58.869261,-0.02,0.94,-0.27,2.20,1.34,2.26,-7.14,-33.64,-8.98,1
O,2022-11-13 11:53:58.869413,-0.02,0.94,-0.27,2.14,1.22,2.26,-7.14,-33.64,-8.98,1
O,2022-11-13 11:53:58.869568,-0.02,0.94,-0.27,2.01,1.16,2.32,-7.47,-34.46,-8.81,1
O,2022-11-13 11:53:58.869731,-0.02,0.94,-0.27,1.95,1.28,2.50,-7.47,-34.46,-8.81,1
O,2022-11-13 11:53:58.869883,-0.02,0.94,-0.27,2.08,1.40,2.38,-7.47,-34.46,-8.81,1
O,2022-11-13 11:53:58.870044,-0.02,0.94,-0.27,2.08,1.22,2.38,-7.30,-33.84,-8.31,1
O,2022-11-13 11:53:58.870197,-0.02,0.94,-0.27,1.95,1.46,2.38,-7.30,-33.84,-8.31,1
O,2022-11-13 11:53:58.870359,-0.02,0.94,-0.27,1.89,1.22,2.44,-7.43,-33.62,-8.22,1
O,2022-11-13 11:53:58.870512,-0.02,0.94,-0.27,1.95,1.34,2.26,-7.43,-33.62,-8.22,1
O,2022-11-13 11:53:58.870673,-0.02,0.94,-0.27,2.01,1.10,2.20,-7.43,-33.62,-8.22,1
O,2022-11-13 11:53:58.870833,-0.02,0.94,-0.27,2.14,1.22,2.32,-7.14,-33.69,-8.59,1
O,2022-11-13 11:53:58.870990,-0.02,0.94,-0.27,1.77,1.22,2.44,-7.14,-33.69,-8.59,1
O,2022-11-13 11:53:58.871153,-0.02,0.94,-0.27,1.83,1.28,2.50,-7.14,-33.69,-8.59,1
O,2022-11-13 11:53:58.871304,-0.02,0.94,-0.27,1.83,1.34,2.20,-7.30,-34.00,-9.02,1
O,2022-11-13 11:53:58.871457,-0.02,0.94,-0.27,2.08,1.22,2.26,-7.30,-34.00,-9.02,1
O,2022-11-13 11:53:58.871633,-0.02,0.94,-0.27,1.89,1.53,2.38,-7.30,-34.00,-9.02,1
O,2022-11-13 11:53:58.871814,-0.02,0.94,-0.27,1.83,1.34,2.20,-7.17,-33.65,-7.90,1
O,2022-11-13 11:53:58.872007,-0.01,0.94,-0.26,1.89,-0.37,0.55,-7.17,-33.65,-7.90,1
O,2022-11-13 11:53:58.872179,-0.01,0.95,-0.28,5.62,-0.85,2.93,-7.34,-34.06,-8.22,1
O,2022-11-13 11:53:58.872356,-0.02,0.94,-0.27,2.62,-0.55,4.88,-7.34,-34.06,-8.22,1
O,2022-11-13 11:53:58.872512,-0.03,0.94,-0.27,3.23,0.85,3.60,-7.34,-34.06,-8.22,1
O,2022-11-13 11:53:58.872672,-0.02,0.95,-0.27,1.04,2.38,3.97,-7.18,-33.39,-9.01,1
O,2022-11-13 11:53:58.872854,-0.02,0.94,-0.27,2.50,3.17,4.27,-7.18,-33.39,-9.01,1
O,2022-11-13 11:53:58.873012,-0.02,0.94,-0.27,5.98,2.20,2.38,-7.18,-33.39,-9.01,1
O,2022-11-13 11:53:58.873182,-0.04,0.93,-0.25,3.23,0.79,1.10,-7.71,-33.65,-8.17,1
O,2022-11-13 11:53:58.873349,-0.01,0.95,-0.28,-3.11,-1.16,-2.20,-7.71,-33.65,-8.17,1
O,2022-11-13 11:53:58.873507,-0.02,0.94,-0.26,1.22,0.49,1.71,-7.71,-33.65,-8.17,1
O,2022-11-13 11:53:58.873682,-0.02,0.94,-0.27,-2.93,1.04,2.99,-7.36,-34.18,-8.80,1
O,2022-11-13 11:53:58.873847,-0.03,0.94,-0.26,-0.12,0.92,3.66,-7.36,-34.18,-8.80,1
O,2022-11-13 11:53:58.874015,-0.02,0.94,-0.28,-1.40,0.85,2.26,-7.40,-33.51,-7.21,1
O,2022-11-13 11:53:58.874174,-0.02,0.94,-0.27,4.64,0.61,0.43,-7.40,-33.51,-7.21,1
O,2022-11-13 11:53:58.874341,-0.01,0.94,-0.27,5.86,0.67,-0.18,-7.40,-33.51,-7.21,1
O,2022-11-13 11:53:58.874508,-0.01,0.95,-0.26,6.96,1.16,0.55,-7.48,-34.00,-8.70,1
O,2022-11-13 11:53:58.874670,-0.02,0.94,-0.26,1.40,1.77,3.42,-7.48,-34.00,-8.70,1
O,2022-11-13 11:53:58.874846,-0.01,0.94,-0.27,-0.67,0.85,2.62,-7.48,-34.00,-8.70,1
O,2022-11-13 11:53:58.875006,-0.02,0.94,-0.26,0.49,0.85,2.44,-7.25,-34.28,-8.31,1
O,2022-11-13 11:53:58.875173,-0.02,0.94,-0.27,0.43,1.22,2.62,-7.25,-34.28,-8.31,1
O,2022-11-13 11:53:58.875364,-0.02,0.94,-0.27,2.50,1.10,1.95,-7.25,-34.28,-8.31,1
O,2022-11-13 11:53:58.875524,-0.01,0.94,-0.26,2.38,0.79,1.65,-6.93,-33.92,-7.41,1
O,2022-11-13 11:53:58.875708,-0.02,0.94,-0.27,1.71,1.28,2.20,-6.93,-33.92,-7.41,1
O,2022-11-13 11:53:58.875867,-0.01,0.94,-0.27,2.26,1.34,2.50,-7.25,-34.33,-8.65,1
O,2022-11-13 11:53:58.876027,-0.02,0.95,-0.27,3.36,2.08,3.30,-7.25,-34.33,-8.65,1
O,2022-11-13 11:53:58.876186,-0.02,0.94,-0.26,2.87,2.01,3.54,-7.25,-34.33,-8.65,1
O,2022-11-13 11:53:58.876352,-0.01,0.95,-0.27,2.32,1.59,3.17,-7.04,-34.03,-8.15,1
O,2022-11-13 11:53:58.876504,-0.01,0.94,-0.27,0.24,0.73,2.44,-7.04,-34.03,-8.15,1
O,2022-11-13 11:53:58.876659,-0.02,0.94,-0.26,4.21,1.77,3.72,-7.04,-34.03,-8.15,1
O,2022-11-13 11:53:58.876818,-0.02,0.95,-0.26,2.14,1.22,3.23,-7.24,-33.84,-8.19,1
O,2022-11-13 11:53:58.876970,-0.01,0.94,-0.26,2.56,1.10,3.91,-7.24,-33.84,-8.19,1
O,2022-11-13 11:53:58.877128,-0.02,0.94,-0.26,1.59,0.98,4.15,-7.24,-33.84,-8.19,1
O,2022-11-13 11:53:58.877282,-0.02,0.94,-0.27,1.04,1.16,2.87,-7.06,-33.96,-7.93,1
O,2022-11-13 11:53:58.877438,-0.02,0.94,-0.26,1.83,1.28,2.38,-7.06,-33.96,-7.93,1
O,2022-11-13 11:53:58.877596,-0.02,0.94,-0.27,0.98,1.16,2.56,-7.43,-33.64,-8.26,1
O,2022-11-13 11:53:58.877753,-0.02,0.94,-0.27,2.08,0.98,1.95,-7.43,-33.64,-8.26,1
O,2022-11-13 11:53:58.877916,-0.02,0.94,-0.27,2.08,1.28,2.14,-7.43,-33.64,-8.26,1
O,2022-11-13 11:53:58.878067,-0.02,0.94,-0.26,4.03,1.28,1.83,-6.91,-33.72,-7.62,1
O,2022-11-13 11:53:58.878220,-0.02,0.94,-0.26,4.27,1.89,2.44,-6.91,-33.72,-7.62,1
O,2022-11-13 11:53:58.878383,-0.02,0.94,-0.26,2.08,1.28,2.44,-6.91,-33.72,-7.62,1
O,2022-11-13 11:53:58.878535,-0.02,0.94,-0.26,1.22,1.10,2.56,-7.34,-34.03,-7.36,1
O,2022-11-13 11:53:58.878697,-0.02,0.94,-0.26,0.31,1.53,2.93,-7.34,-34.03,-7.36,1
O,2022-11-13 11:53:58.878849,-0.02,0.94,-0.26,0.49,0.98,2.20,-7.34,-34.03,-7.36,1
O,2022-11-13 11:53:58.879008,-0.02,0.94,-0.26,2.44,1.34,2.14,-7.31,-33.83,-7.47,1
O,2022-11-13 11:53:58.879161,-0.02,0.94,-0.27,2.44,1.16,1.89,-7.31,-33.83,-7.47,1
O,2022-11-13 11:53:58.879314,-0.02,0.94,-0.26,2.75,1.28,2.20,-7.15,-33.56,-7.93,1
O,2022-11-13 11:53:58.879476,-0.02,0.94,-0.26,1.95,1.22,2.08,-7.15,-33.56,-7.93,1
O,2022-11-13 11:53:58.879629,-0.02,0.94,-0.26,2.01,1.34,2.38,-7.15,-33.56,-7.93,1
O,2022-11-13 11:53:58.879792,-0.02,0.94,-0.26,0.98,1.10,2.32,-7.13,-33.79,-8.98,1
O,2022-11-13 11:53:58.879942,-0.02,0.94,-0.26,0.61,1.28,2.44,-7.13,-33.79,-8.98,1
O,2022-11-13 11:53:58.880092,-0.02,0.94,-0.27,0.98,1.10,2.56,-7.13,-33.79,-8.98,1
O,2022-11-13 11:53:58.880255,-0.02,0.94,-0.27,1.59,1.10,2.20,-7.19,-33.83,-8.20,1
O,2022-11-13 11:53:58.880405,-0.02,0.94,-0.26,2.56,1.40,2.01,-7.19,-33.83,-8.20,1
O,2022-11-13 11:53:58.880567,-0.02,0.94,-0.26,2.01,1.46,2.08,-7.19,-33.83,-8.20,1
O,2022-11-13 11:53:58.880718,-0.02,0.94,-0.26,2.56,1.28,2.38,-7.32,-33.74,-8.17,1
O,2022-11-13 11:53:58.880869,-0.02,0.94,-0.26,2.50,1.04,2.32,-7.32,-33.74,-8.17,1
O,2022-11-13 11:53:58.881031,-0.01,0.95,-0.26,2.38,0.85,2.32,-7.06,-34.28,-8.44,1
O,2022-11-13 11:53:58.881183,-0.02,0.94,-0.26,1.22,0.67,2.26,-7.06,-34.28,-8.44,1
O,2022-11-13 11:53:58.881343,-0.02,0.94,-0.26,1.77,0.31,2.44,-7.06,-34.28,-8.44,1
O,2022-11-13 11:53:58.881495,-0.02,0.94,-0.26,1.95,0.92,2.56,-7.04,-34.07,-8.44,1
O,2022-11-13 11:53:58.881651,-0.02,0.94,-0.26,2.26,1.28,2.38,-7.04,-34.07,-8.44,1
O,2022-11-13 11:53:58.881802,-0.02,0.94,-0.26,2.87,1.46,2.08,-7.04,-34.07,-8.44,1
O,2022-11-13 11:53:58.881955,-0.02,0.94,-0.26,2.32,1.28,2.38,-7.36,-34.11,-7.26,1
O,2022-11-13 11:53:58.882115,-0.02,0.94,-0.26,1.77,1.40,2.38,-7.36,-34.11,-7.26,1
O,2022-11-13 11:53:58.882269,-0.02,0.95,-0.26,1.71,1.10,2.50,-7.36,-34.11,-7.26,1
O,2022-11-13 11:53:58.882428,-0.02,0.94,-0.26,1.53,1.10,2.20,-7.52,-34.01,-8.61,1
O,2022-11-13 11:53:58.882579,-0.02,0.94,-0.26,1.71,1.16,2.20,-7.52,-34.01,-8.61,1
O,2022-11-13 11:53:58.882739,-0.02,0.94,-0.26,1.65,1.16,2.44,-6.81,-33.54,-9.03,1
O,2022-11-13 11:53:58.882901,-0.02,0.94,-0.26,1.71,1.40,2.56,-6.81,-33.54,-9.03,1
O,2022-11-13 11:53:58.883055,-0.02,0.94,-0.26,2.56,1.46,2.32,-6.81,-33.54,-9.03,1
O,2022-11-13 11:53:58.883218,-0.02,0.94,-0.26,2.32,1.40,2.20,-6.80,-34.08,-7.95,1
O,2022-11-13 11:53:58.883370,-0.02,0.94,-0.26,1.95,1.28,2.32,-6.80,-34.08,-7.95,1
O,2022-11-13 11:53:58.883539,-0.02,0.94,-0.26,1.59,1.10,2.62,-6.80,-34.08,-7.95,1
O,2022-11-13 11:53:58.883703,-0.02,0.94,-0.26,1.34,0.92,2.32,-7.15,-34.03,-8.61,1
O,2022-11-13 11:53:58.883853,-0.02,0.94,-0.26,1.95,1.28,2.26,-7.15,-34.03,-8.61,1
O,2022-11-13 11:53:58.884015,-0.02,0.94,-0.26,2.26,1.28,2.32,-7.15,-34.03,-8.61,1
O,2022-11-13 11:53:58.884169,-0.02,0.94,-0.26,1.65,1.40,2.20,-7.20,-33.50,-7.13,1
O,2022-11-13 11:53:58.884320,-0.02,0.94,-0.26,1.65,1.22,2.44,-7.20,-33.50,-7.13,1
O,2022-11-13 11:53:58.884482,-0.02,0.94,-0.26,1.95,1.16,2.38,-7.06,-33.81,-9.68,1
O,2022-11-13 11:53:58.884633,-0.02,0.94,-0.26,2.20,1.22,2.08,-7.06,-33.81,-9.68,1
O,2022-11-13 11:53:58.884798,-0.02,0.94,-0.26,1.71,1.22,2.32,-7.06,-33.81,-9.68,1
O,2022-11-13 11:53:58.884953,-0.02,0.95,-0.26,1.53,1.28,2.32,-7.19,-34.38,-8.45,1
O,2022-11-13 11:53:58.885110,-0.02,0.94,-0.26,1.83,1.34,2.56,-7.19,-34.38,-8.45,1
O,2022-11-13 11:53:58.885264,-0.02,0.94,-0.26,2.08,1.40,2.32,-7.19,-34.38,-8.45,1
O,2022-11-13 11:53:58.885418,-0.02,0.94,-0.26,2.01,1.22,2.14,-7.39,-33.64,-7.96,1
O,2022-11-13 11:53:58.885580,-0.02,0.94,-0.26,1.89,1.34,2.44,-7.39,-33.64,-7.96,1
O,2022-11-13 11:53:58.885730,-0.02,0.94,-0.26,1.71,1.28,2.38,-7.39,-33.64,-7.96,1
O,2022-11-13 11:53:58.885891,-0.02,0.94,-0.26,1.59,1.28,2.26,-7.54,-33.74,-7.79,1
O,2022-11-13 11:53:58.886043,-0.02,0.94,-0.26,2.08,1.34,2.44,-7.54,-33.74,-7.79,1
O,2022-11-13 11:53:58.886195,-0.02,0.95,-0.26,2.08,1.22,2.38,-7.76,-34.62,-8.44,1
O,2022-11-13 11:53:58.886359,-0.02,0.94,-0.26,1.59,1.34,2.32,-7.76,-34.62,-8.44,1
O,2022-11-13 11:53:58.886511,-0.02,0.94,-0.26,1.59,1.16,2.32,-7.76,-34.62,-8.44,1
O,2022-11-13 11:53:58.886670,-0.02,0.95,-0.26,1.77,1.40,2.44,-6.68,-34.14,-7.53,1
O,2022-11-13 11:53:58.886824,-0.02,0.94,-0.26,2.01,1.28,2.32,-6.68,-34.14,-7.53,1
O,2022-11-13 11:53:58.886985,-0.02,0.94,-0.26,1.89,1.28,2.26,-6.68,-34.14,-7.53,1
O,2022-11-13 11:53:58.887136,-0.02,0.94,-0.26,1.53,0.98,2.20,-6.77,-33.91,-8.54,1
O,2022-11-13 11:53:58.887287,-0.02,0.95,-0.26,1.89,0.98,2.44,-6.77,-33.91,-8.54,1
O,2022-11-13 11:53:58.887444,-0.02,0.94,-0.26,2.08,1.22,2.26,-6.77,-33.91,-8.54,1
O,2022-11-13 11:53:58.887594,-0.02,0.94,-0.26,1.95,1.10,2.32,-7.15,-34.46,-8.47,1
O,2022-11-13 11:53:58.887761,-0.02,0.94,-0.26,1.65,1.34,2.38,-7.15,-34.46,-8.47,1
O,2022-11-13 11:53:58.887912,-0.02,0.94,-0.26,1.83,1.22,2.56,-6.65,-33.98,-7.76,1
O,2022-11-13 11:53:58.888063,-0.02,0.94,-0.26,1.71,1.34,2.26,-6.65,-33.98,-7.76,1
O,2022-11-13 11:53:58.888226,-0.02,0.94,-0.26,2.08,1.34,2.50,-6.65,-33.98,-7.76,1
O,2022-11-13 11:53:58.888378,-0.02,0.94,-0.26,1.83,1.28,2.26,-7.23,-33.80,-7.51,1
O,2022-11-13 11:53:58.888541,-0.02,0.94,-0.26,1.71,1.34,2.50,-7.23,-33.80,-7.51,1
O,2022-11-13 11:53:58.888701,-0.02,0.95,-0.26,1.71,1.28,2.26,-7.23,-33.80,-7.51,1
O,2022-11-13 11:53:58.888857,-0.02,0.94,-0.26,2.01,1.16,2.26,-7.24,-34.30,-8.13,1
O,2022-11-13 11:53:58.889008,-0.02,0.94,-0.26,1.89,1.28,2.26,-7.24,-34.30,-8.13,1
O,2022-11-13 11:53:58.889159,-0.02,0.94,-0.26,1.95,1.28,2.50,-7.24,-34.30,-8.13,1
O,2022-11-13 11:53:58.889332,-0.02,0.94,-0.26,1.53,1.16,2.26,-7.25,-33.94,-9.05,1
O,2022-11-13 11:53:58.889487,-0.02,0.95,-0.26,2.08,1.16,2.32,-7.25,-33.94,-9.05,1
O,2022-11-13 11:53:58.889650,-0.02,0.94,-0.26,2.08,1.34,2.44,-7.37,-34.12,-8.54,1
O,2022-11-13 11:53:58.889811,-0.02,0.94,-0.26,1.83,1.16,2.26,-7.37,-34.12,-8.54,1
O,2022-11-13 11:53:58.889971,-0.02,0.95,-0.26,1.89,1.16,2.38,-7.37,-34.12,-8.54,1
O,2022-11-13 11:53:58.890147,-0.02,0.94,-0.26,1.65,1.34,2.50,-7.48,-33.80,-8.97,1
O,2022-11-13 11:53:58.890312,-0.02,0.94,-0.26,1.95,1.22,2.32,-7.48,-33.80,-8.97,1
O,2022-11-13 11:53:58.890474,-0.02,0.94,-0.26,1.95,1.22,2.32,-7.48,-33.80,-8.97,1
O,2022-11-13 11:53:58.890634,-0.02,0.94,-0.26,1.71,1.16,2.20,-7.91,-33.58,-9.99,1
O,2022-11-13 11:53:58.890792,-0.02,0.94,-0.26,1.83,1.22,2.50,-7.91,-33.58,-9.99,1
O,2022-11-13 11:53:58.890984,-0.02,0.94,-0.26,1.83,1.10,2.32,-7.91,-33.58,-9.99,1
O,2022-11-13 11:53:58.891143,-0.02,0.94,-0.26,1.83,1.22,2.38,-7.60,-34.30,-8.64,1
O,2022-11-13 11:53:58.891301,-0.02,0.95,-0.26,2.14,1.34,2.14,-7.60,-34.30,-8.64,1
O,2022-11-13 11:53:58.891455,-0.02,0.94,-0.26,1.59,1.28,2.38,-7.45,-34.33,-7.93,1
O,2022-11-13 11:53:58.891614,-0.02,0.95,-0.26,1.77,1.16,2.26,-7.45,-34.33,-7.93,1
O,2022-11-13 11:53:58.891769,-0.02,0.94,-0.26,1.71,1.16,2.26,-7.45,-34.33,-7.93,1
O,2022-11-13 11:53:58.892007,-0.02,0.94,-0.26,1.95,1.22,2.32,-7.20,-34.17,-8.06,1
O,2022-11-13 11:53:58.892190,-0.02,0.94,-0.26,1.83,1.22,2.38,-7.20,-34.17,-8.06,1
O,2022-11-13 11:53:58.892354,-0.02,0.95,-0.26,1.89,1.10,2.38,-7.20,-34.17,-8.06,1
O,2022-11-13 11:53:58.892527,-0.02,0.94,-0.26,1.59,1.28,2.26,-7.10,-33.84,-8.73,1
O,2022-11-13 11:53:58.892693,-0.02,0.94,-0.26,2.14,1.22,2.26,-7.10,-33.84,-8.73,1
O,2022-11-13 11:53:58.892864,-0.02,0.94,-0.26,1.89,1.28,2.50,-7.10,-33.84,-8.73,1
O,2022-11-13 11:53:58.893044,-0.02,0.94,-0.26,1.77,1.22,2.20,-7.01,-34.11,-7.81,1
O,2022-11-13 11:53:58.893208,-0.02,0.94,-0.26,1.65,1.28,2.32,-7.01,-34.11,-7.81,1
O,2022-11-13 11:53:58.893381,-0.02,0.94,-0.26,1.77,1.28,2.38,-6.60,-33.95,-8.15,1
O,2022-11-13 11:53:58.893539,-0.02,0.95,-0.26,1.83,1.28,2.20,-6.60,-33.95,-8.15,1
O,2022-11-13 11:53:58.893706,-0.02,0.94,-0.26,1.89,1.22,2.32,-6.60,-33.95,-8.15,1
O,2022-11-13 11:53:58.893871,-0.02,0.94,-0.26,1.71,1.16,2.38,-6.91,-34.09,-8.95,1
O,2022-11-13 11:53:58.894039,-0.02,0.94,-0.26,1.77,1.10,2.38,-6.91,-34.09,-8.95,1
O,2022-11-13 11:53:58.894205,-0.02,0.94,-0.26,2.01,1.22,2.32,-6.91,-34.09,-8.95,1
O,2022-11-13 11:53:58.894369,-0.02,0.94,-0.26,1.89,1.16,2.32,-7.02,-34.00,-8.85,1
O,2022-11-13 11:53:58.894527,-0.02,0.94,-0.26,1.83,1.34,2.20,-7.02,-34.00,-8.85,1
O,2022-11-13 11:53:58.894679,-0.02,0.94,-0.26,1.71,1.16,2.38,-7.02,-34.00,-8.85,1
O,2022-11-13 11:53:58.894830,-0.02,0.94,-0.26,1.77,1.04,2.32,-6.91,-33.96,-8.47,1
O,2022-11-13 11:53:58.894994,-0.02,0.94,-0.26,2.01,1.10,2.26,-6.91,-33.96,-8.47,1
O,2022-11-13 11:53:58.895145,-0.02,0.95,-0.26,1.95,1.10,2.26,-6.70,-34.23,-8.24,1
O,2022-11-13 11:53:58.895304,-0.02,0.94,-0.26,1.89,1.16,2.38,-6.70,-34.23,-8.24,1
O,2022-11-13 11:53:58.895456,-0.02,0.94,-0.26,1.59,1.16,2.20,-6.70,-34.23,-8.24,1
O,2022-11-13 11:53:58.895609,-0.02,0.95,-0.26,1.95,1.10,2.50,-7.62,-34.17,-8.92,1
O,2022-11-13 11:53:58.895768,-0.02,0.94,-0.26,1.95,1.22,2.32,-7.62,-34.17,-8.92,1
O,2022-11-13 11:53:58.895921,-0.02,0.94,-0.26,1.89,1.22,2.32,-7.62,-34.17,-8.92,1
O,2022-11-13 11:53:58.896083,-0.02,0.94,-0.26,1.77,0.98,2.32,-7.18,-33.54,-7.64,1
O,2022-11-13 11:53:58.896233,-0.02,0.95,-0.26,1.95,1.28,2.50,-7.18,-33.54,-7.64,1
O,2022-11-13 11:53:58.896383,-0.02,0.95,-0.26,2.01,1.22,2.26,-7.18,-33.54,-7.64,1
O,2022-11-13 11:53:58.896544,-0.02,0.95,-0.26,1.89,1.04,2.32,-7.01,-33.98,-9.28,1
O,2022-11-13 11:53:58.896696,-0.02,0.94,-0.26,1.95,1.10,2.38,-7.01,-33.98,-9.28,1
O,2022-11-13 11:53:58.896858,-0.02,0.94,-0.26,1.77,1.16,2.44,-6.88,-34.34,-7.82,1
O,2022-11-13 11:53:58.897009,-0.02,0.94,-0.26,2.01,1.28,2.44,-6.88,-34.34,-7.82,1
O,2022-11-13 11:53:58.897165,-0.02,0.95,-0.26,2.08,1.28,2.38,-6.88,-34.34,-7.82,1
O,2022-11-13 11:53:58.897317,-0.02,0.95,-0.26,1.89,1.22,2.32,-6.95,-34.19,-8.62,1
O,2022-11-13 11:53:58.897469,-0.02,0.95,-0.26,1.71,1.16,2.44,-6.95,-34.19,-8.62,1
O,2022-11-13 11:53:58.897632,-0.02,0.94,-0.26,2.08,1.28,2.44,-6.95,-34.19,-8.62,1
O,2022-11-13 11:53:58.897783,-0.02,0.94,-0.26,1.77,0.98,2.08,-7.35,-34.64,-7.86,1
O,2022-11-13 11:53:58.897954,-0.02,0.95,-0.26,1.95,1.04,2.50,-7.35,-34.64,-7.86,1
O,2022-11-13 11:53:58.898106,-0.02,0.94,-0.26,1.95,1.28,2.32,-7.35,-34.64,-7.86,1
O,2022-11-13 11:53:58.898257,-0.02,0.95,-0.26,1.77,0.98,2.26,-7.23,-33.92,-8.30,1
O,2022-11-13 11:53:58.898423,-0.02,0.94,-0.26,1.89,1.28,2.26,-7.23,-33.92,-8.30,1
O,2022-11-13 11:53:58.898574,-0.02,0.95,-0.26,1.83,1.16,2.26,-6.87,-34.47,-8.70,1
O,2022-11-13 11:53:58.898736,-0.02,0.94,-0.26,1.89,1.34,2.26,-6.87,-34.47,-8.70,1
O,2022-11-13 11:53:58.898887,-0.02,0.95,-0.26,1.83,1.40,2.20,-6.87,-34.47,-8.70,1
O,2022-11-13 11:53:58.899037,-0.02,0.95,-0.26,1.89,1.10,2.44,-6.98,-33.68,-8.56,1
O,2022-11-13 11:53:58.899199,-0.02,0.95,-0.26,1.77,1.34,2.38,-6.98,-33.68,-8.56,1
O,2022-11-13 11:53:58.899352,-0.02,0.95,-0.26,2.08,1.22,2.44,-6.98,-33.68,-8.56,1
O,2022-11-13 11:53:58.899528,-0.02,0.94,-0.26,1.83,1.28,2.38,-7.28,-34.00,-7.26,1
O,2022-11-13 11:53:58.899684,-0.02,0.94,-0.26,1.83,1.28,2.50,-7.28,-34.00,-7.26,1
O,2022-11-13 11:53:58.899841,-0.02,0.94,-0.26,1.95,1.22,2.38,-7.28,-34.00,-7.26,1
O,2022-11-13 11:53:58.900001,-0.02,0.94,-0.26,2.08,1.22,2.14,-7.63,-33.94,-7.02,1
O,2022-11-13 11:53:58.900153,-0.02,0.95,-0.26,2.01,1.34,2.44,-7.63,-33.94,-7.02,1
O,2022-11-13 11:53:58.900312,-0.02,0.95,-0.26,1.83,1.28,2.56,-6.87,-33.95,-8.54,1
O,2022-11-13 11:53:58.900530,-0.02,0.95,-0.26,1.89,1.34,2.26,-6.87,-33.95,-8.54,1
O,2022-11-13 11:53:58.900687,-0.02,0.94,-0.26,2.08,1.34,2.50,-6.87,-33.95,-8.54,1
O,2022-11-13 11:53:58.900840,-0.02,0.94,-0.26,1.89,0.98,2.20,-6.65,-34.08,-8.39,1
O,2022-11-13 11:53:58.901004,-0.02,0.94,-0.26,2.01,1.34,2.44,-6.65,-34.08,-8.39,1
O,2022-11-13 11:53:58.901161,-0.02,0.94,-0.26,1.83,1.22,2.44,-6.65,-34.08,-8.39,1
O,2022-11-13 11:53:58.901321,-0.02,0.94,-0.26,1.71,1.28,2.38,-7.03,-34.00,-9.31,1
O,2022-11-13 11:53:58.901488,-0.02,0.95,-0.26,1.89,1.28,2.32,-7.03,-34.00,-9.31,1
O,2022-11-13 11:53:58.901640,-0.02,0.94,-0.26,1.89,1.34,2.44,-7.03,-34.00,-9.31,1
O,2022-11-13 11:53:58.901791,-0.02,0.95,-0.26,1.65,1.22,2.26,-6.86,-33.86,-7.93,1
O,2022-11-13 11:53:58.901950,-0.02,0.95,-0.26,1.83,1.22,2.38,-6.86,-33.86,-7.93,1
O,2022-11-13 11:53:58.902103,-0.02,0.94,-0.26,1.89,1.16,2.38,-6.63,-34.09,-7.74,1
O,2022-11-13 11:53:58.902264,-0.02,0.94,-0.26,1.83,1.40,2.38,-6.63,-34.09,-7.74,1
O,2022-11-13 11:53:58.902417,-0.02,0.95,-0.26,1.95,1.40,2.38,-6.63,-34.09,-7.74,1
O,2022-11-13 11:53:58.902575,-0.02,0.94,-0.26,1.89,1.28,2.26,-7.31,-34.11,-8.37,1
O,2022-11-13 11:53:58.902732,-0.02,0.95,-0.26,1.65,1.28,2.50,-7.31,-34.11,-8.37,1
O,2022-11-13 11:53:58.902883,-0.02,0.95,-0.26,1.71,1.28,2.44,-7.31,-34.11,-8.37,1
O,2022-11-13 11:53:58.903040,-0.02,0.94,-0.26,1.89,1.28,2.20,-7.51,-34.16,-7.92,1
O,2022-11-13 11:53:58.903196,-0.02,0.94,-0.26,1.95,0.98,2.32,-7.51,-34.16,-7.92,1
O,2022-11-13 11:53:58.903361,-0.02,0.94,-0.26,1.89,1.34,2.44,-7.51,-34.16,-7.92,1
O,2022-11-13 11:53:58.903515,-0.02,0.95,-0.26,1.77,1.22,2.32,-7.35,-34.25,-8.75,1
O,2022-11-13 11:53:58.903668,-0.02,0.95,-0.26,1.83,1.28,2.38,-7.35,-34.25,-8.75,1
O,2022-11-13 11:53:58.903827,-0.02,0.95,-0.26,1.83,1.22,2.26,-7.09,-34.01,-7.82,1
O,2022-11-13 11:53:58.903979,-0.02,0.94,-0.26,1.77,1.34,2.50,-7.09,-34.01,-7.82,1
O,2022-11-13 11:53:58.904144,-0.02,0.95,-0.26,1.83,1.16,2.44,-7.09,-34.01,-7.82,1
O,2022-11-13 11:53:58.904296,-0.02,0.94,-0.26,1.83,1.34,2.50,-7.47,-34.06,-8.17,1
O,2022-11-13 11:53:58.904468,-0.02,0.94,-0.26,1.83,1.28,2.20,-7.47,-34.06,-8.17,1
O,2022-11-13 11:53:58.904628,-0.02,0.95,-0.26,1.83,1.28,2.32,-7.47,-34.06,-8.17,1
O,2022-11-13 11:53:58.904779,-0.02,0.94,-0.26,1.77,1.22,2.14,-7.20,-33.56,-8.39,1
O,2022-11-13 11:53:58.904942,-0.02,0.95,-0.26,1.83,1.28,2.38,-7.20,-33.56,-8.39,1
O,2022-11-13 11:53:58.905094,-0.02,0.95,-0.26,1.83,1.34,2.32,-7.20,-33.56,-8.39,1
O,2022-11-13 11:53:58.905259,-0.02,0.95,-0.26,1.77,1.16,2.32,-7.12,-33.91,-7.62,1
O,2022-11-13 11:53:58.905411,-0.02,0.95,-0.26,1.83,1.16,2.44,-7.12,-33.91,-7.62,1
O,2022-11-13 11:53:58.905566,-0.02,0.95,-0.26,1.77,1.28,2.26,-7.12,-34.24,-8.12,1
O,2022-11-13 11:53:58.905726,-0.02,0.95,-0.26,1.71,1.40,2.38,-7.12,-34.24,-8.12,1
O,2022-11-13 11:53:58.905880,-0.02,0.95,-0.26,1.95,1.28,2.44,-7.12,-34.24,-8.12,1
O,2022-11-13 11:53:58.906037,-0.02,0.94,-0.26,1.89,1.22,2.32,-6.90,-34.00,-8.34,1
O,2022-11-13 11:53:58.906189,-0.02,0.94,-0.26,1.59,1.34,2.38,-6.90,-34.00,-8.34,1
O,2022-11-13 11:53:58.906342,-0.02,0.94,-0.26,1.65,1.34,2.38,-6.90,-34.00,-8.34,1
O,2022-11-13 11:53:58.906501,-0.02,0.94,-0.26,1.95,0.98,2.01,-7.25,-33.80,-7.84,1
O,2022-11-13 11:53:58.906700,-0.02,0.95,-0.26,1.89,1.34,2.32,-7.25,-33.80,-7.84,1
O,2022-11-13 11:53:58.906859,-0.02,0.95,-0.26,1.71,1.22,2.44,-7.25,-33.80,-7.84,1
O,2022-11-13 11:53:58.907013,-0.02,0.95,-0.26,1.65,1.10,2.38,-7.28,-34.62,-7.46,1
O,2022-11-13 11:53:58.907177,-0.02,0.95,-0.26,1.89,1.28,2.44,-7.28,-34.62,-7.46,1
O,2022-11-13 11:53:58.907333,-0.02,0.95,-0.26,1.77,1.53,2.38,-6.90,-34.02,-8.68,1
O,2022-11-13 11:53:58.907497,-0.02,0.95,-0.26,2.08,1.46,2.50,-6.90,-34.02,-8.68,1
O,2022-11-13 11:53:58.907672,-0.02,0.95,-0.26,1.83,1.04,2.32,-6.90,-34.02,-8.68,1
O,2022-11-13 11:53:58.907828,-0.02,0.95,-0.26,1.83,1.22,2.32,-7.79,-33.92,-9.03,1
O,2022-11-13 11:53:58.907989,-0.02,0.95,-0.26,1.89,1.28,2.32,-7.79,-33.92,-9.03,1
O,2022-11-13 11:53:58.908141,-0.02,0.95,-0.26,1.83,1.40,2.44,-7.79,-33.92,-9.03,1
O,2022-11-13 11:53:58.908295,-0.02,0.95,-0.26,1.77,1.10,2.20,-7.48,-33.86,-9.42,1
O,2022-11-13 11:53:58.908453,-0.02,0.95,-0.26,1.83,1.40,2.26,-7.48,-33.86,-9.42,1
O,2022-11-13 11:53:58.908606,-0.02,0.95,-0.26,1.83,1.28,2.32,-7.48,-33.86,-9.42,1
O,2022-11-13 11:53:58.908766,-0.02,0.94,-0.26,1.65,1.28,2.20,-6.86,-33.79,-9.03,1
O,2022-11-13 11:53:58.908923,-0.02,0.95,-0.26,2.01,1.28,2.44,-6.86,-33.79,-9.03,1
O,2022-11-13 11:53:58.909077,-0.02,0.95,-0.26,1.83,1.10,2.26,-6.96,-34.08,-8.68,1
O,2022-11-13 11:53:58.909244,-0.02,0.95,-0.26,1.83,1.22,2.38,-6.96,-34.08,-8.68,1
O,2022-11-13 11:53:58.909400,-0.02,0.95,-0.26,1.77,1.22,2.38,-6.96,-34.08,-8.68,1
O,2022-11-13 11:53:58.909557,-0.02,0.95,-0.26,1.77,1.10,2.26,-6.77,-34.05,-8.69,1
O,2022-11-13 11:53:58.909710,-0.02,0.95,-0.26,1.83,1.22,2.50,-6.77,-34.05,-8.69,1
O,2022-11-13 11:53:58.909867,-0.02,0.94,-0.26,1.89,1.28,2.38,-6.77,-34.05,-8.69,1
O,2022-11-13 11:53:58.910022,-0.02,0.95,-0.26,1.71,1.16,2.26,-6.96,-34.34,-8.18,1
O,2022-11-13 11:53:58.910175,-0.02,0.95,-0.26,1.65,1.28,2.38,-6.96,-34.34,-8.18,1
O,2022-11-13 11:53:58.910332,-0.02,0.94,-0.26,1.83,1.46,2.44,-6.96,-34.34,-8.18,1
O,2022-11-13 11:53:58.910485,-0.02,0.94,-0.26,1.83,1.04,2.32,-7.35,-33.46,-7.31,1
O,2022-11-13 11:53:58.910651,-0.02,0.95,-0.26,1.83,1.28,2.50,-7.35,-33.46,-7.31,1
O,2022-11-13 11:53:58.910805,-0.02,0.95,-0.26,1.77,1.28,2.32,-7.23,-34.13,-8.24,1
O,2022-11-13 11:53:58.910966,-0.02,0.95,-0.26,1.77,1.46,2.38,-7.23,-34.13,-8.24,1
O,2022-11-13 11:53:58.911120,-0.02,0.94,-0.26,1.77,1.34,2.44,-7.23,-34.13,-8.24,1
O,2022-11-13 11:53:58.911272,-0.02,0.95,-0.26,1.71,1.40,2.38,-6.97,-33.98,-7.80,1
O,2022-11-13 11:53:58.911427,-0.02,0.95,-0.26,1.95,1.28,2.44,-6.97,-33.98,-7.80,1
O,2022-11-13 11:53:58.911579,-0.02,0.95,-0.26,1.83,1.22,2.56,-6.97,-33.98,-7.80,1
O,2022-11-13 11:53:58.911736,-0.02,0.95,-0.26,1.83,1.22,2.38,-7.06,-34.28,-9.38,1
O,2022-11-13 11:53:58.911893,-0.02,0.95,-0.26,1.71,1.34,2.38,-7.06,-34.28,-9.38,1
O,2022-11-13 11:53:58.912047,-0.02,0.95,-0.26,1.95,1.28,2.32,-7.06,-34.28,-9.38,1
O,2022-11-13 11:53:58.912203,-0.02,0.94,-0.26,1.71,1.28,2.32,-7.25,-34.24,-7.24,1
O,2022-11-13 11:53:58.912356,-0.02,0.95,-0.26,1.89,1.22,2.32,-7.25,-34.24,-7.24,1
O,2022-11-13 11:53:58.912516,-0.02,0.95,-0.26,1.77,1.34,2.50,-7.82,-34.41,-9.17,1
O,2022-11-13 11:53:58.912667,-0.02,0.95,-0.26,1.65,1.34,2.44,-7.82,-34.41,-9.17,1
O,2022-11-13 11:53:58.912823,-0.02,0.95,-0.26,1.89,1.22,2.38,-7.82,-34.41,-9.17,1
O,2022-11-13 11:53:58.912977,-0.02,0.95,-0.26,1.65,1.34,2.26,-7.82,-33.78,-8.72,1
O,2022-11-13 11:53:58.913130,-0.02,0.95,-0.26,1.77,1.40,2.38,-7.82,-33.78,-8.72,1
O,2022-11-13 11:53:58.913286,-0.02,0.95,-0.26,1.77,1.22,2.38,-7.82,-33.78,-8.72,1
O,2022-11-13 11:53:58.913438,-0.02,0.94,-0.26,1.71,1.28,2.44,-7.41,-34.50,-8.69,1
O,2022-11-13 11:53:58.913593,-0.02,0.94,-0.26,1.95,1.22,2.50,-7.41,-34.50,-8.69,1
O,2022-11-13 11:53:58.913745,-0.02,0.95,-0.26,1.95,1.22,2.44,-7.41,-34.50,-8.69,1
O,2022-11-13 11:53:58.913901,-0.02,0.95,-0.26,1.77,1.22,2.32,-6.91,-34.27,-8.84,1
O,2022-11-13 11:53:58.914053,-0.02,0.95,-0.26,1.83,1.34,2.26,-6.91,-34.27,-8.84,1
O,2022-11-13 11:53:58.914205,-0.02,0.95,-0.26,1.83,1.10,2.38,-7.35,-34.28,-8.46,1
O,2022-11-13 11:53:58.914362,-0.02,0.95,-0.26,1.77,1.40,2.20,-7.35,-34.28,-8.46,1
O,2022-11-13 11:53:58.914513,-0.02,0.95,-0.26,1.83,1.40,2.38,-7.35,-34.28,-8.46,1
O,2022-11-13 11:53:58.914667,-0.02,0.95,-0.26,1.83,1.34,2.50,-6.75,-34.17,-9.16,1
O,2022-11-13 11:53:58.914819,-0.02,0.95,-0.26,1.89,1.34,2.20,-6.75,-34.17,-9.16,1
O,2022-11-13 11:53:58.914968,-0.02,0.95,-0.26,1.89,1.28,2.32,-6.75,-34.17,-9.16,1
O,2022-11-13 11:53:58.915122,-0.02,0.94,-0.26,1.95,1.22,2.32,-7.02,-34.01,-8.80,1
O,2022-11-13 11:53:58.915272,-0.02,0.95,-0.26,1.95,1.46,2.44,-7.02,-34.01,-8.80,1
O,2022-11-13 11:53:58.915428,-0.02,0.95,-0.26,1.89,1.28,2.32,-7.02,-34.01,-8.80,1
O,2022-11-13 11:53:58.915579,-0.02,0.95,-0.26,1.77,1.10,2.32,-7.36,-34.25,-8.75,1
O,2022-11-13 11:53:58.915733,-0.02,0.95,-0.26,1.89,1.28,2.38,-7.36,-34.25,-8.75,1
O,2022-11-13 11:53:58.915886,-0.02,0.95,-0.26,1.89,1.28,2.32,-6.97,-33.73,-8.79,1
O,2022-11-13 11:53:58.916039,-0.02,0.95,-0.26,1.83,1.40,2.44,-6.97,-33.73,-8.79,1
O,2022-11-13 11:53:58.916195,-0.02,0.95,-0.26,1.83,1.34,2.50,-6.97,-33.73,-8.79,1
O,2022-11-13 11:53:58.916370,-0.02,0.95,-0.26,1.77,1.28,2.38,-6.41,-34.88,-8.94,1
O,2022-11-13 11:53:58.916528,-0.02,0.95,-0.26,1.83,1.40,2.32,-6.41,-34.88,-8.94,1
O,2022-11-13 11:53:58.916679,-0.02,0.95,-0.26,1.83,1.34,2.32,-6.41,-34.88,-8.94,1
O,2022-11-13 11:53:58.916841,-0.02,0.94,-0.26,1.77,1.34,2.50,-7.09,-34.78,-8.62,1
O,2022-11-13 11:53:58.916993,-0.02,0.95,-0.26,1.89,1.22,2.32,-7.09,-34.78,-8.62,1
O,2022-11-13 11:53:58.917146,-0.02,0.95,-0.26,1.89,1.34,2.32,-7.09,-34.78,-8.62,1
O,2022-11-13 11:53:58.917300,-0.02,0.95,-0.26,1.71,1.22,2.26,-7.17,-34.33,-7.69,1
O,2022-11-13 11:53:58.917451,-0.02,0.95,-0.26,1.89,1.16,2.56,-7.17,-34.33,-7.69,1
O,2022-11-13 11:53:58.917606,-0.02,0.95,-0.26,1.83,1.34,2.38,-6.96,-33.97,-8.08,1
O,2022-11-13 11:53:58.917756,-0.02,0.95,-0.26,1.71,1.34,2.44,-6.96,-33.97,-8.08,1
O,2022-11-13 11:53:58.917914,-0.02,0.95,-0.26,1.89,1.28,2.32,-6.96,-33.97,-8.08,1
O,2022-11-13 11:53:58.918065,-0.02,0.94,-0.26,1.77,1.22,2.26,-7.29,-33.96,-9.17,1
O,2022-11-13 11:53:58.918217,-0.02,0.95,-0.26,1.83,1.28,2.38,-7.29,-33.96,-9.17,1
O,2022-11-13 11:53:58.918374,-0.02,0.95,-0.26,1.95,1.34,2.38,-7.29,-33.96,-9.17,1
O,2022-11-13 11:53:58.918528,-0.02,0.94,-0.26,1.65,1.34,2.26,-6.85,-33.90,-8.39,1
O,2022-11-13 11:53:58.918685,-0.02,0.94,-0.26,1.89,1.46,2.38,-6.85,-33.90,-8.39,1
O,2022-11-13 11:53:58.918839,-0.02,0.95,-0.26,1.95,1.16,2.44,-6.85,-33.90,-8.39,1
O,2022-11-13 11:53:58.918992,-0.02,0.95,-0.26,1.71,1.34,2.32,-7.53,-33.90,-8.46,1
O,2022-11-13 11:53:58.919146,-0.02,0.95,-0.26,1.95,1.34,2.44,-7.53,-33.90,-8.46,1
O,2022-11-13 11:53:58.919296,-0.02,0.94,-0.26,1.89,1.16,2.38,-6.45,-33.75,-8.13,1
O,2022-11-13 11:53:58.919457,-0.02,0.94,-0.26,1.89,1.22,2.38,-6.45,-33.75,-8.13,1
O,2022-11-13 11:53:58.919606,-0.02,0.95,-0.26,1.65,1.22,2.44,-6.45,-33.75,-8.13,1
O,2022-11-13 11:53:58.919760,-0.02,0.95,-0.26,1.83,1.22,2.56,-6.88,-33.84,-8.03,1
O,2022-11-13 11:53:58.919910,-0.02,0.95,-0.26,1.65,1.40,2.38,-6.88,-33.84,-8.03,1
O,2022-11-13 11:53:58.920060,-0.02,0.95,-0.26,2.01,1.40,2.32,-6.88,-33.84,-8.03,1
O,2022-11-13 11:53:58.920214,-0.02,0.95,-0.26,1.65,1.10,2.14,-6.86,-34.09,-7.70,1
O,2022-11-13 11:53:58.920365,-0.02,0.95,-0.26,1.83,1.28,2.50,-6.86,-34.09,-7.70,1
O,2022-11-13 11:53:58.920521,-0.02,0.95,-0.26,1.71,1.28,2.26,-6.86,-34.09,-7.70,1
O,2022-11-13 11:53:58.920680,-0.02,0.95,-0.26,1.83,1.28,2.44,-7.18,-34.61,-7.80,1
O,2022-11-13 11:53:58.920836,-0.02,0.95,-0.26,1.71,1.40,2.50,-7.18,-34.61,-7.80,1
O,2022-11-13 11:53:58.920986,-0.02,0.95,-0.26,1.89,1.28,2.50,-6.18,-33.96,-9.18,1
O,2022-11-13 11:53:58.921135,-0.02,0.95,-0.26,1.65,1.53,2.26,-6.18,-33.96,-9.18,1
O,2022-11-13 11:53:58.921291,-0.02,0.95,-0.26,1.83,1.34,2.32,-6.18,-33.96,-9.18,1
O,2022-11-13 11:53:58.921441,-0.02,0.95,-0.26,1.83,1.34,2.38,-6.86,-33.51,-9.07,1
O,2022-11-13 11:53:58.921596,-0.02,0.94,-0.26,1.71,1.28,2.50,-6.86,-33.51,-9.07,1
O,2022-11-13 11:53:58.921746,-0.02,0.95,-0.26,1.77,1.40,2.26,-6.86,-33.51,-9.07,1
O,2022-11-13 11:53:58.921904,-0.02,0.94,-0.26,1.77,1.22,2.20,-6.85,-33.64,-8.04,1
O,2022-11-13 11:53:58.926939,-0.02,0.95,-0.26,1.77,1.40,2.32,-6.85,-33.64,-8.04,1
O,2022-11-13 11:53:58.927096,-0.02,0.95,-0.26,1.89,1.46,2.50,-6.85,-33.64,-8.04,1
O,2022-11-13 11:53:58.927256,-0.02,0.95,-0.26,1.77,1.10,2.44,-6.63,-33.90,-7.96,1
O,2022-11-13 11:53:58.927410,-0.02,0.95,-0.26,1.95,1.28,2.44,-6.63,-33.90,-7.96,1
O,2022-11-13 11:53:58.927573,-0.02,0.95,-0.26,1.77,1.28,2.44,-7.08,-34.00,-8.18,1
O,2022-11-13 11:53:58.927732,-0.02,0.95,-0.26,1.65,1.40,2.38,-7.08,-34.00,-8.18,1
O,2022-11-13 11:53:58.927890,-0.02,0.95,-0.26,1.83,1.16,2.44,-7.08,-34.00,-8.18,1
O,2022-11-13 11:53:58.928051,-0.02,0.95,-0.26,2.08,1.10,2.50,-6.91,-34.12,-8.84,1
O,2022-11-13 11:53:58.928218,-0.02,0.95,-0.26,2.01,1.34,2.44,-6.91,-34.12,-8.84,1
O,2022-11-13 11:53:58.928404,-0.02,0.95,-0.26,1.77,1.34,2.44,-6.91,-34.12,-8.84,1
O,2022-11-13 11:53:58.928567,-0.02,0.95,-0.26,1.83,1.10,2.32,-6.91,-34.03,-8.58,1
O,2022-11-13 11:53:58.928719,-0.02,0.95,-0.26,1.77,1.46,2.44,-6.91,-34.03,-8.58,1
O,2022-11-13 11:53:58.928877,-0.02,0.95,-0.26,1.89,1.40,2.38,-6.91,-34.03,-8.58,1
O,2022-11-13 11:53:58.929029,-0.02,0.95,-0.26,1.65,1.34,2.26,-6.84,-33.92,-8.12,1
O,2022-11-13 11:53:58.929185,-0.02,0.95,-0.26,2.01,1.34,2.32,-6.84,-33.92,-8.12,1
O,2022-11-13 11:53:58.929338,-0.02,0.95,-0.26,1.71,1.40,2.38,-7.03,-33.84,-8.23,1
O,2022-11-13 11:53:58.929498,-0.02,0.95,-0.26,1.71,1.34,2.26,-7.03,-33.84,-8.23,1
O,2022-11-13 11:53:58.929650,-0.02,0.94,-0.26,1.71,1.22,2.38,-7.03,-33.84,-8.23,1
O,2022-11-13 11:53:58.929802,-0.02,0.95,-0.26,1.77,1.40,2.26,-6.63,-34.23,-9.47,1
O,2022-11-13 11:53:58.929963,-0.02,0.95,-0.26,1.71,1.28,2.26,-6.63,-34.23,-9.47,1
O,2022-11-13 11:53:58.930115,-0.02,0.95,-0.26,1.77,1.34,2.32,-6.63,-34.23,-9.47,1
O,2022-11-13 11:53:58.930270,-0.02,0.95,-0.25,1.71,1.40,2.20,-7.04,-34.09,-9.23,1
O,2022-11-13 11:53:58.930429,-0.02,0.95,-0.26,1.89,1.16,2.44,-7.04,-34.09,-9.23,1
O,2022-11-13 11:53:58.930597,-0.02,0.95,-0.26,1.77,1.28,2.20,-7.04,-34.09,-9.23,1
O,2022-11-13 11:53:58.930750,-0.02,0.95,-0.26,1.77,1.28,2.32,-7.18,-33.74,-8.54,1
O,2022-11-13 11:53:58.930905,-0.02,0.95,-0.26,1.77,1.34,2.32,-7.18,-33.74,-8.54,1
O,2022-11-13 11:53:58.931061,-0.02,0.95,-0.26,1.83,1.10,2.44,-7.43,-33.64,-9.17,1
O,2022-11-13 11:53:58.931220,-0.02,0.95,-0.26,1.77,1.22,2.50,-7.43,-33.64,-9.17,1
O,2022-11-13 11:53:58.931382,-0.02,0.95,-0.26,1.65,1.40,2.38,-7.43,-33.64,-9.17,1
O,2022-11-13 11:53:58.931533,-0.02,0.95,-0.26,1.77,1.28,2.50,-7.39,-33.62,-9.94,1
O,2022-11-13 11:53:58.931687,-0.02,0.95,-0.26,1.77,1.28,2.38,-7.39,-33.62,-9.94,1
O,2022-11-13 11:53:58.931846,-0.02,0.95,-0.26,1.65,1.34,2.44,-7.39,-33.62,-9.94,1
O,2022-11-13 11:53:58.932006,-0.02,0.95,-0.26,1.71,1.34,2.26,-7.41,-33.23,-9.05,1
O,2022-11-13 11:53:58.932170,-0.02,0.95,-0.26,1.83,1.04,2.32,-7.41,-33.23,-9.05,1
O,2022-11-13 11:53:58.932321,-0.02,0.95,-0.26,1.77,1.28,2.38,-7.41,-33.23,-9.05,1
O,2022-11-13 11:53:58.932483,-0.02,0.95,-0.26,1.77,1.10,2.20,-6.82,-33.40,-8.87,1
O,2022-11-13 11:53:58.932635,-0.02,0.95,-0.26,1.83,1.28,2.38,-6.82,-33.40,-8.87,1
O,2022-11-13 11:53:58.932788,-0.02,0.95,-0.26,1.89,1.22,2.32,-7.36,-33.75,-8.33,1
O,2022-11-13 11:53:58.932947,-0.02,0.95,-0.26,1.89,1.22,2.32,-7.36,-33.75,-8.33,1
O,2022-11-13 11:53:58.933148,-0.02,0.95,-0.26,1.89,1.40,2.32,-7.36,-33.75,-8.33,1
O,2022-11-13 11:53:58.933304,-0.02,0.94,-0.26,1.71,1.34,2.62,-7.40,-33.94,-8.33,1
O,2022-11-13 11:53:58.933455,-0.02,0.95,-0.26,1.83,1.28,2.26,-7.40,-33.94,-8.33,1
O,2022-11-13 11:53:58.933621,-0.02,0.95,-0.26,1.83,1.40,2.38,-7.40,-33.94,-8.33,1
O,2022-11-13 11:53:58.933791,-0.02,0.94,-0.26,1.77,1.28,2.26,-7.91,-33.97,-8.23,1
O,2022-11-13 11:53:58.933943,-0.02,0.95,-0.25,2.01,1.34,2.32,-7.91,-33.97,-8.23,1
O,2022-11-13 11:53:58.934100,-0.02,0.95,-0.26,1.89,1.28,2.38,-7.91,-33.97,-8.23,1
O,2022-11-13 11:53:58.934253,-0.02,0.95,-0.26,1.77,1.22,2.38,-7.47,-33.89,-7.74,1
O,2022-11-13 11:53:58.934414,-0.02,0.95,-0.26,1.83,1.28,2.38,-7.47,-33.89,-7.74,1
O,2022-11-13 11:53:58.934566,-0.02,0.95,-0.26,1.77,1.16,2.38,-7.10,-34.11,-7.63,1
O,2022-11-13 11:53:58.934719,-0.02,0.95,-0.25,1.83,1.28,2.32,-7.10,-34.11,-7.63,1
O,2022-11-13 11:53:58.934878,-0.02,0.95,-0.25,1.71,1.34,2.32,-7.10,-34.11,-7.63,1
O,2022-11-13 11:53:58.935031,-0.02,0.95,-0.26,1.83,1.34,2.50,-7.29,-33.67,-8.00,1
O,2022-11-13 11:53:58.935189,-0.02,0.95,-0.25,1.65,1.34,2.32,-7.29,-33.67,-8.00,1
O,2022-11-13 11:53:58.935358,-0.02,0.95,-0.26,1.77,1.34,2.38,-7.29,-33.67,-8.00,1
O,2022-11-13 11:53:58.935519,-0.02,0.95,-0.26,1.77,1.28,2.26,-7.30,-33.97,-7.73,1
O,2022-11-13 11:53:58.935672,-0.02,0.95,-0.26,1.65,1.22,2.32,-7.30,-33.97,-7.73,1
O,2022-11-13 11:53:58.935824,-0.02,0.95,-0.26,1.71,1.34,2.38,-7.30,-33.97,-7.73,1
O,2022-11-13 11:53:58.935988,-0.02,0.95,-0.26,1.77,1.16,2.26,-7.58,-33.47,-8.19,1
O,2022-11-13 11:53:58.936139,-0.02,0.95,-0.25,1.83,1.28,2.38,-7.58,-33.47,-8.19,1
O,2022-11-13 11:53:58.936298,-0.02,0.95,-0.26,1.71,1.28,2.38,-6.81,-33.52,-8.72,1
O,2022-11-13 11:53:58.936450,-0.02,0.95,-0.26,1.77,1.34,2.32,-6.81,-33.52,-8.72,1
O,2022-11-13 11:53:58.936603,-0.02,0.95,-0.25,1.65,1.40,2.32,-6.81,-33.52,-8.72,1
O,2022-11-13 11:53:58.936770,-0.02,0.95,-0.26,1.77,1.34,2.32,-7.36,-33.78,-8.18,1
O,2022-11-13 11:53:58.936922,-0.02,0.95,-0.25,1.65,1.40,2.38,-7.36,-33.78,-8.18,1
O,2022-11-13 11:53:58.937086,-0.02,0.95,-0.26,1.83,1.22,2.38,-7.36,-33.78,-8.18,1
O,2022-11-13 11:53:58.937238,-0.02,0.95,-0.26,1.59,1.28,2.44,-7.31,-33.81,-7.17,1
O,2022-11-13 11:53:58.937389,-0.02,0.95,-0.26,1.89,1.40,2.26,-7.31,-33.81,-7.17,1
O,2022-11-13 11:53:58.937550,-0.02,0.95,-0.25,1.83,1.28,2.32,-7.31,-33.81,-7.17,1
O,2022-11-13 11:53:58.937700,-0.02,0.95,-0.25,1.77,1.28,2.26,-6.70,-33.78,-7.60,1
O,2022-11-13 11:53:58.937861,-0.02,0.95,-0.25,1.83,1.34,2.44,-6.70,-33.78,-7.60,1
O,2022-11-13 11:53:58.938016,-0.02,0.95,-0.26,1.95,1.34,2.32,-7.47,-33.65,-7.87,1
O,2022-11-13 11:53:58.938175,-0.02,0.95,-0.25,1.77,1.28,2.20,-7.47,-33.65,-7.87,1
O,2022-11-13 11:53:58.938329,-0.02,0.95,-0.26,1.89,1.28,2.38,-7.47,-33.65,-7.87,1
O,2022-11-13 11:53:58.938481,-0.02,0.95,-0.25,1.89,1.53,2.38,-7.48,-34.28,-8.73,1
O,2022-11-13 11:53:58.938649,-0.02,0.95,-0.26,1.95,1.22,2.44,-7.48,-34.28,-8.73,1
O,2022-11-13 11:53:58.938801,-0.02,0.95,-0.25,1.89,1.40,2.44,-7.48,-34.28,-8.73,1
O,2022-11-13 11:53:58.938965,-0.02,0.95,-0.26,1.71,1.28,2.32,-6.56,-33.90,-7.46,1
O,2022-11-13 11:53:58.939116,-0.02,0.95,-0.26,1.95,1.40,2.32,-6.56,-33.90,-7.46,1
O,2022-11-13 11:53:58.939272,-0.02,0.95,-0.25,1.95,1.40,2.44,-6.56,-33.90,-7.46,1
O,2022-11-13 11:53:58.939436,-0.02,0.95,-0.26,2.01,1.10,2.20,-7.57,-33.73,-7.24,1
O,2022-11-13 11:53:58.939588,-0.02,0.95,-0.25,1.83,1.34,2.44,-7.57,-33.73,-7.24,1
O,2022-11-13 11:53:58.939755,-0.02,0.95,-0.25,1.83,1.22,2.50,-7.24,-34.00,-6.67,1
O,2022-11-13 11:53:58.939908,-0.02,0.95,-0.25,1.65,1.34,2.38,-7.24,-34.00,-6.67,1
O,2022-11-13 11:53:58.940059,-0.02,0.95,-0.26,1.89,1.28,2.38,-7.24,-34.00,-6.67,1
O,2022-11-13 11:53:58.940225,-0.02,0.95,-0.25,1.71,1.28,2.44,-7.34,-33.25,-8.36,1
O,2022-11-13 11:53:58.940376,-0.02,0.95,-0.26,1.83,1.10,2.38,-7.34,-33.25,-8.36,1
O,2022-11-13 11:53:58.940540,-0.02,0.95,-0.25,1.95,1.28,2.32,-7.34,-33.25,-8.36,1
O,2022-11-13 11:53:58.940692,-0.02,0.95,-0.26,1.71,1.34,2.44,-6.93,-33.39,-9.00,1
O,2022-11-13 11:53:58.940854,-0.02,0.95,-0.25,1.65,1.34,2.44,-6.93,-33.39,-9.00,1
O,2022-11-13 11:53:58.941006,-0.02,0.95,-0.26,1.83,1.34,2.44,-6.93,-33.39,-9.00,1
O,2022-11-13 11:53:58.941158,-0.02,0.95,-0.25,1.71,1.28,2.38,-7.17,-33.68,-8.59,1
O,2022-11-13 11:53:58.941315,-0.02,0.95,-0.25,1.89,1.40,2.38,-7.17,-33.68,-8.59,1
O,2022-11-13 11:53:58.941467,-0.02,0.95,-0.25,1.83,1.40,2.32,-6.77,-33.57,-8.91,1
O,2022-11-13 11:53:58.941625,-0.02,0.95,-0.26,1.77,1.10,2.14,-6.77,-33.57,-8.91,1
O,2022-11-13 11:53:58.941782,-0.02,0.95,-0.25,1.71,1.34,2.50,-6.77,-33.57,-8.91,1
O,2022-11-13 11:53:58.941933,-0.02,0.95,-0.26,1.77,1.16,2.44,-7.63,-33.45,-8.52,1
O,2022-11-13 11:53:58.942096,-0.02,0.95,-0.26,1.83,1.16,2.38,-7.63,-33.45,-8.52,1
O,2022-11-13 11:53:58.942249,-0.02,0.95,-0.26,1.83,1.10,2.32,-7.63,-33.45,-8.52,1
O,2022-11-13 11:53:58.942448,-0.02,0.94,-0.25,1.59,1.34,2.44,-6.81,-33.51,-8.40,1
O,2022-11-13 11:53:58.942603,-0.02,0.95,-0.25,1.89,1.28,2.38,-6.81,-33.51,-8.40,1
O,2022-11-13 11:53:58.942760,-0.02,0.95,-0.26,1.83,1.22,2.44,-6.81,-33.51,-8.40,1
O,2022-11-13 11:53:58.942913,-0.02,0.95,-0.25,1.59,1.34,2.38,-7.08,-34.27,-7.98,1
O,2022-11-13 11:53:58.943073,-0.02,0.95,-0.25,1.77,1.40,2.50,-7.08,-34.27,-7.98,1
O,2022-11-13 11:53:58.943240,-0.02,0.95,-0.25,1.83,1.34,2.50,-7.57,-33.51,-9.00,1
O,2022-11-13 11:53:58.943391,-0.02,0.95,-0.26,2.01,1.28,2.38,-7.57,-33.51,-9.00,1
O,2022-11-13 11:53:58.943551,-0.02,0.95,-0.26,1.83,1.40,2.38,-7.57,-33.51,-9.00,1
O,2022-11-13 11:53:58.943710,-0.02,0.95,-0.25,1.71,1.34,2.44,-6.71,-34.03,-9.12,1
O,2022-11-13 11:53:58.943859,-0.02,0.95,-0.25,1.77,1.40,2.44,-6.71,-34.03,-9.12,1
O,2022-11-13 11:53:58.944021,-0.02,0.95,-0.25,1.71,1.34,2.38,-6.71,-34.03,-9.12,1
O,2022-11-13 11:53:58.944171,-0.02,0.95,-0.25,1.59,1.28,2.38,-6.77,-34.11,-8.06,1
O,2022-11-13 11:53:58.944340,-0.02,0.95,-0.25,1.65,1.40,2.26,-6.77,-34.11,-8.06,1
O,2022-11-13 11:53:58.944496,-0.02,0.95,-0.26,1.77,1.46,2.44,-6.77,-34.11,-8.06,1
O,2022-11-13 11:53:58.944675,-0.02,0.95,-0.25,1.65,1.28,2.38,-7.41,-33.84,-8.45,1
O,2022-11-13 11:53:58.944851,-0.02,0.95,-0.25,1.77,1.22,2.20,-7.41,-33.84,-8.45,1
O,2022-11-13 11:53:58.945020,-0.02,0.95,-0.25,1.71,1.34,2.44,-6.77,-33.57,-9.34,1
O,2022-11-13 11:53:58.945198,-0.02,0.95,-0.25,1.65,1.46,2.32,-6.77,-33.57,-9.34,1
O,2022-11-13 11:53:58.945358,-0.02,0.95,-0.25,1.71,1.28,2.26,-6.77,-33.57,-9.34,1
O,2022-11-13 11:53:58.945521,-0.02,0.95,-0.25,1.71,1.28,2.44,-7.34,-33.36,-8.03,1
O,2022-11-13 11:53:58.945689,-0.02,0.95,-0.25,1.65,1.40,2.38,-7.34,-33.36,-8.03,1
O,2022-11-13 11:53:58.945846,-0.02,0.95,-0.25,1.65,1.28,2.14,-7.34,-33.36,-8.03,1
O,2022-11-13 11:53:58.946030,-0.02,0.95,-0.25,1.59,1.28,2.38,-7.04,-33.08,-8.59,1
O,2022-11-13 11:53:58.946195,-0.02,0.95,-0.25,1.71,1.34,2.38,-7.04,-33.08,-8.59,1
O,2022-11-13 11:53:58.946372,-0.02,0.95,-0.25,1.65,1.34,2.32,-7.04,-33.08,-8.59,1
O,2022-11-13 11:53:58.946532,-0.02,0.95,-0.25,1.65,1.34,2.44,-7.10,-34.03,-8.46,1
O,2022-11-13 11:53:58.946699,-0.02,0.95,-0.25,1.77,1.28,2.38,-7.10,-34.03,-8.46,1
O,2022-11-13 11:53:58.946876,-0.02,0.95,-0.25,1.83,1.22,2.32,-6.85,-33.98,-8.35,1
O,2022-11-13 11:53:58.947036,-0.02,0.95,-0.25,2.14,1.22,2.32,-6.85,-33.98,-8.35,1
O,2022-11-13 11:53:58.947205,-0.02,0.95,-0.25,1.83,1.34,2.32,-6.85,-33.98,-8.35,1
O,2022-11-13 11:53:58.947374,-0.02,0.95,-0.25,1.77,1.28,2.32,-6.87,-33.59,-8.73,1
O,2022-11-13 11:53:58.947536,-0.02,0.95,-0.25,1.65,1.28,2.38,-6.87,-33.59,-8.73,1
O,2022-11-13 11:53:58.947704,-0.02,0.95,-0.25,2.08,1.04,2.26,-6.87,-33.59,-8.73,1
O,2022-11-13 11:53:58.947864,-0.02,0.95,-0.25,1.65,1.22,2.26,-7.32,-33.31,-7.81,1
O,2022-11-13 11:53:58.948036,-0.02,0.95,-0.25,1.95,1.28,2.50,-7.32,-33.31,-7.81,1
O,2022-11-13 11:53:58.948203,-0.02,0.95,-0.25,1.65,1.46,2.38,-7.32,-33.31,-7.81,1
O,2022-11-13 11:53:58.948357,-0.02,0.95,-0.25,1.59,1.16,2.32,-7.21,-33.83,-8.44,1
O,2022-11-13 11:53:58.948527,-0.02,0.95,-0.25,1.65,1.34,2.44,-7.21,-33.83,-8.44,1
O,2022-11-13 11:53:58.948690,-0.02,0.95,-0.26,1.77,1.34,2.26,-7.37,-33.46,-7.92,1
O,2022-11-13 11:53:58.948854,-0.02,0.95,-0.25,1.77,1.40,2.32,-7.37,-33.46,-7.92,1
O,2022-11-13 11:53:58.949027,-0.02,0.95,-0.25,1.71,1.28,2.38,-7.37,-33.46,-7.92,1
O,2022-11-13 11:53:58.949202,-0.02,0.95,-0.25,1.83,1.34,2.32,-7.65,-33.41,-7.78,1
O,2022-11-13 11:53:58.949368,-0.02,0.95,-0.25,1.89,1.28,2.50,-7.65,-33.41,-7.78,1
O,2022-11-13 11:53:58.949523,-0.02,0.95,-0.25,1.77,1.28,2.38,-7.65,-33.41,-7.78,1
O,2022-11-13 11:53:58.949686,-0.02,0.95,-0.25,1.53,1.28,2.38,-7.65,-34.14,-8.44,1
O,2022-11-13 11:53:58.949841,-0.02,0.95,-0.25,1.65,1.28,2.44,-7.65,-34.14,-8.44,1
O,2022-11-13 11:53:58.950011,-0.02,0.95,-0.25,1.89,1.22,2.26,-7.65,-34.14,-8.44,1
O,2022-11-13 11:53:58.950170,-0.02,0.95,-0.25,1.71,1.10,2.38,-7.19,-33.52,-8.20,1
O,2022-11-13 11:53:58.950334,-0.02,0.95,-0.25,1.71,1.28,2.26,-7.19,-33.52,-8.20,1
O,2022-11-13 11:53:58.950495,-0.02,0.95,-0.25,1.71,1.40,2.38,-7.57,-34.40,-8.61,1
O,2022-11-13 11:53:58.950646,-0.02,0.95,-0.25,1.71,1.28,2.38,-7.57,-34.40,-8.61,1
O,2022-11-13 11:53:58.950809,-0.02,0.95,-0.25,1.71,1.40,2.26,-7.57,-34.40,-8.61,1
O,2022-11-13 11:53:58.950959,-0.02,0.95,-0.25,1.59,1.28,2.20,-7.25,-33.51,-9.03,1
O,2022-11-13 11:53:58.951111,-0.02,0.95,-0.25,1.77,1.28,2.26,-7.25,-33.51,-9.03,1
O,2022-11-13 11:53:58.951276,-0.02,0.95,-0.25,1.77,1.16,2.32,-7.25,-33.51,-9.03,1
O,2022-11-13 11:53:58.951429,-0.02,0.95,-0.25,1.65,1.34,2.14,-6.87,-33.78,-7.50,1
O,2022-11-13 11:53:58.951595,-0.02,0.95,-0.25,1.83,1.40,2.50,-6.87,-33.78,-7.50,1
O,2022-11-13 11:53:58.951748,-0.02,0.95,-0.25,1.77,1.22,2.26,-6.87,-33.78,-7.50,1
O,2022-11-13 11:53:58.951907,-0.02,0.95,-0.25,1.65,1.40,2.26,-6.98,-34.08,-8.53,1
O,2022-11-13 11:53:58.952059,-0.02,0.95,-0.25,1.77,1.34,2.50,-6.98,-34.08,-8.53,1
O,2022-11-13 11:53:58.952212,-0.02,0.95,-0.25,1.83,1.40,2.50,-7.23,-33.41,-9.63,1
O,2022-11-13 11:53:58.952368,-0.02,0.95,-0.25,1.71,1.53,2.20,-7.23,-33.41,-9.63,1
O,2022-11-13 11:53:58.952522,-0.02,0.95,-0.25,1.65,1.34,2.38,-7.23,-33.41,-9.63,1
O,2022-11-13 11:53:58.952685,-0.02,0.95,-0.25,1.77,1.22,2.32,-7.75,-33.65,-8.50,1
O,2022-11-13 11:53:58.952836,-0.02,0.95,-0.25,1.77,1.34,2.44,-7.75,-33.65,-8.50,1
O,2022-11-13 11:53:58.952986,-0.02,0.95,-0.25,1.77,1.40,2.32,-7.75,-33.65,-8.50,1
O,2022-11-13 11:53:58.953152,-0.02,0.95,-0.25,1.53,1.34,2.32,-7.25,-33.74,-7.73,1
O,2022-11-13 11:53:58.953302,-0.02,0.95,-0.25,1.77,1.22,2.08,-7.25,-33.74,-7.73,1
O,2022-11-13 11:53:58.953463,-0.02,0.95,-0.25,1.65,1.34,2.26,-7.25,-33.74,-7.73,1
O,2022-11-13 11:53:58.953616,-0.02,0.95,-0.25,1.71,1.22,2.32,-7.65,-34.18,-7.79,1
O,2022-11-13 11:53:58.953767,-0.02,0.95,-0.25,1.71,1.46,2.26,-7.65,-34.18,-7.79,1
O,2022-11-13 11:53:58.953929,-0.02,0.95,-0.25,1.89,1.46,2.44,-7.04,-33.70,-8.23,1
O,2022-11-13 11:53:58.954088,-0.02,0.95,-0.25,1.83,1.22,2.38,-7.04,-33.70,-8.23,1
O,2022-11-13 11:53:58.954250,-0.02,0.95,-0.25,1.89,1.34,2.44,-7.04,-33.70,-8.23,1
O,2022-11-13 11:53:58.954401,-0.02,0.95,-0.25,1.77,1.16,2.38,-7.21,-33.52,-7.87,1
O,2022-11-13 11:53:58.954557,-0.02,0.95,-0.25,1.53,1.34,2.44,-7.21,-33.52,-7.87,1
O,2022-11-13 11:53:58.954709,-0.02,0.95,-0.25,1.83,1.28,2.44,-7.21,-33.52,-7.87,1
O,2022-11-13 11:53:58.954861,-0.02,0.95,-0.25,1.77,1.28,2.44,-7.32,-33.48,-7.42,1
O,2022-11-13 11:53:58.955024,-0.02,0.95,-0.25,1.83,1.34,2.38,-7.32,-33.48,-7.42,1
O,2022-11-13 11:53:58.955175,-0.02,0.95,-0.25,1.65,1.53,2.32,-7.32,-33.48,-7.42,1
O,2022-11-13 11:53:58.955336,-0.02,0.95,-0.25,1.71,1.22,2.38,-7.54,-33.85,-7.46,1
O,2022-11-13 11:53:58.955489,-0.02,0.95,-0.25,1.71,1.22,2.32,-7.54,-33.85,-7.46,1
O,2022-11-13 11:53:58.955642,-0.02,0.95,-0.25,1.71,1.22,2.38,-7.29,-34.07,-8.74,1
O,2022-11-13 11:53:58.955800,-0.02,0.95,-0.25,1.71,1.28,2.32,-7.29,-34.07,-8.74,1
O,2022-11-13 11:53:58.955952,-0.02,0.95,-0.25,1.77,1.16,2.38,-7.29,-34.07,-8.74,1
O,2022-11-13 11:53:58.956113,-0.02,0.95,-0.25,1.59,1.40,2.26,-7.35,-34.02,-9.13,1
O,2022-11-13 11:53:58.956266,-0.02,0.95,-0.25,1.71,1.40,2.44,-7.35,-34.02,-9.13,1
O,2022-11-13 11:53:58.956423,-0.02,0.95,-0.25,1.65,1.28,2.26,-7.35,-34.02,-9.13,1
O,2022-11-13 11:53:58.956590,-0.02,0.95,-0.25,1.71,1.22,2.38,-7.47,-34.00,-7.64,1
O,2022-11-13 11:53:58.956742,-0.02,0.95,-0.25,1.89,1.40,2.38,-7.47,-34.00,-7.64,1
O,2022-11-13 11:53:58.956904,-0.02,0.95,-0.25,1.77,1.22,2.26,-7.47,-34.00,-7.64,1
O,2022-11-13 11:53:58.957053,-0.02,0.95,-0.25,1.59,1.40,2.26,-7.13,-33.84,-8.07,1
O,2022-11-13 11:53:58.957203,-0.02,0.95,-0.25,1.83,1.10,2.38,-7.13,-33.84,-8.07,1
O,2022-11-13 11:53:58.957361,-0.02,0.95,-0.25,1.89,1.28,2.32,-6.75,-33.89,-8.01,1
O,2022-11-13 11:53:58.957514,-0.02,0.95,-0.25,1.59,1.34,2.38,-6.75,-33.89,-8.01,1
O,2022-11-13 11:53:58.957670,-0.02,0.95,-0.25,1.65,1.40,2.44,-6.75,-33.89,-8.01,1
O,2022-11-13 11:53:58.957820,-0.02,0.95,-0.25,1.71,1.22,2.38,-7.40,-34.00,-9.16,1
O,2022-11-13 11:53:58.957983,-0.02,0.95,-0.25,1.83,1.40,2.56,-7.40,-34.00,-9.16,1
O,2022-11-13 11:53:58.958136,-0.02,0.95,-0.25,1.65,1.16,2.38,-7.40,-34.00,-9.16,1
O,2022-11-13 11:53:58.958323,-0.02,0.95,-0.25,1.59,1.10,2.14,-7.19,-33.98,-8.35,1
O,2022-11-13 11:53:58.958482,-0.02,0.95,-0.25,1.77,1.34,2.38,-7.19,-33.98,-8.35,1
O,2022-11-13 11:53:58.958634,-0.02,0.95,-0.25,1.77,1.34,2.44,-7.19,-33.98,-8.35,1
O,2022-11-13 11:53:58.958799,-0.02,0.95,-0.25,1.59,1.22,2.32,-7.59,-33.75,-8.87,1
O,2022-11-13 11:53:58.958951,-0.02,0.95,-0.25,1.71,1.28,2.32,-7.59,-33.75,-8.87,1
O,2022-11-13 11:53:58.959105,-0.02,0.95,-0.25,1.77,1.16,2.20,-6.08,-33.47,-8.42,1
O,2022-11-13 11:53:58.959265,-0.02,0.95,-0.25,1.77,1.28,2.32,-6.08,-33.47,-8.42,1
O,2022-11-13 11:53:58.959417,-0.02,0.95,-0.25,1.83,1.34,2.38,-6.08,-33.47,-8.42,1
O,2022-11-13 11:53:58.959581,-0.02,0.95,-0.25,1.83,1.10,2.32,-7.43,-34.22,-9.20,1
O,2022-11-13 11:53:58.959733,-0.02,0.95,-0.25,1.77,1.40,2.32,-7.43,-34.22,-9.20,1
O,2022-11-13 11:53:58.959891,-0.02,0.95,-0.25,1.71,1.22,2.32,-7.43,-34.22,-9.20,1
O,2022-11-13 11:53:58.960042,-0.02,0.95,-0.25,1.53,1.40,2.20,-7.29,-33.58,-8.20,1
O,2022-11-13 11:53:58.960194,-0.02,0.95,-0.25,1.83,1.28,2.38,-7.29,-33.58,-8.20,1
O,2022-11-13 11:53:58.960358,-0.02,0.95,-0.25,1.89,1.34,2.38,-7.29,-33.58,-8.20,1
O,2022-11-13 11:53:58.960511,-0.02,0.95,-0.25,1.77,1.28,2.38,-7.70,-33.54,-7.67,1
O,2022-11-13 11:53:58.960672,-0.02,0.95,-0.25,1.83,1.40,2.50,-7.70,-33.54,-7.67,1
O,2022-11-13 11:53:58.960824,-0.02,0.95,-0.25,1.77,1.28,2.32,-7.46,-34.53,-8.39,1
O,2022-11-13 11:53:58.960979,-0.02,0.95,-0.25,1.71,1.34,2.32,-7.46,-34.53,-8.39,1
O,2022-11-13 11:53:58.961142,-0.02,0.95,-0.25,1.77,1.28,2.32,-7.46,-34.53,-8.39,1
O,2022-11-13 11:53:58.961296,-0.02,0.95,-0.25,1.71,1.34,2.26,-7.14,-33.92,-8.18,1
O,2022-11-13 11:53:58.961458,-0.02,0.95,-0.25,1.89,1.40,2.50,-7.14,-33.92,-8.18,1
O,2022-11-13 11:53:58.961608,-0.02,0.95,-0.25,1.89,1.34,2.38,-7.14,-33.92,-8.18,1
O,2022-11-13 11:53:58.961759,-0.02,0.95,-0.25,1.53,1.40,2.20,-6.86,-34.00,-7.90,1
O,2022-11-13 11:53:58.961916,-0.02,0.95,-0.25,1.65,1.22,2.38,-6.86,-34.00,-7.90,1
O,2022-11-13 11:53:58.962066,-0.02,0.95,-0.25,1.71,1.46,2.44,-6.86,-34.00,-7.90,1
O,2022-11-13 11:53:58.962227,-0.02,0.95,-0.25,1.71,1.22,2.20,-6.70,-34.20,-8.94,1
O,2022-11-13 11:53:58.962398,-0.02,0.95,-0.25,1.89,1.34,2.26,-6.70,-34.20,-8.94,1
O,2022-11-13 11:53:58.962552,-0.02,0.95,-0.25,1.83,1.34,2.32,-7.62,-33.92,-7.56,1
O,2022-11-13 11:53:58.962710,-0.02,0.95,-0.25,1.83,1.46,2.38,-7.62,-33.92,-7.56,1
O,2022-11-13 11:53:58.962861,-0.02,0.95,-0.25,1.59,1.53,2.38,-7.62,-33.92,-7.56,1
O,2022-11-13 11:53:58.963029,-0.02,0.95,-0.25,1.83,1.40,2.32,-7.40,-33.69,-9.35,1
O,2022-11-13 11:53:58.963179,-0.02,0.95,-0.25,1.71,1.28,2.32,-7.40,-33.69,-9.35,1
O,2022-11-13 11:53:58.963353,-0.02,0.95,-0.25,1.83,1.40,2.32,-7.40,-33.69,-9.35,1
O,2022-11-13 11:53:58.963526,-0.02,0.95,-0.25,1.71,1.22,2.32,-7.90,-33.92,-7.91,1
O,2022-11-13 11:53:58.963695,-0.02,0.95,-0.25,1.77,1.40,2.32,-7.90,-33.92,-7.91,1
O,2022-11-13 11:53:58.963869,-0.02,0.95,-0.25,1.77,1.46,2.32,-7.90,-33.92,-7.91,1
O,2022-11-13 11:53:58.964028,-0.02,0.95,-0.25,1.77,1.34,2.38,-7.56,-34.39,-8.20,1
O,2022-11-13 11:53:58.964195,-0.02,0.95,-0.25,1.71,1.34,2.50,-7.56,-34.39,-8.20,1
O,2022-11-13 11:53:58.964356,-0.02,0.95,-0.25,1.89,1.28,2.44,-6.97,-34.23,-8.44,1
O,2022-11-13 11:53:58.964525,-0.02,0.95,-0.25,1.71,1.16,2.32,-6.97,-34.23,-8.44,1
O,2022-11-13 11:53:58.964696,-0.02,0.95,-0.25,1.77,1.34,2.56,-6.97,-34.23,-8.44,1
O,2022-11-13 11:53:58.964858,-0.02,0.95,-0.25,1.65,1.34,2.20,-7.42,-33.83,-8.52,1
O,2022-11-13 11:53:58.965022,-0.02,0.95,-0.25,1.83,1.46,2.50,-7.42,-33.83,-8.52,1
O,2022-11-13 11:53:58.965180,-0.02,0.95,-0.25,1.83,1.28,2.26,-7.42,-33.83,-8.52,1
O,2022-11-13 11:53:58.965339,-0.02,0.95,-0.25,1.77,1.28,2.20,-7.29,-33.35,-8.06,1
O,2022-11-13 11:53:58.965503,-0.02,0.95,-0.25,1.83,1.28,2.38,-7.29,-33.35,-8.06,1
O,2022-11-13 11:53:58.965670,-0.02,0.95,-0.25,1.83,1.28,2.38,-7.29,-33.35,-8.06,1
O,2022-11-13 11:53:58.965833,-0.02,0.95,-0.25,1.71,1.40,2.44,-7.32,-33.67,-8.29,1
O,2022-11-13 11:53:58.965993,-0.02,0.95,-0.25,1.77,1.16,2.38,-7.32,-33.67,-8.29,1
O,2022-11-13 11:53:58.966222,-0.02,0.95,-0.25,1.95,1.22,2.26,-7.53,-33.56,-9.44,1
O,2022-11-13 11:53:58.966391,-0.02,0.95,-0.25,1.59,1.40,2.26,-7.53,-33.56,-9.44,1
O,2022-11-13 11:53:58.966553,-0.02,0.95,-0.25,1.77,1.46,2.38,-7.53,-33.56,-9.44,1
O,2022-11-13 11:53:58.966734,-0.02,0.95,-0.25,1.71,1.22,2.20,-7.17,-34.05,-8.01,1
O,2022-11-13 11:53:58.966907,-0.02,0.95,-0.25,1.71,1.46,2.50,-7.17,-34.05,-8.01,1
O,2022-11-13 11:53:58.967076,-0.02,0.95,-0.25,1.77,1.34,2.26,-7.17,-34.05,-8.01,1
O,2022-11-13 11:53:58.967247,-0.02,0.95,-0.25,1.71,1.28,2.44,-7.17,-33.97,-7.78,1
O,2022-11-13 11:53:58.967422,-0.02,0.95,-0.25,1.89,1.22,2.38,-7.17,-33.97,-7.78,1
O,2022-11-13 11:53:58.967592,-0.02,0.95,-0.25,1.95,1.34,2.32,-7.17,-33.97,-7.78,1
O,2022-11-13 11:53:58.967749,-0.02,0.95,-0.25,1.46,1.10,2.08,-7.41,-33.62,-8.24,1
O,2022-11-13 11:53:58.967912,-0.02,0.95,-0.25,1.83,1.22,2.26,-7.41,-33.62,-8.24,1
O,2022-11-13 11:53:58.968077,-0.02,0.95,-0.25,1.71,1.28,2.32,-7.79,-33.81,-8.24,1
O,2022-11-13 11:53:58.968231,-0.02,0.95,-0.25,1.89,1.28,2.38,-7.79,-33.81,-8.24,1
O,2022-11-13 11:53:58.968388,-0.02,0.95,-0.25,1.83,1.28,2.32,-7.79,-33.81,-8.24,1
O,2022-11-13 11:53:58.968542,-0.02,0.95,-0.25,1.77,1.10,2.20,-7.24,-33.51,-7.79,1
O,2022-11-13 11:53:58.968700,-0.02,0.95,-0.25,1.77,1.28,2.32,-7.24,-33.51,-7.79,1
O,2022-11-13 11:53:58.968857,-0.02,0.95,-0.25,1.53,1.40,2.44,-7.24,-33.51,-7.79,1
O,2022-11-13 11:53:58.969018,-0.02,0.95,-0.25,1.71,1.34,2.44,-7.65,-34.06,-7.86,1
O,2022-11-13 11:53:58.969168,-0.02,0.95,-0.25,1.53,1.34,2.38,-7.65,-34.06,-7.86,1
O,2022-11-13 11:53:58.969319,-0.02,0.95,-0.25,1.89,1.28,2.44,-7.65,-34.06,-7.86,1
O,2022-11-13 11:53:58.969477,-0.02,0.95,-0.25,1.46,1.22,2.08,-7.58,-33.42,-7.43,1
O,2022-11-13 11:53:58.969628,-0.02,0.95,-0.25,1.53,1.28,2.38,-7.58,-33.42,-7.43,1
O,2022-11-13 11:53:58.969788,-0.02,0.95,-0.25,1.89,1.34,2.26,-7.75,-34.30,-8.57,1
O,2022-11-13 11:53:58.969938,-0.02,0.95,-0.25,1.77,1.40,2.50,-7.75,-34.30,-8.57,1
O,2022-11-13 11:53:58.970089,-0.02,0.95,-0.25,1.95,0.98,2.62,-7.75,-34.30,-8.57,1
O,2022-11-13 11:53:58.970248,-0.02,0.95,-0.25,1.71,1.40,2.44,-7.68,-33.79,-8.86,1
O,2022-11-13 11:53:58.970401,-0.02,0.95,-0.25,1.71,1.40,2.20,-7.68,-33.79,-8.86,1
O,2022-11-13 11:53:58.970573,-0.02,0.94,-0.25,1.65,1.40,2.62,-7.68,-33.79,-8.86,1
O,2022-11-13 11:53:58.970722,-0.02,0.95,-0.25,1.71,1.28,2.32,-7.57,-34.44,-8.13,1
O,2022-11-13 11:53:58.970884,-0.02,0.95,-0.25,1.71,1.53,2.44,-7.57,-34.44,-8.13,1
O,2022-11-13 11:53:58.971035,-0.02,0.95,-0.25,1.77,1.28,2.50,-7.57,-34.44,-8.13,1
O,2022-11-13 11:53:58.971189,-0.02,0.95,-0.25,1.53,1.40,2.26,-7.42,-34.22,-7.36,1
O,2022-11-13 11:53:58.971344,-0.02,0.95,-0.25,1.77,1.22,2.38,-7.42,-34.22,-7.36,1
O,2022-11-13 11:53:58.971494,-0.02,0.95,-0.25,1.83,1.40,2.38,-6.92,-33.50,-8.00,1
O,2022-11-13 11:53:58.971656,-0.02,0.95,-0.25,1.65,1.34,2.32,-6.92,-33.50,-8.00,1
O,2022-11-13 11:53:58.971810,-0.02,0.95,-0.25,1.77,1.22,2.26,-6.92,-33.50,-8.00,1
O,2022-11-13 11:53:58.971960,-0.02,0.95,-0.25,1.77,1.22,2.44,-7.56,-33.69,-8.69,1
O,2022-11-13 11:53:58.972116,-0.02,0.95,-0.25,1.89,1.28,2.38,-7.56,-33.69,-8.69,1
O,2022-11-13 11:53:58.972267,-0.02,0.95,-0.25,1.83,1.28,2.32,-7.56,-33.69,-8.69,1
O,2022-11-13 11:53:58.972429,-0.02,0.95,-0.25,1.95,1.04,2.26,-7.67,-33.36,-7.35,1
O,2022-11-13 11:53:58.972580,-0.02,0.95,-0.25,1.65,1.22,2.44,-7.67,-33.36,-7.35,1
O,2022-11-13 11:53:58.972739,-0.02,0.95,-0.25,1.71,1.28,2.44,-7.67,-33.36,-7.35,1
O,2022-11-13 11:53:58.972893,-0.02,0.95,-0.25,1.77,1.28,2.32,-7.56,-33.39,-7.93,1
O,2022-11-13 11:53:58.973044,-0.02,0.95,-0.25,1.89,1.34,2.50,-7.56,-33.39,-7.93,1
O,2022-11-13 11:53:58.973206,-0.02,0.95,-0.25,1.53,1.46,2.38,-7.42,-33.84,-7.80,1
O,2022-11-13 11:53:58.973357,-0.02,0.95,-0.25,1.59,1.34,2.26,-7.42,-33.84,-7.80,1
O,2022-11-13 11:53:58.973532,-0.02,0.95,-0.25,1.89,1.16,2.38,-7.42,-33.84,-7.80,1
O,2022-11-13 11:53:58.973683,-0.02,0.95,-0.25,1.89,1.22,2.32,-7.35,-33.61,-8.52,1
O,2022-11-13 11:53:58.973838,-0.02,0.95,-0.25,1.83,1.53,2.50,-7.35,-33.61,-8.52,1
O,2022-11-13 11:53:58.974027,-0.02,0.95,-0.25,2.01,1.10,2.38,-7.35,-33.61,-8.52,1
O,2022-11-13 11:53:58.974181,-0.02,0.95,-0.25,1.77,1.04,2.20,-7.46,-33.12,-7.87,1
O,2022-11-13 11:53:58.974349,-0.02,0.95,-0.25,1.59,1.34,2.38,-7.46,-33.12,-7.87,1
O,2022-11-13 11:53:58.974501,-0.02,0.95,-0.25,1.83,1.46,2.44,-7.53,-33.59,-8.87,1
O,2022-11-13 11:53:58.974652,-0.02,0.95,-0.25,1.83,1.28,2.50,-7.53,-33.59,-8.87,1
O,2022-11-13 11:53:58.974821,-0.02,0.95,-0.25,1.77,1.46,2.44,-7.53,-33.59,-8.87,1
O,2022-11-13 11:53:58.974973,-0.02,0.95,-0.25,1.71,1.28,2.32,-7.43,-33.51,-8.78,1
O,2022-11-13 11:53:58.975135,-0.02,0.95,-0.25,1.71,1.28,2.32,-7.43,-33.51,-8.78,1
O,2022-11-13 11:53:58.975287,-0.02,0.95,-0.25,2.01,1.10,2.32,-7.43,-33.51,-8.78,1
O,2022-11-13 11:53:58.975437,-0.02,0.95,-0.25,1.71,1.16,2.26,-7.29,-33.79,-9.31,1
O,2022-11-13 11:53:58.975598,-0.02,0.95,-0.25,1.71,1.46,2.38,-7.29,-33.79,-9.31,1
O,2022-11-13 11:53:58.975750,-0.02,0.95,-0.25,1.77,1.22,2.44,-7.29,-33.79,-9.31,1
O,2022-11-13 11:53:58.975913,-0.02,0.95,-0.25,1.89,1.04,2.32,-7.47,-33.57,-8.50,1
O,2022-11-13 11:53:58.976065,-0.02,0.95,-0.25,1.71,1.40,2.32,-7.47,-33.57,-8.50,1
O,2022-11-13 11:53:58.976232,-0.02,0.95,-0.25,1.83,1.28,2.38,-7.34,-33.61,-8.80,1
O,2022-11-13 11:53:58.976385,-0.02,0.95,-0.25,1.77,1.28,2.32,-7.34,-33.61,-8.80,1
O,2022-11-13 11:53:58.976539,-0.02,0.95,-0.25,1.83,1.34,2.32,-7.34,-33.61,-8.80,1
O,2022-11-13 11:53:58.976697,-0.02,0.95,-0.25,1.83,1.28,2.50,-7.32,-33.33,-9.11,1
O,2022-11-13 11:53:58.976848,-0.02,0.95,-0.25,1.83,1.16,2.32,-7.32,-33.33,-9.11,1
O,2022-11-13 11:53:58.977012,-0.02,0.95,-0.25,1.89,1.28,2.38,-7.32,-33.33,-9.11,1
O,2022-11-13 11:53:58.977166,-0.02,0.95,-0.25,1.71,1.22,2.26,-7.29,-33.84,-8.81,1
O,2022-11-13 11:53:58.977316,-0.02,0.95,-0.25,1.83,1.40,2.38,-7.29,-33.84,-8.81,1
O,2022-11-13 11:53:58.977475,-0.02,0.95,-0.25,1.65,1.40,2.20,-7.29,-33.84,-8.81,1
O,2022-11-13 11:53:58.977626,-0.02,0.95,-0.25,1.71,1.28,2.20,-7.48,-33.98,-7.84,1
O,2022-11-13 11:53:58.977787,-0.02,0.95,-0.25,1.71,1.16,2.38,-7.48,-33.98,-7.84,1
O,2022-11-13 11:53:58.977938,-0.02,0.95,-0.25,1.89,1.34,2.44,-7.65,-34.36,-8.00,1
O,2022-11-13 11:53:58.978091,-0.02,0.95,-0.25,1.71,1.28,2.38,-7.65,-34.36,-8.00,1
O,2022-11-13 11:53:58.978251,-0.02,0.95,-0.25,1.77,1.46,2.44,-7.65,-34.36,-8.00,1
O,2022-11-13 11:53:58.978402,-0.02,0.95,-0.25,1.77,1.16,2.20,-7.58,-33.64,-8.45,1
O,2022-11-13 11:53:58.978565,-0.02,0.95,-0.25,1.83,1.34,2.38,-7.58,-33.64,-8.45,1
O,2022-11-13 11:53:58.978717,-0.02,0.95,-0.25,1.71,1.46,2.44,-7.58,-33.64,-8.45,1
O,2022-11-13 11:53:58.978874,-0.02,0.95,-0.25,1.59,1.40,2.38,-7.86,-33.56,-9.22,1
O,2022-11-13 11:53:58.979034,-0.02,0.95,-0.25,1.71,1.28,2.26,-7.86,-33.56,-9.22,1
O,2022-11-13 11:53:58.979188,-0.02,0.95,-0.25,1.77,1.28,2.20,-7.86,-33.56,-9.22,1
O,2022-11-13 11:53:58.979350,-0.02,0.95,-0.25,1.83,1.04,2.38,-8.11,-33.57,-8.17,1
O,2022-11-13 11:53:58.979502,-0.02,0.95,-0.25,1.89,1.40,2.50,-8.11,-33.57,-8.17,1
O,2022-11-13 11:53:58.979661,-0.02,0.95,-0.25,1.95,1.46,2.44,-6.95,-33.42,-8.08,1
O,2022-11-13 11:53:58.979813,-0.02,0.95,-0.25,1.59,1.28,2.14,-6.95,-33.42,-8.08,1
O,2022-11-13 11:53:58.979966,-0.02,0.95,-0.25,1.65,1.22,2.26,-6.95,-33.42,-8.08,1
O,2022-11-13 11:53:58.980128,-0.02,0.95,-0.25,1.59,1.22,2.38,-7.80,-33.85,-7.81,1
O,2022-11-13 11:53:58.980278,-0.02,0.95,-0.25,1.77,1.28,2.44,-7.80,-33.85,-7.81,1
O,2022-11-13 11:53:58.980445,-0.02,0.95,-0.25,1.83,1.34,2.56,-7.80,-33.85,-7.81,1
O,2022-11-13 11:53:58.980596,-0.02,0.95,-0.25,1.65,1.16,2.32,-6.98,-33.26,-8.46,1
O,2022-11-13 11:53:58.980745,-0.02,0.95,-0.25,1.83,1.40,2.38,-6.98,-33.26,-8.46,1
O,2022-11-13 11:53:58.980908,-0.02,0.95,-0.25,1.71,1.16,2.32,-6.98,-33.26,-8.46,1
O,2022-11-13 11:53:58.981060,-0.02,0.95,-0.25,1.89,1.22,2.32,-7.20,-33.84,-8.26,1
O,2022-11-13 11:53:58.981224,-0.02,0.95,-0.25,1.71,1.28,2.32,-7.20,-33.84,-8.26,1
O,2022-11-13 11:53:58.981389,-0.02,0.95,-0.25,1.77,1.34,2.50,-7.20,-33.70,-8.03,1
O,2022-11-13 11:53:58.981561,-0.02,0.95,-0.25,1.59,1.34,2.26,-7.20,-33.70,-8.03,1
O,2022-11-13 11:53:58.981739,-0.02,0.95,-0.25,1.95,1.16,2.38,-7.20,-33.70,-8.03,1
O,2022-11-13 11:53:58.981910,-0.02,0.95,-0.25,1.71,1.22,2.38,-7.78,-33.51,-8.64,1
O,2022-11-13 11:53:58.982090,-0.02,0.95,-0.25,1.77,1.46,2.32,-7.78,-33.51,-8.64,1
O,2022-11-13 11:53:58.982257,-0.02,0.95,-0.25,1.71,1.28,2.56,-7.78,-33.51,-8.64,1
O,2022-11-13 11:53:58.982432,-0.02,0.95,-0.25,1.53,1.34,2.44,-7.12,-33.83,-8.44,1
O,2022-11-13 11:53:58.982612,-0.02,0.95,-0.25,1.77,1.40,2.32,-7.12,-33.83,-8.44,1
O,2022-11-13 11:53:58.982781,-0.02,0.95,-0.25,1.71,1.46,2.32,-7.12,-33.83,-8.44,1
O,2022-11-13 11:53:58.983000,-0.02,0.95,-0.25,1.65,1.34,2.32,-6.93,-34.20,-8.84,1
O,2022-11-13 11:53:58.983156,-0.02,0.95,-0.25,1.59,1.40,2.20,-6.93,-34.20,-8.84,1
O,2022-11-13 11:53:58.983340,-0.02,0.95,-0.25,1.77,1.40,2.26,-7.76,-34.07,-8.01,1
O,2022-11-13 11:53:58.983520,-0.02,0.95,-0.25,1.59,1.28,2.20,-7.76,-34.07,-8.01,1
O,2022-11-13 11:53:58.983693,-0.02,0.95,-0.25,1.83,1.28,2.32,-7.76,-34.07,-8.01,1
O,2022-11-13 11:53:58.983882,-0.02,0.95,-0.25,1.71,1.28,2.38,-7.13,-33.40,-8.01,1
O,2022-11-13 11:53:58.984037,-0.02,0.95,-0.25,1.46,1.34,2.14,-7.13,-33.40,-8.01,1
O,2022-11-13 11:53:58.984197,-0.02,0.95,-0.25,1.83,1.40,2.44,-7.13,-33.40,-8.01,1
O,2022-11-13 11:53:58.984373,-0.02,0.95,-0.25,1.71,1.28,2.26,-7.73,-33.39,-7.86,1
O,2022-11-13 11:53:58.984536,-0.02,0.95,-0.25,1.71,1.34,2.38,-7.73,-33.39,-7.86,1
O,2022-11-13 11:53:58.984721,-0.02,0.95,-0.25,1.77,1.22,2.44,-7.73,-33.39,-7.86,1
O,2022-11-13 11:53:58.984892,-0.02,0.95,-0.25,1.71,1.16,2.44,-7.28,-33.59,-7.75,1
O,2022-11-13 11:53:58.985052,-0.02,0.95,-0.25,1.83,1.34,2.44,-7.28,-33.59,-7.75,1
O,2022-11-13 11:53:58.985205,-0.02,0.95,-0.25,1.71,1.10,2.20,-7.71,-33.84,-7.76,1
O,2022-11-13 11:53:58.985362,-0.02,0.95,-0.25,1.83,1.22,2.38,-7.71,-33.84,-7.76,1
O,2022-11-13 11:53:58.985517,-0.02,0.95,-0.25,1.59,1.16,2.20,-7.71,-33.84,-7.76,1
O,2022-11-13 11:53:58.985691,-0.02,0.95,-0.25,1.89,1.22,2.20,-7.29,-33.68,-7.65,1
O,2022-11-13 11:53:58.985861,-0.02,0.95,-0.25,1.77,1.16,2.20,-7.29,-33.68,-7.65,1
O,2022-11-13 11:53:58.986026,-0.02,0.95,-0.25,1.95,1.16,2.50,-7.29,-33.68,-7.65,1
O,2022-11-13 11:53:58.986212,-0.02,0.95,-0.25,1.71,1.16,2.32,-7.62,-33.98,-8.28,1
O,2022-11-13 11:53:58.986363,-0.02,0.95,-0.25,1.71,1.16,2.38,-7.62,-33.98,-8.28,1
O,2022-11-13 11:53:58.986515,-0.02,0.95,-0.25,1.71,1.16,2.44,-7.62,-33.98,-8.28,1
O,2022-11-13 11:53:58.986678,-0.02,0.95,-0.25,1.46,1.10,2.32,-7.25,-33.76,-8.73,1
O,2022-11-13 11:53:58.986837,-0.02,0.95,-0.25,1.83,1.28,2.38,-7.25,-33.76,-8.73,1
O,2022-11-13 11:53:58.987000,-0.02,0.95,-0.25,1.77,1.16,2.20,-7.86,-33.59,-8.06,1
O,2022-11-13 11:53:58.987152,-0.02,0.95,-0.25,1.65,1.16,2.38,-7.86,-33.59,-8.06,1
O,2022-11-13 11:53:58.987303,-0.02,0.95,-0.25,1.89,1.34,2.56,-7.86,-33.59,-8.06,1
O,2022-11-13 11:53:58.987466,-0.02,0.95,-0.25,1.89,1.22,2.26,-7.64,-33.44,-8.90,1
O,2022-11-13 11:53:58.987618,-0.02,0.95,-0.25,1.65,1.28,2.20,-7.64,-33.44,-8.90,1
O,2022-11-13 11:53:58.987779,-0.02,0.95,-0.25,1.89,1.22,2.44,-7.64,-33.44,-8.90,1
O,2022-11-13 11:53:58.987931,-0.02,0.95,-0.25,1.71,1.28,2.44,-7.75,-33.58,-8.15,1
O,2022-11-13 11:53:58.988091,-0.02,0.95,-0.25,1.77,1.28,2.32,-7.75,-33.58,-8.15,1
O,2022-11-13 11:53:58.988243,-0.02,0.95,-0.25,1.65,1.46,2.38,-7.75,-33.58,-8.15,1
O,2022-11-13 11:53:58.988393,-0.02,0.95,-0.25,1.46,1.34,2.38,-7.17,-33.64,-8.75,1
O,2022-11-13 11:53:58.988556,-0.02,0.95,-0.25,1.83,1.28,2.38,-7.17,-33.64,-8.75,1
O,2022-11-13 11:53:58.988708,-0.01,0.95,-0.25,1.77,1.28,2.44,-7.65,-33.45,-8.04,1
O,2022-11-13 11:53:58.988869,-0.02,0.95,-0.25,1.83,1.40,2.26,-7.65,-33.45,-8.04,1
O,2022-11-13 11:53:58.989023,-0.02,0.95,-0.25,1.83,1.46,2.44,-7.65,-33.45,-8.04,1
O,2022-11-13 11:53:58.989175,-0.02,0.95,-0.25,1.77,1.40,2.38,-7.56,-34.09,-8.97,1
O,2022-11-13 11:53:58.989335,-0.02,0.95,-0.25,1.65,1.28,2.38,-7.56,-34.09,-8.97,1
O,2022-11-13 11:53:58.989488,-0.02,0.95,-0.25,1.65,1.34,2.44,-7.56,-34.09,-8.97,1
O,2022-11-13 11:53:58.989649,-0.02,0.95,-0.25,1.59,1.10,2.26,-7.80,-33.30,-7.37,1
O,2022-11-13 11:53:58.989799,-0.02,0.95,-0.25,1.83,1.28,2.56,-7.80,-33.30,-7.37,1
O,2022-11-13 11:53:58.989980,-0.02,0.95,-0.25,1.71,1.22,2.38,-7.80,-33.30,-7.37,1
O,2022-11-13 11:53:58.990141,-0.02,0.95,-0.25,1.65,1.28,2.08,-7.24,-33.79,-7.23,1
O,2022-11-13 11:53:58.990293,-0.02,0.95,-0.25,1.77,1.22,2.38,-7.24,-33.79,-7.23,1
O,2022-11-13 11:53:58.990456,-0.02,0.95,-0.25,1.77,1.16,2.38,-7.65,-34.24,-7.60,1
O,2022-11-13 11:53:58.990607,-0.02,0.95,-0.25,1.71,1.28,2.20,-7.65,-34.24,-7.60,1
O,2022-11-13 11:53:58.990759,-0.02,0.95,-0.25,1.71,1.40,2.32,-7.65,-34.24,-7.60,1
O,2022-11-13 11:53:58.990918,-0.02,0.95,-0.25,1.65,1.28,2.32,-6.71,-33.39,-7.90,1
O,2022-11-13 11:53:58.991070,-0.02,0.95,-0.25,1.83,1.34,2.32,-6.71,-33.39,-7.90,1
O,2022-11-13 11:53:58.991231,-0.02,0.95,-0.25,1.71,1.40,2.32,-6.71,-33.39,-7.90,1
O,2022-11-13 11:53:58.991385,-0.02,0.95,-0.25,1.53,1.28,2.44,-7.42,-33.31,-9.29,1
O,2022-11-13 11:53:58.991539,-0.02,0.95,-0.25,1.89,1.40,2.44,-7.42,-33.31,-9.29,1
O,2022-11-13 11:53:58.991694,-0.02,0.95,-0.25,1.83,1.34,2.38,-7.42,-33.31,-9.29,1
O,2022-11-13 11:53:58.991846,-0.02,0.95,-0.25,1.59,1.28,2.44,-7.40,-34.13,-8.34,1
O,2022-11-13 11:53:58.992006,-0.02,0.95,-0.25,1.77,1.34,2.56,-7.40,-34.13,-8.34,1
O,2022-11-13 11:53:58.992158,-0.02,0.95,-0.25,1.71,1.53,2.38,-7.81,-34.45,-7.78,1
O,2022-11-13 11:53:58.992320,-0.02,0.95,-0.25,1.59,1.22,2.26,-7.81,-34.45,-7.78,1
O,2022-11-13 11:53:58.992472,-0.02,0.95,-0.25,1.83,1.28,2.50,-7.81,-34.45,-7.78,1
O,2022-11-13 11:53:58.992625,-0.02,0.95,-0.25,1.65,1.28,2.26,-7.37,-33.97,-8.28,1
O,2022-11-13 11:53:58.992791,-0.02,0.95,-0.25,1.83,1.34,2.44,-7.37,-33.97,-8.28,1
O,2022-11-13 11:53:58.992946,-0.02,0.95,-0.25,1.83,1.34,2.32,-7.37,-33.97,-8.28,1
O,2022-11-13 11:53:58.993111,-0.02,0.95,-0.25,1.71,1.28,2.26,-6.95,-33.87,-8.51,1
O,2022-11-13 11:53:58.993260,-0.02,0.95,-0.25,1.83,1.22,2.38,-6.95,-33.87,-8.51,1
O,2022-11-13 11:53:58.993410,-0.02,0.95,-0.25,1.71,1.28,2.62,-6.95,-33.87,-8.51,1
O,2022-11-13 11:53:58.993579,-0.02,0.95,-0.25,1.77,1.34,2.38,-7.59,-33.45,-7.74,1
O,2022-11-13 11:53:58.993730,-0.02,0.95,-0.25,1.83,1.22,2.44,-7.59,-33.45,-7.74,1
O,2022-11-13 11:53:58.993891,-0.02,0.95,-0.25,1.77,1.28,2.38,-7.70,-34.06,-7.48,1
O,2022-11-13 11:53:58.994041,-0.02,0.95,-0.25,1.71,1.04,2.38,-7.70,-34.06,-7.48,1
O,2022-11-13 11:53:58.994191,-0.02,0.95,-0.25,1.77,1.40,2.38,-7.70,-34.06,-7.48,1
O,2022-11-13 11:53:58.994352,-0.02,0.95,-0.25,1.83,1.28,2.44,-7.09,-33.94,-8.24,1
O,2022-11-13 11:53:58.994503,-0.02,0.95,-0.25,1.71,1.28,2.32,-7.09,-33.94,-8.24,1
O,2022-11-13 11:53:58.994666,-0.02,0.95,-0.25,1.83,1.22,2.32,-7.09,-33.94,-8.24,1
O,2022-11-13 11:53:58.994816,-0.02,0.95,-0.25,1.83,1.40,2.44,-6.69,-34.09,-8.91,1
O,2022-11-13 11:53:58.994978,-0.02,0.95,-0.25,1.95,1.16,2.32,-6.69,-34.09,-8.91,1
O,2022-11-13 11:53:58.995130,-0.02,0.95,-0.25,1.77,1.34,2.32,-6.69,-34.09,-8.91,1
O,2022-11-13 11:53:58.995282,-0.02,0.95,-0.25,1.71,1.22,2.26,-6.90,-33.72,-8.54,1
O,2022-11-13 11:53:58.995444,-0.02,0.95,-0.25,1.71,1.34,2.38,-6.90,-33.72,-8.54,1
O,2022-11-13 11:53:58.995595,-0.02,0.95,-0.25,1.83,1.22,2.32,-6.92,-33.89,-8.62,1
O,2022-11-13 11:53:58.995753,-0.02,0.95,-0.25,1.65,1.22,2.50,-6.92,-33.89,-8.62,1
O,2022-11-13 11:53:58.995905,-0.02,0.95,-0.25,1.65,1.46,2.50,-6.92,-33.89,-8.62,1
O,2022-11-13 11:53:58.996057,-0.02,0.95,-0.25,1.77,1.22,2.50,-6.84,-33.85,-9.27,1
O,2022-11-13 11:53:58.996216,-0.02,0.95,-0.25,1.71,1.28,2.44,-6.84,-33.85,-9.27,1
O,2022-11-13 11:53:58.996368,-0.02,0.95,-0.25,1.71,1.40,2.38,-6.84,-33.85,-9.27,1
O,2022-11-13 11:53:58.996532,-0.02,0.95,-0.25,1.83,1.34,2.38,-6.58,-34.27,-8.81,1
O,2022-11-13 11:53:58.996684,-0.02,0.95,-0.25,1.71,1.34,2.44,-6.58,-34.27,-8.81,1
O,2022-11-13 11:53:58.996837,-0.02,0.95,-0.25,1.95,1.40,2.32,-6.58,-34.27,-8.81,1
O,2022-11-13 11:53:58.996999,-0.02,0.95,-0.25,1.59,1.10,2.20,-6.67,-33.70,-8.20,1
O,2022-11-13 11:53:58.997151,-0.02,0.95,-0.25,1.65,1.46,2.50,-6.67,-33.70,-8.20,1
O,2022-11-13 11:53:58.997310,-0.02,0.95,-0.25,1.95,1.16,2.38,-6.65,-33.84,-8.35,1
O,2022-11-13 11:53:58.997459,-0.02,0.95,-0.25,1.89,1.46,2.32,-6.65,-33.84,-8.35,1
O,2022-11-13 11:53:58.997611,-0.02,0.95,-0.25,1.77,1.16,2.44,-6.65,-33.84,-8.35,1
O,2022-11-13 11:53:58.997767,-0.02,0.95,-0.25,1.77,1.22,2.44,-6.97,-33.70,-7.79,1
O,2022-11-13 11:53:58.997920,-0.02,0.95,-0.25,2.08,1.34,2.38,-6.97,-33.70,-7.79,1
O,2022-11-13 11:53:58.998090,-0.02,0.95,-0.25,1.65,1.22,2.32,-6.97,-33.70,-7.79,1
O,2022-11-13 11:53:58.998240,-0.02,0.95,-0.25,1.77,1.34,2.44,-6.25,-33.52,-8.39,1
O,2022-11-13 11:53:58.998397,-0.02,0.95,-0.25,1.83,1.22,2.38,-6.25,-33.52,-8.39,1
O,2022-11-13 11:53:58.998550,-0.02,0.95,-0.25,1.77,1.46,2.38,-6.25,-33.52,-8.39,1
O,2022-11-13 11:53:58.998701,-0.02,0.95,-0.25,1.65,1.16,2.26,-7.15,-34.33,-7.57,1
O,2022-11-13 11:53:58.998865,-0.02,0.95,-0.25,1.83,1.22,2.44,-7.15,-34.33,-7.57,1
O,2022-11-13 11:53:58.999014,-0.02,0.95,-0.25,1.89,1.22,2.44,-7.51,-33.73,-8.89,1
O,2022-11-13 11:53:58.999176,-0.02,0.95,-0.25,1.59,1.16,2.44,-7.51,-33.73,-8.89,1
O,2022-11-13 11:53:58.999335,-0.02,0.95,-0.25,1.65,1.40,2.44,-7.51,-33.73,-8.89,1
O,2022-11-13 11:53:58.999500,-0.02,0.95,-0.25,1.65,1.28,2.44,-7.45,-33.51,-8.37,1
O,2022-11-13 11:53:58.999673,-0.02,0.95,-0.25,1.59,1.28,2.38,-7.45,-33.51,-8.37,1
O,2022-11-13 11:53:58.999827,-0.02,0.95,-0.25,1.77,1.46,2.38,-7.45,-33.51,-8.37,1
O,2022-11-13 11:53:58.999989,-0.02,0.95,-0.25,1.53,1.28,2.32,-7.29,-33.68,-8.51,1
O,2022-11-13 11:53:59.000140,-0.02,0.95,-0.25,1.77,1.40,2.56,-7.29,-33.68,-8.51,1
O,2022-11-13 11:53:59.000292,-0.02,0.95,-0.25,1.71,1.40,2.32,-7.29,-33.68,-8.51,1
O,2022-11-13 11:53:59.000534,-0.02,0.95,-0.25,1.59,1.16,2.20,-7.74,-33.96,-8.46,1
O,2022-11-13 11:53:59.000694,-0.02,0.95,-0.25,1.65,1.46,2.38,-7.74,-33.96,-8.46,1
O,2022-11-13 11:53:59.000856,-0.02,0.95,-0.25,1.65,1.28,2.44,-6.69,-33.44,-8.65,1
O,2022-11-13 11:53:59.001008,-0.02,0.95,-0.25,1.77,1.53,2.32,-6.69,-33.44,-8.65,1
O,2022-11-13 11:53:59.001175,-0.02,0.95,-0.25,1.77,1.34,2.38,-6.69,-33.44,-8.65,1
O,2022-11-13 11:53:59.001351,-0.02,0.95,-0.25,1.71,1.28,2.38,-6.71,-34.01,-7.70,1
O,2022-11-13 11:53:59.001504,-0.02,0.95,-0.25,1.77,1.28,2.26,-6.71,-34.01,-7.70,1
O,2022-11-13 11:53:59.001677,-0.02,0.95,-0.25,1.83,1.10,2.38,-6.71,-34.01,-7.70,1
O,2022-11-13 11:53:59.001829,-0.02,0.95,-0.25,1.77,1.22,2.38,-7.62,-34.30,-8.86,1
O,2022-11-13 11:53:59.001984,-0.02,0.95,-0.25,1.65,1.46,2.50,-7.62,-34.30,-8.86,1
O,2022-11-13 11:53:59.002150,-0.02,0.95,-0.25,1.77,1.40,2.50,-7.62,-34.30,-8.86,1
O,2022-11-13 11:53:59.002343,-0.02,0.95,-0.25,1.77,1.22,2.44,-7.32,-33.63,-7.91,1
O,2022-11-13 11:53:59.002528,-0.02,0.95,-0.25,1.77,1.34,2.44,-7.32,-33.63,-7.91,1
O,2022-11-13 11:53:59.002704,-0.02,0.95,-0.25,1.71,1.40,2.32,-7.35,-33.52,-8.19,1
O,2022-11-13 11:53:59.002880,-0.02,0.95,-0.25,1.71,1.22,2.26,-7.35,-33.52,-8.19,1
O,2022-11-13 11:53:59.003038,-0.02,0.95,-0.25,1.65,1.40,2.38,-7.35,-33.52,-8.19,1
O,2022-11-13 11:53:59.003195,-0.02,0.95,-0.25,1.71,1.46,2.32,-7.45,-34.03,-8.47,1
O,2022-11-13 11:53:59.003376,-0.02,0.95,-0.25,1.71,1.34,2.44,-7.45,-34.03,-8.47,1
O,2022-11-13 11:53:59.003556,-0.02,0.95,-0.25,1.71,1.28,2.50,-7.45,-34.03,-8.47,1
O,2022-11-13 11:53:59.003728,-0.02,0.95,-0.25,1.53,1.40,2.38,-6.95,-33.69,-9.09,1
O,2022-11-13 11:53:59.003881,-0.02,0.95,-0.25,1.83,1.34,2.38,-6.95,-33.69,-9.09,1
O,2022-11-13 11:53:59.004049,-0.02,0.95,-0.25,1.89,1.28,2.38,-6.95,-33.69,-9.09,1
O,2022-11-13 11:53:59.004202,-0.02,0.95,-0.25,1.71,1.16,2.14,-7.45,-34.19,-9.27,1
O,2022-11-13 11:53:59.004362,-0.02,0.95,-0.25,1.83,1.53,2.44,-7.45,-34.19,-9.27,1
O,2022-11-13 11:53:59.004530,-0.02,0.95,-0.25,1.83,1.22,2.38,-7.42,-34.29,-8.07,1
O,2022-11-13 11:53:59.004710,-0.02,0.95,-0.25,1.59,1.28,2.32,-7.42,-34.29,-8.07,1
O,2022-11-13 11:53:59.004879,-0.02,0.95,-0.25,1.77,1.34,2.32,-7.42,-34.29,-8.07,1
O,2022-11-13 11:53:59.005049,-0.02,0.95,-0.25,1.53,1.34,2.26,-7.48,-34.02,-8.13,1
O,2022-11-13 11:53:59.005216,-0.02,0.95,-0.25,1.83,1.16,2.26,-7.48,-34.02,-8.13,1
O,2022-11-13 11:53:59.005375,-0.02,0.95,-0.25,1.83,1.22,2.44,-7.48,-34.02,-8.13,1
O,2022-11-13 11:53:59.005526,-0.02,0.95,-0.25,1.89,1.16,2.44,-7.13,-33.64,-7.79,1
O,2022-11-13 11:53:59.005731,-0.02,0.95,-0.25,1.83,1.10,2.38,-7.13,-33.64,-7.79,1
O,2022-11-13 11:53:59.005885,-0.02,0.95,-0.25,1.77,1.40,2.50,-7.13,-33.64,-7.79,1
O,2022-11-13 11:53:59.006043,-0.02,0.95,-0.25,1.83,1.34,2.26,-6.74,-33.67,-8.50,1
O,2022-11-13 11:53:59.006199,-0.02,0.95,-0.25,1.59,1.34,2.38,-6.74,-33.67,-8.50,1
O,2022-11-13 11:53:59.006361,-0.02,0.95,-0.25,1.65,1.34,2.44,-6.87,-34.08,-8.34,1
O,2022-11-13 11:53:59.006520,-0.02,0.95,-0.25,1.53,1.46,2.32,-6.87,-34.08,-8.34,1
O,2022-11-13 11:53:59.006675,-0.02,0.95,-0.25,1.83,1.16,2.44,-6.87,-34.08,-8.34,1
O,2022-11-13 11:53:59.006833,-0.02,0.95,-0.25,1.83,1.10,2.26,-7.51,-33.84,-9.18,1
O,2022-11-13 11:53:59.006986,-0.02,0.95,-0.25,1.71,1.28,2.32,-7.51,-33.84,-9.18,1
O,2022-11-13 11:53:59.007138,-0.02,0.95,-0.25,1.71,1.34,2.50,-7.51,-33.84,-9.18,1
O,2022-11-13 11:53:59.007296,-0.02,0.95,-0.25,1.65,1.40,2.38,-7.29,-33.78,-7.91,1
O,2022-11-13 11:53:59.007449,-0.02,0.95,-0.25,1.89,1.10,2.44,-7.29,-33.78,-7.91,1
O,2022-11-13 11:53:59.007610,-0.02,0.95,-0.25,1.71,1.22,2.32,-7.29,-33.78,-7.91,1
O,2022-11-13 11:53:59.007766,-0.02,0.95,-0.25,1.59,1.16,2.26,-7.37,-33.94,-8.35,1
O,2022-11-13 11:53:59.007917,-0.02,0.95,-0.25,1.83,1.22,2.32,-7.37,-33.94,-8.35,1
O,2022-11-13 11:53:59.008087,-0.02,0.95,-0.25,1.71,1.22,2.38,-7.15,-34.22,-8.94,1
O,2022-11-13 11:53:59.008247,-0.02,0.95,-0.25,1.65,1.34,2.32,-7.15,-34.22,-8.94,1
O,2022-11-13 11:53:59.008408,-0.02,0.95,-0.25,1.77,1.34,2.32,-7.15,-34.22,-8.94,1
O,2022-11-13 11:53:59.008560,-0.02,0.95,-0.25,1.71,1.40,2.32,-7.28,-33.76,-8.44,1
O,2022-11-13 11:53:59.008720,-0.02,0.95,-0.25,1.77,1.10,2.38,-7.28,-33.76,-8.44,1
O,2022-11-13 11:53:59.008885,-0.02,0.95,-0.25,1.59,1.40,2.38,-7.28,-33.76,-8.44,1
O,2022-11-13 11:53:59.009037,-0.02,0.95,-0.25,1.71,1.34,2.26,-7.48,-33.97,-8.31,1
O,2022-11-13 11:53:59.009201,-0.02,0.95,-0.25,1.83,1.28,2.38,-7.48,-33.97,-8.31,1
O,2022-11-13 11:53:59.009354,-0.02,0.95,-0.25,1.77,1.22,2.38,-7.48,-33.97,-8.31,1
O,2022-11-13 11:53:59.009506,-0.02,0.95,-0.25,1.83,0.98,2.08,-7.54,-34.17,-7.71,1
O,2022-11-13 11:53:59.009668,-0.02,0.95,-0.25,1.53,1.16,2.26,-7.54,-34.17,-7.71,1
O,2022-11-13 11:53:59.009821,-0.02,0.95,-0.25,1.83,1.04,2.26,-6.95,-34.79,-9.72,1
O,2022-11-13 11:53:59.009994,-0.02,0.95,-0.25,1.71,1.34,2.32,-6.95,-34.79,-9.72,1
O,2022-11-13 11:53:59.010144,-0.02,0.95,-0.25,1.59,1.22,2.44,-6.95,-34.79,-9.72,1
O,2022-11-13 11:53:59.010309,-0.02,0.95,-0.25,1.65,1.40,2.38,-7.40,-34.07,-9.25,1
O,2022-11-13 11:53:59.010473,-0.02,0.95,-0.25,1.59,1.28,2.26,-7.40,-34.07,-9.25,1
O,2022-11-13 11:53:59.010624,-0.02,0.95,-0.25,1.83,1.28,2.26,-7.40,-34.07,-9.25,1
O,2022-11-13 11:53:59.010795,-0.02,0.95,-0.25,1.59,1.10,2.26,-7.31,-34.14,-7.73,1
O,2022-11-13 11:53:59.010947,-0.02,0.95,-0.25,1.71,1.22,2.20,-7.31,-34.14,-7.73,1
O,2022-11-13 11:53:59.011108,-0.02,0.95,-0.25,1.59,1.40,2.56,-7.31,-34.14,-7.73,1
O,2022-11-13 11:53:59.011259,-0.02,0.95,-0.25,1.77,1.10,2.14,-6.95,-34.14,-7.32,1
O,2022-11-13 11:53:59.011417,-0.02,0.95,-0.25,1.77,1.16,2.38,-6.95,-34.14,-7.32,1
O,2022-11-13 11:53:59.011579,-0.02,0.95,-0.25,1.65,1.34,2.32,-7.31,-34.64,-8.28,1
O,2022-11-13 11:53:59.011730,-0.02,0.95,-0.25,1.71,1.34,2.26,-7.31,-34.64,-8.28,1
O,2022-11-13 11:53:59.011894,-0.02,0.95,-0.25,1.65,1.46,2.38,-7.31,-34.64,-8.28,1
O,2022-11-13 11:53:59.012045,-0.02,0.95,-0.25,1.71,1.34,2.38,-6.71,-33.86,-8.87,1
O,2022-11-13 11:53:59.012198,-0.02,0.95,-0.25,1.65,1.22,2.32,-6.71,-33.86,-8.87,1
O,2022-11-13 11:53:59.012361,-0.02,0.95,-0.25,1.59,1.59,2.38,-6.71,-33.86,-8.87,1
O,2022-11-13 11:53:59.012514,-0.02,0.95,-0.25,1.53,1.16,2.20,-6.32,-33.61,-8.68,1
O,2022-11-13 11:53:59.012678,-0.02,0.95,-0.25,1.71,1.16,2.26,-6.32,-33.61,-8.68,1
O,2022-11-13 11:53:59.012831,-0.02,0.95,-0.25,1.65,1.10,2.44,-6.32,-33.61,-8.68,1
O,2022-11-13 11:53:59.012984,-0.02,0.95,-0.25,1.65,1.10,2.32,-7.20,-33.68,-7.71,1
O,2022-11-13 11:53:59.013149,-0.02,0.95,-0.25,1.83,1.28,2.38,-7.20,-33.68,-7.71,1
O,2022-11-13 11:53:59.013301,-0.02,0.95,-0.25,1.71,1.40,2.38,-6.97,-33.61,-7.37,1
O,2022-11-13 11:53:59.013467,-0.02,0.95,-0.25,1.71,1.28,2.32,-6.97,-33.61,-7.37,1
O,2022-11-13 11:53:59.013620,-0.02,0.95,-0.25,1.65,1.40,2.38,-6.97,-33.61,-7.37,1
O,2022-11-13 11:53:59.013773,-0.02,0.95,-0.25,1.65,1.22,2.32,-6.58,-33.80,-8.78,1
O,2022-11-13 11:53:59.013933,-0.02,0.95,-0.25,1.83,1.28,2.44,-6.58,-33.80,-8.78,1
O,2022-11-13 11:53:59.014091,-0.01,0.95,-0.25,1.83,1.16,2.44,-6.58,-33.80,-8.78,1
O,2022-11-13 11:53:59.014250,-0.02,0.95,-0.25,1.71,1.28,2.38,-7.04,-34.28,-8.63,1
O,2022-11-13 11:53:59.014403,-0.02,0.95,-0.25,1.83,1.28,2.50,-7.04,-34.28,-8.63,1
O,2022-11-13 11:53:59.014561,-0.02,0.95,-0.25,1.71,1.34,2.32,-7.04,-34.28,-8.63,1
O,2022-11-13 11:53:59.014714,-0.02,0.95,-0.25,1.65,1.40,2.38,-7.07,-33.92,-8.52,1
O,2022-11-13 11:53:59.014863,-0.01,0.95,-0.25,1.71,1.28,2.44,-7.07,-33.92,-8.52,1
O,2022-11-13 11:53:59.015029,-0.02,0.95,-0.25,1.83,1.16,2.44,-6.90,-34.25,-8.86,1
O,2022-11-13 11:53:59.015181,-0.02,0.95,-0.25,1.77,1.16,2.26,-6.90,-34.25,-8.86,1
O,2022-11-13 11:53:59.015344,-0.02,0.95,-0.25,1.59,1.22,2.50,-6.90,-34.25,-8.86,1
O,2022-11-13 11:53:59.015497,-0.02,0.95,-0.25,1.83,1.10,2.38,-7.08,-34.08,-8.98,1
O,2022-11-13 11:53:59.015649,-0.02,0.95,-0.25,1.65,1.28,2.56,-7.08,-34.08,-8.98,1
O,2022-11-13 11:53:59.015811,-0.02,0.95,-0.25,1.71,1.22,2.56,-7.08,-34.08,-8.98,1
O,2022-11-13 11:53:59.015965,-0.02,0.95,-0.25,1.65,1.22,2.38,-7.42,-34.02,-8.40,1
O,2022-11-13 11:53:59.016142,-0.02,0.95,-0.25,1.95,1.16,2.38,-7.42,-34.02,-8.40,1
O,2022-11-13 11:53:59.016313,-0.02,0.95,-0.25,1.89,1.22,2.26,-7.42,-34.02,-8.40,1
O,2022-11-13 11:53:59.016489,-0.02,0.95,-0.25,1.77,1.22,2.44,-6.93,-33.97,-9.20,1
O,2022-11-13 11:53:59.016664,-0.02,0.95,-0.25,1.71,1.16,2.38,-6.93,-33.97,-9.20,1
O,2022-11-13 11:53:59.016815,-0.02,0.95,-0.25,1.83,1.34,2.32,-7.62,-34.30,-9.29,1
O,2022-11-13 11:53:59.017003,-0.02,0.95,-0.25,1.71,1.10,2.38,-7.62,-34.30,-9.29,1
O,2022-11-13 11:53:59.017155,-0.02,0.95,-0.25,1.89,1.22,2.26,-7.62,-34.30,-9.29,1
O,2022-11-13 11:53:59.017305,-0.02,0.95,-0.25,1.71,1.16,2.32,-7.50,-33.98,-9.13,1
O,2022-11-13 11:53:59.017484,-0.02,0.95,-0.25,1.83,1.22,2.44,-7.50,-33.98,-9.13,1
O,2022-11-13 11:53:59.017639,-0.02,0.95,-0.25,1.83,1.28,2.38,-7.50,-33.98,-9.13,1
O,2022-11-13 11:53:59.017801,-0.02,0.95,-0.25,1.59,1.16,2.38,-7.23,-33.83,-9.27,1
O,2022-11-13 11:53:59.017980,-0.02,0.95,-0.25,1.59,1.28,2.32,-7.23,-33.83,-9.27,1
O,2022-11-13 11:53:59.018137,-0.02,0.95,-0.25,1.65,1.34,2.32,-7.23,-33.83,-9.27,1
O,2022-11-13 11:53:59.018290,-0.02,0.95,-0.25,1.59,1.40,2.20,-6.86,-33.65,-9.51,1
O,2022-11-13 11:53:59.018445,-0.02,0.95,-0.25,1.65,1.34,2.38,-6.86,-33.65,-9.51,1
O,2022-11-13 11:53:59.018607,-0.02,0.95,-0.25,1.77,1.34,2.32,-6.56,-33.72,-8.63,1
O,2022-11-13 11:53:59.018760,-0.02,0.95,-0.25,1.59,1.28,2.26,-6.56,-33.72,-8.63,1
O,2022-11-13 11:53:59.018916,-0.02,0.95,-0.25,1.89,1.22,2.44,-6.56,-33.72,-8.63,1
O,2022-11-13 11:53:59.019091,-0.02,0.94,-0.25,1.71,1.34,2.38,-7.19,-33.80,-9.86,1
O,2022-11-13 11:53:59.019257,-0.02,0.95,-0.25,1.65,1.28,2.20,-7.19,-33.80,-9.86,1
O,2022-11-13 11:53:59.019432,-0.02,0.95,-0.25,1.71,1.34,2.38,-7.19,-33.80,-9.86,1
O,2022-11-13 11:53:59.019587,-0.02,0.95,-0.25,1.71,1.28,2.50,-7.04,-33.75,-8.78,1
O,2022-11-13 11:53:59.019746,-0.02,0.95,-0.25,1.89,1.16,2.44,-7.04,-33.75,-8.78,1
O,2022-11-13 11:53:59.019900,-0.02,0.95,-0.25,1.77,1.34,2.50,-7.04,-33.75,-8.78,1
O,2022-11-13 11:53:59.020056,-0.02,0.95,-0.25,1.59,1.28,2.26,-6.82,-34.20,-8.84,1
O,2022-11-13 11:53:59.020227,-0.02,0.95,-0.25,1.77,1.40,2.44,-6.82,-34.20,-8.84,1
O,2022-11-13 11:53:59.020392,-0.02,0.95,-0.25,1.71,1.22,2.32,-7.21,-34.24,-8.51,1
O,2022-11-13 11:53:59.020565,-0.02,0.95,-0.25,1.89,1.10,2.32,-7.21,-34.24,-8.51,1
O,2022-11-13 11:53:59.020736,-0.02,0.95,-0.25,1.89,1.28,2.44,-7.21,-34.24,-8.51,1
O,2022-11-13 11:53:59.020914,-0.01,0.95,-0.25,1.71,1.22,2.44,-6.70,-33.69,-8.34,1
O,2022-11-13 11:53:59.021085,-0.02,0.95,-0.25,1.77,1.40,2.38,-6.70,-33.69,-8.34,1
O,2022-11-13 11:53:59.021246,-0.01,0.95,-0.25,1.77,1.28,2.32,-6.70,-33.69,-8.34,1
O,2022-11-13 11:53:59.021414,-0.02,0.95,-0.25,1.77,1.22,2.32,-7.13,-33.83,-9.00,1
O,2022-11-13 11:53:59.021590,-0.02,0.95,-0.25,1.89,1.34,2.26,-7.13,-33.83,-9.00,1
O,2022-11-13 11:53:59.021808,-0.02,0.95,-0.25,1.71,1.34,2.44,-7.13,-33.83,-9.00,1
O,2022-11-13 11:53:59.021977,-0.02,0.95,-0.25,1.71,1.28,2.32,-7.14,-33.95,-9.30,1
O,2022-11-13 11:53:59.022139,-0.02,0.95,-0.25,1.77,1.28,2.26,-7.14,-33.95,-9.30,1
O,2022-11-13 11:53:59.022341,-0.02,0.95,-0.25,1.77,1.16,2.44,-7.09,-34.42,-7.51,1
O,2022-11-13 11:53:59.022512,-0.02,0.95,-0.25,2.01,1.16,2.20,-7.09,-34.42,-7.51,1
O,2022-11-13 11:53:59.022688,-0.02,0.95,-0.25,1.65,1.22,2.26,-7.09,-34.42,-7.51,1
O,2022-11-13 11:53:59.022862,-0.02,0.95,-0.25,1.65,1.22,2.32,-7.63,-34.29,-8.72,1
O,2022-11-13 11:53:59.023040,-0.02,0.95,-0.25,1.53,1.40,2.20,-7.63,-34.29,-8.72,1
O,2022-11-13 11:53:59.023243,-0.02,0.95,-0.25,1.65,1.28,2.38,-7.63,-34.29,-8.72,1
O,2022-11-13 11:53:59.023397,-0.02,0.95,-0.25,1.59,1.28,2.38,-7.06,-34.20,-8.94,1
O,2022-11-13 11:53:59.023560,-0.02,0.95,-0.25,1.83,1.22,2.32,-7.06,-34.20,-8.94,1
O,2022-11-13 11:53:59.023710,-0.01,0.95,-0.25,1.83,1.53,2.38,-7.06,-34.20,-8.94,1
O,2022-11-13 11:53:59.023869,-0.02,0.95,-0.25,1.71,1.16,2.14,-7.45,-34.18,-8.70,1
O,2022-11-13 11:53:59.024021,-0.02,0.95,-0.25,1.59,1.34,2.38,-7.45,-34.18,-8.70,1
O,2022-11-13 11:53:59.024173,-0.02,0.95,-0.25,1.71,1.40,2.44,-7.93,-33.90,-9.01,1
O,2022-11-13 11:53:59.024335,-0.02,0.95,-0.25,1.89,1.34,2.44,-7.93,-33.90,-9.01,1
O,2022-11-13 11:53:59.024485,-0.02,0.95,-0.25,1.77,1.46,2.32,-7.93,-33.90,-9.01,1
O,2022-11-13 11:53:59.024643,-0.02,0.95,-0.25,1.89,1.28,2.20,-7.04,-34.23,-8.72,1
O,2022-11-13 11:53:59.024794,-0.02,0.95,-0.25,1.71,1.34,2.32,-7.04,-34.23,-8.72,1
O,2022-11-13 11:53:59.024946,-0.02,0.95,-0.25,1.59,1.46,2.26,-7.04,-34.23,-8.72,1
O,2022-11-13 11:53:59.025106,-0.02,0.95,-0.25,1.46,1.22,2.26,-7.04,-34.30,-9.22,1
O,2022-11-13 11:53:59.025257,-0.02,0.95,-0.25,1.83,1.34,2.38,-7.04,-34.30,-9.22,1
O,2022-11-13 11:53:59.025413,-0.02,0.95,-0.25,1.77,1.10,2.32,-7.04,-34.30,-9.22,1
O,2022-11-13 11:53:59.025568,-0.02,0.95,-0.25,1.53,1.22,2.32,-7.36,-34.41,-9.00,1
O,2022-11-13 11:53:59.025720,-0.02,0.95,-0.25,1.71,1.40,2.38,-7.36,-34.41,-9.00,1
O,2022-11-13 11:53:59.025884,-0.02,0.95,-0.25,1.65,1.34,2.50,-6.80,-34.55,-7.80,1
O,2022-11-13 11:53:59.026036,-0.02,0.95,-0.25,1.77,1.16,2.20,-6.80,-34.55,-7.80,1
O,2022-11-13 11:53:59.026196,-0.02,0.95,-0.25,1.71,1.28,2.26,-6.80,-34.55,-7.80,1
O,2022-11-13 11:53:59.026347,-0.02,0.95,-0.25,1.89,1.22,2.44,-7.56,-34.02,-8.29,1
O,2022-11-13 11:53:59.026499,-0.02,0.95,-0.25,1.83,1.40,2.38,-7.56,-34.02,-8.29,1
O,2022-11-13 11:53:59.026660,-0.02,0.95,-0.25,1.77,1.28,2.32,-7.56,-34.02,-8.29,1
O,2022-11-13 11:53:59.026813,-0.02,0.95,-0.25,1.71,1.22,2.44,-6.99,-33.96,-7.71,1
O,2022-11-13 11:53:59.026975,-0.02,0.95,-0.25,1.59,1.28,2.44,-6.99,-33.96,-7.71,1
O,2022-11-13 11:53:59.027128,-0.02,0.95,-0.25,1.83,1.22,2.38,-6.99,-33.96,-7.71,1
O,2022-11-13 11:53:59.027284,-0.01,0.95,-0.25,1.65,1.22,2.20,-6.82,-34.39,-8.86,1
O,2022-11-13 11:53:59.027443,-0.02,0.95,-0.25,1.95,1.28,2.38,-6.82,-34.39,-8.86,1
O,2022-11-13 11:53:59.027598,-0.02,0.95,-0.25,1.89,1.28,2.26,-7.19,-33.91,-9.22,1
O,2022-11-13 11:53:59.027757,-0.02,0.95,-0.25,1.53,1.28,2.32,-7.19,-33.91,-9.22,1
O,2022-11-13 11:53:59.027908,-0.02,0.95,-0.25,1.77,1.22,2.32,-7.19,-33.91,-9.22,1
O,2022-11-13 11:53:59.028058,-0.02,0.95,-0.25,1.71,1.22,2.38,-7.42,-33.63,-9.06,1
O,2022-11-13 11:53:59.028220,-0.02,0.95,-0.25,1.71,1.34,2.26,-7.42,-33.63,-9.06,1
O,2022-11-13 11:53:59.028371,-0.02,0.95,-0.25,1.46,1.40,2.38,-7.42,-33.63,-9.06,1
O,2022-11-13 11:53:59.028530,-0.02,0.95,-0.25,1.46,1.28,2.38,-7.09,-33.91,-8.94,1
O,2022-11-13 11:53:59.028682,-0.02,0.95,-0.25,1.71,1.40,2.32,-7.09,-33.91,-8.94,1
O,2022-11-13 11:53:59.028836,-0.02,0.95,-0.25,1.83,1.16,2.32,-7.09,-33.91,-8.94,1
O,2022-11-13 11:53:59.028995,-0.02,0.95,-0.25,1.46,1.16,2.38,-7.43,-33.97,-8.17,1
O,2022-11-13 11:53:59.029145,-0.02,0.95,-0.25,1.65,1.46,2.44,-7.43,-33.97,-8.17,1
O,2022-11-13 11:53:59.029307,-0.02,0.95,-0.25,1.65,1.16,2.26,-7.51,-33.84,-7.52,1
O,2022-11-13 11:53:59.029459,-0.02,0.95,-0.25,1.59,1.28,2.32,-7.51,-33.84,-7.52,1
O,2022-11-13 11:53:59.029614,-0.02,0.95,-0.25,1.65,1.40,2.20,-7.51,-33.84,-7.52,1
O,2022-11-13 11:53:59.029771,-0.02,0.95,-0.25,1.65,1.28,2.32,-6.76,-34.36,-9.36,1
O,2022-11-13 11:53:59.029922,-0.02,0.95,-0.25,1.71,1.28,2.38,-6.76,-34.36,-9.36,1
O,2022-11-13 11:53:59.030084,-0.02,0.95,-0.25,1.77,1.22,2.44,-6.76,-34.36,-9.36,1
O,2022-11-13 11:53:59.030234,-0.02,0.95,-0.25,1.65,1.34,2.32,-7.43,-34.13,-8.15,1
O,2022-11-13 11:53:59.030391,-0.02,0.95,-0.25,1.71,1.10,2.38,-7.43,-34.13,-8.15,1
O,2022-11-13 11:53:59.030544,-0.02,0.95,-0.25,1.71,1.16,2.44,-7.43,-34.13,-8.15,1
O,2022-11-13 11:53:59.030697,-0.02,0.95,-0.25,1.65,1.22,2.38,-7.25,-34.91,-8.73,1
O,2022-11-13 11:53:59.030860,-0.02,0.95,-0.25,1.71,1.22,2.32,-7.25,-34.91,-8.73,1
O,2022-11-13 11:53:59.031012,-0.02,0.95,-0.25,1.77,1.16,2.38,-6.92,-34.33,-9.06,1
O,2022-11-13 11:53:59.031174,-0.02,0.95,-0.25,1.46,1.04,2.20,-6.92,-34.33,-9.06,1
O,2022-11-13 11:53:59.031334,-0.02,0.95,-0.25,1.77,1.22,2.32,-6.92,-34.33,-9.06,1
O,2022-11-13 11:53:59.031491,-0.02,0.95,-0.25,1.89,1.10,2.32,-7.41,-34.14,-10.00,1
O,2022-11-13 11:53:59.031655,-0.02,0.95,-0.25,1.53,1.22,2.38,-7.41,-34.14,-10.00,1
O,2022-11-13 11:53:59.031810,-0.02,0.95,-0.25,1.83,1.22,2.26,-7.41,-34.14,-10.00,1
O,2022-11-13 11:53:59.031972,-0.02,0.95,-0.25,1.77,1.16,2.32,-7.20,-33.72,-9.64,1
O,2022-11-13 11:53:59.032123,-0.02,0.95,-0.25,1.77,1.46,2.44,-7.20,-33.72,-9.64,1
O,2022-11-13 11:53:59.032294,-0.02,0.95,-0.25,1.83,1.34,2.38,-7.20,-33.72,-9.64,1
O,2022-11-13 11:53:59.032451,-0.02,0.95,-0.25,1.46,1.10,2.26,-7.28,-34.19,-8.20,1
O,2022-11-13 11:53:59.032605,-0.02,0.95,-0.25,1.71,1.16,2.26,-7.28,-34.19,-8.20,1
O,2022-11-13 11:53:59.032777,-0.02,0.95,-0.25,1.71,1.40,2.26,-7.13,-33.87,-9.95,1
O,2022-11-13 11:53:59.032928,-0.02,0.95,-0.25,1.83,1.34,2.26,-7.13,-33.87,-9.95,1
O,2022-11-13 11:53:59.033084,-0.02,0.95,-0.25,1.71,1.16,2.38,-7.13,-33.87,-9.95,1
O,2022-11-13 11:53:59.033238,-0.02,0.95,-0.25,1.77,1.28,2.44,-7.12,-34.12,-9.09,1
O,2022-11-13 11:53:59.033388,-0.02,0.95,-0.25,1.83,1.16,2.38,-7.12,-34.12,-9.09,1
O,2022-11-13 11:53:59.033543,-0.02,0.95,-0.25,1.89,1.34,2.44,-7.12,-34.12,-9.09,1
O,2022-11-13 11:53:59.033695,-0.02,0.95,-0.25,2.01,1.10,2.26,-6.99,-33.73,-9.89,1
O,2022-11-13 11:53:59.033853,-0.02,0.95,-0.25,1.83,1.16,2.38,-6.99,-33.73,-9.89,1
O,2022-11-13 11:53:59.034014,-0.02,0.95,-0.25,1.77,1.22,2.38,-6.99,-33.73,-9.89,1
O,2022-11-13 11:53:59.034179,-0.02,0.95,-0.25,1.46,1.04,2.14,-7.64,-34.18,-10.05,1
O,2022-11-13 11:53:59.034358,-0.02,0.95,-0.25,1.65,1.28,2.38,-7.64,-34.18,-10.05,1
O,2022-11-13 11:53:59.034513,-0.02,0.95,-0.25,1.89,1.10,2.26,-7.35,-34.46,-9.13,1
O,2022-11-13 11:53:59.034673,-0.02,0.95,-0.25,1.53,1.46,2.38,-7.35,-34.46,-9.13,1
O,2022-11-13 11:53:59.034824,-0.02,0.95,-0.25,1.71,1.22,2.50,-7.35,-34.46,-9.13,1
O,2022-11-13 11:53:59.034987,-0.02,0.95,-0.25,1.53,1.22,2.26,-7.12,-33.97,-8.70,1
O,2022-11-13 11:53:59.035147,-0.02,0.95,-0.25,1.59,1.16,2.50,-7.12,-33.97,-8.70,1
O,2022-11-13 11:53:59.035303,-0.02,0.95,-0.25,1.77,1.46,2.38,-7.12,-33.97,-8.70,1
O,2022-11-13 11:53:59.035462,-0.02,0.95,-0.25,1.65,1.04,2.20,-7.28,-34.16,-9.39,1
O,2022-11-13 11:53:59.035615,-0.02,0.95,-0.25,1.77,1.34,2.32,-7.28,-34.16,-9.39,1
O,2022-11-13 11:53:59.035773,-0.02,0.95,-0.25,1.89,1.16,2.44,-7.28,-34.16,-9.39,1
O,2022-11-13 11:53:59.035923,-0.02,0.95,-0.25,1.71,1.16,2.26,-7.09,-34.47,-8.65,1
O,2022-11-13 11:53:59.036083,-0.02,0.95,-0.25,1.89,1.16,2.26,-7.09,-34.47,-8.65,1
O,2022-11-13 11:53:59.036244,-0.02,0.95,-0.25,1.89,1.10,2.26,-6.76,-34.41,-8.78,1
O,2022-11-13 11:53:59.036409,-0.02,0.95,-0.25,1.83,1.22,2.32,-6.76,-34.41,-8.78,1
O,2022-11-13 11:53:59.036620,-0.02,0.95,-0.25,1.65,1.16,2.38,-6.76,-34.41,-8.78,1
O,2022-11-13 11:53:59.036785,-0.02,0.95,-0.25,2.01,1.16,2.32,-7.15,-33.42,-8.83,1
O,2022-11-13 11:53:59.036950,-0.02,0.95,-0.25,1.53,1.28,2.38,-7.15,-33.42,-8.83,1
O,2022-11-13 11:53:59.037150,-0.02,0.95,-0.25,1.89,1.28,2.32,-7.15,-33.42,-8.83,1
O,2022-11-13 11:53:59.037348,-0.02,0.95,-0.25,1.59,1.16,2.38,-6.88,-34.34,-8.44,1
O,2022-11-13 11:53:59.037531,-0.02,0.95,-0.25,1.89,1.22,2.26,-6.88,-34.34,-8.44,1
O,2022-11-13 11:53:59.037716,-0.02,0.95,-0.25,1.89,1.22,2.32,-6.88,-34.34,-8.44,1
O,2022-11-13 11:53:59.037881,-0.02,0.95,-0.25,1.77,1.16,2.26,-7.29,-34.39,-8.63,1
O,2022-11-13 11:53:59.038056,-0.02,0.95,-0.25,1.77,1.46,2.38,-7.29,-34.39,-8.63,1
O,2022-11-13 11:53:59.038236,-0.02,0.95,-0.25,1.89,1.22,2.44,-6.82,-34.68,-8.56,1
O,2022-11-13 11:53:59.038406,-0.02,0.95,-0.25,1.65,1.34,2.14,-6.82,-34.68,-8.56,1
O,2022-11-13 11:53:59.038583,-0.02,0.95,-0.25,1.65,1.28,2.26,-6.82,-34.68,-8.56,1
O,2022-11-13 11:53:59.038750,-0.02,0.95,-0.25,1.53,1.22,2.38,-6.77,-34.08,-7.85,1
O,2022-11-13 11:53:59.038913,-0.02,0.95,-0.25,1.95,1.16,2.26,-6.77,-34.08,-7.85,1
O,2022-11-13 11:53:59.039078,-0.02,0.95,-0.25,1.83,1.28,2.32,-6.77,-34.08,-7.85,1
O,2022-11-13 11:53:59.039246,-0.02,0.95,-0.25,1.77,1.34,2.32,-7.18,-33.84,-8.75,1
O,2022-11-13 11:53:59.039422,-0.02,0.95,-0.25,1.71,1.34,2.38,-7.18,-33.84,-8.75,1
O,2022-11-13 11:53:59.039593,-0.02,0.95,-0.25,1.71,1.34,2.38,-7.18,-33.84,-8.75,1
O,2022-11-13 11:53:59.039761,-0.02,0.95,-0.25,1.77,1.22,2.20,-6.91,-33.91,-8.54,1
O,2022-11-13 11:53:59.039940,-0.02,0.95,-0.25,1.77,1.46,2.38,-6.91,-33.91,-8.54,1
O,2022-11-13 11:53:59.040135,-0.02,0.95,-0.25,1.65,1.28,2.32,-7.30,-33.73,-7.78,1
O,2022-11-13 11:53:59.040319,-0.02,0.95,-0.25,1.65,1.22,2.26,-7.30,-33.73,-7.78,1
O,2022-11-13 11:53:59.040547,-0.02,0.95,-0.25,1.65,1.40,2.26,-7.30,-33.73,-7.78,1
O,2022-11-13 11:53:59.040722,-0.02,0.95,-0.25,1.53,1.22,2.38,-7.07,-34.57,-7.93,1
O,2022-11-13 11:53:59.040883,-0.02,0.95,-0.25,1.71,1.16,2.50,-7.07,-34.57,-7.93,1
O,2022-11-13 11:53:59.041063,-0.02,0.95,-0.25,1.83,1.16,2.44,-7.07,-34.57,-7.93,1
O,2022-11-13 11:53:59.041215,-0.02,0.95,-0.25,1.65,1.28,2.38,-6.70,-34.24,-8.40,1
O,2022-11-13 11:53:59.041378,-0.02,0.95,-0.25,1.71,1.34,2.38,-6.70,-34.24,-8.40,1
O,2022-11-13 11:53:59.041529,-0.01,0.95,-0.25,1.77,1.46,2.44,-6.70,-34.24,-8.40,1
O,2022-11-13 11:53:59.041682,-0.02,0.95,-0.25,1.71,1.28,2.44,-7.09,-34.50,-8.13,1
O,2022-11-13 11:53:59.041844,-0.02,0.95,-0.25,1.77,1.16,2.32,-7.09,-34.50,-8.13,1
O,2022-11-13 11:53:59.042000,-0.02,0.95,-0.25,1.59,1.53,2.32,-6.95,-34.38,-8.25,1
O,2022-11-13 11:53:59.042165,-0.02,0.95,-0.25,1.77,1.34,2.26,-6.95,-34.38,-8.25,1
O,2022-11-13 11:53:59.042317,-0.02,0.95,-0.25,1.89,1.16,2.56,-6.95,-34.38,-8.25,1
O,2022-11-13 11:53:59.042474,-0.02,0.95,-0.25,1.83,1.28,2.26,-6.75,-34.28,-7.98,1
O,2022-11-13 11:53:59.042624,-0.02,0.95,-0.25,1.65,1.40,2.32,-6.75,-34.28,-7.98,1
O,2022-11-13 11:53:59.042782,-0.02,0.95,-0.25,1.83,1.22,2.38,-6.75,-34.28,-7.98,1
O,2022-11-13 11:53:59.042942,-0.02,0.95,-0.25,1.77,1.28,2.44,-6.70,-34.24,-8.95,1
O,2022-11-13 11:53:59.043093,-0.02,0.95,-0.25,1.83,1.28,2.44,-6.70,-34.24,-8.95,1
O,2022-11-13 11:53:59.043255,-0.02,0.95,-0.25,1.77,1.34,2.50,-6.70,-34.24,-8.95,1
O,2022-11-13 11:53:59.043407,-0.02,0.95,-0.25,1.65,1.16,2.08,-7.03,-34.34,-8.18,1
O,2022-11-13 11:53:59.043559,-0.02,0.95,-0.25,1.77,1.46,2.44,-7.03,-34.34,-8.18,1
O,2022-11-13 11:53:59.043725,-0.02,0.95,-0.25,1.83,1.34,2.62,-7.03,-34.46,-8.76,1
O,2022-11-13 11:53:59.043877,-0.02,0.95,-0.25,1.71,1.40,2.50,-7.03,-34.46,-8.76,1
O,2022-11-13 11:53:59.044046,-0.02,0.95,-0.25,1.77,1.40,2.32,-7.03,-34.46,-8.76,1
O,2022-11-13 11:53:59.044198,-0.02,0.95,-0.25,1.83,1.28,2.26,-6.84,-34.02,-7.91,1
O,2022-11-13 11:53:59.044351,-0.02,0.95,-0.25,1.65,1.28,2.26,-6.84,-34.02,-7.91,1
O,2022-11-13 11:53:59.044521,-0.02,0.95,-0.25,1.77,1.34,2.38,-6.84,-34.02,-7.91,1
O,2022-11-13 11:53:59.044672,-0.02,0.95,-0.25,1.65,1.22,2.38,-7.18,-33.96,-9.05,1
O,2022-11-13 11:53:59.044839,-0.02,0.95,-0.25,1.71,1.16,2.26,-7.18,-33.96,-9.05,1
O,2022-11-13 11:53:59.044994,-0.02,0.95,-0.25,1.83,1.16,2.38,-7.18,-33.96,-9.05,1
O,2022-11-13 11:53:59.045147,-0.02,0.95,-0.25,1.65,1.28,2.26,-6.93,-33.98,-7.21,1
O,2022-11-13 11:53:59.045307,-0.02,0.95,-0.25,1.77,1.22,2.26,-6.93,-33.98,-7.21,1
O,2022-11-13 11:53:59.045458,-0.02,0.95,-0.25,1.83,1.28,2.44,-6.64,-34.09,-8.91,1
O,2022-11-13 11:53:59.045616,-0.02,0.95,-0.25,1.71,1.28,2.38,-6.64,-34.09,-8.91,1
O,2022-11-13 11:53:59.045767,-0.02,0.95,-0.25,1.83,1.22,2.38,-6.64,-34.09,-8.91,1
O,2022-11-13 11:53:59.045923,-0.02,0.95,-0.25,1.89,1.22,2.38,-7.03,-34.09,-8.85,1
O,2022-11-13 11:53:59.046079,-0.02,0.95,-0.25,1.59,1.34,2.38,-7.03,-34.09,-8.85,1
O,2022-11-13 11:53:59.046231,-0.02,0.95,-0.25,1.77,1.34,2.26,-7.03,-34.09,-8.85,1
O,2022-11-13 11:53:59.046389,-0.02,0.95,-0.25,1.83,1.16,2.32,-6.80,-34.53,-7.89,1
O,2022-11-13 11:53:59.046540,-0.02,0.95,-0.25,1.59,1.10,2.32,-6.80,-34.53,-7.89,1
O,2022-11-13 11:53:59.046700,-0.02,0.95,-0.25,1.83,1.53,2.32,-6.80,-34.53,-7.89,1
O,2022-11-13 11:53:59.046853,-0.02,0.95,-0.25,1.71,1.10,2.26,-6.73,-34.24,-7.57,1
O,2022-11-13 11:53:59.047007,-0.02,0.95,-0.25,1.65,1.40,2.26,-6.73,-34.24,-7.57,1
O,2022-11-13 11:53:59.047164,-0.02,0.95,-0.25,1.95,1.16,2.32,-6.82,-34.38,-7.65,1
O,2022-11-13 11:53:59.047314,-0.02,0.95,-0.25,1.77,1.10,2.50,-6.82,-34.38,-7.65,1
O,2022-11-13 11:53:59.047474,-0.02,0.95,-0.25,1.89,1.22,2.32,-6.82,-34.38,-7.65,1
O,2022-11-13 11:53:59.047625,-0.02,0.95,-0.25,1.83,1.22,2.50,-7.14,-34.45,-9.28,1
O,2022-11-13 11:53:59.047775,-0.02,0.95,-0.25,1.65,1.22,2.32,-7.14,-34.45,-9.28,1
O,2022-11-13 11:53:59.047943,-0.01,0.95,-0.25,1.77,1.46,2.32,-7.14,-34.45,-9.28,1
O,2022-11-13 11:53:59.048093,-0.02,0.95,-0.25,1.59,1.22,2.44,-7.53,-33.67,-9.05,1
O,2022-11-13 11:53:59.048256,-0.02,0.95,-0.25,1.89,1.22,2.44,-7.53,-33.67,-9.05,1
O,2022-11-13 11:53:59.048406,-0.02,0.95,-0.25,1.89,1.22,2.44,-7.53,-33.67,-9.05,1
O,2022-11-13 11:53:59.048557,-0.02,0.95,-0.25,1.65,1.22,2.14,-7.19,-33.65,-8.22,1
O,2022-11-13 11:53:59.048714,-0.02,0.95,-0.25,1.77,1.40,2.38,-7.19,-33.65,-8.22,1
O,2022-11-13 11:53:59.048865,-0.02,0.95,-0.25,1.83,1.22,2.38,-7.47,-33.94,-8.68,1
O,2022-11-13 11:53:59.049026,-0.02,0.95,-0.25,1.71,1.22,2.38,-7.47,-33.94,-8.68,1
O,2022-11-13 11:53:59.049180,-0.02,0.95,-0.25,1.71,1.16,2.38,-7.47,-33.94,-8.68,1
O,2022-11-13 11:53:59.049330,-0.02,0.95,-0.25,1.83,1.40,2.44,-7.07,-34.12,-9.17,1
O,2022-11-13 11:53:59.049500,-0.02,0.95,-0.25,1.83,1.22,2.44,-7.07,-34.12,-9.17,1
O,2022-11-13 11:53:59.049661,-0.02,0.95,-0.25,1.77,1.34,2.32,-7.07,-34.12,-9.17,1
O,2022-11-13 11:53:59.049839,-0.02,0.95,-0.25,1.95,0.92,2.32,-6.91,-34.00,-8.59,1
O,2022-11-13 11:53:59.050008,-0.02,0.95,-0.25,1.71,1.46,2.44,-6.91,-34.00,-8.59,1
O,2022-11-13 11:53:59.050166,-0.02,0.95,-0.25,1.83,1.28,2.38,-6.91,-34.00,-8.59,1
O,2022-11-13 11:53:59.050334,-0.02,0.95,-0.25,1.71,1.28,2.26,-7.40,-34.90,-8.52,1
O,2022-11-13 11:53:59.050486,-0.02,0.95,-0.25,1.71,1.40,2.26,-7.40,-34.90,-8.52,1
O,2022-11-13 11:53:59.050667,-0.02,0.95,-0.25,1.71,1.46,2.38,-6.58,-33.92,-7.97,1
O,2022-11-13 11:53:59.050822,-0.02,0.95,-0.25,1.95,1.28,2.32,-6.58,-33.92,-7.97,1
O,2022-11-13 11:53:59.050982,-0.02,0.95,-0.25,1.59,1.34,2.38,-6.58,-33.92,-7.97,1
O,2022-11-13 11:53:59.051138,-0.02,0.95,-0.25,1.65,1.22,2.26,-6.69,-33.90,-9.31,1
O,2022-11-13 11:53:59.051303,-0.02,0.95,-0.25,1.77,1.46,2.32,-6.69,-33.90,-9.31,1
O,2022-11-13 11:53:59.051459,-0.02,0.95,-0.25,1.71,1.28,2.26,-6.69,-33.90,-9.31,1
O,2022-11-13 11:53:59.051613,-0.02,0.95,-0.25,1.65,1.40,2.38,-7.01,-33.83,-9.14,1
O,2022-11-13 11:53:59.051770,-0.02,0.95,-0.25,1.65,1.34,2.50,-7.01,-33.83,-9.14,1
O,2022-11-13 11:53:59.051925,-0.01,0.95,-0.25,1.71,1.22,2.26,-7.01,-33.83,-9.14,1
O,2022-11-13 11:53:59.052079,-0.02,0.95,-0.25,1.71,1.10,2.44,-6.84,-33.56,-8.09,1
O,2022-11-13 11:53:59.052238,-0.02,0.95,-0.25,1.83,1.22,2.32,-6.84,-33.56,-8.09,1
O,2022-11-13 11:53:59.052396,-0.02,0.95,-0.25,1.77,1.34,2.50,-7.18,-33.97,-8.03,1
O,2022-11-13 11:53:59.052557,-0.02,0.95,-0.25,1.53,1.28,2.32,-7.18,-33.97,-8.03,1
O,2022-11-13 11:53:59.052707,-0.02,0.95,-0.25,1.53,1.16,2.32,-7.18,-33.97,-8.03,1
O,2022-11-13 11:53:59.052858,-0.02,0.95,-0.25,1.71,1.22,2.44,-6.76,-34.81,-9.46,1
O,2022-11-13 11:53:59.053015,-0.02,0.95,-0.25,1.71,1.34,2.26,-6.76,-34.81,-9.46,1
O,2022-11-13 11:53:59.053167,-0.02,0.95,-0.25,1.89,1.28,2.44,-6.76,-34.81,-9.46,1
O,2022-11-13 11:53:59.053350,-0.02,0.95,-0.25,1.65,1.28,2.44,-6.81,-33.90,-8.81,1
O,2022-11-13 11:53:59.053504,-0.02,0.95,-0.25,1.77,1.22,2.32,-6.81,-33.90,-8.81,1
O,2022-11-13 11:53:59.053665,-0.02,0.95,-0.25,1.77,1.22,2.38,-6.81,-33.90,-8.81,1
O,2022-11-13 11:53:59.053817,-0.02,0.95,-0.25,1.59,1.10,2.38,-7.12,-34.50,-9.02,1
O,2022-11-13 11:53:59.053968,-0.02,0.95,-0.25,1.71,1.34,2.44,-7.12,-34.50,-9.02,1
O,2022-11-13 11:53:59.054137,-0.02,0.95,-0.25,1.59,1.34,2.38,-7.12,-33.95,-8.54,1
O,2022-11-13 11:53:59.054287,-0.02,0.95,-0.25,1.71,1.16,2.20,-7.12,-33.95,-8.54,1
O,2022-11-13 11:53:59.054444,-0.02,0.95,-0.25,1.89,1.22,2.32,-7.12,-33.95,-8.54,1
O,2022-11-13 11:53:59.054595,-0.02,0.95,-0.25,1.71,1.28,2.38,-6.99,-34.62,-9.45,1
O,2022-11-13 11:53:59.054748,-0.02,0.95,-0.25,1.71,1.40,2.26,-6.99,-34.62,-9.45,1
O,2022-11-13 11:53:59.054910,-0.02,0.95,-0.25,1.83,1.28,2.44,-6.99,-34.62,-9.45,1
O,2022-11-13 11:53:59.055061,-0.01,0.95,-0.25,1.71,1.34,2.32,-7.20,-33.75,-9.73,1
O,2022-11-13 11:53:59.055226,-0.02,0.95,-0.25,1.83,1.34,2.50,-7.20,-33.75,-9.73,1
O,2022-11-13 11:53:59.055395,-0.02,0.95,-0.25,1.71,1.22,2.44,-7.20,-33.75,-9.73,1
O,2022-11-13 11:53:59.055565,-0.02,0.95,-0.25,1.65,1.10,2.44,-7.19,-34.12,-8.51,1
O,2022-11-13 11:53:59.055739,-0.02,0.95,-0.25,1.71,1.22,2.44,-7.19,-34.12,-8.51,1
O,2022-11-13 11:53:59.055914,-0.02,0.95,-0.25,1.65,1.34,2.32,-7.35,-34.08,-8.78,1
O,2022-11-13 11:53:59.056072,-0.02,0.95,-0.25,1.71,1.34,2.32,-7.35,-34.08,-8.78,1
O,2022-11-13 11:53:59.056252,-0.02,0.95,-0.25,1.83,1.28,2.26,-7.35,-34.08,-8.78,1
O,2022-11-13 11:53:59.056423,-0.02,0.95,-0.25,1.77,1.28,2.44,-6.87,-33.94,-9.94,1
O,2022-11-13 11:53:59.056577,-0.02,0.95,-0.25,1.77,1.34,2.32,-6.87,-33.94,-9.94,1
O,2022-11-13 11:53:59.056744,-0.02,0.95,-0.25,1.83,1.28,2.32,-6.87,-33.94,-9.94,1
O,2022-11-13 11:53:59.056916,-0.02,0.95,-0.25,1.77,1.16,2.20,-7.20,-34.34,-9.45,1
O,2022-11-13 11:53:59.057088,-0.02,0.95,-0.25,1.77,1.28,2.50,-7.20,-34.34,-9.45,1
O,2022-11-13 11:53:59.057299,-0.02,0.95,-0.25,1.83,1.10,2.32,-7.20,-34.34,-9.45,1
O,2022-11-13 11:53:59.057466,-0.02,0.95,-0.25,1.65,1.16,2.32,-6.90,-34.19,-8.14,1
O,2022-11-13 11:53:59.057646,-0.02,0.95,-0.25,1.83,1.10,2.26,-6.90,-34.19,-8.14,1
O,2022-11-13 11:53:59.057822,-0.02,0.95,-0.25,1.71,1.16,2.38,-7.02,-34.16,-8.57,1
O,2022-11-13 11:53:59.057988,-0.02,0.95,-0.25,1.71,1.22,2.44,0.00,0.00,0.00,1
O,2022-11-13 11:53:59.058159,-0.02,0.95,-0.25,1.71,1.16,2.14,0.00,0.00,0.00,1
O,2022-11-13 11:53:59.058329,-0.02,0.95,-0.25,1.83,1.10,2.38,-7.42,-34.05,-9.66,1
O,2022-11-13 11:53:59.058500,-0.02,0.95,-0.25,1.65,1.22,2.32,-7.42,-34.05,-9.66,1
O,2022-11-13 11:53:59.058669,-0.02,0.95,-0.25,1.89,1.16,2.38,-7.42,-34.05,-9.66,1
O,2022-11-13 11:53:59.058823,-0.02,0.95,-0.25,1.59,1.34,2.26,-7.07,-34.27,-8.83,1
O,2022-11-13 11:53:59.059002,-0.01,0.95,-0.25,1.89,1.16,2.44,-7.07,-34.27,-8.83,1
O,2022-11-13 11:53:59.059169,-0.02,0.95,-0.25,1.77,1.22,2.26,-7.07,-34.27,-8.83,1
O,2022-11-13 11:53:59.059340,-0.02,0.95,-0.25,1.53,1.22,2.14,-7.52,-34.25,-8.68,1
O,2022-11-13 11:53:59.059513,-0.02,0.95,-0.25,1.71,1.46,2.38,-7.52,-34.25,-8.68,1
O,2022-11-13 11:53:59.059686,-0.02,0.95,-0.25,1.77,1.28,2.32,-6.71,-34.24,-9.89,1
O,2022-11-13 11:53:59.059916,-0.02,0.95,-0.25,1.71,1.28,2.32,-6.71,-34.24,-9.89,1
O,2022-11-13 11:53:59.060100,-0.02,0.95,-0.25,1.77,1.16,2.26,-6.71,-34.24,-9.89,1
O,2022-11-13 11:53:59.060251,-0.02,0.95,-0.25,1.65,1.40,2.32,-7.03,-33.72,-9.61,1
O,2022-11-13 11:53:59.060411,-0.02,0.95,-0.25,1.34,1.28,2.32,-7.03,-33.72,-9.61,1
O,2022-11-13 11:53:59.060566,-0.02,0.95,-0.25,1.71,1.22,2.32,-7.03,-33.72,-9.61,1
O,2022-11-13 11:53:59.060724,-0.02,0.95,-0.25,1.71,1.22,2.20,-7.60,-33.84,-8.86,1
O,2022-11-13 11:53:59.060876,-0.02,0.95,-0.25,1.65,1.34,2.26,-7.60,-33.84,-8.86,1
O,2022-11-13 11:53:59.061031,-0.02,0.95,-0.25,1.83,1.40,2.50,-7.60,-33.84,-8.86,1
O,2022-11-13 11:53:59.061182,-0.02,0.95,-0.25,1.83,1.28,2.14,-7.43,-34.08,-8.96,1
O,2022-11-13 11:53:59.061333,-0.02,0.95,-0.25,1.95,1.16,2.38,-7.43,-34.08,-8.96,1
O,2022-11-13 11:53:59.061497,-0.02,0.95,-0.25,1.83,1.34,2.38,-7.26,-34.00,-8.48,1
O,2022-11-13 11:53:59.061648,-0.02,0.95,-0.25,1.65,1.16,2.14,-7.26,-34.00,-8.48,1
O,2022-11-13 11:53:59.061808,-0.02,0.95,-0.25,1.53,1.22,2.32,-7.26,-34.00,-8.48,1
O,2022-11-13 11:53:59.061959,-0.02,0.95,-0.25,1.71,1.16,2.26,-7.26,-33.74,-9.66,1
O,2022-11-13 11:53:59.062111,-0.02,0.95,-0.25,1.83,1.10,2.32,-7.26,-33.74,-9.66,1
O,2022-11-13 11:53:59.062271,-0.02,0.95,-0.25,1.59,1.28,2.50,-7.26,-33.74,-9.66,1
O,2022-11-13 11:53:59.062422,-0.02,0.95,-0.25,1.71,1.22,2.32,-7.08,-34.28,-8.87,1
O,2022-11-13 11:53:59.062586,-0.02,0.95,-0.25,2.01,1.16,2.38,-7.08,-34.28,-8.87,1
O,2022-11-13 11:53:59.062738,-0.02,0.95,-0.25,1.77,1.28,2.44,-7.08,-34.28,-8.87,1
O,2022-11-13 11:53:59.062889,-0.02,0.95,-0.25,1.65,1.40,2.26,-7.45,-34.05,-8.44,1
O,2022-11-13 11:53:59.063051,-0.02,0.95,-0.25,1.65,1.28,2.38,-7.45,-34.05,-8.44,1
O,2022-11-13 11:53:59.063203,-0.02,0.95,-0.25,1.83,1.28,2.44,-7.59,-34.02,-7.81,1
O,2022-11-13 11:53:59.063365,-0.02,0.95,-0.25,1.71,1.16,2.32,-7.59,-34.02,-7.81,1
O,2022-11-13 11:53:59.063515,-0.02,0.95,-0.25,1.71,1.46,2.32,-7.59,-34.02,-7.81,1
O,2022-11-13 11:53:59.063666,-0.02,0.95,-0.25,1.71,1.16,2.56,-6.86,-34.01,-7.81,1
O,2022-11-13 11:53:59.063826,-0.02,0.95,-0.25,1.77,1.16,2.32,-6.86,-34.01,-7.81,1
O,2022-11-13 11:53:59.063975,-0.02,0.95,-0.25,1.83,1.28,2.44,-6.86,-34.01,-7.81,1
O,2022-11-13 11:53:59.064138,-0.02,0.95,-0.25,1.83,1.16,2.14,-6.76,-34.34,-9.23,1
O,2022-11-13 11:53:59.064288,-0.02,0.95,-0.25,1.77,1.22,2.38,-6.76,-34.34,-9.23,1
O,2022-11-13 11:53:59.064443,-0.02,0.95,-0.25,1.65,1.22,2.56,-6.76,-34.34,-9.23,1
O,2022-11-13 11:53:59.064596,-0.02,0.95,-0.25,1.71,1.28,2.20,-6.75,-33.96,-9.34,1
O,2022-11-13 11:53:59.064748,-0.02,0.95,-0.25,1.71,1.34,2.26,-6.75,-33.96,-9.34,1
O,2022-11-13 11:53:59.064910,-0.02,0.95,-0.25,2.01,1.16,2.56,-7.19,-34.58,-7.79,1
O,2022-11-13 11:53:59.065060,-0.02,0.95,-0.24,1.59,1.28,2.38,-7.19,-34.58,-7.79,1
O,2022-11-13 11:53:59.065218,-0.02,0.95,-0.25,1.95,1.22,2.44,-7.19,-34.58,-7.79,1
O,2022-11-13 11:53:59.065368,-0.02,0.95,-0.25,1.77,1.16,2.26,-6.96,-33.57,-8.84,1
O,2022-11-13 11:53:59.065521,-0.02,0.95,-0.25,1.71,1.34,2.32,-6.96,-33.57,-8.84,1
O,2022-11-13 11:53:59.065683,-0.02,0.95,-0.25,2.01,1.16,2.38,-6.96,-33.57,-8.84,1
O,2022-11-13 11:53:59.065837,-0.02,0.95,-0.25,1.71,1.28,2.32,-7.32,-34.34,-7.97,1
O,2022-11-13 11:53:59.065994,-0.02,0.95,-0.25,1.77,1.34,2.32,-7.32,-34.34,-7.97,1
O,2022-11-13 11:53:59.066162,-0.02,0.95,-0.24,1.89,1.28,2.50,-7.32,-34.34,-7.97,1
O,2022-11-13 11:53:59.066347,-0.02,0.95,-0.25,1.83,1.22,2.26,-7.14,-34.24,-8.50,1
O,2022-11-13 11:53:59.066506,-0.02,0.95,-0.25,1.77,1.28,2.38,-7.14,-34.24,-8.50,1
O,2022-11-13 11:53:59.066716,-0.01,0.95,-0.25,1.89,1.22,2.50,-6.88,-34.34,-7.71,1
O,2022-11-13 11:53:59.066903,-0.02,0.95,-0.24,1.77,1.28,2.50,-6.88,-34.34,-7.71,1
O,2022-11-13 11:53:59.067053,-0.02,0.95,-0.25,1.77,1.34,2.50,-6.88,-34.34,-7.71,1
O,2022-11-13 11:53:59.067205,-0.02,0.95,-0.25,1.71,1.10,2.20,-7.08,-34.74,-9.19,1
O,2022-11-13 11:53:59.067380,-0.02,0.95,-0.25,1.53,1.34,2.50,-7.08,-34.74,-9.19,1
O,2022-11-13 11:53:59.067532,-0.02,0.95,-0.25,1.77,1.04,2.44,-7.08,-34.74,-9.19,1
O,2022-11-13 11:53:59.067695,-0.01,0.95,-0.25,1.89,1.10,2.32,-6.67,-34.03,-8.69,1
O,2022-11-13 11:53:59.067848,-0.02,0.95,-0.25,1.77,1.10,2.44,-6.67,-34.03,-8.69,1
O,2022-11-13 11:53:59.068011,-0.02,0.95,-0.25,1.71,1.22,2.32,-6.67,-34.03,-8.69,1
O,2022-11-13 11:53:59.068177,-0.02,0.95,-0.24,1.65,1.04,2.32,-6.85,-33.98,-8.54,1
O,2022-11-13 11:53:59.068332,-0.02,0.95,-0.25,1.71,1.28,2.32,-6.85,-33.98,-8.54,1
O,2022-11-13 11:53:59.068490,-0.02,0.95,-0.25,1.83,1.28,2.38,-7.07,-34.07,-8.78,1
O,2022-11-13 11:53:59.068645,-0.02,0.95,-0.24,1.77,1.28,2.44,-7.07,-34.07,-8.78,1
O,2022-11-13 11:53:59.068802,-0.02,0.95,-0.25,1.77,1.16,2.32,-7.07,-34.07,-8.78,1
O,2022-11-13 11:53:59.068954,-0.02,0.95,-0.25,1.89,1.22,2.26,-7.18,-33.41,-9.81,1
O,2022-11-13 11:53:59.069105,-0.02,0.95,-0.25,1.83,1.10,2.26,-7.18,-33.41,-9.81,1
O,2022-11-13 11:53:59.069302,-0.02,0.95,-0.25,1.83,1.28,2.32,-7.18,-33.41,-9.81,1
O,2022-11-13 11:53:59.069458,-0.01,0.95,-0.25,1.83,1.04,2.26,-7.04,-34.09,-9.83,1
O,2022-11-13 11:53:59.069621,-0.02,0.95,-0.25,1.77,1.34,2.44,-7.04,-34.09,-9.83,1
O,2022-11-13 11:53:59.069771,-0.01,0.95,-0.25,1.71,1.28,2.26,-7.04,-34.09,-9.83,1
O,2022-11-13 11:53:59.069926,-0.02,0.95,-0.25,1.89,1.22,2.08,-7.06,-33.74,-7.89,1
O,2022-11-13 11:53:59.070085,-0.02,0.95,-0.25,1.71,1.34,2.38,-7.06,-33.74,-7.89,1
O,2022-11-13 11:53:59.070235,-0.02,0.95,-0.25,1.71,1.04,2.38,-6.74,-33.89,-8.11,1
O,2022-11-13 11:53:59.070399,-0.02,0.95,-0.24,1.89,1.22,2.38,-6.74,-33.89,-8.11,1
O,2022-11-13 11:53:59.070550,-0.02,0.95,-0.25,1.77,1.34,2.26,-6.74,-33.89,-8.11,1
O,2022-11-13 11:53:59.070710,-0.02,0.95,-0.25,1.71,0.98,2.38,-7.02,-34.39,-8.13,1
O,2022-11-13 11:53:59.070864,-0.02,0.95,-0.25,1.71,1.34,2.38,-7.02,-34.39,-8.13,1
O,2022-11-13 11:53:59.071014,-0.02,0.95,-0.25,1.77,1.16,2.44,-7.02,-34.39,-8.13,1
O,2022-11-13 11:53:59.071177,-0.02,0.95,-0.25,1.65,1.34,2.38,-7.31,-34.40,-8.63,1
O,2022-11-13 11:53:59.071329,-0.02,0.95,-0.25,1.77,1.16,2.32,-7.31,-34.40,-8.63,1
O,2022-11-13 11:53:59.071490,-0.02,0.95,-0.24,1.71,1.16,2.38,-7.31,-34.40,-8.63,1
O,2022-11-13 11:53:59.071643,-0.02,0.95,-0.25,1.59,1.22,2.20,-7.48,-34.13,-8.11,1
O,2022-11-13 11:53:59.071795,-0.02,0.95,-0.25,1.83,1.22,2.26,-7.48,-34.13,-8.11,1
O,2022-11-13 11:53:59.071962,-0.02,0.95,-0.25,1.89,1.04,2.26,-7.26,-34.56,-8.13,1
O,2022-11-13 11:53:59.072112,-0.02,0.95,-0.24,1.95,1.10,2.50,-7.26,-34.56,-8.13,1
O,2022-11-13 11:53:59.072279,-0.02,0.95,-0.25,1.77,1.16,2.38,-7.26,-34.56,-8.13,1
O,2022-11-13 11:53:59.072430,-0.02,0.95,-0.25,1.71,1.28,2.38,-7.78,-34.40,-9.56,1
O,2022-11-13 11:53:59.072580,-0.02,0.95,-0.25,1.89,1.34,2.38,-7.78,-34.40,-9.56,1
O,2022-11-13 11:53:59.072740,-0.01,0.95,-0.25,1.83,1.16,2.50,-7.78,-34.40,-9.56,1
O,2022-11-13 11:53:59.072892,-0.01,0.95,-0.24,1.77,1.16,2.38,-6.41,-34.13,-8.67,1
O,2022-11-13 11:53:59.073055,-0.02,0.95,-0.25,1.89,1.28,2.56,-6.41,-34.13,-8.67,1
O,2022-11-13 11:53:59.073214,-0.02,0.95,-0.25,1.89,1.40,2.32,-6.41,-34.13,-8.67,1
O,2022-11-13 11:53:59.073378,-0.02,0.95,-0.25,1.65,0.98,2.44,-7.26,-33.96,-7.95,1
O,2022-11-13 11:53:59.073560,-0.02,0.95,-0.25,1.95,1.40,2.56,-7.26,-33.96,-7.95,1
O,2022-11-13 11:53:59.073737,-0.02,0.95,-0.25,2.01,1.28,2.50,-6.96,-34.70,-8.64,1
O,2022-11-13 11:53:59.073965,-0.02,0.95,-0.25,1.71,1.40,2.32,-6.96,-34.70,-8.64,1
O,2022-11-13 11:53:59.074152,-0.02,0.95,-0.25,1.89,1.28,2.62,-6.96,-34.70,-8.64,1
O,2022-11-13 11:53:59.074310,-0.02,0.95,-0.25,1.83,1.22,2.38,-6.79,-34.18,-8.74,1
O,2022-11-13 11:53:59.074478,-0.02,0.95,-0.25,1.95,1.22,2.38,-6.79,-34.18,-8.74,1
O,2022-11-13 11:53:59.074641,-0.02,0.95,-0.25,1.65,1.40,2.38,-6.79,-34.18,-8.74,1
O,2022-11-13 11:53:59.074804,-0.02,0.95,-0.25,1.77,1.22,2.44,-6.43,-34.20,-8.68,1
O,2022-11-13 11:53:59.074975,-0.02,0.95,-0.24,1.77,1.28,2.44,-6.43,-34.20,-8.68,1
O,2022-11-13 11:53:59.075147,-0.01,0.95,-0.25,1.89,1.10,2.32,-6.43,-34.20,-8.68,1
O,2022-11-13 11:53:59.075324,-0.02,0.95,-0.25,1.89,1.16,2.26,-6.58,-33.72,-8.28,1
O,2022-11-13 11:53:59.075497,-0.02,0.95,-0.25,1.71,1.34,2.32,-6.58,-33.72,-8.28,1
O,2022-11-13 11:53:59.075679,-0.02,0.95,-0.25,1.71,1.34,2.26,-7.32,-34.73,-9.06,1
O,2022-11-13 11:53:59.075845,-0.02,0.95,-0.25,1.71,1.10,2.20,-7.32,-34.73,-9.06,1
O,2022-11-13 11:53:59.076020,-0.02,0.95,-0.25,1.71,1.22,2.32,-7.32,-34.73,-9.06,1
O,2022-11-13 11:53:59.076173,-0.02,0.95,-0.24,1.77,1.16,2.26,-6.70,-34.22,-8.95,1
O,2022-11-13 11:53:59.076334,-0.02,0.95,-0.24,1.89,1.22,2.56,-6.70,-34.22,-8.95,1
O,2022-11-13 11:53:59.076520,-0.02,0.95,-0.25,1.71,1.22,2.38,-6.70,-34.22,-8.95,1
O,2022-11-13 11:53:59.076682,-0.01,0.95,-0.25,1.89,1.22,2.38,-6.80,-33.84,-9.19,1
O,2022-11-13 11:53:59.076867,-0.02,0.95,-0.24,1.95,1.28,2.20,-6.80,-33.84,-9.19,1
O,2022-11-13 11:53:59.077028,-0.02,0.95,-0.24,1.77,1.28,2.38,-6.80,-33.84,-9.19,1
O,2022-11-13 11:53:59.077206,-0.01,0.95,-0.25,1.89,1.28,2.20,-7.03,-33.69,-9.35,1
O,2022-11-13 11:53:59.077367,-0.02,0.95,-0.24,1.83,1.28,2.38,-7.03,-33.69,-9.35,1
O,2022-11-13 11:53:59.077539,-0.02,0.95,-0.25,1.71,1.28,2.26,-6.88,-34.00,-9.14,1
O,2022-11-13 11:53:59.077712,-0.02,0.95,-0.25,1.65,0.98,2.26,-6.88,-34.00,-9.14,1
O,2022-11-13 11:53:59.077880,-0.02,0.95,-0.25,1.89,1.22,2.26,-6.88,-34.00,-9.14,1
O,2022-11-13 11:53:59.078061,-0.02,0.95,-0.24,1.83,1.16,2.14,-6.69,-34.45,-8.54,1
O,2022-11-13 11:53:59.078215,-0.02,0.95,-0.25,1.77,1.34,2.44,-6.69,-34.45,-8.54,1
O,2022-11-13 11:53:59.078367,-0.02,0.95,-0.24,1.71,1.28,2.20,-6.69,-34.45,-8.54,1
O,2022-11-13 11:53:59.078525,-0.02,0.95,-0.25,1.71,1.22,2.32,-6.75,-34.58,-7.98,1
O,2022-11-13 11:53:59.078675,-0.02,0.95,-0.24,1.77,1.16,2.20,-6.75,-34.58,-7.98,1
O,2022-11-13 11:53:59.078838,-0.02,0.95,-0.25,1.89,1.28,2.32,-6.75,-34.58,-7.98,1
O,2022-11-13 11:53:59.078988,-0.02,0.95,-0.25,1.71,1.16,2.20,-6.69,-34.22,-7.52,1
O,2022-11-13 11:53:59.079138,-0.02,0.95,-0.25,1.77,1.22,2.32,-6.69,-34.22,-7.52,1
O,2022-11-13 11:53:59.079300,-0.02,0.95,-0.24,1.83,1.16,2.44,-6.21,-34.13,-8.72,1
O,2022-11-13 11:53:59.079452,-0.02,0.95,-0.25,1.71,1.16,2.26,-6.21,-34.13,-8.72,1
O,2022-11-13 11:53:59.079611,-0.02,0.95,-0.24,1.95,1.16,2.32,-6.21,-34.13,-8.72,1
O,2022-11-13 11:53:59.079763,-0.02,0.95,-0.25,1.83,1.34,2.32,-6.75,-33.96,-9.36,1
O,2022-11-13 11:53:59.079926,-0.02,0.95,-0.24,1.77,1.22,2.38,-6.75,-33.96,-9.36,1
O,2022-11-13 11:53:59.080079,-0.01,0.95,-0.24,1.89,1.16,2.56,-6.75,-33.96,-9.36,1
O,2022-11-13 11:53:59.080231,-0.02,0.95,-0.25,1.89,1.22,2.32,-6.90,-33.72,-9.18,1
O,2022-11-13 11:53:59.080395,-0.02,0.95,-0.25,1.89,1.16,2.38,-6.90,-33.72,-9.18,1
O,2022-11-13 11:53:59.080553,-0.02,0.95,-0.24,1.77,1.46,2.44,-6.90,-33.72,-9.18,1
O,2022-11-13 11:53:59.080714,-0.02,0.95,-0.25,1.83,0.98,2.38,-6.35,-33.89,-9.12,1
O,2022-11-13 11:53:59.080865,-0.02,0.95,-0.24,1.77,1.34,2.38,-6.35,-33.89,-9.12,1
O,2022-11-13 11:53:59.081017,-0.02,0.95,-0.25,1.77,1.40,2.38,-7.10,-34.16,-7.30,1
O,2022-11-13 11:53:59.081177,-0.02,0.95,-0.25,1.83,1.22,2.50,-7.10,-34.16,-7.30,1
O,2022-11-13 11:53:59.081328,-0.02,0.95,-0.24,1.95,1.22,2.38,-7.10,-34.16,-7.30,1
O,2022-11-13 11:53:59.081491,-0.01,0.95,-0.25,1.83,1.16,2.44,-7.09,-33.79,-8.47,1
O,2022-11-13 11:53:59.081643,-0.02,0.95,-0.24,1.83,1.16,2.14,-7.09,-33.79,-8.47,1
O,2022-11-13 11:53:59.081795,-0.02,0.95,-0.24,1.65,1.34,2.20,-7.09,-33.79,-8.47,1
O,2022-11-13 11:53:59.081958,-0.02,0.95,-0.25,1.65,1.40,2.38,-7.26,-34.39,-8.51,1
O,2022-11-13 11:53:59.082109,-0.02,0.95,-0.24,1.77,1.28,2.38,-7.26,-34.39,-8.51,1
O,2022-11-13 11:53:59.082271,-0.02,0.95,-0.24,1.71,1.34,2.38,-7.26,-34.39,-8.51,1
O,2022-11-13 11:53:59.082430,-0.02,0.95,-0.24,1.77,1.04,2.14,-7.75,-34.12,-8.11,1
O,2022-11-13 11:53:59.082586,-0.02,0.95,-0.25,1.83,1.28,2.44,-7.75,-34.12,-8.11,1
O,2022-11-13 11:53:59.082766,-0.02,0.95,-0.24,1.77,1.28,2.26,-6.38,-33.91,-9.92,1
O,2022-11-13 11:53:59.082917,-0.02,0.95,-0.24,1.71,1.22,2.50,-6.38,-33.91,-9.92,1
O,2022-11-13 11:53:59.083077,-0.02,0.95,-0.24,1.65,1.22,2.44,-6.38,-33.91,-9.92,1
O,2022-11-13 11:53:59.083229,-0.02,0.95,-0.25,1.65,1.28,2.44,-7.13,-33.52,-8.36,1
O,2022-11-13 11:53:59.083386,-0.02,0.95,-0.25,1.71,1.34,2.44,-7.13,-33.52,-8.36,1
O,2022-11-13 11:53:59.083540,-0.02,0.95,-0.24,1.89,1.22,2.32,-7.13,-33.52,-8.36,1
O,2022-11-13 11:53:59.083716,-0.02,0.95,-0.25,1.77,1.22,2.44,-7.42,-33.58,-9.33,1
O,2022-11-13 11:53:59.083882,-0.02,0.95,-0.24,1.71,1.34,2.44,-7.42,-33.58,-9.33,1
O,2022-11-13 11:53:59.084048,-0.02,0.95,-0.24,1.83,1.40,2.32,-7.42,-33.58,-9.33,1
O,2022-11-13 11:53:59.084211,-0.02,0.95,-0.24,1.59,1.28,2.32,-7.12,-33.69,-8.58,1
O,2022-11-13 11:53:59.084366,-0.02,0.95,-0.25,1.83,1.16,2.38,-7.12,-33.69,-8.58,1
O,2022-11-13 11:53:59.084520,-0.02,0.95,-0.25,1.89,1.40,2.38,-6.84,-33.73,-8.51,1
O,2022-11-13 11:53:59.084690,-0.02,0.95,-0.25,1.65,1.22,2.32,-6.84,-33.73,-8.51,1
O,2022-11-13 11:53:59.084840,-0.02,0.95,-0.24,1.95,1.34,2.50,-6.84,-33.73,-8.51,1
O,2022-11-13 11:53:59.084997,-0.02,0.95,-0.24,1.77,1.10,2.32,-6.65,-33.65,-9.17,1
O,2022-11-13 11:53:59.085149,-0.01,0.95,-0.25,1.89,1.16,2.38,-6.65,-33.65,-9.17,1
O,2022-11-13 11:53:59.085330,-0.02,0.95,-0.24,1.65,1.22,2.38,-6.65,-33.65,-9.17,1
O,2022-11-13 11:53:59.085489,-0.02,0.95,-0.24,1.65,1.16,2.38,-7.15,-33.95,-7.59,1
O,2022-11-13 11:53:59.085644,-0.02,0.95,-0.25,1.83,1.22,2.32,-7.15,-33.95,-7.59,1
O,2022-11-13 11:53:59.085810,-0.02,0.95,-0.25,1.89,1.40,2.44,-7.15,-33.95,-7.59,1
O,2022-11-13 11:53:59.085961,-0.02,0.95,-0.24,1.77,1.22,2.50,-7.39,-33.56,-8.59,1
O,2022-11-13 11:53:59.086119,-0.02,0.95,-0.24,1.71,1.34,2.38,-7.39,-33.56,-8.59,1
O,2022-11-13 11:53:59.086271,-0.02,0.95,-0.25,1.95,1.22,2.38,-6.80,-33.87,-8.34,1
O,2022-11-13 11:53:59.086423,-0.02,0.95,-0.24,1.53,1.28,2.38,-6.80,-33.87,-8.34,1
O,2022-11-13 11:53:59.086585,-0.02,0.95,-0.24,1.71,1.16,2.32,-6.80,-33.87,-8.34,1
O,2022-11-13 11:53:59.086736,-0.02,0.95,-0.24,1.83,1.28,2.50,-6.85,-33.86,-8.28,1
O,2022-11-13 11:53:59.086901,-0.01,0.95,-0.25,1.77,1.34,2.38,-6.85,-33.86,-8.28,1
O,2022-11-13 11:53:59.087055,-0.02,0.95,-0.24,1.89,1.22,2.26,-6.85,-33.86,-8.28,1
O,2022-11-13 11:53:59.087208,-0.02,0.95,-0.25,1.77,1.22,2.20,-7.12,-34.01,-8.73,1
O,2022-11-13 11:53:59.087379,-0.02,0.95,-0.24,1.89,1.22,2.32,-7.12,-34.01,-8.73,1
O,2022-11-13 11:53:59.087531,-0.02,0.95,-0.25,1.83,1.22,2.50,-7.12,-34.01,-8.73,1
O,2022-11-13 11:53:59.087693,-0.02,0.95,-0.24,1.83,1.34,2.26,-6.90,-34.39,-8.91,1
O,2022-11-13 11:53:59.087851,-0.01,0.95,-0.24,1.65,1.16,2.20,-6.90,-34.39,-8.91,1
O,2022-11-13 11:53:59.088003,-0.02,0.95,-0.25,1.71,1.28,2.32,-7.24,-33.97,-8.94,1
O,2022-11-13 11:53:59.088167,-0.02,0.95,-0.24,1.59,1.46,2.20,-7.24,-33.97,-8.94,1
O,2022-11-13 11:53:59.088318,-0.02,0.95,-0.24,1.89,1.28,2.20,-7.24,-33.97,-8.94,1
O,2022-11-13 11:53:59.088475,-0.02,0.95,-0.25,1.77,1.10,2.44,-6.58,-33.31,-8.85,1
O,2022-11-13 11:53:59.088626,-0.02,0.95,-0.24,1.89,1.28,2.26,-6.58,-33.31,-8.85,1
O,2022-11-13 11:53:59.088787,-0.02,0.95,-0.24,1.89,1.28,2.44,-6.58,-33.31,-8.85,1
O,2022-11-13 11:53:59.088939,-0.02,0.95,-0.25,1.89,1.04,2.44,-7.41,-34.22,-8.74,1
O,2022-11-13 11:53:59.089090,-0.02,0.95,-0.24,1.65,1.22,2.38,-7.41,-34.22,-8.74,1
O,2022-11-13 11:53:59.089254,-0.02,0.95,-0.24,1.77,1.04,2.38,-7.41,-34.22,-8.74,1
O,2022-11-13 11:53:59.089405,-0.02,0.95,-0.24,1.71,1.34,2.26,-6.93,-33.91,-9.00,1
O,2022-11-13 11:53:59.089569,-0.02,0.95,-0.24,1.83,1.16,2.38,-6.93,-33.91,-9.00,1
O,2022-11-13 11:53:59.089723,-0.02,0.95,-0.24,1.89,1.28,2.26,-7.12,-34.23,-8.19,1
O,2022-11-13 11:53:59.089872,-0.02,0.95,-0.24,1.65,1.28,2.26,-7.12,-34.23,-8.19,1
O,2022-11-13 11:53:59.090036,-0.02,0.95,-0.24,1.83,1.40,2.38,-7.12,-34.23,-8.19,1
O,2022-11-13 11:53:59.090186,-0.02,0.95,-0.24,1.77,1.34,2.32,-6.76,-34.53,-9.05,1
O,2022-11-13 11:53:59.090346,-0.02,0.95,-0.24,1.71,1.28,2.20,-6.76,-34.53,-9.05,1
O,2022-11-13 11:53:59.090499,-0.02,0.95,-0.24,1.71,1.22,2.32,-6.76,-34.53,-9.05,1
O,2022-11-13 11:53:59.090651,-0.02,0.95,-0.24,1.77,1.34,2.38,-6.74,-33.95,-9.48,1
O,2022-11-13 11:53:59.090808,-0.02,0.95,-0.25,1.71,1.34,2.56,-6.74,-33.95,-9.48,1
O,2022-11-13 11:53:59.090960,-0.02,0.95,-0.24,1.71,1.46,2.44,-6.74,-33.95,-9.48,1
O,2022-11-13 11:53:59.091123,-0.02,0.95,-0.24,1.40,1.22,2.26,-6.56,-34.33,-7.52,1
O,2022-11-13 11:53:59.091274,-0.02,0.95,-0.24,1.77,1.28,2.32,-6.56,-34.33,-7.52,1
O,2022-11-13 11:53:59.091458,-0.02,0.95,-0.24,1.77,1.16,2.32,-6.41,-34.00,-9.06,1
O,2022-11-13 11:53:59.091705,-0.02,0.95,-0.24,1.89,1.22,2.32,-6.41,-34.00,-9.06,1
O,2022-11-13 11:53:59.091894,-0.02,0.95,-0.25,1.95,1.22,2.44,-6.41,-34.00,-9.06,1
O,2022-11-13 11:53:59.092116,-0.02,0.95,-0.24,1.89,1.22,2.38,-6.16,-33.84,-8.53,1
O,2022-11-13 11:53:59.092303,-0.02,0.95,-0.24,1.71,1.34,2.38,-6.16,-33.84,-8.53,1
O,2022-11-13 11:53:59.092469,-0.02,0.95,-0.24,1.89,1.28,2.50,-6.16,-33.84,-8.53,1
O,2022-11-13 11:53:59.092643,-0.02,0.95,-0.25,1.83,1.34,2.20,-6.47,-34.11,-7.64,1
O,2022-11-13 11:53:59.092813,-0.02,0.95,-0.24,1.83,1.28,2.32,-6.47,-34.11,-7.64,1
O,2022-11-13 11:53:59.092997,-0.02,0.95,-0.24,1.65,1.34,2.38,-6.47,-34.11,-7.64,1
O,2022-11-13 11:53:59.093160,-0.02,0.95,-0.24,1.53,1.16,2.32,-6.81,-34.45,-9.23,1
O,2022-11-13 11:53:59.093330,-0.02,0.95,-0.24,1.83,1.34,2.32,-6.81,-34.45,-9.23,1
O,2022-11-13 11:53:59.093530,-0.02,0.95,-0.24,1.77,1.40,2.44,-6.76,-33.83,-8.54,1
O,2022-11-13 11:53:59.093721,-0.02,0.95,-0.25,1.65,1.46,2.32,-6.76,-33.83,-8.54,1
O,2022-11-13 11:53:59.093880,-0.02,0.95,-0.25,1.77,1.28,2.38,-6.76,-33.83,-8.54,1
O,2022-11-13 11:53:59.094052,-0.02,0.95,-0.25,1.83,1.40,2.56,-6.21,-33.64,-9.07,1
O,2022-11-13 11:53:59.094231,-0.02,0.95,-0.24,1.71,1.28,2.32,-6.21,-33.64,-9.07,1
O,2022-11-13 11:53:59.094384,-0.02,0.95,-0.24,1.71,1.34,2.32,-6.21,-33.64,-9.07,1
O,2022-11-13 11:53:59.094573,-0.02,0.95,-0.25,1.77,1.10,2.20,-7.13,-33.78,-8.29,1
O,2022-11-13 11:53:59.094738,-0.02,0.95,-0.24,1.71,1.34,2.50,-7.13,-33.78,-8.29,1
O,2022-11-13 11:53:59.094909,-0.02,0.95,-0.24,1.71,1.34,2.32,-7.13,-33.78,-8.29,1
O,2022-11-13 11:53:59.095140,-0.02,0.95,-0.24,1.83,1.22,2.38,-6.81,-33.89,-9.40,1
O,2022-11-13 11:53:59.095313,-0.02,0.95,-0.24,1.89,1.22,2.38,-6.81,-33.89,-9.40,1
O,2022-11-13 11:53:59.095468,-0.02,0.95,-0.24,1.59,1.16,2.32,-6.92,-34.25,-9.29,1
O,2022-11-13 11:53:59.095710,-0.02,0.95,-0.24,1.89,1.34,2.32,-6.92,-34.25,-9.29,1
O,2022-11-13 11:53:59.095884,-0.02,0.95,-0.24,1.77,1.46,2.26,-6.92,-34.25,-9.29,1
O,2022-11-13 11:53:59.096051,-0.02,0.95,-0.24,1.95,1.28,2.32,-7.04,-34.25,-7.92,1
O,2022-11-13 11:53:59.096202,-0.02,0.95,-0.24,1.71,1.34,2.50,-7.04,-34.25,-7.92,1
O,2022-11-13 11:53:59.096354,-0.02,0.95,-0.24,1.77,1.40,2.32,-7.04,-34.25,-7.92,1
O,2022-11-13 11:53:59.096515,-0.02,0.95,-0.24,1.46,1.40,2.20,-7.01,-34.28,-8.68,1
O,2022-11-13 11:53:59.096664,-0.02,0.95,-0.24,1.71,1.28,2.32,-7.01,-34.28,-8.68,1
O,2022-11-13 11:53:59.096828,-0.02,0.95,-0.24,1.77,1.28,2.32,-7.01,-34.28,-8.68,1
O,2022-11-13 11:53:59.096978,-0.02,0.95,-0.24,1.34,1.28,2.14,-7.47,-34.36,-8.09,1
O,2022-11-13 11:53:59.097129,-0.02,0.95,-0.24,1.77,1.22,2.32,-7.47,-34.36,-8.09,1
O,2022-11-13 11:53:59.097294,-0.02,0.95,-0.24,1.83,1.28,2.20,-7.40,-33.67,-8.59,1
O,2022-11-13 11:53:59.097446,-0.02,0.95,-0.24,1.71,1.40,2.44,-7.40,-33.67,-8.59,1
O,2022-11-13 11:53:59.097610,-0.02,0.95,-0.24,1.89,1.34,2.38,-7.40,-33.67,-8.59,1
O,2022-11-13 11:53:59.097762,-0.02,0.95,-0.24,1.71,1.28,2.44,-7.01,-33.97,-9.77,1
O,2022-11-13 11:53:59.097912,-0.02,0.95,-0.24,1.71,1.28,2.50,-7.01,-33.97,-9.77,1
O,2022-11-13 11:53:59.098071,-0.02,0.95,-0.24,1.77,1.28,2.50,-7.01,-33.97,-9.77,1
O,2022-11-13 11:53:59.098223,-0.01,0.95,-0.24,1.83,1.16,2.38,-7.02,-34.86,-9.02,1
O,2022-11-13 11:53:59.098395,-0.01,0.95,-0.24,1.95,1.16,2.38,-7.02,-34.86,-9.02,1
O,2022-11-13 11:53:59.098545,-0.02,0.95,-0.24,1.71,1.40,2.32,-7.02,-34.86,-9.02,1
O,2022-11-13 11:53:59.098704,-0.02,0.95,-0.24,1.89,1.22,2.26,-6.77,-33.78,-7.82,1
O,2022-11-13 11:53:59.098856,-0.02,0.95,-0.24,1.83,1.40,2.38,-6.77,-33.78,-7.82,1
O,2022-11-13 11:53:59.099008,-0.01,0.95,-0.24,1.83,1.34,2.44,-7.18,-34.01,-9.80,1
O,2022-11-13 11:53:59.099170,-0.02,0.95,-0.24,1.59,1.22,2.32,-7.18,-34.01,-9.80,1
O,2022-11-13 11:53:59.099321,-0.02,0.95,-0.24,1.89,1.28,2.44,-7.18,-34.01,-9.80,1
O,2022-11-13 11:53:59.099488,-0.02,0.95,-0.24,1.71,1.34,2.44,-7.17,-33.97,-8.58,1
O,2022-11-13 11:53:59.099649,-0.02,0.95,-0.24,1.53,1.34,2.26,-7.17,-33.97,-8.58,1
O,2022-11-13 11:53:59.099805,-0.02,0.95,-0.24,1.71,1.22,2.44,-7.17,-33.97,-8.58,1
O,2022-11-13 11:53:59.099984,-0.02,0.95,-0.24,1.65,1.16,2.20,-7.39,-34.19,-8.06,1
O,2022-11-13 11:53:59.100151,-0.02,0.95,-0.24,1.89,1.28,2.26,-7.39,-34.19,-8.06,1
O,2022-11-13 11:53:59.100334,-0.01,0.95,-0.24,1.77,1.28,2.32,-7.39,-34.19,-8.06,1
O,2022-11-13 11:53:59.100485,-0.01,0.95,-0.24,1.83,1.10,2.38,-7.07,-34.12,-8.42,1
O,2022-11-13 11:53:59.100652,-0.02,0.95,-0.24,1.71,1.28,2.50,-7.07,-34.12,-8.42,1
O,2022-11-13 11:53:59.100812,-0.02,0.95,-0.24,1.71,1.28,2.44,-7.14,-33.85,-9.45,1
O,2022-11-13 11:53:59.100964,-0.02,0.95,-0.24,1.77,1.22,2.08,-7.14,-33.85,-9.45,1
O,2022-11-13 11:53:59.101131,-0.02,0.95,-0.24,1.83,1.28,2.38,-7.14,-33.85,-9.45,1
O,2022-11-13 11:53:59.101282,-0.02,0.95,-0.24,1.83,1.34,2.50,-6.99,-33.83,-9.16,1
O,2022-11-13 11:53:59.101457,-0.02,0.95,-0.24,1.83,1.46,2.44,-6.99,-33.83,-9.16,1
O,2022-11-13 11:53:59.101615,-0.02,0.95,-0.24,1.89,1.22,2.32,-6.99,-33.83,-9.16,1
O,2022-11-13 11:53:59.101804,-0.01,0.95,-0.24,1.77,1.34,2.26,-6.41,-34.01,-8.06,1
O,2022-11-13 11:53:59.101962,-0.02,0.95,-0.24,1.83,1.34,2.32,-6.41,-34.01,-8.06,1
O,2022-11-13 11:53:59.102115,-0.02,0.95,-0.24,1.89,1.46,2.50,-6.41,-34.01,-8.06,1
O,2022-11-13 11:53:59.102275,-0.02,0.95,-0.24,1.77,1.22,2.14,-7.58,-33.85,-8.09,1
O,2022-11-13 11:53:59.102429,-0.02,0.95,-0.24,1.89,1.53,2.50,-7.58,-33.85,-8.09,1
O,2022-11-13 11:53:59.102582,-0.02,0.95,-0.24,1.77,1.28,2.32,-7.34,-33.87,-7.20,1
O,2022-11-13 11:53:59.102751,-0.02,0.95,-0.24,1.53,1.34,2.32,-7.34,-33.87,-7.20,1
O,2022-11-13 11:53:59.102903,-0.02,0.95,-0.24,1.83,1.22,2.26,-7.34,-33.87,-7.20,1
O,2022-11-13 11:53:59.103070,-0.01,0.95,-0.24,1.71,1.22,2.50,-7.36,-33.86,-10.03,1
O,2022-11-13 11:53:59.103223,-0.02,0.95,-0.24,1.71,1.28,2.50,-7.36,-33.86,-10.03,1
O,2022-11-13 11:53:59.103376,-0.02,0.95,-0.24,1.77,1.34,2.50,-7.36,-33.86,-10.03,1
O,2022-11-13 11:53:59.103535,-0.02,0.95,-0.24,1.89,1.34,2.50,-6.68,-33.97,-8.62,1
O,2022-11-13 11:53:59.103686,-0.02,0.95,-0.24,1.77,1.34,2.56,-6.68,-33.97,-8.62,1
O,2022-11-13 11:53:59.103854,-0.01,0.95,-0.24,1.77,1.28,2.26,-6.68,-33.97,-8.62,1
O,2022-11-13 11:53:59.104007,-0.02,0.95,-0.24,1.71,1.22,2.32,-7.01,-34.19,-9.24,1
O,2022-11-13 11:53:59.104168,-0.02,0.95,-0.24,1.71,1.28,2.50,-7.01,-34.19,-9.24,1
O,2022-11-13 11:53:59.104325,-0.02,0.95,-0.24,1.95,1.28,2.38,-7.40,-33.72,-8.58,1
O,2022-11-13 11:53:59.104477,-0.02,0.95,-0.24,1.77,1.22,2.50,-7.40,-33.72,-8.58,1
O,2022-11-13 11:53:59.104634,-0.02,0.95,-0.24,1.71,1.22,2.32,-7.40,-33.72,-8.58,1
O,2022-11-13 11:53:59.104786,-0.02,0.95,-0.24,2.01,1.16,2.20,-6.76,-33.89,-8.61,1
O,2022-11-13 11:53:59.104948,-0.02,0.95,-0.24,1.59,1.40,2.32,-6.76,-33.89,-8.61,1
O,2022-11-13 11:53:59.105102,-0.02,0.95,-0.24,1.77,1.34,2.32,-6.76,-33.89,-8.61,1
O,2022-11-13 11:53:59.105254,-0.02,0.95,-0.24,1.89,0.85,2.14,-7.18,-34.38,-8.64,1
O,2022-11-13 11:53:59.105422,-0.02,0.95,-0.24,2.01,1.22,2.32,-7.18,-34.38,-8.64,1
O,2022-11-13 11:53:59.105575,-0.02,0.95,-0.25,1.77,1.34,2.38,-7.18,-34.38,-8.64,1
O,2022-11-13 11:53:59.105754,-0.02,0.95,-0.24,1.71,1.22,2.26,-6.88,-34.08,-8.01,1
O,2022-11-13 11:53:59.105906,-0.02,0.95,-0.24,1.59,1.34,2.44,-6.88,-34.08,-8.01,1
O,2022-11-13 11:53:59.106055,-0.02,0.95,-0.24,1.95,1.40,2.38,-7.21,-34.03,-8.61,1
O,2022-11-13 11:53:59.106212,-0.02,0.95,-0.24,1.77,1.28,2.44,-7.21,-34.03,-8.61,1
O,2022-11-13 11:53:59.106364,-0.02,0.95,-0.24,1.77,1.28,2.26,-7.21,-34.03,-8.61,1
O,2022-11-13 11:53:59.106532,-0.02,0.95,-0.24,1.89,1.28,2.44,-6.97,-34.03,-9.12,1
O,2022-11-13 11:53:59.106682,-0.02,0.95,-0.24,1.71,1.40,2.38,-6.97,-34.03,-9.12,1
O,2022-11-13 11:53:59.106833,-0.02,0.95,-0.24,1.83,1.34,2.44,-6.97,-34.03,-9.12,1
O,2022-11-13 11:53:59.106995,-0.02,0.95,-0.24,1.83,0.98,2.32,-7.09,-34.25,-9.25,1
O,2022-11-13 11:53:59.107146,-0.02,0.95,-0.24,1.77,1.28,2.32,-7.09,-34.25,-9.25,1
O,2022-11-13 11:53:59.107310,-0.02,0.95,-0.24,1.89,1.22,2.62,-7.09,-34.25,-9.25,1
O,2022-11-13 11:53:59.107464,-0.01,0.95,-0.24,1.53,1.34,2.20,-6.93,-34.39,-8.28,1
O,2022-11-13 11:53:59.107618,-0.02,0.95,-0.24,1.83,1.10,2.38,-6.93,-34.39,-8.28,1
O,2022-11-13 11:53:59.107776,-0.02,0.95,-0.24,1.89,1.22,2.44,-7.39,-33.91,-8.52,1
O,2022-11-13 11:53:59.107933,-0.02,0.95,-0.24,1.77,1.16,2.32,-7.39,-33.91,-8.52,1
O,2022-11-13 11:53:59.108100,-0.02,0.95,-0.24,1.77,1.28,2.38,-7.39,-33.91,-8.52,1
O,2022-11-13 11:53:59.108254,-0.02,0.95,-0.24,1.77,1.28,2.38,-6.98,-34.34,-9.27,1
O,2022-11-13 11:53:59.108410,-0.01,0.95,-0.24,1.83,1.46,2.38,-6.98,-34.34,-9.27,1
O,2022-11-13 11:53:59.108562,-0.02,0.95,-0.24,1.95,1.34,2.26,-6.98,-34.34,-9.27,1
O,2022-11-13 11:53:59.108718,-0.01,0.95,-0.24,1.83,1.28,2.50,-7.30,-34.09,-9.08,1
O,2022-11-13 11:53:59.108878,-0.02,0.95,-0.24,1.71,1.40,2.50,-7.30,-34.09,-9.08,1
O,2022-11-13 11:53:59.109028,-0.02,0.95,-0.24,1.83,1.40,2.50,-7.30,-34.09,-9.08,1
O,2022-11-13 11:53:59.109190,-0.01,0.95,-0.24,1.59,1.22,2.32,-7.35,-34.30,-9.13,1
O,2022-11-13 11:53:59.109340,-0.02,0.95,-0.24,1.71,1.34,2.44,-7.35,-34.30,-9.13,1
O,2022-11-13 11:53:59.109490,-0.02,0.95,-0.24,1.77,1.53,2.50,-6.88,-34.35,-9.68,1
O,2022-11-13 11:53:59.109655,-0.02,0.95,-0.24,1.71,1.34,2.38,-6.88,-34.35,-9.68,1
O,2022-11-13 11:53:59.109806,-0.01,0.95,-0.24,1.89,1.22,2.38,-6.88,-34.35,-9.68,1
O,2022-11-13 11:53:59.109976,-0.02,0.95,-0.24,1.71,1.22,2.32,-7.09,-34.08,-8.94,1
O,2022-11-13 11:53:59.110127,-0.01,0.95,-0.24,1.77,1.40,2.50,-7.09,-34.08,-8.94,1
O,2022-11-13 11:53:59.110282,-0.02,0.95,-0.24,1.83,1.22,2.32,-7.09,-34.08,-8.94,1
O,2022-11-13 11:53:59.110457,-0.02,0.95,-0.24,1.71,1.40,2.20,-6.87,-34.11,-8.96,1
O,2022-11-13 11:53:59.110637,-0.02,0.95,-0.24,1.71,1.28,2.44,-6.87,-34.11,-8.96,1
O,2022-11-13 11:53:59.110806,-0.02,0.95,-0.24,1.77,1.22,2.56,-6.87,-34.11,-8.96,1
O,2022-11-13 11:53:59.110977,-0.01,0.95,-0.24,1.89,1.16,2.26,-6.96,-33.67,-8.44,1
O,2022-11-13 11:53:59.111151,-0.02,0.95,-0.24,1.83,1.28,2.32,-6.96,-33.67,-8.44,1
O,2022-11-13 11:53:59.111381,-0.01,0.95,-0.24,1.71,1.53,2.32,-6.79,-33.79,-8.98,1
O,2022-11-13 11:53:59.111545,-0.02,0.95,-0.24,1.59,1.22,2.26,-6.79,-33.79,-8.98,1
O,2022-11-13 11:53:59.111745,-0.02,0.95,-0.24,1.59,1.22,2.26,-6.79,-33.79,-8.98,1
O,2022-11-13 11:53:59.111918,-0.02,0.95,-0.24,1.59,1.22,2.32,-6.96,-34.08,-8.80,1
O,2022-11-13 11:53:59.112101,-0.02,0.95,-0.24,1.77,1.34,2.38,-6.96,-34.08,-8.80,1
O,2022-11-13 11:53:59.112271,-0.02,0.95,-0.24,1.71,1.22,2.44,-6.96,-34.08,-8.80,1
O,2022-11-13 11:53:59.112440,-0.02,0.95,-0.24,1.65,1.22,2.32,-6.74,-33.92,-9.00,1
O,2022-11-13 11:53:59.112598,-0.02,0.95,-0.24,1.65,1.34,2.44,-6.74,-33.92,-9.00,1
O,2022-11-13 11:53:59.112764,-0.02,0.95,-0.24,1.83,1.16,2.32,-6.74,-33.92,-9.00,1
O,2022-11-13 11:53:59.112972,-0.02,0.95,-0.24,1.65,1.22,2.44,-6.99,-34.16,-9.14,1
O,2022-11-13 11:53:59.113146,-0.01,0.95,-0.24,1.71,1.22,2.26,-6.99,-34.16,-9.14,1
O,2022-11-13 11:53:59.113317,-0.02,0.95,-0.24,1.77,1.34,2.38,-6.82,-33.76,-9.07,1
O,2022-11-13 11:53:59.113495,-0.02,0.95,-0.24,1.71,1.16,2.38,-6.82,-33.76,-9.07,1
O,2022-11-13 11:53:59.113668,-0.02,0.95,-0.24,1.71,1.34,2.56,-6.82,-33.76,-9.07,1
O,2022-11-13 11:53:59.113835,-0.02,0.95,-0.24,1.77,1.16,2.44,-6.76,-33.51,-9.77,1
O,2022-11-13 11:53:59.114009,-0.02,0.95,-0.24,1.83,1.22,2.32,-6.76,-33.51,-9.77,1
O,2022-11-13 11:53:59.114176,-0.02,0.95,-0.24,1.77,1.22,2.38,-6.76,-33.51,-9.77,1
O,2022-11-13 11:53:59.114340,-0.02,0.95,-0.24,1.77,1.28,2.44,-6.52,-34.00,-9.61,1
O,2022-11-13 11:53:59.114520,-0.02,0.95,-0.24,1.77,1.34,2.44,-6.52,-34.00,-9.61,1
O,2022-11-13 11:53:59.114694,-0.02,0.95,-0.24,1.89,1.34,2.50,-6.52,-34.00,-9.61,1
O,2022-11-13 11:53:59.114862,-0.02,0.95,-0.24,1.53,1.22,2.26,-6.68,-33.83,-9.01,1
O,2022-11-13 11:53:59.115035,-0.02,0.95,-0.24,1.77,1.34,2.50,-6.68,-33.83,-9.01,1
O,2022-11-13 11:53:59.115185,-0.02,0.95,-0.24,1.65,1.40,2.44,-6.59,-33.34,-9.91,1
O,2022-11-13 11:53:59.115334,-0.02,0.95,-0.24,1.59,1.40,2.26,-6.59,-33.34,-9.91,1
O,2022-11-13 11:53:59.115496,-0.02,0.95,-0.24,1.83,1.22,2.26,-6.59,-33.34,-9.91,1
O,2022-11-13 11:53:59.115646,-0.02,0.95,-0.24,1.40,1.46,2.32,-6.40,-34.13,-9.48,1
O,2022-11-13 11:53:59.115805,-0.02,0.95,-0.24,1.65,1.34,2.38,-6.40,-34.13,-9.48,1
O,2022-11-13 11:53:59.115958,-0.01,0.95,-0.24,2.08,1.22,2.32,-6.40,-34.13,-9.48,1
O,2022-11-13 11:53:59.116123,-0.02,0.95,-0.24,1.83,1.10,2.32,-6.08,-33.61,-7.70,1
O,2022-11-13 11:53:59.116281,-0.01,0.95,-0.24,1.89,1.16,2.44,-6.08,-33.61,-7.70,1
O,2022-11-13 11:53:59.116435,-0.02,0.95,-0.24,1.71,1.28,2.32,-6.08,-33.61,-7.70,1
O,2022-11-13 11:53:59.116596,-0.02,0.95,-0.24,1.59,1.34,2.38,-6.49,-33.84,-8.69,1
O,2022-11-13 11:53:59.116746,-0.01,0.95,-0.24,1.71,1.28,2.44,-6.49,-33.84,-8.69,1
O,2022-11-13 11:53:59.116917,-0.02,0.95,-0.24,1.95,1.16,2.50,-6.91,-33.70,-8.19,1
O,2022-11-13 11:53:59.117080,-0.02,0.95,-0.24,1.83,1.40,2.26,-6.91,-33.70,-8.19,1
O,2022-11-13 11:53:59.117241,-0.02,0.95,-0.24,1.40,1.46,2.32,-6.91,-33.70,-8.19,1
O,2022-11-13 11:53:59.117448,-0.02,0.95,-0.24,1.71,1.22,2.32,-6.42,-33.85,-10.25,1
O,2022-11-13 11:53:59.117611,-0.02,0.95,-0.24,1.65,1.22,2.38,-6.42,-33.85,-10.25,1
O,2022-11-13 11:53:59.117779,-0.02,0.95,-0.24,1.77,1.16,2.38,-6.42,-33.85,-10.25,1
O,2022-11-13 11:53:59.117932,-0.01,0.95,-0.24,1.71,1.04,2.32,-6.84,-34.07,-8.78,1
O,2022-11-13 11:53:59.118084,-0.01,0.95,-0.24,1.65,1.40,2.56,-6.84,-34.07,-8.78,1
O,2022-11-13 11:53:59.118245,-0.02,0.95,-0.24,1.83,1.34,2.44,-6.84,-34.07,-8.78,1
O,2022-11-13 11:53:59.118400,-0.02,0.95,-0.24,1.46,1.10,2.38,-6.82,-33.90,-8.02,1
O,2022-11-13 11:53:59.118562,-0.02,0.95,-0.24,1.65,1.10,2.32,-6.82,-33.90,-8.02,1
O,2022-11-13 11:53:59.118718,-0.02,0.95,-0.24,1.77,1.28,2.56,-6.85,-34.22,-8.65,1
O,2022-11-13 11:53:59.118875,-0.02,0.95,-0.24,1.71,1.34,2.50,-6.85,-34.22,-8.65,1
O,2022-11-13 11:53:59.119042,-0.02,0.95,-0.24,1.59,1.16,2.38,-6.85,-34.22,-8.65,1
O,2022-11-13 11:53:59.119194,-0.02,0.95,-0.24,1.77,1.46,2.38,-7.17,-34.12,-9.92,1
O,2022-11-13 11:53:59.119359,-0.02,0.95,-0.24,1.71,1.28,2.38,-7.17,-34.12,-9.92,1
O,2022-11-13 11:53:59.119511,-0.02,0.95,-0.24,1.89,1.16,2.44,-7.17,-34.12,-9.92,1
O,2022-11-13 11:53:59.119673,-0.02,0.95,-0.24,1.95,0.98,2.44,-7.04,-34.88,-9.25,1
O,2022-11-13 11:53:59.119824,-0.02,0.95,-0.24,1.89,1.34,2.38,-7.04,-34.88,-9.25,1
O,2022-11-13 11:53:59.119990,-0.02,0.95,-0.24,1.77,1.22,2.50,-7.04,-34.88,-9.25,1
O,2022-11-13 11:53:59.120151,-0.01,0.95,-0.24,1.59,1.34,2.20,-7.23,-34.38,-9.16,1
O,2022-11-13 11:53:59.120303,-0.02,0.95,-0.24,1.89,1.28,2.44,-7.23,-34.38,-9.16,1
O,2022-11-13 11:53:59.120468,-0.02,0.95,-0.24,1.77,1.34,2.38,-7.25,-34.01,-8.42,1
O,2022-11-13 11:53:59.120620,-0.02,0.95,-0.24,1.59,1.34,2.44,-7.25,-34.01,-8.42,1
O,2022-11-13 11:53:59.120772,-0.02,0.95,-0.24,1.71,1.34,2.32,-7.25,-34.01,-8.42,1
O,2022-11-13 11:53:59.120939,-0.02,0.95,-0.24,1.83,1.34,2.32,-6.41,-33.87,-10.60,1
O,2022-11-13 11:53:59.121096,-0.02,0.95,-0.24,1.77,1.16,2.50,-6.41,-33.87,-10.60,1
O,2022-11-13 11:53:59.121261,-0.01,0.95,-0.24,1.77,1.46,2.38,-6.41,-33.87,-10.60,1
O,2022-11-13 11:53:59.121413,-0.02,0.95,-0.24,1.83,1.34,2.38,-7.03,-34.01,-9.40,1
O,2022-11-13 11:53:59.121573,-0.02,0.95,-0.24,1.77,1.40,2.44,-7.03,-34.01,-9.40,1
O,2022-11-13 11:53:59.121734,-0.02,0.95,-0.24,1.77,1.46,2.44,-7.03,-34.01,-9.40,1
O,2022-11-13 11:53:59.121886,-0.02,0.95,-0.24,1.71,1.16,2.38,-7.01,-34.28,-9.68,1
O,2022-11-13 11:53:59.122045,-0.02,0.95,-0.24,1.89,1.28,2.50,-7.01,-34.28,-9.68,1
O,2022-11-13 11:53:59.122196,-0.02,0.95,-0.24,1.77,1.28,2.38,-7.30,-34.50,-9.48,1
O,2022-11-13 11:53:59.122354,-0.02,0.95,-0.24,1.77,1.10,2.50,-7.30,-34.50,-9.48,1
O,2022-11-13 11:53:59.122513,-0.01,0.95,-0.24,1.83,1.22,2.38,-7.30,-34.50,-9.48,1
O,2022-11-13 11:53:59.122662,-0.02,0.95,-0.24,1.83,1.34,2.44,-6.95,-34.34,-9.05,1
O,2022-11-13 11:53:59.122824,-0.02,0.95,-0.24,1.83,1.34,2.44,-6.95,-34.34,-9.05,1
O,2022-11-13 11:53:59.122980,-0.02,0.95,-0.24,1.89,1.34,2.56,-6.95,-34.34,-9.05,1
O,2022-11-13 11:53:59.123143,-0.02,0.95,-0.24,1.65,1.28,2.20,-7.18,-34.16,-8.58,1
O,2022-11-13 11:53:59.123294,-0.02,0.95,-0.24,1.71,1.53,2.44,-7.18,-34.16,-8.58,1
O,2022-11-13 11:53:59.123446,-0.02,0.95,-0.24,1.65,1.34,2.50,-7.18,-34.16,-8.58,1
O,2022-11-13 11:53:59.123606,-0.01,0.95,-0.24,1.77,1.22,2.26,-7.15,-33.56,-8.98,1
O,2022-11-13 11:53:59.123756,-0.02,0.95,-0.24,1.83,1.10,2.38,-7.15,-33.56,-8.98,1
O,2022-11-13 11:53:59.123923,-0.02,0.95,-0.24,1.71,1.22,2.26,-6.79,-33.30,-8.51,1
O,2022-11-13 11:53:59.124079,-0.02,0.95,-0.24,1.83,0.98,2.26,-6.79,-33.30,-8.51,1
O,2022-11-13 11:53:59.124237,-0.02,0.95,-0.24,1.83,1.34,2.44,-6.79,-33.30,-8.51,1
O,2022-11-13 11:53:59.124402,-0.02,0.95,-0.24,1.71,1.28,2.44,-6.65,-33.67,-9.73,1
O,2022-11-13 11:53:59.124554,-0.02,0.95,-0.24,1.89,1.46,2.32,-6.65,-33.67,-9.73,1
O,2022-11-13 11:53:59.124718,-0.02,0.95,-0.24,1.83,1.34,2.32,-6.65,-33.67,-9.73,1
O,2022-11-13 11:53:59.124869,-0.01,0.95,-0.24,1.89,0.98,2.20,-7.35,-34.18,-9.83,1
O,2022-11-13 11:53:59.125020,-0.02,0.95,-0.24,1.65,1.04,2.32,-7.35,-34.18,-9.83,1
O,2022-11-13 11:53:59.125183,-0.02,0.95,-0.24,1.71,1.22,2.38,-7.35,-34.18,-9.83,1
O,2022-11-13 11:53:59.125336,-0.02,0.95,-0.24,1.71,1.28,2.20,-6.86,-33.74,-8.67,1
O,2022-11-13 11:53:59.125502,-0.02,0.95,-0.24,1.83,1.22,2.50,-6.86,-33.74,-8.67,1
O,2022-11-13 11:53:59.125661,-0.02,0.95,-0.24,1.95,1.22,2.32,-6.56,-33.85,-8.62,1
O,2022-11-13 11:53:59.125819,-0.02,0.95,-0.24,1.59,1.16,2.44,-6.56,-33.85,-8.62,1
O,2022-11-13 11:53:59.125977,-0.02,0.95,-0.24,1.83,1.28,2.50,-6.56,-33.85,-8.62,1
O,2022-11-13 11:53:59.126130,-0.02,0.95,-0.24,1.95,1.28,2.32,-6.81,-34.07,-9.02,1
O,2022-11-13 11:53:59.126294,-0.02,0.95,-0.24,1.71,1.28,2.44,-6.81,-34.07,-9.02,1
O,2022-11-13 11:53:59.126444,-0.02,0.95,-0.24,1.65,1.22,2.44,-6.81,-34.07,-9.02,1
O,2022-11-13 11:53:59.126604,-0.02,0.95,-0.24,1.71,1.40,2.32,-7.01,-34.27,-9.85,1
O,2022-11-13 11:53:59.126755,-0.01,0.95,-0.24,1.89,1.34,2.32,-7.01,-34.27,-9.85,1
O,2022-11-13 11:53:59.126905,-0.02,0.95,-0.24,1.71,1.16,2.44,-7.01,-34.27,-9.85,1
O,2022-11-13 11:53:59.127065,-0.02,0.95,-0.24,1.77,1.16,2.20,-6.79,-34.18,-9.34,1
O,2022-11-13 11:53:59.127217,-0.02,0.95,-0.24,1.83,1.34,2.32,-6.79,-34.18,-9.34,1
O,2022-11-13 11:53:59.127380,-0.01,0.95,-0.24,1.77,1.28,2.44,-6.88,-33.78,-9.75,1
O,2022-11-13 11:53:59.127534,-0.01,0.95,-0.24,1.89,1.22,2.38,-6.88,-33.78,-9.75,1
O,2022-11-13 11:53:59.127685,-0.02,0.95,-0.24,1.65,1.34,2.50,-6.88,-33.78,-9.75,1
O,2022-11-13 11:53:59.127848,-0.02,0.95,-0.24,1.77,1.22,2.44,-6.90,-33.85,-9.27,1
O,2022-11-13 11:53:59.128001,-0.01,0.95,-0.24,1.89,1.22,2.32,-6.90,-33.85,-9.27,1
O,2022-11-13 11:53:59.128162,-0.02,0.95,-0.24,1.65,1.34,2.56,-6.90,-33.85,-9.27,1
O,2022-11-13 11:53:59.128315,-0.02,0.95,-0.24,1.77,1.22,2.26,-6.65,-33.91,-10.14,1
O,2022-11-13 11:53:59.128470,-0.02,0.95,-0.24,1.89,1.28,2.56,-6.65,-33.91,-10.14,1
O,2022-11-13 11:53:59.128666,-0.02,0.95,-0.24,2.01,1.10,2.56,-6.65,-33.91,-10.14,1
O,2022-11-13 11:53:59.128836,-0.02,0.95,-0.24,1.83,1.34,2.20,-7.13,-33.94,-9.39,1
O,2022-11-13 11:53:59.129029,-0.02,0.95,-0.24,1.71,1.04,2.38,-7.13,-33.94,-9.39,1
O,2022-11-13 11:53:59.129205,-0.01,0.95,-0.24,1.71,1.22,2.50,-6.82,-33.72,-9.58,1
O,2022-11-13 11:53:59.129379,-0.02,0.95,-0.24,2.08,1.22,2.38,-6.82,-33.72,-9.58,1
O,2022-11-13 11:53:59.129548,-0.02,0.95,-0.24,1.71,1.40,2.44,-6.82,-33.72,-9.58,1
O,2022-11-13 11:53:59.129722,-0.02,0.95,-0.24,2.01,1.22,2.44,-7.04,-33.95,-9.78,1
O,2022-11-13 11:53:59.129885,-0.02,0.95,-0.24,1.83,1.28,2.38,-7.04,-33.95,-9.78,1
O,2022-11-13 11:53:59.130038,-0.02,0.95,-0.24,1.95,1.34,2.38,-7.04,-33.95,-9.78,1
O,2022-11-13 11:53:59.130197,-0.02,0.95,-0.24,1.71,1.22,2.32,-6.93,-34.19,-9.29,1
O,2022-11-13 11:53:59.130362,-0.02,0.95,-0.24,1.71,1.22,2.44,-6.93,-34.19,-9.29,1
O,2022-11-13 11:53:59.130526,-0.02,0.95,-0.24,2.01,1.10,2.38,-6.93,-34.19,-9.29,1
O,2022-11-13 11:53:59.130697,-0.02,0.95,-0.24,1.77,1.22,2.44,-7.34,-33.64,-10.28,1
O,2022-11-13 11:53:59.130874,-0.02,0.95,-0.24,1.89,1.28,2.50,-7.34,-33.64,-10.28,1
O,2022-11-13 11:53:59.131049,-0.02,0.95,-0.24,1.77,1.34,2.32,-7.51,-33.72,-8.83,1
O,2022-11-13 11:53:59.131213,-0.02,0.95,-0.24,1.83,1.22,2.32,-7.51,-33.72,-8.83,1
O,2022-11-13 11:53:59.131384,-0.02,0.95,-0.24,1.65,1.16,2.20,-7.51,-33.72,-8.83,1
O,2022-11-13 11:53:59.131554,-0.02,0.95,-0.24,1.71,1.40,2.26,-7.19,-34.31,-9.47,1
O,2022-11-13 11:53:59.131716,-0.02,0.95,-0.24,1.65,1.16,2.56,-7.19,-34.31,-9.47,1
O,2022-11-13 11:53:59.131891,-0.02,0.95,-0.24,1.71,1.28,2.32,-7.19,-34.31,-9.47,1
O,2022-11-13 11:53:59.132053,-0.02,0.95,-0.24,1.65,1.28,2.32,-7.36,-33.84,-9.69,1
O,2022-11-13 11:53:59.132269,-0.02,0.95,-0.24,1.83,1.40,2.38,-7.36,-33.84,-9.69,1
O,2022-11-13 11:53:59.132445,-0.02,0.95,-0.24,1.89,1.16,2.26,-7.36,-33.84,-9.69,1
O,2022-11-13 11:53:59.132609,-0.02,0.95,-0.24,1.83,1.28,2.20,-7.31,-34.01,-8.50,1
O,2022-11-13 11:53:59.132786,-0.02,0.95,-0.24,1.83,1.22,2.38,-7.31,-34.01,-8.50,1
O,2022-11-13 11:53:59.132976,-0.02,0.95,-0.24,1.89,1.28,2.44,-7.08,-34.39,-8.69,1
O,2022-11-13 11:53:59.133147,-0.02,0.95,-0.24,1.77,1.28,2.32,-7.08,-34.39,-8.69,1
O,2022-11-13 11:53:59.133300,-0.01,0.95,-0.24,1.83,1.34,2.44,-7.08,-34.39,-8.69,1
O,2022-11-13 11:53:59.133481,-0.02,0.95,-0.24,1.77,1.28,2.38,-6.79,-34.13,-9.40,1
O,2022-11-13 11:53:59.133639,-0.02,0.95,-0.24,1.83,1.22,2.44,-6.79,-34.13,-9.40,1
O,2022-11-13 11:53:59.133791,-0.02,0.95,-0.24,1.89,1.22,2.56,-6.79,-34.13,-9.40,1
O,2022-11-13 11:53:59.133950,-0.02,0.95,-0.24,1.65,1.10,2.38,-7.07,-34.47,-8.36,1
O,2022-11-13 11:53:59.134101,-0.02,0.95,-0.24,1.83,1.28,2.32,-7.07,-34.47,-8.36,1
O,2022-11-13 11:53:59.134258,-0.02,0.95,-0.24,1.65,1.22,2.08,-7.07,-34.47,-8.36,1
O,2022-11-13 11:53:59.134411,-0.02,0.95,-0.24,1.71,1.10,2.32,-7.09,-33.69,-8.34,1
O,2022-11-13 11:53:59.134563,-0.02,0.95,-0.24,1.95,1.04,2.38,-7.09,-33.69,-8.34,1
O,2022-11-13 11:53:59.134722,-0.02,0.95,-0.24,1.77,1.16,2.20,-6.77,-34.25,-8.39,1
O,2022-11-13 11:53:59.134875,-0.02,0.95,-0.24,1.71,1.22,2.32,-6.77,-34.25,-8.39,1
O,2022-11-13 11:53:59.135033,-0.02,0.95,-0.24,1.59,1.28,2.38,-6.77,-34.25,-8.39,1
O,2022-11-13 11:53:59.135187,-0.02,0.95,-0.24,1.65,1.10,2.38,-6.80,-34.61,-9.27,1
O,2022-11-13 11:53:59.135340,-0.02,0.95,-0.24,1.77,1.34,2.38,-6.80,-34.61,-9.27,1
O,2022-11-13 11:53:59.135498,-0.02,0.95,-0.24,1.83,1.22,2.32,-6.80,-34.61,-9.27,1
O,2022-11-13 11:53:59.135650,-0.02,0.95,-0.24,1.83,1.16,2.50,-6.81,-33.85,-9.53,1
O,2022-11-13 11:53:59.135807,-0.02,0.95,-0.24,1.83,1.22,2.38,-6.81,-33.85,-9.53,1
O,2022-11-13 11:53:59.135960,-0.02,0.95,-0.24,1.89,1.28,2.38,-6.81,-33.85,-9.53,1
O,2022-11-13 11:53:59.136118,-0.01,0.95,-0.24,1.89,1.22,2.38,-6.92,-34.07,-10.82,1
O,2022-11-13 11:53:59.136274,-0.02,0.95,-0.24,1.77,1.34,2.38,-6.92,-34.07,-10.82,1
O,2022-11-13 11:53:59.136428,-0.02,0.95,-0.24,1.71,1.34,2.44,-6.90,-34.20,-9.22,1
O,2022-11-13 11:53:59.136583,-0.02,0.95,-0.24,1.53,1.28,2.32,-6.90,-34.20,-9.22,1
O,2022-11-13 11:53:59.136736,-0.02,0.95,-0.24,1.71,1.34,2.38,-6.90,-34.20,-9.22,1
O,2022-11-13 11:53:59.136906,-0.02,0.95,-0.24,1.77,1.34,2.26,-6.86,-34.52,-9.47,1
O,2022-11-13 11:53:59.137060,-0.01,0.95,-0.24,1.89,1.22,2.38,-6.86,-34.52,-9.47,1
O,2022-11-13 11:53:59.137213,-0.02,0.95,-0.24,1.83,1.28,2.38,-6.86,-34.52,-9.47,1
O,2022-11-13 11:53:59.137376,-0.02,0.95,-0.24,1.89,1.04,2.14,-6.23,-33.73,-9.35,1
O,2022-11-13 11:53:59.137536,-0.01,0.95,-0.24,1.65,1.22,2.50,-6.23,-33.73,-9.35,1
O,2022-11-13 11:53:59.137701,-0.01,0.95,-0.24,1.95,1.34,2.38,-6.23,-33.73,-9.35,1
O,2022-11-13 11:53:59.137852,-0.02,0.95,-0.24,1.83,1.28,2.32,-6.91,-33.91,-8.03,1
O,2022-11-13 11:53:59.138004,-0.02,0.95,-0.24,1.65,1.28,2.32,-6.91,-33.91,-8.03,1
O,2022-11-13 11:53:59.138162,-0.01,0.95,-0.24,1.77,1.28,2.44,-7.17,-33.57,-9.72,1
O,2022-11-13 11:53:59.138313,-0.02,0.95,-0.24,1.53,1.34,2.32,-7.17,-33.57,-9.72,1
O,2022-11-13 11:53:59.138474,-0.02,0.95,-0.24,1.77,1.34,2.32,-7.17,-33.57,-9.72,1
O,2022-11-13 11:53:59.138625,-0.01,0.95,-0.24,1.65,1.28,2.44,-6.32,-33.98,-10.58,1
O,2022-11-13 11:53:59.138786,-0.02,0.95,-0.24,1.71,1.34,2.62,-6.32,-33.98,-10.58,1
O,2022-11-13 11:53:59.138939,-0.02,0.95,-0.24,1.77,1.34,2.44,-6.32,-33.98,-10.58,1
O,2022-11-13 11:53:59.139091,-0.02,0.95,-0.24,1.65,1.40,2.50,-6.91,-34.19,-9.48,1
O,2022-11-13 11:53:59.139252,-0.02,0.95,-0.24,1.77,1.40,2.38,-6.91,-34.19,-9.48,1
O,2022-11-13 11:53:59.139402,-0.02,0.95,-0.24,1.59,1.46,2.32,-6.91,-34.19,-9.48,1
O,2022-11-13 11:53:59.139563,-0.02,0.95,-0.24,1.77,1.34,2.20,-6.79,-34.14,-9.08,1
O,2022-11-13 11:53:59.139720,-0.02,0.95,-0.24,1.71,1.28,2.44,-6.79,-34.14,-9.08,1
O,2022-11-13 11:53:59.139875,-0.02,0.95,-0.24,1.71,1.28,2.44,-6.75,-34.03,-9.02,1
O,2022-11-13 11:53:59.140041,-0.02,0.95,-0.24,1.83,1.34,2.20,-6.75,-34.03,-9.02,1
O,2022-11-13 11:53:59.140192,-0.02,0.95,-0.24,1.83,1.40,2.38,-6.75,-34.03,-9.02,1
O,2022-11-13 11:53:59.140359,-0.02,0.95,-0.24,1.77,1.28,2.38,-6.60,-34.28,-9.17,1
O,2022-11-13 11:53:59.140511,-0.02,0.95,-0.24,1.89,1.34,2.26,-6.60,-34.28,-9.17,1
O,2022-11-13 11:53:59.140661,-0.02,0.95,-0.24,1.71,1.22,2.38,-6.60,-34.28,-9.17,1
O,2022-11-13 11:53:59.140815,-0.02,0.95,-0.24,1.46,1.34,2.20,-6.93,-34.08,-9.47,1
O,2022-11-13 11:53:59.140965,-0.02,0.95,-0.24,1.71,1.10,2.26,-6.93,-34.08,-9.47,1
O,2022-11-13 11:53:59.141128,-0.02,0.95,-0.24,1.77,0.98,2.14,-6.93,-34.08,-9.47,1
O,2022-11-13 11:53:59.141282,-0.02,0.95,-0.24,1.65,0.98,2.20,-6.87,-34.41,-10.44,1
O,2022-11-13 11:53:59.141436,-0.02,0.95,-0.24,1.59,1.28,2.44,-6.87,-34.41,-10.44,1
O,2022-11-13 11:53:59.141598,-0.02,0.95,-0.24,1.83,1.40,2.32,-7.07,-34.19,-8.51,1
O,2022-11-13 11:53:59.141749,-0.02,0.95,-0.24,1.71,1.34,2.44,-7.07,-34.19,-8.51,1
O,2022-11-13 11:53:59.141910,-0.02,0.95,-0.24,1.83,1.40,2.38,-7.07,-34.19,-8.51,1
O,2022-11-13 11:53:59.142064,-0.01,0.95,-0.24,1.83,1.40,2.44,-6.85,-34.03,-10.31,1
O,2022-11-13 11:53:59.142224,-0.02,0.95,-0.24,1.83,1.34,2.44,-6.85,-34.03,-10.31,1
O,2022-11-13 11:53:59.142382,-0.02,0.95,-0.24,1.77,1.46,2.38,-6.85,-34.03,-10.31,1
O,2022-11-13 11:53:59.142538,-0.01,0.95,-0.24,1.71,1.22,2.14,-6.52,-33.95,-10.02,1
O,2022-11-13 11:53:59.142704,-0.01,0.95,-0.24,1.83,1.53,2.32,-6.52,-33.95,-10.02,1
O,2022-11-13 11:53:59.142857,-0.02,0.95,-0.24,1.83,1.28,2.32,-6.52,-33.95,-10.02,1
O,2022-11-13 11:53:59.143016,-0.01,0.95,-0.24,1.59,1.28,2.26,-7.08,-34.19,-8.98,1
O,2022-11-13 11:53:59.143169,-0.02,0.95,-0.24,1.89,1.22,2.32,-7.08,-34.19,-8.98,1
O,2022-11-13 11:53:59.143322,-0.02,0.95,-0.24,1.65,1.22,2.44,-6.57,-34.03,-8.19,1
O,2022-11-13 11:53:59.143483,-0.02,0.95,-0.24,1.71,1.28,2.44,-6.57,-34.03,-8.19,1
O,2022-11-13 11:53:59.143634,-0.02,0.95,-0.24,1.46,1.34,2.44,-6.57,-34.03,-8.19,1
O,2022-11-13 11:53:59.143791,-0.02,0.95,-0.24,1.46,1.34,2.44,-6.64,-34.00,-9.17,1
O,2022-11-13 11:53:59.143943,-0.02,0.95,-0.24,2.01,1.28,2.38,-6.64,-34.00,-9.17,1
O,2022-11-13 11:53:59.144094,-0.01,0.95,-0.24,1.77,1.22,2.38,-6.64,-34.00,-9.17,1
O,2022-11-13 11:53:59.144257,-0.01,0.95,-0.24,1.46,1.28,2.32,-6.54,-34.07,-9.35,1
O,2022-11-13 11:53:59.144408,-0.02,0.95,-0.24,1.71,1.34,2.50,-6.54,-34.07,-9.35,1
O,2022-11-13 11:53:59.144573,-0.02,0.95,-0.24,1.89,1.16,2.50,-6.54,-34.07,-9.35,1
O,2022-11-13 11:53:59.144725,-0.02,0.95,-0.24,1.59,1.34,2.50,-6.77,-34.23,-8.45,1
O,2022-11-13 11:53:59.144877,-0.01,0.95,-0.24,1.77,1.28,2.32,-6.77,-34.23,-8.45,1
O,2022-11-13 11:53:59.145043,-0.02,0.95,-0.24,1.65,1.10,2.38,-6.86,-33.86,-8.83,1
O,2022-11-13 11:53:59.145194,-0.02,0.95,-0.24,1.65,1.34,2.20,-6.86,-33.86,-8.83,1
O,2022-11-13 11:53:59.145359,-0.02,0.95,-0.24,1.83,1.16,2.38,-6.86,-33.86,-8.83,1
O,2022-11-13 11:53:59.145510,-0.02,0.95,-0.24,1.65,1.28,2.44,-6.77,-34.20,-9.42,1
O,2022-11-13 11:53:59.145660,-0.01,0.95,-0.24,1.83,1.22,2.44,-6.77,-34.20,-9.42,1
O,2022-11-13 11:53:59.145823,-0.02,0.95,-0.24,1.83,1.22,2.38,-6.77,-34.20,-9.42,1
O,2022-11-13 11:53:59.145978,-0.02,0.95,-0.24,1.65,1.16,2.14,-6.97,-34.20,-10.30,1
O,2022-11-13 11:53:59.146148,-0.02,0.95,-0.24,1.77,1.34,2.50,-6.97,-34.20,-10.30,1
O,2022-11-13 11:53:59.146302,-0.01,0.95,-0.24,1.71,1.22,2.32,-6.97,-34.20,-10.30,1
O,2022-11-13 11:53:59.146464,-0.01,0.95,-0.24,1.89,0.92,2.20,-6.95,-34.11,-9.81,1
O,2022-11-13 11:53:59.146619,-0.02,0.95,-0.24,1.83,1.34,2.38,-6.95,-34.11,-9.81,1
O,2022-11-13 11:53:59.146791,-0.02,0.95,-0.24,1.77,1.28,2.38,-6.74,-34.31,-9.07,1
O,2022-11-13 11:53:59.146962,-0.02,0.95,-0.24,1.65,1.04,2.38,-6.74,-34.31,-9.07,1
O,2022-11-13 11:53:59.147115,-0.02,0.95,-0.24,1.71,1.28,2.20,-6.74,-34.31,-9.07,1
O,2022-11-13 11:53:59.147285,-0.02,0.95,-0.24,1.71,1.28,2.38,-6.59,-34.17,-8.78,1
O,2022-11-13 11:53:59.147438,-0.02,0.95,-0.24,1.89,1.34,2.44,-6.59,-34.17,-8.78,1
O,2022-11-13 11:53:59.147618,-0.01,0.95,-0.24,1.83,1.28,2.32,-6.59,-34.17,-8.78,1
O,2022-11-13 11:53:59.147780,-0.02,0.95,-0.24,1.77,1.22,2.38,-6.51,-34.30,-9.86,1
O,2022-11-13 11:53:59.147943,-0.02,0.95,-0.24,1.59,1.53,2.38,-6.51,-34.30,-9.86,1
O,2022-11-13 11:53:59.148119,-0.02,0.95,-0.24,1.83,1.22,2.56,-6.51,-34.30,-9.86,1
O,2022-11-13 11:53:59.148285,-0.02,0.95,-0.24,1.65,1.28,2.26,-7.32,-33.70,-9.27,1
O,2022-11-13 11:53:59.148448,-0.02,0.95,-0.24,1.77,1.22,2.44,-7.32,-33.70,-9.27,1
O,2022-11-13 11:53:59.148612,-0.02,0.95,-0.24,1.71,1.34,2.32,-6.70,-34.06,-8.58,1
O,2022-11-13 11:53:59.148795,-0.02,0.95,-0.24,1.65,1.16,2.32,-6.70,-34.06,-8.58,1
O,2022-11-13 11:53:59.148998,-0.02,0.95,-0.24,1.83,1.28,2.32,-6.70,-34.06,-8.58,1
O,2022-11-13 11:53:59.149167,-0.01,0.95,-0.24,1.71,1.22,2.50,-6.75,-34.34,-9.96,1
O,2022-11-13 11:53:59.149328,-0.02,0.95,-0.24,1.71,1.28,2.38,-6.75,-34.34,-9.96,1
O,2022-11-13 11:53:59.149551,-0.02,0.95,-0.24,1.59,1.34,2.38,-6.75,-34.34,-9.96,1
O,2022-11-13 11:53:59.149715,-0.02,0.95,-0.24,1.89,1.10,2.38,-7.36,-34.28,-8.70,1
O,2022-11-13 11:53:59.149882,-0.02,0.95,-0.24,1.77,1.34,2.38,-7.36,-34.28,-8.70,1
O,2022-11-13 11:53:59.150051,-0.02,0.95,-0.24,1.89,1.22,2.50,-7.36,-34.28,-8.70,1
O,2022-11-13 11:53:59.150238,-0.02,0.95,-0.24,1.46,1.22,2.26,-6.90,-34.19,-9.16,1
O,2022-11-13 11:53:59.150403,-0.02,0.95,-0.24,1.65,1.34,2.38,-6.90,-34.19,-9.16,1
O,2022-11-13 11:53:59.150575,-0.02,0.95,-0.24,1.77,1.28,2.32,-7.01,-33.73,-8.31,1
O,2022-11-13 11:53:59.150737,-0.02,0.95,-0.24,1.77,0.98,2.38,-7.01,-33.73,-8.31,1
O,2022-11-13 11:53:59.150901,-0.02,0.95,-0.24,1.53,1.40,2.38,-7.01,-33.73,-8.31,1
O,2022-11-13 11:53:59.151059,-0.02,0.95,-0.24,1.83,1.28,2.50,-7.07,-33.91,-8.95,1
O,2022-11-13 11:53:59.151222,-0.01,0.95,-0.24,1.77,1.34,2.26,-7.07,-33.91,-8.95,1
O,2022-11-13 11:53:59.151373,-0.02,0.95,-0.24,1.83,1.16,2.38,-7.07,-33.91,-8.95,1
O,2022-11-13 11:53:59.151551,-0.02,0.95,-0.24,1.89,1.22,2.20,-7.09,-33.62,-10.36,1
O,2022-11-13 11:53:59.151709,-0.02,0.95,-0.24,1.71,1.22,2.44,-7.09,-33.62,-10.36,1
O,2022-11-13 11:53:59.151867,-0.02,0.95,-0.24,1.77,1.34,2.32,-7.09,-33.62,-10.36,1
O,2022-11-13 11:53:59.152019,-0.02,0.95,-0.24,1.53,1.22,2.14,-7.02,-33.62,-8.74,1
O,2022-11-13 11:53:59.152174,-0.01,0.95,-0.24,1.53,1.28,2.44,-7.02,-33.62,-8.74,1
O,2022-11-13 11:53:59.152327,-0.02,0.95,-0.24,1.65,1.28,2.32,-7.03,-34.06,-9.01,1
O,2022-11-13 11:53:59.152478,-0.02,0.95,-0.24,1.71,1.28,2.26,-7.03,-34.06,-9.01,1
O,2022-11-13 11:53:59.152640,-0.02,0.95,-0.24,1.71,1.34,2.50,-7.03,-34.06,-9.01,1
O,2022-11-13 11:53:59.152793,-0.02,0.95,-0.24,1.83,1.34,2.38,-7.07,-33.80,-10.29,1
O,2022-11-13 11:53:59.152958,-0.02,0.95,-0.24,1.77,1.28,2.44,-7.07,-33.80,-10.29,1
O,2022-11-13 11:53:59.153111,-0.02,0.95,-0.24,1.89,1.34,2.44,-7.07,-33.80,-10.29,1
O,2022-11-13 11:53:59.153265,-0.02,0.95,-0.24,1.53,1.16,2.38,-6.86,-33.98,-9.59,1
O,2022-11-13 11:53:59.153432,-0.01,0.95,-0.24,1.71,1.22,2.32,-6.86,-33.98,-9.59,1
O,2022-11-13 11:53:59.153585,-0.01,0.95,-0.24,1.77,1.22,2.44,-6.86,-33.98,-9.59,1
O,2022-11-13 11:53:59.153745,-0.02,0.95,-0.24,1.59,1.16,2.32,-7.04,-33.81,-8.85,1
O,2022-11-13 11:53:59.153896,-0.02,0.95,-0.24,1.65,1.22,2.26,-7.04,-33.81,-8.85,1
O,2022-11-13 11:53:59.154054,-0.01,0.95,-0.24,1.77,1.40,2.38,-7.54,-33.73,-8.72,1
O,2022-11-13 11:53:59.154207,-0.02,0.95,-0.24,1.65,1.28,2.32,-7.54,-33.73,-8.72,1
O,2022-11-13 11:53:59.154358,-0.02,0.95,-0.24,1.71,1.16,2.50,-7.54,-33.73,-8.72,1
O,2022-11-13 11:53:59.154522,-0.01,0.95,-0.24,1.71,1.22,2.32,-7.18,-34.00,-8.26,1
O,2022-11-13 11:53:59.154673,-0.02,0.95,-0.24,1.83,1.28,2.32,-7.18,-34.00,-8.26,1
O,2022-11-13 11:53:59.154835,-0.02,0.95,-0.24,1.89,1.22,2.20,-7.18,-34.00,-8.26,1
O,2022-11-13 11:53:59.154986,-0.02,0.95,-0.24,1.46,1.22,2.14,-7.15,-33.89,-9.03,1
O,2022-11-13 11:53:59.155137,-0.02,0.95,-0.24,1.59,1.46,2.56,-7.15,-33.89,-9.03,1
O,2022-11-13 11:53:59.155298,-0.02,0.95,-0.24,1.83,1.28,2.38,-7.15,-33.89,-9.03,1
O,2022-11-13 11:53:59.155451,-0.02,0.95,-0.24,1.65,1.22,2.38,-6.90,-33.75,-9.13,1
O,2022-11-13 11:53:59.155613,-0.02,0.95,-0.24,1.83,1.16,2.50,-6.90,-33.75,-9.13,1
O,2022-11-13 11:53:59.155767,-0.02,0.95,-0.24,1.77,1.34,2.38,-6.92,-33.67,-9.14,1
O,2022-11-13 11:53:59.155926,-0.02,0.95,-0.24,1.65,1.34,2.32,-6.92,-33.67,-9.14,1
O,2022-11-13 11:53:59.156089,-0.02,0.95,-0.24,1.83,1.28,2.38,-6.92,-33.67,-9.14,1
O,2022-11-13 11:53:59.156241,-0.02,0.95,-0.24,1.77,1.40,2.38,-6.76,-33.54,-10.11,1
O,2022-11-13 11:53:59.156406,-0.02,0.95,-0.24,1.77,1.40,2.26,-6.76,-33.54,-10.11,1
O,2022-11-13 11:53:59.156558,-0.02,0.95,-0.24,1.83,1.28,2.26,-6.76,-33.54,-10.11,1
O,2022-11-13 11:53:59.156710,-0.02,0.95,-0.24,1.71,1.34,2.26,-6.62,-33.50,-9.63,1
O,2022-11-13 11:53:59.156880,-0.02,0.95,-0.24,1.71,1.16,2.44,-6.62,-33.50,-9.63,1
O,2022-11-13 11:53:59.157032,-0.02,0.95,-0.24,1.77,1.40,2.38,-6.62,-33.50,-9.63,1
O,2022-11-13 11:53:59.157195,-0.02,0.95,-0.24,1.65,1.28,2.50,-7.04,-34.22,-9.00,1
O,2022-11-13 11:53:59.157345,-0.02,0.95,-0.24,1.77,1.16,2.26,-7.04,-34.22,-9.00,1
O,2022-11-13 11:53:59.157503,-0.02,0.95,-0.24,1.77,1.22,2.32,-7.45,-34.06,-7.92,1
O,2022-11-13 11:53:59.157658,-0.02,0.95,-0.24,1.65,1.40,2.38,-7.45,-34.06,-7.92,1
O,2022-11-13 11:53:59.157809,-0.02,0.95,-0.24,1.77,1.28,2.44,-7.45,-34.06,-7.92,1
O,2022-11-13 11:53:59.157974,-0.02,0.95,-0.24,1.83,1.28,2.26,-6.54,-33.70,-8.64,1
O,2022-11-13 11:53:59.158124,-0.02,0.95,-0.24,1.95,1.16,2.38,-6.54,-33.70,-8.64,1
O,2022-11-13 11:53:59.158282,-0.02,0.95,-0.24,1.89,1.22,2.50,-6.54,-33.70,-8.64,1
O,2022-11-13 11:53:59.158443,-0.01,0.95,-0.24,1.65,1.22,2.26,-6.60,-33.83,-9.70,1
O,2022-11-13 11:53:59.158593,-0.02,0.95,-0.24,1.95,1.28,2.32,-6.60,-33.83,-9.70,1
O,2022-11-13 11:53:59.158757,-0.01,0.95,-0.24,1.77,1.22,2.38,-6.60,-33.83,-9.70,1
O,2022-11-13 11:53:59.158906,-0.01,0.95,-0.24,1.59,1.28,2.20,-7.10,-33.52,-9.70,1
O,2022-11-13 11:53:59.159072,-0.01,0.95,-0.24,1.89,1.34,2.50,-7.10,-33.52,-9.70,1
O,2022-11-13 11:53:59.159221,-0.02,0.95,-0.24,1.83,1.22,2.38,-6.53,-33.70,-9.28,1
O,2022-11-13 11:53:59.159370,-0.01,0.95,-0.24,1.77,1.22,2.26,-6.53,-33.70,-9.28,1
O,2022-11-13 11:53:59.159539,-0.02,0.95,-0.24,1.77,1.28,2.26,-6.53,-33.70,-9.28,1
O,2022-11-13 11:53:59.159697,-0.02,0.95,-0.24,1.77,1.40,2.50,-7.32,-33.51,-9.69,1
O,2022-11-13 11:53:59.159857,-0.01,0.95,-0.24,1.77,1.34,2.38,-7.32,-33.51,-9.69,1
O,2022-11-13 11:53:59.160007,-0.02,0.95,-0.24,1.83,1.28,2.50,-7.32,-33.51,-9.69,1
O,2022-11-13 11:53:59.160157,-0.02,0.95,-0.24,1.77,1.22,2.38,-7.45,-33.28,-9.79,1
O,2022-11-13 11:53:59.160313,-0.02,0.95,-0.24,1.71,1.34,2.44,-7.45,-33.28,-9.79,1
O,2022-11-13 11:53:59.160464,-0.02,0.95,-0.24,1.46,1.34,2.38,-7.45,-33.28,-9.79,1
O,2022-11-13 11:53:59.160626,-0.02,0.95,-0.24,1.71,1.16,2.14,-7.03,-33.56,-9.14,1
O,2022-11-13 11:53:59.160775,-0.02,0.95,-0.24,1.77,1.40,2.38,-7.03,-33.56,-9.14,1
O,2022-11-13 11:53:59.160924,-0.02,0.95,-0.24,1.71,1.16,2.44,-6.95,-34.05,-9.56,1
O,2022-11-13 11:53:59.161086,-0.02,0.95,-0.24,1.65,1.10,2.32,-6.95,-34.05,-9.56,1
O,2022-11-13 11:53:59.161236,-0.01,0.95,-0.24,1.65,1.28,2.50,-6.95,-34.05,-9.56,1
O,2022-11-13 11:53:59.161401,-0.02,0.95,-0.24,1.71,1.53,2.38,-6.92,-33.92,-10.17,1
O,2022-11-13 11:53:59.161556,-0.02,0.95,-0.24,1.71,1.53,2.38,-6.92,-33.92,-10.17,1
O,2022-11-13 11:53:59.161721,-0.02,0.97,-0.25,1.77,1.16,2.38,-6.92,-33.92,-10.17,1
O,2022-11-13 11:53:59.161871,-0.02,1.00,-0.25,1.34,1.22,2.32,-7.08,-33.94,-9.77,1
O,2022-11-13 11:53:59.162022,-0.02,0.96,-0.24,1.77,1.10,2.44,-7.08,-33.94,-9.77,1
O,2022-11-13 11:53:59.162184,-0.01,0.94,-0.24,2.26,1.34,2.44,-7.08,-33.94,-9.77,1
O,2022-11-13 11:53:59.162334,-0.02,0.95,-0.24,1.77,1.22,2.38,-7.26,-33.80,-9.13,1
O,2022-11-13 11:53:59.162496,-0.01,0.95,-0.24,1.83,1.22,2.26,-7.26,-33.80,-9.13,1
O,2022-11-13 11:53:59.162646,-0.02,0.94,-0.24,1.59,1.28,2.56,-6.34,-34.23,-9.41,1
O,2022-11-13 11:53:59.162796,-0.02,0.95,-0.24,1.46,1.22,2.32,-6.34,-34.23,-9.41,1
O,2022-11-13 11:53:59.162956,-0.02,0.95,-0.24,2.32,1.34,2.32,-6.34,-34.23,-9.41,1
O,2022-11-13 11:53:59.163105,-0.02,0.95,-0.24,1.77,1.16,2.38,-7.25,-33.81,-9.52,1
O,2022-11-13 11:53:59.163265,-0.02,0.95,-0.24,1.65,1.16,2.50,-7.25,-33.81,-9.52,1
O,2022-11-13 11:53:59.163416,-0.02,0.95,-0.24,1.65,1.34,2.44,-7.25,-33.81,-9.52,1
O,2022-11-13 11:53:59.163568,-0.01,0.95,-0.24,1.77,1.22,2.32,-6.70,-34.12,-9.53,1
O,2022-11-13 11:53:59.163728,-0.01,0.95,-0.24,1.89,1.46,2.32,-6.70,-34.12,-9.53,1
O,2022-11-13 11:53:59.163878,-0.02,0.95,-0.24,1.59,1.10,2.32,-6.70,-34.12,-9.53,1
O,2022-11-13 11:53:59.164037,-0.02,0.95,-0.24,1.22,1.16,2.32,-6.96,-34.12,-9.69,1
O,2022-11-13 11:53:59.164189,-0.01,0.95,-0.24,2.14,1.34,2.26,-6.96,-34.12,-9.69,1
O,2022-11-13 11:53:59.164341,-0.01,0.97,-0.24,1.95,1.10,2.50,-6.77,-34.07,-8.79,1
O,2022-11-13 11:53:59.164537,-0.02,0.94,-0.23,0.79,1.34,2.44,-6.77,-34.07,-8.79,1
O,2022-11-13 11:53:59.164688,-0.02,0.96,-0.24,2.56,1.22,2.20,-6.77,-34.07,-8.79,1
O,2022-11-13 11:53:59.164846,-0.02,0.92,-0.24,0.98,1.34,2.56,-6.84,-33.98,-9.12,1
O,2022-11-13 11:53:59.165002,-0.01,0.94,-0.24,2.44,1.53,2.38,-6.84,-33.98,-9.12,1
O,2022-11-13 11:53:59.165161,-0.02,0.96,-0.24,1.65,1.40,2.14,-6.84,-33.98,-9.12,1
O,2022-11-13 11:53:59.165330,-0.02,0.96,-0.24,1.46,1.22,2.26,-6.86,-34.13,-9.58,1
O,2022-11-13 11:53:59.165496,-0.02,0.95,-0.24,1.40,1.46,2.32,-6.86,-34.13,-9.58,1
O,2022-11-13 11:53:59.165654,-0.01,0.95,-0.24,1.53,1.16,2.44,-6.86,-34.13,-9.58,1
O,2022-11-13 11:53:59.165807,-0.02,0.95,-0.24,2.32,1.22,2.20,-6.77,-34.12,-9.00,1
O,2022-11-13 11:53:59.165967,-0.01,0.95,-0.24,1.77,1.34,2.32,-6.77,-34.12,-9.00,1
O,2022-11-13 11:53:59.166121,-0.02,0.95,-0.24,1.53,1.34,2.50,-6.23,-34.28,-8.76,1
O,2022-11-13 11:53:59.166307,-0.01,0.95,-0.24,1.71,1.28,2.38,-6.23,-34.28,-8.76,1
O,2022-11-13 11:53:59.166478,-0.02,0.95,-0.24,1.71,1.22,2.38,-6.23,-34.28,-8.76,1
O,2022-11-13 11:53:59.166639,-0.01,0.95,-0.24,1.65,1.22,2.20,-7.20,-33.79,-9.25,1
O,2022-11-13 11:53:59.166811,-0.02,0.95,-0.24,1.77,1.40,2.38,-7.20,-33.79,-9.25,1
O,2022-11-13 11:53:59.166974,-0.01,0.95,-0.24,1.53,1.22,2.32,-7.20,-33.79,-9.25,1
O,2022-11-13 11:53:59.167156,-0.02,0.95,-0.24,1.65,1.16,2.56,-6.65,-34.14,-10.07,1
O,2022-11-13 11:53:59.167383,-0.01,0.95,-0.24,2.01,1.28,2.26,-6.65,-34.14,-10.07,1
O,2022-11-13 11:53:59.167540,-0.02,0.95,-0.24,2.20,1.28,2.32,-6.65,-34.14,-10.07,1
O,2022-11-13 11:53:59.167709,-0.01,0.95,-0.24,1.53,1.22,2.44,-6.86,-34.07,-7.42,1
O,2022-11-13 11:53:59.167893,-0.02,0.95,-0.24,1.71,1.28,2.44,-6.86,-34.07,-7.42,1
O,2022-11-13 11:53:59.168075,-0.01,0.95,-0.23,1.53,1.40,2.50,-6.95,-34.41,-8.63,1
O,2022-11-13 11:53:59.168250,-0.01,0.96,-0.24,-2.56,0.18,0.55,-6.95,-34.41,-8.63,1
O,2022-11-13 11:53:59.168409,0.06,0.99,0.06,128.54,-9.34,15.99,-6.95,-34.41,-8.63,1
O,2022-11-13 11:53:59.168590,0.08,1.16,-0.13,147.28,-101.81,19.53,-6.98,-34.72,-13.32,1
O,2022-11-13 11:53:59.168757,0.08,0.94,-0.26,67.32,-111.76,11.05,-6.98,-34.72,-13.32,1
O,2022-11-13 11:53:59.168938,-0.00,0.88,-0.31,88.07,-83.92,-4.64,-6.98,-34.72,-13.32,1
O,2022-11-13 11:53:59.169104,-0.79,1.03,0.47,-4.64,-31.68,2.75,-6.20,-34.34,-14.59,1
O,2022-11-13 11:53:59.169314,-0.21,1.52,-0.42,-2.87,110.84,13.31,-6.20,-34.34,-14.59,1
O,2022-11-13 11:53:59.169487,0.27,0.81,0.45,-39.55,156.07,41.14,-6.20,-34.34,-14.59,1
O,2022-11-13 11:53:59.169679,0.02,0.71,-0.17,-238.16,45.78,-59.94,-6.38,-34.83,-13.90,1
O,2022-11-13 11:53:59.169876,0.13,0.74,-0.44,-447.27,-43.15,-195.37,-6.38,-34.83,-13.90,1
O,2022-11-13 11:53:59.170074,-0.05,1.84,-0.62,-292.48,-71.72,-126.95,-1.68,-32.17,-0.63,1
O,2022-11-13 11:53:59.170262,0.11,0.39,-0.02,-263.55,-163.57,-20.02,-1.68,-32.17,-0.63,1
O,2022-11-13 11:53:59.170433,-0.02,0.73,-0.41,-241.88,-130.07,18.31,-1.68,-32.17,-0.63,1
O,2022-11-13 11:53:59.170605,0.38,0.71,-0.50,-65.19,-27.71,32.65,-1.43,-27.27,8.57,1
O,2022-11-13 11:53:59.170767,0.49,0.77,-0.67,-119.51,-49.07,35.58,-1.43,-27.27,8.57,1
O,2022-11-13 11:53:59.170937,0.14,0.80,-0.85,-68.60,-62.74,11.47,-1.43,-27.27,8.57,1
O,2022-11-13 11:53:59.171104,-0.16,1.25,-0.38,-21.97,-68.91,-17.94,-1.28,-24.78,11.34,1
O,2022-11-13 11:53:59.171275,0.36,0.89,-0.64,109.25,-88.68,-10.38,-1.28,-24.78,11.34,1
O,2022-11-13 11:53:59.171435,0.16,0.63,-0.33,115.11,-93.32,6.23,-1.28,-24.78,11.34,1
O,2022-11-13 11:53:59.171593,0.06,0.84,-0.39,31.62,-58.11,29.30,1.09,-27.75,8.80,1
O,2022-11-13 11:53:59.171757,0.26,0.93,-0.34,102.78,-28.08,21.06,1.09,-27.75,8.80,1
O,2022-11-13 11:53:59.171914,0.31,0.98,-0.60,87.83,-36.87,22.71,-0.43,-30.03,5.25,1
O,2022-11-13 11:53:59.172080,0.36,1.05,-0.37,39.00,-64.09,16.48,-0.43,-30.03,5.25,1
O,2022-11-13 11:53:59.172233,0.42,1.10,-0.26,54.14,-93.02,3.60,-0.43,-30.03,5.25,1
O,2022-11-13 11:53:59.172401,0.24,0.97,-0.74,47.06,-67.44,-19.35,0.39,-31.47,2.92,1
O,2022-11-13 11:53:59.172556,0.43,0.94,-0.70,63.11,26.00,-37.96,0.39,-31.47,2.92,1
O,2022-11-13 11:53:59.172716,0.18,0.92,-0.48,37.54,63.05,-28.99,0.39,-31.47,2.92,1
O,2022-11-13 11:53:59.172881,0.30,0.95,-0.35,61.58,81.73,-31.49,0.37,-31.70,-2.27,1
O,2022-11-13 11:53:59.173037,0.34,0.94,-0.18,88.26,63.60,-46.26,0.37,-31.70,-2.27,1
O,2022-11-13 11:53:59.173206,0.38,0.95,-0.05,85.88,8.12,-43.76,0.37,-31.70,-2.27,1
O,2022-11-13 11:53:59.173371,0.39,0.95,-0.28,101.75,-30.46,-55.66,0.32,-31.42,-7.07,1
O,2022-11-13 11:53:59.173547,0.26,0.86,-0.31,117.55,-38.51,-55.18,0.32,-31.42,-7.07,1
O,2022-11-13 11:53:59.173710,0.36,0.97,-0.12,152.40,-23.68,-57.19,2.44,-31.53,-13.73,1
O,2022-11-13 11:53:59.173877,0.59,0.84,-0.17,119.51,-35.40,-60.67,2.44,-31.53,-13.73,1
O,2022-11-13 11:53:59.174049,0.29,0.92,0.26,168.33,-48.95,-71.53,2.44,-31.53,-13.73,1
O,2022-11-13 11:53:59.174211,0.46,0.83,0.15,212.89,-84.66,-60.85,4.41,-29.24,-24.32,1
O,2022-11-13 11:53:59.174388,0.48,0.71,-0.03,171.08,-104.86,-56.46,4.41,-29.24,-24.32,1
O,2022-11-13 11:53:59.174549,0.36,0.51,0.12,67.57,-100.65,-37.48,4.41,-29.24,-24.32,1
O,2022-11-13 11:53:59.174723,0.30,0.81,0.22,-21.55,-100.16,-33.33,3.60,-26.20,-29.76,1
O,2022-11-13 11:53:59.174881,0.38,0.83,0.16,-77.88,-73.97,-0.85,3.60,-26.20,-29.76,1
O,2022-11-13 11:53:59.175041,0.32,0.84,0.18,-20.94,-55.60,28.56,3.60,-26.20,-29.76,1
O,2022-11-13 11:53:59.175209,0.04,1.04,0.11,-23.32,-39.49,57.62,1.06,-24.15,-30.32,1
O,2022-11-13 11:53:59.175376,-0.02,0.86,-0.11,21.48,-34.18,38.09,1.06,-24.15,-30.32,1
O,2022-11-13 11:53:59.175544,0.75,0.29,0.11,63.17,-74.71,68.24,-2.51,-20.48,-32.80,1
O,2022-11-13 11:53:59.175705,0.43,0.42,0.03,-42.85,-64.51,64.33,-2.51,-20.48,-32.80,1
O,2022-11-13 11:53:59.175882,0.29,0.53,-0.09,-17.64,-81.30,1.95,-2.51,-20.48,-32.80,1
O,2022-11-13 11:53:59.176048,0.19,0.81,-0.45,-13.43,-75.32,-11.23,-4.38,-17.74,-34.91,1
O,2022-11-13 11:53:59.176225,0.31,1.11,-0.47,56.27,-37.17,-4.39,-4.38,-17.74,-34.91,1
O,2022-11-13 11:53:59.176385,0.34,0.98,-0.19,173.95,44.86,64.70,-4.38,-17.74,-34.91,1
O,2022-11-13 11:53:59.176543,0.74,0.17,0.05,-77.82,25.15,95.83,-3.42,-13.53,-41.27,1
O,2022-11-13 11:53:59.176721,0.30,0.74,-0.15,-164.55,23.56,35.95,-3.42,-13.53,-41.27,1
O,2022-11-13 11:53:59.176888,0.16,0.79,-0.14,-138.31,50.17,-14.95,-3.42,-13.53,-41.27,1
O,2022-11-13 11:53:59.177059,0.23,0.91,-0.13,-95.40,79.35,-38.21,0.72,-18.88,-41.39,1
O,2022-11-13 11:53:59.177221,0.19,1.08,0.18,-64.70,84.72,-49.07,0.72,-18.88,-41.39,1
O,2022-11-13 11:53:59.177390,0.33,1.37,-0.12,-68.60,35.28,-9.89,6.84,-25.65,-41.65,1
O,2022-11-13 11:53:59.177547,0.59,1.00,0.29,-39.06,26.00,53.71,6.84,-25.65,-41.65,1
O,2022-11-13 11:53:59.177700,0.17,1.36,0.19,-4.94,-0.18,32.53,6.84,-25.65,-41.65,1
O,2022-11-13 11:53:59.177863,0.43,1.42,0.69,60.61,-4.70,68.54,7.51,-26.46,-41.14,1
O,2022-11-13 11:53:59.178023,0.67,1.22,0.42,149.60,-62.93,93.08,7.51,-26.46,-41.14,1
O,2022-11-13 11:53:59.178196,0.97,0.74,-0.69,21.12,-109.44,69.46,7.51,-26.46,-41.14,1
O,2022-11-13 11:53:59.178357,-0.01,0.80,-0.22,22.95,-41.02,18.37,8.83,-18.37,-47.28,1
O,2022-11-13 11:53:59.178525,0.13,1.00,-0.09,17.09,-10.44,21.06,8.83,-18.37,-47.28,1
O,2022-11-13 11:53:59.178684,0.13,0.86,-0.06,33.94,-14.47,44.37,8.83,-18.37,-47.28,1
O,2022-11-13 11:53:59.178841,0.12,0.64,-0.10,53.65,-34.30,54.02,9.44,-12.84,-48.93,1
O,2022-11-13 11:53:59.179004,0.13,0.77,0.03,6.23,-35.58,46.57,9.44,-12.84,-48.93,1
O,2022-11-13 11:53:59.179156,0.22,0.99,0.40,6.04,-53.34,40.28,7.97,-12.18,-49.95,1
O,2022-11-13 11:53:59.179333,0.16,1.05,0.22,35.03,-73.18,39.79,7.97,-12.18,-49.95,1
O,2022-11-13 11:53:59.179493,0.07,0.91,0.05,34.55,-59.51,44.43,7.97,-12.18,-49.95,1
O,2022-11-13 11:53:59.179661,-0.11,0.79,-0.11,41.38,-19.23,19.47,7.60,-9.69,-53.03,1
O,2022-11-13 11:53:59.179814,0.13,0.76,0.06,24.60,39.49,-35.10,7.60,-9.69,-53.03,1
O,2022-11-13 11:53:59.179974,0.13,0.88,0.12,-133.48,46.39,-51.76,7.60,-9.69,-53.03,1
O,2022-11-13 11:53:59.180152,0.09,0.50,0.18,-215.15,43.70,-41.87,10.90,-16.43,-51.54,1
O,2022-11-13 11:53:59.180318,0.23,0.94,0.04,-272.16,41.56,-31.25,10.90,-16.43,-51.54,1
O,2022-11-13 11:53:59.180542,0.22,1.08,-0.01,-212.71,21.79,-75.50,10.90,-16.43,-51.54,1
O,2022-11-13 11:53:59.180714,-0.22,1.23,-0.05,-112.24,-3.36,-90.94,14.99,-31.20,-41.48,1
O,2022-11-13 11:53:59.180886,0.60,1.50,-0.25,-97.53,5.07,-66.83,14.99,-31.20,-41.48,1
O,2022-11-13 11:53:59.181047,0.47,1.01,-0.38,49.19,18.25,-1.77,15.08,-34.23,-37.82,1
O,2022-11-13 11:53:59.181208,0.41,0.53,-0.05,67.63,12.82,5.43,15.08,-34.23,-37.82,1
O,2022-11-13 11:53:59.181373,0.30,1.01,-0.18,-44.56,-3.36,-14.65,15.08,-34.23,-37.82,1
O,2022-11-13 11:53:59.181528,0.24,0.83,-0.31,4.39,14.65,-5.31,14.79,-33.39,-34.44,1
O,2022-11-13 11:53:59.181706,0.25,1.02,-0.13,-3.05,25.82,-21.67,14.79,-33.39,-34.44,1
O,2022-11-13 11:53:59.181870,0.38,1.00,-0.15,-33.63,20.39,-17.33,14.79,-33.39,-34.44,1
O,2022-11-13 11:53:59.182043,0.35,0.91,-0.25,-18.07,0.55,-8.06,15.54,-35.36,-33.95,1
O,2022-11-13 11:53:59.182207,0.29,0.97,-0.14,-14.16,-9.28,-8.48,15.54,-35.36,-33.95,1
O,2022-11-13 11:53:59.182383,0.26,0.94,-0.14,-11.66,-16.36,-13.49,15.54,-35.36,-33.95,1
O,2022-11-13 11:53:59.182549,0.19,1.04,-0.10,-15.08,-17.70,-15.56,16.22,-36.04,-32.97,1
O,2022-11-13 11:53:59.182728,0.36,0.80,-0.33,10.62,-20.20,-6.29,16.22,-36.04,-32.97,1
O,2022-11-13 11:53:59.182899,0.29,0.94,-0.24,-6.96,-24.48,-12.51,17.46,-36.47,-33.24,1
O,2022-11-13 11:53:59.183088,0.36,0.98,-0.19,-10.38,-19.59,-13.31,17.46,-36.47,-33.24,1
O,2022-11-13 11:53:59.183263,0.31,0.89,-0.24,-28.93,-27.22,-6.04,17.46,-36.47,-33.24,1
O,2022-11-13 11:53:59.183441,0.31,0.83,-0.36,14.28,-25.57,-11.72,18.15,-37.30,-33.39,1
O,2022-11-13 11:53:59.183632,0.35,0.93,-0.17,1.28,-23.07,-19.96,18.15,-37.30,-33.39,1
O,2022-11-13 11:53:59.183817,0.36,0.90,-0.19,-1.28,-23.86,-18.07,18.15,-37.30,-33.39,1
O,2022-11-13 11:53:59.184011,0.36,0.88,-0.23,-1.83,-20.75,-19.41,19.42,-37.48,-32.82,1
O,2022-11-13 11:53:59.184200,0.37,0.90,-0.17,-2.20,-15.38,-19.53,19.42,-37.48,-32.82,1
O,2022-11-13 11:53:59.184417,0.38,0.83,-0.21,2.01,-17.03,-11.05,19.42,-37.48,-32.82,1
O,2022-11-13 11:53:59.184622,0.33,0.87,-0.17,-0.92,-21.00,-5.74,20.84,-38.29,-33.34,1
O,2022-11-13 11:53:59.184799,0.38,0.93,-0.20,-5.07,-23.50,-1.16,20.84,-38.29,-33.34,1
O,2022-11-13 11:53:59.184979,0.34,0.86,-0.25,-5.00,-18.37,9.95,21.14,-39.04,-33.04,1
O,2022-11-13 11:53:59.185146,0.41,0.88,-0.25,-10.80,-11.23,12.57,21.14,-39.04,-33.04,1
O,2022-11-13 11:53:59.185312,0.40,0.73,-0.20,-7.51,-3.72,6.47,21.14,-39.04,-33.04,1
O,2022-11-13 11:53:59.185477,0.39,0.95,-0.17,-13.98,-11.60,6.96,21.24,-39.62,-33.00,1
O,2022-11-13 11:53:59.185652,0.38,0.92,-0.17,-13.49,-18.68,24.60,21.24,-39.62,-33.00,1
O,2022-11-13 11:53:59.185815,0.36,0.81,-0.27,-4.58,-18.62,28.81,21.24,-39.62,-33.00,1
O,2022-11-13 11:53:59.185979,0.36,0.81,-0.25,-6.23,-10.62,17.76,21.69,-40.73,-33.45,1
O,2022-11-13 11:53:59.186154,0.34,0.90,-0.23,-8.48,-8.67,15.75,21.69,-40.73,-33.45,1
O,2022-11-13 11:53:59.186314,0.31,0.89,-0.26,-6.47,-9.34,20.20,21.69,-40.73,-33.45,1
O,2022-11-13 11:53:59.186483,0.34,0.88,-0.24,-5.31,-8.73,19.84,21.26,-40.15,-34.02,1
O,2022-11-13 11:53:59.186644,0.34,0.87,-0.28,-5.49,-5.98,14.10,21.26,-40.15,-34.02,1
O,2022-11-13 11:53:59.186818,0.37,0.89,-0.24,-5.80,-2.44,7.75,20.86,-40.61,-33.92,1
O,2022-11-13 11:53:59.186995,0.36,0.92,-0.23,-2.32,-8.36,6.59,20.86,-40.61,-33.92,1
O,2022-11-13 11:53:59.187173,0.38,0.93,-0.27,-4.15,-14.77,9.03,20.86,-40.61,-33.92,1
O,2022-11-13 11:53:59.187377,0.38,0.93,-0.26,-6.84,-19.17,13.24,20.68,-40.73,-33.98,1
O,2022-11-13 11:53:59.187561,0.38,0.92,-0.28,-9.52,-18.31,14.53,20.68,-40.73,-33.98,1
O,2022-11-13 11:53:59.187751,0.40,0.94,-0.25,-15.08,-14.34,15.44,20.68,-40.73,-33.98,1
O,2022-11-13 11:53:59.187932,0.37,0.89,-0.28,-9.58,-13.37,17.70,20.83,-40.99,-33.45,1
O,2022-11-13 11:53:59.188114,0.38,0.85,-0.27,-12.33,-12.45,21.48,20.83,-40.99,-33.45,1
O,2022-11-13 11:53:59.188295,0.38,0.84,-0.28,-14.16,-13.49,22.89,20.83,-40.99,-33.45,1
O,2022-11-13 11:53:59.188464,0.38,0.84,-0.26,-17.70,-12.15,21.97,19.93,-40.36,-33.11,1
O,2022-11-13 11:53:59.188629,0.40,0.83,-0.23,-15.87,-13.43,21.18,19.93,-40.36,-33.11,1
O,2022-11-13 11:53:59.188798,0.37,0.84,-0.22,-16.54,-21.91,22.71,19.10,-40.06,-32.73,1
O,2022-11-13 11:53:59.188971,0.32,0.80,-0.34,-9.52,-26.43,20.20,19.10,-40.06,-32.73,1
O,2022-11-13 11:53:59.189136,0.37,0.84,-0.27,-10.93,-18.13,16.30,19.10,-40.06,-32.73,1
O,2022-11-13 11:53:59.189306,0.37,0.87,-0.28,-8.12,-19.17,13.43,19.17,-40.65,-32.41,1
O,2022-11-13 11:53:59.189470,0.36,0.86,-0.28,-6.71,-19.90,12.76,19.17,-40.65,-32.41,1
O,2022-11-13 11:53:59.189642,0.36,0.85,-0.28,-5.19,-20.32,12.02,19.17,-40.65,-32.41,1
O,2022-11-13 11:53:59.189801,0.38,0.85,-0.28,-2.87,-22.58,9.58,19.40,-40.05,-32.35,1
O,2022-11-13 11:53:59.189967,0.39,0.85,-0.29,-1.65,-22.83,8.12,19.40,-40.05,-32.35,1
O,2022-11-13 11:53:59.190130,0.41,0.87,-0.30,-5.07,-23.38,5.25,19.40,-40.05,-32.35,1
O,2022-11-13 11:53:59.190289,0.40,0.87,-0.27,-4.27,-23.32,3.85,19.43,-40.45,-31.73,1
O,2022-11-13 11:53:59.190454,0.41,0.89,-0.23,0.06,-27.77,5.49,19.43,-40.45,-31.73,1
O,2022-11-13 11:53:59.190612,0.38,0.86,-0.27,3.97,-33.51,6.47,21.14,-40.45,-29.90,1
O,2022-11-13 11:53:59.190774,0.39,0.85,-0.29,0.06,-30.76,4.09,21.14,-40.45,-29.90,1
O,2022-11-13 11:53:59.190938,0.43,0.89,-0.22,-0.61,-32.78,6.59,21.14,-40.45,-29.90,1
O,2022-11-13 11:53:59.191106,0.36,0.84,-0.33,2.50,-35.10,8.36,22.55,-40.89,-31.76,1
O,2022-11-13 11:53:59.191270,0.40,0.85,-0.30,-2.81,-23.01,4.94,22.55,-40.89,-31.76,1
O,2022-11-13 11:53:59.191429,0.40,0.85,-0.28,-4.88,-21.12,5.43,22.55,-40.89,-31.76,1
O,2022-11-13 11:53:59.191599,0.40,0.86,-0.28,-9.28,-22.28,7.51,23.18,-40.71,-30.52,1
O,2022-11-13 11:53:59.191765,0.38,0.84,-0.30,-9.40,-23.44,9.40,23.18,-40.71,-30.52,1
O,2022-11-13 11:53:59.191936,0.38,0.79,-0.39,11.54,-22.77,7.26,23.18,-40.71,-30.52,1
O,2022-11-13 11:53:59.192098,0.34,0.88,-0.31,-7.69,-19.17,5.13,24.11,-40.22,-30.26,1
O,2022-11-13 11:53:59.192264,0.37,0.87,-0.31,-2.38,-16.78,6.10,24.11,-40.22,-30.26,1
O,2022-11-13 11:53:59.192425,0.32,0.88,-0.29,-3.85,-15.56,4.94,24.85,-40.61,-28.94,1
O,2022-11-13 11:53:59.192586,0.33,0.88,-0.30,-5.43,-13.37,3.48,24.85,-40.61,-28.94,1
O,2022-11-13 11:53:59.192763,0.30,0.88,-0.28,-4.64,-10.99,2.20,24.85,-40.61,-28.94,1
O,2022-11-13 11:53:59.192919,0.30,0.89,-0.28,-1.34,-9.52,2.75,25.12,-39.87,-29.17,1
O,2022-11-13 11:53:59.193082,0.32,0.89,-0.28,0.73,-7.93,5.37,25.12,-39.87,-29.17,1
O,2022-11-13 11:53:59.193240,0.32,0.89,-0.25,-3.72,-6.04,6.47,25.12,-39.87,-29.17,1
O,2022-11-13 11:53:59.193401,0.31,0.88,-0.25,-6.35,-5.49,8.85,26.04,-39.73,-29.59,1
O,2022-11-13 11:53:59.193559,0.30,0.90,-0.24,-5.62,-6.47,9.28,26.04,-39.73,-29.59,1
O,2022-11-13 11:53:59.193717,0.26,0.91,-0.22,-1.83,-9.09,9.52,26.04,-39.73,-29.59,1
O,2022-11-13 11:53:59.193891,0.30,0.92,-0.22,0.49,-30.70,10.44,26.20,-38.96,-29.87,1
O,2022-11-13 11:53:59.194054,0.25,0.94,-0.23,-4.21,-23.50,12.45,26.20,-38.96,-29.87,1
O,2022-11-13 11:53:59.194227,0.26,0.94,-0.19,-7.87,-23.74,14.28,26.62,-38.75,-29.49,1
O,2022-11-13 11:53:59.194395,0.26,0.91,-0.17,-5.92,-24.96,15.20,26.62,-38.75,-29.49,1
O,2022-11-13 11:53:59.194567,0.25,0.95,-0.14,-6.47,-28.81,15.87,26.62,-38.75,-29.49,1
O,2022-11-13 11:53:59.194731,0.26,0.95,-0.13,-3.54,-33.51,19.65,26.49,-38.65,-31.43,1
O,2022-11-13 11:53:59.194894,0.26,0.94,-0.13,-2.08,-35.58,20.26,26.49,-38.65,-31.43,1
O,2022-11-13 11:53:59.195069,0.25,0.94,-0.14,-1.22,-36.13,18.25,26.49,-38.65,-31.43,1
O,2022-11-13 11:53:59.195232,0.27,0.94,-0.13,-0.92,-37.17,16.11,26.68,-38.11,-30.57,1
O,2022-11-13 11:53:59.195406,0.28,0.94,-0.13,-0.43,-39.73,13.18,26.68,-38.11,-30.57,1
O,2022-11-13 11:53:59.195565,0.29,0.94,-0.14,-0.61,-41.99,8.00,26.68,-38.11,-30.57,1
O,2022-11-13 11:53:59.195731,0.31,0.91,-0.14,0.00,-43.88,5.62,26.81,-37.83,-30.41,1
O,2022-11-13 11:53:59.195890,0.30,0.93,-0.14,-1.28,-42.91,4.52,26.81,-37.83,-30.41,1
O,2022-11-13 11:53:59.196047,0.28,0.91,-0.14,-3.17,-43.82,4.82,27.27,-37.29,-30.82,1
O,2022-11-13 11:53:59.196223,0.28,0.91,-0.16,-5.25,-44.92,6.77,27.27,-37.29,-30.82,1
O,2022-11-13 11:53:59.196386,0.27,0.91,-0.14,-6.59,-44.31,9.64,27.27,-37.29,-30.82,1
O,2022-11-13 11:53:59.196594,0.27,0.88,-0.16,-7.26,-44.49,10.25,27.11,-36.94,-31.29,1
O,2022-11-13 11:53:59.196756,0.30,0.87,-0.15,-8.85,-44.25,11.35,27.11,-36.94,-31.29,1
O,2022-11-13 11:53:59.196924,0.25,0.90,-0.15,-6.53,-47.30,11.66,27.11,-36.94,-31.29,1
O,2022-11-13 11:53:59.197086,0.26,0.87,-0.18,-4.21,-48.16,13.12,26.76,-35.88,-31.77,1
O,2022-11-13 11:53:59.197251,0.23,0.87,-0.15,-6.41,-47.36,11.78,26.76,-35.88,-31.77,1
O,2022-11-13 11:53:59.197426,0.24,0.89,-0.14,-7.26,-44.37,9.64,26.76,-35.88,-31.77,1
O,2022-11-13 11:53:59.197598,0.24,0.91,-0.14,-8.61,-41.20,7.93,27.28,-35.73,-32.37,1
O,2022-11-13 11:53:59.197770,0.25,0.92,-0.14,-7.26,-40.77,7.93,27.28,-35.73,-32.37,1
O,2022-11-13 11:53:59.197930,0.25,0.94,-0.15,-6.77,-41.56,8.00,27.40,-35.21,-30.87,1
O,2022-11-13 11:53:59.198097,0.27,0.95,-0.12,-8.24,-40.95,9.34,27.40,-35.21,-30.87,1
O,2022-11-13 11:53:59.198253,0.26,1.00,-0.11,3.66,-39.67,8.97,27.40,-35.21,-30.87,1
O,2022-11-13 11:53:59.198422,0.28,0.96,-0.12,-12.02,-36.56,7.14,28.52,-35.51,-31.30,1
O,2022-11-13 11:53:59.198586,0.28,0.93,-0.10,-10.99,-33.51,6.65,28.52,-35.51,-31.30,1
O,2022-11-13 11:53:59.198744,0.29,0.90,-0.10,-9.58,-30.70,5.00,28.52,-35.51,-31.30,1
O,2022-11-13 11:53:59.198913,0.30,0.89,-0.10,-9.46,-28.69,3.30,28.69,-35.25,-29.81,1
O,2022-11-13 11:53:59.199071,0.30,0.88,-0.10,-9.58,-30.33,1.04,28.69,-35.25,-29.81,1
O,2022-11-13 11:53:59.199245,0.24,0.93,-0.12,-12.82,-34.85,-0.92,28.69,-35.25,-29.81,1
O,2022-11-13 11:53:59.199411,0.23,0.98,-0.14,-15.38,-38.21,-2.56,29.22,-35.49,-27.72,1
O,2022-11-13 11:53:59.199581,0.26,0.99,-0.11,-14.16,-36.68,-3.91,29.22,-35.49,-27.72,1
O,2022-11-13 11:53:59.199750,0.26,0.95,-0.15,-11.47,-34.48,-3.42,30.31,-34.59,-27.32,1
O,2022-11-13 11:53:59.199917,0.29,0.89,-0.14,-14.40,-24.17,-1.83,30.31,-34.59,-27.32,1
O,2022-11-13 11:53:59.200087,0.27,0.83,-0.14,-9.64,-18.49,-0.37,30.31,-34.59,-27.32,1
O,2022-11-13 11:53:59.200253,0.27,0.83,-0.14,-7.45,-13.79,-0.24,30.05,-34.16,-26.31,1
O,2022-11-13 11:53:59.200425,0.28,0.88,-0.15,-6.23,-11.05,-0.37,30.05,-34.16,-26.31,1
O,2022-11-13 11:53:59.200585,0.27,0.93,-0.17,-6.10,-9.28,-0.73,30.05,-34.16,-26.31,1
O,2022-11-13 11:53:59.200754,0.27,0.94,-0.18,-5.74,-6.84,-0.12,31.27,-33.74,-27.31,1
O,2022-11-13 11:53:59.200911,0.27,0.93,-0.16,-2.87,-8.61,3.30,31.27,-33.74,-27.31,1
O,2022-11-13 11:53:59.201077,0.27,0.89,-0.18,-0.92,-10.56,5.07,31.27,-33.74,-27.31,1
O,2022-11-13 11:53:59.201238,0.28,0.89,-0.16,-2.38,-6.84,4.09,31.13,-34.19,-25.12,1
O,2022-11-13 11:53:59.201392,0.31,0.90,-0.11,0.43,-4.58,2.81,31.13,-34.19,-25.12,1
O,2022-11-13 11:53:59.201554,0.29,0.86,-0.13,4.21,-4.09,3.91,30.31,-34.01,-25.81,1
O,2022-11-13 11:53:59.201710,0.26,0.82,-0.16,5.31,-1.22,4.09,30.31,-34.01,-25.81,1
O,2022-11-13 11:53:59.201870,0.26,0.83,-0.17,4.15,6.90,1.40,30.31,-34.01,-25.81,1
O,2022-11-13 11:53:59.202026,0.25,0.82,-0.15,7.93,10.56,0.73,30.55,-33.50,-26.71,1
O,2022-11-13 11:53:59.202189,0.27,0.82,-0.14,10.13,12.08,0.92,30.55,-33.50,-26.71,1
O,2022-11-13 11:53:59.202359,0.28,0.83,-0.14,11.23,13.61,-1.16,30.55,-33.50,-26.71,1
O,2022-11-13 11:53:59.202546,0.29,0.88,-0.08,9.28,15.56,-2.87,30.55,-33.29,-25.90,1
O,2022-11-13 11:53:59.202748,0.29,0.79,-0.13,22.64,16.66,-0.79,30.55,-33.29,-25.90,1
O,2022-11-13 11:53:59.202927,0.27,0.89,-0.13,8.73,18.62,-1.22,30.55,-33.29,-25.90,1
O,2022-11-13 11:53:59.203118,0.29,0.90,-0.14,12.45,20.02,1.22,30.69,-34.03,-26.72,1
O,2022-11-13 11:53:59.203294,0.28,0.93,-0.15,15.32,22.09,2.56,30.69,-34.03,-26.72,1
O,2022-11-13 11:53:59.203488,0.27,0.95,-0.15,17.03,22.95,2.38,29.90,-32.98,-26.53,1
O,2022-11-13 11:53:59.203661,0.26,0.99,-0.14,15.01,23.01,0.98,29.90,-32.98,-26.53,1
O,2022-11-13 11:53:59.203843,0.22,0.98,-0.15,17.33,21.36,0.24,29.90,-32.98,-26.53,1
O,2022-11-13 11:53:59.204037,0.20,1.03,-0.18,10.86,21.24,-1.59,29.28,-32.86,-26.39,1
O,2022-11-13 11:53:59.204217,0.24,1.11,-0.13,13.67,25.63,-4.21,29.28,-32.86,-26.39,1
O,2022-11-13 11:53:59.204397,0.23,1.01,-0.16,12.94,30.46,-3.78,29.28,-32.86,-26.39,1
O,2022-11-13 11:53:59.204578,0.21,0.95,-0.17,20.02,30.76,-1.46,28.97,-33.06,-27.29,1
O,2022-11-13 11:53:59.204751,0.20,0.93,-0.14,5.37,28.50,0.55,28.97,-33.06,-27.29,1
O,2022-11-13 11:53:59.204917,0.20,0.90,-0.13,5.62,25.21,0.98,28.97,-33.06,-27.29,1
O,2022-11-13 11:53:59.205083,0.18,0.92,-0.14,6.47,19.65,-0.12,28.02,-32.57,-27.44,1
O,2022-11-13 11:53:59.205243,0.16,0.94,-0.16,7.93,16.97,0.73,28.02,-32.57,-27.44,1
O,2022-11-13 11:53:59.205412,0.14,0.92,-0.17,9.09,15.56,2.99,27.94,-32.47,-27.88,1
O,2022-11-13 11:53:59.205578,0.16,0.97,-0.12,5.43,15.44,5.07,27.94,-32.47,-27.88,1
O,2022-11-13 11:53:59.205739,0.13,0.89,-0.17,12.70,13.79,7.69,27.94,-32.47,-27.88,1
O,2022-11-13 11:53:59.205914,0.16,0.96,-0.16,6.04,15.50,4.70,27.67,-32.29,-29.46,1
O,2022-11-13 11:53:59.206074,0.16,0.96,-0.13,10.68,16.97,0.55,27.67,-32.29,-29.46,1
O,2022-11-13 11:53:59.206248,0.17,0.95,-0.14,11.17,15.81,0.18,27.67,-32.29,-29.46,1
O,2022-11-13 11:53:59.206416,0.16,0.96,-0.14,13.43,14.04,-0.49,26.87,-32.18,-27.39,1
O,2022-11-13 11:53:59.206581,0.18,0.99,-0.12,15.93,13.79,-1.65,26.87,-32.18,-27.39,1
O,2022-11-13 11:53:59.206802,0.21,0.94,-0.14,36.87,13.73,-1.53,26.87,-32.18,-27.39,1
O,2022-11-13 11:53:59.206988,0.20,1.00,-0.14,29.66,14.53,-1.10,27.25,-31.76,-28.67,1
O,2022-11-13 11:53:59.207152,0.24,0.97,-0.10,15.81,16.60,-1.53,27.25,-31.76,-28.67,1
O,2022-11-13 11:53:59.207324,0.22,0.94,-0.11,10.68,10.68,1.10,27.08,-30.74,-29.77,1
O,2022-11-13 11:53:59.207476,0.21,0.96,-0.11,7.63,7.45,2.81,27.08,-30.74,-29.77,1
O,2022-11-13 11:53:59.207642,0.21,0.97,-0.12,10.80,7.20,5.55,27.08,-30.74,-29.77,1
O,2022-11-13 11:53:59.207794,0.23,0.99,-0.11,8.67,5.49,8.61,26.62,-30.20,-28.82,1
O,2022-11-13 11:53:59.207952,0.24,0.99,-0.08,4.76,3.54,9.16,26.62,-30.20,-28.82,1
O,2022-11-13 11:53:59.208106,0.25,1.00,-0.10,2.44,2.14,10.19,26.62,-30.20,-28.82,1
O,2022-11-13 11:53:59.208260,0.25,0.98,-0.09,2.20,1.71,10.25,26.32,-30.31,-30.21,1
O,2022-11-13 11:53:59.208423,0.26,0.97,-0.09,3.60,2.38,7.75,26.32,-30.31,-30.21,1
O,2022-11-13 11:53:59.208575,0.25,0.95,-0.09,6.47,3.05,4.64,26.32,-30.31,-30.21,1
O,2022-11-13 11:53:59.208742,0.24,0.94,-0.09,6.53,2.26,3.78,25.77,-31.16,-28.61,1
O,2022-11-13 11:53:59.208894,0.24,0.94,-0.10,6.10,1.65,3.66,25.77,-31.16,-28.61,1
O,2022-11-13 11:53:59.209044,0.26,0.96,-0.10,5.55,1.16,3.78,25.32,-31.63,-29.02,1
O,2022-11-13 11:53:59.209203,0.27,0.96,-0.10,4.46,1.16,4.09,25.32,-31.63,-29.02,1
O,2022-11-13 11:53:59.209358,0.28,0.94,-0.12,1.65,1.40,2.87,25.32,-31.63,-29.02,1
O,2022-11-13 11:53:59.209519,0.27,0.94,-0.13,2.75,1.40,1.59,24.85,-31.71,-28.97,1
O,2022-11-13 11:53:59.209674,0.26,0.95,-0.12,1.65,1.22,-0.24,24.85,-31.71,-28.97,1
O,2022-11-13 11:53:59.209834,0.26,0.96,-0.13,2.50,0.06,0.55,24.85,-31.71,-28.97,1
O,2022-11-13 11:53:59.209990,0.25,0.94,-0.13,3.91,0.61,0.43,24.69,-32.24,-29.54,1
O,2022-11-13 11:53:59.210143,0.23,0.93,-0.14,5.07,3.05,2.01,24.69,-32.24,-29.54,1
O,2022-11-13 11:53:59.210305,0.22,0.93,-0.13,7.32,4.76,4.94,24.69,-32.24,-29.54,1
O,2022-11-13 11:53:59.210458,0.24,0.92,-0.13,8.42,5.68,6.41,24.10,-33.25,-29.44,1
O,2022-11-13 11:53:59.210618,0.24,0.93,-0.14,7.63,6.65,5.68,24.10,-33.25,-29.44,1
O,2022-11-13 11:53:59.210769,0.23,0.92,-0.13,8.12,8.73,5.74,24.23,-34.68,-28.54,1
O,2022-11-13 11:53:59.210919,0.24,0.93,-0.12,9.83,9.89,7.39,24.23,-34.68,-28.54,1
O,2022-11-13 11:53:59.211085,0.25,0.91,-0.09,11.17,8.54,9.03,24.23,-34.68,-28.54,1
O,2022-11-13 11:53:59.211244,0.26,0.95,-0.07,10.86,6.29,9.09,23.66,-35.55,-27.48,1
O,2022-11-13 11:53:59.211412,0.26,0.96,-0.07,13.37,4.33,10.13,23.66,-35.55,-27.48,1
O,2022-11-13 11:53:59.211571,0.28,0.97,-0.06,15.14,4.70,10.56,23.66,-35.55,-27.48,1
O,2022-11-13 11:53:59.211728,0.28,0.95,-0.07,16.97,5.07,10.44,22.29,-36.60,-28.71,1
O,2022-11-13 11:53:59.211891,0.27,0.94,-0.06,16.78,9.46,7.93,22.29,-36.60,-28.71,1
O,2022-11-13 11:53:59.212043,0.27,0.93,-0.06,13.18,9.58,6.65,22.29,-36.60,-28.71,1
O,2022-11-13 11:53:59.212205,0.26,0.93,-0.06,9.70,8.30,5.92,22.09,-36.67,-26.82,1
O,2022-11-13 11:53:59.212356,0.25,0.94,-0.06,8.18,6.35,6.59,22.09,-36.67,-26.82,1
O,2022-11-13 11:53:59.212546,0.24,0.93,-0.07,7.87,4.58,7.02,20.80,-36.77,-27.60,1
O,2022-11-13 11:53:59.212698,0.24,0.94,-0.06,7.81,3.48,7.32,20.80,-36.77,-27.60,1
O,2022-11-13 11:53:59.212848,0.24,0.94,-0.06,6.77,3.48,6.77,20.80,-36.77,-27.60,1
O,2022-11-13 11:53:59.213010,0.24,0.95,-0.05,6.16,3.66,6.35,20.29,-36.99,-27.16,1
O,2022-11-13 11:53:59.213166,0.24,0.94,-0.05,7.20,2.99,6.10,20.29,-36.99,-27.16,1
O,2022-11-13 11:53:59.213327,0.25,0.94,-0.04,6.10,2.38,6.10,20.29,-36.99,-27.16,1
O,2022-11-13 11:53:59.213484,0.25,0.94,-0.04,5.86,-0.92,6.10,19.80,-37.33,-25.37,1
O,2022-11-13 11:53:59.213638,0.25,0.94,-0.04,4.82,-2.50,6.65,19.80,-37.33,-25.37,1
O,2022-11-13 11:53:59.213806,0.24,0.93,-0.04,4.27,-3.72,8.00,19.80,-37.33,-25.37,1
O,2022-11-13 11:53:59.213960,0.25,0.94,-0.03,3.36,-4.46,8.06,18.65,-37.21,-24.22,1
O,2022-11-13 11:53:59.214124,0.24,0.95,-0.03,3.48,-4.03,7.87,18.65,-37.21,-24.22,1
O,2022-11-13 11:53:59.214279,0.22,0.95,-0.03,5.13,-2.14,6.53,17.82,-37.72,-25.48,1
O,2022-11-13 11:53:59.214433,0.23,0.95,-0.03,4.76,-1.40,6.59,17.82,-37.72,-25.48,1
O,2022-11-13 11:53:59.214604,0.23,0.95,-0.03,4.15,-1.10,6.29,17.82,-37.72,-25.48,1
O,2022-11-13 11:53:59.214759,0.24,0.95,-0.03,3.97,-0.49,5.37,17.88,-37.57,-25.21,1
O,2022-11-13 11:53:59.214921,0.23,0.94,-0.03,2.56,-0.37,4.39,17.88,-37.57,-25.21,1
O,2022-11-13 11:53:59.215078,0.22,0.94,-0.03,2.50,-0.67,4.46,17.88,-37.57,-25.21,1
O,2022-11-13 11:53:59.215237,0.23,0.94,-0.03,3.05,-0.06,4.39,17.49,-37.99,-25.11,1
O,2022-11-13 11:53:59.215391,0.23,0.95,-0.03,3.91,0.37,4.33,17.49,-37.99,-25.11,1
O,2022-11-13 11:53:59.215543,0.23,0.94,-0.03,3.85,0.18,3.91,17.49,-37.99,-25.11,1
O,2022-11-13 11:53:59.215706,0.22,0.95,-0.03,2.56,-0.85,3.36,17.47,-38.21,-24.23,1
O,2022-11-13 11:53:59.215858,0.22,0.95,-0.03,3.54,-1.04,3.60,17.47,-38.21,-24.23,1
O,2022-11-13 11:53:59.216026,0.23,0.94,-0.04,4.09,-1.40,3.42,17.30,-38.32,-24.44,1
O,2022-11-13 11:53:59.216192,0.22,0.95,-0.03,3.23,-1.10,3.66,17.30,-38.32,-24.44,1
O,2022-11-13 11:53:59.216347,0.22,0.95,-0.02,2.44,-0.43,3.17,17.30,-38.32,-24.44,1
O,2022-11-13 11:53:59.216507,0.22,0.95,-0.02,2.93,0.31,2.87,17.22,-38.83,-25.99,1
O,2022-11-13 11:53:59.216677,0.23,0.94,-0.03,2.01,0.12,2.50,17.22,-38.83,-25.99,1
O,2022-11-13 11:53:59.216840,0.23,0.94,-0.03,1.16,-0.43,2.56,17.22,-38.83,-25.99,1
O,2022-11-13 11:53:59.217010,0.22,0.95,-0.02,1.34,-0.24,2.50,16.54,-38.72,-25.63,1
O,2022-11-13 11:53:59.217173,0.22,0.95,-0.02,2.26,-0.12,2.69,16.54,-38.72,-25.63,1
O,2022-11-13 11:53:59.217345,0.22,0.95,-0.02,2.99,0.06,2.56,16.54,-38.72,-25.63,1
O,2022-11-13 11:53:59.217508,0.22,0.95,-0.02,3.11,0.24,2.38,17.09,-38.59,-24.51,1
O,2022-11-13 11:53:59.217672,0.22,0.94,-0.03,3.48,-0.67,2.38,17.09,-38.59,-24.51,1
O,2022-11-13 11:53:59.217832,0.22,0.95,-0.02,1.95,-1.28,2.56,16.56,-38.59,-25.04,1
O,2022-11-13 11:53:59.218000,0.20,0.96,-0.02,2.87,-1.89,3.23,16.56,-38.59,-25.04,1
O,2022-11-13 11:53:59.218157,0.23,0.94,-0.01,4.82,-2.56,3.66,16.56,-38.59,-25.04,1
O,2022-11-13 11:53:59.218332,0.23,0.95,-0.02,3.11,-2.75,2.56,17.08,-38.28,-24.00,1
O,2022-11-13 11:53:59.218491,0.22,0.95,-0.02,4.76,-0.92,1.89,17.08,-38.28,-24.00,1
O,2022-11-13 11:53:59.218647,0.22,0.94,-0.01,4.21,-0.92,2.26,17.08,-38.28,-24.00,1
O,2022-11-13 11:53:59.218807,0.21,0.95,-0.02,4.94,-0.79,2.81,16.63,-38.33,-25.57,1
O,2022-11-13 11:53:59.218961,0.22,0.94,-0.02,6.16,-1.04,3.78,16.63,-38.33,-25.57,1
O,2022-11-13 11:53:59.219121,0.23,0.95,-0.01,5.55,-0.98,4.09,16.63,-38.33,-25.57,1
O,2022-11-13 11:53:59.219276,0.22,0.94,-0.01,5.49,-0.18,3.72,16.55,-38.45,-23.71,1
O,2022-11-13 11:53:59.219428,0.23,0.94,-0.01,6.35,0.55,3.97,16.55,-38.45,-23.71,1
O,2022-11-13 11:53:59.219586,0.23,0.95,0.00,4.64,1.53,3.72,15.19,-38.23,-24.50,1
O,2022-11-13 11:53:59.219737,0.22,0.94,-0.00,5.25,1.83,3.66,15.19,-38.23,-24.50,1
O,2022-11-13 11:53:59.219896,0.21,0.94,0.00,4.46,2.62,4.52,15.19,-38.23,-24.50,1
O,2022-11-13 11:53:59.220046,0.22,0.94,-0.02,3.17,6.96,5.00,15.54,-37.70,-24.13,1
O,2022-11-13 11:53:59.220200,0.23,0.96,-0.01,3.48,10.01,4.70,15.54,-37.70,-24.13,1
O,2022-11-13 11:53:59.220370,0.24,0.96,0.00,1.22,11.29,2.99,15.54,-37.70,-24.13,1
O,2022-11-13 11:53:59.220562,0.22,0.97,-0.00,-4.03,12.08,-0.06,16.33,-37.55,-24.62,1
O,2022-11-13 11:53:59.220741,0.21,0.95,0.01,-7.87,13.12,-2.01,16.33,-37.55,-24.62,1
O,2022-11-13 11:53:59.220910,0.22,0.96,0.01,-7.02,10.38,-3.66,16.33,-37.55,-24.62,1
O,2022-11-13 11:53:59.221124,0.24,0.96,-0.02,-7.32,5.86,-4.58,16.78,-37.99,-26.04,1
O,2022-11-13 11:53:59.221306,0.22,0.98,-0.03,-15.63,3.97,-5.80,16.78,-37.99,-26.04,1
O,2022-11-13 11:53:59.221493,0.19,0.97,-0.03,-11.78,2.75,-5.74,18.65,-36.88,-25.54,1
O,2022-11-13 11:53:59.221689,0.17,0.94,-0.09,-11.78,3.17,-8.54,18.65,-36.88,-25.54,1
O,2022-11-13 11:53:59.221878,0.14,0.94,-0.10,-15.20,9.40,-4.88,18.65,-36.88,-25.54,1
O,2022-11-13 11:53:59.222061,0.17,0.92,-0.09,-15.99,6.47,0.12,19.49,-37.38,-26.88,1
O,2022-11-13 11:53:59.222244,0.19,0.99,-0.10,-18.31,4.15,3.72,19.49,-37.38,-26.88,1
O,2022-11-13 11:53:59.222462,0.21,1.00,-0.10,-18.98,5.86,6.53,19.49,-37.38,-26.88,1
O,2022-11-13 11:53:59.222643,0.19,1.06,-0.06,-24.41,7.63,8.91,20.37,-37.41,-24.76,1
O,2022-11-13 11:53:59.222837,0.23,1.07,-0.03,-13.06,3.85,15.56,20.37,-37.41,-24.76,1
O,2022-11-13 11:53:59.222996,0.21,1.03,-0.04,-5.25,3.54,13.24,20.37,-37.41,-24.76,1
O,2022-11-13 11:53:59.223171,0.23,1.00,-0.05,-7.75,3.97,8.54,20.42,-36.89,-25.52,1
O,2022-11-13 11:53:59.223355,0.20,0.99,-0.06,-7.93,5.98,3.42,20.42,-36.89,-25.52,1
O,2022-11-13 11:53:59.223529,0.19,0.94,-0.08,-4.03,8.97,0.49,20.70,-35.75,-25.22,1
O,2022-11-13 11:53:59.223720,0.16,0.94,-0.04,2.81,11.35,-1.46,20.70,-35.75,-25.22,1
O,2022-11-13 11:53:59.223900,0.18,0.91,-0.08,13.24,12.94,-2.32,20.70,-35.75,-25.22,1
O,2022-11-13 11:53:59.224082,0.20,0.92,-0.03,16.11,16.36,-9.34,20.34,-35.95,-25.32,1
O,2022-11-13 11:53:59.224260,0.20,0.95,-0.06,18.74,18.01,-15.50,20.34,-35.95,-25.32,1
O,2022-11-13 11:53:59.224442,0.19,0.97,-0.04,19.90,21.91,-19.47,20.34,-35.95,-25.32,1
O,2022-11-13 11:53:59.224624,0.21,0.98,-0.02,33.26,24.29,-21.55,20.51,-37.57,-24.62,1
O,2022-11-13 11:53:59.224801,0.21,0.97,-0.03,30.03,25.21,-18.49,20.51,-37.57,-24.62,1
O,2022-11-13 11:53:59.224993,0.21,0.97,-0.02,25.51,27.04,-11.29,20.51,-37.57,-24.62,1
O,2022-11-13 11:53:59.225154,0.20,0.96,-0.03,21.36,27.28,-3.78,20.74,-38.53,-26.49,1
O,2022-11-13 11:53:59.225321,0.21,0.97,-0.03,15.32,29.17,3.97,20.74,-38.53,-26.49,1
O,2022-11-13 11:53:59.225479,0.21,0.99,-0.02,10.80,31.07,8.73,19.81,-38.23,-28.30,1
O,2022-11-13 11:53:59.225635,0.21,0.98,-0.01,7.14,36.44,11.84,19.81,-38.23,-28.30,1
O,2022-11-13 11:53:59.225804,0.20,0.97,-0.01,6.23,38.82,11.54,19.81,-38.23,-28.30,1
O,2022-11-13 11:53:59.225962,0.18,0.97,-0.01,6.65,41.08,10.19,18.95,-37.90,-29.35,1
O,2022-11-13 11:53:59.226129,0.17,0.96,-0.01,8.54,40.16,9.52,18.95,-37.90,-29.35,1
O,2022-11-13 11:53:59.226285,0.14,0.99,-0.01,7.75,37.84,8.79,18.95,-37.90,-29.35,1
O,2022-11-13 11:53:59.226447,0.14,0.99,-0.01,15.08,36.80,6.41,17.71,-37.62,-29.90,1
O,2022-11-13 11:53:59.226603,0.14,0.99,-0.02,18.43,37.72,1.89,17.71,-37.62,-29.90,1
O,2022-11-13 11:53:59.226763,0.13,1.00,-0.01,20.81,37.17,-0.67,17.71,-37.62,-29.90,1
O,2022-11-13 11:53:59.226932,0.12,0.99,-0.03,23.44,35.52,-2.50,16.97,-37.38,-32.31,1
O,2022-11-13 11:53:59.227091,0.11,0.97,-0.02,24.11,35.46,-3.48,16.97,-37.38,-32.31,1
O,2022-11-13 11:53:59.227263,0.11,0.96,-0.02,22.52,36.50,-5.00,16.02,-37.73,-34.20,1
O,2022-11-13 11:53:59.227419,0.13,0.94,0.01,23.13,38.09,-6.16,16.02,-37.73,-34.20,1
O,2022-11-13 11:53:59.227584,0.13,0.94,0.02,23.44,35.77,-6.96,16.02,-37.73,-34.20,1
O,2022-11-13 11:53:59.227750,0.12,0.93,0.02,27.16,32.35,-4.27,15.78,-38.22,-36.61,1
O,2022-11-13 11:53:59.227907,0.14,0.92,0.04,31.74,29.05,-1.77,15.78,-38.22,-36.61,1
O,2022-11-13 11:53:59.228111,0.13,0.91,0.00,30.27,29.97,0.00,15.78,-38.22,-36.61,1
O,2022-11-13 11:53:59.228269,0.14,0.92,0.05,21.55,31.86,-0.24,15.39,-37.94,-38.28,1
O,2022-11-13 11:53:59.228434,0.11,0.87,0.04,20.26,32.29,1.95,15.39,-37.94,-38.28,1
O,2022-11-13 11:53:59.228591,0.12,0.92,0.06,14.95,31.43,2.32,15.39,-37.94,-38.28,1
O,2022-11-13 11:53:59.228772,0.13,0.92,0.05,22.22,30.82,2.69,15.99,-38.00,-41.11,1
O,2022-11-13 11:53:59.228946,0.12,0.91,0.06,22.16,31.25,0.37,15.99,-38.00,-41.11,1
O,2022-11-13 11:53:59.229102,0.13,0.91,0.07,22.34,29.48,0.67,16.37,-37.30,-42.40,1
O,2022-11-13 11:53:59.229271,0.16,0.93,0.05,18.25,29.30,-0.49,16.37,-37.30,-42.40,1
O,2022-11-13 11:53:59.229427,0.15,0.93,0.03,16.60,30.64,-1.95,16.37,-37.30,-42.40,1
O,2022-11-13 11:53:59.229599,0.18,0.95,0.09,16.11,30.94,-2.26,16.56,-37.15,-44.74,1
O,2022-11-13 11:53:59.229756,0.17,0.95,0.06,15.69,25.02,-2.69,16.56,-37.15,-44.74,1
O,2022-11-13 11:53:59.229913,0.24,0.95,0.06,14.59,27.89,-3.66,16.56,-37.15,-44.74,1
O,2022-11-13 11:53:59.230077,0.25,0.94,0.07,12.63,25.88,-4.39,17.72,-37.08,-46.64,1
O,2022-11-13 11:53:59.230232,0.24,0.92,0.06,9.46,21.55,-4.03,17.72,-37.08,-46.64,1
O,2022-11-13 11:53:59.230400,0.24,0.90,0.05,5.98,20.39,-4.15,17.72,-37.08,-46.64,1
O,2022-11-13 11:53:59.230556,0.24,0.91,0.05,3.23,18.19,-4.88,18.87,-38.10,-47.80,1
O,2022-11-13 11:53:59.230715,0.27,0.94,0.03,5.43,15.08,-4.39,18.87,-38.10,-47.80,1
O,2022-11-13 11:53:59.230873,0.29,0.98,0.00,1.59,14.53,-4.94,19.78,-37.63,-49.12,1
O,2022-11-13 11:53:59.231024,0.29,0.96,0.02,0.43,11.90,-2.32,19.78,-37.63,-49.12,1
O,2022-11-13 11:53:59.231187,0.29,0.93,0.01,3.36,10.31,3.23,19.78,-37.63,-49.12,1
O,2022-11-13 11:53:59.231344,0.30,0.87,0.02,6.16,11.90,10.31,20.91,-37.87,-51.44,1
O,2022-11-13 11:53:59.231510,0.28,0.77,-0.01,7.20,12.63,10.99,20.91,-37.87,-51.44,1
O,2022-11-13 11:53:59.231664,0.32,0.77,0.01,4.03,15.14,8.73,20.91,-37.87,-51.44,1
O,2022-11-13 11:53:59.231815,0.33,0.81,0.02,3.05,13.73,3.66,22.28,-36.51,-52.97,1
O,2022-11-13 11:53:59.231978,0.34,0.83,-0.08,5.98,12.27,2.20,22.28,-36.51,-52.97,1
O,2022-11-13 11:53:59.232137,0.37,0.90,-0.06,3.30,17.52,-2.87,22.28,-36.51,-52.97,1
O,2022-11-13 11:53:59.232306,0.35,0.94,-0.11,3.60,23.93,-2.62,23.73,-36.30,-53.32,1
O,2022-11-13 11:53:59.232462,0.41,0.94,-0.09,4.88,27.10,0.49,23.73,-36.30,-53.32,1
O,2022-11-13 11:53:59.232619,0.44,0.92,-0.08,3.42,25.94,1.89,25.95,-36.66,-54.58,1
O,2022-11-13 11:53:59.232778,0.44,0.91,-0.09,3.66,28.20,2.01,25.95,-36.66,-54.58,1
O,2022-11-13 11:53:59.232955,0.44,0.88,-0.06,1.83,35.71,4.58,25.95,-36.66,-54.58,1
O,2022-11-13 11:53:59.233120,0.45,0.82,0.02,5.86,28.38,9.46,27.66,-35.49,-53.11,1
O,2022-11-13 11:53:59.233282,0.40,0.77,-0.03,9.58,15.44,13.67,27.66,-35.49,-53.11,1
O,2022-11-13 11:53:59.233447,0.40,0.82,0.01,7.20,10.62,12.21,27.66,-35.49,-53.11,1
O,2022-11-13 11:53:59.233600,0.39,0.90,-0.02,7.57,8.61,7.69,28.56,-35.67,-53.58,1
O,2022-11-13 11:53:59.233751,0.39,0.91,0.01,9.70,13.31,7.02,28.56,-35.67,-53.58,1
O,2022-11-13 11:53:59.233917,0.37,0.90,-0.01,15.50,13.79,9.40,28.56,-35.67,-53.58,1
O,2022-11-13 11:53:59.234074,0.39,0.91,0.00,15.63,12.33,10.31,29.92,-35.41,-54.16,1
O,2022-11-13 11:53:59.234236,0.33,0.97,-0.02,6.10,7.75,5.74,29.92,-35.41,-54.16,1
O,2022-11-13 11:53:59.234388,0.28,0.99,-0.02,5.19,8.48,3.60,30.91,-34.85,-53.97,1
O,2022-11-13 11:53:59.234555,0.25,0.95,-0.02,12.45,5.55,7.51,30.91,-34.85,-53.97,1
O,2022-11-13 11:53:59.234717,0.25,0.93,-0.05,26.49,2.99,7.14,30.91,-34.85,-53.97,1
O,2022-11-13 11:53:59.234874,0.27,0.86,-0.08,15.38,3.48,5.07,30.77,-34.72,-54.91,1
O,2022-11-13 11:53:59.235032,0.26,0.92,-0.05,5.19,8.42,1.16,30.77,-34.72,-54.91,1
O,2022-11-13 11:53:59.235190,0.23,0.91,-0.05,3.85,11.96,-0.12,30.77,-34.72,-54.91,1
O,2022-11-13 11:53:59.235354,0.23,0.90,-0.08,5.92,12.63,-1.10,31.47,-34.61,-53.53,1
O,2022-11-13 11:53:59.235513,0.27,0.88,-0.03,-0.79,9.40,-1.59,31.47,-34.61,-53.53,1
O,2022-11-13 11:53:59.235673,0.33,0.85,-0.03,-1.83,3.91,-3.54,31.47,-34.61,-53.53,1
O,2022-11-13 11:53:59.235838,0.28,0.95,-0.11,-17.52,3.30,-12.57,32.95,-35.56,-51.65,1
O,2022-11-13 11:53:59.235999,0.30,0.89,-0.02,-27.71,4.76,-13.85,32.95,-35.56,-51.65,1
O,2022-11-13 11:53:59.236170,0.23,0.91,-0.07,-26.61,-7.32,-8.48,33.83,-36.21,-51.04,1
O,2022-11-13 11:53:59.236332,0.32,1.03,-0.03,-19.78,-18.19,-4.70,33.83,-36.21,-51.04,1
O,2022-11-13 11:53:59.236506,0.32,1.05,-0.01,-14.71,-17.88,-6.41,33.83,-36.21,-51.04,1
O,2022-11-13 11:53:59.236665,0.33,1.00,-0.01,-9.58,-14.77,-3.48,35.97,-36.38,-50.49,1
O,2022-11-13 11:53:59.236826,0.37,0.85,0.02,-11.23,-17.88,3.91,35.97,-36.38,-50.49,1
O,2022-11-13 11:53:59.236986,0.35,0.76,0.04,-13.85,-20.02,7.14,35.97,-36.38,-50.49,1
O,2022-11-13 11:53:59.237149,0.43,0.76,0.02,-25.57,-24.05,0.67,36.45,-35.99,-50.18,1
O,2022-11-13 11:53:59.237326,0.42,0.73,0.08,-21.79,-37.84,-8.79,36.45,-35.99,-50.18,1
O,2022-11-13 11:53:59.237494,0.29,0.99,-0.12,-30.46,-47.36,-16.91,36.45,-35.99,-50.18,1
O,2022-11-13 11:53:59.237664,0.36,0.94,-0.10,-3.66,-40.65,-18.19,38.82,-36.05,-51.29,1
O,2022-11-13 11:53:59.237825,0.40,0.98,-0.12,4.64,-38.27,-21.97,38.82,-36.05,-51.29,1
O,2022-11-13 11:53:59.237993,0.47,0.97,-0.11,1.71,-28.26,-15.99,37.88,-32.26,-50.46,1
O,2022-11-13 11:53:59.238164,0.44,0.90,-0.12,-31.86,-20.69,-8.73,37.88,-32.26,-50.46,1
O,2022-11-13 11:53:59.238325,0.43,0.80,-0.17,-25.57,-15.69,1.77,37.88,-32.26,-50.46,1
O,2022-11-13 11:53:59.238540,0.45,0.75,-0.16,-18.86,-11.66,13.73,40.05,-32.15,-49.66,1
O,2022-11-13 11:53:59.238721,0.47,0.65,-0.17,-20.20,-0.12,14.59,40.05,-32.15,-49.66,1
O,2022-11-13 11:53:59.238893,0.47,0.92,-0.16,-27.22,10.13,0.98,40.05,-32.15,-49.66,1
O,2022-11-13 11:53:59.239070,0.48,1.21,0.18,-17.09,13.49,2.26,42.64,-35.63,-50.84,1
O,2022-11-13 11:53:59.239250,0.38,0.68,-0.07,10.93,-9.40,5.74,42.64,-35.63,-50.84,1
O,2022-11-13 11:53:59.239439,0.44,1.24,-0.31,-37.66,-17.76,-2.32,42.64,-35.63,-50.84,1
O,2022-11-13 11:53:59.239618,0.30,0.89,-0.11,4.21,-5.92,6.16,46.52,-39.79,-50.96,1
O,2022-11-13 11:53:59.239787,0.27,1.00,-0.16,48.03,1.34,21.12,46.52,-39.79,-50.96,1
O,2022-11-13 11:53:59.239954,0.34,0.95,-0.18,45.29,3.23,20.26,47.34,-39.36,-53.48,1
O,2022-11-13 11:53:59.240179,0.34,0.84,-0.19,65.73,9.89,25.45,47.34,-39.36,-53.48,1
O,2022-11-13 11:53:59.240349,0.33,0.99,-0.25,45.41,11.78,25.94,47.34,-39.36,-53.48,1
O,2022-11-13 11:53:59.240518,0.37,0.86,-0.17,39.43,16.36,31.68,51.10,-39.98,-57.85,1
O,2022-11-13 11:53:59.240695,0.31,0.90,-0.16,11.05,22.64,23.13,51.10,-39.98,-57.85,1
O,2022-11-13 11:53:59.240858,0.29,0.95,-0.20,15.50,24.60,21.85,51.10,-39.98,-57.85,1
O,2022-11-13 11:53:59.241030,0.33,0.57,-0.19,5.31,23.86,32.96,56.64,-42.59,-61.84,1
O,2022-11-13 11:53:59.241208,0.19,1.05,-0.03,10.68,28.81,65.00,56.64,-42.59,-61.84,1
O,2022-11-13 11:53:59.241372,0.20,1.22,0.01,36.25,24.23,57.43,56.64,-42.59,-61.84,1
O,2022-11-13 11:53:59.241539,0.40,0.72,-0.15,46.33,2.93,34.24,60.07,-50.49,-67.08,1
O,2022-11-13 11:53:59.241782,0.20,1.01,-0.15,-104.92,-10.86,3.60,60.07,-50.49,-67.08,1
O,2022-11-13 11:53:59.241979,0.35,0.90,-0.12,-101.75,5.07,6.04,58.47,-63.31,-65.01,1
O,2022-11-13 11:53:59.242151,0.29,0.26,-0.12,-148.99,17.40,7.32,58.47,-63.31,-65.01,1
O,2022-11-13 11:53:59.242358,0.24,1.54,-0.12,-213.99,16.97,-0.85,58.47,-63.31,-65.01,1
O,2022-11-13 11:53:59.242540,0.17,0.79,-0.23,-64.45,10.44,10.25,51.04,-83.09,-48.19,1
O,2022-11-13 11:53:59.242750,0.16,0.80,-0.21,13.37,8.42,3.42,51.04,-83.09,-48.19,1
O,2022-11-13 11:53:59.242930,0.17,0.97,-0.16,-58.96,14.65,13.79,51.04,-83.09,-48.19,1
O,2022-11-13 11:53:59.243116,0.05,1.08,-0.28,-5.37,13.85,17.88,48.74,-89.55,-44.97,1
O,2022-11-13 11:53:59.243294,0.02,0.88,-0.34,44.43,25.70,15.08,48.74,-89.55,-44.97,1
O,2022-11-13 11:53:59.243464,0.09,1.02,-0.34,25.94,46.94,7.87,48.74,-89.55,-44.97,1
O,2022-11-13 11:53:59.243625,-0.03,0.94,-0.36,60.85,74.52,4.27,47.46,-90.67,-44.65,1
O,2022-11-13 11:53:59.243785,0.09,0.74,-0.20,23.86,86.36,10.93,47.46,-90.67,-44.65,1
O,2022-11-13 11:53:59.243957,0.18,1.05,-0.04,-100.71,86.85,6.96,38.43,-81.65,-27.54,1
O,2022-11-13 11:53:59.244118,0.24,1.13,-0.17,-58.41,75.50,27.40,38.43,-81.65,-27.54,1
O,2022-11-13 11:53:59.244289,0.22,1.00,-0.23,23.13,57.98,11.72,38.43,-81.65,-27.54,1
O,2022-11-13 11:53:59.244448,0.27,0.87,-0.53,-7.69,42.79,10.99,33.26,-78.85,-18.24,1
O,2022-11-13 11:53:59.244614,0.25,1.16,-0.38,32.65,19.47,-8.48,33.26,-78.85,-18.24,1
O,2022-11-13 11:53:59.244773,0.21,0.87,-0.21,90.03,9.95,-19.84,33.26,-78.85,-18.24,1
O,2022-11-13 11:53:59.244956,0.16,0.81,-0.13,41.26,7.26,-4.03,34.02,-75.18,-22.77,1
O,2022-11-13 11:53:59.245127,0.20,0.76,-0.29,-14.10,15.14,0.67,34.02,-75.18,-22.77,1
O,2022-11-13 11:53:59.245287,0.14,1.08,-0.16,-25.63,25.76,6.84,34.02,-75.18,-22.77,1
O,2022-11-13 11:53:59.245456,0.12,0.96,-0.29,-28.75,9.16,3.05,32.51,-75.31,-20.02,1
O,2022-11-13 11:53:59.245613,0.13,0.91,-0.29,-0.37,1.65,4.21,32.51,-75.31,-20.02,1
O,2022-11-13 11:53:59.245772,0.15,0.97,-0.27,2.75,1.83,4.39,32.21,-76.21,-18.60,1
O,2022-11-13 11:53:59.245928,0.17,0.92,-0.26,-3.78,1.16,1.04,32.21,-76.21,-18.60,1
O,2022-11-13 11:53:59.246087,0.16,0.90,-0.28,-14.83,-1.59,3.11,32.21,-76.21,-18.60,1
O,2022-11-13 11:53:59.246256,0.11,0.94,-0.28,-0.12,-2.99,5.00,33.17,-77.22,-17.80,1
O,2022-11-13 11:53:59.246409,0.14,0.92,-0.31,4.52,-1.89,4.03,33.17,-77.22,-17.80,1
O,2022-11-13 11:53:59.246572,0.15,0.93,-0.28,0.31,0.06,3.48,33.17,-77.22,-17.80,1
O,2022-11-13 11:53:59.246725,0.14,0.93,-0.29,3.85,0.55,3.05,33.08,-77.45,-18.03,1
O,2022-11-13 11:53:59.246876,0.14,0.92,-0.28,3.11,0.67,1.89,33.08,-77.45,-18.03,1
O,2022-11-13 11:53:59.247037,0.14,0.92,-0.28,2.26,0.79,3.05,33.08,-77.45,-18.03,1
O,2022-11-13 11:53:59.247192,0.14,0.93,-0.28,-0.24,1.28,3.23,33.48,-76.92,-18.55,1
O,2022-11-13 11:53:59.247359,0.14,0.93,-0.28,-0.79,1.22,2.81,33.48,-76.92,-18.55,1
O,2022-11-13 11:53:59.247510,0.14,0.93,-0.28,3.78,1.16,3.05,32.76,-77.44,-17.09,1
O,2022-11-13 11:53:59.247664,0.14,0.93,-0.28,-1.46,1.59,2.81,32.76,-77.44,-17.09,1
O,2022-11-13 11:53:59.247827,0.14,0.92,-0.28,0.31,1.40,2.87,32.76,-77.44,-17.09,1
O,2022-11-13 11:53:59.247977,0.14,0.93,-0.28,0.18,1.53,2.99,32.89,-76.92,-19.78,1
O,2022-11-13 11:53:59.248140,0.14,0.92,-0.28,0.73,1.59,2.93,32.89,-76.92,-19.78,1
O,2022-11-13 11:53:59.248291,0.14,0.93,-0.28,1.04,1.59,3.30,32.89,-76.92,-19.78,1
O,2022-11-13 11:53:59.248451,0.14,0.93,-0.29,-0.06,1.65,3.23,32.42,-77.56,-17.86,1
O,2022-11-13 11:53:59.248606,0.14,0.93,-0.28,0.24,1.59,2.93,32.42,-77.56,-17.86,1
O,2022-11-13 11:53:59.248758,0.14,0.93,-0.29,0.79,1.46,2.56,32.42,-77.56,-17.86,1
O,2022-11-13 11:53:59.248917,0.14,0.93,-0.29,0.49,1.16,2.56,32.50,-77.38,-17.96,1
O,2022-11-13 11:53:59.249068,0.14,0.93,-0.29,0.18,1.53,2.87,32.50,-77.38,-17.96,1
O,2022-11-13 11:53:59.249228,0.14,0.93,-0.29,0.92,1.22,2.62,32.54,-76.92,-17.77,1
O,2022-11-13 11:53:59.249395,0.14,0.92,-0.29,0.67,1.34,2.81,32.54,-76.92,-17.77,1
O,2022-11-13 11:53:59.249548,0.14,0.93,-0.29,0.43,1.28,2.62,32.54,-76.92,-17.77,1
O,2022-11-13 11:53:59.249711,0.14,0.93,-0.29,0.12,1.28,2.62,32.19,-77.56,-17.16,1
O,2022-11-13 11:53:59.249864,0.14,0.93,-0.29,0.49,1.40,2.62,32.19,-77.56,-17.16,1
O,2022-11-13 11:53:59.250027,0.14,0.93,-0.29,1.04,1.40,2.56,32.19,-77.56,-17.16,1
O,2022-11-13 11:53:59.250179,0.14,0.92,-0.29,0.55,1.22,2.44,32.59,-77.33,-17.60,1
O,2022-11-13 11:53:59.250364,0.14,0.92,-0.29,0.85,1.16,2.44,32.59,-77.33,-17.60,1
O,2022-11-13 11:53:59.250522,0.14,0.92,-0.29,1.40,1.10,2.69,32.59,-77.33,-17.60,1
O,2022-11-13 11:53:59.250677,0.14,0.93,-0.29,1.16,1.16,2.69,32.41,-77.36,-16.47,1
O,2022-11-13 11:53:59.250865,0.14,0.93,-0.29,1.16,1.10,2.81,32.41,-77.36,-16.47,1
O,2022-11-13 11:53:59.251036,0.14,0.93,-0.29,1.65,1.04,2.56,32.35,-77.62,-17.96,1
O,2022-11-13 11:53:59.251195,0.14,0.92,-0.29,1.59,0.98,2.44,32.35,-77.62,-17.96,1
O,2022-11-13 11:53:59.251348,0.14,0.92,-0.29,1.59,1.04,2.50,32.35,-77.62,-17.96,1
O,2022-11-13 11:53:59.251514,0.14,0.93,-0.29,2.14,1.16,2.56,32.13,-76.88,-18.53,1
O,2022-11-13 11:53:59.251672,0.14,0.92,-0.29,1.40,0.98,2.38,32.13,-76.88,-18.53,1
O,2022-11-13 11:53:59.251829,0.14,0.92,-0.29,1.77,1.16,2.75,32.13,-76.88,-18.53,1
O,2022-11-13 11:53:59.251994,0.14,0.92,-0.29,1.10,1.04,2.26,31.88,-77.37,-17.47,1
O,2022-11-13 11:53:59.252146,0.14,0.93,-0.29,1.71,1.22,2.44,31.88,-77.37,-17.47,1
O,2022-11-13 11:53:59.252301,0.16,0.91,-0.31,3.30,0.31,-0.18,31.88,-77.37,-17.47,1
O,2022-11-13 11:53:59.252458,0.12,0.93,-0.27,3.91,0.67,2.62,32.41,-77.40,-16.21,1
O,2022-11-13 11:53:59.252610,0.14,0.93,-0.30,4.70,1.04,2.38,32.41,-77.40,-16.21,1
O,2022-11-13 11:53:59.252777,0.14,0.91,-0.29,2.01,1.16,1.46,32.92,-77.33,-16.42,1
O,2022-11-13 11:53:59.252939,0.15,0.92,-0.29,1.22,1.10,1.53,32.92,-77.33,-16.42,1
O,2022-11-13 11:53:59.253102,0.14,0.92,-0.29,2.62,0.67,0.79,32.92,-77.33,-16.42,1
O,2022-11-13 11:53:59.253254,0.14,0.91,-0.29,1.71,1.16,1.83,32.03,-77.62,-17.24,1
O,2022-11-13 11:53:59.253403,0.14,0.93,-0.29,0.12,1.40,3.36,32.03,-77.62,-17.24,1
O,2022-11-13 11:53:59.253562,0.13,0.92,-0.29,2.20,1.10,2.26,32.03,-77.62,-17.24,1
O,2022-11-13 11:53:59.253713,0.14,0.92,-0.29,0.12,1.16,2.75,32.34,-76.99,-16.92,1
O,2022-11-13 11:53:59.253870,0.13,0.92,-0.29,0.49,1.34,2.56,32.34,-76.99,-16.92,1
O,2022-11-13 11:53:59.254021,0.14,0.92,-0.29,0.67,1.28,3.05,32.34,-76.99,-16.92,1
O,2022-11-13 11:53:59.254176,0.14,0.92,-0.29,-0.24,1.59,3.42,31.90,-77.80,-17.64,1
O,2022-11-13 11:53:59.254337,0.13,0.91,-0.29,-0.06,1.59,4.64,31.90,-77.80,-17.64,1
O,2022-11-13 11:53:59.254490,0.13,0.95,-0.30,1.89,1.46,6.35,31.53,-78.05,-17.42,1
O,2022-11-13 11:53:59.254649,0.14,0.93,-0.29,7.81,0.73,3.36,31.53,-78.05,-17.42,1
O,2022-11-13 11:53:59.254801,0.14,0.92,-0.30,-3.30,1.46,2.20,31.53,-78.05,-17.42,1
O,2022-11-13 11:53:59.254951,0.13,0.93,-0.30,2.75,1.34,2.50,31.87,-77.88,-16.11,1
O,2022-11-13 11:53:59.255108,0.14,0.92,-0.30,0.37,1.40,2.56,31.87,-77.88,-16.11,1
O,2022-11-13 11:53:59.255265,0.14,0.92,-0.30,1.89,1.28,2.81,31.87,-77.88,-16.11,1
O,2022-11-13 11:53:59.255432,0.14,0.93,-0.30,0.92,1.34,2.50,31.45,-77.65,-16.61,1
O,2022-11-13 11:53:59.255583,0.13,0.92,-0.29,0.98,1.34,2.38,31.45,-77.65,-16.61,1
O,2022-11-13 11:53:59.255739,0.14,0.92,-0.30,1.28,1.40,2.44,31.45,-77.65,-16.61,1
O,2022-11-13 11:53:59.255893,0.14,0.92,-0.30,1.59,1.34,2.62,31.52,-78.20,-16.52,1
O,2022-11-13 11:53:59.256043,0.14,0.92,-0.29,2.08,1.46,2.81,31.52,-78.20,-16.52,1
O,2022-11-13 11:53:59.256207,0.14,0.93,-0.30,1.34,1.65,2.75,31.54,-78.14,-16.94,1
O,2022-11-13 11:53:59.256358,0.13,0.92,-0.30,1.59,1.34,2.38,31.54,-78.14,-16.94,1
O,2022-11-13 11:53:59.256515,0.14,0.93,-0.30,1.46,1.22,2.62,31.54,-78.14,-16.94,1
O,2022-11-13 11:53:59.256669,0.14,0.92,-0.30,1.34,1.04,2.38,31.40,-78.23,-16.87,1
O,2022-11-13 11:53:59.256821,0.14,0.93,-0.30,1.53,1.34,2.44,31.40,-78.23,-16.87,1
O,2022-11-13 11:53:59.256983,0.13,0.92,-0.29,1.59,1.28,2.50,31.40,-78.23,-16.87,1
O,2022-11-13 11:53:59.257132,0.14,0.92,-0.30,1.46,0.98,2.56,31.70,-77.62,-15.92,1
O,2022-11-13 11:53:59.257293,0.14,0.92,-0.30,1.53,1.10,2.32,31.70,-77.62,-15.92,1
O,2022-11-13 11:53:59.257456,0.13,0.92,-0.30,1.89,0.98,2.44,31.70,-77.62,-15.92,1
O,2022-11-13 11:53:59.257613,0.14,0.92,-0.30,1.53,1.28,2.14,31.45,-78.72,-16.03,1
O,2022-11-13 11:53:59.257844,0.13,0.92,-0.30,1.59,1.16,2.32,31.45,-78.72,-16.03,1
O,2022-11-13 11:53:59.258023,0.14,0.92,-0.30,1.65,0.92,2.38,31.03,-78.06,-17.60,1
O,2022-11-13 11:53:59.258203,0.13,0.92,-0.30,1.40,1.16,2.32,31.03,-78.06,-17.60,1
O,2022-11-13 11:53:59.258368,0.14,0.92,-0.30,1.65,1.28,2.32,31.03,-78.06,-17.60,1
O,2022-11-13 11:53:59.258531,0.13,0.92,-0.30,1.40,1.22,2.44,31.12,-77.28,-16.38,1
O,2022-11-13 11:53:59.258709,0.14,0.92,-0.30,1.65,1.22,2.56,31.12,-77.28,-16.38,1
O,2022-11-13 11:53:59.258880,0.14,0.92,-0.30,1.40,1.22,2.50,31.12,-77.28,-16.38,1
O,2022-11-13 11:53:59.259128,0.13,0.92,-0.30,1.71,1.16,2.56,31.05,-77.21,-15.98,1
O,2022-11-13 11:53:59.259293,0.13,0.92,-0.30,2.20,1.16,2.50,31.05,-77.21,-15.98,1
O,2022-11-13 11:53:59.259472,0.13,0.92,-0.30,1.83,1.16,2.56,31.05,-77.21,-15.98,1
O,2022-11-13 11:53:59.259642,0.14,0.92,-0.30,1.40,1.22,2.32,31.65,-78.28,-16.60,1
O,2022-11-13 11:53:59.259821,0.13,0.93,-0.30,1.22,1.16,2.69,31.65,-78.28,-16.60,1
O,2022-11-13 11:53:59.260010,0.14,0.92,-0.30,2.81,1.22,2.26,31.26,-78.06,-15.84,1
O,2022-11-13 11:53:59.260185,0.14,0.92,-0.30,2.44,1.10,2.38,31.26,-78.06,-15.84,1
O,2022-11-13 11:53:59.260354,0.13,0.92,-0.30,0.79,1.16,2.50,31.26,-78.06,-15.84,1
O,2022-11-13 11:53:59.260509,0.14,0.92,-0.30,1.71,1.10,2.38,31.77,-78.43,-15.99,1
O,2022-11-13 11:53:59.260681,0.13,0.92,-0.30,2.08,1.04,2.62,31.77,-78.43,-15.99,1
O,2022-11-13 11:53:59.260871,0.13,0.92,-0.30,1.95,1.10,2.44,31.77,-78.43,-15.99,1
O,2022-11-13 11:53:59.261035,0.13,0.92,-0.30,1.16,1.28,2.44,31.31,-78.20,-16.10,1
O,2022-11-13 11:53:59.261226,0.14,0.92,-0.30,1.34,0.98,2.50,31.31,-78.20,-16.10,1
O,2022-11-13 11:53:59.261401,0.13,0.92,-0.30,1.71,1.16,2.38,31.31,-78.20,-16.10,1
O,2022-11-13 11:53:59.261579,0.14,0.92,-0.30,1.10,1.10,2.44,31.63,-78.31,-15.53,1
O,2022-11-13 11:53:59.261757,0.13,0.92,-0.30,1.34,1.04,2.44,31.63,-78.31,-15.53,1
O,2022-11-13 11:53:59.261929,0.13,0.92,-0.30,1.22,1.22,2.32,31.74,-78.03,-16.58,1
O,2022-11-13 11:53:59.262091,0.13,0.92,-0.30,1.28,1.28,2.38,31.74,-78.03,-16.58,1
O,2022-11-13 11:53:59.262242,0.16,0.87,-0.28,7.63,2.93,4.27,31.74,-78.03,-16.58,1
O,2022-11-13 11:53:59.262402,0.12,0.99,-0.33,7.26,9.77,16.36,31.24,-78.20,-16.21,1
O,2022-11-13 11:53:59.262564,0.13,0.71,-0.18,44.80,26.31,18.01,31.24,-78.20,-16.21,1
O,2022-11-13 11:53:59.262725,0.13,0.92,-0.45,-56.70,61.77,-1.46,31.24,-78.20,-16.21,1
O,2022-11-13 11:53:59.262904,0.07,0.99,-0.36,-42.48,65.92,-21.00,28.98,-78.36,-11.41,1
O,2022-11-13 11:53:59.263067,0.15,0.93,-0.20,76.48,-20.57,-33.39,28.98,-78.36,-11.41,1
O,2022-11-13 11:53:59.263244,0.04,1.07,-0.44,40.71,-72.57,-18.62,28.98,-78.36,-11.41,1
O,2022-11-13 11:53:59.263409,0.17,0.93,-0.25,-0.49,-66.28,-4.39,32.15,-76.97,-15.78,1
O,2022-11-13 11:53:59.263588,0.07,0.91,-0.25,-9.09,-56.40,-2.44,32.15,-76.97,-15.78,1
O,2022-11-13 11:53:59.263755,0.12,0.89,-0.35,-13.73,-35.77,-1.83,34.48,-75.12,-19.32,1
O,2022-11-13 11:53:59.263919,0.22,0.85,-0.39,-24.72,-28.44,-2.20,34.48,-75.12,-19.32,1
O,2022-11-13 11:53:59.264104,0.20,0.91,-0.37,-33.87,-22.34,-4.70,34.48,-75.12,-19.32,1
O,2022-11-13 11:53:59.264268,0.19,0.92,-0.26,-17.21,-15.32,-6.04,34.57,-72.61,-18.96,1
O,2022-11-13 11:53:59.264442,0.19,0.89,-0.28,-5.98,-12.82,-5.43,34.57,-72.61,-18.96,1
O,2022-11-13 11:53:59.264605,0.14,0.94,-0.30,15.20,-8.91,-4.09,34.57,-72.61,-18.96,1
O,2022-11-13 11:53:59.264778,0.23,0.88,-0.28,27.34,-12.70,0.92,35.21,-71.18,-22.06,1
O,2022-11-13 11:53:59.264937,0.25,0.89,-0.29,6.41,-21.36,2.20,35.21,-71.18,-22.06,1
O,2022-11-13 11:53:59.265107,-0.28,0.78,-0.42,-7.69,-23.19,-0.06,35.21,-71.18,-22.06,1
O,2022-11-13 11:53:59.265272,0.25,0.95,-0.39,-2.44,-0.18,-10.01,35.78,-71.47,-24.39,1
O,2022-11-13 11:53:59.265432,0.28,0.88,-0.27,-25.33,1.22,-0.43,35.78,-71.47,-24.39,1
O,2022-11-13 11:53:59.265606,0.10,0.90,-0.19,-29.79,-19.65,6.04,34.23,-70.15,-22.69,1
O,2022-11-13 11:53:59.265771,0.18,0.99,-0.34,-20.32,-15.20,-1.40,34.23,-70.15,-22.69,1
O,2022-11-13 11:53:59.265939,0.16,0.85,-0.34,5.00,-13.37,2.50,34.23,-70.15,-22.69,1
O,2022-11-13 11:53:59.266113,0.16,0.89,-0.36,4.39,-12.33,2.50,35.73,-71.83,-24.16,1
O,2022-11-13 11:53:59.266278,0.17,0.88,-0.36,3.36,-12.63,6.23,35.73,-71.83,-24.16,1
O,2022-11-13 11:53:59.266452,0.27,0.87,-0.37,-2.50,-12.76,6.23,35.73,-71.83,-24.16,1
O,2022-11-13 11:53:59.266615,0.27,0.91,-0.30,-8.48,-11.23,2.62,35.07,-71.44,-25.42,1
O,2022-11-13 11:53:59.266780,0.09,0.97,-0.27,-17.21,-5.00,4.33,35.07,-71.44,-25.42,1
O,2022-11-13 11:53:59.266946,0.25,0.79,-0.28,5.07,-2.87,6.84,35.07,-71.44,-25.42,1
O,2022-11-13 11:53:59.267123,0.15,0.97,-0.37,-18.25,4.27,1.34,34.17,-72.03,-25.60,1
O,2022-11-13 11:53:59.267285,0.01,0.71,-0.48,-14.59,16.97,-6.23,34.17,-72.03,-25.60,1
O,2022-11-13 11:53:59.267475,-0.31,1.02,-0.21,-19.29,41.50,-22.95,33.94,-71.61,-23.02,1
O,2022-11-13 11:53:59.267642,0.14,0.80,-0.27,45.96,32.96,-12.27,33.94,-71.61,-23.02,1
O,2022-11-13 11:53:59.267806,0.69,0.97,-0.20,50.84,16.97,-6.41,33.94,-71.61,-23.02,1
O,2022-11-13 11:53:59.267985,0.25,0.94,-0.10,12.45,-16.30,6.23,32.63,-68.31,-24.62,1
O,2022-11-13 11:53:59.268150,0.27,0.87,-0.39,52.86,-27.71,4.88,32.63,-68.31,-24.62,1
O,2022-11-13 11:53:59.268320,0.27,0.92,-0.30,33.26,-28.44,8.79,32.63,-68.31,-24.62,1
O,2022-11-13 11:53:59.268483,0.45,0.97,-0.15,17.52,-38.51,9.34,31.79,-66.06,-28.83,1
O,2022-11-13 11:53:59.268658,-0.10,0.90,-0.65,-26.67,-45.23,23.19,31.79,-66.06,-28.83,1
O,2022-11-13 11:53:59.268817,0.17,0.72,-0.74,8.85,30.21,-2.75,31.79,-66.06,-28.83,1
O,2022-11-13 11:53:59.268987,0.03,0.98,-0.33,44.68,52.61,-12.39,29.90,-64.14,-32.40,1
O,2022-11-13 11:53:59.269163,0.37,0.73,-0.27,39.79,44.19,-9.22,29.90,-64.14,-32.40,1
O,2022-11-13 11:53:59.269329,0.52,0.93,-0.30,-19.59,34.55,-23.99,24.16,-55.27,-27.48,1
O,2022-11-13 11:53:59.269503,0.37,1.20,-0.20,-45.53,22.46,-22.58,24.16,-55.27,-27.48,1
O,2022-11-13 11:53:59.269661,0.23,1.13,-0.22,-8.42,15.01,-1.40,24.16,-55.27,-27.48,1
O,2022-11-13 11:53:59.269835,-0.13,0.91,-0.28,83.07,17.40,-0.61,21.37,-48.85,-29.32,1
O,2022-11-13 11:53:59.269991,0.41,0.76,-0.21,58.29,7.81,20.69,21.37,-48.85,-29.32,1
O,2022-11-13 11:53:59.270161,0.04,0.95,-0.23,28.87,5.31,16.66,21.37,-48.85,-29.32,1
O,2022-11-13 11:53:59.270323,0.11,0.79,-0.20,75.87,17.21,10.07,17.54,-40.87,-33.31,1
O,2022-11-13 11:53:59.270483,0.22,0.98,0.23,124.76,31.98,8.36,17.54,-40.87,-33.31,1
O,2022-11-13 11:53:59.270652,0.23,1.10,-0.06,58.59,4.64,14.89,17.54,-40.87,-33.31,1
O,2022-11-13 11:53:59.270814,0.35,1.08,-0.14,74.28,-10.93,25.45,15.43,-34.84,-38.23,1
O,2022-11-13 11:53:59.270985,0.22,1.18,0.06,60.79,-15.26,44.43,15.43,-34.84,-38.23,1
O,2022-11-13 11:53:59.271145,0.25,1.06,0.18,80.99,-29.79,62.07,12.66,-26.01,-46.00,1
O,2022-11-13 11:53:59.271318,0.15,0.74,-0.06,87.22,-34.61,54.93,12.66,-26.01,-46.00,1
O,2022-11-13 11:53:59.271478,0.12,0.75,-0.02,29.05,-8.06,25.15,12.66,-26.01,-46.00,1
O,2022-11-13 11:53:59.271634,0.24,1.04,0.19,77.70,16.72,-4.82,10.40,-15.34,-51.56,1
O,2022-11-13 11:53:59.271804,-0.08,-0.11,-0.04,63.11,1.53,3.42,10.40,-15.34,-51.56,1
O,2022-11-13 11:53:59.271968,0.34,1.58,0.36,-220.83,-70.37,33.51,10.40,-15.34,-51.56,1
O,2022-11-13 11:53:59.272132,0.05,1.64,0.05,8.24,-77.64,25.76,8.61,-7.73,-60.42,1
O,2022-11-13 11:53:59.272295,-0.03,0.98,-0.39,226.01,-59.63,38.70,8.61,-7.73,-60.42,1
O,2022-11-13 11:53:59.272463,0.06,0.48,-0.29,58.35,-42.42,43.09,8.61,-7.73,-60.42,1
O,2022-11-13 11:53:59.272623,0.10,1.15,-0.19,-89.42,-26.92,31.92,1.75,16.66,-57.30,1
O,2022-11-13 11:53:59.272778,0.18,1.22,-0.64,4.21,-18.25,34.48,1.75,16.66,-57.30,1
O,2022-11-13 11:53:59.272953,-0.27,-0.34,-0.59,545.04,33.20,-2.08,-0.66,16.17,-49.46,1
O,2022-11-13 11:53:59.273113,0.47,0.94,0.99,-11.23,90.64,-77.76,-0.66,16.17,-49.46,1
O,2022-11-13 11:53:59.273283,0.23,1.45,0.96,-3.91,30.46,-70.80,-0.66,16.17,-49.46,1
O,2022-11-13 11:53:59.273439,0.16,1.67,0.46,70.74,-28.81,-31.01,-0.26,6.86,-53.94,1
O,2022-11-13 11:53:59.273612,-0.03,1.74,0.25,186.83,-42.11,11.29,-0.26,6.86,-53.94,1
O,2022-11-13 11:53:59.273775,-0.08,1.33,-0.05,239.38,-30.70,70.56,-0.26,6.86,-53.94,1
O,2022-11-13 11:53:59.273942,-0.00,0.68,0.36,236.27,-6.96,114.26,-3.49,9.83,-42.10,1
O,2022-11-13 11:53:59.274102,-0.01,0.15,0.64,177.25,-3.78,78.80,-3.49,9.83,-42.10,1
O,2022-11-13 11:53:59.274263,-0.10,0.70,0.46,146.97,-3.78,29.11,-3.49,9.83,-42.10,1
O,2022-11-13 11:53:59.274431,-0.04,1.24,0.54,166.14,7.45,25.39,-4.14,9.78,-39.17,1
O,2022-11-13 11:53:59.274582,0.04,1.10,0.67,221.31,8.18,58.17,-4.14,9.78,-39.17,1
O,2022-11-13 11:53:59.274751,0.04,0.86,0.84,277.34,-10.74,98.82,-5.70,10.45,-38.70,1
O,2022-11-13 11:53:59.274917,-0.00,-0.00,0.75,287.78,-19.65,93.51,-5.70,10.45,-38.70,1
O,2022-11-13 11:53:59.275082,-0.03,-0.13,0.62,234.50,-14.34,52.25,-5.70,10.45,-38.70,1
O,2022-11-13 11:53:59.275251,-0.04,0.05,0.65,143.37,-5.07,7.32,-6.73,13.17,-37.82,1
O,2022-11-13 11:53:59.275423,-0.16,0.22,0.69,87.89,4.70,-16.24,-6.73,13.17,-37.82,1
O,2022-11-13 11:53:59.275624,-0.14,0.11,0.98,34.91,14.28,-20.26,-6.73,13.17,-37.82,1
O,2022-11-13 11:53:59.275811,-0.03,0.24,1.09,43.03,11.66,-29.42,-6.18,14.61,-37.67,1
O,2022-11-13 11:53:59.275994,-0.04,0.22,0.84,37.17,-1.28,-31.68,-6.18,14.61,-37.67,1
O,2022-11-13 11:53:59.276172,-0.07,0.36,0.77,10.93,1.04,-33.63,-6.18,14.61,-37.67,1
O,2022-11-13 11:53:59.276343,-0.17,0.47,0.91,-17.88,9.34,-23.93,-6.52,15.50,-36.34,1
O,2022-11-13 11:53:59.276529,0.05,0.30,1.17,1.34,5.37,-11.17,-6.52,15.50,-36.34,1
O,2022-11-13 11:53:59.276698,2.83,1.27,1.60,15.56,-12.51,-13.18,-5.86,15.42,-35.30,1
O,2022-11-13 11:53:59.276974,-0.06,1.38,1.01,-18.62,-28.02,-36.38,-5.86,15.42,-35.30,1
O,2022-11-13 11:53:59.277171,-0.05,0.39,0.86,-36.32,-13.98,0.24,-5.86,15.42,-35.30,1
O,2022-11-13 11:53:59.277332,0.14,0.43,1.09,-45.53,-5.49,2.08,-6.87,14.75,-34.79,1
O,2022-11-13 11:53:59.277510,-0.10,0.42,0.88,-26.61,0.61,-0.12,-6.87,14.75,-34.79,1
O,2022-11-13 11:53:59.277674,0.01,0.68,1.10,-12.08,4.21,2.62,-6.87,14.75,-34.79,1
O,2022-11-13 11:53:59.277848,0.11,0.41,1.15,3.36,-5.00,30.27,-7.39,14.92,-34.25,1
O,2022-11-13 11:53:59.278025,0.11,0.42,1.12,-8.36,-37.41,37.23,-7.39,14.92,-34.25,1
O,2022-11-13 11:53:59.278196,-0.01,0.43,0.97,-10.44,-63.23,44.68,-7.39,14.92,-34.25,1
O,2022-11-13 11:53:59.278371,-0.15,0.21,0.72,-14.10,-69.89,62.07,-8.28,14.40,-33.07,1
O,2022-11-13 11:53:59.278569,-0.20,0.03,0.51,-91.06,-47.24,66.10,-8.28,14.40,-33.07,1
O,2022-11-13 11:53:59.278749,-0.19,-0.14,0.39,-184.33,-17.15,54.63,-8.76,13.83,-32.51,1
O,2022-11-13 11:53:59.278922,-0.29,-0.27,0.56,-292.42,19.90,23.13,-8.76,13.83,-32.51,1
O,2022-11-13 11:53:59.279102,-0.06,0.26,0.70,-281.31,50.23,-67.75,-8.76,13.83,-32.51,1
O,2022-11-13 11:53:59.279283,-0.08,0.29,0.56,-282.41,60.61,-103.09,-6.65,13.99,-33.89,1
O,2022-11-13 11:53:59.279461,-0.08,0.44,0.39,-393.43,43.95,-136.23,-6.65,13.99,-33.89,1
O,2022-11-13 11:53:59.279640,-0.06,0.81,0.19,-439.39,21.30,-159.61,-6.65,13.99,-33.89,1
O,2022-11-13 11:53:59.279822,0.05,0.78,0.06,-425.78,-0.43,-182.80,-7.71,26.16,-44.43,1
O,2022-11-13 11:53:59.280010,0.29,0.88,-0.12,-409.97,-23.50,-206.85,-7.71,26.16,-44.43,1
O,2022-11-13 11:53:59.280184,0.31,1.69,-0.34,-348.08,-41.81,-221.80,-7.71,26.16,-44.43,1
O,2022-11-13 11:53:59.280350,0.57,3.52,-0.31,249.27,-0.85,18.25,-33.52,1.01,-132.96,1
O,2022-11-13 11:53:59.280519,0.30,0.17,-0.09,86.43,8.85,94.79,-33.52,1.01,-132.96,1
O,2022-11-13 11:53:59.280689,0.31,0.60,-0.03,-153.20,1.28,99.67,-38.38,14.03,-156.48,1
O,2022-11-13 11:53:59.280862,0.29,1.02,0.01,-39.55,2.50,115.30,-38.38,14.03,-156.48,1
O,2022-11-13 11:53:59.281019,0.10,1.17,0.01,8.67,26.55,99.06,-38.38,14.03,-156.48,1
O,2022-11-13 11:53:59.281178,0.03,1.00,-0.02,0.12,31.25,98.02,-39.53,-6.45,-178.23,1
O,2022-11-13 11:53:59.281349,-0.08,1.27,0.12,-17.03,13.73,40.89,-39.53,-6.45,-178.23,1
O,2022-11-13 11:53:59.281512,-0.04,0.80,0.07,127.99,3.85,47.42,-39.53,-6.45,-178.23,1
O,2022-11-13 11:53:59.281682,0.03,0.95,0.05,23.99,2.32,55.24,-44.35,-8.35,-200.04,1
O,2022-11-13 11:53:59.281845,-0.02,1.12,0.06,-36.19,15.50,37.72,-44.35,-8.35,-200.04,1
O,2022-11-13 11:53:59.282016,-0.06,1.15,0.16,18.74,28.69,13.18,-44.35,-8.35,-200.04,1
O,2022-11-13 11:53:59.282179,0.11,0.53,0.11,44.13,31.25,52.25,-47.42,-14.89,-234.05,1
O,2022-11-13 11:53:59.282351,0.14,0.66,0.14,-56.52,18.74,63.66,-47.42,-14.89,-234.05,1
O,2022-11-13 11:53:59.282535,0.16,0.55,0.11,-123.90,-10.38,-0.31,-69.64,-63.24,-330.05,1
O,2022-11-13 11:53:59.282728,0.13,1.24,-0.47,-188.66,-36.62,-35.95,-69.64,-63.24,-330.05,1
O,2022-11-13 11:53:59.282911,-0.23,1.93,-0.59,-124.82,-29.79,-2.01,-69.64,-63.24,-330.05,1
O,2022-11-13 11:53:59.283085,-0.18,0.87,-0.26,52.61,4.33,13.49,-125.98,-222.07,-358.78,1
O,2022-11-13 11:53:59.283267,0.05,0.81,-0.16,145.81,24.72,27.83,-125.98,-222.07,-358.78,1
O,2022-11-13 11:53:59.283439,-0.02,0.94,-0.08,76.97,13.31,69.70,-125.98,-222.07,-358.78,1
O,2022-11-13 11:53:59.283643,-0.11,1.09,-0.11,9.52,-0.12,124.63,-132.89,-181.56,-352.64,1
O,2022-11-13 11:53:59.283829,-0.13,0.89,-0.03,37.48,10.01,102.54,-132.89,-181.56,-352.64,1
O,2022-11-13 11:53:59.284010,-0.21,0.99,-0.07,18.01,10.44,62.38,-132.89,-181.56,-352.64,1
O,2022-11-13 11:53:59.284184,-0.20,0.95,-0.05,14.47,4.27,20.75,-148.90,-153.34,-341.33,1
O,2022-11-13 11:53:59.284368,-0.24,0.92,-0.05,-2.20,-3.48,-8.00,-148.90,-153.34,-341.33,1
O,2022-11-13 11:53:59.284542,-0.17,0.99,-0.10,-3.97,-2.69,-22.22,-148.22,-154.15,-338.76,1
O,2022-11-13 11:53:59.284725,-0.15,0.99,-0.08,24.72,4.15,-15.81,-148.22,-154.15,-338.76,1
O,2022-11-13 11:53:59.284893,-0.12,0.93,-0.01,13.73,3.36,0.55,-148.22,-154.15,-338.76,1
O,2022-11-13 11:53:59.285067,-0.16,0.94,-0.04,-15.20,1.95,12.88,-144.48,-150.73,-339.94,1
O,2022-11-13 11:53:59.285246,-0.17,1.01,-0.10,-21.42,2.50,13.12,-144.48,-150.73,-339.94,1
O,2022-11-13 11:53:59.285412,-0.17,0.97,-0.09,5.31,2.32,7.26,-144.48,-150.73,-339.94,1
O,2022-11-13 11:53:59.285590,-0.16,0.95,-0.04,20.39,1.46,-0.24,-146.15,-151.81,-339.53,1
O,2022-11-13 11:53:59.285757,-0.15,0.95,-0.05,-3.60,0.55,0.00,-146.15,-151.81,-339.53,1
O,2022-11-13 11:53:59.285936,-0.15,0.97,-0.07,-7.87,1.16,3.66,-146.15,-151.81,-339.53,1
O,2022-11-13 11:53:59.286109,-0.16,0.97,-0.07,-0.18,1.83,5.68,-146.81,-153.85,-340.14,1
O,2022-11-13 11:53:59.286284,-0.16,0.96,-0.06,5.86,1.71,4.94,-146.81,-153.85,-340.14,1
O,2022-11-13 11:53:59.286448,-0.17,0.96,-0.06,4.58,1.34,2.38,-147.03,-152.62,-340.21,1
O,2022-11-13 11:53:59.286624,-0.16,0.96,-0.06,0.85,0.43,0.06,-147.03,-152.62,-340.21,1
O,2022-11-13 11:53:59.286788,-0.16,0.96,-0.06,0.37,0.85,0.92,-147.03,-152.62,-340.21,1
O,2022-11-13 11:53:59.286971,-0.14,0.97,-0.05,4.70,-0.12,0.73,-147.08,-153.45,-341.60,1
O,2022-11-13 11:53:59.287136,-0.15,0.95,-0.05,3.30,1.34,1.04,-147.08,-153.45,-341.60,1
O,2022-11-13 11:53:59.287304,-0.16,0.97,-0.06,-2.69,1.22,2.14,-147.08,-153.45,-341.60,1
O,2022-11-13 11:53:59.287488,-0.16,0.96,-0.07,0.00,1.65,2.87,-146.51,-154.70,-341.25,1
O,2022-11-13 11:53:59.287651,-0.16,0.96,-0.06,2.44,1.77,2.99,-146.51,-154.70,-341.25,1
O,2022-11-13 11:53:59.287826,-0.16,0.96,-0.06,2.01,1.59,3.11,-146.51,-154.70,-341.25,1
O,2022-11-13 11:53:59.287994,-0.16,0.96,-0.06,0.67,1.46,2.87,-146.69,-154.39,-339.87,1
O,2022-11-13 11:53:59.288164,-0.16,0.96,-0.06,0.55,1.40,2.75,-146.69,-154.39,-339.87,1
O,2022-11-13 11:53:59.288328,-0.16,0.96,-0.06,0.98,1.16,3.05,-147.80,-155.49,-341.92,1
O,2022-11-13 11:53:59.288500,-0.16,0.96,-0.06,1.95,1.53,3.17,-147.80,-155.49,-341.92,1
O,2022-11-13 11:53:59.288666,-0.16,0.96,-0.06,2.50,1.53,3.23,-147.80,-155.49,-341.92,1
O,2022-11-13 11:53:59.288839,-0.16,0.96,-0.06,1.89,1.40,3.36,-147.16,-154.85,-341.37,1
O,2022-11-13 11:53:59.289013,-0.16,0.96,-0.06,0.79,1.53,3.48,-147.16,-154.85,-341.37,1
O,2022-11-13 11:53:59.289178,-0.16,0.96,-0.06,1.59,1.59,3.54,-147.16,-154.85,-341.37,1
O,2022-11-13 11:53:59.289354,-0.16,0.96,-0.06,2.08,1.28,3.11,-148.51,-155.51,-340.76,1
O,2022-11-13 11:53:59.289517,-0.16,0.96,-0.06,1.83,1.34,2.93,-148.51,-155.51,-340.76,1
O,2022-11-13 11:53:59.289695,-0.16,0.96,-0.06,1.28,1.40,2.81,-148.51,-155.51,-340.76,1
O,2022-11-13 11:53:59.289859,-0.16,0.96,-0.06,1.83,0.92,2.50,-148.17,-156.25,-340.88,1
O,2022-11-13 11:53:59.290027,-0.16,0.96,-0.06,1.89,1.34,2.99,-148.17,-156.25,-340.88,1
O,2022-11-13 11:53:59.290193,-0.17,0.96,-0.06,1.34,1.22,2.99,-148.41,-156.05,-341.05,1
O,2022-11-13 11:53:59.290356,-0.16,0.96,-0.06,1.53,1.40,3.05,-148.41,-156.05,-341.05,1
O,2022-11-13 11:53:59.290532,-0.16,0.96,-0.07,1.53,1.34,3.11,-148.41,-156.05,-341.05,1
O,2022-11-13 11:53:59.290696,-0.16,0.96,-0.06,0.79,1.40,3.17,-148.51,-156.87,-343.69,1
O,2022-11-13 11:53:59.290873,-0.16,0.96,-0.06,2.44,1.40,2.69,-148.51,-156.87,-343.69,1
O,2022-11-13 11:53:59.291037,-0.16,0.96,-0.06,1.89,1.34,2.81,-148.51,-156.87,-343.69,1
O,2022-11-13 11:53:59.291212,-0.16,0.96,-0.07,1.10,1.22,2.50,-149.52,-156.67,-343.13,1
O,2022-11-13 11:53:59.291376,-0.17,0.96,-0.07,0.67,1.10,2.44,-149.52,-156.67,-343.13,1
O,2022-11-13 11:53:59.291548,-0.17,0.96,-0.06,1.71,1.34,2.62,-149.52,-156.67,-343.13,1
O,2022-11-13 11:53:59.291712,-0.16,0.96,-0.06,2.93,1.16,2.50,-148.52,-157.36,-341.65,1
O,2022-11-13 11:53:59.291882,-0.16,0.96,-0.06,-0.12,1.22,2.01,-148.52,-157.36,-341.65,1
O,2022-11-13 11:53:59.292055,-0.17,0.96,-0.07,1.40,1.10,1.83,-149.30,-157.30,-343.29,1
O,2022-11-13 11:53:59.292221,-0.16,0.96,-0.06,1.89,1.34,2.32,-149.30,-157.30,-343.29,1
O,2022-11-13 11:53:59.292399,-0.17,0.96,-0.06,1.10,1.53,3.05,-149.30,-157.30,-343.29,1
O,2022-11-13 11:53:59.292563,-0.16,0.96,-0.07,2.08,1.46,2.81,-149.41,-157.96,-340.97,1
O,2022-11-13 11:53:59.292736,-0.16,0.95,-0.06,2.62,1.59,2.44,-149.41,-157.96,-340.97,1
O,2022-11-13 11:53:59.292907,-0.16,0.96,-0.07,-0.79,1.16,2.69,-149.41,-157.96,-340.97,1
O,2022-11-13 11:53:59.293114,-0.16,0.96,-0.07,1.04,1.22,2.62,-149.56,-157.79,-342.27,1
O,2022-11-13 11:53:59.293279,-0.17,0.96,-0.06,3.05,1.46,2.75,-149.56,-157.79,-342.27,1
O,2022-11-13 11:53:59.293456,-0.16,0.96,-0.06,2.08,1.22,2.69,-149.56,-157.79,-342.27,1
O,2022-11-13 11:53:59.293662,-0.17,0.96,-0.06,1.04,1.10,2.38,-149.34,-157.53,-341.52,1
O,2022-11-13 11:53:59.293839,-0.16,0.96,-0.07,1.83,1.34,2.50,-149.34,-157.53,-341.52,1
O,2022-11-13 11:53:59.294051,-0.16,0.96,-0.06,1.83,1.16,2.56,-149.32,-157.47,-341.96,1
O,2022-11-13 11:53:59.294246,-0.17,0.96,-0.07,1.95,1.16,2.50,-149.32,-157.47,-341.96,1
O,2022-11-13 11:53:59.294464,-0.17,0.96,-0.06,2.08,1.40,2.87,-149.32,-157.47,-341.96,1
O,2022-11-13 11:53:59.294648,-0.16,0.96,-0.06,0.73,1.34,2.50,-149.74,-158.18,-342.09,1
O,2022-11-13 11:53:59.294842,-0.16,0.96,-0.07,1.40,1.28,2.69,-149.74,-158.18,-342.09,1
O,2022-11-13 11:53:59.295037,-0.17,0.96,-0.06,2.50,1.10,2.81,-149.74,-158.18,-342.09,1
O,2022-11-13 11:53:59.295245,-0.17,0.96,-0.06,1.77,1.16,2.56,-148.96,-158.30,-342.40,1
O,2022-11-13 11:53:59.295424,-0.17,0.96,-0.07,0.61,1.40,2.87,-148.96,-158.30,-342.40,1
O,2022-11-13 11:53:59.295623,-0.16,0.96,-0.07,1.65,1.34,2.81,-148.96,-158.30,-342.40,1
O,2022-11-13 11:53:59.295822,-0.17,0.96,-0.06,1.77,1.10,2.69,-150.07,-158.18,-341.72,1
O,2022-11-13 11:53:59.296000,-0.17,0.96,-0.07,1.65,1.16,2.62,-150.07,-158.18,-341.72,1
O,2022-11-13 11:53:59.296190,-0.17,0.96,-0.06,2.01,1.40,2.62,-149.52,-158.69,-343.31,1
O,2022-11-13 11:53:59.296361,-0.17,0.96,-0.07,1.53,1.16,2.44,-149.52,-158.69,-343.31,1
O,2022-11-13 11:53:59.296542,-0.16,0.96,-0.07,0.73,1.28,2.26,-149.52,-158.69,-343.31,1
O,2022-11-13 11:53:59.296736,-0.17,0.96,-0.07,1.77,1.16,2.38,-149.98,-158.22,-342.05,1
O,2022-11-13 11:53:59.296925,-0.17,0.96,-0.06,2.26,1.22,2.50,-149.98,-158.22,-342.05,1
O,2022-11-13 11:53:59.297114,-0.17,0.96,-0.07,2.08,1.22,2.38,-149.98,-158.22,-342.05,1
O,2022-11-13 11:53:59.297287,-0.17,0.96,-0.07,1.53,1.28,2.44,-149.13,-158.15,-342.43,1
O,2022-11-13 11:53:59.297483,-0.16,0.96,-0.07,1.46,1.40,2.56,-149.13,-158.15,-342.43,1
O,2022-11-13 11:53:59.297672,-0.17,0.96,-0.07,0.98,1.28,2.75,-149.13,-158.15,-342.43,1
O,2022-11-13 11:53:59.297860,-0.17,0.96,-0.07,1.71,1.10,2.81,-149.51,-158.20,-341.00,1
O,2022-11-13 11:53:59.298035,-0.17,0.96,-0.07,2.14,1.16,2.81,-149.51,-158.20,-341.00,1
O,2022-11-13 11:53:59.298216,-0.17,0.96,-0.07,1.77,1.22,2.62,-149.99,-158.44,-341.94,1
O,2022-11-13 11:53:59.298381,-0.17,0.96,-0.07,1.89,1.10,2.38,-149.99,-158.44,-341.94,1
O,2022-11-13 11:53:59.298555,-0.17,0.96,-0.07,2.08,1.16,2.56,-149.99,-158.44,-341.94,1
O,2022-11-13 11:53:59.298719,-0.17,0.96,-0.07,1.77,1.10,2.62,-150.00,-158.61,-342.22,1
O,2022-11-13 11:53:59.298882,-0.17,0.96,-0.07,1.71,1.22,2.62,-150.00,-158.61,-342.22,1
O,2022-11-13 11:53:59.299067,-0.17,0.96,-0.06,1.89,1.28,2.81,-150.00,-158.61,-342.22,1
O,2022-11-13 11:53:59.299231,-0.17,0.96,-0.07,1.71,1.10,2.56,-150.09,-158.95,-342.07,1
O,2022-11-13 11:53:59.299423,-0.17,0.96,-0.06,1.83,1.34,2.62,-150.09,-158.95,-342.07,1
O,2022-11-13 11:53:59.299593,-0.17,0.96,-0.06,1.83,1.28,2.62,-150.09,-158.95,-342.07,1
O,2022-11-13 11:53:59.299771,-0.16,0.96,-0.07,1.22,1.16,2.62,-150.68,-159.02,-343.03,1
O,2022-11-13 11:53:59.299953,-0.17,0.96,-0.07,1.40,1.28,2.75,-150.68,-159.02,-343.03,1
O,2022-11-13 11:53:59.300131,-0.17,0.96,-0.06,2.01,1.28,2.62,-150.74,-159.46,-343.10,1
O,2022-11-13 11:53:59.300297,-0.17,0.96,-0.07,1.46,1.16,2.50,-150.74,-159.46,-343.10,1
O,2022-11-13 11:53:59.300465,-0.17,0.96,-0.07,0.98,1.16,2.69,-150.74,-159.46,-343.10,1
O,2022-11-13 11:53:59.300639,-0.17,0.96,-0.07,1.53,1.28,2.32,-150.82,-159.44,-342.96,1
O,2022-11-13 11:53:59.300803,-0.17,0.96,-0.07,1.65,1.04,2.32,-150.82,-159.44,-342.96,1
O,2022-11-13 11:53:59.300978,-0.17,0.96,-0.07,1.65,1.16,2.50,-150.82,-159.44,-342.96,1
O,2022-11-13 11:53:59.301143,-0.17,0.96,-0.07,1.59,1.22,2.62,-150.84,-159.81,-342.81,1
O,2022-11-13 11:53:59.301316,-0.17,0.96,-0.07,1.34,1.40,2.69,-150.84,-159.81,-342.81,1
O,2022-11-13 11:53:59.301485,-0.17,0.96,-0.07,1.22,1.46,2.56,-150.84,-159.81,-342.81,1
O,2022-11-13 11:53:59.301655,-0.17,0.96,-0.07,1.95,1.34,2.56,-150.90,-160.16,-342.11,1
O,2022-11-13 11:53:59.301820,-0.17,0.96,-0.07,1.89,1.28,2.44,-150.90,-160.16,-342.11,1
O,2022-11-13 11:53:59.301986,-0.17,0.96,-0.07,1.65,1.34,2.69,-150.10,-159.69,-341.80,1
O,2022-11-13 11:53:59.302155,-0.17,0.96,-0.07,1.65,1.34,2.75,-150.10,-159.69,-341.80,1
O,2022-11-13 11:53:59.302323,-0.17,0.96,-0.07,1.77,1.22,2.56,-150.10,-159.69,-341.80,1
O,2022-11-13 11:53:59.302503,-0.17,0.96,-0.07,1.95,1.34,2.69,-150.87,-159.80,-343.25,1
O,2022-11-13 11:53:59.302668,-0.17,0.96,-0.07,2.08,1.34,2.62,-150.87,-159.80,-343.25,1
O,2022-11-13 11:53:59.302843,-0.17,0.96,-0.07,1.46,1.10,2.56,-150.87,-159.80,-343.25,1
O,2022-11-13 11:53:59.303011,-0.17,0.96,-0.07,1.34,1.16,2.56,-150.84,-159.99,-343.20,1
O,2022-11-13 11:53:59.303188,-0.17,0.96,-0.07,1.95,1.28,2.50,-150.84,-159.99,-343.20,1
O,2022-11-13 11:53:59.303355,-0.17,0.96,-0.07,2.08,1.22,2.62,-150.84,-159.99,-343.20,1
O,2022-11-13 11:53:59.303559,-0.17,0.96,-0.07,1.28,1.28,2.38,-150.78,-159.81,-341.85,1
O,2022-11-13 11:53:59.303746,-0.17,0.96,-0.07,1.71,1.16,2.44,-150.78,-159.81,-341.85,1
O,2022-11-13 11:53:59.303927,-0.17,0.96,-0.07,1.77,1.22,2.56,-151.20,-160.28,-342.83,1
O,2022-11-13 11:53:59.304119,-0.17,0.96,-0.07,1.71,1.34,2.50,-151.20,-160.28,-342.83,1
O,2022-11-13 11:53:59.304311,-0.17,0.96,-0.07,1.83,1.22,2.50,-151.20,-160.28,-342.83,1
O,2022-11-13 11:53:59.304503,-0.17,0.96,-0.07,1.65,1.10,2.62,-151.38,-160.40,-341.46,1
O,2022-11-13 11:53:59.304718,-0.17,0.96,-0.07,1.34,1.34,2.62,-151.38,-160.40,-341.46,1
O,2022-11-13 11:53:59.304894,-0.17,0.96,-0.07,1.89,1.16,2.56,-151.38,-160.40,-341.46,1
O,2022-11-13 11:53:59.305082,-0.17,0.96,-0.07,1.95,1.34,2.50,-150.61,-159.92,-341.85,1
O,2022-11-13 11:53:59.305259,-0.17,0.96,-0.07,1.59,1.04,2.38,-150.61,-159.92,-341.85,1
O,2022-11-13 11:53:59.305448,-0.17,0.96,-0.07,1.53,1.22,2.44,-150.61,-159.92,-341.85,1
O,2022-11-13 11:53:59.305617,-0.17,0.96,-0.07,2.01,1.16,2.50,-150.73,-160.52,-341.20,1
O,2022-11-13 11:53:59.305793,-0.17,0.96,-0.07,1.83,1.28,2.75,-150.73,-160.52,-341.20,1
O,2022-11-13 11:53:59.305962,-0.17,0.96,-0.07,1.77,1.28,2.56,-151.04,-160.12,-341.66,1
O,2022-11-13 11:53:59.306135,-0.17,0.96,-0.07,1.83,1.34,2.32,-151.04,-160.12,-341.66,1
O,2022-11-13 11:53:59.306300,-0.17,0.96,-0.07,1.59,1.22,2.44,-151.04,-160.12,-341.66,1
O,2022-11-13 11:53:59.306475,-0.17,0.96,-0.07,1.59,0.98,2.26,-151.48,-160.88,-343.10,1
O,2022-11-13 11:53:59.306641,-0.17,0.96,-0.07,1.95,1.10,2.62,-151.48,-160.88,-343.10,1
O,2022-11-13 11:53:59.306816,-0.17,0.96,-0.07,1.77,1.16,2.50,-151.48,-160.88,-343.10,1
O,2022-11-13 11:53:59.306980,-0.17,0.96,-0.07,1.40,1.10,2.38,-150.83,-160.55,-342.33,1
O,2022-11-13 11:53:59.307151,-0.17,0.96,-0.07,1.59,1.28,2.56,-150.83,-160.55,-342.33,1
O,2022-11-13 11:53:59.307327,-0.17,0.96,-0.07,1.77,1.16,2.62,-150.83,-160.55,-342.33,1
O,2022-11-13 11:53:59.307492,-0.17,0.96,-0.07,1.71,1.34,2.50,-151.45,-160.64,-341.26,1
O,2022-11-13 11:53:59.307666,-0.17,0.96,-0.07,1.53,1.10,2.56,-151.45,-160.64,-341.26,1
O,2022-11-13 11:53:59.307831,-0.17,0.96,-0.07,1.46,1.28,2.50,-151.84,-160.71,-342.47,1
O,2022-11-13 11:53:59.308006,-0.17,0.96,-0.07,1.53,1.34,2.44,-151.84,-160.71,-342.47,1
O,2022-11-13 11:53:59.308170,-0.17,0.96,-0.07,1.95,1.28,2.69,-151.84,-160.71,-342.47,1
O,2022-11-13 11:53:59.308345,-0.17,0.96,-0.07,1.65,1.22,2.38,-151.88,-160.61,-342.94,1
O,2022-11-13 11:53:59.308518,-0.17,0.96,-0.07,1.53,1.22,2.50,-151.88,-160.61,-342.94,1
O,2022-11-13 11:53:59.308683,-0.17,0.96,-0.07,1.53,1.34,2.62,-151.88,-160.61,-342.94,1
O,2022-11-13 11:53:59.308862,-0.17,0.96,-0.07,1.77,1.10,2.38,-152.00,-160.78,-342.85,1
O,2022-11-13 11:53:59.309028,-0.17,0.96,-0.07,1.71,1.22,2.50,-152.00,-160.78,-342.85,1
O,2022-11-13 11:53:59.309203,-0.17,0.96,-0.07,1.59,1.34,2.69,-152.00,-160.78,-342.85,1
O,2022-11-13 11:53:59.309367,-0.17,0.96,-0.07,1.53,1.28,2.44,-152.56,-161.18,-342.77,1
O,2022-11-13 11:53:59.309543,-0.17,0.96,-0.07,1.59,1.34,2.32,-152.56,-161.18,-342.77,1
O,2022-11-13 11:53:59.309737,-0.17,0.96,-0.07,1.83,1.04,2.38,-151.70,-161.27,-342.88,1
O,2022-11-13 11:53:59.309914,-0.17,0.96,-0.07,1.71,1.10,2.56,-151.70,-161.27,-342.88,1
O,2022-11-13 11:53:59.310079,-0.17,0.96,-0.07,1.46,1.22,2.50,-151.70,-161.27,-342.88,1
O,2022-11-13 11:53:59.310243,-0.17,0.96,-0.07,1.59,1.10,2.38,-151.32,-161.08,-342.46,1
O,2022-11-13 11:53:59.310416,-0.17,0.96,-0.07,1.89,1.28,2.38,-151.32,-161.08,-342.46,1
O,2022-11-13 11:53:59.310581,-0.17,0.96,-0.07,1.53,1.34,2.38,-151.32,-161.08,-342.46,1
O,2022-11-13 11:53:59.310760,-0.17,0.96,-0.07,1.83,1.16,2.50,-151.86,-160.80,-342.94,1
O,2022-11-13 11:53:59.310924,-0.17,0.96,-0.07,1.59,1.34,2.56,-151.86,-160.80,-342.94,1
O,2022-11-13 11:53:59.311098,-0.17,0.96,-0.07,1.71,0.98,2.50,-151.86,-160.80,-342.94,1
O,2022-11-13 11:53:59.311263,-0.17,0.96,-0.07,1.77,1.16,2.56,-151.83,-161.23,-342.44,1
O,2022-11-13 11:53:59.311437,-0.17,0.96,-0.07,1.83,1.34,2.56,-151.83,-161.23,-342.44,1
O,2022-11-13 11:53:59.311600,-0.17,0.96,-0.07,1.77,0.98,2.50,-151.65,-161.29,-342.71,1
O,2022-11-13 11:53:59.311765,-0.17,0.96,-0.07,1.59,1.40,2.32,-151.65,-161.29,-342.71,1
O,2022-11-13 11:53:59.311938,-0.17,0.96,-0.07,1.77,1.16,2.50,-151.65,-161.29,-342.71,1
O,2022-11-13 11:53:59.312122,-0.17,0.96,-0.07,1.83,1.16,2.32,-151.84,-161.80,-343.12,1
O,2022-11-13 11:53:59.312300,-0.17,0.96,-0.07,1.77,1.28,2.56,-151.84,-161.80,-343.12,1
O,2022-11-13 11:53:59.312484,-0.17,0.96,-0.07,1.53,1.22,2.56,-151.84,-161.80,-343.12,1
O,2022-11-13 11:53:59.312659,-0.17,0.96,-0.07,1.59,1.34,2.44,-151.93,-161.29,-342.88,1
O,2022-11-13 11:53:59.312841,-0.17,0.96,-0.07,1.71,1.28,2.38,-151.93,-161.29,-342.88,1
O,2022-11-13 11:53:59.313031,-0.17,0.96,-0.07,1.89,1.16,2.56,-151.93,-161.29,-342.88,1
O,2022-11-13 11:53:59.313215,-0.17,0.96,-0.07,1.89,1.10,2.38,-151.65,-161.55,-342.09,1
O,2022-11-13 11:53:59.313410,-0.17,0.96,-0.07,1.59,1.22,2.62,-151.65,-161.55,-342.09,1
O,2022-11-13 11:53:59.313588,-0.17,0.96,-0.07,1.77,1.34,2.69,-152.00,-161.34,-343.66,1
O,2022-11-13 11:53:59.313769,-0.17,0.96,-0.07,1.83,1.28,2.69,-152.00,-161.34,-343.66,1
O,2022-11-13 11:53:59.313968,-0.17,0.96,-0.07,1.89,1.16,2.56,-152.00,-161.34,-343.66,1
O,2022-11-13 11:53:59.314155,-0.17,0.96,-0.07,1.59,1.34,2.44,-152.26,-161.65,-342.94,1
O,2022-11-13 11:53:59.314337,-0.17,0.96,-0.07,1.77,1.10,2.62,-152.26,-161.65,-342.94,1
O,2022-11-13 11:53:59.314511,-0.17,0.96,-0.07,1.89,1.04,2.38,-152.26,-161.65,-342.94,1
O,2022-11-13 11:53:59.314685,-0.17,0.96,-0.07,1.89,1.10,2.38,-152.34,-161.66,-342.68,1
O,2022-11-13 11:53:59.314865,-0.17,0.96,-0.07,2.01,1.10,2.56,-152.34,-161.66,-342.68,1
O,2022-11-13 11:53:59.315046,-0.17,0.96,-0.07,1.95,1.40,2.44,-152.34,-161.66,-342.68,1
O,2022-11-13 11:53:59.315237,-0.17,0.96,-0.07,1.77,1.04,2.44,-152.22,-161.61,-342.85,1
O,2022-11-13 11:53:59.315422,-0.17,0.96,-0.07,1.83,1.40,2.50,-152.22,-161.61,-342.85,1
O,2022-11-13 11:53:59.315593,-0.17,0.96,-0.07,1.34,1.22,2.44,-152.54,-161.74,-344.06,1
O,2022-11-13 11:53:59.315758,-0.17,0.96,-0.07,1.59,1.16,2.44,-152.54,-161.74,-344.06,1
O,2022-11-13 11:53:59.315939,-0.17,0.96,-0.07,2.01,1.28,2.56,-152.54,-161.74,-344.06,1
O,2022-11-13 11:53:59.316107,-0.17,0.96,-0.07,1.71,1.28,2.56,-152.11,-161.27,-343.88,1
O,2022-11-13 11:53:59.316279,-0.17,0.96,-0.07,1.77,1.16,2.62,-152.11,-161.27,-343.88,1
O,2022-11-13 11:53:59.316461,-0.17,0.96,-0.07,2.01,1.22,2.62,-152.11,-161.27,-343.88,1
O,2022-11-13 11:53:59.316633,-0.17,0.96,-0.07,1.53,1.28,2.38,-152.32,-161.41,-342.90,1
O,2022-11-13 11:53:59.316801,-0.17,0.96,-0.07,1.71,1.40,2.32,-152.32,-161.41,-342.90,1
O,2022-11-13 11:53:59.316971,-0.17,0.96,-0.07,1.77,1.28,2.44,-152.32,-161.41,-342.90,1
O,2022-11-13 11:53:59.317149,-0.17,0.96,-0.07,1.65,1.10,2.38,-152.98,-161.76,-342.85,1
O,2022-11-13 11:53:59.317324,-0.17,0.96,-0.07,1.89,1.22,2.56,-152.98,-161.76,-342.85,1
O,2022-11-13 11:53:59.317501,-0.17,0.96,-0.07,1.71,1.22,2.50,-152.32,-161.88,-343.16,1
O,2022-11-13 11:53:59.317685,-0.17,0.96,-0.07,1.77,1.28,2.44,-152.32,-161.88,-343.16,1
O,2022-11-13 11:53:59.317861,-0.17,0.96,-0.07,1.65,1.34,2.56,-152.32,-161.88,-343.16,1
O,2022-11-13 11:53:59.318031,-0.17,0.96,-0.07,1.77,1.28,2.38,-152.53,-161.62,-342.64,1
O,2022-11-13 11:53:59.318222,-0.17,0.96,-0.07,1.77,1.16,2.50,-152.53,-161.62,-342.64,1
O,2022-11-13 11:53:59.318388,-0.17,0.96,-0.07,1.71,1.22,2.56,-152.53,-161.62,-342.64,1
O,2022-11-13 11:53:59.318560,-0.17,0.96,-0.07,1.59,1.16,2.32,-152.34,-161.60,-342.57,1
O,2022-11-13 11:53:59.318726,-0.17,0.96,-0.07,1.83,1.22,2.62,-152.34,-161.60,-342.57,1
O,2022-11-13 11:53:59.318900,-0.17,0.96,-0.07,1.71,1.28,2.62,-152.34,-161.60,-342.57,1
O,2022-11-13 11:53:59.319065,-0.17,0.96,-0.07,1.59,1.28,2.56,-152.48,-161.61,-342.38,1
O,2022-11-13 11:53:59.319231,-0.17,0.96,-0.07,1.77,1.46,2.50,-152.48,-161.61,-342.38,1
O,2022-11-13 11:53:59.319406,-0.18,0.96,-0.07,1.71,1.34,2.50,-152.83,-161.67,-342.98,1
O,2022-11-13 11:53:59.319570,-0.18,0.96,-0.07,1.77,1.28,2.62,-152.83,-161.67,-342.98,1
O,2022-11-13 11:53:59.319747,-0.18,0.96,-0.07,1.71,1.53,2.50,-152.83,-161.67,-342.98,1
O,2022-11-13 11:53:59.319914,-0.17,0.96,-0.07,1.77,1.28,2.38,-152.42,-162.02,-342.70,1
O,2022-11-13 11:53:59.320089,-0.17,0.96,-0.07,1.89,1.40,2.50,-152.42,-162.02,-342.70,1
O,2022-11-13 11:53:59.320255,-0.18,0.96,-0.07,2.08,1.22,2.75,-152.42,-162.02,-342.70,1
O,2022-11-13 11:53:59.320430,-0.17,0.96,-0.07,1.53,1.28,2.32,-153.16,-161.78,-343.16,1
O,2022-11-13 11:53:59.320597,-0.17,0.96,-0.07,2.01,1.28,2.56,-153.16,-161.78,-343.16,1
O,2022-11-13 11:53:59.320761,-0.17,0.96,-0.07,1.77,1.16,2.44,-153.16,-161.78,-343.16,1
O,2022-11-13 11:53:59.320930,-0.18,0.96,-0.07,1.83,1.04,2.56,-152.81,-161.08,-341.66,1
O,2022-11-13 11:53:59.321095,-0.18,0.96,-0.07,1.83,1.28,2.50,-152.81,-161.08,-341.66,1
O,2022-11-13 11:53:59.321274,-0.18,0.96,-0.07,1.77,1.40,2.69,-152.91,-161.82,-343.23,1
O,2022-11-13 11:53:59.321440,-0.17,0.96,-0.07,1.71,1.16,2.50,-152.91,-161.82,-343.23,1
O,2022-11-13 11:53:59.321616,-0.18,0.96,-0.07,2.01,1.16,2.44,-152.91,-161.82,-343.23,1
O,2022-11-13 11:53:59.321781,-0.17,0.96,-0.07,1.71,1.34,2.50,-152.64,-161.05,-343.69,1
O,2022-11-13 11:53:59.321955,-0.18,0.96,-0.07,1.95,1.04,2.44,-152.64,-161.05,-343.69,1
O,2022-11-13 11:53:59.322119,-0.18,0.96,-0.07,1.71,1.22,2.44,-152.64,-161.05,-343.69,1
O,2022-11-13 11:53:59.322282,-0.17,0.96,-0.07,1.71,0.98,2.56,-152.51,-161.69,-342.60,1
O,2022-11-13 11:53:59.322459,-0.18,0.96,-0.07,1.89,1.28,2.44,-152.51,-161.69,-342.60,1
O,2022-11-13 11:53:59.322623,-0.18,0.96,-0.07,1.71,1.28,2.38,-152.51,-161.69,-342.60,1
O,2022-11-13 11:53:59.322797,-0.18,0.96,-0.07,1.65,1.22,2.44,-153.00,-161.83,-342.07,1
O,2022-11-13 11:53:59.322959,-0.17,0.96,-0.07,1.83,1.28,2.56,-153.00,-161.83,-342.07,1
O,2022-11-13 11:53:59.323142,-0.18,0.96,-0.07,1.89,1.16,2.32,-152.48,-161.54,-343.47,1
O,2022-11-13 11:53:59.323307,-0.18,0.96,-0.07,1.89,1.28,2.62,-152.48,-161.54,-343.47,1
O,2022-11-13 11:53:59.323512,-0.18,0.96,-0.07,1.83,1.22,2.44,-152.48,-161.54,-343.47,1
O,2022-11-13 11:53:59.323681,-0.18,0.96,-0.07,1.89,1.28,2.75,-152.27,-161.38,-343.24,1
O,2022-11-13 11:53:59.323846,-0.18,0.96,-0.07,1.95,1.10,2.50,-152.27,-161.38,-343.24,1
O,2022-11-13 11:53:59.324021,-0.18,0.96,-0.07,1.59,1.22,2.62,-152.27,-161.38,-343.24,1
O,2022-11-13 11:53:59.324188,-0.18,0.96,-0.07,1.71,1.10,2.14,-152.42,-162.29,-341.99,1
O,2022-11-13 11:53:59.324367,-0.18,0.96,-0.07,1.77,1.40,2.38,-152.42,-162.29,-341.99,1
O,2022-11-13 11:53:59.324535,-0.17,0.96,-0.07,1.65,1.22,2.44,-152.42,-162.29,-341.99,1
O,2022-11-13 11:53:59.324719,-0.18,0.96,-0.07,1.34,1.16,2.38,-152.88,-162.15,-342.08,1
O,2022-11-13 11:53:59.324886,-0.18,0.96,-0.07,1.65,1.34,2.38,-152.88,-162.15,-342.08,1
O,2022-11-13 11:53:59.325058,-0.18,0.96,-0.07,1.95,1.34,2.56,-153.38,-161.88,-343.85,1
O,2022-11-13 11:53:59.325221,-0.18,0.96,-0.07,1.83,1.40,2.62,-153.38,-161.88,-343.85,1
O,2022-11-13 11:53:59.325385,-0.18,0.96,-0.07,1.59,1.10,2.32,-153.38,-161.88,-343.85,1
O,2022-11-13 11:53:59.325563,-0.18,0.96,-0.07,1.59,1.10,2.44,-153.38,-162.08,-343.65,1
O,2022-11-13 11:53:59.325731,-0.18,0.96,-0.07,1.83,1.28,2.32,-153.38,-162.08,-343.65,1
O,2022-11-13 11:53:59.325948,-0.18,0.96,-0.07,1.77,1.46,2.32,-153.38,-162.08,-343.65,1
O,2022-11-13 11:53:59.326113,-0.18,0.96,-0.07,1.53,1.22,2.38,-153.48,-162.26,-343.29,1
O,2022-11-13 11:53:59.326287,-0.18,0.96,-0.07,1.77,1.10,2.32,-153.48,-162.26,-343.29,1
O,2022-11-13 11:53:59.326457,-0.18,0.96,-0.07,1.77,1.16,2.44,-153.15,-161.90,-343.25,1
O,2022-11-13 11:53:59.326638,-0.18,0.96,-0.07,1.65,1.16,2.32,-153.15,-161.90,-343.25,1
O,2022-11-13 11:53:59.326805,-0.18,0.96,-0.07,1.53,1.28,2.62,-153.15,-161.90,-343.25,1
O,2022-11-13 11:53:59.326971,-0.18,0.96,-0.07,1.83,1.10,2.44,-152.86,-161.85,-343.73,1
O,2022-11-13 11:53:59.327149,-0.18,0.96,-0.07,1.83,1.34,2.44,-152.86,-161.85,-343.73,1
O,2022-11-13 11:53:59.327316,-0.18,0.96,-0.07,1.59,1.28,2.44,-152.86,-161.85,-343.73,1
O,2022-11-13 11:53:59.327494,-0.18,0.96,-0.07,1.77,1.22,2.38,-153.56,-162.29,-343.57,1
O,2022-11-13 11:53:59.327661,-0.18,0.96,-0.07,1.71,1.16,2.38,-153.56,-162.29,-343.57,1
O,2022-11-13 11:53:59.327838,-0.18,0.96,-0.07,1.89,1.16,2.50,-153.56,-162.29,-343.57,1
O,2022-11-13 11:53:59.328004,-0.18,0.96,-0.07,1.46,1.16,2.50,-153.15,-162.17,-343.29,1
O,2022-11-13 11:53:59.328184,-0.18,0.96,-0.07,1.83,1.22,2.62,-153.15,-162.17,-343.29,1
O,2022-11-13 11:53:59.328347,-0.18,0.96,-0.07,1.71,0.98,2.38,-153.15,-162.17,-343.29,1
O,2022-11-13 11:53:59.328512,-0.18,0.96,-0.07,1.53,1.10,2.38,-153.15,-162.05,-342.66,1
O,2022-11-13 11:53:59.328696,-0.18,0.96,-0.07,1.77,1.28,2.44,-153.15,-162.05,-342.66,1
O,2022-11-13 11:53:59.328864,-0.18,0.96,-0.07,1.83,1.10,2.38,-152.97,-162.05,-343.64,1
O,2022-11-13 11:53:59.329042,-0.18,0.96,-0.07,1.59,1.16,2.38,-152.97,-162.05,-343.64,1
O,2022-11-13 11:53:59.329206,-0.18,0.96,-0.07,1.83,1.28,2.44,-152.97,-162.05,-343.64,1
O,2022-11-13 11:53:59.329379,-0.18,0.96,-0.07,1.83,1.16,2.56,-153.63,-161.95,-344.42,1
O,2022-11-13 11:53:59.329544,-0.18,0.96,-0.07,1.89,1.22,2.38,-153.63,-161.95,-344.42,1
O,2022-11-13 11:53:59.329717,-0.18,0.96,-0.07,1.83,1.40,2.56,-153.63,-161.95,-344.42,1
O,2022-11-13 11:53:59.329883,-0.18,0.96,-0.07,1.83,1.10,2.32,-152.77,-161.93,-342.53,1
O,2022-11-13 11:53:59.330053,-0.18,0.96,-0.07,1.83,1.16,2.50,-152.77,-161.93,-342.53,1
O,2022-11-13 11:53:59.330228,-0.18,0.96,-0.07,1.77,1.10,2.38,-153.02,-161.96,-342.38,1
O,2022-11-13 11:53:59.330412,-0.18,0.96,-0.07,1.77,1.40,2.44,-153.02,-161.96,-342.38,1
O,2022-11-13 11:53:59.330613,-0.18,0.96,-0.07,1.95,1.34,2.62,-153.02,-161.96,-342.38,1
O,2022-11-13 11:53:59.330794,-0.18,0.96,-0.07,1.77,1.28,2.44,-153.39,-162.02,-343.80,1
O,2022-11-13 11:53:59.330976,-0.18,0.96,-0.07,1.77,1.16,2.44,-153.39,-162.02,-343.80,1
O,2022-11-13 11:53:59.331179,-0.18,0.96,-0.07,1.89,1.28,2.26,-153.39,-162.02,-343.80,1
O,2022-11-13 11:53:59.331367,-0.18,0.96,-0.07,1.95,1.10,2.50,-153.16,-162.18,-343.25,1
O,2022-11-13 11:53:59.331550,-0.18,0.96,-0.07,1.89,1.04,2.38,-153.16,-162.18,-343.25,1
O,2022-11-13 11:53:59.331728,-0.18,0.96,-0.07,1.83,1.28,2.56,-153.16,-162.18,-343.25,1
O,2022-11-13 11:53:59.331916,-0.18,0.96,-0.07,1.83,1.04,2.44,-153.56,-162.72,-343.98,1
O,2022-11-13 11:53:59.332100,-0.18,0.96,-0.07,1.71,1.22,2.56,-153.56,-162.72,-343.98,1
O,2022-11-13 11:53:59.332283,-0.18,0.96,-0.07,1.77,1.22,2.44,-153.41,-162.13,-341.03,1
O,2022-11-13 11:53:59.332468,-0.18,0.96,-0.07,1.65,1.22,2.20,-153.41,-162.13,-341.03,1
O,2022-11-13 11:53:59.332675,-0.18,0.96,-0.07,1.83,1.28,2.50,-153.41,-162.13,-341.03,1
O,2022-11-13 11:53:59.332856,-0.18,0.96,-0.07,1.71,1.10,2.44,-153.75,-162.32,-341.96,1
O,2022-11-13 11:53:59.333048,-0.18,0.96,-0.07,1.65,1.22,2.44,-153.75,-162.32,-341.96,1
O,2022-11-13 11:53:59.333228,-0.18,0.96,-0.07,1.77,1.34,2.50,-153.75,-162.32,-341.96,1
O,2022-11-13 11:53:59.333427,-0.18,0.96,-0.07,1.65,1.28,2.44,-153.26,-162.28,-343.12,1
O,2022-11-13 11:53:59.333608,-0.18,0.96,-0.07,1.71,1.28,2.50,-153.26,-162.28,-343.12,1
O,2022-11-13 11:53:59.333800,-0.18,0.96,-0.07,1.77,1.10,2.50,-153.26,-162.28,-343.12,1
O,2022-11-13 11:53:59.333985,-0.18,0.96,-0.07,1.77,1.10,2.50,-153.70,-162.21,-343.46,1
O,2022-11-13 11:53:59.334167,-0.18,0.96,-0.07,1.83,1.16,2.38,-153.70,-162.21,-343.46,1
O,2022-11-13 11:53:59.334368,-0.18,0.96,-0.07,1.89,1.16,2.50,-153.89,-162.50,-343.15,1
O,2022-11-13 11:53:59.334556,-0.18,0.96,-0.07,1.65,1.22,2.38,-153.89,-162.50,-343.15,1
O,2022-11-13 11:53:59.334743,-0.18,0.96,-0.07,1.83,1.16,2.50,-153.89,-162.50,-343.15,1
O,2022-11-13 11:53:59.334920,-0.18,0.96,-0.07,1.71,1.28,2.38,-153.71,-162.40,-343.62,1
O,2022-11-13 11:53:59.335090,-0.18,0.96,-0.07,1.53,1.04,2.38,-153.71,-162.40,-343.62,1
O,2022-11-13 11:53:59.335259,-0.18,0.96,-0.07,1.83,1.28,2.38,-153.71,-162.40,-343.62,1
O,2022-11-13 11:53:59.335431,-0.18,0.96,-0.07,1.71,1.28,2.38,-153.80,-161.89,-342.75,1
O,2022-11-13 11:53:59.335598,-0.18,0.96,-0.07,1.71,1.10,2.38,-153.80,-161.89,-342.75,1
O,2022-11-13 11:53:59.335772,-0.18,0.96,-0.07,1.95,1.16,2.56,-153.80,-161.89,-342.75,1
O,2022-11-13 11:53:59.335937,-0.18,0.96,-0.07,1.77,1.10,2.32,-153.66,-162.29,-343.75,1
O,2022-11-13 11:53:59.336103,-0.18,0.96,-0.07,1.89,1.16,2.56,-153.66,-162.29,-343.75,1
O,2022-11-13 11:53:59.336283,-0.18,0.96,-0.07,1.83,1.10,2.50,-154.13,-162.54,-343.23,1
O,2022-11-13 11:53:59.336451,-0.18,0.96,-0.07,1.71,1.22,2.44,-154.13,-162.54,-343.23,1
O,2022-11-13 11:53:59.336628,-0.18,0.96,-0.07,1.77,1.04,2.50,-154.13,-162.54,-343.23,1
O,2022-11-13 11:53:59.336794,-0.18,0.96,-0.07,1.65,1.22,2.44,-153.66,-162.85,-344.92,1
O,2022-11-13 11:53:59.336967,-0.18,0.96,-0.07,1.77,1.46,2.56,-153.66,-162.85,-344.92,1
O,2022-11-13 11:53:59.337132,-0.18,0.96,-0.07,1.65,1.28,2.32,-153.66,-162.85,-344.92,1
O,2022-11-13 11:53:59.337312,-0.18,0.96,-0.07,1.71,1.28,2.50,-154.06,-162.54,-343.93,1
O,2022-11-13 11:53:59.337479,-0.18,0.96,-0.07,1.77,1.22,2.44,-154.06,-162.54,-343.93,1
O,2022-11-13 11:53:59.337651,-0.18,0.96,-0.07,1.89,1.04,2.38,-154.06,-162.54,-343.93,1
O,2022-11-13 11:53:59.337820,-0.18,0.96,-0.07,1.71,1.34,2.26,-154.26,-162.85,-343.64,1
O,2022-11-13 11:53:59.337986,-0.18,0.96,-0.07,2.01,1.28,2.38,-154.26,-162.85,-343.64,1
O,2022-11-13 11:53:59.338164,-0.18,0.96,-0.07,1.89,1.28,2.44,-154.15,-162.34,-344.08,1
O,2022-11-13 11:53:59.338332,-0.18,0.96,-0.07,1.59,1.16,2.32,-154.15,-162.34,-344.08,1
O,2022-11-13 11:53:59.338509,-0.18,0.96,-0.07,1.95,1.28,2.56,-154.15,-162.34,-344.08,1
O,2022-11-13 11:53:59.338676,-0.18,0.96,-0.07,1.89,1.22,2.38,-154.10,-162.61,-343.84,1
O,2022-11-13 11:53:59.338852,-0.18,0.96,-0.07,1.77,1.22,2.50,-154.10,-162.61,-343.84,1
O,2022-11-13 11:53:59.339021,-0.18,0.96,-0.07,1.59,1.34,2.50,-154.10,-162.61,-343.84,1
O,2022-11-13 11:53:59.339186,-0.18,0.96,-0.07,1.65,1.34,2.32,-154.35,-163.17,-345.00,1
O,2022-11-13 11:53:59.339363,-0.18,0.96,-0.07,1.89,1.10,2.44,-154.35,-163.17,-345.00,1
O,2022-11-13 11:53:59.339528,-0.18,0.96,-0.07,1.71,1.16,2.44,-154.35,-163.17,-345.00,1
O,2022-11-13 11:53:59.339701,-0.18,0.96,-0.07,1.71,1.10,2.38,-154.10,-163.04,-344.03,1
O,2022-11-13 11:53:59.339866,-0.18,0.96,-0.07,1.77,1.22,2.32,-154.10,-163.04,-344.03,1
O,2022-11-13 11:53:59.340042,-0.18,0.96,-0.07,1.83,1.28,2.32,-154.43,-162.88,-343.58,1
O,2022-11-13 11:53:59.340207,-0.18,0.96,-0.07,1.83,1.10,2.32,-154.43,-162.88,-343.58,1
O,2022-11-13 11:53:59.340394,-0.18,0.96,-0.07,1.89,1.28,2.44,-154.43,-162.88,-343.58,1
O,2022-11-13 11:53:59.340560,-0.18,0.96,-0.07,1.71,1.28,2.56,-154.52,-162.50,-343.87,1
O,2022-11-13 11:53:59.340726,-0.18,0.96,-0.07,1.71,1.10,2.38,-154.52,-162.50,-343.87,1
O,2022-11-13 11:53:59.340902,-0.18,0.96,-0.07,1.71,1.40,2.56,-154.52,-162.50,-343.87,1
O,2022-11-13 11:53:59.341067,-0.18,0.96,-0.07,1.77,1.22,2.56,-154.16,-162.78,-344.02,1
O,2022-11-13 11:53:59.341240,-0.18,0.96,-0.07,1.89,1.34,2.56,-154.16,-162.78,-344.02,1
O,2022-11-13 11:53:59.341406,-0.18,0.96,-0.07,1.71,1.28,2.38,-154.16,-162.78,-344.02,1
O,2022-11-13 11:53:59.341584,-0.18,0.96,-0.07,1.59,1.04,2.32,-154.46,-162.67,-343.66,1
O,2022-11-13 11:53:59.341756,-0.18,0.96,-0.07,1.77,1.34,2.50,-154.46,-162.67,-343.66,1
O,2022-11-13 11:53:59.341935,-0.18,0.96,-0.07,1.71,1.22,2.50,-154.21,-162.66,-343.49,1
O,2022-11-13 11:53:59.342102,-0.18,0.96,-0.07,1.59,1.16,2.38,-154.21,-162.66,-343.49,1
O,2022-11-13 11:53:59.342297,-0.18,0.96,-0.07,1.89,1.16,2.44,-154.21,-162.66,-343.49,1
O,2022-11-13 11:53:59.342467,-0.18,0.96,-0.07,1.95,1.28,2.62,-154.04,-162.44,-343.93,1
O,2022-11-13 11:53:59.342632,-0.18,0.96,-0.07,1.95,1.34,2.56,-154.04,-162.44,-343.93,1
O,2022-11-13 11:53:59.342802,-0.18,0.96,-0.07,1.89,1.34,2.50,-154.04,-162.44,-343.93,1
O,2022-11-13 11:53:59.342971,-0.18,0.96,-0.07,1.89,1.04,2.50,-153.88,-163.24,-343.71,1
O,2022-11-13 11:53:59.343149,-0.18,0.96,-0.07,1.83,1.40,2.50,-153.88,-163.24,-343.71,1
O,2022-11-13 11:53:59.343315,-0.18,0.96,-0.07,1.77,1.53,2.38,-153.88,-163.24,-343.71,1
O,2022-11-13 11:53:59.343486,-0.18,0.96,-0.07,1.46,1.28,2.38,-153.58,-162.84,-343.13,1
O,2022-11-13 11:53:59.343652,-0.18,0.96,-0.07,1.95,1.28,2.44,-153.58,-162.84,-343.13,1
O,2022-11-13 11:53:59.343824,-0.18,0.96,-0.07,1.83,1.22,2.44,-153.83,-162.34,-342.47,1
O,2022-11-13 11:53:59.343988,-0.18,0.96,-0.07,1.83,1.28,2.32,-153.83,-162.34,-342.47,1
O,2022-11-13 11:53:59.344154,-0.18,0.96,-0.07,2.01,1.34,2.38,-153.83,-162.34,-342.47,1
O,2022-11-13 11:53:59.344335,-0.18,0.96,-0.07,2.14,1.28,2.69,-153.72,-162.26,-342.96,1
O,2022-11-13 11:53:59.344500,-0.18,0.96,-0.07,2.01,1.46,2.87,-153.72,-162.26,-342.96,1
O,2022-11-13 11:53:59.344680,-0.18,0.96,-0.07,1.71,1.16,2.44,-153.72,-162.26,-342.96,1
O,2022-11-13 11:53:59.344844,-0.18,0.96,-0.07,1.89,1.22,2.26,-153.86,-161.77,-342.83,1
O,2022-11-13 11:53:59.345020,-0.18,0.96,-0.07,1.22,1.34,2.44,-153.86,-161.77,-342.83,1
O,2022-11-13 11:53:59.345188,-0.18,0.96,-0.07,1.40,1.34,2.56,-153.86,-161.77,-342.83,1
O,2022-11-13 11:53:59.345359,-0.18,0.96,-0.07,2.14,1.22,2.32,-153.78,-162.06,-342.59,1
O,2022-11-13 11:53:59.345528,-0.18,0.96,-0.07,1.95,1.22,2.69,-153.78,-162.06,-342.59,1
O,2022-11-13 11:53:59.345694,-0.18,0.96,-0.07,1.59,1.04,2.50,-153.86,-161.83,-342.72,1
O,2022-11-13 11:53:59.345875,-0.18,0.96,-0.07,1.95,0.98,2.38,-153.86,-161.83,-342.72,1
O,2022-11-13 11:53:59.346040,-0.18,0.96,-0.07,2.01,1.22,2.50,-153.86,-161.83,-342.72,1
O,2022-11-13 11:53:59.346215,-0.18,0.96,-0.07,1.77,1.28,2.38,-153.99,-162.29,-343.03,1
O,2022-11-13 11:53:59.346381,-0.18,0.96,-0.07,1.83,1.16,2.38,-153.99,-162.29,-343.03,1
O,2022-11-13 11:53:59.346551,-0.18,0.96,-0.07,1.77,1.22,2.38,-153.99,-162.29,-343.03,1
O,2022-11-13 11:53:59.346716,-0.18,0.96,-0.07,1.83,1.22,2.32,-154.48,-162.85,-343.04,1
O,2022-11-13 11:53:59.346892,-0.18,0.96,-0.07,2.14,1.28,2.50,-154.48,-162.85,-343.04,1
O,2022-11-13 11:53:59.347056,-0.18,0.96,-0.07,1.65,1.22,2.32,-154.48,-162.85,-343.04,1
O,2022-11-13 11:53:59.347241,-0.18,0.96,-0.07,1.59,1.22,2.50,-154.94,-162.49,-343.85,1
O,2022-11-13 11:53:59.347422,-0.18,0.96,-0.07,1.89,0.92,2.32,-154.94,-162.49,-343.85,1
O,2022-11-13 11:53:59.347587,-0.18,0.96,-0.07,1.71,1.28,2.44,-154.60,-162.48,-342.16,1
O,2022-11-13 11:53:59.347766,-0.18,0.96,-0.07,1.28,1.34,2.26,-154.60,-162.48,-342.16,1
O,2022-11-13 11:53:59.347930,-0.18,0.96,-0.07,1.53,1.34,2.38,-154.60,-162.48,-342.16,1
O,2022-11-13 11:53:59.348108,-0.18,0.96,-0.07,1.71,1.22,2.32,-154.91,-162.63,-343.04,1
O,2022-11-13 11:53:59.348271,-0.18,0.96,-0.07,1.77,1.40,2.50,-154.91,-162.63,-343.04,1
O,2022-11-13 11:53:59.348467,-0.18,0.96,-0.07,1.77,1.16,2.50,-154.91,-162.63,-343.04,1
O,2022-11-13 11:53:59.348651,-0.18,0.96,-0.07,1.83,1.04,2.38,-154.52,-162.61,-343.65,1
O,2022-11-13 11:53:59.348841,-0.18,0.96,-0.07,1.59,1.10,2.44,-154.52,-162.61,-343.65,1
O,2022-11-13 11:53:59.349034,-0.18,0.96,-0.07,1.65,1.28,2.44,-154.52,-162.61,-343.65,1
O,2022-11-13 11:53:59.349200,-0.18,0.96,-0.07,1.83,1.10,2.32,-154.60,-162.48,-343.40,1
O,2022-11-13 11:53:59.349381,-0.18,0.96,-0.07,1.89,0.98,2.56,-154.60,-162.48,-343.40,1
O,2022-11-13 11:53:59.349568,-0.18,0.96,-0.07,1.71,1.16,2.26,-154.90,-162.49,-342.31,1
O,2022-11-13 11:53:59.349788,-0.18,0.96,-0.07,1.77,1.28,2.38,-154.90,-162.49,-342.31,1
O,2022-11-13 11:53:59.349957,-0.18,0.96,-0.07,1.77,1.34,2.38,-154.90,-162.49,-342.31,1
O,2022-11-13 11:53:59.350132,-0.18,0.96,-0.07,1.71,1.22,2.44,-154.86,-162.93,-344.38,1
O,2022-11-13 11:53:59.350328,-0.18,0.96,-0.07,1.71,1.28,2.44,-154.86,-162.93,-344.38,1
O,2022-11-13 11:53:59.350529,-0.18,0.96,-0.07,1.71,1.22,2.26,-154.86,-162.93,-344.38,1
O,2022-11-13 11:53:59.350700,-0.18,0.96,-0.07,1.89,1.04,2.32,-154.46,-163.04,-343.21,1
O,2022-11-13 11:53:59.350885,-0.18,0.96,-0.07,1.83,1.16,2.44,-154.46,-163.04,-343.21,1
O,2022-11-13 11:53:59.351067,-0.18,0.96,-0.07,1.89,1.10,2.50,-154.46,-163.04,-343.21,1
O,2022-11-13 11:53:59.351258,-0.18,0.96,-0.07,1.65,1.16,2.32,-154.24,-162.65,-343.51,1
O,2022-11-13 11:53:59.351434,-0.18,0.96,-0.07,1.77,1.22,2.56,-154.24,-162.65,-343.51,1
O,2022-11-13 11:53:59.351614,-0.18,0.96,-0.07,1.71,1.34,2.44,-154.32,-163.26,-343.27,1
O,2022-11-13 11:53:59.351787,-0.18,0.96,-0.07,1.59,1.10,2.38,-154.32,-163.26,-343.27,1
O,2022-11-13 11:53:59.351971,-0.18,0.96,-0.07,1.95,1.04,2.32,-154.32,-163.26,-343.27,1
O,2022-11-13 11:53:59.352145,-0.18,0.96,-0.07,1.77,1.22,2.32,-154.76,-163.43,-342.94,1
O,2022-11-13 11:53:59.352319,-0.18,0.96,-0.07,1.83,1.16,2.38,-154.76,-163.43,-342.94,1
O,2022-11-13 11:53:59.352502,-0.18,0.96,-0.07,1.71,1.34,2.50,-154.76,-163.43,-342.94,1
O,2022-11-13 11:53:59.352698,-0.18,0.96,-0.07,1.65,1.28,2.44,-154.25,-163.04,-343.19,1
O,2022-11-13 11:53:59.352884,-0.18,0.96,-0.07,1.53,1.28,2.50,-154.25,-163.04,-343.19,1
O,2022-11-13 11:53:59.353062,-0.18,0.96,-0.07,1.95,1.16,2.32,-154.25,-163.04,-343.19,1
O,2022-11-13 11:53:59.353228,-0.18,0.96,-0.07,1.77,1.10,2.26,-154.70,-163.43,-343.49,1
O,2022-11-13 11:53:59.353403,-0.18,0.96,-0.07,1.83,1.04,2.44,-154.70,-163.43,-343.49,1
O,2022-11-13 11:53:59.353567,-0.18,0.96,-0.07,1.89,1.16,2.32,-154.50,-163.16,-343.60,1
O,2022-11-13 11:53:59.353742,-0.18,0.96,-0.07,1.65,1.16,2.32,-154.50,-163.16,-343.60,1
O,2022-11-13 11:53:59.353914,-0.18,0.96,-0.07,1.95,1.34,2.38,-154.50,-163.16,-343.60,1
O,2022-11-13 11:53:59.354092,-0.18,0.96,-0.07,1.83,1.22,2.62,-154.92,-163.75,-344.08,1
O,2022-11-13 11:53:59.354256,-0.18,0.96,-0.07,1.83,1.28,2.50,-154.92,-163.75,-344.08,1
O,2022-11-13 11:53:59.354428,-0.18,0.96,-0.07,1.83,1.16,2.50,-154.92,-163.75,-344.08,1
O,2022-11-13 11:53:59.354594,-0.18,0.96,-0.07,1.65,1.22,2.44,-155.19,-163.84,-344.34,1
O,2022-11-13 11:53:59.354759,-0.18,0.96,-0.07,1.89,1.16,2.32,-155.19,-163.84,-344.34,1
O,2022-11-13 11:53:59.354937,-0.18,0.96,-0.07,1.65,1.34,2.44,-155.19,-163.84,-344.34,1
O,2022-11-13 11:53:59.355101,-0.18,0.96,-0.07,1.59,1.22,2.44,-155.20,-163.27,-343.21,1
O,2022-11-13 11:53:59.355285,-0.18,0.96,-0.07,1.71,1.16,2.50,-155.20,-163.27,-343.21,1
O,2022-11-13 11:53:59.355453,-0.18,0.96,-0.07,1.65,1.28,2.38,-155.27,-163.28,-343.66,1
O,2022-11-13 11:53:59.355627,-0.18,0.96,-0.07,1.77,1.16,2.44,-155.27,-163.28,-343.66,1
O,2022-11-13 11:53:59.355791,-0.18,0.96,-0.07,1.77,1.34,2.44,-155.27,-163.28,-343.66,1
O,2022-11-13 11:53:59.355961,-0.18,0.96,-0.07,1.77,1.16,2.38,-155.47,-163.17,-343.46,1
O,2022-11-13 11:53:59.356125,-0.18,0.96,-0.07,1.83,1.22,2.38,-155.47,-163.17,-343.46,1
O,2022-11-13 11:53:59.356287,-0.18,0.96,-0.07,1.83,1.22,2.50,-155.47,-163.17,-343.46,1
O,2022-11-13 11:53:59.356464,-0.18,0.96,-0.07,1.83,1.22,2.38,-155.09,-163.01,-343.57,1
O,2022-11-13 11:53:59.356635,-0.18,0.96,-0.07,1.83,1.28,2.44,-155.09,-163.01,-343.57,1
O,2022-11-13 11:53:59.356811,-0.18,0.96,-0.07,1.95,1.16,2.50,-155.09,-163.01,-343.57,1
O,2022-11-13 11:53:59.356974,-0.18,0.96,-0.07,1.71,1.22,2.26,-155.14,-163.32,-343.12,1
O,2022-11-13 11:53:59.357152,-0.18,0.96,-0.07,1.71,1.28,2.44,-155.14,-163.32,-343.12,1
O,2022-11-13 11:53:59.357324,-0.18,0.96,-0.07,1.77,1.10,2.26,-155.58,-163.48,-343.76,1
O,2022-11-13 11:53:59.357499,-0.18,0.96,-0.07,1.83,1.22,2.44,-155.58,-163.48,-343.76,1
O,2022-11-13 11:53:59.357665,-0.18,0.96,-0.07,2.01,1.10,2.26,-155.58,-163.48,-343.76,1
O,2022-11-13 11:53:59.357834,-0.18,0.96,-0.07,1.77,1.10,2.38,-155.51,-163.44,-344.49,1
O,2022-11-13 11:53:59.358011,-0.18,0.96,-0.07,1.77,1.10,2.32,-155.51,-163.44,-344.49,1
O,2022-11-13 11:53:59.358174,-0.18,0.96,-0.07,1.95,1.34,2.62,-155.51,-163.44,-344.49,1
O,2022-11-13 11:53:59.358347,-0.18,0.96,-0.07,1.71,1.10,2.26,-155.38,-163.48,-344.40,1
O,2022-11-13 11:53:59.358544,-0.18,0.96,-0.07,1.89,1.22,2.50,-155.38,-163.48,-344.40,1
O,2022-11-13 11:53:59.358721,-0.18,0.96,-0.07,1.83,1.10,2.32,-155.38,-163.48,-344.40,1
O,2022-11-13 11:53:59.358887,-0.18,0.96,-0.07,1.83,1.04,2.32,-155.52,-163.39,-343.98,1
O,2022-11-13 11:53:59.359058,-0.18,0.96,-0.07,1.83,1.16,2.32,-155.52,-163.39,-343.98,1
O,2022-11-13 11:53:59.359224,-0.18,0.96,-0.07,1.71,1.10,2.62,-155.49,-163.60,-343.52,1
O,2022-11-13 11:53:59.359396,-0.18,0.96,-0.07,1.83,1.28,2.26,-155.49,-163.60,-343.52,1
O,2022-11-13 11:53:59.359573,-0.18,0.96,-0.07,1.71,1.34,2.44,-155.49,-163.60,-343.52,1
O,2022-11-13 11:53:59.359748,-0.18,0.96,-0.07,1.77,1.22,2.38,-155.53,-163.64,-344.45,1
O,2022-11-13 11:53:59.359927,-0.18,0.96,-0.07,1.59,1.22,2.44,-155.53,-163.64,-344.45,1
O,2022-11-13 11:53:59.360091,-0.18,0.96,-0.07,1.77,1.22,2.44,-155.53,-163.64,-344.45,1
O,2022-11-13 11:53:59.360270,-0.18,0.96,-0.07,1.77,1.16,2.38,-155.08,-163.35,-344.73,1
O,2022-11-13 11:53:59.360434,-0.18,0.96,-0.07,2.01,1.10,2.38,-155.08,-163.35,-344.73,1
O,2022-11-13 11:53:59.360606,-0.18,0.96,-0.07,1.77,1.28,2.69,-155.08,-163.35,-344.73,1
O,2022-11-13 11:53:59.360769,-0.18,0.96,-0.07,1.65,1.22,2.38,-155.20,-163.46,-344.38,1
O,2022-11-13 11:53:59.360934,-0.18,0.96,-0.07,1.83,1.10,2.38,-155.20,-163.46,-344.38,1
O,2022-11-13 11:53:59.361110,-0.18,0.96,-0.07,1.83,1.16,2.44,-154.82,-163.39,-344.06,1
O,2022-11-13 11:53:59.361277,-0.18,0.96,-0.07,1.83,1.28,2.38,-154.82,-163.39,-344.06,1
O,2022-11-13 11:53:59.361454,-0.18,0.96,-0.07,1.71,1.34,2.50,-154.82,-163.39,-344.06,1
O,2022-11-13 11:53:59.361620,-0.18,0.96,-0.07,1.95,1.22,2.38,-155.21,-163.33,-344.43,1
O,2022-11-13 11:53:59.361791,-0.18,0.96,-0.07,1.89,1.22,2.50,-155.21,-163.33,-344.43,1
O,2022-11-13 11:53:59.361956,-0.18,0.96,-0.07,1.83,1.22,2.44,-155.21,-163.33,-344.43,1
O,2022-11-13 11:53:59.362132,-0.18,0.96,-0.07,1.77,1.16,2.44,-154.76,-163.23,-343.90,1
O,2022-11-13 11:53:59.362297,-0.18,0.96,-0.07,1.95,1.10,2.56,-154.76,-163.23,-343.90,1
O,2022-11-13 11:53:59.362461,-0.18,0.96,-0.07,1.77,1.22,2.32,-154.76,-163.23,-343.90,1
O,2022-11-13 11:53:59.362637,-0.18,0.96,-0.07,1.83,1.16,2.44,-155.10,-163.50,-343.48,1
O,2022-11-13 11:53:59.362801,-0.18,0.96,-0.07,1.89,1.40,2.32,-155.10,-163.50,-343.48,1
O,2022-11-13 11:53:59.362978,-0.18,0.96,-0.07,1.83,1.22,2.38,-155.74,-163.10,-342.46,1
O,2022-11-13 11:53:59.363142,-0.18,0.96,-0.07,1.71,1.22,2.32,-155.74,-163.10,-342.46,1
O,2022-11-13 11:53:59.363320,-0.18,0.96,-0.07,1.95,1.04,2.38,-155.74,-163.10,-342.46,1
O,2022-11-13 11:53:59.363485,-0.18,0.96,-0.07,1.77,1.22,2.50,-154.91,-163.18,-344.06,1
O,2022-11-13 11:53:59.363660,-0.18,0.96,-0.07,1.83,1.22,2.38,-154.91,-163.18,-344.06,1
O,2022-11-13 11:53:59.363829,-0.18,0.96,-0.07,1.71,1.28,2.26,-154.91,-163.18,-344.06,1
O,2022-11-13 11:53:59.363992,-0.18,0.96,-0.07,1.59,1.40,2.32,-155.19,-163.22,-343.23,1
O,2022-11-13 11:53:59.364168,-0.18,0.96,-0.07,1.71,1.28,2.32,-155.19,-163.22,-343.23,1
O,2022-11-13 11:53:59.364330,-0.18,0.96,-0.07,1.71,1.40,2.44,-155.19,-163.22,-343.23,1
O,2022-11-13 11:53:59.364504,-0.18,0.96,-0.07,1.83,1.34,2.32,-155.26,-162.62,-342.05,1
O,2022-11-13 11:53:59.364667,-0.18,0.96,-0.07,1.77,1.34,2.38,-155.26,-162.62,-342.05,1
O,2022-11-13 11:53:59.364843,-0.18,0.96,-0.07,1.65,1.40,2.32,-154.80,-162.96,-343.14,1
O,2022-11-13 11:53:59.365008,-0.18,0.96,-0.07,1.65,1.16,2.20,-154.80,-162.96,-343.14,1
O,2022-11-13 11:53:59.365180,-0.18,0.96,-0.07,1.71,1.28,2.50,-154.80,-162.96,-343.14,1
O,2022-11-13 11:53:59.365343,-0.18,0.96,-0.07,1.71,1.28,2.44,-155.16,-162.71,-342.75,1
O,2022-11-13 11:53:59.365508,-0.18,0.96,-0.07,1.89,1.34,2.32,-155.16,-162.71,-342.75,1
O,2022-11-13 11:53:59.365681,-0.18,0.96,-0.07,1.89,1.40,2.44,-155.16,-162.71,-342.75,1
O,2022-11-13 11:53:59.365846,-0.18,0.96,-0.07,1.83,1.16,2.44,-155.57,-163.18,-343.19,1
O,2022-11-13 11:53:59.366024,-0.18,0.96,-0.07,1.89,1.16,2.38,-155.57,-163.18,-343.19,1
O,2022-11-13 11:53:59.366191,-0.18,0.96,-0.07,2.01,1.22,2.44,-155.57,-163.18,-343.19,1
O,2022-11-13 11:53:59.366372,-0.18,0.96,-0.07,1.53,1.22,2.32,-155.20,-163.18,-342.61,1
O,2022-11-13 11:53:59.366542,-0.18,0.96,-0.07,1.71,1.28,2.32,-155.20,-163.18,-342.61,1
O,2022-11-13 11:53:59.366729,-0.18,0.96,-0.07,1.77,1.22,2.38,-154.85,-163.29,-342.80,1
O,2022-11-13 11:53:59.366904,-0.18,0.96,-0.07,1.65,1.04,2.26,-154.85,-163.29,-342.80,1
O,2022-11-13 11:53:59.367066,-0.18,0.96,-0.07,1.89,0.98,2.38,-154.85,-163.29,-342.80,1
O,2022-11-13 11:53:59.367239,-0.18,0.96,-0.07,1.77,1.22,2.44,-155.82,-163.22,-343.25,1
O,2022-11-13 11:53:59.367423,-0.18,0.96,-0.07,1.83,1.22,2.38,-155.82,-163.22,-343.25,1
O,2022-11-13 11:53:59.367605,-0.18,0.96,-0.07,1.89,1.10,2.44,-155.82,-163.22,-343.25,1
O,2022-11-13 11:53:59.367789,-0.18,0.96,-0.07,1.83,1.22,2.38,-155.41,-163.76,-343.77,1
O,2022-11-13 11:53:59.367961,-0.18,0.96,-0.07,1.77,1.16,2.44,-155.41,-163.76,-343.77,1
O,2022-11-13 11:53:59.368138,-0.18,0.96,-0.07,1.89,1.10,2.44,-155.41,-163.76,-343.77,1
O,2022-11-13 11:53:59.368334,-0.18,0.96,-0.07,1.71,1.04,2.20,-155.29,-163.61,-344.68,1
O,2022-11-13 11:53:59.368500,-0.18,0.96,-0.07,1.83,1.16,2.38,-155.29,-163.61,-344.68,1
O,2022-11-13 11:53:59.368667,-0.18,0.96,-0.07,1.71,1.10,2.38,-155.75,-163.42,-343.53,1
O,2022-11-13 11:53:59.368867,-0.18,0.96,-0.07,1.71,1.16,2.14,-155.75,-163.42,-343.53,1
O,2022-11-13 11:53:59.369076,-0.18,0.96,-0.07,2.01,1.10,2.38,-155.75,-163.42,-343.53,1
O,2022-11-13 11:53:59.369262,-0.18,0.96,-0.07,1.77,1.22,2.50,-155.32,-163.73,-345.06,1
O,2022-11-13 11:53:59.369443,-0.18,0.96,-0.07,1.89,1.16,2.38,-155.32,-163.73,-345.06,1
O,2022-11-13 11:53:59.369632,-0.18,0.96,-0.07,1.59,1.22,2.32,-155.32,-163.73,-345.06,1
O,2022-11-13 11:53:59.369815,-0.18,0.96,-0.07,2.01,1.22,2.20,-155.77,-163.54,-344.19,1
O,2022-11-13 11:53:59.370000,-0.18,0.96,-0.07,1.77,1.22,2.62,-155.77,-163.54,-344.19,1
O,2022-11-13 11:53:59.370190,-0.18,0.96,-0.07,1.83,1.28,2.32,-155.77,-163.54,-344.19,1
O,2022-11-13 11:53:59.370369,-0.18,0.96,-0.07,1.77,1.22,2.26,-155.99,-163.46,-344.19,1
O,2022-11-13 11:53:59.370563,-0.18,0.96,-0.07,1.77,1.34,2.38,-155.99,-163.46,-344.19,1
O,2022-11-13 11:53:59.370739,-0.18,0.96,-0.07,1.77,1.34,2.44,-155.86,-164.15,-344.24,1
O,2022-11-13 11:53:59.370962,-0.18,0.96,-0.07,1.46,1.46,2.26,-155.86,-164.15,-344.24,1
O,2022-11-13 11:53:59.371139,-0.18,0.96,-0.07,1.71,1.22,2.38,-155.86,-164.15,-344.24,1
O,2022-11-13 11:53:59.371325,-0.18,0.96,-0.07,1.77,1.22,2.44,-156.12,-163.68,-343.84,1
O,2022-11-13 11:53:59.371509,-0.18,0.96,-0.07,1.71,1.46,2.38,-156.12,-163.68,-343.84,1
O,2022-11-13 11:53:59.371700,-0.18,0.96,-0.07,1.89,1.16,2.38,-156.12,-163.68,-343.84,1
O,2022-11-13 11:53:59.371889,-0.18,0.96,-0.07,1.83,0.98,2.38,-156.18,-163.60,-344.64,1
O,2022-11-13 11:53:59.372066,-0.18,0.96,-0.07,1.65,1.22,2.44,-156.18,-163.60,-344.64,1
O,2022-11-13 11:53:59.372233,-0.18,0.96,-0.07,1.59,1.16,2.44,-156.18,-163.60,-344.64,1
O,2022-11-13 11:53:59.372403,-0.18,0.96,-0.07,1.71,1.10,2.44,-156.21,-163.92,-343.48,1
O,2022-11-13 11:53:59.372572,-0.18,0.96,-0.07,1.89,1.10,2.44,-156.21,-163.92,-343.48,1
O,2022-11-13 11:53:59.372736,-0.18,0.96,-0.07,1.77,1.22,2.50,-155.11,-163.89,-345.00,1
O,2022-11-13 11:53:59.372912,-0.18,0.96,-0.07,1.71,1.16,2.38,-155.11,-163.89,-345.00,1
O,2022-11-13 11:53:59.373076,-0.18,0.96,-0.07,1.89,1.16,2.44,-155.11,-163.89,-345.00,1
O,2022-11-13 11:53:59.373252,-0.18,0.96,-0.07,1.95,1.04,2.32,-155.98,-163.89,-345.09,1
O,2022-11-13 11:53:59.373414,-0.18,0.96,-0.07,1.71,1.22,2.44,-155.98,-163.89,-345.09,1
O,2022-11-13 11:53:59.373588,-0.18,0.96,-0.07,1.77,1.22,2.44,-155.98,-163.89,-345.09,1
O,2022-11-13 11:53:59.373752,-0.18,0.96,-0.07,1.77,1.10,2.56,-155.80,-163.15,-344.51,1
O,2022-11-13 11:53:59.373922,-0.18,0.96,-0.07,1.71,1.34,2.44,-155.80,-163.15,-344.51,1
O,2022-11-13 11:53:59.374087,-0.18,0.96,-0.07,1.95,1.28,2.44,-155.80,-163.15,-344.51,1
O,2022-11-13 11:53:59.374253,-0.18,0.96,-0.07,1.65,1.04,2.26,-155.81,-163.84,-344.75,1
O,2022-11-13 11:53:59.374428,-0.18,0.96,-0.07,1.77,1.22,2.56,-155.81,-163.84,-344.75,1
O,2022-11-13 11:53:59.374593,-0.18,0.96,-0.07,1.83,1.28,2.44,-156.07,-163.82,-344.65,1
O,2022-11-13 11:53:59.374794,-0.18,0.96,-0.07,1.77,1.28,2.20,-156.07,-163.82,-344.65,1
O,2022-11-13 11:53:59.374959,-0.18,0.96,-0.07,1.77,1.34,2.44,-156.07,-163.82,-344.65,1
O,2022-11-13 11:53:59.375135,-0.18,0.96,-0.07,1.71,1.40,2.44,-155.65,-163.22,-344.69,1
O,2022-11-13 11:53:59.375299,-0.18,0.96,-0.07,1.77,1.34,2.38,-155.65,-163.22,-344.69,1
O,2022-11-13 11:53:59.375469,-0.18,0.96,-0.07,1.77,1.40,2.44,-155.65,-163.22,-344.69,1
O,2022-11-13 11:53:59.375633,-0.18,0.96,-0.07,1.65,1.28,2.44,-156.24,-163.02,-344.15,1
O,2022-11-13 11:53:59.375795,-0.18,0.96,-0.07,1.71,1.40,2.50,-156.24,-163.02,-344.15,1
O,2022-11-13 11:53:59.375968,-0.18,0.96,-0.07,1.77,1.28,2.50,-156.24,-163.02,-344.15,1
O,2022-11-13 11:53:59.376132,-0.18,0.96,-0.07,1.89,1.16,2.32,-156.67,-163.31,-344.21,1
O,2022-11-13 11:53:59.376307,-0.18,0.96,-0.07,1.77,1.22,2.44,-156.67,-163.31,-344.21,1
O,2022-11-13 11:53:59.376474,-0.18,0.96,-0.07,2.14,1.22,2.56,-156.04,-163.21,-343.74,1
O,2022-11-13 11:53:59.376651,-0.18,0.96,-0.07,1.53,1.10,2.26,-156.04,-163.21,-343.74,1
O,2022-11-13 11:53:59.376816,-0.18,0.96,-0.07,2.01,1.22,2.44,-156.04,-163.21,-343.74,1
O,2022-11-13 11:53:59.376988,-0.18,0.96,-0.07,1.83,1.16,2.44,-155.15,-162.83,-343.09,1
O,2022-11-13 11:53:59.377157,-0.18,0.96,-0.07,1.71,1.22,2.44,-155.15,-162.83,-343.09,1
O,2022-11-13 11:53:59.377321,-0.18,0.96,-0.07,2.20,1.22,2.50,-155.15,-162.83,-343.09,1
O,2022-11-13 11:53:59.377500,-0.18,0.96,-0.07,1.83,1.10,2.38,-155.68,-162.99,-343.09,1
O,2022-11-13 11:53:59.377663,-0.18,0.96,-0.07,1.59,1.40,2.38,-155.68,-162.99,-343.09,1
O,2022-11-13 11:53:59.377841,-0.18,0.96,-0.07,1.77,1.28,2.38,-155.68,-162.99,-343.09,1
O,2022-11-13 11:53:59.378008,-0.18,0.96,-0.07,1.71,1.10,2.08,-155.32,-162.96,-343.44,1
O,2022-11-13 11:53:59.378185,-0.18,0.96,-0.07,1.83,1.16,2.56,-155.32,-162.96,-343.44,1
O,2022-11-13 11:53:59.378352,-0.18,0.96,-0.07,1.95,1.04,2.44,-155.37,-162.83,-342.77,1
O,2022-11-13 11:53:59.378522,-0.18,0.96,-0.07,1.77,0.98,2.32,-155.37,-162.83,-342.77,1
O,2022-11-13 11:53:59.378687,-0.18,0.96,-0.07,1.77,1.16,2.32,-155.37,-162.83,-342.77,1
O,2022-11-13 11:53:59.378857,-0.18,0.96,-0.07,1.77,1.16,2.38,-155.59,-162.98,-344.06,1
O,2022-11-13 11:53:59.379035,-0.18,0.96,-0.07,1.77,1.16,2.38,-155.59,-162.98,-344.06,1
O,2022-11-13 11:53:59.379200,-0.18,0.96,-0.07,1.65,1.16,2.38,-155.59,-162.98,-344.06,1
O,2022-11-13 11:53:59.379373,-0.18,0.96,-0.07,1.65,1.04,2.26,-156.03,-163.61,-345.45,1
O,2022-11-13 11:53:59.379538,-0.18,0.96,-0.07,1.89,1.16,2.38,-156.03,-163.61,-345.45,1
O,2022-11-13 11:53:59.379718,-0.18,0.96,-0.07,1.95,1.16,2.38,-156.03,-163.61,-345.45,1
O,2022-11-13 11:53:59.379881,-0.18,0.96,-0.07,1.89,1.22,2.50,-155.70,-163.24,-343.59,1
O,2022-11-13 11:53:59.380059,-0.18,0.96,-0.07,1.83,1.34,2.62,-155.70,-163.24,-343.59,1
O,2022-11-13 11:53:59.380223,-0.18,0.96,-0.07,1.83,1.40,2.44,-155.69,-162.95,-344.21,1
O,2022-11-13 11:53:59.380385,-0.18,0.96,-0.07,1.77,1.28,2.32,-155.69,-162.95,-344.21,1
O,2022-11-13 11:53:59.380564,-0.18,0.96,-0.07,1.95,1.22,2.69,-155.69,-162.95,-344.21,1
O,2022-11-13 11:53:59.380728,-0.18,0.96,-0.07,1.83,1.16,2.44,-155.32,-162.77,-343.91,1
O,2022-11-13 11:53:59.380903,-0.18,0.96,-0.07,1.83,1.16,2.44,-155.32,-162.77,-343.91,1
O,2022-11-13 11:53:59.381067,-0.18,0.96,-0.07,1.65,1.34,2.50,-155.32,-162.77,-343.91,1
O,2022-11-13 11:53:59.381247,-0.18,0.96,-0.07,1.59,1.22,2.50,-155.44,-162.90,-344.31,1
O,2022-11-13 11:53:59.381412,-0.18,0.96,-0.07,1.83,1.10,2.44,-155.44,-162.90,-344.31,1
O,2022-11-13 11:53:59.381583,-0.18,0.96,-0.07,1.89,1.10,2.38,-155.44,-162.90,-344.31,1
O,2022-11-13 11:53:59.381748,-0.19,0.96,-0.07,1.77,1.28,2.32,-156.05,-162.90,-343.15,1
O,2022-11-13 11:53:59.381914,-0.18,0.96,-0.07,1.95,1.16,2.26,-156.05,-162.90,-343.15,1
O,2022-11-13 11:53:59.382088,-0.19,0.96,-0.07,1.77,1.28,2.44,-155.48,-163.46,-343.12,1
O,2022-11-13 11:53:59.382251,-0.18,0.96,-0.07,1.83,1.22,2.26,-155.48,-163.46,-343.12,1
O,2022-11-13 11:53:59.382421,-0.19,0.96,-0.07,1.77,1.16,2.32,-155.48,-163.46,-343.12,1
O,2022-11-13 11:53:59.382584,-0.19,0.96,-0.07,1.77,1.22,2.69,-155.57,-163.31,-343.07,1
O,2022-11-13 11:53:59.382759,-0.18,0.96,-0.07,1.77,1.16,2.38,-155.57,-163.31,-343.07,1
O,2022-11-13 11:53:59.382921,-0.18,0.96,-0.07,1.77,1.16,2.56,-155.57,-163.31,-343.07,1
O,2022-11-13 11:53:59.383122,-0.19,0.96,-0.07,1.65,1.04,2.14,-155.96,-163.01,-343.27,1
O,2022-11-13 11:53:59.383292,-0.19,0.96,-0.07,1.89,1.22,2.50,-155.96,-163.01,-343.27,1
O,2022-11-13 11:53:59.383455,-0.19,0.96,-0.07,1.89,1.16,2.44,-155.96,-163.01,-343.27,1
O,2022-11-13 11:53:59.383642,-0.18,0.96,-0.07,1.65,1.10,2.26,-155.65,-163.13,-343.48,1
O,2022-11-13 11:53:59.383824,-0.18,0.96,-0.07,1.89,1.16,2.32,-155.65,-163.13,-343.48,1
O,2022-11-13 11:53:59.384027,-0.18,0.96,-0.07,1.95,1.16,2.50,-155.80,-163.24,-343.91,1
O,2022-11-13 11:53:59.384203,-0.18,0.96,-0.07,1.83,1.22,2.38,-155.80,-163.24,-343.91,1
O,2022-11-13 11:53:59.384394,-0.19,0.96,-0.07,1.83,1.34,2.50,-155.80,-163.24,-343.91,1
O,2022-11-13 11:53:59.384563,-0.19,0.96,-0.07,1.89,1.10,2.26,-155.63,-163.81,-343.96,1
O,2022-11-13 11:53:59.384736,-0.18,0.96,-0.07,1.59,1.22,2.32,-155.63,-163.81,-343.96,1
O,2022-11-13 11:53:59.384914,-0.18,0.96,-0.07,1.95,1.28,2.50,-155.63,-163.81,-343.96,1
O,2022-11-13 11:53:59.385084,-0.18,0.96,-0.07,1.71,1.16,2.38,-155.96,-163.09,-343.79,1
O,2022-11-13 11:53:59.385252,-0.19,0.96,-0.07,1.83,1.22,2.26,-155.96,-163.09,-343.79,1
O,2022-11-13 11:53:59.385418,-0.18,0.96,-0.07,1.65,1.28,2.44,-155.96,-163.09,-343.79,1
O,2022-11-13 11:53:59.385604,-0.19,0.96,-0.07,1.77,1.16,2.32,-155.59,-163.84,-343.41,1
O,2022-11-13 11:53:59.385791,-0.18,0.96,-0.07,1.89,1.28,2.44,-155.59,-163.84,-343.41,1
O,2022-11-13 11:53:59.385989,-0.18,0.96,-0.07,1.83,1.16,2.44,-155.86,-163.39,-344.04,1
O,2022-11-13 11:53:59.386183,-0.19,0.96,-0.07,1.53,1.28,2.38,-155.86,-163.39,-344.04,1
O,2022-11-13 11:53:59.386370,-0.18,0.96,-0.07,1.65,1.28,2.38,-155.86,-163.39,-344.04,1
O,2022-11-13 11:53:59.386553,-0.19,0.96,-0.07,1.77,1.16,2.38,-155.46,-163.15,-343.62,1
O,2022-11-13 11:53:59.386764,-0.18,0.96,-0.07,1.71,1.22,2.44,-155.46,-163.15,-343.62,1
O,2022-11-13 11:53:59.386935,-0.19,0.96,-0.07,1.77,1.16,2.44,-155.46,-163.15,-343.62,1
O,2022-11-13 11:53:59.387166,-0.18,0.96,-0.07,1.65,0.92,2.32,-155.37,-163.59,-343.27,1
O,2022-11-13 11:53:59.387346,-0.19,0.96,-0.07,1.65,1.22,2.38,-155.37,-163.59,-343.27,1
O,2022-11-13 11:53:59.387540,-0.19,0.96,-0.07,1.77,1.34,2.44,-155.37,-163.59,-343.27,1
O,2022-11-13 11:53:59.387729,-0.19,0.96,-0.07,1.59,1.22,2.38,-155.90,-163.64,-342.96,1
O,2022-11-13 11:53:59.387903,-0.18,0.96,-0.07,1.83,1.10,2.50,-155.90,-163.64,-342.96,1
O,2022-11-13 11:53:59.388100,-0.19,0.96,-0.07,1.59,1.40,2.50,-155.98,-162.90,-342.41,1
O,2022-11-13 11:53:59.388287,-0.18,0.96,-0.07,1.71,1.16,2.20,-155.98,-162.90,-342.41,1
O,2022-11-13 11:53:59.388478,-0.19,0.96,-0.07,1.77,1.40,2.32,-155.98,-162.90,-342.41,1
O,2022-11-13 11:53:59.388645,-0.18,0.96,-0.07,1.59,1.28,2.38,-155.52,-162.74,-343.70,1
O,2022-11-13 11:53:59.388878,-0.19,0.96,-0.07,1.89,1.16,2.38,-155.52,-162.74,-343.70,1
O,2022-11-13 11:53:59.389053,-0.18,0.96,-0.07,1.59,1.22,2.20,-155.52,-162.74,-343.70,1
O,2022-11-13 11:53:59.389253,-0.18,0.96,-0.07,1.71,1.28,2.32,-155.33,-163.09,-344.52,1
O,2022-11-13 11:53:59.389434,-0.19,0.96,-0.07,1.71,1.28,2.56,-155.33,-163.09,-344.52,1
O,2022-11-13 11:53:59.389619,-0.18,0.96,-0.07,1.77,1.16,2.50,-155.33,-163.09,-344.52,1
O,2022-11-13 11:53:59.389859,-0.18,0.96,-0.07,1.65,1.22,2.38,-156.18,-162.95,-343.96,1
O,2022-11-13 11:53:59.390029,-0.19,0.96,-0.07,1.83,1.16,2.38,-156.18,-162.95,-343.96,1
O,2022-11-13 11:53:59.390205,-0.19,0.96,-0.07,1.71,1.16,2.32,-156.18,-163.59,-343.25,1
O,2022-11-13 11:53:59.390369,-0.19,0.96,-0.07,1.59,1.22,2.44,-156.18,-163.59,-343.25,1
O,2022-11-13 11:53:59.390543,-0.19,0.96,-0.07,1.71,1.28,2.50,-156.18,-163.59,-343.25,1
O,2022-11-13 11:53:59.390706,-0.19,0.96,-0.07,1.71,1.22,2.44,-155.75,-163.22,-344.86,1
O,2022-11-13 11:53:59.390870,-0.18,0.96,-0.07,1.77,1.28,2.32,-155.75,-163.22,-344.86,1
O,2022-11-13 11:53:59.391042,-0.19,0.96,-0.07,1.71,1.28,2.38,-155.75,-163.22,-344.86,1
O,2022-11-13 11:53:59.391247,-0.19,0.96,-0.07,1.77,1.16,2.50,-155.93,-162.82,-344.23,1
O,2022-11-13 11:53:59.391425,-0.19,0.96,-0.07,1.83,1.04,2.56,-155.93,-162.82,-344.23,1
O,2022-11-13 11:53:59.391595,-0.19,0.96,-0.07,1.77,1.28,2.50,-155.93,-162.82,-344.23,1
O,2022-11-13 11:53:59.391774,-0.19,0.96,-0.07,1.77,1.10,2.14,-156.16,-163.75,-344.70,1
O,2022-11-13 11:53:59.391939,-0.19,0.96,-0.07,1.71,1.22,2.38,-156.16,-163.75,-344.70,1
O,2022-11-13 11:53:59.392115,-0.19,0.96,-0.07,1.83,1.16,2.50,-156.30,-163.39,-345.26,1
O,2022-11-13 11:53:59.392280,-0.19,0.96,-0.07,1.46,1.22,2.26,-156.30,-163.39,-345.26,1
O,2022-11-13 11:53:59.392443,-0.19,0.96,-0.07,2.01,1.22,2.32,-156.30,-163.39,-345.26,1
O,2022-11-13 11:53:59.392619,-0.19,0.96,-0.07,1.89,1.22,2.44,-155.97,-163.23,-344.86,1
O,2022-11-13 11:53:59.392783,-0.19,0.96,-0.07,1.77,1.28,2.38,-155.97,-163.23,-344.86,1
O,2022-11-13 11:53:59.392952,-0.19,0.96,-0.07,1.83,1.22,2.44,-155.97,-163.23,-344.86,1
O,2022-11-13 11:53:59.393118,-0.19,0.96,-0.07,1.71,1.46,2.44,-156.20,-163.55,-343.47,1
O,2022-11-13 11:53:59.393291,-0.19,0.96,-0.07,1.95,1.22,2.38,-156.20,-163.55,-343.47,1
O,2022-11-13 11:53:59.393454,-0.19,0.96,-0.07,1.71,1.28,2.44,-156.20,-163.55,-343.47,1
O,2022-11-13 11:53:59.393629,-0.19,0.96,-0.07,1.53,1.22,2.32,-155.73,-163.20,-342.90,1
O,2022-11-13 11:53:59.393792,-0.19,0.96,-0.07,1.71,1.34,2.44,-155.73,-163.20,-342.90,1
O,2022-11-13 11:53:59.393958,-0.19,0.96,-0.07,1.71,1.28,2.56,-156.08,-163.11,-342.24,1
O,2022-11-13 11:53:59.394134,-0.19,0.96,-0.07,1.65,1.34,2.32,-156.08,-163.11,-342.24,1
O,2022-11-13 11:53:59.394299,-0.19,0.96,-0.07,1.83,1.28,2.44,-156.08,-163.11,-342.24,1
O,2022-11-13 11:53:59.394481,-0.19,0.96,-0.07,1.71,1.40,2.44,-155.97,-163.10,-343.58,1
O,2022-11-13 11:53:59.394648,-0.19,0.96,-0.07,1.71,1.04,2.26,-155.97,-163.10,-343.58,1
O,2022-11-13 11:53:59.394824,-0.19,0.96,-0.07,1.89,1.16,2.44,-155.97,-163.10,-343.58,1
O,2022-11-13 11:53:59.394991,-0.19,0.96,-0.07,1.77,1.10,2.38,-156.47,-162.93,-343.62,1
O,2022-11-13 11:53:59.395168,-0.19,0.96,-0.07,1.71,1.28,2.56,-156.47,-162.93,-343.62,1
O,2022-11-13 11:53:59.395333,-0.19,0.96,-0.07,1.77,1.16,2.32,-156.47,-162.93,-343.62,1
O,2022-11-13 11:53:59.395496,-0.19,0.96,-0.07,1.65,1.04,2.26,-156.25,-163.57,-343.76,1
O,2022-11-13 11:53:59.395672,-0.19,0.96,-0.07,1.83,1.22,2.32,-156.25,-163.57,-343.76,1
O,2022-11-13 11:53:59.395837,-0.19,0.96,-0.07,1.83,1.22,2.44,-156.19,-162.68,-342.93,1
O,2022-11-13 11:53:59.396009,-0.19,0.96,-0.07,1.77,1.16,2.26,-156.19,-162.68,-342.93,1
O,2022-11-13 11:53:59.396173,-0.19,0.96,-0.07,1.77,1.28,2.32,-156.19,-162.68,-342.93,1
O,2022-11-13 11:53:59.396355,-0.19,0.96,-0.07,1.65,1.22,2.32,-155.90,-163.27,-342.80,1
O,2022-11-13 11:53:59.396523,-0.19,0.96,-0.07,1.59,1.22,2.14,-155.90,-163.27,-342.80,1
O,2022-11-13 11:53:59.396698,-0.19,0.96,-0.07,1.59,1.34,2.20,-155.90,-163.27,-342.80,1
O,2022-11-13 11:53:59.396866,-0.19,0.96,-0.07,1.46,1.22,2.14,-156.05,-163.51,-344.63,1
O,2022-11-13 11:53:59.397031,-0.19,0.96,-0.07,1.83,1.22,2.50,-156.05,-163.51,-344.63,1
O,2022-11-13 11:53:59.397213,-0.19,0.96,-0.07,1.59,1.34,2.44,-156.05,-163.51,-344.63,1
O,2022-11-13 11:53:59.397389,-0.19,0.96,-0.07,1.77,1.10,2.38,-156.47,-162.62,-343.40,1
O,2022-11-13 11:53:59.397567,-0.19,0.96,-0.07,1.65,1.16,2.26,-156.47,-162.62,-343.40,1
O,2022-11-13 11:53:59.397732,-0.19,0.96,-0.07,1.59,1.28,2.32,-155.75,-162.96,-343.51,1
O,2022-11-13 11:53:59.397909,-0.19,0.96,-0.07,1.71,1.34,2.32,-155.75,-162.96,-343.51,1
O,2022-11-13 11:53:59.398073,-0.19,0.96,-0.07,1.83,1.40,2.26,-155.75,-162.96,-343.51,1
O,2022-11-13 11:53:59.398246,-0.19,0.96,-0.07,1.83,1.16,2.38,-155.74,-162.90,-344.52,1
O,2022-11-13 11:53:59.398413,-0.19,0.96,-0.07,1.83,1.22,2.32,-155.74,-162.90,-344.52,1
O,2022-11-13 11:53:59.398584,-0.19,0.96,-0.07,1.77,1.22,2.44,-155.74,-162.90,-344.52,1
O,2022-11-13 11:53:59.398755,-0.19,0.96,-0.07,1.77,1.28,2.32,-156.03,-163.24,-342.91,1
O,2022-11-13 11:53:59.398924,-0.19,0.96,-0.07,1.77,1.16,2.26,-156.03,-163.24,-342.91,1
O,2022-11-13 11:53:59.399100,-0.19,0.96,-0.07,1.77,1.28,2.38,-156.03,-163.24,-342.91,1
O,2022-11-13 11:53:59.399266,-0.19,0.96,-0.07,1.77,1.10,2.26,-156.12,-163.73,-343.07,1
O,2022-11-13 11:53:59.399450,-0.19,0.96,-0.07,1.59,1.28,2.38,-156.12,-163.73,-343.07,1
O,2022-11-13 11:53:59.399642,-0.19,0.96,-0.07,1.71,1.34,2.44,-156.30,-163.54,-343.07,1
O,2022-11-13 11:53:59.399818,-0.19,0.96,-0.07,1.59,1.28,2.38,-156.30,-163.54,-343.07,1
O,2022-11-13 11:53:59.399990,-0.19,0.96,-0.07,1.89,1.40,2.44,-156.30,-163.54,-343.07,1
O,2022-11-13 11:53:59.400155,-0.19,0.96,-0.07,1.83,1.16,2.56,-156.42,-163.64,-344.63,1
O,2022-11-13 11:53:59.400336,-0.19,0.96,-0.07,1.83,1.10,2.32,-156.42,-163.64,-344.63,1
O,2022-11-13 11:53:59.400501,-0.19,0.96,-0.07,1.77,1.10,2.50,-156.42,-163.64,-344.63,1
O,2022-11-13 11:53:59.400678,-0.19,0.96,-0.07,1.71,0.98,2.38,-155.77,-163.32,-343.59,1
O,2022-11-13 11:53:59.400859,-0.19,0.96,-0.07,1.89,1.28,2.38,-155.77,-163.32,-343.59,1
O,2022-11-13 11:53:59.401036,-0.19,0.96,-0.07,1.83,1.28,2.38,-155.77,-163.32,-343.59,1
O,2022-11-13 11:53:59.401212,-0.19,0.96,-0.07,1.83,1.10,2.32,-156.24,-163.09,-343.43,1
O,2022-11-13 11:53:59.401385,-0.19,0.96,-0.07,1.65,1.34,2.38,-156.24,-163.09,-343.43,1
O,2022-11-13 11:53:59.401551,-0.19,0.96,-0.07,1.77,1.16,2.50,-156.01,-163.20,-344.23,1
O,2022-11-13 11:53:59.401718,-0.19,0.96,-0.07,1.77,1.28,2.38,-156.01,-163.20,-344.23,1
O,2022-11-13 11:53:59.401891,-0.19,0.96,-0.07,1.83,1.28,2.32,-156.01,-163.20,-344.23,1
O,2022-11-13 11:53:59.402058,-0.19,0.96,-0.07,1.83,1.22,2.38,-156.30,-163.60,-343.86,1
O,2022-11-13 11:53:59.402229,-0.19,0.96,-0.07,1.71,1.28,2.44,-156.30,-163.60,-343.86,1
O,2022-11-13 11:53:59.402394,-0.19,0.96,-0.07,1.65,1.28,2.32,-156.30,-163.60,-343.86,1
O,2022-11-13 11:53:59.402566,-0.19,0.96,-0.07,1.59,1.34,2.44,-156.53,-163.79,-344.40,1
O,2022-11-13 11:53:59.402731,-0.19,0.96,-0.07,1.83,1.22,2.50,-156.53,-163.79,-344.40,1
O,2022-11-13 11:53:59.402908,-0.19,0.96,-0.07,1.83,1.04,2.20,-156.53,-163.79,-344.40,1
O,2022-11-13 11:53:59.403076,-0.19,0.96,-0.07,1.53,1.28,2.26,-156.84,-163.35,-343.91,1
O,2022-11-13 11:53:59.403242,-0.19,0.96,-0.07,1.77,1.04,2.32,-156.84,-163.35,-343.91,1
O,2022-11-13 11:53:59.403419,-0.19,0.96,-0.07,1.83,1.28,2.38,-156.96,-163.60,-344.03,1
O,2022-11-13 11:53:59.403584,-0.19,0.96,-0.07,1.83,1.04,2.20,-156.96,-163.60,-344.03,1
O,2022-11-13 11:53:59.403762,-0.19,0.96,-0.07,1.65,1.10,2.44,-156.96,-163.60,-344.03,1
O,2022-11-13 11:53:59.403927,-0.19,0.96,-0.07,1.77,1.28,2.50,-156.51,-163.62,-344.43,1
O,2022-11-13 11:53:59.404101,-0.19,0.96,-0.07,1.77,1.16,2.38,-156.51,-163.62,-344.43,1
O,2022-11-13 11:53:59.404268,-0.19,0.96,-0.07,1.83,1.28,2.38,-156.51,-163.62,-344.43,1
O,2022-11-13 11:53:59.404446,-0.19,0.96,-0.07,1.77,1.34,2.44,-156.57,-163.40,-344.48,1
O,2022-11-13 11:53:59.404654,-0.19,0.96,-0.07,1.71,1.28,2.32,-156.57,-163.40,-344.48,1
O,2022-11-13 11:53:59.404864,-0.19,0.96,-0.07,1.71,1.04,2.44,-156.57,-163.40,-344.48,1
O,2022-11-13 11:53:59.405060,-0.19,0.96,-0.07,1.77,1.16,2.32,-156.45,-163.56,-344.07,1
O,2022-11-13 11:53:59.405251,-0.19,0.96,-0.07,1.71,1.22,2.38,-156.45,-163.56,-344.07,1
O,2022-11-13 11:53:59.405440,-0.19,0.96,-0.07,1.71,1.22,2.44,-156.96,-163.43,-345.34,1
O,2022-11-13 11:53:59.405625,-0.19,0.96,-0.07,1.77,1.16,2.38,-156.96,-163.43,-345.34,1
O,2022-11-13 11:53:59.405822,-0.19,0.96,-0.07,1.77,1.22,2.38,-156.96,-163.43,-345.34,1
O,2022-11-13 11:53:59.406007,-0.19,0.96,-0.06,1.77,1.10,2.32,-156.41,-163.45,-345.54,1
O,2022-11-13 11:53:59.406190,-0.19,0.96,-0.06,2.01,1.16,2.38,-156.41,-163.45,-345.54,1
O,2022-11-13 11:53:59.406378,-0.19,0.96,-0.07,1.53,1.22,2.44,-156.41,-163.45,-345.54,1
O,2022-11-13 11:53:59.406562,-0.19,0.96,-0.07,1.65,1.04,2.26,-156.56,-163.55,-344.62,1
O,2022-11-13 11:53:59.406746,-0.19,0.96,-0.06,1.83,1.22,2.44,-156.56,-163.55,-344.62,1
O,2022-11-13 11:53:59.406936,-0.19,0.96,-0.07,1.89,1.22,2.32,-156.56,-163.55,-344.62,1
O,2022-11-13 11:53:59.407132,-0.19,0.96,-0.07,1.59,1.16,2.32,-156.85,-163.43,-344.21,1
O,2022-11-13 11:53:59.407326,-0.19,0.96,-0.07,1.65,1.22,2.38,-156.85,-163.43,-344.21,1
O,2022-11-13 11:53:59.407522,-0.19,0.96,-0.07,1.83,1.10,2.44,-156.73,-163.79,-343.84,1
O,2022-11-13 11:53:59.407693,-0.19,0.96,-0.07,1.71,1.28,2.32,-156.73,-163.79,-343.84,1
O,2022-11-13 11:53:59.407866,-0.19,0.96,-0.07,1.89,1.16,2.26,-156.73,-163.79,-343.84,1
O,2022-11-13 11:53:59.408043,-0.19,0.96,-0.07,1.83,1.40,2.44,-156.88,-163.96,-344.84,1
O,2022-11-13 11:53:59.408259,-0.19,0.96,-0.07,1.59,1.34,2.44,-156.88,-163.96,-344.84,1
O,2022-11-13 11:53:59.408432,-0.19,0.96,-0.07,1.71,1.28,2.56,-156.88,-163.96,-344.84,1
O,2022-11-13 11:53:59.408625,-0.19,0.96,-0.07,1.89,1.22,2.38,-156.57,-163.26,-344.87,1
O,2022-11-13 11:53:59.408802,-0.19,0.96,-0.07,1.83,1.28,2.44,-156.57,-163.26,-344.87,1
O,2022-11-13 11:53:59.408981,-0.19,0.96,-0.07,1.77,1.22,2.32,-156.57,-163.26,-344.87,1
O,2022-11-13 11:53:59.409159,-0.19,0.96,-0.07,1.65,1.22,2.26,-157.09,-163.78,-345.10,1
O,2022-11-13 11:53:59.409326,-0.19,0.96,-0.07,1.77,1.34,2.32,-157.09,-163.78,-345.10,1
O,2022-11-13 11:53:59.409503,-0.19,0.96,-0.07,1.77,1.28,2.44,-156.73,-163.59,-344.09,1
O,2022-11-13 11:53:59.409667,-0.19,0.96,-0.07,1.77,1.28,2.32,-156.73,-163.59,-344.09,1
O,2022-11-13 11:53:59.409842,-0.19,0.96,-0.07,1.71,1.28,2.44,-156.73,-163.59,-344.09,1
O,2022-11-13 11:53:59.410006,-0.19,0.96,-0.07,1.83,1.34,2.44,-157.03,-163.15,-344.80,1
O,2022-11-13 11:53:59.410185,-0.19,0.96,-0.07,1.71,1.10,2.26,-157.03,-163.15,-344.80,1
O,2022-11-13 11:53:59.410350,-0.19,0.96,-0.07,1.89,1.16,2.44,-157.03,-163.15,-344.80,1
O,2022-11-13 11:53:59.410514,-0.19,0.96,-0.07,1.71,1.10,2.32,-156.76,-163.60,-343.93,1
O,2022-11-13 11:53:59.410689,-0.19,0.96,-0.07,1.89,1.10,2.56,-156.76,-163.60,-343.93,1
O,2022-11-13 11:53:59.410853,-0.19,0.96,-0.07,1.83,1.16,2.50,-156.76,-163.60,-343.93,1
O,2022-11-13 11:53:59.411026,-0.19,0.96,-0.07,1.77,1.22,2.38,-156.77,-163.42,-343.62,1
O,2022-11-13 11:53:59.411193,-0.19,0.96,-0.07,1.89,1.22,2.44,-156.77,-163.42,-343.62,1
O,2022-11-13 11:53:59.411368,-0.19,0.96,-0.07,2.01,1.04,2.32,-157.10,-163.12,-343.69,1
O,2022-11-13 11:53:59.411533,-0.19,0.96,-0.07,1.77,1.34,2.50,-157.10,-163.12,-343.69,1
O,2022-11-13 11:53:59.411707,-0.19,0.96,-0.07,1.83,1.16,2.44,-157.10,-163.12,-343.69,1
O,2022-11-13 11:53:59.411872,-0.19,0.96,-0.07,1.83,1.34,2.38,-157.09,-163.34,-344.54,1
O,2022-11-13 11:53:59.412044,-0.19,0.96,-0.07,1.59,1.34,2.44,-157.09,-163.34,-344.54,1
O,2022-11-13 11:53:59.412222,-0.19,0.96,-0.07,1.83,1.22,2.32,-157.09,-163.34,-344.54,1
O,2022-11-13 11:53:59.412387,-0.19,0.96,-0.06,1.83,1.22,2.32,-156.87,-163.29,-345.45,1
O,2022-11-13 11:53:59.412563,-0.19,0.96,-0.07,1.53,1.53,2.32,-156.87,-163.29,-345.45,1
O,2022-11-13 11:53:59.412732,-0.19,0.96,-0.07,1.71,1.04,2.50,-156.87,-163.29,-345.45,1
O,2022-11-13 11:53:59.412906,-0.19,0.96,-0.06,1.53,1.28,2.32,-156.86,-163.21,-343.71,1
O,2022-11-13 11:53:59.413071,-0.19,0.96,-0.07,1.83,1.22,2.26,-156.86,-163.21,-343.71,1
O,2022-11-13 11:53:59.413244,-0.19,0.96,-0.06,1.95,1.22,2.44,-157.29,-163.35,-343.70,1
O,2022-11-13 11:53:59.413411,-0.19,0.96,-0.07,1.71,1.10,2.20,-157.29,-163.35,-343.70,1
O,2022-11-13 11:53:59.413577,-0.19,0.96,-0.07,1.95,1.22,2.38,-157.29,-163.35,-343.70,1
O,2022-11-13 11:53:59.413753,-0.19,0.96,-0.07,1.71,1.40,2.44,-157.47,-163.31,-345.02,1
O,2022-11-13 11:53:59.413917,-0.19,0.96,-0.06,1.77,1.22,2.44,-157.47,-163.31,-345.02,1
O,2022-11-13 11:53:59.414090,-0.19,0.96,-0.07,1.89,1.16,2.56,-157.47,-163.31,-345.02,1
O,2022-11-13 11:53:59.414264,-0.19,0.96,-0.06,2.08,1.10,2.38,-157.25,-163.32,-344.15,1
O,2022-11-13 11:53:59.414474,-0.19,0.96,-0.06,1.65,1.04,2.44,-157.25,-163.32,-344.15,1
O,2022-11-13 11:53:59.414641,-0.19,0.96,-0.07,1.34,1.22,2.38,-157.25,-163.32,-344.15,1
O,2022-11-13 11:53:59.414815,-0.19,0.96,-0.07,2.32,1.28,2.38,-157.31,-163.71,-343.91,1
O,2022-11-13 11:53:59.414978,-0.19,0.96,-0.06,1.65,1.34,2.69,-157.31,-163.71,-343.91,1
O,2022-11-13 11:53:59.415140,-0.19,0.96,-0.07,1.71,1.22,2.50,-157.57,-163.57,-344.53,1
O,2022-11-13 11:53:59.415317,-0.19,0.96,-0.06,1.83,1.34,2.26,-157.57,-163.57,-344.53,1
O,2022-11-13 11:53:59.415482,-0.19,0.96,-0.06,1.89,1.22,2.38,-157.57,-163.57,-344.53,1
O,2022-11-13 11:53:59.415662,-0.19,0.96,-0.06,1.95,1.34,2.44,-156.98,-163.95,-344.64,1
O,2022-11-13 11:53:59.415827,-0.19,0.96,-0.07,1.65,1.28,2.38,-156.98,-163.95,-344.64,1
O,2022-11-13 11:53:59.415999,-0.19,0.96,-0.06,1.89,1.16,2.32,-156.98,-163.95,-344.64,1
O,2022-11-13 11:53:59.416171,-0.19,0.96,-0.07,1.83,1.10,2.44,-157.98,-163.88,-345.57,1
O,2022-11-13 11:53:59.416363,-0.19,0.96,-0.07,1.83,1.22,2.26,-157.98,-163.88,-345.57,1
O,2022-11-13 11:53:59.416529,-0.19,0.96,-0.07,1.65,1.22,2.44,-157.98,-163.88,-345.57,1
O,2022-11-13 11:53:59.416712,-0.19,0.96,-0.07,1.77,1.22,2.26,-157.18,-163.11,-344.18,1
O,2022-11-13 11:53:59.416887,-0.19,0.96,-0.07,1.89,1.34,2.38,-157.18,-163.11,-344.18,1
O,2022-11-13 11:53:59.417051,-0.19,0.96,-0.06,1.77,1.28,2.44,-157.03,-163.15,-344.13,1
O,2022-11-13 11:53:59.417228,-0.19,0.96,-0.07,1.40,1.22,2.20,-157.03,-163.15,-344.13,1
O,2022-11-13 11:53:59.417390,-0.19,0.96,-0.06,1.71,1.22,2.44,-157.03,-163.15,-344.13,1
O,2022-11-13 11:53:59.417568,-0.19,0.96,-0.07,1.83,1.34,2.44,-157.28,-163.49,-344.31,1
O,2022-11-13 11:53:59.417732,-0.19,0.99,-0.02,2.26,0.98,2.32,-157.28,-163.49,-344.31,1
O,2022-11-13 11:53:59.417916,-0.21,0.89,-0.19,41.93,-6.23,-3.54,-157.28,-163.49,-344.31,1
O,2022-11-13 11:53:59.418093,-0.17,1.08,-0.09,81.42,-13.37,-18.74,-156.56,-150.18,-350.12,1
O,2022-11-13 11:53:59.418285,-0.27,0.93,-0.09,80.38,-7.45,-16.85,-156.56,-150.18,-350.12,1
O,2022-11-13 11:53:59.418452,-0.19,0.96,0.14,57.80,2.08,-9.77,-156.56,-150.18,-350.12,1
O,2022-11-13 11:53:59.418625,-0.06,0.98,0.13,56.88,2.75,-4.52,-136.67,-114.70,-334.70,1
O,2022-11-13 11:53:59.418793,-0.18,0.85,0.08,27.89,1.59,-0.06,-136.67,-114.70,-334.70,1
O,2022-11-13 11:53:59.418963,-0.13,0.95,0.10,-24.60,0.55,-0.18,-134.85,-114.34,-333.68,1
O,2022-11-13 11:53:59.419140,-0.16,1.00,0.01,-16.30,0.49,7.69,-134.85,-114.34,-333.68,1
O,2022-11-13 11:53:59.419302,-0.20,0.99,0.01,3.60,2.56,8.12,-134.85,-114.34,-333.68,1
O,2022-11-13 11:53:59.419478,-0.19,0.97,0.08,25.33,3.91,11.11,-135.77,-114.76,-335.60,1
O,2022-11-13 11:53:59.419647,-0.32,1.00,0.15,16.97,-0.61,15.20,-135.77,-114.76,-335.60,1
O,2022-11-13 11:53:59.419829,-0.57,0.86,0.28,129.21,-8.79,6.35,-135.77,-114.76,-335.60,1
O,2022-11-13 11:53:59.419998,-0.51,0.98,0.49,84.78,-26.55,3.05,-146.24,-56.48,-400.00,1
O,2022-11-13 11:53:59.420186,-0.26,0.67,-0.07,-13.73,-29.79,-7.69,-146.24,-56.48,-400.00,1
O,2022-11-13 11:53:59.420359,-0.01,1.17,-0.21,-83.31,1.22,-15.01,-146.24,-56.48,-400.00,1
O,2022-11-13 11:53:59.420529,0.18,0.93,-0.03,37.78,48.89,-21.97,-97.33,25.74,-400.00,1
O,2022-11-13 11:53:59.420694,0.33,0.72,0.14,-19.35,53.22,-11.41,-97.33,25.74,-400.00,1
O,2022-11-13 11:53:59.420861,-0.17,1.13,0.17,-152.16,28.93,5.25,-29.59,-49.08,-400.00,1
O,2022-11-13 11:53:59.421041,-0.09,1.05,-0.10,-153.38,9.52,34.42,-29.59,-49.08,-400.00,1
O,2022-11-13 11:53:59.421207,-0.27,1.01,-0.17,-91.86,9.52,41.50,-29.59,-49.08,-400.00,1
O,2022-11-13 11:53:59.421391,-0.22,1.08,-0.04,-22.46,10.13,40.47,-29.57,-113.67,-400.00,1
O,2022-11-13 11:53:59.421590,-0.29,1.00,-0.15,-103.76,9.03,16.85,-29.57,-113.67,-400.00,1
O,2022-11-13 11:53:59.421783,-0.29,1.10,-0.04,-102.11,11.90,-10.74,-29.57,-113.67,-400.00,1
O,2022-11-13 11:53:59.421955,-0.25,1.10,-0.16,-45.47,25.02,-25.88,14.23,-118.07,-400.00,1
O,2022-11-13 11:53:59.422136,-0.08,0.86,-0.20,-11.11,12.02,-22.95,14.23,-118.07,-400.00,1
O,2022-11-13 11:53:59.422304,-0.12,0.98,-0.25,-3.05,0.98,-5.62,14.23,-118.07,-400.00,1
O,2022-11-13 11:53:59.422480,-0.16,0.85,-0.18,-0.24,-0.73,6.29,42.64,-38.48,-400.00,1
O,2022-11-13 11:53:59.422664,-0.18,0.94,-0.19,5.86,0.06,-3.23,42.64,-38.48,-400.00,1
O,2022-11-13 11:53:59.422910,-0.18,1.04,-0.13,26.98,-6.77,-10.68,30.93,-0.84,-400.00,1
O,2022-11-13 11:53:59.423081,-0.10,0.83,-0.26,44.62,-11.96,-17.64,30.93,-0.84,-400.00,1
O,2022-11-13 11:53:59.423250,-0.03,0.96,-0.10,89.42,-30.03,-36.99,30.93,-0.84,-400.00,1
O,2022-11-13 11:53:59.423432,-0.10,1.11,-0.22,162.23,-42.42,-42.11,-17.08,60.56,-400.00,1
O,2022-11-13 11:53:59.423627,-0.26,1.10,0.01,174.80,-20.63,-21.85,-17.08,60.56,-400.00,1
O,2022-11-13 11:53:59.423797,-0.30,1.08,0.24,126.40,0.79,16.30,-17.08,60.56,-400.00,1
O,2022-11-13 11:53:59.423961,-0.20,0.86,0.12,113.40,3.97,9.09,-83.62,117.49,-400.00,1
O,2022-11-13 11:53:59.424143,-0.12,0.72,-0.01,63.66,3.42,-3.42,-83.62,117.49,-400.00,1
O,2022-11-13 11:53:59.424309,-0.09,0.77,0.03,33.14,11.54,-8.48,-83.62,117.49,-400.00,1
O,2022-11-13 11:53:59.424490,-0.15,0.88,0.11,22.40,12.63,-13.92,-118.82,115.82,-400.00,1
O,2022-11-13 11:53:59.424666,-0.09,0.87,0.09,-16.05,15.81,-23.80,-118.82,115.82,-400.00,1
O,2022-11-13 11:53:59.424839,-0.07,1.02,0.15,7.02,14.53,-21.30,-85.77,95.52,-400.00,1
O,2022-11-13 11:53:59.425005,-0.09,1.03,0.16,19.90,8.36,-10.68,-85.77,95.52,-400.00,1
O,2022-11-13 11:53:59.425170,-0.11,0.98,0.18,33.20,0.92,-4.15,-85.77,95.52,-400.00,1
O,2022-11-13 11:53:59.425343,-0.15,0.94,0.17,25.76,-3.91,-6.04,-90.11,93.97,-400.00,1
O,2022-11-13 11:53:59.425508,-0.14,0.97,0.15,-17.40,4.09,-11.41,-90.11,93.97,-400.00,1
O,2022-11-13 11:53:59.425679,-0.13,1.07,0.14,-31.31,2.93,-10.19,-90.11,93.97,-400.00,1
O,2022-11-13 11:53:59.425844,-0.07,1.08,0.10,-38.02,2.99,-2.75,-77.34,67.71,-400.00,1
O,2022-11-13 11:53:59.426007,-0.02,1.04,0.02,-7.69,7.93,4.88,-77.34,67.71,-400.00,1
O,2022-11-13 11:53:59.426168,-0.01,0.96,0.05,17.64,7.32,3.85,-77.34,67.71,-400.00,1
O,2022-11-13 11:53:59.426337,-0.04,0.99,0.02,19.59,0.79,-0.12,-76.10,35.60,-400.00,1
O,2022-11-13 11:53:59.426503,-0.07,0.96,0.05,-24.35,-4.76,0.37,-76.10,35.60,-400.00,1
O,2022-11-13 11:53:59.426668,-0.04,1.00,0.01,-25.21,-3.23,3.23,-77.33,19.34,-400.00,1
O,2022-11-13 11:53:59.426836,-0.05,0.96,0.00,-11.96,-2.26,3.36,-77.33,19.34,-400.00,1
O,2022-11-13 11:53:59.427000,-0.07,0.99,0.03,-5.19,-5.98,4.03,-77.33,19.34,-400.00,1
O,2022-11-13 11:53:59.427166,-0.05,1.02,0.03,-5.19,-8.79,6.71,-73.97,24.24,-400.00,1
O,2022-11-13 11:53:59.427331,-0.08,1.03,0.03,-16.78,-10.74,6.96,-73.97,24.24,-400.00,1
O,2022-11-13 11:53:59.427503,-0.05,1.05,-0.00,-24.54,-10.56,8.54,-73.97,24.24,-400.00,1
O,2022-11-13 11:53:59.427668,-0.07,1.06,0.01,-28.50,-7.81,11.54,-65.94,30.91,-400.00,1
O,2022-11-13 11:53:59.427844,-0.08,1.02,-0.01,-28.20,-10.07,12.82,-65.94,30.91,-400.00,1
O,2022-11-13 11:53:59.428013,-0.08,1.05,0.01,-21.48,-10.01,13.06,-65.94,30.91,-400.00,1
O,2022-11-13 11:53:59.428186,-0.05,1.00,0.02,-15.56,-15.38,13.31,-66.93,35.89,-400.00,1
O,2022-11-13 11:53:59.428360,-0.07,1.00,-0.06,-15.38,-19.71,10.07,-66.93,35.89,-400.00,1
O,2022-11-13 11:53:59.428528,-0.10,0.95,-0.06,-17.03,-21.97,3.91,-88.13,37.11,-400.00,1
O,2022-11-13 11:53:59.428706,-0.06,0.95,-0.09,-21.36,-21.61,1.95,-88.13,37.11,-400.00,1
O,2022-11-13 11:53:59.428873,-0.11,0.93,-0.10,-28.20,-21.42,1.16,-88.13,37.11,-400.00,1
O,2022-11-13 11:53:59.429054,-0.10,0.92,-0.09,-29.11,-15.38,5.49,-108.57,34.62,-400.00,1
O,2022-11-13 11:53:59.429226,-0.03,0.95,-0.11,2.14,-16.97,20.94,-108.57,34.62,-400.00,1
O,2022-11-13 11:53:59.429407,-0.14,0.77,-0.09,27.40,-16.78,37.48,-108.57,34.62,-400.00,1
O,2022-11-13 11:53:59.429577,-0.14,0.81,-0.10,10.38,-11.47,26.92,-129.16,52.38,-400.00,1
O,2022-11-13 11:53:59.429753,-0.13,0.81,-0.06,7.32,-17.03,8.91,-129.16,52.38,-400.00,1
O,2022-11-13 11:53:59.429921,-0.08,0.88,-0.01,5.98,-29.66,-5.86,-129.16,52.38,-400.00,1
O,2022-11-13 11:53:59.430101,-0.10,0.83,-0.01,14.71,-33.33,-12.57,-126.64,50.56,-400.00,1
O,2022-11-13 11:53:59.430267,-0.14,0.89,0.01,9.22,-25.94,-14.95,-126.64,50.56,-400.00,1
O,2022-11-13 11:53:59.430436,-0.13,0.86,0.00,17.03,-26.49,0.06,-120.69,47.28,-400.00,1
O,2022-11-13 11:53:59.430615,-0.11,0.90,0.06,16.05,-25.63,-2.32,-120.69,47.28,-400.00,1
O,2022-11-13 11:53:59.430788,-0.09,0.93,0.07,26.55,-22.89,-13.67,-120.69,47.28,-400.00,1
O,2022-11-13 11:53:59.430968,-0.00,0.96,0.08,24.72,-22.89,-12.88,-116.48,43.90,-400.00,1
O,2022-11-13 11:53:59.431132,0.03,0.98,0.09,21.73,-25.27,-5.25,-116.48,43.90,-400.00,1
O,2022-11-13 11:53:59.431302,0.05,1.00,0.09,21.42,-21.73,2.81,-116.48,43.90,-400.00,1
O,2022-11-13 11:53:59.431465,0.04,1.02,0.08,21.12,-19.78,3.60,-117.50,45.26,-400.00,1
O,2022-11-13 11:53:59.431637,0.02,1.04,0.08,15.26,-13.79,2.44,-117.50,45.26,-400.00,1
O,2022-11-13 11:53:59.431803,-0.01,1.06,0.05,11.05,-10.99,9.83,-117.50,45.26,-400.00,1
O,2022-11-13 11:53:59.431968,-0.04,1.04,0.08,12.21,-5.49,19.78,-118.03,46.07,-400.00,1
O,2022-11-13 11:53:59.432148,-0.05,1.00,0.06,12.70,-4.15,23.86,-118.03,46.07,-400.00,1
O,2022-11-13 11:53:59.432314,-0.07,0.97,0.04,10.99,-2.20,21.18,-122.01,52.53,-400.00,1
O,2022-11-13 11:53:59.432483,-0.09,0.93,0.06,14.83,-3.97,12.63,-122.01,52.53,-400.00,1
O,2022-11-13 11:53:59.432641,-0.12,0.94,0.05,16.85,0.06,8.91,-122.01,52.53,-400.00,1
O,2022-11-13 11:53:59.432814,-0.12,0.93,0.05,17.52,-0.49,9.58,-123.02,56.36,-400.00,1
O,2022-11-13 11:53:59.432980,-0.17,0.92,0.08,12.63,-4.33,9.58,-123.02,56.36,-400.00,1
O,2022-11-13 11:53:59.433148,-0.21,0.93,0.09,7.93,-6.16,5.07,-123.02,56.36,-400.00,1
O,2022-11-13 11:53:59.433307,-0.22,0.98,0.12,4.70,-9.95,5.07,-125.21,57.08,-400.00,1
O,2022-11-13 11:53:59.433472,-0.24,1.03,0.13,4.82,-15.14,11.23,-125.21,57.08,-400.00,1
O,2022-11-13 11:53:59.433650,-0.24,1.02,0.16,11.29,-15.44,10.68,-125.21,57.08,-400.00,1
O,2022-11-13 11:53:59.433821,-0.23,1.01,0.15,8.79,-17.64,5.62,-129.98,55.79,-400.00,1
O,2022-11-13 11:53:59.434006,-0.20,1.02,0.15,7.26,-19.53,2.01,-129.98,55.79,-400.00,1
O,2022-11-13 11:53:59.434181,-0.20,1.01,0.13,10.99,-21.79,6.35,-125.50,54.10,-400.00,1
O,2022-11-13 11:53:59.434365,-0.14,0.97,0.17,15.75,-20.87,2.56,-125.50,54.10,-400.00,1
O,2022-11-13 11:53:59.434550,-0.14,0.98,0.21,15.50,-19.17,-4.21,-125.50,54.10,-400.00,1
O,2022-11-13 11:53:59.434728,-0.15,0.96,0.18,14.77,-23.62,-0.37,-120.45,57.81,-400.00,1
O,2022-11-13 11:53:59.434895,-0.15,0.93,0.18,18.68,-23.32,-1.40,-120.45,57.81,-400.00,1
O,2022-11-13 11:53:59.435065,-0.12,0.94,0.17,21.24,-23.80,-0.24,-120.45,57.81,-400.00,1
O,2022-11-13 11:53:59.435237,-0.11,0.95,0.18,20.81,-23.07,4.09,-120.41,67.57,-400.00,1
O,2022-11-13 11:53:59.435405,-0.11,0.93,0.17,17.76,-25.02,5.62,-120.41,67.57,-400.00,1
O,2022-11-13 11:53:59.435575,-0.13,0.90,0.15,10.99,-29.79,1.04,-120.41,67.57,-400.00,1
O,2022-11-13 11:53:59.435743,-0.14,0.93,0.15,6.10,-32.04,-3.60,-125.65,78.60,-400.00,1
O,2022-11-13 11:53:59.435919,-0.12,0.94,0.15,7.93,-32.84,-5.55,-125.65,78.60,-400.00,1
O,2022-11-13 11:53:59.436111,-0.10,0.94,0.14,6.90,-35.46,-8.48,-130.62,80.92,-400.00,1
O,2022-11-13 11:53:59.436282,-0.13,0.94,0.11,9.83,-36.50,-8.00,-130.62,80.92,-400.00,1
O,2022-11-13 11:53:59.436449,-0.14,0.96,0.13,9.83,-33.45,-7.81,-130.62,80.92,-400.00,1
O,2022-11-13 11:53:59.436616,-0.15,0.98,0.14,6.96,-32.65,-5.55,-134.85,84.57,-400.00,1
O,2022-11-13 11:53:59.436782,-0.14,0.99,0.14,7.69,-32.78,-7.63,-134.85,84.57,-400.00,1
O,2022-11-13 11:53:59.436947,-0.12,0.98,0.12,2.01,-30.82,-9.40,-134.85,84.57,-400.00,1
O,2022-11-13 11:53:59.437128,-0.10,0.92,0.12,-0.06,-30.76,-7.08,-137.78,86.50,-400.00,1
O,2022-11-13 11:53:59.437292,-0.09,0.91,0.11,1.28,-30.15,-8.79,-137.78,86.50,-400.00,1
O,2022-11-13 11:53:59.437473,-0.08,0.91,0.13,4.03,-30.70,-12.27,-137.78,86.50,-400.00,1
O,2022-11-13 11:53:59.437640,-0.09,0.92,0.12,3.42,-30.52,-14.34,-139.39,87.61,-400.00,1
O,2022-11-13 11:53:59.437815,-0.10,0.91,0.12,7.20,-28.26,-12.88,-139.39,87.61,-400.00,1
O,2022-11-13 11:53:59.437979,-0.10,0.94,0.12,6.04,-27.10,-9.77,-143.37,89.16,-400.00,1
O,2022-11-13 11:53:59.438154,-0.11,0.97,0.13,10.93,-27.16,-7.87,-143.37,89.16,-400.00,1
O,2022-11-13 11:53:59.438319,-0.09,0.96,0.15,9.64,-26.00,-3.42,-143.37,89.16,-400.00,1
O,2022-11-13 11:53:59.438491,-0.08,0.94,0.16,6.84,-25.33,-0.49,-143.29,91.74,-400.00,1
O,2022-11-13 11:53:59.438662,-0.05,0.93,0.16,3.60,-23.68,0.00,-143.29,91.74,-400.00,1
O,2022-11-13 11:53:59.438825,-0.02,0.91,0.17,4.39,-20.69,2.08,-143.29,91.74,-400.00,1
O,2022-11-13 11:53:59.438995,-0.00,0.91,0.18,6.41,-17.88,4.15,-142.27,93.48,-400.00,1
O,2022-11-13 11:53:59.439158,-0.01,0.89,0.19,7.87,-16.24,5.07,-142.27,93.48,-400.00,1
O,2022-11-13 11:53:59.439329,-0.02,0.89,0.21,6.65,-13.24,3.97,-142.27,93.48,-400.00,1
O,2022-11-13 11:53:59.439519,-0.02,0.90,0.21,4.70,-9.83,3.36,-142.21,96.40,-400.00,1
O,2022-11-13 11:53:59.439688,-0.01,0.93,0.22,5.19,-6.16,5.68,-142.21,96.40,-400.00,1
O,2022-11-13 11:53:59.439848,-0.02,0.94,0.22,7.32,-4.88,6.53,-146.24,97.24,-400.00,1
O,2022-11-13 11:53:59.440008,-0.03,0.94,0.21,10.56,-2.26,5.98,-146.24,97.24,-400.00,1
O,2022-11-13 11:53:59.440177,-0.03,0.96,0.22,11.54,0.31,6.65,-146.24,97.24,-400.00,1
O,2022-11-13 11:53:59.440366,-0.05,0.95,0.22,9.89,-0.43,2.32,-154.08,101.57,-400.00,1
O,2022-11-13 11:53:59.440549,-0.04,0.95,0.22,9.64,3.66,0.73,-154.08,101.57,-400.00,1
O,2022-11-13 11:53:59.440744,-0.05,0.94,0.23,10.74,5.68,-0.18,-154.08,101.57,-400.00,1
O,2022-11-13 11:53:59.440918,-0.05,0.94,0.24,10.62,8.48,-2.14,-155.60,101.46,-400.00,1
O,2022-11-13 11:53:59.441107,-0.07,0.94,0.23,11.47,10.93,-4.27,-155.60,101.46,-400.00,1
O,2022-11-13 11:53:59.441307,-0.12,0.98,0.22,12.33,12.82,-5.07,-155.60,101.46,-400.00,1
O,2022-11-13 11:53:59.441495,-0.16,1.04,0.21,13.67,15.08,-3.48,-152.50,99.48,-400.00,1
O,2022-11-13 11:53:59.441676,-0.14,1.03,0.25,7.57,17.21,-1.46,-152.50,99.48,-400.00,1
O,2022-11-13 11:53:59.441856,-0.14,0.98,0.25,2.56,17.94,-0.73,-146.72,98.58,-400.00,1
O,2022-11-13 11:53:59.442038,-0.16,0.94,0.23,-1.71,18.13,-2.26,-146.72,98.58,-400.00,1
O,2022-11-13 11:53:59.442262,-0.16,0.93,0.24,-2.20,18.25,-4.70,-146.72,98.58,-400.00,1
O,2022-11-13 11:53:59.442449,-0.15,0.91,0.26,0.43,19.53,-4.27,-138.04,99.19,-400.00,1
O,2022-11-13 11:53:59.442652,-0.14,0.86,0.27,-0.24,19.53,-6.29,-138.04,99.19,-400.00,1
O,2022-11-13 11:53:59.442832,-0.12,0.84,0.27,-0.98,20.87,-7.57,-138.04,99.19,-400.00,1
O,2022-11-13 11:53:59.443027,-0.11,0.83,0.26,0.43,20.87,-4.33,-132.47,95.01,-400.00,1
O,2022-11-13 11:53:59.443198,-0.11,0.82,0.25,3.85,21.06,1.89,-132.47,95.01,-400.00,1
O,2022-11-13 11:53:59.443378,-0.10,0.81,0.28,4.15,23.44,5.07,-132.47,95.01,-400.00,1
O,2022-11-13 11:53:59.443560,-0.10,0.86,0.30,3.30,23.56,7.02,-127.60,94.91,-400.00,1
O,2022-11-13 11:53:59.443734,-0.07,0.85,0.28,-1.65,21.12,8.67,-127.60,94.91,-400.00,1
O,2022-11-13 11:53:59.443928,-0.08,0.81,0.26,-1.16,18.98,10.44,-131.82,96.37,-400.00,1
O,2022-11-13 11:53:59.444109,-0.11,0.83,0.24,-2.50,18.68,14.65,-131.82,96.37,-400.00,1
O,2022-11-13 11:53:59.444296,-0.12,0.88,0.24,-1.40,17.46,15.93,-131.82,96.37,-400.00,1
O,2022-11-13 11:53:59.444481,-0.07,0.89,0.26,-2.99,16.11,14.89,-134.59,98.19,-400.00,1
O,2022-11-13 11:53:59.444670,-0.09,0.86,0.24,-4.03,16.42,12.02,-134.59,98.19,-400.00,1
O,2022-11-13 11:53:59.444883,-0.14,0.86,0.22,-1.77,17.76,9.52,-134.59,98.19,-400.00,1
O,2022-11-13 11:53:59.445051,-0.16,0.88,0.20,-2.62,18.62,8.36,-142.03,102.99,-400.00,1
O,2022-11-13 11:53:59.445228,-0.16,0.94,0.21,-2.32,16.85,11.23,-142.03,102.99,-400.00,1
O,2022-11-13 11:53:59.445395,-0.17,0.97,0.25,-3.23,13.85,14.53,-142.03,102.99,-400.00,1
O,2022-11-13 11:53:59.445575,-0.18,0.96,0.27,-2.32,12.51,15.20,-141.82,101.31,-400.00,1
O,2022-11-13 11:53:59.445741,-0.20,0.94,0.25,-5.92,11.66,10.93,-141.82,101.31,-400.00,1
O,2022-11-13 11:53:59.445915,-0.20,0.92,0.25,-4.82,12.33,5.92,-161.49,105.21,-400.00,1
O,2022-11-13 11:53:59.446080,-0.21,1.01,0.23,-3.97,16.66,6.35,-161.49,105.21,-400.00,1
O,2022-11-13 11:53:59.446252,-0.24,0.88,0.23,-5.07,2.01,7.81,-161.49,105.21,-400.00,1
O,2022-11-13 11:53:59.446420,-0.22,0.97,0.20,-17.21,4.39,-0.67,-177.20,114.11,-400.00,1
O,2022-11-13 11:53:59.446587,-0.20,0.94,0.24,-15.56,4.33,-5.37,-177.20,114.11,-400.00,1
O,2022-11-13 11:53:59.446766,-0.19,0.93,0.22,-16.60,15.56,1.65,-177.20,114.11,-400.00,1
O,2022-11-13 11:53:59.446932,-0.23,1.03,0.18,-4.33,20.45,13.79,-186.36,124.07,-400.00,1
O,2022-11-13 11:53:59.447109,-0.34,0.98,0.32,4.52,29.72,17.46,-186.36,124.07,-400.00,1
O,2022-11-13 11:53:59.447276,-0.27,0.99,0.19,-3.78,22.83,13.12,-186.36,124.07,-400.00,1
O,2022-11-13 11:53:59.447453,-0.24,0.91,0.18,-13.37,15.44,3.97,-209.29,134.18,-400.00,1
O,2022-11-13 11:53:59.447618,-0.20,0.85,0.21,-23.13,9.34,5.92,-209.29,134.18,-400.00,1
O,2022-11-13 11:53:59.447795,-0.20,0.83,0.23,-20.02,17.88,-1.53,-223.40,138.95,-400.00,1
O,2022-11-13 11:53:59.447960,-0.25,0.92,0.17,2.87,18.74,-12.88,-223.40,138.95,-400.00,1
O,2022-11-13 11:53:59.448131,-0.19,0.94,0.20,15.93,15.32,-10.50,-223.40,138.95,-400.00,1
O,2022-11-13 11:53:59.448299,-0.23,0.91,0.13,27.89,-5.25,-20.75,-247.62,141.97,-400.00,1
O,2022-11-13 11:53:59.448467,-0.24,0.95,0.12,6.23,-13.98,-31.80,-247.62,141.97,-400.00,1
O,2022-11-13 11:53:59.448642,-0.25,0.96,0.07,-2.56,-6.04,-20.57,-247.62,141.97,-400.00,1
O,2022-11-13 11:53:59.448814,-0.27,1.27,0.10,-40.10,-11.29,-6.59,-249.67,143.04,-400.00,1
O,2022-11-13 11:53:59.448997,-0.25,1.14,0.16,-56.88,-13.98,5.74,-249.67,143.04,-400.00,1
O,2022-11-13 11:53:59.449172,-0.24,1.03,0.07,-37.72,-12.02,16.72,-249.67,143.04,-400.00,1
O,2022-11-13 11:53:59.449347,-0.26,0.77,0.13,15.26,1.28,10.19,-199.56,151.28,-400.00,1
O,2022-11-13 11:53:59.449531,-0.29,0.89,0.08,82.95,15.81,-29.30,-199.56,151.28,-400.00,1
O,2022-11-13 11:53:59.449722,-0.17,1.11,0.01,51.82,3.48,-41.87,-166.71,171.74,-400.00,1
O,2022-11-13 11:53:59.449896,-0.12,0.99,0.01,28.75,-3.17,-44.68,-166.71,171.74,-400.00,1
O,2022-11-13 11:53:59.450076,-0.09,0.83,0.06,7.57,-7.39,-44.13,-166.71,171.74,-400.00,1
O,2022-11-13 11:53:59.450261,-0.10,0.83,0.02,-43.64,-9.70,-27.22,-134.14,188.76,-400.00,1
O,2022-11-13 11:53:59.450439,-0.17,1.13,0.01,-53.16,-7.02,8.61,-134.14,188.76,-400.00,1
O,2022-11-13 11:53:59.450600,-0.14,1.16,0.13,6.90,3.97,23.68,-134.14,188.76,-400.00,1
O,2022-11-13 11:53:59.450775,-0.03,0.94,0.25,52.06,5.07,31.31,-115.50,228.19,-400.00,1
O,2022-11-13 11:53:59.450947,-0.11,0.80,0.19,54.38,9.22,17.88,-115.50,228.19,-400.00,1
O,2022-11-13 11:53:59.451116,-0.10,0.87,0.19,-18.07,16.78,13.55,-115.50,228.19,-400.00,1
O,2022-11-13 11:53:59.451303,-0.06,0.88,0.02,2.50,18.55,21.79,-113.89,329.11,-400.00,1
O,2022-11-13 11:53:59.451473,-0.10,1.04,0.02,10.13,-2.08,61.95,-113.89,329.11,-400.00,1
O,2022-11-13 11:53:59.451653,-0.09,1.26,0.11,97.47,-12.70,90.70,-97.51,364.60,-400.00,1
O,2022-11-13 11:53:59.451828,-0.19,1.00,0.20,190.19,-16.54,108.76,-97.51,364.60,-400.00,1
O,2022-11-13 11:53:59.452009,-0.16,0.92,0.32,206.24,-22.03,114.44,-97.51,364.60,-400.00,1
O,2022-11-13 11:53:59.452190,-0.14,0.94,0.34,229.55,-23.13,106.08,-106.47,349.98,-400.00,1
O,2022-11-13 11:53:59.452370,-0.61,0.66,0.40,181.09,2.20,27.22,-106.47,349.98,-400.00,1
O,2022-11-13 11:53:59.452540,-0.21,0.68,0.41,-25.76,-6.29,2.20,-106.47,349.98,-400.00,1
O,2022-11-13 11:53:59.452715,-0.25,0.86,0.50,-14.83,-4.03,-13.49,-113.68,276.00,-400.00,1
O,2022-11-13 11:53:59.452884,-0.28,0.94,0.60,21.12,-7.08,-13.31,-113.68,276.00,-400.00,1
O,2022-11-13 11:53:59.453060,-0.30,0.80,0.54,33.14,-12.02,-5.86,-113.68,276.00,-400.00,1
O,2022-11-13 11:53:59.453229,-0.28,0.74,0.43,22.34,2.93,1.34,-118.81,226.33,-383.63,1
O,2022-11-13 11:53:59.453389,-0.28,0.85,0.45,17.94,8.79,4.46,-118.81,226.33,-383.63,1
O,2022-11-13 11:53:59.453566,-0.25,0.84,0.50,33.87,10.31,6.41,-103.15,200.96,-362.08,1
O,2022-11-13 11:53:59.453728,-0.18,0.76,0.49,40.95,10.50,6.35,-103.15,200.96,-362.08,1
O,2022-11-13 11:53:59.453907,-0.25,0.73,0.59,32.17,12.63,6.16,-103.15,200.96,-362.08,1
O,2022-11-13 11:53:59.454071,-0.19,0.78,0.55,9.89,13.24,8.97,-86.85,177.20,-342.66,1
O,2022-11-13 11:53:59.454247,-0.23,0.79,0.50,16.30,14.71,10.62,-86.85,177.20,-342.66,1
O,2022-11-13 11:53:59.454410,-0.18,0.78,0.54,32.41,13.92,8.79,-86.85,177.20,-342.66,1
O,2022-11-13 11:53:59.454578,-0.19,0.77,0.57,38.33,13.98,8.54,-73.12,161.52,-326.09,1
O,2022-11-13 11:53:59.454758,-0.22,0.74,0.55,29.97,14.28,9.89,-73.12,161.52,-326.09,1
O,2022-11-13 11:53:59.454920,-0.21,0.76,0.58,30.09,12.08,7.87,-73.12,161.52,-326.09,1
O,2022-11-13 11:53:59.455093,-0.23,0.75,0.61,39.12,13.79,8.79,-65.61,150.61,-303.43,1
O,2022-11-13 11:53:59.455257,-0.25,0.71,0.59,13.73,16.30,15.38,-65.61,150.61,-303.43,1
O,2022-11-13 11:53:59.455426,-0.23,0.74,0.60,4.64,18.62,16.97,-58.23,144.79,-287.57,1
O,2022-11-13 11:53:59.455589,-0.22,0.69,0.60,15.01,17.70,16.48,-58.23,144.79,-287.57,1
O,2022-11-13 11:53:59.455758,-0.23,0.72,0.59,1.89,17.46,15.93,-58.23,144.79,-287.57,1
O,2022-11-13 11:53:59.455946,-0.22,0.74,0.61,6.16,18.43,16.78,-50.43,144.47,-286.55,1
O,2022-11-13 11:53:59.456113,-0.21,0.72,0.61,12.08,17.21,16.54,-50.43,144.47,-286.55,1
O,2022-11-13 11:53:59.456291,-0.21,0.72,0.58,5.31,7.75,8.79,-50.43,144.47,-286.55,1
O,2022-11-13 11:53:59.456449,-0.25,0.73,0.59,8.06,2.14,2.20,-44.78,144.85,-283.07,1
O,2022-11-13 11:53:59.456616,-0.25,0.72,0.59,5.43,2.81,3.66,-44.78,144.85,-283.07,1
O,2022-11-13 11:53:59.456772,-0.23,0.73,0.60,2.01,3.42,4.88,-44.78,144.85,-283.07,1
O,2022-11-13 11:53:59.456937,-0.24,0.73,0.60,4.82,3.17,4.70,-42.25,140.95,-277.87,1
O,2022-11-13 11:53:59.457094,-0.24,0.74,0.60,6.16,3.66,5.37,-42.25,140.95,-277.87,1
O,2022-11-13 11:53:59.457262,-0.26,0.71,0.60,11.96,4.88,6.04,-36.36,131.96,-270.39,1
O,2022-11-13 11:53:59.457431,-0.20,0.72,0.61,9.64,4.52,5.74,-36.36,131.96,-270.39,1
O,2022-11-13 11:53:59.457589,-0.19,0.72,0.63,9.16,4.21,5.37,-36.36,131.96,-270.39,1
O,2022-11-13 11:53:59.457761,-0.21,0.69,0.61,12.70,2.56,3.54,-31.91,124.51,-261.12,1
O,2022-11-13 11:53:59.457919,-0.23,0.69,0.60,5.43,3.85,2.81,-31.91,124.51,-261.12,1
O,2022-11-13 11:53:59.458083,-0.20,0.72,0.62,0.92,4.64,3.11,-31.91,124.51,-261.12,1
O,2022-11-13 11:53:59.458243,-0.20,0.72,0.60,1.34,6.10,4.94,-28.97,113.43,-255.30,1
O,2022-11-13 11:53:59.458401,-0.23,0.73,0.61,8.18,6.41,5.43,-28.97,113.43,-255.30,1
O,2022-11-13 11:53:59.458574,-0.24,0.69,0.62,10.86,6.77,5.98,-28.97,113.43,-255.30,1
O,2022-11-13 11:53:59.458730,-0.23,0.68,0.64,9.95,5.25,5.62,-26.28,104.92,-246.34,1
O,2022-11-13 11:53:59.458896,-0.22,0.69,0.65,5.19,4.03,5.13,-26.28,104.92,-246.34,1
O,2022-11-13 11:53:59.459052,-0.22,0.69,0.61,3.36,1.28,3.11,-24.37,100.37,-240.71,1
O,2022-11-13 11:53:59.459211,-0.21,0.71,0.64,3.78,0.37,0.67,-24.37,100.37,-240.71,1
O,2022-11-13 11:53:59.459393,-0.24,0.71,0.62,5.80,-1.16,0.06,-24.37,100.37,-240.71,1
O,2022-11-13 11:53:59.459564,-0.24,0.69,0.64,11.60,1.22,1.22,-23.99,96.57,-233.61,1
O,2022-11-13 11:53:59.459725,-0.23,0.70,0.62,3.78,1.34,2.56,-23.99,96.57,-233.61,1
O,2022-11-13 11:53:59.459904,-0.22,0.70,0.64,4.52,1.28,2.62,-23.99,96.57,-233.61,1
O,2022-11-13 11:53:59.460071,-0.25,0.72,0.62,8.97,1.28,3.11,-22.71,93.47,-230.83,1
O,2022-11-13 11:53:59.460253,-0.22,0.68,0.64,14.22,1.89,3.17,-22.71,93.47,-230.83,1
O,2022-11-13 11:53:59.460440,-0.20,0.68,0.64,5.98,-0.49,0.98,-22.71,93.47,-230.83,1
O,2022-11-13 11:53:59.460630,-0.21,0.69,0.66,1.53,-0.79,0.06,-21.36,89.83,-222.46,1
O,2022-11-13 11:53:59.460807,-0.22,0.67,0.63,3.78,0.06,0.73,-21.36,89.83,-222.46,1
O,2022-11-13 11:53:59.461000,-0.25,0.68,0.60,-11.96,3.66,3.54,-20.21,83.20,-219.48,1
O,2022-11-13 11:53:59.461174,-0.21,0.72,0.61,-6.59,2.50,2.32,-20.21,83.20,-219.48,1
O,2022-11-13 11:53:59.461351,-0.23,0.71,0.63,-0.98,2.99,1.89,-20.21,83.20,-219.48,1
O,2022-11-13 11:53:59.461510,-0.21,0.69,0.66,3.91,1.77,1.28,-19.53,75.66,-215.94,1
O,2022-11-13 11:53:59.461706,-0.24,0.68,0.65,-1.34,0.85,1.04,-19.53,75.66,-215.94,1
O,2022-11-13 11:53:59.461887,-0.20,0.71,0.65,-6.35,-0.24,0.24,-19.53,75.66,-215.94,1
O,2022-11-13 11:53:59.462059,-0.25,0.71,0.64,-3.05,0.12,1.04,-18.52,69.24,-212.57,1
O,2022-11-13 11:53:59.462243,-0.20,0.70,0.64,1.77,-0.31,0.61,-18.52,69.24,-212.57,1
O,2022-11-13 11:53:59.462413,-0.24,0.69,0.62,-0.49,-1.22,0.06,-18.52,69.24,-212.57,1
O,2022-11-13 11:53:59.462599,-0.23,0.72,0.63,-0.73,-1.40,-0.12,-18.46,64.75,-208.12,1
O,2022-11-13 11:53:59.462777,-0.20,0.72,0.64,11.84,-1.28,0.37,-18.46,64.75,-208.12,1
O,2022-11-13 11:53:59.462957,-0.20,0.68,0.64,15.08,-0.43,1.46,-18.38,64.12,-201.57,1
O,2022-11-13 11:53:59.463171,-0.22,0.68,0.64,9.83,0.98,2.56,-18.38,64.12,-201.57,1
O,2022-11-13 11:53:59.463338,-0.22,0.67,0.64,9.03,1.16,2.08,-18.38,64.12,-201.57,1
O,2022-11-13 11:53:59.463565,-0.22,0.69,0.64,1.28,1.46,2.26,-18.84,64.77,-200.96,1
O,2022-11-13 11:53:59.463752,-0.22,0.70,0.63,0.18,1.65,2.08,-18.84,64.77,-200.96,1
O,2022-11-13 11:53:59.463933,-0.23,0.70,0.63,2.20,1.71,2.20,-18.84,64.77,-200.96,1
O,2022-11-13 11:53:59.464091,-0.23,0.69,0.63,3.60,1.53,1.71,-18.33,63.75,-201.07,1
O,2022-11-13 11:53:59.464247,-0.22,0.70,0.64,-0.85,1.40,1.83,-18.33,63.75,-201.07,1
O,2022-11-13 11:53:59.464417,-0.23,0.70,0.62,-4.58,0.61,1.65,-18.33,63.75,-201.07,1
O,2022-11-13 11:53:59.464572,-0.22,0.72,0.63,-5.86,0.24,1.22,-18.41,59.81,-199.12,1
O,2022-11-13 11:53:59.464736,-0.23,0.69,0.63,4.21,0.73,1.59,-18.41,59.81,-199.12,1
O,2022-11-13 11:53:59.464893,-0.21,0.70,0.64,-0.49,0.06,1.34,-18.21,57.81,-195.62,1
O,2022-11-13 11:53:59.465050,-0.25,0.69,0.62,1.71,0.00,1.40,-18.21,57.81,-195.62,1
O,2022-11-13 11:53:59.465221,-0.21,0.73,0.63,-0.79,-0.98,0.61,-18.21,57.81,-195.62,1
O,2022-11-13 11:53:59.465379,-0.22,0.70,0.63,6.77,-1.40,-0.18,-18.03,55.02,-191.81,1
O,2022-11-13 11:53:59.465546,-0.21,0.70,0.65,6.04,-0.12,1.10,-18.03,55.02,-191.81,1
O,2022-11-13 11:53:59.465702,-0.21,0.69,0.64,7.02,-0.18,1.71,-18.03,55.02,-191.81,1
O,2022-11-13 11:53:59.465868,-0.22,0.69,0.64,6.65,-0.43,0.67,-17.93,53.61,-187.16,1
O,2022-11-13 11:53:59.466023,-0.22,0.68,0.64,8.61,0.12,0.79,-17.93,53.61,-187.16,1
O,2022-11-13 11:53:59.466197,-0.22,0.69,0.63,1.16,-0.31,0.79,-17.93,53.61,-187.16,1
O,2022-11-13 11:53:59.466360,-0.23,0.70,0.64,3.23,0.31,1.16,-18.69,51.90,-184.14,1
O,2022-11-13 11:53:59.466517,-0.24,0.71,0.62,0.31,-0.37,1.46,-18.69,51.90,-184.14,1
O,2022-11-13 11:53:59.466686,-0.23,0.70,0.64,3.60,-1.10,0.12,-18.26,49.52,-180.20,1
O,2022-11-13 11:53:59.466857,-0.23,0.69,0.63,5.43,-0.79,0.31,-18.26,49.52,-180.20,1
O,2022-11-13 11:53:59.467060,-0.23,0.72,0.63,-1.71,-0.55,1.04,-18.26,49.52,-180.20,1
O,2022-11-13 11:53:59.467231,-0.21,0.71,0.64,10.68,1.10,2.87,-18.24,45.85,-172.78,1
O,2022-11-13 11:53:59.467392,-0.21,0.67,0.63,14.34,-0.12,1.89,-18.24,45.85,-172.78,1
O,2022-11-13 11:53:59.467557,-0.23,0.67,0.62,7.08,1.53,2.56,-18.24,45.85,-172.78,1
O,2022-11-13 11:53:59.467716,-0.18,0.68,0.67,9.83,1.04,2.01,-17.16,43.49,-165.30,1
O,2022-11-13 11:53:59.467877,-0.19,0.68,0.66,1.59,1.71,3.72,-17.16,43.49,-165.30,1
O,2022-11-13 11:53:59.468035,-0.23,0.67,0.66,5.00,2.20,2.14,-17.16,43.49,-165.30,1
O,2022-11-13 11:53:59.468211,-0.21,0.67,0.64,0.12,-0.92,-1.10,-17.69,41.88,-159.97,1
O,2022-11-13 11:53:59.468381,-0.21,0.71,0.65,-5.86,-0.43,-0.49,-17.69,41.88,-159.97,1
O,2022-11-13 11:53:59.468536,-0.22,0.72,0.66,3.66,1.34,1.40,-18.21,38.48,-158.34,1
O,2022-11-13 11:53:59.468702,-0.22,0.68,0.68,15.87,2.69,3.11,-18.21,38.48,-158.34,1
O,2022-11-13 11:53:59.468857,-0.22,0.67,0.64,9.95,2.56,4.15,-18.21,38.48,-158.34,1
O,2022-11-13 11:53:59.469025,-0.22,0.67,0.67,12.02,2.87,3.48,-18.18,39.67,-154.09,1
O,2022-11-13 11:53:59.469180,-0.19,0.70,0.65,1.10,2.69,4.46,-18.18,39.67,-154.09,1
O,2022-11-13 11:53:59.469339,-0.18,0.71,0.64,7.39,-2.38,-0.18,-18.18,39.67,-154.09,1
O,2022-11-13 11:53:59.469505,-0.19,0.72,0.59,4.27,-5.68,-2.87,-20.62,38.72,-148.34,1
O,2022-11-13 11:53:59.469668,-0.22,0.71,0.60,15.63,-9.46,-8.12,-20.62,38.72,-148.34,1
O,2022-11-13 11:53:59.469843,-0.25,0.70,0.64,24.60,-13.92,-13.24,-20.62,38.72,-148.34,1
O,2022-11-13 11:53:59.470015,-0.20,0.69,0.61,29.36,-14.89,-13.12,-27.06,35.77,-134.35,1
O,2022-11-13 11:53:59.470195,-0.24,0.74,0.68,25.51,-14.59,-11.17,-27.06,35.77,-134.35,1
O,2022-11-13 11:53:59.470362,-0.28,0.60,0.67,70.25,-19.41,-17.46,-31.76,32.97,-112.81,1
O,2022-11-13 11:53:59.470541,-0.25,0.58,0.68,40.95,-18.92,-17.03,-31.76,32.97,-112.81,1
O,2022-11-13 11:53:59.470707,-0.26,0.61,0.73,27.22,-14.53,-14.28,-31.76,32.97,-112.81,1
O,2022-11-13 11:53:59.470881,-0.29,0.59,0.70,26.92,-13.24,-12.21,-33.75,28.44,-100.16,1
O,2022-11-13 11:53:59.471051,-0.18,0.58,0.73,33.20,-14.59,-15.81,-33.75,28.44,-100.16,1
O,2022-11-13 11:53:59.471216,-0.21,0.58,0.71,6.35,-11.90,-11.78,-33.75,28.44,-100.16,1
O,2022-11-13 11:53:59.471386,-0.25,0.56,0.76,7.51,-7.75,-10.31,-34.36,23.36,-91.27,1
O,2022-11-13 11:53:59.471542,-0.26,0.65,0.73,5.31,-6.04,-8.42,-34.36,23.36,-91.27,1
O,2022-11-13 11:53:59.471712,-0.27,0.58,0.71,19.23,2.20,2.38,-34.36,23.36,-91.27,1
O,2022-11-13 11:53:59.471864,-0.23,0.60,0.71,6.84,3.48,4.39,-33.48,20.14,-84.85,1
O,2022-11-13 11:53:59.472052,-0.22,0.63,0.77,4.33,6.77,8.00,-33.48,20.14,-84.85,1
O,2022-11-13 11:53:59.472206,-0.19,0.59,0.73,6.10,6.41,9.34,-30.81,17.47,-82.46,1
O,2022-11-13 11:53:59.472361,-0.16,0.59,0.74,12.63,3.97,5.43,-30.81,17.47,-82.46,1
O,2022-11-13 11:53:59.472526,-0.16,0.58,0.75,7.81,2.75,4.27,-30.81,17.47,-82.46,1
O,2022-11-13 11:53:59.472679,-0.20,0.56,0.77,10.19,2.20,2.38,-30.81,16.30,-80.07,1
O,2022-11-13 11:53:59.472840,-0.23,0.57,0.74,1.65,1.65,2.32,-30.81,16.30,-80.07,1
O,2022-11-13 11:53:59.472993,-0.22,0.61,0.73,-3.97,1.59,2.14,-30.81,16.30,-80.07,1
O,2022-11-13 11:53:59.473143,-0.22,0.61,0.73,5.92,1.22,2.08,-30.52,16.43,-80.04,1
O,2022-11-13 11:53:59.473310,-0.22,0.58,0.73,4.58,1.28,2.38,-30.52,16.43,-80.04,1
O,2022-11-13 11:53:59.473466,-0.22,0.58,0.72,-0.85,1.83,2.26,-30.52,16.43,-80.04,1
O,2022-11-13 11:53:59.473639,-0.22,0.60,0.73,-3.72,2.50,2.01,-30.77,16.19,-80.35,1
O,2022-11-13 11:53:59.473794,-0.22,0.61,0.74,-2.87,1.95,2.14,-30.77,16.19,-80.35,1
O,2022-11-13 11:53:59.473950,-0.22,0.60,0.73,-1.71,1.46,2.38,-30.54,15.33,-81.36,1
O,2022-11-13 11:53:59.474114,-0.22,0.60,0.73,-1.10,1.53,2.38,-30.54,15.33,-81.36,1
O,2022-11-13 11:53:59.474269,-0.22,0.60,0.73,0.49,1.46,2.44,-30.54,15.33,-81.36,1
O,2022-11-13 11:53:59.474431,-0.22,0.60,0.72,1.65,1.34,2.32,-29.98,15.83,-81.10,1
O,2022-11-13 11:53:59.474595,-0.22,0.60,0.73,2.99,1.46,2.26,-29.98,15.83,-81.10,1
O,2022-11-13 11:53:59.474754,-0.22,0.60,0.73,3.60,1.34,2.32,-29.98,15.83,-81.10,1
O,2022-11-13 11:53:59.474918,-0.22,0.60,0.73,2.99,1.22,2.38,-30.36,15.54,-79.86,1
O,2022-11-13 11:53:59.475071,-0.22,0.60,0.73,2.87,1.34,2.50,-30.36,15.54,-79.86,1
O,2022-11-13 11:53:59.475236,-0.22,0.59,0.72,2.99,1.22,2.32,-30.36,15.54,-79.86,1
O,2022-11-13 11:53:59.475387,-0.22,0.60,0.74,2.08,1.40,2.32,-30.18,15.72,-80.59,1
O,2022-11-13 11:53:59.475547,-0.22,0.60,0.72,2.75,1.22,2.20,-30.18,15.72,-80.59,1
O,2022-11-13 11:53:59.475700,-0.22,0.60,0.73,5.49,1.34,1.95,-29.93,15.52,-80.32,1
O,2022-11-13 11:53:59.475855,-0.22,0.60,0.73,5.86,1.53,2.08,-29.93,15.52,-80.32,1
O,2022-11-13 11:53:59.476017,-0.22,0.59,0.74,8.06,1.46,2.08,-29.93,15.52,-80.32,1
O,2022-11-13 11:53:59.476172,-0.22,0.59,0.73,4.82,1.40,2.20,-30.03,15.75,-80.82,1
O,2022-11-13 11:53:59.476346,-0.22,0.60,0.73,5.19,1.46,2.08,-30.03,15.75,-80.82,1
O,2022-11-13 11:53:59.476499,-0.22,0.59,0.74,5.07,1.40,2.20,-30.03,15.75,-80.82,1
O,2022-11-13 11:53:59.476650,-0.22,0.59,0.73,3.42,1.16,2.20,-29.72,15.95,-79.79,1
O,2022-11-13 11:53:59.476812,-0.22,0.59,0.74,3.72,1.40,2.32,-29.72,15.95,-79.79,1
O,2022-11-13 11:53:59.476964,-0.22,0.59,0.73,2.62,1.34,2.32,-29.72,15.95,-79.79,1
O,2022-11-13 11:53:59.477136,-0.22,0.59,0.74,2.32,1.16,2.26,-29.66,16.27,-79.75,1
O,2022-11-13 11:53:59.477288,-0.22,0.59,0.74,2.38,1.28,2.38,-29.66,16.27,-79.75,1
O,2022-11-13 11:53:59.477455,-0.22,0.59,0.74,2.50,1.34,2.50,-30.03,16.43,-80.36,1
O,2022-11-13 11:53:59.477640,-0.22,0.59,0.74,2.56,1.34,2.20,-30.03,16.43,-80.36,1
O,2022-11-13 11:53:59.477794,-0.22,0.59,0.74,2.26,1.34,2.38,-30.03,16.43,-80.36,1
O,2022-11-13 11:53:59.477953,-0.22,0.59,0.74,1.65,1.34,2.32,-30.22,15.72,-80.99,1
O,2022-11-13 11:53:59.478121,-0.22,0.59,0.74,1.28,1.22,2.38,-30.22,15.72,-80.99,1
O,2022-11-13 11:53:59.478298,-0.22,0.59,0.74,1.46,1.34,2.44,-30.22,15.72,-80.99,1
O,2022-11-13 11:53:59.478470,-0.22,0.59,0.73,0.55,1.22,2.38,-29.66,16.04,-79.54,1
O,2022-11-13 11:53:59.478661,-0.22,0.59,0.74,1.40,1.40,2.38,-29.66,16.04,-79.54,1
O,2022-11-13 11:53:59.478828,-0.22,0.59,0.73,0.85,1.22,2.32,-29.66,16.04,-79.54,1
O,2022-11-13 11:53:59.479004,-0.22,0.59,0.74,1.28,1.34,2.32,-29.70,15.58,-80.22,1
O,2022-11-13 11:53:59.479205,-0.22,0.59,0.74,1.71,1.34,2.56,-29.70,15.58,-80.22,1
O,2022-11-13 11:53:59.479366,-0.22,0.59,0.73,0.55,1.22,2.44,-30.10,15.49,-79.92,1
O,2022-11-13 11:53:59.479530,-0.22,0.59,0.74,1.34,1.28,2.08,-30.10,15.49,-79.92,1
O,2022-11-13 11:53:59.479698,-0.22,0.59,0.73,1.22,1.10,2.26,-30.10,15.49,-79.92,1
O,2022-11-13 11:53:59.479871,-0.22,0.59,0.74,1.65,1.10,2.20,-30.43,15.06,-80.03,1
O,2022-11-13 11:53:59.480062,-0.22,0.59,0.73,2.32,1.22,2.26,-30.43,15.06,-80.03,1
O,2022-11-13 11:53:59.480239,-0.22,0.59,0.74,3.05,1.28,2.26,-30.43,15.06,-80.03,1
O,2022-11-13 11:53:59.480425,-0.22,0.59,0.74,2.75,1.04,2.32,-30.36,14.92,-80.19,1
O,2022-11-13 11:53:59.480584,-0.22,0.59,0.73,2.32,1.10,2.20,-30.36,14.92,-80.19,1
O,2022-11-13 11:53:59.480742,-0.22,0.59,0.74,2.99,1.22,2.14,-30.36,14.92,-80.19,1
O,2022-11-13 11:53:59.480930,-0.22,0.59,0.74,3.60,1.22,2.08,-30.37,15.38,-79.59,1
O,2022-11-13 11:53:59.481093,-0.22,0.58,0.74,4.15,1.16,2.14,-30.37,15.38,-79.59,1
O,2022-11-13 11:53:59.481252,-0.22,0.58,0.75,3.72,0.85,2.20,-30.02,15.09,-78.82,1
O,2022-11-13 11:53:59.481415,-0.21,0.58,0.75,2.50,0.79,2.38,-30.02,15.09,-78.82,1
O,2022-11-13 11:53:59.481580,-0.22,0.59,0.74,1.46,0.79,2.38,-30.02,15.09,-78.82,1
O,2022-11-13 11:53:59.481788,-0.22,0.59,0.73,1.22,0.85,2.62,-30.76,15.47,-80.29,1
O,2022-11-13 11:53:59.481954,-0.22,0.60,0.72,1.59,0.98,2.38,-30.76,15.47,-80.29,1
O,2022-11-13 11:53:59.482115,-0.22,0.60,0.73,2.44,1.22,2.32,-30.76,15.47,-80.29,1
O,2022-11-13 11:53:59.482267,-0.22,0.59,0.73,2.87,1.28,2.44,-30.49,15.48,-80.15,1
O,2022-11-13 11:53:59.482420,-0.22,0.59,0.74,3.05,1.34,2.26,-30.49,15.48,-80.15,1
O,2022-11-13 11:53:59.482577,-0.21,0.59,0.74,2.62,1.28,2.44,-30.49,15.48,-80.15,1
O,2022-11-13 11:53:59.482729,-0.22,0.59,0.75,1.77,1.22,2.38,-30.22,15.58,-78.97,1
O,2022-11-13 11:53:59.482900,-0.23,0.58,0.74,3.17,1.16,2.50,-30.22,15.58,-78.97,1
O,2022-11-13 11:53:59.483054,-0.24,0.57,0.74,2.81,1.04,2.50,-30.57,15.53,-79.24,1
O,2022-11-13 11:53:59.483212,-0.23,0.58,0.73,-0.43,1.10,2.26,-30.57,15.53,-79.24,1
O,2022-11-13 11:53:59.483373,-0.21,0.60,0.73,-0.24,1.34,2.50,-30.57,15.53,-79.24,1
O,2022-11-13 11:53:59.483524,-0.21,0.60,0.73,0.92,1.34,2.56,-29.90,15.08,-79.30,1
O,2022-11-13 11:53:59.483687,-0.22,0.59,0.73,2.20,1.53,2.44,-29.90,15.08,-79.30,1
O,2022-11-13 11:53:59.483841,-0.23,0.59,0.73,2.75,1.40,2.32,-29.90,15.08,-79.30,1
O,2022-11-13 11:53:59.483999,-0.22,0.58,0.74,3.60,1.34,2.01,-30.27,15.56,-79.63,1
O,2022-11-13 11:53:59.484166,-0.22,0.58,0.75,2.93,1.59,2.08,-30.27,15.56,-79.63,1
O,2022-11-13 11:53:59.484317,-0.22,0.58,0.75,2.14,1.16,2.44,-30.27,15.56,-79.63,1
O,2022-11-13 11:53:59.484494,-0.22,0.58,0.74,0.98,0.98,2.38,-30.60,15.60,-78.75,1
O,2022-11-13 11:53:59.484660,-0.22,0.59,0.73,-0.55,0.98,2.62,-30.60,15.60,-78.75,1
O,2022-11-13 11:53:59.484822,-0.22,0.60,0.72,15.26,1.34,2.50,-30.38,15.14,-79.60,1
O,2022-11-13 11:53:59.484975,-0.22,0.60,0.73,2.87,1.46,2.26,-30.38,15.14,-79.60,1
O,2022-11-13 11:53:59.485129,-0.22,0.58,0.73,3.97,1.53,2.14,-30.38,15.14,-79.60,1
O,2022-11-13 11:53:59.485289,-0.22,0.58,0.75,3.66,1.65,2.08,-30.30,15.65,-79.64,1
O,2022-11-13 11:53:59.485442,-0.21,0.58,0.75,3.78,1.59,2.26,-30.30,15.65,-79.64,1
O,2022-11-13 11:53:59.485597,-0.20,0.58,0.77,3.23,1.22,2.32,-30.30,15.65,-79.64,1
O,2022-11-13 11:53:59.485751,-0.22,0.59,0.73,-1.46,1.16,2.75,-29.99,15.53,-79.79,1
O,2022-11-13 11:53:59.485928,-0.23,0.58,0.74,3.17,1.46,2.38,-29.99,15.53,-79.79,1
O,2022-11-13 11:53:59.486082,-0.22,0.58,0.73,2.69,1.10,2.08,-29.99,15.53,-79.79,1
O,2022-11-13 11:53:59.486233,-0.21,0.58,0.75,2.14,1.10,1.83,-30.52,15.50,-77.14,1
O,2022-11-13 11:53:59.486408,-0.20,0.58,0.77,4.27,1.59,2.26,-30.52,15.50,-77.14,1
O,2022-11-13 11:53:59.486559,-0.20,0.58,0.75,3.42,0.49,2.38,-30.55,15.60,-77.91,1
O,2022-11-13 11:53:59.486726,-0.21,0.60,0.74,-3.36,0.49,2.75,-30.55,15.60,-77.91,1
O,2022-11-13 11:53:59.486881,-0.22,0.61,0.71,-2.81,0.55,2.99,-30.55,15.60,-77.91,1
O,2022-11-13 11:53:59.487032,-0.22,0.60,0.72,2.87,0.67,2.38,-30.02,15.50,-80.10,1
O,2022-11-13 11:53:59.487194,-0.23,0.59,0.72,3.05,0.55,1.89,-30.02,15.50,-80.10,1
O,2022-11-13 11:53:59.487345,-0.23,0.58,0.74,4.70,0.98,2.14,-30.02,15.50,-80.10,1
O,2022-11-13 11:53:59.487511,-0.24,0.57,0.74,3.05,0.92,2.44,-30.24,15.44,-78.08,1
O,2022-11-13 11:53:59.487664,-0.24,0.57,0.73,2.44,1.28,2.62,-30.24,15.44,-78.08,1
O,2022-11-13 11:53:59.487821,-0.23,0.59,0.72,-1.04,1.59,2.81,-30.24,15.44,-78.08,1
O,2022-11-13 11:53:59.488014,-0.23,0.61,0.71,-1.71,1.65,2.62,-30.41,15.86,-78.53,1
O,2022-11-13 11:53:59.488165,-0.24,0.56,0.72,4.70,2.08,2.32,-30.41,15.86,-78.53,1
O,2022-11-13 11:53:59.488334,-0.22,0.58,0.74,4.94,2.20,2.26,-30.59,15.53,-78.50,1
O,2022-11-13 11:53:59.488486,-0.21,0.57,0.77,5.31,2.38,1.89,-30.59,15.53,-78.50,1
O,2022-11-13 11:53:59.488650,-0.21,0.57,0.78,5.55,2.01,2.14,-30.59,15.53,-78.50,1
O,2022-11-13 11:53:59.488804,-0.21,0.56,0.78,4.03,1.77,2.26,-29.96,15.53,-79.06,1
O,2022-11-13 11:53:59.488959,-0.20,0.57,0.75,-3.48,1.10,2.56,-29.96,15.53,-79.06,1
O,2022-11-13 11:53:59.489127,-0.19,0.61,0.75,-3.66,0.98,2.32,-29.96,15.53,-79.06,1
O,2022-11-13 11:53:59.489281,-0.21,0.61,0.72,-1.46,0.37,2.50,-30.54,15.15,-79.00,1
O,2022-11-13 11:53:59.489441,-0.20,0.60,0.74,4.46,0.98,2.08,-30.54,15.15,-79.00,1
O,2022-11-13 11:53:59.489594,-0.21,0.59,0.73,1.10,0.73,2.44,-30.54,15.15,-79.00,1
O,2022-11-13 11:53:59.489746,-0.21,0.60,0.74,3.48,1.46,2.44,-30.42,15.73,-78.20,1
O,2022-11-13 11:53:59.489907,-0.23,0.57,0.75,5.92,0.98,2.38,-30.42,15.73,-78.20,1
O,2022-11-13 11:53:59.490064,-0.23,0.57,0.75,3.72,0.49,2.50,-30.40,14.99,-78.98,1
O,2022-11-13 11:53:59.490227,-0.21,0.57,0.76,3.97,0.67,2.32,-30.40,14.99,-78.98,1
O,2022-11-13 11:53:59.490378,-0.23,0.57,0.72,0.00,0.79,2.81,-30.40,14.99,-78.98,1
O,2022-11-13 11:53:59.490552,-0.24,0.57,0.77,3.85,0.37,2.56,-30.27,15.38,-79.30,1
O,2022-11-13 11:53:59.490719,-0.24,0.57,0.72,-2.38,0.00,2.44,-30.27,15.38,-79.30,1
O,2022-11-13 11:53:59.490874,-0.25,0.61,0.70,-5.62,0.79,2.75,-30.27,15.38,-79.30,1
O,2022-11-13 11:53:59.491035,-0.24,0.60,0.70,2.08,1.22,2.62,-30.49,15.53,-78.70,1
O,2022-11-13 11:53:59.491186,-0.24,0.59,0.70,2.93,1.89,2.56,-30.49,15.53,-78.70,1
O,2022-11-13 11:53:59.491338,-0.23,0.60,0.71,1.83,2.26,2.38,-30.49,15.53,-78.70,1
O,2022-11-13 11:53:59.491500,-0.21,0.59,0.74,6.23,2.38,2.14,-30.20,15.53,-77.64,1
O,2022-11-13 11:53:59.491653,-0.21,0.58,0.76,6.71,2.50,2.08,-30.20,15.53,-77.64,1
O,2022-11-13 11:53:59.491821,-0.19,0.57,0.78,5.25,2.20,2.08,-30.47,15.67,-77.76,1
O,2022-11-13 11:53:59.491973,-0.19,0.57,0.78,2.01,1.53,2.08,-30.47,15.67,-77.76,1
O,2022-11-13 11:53:59.492133,-0.20,0.58,0.77,0.79,1.16,2.62,-30.47,15.67,-77.76,1
O,2022-11-13 11:53:59.492289,-0.23,0.58,0.74,-0.06,0.85,2.50,-30.26,15.67,-78.58,1
O,2022-11-13 11:53:59.492444,-0.23,0.59,0.73,-0.67,0.85,2.44,-30.26,15.67,-78.58,1
O,2022-11-13 11:53:59.492609,-0.21,0.59,0.73,0.43,1.22,2.32,-30.26,15.67,-78.58,1
O,2022-11-13 11:53:59.492763,-0.20,0.60,0.73,1.16,1.16,2.32,-30.26,15.06,-77.84,1
O,2022-11-13 11:53:59.492924,-0.20,0.59,0.75,3.36,1.16,2.26,-30.26,15.06,-77.84,1
O,2022-11-13 11:53:59.493085,-0.21,0.58,0.75,2.44,1.28,2.44,-30.26,15.06,-77.84,1
O,2022-11-13 11:53:59.493236,-0.22,0.58,0.75,1.95,0.98,2.38,-30.79,15.61,-78.14,1
O,2022-11-13 11:53:59.493401,-0.22,0.58,0.75,2.14,0.79,2.20,-30.79,15.61,-78.14,1
O,2022-11-13 11:53:59.493552,-0.22,0.57,0.76,3.11,0.61,2.14,-30.19,15.37,-77.70,1
O,2022-11-13 11:53:59.493720,-0.22,0.57,0.76,1.95,0.24,2.20,-30.19,15.37,-77.70,1
O,2022-11-13 11:53:59.493870,-0.22,0.57,0.75,0.73,0.24,2.38,-30.19,15.37,-77.70,1
O,2022-11-13 11:53:59.494024,-0.23,0.58,0.73,-0.55,0.12,2.50,-30.46,14.95,-78.26,1
O,2022-11-13 11:53:59.494192,-0.24,0.59,0.72,-1.46,0.55,2.50,-30.46,14.95,-78.26,1
O,2022-11-13 11:53:59.494350,-0.24,0.60,0.70,-0.92,0.79,2.62,-30.46,14.95,-78.26,1
O,2022-11-13 11:53:59.494511,-0.22,0.61,0.70,0.12,1.16,2.50,-30.83,14.50,-77.66,1
O,2022-11-13 11:53:59.494662,-0.22,0.60,0.73,3.66,1.77,2.50,-30.83,14.50,-77.66,1
O,2022-11-13 11:53:59.494818,-0.22,0.58,0.75,6.47,1.89,2.08,-30.83,14.50,-77.66,1
O,2022-11-13 11:53:59.494973,-0.22,0.57,0.76,5.55,1.59,1.95,-30.81,15.01,-78.03,1
O,2022-11-13 11:53:59.495124,-0.21,0.57,0.77,4.09,1.53,2.14,-30.81,15.01,-78.03,1
O,2022-11-13 11:53:59.495283,-0.21,0.57,0.77,3.66,1.34,2.20,-30.54,15.71,-77.53,1
O,2022-11-13 11:53:59.495439,-0.22,0.57,0.75,0.67,0.79,2.38,-30.54,15.71,-77.53,1
O,2022-11-13 11:53:59.495625,-0.22,0.58,0.74,-1.89,0.67,2.44,-30.54,15.71,-77.53,1
O,2022-11-13 11:53:59.495803,-0.22,0.59,0.73,-1.04,0.79,2.50,-30.32,15.38,-77.53,1
O,2022-11-13 11:53:59.495967,-0.23,0.59,0.73,1.34,0.67,2.38,-30.32,15.38,-77.53,1
O,2022-11-13 11:53:59.496149,-0.22,0.58,0.74,2.93,0.79,1.95,-30.32,15.38,-77.53,1
O,2022-11-13 11:53:59.496317,-0.21,0.59,0.74,0.12,0.79,2.14,-30.48,15.23,-77.67,1
O,2022-11-13 11:53:59.496481,-0.20,0.60,0.74,1.53,1.10,2.32,-30.48,15.23,-77.67,1
O,2022-11-13 11:53:59.496643,-0.21,0.59,0.73,1.89,1.04,2.20,-30.48,15.23,-77.67,1
O,2022-11-13 11:53:59.496828,-0.22,0.59,0.72,0.61,0.79,2.32,-30.33,15.84,-78.34,1
O,2022-11-13 11:53:59.497009,-0.21,0.60,0.73,1.04,0.98,2.32,-30.33,15.84,-78.34,1
O,2022-11-13 11:53:59.497194,-0.21,0.59,0.74,3.11,1.04,2.32,-30.76,15.78,-77.99,1
O,2022-11-13 11:53:59.497353,-0.23,0.57,0.74,4.21,1.16,2.26,-30.76,15.78,-77.99,1
O,2022-11-13 11:53:59.497509,-0.23,0.57,0.76,4.52,1.16,2.01,-30.76,15.78,-77.99,1
O,2022-11-13 11:53:59.497664,-0.23,0.55,0.77,5.68,1.10,1.95,-30.55,15.48,-77.94,1
O,2022-11-13 11:53:59.497845,-0.24,0.55,0.77,4.15,0.55,2.01,-30.55,15.48,-77.94,1
O,2022-11-13 11:53:59.498030,-0.24,0.56,0.75,-1.83,0.31,2.26,-30.55,15.48,-77.94,1
O,2022-11-13 11:53:59.498209,-0.24,0.59,0.72,-4.15,0.24,2.32,-30.52,15.83,-77.17,1
O,2022-11-13 11:53:59.498382,-0.22,0.60,0.73,-0.73,0.55,2.26,-30.52,15.83,-77.17,1
O,2022-11-13 11:53:59.498600,-0.21,0.59,0.73,1.95,0.85,2.20,-30.52,15.83,-77.17,1
O,2022-11-13 11:53:59.498757,-0.21,0.59,0.74,2.38,0.92,2.08,-30.49,15.58,-78.17,1
O,2022-11-13 11:53:59.498932,-0.24,0.58,0.73,3.23,1.22,2.38,-30.49,15.58,-78.17,1
O,2022-11-13 11:53:59.499161,-0.25,0.56,0.73,5.55,1.65,2.20,-30.88,15.65,-77.71,1
O,2022-11-13 11:53:59.499339,-0.24,0.57,0.73,0.61,1.95,2.44,-30.88,15.65,-77.71,1
O,2022-11-13 11:53:59.499517,-0.22,0.60,0.73,-0.49,2.08,2.62,-30.88,15.65,-77.71,1
O,2022-11-13 11:53:59.499672,-0.22,0.59,0.72,0.92,2.20,2.87,-30.22,15.28,-77.16,1
O,2022-11-13 11:53:59.499841,-0.21,0.60,0.73,1.77,2.69,2.81,-30.22,15.28,-77.16,1
O,2022-11-13 11:53:59.500010,-0.21,0.59,0.74,3.60,2.62,2.75,-30.22,15.28,-77.16,1
O,2022-11-13 11:53:59.500176,-0.21,0.58,0.74,3.91,2.20,2.20,-29.87,15.89,-78.85,1
O,2022-11-13 11:53:59.500337,-0.20,0.58,0.76,3.05,2.14,2.01,-29.87,15.89,-78.85,1
O,2022-11-13 11:53:59.500495,-0.20,0.58,0.76,2.87,2.20,2.26,-29.87,15.89,-78.85,1
O,2022-11-13 11:53:59.500648,-0.18,0.57,0.77,4.03,1.83,2.38,-30.77,15.65,-76.94,1
O,2022-11-13 11:53:59.500828,-0.19,0.60,0.75,-1.77,1.16,2.32,-30.77,15.65,-76.94,1
O,2022-11-13 11:53:59.500999,-0.19,0.60,0.74,0.31,1.22,2.62,-30.42,15.12,-78.00,1
O,2022-11-13 11:53:59.501164,-0.22,0.59,0.74,1.95,1.22,2.62,-30.42,15.12,-78.00,1
O,2022-11-13 11:53:59.501317,-0.23,0.57,0.75,4.46,0.98,2.44,-30.42,15.12,-78.00,1
O,2022-11-13 11:53:59.501487,-0.23,0.56,0.77,4.82,0.61,1.83,-30.20,15.59,-78.54,1
O,2022-11-13 11:53:59.501643,-0.22,0.56,0.78,3.78,0.61,2.01,-30.20,15.59,-78.54,1
O,2022-11-13 11:53:59.501797,-0.24,0.55,0.78,3.48,0.61,2.56,-30.20,15.59,-78.54,1
O,2022-11-13 11:53:59.501963,-0.23,0.55,0.76,1.59,-0.37,2.50,-31.12,15.41,-78.32,1
O,2022-11-13 11:53:59.502121,-0.23,0.57,0.74,-4.88,-0.06,2.69,-31.12,15.41,-78.32,1
O,2022-11-13 11:53:59.502293,-0.26,0.60,0.68,-7.81,-0.49,2.75,-31.12,15.41,-78.32,1
O,2022-11-13 11:53:59.502445,-0.21,0.63,0.71,4.70,1.34,1.83,-30.41,15.05,-79.54,1
O,2022-11-13 11:53:59.502596,-0.22,0.59,0.72,5.25,1.04,2.44,-30.41,15.05,-79.54,1
O,2022-11-13 11:53:59.502758,-0.23,0.56,0.72,7.69,1.59,2.14,-31.09,15.43,-78.32,1
O,2022-11-13 11:53:59.502911,-0.23,0.57,0.77,5.43,2.08,2.20,-31.09,15.43,-78.32,1
O,2022-11-13 11:53:59.503072,-0.21,0.57,0.73,-0.67,1.22,2.81,-31.09,15.43,-78.32,1
O,2022-11-13 11:53:59.503226,-0.21,0.60,0.74,-4.70,1.10,2.87,-30.66,14.83,-78.47,1
O,2022-11-13 11:53:59.503384,-0.21,0.61,0.73,1.46,1.71,2.56,-30.66,14.83,-78.47,1
O,2022-11-13 11:53:59.503538,-0.22,0.59,0.73,5.43,1.59,2.62,-30.66,14.83,-78.47,1
O,2022-11-13 11:53:59.503691,-0.23,0.56,0.76,9.22,2.01,2.38,-30.87,15.95,-78.63,1
O,2022-11-13 11:53:59.503855,-0.22,0.56,0.76,4.21,1.71,2.56,-30.87,15.95,-78.63,1
O,2022-11-13 11:53:59.504040,-0.22,0.56,0.76,1.46,1.53,2.20,-30.87,15.95,-78.63,1
O,2022-11-13 11:53:59.504203,-0.22,0.58,0.75,0.00,1.34,2.50,-30.64,15.83,-77.88,1
O,2022-11-13 11:53:59.504353,-0.23,0.57,0.75,2.20,1.10,2.56,-30.64,15.83,-77.88,1
O,2022-11-13 11:53:59.504503,-0.23,0.57,0.74,1.40,0.98,2.26,-30.71,15.04,-78.08,1
O,2022-11-13 11:53:59.504663,-0.22,0.58,0.74,-1.04,1.04,2.56,-30.71,15.04,-78.08,1
O,2022-11-13 11:53:59.504815,-0.23,0.58,0.74,1.46,1.28,2.62,-30.71,15.04,-78.08,1
O,2022-11-13 11:53:59.504978,-0.23,0.57,0.75,3.42,1.28,2.32,-30.79,15.00,-78.53,1
O,2022-11-13 11:53:59.505128,-0.19,0.58,0.75,1.04,1.04,2.01,-30.79,15.00,-78.53,1
O,2022-11-13 11:53:59.505283,-0.18,0.61,0.75,-2.69,1.10,2.01,-30.79,15.00,-78.53,1
O,2022-11-13 11:53:59.505445,-0.22,0.60,0.73,1.65,0.98,2.62,-30.33,14.97,-78.93,1
O,2022-11-13 11:53:59.505601,-0.24,0.57,0.73,4.09,1.28,2.56,-30.33,14.97,-78.93,1
O,2022-11-13 11:53:59.505765,-0.22,0.57,0.75,1.46,1.46,2.38,-30.33,14.97,-78.93,1
O,2022-11-13 11:53:59.505916,-0.21,0.58,0.75,2.08,1.53,2.08,-30.63,15.53,-78.38,1
O,2022-11-13 11:53:59.506077,-0.21,0.57,0.78,5.68,1.34,1.95,-30.63,15.53,-78.38,1
O,2022-11-13 11:53:59.506229,-0.22,0.55,0.76,4.88,0.92,2.01,-30.16,15.48,-78.70,1
O,2022-11-13 11:53:59.506378,-0.22,0.56,0.77,0.61,0.55,2.38,-30.16,15.48,-78.70,1
O,2022-11-13 11:53:59.506546,-0.21,0.59,0.74,-2.44,0.49,2.56,-30.16,15.48,-78.70,1
O,2022-11-13 11:53:59.506698,-0.22,0.59,0.73,-1.46,0.43,2.62,-30.60,14.86,-78.52,1
O,2022-11-13 11:53:59.506861,-0.23,0.59,0.72,0.00,0.67,2.50,-30.60,14.86,-78.52,1
O,2022-11-13 11:53:59.507013,-0.24,0.59,0.72,1.34,0.92,2.69,-30.60,14.86,-78.52,1
O,2022-11-13 11:53:59.507169,-0.24,0.57,0.74,6.41,1.22,1.95,-30.43,15.34,-78.98,1
O,2022-11-13 11:53:59.507328,-0.22,0.57,0.75,2.01,1.53,2.44,-30.43,15.34,-78.98,1
O,2022-11-13 11:53:59.507483,-0.21,0.59,0.75,-0.31,1.40,2.32,-30.43,15.34,-78.98,1
O,2022-11-13 11:53:59.507647,-0.21,0.60,0.74,1.04,1.28,2.44,-30.32,15.28,-78.60,1
O,2022-11-13 11:53:59.507798,-0.22,0.58,0.74,3.42,1.46,2.56,-30.32,15.28,-78.60,1
O,2022-11-13 11:53:59.507948,-0.21,0.58,0.74,2.20,1.22,2.26,-30.75,15.31,-77.77,1
O,2022-11-13 11:53:59.508112,-0.20,0.59,0.76,1.71,1.34,2.44,-30.75,15.31,-77.77,1
O,2022-11-13 11:53:59.508265,-0.22,0.58,0.76,2.75,1.53,2.44,-30.75,15.31,-77.77,1
O,2022-11-13 11:53:59.508431,-0.23,0.57,0.75,3.23,0.92,2.44,-30.09,14.93,-77.75,1
O,2022-11-13 11:53:59.508582,-0.22,0.57,0.74,1.28,1.04,2.32,-30.09,14.93,-77.75,1
O,2022-11-13 11:53:59.508740,-0.22,0.58,0.74,0.98,1.04,2.32,-30.09,14.93,-77.75,1
O,2022-11-13 11:53:59.508899,-0.22,0.57,0.75,3.11,1.16,2.20,-30.29,15.70,-77.67,1
O,2022-11-13 11:53:59.509054,-0.22,0.56,0.76,2.44,0.73,2.14,-30.29,15.70,-77.67,1
O,2022-11-13 11:53:59.509220,-0.19,0.58,0.76,-1.46,0.79,2.20,-30.29,15.70,-77.67,1
O,2022-11-13 11:53:59.509373,-0.21,0.61,0.74,-4.46,0.85,2.50,-30.74,15.14,-76.79,1
O,2022-11-13 11:53:59.509534,-0.22,0.61,0.71,-0.49,1.10,2.69,-30.74,15.14,-76.79,1
O,2022-11-13 11:53:59.509690,-0.21,0.61,0.68,-0.12,1.34,2.01,-30.38,14.84,-79.05,1
O,2022-11-13 11:53:59.509839,-0.21,0.59,0.77,9.09,2.14,1.95,-30.38,14.84,-79.05,1
O,2022-11-13 11:53:59.510003,-0.22,0.55,0.76,8.67,1.65,2.38,-30.38,14.84,-79.05,1
O,2022-11-13 11:53:59.510154,-0.23,0.55,0.77,4.33,1.34,2.01,-30.07,15.60,-78.77,1
O,2022-11-13 11:53:59.510314,-0.22,0.56,0.77,2.87,1.10,2.50,-30.07,15.60,-78.77,1
O,2022-11-13 11:53:59.510468,-0.24,0.57,0.75,-1.10,1.04,2.81,-30.07,15.60,-78.77,1
O,2022-11-13 11:53:59.510622,-0.24,0.58,0.73,-0.79,0.79,2.50,-30.22,14.48,-78.59,1
O,2022-11-13 11:53:59.510786,-0.22,0.58,0.74,0.37,1.16,2.20,-30.22,14.48,-78.59,1
O,2022-11-13 11:53:59.510940,-0.20,0.60,0.74,-0.49,1.40,2.50,-30.22,14.48,-78.59,1
O,2022-11-13 11:53:59.511103,-0.22,0.59,0.72,0.67,1.59,2.56,-30.51,15.63,-78.48,1
O,2022-11-13 11:53:59.511262,-0.23,0.58,0.74,5.80,1.77,2.08,-30.51,15.63,-78.48,1
O,2022-11-13 11:53:59.511414,-0.22,0.57,0.74,2.75,1.83,2.26,-30.10,14.48,-76.67,1
O,2022-11-13 11:53:59.511573,-0.22,0.58,0.75,1.59,1.83,2.62,-30.10,14.48,-76.67,1
O,2022-11-13 11:53:59.511724,-0.23,0.57,0.76,3.78,1.77,2.38,-30.10,14.48,-76.67,1
O,2022-11-13 11:53:59.511887,-0.23,0.56,0.75,4.03,1.53,2.44,-30.37,15.86,-77.49,1
O,2022-11-13 11:53:59.512037,-0.25,0.56,0.75,2.99,1.46,2.38,-30.37,15.86,-77.49,1
O,2022-11-13 11:53:59.512192,-0.25,0.54,0.77,4.39,1.59,2.26,-30.37,15.86,-77.49,1
O,2022-11-13 11:53:59.512345,-0.23,0.54,0.77,2.56,1.46,2.32,-30.68,15.49,-78.02,1
O,2022-11-13 11:53:59.512500,-0.20,0.57,0.76,-2.20,1.40,2.44,-30.68,15.49,-78.02,1
O,2022-11-13 11:53:59.512665,-0.19,0.60,0.75,-3.72,1.59,2.75,-30.68,15.49,-78.02,1
O,2022-11-13 11:53:59.512819,-0.21,0.60,0.73,-1.53,1.40,2.75,-30.31,15.12,-79.32,1
O,2022-11-13 11:53:59.512982,-0.20,0.60,0.72,-0.92,1.16,2.32,-30.31,15.12,-79.32,1
O,2022-11-13 11:53:59.513135,-0.19,0.61,0.73,-1.40,1.22,2.14,-30.25,14.90,-77.91,1
O,2022-11-13 11:53:59.513287,-0.19,0.61,0.74,2.32,1.53,2.01,-30.25,14.90,-77.91,1
O,2022-11-13 11:53:59.513448,-0.20,0.58,0.76,6.71,1.59,2.20,-30.25,14.90,-77.91,1
O,2022-11-13 11:53:59.513605,-0.22,0.56,0.76,6.71,1.28,2.01,-30.33,15.14,-79.39,1
O,2022-11-13 11:53:59.513773,-0.22,0.57,0.76,0.92,1.46,2.44,-30.33,15.14,-79.39,1
O,2022-11-13 11:53:59.513926,-0.21,0.57,0.75,-1.34,1.53,2.44,-30.33,15.14,-79.39,1
O,2022-11-13 11:53:59.514079,-0.21,0.60,0.74,-2.01,1.16,2.50,-30.32,15.04,-80.31,1
O,2022-11-13 11:53:59.514242,-0.21,0.58,0.73,3.54,1.04,2.69,-30.32,15.04,-80.31,1
O,2022-11-13 11:53:59.514410,-0.22,0.58,0.73,0.92,1.28,2.44,-30.32,15.04,-80.31,1
O,2022-11-13 11:53:59.514626,-0.22,0.60,0.74,0.55,1.28,2.44,-30.03,14.64,-78.44,1
O,2022-11-13 11:53:59.514802,-0.22,0.58,0.74,5.68,1.46,2.14,-30.03,14.64,-78.44,1
O,2022-11-13 11:53:59.514984,-0.22,0.56,0.76,6.23,1.53,2.20,-30.20,15.33,-77.92,1
O,2022-11-13 11:53:59.515202,-0.22,0.56,0.77,2.87,1.34,2.08,-30.20,15.33,-77.92,1
O,2022-11-13 11:53:59.515377,-0.22,0.56,0.77,2.75,1.16,2.32,-30.20,15.33,-77.92,1
O,2022-11-13 11:53:59.515606,-0.23,0.56,0.76,2.44,0.67,2.32,-30.00,15.63,-78.97,1
O,2022-11-13 11:53:59.515775,-0.23,0.56,0.75,0.37,0.79,2.69,-30.00,15.63,-78.97,1
O,2022-11-13 11:53:59.515946,-0.22,0.58,0.74,-1.77,0.67,2.44,-30.00,15.63,-78.97,1
O,2022-11-13 11:53:59.516127,-0.21,0.60,0.73,-2.56,0.79,2.56,-30.87,15.03,-78.42,1
O,2022-11-13 11:53:59.516282,-0.21,0.60,0.72,0.43,1.04,2.44,-30.87,15.03,-78.42,1
O,2022-11-13 11:53:59.516430,-0.22,0.59,0.74,4.21,1.46,2.26,0.00,0.00,ovf,1
O,2022-11-13 11:53:59.516602,-0.21,0.58,0.75,4.27,1.59,2.26,-30.31,15.15,-78.89,1
O,2022-11-13 11:53:59.516823,-0.22,0.57,0.76,4.15,1.59,2.38,-30.31,15.15,-78.89,1
O,2022-11-13 11:53:59.517009,-0.21,0.56,0.77,4.88,1.34,2.20,-30.37,14.81,-78.04,1
O,2022-11-13 11:53:59.517177,-0.22,0.56,0.77,2.38,0.98,2.38,-30.37,14.81,-78.04,1
O,2022-11-13 11:53:59.517351,-0.22,0.56,0.76,1.77,0.67,2.62,-30.37,14.81,-78.04,1
O,2022-11-13 11:53:59.517516,-0.22,0.57,0.74,-0.92,0.61,2.56,-30.35,15.32,-78.25,1
O,2022-11-13 11:53:59.517679,-0.22,0.59,0.73,-2.38,0.73,2.69,-30.35,15.32,-78.25,1
O,2022-11-13 11:53:59.517845,-0.22,0.60,0.72,-0.55,0.92,2.62,-30.35,15.32,-78.25,1
O,2022-11-13 11:53:59.518017,-0.22,0.59,0.73,1.28,1.28,2.38,-30.47,14.76,-78.41,1
O,2022-11-13 11:53:59.518198,-0.21,0.58,0.74,3.42,1.46,2.26,-30.47,14.76,-78.41,1
O,2022-11-13 11:53:59.518362,-0.21,0.57,0.76,4.52,1.59,2.26,-30.47,14.76,-78.41,1
O,2022-11-13 11:53:59.518542,-0.21,0.56,0.77,4.21,1.10,2.20,-30.76,14.82,-78.12,1
O,2022-11-13 11:53:59.518695,-0.21,0.56,0.77,2.14,1.04,2.38,-30.76,14.82,-78.12,1
O,2022-11-13 11:53:59.518852,-0.22,0.57,0.75,0.06,0.85,2.62,-30.64,14.99,-77.88,1
O,2022-11-13 11:53:59.519009,-0.23,0.57,0.75,0.55,0.55,2.44,-30.64,14.99,-77.88,1
O,2022-11-13 11:53:59.519160,-0.25,0.56,0.74,2.32,0.73,2.38,-30.64,14.99,-77.88,1
O,2022-11-13 11:53:59.519324,-0.23,0.57,0.75,0.98,0.98,2.26,-30.24,15.33,-78.88,1
O,2022-11-13 11:53:59.519483,-0.22,0.58,0.74,-0.61,1.10,2.32,-30.24,15.33,-78.88,1
O,2022-11-13 11:53:59.519647,-0.21,0.59,0.74,0.85,1.10,2.20,-30.24,15.33,-78.88,1
O,2022-11-13 11:53:59.519798,-0.21,0.59,0.73,0.67,1.34,2.62,-30.74,14.84,-79.44,1
O,2022-11-13 11:53:59.519974,-0.21,0.59,0.72,1.65,1.53,2.62,-30.74,14.84,-79.44,1
O,2022-11-13 11:53:59.520136,-0.21,0.59,0.73,2.32,1.59,2.32,-30.74,14.84,-79.44,1
O,2022-11-13 11:53:59.520286,-0.21,0.59,0.74,3.05,1.40,2.14,-30.27,15.45,-78.41,1
O,2022-11-13 11:53:59.520444,-0.22,0.57,0.76,5.00,1.71,2.20,-30.27,15.45,-78.41,1
O,2022-11-13 11:53:59.520596,-0.22,0.56,0.76,5.68,1.59,2.20,-30.83,15.52,-78.08,1
O,2022-11-13 11:53:59.520751,-0.19,0.56,0.78,2.75,1.34,2.08,-30.83,15.52,-78.08,1
O,2022-11-13 11:53:59.520910,-0.19,0.57,0.76,-0.98,1.04,2.20,-30.83,15.52,-78.08,1
O,2022-11-13 11:53:59.521085,-0.18,0.59,0.77,-2.50,0.55,2.14,-30.62,15.55,-78.17,1
O,2022-11-13 11:53:59.521253,-0.19,0.59,0.75,-1.89,0.06,2.38,-30.62,15.55,-78.17,1
O,2022-11-13 11:53:59.521412,-0.19,0.59,0.74,-1.34,0.18,2.38,-30.62,15.55,-78.17,1
O,2022-11-13 11:53:59.521581,-0.21,0.59,0.73,0.24,-0.06,2.32,-30.88,14.90,-78.47,1
O,2022-11-13 11:53:59.521734,-0.22,0.59,0.73,1.46,0.24,2.32,-30.88,14.90,-78.47,1
O,2022-11-13 11:53:59.521887,-0.22,0.59,0.76,2.99,0.49,1.95,-30.88,14.90,-78.47,1
O,2022-11-13 11:53:59.522047,-0.24,0.56,0.73,5.19,0.00,2.38,-31.12,14.40,-77.69,1
O,2022-11-13 11:53:59.522200,-0.24,0.55,0.78,5.92,0.92,2.38,-31.12,14.40,-77.69,1
O,2022-11-13 11:53:59.522365,-0.27,0.56,0.71,1.59,0.67,2.26,-31.13,14.72,-77.78,1
O,2022-11-13 11:53:59.522519,-0.26,0.56,0.71,2.32,0.85,2.69,-31.13,14.72,-77.78,1
O,2022-11-13 11:53:59.522671,-0.22,0.57,0.76,6.47,1.77,2.08,-31.13,14.72,-77.78,1
O,2022-11-13 11:53:59.522834,-0.22,0.58,0.76,0.61,1.28,2.81,-30.90,15.21,-77.50,1
O,2022-11-13 11:53:59.522985,-0.25,0.57,0.76,4.76,1.53,2.87,-30.90,15.21,-77.50,1
O,2022-11-13 11:53:59.523149,-0.25,0.55,0.75,8.85,1.65,2.69,-30.90,15.21,-77.50,1
O,2022-11-13 11:53:59.523304,-0.24,0.55,0.74,-1.40,1.46,2.38,-30.87,15.59,-78.30,1
O,2022-11-13 11:53:59.523468,-0.23,0.60,0.74,-6.77,1.71,2.26,-30.87,15.59,-78.30,1
O,2022-11-13 11:53:59.523620,-0.21,0.60,0.73,1.16,1.95,2.44,-30.87,15.59,-78.30,1
O,2022-11-13 11:53:59.523771,-0.21,0.58,0.73,5.31,2.20,2.20,-31.60,15.52,-77.33,1
O,2022-11-13 11:53:59.523935,-0.20,0.58,0.74,1.65,2.08,2.26,-31.60,15.52,-77.33,1
O,2022-11-13 11:53:59.524096,-0.18,0.59,0.76,2.08,1.95,2.08,-31.10,15.22,-78.26,1
O,2022-11-13 11:53:59.524258,-0.20,0.58,0.76,2.26,2.26,2.75,-31.10,15.22,-78.26,1
O,2022-11-13 11:53:59.524413,-0.23,0.60,0.74,-2.93,1.95,3.11,-31.10,15.22,-78.26,1
O,2022-11-13 11:53:59.524565,-0.16,0.60,0.79,6.96,1.65,2.87,-31.09,14.78,-76.78,1
O,2022-11-13 11:53:59.524729,-0.11,0.54,0.79,9.70,-0.55,2.14,-31.09,14.78,-76.78,1
O,2022-11-13 11:53:59.524892,-0.20,0.49,0.73,-11.41,-1.10,1.53,-31.09,14.78,-76.78,1
O,2022-11-13 11:53:59.525062,-0.20,0.63,0.70,-45.04,1.53,4.15,-30.58,13.79,-77.51,1
O,2022-11-13 11:53:59.525219,-0.31,0.71,0.65,-21.85,0.67,3.05,-30.58,13.79,-77.51,1
O,2022-11-13 11:53:59.525376,-0.24,0.60,0.73,12.33,2.56,3.78,-30.58,13.79,-77.51,1
O,2022-11-13 11:53:59.525534,-0.27,0.59,0.67,14.47,1.65,2.26,-30.69,13.13,-77.42,1
O,2022-11-13 11:53:59.525691,-0.27,0.62,0.76,7.81,1.83,-0.55,-30.69,13.13,-77.42,1
O,2022-11-13 11:53:59.525860,-0.23,0.57,0.76,13.55,0.92,1.71,-31.23,13.17,-75.07,1
O,2022-11-13 11:53:59.526013,-0.23,0.57,0.75,2.56,1.40,4.76,-31.23,13.17,-75.07,1
O,2022-11-13 11:53:59.526174,-0.24,0.55,0.77,10.07,4.21,6.59,-31.23,13.17,-75.07,1
O,2022-11-13 11:53:59.526328,-0.26,0.55,0.80,16.60,3.42,4.64,-31.70,11.62,-72.07,1
O,2022-11-13 11:53:59.526489,-0.25,0.55,0.77,2.44,2.87,4.21,-31.70,11.62,-72.07,1
O,2022-11-13 11:53:59.526651,-0.23,0.57,0.81,6.35,4.09,5.80,-31.70,11.62,-72.07,1
O,2022-11-13 11:53:59.526817,-0.19,0.54,0.80,21.73,2.99,6.65,-31.98,10.53,-69.27,1
O,2022-11-13 11:53:59.526981,-0.20,0.58,0.68,-0.49,2.20,8.67,-31.98,10.53,-69.27,1
O,2022-11-13 11:53:59.527137,-0.20,0.57,0.77,14.28,4.46,5.86,-31.98,10.53,-69.27,1
O,2022-11-13 11:53:59.527292,-0.18,0.59,0.73,2.93,4.09,6.29,-32.48,10.63,-67.69,1
O,2022-11-13 11:53:59.527457,-0.18,0.56,0.77,15.93,1.89,4.70,-32.48,10.63,-67.69,1
O,2022-11-13 11:53:59.527608,-0.20,0.60,0.74,4.15,1.77,6.53,-31.41,10.75,-65.11,1
O,2022-11-13 11:53:59.527778,-0.17,0.53,0.77,36.50,2.20,4.15,-31.41,10.75,-65.11,1
O,2022-11-13 11:53:59.527934,-0.20,0.55,0.75,15.50,3.54,7.93,-31.41,10.75,-65.11,1
O,2022-11-13 11:53:59.528095,-0.24,0.54,0.79,35.28,4.58,6.04,-32.32,11.19,-63.33,1
O,2022-11-13 11:53:59.528254,-0.24,0.50,0.77,32.47,1.71,6.77,-32.32,11.19,-63.33,1
O,2022-11-13 11:53:59.528408,-0.22,0.47,0.77,23.44,3.11,8.06,-32.32,11.19,-63.33,1
O,2022-11-13 11:53:59.528575,-0.20,0.47,0.80,14.40,3.85,6.71,-32.28,11.18,-61.02,1
O,2022-11-13 11:53:59.528729,-0.21,0.46,0.79,10.80,2.14,3.23,-32.28,11.18,-61.02,1
O,2022-11-13 11:53:59.528893,-0.22,0.52,0.77,-3.36,2.69,2.14,-32.28,11.18,-61.02,1
O,2022-11-13 11:53:59.529051,-0.23,0.50,0.82,0.61,1.77,1.53,-32.57,11.23,-61.11,1
O,2022-11-13 11:53:59.529203,-0.22,0.50,0.80,1.04,1.53,2.50,-32.57,11.23,-61.11,1
O,2022-11-13 11:53:59.529363,-0.23,0.50,0.82,2.93,1.83,2.32,-32.18,10.89,-60.40,1
O,2022-11-13 11:53:59.529515,-0.24,0.48,0.82,6.71,1.40,2.20,-32.18,10.89,-60.40,1
O,2022-11-13 11:53:59.529679,-0.24,0.50,0.80,9.77,1.71,2.99,-32.18,10.89,-60.40,1
O,2022-11-13 11:53:59.529831,-0.22,0.52,0.79,6.10,2.26,4.70,-32.03,11.00,-60.33,1
O,2022-11-13 11:53:59.529983,-0.22,0.52,0.74,5.98,2.69,5.49,-32.03,11.00,-60.33,1
O,2022-11-13 11:53:59.530153,-0.22,0.56,0.81,-5.74,5.31,7.57,-32.03,11.00,-60.33,1
O,2022-11-13 11:53:59.530314,-0.21,0.53,0.84,12.21,4.46,6.90,-32.70,10.36,-60.29,1
O,2022-11-13 11:53:59.530481,-0.22,0.47,0.79,23.50,2.93,5.80,-32.70,10.36,-60.29,1
O,2022-11-13 11:53:59.530635,-0.22,0.47,0.84,14.28,3.85,5.68,-32.70,10.36,-60.29,1
O,2022-11-13 11:53:59.530792,-0.23,0.49,0.83,6.90,3.36,7.20,-32.62,10.44,-57.20,1
O,2022-11-13 11:53:59.530947,-0.22,0.49,0.80,5.00,3.17,9.34,-32.62,10.44,-57.20,1
O,2022-11-13 11:53:59.531100,-0.24,0.47,0.86,25.27,3.78,7.63,-31.43,10.10,-56.45,1
O,2022-11-13 11:53:59.531268,-0.22,0.43,0.84,19.78,0.98,6.16,-31.43,10.10,-56.45,1
O,2022-11-13 11:53:59.531422,-0.21,0.42,0.81,11.05,1.10,4.64,-31.43,10.10,-56.45,1
O,2022-11-13 11:53:59.531582,-0.21,0.45,0.82,0.00,1.89,4.15,-32.43,10.24,-55.55,1
O,2022-11-13 11:53:59.531735,-0.21,0.46,0.84,2.81,1.77,2.50,-32.43,10.24,-55.55,1
O,2022-11-13 11:53:59.531889,-0.22,0.47,0.82,2.69,1.16,2.32,-32.43,10.24,-55.55,1
O,2022-11-13 11:53:59.532049,-0.22,0.48,0.82,3.78,1.10,2.56,-32.10,10.66,-55.71,1
O,2022-11-13 11:53:59.532202,-0.23,0.46,0.81,5.31,1.22,3.05,-32.10,10.66,-55.71,1
O,2022-11-13 11:53:59.532379,-0.22,0.45,0.82,5.62,1.53,2.87,-32.10,10.66,-55.71,1
O,2022-11-13 11:53:59.532532,-0.23,0.45,0.82,4.64,1.77,2.38,-32.09,10.22,-54.76,1
O,2022-11-13 11:53:59.532702,-0.23,0.44,0.83,3.48,1.83,2.62,-32.09,10.22,-54.76,1
O,2022-11-13 11:53:59.532882,-0.23,0.44,0.82,-0.18,1.77,2.50,-32.31,10.78,-55.82,1
O,2022-11-13 11:53:59.533043,-0.23,0.45,0.84,-1.34,2.20,2.26,-32.31,10.78,-55.82,1
O,2022-11-13 11:53:59.533214,-0.20,0.46,0.83,-0.12,2.14,2.26,-32.31,10.78,-55.82,1
O,2022-11-13 11:53:59.533370,-0.19,0.49,0.81,-1.28,2.01,2.26,-32.06,10.02,-55.38,1
O,2022-11-13 11:53:59.533540,-0.21,0.48,0.84,0.85,2.56,2.56,-32.06,10.02,-55.38,1
O,2022-11-13 11:53:59.533713,-0.22,0.47,0.82,-0.85,2.01,3.05,-32.06,10.02,-55.38,1
O,2022-11-13 11:53:59.533882,-0.23,0.48,0.80,-1.46,2.99,4.21,-31.82,10.16,-55.24,1
O,2022-11-13 11:53:59.534049,-0.22,0.45,0.86,11.47,2.44,4.03,-31.82,10.16,-55.24,1
O,2022-11-13 11:53:59.534210,-0.23,0.44,0.83,10.38,1.59,5.07,-31.82,10.16,-55.24,1
O,2022-11-13 11:53:59.534369,-0.23,0.43,0.83,7.02,2.20,5.43,-31.71,9.80,-54.17,1
O,2022-11-13 11:53:59.534520,-0.23,0.42,0.85,5.31,2.32,5.25,-31.71,9.80,-54.17,1
O,2022-11-13 11:53:59.534686,-0.23,0.40,0.85,4.70,0.98,2.44,-31.67,9.79,-53.56,1
O,2022-11-13 11:53:59.534850,-0.21,0.46,0.83,-5.07,1.53,1.95,-31.67,9.79,-53.56,1
O,2022-11-13 11:53:59.535017,-0.23,0.47,0.81,-4.70,1.40,1.95,-31.67,9.79,-53.56,1
O,2022-11-13 11:53:59.535178,-0.22,0.47,0.84,0.49,1.77,2.32,-32.39,10.07,-55.35,1
O,2022-11-13 11:53:59.535334,-0.22,0.45,0.84,5.68,1.34,2.20,-32.39,10.07,-55.35,1
O,2022-11-13 11:53:59.535493,-0.22,0.43,0.85,6.96,1.10,2.38,-32.39,10.07,-55.35,1
O,2022-11-13 11:53:59.535682,-0.22,0.43,0.84,1.95,0.98,2.32,-32.18,9.89,-54.17,1
O,2022-11-13 11:53:59.535857,-0.23,0.45,0.84,-2.01,0.98,2.26,-32.18,9.89,-54.17,1
O,2022-11-13 11:53:59.536037,-0.24,0.45,0.83,2.01,0.92,2.20,-32.18,9.89,-54.17,1
O,2022-11-13 11:53:59.536205,-0.23,0.43,0.84,4.33,1.04,2.08,-31.91,9.41,-54.30,1
O,2022-11-13 11:53:59.536365,-0.21,0.46,0.82,2.50,1.28,2.38,-31.91,9.41,-54.30,1
O,2022-11-13 11:53:59.536544,-0.22,0.46,0.82,0.92,1.10,2.38,-32.08,10.30,-54.06,1
O,2022-11-13 11:53:59.536711,-0.21,0.46,0.83,2.20,1.53,2.32,-32.08,10.30,-54.06,1
O,2022-11-13 11:53:59.536884,-0.22,0.46,0.82,3.97,1.34,2.50,-32.08,10.30,-54.06,1
O,2022-11-13 11:53:59.537034,-0.21,0.44,0.83,4.58,1.40,2.44,-31.88,9.77,-53.77,1
O,2022-11-13 11:53:59.537188,-0.22,0.45,0.83,2.08,1.46,2.75,-31.88,9.77,-53.77,1
O,2022-11-13 11:53:59.537341,-0.22,0.44,0.83,2.87,1.53,2.44,-31.88,9.77,-53.77,1
O,2022-11-13 11:53:59.537496,-0.22,0.44,0.83,2.75,1.28,2.38,-31.38,9.90,-54.97,1
O,2022-11-13 11:53:59.537648,-0.23,0.44,0.84,0.98,1.77,2.44,-31.38,9.90,-54.97,1
O,2022-11-13 11:53:59.537798,-0.23,0.44,0.83,0.18,1.53,2.44,-31.38,9.90,-54.97,1
O,2022-11-13 11:53:59.537955,-0.23,0.45,0.84,1.04,1.46,2.38,-32.19,9.59,-54.06,1
O,2022-11-13 11:53:59.538112,-0.22,0.43,0.83,1.65,1.53,2.69,-32.19,9.59,-54.06,1
O,2022-11-13 11:53:59.538273,-0.17,0.46,0.85,-2.38,1.77,2.20,-31.98,9.91,-54.41,1
O,2022-11-13 11:53:59.538425,-0.19,0.49,0.84,-3.42,1.04,2.26,-31.98,9.91,-54.41,1
O,2022-11-13 11:53:59.538573,-0.22,0.46,0.81,2.99,0.92,2.62,-31.98,9.91,-54.41,1
O,2022-11-13 11:53:59.538734,-0.22,0.45,0.83,3.17,1.40,2.26,-32.14,10.01,-55.20,1
O,2022-11-13 11:53:59.538890,-0.23,0.45,0.85,3.85,1.53,2.32,-32.14,10.01,-55.20,1
O,2022-11-13 11:53:59.539049,-0.23,0.43,0.84,5.13,1.16,2.50,-32.14,10.01,-55.20,1
O,2022-11-13 11:53:59.539203,-0.23,0.41,0.85,4.46,1.16,2.38,-31.35,9.59,-55.33,1
O,2022-11-13 11:53:59.539351,-0.23,0.42,0.85,1.77,1.04,2.32,-31.35,9.59,-55.33,1
O,2022-11-13 11:53:59.539510,-0.23,0.43,0.84,0.67,0.85,2.32,-31.35,9.59,-55.33,1
O,2022-11-13 11:53:59.539662,-0.22,0.45,0.82,-3.17,1.10,2.08,-32.14,9.64,-54.26,1
O,2022-11-13 11:53:59.539830,-0.22,0.48,0.81,-2.26,1.16,2.26,-32.14,9.64,-54.26,1
O,2022-11-13 11:53:59.539979,-0.22,0.47,0.82,2.50,1.28,2.14,-32.41,9.86,-54.68,1
O,2022-11-13 11:53:59.540128,-0.22,0.45,0.82,3.91,1.46,2.44,-32.41,9.86,-54.68,1
O,2022-11-13 11:53:59.540286,-0.22,0.44,0.85,4.94,1.46,2.50,-32.41,9.86,-54.68,1
O,2022-11-13 11:53:59.540437,-0.22,0.43,0.87,4.94,1.28,2.56,-32.18,10.24,-55.02,1
O,2022-11-13 11:53:59.540601,-0.23,0.43,0.84,2.01,0.92,2.44,-32.18,10.24,-55.02,1
O,2022-11-13 11:53:59.540751,-0.24,0.43,0.85,2.01,1.04,2.20,-32.18,10.24,-55.02,1
O,2022-11-13 11:53:59.540906,-0.24,0.43,0.83,2.26,0.67,2.26,-31.87,10.06,-54.10,1
O,2022-11-13 11:53:59.541064,-0.22,0.43,0.85,1.04,1.16,2.26,-31.87,10.06,-54.10,1
O,2022-11-13 11:53:59.541218,-0.22,0.47,0.79,0.06,1.53,2.32,-31.87,10.06,-54.10,1
O,2022-11-13 11:53:59.541379,-0.22,0.48,0.81,-1.16,1.40,2.56,-32.39,9.80,-54.59,1
O,2022-11-13 11:53:59.541529,-0.20,0.45,0.85,4.70,1.83,2.62,-32.39,9.80,-54.59,1
O,2022-11-13 11:53:59.541686,-0.21,0.46,0.83,4.64,1.46,2.56,-32.12,10.19,-54.60,1
O,2022-11-13 11:53:59.541839,-0.20,0.45,0.85,3.91,1.46,2.56,-32.12,10.19,-54.60,1
O,2022-11-13 11:53:59.541989,-0.23,0.45,0.82,2.99,1.46,2.44,-32.12,10.19,-54.60,1
O,2022-11-13 11:53:59.542150,-0.23,0.44,0.83,2.26,1.22,2.50,-32.26,10.38,-55.94,1
O,2022-11-13 11:53:59.542300,-0.23,0.44,0.84,3.72,1.46,2.44,-32.26,10.38,-55.94,1
O,2022-11-13 11:53:59.542461,-0.21,0.43,0.84,2.62,1.53,2.38,-32.26,10.38,-55.94,1
O,2022-11-13 11:53:59.542612,-0.22,0.44,0.83,0.49,1.28,2.56,-32.58,9.81,-55.02,1
O,2022-11-13 11:53:59.542763,-0.21,0.45,0.83,-1.40,1.46,2.38,-32.58,9.81,-55.02,1
O,2022-11-13 11:53:59.542924,-0.21,0.47,0.82,-1.46,1.46,2.32,-32.58,9.81,-55.02,1
O,2022-11-13 11:53:59.543081,-0.21,0.46,0.83,1.95,1.53,2.38,-32.21,10.02,-54.85,1
O,2022-11-13 11:53:59.543242,-0.22,0.45,0.82,3.17,1.46,2.56,-32.21,10.02,-54.85,1
O,2022-11-13 11:53:59.543391,-0.22,0.44,0.84,3.72,1.59,2.32,-32.08,9.73,-53.97,1
O,2022-11-13 11:53:59.543539,-0.22,0.43,0.84,4.52,1.53,2.56,-32.08,9.73,-53.97,1
O,2022-11-13 11:53:59.543702,-0.23,0.42,0.85,4.76,1.16,2.32,-32.08,9.73,-53.97,1
O,2022-11-13 11:53:59.543853,-0.23,0.43,0.86,4.15,0.98,2.75,-31.53,10.21,-55.31,1
O,2022-11-13 11:53:59.544017,-0.23,0.42,0.84,5.00,0.67,2.75,-31.53,10.21,-55.31,1
O,2022-11-13 11:53:59.544171,-0.23,0.42,0.83,3.85,0.79,2.69,-31.53,10.21,-55.31,1
O,2022-11-13 11:53:59.544329,-0.22,0.44,0.84,1.16,0.98,1.95,-32.24,10.16,-54.85,1
O,2022-11-13 11:53:59.544487,-0.22,0.46,0.80,2.99,0.37,2.50,-32.24,10.16,-54.85,1
O,2022-11-13 11:53:59.544638,-0.23,0.44,0.83,5.80,1.34,2.56,-32.24,10.16,-54.85,1
O,2022-11-13 11:53:59.544799,-0.22,0.45,0.85,4.88,1.10,3.11,-32.30,9.74,-53.71,1
O,2022-11-13 11:53:59.544949,-0.20,0.45,0.85,8.79,1.10,3.85,-32.30,9.74,-53.71,1
O,2022-11-13 11:53:59.545106,-0.22,0.45,0.84,11.90,1.65,5.49,-32.28,10.88,-53.08,1
O,2022-11-13 11:53:59.545275,-0.24,0.45,0.82,11.54,1.95,7.51,-32.28,10.88,-53.08,1
O,2022-11-13 11:53:59.545429,-0.21,0.41,0.86,23.62,2.26,6.84,-32.28,10.88,-53.08,1
O,2022-11-13 11:53:59.545600,-0.21,0.45,0.82,15.14,1.89,7.08,-32.56,10.33,-53.36,1
O,2022-11-13 11:53:59.545755,-0.21,0.43,0.86,15.01,3.11,7.39,-32.56,10.33,-53.36,1
O,2022-11-13 11:53:59.545915,-0.19,0.45,0.83,18.13,3.48,9.16,-32.56,10.33,-53.36,1
O,2022-11-13 11:53:59.546073,-0.20,0.42,0.81,31.68,4.94,10.01,-32.63,10.66,-51.97,1
O,2022-11-13 11:53:59.546226,-0.23,0.36,0.80,2.32,7.69,12.39,-32.63,10.66,-51.97,1
O,2022-11-13 11:53:59.546406,-0.21,0.37,0.88,-12.39,12.27,12.82,-32.63,10.66,-51.97,1
O,2022-11-13 11:53:59.546565,-0.21,0.38,0.87,-22.09,12.57,13.06,-32.98,8.44,-49.68,1
O,2022-11-13 11:53:59.546736,-0.22,0.40,0.83,-15.32,14.53,14.22,-32.98,8.44,-49.68,1
O,2022-11-13 11:53:59.546899,-0.13,0.43,0.97,-17.82,10.99,10.62,-33.26,5.76,-49.48,1
O,2022-11-13 11:53:59.547056,-0.25,0.42,0.79,-13.73,7.14,5.92,-33.26,5.76,-49.48,1
O,2022-11-13 11:53:59.547210,-0.24,0.37,0.82,-10.38,9.64,5.55,-33.26,5.76,-49.48,1
O,2022-11-13 11:53:59.547365,-0.24,0.40,0.95,-37.66,11.78,9.40,-33.39,4.09,-48.95,1
O,2022-11-13 11:53:59.547530,-0.29,0.44,0.86,-16.30,4.03,3.78,-33.39,4.09,-48.95,1
O,2022-11-13 11:53:59.547684,-0.30,0.42,0.77,-12.57,5.00,3.78,-33.39,4.09,-48.95,1
O,2022-11-13 11:53:59.547856,-0.28,0.56,0.73,-60.36,10.38,12.94,-34.23,2.38,-49.63,1
O,2022-11-13 11:53:59.548013,-0.21,0.63,0.94,-5.00,21.48,22.22,-34.23,2.38,-49.63,1
O,2022-11-13 11:53:59.548172,-0.15,0.49,0.91,28.14,16.42,25.63,-34.23,2.38,-49.63,1
O,2022-11-13 11:53:59.548337,-0.09,0.40,0.75,7.02,15.32,27.47,-33.31,2.14,-48.17,1
O,2022-11-13 11:53:59.548497,-0.17,0.48,0.90,-20.32,21.48,22.28,-33.31,2.14,-48.17,1
O,2022-11-13 11:53:59.548661,-0.23,0.51,0.86,-2.62,20.26,21.61,-33.20,1.23,-46.83,1
O,2022-11-13 11:53:59.548816,-0.18,0.47,0.82,-1.71,18.55,24.29,-33.20,1.23,-46.83,1
O,2022-11-13 11:53:59.548973,-0.23,0.42,0.79,1.16,20.08,23.07,-33.20,1.23,-46.83,1
O,2022-11-13 11:53:59.549132,-0.26,0.42,0.86,-6.29,18.80,18.86,-33.39,-0.04,-45.92,1
O,2022-11-13 11:53:59.549295,-0.21,0.42,0.83,-7.51,14.71,12.82,-33.39,-0.04,-45.92,1
O,2022-11-13 11:53:59.549484,-0.18,0.44,0.88,-2.62,13.31,10.13,-33.39,-0.04,-45.92,1
O,2022-11-13 11:53:59.549662,-0.19,0.46,0.80,-12.76,11.54,10.80,-33.12,-1.18,-46.08,1
O,2022-11-13 11:53:59.549821,-0.18,0.42,0.84,0.24,11.60,8.54,-33.12,-1.18,-46.08,1
O,2022-11-13 11:53:59.549978,-0.22,0.46,0.83,-11.90,11.35,8.79,-33.12,-1.18,-46.08,1
O,2022-11-13 11:53:59.550141,-0.23,0.43,0.80,-10.13,12.15,9.83,-33.11,-2.89,-43.37,1
O,2022-11-13 11:53:59.550303,-0.23,0.52,0.79,-24.90,16.36,13.43,-33.11,-2.89,-43.37,1
O,2022-11-13 11:53:59.550463,-0.19,0.57,0.87,-9.09,18.98,15.81,-33.74,-4.13,-43.62,1
O,2022-11-13 11:53:59.550624,-0.25,0.62,0.78,1.28,19.04,20.75,-33.74,-4.13,-43.62,1
O,2022-11-13 11:53:59.550784,-0.28,0.65,0.64,22.52,25.45,30.15,-33.74,-4.13,-43.62,1
O,2022-11-13 11:53:59.550950,-0.21,0.58,0.72,52.73,42.54,45.96,-32.85,-3.63,-42.32,1
O,2022-11-13 11:53:59.551112,-0.12,0.54,0.80,55.36,46.33,52.37,-32.85,-3.63,-42.32,1
O,2022-11-13 11:53:59.551317,-0.11,0.55,0.82,93.87,48.28,57.07,-32.85,-3.63,-42.32,1
O,2022-11-13 11:53:59.551483,-0.09,0.50,0.81,127.81,48.28,66.10,-32.76,-1.23,-41.06,1
O,2022-11-13 11:53:59.551661,-0.14,0.37,0.99,164.92,48.03,71.29,-32.76,-1.23,-41.06,1
O,2022-11-13 11:53:59.551822,0.02,0.14,1.03,181.58,26.18,59.75,-32.76,-1.23,-41.06,1
O,2022-11-13 11:53:59.551986,-0.07,-0.06,0.90,191.96,20.45,46.39,-32.41,4.92,-40.72,1
O,2022-11-13 11:53:59.552156,0.01,-0.06,0.89,93.38,18.92,37.60,-32.41,4.92,-40.72,1
O,2022-11-13 11:53:59.552332,-0.03,-0.06,0.95,86.36,17.09,14.28,-31.92,7.92,-41.41,1
O,2022-11-13 11:53:59.552493,-0.08,0.03,0.97,40.83,13.85,0.24,-31.92,7.92,-41.41,1
O,2022-11-13 11:53:59.552669,-0.06,0.08,0.95,34.85,12.02,-6.35,-31.92,7.92,-41.41,1
O,2022-11-13 11:53:59.552862,-0.03,0.04,1.16,28.02,9.46,-5.00,-31.04,7.60,-41.38,1
O,2022-11-13 11:53:59.553034,-0.07,-0.00,0.97,39.55,1.04,-4.03,-31.04,7.60,-41.38,1
O,2022-11-13 11:53:59.553204,-0.16,-0.05,1.01,22.22,1.04,1.95,-31.04,7.60,-41.38,1
O,2022-11-13 11:53:59.553395,-0.14,-0.05,0.95,35.10,0.31,2.56,-31.29,8.24,-40.61,1
O,2022-11-13 11:53:59.553563,-0.15,-0.06,0.95,33.87,1.71,12.63,-31.29,8.24,-40.61,1
O,2022-11-13 11:53:59.553751,-0.16,-0.02,0.95,17.64,5.07,14.77,-31.29,8.24,-40.61,1
O,2022-11-13 11:53:59.553925,0.04,-0.09,1.14,35.71,7.45,11.90,-30.91,9.67,-41.22,1
O,2022-11-13 11:53:59.554097,-0.12,-0.06,0.94,42.91,0.31,7.32,-30.91,9.67,-41.22,1
O,2022-11-13 11:53:59.554262,-0.12,-0.08,0.93,37.17,1.04,5.62,-31.32,9.66,-39.09,1
O,2022-11-13 11:53:59.554427,-0.08,-0.07,0.99,15.32,1.59,6.10,-31.32,9.66,-39.09,1
O,2022-11-13 11:53:59.554597,-0.10,-0.05,0.98,18.37,0.92,4.15,-31.32,9.66,-39.09,1
O,2022-11-13 11:53:59.554767,-0.15,-0.08,0.95,27.59,0.98,4.15,-31.41,11.05,-39.90,1
O,2022-11-13 11:53:59.554946,-0.12,-0.13,0.95,25.76,1.40,1.40,-31.41,11.05,-39.90,1
O,2022-11-13 11:53:59.555122,-0.09,-0.14,0.97,15.87,2.62,-2.32,-31.41,11.05,-39.90,1
O,2022-11-13 11:53:59.555285,-0.07,-0.11,0.98,3.30,2.44,-4.27,-31.01,11.36,-40.42,1
O,2022-11-13 11:53:59.555444,-0.10,-0.11,0.97,0.00,2.26,-6.65,-31.01,11.36,-40.42,1
O,2022-11-13 11:53:59.555606,-0.13,-0.01,0.95,-5.37,2.26,-4.94,-31.01,11.36,-40.42,1
O,2022-11-13 11:53:59.555768,-0.13,-0.01,0.91,10.07,3.11,1.59,-30.96,10.57,-40.47,1
O,2022-11-13 11:53:59.555924,-0.08,-0.14,1.01,19.23,5.86,3.42,-30.96,10.57,-40.47,1
O,2022-11-13 11:53:59.556095,-0.11,-0.05,0.91,-33.45,4.52,-1.71,-31.19,10.50,-40.38,1
O,2022-11-13 11:53:59.556255,-0.05,0.04,1.01,-8.18,9.46,-10.56,-31.19,10.50,-40.38,1
O,2022-11-13 11:53:59.556430,-0.10,-0.08,1.04,21.18,8.00,-11.41,-31.19,10.50,-40.38,1
O,2022-11-13 11:53:59.556589,-0.09,-0.12,0.98,17.46,3.91,-5.49,-30.46,10.36,-41.58,1
O,2022-11-13 11:53:59.556747,-0.05,-0.14,0.98,5.31,3.42,-0.79,-30.46,10.36,-41.58,1
O,2022-11-13 11:53:59.556915,-0.04,-0.08,0.99,-7.57,2.81,3.48,-30.46,10.36,-41.58,1
O,2022-11-13 11:53:59.557069,-0.06,-0.01,1.00,-6.35,1.28,3.23,-30.82,9.56,-41.21,1
O,2022-11-13 11:53:59.557231,-0.09,-0.06,0.96,5.07,1.28,2.44,-30.82,9.56,-41.21,1
O,2022-11-13 11:53:59.557383,-0.09,-0.07,0.97,3.30,1.53,2.38,-30.82,9.56,-41.21,1
O,2022-11-13 11:53:59.557543,-0.09,-0.07,0.98,0.98,1.46,2.69,-30.26,9.53,-40.77,1
O,2022-11-13 11:53:59.557694,-0.10,-0.09,0.97,4.15,1.34,3.17,-30.26,9.53,-40.77,1
O,2022-11-13 11:53:59.557848,-0.10,-0.10,0.97,10.50,1.65,4.46,-30.85,9.25,-40.76,1
O,2022-11-13 11:53:59.558012,-0.10,-0.10,0.99,11.54,1.34,5.49,-30.85,9.25,-40.76,1
O,2022-11-13 11:53:59.558164,-0.10,-0.11,0.99,17.70,0.85,7.63,-30.85,9.25,-40.76,1
O,2022-11-13 11:53:59.558333,-0.08,-0.11,1.00,15.50,-0.73,10.99,-30.94,10.44,-40.17,1
O,2022-11-13 11:53:59.558493,-0.08,-0.07,0.95,3.42,-3.11,17.27,-30.94,10.44,-40.17,1
O,2022-11-13 11:53:59.558663,-0.07,-0.05,0.97,21.30,-3.30,35.58,-30.94,10.44,-40.17,1
O,2022-11-13 11:53:59.558831,-0.04,-0.09,0.97,16.24,-4.15,50.42,-30.53,11.69,-40.58,1
O,2022-11-13 11:53:59.558997,-0.07,-0.13,0.99,20.75,-5.98,62.68,-30.53,11.69,-40.58,1
O,2022-11-13 11:53:59.559174,-0.07,-0.09,0.98,-11.60,-8.61,72.94,-30.53,11.69,-40.58,1
O,2022-11-13 11:53:59.559341,-0.14,-0.01,0.92,-39.49,-10.13,78.74,-31.52,13.21,-40.53,1
O,2022-11-13 11:53:59.559513,-0.14,-0.07,0.95,-3.91,-3.72,72.27,-31.52,13.21,-40.53,1
O,2022-11-13 11:53:59.559675,-0.11,-0.10,0.47,-57.07,9.40,66.71,-32.08,14.48,-39.18,1
O,2022-11-13 11:53:59.559847,-0.45,0.05,0.97,-80.20,33.26,60.55,-32.08,14.48,-39.18,1
O,2022-11-13 11:53:59.560008,-0.25,0.09,1.30,-44.19,29.05,63.05,-32.08,14.48,-39.18,1
O,2022-11-13 11:53:59.560171,0.08,-0.00,1.17,21.67,7.45,67.38,-31.26,14.88,-40.10,1
O,2022-11-13 11:53:59.560331,-0.08,-0.25,0.71,-44.31,5.31,59.33,-31.26,14.88,-40.10,1
O,2022-11-13 11:53:59.560491,-0.12,0.18,0.92,-67.87,15.75,59.69,-31.26,14.88,-40.10,1
O,2022-11-13 11:53:59.560662,0.13,0.27,0.94,-76.35,10.62,106.38,-31.02,15.45,-41.19,1
O,2022-11-13 11:53:59.560824,0.01,0.12,0.89,-10.86,20.69,151.73,-31.02,15.45,-41.19,1
O,2022-11-13 11:53:59.561013,-0.16,-0.05,1.00,23.99,21.30,167.48,-31.02,15.45,-41.19,1
O,2022-11-13 11:53:59.561180,-0.03,-0.06,0.52,-39.49,17.46,173.65,-29.57,19.45,-40.19,1
O,2022-11-13 11:53:59.561351,0.12,0.14,1.00,-72.51,43.88,150.82,-29.57,19.45,-40.19,1
O,2022-11-13 11:53:59.561531,-0.12,0.10,1.34,-106.63,45.53,154.91,-27.00,21.13,-41.48,1
O,2022-11-13 11:53:59.561698,0.05,0.14,1.00,6.04,70.98,139.95,-27.00,21.13,-41.48,1
O,2022-11-13 11:53:59.561866,-0.14,-0.13,0.88,64.45,36.25,141.91,-27.00,21.13,-41.48,1
O,2022-11-13 11:53:59.562028,0.01,-0.08,0.99,-9.34,38.27,136.90,-24.22,24.07,-41.55,1
O,2022-11-13 11:53:59.562201,-0.07,0.12,1.06,-0.55,36.87,132.57,-24.22,24.07,-41.55,1
O,2022-11-13 11:53:59.562364,0.03,0.10,0.94,35.58,20.51,133.30,-24.22,24.07,-41.55,1
O,2022-11-13 11:53:59.562536,0.17,0.92,1.15,-252.93,-7.08,77.64,-21.66,25.22,-44.49,1
O,2022-11-13 11:53:59.562698,-0.09,0.47,0.98,-1.77,-3.48,91.55,-21.66,25.22,-44.49,1
O,2022-11-13 11:53:59.562866,-0.02,0.13,0.83,97.05,18.86,100.04,-21.66,25.22,-44.49,1
O,2022-11-13 11:53:59.563030,-0.11,-0.18,0.97,64.21,31.86,95.09,-20.56,27.94,-43.41,1
O,2022-11-13 11:53:59.563198,0.01,-0.05,0.95,-14.16,27.77,98.75,-20.56,27.94,-43.41,1
O,2022-11-13 11:53:59.563358,0.06,0.00,0.99,20.87,21.85,96.07,-18.32,30.10,-43.71,1
O,2022-11-13 11:53:59.563516,0.09,0.00,0.98,-3.23,11.41,91.74,-18.32,30.10,-43.71,1
O,2022-11-13 11:53:59.563683,0.08,-0.07,0.97,-2.87,12.45,81.12,-18.32,30.10,-43.71,1
O,2022-11-13 11:53:59.563847,0.13,-0.07,0.96,-20.45,14.83,62.81,-16.77,31.07,-43.88,1
O,2022-11-13 11:53:59.564018,0.17,0.09,0.99,-31.80,12.94,54.14,-16.77,31.07,-43.88,1
O,2022-11-13 11:53:59.564178,0.14,0.14,0.99,-28.69,11.11,45.84,-16.77,31.07,-43.88,1
O,2022-11-13 11:53:59.564341,0.17,0.18,0.95,-2.44,7.14,34.97,-14.54,30.58,-44.57,1
O,2022-11-13 11:53:59.564494,0.09,0.14,0.96,8.00,6.41,25.45,-14.54,30.58,-44.57,1
O,2022-11-13 11:53:59.564650,-0.02,0.06,1.03,30.21,8.24,20.75,-14.54,30.58,-44.57,1
O,2022-11-13 11:53:59.564815,0.06,0.12,0.99,49.44,10.68,22.89,-14.49,32.07,-44.64,1
O,2022-11-13 11:53:59.564972,-0.01,0.10,0.98,58.41,6.96,28.32,-14.49,32.07,-44.64,1
O,2022-11-13 11:53:59.565138,0.06,0.08,1.00,61.28,6.59,29.17,-14.25,33.36,-42.80,1
O,2022-11-13 11:53:59.565295,0.04,-0.01,0.97,69.46,5.13,30.40,-14.25,33.36,-42.80,1
O,2022-11-13 11:53:59.565452,0.05,-0.04,0.96,64.27,3.97,29.24,-14.25,33.36,-42.80,1
O,2022-11-13 11:53:59.565618,0.08,-0.03,1.00,35.77,1.65,24.05,-13.35,36.02,-42.46,1
O,2022-11-13 11:53:59.565774,0.05,-0.08,0.94,46.14,3.42,18.55,-13.35,36.02,-42.46,1
O,2022-11-13 11:53:59.565942,0.07,-0.04,0.98,22.28,0.00,15.08,-13.35,36.02,-42.46,1
O,2022-11-13 11:53:59.566119,0.05,-0.08,0.96,25.57,-0.61,13.43,-13.15,37.07,-40.97,1
O,2022-11-13 11:53:59.566284,0.06,-0.07,0.97,21.67,-0.55,8.30,-13.15,37.07,-40.97,1
O,2022-11-13 11:53:59.566439,0.05,-0.11,0.96,7.02,0.55,4.46,-13.15,37.07,-40.97,1
O,2022-11-13 11:53:59.566590,0.04,-0.06,0.97,0.73,1.16,2.44,-13.06,36.84,-41.03,1
O,2022-11-13 11:53:59.566744,0.04,-0.07,0.97,5.25,1.22,2.26,-13.06,36.84,-41.03,1
O,2022-11-13 11:53:59.566898,0.04,-0.05,0.97,4.76,1.04,2.50,-13.16,36.65,-40.81,1
O,2022-11-13 11:53:59.567056,0.05,-0.04,0.99,11.05,1.28,2.75,-13.16,36.65,-40.81,1
O,2022-11-13 11:53:59.567231,0.06,-0.01,1.00,10.99,0.79,4.70,-13.16,36.65,-40.81,1
O,2022-11-13 11:53:59.567392,0.01,-0.04,1.00,26.86,-0.24,8.67,-13.44,37.11,-40.92,1
O,2022-11-13 11:53:59.567558,0.03,-0.10,0.96,44.13,2.26,15.56,-13.44,37.11,-40.92,1
O,2022-11-13 11:53:59.567728,0.05,-0.12,0.97,24.23,1.04,16.17,-13.44,37.11,-40.92,1
O,2022-11-13 11:53:59.567905,0.07,-0.17,0.96,21.12,0.61,11.54,-12.83,38.11,-39.58,1
O,2022-11-13 11:53:59.568062,0.06,-0.16,0.95,6.71,-0.12,3.72,-12.83,38.11,-39.58,1
O,2022-11-13 11:53:59.568225,0.05,-0.13,0.95,1.46,0.37,1.77,-12.83,38.11,-39.58,1
O,2022-11-13 11:53:59.568379,0.04,-0.16,0.95,-1.95,0.85,1.10,-13.07,38.38,-39.97,1
O,2022-11-13 11:53:59.568547,-0.06,-0.19,0.92,-14.83,0.92,-0.67,-13.07,38.38,-39.97,1
O,2022-11-13 11:53:59.568712,0.06,-0.13,0.94,-39.06,-4.21,-2.26,-13.95,37.81,-39.81,1
O,2022-11-13 11:53:59.568879,0.04,-0.12,0.97,-38.51,-0.18,-2.75,-13.95,37.81,-39.81,1
O,2022-11-13 11:53:59.569046,0.06,-0.04,0.98,-57.13,0.31,-0.55,-13.95,37.81,-39.81,1
O,2022-11-13 11:53:59.569217,0.05,0.05,1.01,-44.19,4.33,-5.25,-13.78,35.75,-41.49,1
O,2022-11-13 11:53:59.569384,0.06,0.09,1.03,-8.54,8.06,-10.50,-13.78,35.75,-41.49,1
O,2022-11-13 11:53:59.569553,0.09,0.00,1.00,16.24,9.22,-9.09,-13.78,35.75,-41.49,1
O,2022-11-13 11:53:59.569724,0.06,-0.02,0.98,21.67,5.31,-0.67,-14.22,35.88,-41.04,1
O,2022-11-13 11:53:59.569897,0.07,-0.02,0.99,37.35,6.59,10.19,-14.22,35.88,-41.04,1
O,2022-11-13 11:53:59.570063,0.05,-0.13,0.96,50.78,2.69,28.75,-14.22,35.88,-41.04,1
O,2022-11-13 11:53:59.570247,0.07,-0.16,0.97,40.65,-5.43,35.03,-13.39,36.68,-39.14,1
O,2022-11-13 11:53:59.570418,0.16,0.14,0.96,-1.89,0.67,13.61,-13.39,36.68,-39.14,1
O,2022-11-13 11:53:59.570612,0.08,-0.21,0.98,36.07,-1.22,4.03,-13.43,37.87,-39.99,1
O,2022-11-13 11:53:59.570781,0.03,-0.08,1.00,0.55,-1.40,4.39,-13.43,37.87,-39.99,1
O,2022-11-13 11:53:59.570952,0.03,-0.08,0.95,-0.18,-1.53,6.04,-13.43,37.87,-39.99,1
O,2022-11-13 11:53:59.571121,0.04,-0.20,0.99,14.53,1.22,4.21,-13.48,37.85,-39.23,1
O,2022-11-13 11:53:59.571293,0.01,-0.23,0.92,-11.35,1.16,-15.56,-13.48,37.85,-39.23,1
O,2022-11-13 11:53:59.571490,-0.01,-0.15,0.92,-55.73,-0.92,-1.16,-13.48,37.85,-39.23,1
O,2022-11-13 11:53:59.571666,0.05,-0.08,1.03,-48.10,-2.56,-0.49,-14.10,36.16,-39.37,1
O,2022-11-13 11:53:59.571837,0.04,-0.00,1.03,-33.63,9.89,1.22,-14.10,36.16,-39.37,1
O,2022-11-13 11:53:59.572014,0.07,-0.02,0.98,-1.40,26.18,-3.72,-14.10,36.16,-39.37,1
O,2022-11-13 11:53:59.572197,0.04,0.01,0.98,-0.31,31.31,-11.60,-13.37,35.52,-40.77,1
O,2022-11-13 11:53:59.572379,0.14,-0.02,0.98,22.64,30.03,-22.28,-13.37,35.52,-40.77,1
O,2022-11-13 11:53:59.572561,0.17,0.00,0.98,11.11,24.48,-17.94,-13.09,36.29,-40.66,1
O,2022-11-13 11:53:59.572732,0.14,-0.04,0.97,5.55,14.83,-14.83,-13.09,36.29,-40.66,1
O,2022-11-13 11:53:59.572897,0.12,-0.08,0.96,8.42,4.39,-8.61,-13.09,36.29,-40.66,1
O,2022-11-13 11:53:59.573059,0.02,-0.25,0.81,2.99,-9.89,1.71,-13.21,35.84,-41.10,1
O,2022-11-13 11:53:59.573236,0.11,-0.07,0.96,-35.52,-19.90,31.49,-13.21,35.84,-41.10,1
O,2022-11-13 11:53:59.573408,0.07,-0.07,0.97,9.83,-10.25,50.54,-13.21,35.84,-41.10,1
O,2022-11-13 11:53:59.573593,0.06,0.03,1.02,24.23,-4.58,64.70,-12.02,35.55,-42.19,1
O,2022-11-13 11:53:59.573766,0.07,-0.03,1.01,55.36,-0.24,63.17,-12.02,35.55,-42.19,1
O,2022-11-13 11:53:59.573959,0.06,-0.10,0.98,46.45,6.29,42.60,-12.02,35.55,-42.19,1
O,2022-11-13 11:53:59.574116,0.07,-0.10,0.92,18.92,2.50,18.25,-11.50,37.07,-40.36,1
O,2022-11-13 11:53:59.574282,0.10,-0.05,0.98,-3.30,-1.71,3.11,-11.50,37.07,-40.36,1
O,2022-11-13 11:53:59.574437,0.09,-0.05,1.00,1.83,-0.24,-7.20,-11.79,37.10,-40.88,1
O,2022-11-13 11:53:59.574607,0.03,-0.06,0.95,2.50,3.54,-11.90,-11.79,37.10,-40.88,1
O,2022-11-13 11:53:59.574767,0.08,-0.10,0.96,0.67,12.82,-21.91,-11.79,37.10,-40.88,1
O,2022-11-13 11:53:59.574939,0.06,-0.05,0.96,-18.19,20.63,-36.01,-11.89,36.74,-40.19,1
O,2022-11-13 11:53:59.575099,0.11,-0.03,0.96,-8.48,19.59,-40.71,-11.89,36.74,-40.19,1
O,2022-11-13 11:53:59.575263,0.10,-0.06,0.98,-6.10,14.10,-36.87,-11.89,36.74,-40.19,1
O,2022-11-13 11:53:59.575427,0.17,-0.10,0.97,-12.94,5.37,-23.74,-12.57,36.21,-40.66,1
O,2022-11-13 11:53:59.575587,0.15,-0.10,0.97,-17.64,-0.55,-1.89,-12.57,36.21,-40.66,1
O,2022-11-13 11:53:59.575766,0.07,-0.07,0.97,-24.05,-10.19,39.00,-12.57,36.21,-40.66,1
O,2022-11-13 11:53:59.575928,0.12,-0.00,0.97,29.11,-14.59,56.34,-12.01,35.93,-41.38,1
O,2022-11-13 11:53:59.576104,0.11,-0.10,0.97,68.12,-10.44,59.88,-12.01,35.93,-41.38,1
O,2022-11-13 11:53:59.576262,0.05,-0.16,0.96,47.18,-6.77,51.82,-10.96,37.66,-40.64,1
O,2022-11-13 11:53:59.576426,0.06,-0.11,0.99,20.14,4.88,35.83,-10.96,37.66,-40.64,1
O,2022-11-13 11:53:59.576583,0.05,-0.14,0.95,20.45,8.97,23.32,-10.96,37.66,-40.64,1
O,2022-11-13 11:53:59.576745,0.07,-0.11,0.96,-5.68,-3.05,15.26,-10.34,37.57,-40.27,1
O,2022-11-13 11:53:59.576918,0.06,-0.05,0.96,-9.64,-0.67,-1.46,-10.34,37.57,-40.27,1
O,2022-11-13 11:53:59.577078,0.13,-0.06,0.98,-2.38,2.26,-14.65,-10.34,37.57,-40.27,1
O,2022-11-13 11:53:59.577250,0.09,-0.07,1.00,6.23,11.66,-20.87,-10.77,37.50,-40.94,1
O,2022-11-13 11:53:59.577409,0.10,-0.08,0.98,5.86,23.80,-29.24,-10.77,37.50,-40.94,1
O,2022-11-13 11:53:59.577574,0.12,-0.13,0.97,0.18,35.71,-37.05,-10.77,37.50,-40.94,1
O,2022-11-13 11:53:59.577733,0.11,-0.09,0.94,2.50,34.24,-38.57,-11.10,37.43,-39.90,1
O,2022-11-13 11:53:59.577896,0.13,-0.08,0.94,-18.37,23.56,-29.05,-11.10,37.43,-39.90,1
O,2022-11-13 11:53:59.578071,0.18,-0.09,0.94,-21.48,5.31,-15.14,-10.47,36.89,-41.89,1
O,2022-11-13 11:53:59.578236,0.15,-0.16,0.96,-14.10,-25.02,13.43,-10.47,36.89,-41.89,1
O,2022-11-13 11:53:59.578406,0.16,-0.05,0.98,6.71,-27.22,34.91,-10.47,36.89,-41.89,1
O,2022-11-13 11:53:59.578569,0.12,-0.10,0.98,17.03,-30.88,47.49,-10.80,36.87,-41.10,1
O,2022-11-13 11:53:59.578738,0.07,-0.15,0.97,7.32,-20.94,35.77,-10.80,36.87,-41.10,1
O,2022-11-13 11:53:59.578897,0.07,-0.05,0.99,-9.52,-3.91,21.73,-10.80,36.87,-41.10,1
O,2022-11-13 11:53:59.579047,0.06,-0.10,0.95,8.73,2.08,16.85,-9.58,37.93,-40.63,1
O,2022-11-13 11:53:59.579211,0.08,-0.10,0.91,6.90,-1.46,10.93,-9.58,37.93,-40.63,1
O,2022-11-13 11:53:59.579362,0.07,-0.11,0.97,1.34,0.12,-0.92,-9.58,37.93,-40.63,1
O,2022-11-13 11:53:59.579530,0.07,-0.08,0.98,-8.24,2.87,-12.57,-9.90,37.57,-40.78,1
O,2022-11-13 11:53:59.579685,0.08,-0.02,0.97,-7.14,9.28,-17.09,-9.90,37.57,-40.78,1
O,2022-11-13 11:53:59.579846,0.16,-0.08,1.00,9.09,20.81,-23.44,-9.84,37.35,-40.36,1
O,2022-11-13 11:53:59.580003,0.09,-0.05,0.94,7.39,28.44,-30.82,-9.84,37.35,-40.36,1
O,2022-11-13 11:53:59.580163,0.18,-0.13,0.95,17.76,29.42,-34.67,-9.84,37.35,-40.36,1
O,2022-11-13 11:53:59.580334,0.15,-0.08,0.96,9.16,25.51,-36.44,-10.31,37.28,-40.81,1
O,2022-11-13 11:53:59.580495,0.15,-0.07,0.96,11.29,18.86,-29.42,-10.31,37.28,-40.81,1
O,2022-11-13 11:53:59.580657,0.18,-0.17,0.96,5.07,8.61,-11.90,-10.31,37.28,-40.81,1
O,2022-11-13 11:53:59.580817,0.18,-0.13,0.99,-14.10,-1.46,15.26,-9.81,37.06,-41.38,1
O,2022-11-13 11:53:59.580983,0.12,-0.03,0.95,-19.90,-9.09,35.77,-9.81,37.06,-41.38,1
O,2022-11-13 11:53:59.581143,0.18,-0.05,0.98,12.45,-16.78,52.80,-9.81,37.06,-41.38,1
O,2022-11-13 11:53:59.581302,0.17,-0.10,0.97,35.34,-19.10,51.33,-9.58,37.51,-41.22,1
O,2022-11-13 11:53:59.581470,0.15,-0.14,0.98,23.86,-15.08,42.97,-9.58,37.51,-41.22,1
O,2022-11-13 11:53:59.581629,0.11,-0.15,0.97,-10.01,-6.29,28.81,-8.57,37.92,-40.89,1
O,2022-11-13 11:53:59.581798,0.09,-0.05,0.96,-5.00,-1.89,18.07,-8.57,37.92,-40.89,1
O,2022-11-13 11:53:59.581950,0.10,-0.10,0.95,3.60,3.30,8.73,-8.57,37.92,-40.89,1
O,2022-11-13 11:53:59.582112,0.10,-0.12,0.96,-6.96,4.76,-3.05,-8.52,38.18,-40.95,1
O,2022-11-13 11:53:59.582271,0.10,-0.07,0.96,-16.17,7.39,-11.23,-8.52,38.18,-40.95,1
O,2022-11-13 11:53:59.582429,0.13,-0.07,0.97,-5.74,17.33,-18.37,-8.52,38.18,-40.95,1
O,2022-11-13 11:53:59.582599,0.19,-0.05,0.99,-2.50,22.09,-20.57,-9.23,38.05,-41.13,1
O,2022-11-13 11:53:59.582774,0.16,-0.06,0.95,0.43,24.96,-20.02,-9.23,38.05,-41.13,1
O,2022-11-13 11:53:59.582964,0.18,-0.09,0.96,4.94,23.62,-21.48,-9.23,38.05,-41.13,1
O,2022-11-13 11:53:59.583151,0.18,-0.09,0.94,-0.37,15.32,-14.53,-8.50,36.90,-40.84,1
O,2022-11-13 11:53:59.583314,0.15,-0.08,0.96,13.06,-0.24,12.27,-8.50,36.90,-40.84,1
O,2022-11-13 11:53:59.583473,0.21,-0.12,0.95,-3.42,-4.94,26.00,-8.29,36.63,-41.67,1
O,2022-11-13 11:53:59.583648,0.15,-0.04,0.96,-7.93,-11.60,33.51,-8.29,36.63,-41.67,1
O,2022-11-13 11:53:59.583816,0.15,-0.04,0.96,13.73,-13.61,34.85,-8.29,36.63,-41.67,1
O,2022-11-13 11:53:59.583978,0.16,-0.11,0.95,29.91,-10.25,27.34,-7.68,38.44,-41.39,1
O,2022-11-13 11:53:59.584153,0.13,-0.11,0.96,3.91,-3.30,12.15,-7.68,38.44,-41.39,1
O,2022-11-13 11:53:59.584302,0.16,-0.09,0.97,5.07,0.24,1.59,-7.68,38.44,-41.39,1
O,2022-11-13 11:53:59.584461,0.14,-0.07,0.96,3.11,-1.71,-3.42,-7.90,38.40,-41.66,1
O,2022-11-13 11:53:59.584620,0.13,-0.10,0.96,7.51,-1.46,-6.65,-7.90,38.40,-41.66,1
O,2022-11-13 11:53:59.584778,0.17,-0.11,0.98,11.60,3.17,-11.72,-7.90,38.40,-41.66,1
O,2022-11-13 11:53:59.584938,0.12,-0.08,0.96,4.09,6.35,-14.47,-8.42,38.26,-42.21,1
O,2022-11-13 11:53:59.585095,0.16,-0.12,0.96,4.70,8.06,-14.83,-8.42,38.26,-42.21,1
O,2022-11-13 11:53:59.585253,0.18,-0.14,0.96,0.49,2.38,-3.91,-8.97,37.89,-41.08,1
O,2022-11-13 11:53:59.585414,0.19,-0.13,0.96,0.79,-3.78,15.56,-8.97,37.89,-41.08,1
O,2022-11-13 11:53:59.585580,0.17,-0.14,0.96,-7.75,-11.23,36.13,-8.97,37.89,-41.08,1
O,2022-11-13 11:53:59.585741,0.14,-0.08,0.96,-12.08,-16.91,49.44,-8.11,37.78,-41.55,1
O,2022-11-13 11:53:59.585901,0.11,-0.09,0.97,31.68,-13.98,47.91,-8.11,37.78,-41.55,1
O,2022-11-13 11:53:59.586065,0.11,-0.11,0.96,30.52,-4.64,41.81,-8.11,37.78,-41.55,1
O,2022-11-13 11:53:59.586219,0.13,-0.12,0.97,12.63,3.11,30.15,-7.57,38.84,-40.63,1
O,2022-11-13 11:53:59.586383,0.13,-0.08,0.94,-0.98,6.77,12.63,-7.57,38.84,-40.63,1
O,2022-11-13 11:53:59.586539,0.14,-0.09,0.95,-2.87,5.19,-5.25,-7.57,38.84,-40.63,1
O,2022-11-13 11:53:59.586701,0.14,-0.06,0.97,2.87,6.35,-15.87,-7.81,38.65,-41.13,1
O,2022-11-13 11:53:59.586875,0.15,-0.11,0.97,-1.10,10.19,-18.01,-7.81,38.65,-41.13,1
O,2022-11-13 11:53:59.587040,0.16,-0.10,0.97,-0.49,13.00,-13.31,-7.76,38.42,-41.33,1
O,2022-11-13 11:53:59.587205,0.18,-0.11,0.96,1.22,10.99,-5.74,-7.76,38.42,-41.33,1
O,2022-11-13 11:53:59.587361,0.17,-0.10,0.94,2.50,3.85,5.13,-7.76,38.42,-41.33,1
O,2022-11-13 11:53:59.587544,0.16,-0.08,0.97,8.91,-0.43,15.44,-8.52,38.39,-42.02,1
O,2022-11-13 11:53:59.587702,0.15,-0.11,0.96,1.04,-1.46,14.59,-8.52,38.39,-42.02,1
O,2022-11-13 11:53:59.587877,0.15,-0.10,0.95,2.44,-2.56,14.47,-8.52,38.39,-42.02,1
O,2022-11-13 11:53:59.588050,0.13,-0.09,0.94,3.36,-6.71,13.79,-7.81,38.96,-41.80,1
O,2022-11-13 11:53:59.588233,0.13,-0.12,0.96,7.93,-6.04,10.01,-7.81,38.96,-41.80,1
O,2022-11-13 11:53:59.588392,0.15,-0.13,0.95,2.26,-1.71,-0.79,-7.81,38.96,-41.80,1
O,2022-11-13 11:53:59.588547,0.16,-0.09,0.97,2.69,-2.62,-0.61,-8.58,38.15,-40.34,1
O,2022-11-13 11:53:59.588706,0.15,-0.09,0.97,4.33,-2.08,0.00,-8.58,38.15,-40.34,1
O,2022-11-13 11:53:59.588864,0.14,-0.09,0.97,3.78,-0.79,0.12,-8.17,38.79,-40.37,1
O,2022-11-13 11:53:59.589025,0.14,-0.11,0.95,4.88,-0.98,-0.24,-8.17,38.79,-40.37,1
O,2022-11-13 11:53:59.589194,0.13,-0.12,0.96,6.47,-1.28,0.85,-8.17,38.79,-40.37,1
O,2022-11-13 11:53:59.589358,0.12,-0.12,0.96,6.53,-0.55,1.46,-8.92,38.87,-39.76,1
O,2022-11-13 11:53:59.589583,0.08,-0.10,0.96,6.65,0.85,3.23,-8.92,38.87,-39.76,1
O,2022-11-13 11:53:59.589758,0.16,-0.13,0.97,6.47,2.44,4.76,-8.92,38.87,-39.76,1
O,2022-11-13 11:53:59.589928,0.17,-0.12,0.95,-0.43,3.23,3.05,-8.47,38.73,-40.28,1
O,2022-11-13 11:53:59.590112,0.17,-0.12,0.95,2.56,0.43,2.32,-8.47,38.73,-40.28,1
O,2022-11-13 11:53:59.590286,0.16,-0.12,0.96,0.92,0.43,2.01,-8.47,38.73,-40.28,1
O,2022-11-13 11:53:59.590447,0.14,-0.12,0.97,-0.43,1.95,4.21,-7.75,38.45,-39.29,1
O,2022-11-13 11:53:59.590620,0.14,-0.10,0.96,-0.85,3.42,6.65,-7.75,38.45,-39.29,1
O,2022-11-13 11:53:59.590785,0.14,-0.10,0.96,-0.67,3.54,5.80,-8.19,38.72,-40.32,1
O,2022-11-13 11:53:59.590955,0.14,-0.12,0.96,1.77,2.08,5.19,-8.19,38.72,-40.32,1
O,2022-11-13 11:53:59.591123,0.13,-0.11,0.96,4.82,1.40,7.08,-8.19,38.72,-40.32,1
O,2022-11-13 11:53:59.591283,0.14,-0.12,0.95,7.51,0.43,11.17,-8.28,38.61,-41.35,1
O,2022-11-13 11:53:59.591475,0.15,-0.11,0.96,6.47,0.92,12.45,-8.28,38.61,-41.35,1
O,2022-11-13 11:53:59.591666,0.15,-0.09,0.95,4.21,-0.79,11.23,-8.28,38.61,-41.35,1
O,2022-11-13 11:53:59.591836,0.16,-0.11,0.95,3.85,-4.70,9.52,-8.24,38.65,-40.55,1
O,2022-11-13 11:53:59.592000,0.17,-0.15,0.95,6.90,-8.61,7.81,-8.24,38.65,-40.55,1
O,2022-11-13 11:53:59.592161,0.16,-0.14,0.97,4.09,-7.69,8.24,-8.24,38.65,-40.55,1
O,2022-11-13 11:53:59.592312,0.15,-0.14,0.96,4.09,-4.21,9.83,-8.40,38.88,-39.26,1
O,2022-11-13 11:53:59.592478,0.14,-0.11,0.96,2.38,-1.53,8.06,-8.40,38.88,-39.26,1
O,2022-11-13 11:53:59.592627,0.12,-0.12,0.96,3.17,0.12,6.10,-7.78,39.07,-39.58,1
O,2022-11-13 11:53:59.592776,0.11,-0.10,0.97,2.20,2.01,3.78,-7.78,39.07,-39.58,1
O,2022-11-13 11:53:59.592934,0.12,-0.11,0.95,1.89,2.32,2.75,-7.78,39.07,-39.58,1
O,2022-11-13 11:53:59.593084,0.12,-0.11,0.96,5.55,0.24,1.46,-6.91,39.21,-40.14,1
O,2022-11-13 11:53:59.593246,0.14,-0.13,0.97,6.23,0.79,0.98,-6.91,39.21,-40.14,1
O,2022-11-13 11:53:59.593396,0.14,-0.11,0.96,3.78,1.28,0.67,-6.91,39.21,-40.14,1
O,2022-11-13 11:53:59.593545,0.16,-0.13,0.96,2.75,1.83,1.28,-7.70,39.18,-39.87,1
O,2022-11-13 11:53:59.593705,0.14,-0.12,0.96,3.36,1.16,3.48,-7.70,39.18,-39.87,1
O,2022-11-13 11:53:59.593858,0.14,-0.12,0.96,3.48,-0.24,5.43,-7.70,39.18,-39.87,1
O,2022-11-13 11:53:59.594017,0.14,-0.12,0.96,5.13,-1.59,6.04,-7.53,39.05,-38.55,1
O,2022-11-13 11:53:59.594167,0.14,-0.15,0.95,5.74,-2.08,6.29,-7.53,39.05,-38.55,1
O,2022-11-13 11:53:59.594319,0.13,-0.15,0.95,3.97,-2.93,8.06,-7.73,39.65,-39.49,1
O,2022-11-13 11:53:59.594480,0.12,-0.12,0.96,3.78,-2.38,8.67,-7.73,39.65,-39.49,1
O,2022-11-13 11:53:59.594631,0.13,-0.13,0.95,2.93,-1.34,6.35,-7.73,39.65,-39.49,1
O,2022-11-13 11:53:59.594794,0.13,-0.13,0.96,3.97,-1.04,3.42,-7.34,39.65,-39.04,1
O,2022-11-13 11:53:59.594947,0.13,-0.13,0.96,2.99,-0.24,1.71,-7.34,39.65,-39.04,1
O,2022-11-13 11:53:59.595096,0.14,-0.12,0.96,4.39,1.10,3.36,-7.34,39.65,-39.04,1
O,2022-11-13 11:53:59.595257,0.14,-0.14,0.96,5.92,1.10,3.72,-6.21,40.23,-40.15,1
O,2022-11-13 11:53:59.595406,0.14,-0.13,0.96,3.91,0.85,4.33,-6.21,40.23,-40.15,1
O,2022-11-13 11:53:59.595566,0.13,-0.13,0.97,5.19,1.16,6.04,-6.21,40.23,-40.15,1
O,2022-11-13 11:53:59.595716,0.13,-0.13,0.96,3.11,1.83,4.33,-6.79,39.49,-39.78,1
O,2022-11-13 11:53:59.595867,0.13,-0.14,0.95,2.38,0.12,2.01,-6.79,39.49,-39.78,1
O,2022-11-13 11:53:59.596033,0.12,-0.14,0.96,2.81,-0.24,3.05,-6.75,39.50,-39.62,1
O,2022-11-13 11:53:59.596183,0.13,-0.14,0.95,2.20,0.06,3.78,-6.75,39.50,-39.62,1
O,2022-11-13 11:53:59.596340,0.13,-0.14,0.95,0.85,0.00,2.01,-6.75,39.50,-39.62,1
O,2022-11-13 11:53:59.596498,0.13,-0.14,0.96,-0.55,-0.55,-0.24,-6.31,39.59,-39.79,1
O,2022-11-13 11:53:59.596657,0.14,-0.13,0.96,0.24,-0.31,-0.85,-6.31,39.59,-39.79,1
O,2022-11-13 11:53:59.596812,0.14,-0.13,0.96,1.10,0.06,-0.06,-6.31,39.59,-39.79,1
O,2022-11-13 11:53:59.596961,0.13,-0.12,0.97,1.46,0.18,1.95,-7.32,40.06,-40.97,1
O,2022-11-13 11:53:59.597120,0.13,-0.12,0.96,1.65,0.98,2.01,-7.32,40.06,-40.97,1
O,2022-11-13 11:53:59.597271,0.08,-0.13,0.97,2.14,0.49,1.40,-7.32,40.06,-40.97,1
O,2022-11-13 11:53:59.597429,0.15,-0.15,0.96,8.97,1.10,0.31,-6.04,40.03,-39.21,1
O,2022-11-13 11:53:59.597582,0.12,-0.12,0.96,6.53,0.92,-1.40,-6.04,40.03,-39.21,1
O,2022-11-13 11:53:59.597735,0.15,-0.16,0.96,7.26,2.08,-3.30,-6.16,39.15,-40.11,1
O,2022-11-13 11:53:59.597902,0.11,-0.13,0.96,-0.61,2.56,-5.37,-6.16,39.15,-40.11,1
O,2022-11-13 11:53:59.598053,0.07,-0.10,0.99,5.31,4.03,-4.21,-6.16,39.15,-40.11,1
O,2022-11-13 11:53:59.598213,0.11,-0.12,0.96,7.14,5.86,-2.26,-6.40,39.92,-38.88,1
O,2022-11-13 11:53:59.598367,0.17,-0.19,0.96,9.16,5.13,-5.62,-6.40,39.92,-38.88,1
O,2022-11-13 11:53:59.598519,0.17,-0.15,0.96,2.32,2.87,-5.37,-6.40,39.92,-38.88,1
O,2022-11-13 11:53:59.598684,0.15,-0.15,0.95,1.83,2.32,-1.77,-6.77,40.45,-39.92,1
O,2022-11-13 11:53:59.598832,0.15,-0.15,0.96,1.16,0.67,2.62,-6.77,40.45,-39.92,1
O,2022-11-13 11:53:59.599035,0.14,-0.15,0.96,1.34,1.53,5.62,-6.77,40.45,-39.92,1
O,2022-11-13 11:53:59.599189,0.14,-0.14,0.96,-2.44,2.56,4.15,-6.41,40.25,-40.19,1
O,2022-11-13 11:53:59.599342,0.14,-0.14,0.95,-3.78,2.62,3.85,-6.41,40.25,-40.19,1
O,2022-11-13 11:53:59.599519,0.15,-0.14,0.96,-3.11,2.81,3.60,-5.97,40.66,-40.43,1
O,2022-11-13 11:53:59.599679,0.17,-0.12,0.97,1.22,1.53,4.46,-5.97,40.66,-40.43,1
O,2022-11-13 11:53:59.599838,0.14,-0.12,0.96,-0.31,-0.73,8.06,-5.97,40.66,-40.43,1
O,2022-11-13 11:53:59.599990,0.15,-0.15,0.95,3.42,-2.69,7.81,-6.58,40.53,-39.84,1
O,2022-11-13 11:53:59.600147,0.14,-0.17,0.95,3.36,-3.42,10.50,-6.58,40.53,-39.84,1
O,2022-11-13 11:53:59.600302,0.12,-0.13,0.95,2.75,-6.16,16.11,-6.58,40.53,-39.84,1
O,2022-11-13 11:53:59.600456,0.12,-0.15,0.95,4.21,-5.86,18.98,-5.96,40.37,-40.08,1
O,2022-11-13 11:53:59.600613,0.13,-0.15,0.96,3.85,-4.88,16.91,-5.96,40.37,-40.08,1
O,2022-11-13 11:53:59.600777,0.12,-0.16,0.96,3.48,-3.36,11.11,-5.96,40.37,-40.08,1
O,2022-11-13 11:53:59.600950,0.13,-0.13,0.96,2.50,-1.40,5.92,-5.96,40.42,-38.71,1
O,2022-11-13 11:53:59.601113,0.14,-0.14,0.96,2.26,-0.67,2.50,-5.96,40.42,-38.71,1
O,2022-11-13 11:53:59.601282,0.13,-0.14,0.96,1.22,-1.04,2.50,-5.79,40.76,-39.45,1
O,2022-11-13 11:53:59.601445,0.12,-0.14,0.96,3.30,-0.61,4.15,-5.79,40.76,-39.45,1
O,2022-11-13 11:53:59.601595,0.14,-0.14,0.96,3.48,1.10,2.69,-5.79,40.76,-39.45,1
O,2022-11-13 11:53:59.601748,0.14,-0.19,0.94,3.17,1.34,2.44,-5.25,40.50,-40.20,1
O,2022-11-13 11:53:59.601901,0.09,-0.13,0.96,5.74,0.49,4.46,-5.25,40.50,-40.20,1
O,2022-11-13 11:53:59.602056,0.13,-0.17,0.95,11.41,1.77,6.10,-5.25,40.50,-40.20,1
O,2022-11-13 11:53:59.602207,0.12,-0.13,0.96,6.71,1.28,4.21,-5.43,40.31,-40.61,1
O,2022-11-13 11:53:59.602369,0.11,-0.16,0.96,8.24,1.22,4.15,-5.43,40.31,-40.61,1
O,2022-11-13 11:53:59.602522,0.11,-0.13,0.96,5.19,1.16,4.52,-5.43,40.31,-40.61,1
O,2022-11-13 11:53:59.602670,0.12,-0.13,0.96,7.32,0.55,4.03,-5.65,40.78,-38.39,1
O,2022-11-13 11:53:59.602829,0.12,-0.13,0.98,4.70,0.55,3.54,-5.65,40.78,-38.39,1
O,2022-11-13 11:53:59.602980,0.05,-0.09,0.99,-0.67,1.89,3.42,-5.33,40.66,-39.22,1
O,2022-11-13 11:53:59.603131,0.08,-0.12,0.97,13.31,6.23,4.94,-5.33,40.66,-39.22,1
O,2022-11-13 11:53:59.603296,0.16,-0.16,0.94,11.29,7.45,1.77,-5.33,40.66,-39.22,1
O,2022-11-13 11:53:59.603449,0.17,-0.17,0.94,-0.98,6.10,-3.23,-4.90,40.41,-40.00,1
O,2022-11-13 11:53:59.603610,0.20,-0.17,0.96,-6.84,3.97,-7.08,-4.90,40.41,-40.00,1
O,2022-11-13 11:53:59.603763,0.15,-0.16,0.95,-8.36,3.54,-6.04,-4.90,40.41,-40.00,1
O,2022-11-13 11:53:59.603919,0.16,-0.19,0.93,-6.65,2.50,1.59,-5.00,40.36,-39.26,1
O,2022-11-13 11:53:59.604078,0.14,-0.14,0.96,-0.98,3.05,7.14,-5.00,40.36,-39.26,1
O,2022-11-13 11:53:59.604234,0.16,-0.15,0.95,-1.40,3.66,8.42,-5.00,40.36,-39.26,1
O,2022-11-13 11:53:59.604391,0.17,-0.18,0.94,0.61,2.99,6.90,-5.10,40.37,-39.06,1
O,2022-11-13 11:53:59.604540,0.17,-0.16,0.93,2.75,1.59,9.34,-5.10,40.37,-39.06,1
O,2022-11-13 11:53:59.604702,0.15,-0.15,0.98,6.23,-1.71,15.32,-4.69,41.13,-39.32,1
O,2022-11-13 11:53:59.604857,0.13,-0.15,0.96,5.92,-1.10,11.96,-4.69,41.13,-39.32,1
O,2022-11-13 11:53:59.605011,0.14,-0.18,0.93,1.22,-0.06,5.62,-4.69,41.13,-39.32,1
O,2022-11-13 11:53:59.605173,0.14,-0.13,0.95,0.55,-0.12,4.88,-5.04,40.69,-39.67,1
O,2022-11-13 11:53:59.605322,0.14,-0.13,0.96,3.36,0.18,7.02,-5.04,40.69,-39.67,1
O,2022-11-13 11:53:59.605482,0.14,-0.17,0.95,4.39,0.37,5.25,-5.04,40.69,-39.67,1
O,2022-11-13 11:53:59.605631,0.13,-0.15,0.96,3.60,0.49,5.25,-4.20,40.97,-40.38,1
O,2022-11-13 11:53:59.605780,0.13,-0.15,0.96,3.11,1.28,3.54,-4.20,40.97,-40.38,1
O,2022-11-13 11:53:59.605936,0.14,-0.15,0.95,2.44,1.28,3.36,-4.20,40.97,-40.38,1
O,2022-11-13 11:53:59.606086,0.15,-0.16,0.94,2.56,1.71,3.54,-4.33,40.55,-39.39,1
O,2022-11-13 11:53:59.606241,0.15,-0.09,0.98,1.95,0.55,8.54,-4.33,40.55,-39.39,1
O,2022-11-13 11:53:59.606409,0.15,-0.16,0.96,2.81,-1.83,8.91,-4.39,40.86,-38.94,1
O,2022-11-13 11:53:59.606581,0.13,-0.13,0.96,4.94,-0.73,9.77,-4.39,40.86,-38.94,1
O,2022-11-13 11:53:59.606773,0.17,-0.19,0.94,4.58,0.43,8.91,-4.39,40.86,-38.94,1
O,2022-11-13 11:53:59.606945,0.14,-0.18,0.96,1.46,0.00,13.00,-4.86,40.93,-39.70,1
O,2022-11-13 11:53:59.607122,0.17,-0.19,0.95,2.50,-0.49,13.92,-4.86,40.93,-39.70,1
O,2022-11-13 11:53:59.607285,0.13,-0.14,0.96,-0.98,-2.44,13.12,-4.86,40.93,-39.70,1
O,2022-11-13 11:53:59.607475,0.11,-0.15,0.95,-2.26,-1.71,11.05,-3.91,41.03,-39.11,1
O,2022-11-13 11:53:59.607649,0.13,-0.14,0.97,-1.59,0.73,10.68,-3.91,41.03,-39.11,1
O,2022-11-13 11:53:59.607821,0.11,-0.14,0.94,0.73,-0.06,9.09,-3.91,41.03,-39.11,1
O,2022-11-13 11:53:59.607995,0.16,-0.15,0.96,0.85,0.55,3.23,-4.28,41.31,-38.71,1
O,2022-11-13 11:53:59.608153,0.13,-0.14,0.96,0.61,1.28,0.12,-4.28,41.31,-38.71,1
O,2022-11-13 11:53:59.608329,0.11,-0.12,0.97,0.12,1.10,0.24,-3.97,41.24,-38.02,1
O,2022-11-13 11:53:59.608490,0.12,-0.14,0.96,0.37,1.59,-1.83,-3.97,41.24,-38.02,1
O,2022-11-13 11:53:59.608668,0.14,-0.15,0.94,-0.55,3.36,-2.62,-3.97,41.24,-38.02,1
O,2022-11-13 11:53:59.608827,0.16,-0.15,0.96,0.00,3.48,-3.05,-4.05,41.20,-39.28,1
O,2022-11-13 11:53:59.608999,0.14,-0.14,0.95,-1.46,-0.31,-1.53,-4.05,41.20,-39.28,1
O,2022-11-13 11:53:59.609173,0.12,-0.13,0.96,1.59,-0.98,-0.67,-4.05,41.20,-39.28,1
O,2022-11-13 11:53:59.609343,0.14,-0.14,0.96,2.38,-0.61,-1.59,-4.06,40.95,-40.19,1
O,2022-11-13 11:53:59.609532,0.16,-0.14,0.96,2.62,-0.79,-3.05,-4.06,40.95,-40.19,1
O,2022-11-13 11:53:59.609696,0.16,-0.15,0.96,4.76,0.06,-2.50,-4.06,40.95,-40.19,1
O,2022-11-13 11:53:59.609867,0.16,-0.15,0.96,5.19,0.18,-0.12,-4.48,41.31,-39.37,1
O,2022-11-13 11:53:59.610035,0.15,-0.17,0.94,6.47,0.49,0.24,-4.48,41.31,-39.37,1
O,2022-11-13 11:53:59.610200,0.13,-0.16,0.95,8.48,0.61,1.40,-4.75,41.42,-39.61,1
O,2022-11-13 11:53:59.610371,0.12,-0.14,0.96,6.65,0.98,2.50,-4.75,41.42,-39.61,1
O,2022-11-13 11:53:59.610547,0.14,-0.16,0.95,5.92,1.22,3.05,-4.75,41.42,-39.61,1
O,2022-11-13 11:53:59.610724,0.15,-0.19,0.94,4.82,0.37,4.03,-4.46,40.93,-39.87,1
O,2022-11-13 11:53:59.610890,0.15,-0.18,0.95,5.00,-0.31,4.94,-4.46,40.93,-39.87,1
O,2022-11-13 11:53:59.611054,0.14,-0.15,0.96,4.70,-0.73,7.51,-4.46,40.93,-39.87,1
O,2022-11-13 11:53:59.611214,0.14,-0.15,0.96,6.41,0.49,7.20,-3.93,41.22,-39.40,1
O,2022-11-13 11:53:59.611364,0.13,-0.15,0.96,5.19,1.10,4.70,-3.93,41.22,-39.40,1
O,2022-11-13 11:53:59.611521,0.13,-0.15,0.95,6.84,0.49,6.90,-3.93,41.22,-39.40,1
O,2022-11-13 11:53:59.611677,0.11,-0.14,0.97,8.97,1.10,8.36,-4.72,41.43,-39.32,1
O,2022-11-13 11:53:59.611824,0.13,-0.15,0.97,6.16,2.20,3.91,-4.72,41.43,-39.32,1
O,2022-11-13 11:53:59.611987,0.14,-0.18,0.96,4.76,1.46,2.75,-4.26,41.37,-38.12,1
O,2022-11-13 11:53:59.612140,0.13,-0.15,0.96,-0.55,1.65,1.22,-4.26,41.37,-38.12,1
O,2022-11-13 11:53:59.612302,0.10,-0.15,0.96,-1.59,0.00,-0.31,-4.26,41.37,-38.12,1
O,2022-11-13 11:53:59.612456,0.09,-0.14,0.96,-2.14,0.98,-1.71,-4.41,40.82,-39.67,1
O,2022-11-13 11:53:59.612610,0.11,-0.17,0.95,-3.78,1.22,-5.19,-4.41,40.82,-39.67,1
O,2022-11-13 11:53:59.612776,0.13,-0.16,0.95,-9.22,1.83,-9.46,-4.41,40.82,-39.67,1
O,2022-11-13 11:53:59.612930,0.14,-0.16,0.96,-7.02,1.65,-6.10,-4.91,40.95,-39.11,1
O,2022-11-13 11:53:59.613095,0.18,-0.16,0.96,1.65,2.01,-7.14,-4.91,40.95,-39.11,1
O,2022-11-13 11:53:59.613247,0.18,-0.18,0.97,8.36,2.01,-7.26,-4.91,40.95,-39.11,1
O,2022-11-13 11:53:59.613402,0.18,-0.24,0.93,11.23,3.23,-3.85,-5.07,40.89,-38.64,1
O,2022-11-13 11:53:59.613568,0.15,-0.21,0.95,6.96,-0.61,1.28,-5.07,40.89,-38.64,1
O,2022-11-13 11:53:59.613719,0.14,-0.16,0.96,0.98,-1.83,4.88,-5.05,41.81,-38.11,1
O,2022-11-13 11:53:59.613881,0.17,-0.22,0.94,-3.48,1.65,1.28,-5.05,41.81,-38.11,1
O,2022-11-13 11:53:59.614036,0.18,-0.19,0.92,-0.12,1.22,-1.34,-5.05,41.81,-38.11,1
O,2022-11-13 11:53:59.614196,0.14,-0.20,0.95,1.22,-0.24,0.73,-5.07,41.13,-39.03,1
O,2022-11-13 11:53:59.614359,0.12,-0.16,0.95,-3.97,1.16,1.71,-5.07,41.13,-39.03,1
O,2022-11-13 11:53:59.614511,0.11,-0.16,0.96,-1.83,2.08,1.95,-5.07,41.13,-39.03,1
O,2022-11-13 11:53:59.614676,0.11,-0.15,0.95,0.43,4.15,-0.67,-5.74,40.17,-39.64,1
O,2022-11-13 11:53:59.614833,0.13,-0.14,0.98,-0.37,6.96,-2.44,-5.74,40.17,-39.64,1
O,2022-11-13 11:53:59.615014,0.14,-0.08,1.01,0.06,8.12,-3.11,-5.74,40.17,-39.64,1
O,2022-11-13 11:53:59.615174,0.08,-0.07,0.96,-1.10,10.56,-4.52,-5.44,40.31,-38.55,1
O,2022-11-13 11:53:59.615331,0.13,-0.18,0.94,7.39,13.00,-13.67,-5.44,40.31,-38.55,1
O,2022-11-13 11:53:59.615502,0.10,-0.16,0.96,-3.23,13.49,-22.89,-5.92,40.05,-39.09,1
O,2022-11-13 11:53:59.615661,0.06,-0.02,0.99,-1.10,14.83,-20.94,-5.92,40.05,-39.09,1
O,2022-11-13 11:53:59.615828,0.11,-0.10,0.96,12.15,19.17,-22.22,-5.92,40.05,-39.09,1
O,2022-11-13 11:53:59.615993,0.15,-0.24,0.90,18.86,21.79,-30.64,-6.70,40.39,-39.59,1
O,2022-11-13 11:53:59.616157,0.17,-0.17,0.96,7.02,16.66,-34.55,-6.70,40.39,-39.59,1
O,2022-11-13 11:53:59.616333,0.18,-0.20,0.94,11.05,15.69,-27.77,-6.70,40.39,-39.59,1
O,2022-11-13 11:53:59.616499,0.25,-0.25,0.92,-3.30,16.11,-22.28,-6.90,39.69,-39.04,1
O,2022-11-13 11:53:59.616683,0.27,-0.21,0.92,-9.03,11.72,-15.93,-6.90,39.69,-39.04,1
O,2022-11-13 11:53:59.616837,0.24,-0.24,0.92,-1.59,4.03,-0.55,-6.90,39.69,-39.04,1
O,2022-11-13 11:53:59.617008,0.22,-0.25,0.92,0.85,0.06,12.08,-7.63,39.88,-39.09,1
O,2022-11-13 11:53:59.617158,0.21,-0.24,0.93,1.89,0.67,17.40,-7.63,39.88,-39.09,1
O,2022-11-13 11:53:59.617320,0.24,-0.16,0.99,-16.85,2.38,23.68,-7.53,39.38,-39.84,1
O,2022-11-13 11:53:59.617492,0.20,-0.15,0.95,-9.77,2.50,22.89,-7.53,39.38,-39.84,1
O,2022-11-13 11:53:59.617648,0.14,-0.14,0.91,-6.53,-3.91,21.42,-7.53,39.38,-39.84,1
O,2022-11-13 11:53:59.617811,0.18,-0.19,0.93,9.28,-6.29,17.27,-7.60,39.61,-40.00,1
O,2022-11-13 11:53:59.617979,0.17,-0.16,0.95,-3.23,-6.84,16.30,-7.60,39.61,-40.00,1
O,2022-11-13 11:53:59.618147,0.17,-0.16,0.95,0.24,-6.29,22.95,-7.60,39.61,-40.00,1
O,2022-11-13 11:53:59.618300,0.17,-0.15,0.95,4.76,-6.23,29.05,-7.34,39.40,-40.09,1
O,2022-11-13 11:53:59.618458,0.17,-0.16,0.95,14.59,-4.70,33.08,-7.34,39.40,-40.09,1
O,2022-11-13 11:53:59.618616,0.18,-0.14,0.95,8.79,-4.82,35.89,-7.34,39.40,-40.09,1
O,2022-11-13 11:53:59.618770,0.17,-0.12,0.97,4.21,-3.97,33.51,-6.38,39.64,-39.05,1
O,2022-11-13 11:53:59.618930,0.18,-0.08,0.98,2.32,0.73,20.51,-6.38,39.64,-39.05,1
O,2022-11-13 11:53:59.619080,0.19,-0.14,0.94,6.47,2.75,7.87,-5.32,39.93,-38.00,1
O,2022-11-13 11:53:59.619239,0.16,-0.12,0.95,2.32,1.77,-2.81,-5.32,39.93,-38.00,1
O,2022-11-13 11:53:59.619391,0.16,-0.18,0.95,5.07,2.14,-3.42,-5.32,39.93,-38.00,1
O,2022-11-13 11:53:59.619543,0.16,-0.17,0.95,1.34,2.44,-0.61,-5.76,39.33,-39.82,1
O,2022-11-13 11:53:59.619703,0.17,-0.15,0.95,0.06,1.65,3.54,-5.76,39.33,-39.82,1
O,2022-11-13 11:53:59.619851,0.18,-0.15,0.94,2.14,1.59,2.44,-5.76,39.33,-39.82,1
O,2022-11-13 11:53:59.620002,0.19,-0.17,0.94,3.91,1.28,0.24,-6.58,39.21,-39.36,1
O,2022-11-13 11:53:59.620152,0.19,-0.17,0.95,2.44,0.67,1.65,-6.58,39.21,-39.36,1
O,2022-11-13 11:53:59.620301,0.20,-0.17,0.94,1.16,1.34,3.91,-6.58,39.21,-39.36,1
O,2022-11-13 11:53:59.620463,0.19,-0.17,0.94,-1.22,1.59,4.15,-6.49,39.44,-39.33,1
O,2022-11-13 11:53:59.620622,0.18,-0.17,0.95,-6.53,1.95,4.94,-6.49,39.44,-39.33,1
O,2022-11-13 11:53:59.620781,0.16,-0.15,0.95,-9.52,2.75,5.55,-6.09,39.75,-39.84,1
O,2022-11-13 11:53:59.620931,0.15,-0.13,0.95,-5.98,3.36,3.23,-6.09,39.75,-39.84,1
O,2022-11-13 11:53:59.621083,0.19,-0.16,0.94,-2.14,4.64,0.31,-6.09,39.75,-39.84,1
O,2022-11-13 11:53:59.621246,0.18,-0.14,0.95,-3.42,4.15,-2.14,-6.32,39.05,-40.36,1
O,2022-11-13 11:53:59.621399,0.20,-0.13,0.96,-3.36,6.23,-3.11,-6.32,39.05,-40.36,1
O,2022-11-13 11:53:59.621564,0.21,-0.13,0.96,-3.48,9.40,-3.11,-6.32,39.05,-40.36,1
O,2022-11-13 11:53:59.621718,0.22,-0.09,0.95,-1.59,8.97,-0.98,-6.48,39.06,-40.17,1
O,2022-11-13 11:53:59.621873,0.21,-0.10,0.95,6.71,5.49,3.91,-6.48,39.06,-40.17,1
O,2022-11-13 11:53:59.622023,0.21,-0.12,0.95,14.22,1.46,6.65,-6.48,39.06,-40.17,1
O,2022-11-13 11:53:59.622177,0.19,-0.14,0.94,23.01,-1.65,9.64,-5.60,39.23,-39.47,1
O,2022-11-13 11:53:59.622346,0.14,-0.11,0.96,21.18,-5.25,13.92,-5.60,39.23,-39.47,1
O,2022-11-13 11:53:59.622501,0.16,-0.14,0.96,22.40,-5.74,15.32,-5.83,40.09,-39.64,1
O,2022-11-13 11:53:59.622667,0.16,-0.16,0.94,14.65,-3.91,10.99,-5.83,40.09,-39.64,1
O,2022-11-13 11:53:59.622818,0.21,-0.21,0.93,6.65,-1.46,2.01,-5.83,40.09,-39.64,1
O,2022-11-13 11:53:59.622976,0.21,-0.20,0.94,-7.69,3.91,-3.54,-5.82,39.56,-40.44,1
O,2022-11-13 11:53:59.623141,0.24,-0.18,0.93,-11.35,6.23,-2.20,-5.82,39.56,-40.44,1
O,2022-11-13 11:53:59.623290,0.27,-0.16,0.94,-8.18,5.92,0.06,-5.82,39.56,-40.44,1
O,2022-11-13 11:53:59.623452,0.20,-0.12,0.94,-3.85,2.87,5.00,-5.99,39.64,-39.23,1
O,2022-11-13 11:53:59.623602,0.21,-0.16,0.95,-1.22,1.28,5.49,-5.99,39.64,-39.23,1
O,2022-11-13 11:53:59.623763,0.19,-0.16,0.94,-6.84,2.93,2.50,-5.99,39.64,-39.23,1
O,2022-11-13 11:53:59.623911,0.18,-0.14,0.95,-7.81,5.13,1.28,-5.43,39.42,-39.82,1
O,2022-11-13 11:53:59.624067,0.19,-0.14,0.94,-8.18,8.00,-1.34,-5.43,39.42,-39.82,1
O,2022-11-13 11:53:59.624233,0.20,-0.16,0.94,-12.45,8.30,-3.36,-5.68,39.33,-39.92,1
O,2022-11-13 11:53:59.624408,0.21,-0.14,0.94,-13.67,6.41,-2.62,-5.68,39.33,-39.92,1
O,2022-11-13 11:53:59.624579,0.21,-0.11,0.96,-16.66,4.88,5.98,-5.68,39.33,-39.92,1
O,2022-11-13 11:53:59.624755,0.22,-0.13,0.95,-15.99,7.45,6.53,-4.88,38.84,-41.71,1
O,2022-11-13 11:53:59.624943,0.21,-0.10,0.93,-14.59,5.19,6.04,-4.88,38.84,-41.71,1
O,2022-11-13 11:53:59.625116,0.20,-0.10,0.95,-16.24,3.17,8.00,-4.88,38.84,-41.71,1
O,2022-11-13 11:53:59.625283,0.21,-0.11,0.95,-14.95,5.19,9.28,-4.69,38.33,-42.13,1
O,2022-11-13 11:53:59.625456,0.20,-0.12,0.91,-18.37,5.62,5.00,-4.69,38.33,-42.13,1
O,2022-11-13 11:53:59.625629,0.18,-0.10,0.95,-12.21,3.54,5.37,-4.69,38.33,-42.13,1
O,2022-11-13 11:53:59.625796,0.26,-0.08,0.96,-11.84,6.04,4.76,-4.75,37.50,-40.87,1
O,2022-11-13 11:53:59.625959,0.20,-0.04,0.95,-19.65,6.59,7.75,-4.75,37.50,-40.87,1
O,2022-11-13 11:53:59.626119,0.20,-0.08,0.94,-7.51,4.21,9.64,-4.38,37.13,-42.81,1
O,2022-11-13 11:53:59.626279,0.18,-0.06,0.94,-13.31,4.52,10.93,-4.38,37.13,-42.81,1
O,2022-11-13 11:53:59.626458,0.24,-0.05,0.94,-16.24,9.40,13.24,-4.38,37.13,-42.81,1
O,2022-11-13 11:53:59.626639,0.23,-0.02,0.95,-14.59,10.19,13.49,-3.67,36.63,-42.49,1
O,2022-11-13 11:53:59.626802,0.28,0.00,0.94,-8.18,7.14,11.35,-3.67,36.63,-42.49,1
O,2022-11-13 11:53:59.626983,0.26,-0.02,0.94,-2.50,1.89,8.42,-3.67,36.63,-42.49,1
O,2022-11-13 11:53:59.627166,0.22,-0.05,0.95,-2.93,-0.98,7.14,-2.99,36.39,-43.29,1
O,2022-11-13 11:53:59.627346,0.21,-0.02,0.95,-12.15,1.04,10.19,-2.99,36.39,-43.29,1
O,2022-11-13 11:53:59.627521,0.12,0.00,0.96,-9.64,0.55,15.81,-2.99,36.39,-43.29,1
O,2022-11-13 11:53:59.627694,0.24,-0.03,0.93,-8.06,3.60,16.85,-2.23,35.94,-43.26,1
O,2022-11-13 11:53:59.627871,0.31,-0.03,0.95,-11.17,5.49,13.31,-2.23,35.94,-43.26,1
O,2022-11-13 11:53:59.628029,0.29,0.02,0.93,-17.03,5.43,11.72,-1.57,36.19,-44.76,1
O,2022-11-13 11:53:59.628211,0.25,0.01,0.94,-4.94,2.81,10.74,-1.57,36.19,-44.76,1
O,2022-11-13 11:53:59.628372,0.22,-0.00,0.95,-2.44,2.56,7.39,-1.57,36.19,-44.76,1
O,2022-11-13 11:53:59.628539,0.16,0.01,0.96,-5.80,3.05,7.63,-2.15,36.04,-44.06,1
O,2022-11-13 11:53:59.628778,0.20,0.04,0.95,1.59,2.38,11.35,-2.15,36.04,-44.06,1
O,2022-11-13 11:53:59.628955,0.21,0.05,0.94,0.06,5.31,8.42,-2.15,36.04,-44.06,1
O,2022-11-13 11:53:59.629124,0.24,0.01,0.94,-2.93,3.78,0.79,-1.61,34.97,-43.91,1
O,2022-11-13 11:53:59.629278,0.25,0.03,0.93,-2.69,3.42,-1.34,-1.61,34.97,-43.91,1
O,2022-11-13 11:53:59.629427,0.25,0.04,0.94,1.22,2.99,-0.12,-1.61,34.97,-43.91,1
O,2022-11-13 11:53:59.629584,0.25,0.02,0.94,5.07,2.01,1.83,-1.82,35.47,-44.35,1
O,2022-11-13 11:53:59.629729,0.23,0.00,0.93,5.62,1.16,2.87,-1.82,35.47,-44.35,1
O,2022-11-13 11:53:59.629883,0.25,-0.00,0.93,1.65,0.85,2.50,-1.23,35.35,-44.56,1
O,2022-11-13 11:53:59.630036,0.28,-0.01,0.94,0.00,-1.77,2.01,-1.23,35.35,-44.56,1
O,2022-11-13 11:53:59.630190,0.33,-0.04,0.92,-1.04,-3.91,3.78,-1.23,35.35,-44.56,1
O,2022-11-13 11:53:59.630350,0.28,0.05,0.93,-1.89,-3.54,5.43,-1.51,35.34,-44.25,1
O,2022-11-13 11:53:59.630498,0.25,0.01,0.95,3.05,-2.14,6.16,-1.51,35.34,-44.25,1
O,2022-11-13 11:53:59.630660,0.24,-0.01,0.93,0.92,-0.73,4.88,-1.51,35.34,-44.25,1
O,2022-11-13 11:53:59.630837,0.25,0.01,0.93,-4.15,-2.75,5.07,-1.39,35.91,-44.69,1
O,2022-11-13 11:53:59.630985,0.24,0.03,0.94,1.77,-3.66,3.72,-1.39,35.91,-44.69,1
O,2022-11-13 11:53:59.631148,0.25,0.00,0.94,7.39,-4.70,5.13,-1.39,35.91,-44.69,1
O,2022-11-13 11:53:59.631295,0.22,0.02,0.95,7.69,-4.03,5.00,-1.01,35.91,-42.90,1
O,2022-11-13 11:53:59.631457,0.22,0.02,0.95,9.34,-3.36,1.22,-1.01,35.91,-42.90,1
O,2022-11-13 11:53:59.631609,0.19,0.01,0.96,9.83,-2.81,-2.50,-2.01,35.79,-43.90,1
O,2022-11-13 11:53:59.631765,0.24,0.01,0.93,12.45,-3.11,-3.91,-2.01,35.79,-43.90,1
O,2022-11-13 11:53:59.631931,0.23,0.02,0.95,12.45,-3.85,-4.94,-2.01,35.79,-43.90,1
O,2022-11-13 11:53:59.632091,0.23,-0.02,0.94,14.47,-4.15,-5.80,-1.51,35.77,-43.44,1
O,2022-11-13 11:53:59.632259,0.23,-0.03,0.94,14.04,-2.38,-5.92,-1.51,35.77,-43.44,1
O,2022-11-13 11:53:59.632424,0.25,-0.03,0.94,12.08,-2.50,-4.52,-1.51,35.77,-43.44,1
O,2022-11-13 11:53:59.632586,0.23,-0.04,0.94,12.21,-2.81,-2.99,-1.56,36.39,-43.35,1
O,2022-11-13 11:53:59.632751,0.22,-0.02,0.95,9.52,-2.69,0.06,-1.56,36.39,-43.35,1
O,2022-11-13 11:53:59.632904,0.22,-0.03,0.95,8.06,-1.40,0.24,-1.56,36.39,-43.35,1
O,2022-11-13 11:53:59.633064,0.22,-0.03,0.95,7.39,-0.85,-1.40,-2.05,36.87,-42.80,1
O,2022-11-13 11:53:59.633219,0.22,-0.04,0.95,3.60,-0.37,-1.95,-2.05,36.87,-42.80,1
O,2022-11-13 11:53:59.633377,0.21,-0.03,0.95,-0.49,0.85,-0.79,-2.06,36.71,-43.47,1
O,2022-11-13 11:53:59.633530,0.22,-0.03,0.95,-0.12,3.97,-1.10,-2.06,36.71,-43.47,1
O,2022-11-13 11:53:59.633684,0.22,-0.06,0.93,-4.64,6.29,-5.98,-2.06,36.71,-43.47,1
O,2022-11-13 11:53:59.633842,0.21,0.01,0.95,-12.76,3.60,-7.32,-1.57,36.58,-44.19,1
O,2022-11-13 11:53:59.634000,0.23,-0.02,0.95,-4.82,4.03,-2.20,-1.57,36.58,-44.19,1
O,2022-11-13 11:53:59.634172,0.23,-0.02,0.94,-6.47,6.65,-0.98,-1.57,36.58,-44.19,1
O,2022-11-13 11:53:59.634334,0.24,-0.03,0.93,-3.60,3.78,1.83,-1.38,36.08,-43.46,1
O,2022-11-13 11:53:59.634491,0.21,-0.00,0.94,5.98,-2.20,8.30,-1.38,36.08,-43.46,1
O,2022-11-13 11:53:59.634650,0.24,-0.00,0.95,9.34,-6.04,14.47,-1.38,36.08,-43.46,1
O,2022-11-13 11:53:59.634805,0.24,-0.02,0.96,5.80,-7.63,16.17,-1.60,36.76,-43.18,1
O,2022-11-13 11:53:59.634967,0.21,-0.03,0.95,6.90,-5.43,15.01,-1.60,36.76,-43.18,1
O,2022-11-13 11:53:59.635124,0.21,-0.05,0.95,7.32,-3.54,10.31,-1.83,36.89,-43.60,1
O,2022-11-13 11:53:59.635282,0.19,-0.04,0.95,1.83,-2.01,8.61,-1.83,36.89,-43.60,1
O,2022-11-13 11:53:59.635435,0.21,-0.03,0.95,6.65,-0.49,8.06,-1.83,36.89,-43.60,1
O,2022-11-13 11:53:59.635598,0.17,0.01,0.96,1.40,0.73,11.47,-1.18,37.18,-44.68,1
O,2022-11-13 11:53:59.635755,0.21,-0.01,0.95,-1.40,3.72,7.14,-1.18,37.18,-44.68,1
O,2022-11-13 11:53:59.635909,0.27,-0.03,0.93,-6.04,4.15,-3.30,-1.18,37.18,-44.68,1
O,2022-11-13 11:53:59.636075,0.25,-0.06,0.94,-5.74,2.26,-5.62,-1.66,37.17,-44.07,1
O,2022-11-13 11:53:59.636227,0.21,-0.01,0.96,-0.73,0.79,2.69,-1.66,37.17,-44.07,1
O,2022-11-13 11:53:59.636389,0.23,-0.01,0.95,-0.06,1.28,2.08,-1.66,37.17,-44.07,1
O,2022-11-13 11:53:59.636537,0.21,-0.01,0.95,2.14,0.55,2.26,-0.76,36.68,-43.24,1
O,2022-11-13 11:53:59.636685,0.21,-0.02,0.95,2.56,0.98,3.17,-0.76,36.68,-43.24,1
O,2022-11-13 11:53:59.636843,0.21,-0.02,0.95,2.62,0.73,2.50,-1.06,36.38,-42.83,1
O,2022-11-13 11:53:59.636991,0.21,-0.02,0.95,0.43,1.46,2.69,-1.06,36.38,-42.83,1
O,2022-11-13 11:53:59.637147,0.21,-0.01,0.95,-0.31,1.77,2.62,-1.06,36.38,-42.83,1
O,2022-11-13 11:53:59.637300,0.22,-0.01,0.95,-0.73,1.71,2.99,-0.94,36.83,-43.09,1
O,2022-11-13 11:53:59.637455,0.21,-0.00,0.95,-1.53,2.50,4.03,-0.94,36.83,-43.09,1
O,2022-11-13 11:53:59.637615,0.17,-0.00,0.95,-2.32,3.54,4.70,-0.94,36.83,-43.09,1
O,2022-11-13 11:53:59.637766,0.23,-0.04,0.94,-0.06,5.31,3.42,-1.15,36.33,-43.03,1
O,2022-11-13 11:53:59.637926,0.20,-0.02,0.94,-4.09,2.38,7.51,-1.15,36.33,-43.03,1
O,2022-11-13 11:53:59.638075,0.18,0.05,0.98,0.67,0.61,13.73,-1.15,36.33,-43.03,1
O,2022-11-13 11:53:59.638234,0.20,0.02,0.95,-3.30,2.69,14.83,-0.96,36.13,-43.91,1
O,2022-11-13 11:53:59.638384,0.25,0.01,0.93,-4.33,1.89,7.51,-0.96,36.13,-43.91,1
O,2022-11-13 11:53:59.638535,0.28,-0.04,0.94,0.49,-1.71,3.54,-0.60,36.29,-43.33,1
O,2022-11-13 11:53:59.638698,0.26,-0.01,0.95,7.39,-1.46,7.39,-0.60,36.29,-43.33,1
O,2022-11-13 11:53:59.638845,0.23,0.01,0.95,4.46,1.16,5.43,-0.60,36.29,-43.33,1
O,2022-11-13 11:53:59.639005,0.21,-0.03,0.94,1.40,1.95,1.71,-0.88,35.79,-43.88,1
O,2022-11-13 11:53:59.639154,0.20,-0.00,0.94,0.73,1.71,2.44,-0.88,35.79,-43.88,1
O,2022-11-13 11:53:59.639302,0.22,-0.00,0.95,2.38,1.28,2.56,-0.88,35.79,-43.88,1
O,2022-11-13 11:53:59.639460,0.17,0.03,0.98,3.42,0.85,1.04,-0.88,36.23,-43.29,1
O,2022-11-13 11:53:59.639612,0.22,0.01,0.95,11.72,0.92,-1.89,-0.88,36.23,-43.29,1
O,2022-11-13 11:53:59.639771,0.24,-0.02,0.94,10.68,0.61,-5.13,-0.88,36.23,-43.29,1
O,2022-11-13 11:53:59.639923,0.22,-0.03,0.94,3.85,0.67,-9.46,-0.98,35.90,-42.42,1
O,2022-11-13 11:53:59.640077,0.23,-0.02,0.95,3.66,2.56,-11.35,-0.98,35.90,-42.42,1
O,2022-11-13 11:53:59.640237,0.27,-0.03,0.95,2.26,5.07,-9.83,-0.79,36.44,-42.97,1
O,2022-11-13 11:53:59.640392,0.23,0.00,0.95,-1.95,4.94,-6.65,-0.79,36.44,-42.97,1
O,2022-11-13 11:53:59.640553,0.23,-0.00,0.94,1.95,3.85,-4.88,-0.79,36.44,-42.97,1
O,2022-11-13 11:53:59.640705,0.23,-0.01,0.95,4.39,2.44,-4.39,-1.45,36.23,-43.69,1
O,2022-11-13 11:53:59.640861,0.23,-0.01,0.95,5.19,0.85,-3.97,-1.45,36.23,-43.69,1
O,2022-11-13 11:53:59.641022,0.23,-0.01,0.95,5.92,0.61,-2.99,-1.45,36.23,-43.69,1
O,2022-11-13 11:53:59.641182,0.23,-0.03,0.91,6.04,1.71,-3.91,-1.90,36.18,-43.02,1
O,2022-11-13 11:53:59.641344,0.21,-0.02,0.95,1.59,1.83,-4.39,-1.90,36.18,-43.02,1
O,2022-11-13 11:53:59.641489,0.25,0.01,0.96,2.32,2.14,0.55,-1.90,36.18,-43.02,1
O,2022-11-13 11:53:59.641644,0.24,-0.01,0.95,2.75,1.89,2.14,-2.10,36.07,-43.55,1
O,2022-11-13 11:53:59.641794,0.23,-0.05,0.94,3.23,0.55,0.06,-2.10,36.07,-43.55,1
O,2022-11-13 11:53:59.641944,0.22,-0.04,0.94,1.95,0.73,2.62,-1.40,36.47,-43.62,1
O,2022-11-13 11:53:59.642100,0.22,-0.00,0.95,3.48,1.16,5.25,-1.40,36.47,-43.62,1
O,2022-11-13 11:53:59.642254,0.23,-0.02,0.95,5.55,1.65,4.15,-1.40,36.47,-43.62,1
O,2022-11-13 11:53:59.642432,0.23,-0.06,0.93,0.49,1.77,0.37,-1.61,36.22,-43.35,1
O,2022-11-13 11:53:59.642607,0.23,-0.02,0.95,-6.77,1.22,4.09,-1.61,36.22,-43.35,1
O,2022-11-13 11:53:59.642783,0.23,-0.01,0.96,-7.26,2.56,7.39,-1.61,36.22,-43.35,1
O,2022-11-13 11:53:59.642955,0.23,0.00,0.94,-5.43,2.62,2.99,-1.79,35.85,-43.40,1
O,2022-11-13 11:53:59.643150,0.22,-0.02,0.93,0.92,1.77,-2.69,-1.79,35.85,-43.40,1
O,2022-11-13 11:53:59.643333,0.22,-0.03,0.95,-2.81,3.05,-6.29,-1.79,35.85,-43.40,1
O,2022-11-13 11:53:59.643505,0.22,-0.00,0.95,-10.44,5.00,-6.53,-2.25,35.42,-43.14,1
O,2022-11-13 11:53:59.643680,0.23,-0.00,0.95,-7.69,5.68,-7.45,-2.25,35.42,-43.14,1
O,2022-11-13 11:53:59.643850,0.24,-0.01,0.93,-9.83,5.19,-8.79,-2.06,35.57,-43.10,1
O,2022-11-13 11:53:59.644031,0.24,0.02,0.95,-13.73,4.15,-10.01,-2.06,35.57,-43.10,1
O,2022-11-13 11:53:59.644217,0.24,-0.01,0.94,-3.60,3.17,-6.29,-2.06,35.57,-43.10,1
O,2022-11-13 11:53:59.644368,0.23,0.01,0.94,-2.14,1.16,0.06,-2.56,35.52,-44.09,1
O,2022-11-13 11:53:59.644522,0.25,-0.01,0.94,1.65,0.73,7.63,-2.56,35.52,-44.09,1
O,2022-11-13 11:53:59.644672,0.25,0.03,0.95,0.49,0.31,8.91,-2.56,35.52,-44.09,1
O,2022-11-13 11:53:59.644823,0.24,0.01,0.94,2.56,1.04,10.56,-1.78,35.27,-43.95,1
O,2022-11-13 11:53:59.644981,0.22,-0.00,0.93,2.14,1.22,13.49,-1.78,35.27,-43.95,1
O,2022-11-13 11:53:59.645134,0.21,0.02,0.95,5.55,-0.18,18.68,-1.78,35.27,-43.95,1
O,2022-11-13 11:53:59.645300,0.23,0.06,0.96,21.91,-0.92,27.59,-1.82,35.38,-44.37,1
O,2022-11-13 11:53:59.645455,0.26,0.01,0.93,6.29,-1.04,20.81,-1.82,35.38,-44.37,1
O,2022-11-13 11:53:59.645616,0.24,-0.02,0.93,2.01,-1.34,10.07,-1.44,36.04,-44.07,1
O,2022-11-13 11:53:59.645770,0.26,0.00,0.94,-0.18,-3.23,5.49,-1.44,36.04,-44.07,1
O,2022-11-13 11:53:59.645922,0.25,0.03,0.96,3.91,-1.95,7.08,-1.44,36.04,-44.07,1
O,2022-11-13 11:53:59.646076,0.24,0.03,0.96,4.82,1.34,4.46,-1.33,36.12,-43.86,1
O,2022-11-13 11:53:59.646231,0.22,-0.02,0.93,3.30,0.67,-0.55,-1.33,36.12,-43.86,1
O,2022-11-13 11:53:59.646406,0.21,-0.02,0.94,7.69,0.12,-0.79,-1.33,36.12,-43.86,1
O,2022-11-13 11:53:59.646565,0.22,-0.00,0.95,12.82,0.55,-2.38,-1.68,35.80,-44.49,1
O,2022-11-13 11:53:59.646719,0.24,0.02,0.95,15.99,-0.43,-3.17,-1.68,35.80,-44.49,1
O,2022-11-13 11:53:59.646877,0.25,-0.01,0.95,0.67,-0.98,-3.30,-1.68,35.80,-44.49,1
O,2022-11-13 11:53:59.647029,0.24,-0.03,0.94,5.25,1.40,-3.85,-1.95,36.33,-42.77,1
O,2022-11-13 11:53:59.647184,0.22,-0.04,0.94,6.53,3.72,-3.42,-1.95,36.33,-42.77,1
O,2022-11-13 11:53:59.647336,0.25,-0.01,0.95,4.46,3.11,-3.60,-2.05,36.15,-42.50,1
O,2022-11-13 11:53:59.647501,0.25,-0.00,0.95,3.91,1.65,-3.23,-2.05,36.15,-42.50,1
O,2022-11-13 11:53:59.647655,0.24,-0.01,0.95,4.21,2.99,-4.21,-2.05,36.15,-42.50,1
O,2022-11-13 11:53:59.647810,0.22,-0.04,0.94,0.98,4.82,-6.65,-2.03,36.46,-43.31,1
O,2022-11-13 11:53:59.647975,0.24,-0.02,0.94,-3.36,5.49,-5.68,-2.03,36.46,-43.31,1
O,2022-11-13 11:53:59.648126,0.26,0.02,0.95,-4.46,4.33,-2.01,-2.03,36.46,-43.31,1
O,2022-11-13 11:53:59.648285,0.24,-0.02,0.93,2.93,3.17,0.49,-2.67,36.50,-43.19,1
O,2022-11-13 11:53:59.648441,0.23,-0.06,0.93,-13.06,2.69,-1.77,-2.67,36.50,-43.19,1
O,2022-11-13 11:53:59.648592,0.23,-0.00,0.94,-0.55,1.22,1.83,-2.67,36.50,-43.19,1
O,2022-11-13 11:53:59.648762,0.27,-0.01,0.94,-1.04,-1.34,4.03,-2.84,35.80,-44.25,1
O,2022-11-13 11:53:59.648925,0.25,-0.00,0.95,-2.38,-3.60,6.90,-2.84,35.80,-44.25,1
O,2022-11-13 11:53:59.649086,0.25,-0.01,0.94,2.32,-4.82,8.12,-2.45,35.78,-43.30,1
O,2022-11-13 11:53:59.649245,0.24,-0.02,0.94,1.46,-5.49,10.01,-2.45,35.78,-43.30,1
O,2022-11-13 11:53:59.649404,0.24,0.01,0.96,3.78,-6.04,11.96,-2.45,35.78,-43.30,1
O,2022-11-13 11:53:59.649564,0.22,-0.03,0.95,12.21,-5.68,13.18,-2.86,35.55,-43.60,1
O,2022-11-13 11:53:59.649721,0.20,-0.04,0.93,2.81,-5.31,11.60,-2.86,35.55,-43.60,1
O,2022-11-13 11:53:59.649878,0.20,-0.03,0.94,6.16,-4.94,7.57,-2.86,35.55,-43.60,1
O,2022-11-13 11:53:59.650029,0.20,-0.03,0.95,6.23,-4.09,5.86,-2.95,35.66,-43.30,1
O,2022-11-13 11:53:59.650185,0.23,-0.03,0.95,-0.43,1.28,0.67,-2.95,35.66,-43.30,1
O,2022-11-13 11:53:59.650336,0.22,-0.02,0.95,-2.08,1.65,1.28,-2.95,35.66,-43.30,1
O,2022-11-13 11:53:59.650488,0.21,-0.02,0.95,0.67,1.59,-1.16,-2.59,35.90,-43.70,1
O,2022-11-13 11:53:59.650643,0.23,-0.02,0.95,2.26,2.93,-3.85,-2.59,35.90,-43.70,1
O,2022-11-13 11:53:59.650795,0.22,-0.02,0.95,2.14,3.54,-4.27,-2.97,35.00,-43.74,1
O,2022-11-13 11:53:59.650956,0.24,-0.02,0.95,1.83,4.64,-6.23,-2.97,35.00,-43.74,1
O,2022-11-13 11:53:59.651107,0.22,-0.01,0.95,3.78,5.55,-8.67,-2.97,35.00,-43.74,1
O,2022-11-13 11:53:59.651266,0.23,-0.02,0.94,4.09,5.07,-10.31,-2.77,34.99,-43.31,1
O,2022-11-13 11:53:59.651418,0.22,-0.02,0.94,5.74,2.69,-9.64,-2.77,34.99,-43.31,1
O,2022-11-13 11:53:59.651571,0.22,-0.04,0.94,9.46,0.24,-6.90,-2.77,34.99,-43.31,1
O,2022-11-13 11:53:59.651727,0.22,-0.04,0.95,3.23,2.99,-2.08,-3.75,35.95,-43.43,1
O,2022-11-13 11:53:59.651880,0.26,-0.03,0.95,1.83,5.49,-0.31,-3.75,35.95,-43.43,1
O,2022-11-13 11:53:59.652038,0.25,0.02,0.96,1.40,4.03,-0.06,-3.75,35.95,-43.43,1
O,2022-11-13 11:53:59.652192,0.25,-0.05,0.94,6.77,2.44,-1.04,-3.63,35.72,-43.25,1
O,2022-11-13 11:53:59.652344,0.24,-0.05,0.94,6.77,1.04,-2.75,-3.63,35.72,-43.25,1
O,2022-11-13 11:53:59.652503,0.22,-0.06,0.93,7.02,-0.85,-1.83,-3.82,35.91,-42.91,1
O,2022-11-13 11:53:59.652661,0.24,-0.03,0.95,10.07,-1.71,-1.16,-3.82,35.91,-42.91,1
O,2022-11-13 11:53:59.652821,0.25,-0.03,0.96,6.35,-0.43,-1.40,-3.82,35.91,-42.91,1
O,2022-11-13 11:53:59.652974,0.24,-0.02,0.95,2.38,0.24,-0.73,-4.24,35.71,-43.44,1
O,2022-11-13 11:53:59.653129,0.24,-0.06,0.94,0.79,2.93,-3.78,-4.24,35.71,-43.44,1
O,2022-11-13 11:53:59.653287,0.21,-0.08,0.93,-8.48,6.10,-12.33,-4.24,35.71,-43.44,1
O,2022-11-13 11:53:59.653446,0.21,-0.05,0.94,-14.47,7.32,-14.04,-4.37,35.52,-43.86,1
O,2022-11-13 11:53:59.653609,0.22,-0.04,0.94,-10.07,6.90,-11.96,-4.37,35.52,-43.86,1
O,2022-11-13 11:53:59.653762,0.27,-0.04,0.95,-8.30,6.23,-8.97,-4.37,35.52,-43.86,1
O,2022-11-13 11:53:59.653920,0.25,-0.02,0.95,-8.18,5.68,-5.92,-4.88,35.30,-42.87,1
O,2022-11-13 11:53:59.654072,0.25,-0.02,0.95,-7.45,6.47,-3.97,-4.88,35.30,-42.87,1
O,2022-11-13 11:53:59.654234,0.23,-0.02,0.94,-12.02,9.22,-5.19,-5.33,34.46,-44.58,1
O,2022-11-13 11:53:59.654392,0.25,-0.04,0.93,-12.27,11.60,-9.34,-5.33,34.46,-44.58,1
O,2022-11-13 11:53:59.654557,0.26,-0.01,0.94,-19.47,12.82,-13.00,-5.33,34.46,-44.58,1
O,2022-11-13 11:53:59.654720,0.28,0.02,0.95,-22.58,13.43,-14.47,-5.37,33.81,-43.73,1
O,2022-11-13 11:53:59.654880,0.26,0.03,0.94,-17.33,12.45,-13.31,-5.37,33.81,-43.73,1
O,2022-11-13 11:53:59.655049,0.30,0.03,0.94,-19.96,11.23,-11.11,-5.37,33.81,-43.73,1
O,2022-11-13 11:53:59.655217,0.25,-0.05,0.91,-4.46,10.38,-8.12,-5.25,32.58,-43.47,1
O,2022-11-13 11:53:59.655399,0.24,-0.02,0.93,-10.50,6.41,-0.12,-5.25,32.58,-43.47,1
O,2022-11-13 11:53:59.655554,0.24,0.05,0.96,-21.67,6.23,17.03,-5.25,32.58,-43.47,1
O,2022-11-13 11:53:59.655706,0.36,0.01,0.92,-8.36,8.42,22.46,-4.86,32.17,-44.49,1
O,2022-11-13 11:53:59.655859,0.27,0.04,0.92,0.67,2.62,25.94,-4.86,32.17,-44.49,1
O,2022-11-13 11:53:59.656012,0.30,0.04,0.93,-0.61,0.24,26.98,-4.74,31.90,-44.04,1
O,2022-11-13 11:53:59.656170,0.28,0.03,0.92,5.98,0.00,21.79,-4.74,31.90,-44.04,1
O,2022-11-13 11:53:59.656332,0.25,0.06,0.93,1.16,-1.83,15.87,-4.74,31.90,-44.04,1
O,2022-11-13 11:53:59.656485,0.26,0.03,0.93,6.90,0.00,6.96,-4.87,32.47,-45.35,1
O,2022-11-13 11:53:59.656639,0.29,0.03,0.93,-0.85,6.53,-3.97,-4.87,32.47,-45.35,1
O,2022-11-13 11:53:59.656799,0.28,0.02,0.92,-6.23,9.83,-8.48,-4.87,32.47,-45.35,1
O,2022-11-13 11:53:59.656961,0.29,0.06,0.94,-6.35,11.41,-11.41,-4.55,32.81,-46.00,1
O,2022-11-13 11:53:59.657116,0.30,0.04,0.93,-8.00,13.43,-10.38,-4.55,32.81,-46.00,1
O,2022-11-13 11:53:59.657281,0.29,0.03,0.92,-10.74,16.11,-12.15,-4.55,32.81,-46.00,1
O,2022-11-13 11:53:59.657440,0.29,0.05,0.93,-21.36,16.66,-12.45,-4.59,31.75,-45.64,1
O,2022-11-13 11:53:59.657607,0.33,0.08,0.92,-18.68,15.44,-10.68,-4.59,31.75,-45.64,1
O,2022-11-13 11:53:59.657768,0.34,0.08,0.91,-6.71,10.25,-6.10,-4.02,31.05,-46.55,1
O,2022-11-13 11:53:59.657914,0.32,0.04,0.90,2.93,0.61,0.18,-4.02,31.05,-46.55,1
O,2022-11-13 11:53:59.658078,0.30,0.04,0.92,-2.87,-2.81,4.15,-4.02,31.05,-46.55,1
O,2022-11-13 11:53:59.658226,0.30,0.08,0.92,-4.76,4.46,6.47,-4.41,30.75,-46.70,1
O,2022-11-13 11:53:59.658379,0.31,0.06,0.91,-2.14,3.66,5.55,-4.41,30.75,-46.70,1
O,2022-11-13 11:53:59.658528,0.32,0.09,0.92,-0.98,1.65,6.84,-4.41,30.75,-46.70,1
O,2022-11-13 11:53:59.658682,0.33,0.09,0.91,4.15,-0.24,7.75,-3.45,30.96,-45.24,1
O,2022-11-13 11:53:59.658842,0.32,0.09,0.91,9.95,-2.56,7.87,-3.45,30.96,-45.24,1
O,2022-11-13 11:53:59.658991,0.30,0.08,0.92,14.16,-2.87,4.21,-3.45,30.96,-45.24,1
O,2022-11-13 11:53:59.659152,0.31,0.05,0.91,14.53,-1.65,0.55,-4.21,31.43,-45.57,1
O,2022-11-13 11:53:59.659303,0.32,0.05,0.91,8.73,-2.32,-2.20,-4.21,31.43,-45.57,1
O,2022-11-13 11:53:59.659455,0.31,0.05,0.93,8.48,-1.89,-4.70,-4.02,31.27,-46.77,1
O,2022-11-13 11:53:59.659609,0.30,0.04,0.92,8.24,0.73,-8.79,-4.02,31.27,-46.77,1
O,2022-11-13 11:53:59.659759,0.30,0.02,0.91,0.55,3.78,-14.22,-4.02,31.27,-46.77,1
O,2022-11-13 11:53:59.659924,0.32,0.07,0.92,-9.34,6.41,-15.14,-4.58,31.56,-47.23,1
O,2022-11-13 11:53:59.660077,0.34,0.06,0.92,-6.77,8.73,-14.77,-4.58,31.56,-47.23,1
O,2022-11-13 11:53:59.660237,0.33,0.05,0.91,-4.82,9.89,-14.95,-4.58,31.56,-47.23,1
O,2022-11-13 11:53:59.660388,0.31,0.03,0.91,0.55,8.85,-15.69,-4.26,31.05,-45.41,1
O,2022-11-13 11:53:59.660541,0.33,0.04,0.91,-9.58,5.07,-7.32,-4.26,31.05,-45.41,1
O,2022-11-13 11:53:59.660703,0.34,0.06,0.91,-8.06,7.63,-2.56,-4.26,31.05,-45.41,1
O,2022-11-13 11:53:59.660851,0.32,0.04,0.91,2.14,9.95,-2.81,-4.16,30.68,-45.85,1
O,2022-11-13 11:53:59.661008,0.32,0.03,0.90,-3.97,9.77,-1.53,-4.16,30.68,-45.85,1
O,2022-11-13 11:53:59.661158,0.32,0.05,0.91,-11.29,7.51,1.22,-3.56,30.24,-46.85,1
O,2022-11-13 11:53:59.661307,0.32,0.07,0.91,-9.28,4.52,8.54,-3.56,30.24,-46.85,1
O,2022-11-13 11:53:59.661541,0.36,0.05,0.90,-1.65,2.62,12.08,-3.56,30.24,-46.85,1
O,2022-11-13 11:53:59.661718,0.35,0.05,0.89,1.16,1.34,14.95,-3.12,30.57,-46.73,1
O,2022-11-13 11:53:59.661890,0.34,0.04,0.90,5.25,0.61,16.11,-3.12,30.57,-46.73,1
O,2022-11-13 11:53:59.662087,0.35,0.03,0.89,0.79,1.89,16.85,-3.12,30.57,-46.73,1
O,2022-11-13 11:53:59.662264,0.32,0.01,0.89,4.33,4.15,15.87,-2.34,30.20,-47.23,1
O,2022-11-13 11:53:59.662422,0.31,0.06,0.89,-6.96,4.21,21.12,-2.34,30.20,-47.23,1
O,2022-11-13 11:53:59.662607,0.29,0.08,0.87,-1.40,0.85,29.79,-2.34,30.20,-47.23,1
O,2022-11-13 11:53:59.662766,0.37,0.10,0.94,-5.00,-2.20,40.71,-2.09,30.16,-45.90,1
O,2022-11-13 11:53:59.662934,0.36,0.26,0.97,-32.47,-0.49,52.80,-2.09,30.16,-45.90,1
O,2022-11-13 11:53:59.663119,0.33,0.12,0.89,-12.51,6.47,45.72,-0.65,29.49,-46.34,1
O,2022-11-13 11:53:59.663294,0.36,0.17,0.90,-11.72,8.30,19.04,-0.65,29.49,-46.34,1
O,2022-11-13 11:53:59.663461,0.37,0.18,0.90,-0.18,2.08,-0.24,-0.65,29.49,-46.34,1
O,2022-11-13 11:53:59.663649,0.36,0.16,0.91,9.03,-4.03,-7.39,-0.46,29.06,-46.83,1
O,2022-11-13 11:53:59.663814,0.32,0.11,0.90,18.37,-5.80,-4.64,-0.46,29.06,-46.83,1
O,2022-11-13 11:53:59.663991,0.32,0.08,0.90,15.87,-3.42,-2.01,-0.46,29.06,-46.83,1
O,2022-11-13 11:53:59.664161,0.33,0.08,0.89,5.62,-1.59,-2.08,-0.07,29.86,-46.58,1
O,2022-11-13 11:53:59.664330,0.33,0.10,0.90,2.14,-0.73,-0.85,-0.07,29.86,-46.58,1
O,2022-11-13 11:53:59.664499,0.34,0.12,0.90,-0.73,1.89,1.04,-0.07,29.86,-46.58,1
O,2022-11-13 11:53:59.664671,0.33,0.10,0.91,-1.22,4.15,2.01,-0.83,29.81,-45.06,1
O,2022-11-13 11:53:59.664837,0.33,0.11,0.91,-1.65,4.76,1.22,-0.83,29.81,-45.06,1
O,2022-11-13 11:53:59.665014,0.35,0.13,0.91,4.21,0.61,0.00,-0.01,29.79,-46.90,1
O,2022-11-13 11:53:59.665184,0.35,0.11,0.89,7.39,-3.11,-2.56,-0.01,29.79,-46.90,1
O,2022-11-13 11:53:59.665344,0.32,0.10,0.90,3.72,-2.87,-6.41,-0.01,29.79,-46.90,1
O,2022-11-13 11:53:59.665502,0.32,0.08,0.90,1.53,0.31,-8.85,-0.35,29.71,-46.56,1
O,2022-11-13 11:53:59.665675,0.33,0.10,0.90,-3.72,2.62,-8.42,-0.35,29.71,-46.56,1
O,2022-11-13 11:53:59.665835,0.35,0.13,0.91,-5.68,4.88,-4.15,-0.35,29.71,-46.56,1
O,2022-11-13 11:53:59.666006,0.34,0.09,0.89,-7.02,5.49,-4.03,0.09,29.25,-47.50,1
O,2022-11-13 11:53:59.666164,0.30,0.06,0.88,-7.08,5.92,-6.10,0.09,29.25,-47.50,1
O,2022-11-13 11:53:59.666318,0.31,0.09,0.89,-15.26,8.06,-8.36,0.09,29.25,-47.50,1
O,2022-11-13 11:53:59.666478,0.36,0.13,0.90,-28.63,14.89,-8.67,0.32,28.66,-46.74,1
O,2022-11-13 11:53:59.666635,0.36,0.12,0.89,-28.87,21.97,-11.23,0.32,28.66,-46.74,1
O,2022-11-13 11:53:59.666798,0.36,0.15,0.87,-37.11,23.44,-13.98,-0.09,27.23,-46.85,1
O,2022-11-13 11:53:59.666957,0.29,0.13,0.87,-30.70,26.55,-21.00,-0.09,27.23,-46.85,1
O,2022-11-13 11:53:59.667115,0.34,0.52,1.04,8.61,33.02,-34.24,-0.09,27.23,-46.85,1
O,2022-11-13 11:53:59.667273,0.43,0.02,0.85,116.03,40.28,-31.19,0.12,28.15,-45.74,1
O,2022-11-13 11:53:59.667427,0.45,0.11,0.83,39.18,34.30,-23.86,0.12,28.15,-45.74,1
O,2022-11-13 11:53:59.667602,0.44,0.07,0.86,12.57,33.63,-20.45,0.12,28.15,-45.74,1
O,2022-11-13 11:53:59.667766,0.44,0.06,0.86,5.92,35.64,-16.97,0.82,29.60,-44.49,1
O,2022-11-13 11:53:59.667937,0.45,0.07,0.85,0.18,36.50,-16.36,0.82,29.60,-44.49,1
O,2022-11-13 11:53:59.668095,0.49,0.05,0.84,-0.37,33.33,-16.17,0.82,29.60,-44.49,1
O,2022-11-13 11:53:59.668281,0.50,-0.01,0.83,-9.40,25.02,-12.88,1.07,29.30,-44.73,1
O,2022-11-13 11:53:59.668438,0.49,0.09,0.83,-15.32,14.04,-12.21,1.07,29.30,-44.73,1
O,2022-11-13 11:53:59.668594,0.49,0.07,0.83,-12.39,9.58,-11.60,0.17,28.88,-44.87,1
O,2022-11-13 11:53:59.668752,0.48,0.09,0.83,-10.80,7.20,-11.41,0.17,28.88,-44.87,1
O,2022-11-13 11:53:59.668900,0.48,0.14,0.84,-8.73,2.50,-8.61,0.17,28.88,-44.87,1
O,2022-11-13 11:53:59.669060,0.48,0.07,0.84,-4.03,2.87,-9.34,0.02,29.15,-45.87,1
O,2022-11-13 11:53:59.669220,0.49,0.08,0.83,-1.10,5.43,-9.34,0.02,29.15,-45.87,1
O,2022-11-13 11:53:59.669376,0.49,0.07,0.83,-1.10,9.34,-11.84,0.02,29.15,-45.87,1
O,2022-11-13 11:53:59.669533,0.49,0.08,0.83,-1.95,12.51,-16.42,-0.15,29.15,-45.14,1
O,2022-11-13 11:53:59.669688,0.49,0.06,0.82,-2.75,14.95,-18.49,-0.15,29.15,-45.14,1
O,2022-11-13 11:53:59.669853,0.52,0.03,0.81,-7.63,14.83,-19.04,-0.15,29.15,-45.14,1
O,2022-11-13 11:53:59.670012,0.51,0.07,0.81,-15.50,12.08,-18.68,-1.07,28.92,-44.41,1
O,2022-11-13 11:53:59.670186,0.51,0.11,0.82,-7.87,10.44,-16.78,-1.07,28.92,-44.41,1
O,2022-11-13 11:53:59.670336,0.59,0.07,0.85,2.32,7.39,-13.43,-1.11,29.20,-44.43,1
O,2022-11-13 11:53:59.670499,0.44,-0.02,0.81,19.96,6.77,-12.88,-1.11,29.20,-44.43,1
O,2022-11-13 11:53:59.670653,0.57,0.13,0.88,-10.19,1.95,-6.77,-1.11,29.20,-44.43,1
O,2022-11-13 11:53:59.670801,0.56,0.12,0.76,2.44,3.60,-1.89,-0.87,28.72,-45.12,1
O,2022-11-13 11:53:59.670960,0.51,0.04,0.83,4.21,1.40,-0.98,-0.87,28.72,-45.12,1
O,2022-11-13 11:53:59.671112,0.48,-0.01,0.81,3.66,-0.37,0.31,-0.87,28.72,-45.12,1
O,2022-11-13 11:53:59.671269,0.55,0.11,0.82,-4.09,-1.28,1.53,-1.16,28.63,-44.90,1
O,2022-11-13 11:53:59.671421,0.56,0.12,0.82,0.67,-0.92,4.46,-1.16,28.63,-44.90,1
O,2022-11-13 11:53:59.671569,0.57,0.11,0.81,5.80,-0.31,6.84,-1.16,28.63,-44.90,1
O,2022-11-13 11:53:59.671726,0.51,0.03,0.81,9.89,-0.61,5.25,-1.37,28.60,-44.27,1
O,2022-11-13 11:53:59.671873,0.50,0.03,0.81,6.29,-1.59,2.01,-1.37,28.60,-44.27,1
O,2022-11-13 11:53:59.672037,0.50,0.05,0.81,1.46,-4.33,-0.85,-1.57,28.52,-44.17,1
O,2022-11-13 11:53:59.672189,0.52,0.07,0.81,1.59,-7.45,-1.22,-1.57,28.52,-44.17,1
O,2022-11-13 11:53:59.672342,0.54,0.10,0.82,4.58,-8.30,-0.12,-1.57,28.52,-44.17,1
O,2022-11-13 11:53:59.672499,0.51,0.04,0.82,3.91,-5.98,-1.28,-1.90,28.55,-44.29,1
O,2022-11-13 11:53:59.672653,0.48,0.04,0.82,-1.89,-2.99,-3.30,-1.90,28.55,-44.29,1
O,2022-11-13 11:53:59.672812,0.49,0.05,0.82,-3.36,0.06,-4.39,-1.90,28.55,-44.29,1
O,2022-11-13 11:53:59.672963,0.52,0.07,0.82,-3.36,2.44,-4.70,-1.99,28.74,-45.01,1
O,2022-11-13 11:53:59.673113,0.53,0.08,0.82,0.79,3.72,-4.21,-1.99,28.74,-45.01,1
O,2022-11-13 11:53:59.673270,0.50,0.05,0.82,1.46,4.03,-4.52,-1.99,28.74,-45.01,1
O,2022-11-13 11:53:59.673425,0.50,0.07,0.82,-1.46,3.36,-4.52,-2.81,28.87,-45.23,1
O,2022-11-13 11:53:59.673586,0.53,0.06,0.81,2.99,3.30,-3.78,-2.81,28.87,-45.23,1
O,2022-11-13 11:53:59.673735,0.54,0.06,0.81,2.26,2.99,-2.81,-2.12,28.93,-43.21,1
O,2022-11-13 11:53:59.673885,0.54,0.07,0.81,3.72,1.71,-1.10,-2.12,28.93,-43.21,1
O,2022-11-13 11:53:59.674040,0.49,-0.03,0.80,10.86,0.67,-2.69,-2.12,28.93,-43.21,1
O,2022-11-13 11:53:59.674194,0.50,0.06,0.82,-5.43,-0.67,-2.99,-2.54,29.00,-43.51,1
O,2022-11-13 11:53:59.674359,0.50,0.15,0.84,-7.75,-2.08,0.79,-2.54,29.00,-43.51,1
O,2022-11-13 11:53:59.674513,0.49,0.01,0.81,19.65,-1.77,0.92,-2.54,29.00,-43.51,1
O,2022-11-13 11:53:59.674668,0.54,0.00,0.81,4.09,1.77,-0.37,-2.80,29.82,-43.68,1
O,2022-11-13 11:53:59.674818,0.51,0.11,0.83,-9.40,4.58,1.34,-2.80,29.82,-43.68,1
O,2022-11-13 11:53:59.674963,0.54,0.06,0.81,2.93,9.09,1.53,-2.80,29.82,-43.68,1
O,2022-11-13 11:53:59.675124,0.53,-0.00,0.80,9.89,12.88,-0.61,-3.17,29.96,-42.99,1
O,2022-11-13 11:53:59.675280,0.53,0.05,0.81,-3.17,13.85,-0.06,-3.17,29.96,-42.99,1
O,2022-11-13 11:53:59.675443,0.52,0.09,0.81,-6.59,11.54,1.77,-2.60,30.38,-43.86,1
O,2022-11-13 11:53:59.675589,0.52,0.04,0.80,5.07,9.16,1.95,-2.60,30.38,-43.86,1
O,2022-11-13 11:53:59.675748,0.52,0.03,0.80,2.62,6.71,2.01,-2.60,30.38,-43.86,1
O,2022-11-13 11:53:59.675902,0.54,0.03,0.80,1.59,3.60,1.89,-2.27,30.87,-44.37,1
O,2022-11-13 11:53:59.676050,0.55,0.04,0.80,-3.91,0.73,2.32,-2.27,30.87,-44.37,1
O,2022-11-13 11:53:59.676212,0.56,0.09,0.80,-6.04,-1.65,3.05,-2.27,30.87,-44.37,1
O,2022-11-13 11:53:59.676365,0.55,0.06,0.80,3.11,-2.75,1.10,-2.08,31.95,-44.35,1
O,2022-11-13 11:53:59.676515,0.52,0.03,0.80,1.04,-2.26,-0.92,-2.08,31.95,-44.35,1
O,2022-11-13 11:53:59.676676,0.51,0.05,0.81,-3.48,-0.85,-1.59,-2.08,31.95,-44.35,1
O,2022-11-13 11:53:59.676825,0.51,0.06,0.81,-2.50,0.43,-1.22,-2.31,31.56,-44.18,1
O,2022-11-13 11:53:59.676983,0.52,0.04,0.81,0.79,2.99,-0.37,-2.31,31.56,-44.18,1
O,2022-11-13 11:53:59.677132,0.54,0.06,0.81,-2.81,5.74,0.31,-2.32,32.41,-44.46,1
O,2022-11-13 11:53:59.677283,0.56,0.07,0.80,-0.67,7.39,1.10,-2.32,32.41,-44.46,1
O,2022-11-13 11:53:59.677430,0.56,0.04,0.80,2.62,9.70,0.55,-2.32,32.41,-44.46,1
O,2022-11-13 11:53:59.677583,0.54,0.06,0.79,-0.79,10.74,-0.24,-2.05,32.53,-43.59,1
O,2022-11-13 11:53:59.677764,0.53,0.05,0.80,3.05,9.34,-0.98,-2.05,32.53,-43.59,1
O,2022-11-13 11:53:59.677911,0.53,0.00,0.79,2.75,6.77,0.24,-2.05,32.53,-43.59,1
O,2022-11-13 11:53:59.678068,0.55,0.09,0.79,-8.24,3.72,3.42,-1.32,32.34,-44.09,1
O,2022-11-13 11:53:59.678226,0.58,0.07,0.79,-1.53,1.53,3.30,-1.32,32.34,-44.09,1
O,2022-11-13 11:53:59.678378,0.53,0.02,0.78,6.10,-0.98,-0.24,-1.32,32.34,-44.09,1
O,2022-11-13 11:53:59.678543,0.55,0.07,0.79,-4.33,-3.05,-2.01,-1.55,32.58,-43.46,1
O,2022-11-13 11:53:59.678697,0.56,0.07,0.80,-0.61,-2.20,-0.98,-1.55,32.58,-43.46,1
O,2022-11-13 11:53:59.678854,0.58,0.08,0.79,0.92,-1.71,0.67,-1.59,32.80,-43.44,1
O,2022-11-13 11:53:59.679001,0.54,0.05,0.79,4.33,-0.43,0.18,-1.59,32.80,-43.44,1
O,2022-11-13 11:53:59.679149,0.52,0.02,0.79,5.31,0.43,-1.71,-1.59,32.80,-43.44,1
O,2022-11-13 11:53:59.679305,0.53,0.04,0.80,0.43,0.67,-2.50,-2.14,32.52,-44.36,1
O,2022-11-13 11:53:59.679458,0.54,0.08,0.80,-0.49,0.92,-1.34,-2.14,32.52,-44.36,1
O,2022-11-13 11:53:59.679611,0.55,0.04,0.79,5.49,1.95,-1.10,-2.14,32.52,-44.36,1
O,2022-11-13 11:53:59.679762,0.54,0.04,0.79,3.36,2.50,-1.46,-2.06,32.65,-44.08,1
O,2022-11-13 11:53:59.679945,0.55,0.06,0.79,-0.61,2.93,-1.40,-2.06,32.65,-44.08,1
O,2022-11-13 11:53:59.680116,0.55,0.05,0.79,2.14,3.48,-1.65,-2.06,32.65,-44.08,1
O,2022-11-13 11:53:59.680285,0.54,0.03,0.79,2.62,3.85,-2.26,-2.16,32.76,-43.85,1
O,2022-11-13 11:53:59.680475,0.56,0.06,0.79,-1.16,3.17,-1.10,-2.16,32.76,-43.85,1
O,2022-11-13 11:53:59.680648,0.57,0.06,0.79,-0.61,2.08,0.06,-2.27,32.24,-44.04,1
O,2022-11-13 11:53:59.680804,0.56,0.05,0.79,1.40,1.22,0.61,-2.27,32.24,-44.04,1
O,2022-11-13 11:53:59.680978,0.55,0.04,0.79,2.01,0.24,0.55,-2.27,32.24,-44.04,1
O,2022-11-13 11:53:59.681149,0.56,0.05,0.79,0.18,-0.98,-0.24,-2.00,32.08,-44.37,1
O,2022-11-13 11:53:59.681316,0.57,0.06,0.79,-1.65,-0.37,-0.31,-2.00,32.08,-44.37,1
O,2022-11-13 11:53:59.681482,0.53,0.01,0.79,5.37,-0.24,-1.04,-2.00,32.08,-44.37,1
O,2022-11-13 11:53:59.681651,0.54,0.04,0.80,-2.01,0.55,-1.77,-2.51,32.41,-45.08,1
O,2022-11-13 11:53:59.681821,0.52,0.15,0.81,-12.33,1.16,0.12,-2.51,32.41,-45.08,1
O,2022-11-13 11:53:59.681987,0.51,0.05,0.80,11.96,5.19,-1.28,-2.51,32.41,-45.08,1
O,2022-11-13 11:53:59.682196,0.55,-0.02,0.79,2.14,8.97,-4.15,-1.73,32.63,-42.71,1
O,2022-11-13 11:53:59.682363,0.56,0.12,0.80,-11.47,10.19,-1.77,-1.73,32.63,-42.71,1
O,2022-11-13 11:53:59.682522,0.61,0.03,0.77,1.71,12.02,0.00,-1.82,32.10,-43.47,1
O,2022-11-13 11:53:59.682721,0.58,0.03,0.77,1.71,13.31,-0.73,-1.82,32.10,-43.47,1
O,2022-11-13 11:53:59.682895,0.58,0.07,0.78,-3.54,13.43,0.98,-1.82,32.10,-43.47,1
O,2022-11-13 11:53:59.683067,0.53,0.06,0.78,1.71,12.57,1.28,-1.27,32.52,-44.56,1
O,2022-11-13 11:53:59.683220,0.55,0.03,0.77,4.03,10.38,0.92,-1.27,32.52,-44.56,1
O,2022-11-13 11:53:59.683379,0.56,0.03,0.77,1.59,8.36,0.43,-1.27,32.52,-44.56,1
O,2022-11-13 11:53:59.683545,0.58,0.03,0.77,-0.67,5.25,0.92,-0.50,32.53,-45.21,1
O,2022-11-13 11:53:59.683712,0.60,0.06,0.76,-2.81,2.56,2.81,-0.50,32.53,-45.21,1
O,2022-11-13 11:53:59.683878,0.61,0.07,0.76,-1.10,1.34,3.54,-0.50,32.53,-45.21,1
O,2022-11-13 11:53:59.684039,0.59,0.05,0.76,2.20,0.12,2.14,-0.54,31.99,-44.01,1
O,2022-11-13 11:53:59.684199,0.57,0.05,0.77,0.12,-0.85,-0.43,-0.54,31.99,-44.01,1
O,2022-11-13 11:53:59.684355,0.56,0.05,0.77,-0.43,-1.89,-2.38,-0.70,31.48,-45.01,1
O,2022-11-13 11:53:59.684526,0.56,0.04,0.77,-3.23,-2.50,-3.11,-0.70,31.48,-45.01,1
O,2022-11-13 11:53:59.684685,0.58,0.07,0.77,-3.72,-2.87,-2.32,-0.70,31.48,-45.01,1
O,2022-11-13 11:53:59.684840,0.60,0.08,0.77,-0.98,-4.27,-1.77,-0.35,32.08,-45.50,1
O,2022-11-13 11:53:59.685001,0.58,0.06,0.79,3.78,-5.31,-0.55,-0.35,32.08,-45.50,1
O,2022-11-13 11:53:59.685154,0.58,0.07,0.78,-1.04,-4.52,2.20,-0.35,32.08,-45.50,1
O,2022-11-13 11:53:59.685308,0.57,0.02,0.77,4.21,-1.65,3.30,-0.12,31.96,-44.27,1
O,2022-11-13 11:53:59.685458,0.57,0.08,0.78,-2.87,2.14,1.46,-0.12,31.96,-44.27,1
O,2022-11-13 11:53:59.685608,0.57,0.04,0.77,3.11,2.50,1.10,-0.12,31.96,-44.27,1
O,2022-11-13 11:53:59.685756,0.57,0.05,0.77,1.65,2.93,1.16,-0.51,31.75,-45.58,1
O,2022-11-13 11:53:59.685905,0.58,0.08,0.78,-0.43,3.11,3.17,-0.51,31.75,-45.58,1
O,2022-11-13 11:53:59.686055,0.56,0.05,0.77,5.07,2.87,4.70,-0.48,31.46,-45.53,1
O,2022-11-13 11:53:59.686202,0.57,0.07,0.77,-1.53,2.38,3.54,-0.48,31.46,-45.53,1
O,2022-11-13 11:53:59.686351,0.59,0.04,0.76,3.78,1.71,1.71,-0.48,31.46,-45.53,1
O,2022-11-13 11:53:59.686503,0.61,0.10,0.77,-3.60,-1.71,2.08,-0.56,31.53,-46.08,1
O,2022-11-13 11:53:59.686650,0.59,0.06,0.77,4.82,-3.72,1.71,-0.56,31.53,-46.08,1
O,2022-11-13 11:53:59.686808,0.57,0.06,0.78,3.60,-4.21,-0.79,-0.56,31.53,-46.08,1
O,2022-11-13 11:53:59.686958,0.57,0.04,0.77,3.72,-4.64,-2.08,-0.73,32.04,-45.86,1
O,2022-11-13 11:53:59.687114,0.56,0.05,0.78,1.34,-3.97,-0.79,-0.73,32.04,-45.86,1
O,2022-11-13 11:53:59.687271,0.57,0.04,0.78,3.05,-2.32,0.31,-0.73,32.04,-45.86,1
O,2022-11-13 11:53:59.687422,0.57,0.06,0.78,-0.24,-0.24,1.28,-1.12,31.51,-44.57,1
O,2022-11-13 11:53:59.687574,0.57,0.06,0.78,2.75,1.34,2.08,-1.12,31.51,-44.57,1
O,2022-11-13 11:53:59.687720,0.56,0.04,0.78,2.26,1.71,0.12,-0.94,31.51,-46.12,1
O,2022-11-13 11:53:59.687876,0.58,0.05,0.78,1.95,1.22,-0.18,-0.94,31.51,-46.12,1
O,2022-11-13 11:53:59.688022,0.58,0.06,0.78,1.46,0.67,0.61,-0.94,31.51,-46.12,1
O,2022-11-13 11:53:59.688166,0.57,0.04,0.78,1.95,0.12,1.46,-0.90,30.51,-45.51,1
O,2022-11-13 11:53:59.688323,0.57,0.05,0.78,0.73,0.85,1.53,-0.90,30.51,-45.51,1
O,2022-11-13 11:53:59.688476,0.57,0.05,0.78,0.98,2.14,1.95,-0.90,30.51,-45.51,1
O,2022-11-13 11:53:59.688628,0.59,0.05,0.77,0.98,2.87,2.20,-1.25,32.04,-46.35,1
O,2022-11-13 11:53:59.688775,0.57,0.07,0.78,-0.18,3.17,2.50,-1.25,32.04,-46.35,1
O,2022-11-13 11:53:59.688919,0.55,0.00,0.77,6.23,2.69,0.31,-1.25,32.04,-46.35,1
O,2022-11-13 11:53:59.689074,0.57,0.09,0.78,-6.77,1.95,0.06,-0.28,31.15,-45.08,1
O,2022-11-13 11:53:59.689219,0.56,0.07,0.78,4.46,1.95,1.46,-0.28,31.15,-45.08,1
O,2022-11-13 11:53:59.689374,0.55,0.02,0.78,2.32,2.20,1.16,0.07,31.34,-46.03,1
O,2022-11-13 11:53:59.689517,0.59,0.03,0.77,0.31,3.30,0.55,0.07,31.34,-46.03,1
O,2022-11-13 11:53:59.689661,0.59,0.07,0.77,-4.70,4.15,2.93,0.07,31.34,-46.03,1
O,2022-11-13 11:53:59.689817,0.59,0.08,0.77,-2.01,5.31,4.27,-0.02,31.38,-46.48,1
O,2022-11-13 11:53:59.689962,0.58,0.04,0.77,3.72,6.16,1.95,-0.02,31.38,-46.48,1
O,2022-11-13 11:53:59.690118,0.58,0.07,0.77,-3.85,6.23,1.53,-0.02,31.38,-46.48,1
O,2022-11-13 11:53:59.690263,0.57,0.08,0.77,-1.83,5.74,2.38,0.98,30.57,-47.16,1
O,2022-11-13 11:53:59.690405,0.56,0.04,0.77,2.08,6.16,2.38,0.98,30.57,-47.16,1
O,2022-11-13 11:53:59.690555,0.57,0.04,0.77,0.98,5.55,1.04,0.98,30.57,-47.16,1
O,2022-11-13 11:53:59.690704,0.58,0.07,0.77,-3.05,4.39,1.34,1.51,30.68,-46.64,1
O,2022-11-13 11:53:59.690857,0.59,0.06,0.76,0.43,2.99,3.17,1.51,30.68,-46.64,1
O,2022-11-13 11:53:59.691000,0.60,0.05,0.76,1.10,2.32,2.38,1.64,30.68,-46.85,1
O,2022-11-13 11:53:59.691148,0.59,0.07,0.76,-1.22,1.71,1.71,1.64,30.68,-46.85,1
O,2022-11-13 11:53:59.691303,0.59,0.07,0.76,0.49,0.55,0.43,1.64,30.68,-46.85,1
O,2022-11-13 11:53:59.691452,0.58,0.05,0.76,2.44,0.18,-0.98,2.50,31.18,-45.39,1
O,2022-11-13 11:53:59.691608,0.58,0.05,0.76,0.37,-0.73,-1.34,2.50,31.18,-45.39,1
O,2022-11-13 11:53:59.691759,0.58,0.06,0.77,-0.55,-1.40,-0.92,2.50,31.18,-45.39,1
O,2022-11-13 11:53:59.691908,0.58,0.07,0.77,-1.71,-0.79,0.55,2.44,31.31,-46.77,1
O,2022-11-13 11:53:59.692061,0.57,0.08,0.77,-0.79,1.59,1.77,2.44,31.31,-46.77,1
O,2022-11-13 11:53:59.692207,0.59,0.03,0.76,5.62,2.50,-0.31,2.44,31.31,-46.77,1
O,2022-11-13 11:53:59.692365,0.60,0.06,0.76,-2.56,1.46,-0.18,2.09,30.86,-46.26,1
O,2022-11-13 11:53:59.692508,0.61,0.08,0.76,1.95,0.31,0.49,2.09,30.86,-46.26,1
O,2022-11-13 11:53:59.692656,0.58,0.03,0.76,7.39,-1.71,-0.85,2.03,31.16,-46.02,1
O,2022-11-13 11:53:59.692818,0.58,0.07,0.77,-1.40,-4.46,-1.10,2.03,31.16,-46.02,1
O,2022-11-13 11:53:59.692965,0.59,0.04,0.76,4.39,-4.58,-0.98,2.03,31.16,-46.02,1
O,2022-11-13 11:53:59.693124,0.59,0.06,0.77,-2.56,-4.27,-1.04,1.90,31.59,-46.51,1
O,2022-11-13 11:53:59.693293,0.59,0.07,0.77,2.08,-2.87,-1.59,1.90,31.59,-46.51,1
O,2022-11-13 11:53:59.693472,0.55,0.01,0.77,11.11,-2.93,-3.85,1.90,31.59,-46.51,1
O,2022-11-13 11:53:59.693627,0.55,0.00,0.77,5.07,-3.60,-6.10,1.33,31.58,-46.11,1
O,2022-11-13 11:53:59.693777,0.56,0.06,0.79,-3.11,-5.13,-6.96,1.33,31.58,-46.11,1
O,2022-11-13 11:53:59.693936,0.55,0.06,0.81,28.69,-6.53,-8.36,1.33,31.58,-46.11,1
O,2022-11-13 11:53:59.694093,0.31,-0.14,0.81,27.77,-9.09,-13.31,1.28,31.91,-46.23,1
O,2022-11-13 11:53:59.694258,-0.08,-0.25,0.51,19.29,-8.00,-24.35,1.28,31.91,-46.23,1
O,2022-11-13 11:53:59.694421,0.29,-0.02,0.61,-88.01,-22.16,-23.50,0.68,32.47,-46.88,1
O,2022-11-13 11:53:59.694577,0.44,-0.24,0.67,26.92,20.08,-30.09,0.68,32.47,-46.88,1
O,2022-11-13 11:53:59.694742,0.69,0.19,0.77,-75.87,68.30,-31.74,0.68,32.47,-46.88,1
O,2022-11-13 11:53:59.694898,0.09,0.22,0.70,-17.03,82.03,-15.20,2.48,30.38,-46.40,1
O,2022-11-13 11:53:59.695057,0.12,0.12,0.52,34.91,96.25,-13.55,2.48,30.38,-46.40,1
O,2022-11-13 11:53:59.695209,0.04,0.02,0.45,4.64,105.35,-4.94,2.48,30.38,-46.40,1
O,2022-11-13 11:53:59.695367,0.02,0.01,0.44,8.18,112.79,-5.13,6.88,31.19,-43.88,1
O,2022-11-13 11:53:59.695523,0.06,0.09,0.33,-26.25,118.04,2.99,6.88,31.19,-43.88,1
O,2022-11-13 11:53:59.695680,0.01,-0.05,0.28,36.68,123.29,-6.65,6.88,31.19,-43.88,1
O,2022-11-13 11:53:59.695850,0.02,-0.08,0.21,-0.98,122.62,-17.76,13.12,29.77,-42.64,1
O,2022-11-13 11:53:59.696010,0.08,0.02,0.20,-22.28,120.67,-28.75,13.12,29.77,-42.64,1
O,2022-11-13 11:53:59.696179,0.12,-0.01,0.03,-11.60,100.46,-36.19,16.04,26.25,-41.56,1
O,2022-11-13 11:53:59.696339,0.07,-0.10,0.14,-47.36,86.67,-55.11,16.04,26.25,-41.56,1
O,2022-11-13 11:53:59.696509,0.02,-0.09,0.02,-80.87,74.77,-75.07,16.04,26.25,-41.56,1
O,2022-11-13 11:53:59.696672,0.06,-0.14,0.01,-77.09,69.21,-83.01,17.66,23.44,-40.88,1
O,2022-11-13 11:53:59.696842,0.08,-0.10,0.04,-105.83,68.18,-88.93,17.66,23.44,-40.88,1
O,2022-11-13 11:53:59.697019,0.14,-0.05,0.05,-77.70,75.13,-94.91,17.66,23.44,-40.88,1
O,2022-11-13 11:53:59.697180,0.19,-0.08,0.08,-34.91,94.06,-93.44,19.42,21.98,-39.31,1
O,2022-11-13 11:53:59.697362,0.21,-0.09,0.16,-6.84,130.68,-83.62,19.42,21.98,-39.31,1
O,2022-11-13 11:53:59.697545,0.18,-0.08,0.22,6.53,155.88,-70.50,19.42,21.98,-39.31,1
O,2022-11-13 11:53:59.697730,0.11,-0.16,0.05,13.55,184.51,-51.82,23.69,23.99,-36.04,1
O,2022-11-13 11:53:59.697922,0.08,-0.17,-0.19,-53.77,238.28,-29.30,23.69,23.99,-36.04,1
O,2022-11-13 11:53:59.698126,0.17,-0.19,-0.62,-119.45,335.75,-19.04,31.04,21.73,-29.25,1
O,2022-11-13 11:53:59.698335,0.42,-0.05,-1.10,-119.08,572.02,-45.84,31.04,21.73,-29.25,1
O,2022-11-13 11:53:59.698517,0.53,0.03,-1.15,-67.14,757.81,-68.48,31.04,21.73,-29.25,1
O,2022-11-13 11:53:59.698711,0.54,-0.01,-1.12,26.73,913.45,-74.77,35.25,20.80,-5.10,1
O,2022-11-13 11:53:59.698884,1.73,0.04,-3.78,-155.94,991.21,42.36,35.25,20.80,-5.10,1
O,2022-11-13 11:53:59.699092,-0.50,-1.44,-1.57,-7.57,1323.49,-46.63,35.25,20.80,-5.10,1
O,2022-11-13 11:53:59.699257,0.26,0.04,0.88,82.46,-595.28,182.68,21.28,17.11,15.04,1
O,2022-11-13 11:53:59.699457,-0.61,-1.31,-3.56,130.31,-480.04,191.16,21.28,17.11,15.04,1
O,2022-11-13 11:53:59.699635,-0.12,-0.14,-0.17,69.46,-214.60,91.55,21.28,17.11,15.04,1
O,2022-11-13 11:53:59.699815,-0.00,0.02,-0.41,-11.60,-183.53,107.91,31.25,13.88,6.51,1
O,2022-11-13 11:53:59.699976,0.07,0.04,-0.26,122.38,-105.77,82.21,31.25,13.88,6.51,1
O,2022-11-13 11:53:59.700141,0.01,-0.05,-0.49,271.48,11.29,24.35,33.14,8.12,4.41,1
O,2022-11-13 11:53:59.700293,0.12,0.24,-0.27,201.48,81.36,41.08,33.14,8.12,4.41,1
O,2022-11-13 11:53:59.700454,-0.05,-0.08,-0.84,438.78,134.95,41.56,33.14,8.12,4.41,1
O,2022-11-13 11:53:59.700622,-0.13,-0.18,-0.79,446.23,208.44,35.95,30.32,-0.05,5.98,1
O,2022-11-13 11:53:59.700783,0.04,-0.01,-0.61,349.85,270.63,39.73,30.32,-0.05,5.98,1
O,2022-11-13 11:53:59.700949,0.01,0.35,-0.79,209.41,359.44,99.24,30.32,-0.05,5.98,1
O,2022-11-13 11:53:59.701120,1.47,3.80,-3.22,117.37,469.18,237.55,21.91,-8.98,8.89,1
O,2022-11-13 11:53:59.701303,-0.66,-0.41,-1.63,147.58,30.40,-77.03,21.91,-8.98,8.89,1
O,2022-11-13 11:53:59.701484,-0.45,0.81,-0.36,-586.06,66.41,-29.30,21.91,-8.98,8.89,1
O,2022-11-13 11:53:59.701674,0.17,0.02,-0.92,244.32,55.36,-124.45,17.38,-4.42,14.38,1
O,2022-11-13 11:53:59.701845,-0.16,0.63,-0.77,205.02,-61.10,-134.83,17.38,-4.42,14.38,1
O,2022-11-13 11:53:59.702008,0.04,0.65,-0.98,-13.43,-73.00,-87.77,20.65,-7.63,10.18,1
O,2022-11-13 11:53:59.702177,-0.15,0.37,-0.61,-181.95,-48.34,4.15,20.65,-7.63,10.18,1
O,2022-11-13 11:53:59.702343,0.04,0.33,-0.72,-226.26,-23.07,54.87,20.65,-7.63,10.18,1
O,2022-11-13 11:53:59.702508,-0.00,0.43,-0.84,-4.39,22.71,53.96,21.14,-3.89,12.21,1
O,2022-11-13 11:53:59.702660,0.69,0.78,-0.81,2.44,30.46,75.38,21.14,-3.89,12.21,1
O,2022-11-13 11:53:59.702834,-0.04,0.41,-0.93,15.08,-4.21,52.25,21.14,-3.89,12.21,1
O,2022-11-13 11:53:59.702993,-0.05,0.47,-0.90,80.08,-18.80,30.70,19.65,-5.92,12.32,1
O,2022-11-13 11:53:59.703156,-0.00,0.54,-0.79,83.31,-42.42,12.08,19.65,-5.92,12.32,1
O,2022-11-13 11:53:59.703314,-0.03,0.67,-1.24,14.65,-57.92,9.77,19.65,-5.92,12.32,1
O,2022-11-13 11:53:59.703472,-0.02,0.37,-0.78,74.22,-1.89,30.64,20.89,-7.71,10.89,1
O,2022-11-13 11:53:59.703647,0.01,0.50,-0.86,-10.25,-32.96,44.13,20.89,-7.71,10.89,1
O,2022-11-13 11:53:59.703804,0.00,0.47,-0.89,-11.66,-27.04,44.80,20.51,-9.00,9.06,1
O,2022-11-13 11:53:59.703968,-0.01,0.50,-0.91,5.19,-23.74,38.76,20.51,-9.00,9.06,1
O,2022-11-13 11:53:59.704122,0.01,0.53,-0.85,29.54,-20.20,29.24,20.51,-9.00,9.06,1
O,2022-11-13 11:53:59.704276,0.01,0.54,-0.84,22.16,-17.21,22.22,20.69,-9.55,9.03,1
O,2022-11-13 11:53:59.704431,0.01,0.59,-0.82,8.36,-9.52,17.15,20.69,-9.55,9.03,1
O,2022-11-13 11:53:59.704577,0.02,0.58,-0.83,2.32,-3.78,9.95,20.69,-9.55,9.03,1
O,2022-11-13 11:53:59.704734,0.02,0.57,-0.82,-2.62,1.16,3.42,20.59,-10.71,8.62,1
O,2022-11-13 11:53:59.704887,0.02,0.56,-0.83,-9.64,2.99,3.17,20.59,-10.71,8.62,1
O,2022-11-13 11:53:59.705036,0.02,0.56,-0.84,-7.45,2.56,2.56,20.59,-10.71,8.62,1
O,2022-11-13 11:53:59.705186,0.02,0.56,-0.84,4.21,1.22,2.14,20.09,-10.14,8.83,1
O,2022-11-13 11:53:59.705341,0.02,0.56,-0.83,8.24,0.73,2.14,20.09,-10.14,8.83,1
O,2022-11-13 11:53:59.705501,0.02,0.56,-0.83,11.35,0.06,2.01,20.73,-10.33,7.90,1
O,2022-11-13 11:53:59.705649,0.02,0.57,-0.83,10.44,0.55,1.89,20.73,-10.33,7.90,1
O,2022-11-13 11:53:59.705795,0.02,0.57,-0.82,9.52,0.43,1.89,20.73,-10.33,7.90,1
O,2022-11-13 11:53:59.705946,0.02,0.57,-0.82,3.72,1.04,2.38,20.54,-10.83,8.35,1
O,2022-11-13 11:53:59.706099,0.02,0.57,-0.82,-0.55,1.77,2.50,20.54,-10.83,8.35,1
O,2022-11-13 11:53:59.706257,0.02,0.57,-0.83,0.98,1.53,2.50,20.54,-10.83,8.35,1
O,2022-11-13 11:53:59.706403,0.02,0.57,-0.83,6.77,0.92,1.83,20.32,-10.00,8.08,1
O,2022-11-13 11:53:59.706559,0.02,0.57,-0.81,6.65,1.53,2.50,20.32,-10.00,8.08,1
O,2022-11-13 11:53:59.706713,0.01,0.57,-0.84,4.15,2.99,-0.31,20.32,-10.00,8.08,1
O,2022-11-13 11:53:59.706866,0.01,0.56,-0.83,7.69,4.64,-3.36,20.61,-10.53,9.00,1
O,2022-11-13 11:53:59.707026,0.03,0.58,-0.80,9.22,5.62,-4.52,20.61,-10.53,9.00,1
O,2022-11-13 11:53:59.707173,0.02,0.58,-0.81,0.12,3.05,0.49,20.47,-10.60,7.84,1
O,2022-11-13 11:53:59.707324,0.02,0.58,-0.83,-2.56,2.69,1.10,20.47,-10.60,7.84,1
O,2022-11-13 11:53:59.707480,0.01,0.58,-0.83,10.56,4.15,-3.85,20.47,-10.60,7.84,1
O,2022-11-13 11:53:59.707629,0.03,0.58,-0.81,4.52,5.31,-3.36,20.41,-10.84,7.96,1
O,2022-11-13 11:53:59.707783,0.02,0.59,-0.81,-3.11,6.29,-2.14,20.41,-10.84,7.96,1
O,2022-11-13 11:53:59.707933,0.02,0.58,-0.82,-5.55,7.32,-2.87,20.41,-10.84,7.96,1
O,2022-11-13 11:53:59.708087,0.02,0.58,-0.82,-6.29,7.57,-3.54,20.17,-10.19,9.02,1
O,2022-11-13 11:53:59.708243,0.02,0.57,-0.83,-3.60,6.53,-2.75,20.17,-10.19,9.02,1
O,2022-11-13 11:53:59.708390,0.02,0.57,-0.82,0.00,4.88,-1.71,20.17,-10.19,9.02,1
O,2022-11-13 11:53:59.708547,0.02,0.57,-0.82,-0.43,2.62,0.92,20.08,-9.99,8.85,1
O,2022-11-13 11:53:59.708689,0.02,0.57,-0.83,1.46,1.40,2.44,20.08,-9.99,8.85,1
O,2022-11-13 11:53:59.708838,0.02,0.57,-0.82,2.08,1.40,2.62,20.19,-10.06,8.02,1
O,2022-11-13 11:53:59.708984,0.02,0.57,-0.83,0.18,1.59,2.50,20.19,-10.06,8.02,1
O,2022-11-13 11:53:59.709167,0.02,0.57,-0.83,1.10,1.53,2.50,20.19,-10.06,8.02,1
O,2022-11-13 11:53:59.709322,0.02,0.57,-0.83,1.46,1.53,2.50,20.06,-10.35,8.29,1
O,2022-11-13 11:53:59.709468,0.02,0.57,-0.82,2.32,1.34,2.87,20.06,-10.35,8.29,1
O,2022-11-13 11:53:59.709625,0.02,0.57,-0.83,2.75,0.12,4.03,20.06,-10.35,8.29,1
O,2022-11-13 11:53:59.709775,0.03,0.57,-0.82,2.93,-0.92,5.62,19.95,-10.51,9.36,1
O,2022-11-13 11:53:59.709923,0.02,0.57,-0.83,1.83,-1.16,6.29,19.95,-10.51,9.36,1
O,2022-11-13 11:53:59.710083,0.02,0.57,-0.83,3.05,-1.10,5.55,19.95,-10.51,9.36,1
O,2022-11-13 11:53:59.710240,0.02,0.57,-0.82,4.39,-0.12,3.48,19.89,-10.06,9.42,1
O,2022-11-13 11:53:59.710395,0.02,0.57,-0.82,0.31,1.65,2.56,19.89,-10.06,9.42,1
O,2022-11-13 11:53:59.710545,0.02,0.57,-0.82,-6.53,2.81,3.23,20.09,-10.19,8.23,1
O,2022-11-13 11:53:59.710693,0.02,0.56,-0.83,-5.68,2.38,2.93,20.09,-10.19,8.23,1
O,2022-11-13 11:53:59.710846,0.02,0.57,-0.83,0.18,1.65,2.56,20.09,-10.19,8.23,1
O,2022-11-13 11:53:59.710989,0.02,0.57,-0.83,3.17,0.92,2.44,20.18,-9.91,8.83,1
O,2022-11-13 11:53:59.711141,0.02,0.57,-0.83,1.53,1.53,2.44,20.18,-9.91,8.83,1
O,2022-11-13 11:53:59.711285,0.02,0.57,-0.83,0.61,1.71,2.32,20.18,-9.91,8.83,1
O,2022-11-13 11:53:59.711439,0.02,0.57,-0.83,-0.37,1.83,2.14,20.29,-10.14,9.17,1
O,2022-11-13 11:53:59.711601,0.02,0.57,-0.83,-0.12,1.83,2.44,20.29,-10.14,9.17,1
O,2022-11-13 11:53:59.711747,0.02,0.57,-0.83,0.18,1.65,2.44,20.29,-10.14,9.17,1
O,2022-11-13 11:53:59.711900,0.02,0.57,-0.83,0.37,1.53,2.44,20.09,-9.72,9.20,1
O,2022-11-13 11:53:59.712043,0.02,0.56,-0.83,0.31,1.83,2.38,20.09,-9.72,9.20,1
O,2022-11-13 11:53:59.712187,0.02,0.56,-0.83,0.73,2.08,1.65,20.37,-9.63,9.07,1
O,2022-11-13 11:53:59.712347,0.02,0.57,-0.82,2.38,2.93,-0.06,20.37,-9.63,9.07,1
O,2022-11-13 11:53:59.712493,0.02,0.57,-0.83,0.61,3.72,-0.43,20.37,-9.63,9.07,1
O,2022-11-13 11:53:59.712648,0.02,0.58,-0.83,1.04,4.94,-2.26,20.74,-10.41,9.11,1
O,2022-11-13 11:53:59.712803,0.02,0.56,-0.83,-2.32,5.98,-2.93,20.74,-10.41,9.11,1
O,2022-11-13 11:53:59.712956,0.02,0.54,-0.83,-5.55,6.04,-2.20,20.74,-10.41,9.11,1
O,2022-11-13 11:53:59.713116,0.02,0.54,-0.84,-6.65,4.94,-1.04,20.89,-9.13,7.91,1
O,2022-11-13 11:53:59.713263,0.02,0.56,-0.84,-5.49,4.09,-0.06,20.89,-9.13,7.91,1
O,2022-11-13 11:53:59.713417,0.02,0.55,-0.84,-5.19,2.75,2.44,20.89,-9.13,7.91,1
O,2022-11-13 11:53:59.713566,0.02,0.55,-0.84,-1.04,1.59,2.81,20.36,-9.42,10.27,1
O,2022-11-13 11:53:59.713716,0.02,0.55,-0.84,-1.34,1.71,2.69,20.36,-9.42,10.27,1
O,2022-11-13 11:53:59.713876,0.02,0.55,-0.84,-4.21,2.14,2.69,20.46,-9.62,10.62,1
O,2022-11-13 11:53:59.714025,0.02,0.55,-0.84,-6.23,2.32,2.99,20.46,-9.62,10.62,1
O,2022-11-13 11:53:59.714185,0.02,0.55,-0.84,-5.68,2.20,2.99,20.46,-9.62,10.62,1
O,2022-11-13 11:53:59.714332,0.02,0.54,-0.85,-5.80,2.20,2.87,20.53,-9.46,9.47,1
O,2022-11-13 11:53:59.714479,0.02,0.54,-0.85,-4.27,1.95,2.81,20.53,-9.46,9.47,1
O,2022-11-13 11:53:59.714635,0.02,0.54,-0.85,-2.08,1.89,2.81,20.53,-9.46,9.47,1
O,2022-11-13 11:53:59.714790,0.02,0.54,-0.85,0.18,1.65,2.44,20.73,-9.56,10.13,1
O,2022-11-13 11:53:59.714944,0.02,0.54,-0.85,2.87,1.28,2.56,20.73,-9.56,10.13,1
O,2022-11-13 11:53:59.715098,0.02,0.54,-0.85,2.50,1.34,2.44,20.73,-9.56,10.13,1
O,2022-11-13 11:53:59.715242,0.02,0.54,-0.85,4.09,1.28,2.32,20.58,-9.25,10.47,1
O,2022-11-13 11:53:59.715393,0.02,0.54,-0.85,7.45,0.92,2.08,20.58,-9.25,10.47,1
O,2022-11-13 11:53:59.715536,0.02,0.54,-0.84,9.77,0.31,2.26,20.51,-9.09,9.36,1
O,2022-11-13 11:53:59.715689,0.02,0.55,-0.84,11.17,0.37,2.38,20.51,-9.09,9.36,1
O,2022-11-13 11:53:59.715836,0.02,0.55,-0.84,13.12,0.18,1.77,20.51,-9.09,9.36,1
O,2022-11-13 11:53:59.715979,0.02,0.56,-0.83,8.97,-0.73,3.60,20.73,-9.40,9.77,1
O,2022-11-13 11:53:59.716142,0.02,0.55,-0.84,8.24,0.18,2.75,20.73,-9.40,9.77,1
O,2022-11-13 11:53:59.716290,0.02,0.56,-0.83,8.85,0.55,2.14,20.73,-9.40,9.77,1
O,2022-11-13 11:53:59.716468,0.02,0.56,-0.83,5.13,1.04,2.20,21.17,-10.28,9.57,1
O,2022-11-13 11:53:59.716618,0.02,0.56,-0.83,2.99,1.46,2.20,21.17,-10.28,9.57,1
O,2022-11-13 11:53:59.716785,0.02,0.56,-0.83,5.62,0.79,2.14,21.17,-10.28,9.57,1
O,2022-11-13 11:53:59.716963,0.02,0.56,-0.83,5.68,0.79,2.01,20.36,-9.77,9.92,1
O,2022-11-13 11:53:59.717109,0.02,0.57,-0.83,3.72,1.28,2.20,20.36,-9.77,9.92,1
O,2022-11-13 11:53:59.717275,0.02,0.57,-0.83,1.40,1.53,2.38,20.94,-9.77,9.09,1
O,2022-11-13 11:53:59.717434,0.02,0.56,-0.83,1.10,1.59,2.38,20.94,-9.77,9.09,1
O,2022-11-13 11:53:59.717605,0.02,0.56,-0.83,3.48,1.22,2.50,20.94,-9.77,9.09,1
O,2022-11-13 11:53:59.717760,0.02,0.57,-0.83,3.91,1.10,2.20,20.91,-9.81,8.41,1
O,2022-11-13 11:53:59.717938,0.02,0.57,-0.83,3.48,1.28,2.32,20.91,-9.81,8.41,1
O,2022-11-13 11:53:59.718099,0.02,0.57,-0.83,3.11,1.34,2.14,20.91,-9.81,8.41,1
O,2022-11-13 11:53:59.718261,0.02,0.57,-0.82,1.59,1.34,2.44,20.87,-10.05,9.27,1
O,2022-11-13 11:53:59.718409,0.02,0.57,-0.83,-3.23,1.95,2.87,20.87,-10.05,9.27,1
O,2022-11-13 11:53:59.718564,0.02,0.56,-0.83,-5.43,2.26,2.93,20.87,-10.05,9.27,1
O,2022-11-13 11:53:59.718712,0.02,0.56,-0.83,-5.80,2.20,2.93,20.58,-9.61,9.67,1
O,2022-11-13 11:53:59.718860,0.02,0.56,-0.84,-3.78,2.08,2.87,20.58,-9.61,9.67,1
O,2022-11-13 11:53:59.719010,0.02,0.56,-0.84,0.24,1.53,2.56,20.92,-9.63,9.29,1
O,2022-11-13 11:53:59.719156,0.02,0.56,-0.83,4.46,1.22,2.26,20.92,-9.63,9.29,1
O,2022-11-13 11:53:59.719308,0.02,0.56,-0.83,4.58,0.98,2.14,20.92,-9.63,9.29,1
O,2022-11-13 11:53:59.719453,0.02,0.56,-0.83,5.43,1.04,2.08,20.47,-9.51,9.01,1
O,2022-11-13 11:53:59.719598,0.02,0.56,-0.83,6.59,0.85,2.01,20.47,-9.51,9.01,1
O,2022-11-13 11:53:59.719756,0.02,0.57,-0.83,8.30,0.67,1.89,20.47,-9.51,9.01,1
O,2022-11-13 11:53:59.719905,0.02,0.57,-0.83,10.19,0.24,1.65,20.98,-10.08,9.39,1
O,2022-11-13 11:53:59.720078,0.02,0.57,-0.82,9.40,0.31,1.89,20.98,-10.08,9.39,1
O,2022-11-13 11:53:59.720226,0.02,0.58,-0.81,1.28,1.34,2.62,20.98,-10.08,9.39,1
O,2022-11-13 11:53:59.720382,0.02,0.57,-0.82,-11.35,2.81,3.42,20.65,-10.55,10.08,1
O,2022-11-13 11:53:59.720544,0.02,0.56,-0.83,-18.01,3.85,3.72,20.65,-10.55,10.08,1
O,2022-11-13 11:53:59.720695,0.02,0.56,-0.84,-10.93,3.05,3.23,20.90,-9.39,9.34,1
O,2022-11-13 11:53:59.720856,0.02,0.56,-0.84,8.91,0.49,2.20,20.90,-9.39,9.34,1
O,2022-11-13 11:53:59.721025,0.02,0.57,-0.83,13.49,-0.12,1.71,20.90,-9.39,9.34,1
O,2022-11-13 11:53:59.721179,0.02,0.57,-0.82,9.40,0.55,1.89,20.92,-9.51,9.51,1
O,2022-11-13 11:53:59.721331,0.02,0.57,-0.83,7.08,0.73,1.83,20.92,-9.51,9.51,1
O,2022-11-13 11:53:59.721474,0.02,0.57,-0.83,7.81,0.67,1.77,20.92,-9.51,9.51,1
O,2022-11-13 11:53:59.721627,0.02,0.57,-0.83,11.23,0.06,1.59,21.04,-9.80,9.55,1
O,2022-11-13 11:53:59.721770,0.02,0.58,-0.81,6.10,0.55,2.20,21.04,-9.80,9.55,1
O,2022-11-13 11:53:59.721915,0.02,0.58,-0.81,-3.72,2.08,2.81,21.04,-9.80,9.55,1
O,2022-11-13 11:53:59.722078,0.02,0.57,-0.82,-11.90,3.11,3.30,20.13,-10.51,9.44,1
O,2022-11-13 11:53:59.722229,0.02,0.57,-0.84,-12.45,3.17,3.23,20.13,-10.51,9.44,1
O,2022-11-13 11:53:59.722385,0.02,0.56,-0.84,4.88,1.04,2.32,21.13,-9.05,9.16,1
O,2022-11-13 11:53:59.722533,0.02,0.57,-0.82,7.81,0.67,2.08,21.13,-9.05,9.16,1
O,2022-11-13 11:53:59.722675,0.02,0.57,-0.82,2.14,1.40,2.44,21.13,-9.05,9.16,1
O,2022-11-13 11:53:59.722831,0.02,0.57,-0.82,-5.19,2.20,2.87,20.36,-10.27,9.07,1
O,2022-11-13 11:53:59.722981,0.02,0.56,-0.83,-5.25,2.14,2.75,20.36,-10.27,9.07,1
O,2022-11-13 11:53:59.723137,0.02,0.56,-0.84,6.10,0.98,2.14,20.36,-10.27,9.07,1
O,2022-11-13 11:53:59.723287,0.02,0.57,-0.83,12.15,-0.06,1.53,21.04,-10.06,9.27,1
O,2022-11-13 11:53:59.723432,0.02,0.57,-0.82,9.77,0.43,1.83,21.04,-10.06,9.27,1
O,2022-11-13 11:53:59.723587,0.02,0.57,-0.82,1.89,1.59,2.50,21.04,-10.06,9.27,1
O,2022-11-13 11:53:59.723745,0.02,0.57,-0.83,-5.00,2.50,2.44,21.18,-9.59,9.53,1
O,2022-11-13 11:53:59.723908,0.02,0.57,-0.83,-3.60,5.74,-2.01,21.18,-9.59,9.53,1
O,2022-11-13 11:53:59.724058,0.04,0.56,-0.82,-12.15,7.20,-2.62,20.62,-9.28,8.63,1
O,2022-11-13 11:53:59.724209,0.02,0.56,-0.83,-26.37,6.65,1.77,20.62,-9.28,8.63,1
O,2022-11-13 11:53:59.724360,0.02,0.55,-0.85,-20.94,3.91,4.09,20.62,-9.28,8.63,1
O,2022-11-13 11:53:59.724509,0.02,0.55,-0.85,-3.78,1.89,2.99,20.54,-9.47,10.00,1
O,2022-11-13 11:53:59.724701,0.02,0.55,-0.84,-0.12,1.46,2.87,20.54,-9.47,10.00,1
O,2022-11-13 11:53:59.724853,0.02,0.55,-0.83,-10.44,2.69,3.11,20.54,-9.47,10.00,1
O,2022-11-13 11:53:59.725009,0.02,0.54,-0.85,-19.17,3.36,3.05,20.91,-9.16,9.92,1
O,2022-11-13 11:53:59.725159,0.01,0.53,-0.85,-20.45,3.60,3.48,20.91,-9.16,9.92,1
O,2022-11-13 11:53:59.725307,0.01,0.53,-0.86,-15.50,3.30,3.23,20.91,-9.16,9.92,1
O,2022-11-13 11:53:59.725466,0.01,0.52,-0.86,-6.04,2.20,2.69,20.54,-8.46,10.93,1
O,2022-11-13 11:53:59.725616,0.01,0.52,-0.86,-0.98,1.65,2.69,20.54,-8.46,10.93,1
O,2022-11-13 11:53:59.725773,0.01,0.53,-0.86,-2.38,1.83,2.62,20.13,-8.94,10.31,1
O,2022-11-13 11:53:59.725921,0.01,0.53,-0.86,-7.20,2.56,2.93,20.13,-8.94,10.31,1
O,2022-11-13 11:53:59.726073,0.01,0.52,-0.86,-10.31,2.69,3.17,20.13,-8.94,10.31,1
O,2022-11-13 11:53:59.726236,0.01,0.52,-0.87,-9.28,2.44,2.93,20.25,-7.80,10.60,1
O,2022-11-13 11:53:59.726385,0.01,0.51,-0.87,-2.81,2.01,2.69,20.25,-7.80,10.60,1
O,2022-11-13 11:53:59.726541,0.01,0.51,-0.87,0.79,1.46,2.38,20.25,-7.80,10.60,1
O,2022-11-13 11:53:59.726690,0.01,0.51,-0.86,1.10,1.77,2.32,20.19,-8.09,10.55,1
O,2022-11-13 11:53:59.726836,0.01,0.51,-0.87,0.43,1.65,2.32,20.19,-8.09,10.55,1
O,2022-11-13 11:53:59.726988,0.02,0.51,-0.87,1.71,1.53,2.32,20.19,-8.09,10.55,1
O,2022-11-13 11:53:59.727136,0.02,0.51,-0.86,1.95,1.40,2.62,20.20,-8.09,10.33,1
O,2022-11-13 11:53:59.727290,0.01,0.52,-0.86,-4.15,1.77,3.30,20.20,-8.09,10.33,1
O,2022-11-13 11:53:59.727446,0.01,0.50,-0.88,-7.02,1.46,4.27,20.08,-7.43,11.47,1
O,2022-11-13 11:53:59.727595,0.01,0.51,-0.87,-0.31,1.40,2.38,20.08,-7.43,11.47,1
O,2022-11-13 11:53:59.727751,0.01,0.51,-0.87,2.32,1.22,2.50,20.08,-7.43,11.47,1
O,2022-11-13 11:53:59.727897,0.01,0.51,-0.87,0.98,1.46,2.32,20.21,-8.30,10.56,1
O,2022-11-13 11:53:59.728051,0.01,0.51,-0.87,1.04,1.59,2.44,20.21,-8.30,10.56,1
O,2022-11-13 11:53:59.728200,0.01,0.51,-0.87,2.69,1.40,2.44,20.21,-8.30,10.56,1
O,2022-11-13 11:53:59.728346,0.01,0.51,-0.87,3.30,1.22,2.26,20.01,-8.17,10.18,1
O,2022-11-13 11:53:59.728500,0.01,0.51,-0.87,3.54,1.28,2.32,20.01,-8.17,10.18,1
O,2022-11-13 11:53:59.728655,0.01,0.51,-0.87,5.31,1.28,2.01,20.01,-8.17,10.18,1
O,2022-11-13 11:53:59.728807,0.01,0.52,-0.86,8.00,1.53,1.04,20.53,-8.19,10.58,1
O,2022-11-13 11:53:59.728952,0.02,0.52,-0.86,7.14,1.59,1.46,20.53,-8.19,10.58,1
O,2022-11-13 11:53:59.729097,0.01,0.52,-0.86,6.29,0.98,2.32,20.75,-8.69,11.01,1
O,2022-11-13 11:53:59.729253,0.01,0.52,-0.86,5.74,0.73,2.56,20.75,-8.69,11.01,1
O,2022-11-13 11:53:59.729400,0.01,0.52,-0.86,5.25,1.10,2.50,20.75,-8.69,11.01,1
O,2022-11-13 11:53:59.729553,0.01,0.52,-0.86,2.87,1.40,2.44,20.81,-8.87,10.63,1
O,2022-11-13 11:53:59.729703,0.01,0.51,-0.86,0.00,1.28,3.11,20.81,-8.87,10.63,1
O,2022-11-13 11:53:59.729852,0.01,0.52,-0.86,-0.06,1.53,2.62,20.81,-8.87,10.63,1
O,2022-11-13 11:53:59.730012,0.01,0.52,-0.86,-2.01,2.01,2.69,20.09,-8.64,10.90,1
O,2022-11-13 11:53:59.730164,0.01,0.52,-0.86,0.73,1.71,2.44,20.09,-8.64,10.90,1
O,2022-11-13 11:53:59.730318,0.01,0.52,-0.86,3.78,1.16,2.26,20.09,-8.64,10.90,1
O,2022-11-13 11:53:59.730461,0.01,0.52,-0.86,5.00,0.92,2.26,20.35,-7.79,9.68,1
O,2022-11-13 11:53:59.730604,0.01,0.52,-0.86,3.60,1.40,2.38,20.35,-7.79,9.68,1
O,2022-11-13 11:53:59.730755,0.01,0.52,-0.86,1.40,1.53,2.50,20.41,-8.39,9.90,1
O,2022-11-13 11:53:59.730902,0.01,0.52,-0.86,-0.24,1.59,2.62,20.41,-8.39,9.90,1
O,2022-11-13 11:53:59.731056,0.01,0.52,-0.86,-0.92,1.89,2.56,20.41,-8.39,9.90,1
O,2022-11-13 11:53:59.731204,0.01,0.52,-0.86,-2.26,1.83,2.44,20.28,-8.76,9.38,1
O,2022-11-13 11:53:59.731348,0.01,0.52,-0.86,-3.05,2.08,2.75,20.28,-8.76,9.38,1
O,2022-11-13 11:53:59.731499,0.01,0.52,-0.86,-1.71,1.95,2.50,20.28,-8.76,9.38,1
O,2022-11-13 11:53:59.731642,0.01,0.52,-0.86,1.28,1.40,2.69,20.91,-7.81,9.36,1
O,2022-11-13 11:53:59.731787,0.01,0.52,-0.86,4.21,1.10,2.62,20.91,-7.81,9.36,1
O,2022-11-13 11:53:59.731932,0.01,0.52,-0.86,5.68,0.92,2.26,20.91,-7.81,9.36,1
O,2022-11-13 11:53:59.732079,0.01,0.52,-0.86,4.70,0.85,2.14,20.75,-8.54,10.75,1
O,2022-11-13 11:53:59.732235,0.01,0.52,-0.86,1.28,1.65,2.62,20.75,-8.54,10.75,1
O,2022-11-13 11:53:59.732381,0.01,0.52,-0.86,-2.14,1.95,2.62,20.56,-8.70,9.27,1
O,2022-11-13 11:53:59.732533,0.01,0.52,-0.86,-2.26,1.95,2.62,20.56,-8.70,9.27,1
O,2022-11-13 11:53:59.732679,0.01,0.52,-0.86,-0.06,1.65,2.62,20.56,-8.70,9.27,1
O,2022-11-13 11:53:59.732851,0.01,0.52,-0.86,-0.79,1.71,2.50,20.48,-8.72,9.56,1
O,2022-11-13 11:53:59.733026,0.01,0.52,-0.86,-3.11,2.01,2.75,20.48,-8.72,9.56,1
O,2022-11-13 11:53:59.733172,0.01,0.51,-0.87,-3.42,2.01,2.62,20.48,-8.72,9.56,1
O,2022-11-13 11:53:59.733320,0.01,0.51,-0.87,0.61,1.59,2.62,20.28,-8.33,9.96,1
O,2022-11-13 11:53:59.733462,0.01,0.51,-0.87,3.48,1.34,2.44,20.28,-8.33,9.96,1
O,2022-11-13 11:53:59.733606,0.01,0.52,-0.86,4.58,1.28,2.32,20.28,-8.33,9.96,1
O,2022-11-13 11:53:59.733756,0.01,0.52,-0.86,4.94,1.22,2.20,20.19,-8.34,10.60,1
O,2022-11-13 11:53:59.733903,0.01,0.52,-0.86,6.16,0.92,2.38,20.19,-8.34,10.60,1
O,2022-11-13 11:53:59.734053,0.01,0.52,-0.86,8.42,0.67,2.32,20.47,-8.84,8.64,1
O,2022-11-13 11:53:59.734198,0.01,0.52,-0.86,7.02,0.85,2.20,20.47,-8.84,8.64,1
O,2022-11-13 11:53:59.734355,0.01,0.52,-0.86,4.39,1.22,2.38,20.47,-8.84,8.64,1
O,2022-11-13 11:53:59.734523,0.02,0.52,-0.86,3.36,1.22,2.44,20.21,-8.70,10.10,1
O,2022-11-13 11:53:59.734674,0.01,0.52,-0.86,3.30,1.28,2.44,20.21,-8.70,10.10,1
O,2022-11-13 11:53:59.734838,0.01,0.53,-0.86,2.99,1.16,2.38,20.21,-8.70,10.10,1
O,2022-11-13 11:53:59.734986,0.01,0.53,-0.86,0.85,1.34,2.87,20.46,-8.65,10.03,1
O,2022-11-13 11:53:59.735133,0.01,0.52,-0.86,1.10,1.59,2.56,20.46,-8.65,10.03,1
O,2022-11-13 11:53:59.735287,0.01,0.52,-0.86,0.98,1.53,2.50,20.46,-8.65,10.03,1
O,2022-11-13 11:53:59.735434,0.01,0.53,-0.86,0.73,1.46,2.56,20.96,-8.83,10.06,1
O,2022-11-13 11:53:59.735585,0.01,0.53,-0.86,2.44,1.34,2.56,20.96,-8.83,10.06,1
O,2022-11-13 11:53:59.735746,0.01,0.53,-0.86,2.26,1.40,2.32,20.74,-8.29,9.03,1
O,2022-11-13 11:53:59.735894,0.01,0.53,-0.85,1.28,1.59,2.50,20.74,-8.29,9.03,1
O,2022-11-13 11:53:59.736046,0.01,0.53,-0.86,-0.49,1.83,2.62,20.74,-8.29,9.03,1
O,2022-11-13 11:53:59.736234,0.01,0.53,-0.86,-0.18,1.53,2.69,20.62,-9.30,9.13,1
O,2022-11-13 11:53:59.736382,0.01,0.52,-0.86,3.42,1.28,2.38,20.62,-9.30,9.13,1
O,2022-11-13 11:53:59.736538,0.01,0.53,-0.86,3.36,1.28,2.50,20.62,-9.30,9.13,1
O,2022-11-13 11:53:59.736715,0.01,0.53,-0.85,0.92,1.46,2.50,20.68,-8.45,10.63,1
O,2022-11-13 11:53:59.736886,0.01,0.53,-0.85,-2.56,1.95,2.69,20.68,-8.45,10.63,1
O,2022-11-13 11:53:59.737045,0.01,0.52,-0.86,-4.52,2.32,2.75,20.68,-8.45,10.63,1
O,2022-11-13 11:53:59.737220,0.01,0.52,-0.86,-3.17,1.77,2.50,20.75,-8.41,9.84,1
O,2022-11-13 11:53:59.737372,0.01,0.52,-0.86,2.26,1.40,2.50,20.75,-8.41,9.84,1
O,2022-11-13 11:53:59.737529,0.01,0.52,-0.86,2.32,1.53,2.38,20.43,-8.65,9.14,1
O,2022-11-13 11:53:59.737689,0.01,0.52,-0.86,1.04,1.46,2.32,20.43,-8.65,9.14,1
O,2022-11-13 11:53:59.737851,0.01,0.52,-0.86,-0.92,1.77,2.50,20.43,-8.65,9.14,1
O,2022-11-13 11:53:59.738015,0.01,0.52,-0.86,-2.08,1.83,2.87,20.96,-8.65,9.63,1
O,2022-11-13 11:53:59.738188,0.01,0.52,-0.86,-5.62,2.20,2.93,20.96,-8.65,9.63,1
O,2022-11-13 11:53:59.738335,0.01,0.51,-0.86,-7.14,2.38,2.99,20.96,-8.65,9.63,1
O,2022-11-13 11:53:59.738507,0.01,0.51,-0.87,-6.71,2.08,2.75,20.73,-7.82,11.18,1
O,2022-11-13 11:53:59.738677,0.01,0.51,-0.87,-5.31,2.08,2.81,20.73,-7.82,11.18,1
O,2022-11-13 11:53:59.738839,0.01,0.51,-0.87,-3.48,2.08,2.75,20.73,-7.82,11.18,1
O,2022-11-13 11:53:59.738999,0.01,0.51,-0.87,-1.77,1.65,2.50,20.53,-8.13,9.64,1
O,2022-11-13 11:53:59.739165,0.01,0.51,-0.87,0.00,1.65,2.44,20.53,-8.13,9.64,1
O,2022-11-13 11:53:59.739326,0.01,0.51,-0.87,3.85,1.28,2.32,20.41,-7.79,10.52,1
O,2022-11-13 11:53:59.739476,0.01,0.51,-0.86,2.14,1.28,2.38,20.41,-7.79,10.52,1
O,2022-11-13 11:53:59.739630,0.01,0.51,-0.87,-3.23,1.89,2.62,20.41,-7.79,10.52,1
O,2022-11-13 11:53:59.739785,0.01,0.50,-0.87,-2.87,1.95,2.56,20.45,-8.02,9.83,1
O,2022-11-13 11:53:59.739928,0.01,0.50,-0.87,1.10,1.59,2.32,20.45,-8.02,9.83,1
O,2022-11-13 11:53:59.740082,0.01,0.50,-0.87,4.64,1.28,2.32,20.45,-8.02,9.83,1
O,2022-11-13 11:53:59.740250,0.01,0.51,-0.87,6.35,1.10,2.08,20.25,-8.09,11.38,1
O,2022-11-13 11:53:59.740404,0.01,0.51,-0.87,7.26,1.04,2.20,20.25,-8.09,11.38,1
O,2022-11-13 11:53:59.740556,0.01,0.51,-0.87,5.98,1.10,2.38,20.25,-8.09,11.38,1
O,2022-11-13 11:53:59.740703,0.01,0.51,-0.86,4.03,1.22,2.32,19.96,-8.42,10.31,1
O,2022-11-13 11:53:59.740854,0.01,0.51,-0.86,1.95,1.53,2.50,19.96,-8.42,10.31,1
O,2022-11-13 11:53:59.741013,0.01,0.51,-0.86,-0.73,1.59,2.62,20.03,-8.19,11.33,1
O,2022-11-13 11:53:59.741170,0.01,0.51,-0.87,-2.26,1.77,2.62,20.03,-8.19,11.33,1
O,2022-11-13 11:53:59.741319,0.01,0.51,-0.87,-0.73,1.59,2.56,20.03,-8.19,11.33,1
O,2022-11-13 11:53:59.741465,0.01,0.51,-0.87,-1.40,1.71,2.50,20.70,-8.01,9.20,1
O,2022-11-13 11:53:59.741619,0.01,0.51,-0.87,-2.32,1.95,2.62,20.70,-8.01,9.20,1
O,2022-11-13 11:53:59.741765,0.01,0.51,-0.87,-2.08,1.83,2.62,20.70,-8.01,9.20,1
O,2022-11-13 11:53:59.741920,0.01,0.50,-0.87,-1.16,1.71,2.50,20.81,-8.06,9.85,1
O,2022-11-13 11:53:59.742064,0.01,0.50,-0.87,4.52,1.22,2.08,20.81,-8.06,9.85,1
O,2022-11-13 11:53:59.742209,0.01,0.51,-0.87,9.64,0.67,2.20,20.81,-8.06,9.85,1
O,2022-11-13 11:53:59.742366,0.01,0.51,-0.87,12.88,0.31,2.01,20.70,-8.14,10.06,1
O,2022-11-13 11:53:59.742517,0.01,0.51,-0.86,13.92,0.12,1.83,20.70,-8.14,10.06,1
O,2022-11-13 11:53:59.742671,0.01,0.52,-0.86,15.56,0.00,1.59,20.63,-8.73,9.17,1
O,2022-11-13 11:53:59.742820,0.01,0.52,-0.87,28.44,-1.34,0.73,20.63,-8.73,9.17,1
O,2022-11-13 11:53:59.742969,0.02,0.54,-0.87,41.20,-3.11,1.22,20.63,-8.73,9.17,1
O,2022-11-13 11:53:59.743129,0.02,0.56,-0.84,56.95,-2.32,2.62,20.19,-9.38,8.75,1
O,2022-11-13 11:53:59.743278,0.02,0.57,-0.83,53.77,-2.32,3.60,20.19,-9.38,8.75,1
O,2022-11-13 11:53:59.743437,0.01,0.58,-0.83,54.50,-1.16,-0.79,20.19,-9.38,8.75,1
O,2022-11-13 11:53:59.743587,0.02,0.60,-0.81,71.78,4.88,-7.57,20.24,-11.00,7.59,1
O,2022-11-13 11:53:59.743738,0.02,0.63,-0.75,52.98,7.75,-7.26,20.24,-11.00,7.59,1
O,2022-11-13 11:53:59.743896,0.02,0.63,-0.75,21.85,8.79,-6.65,20.24,-11.00,7.59,1
O,2022-11-13 11:53:59.744046,0.02,0.63,-0.76,0.79,10.44,-8.18,20.80,-11.80,7.10,1
O,2022-11-13 11:53:59.744210,0.02,0.63,-0.76,-16.11,11.47,-8.24,20.80,-11.80,7.10,1
O,2022-11-13 11:53:59.744369,0.02,0.62,-0.78,-28.63,9.64,-5.68,21.02,-11.10,8.45,1
O,2022-11-13 11:53:59.744524,0.02,0.61,-0.81,-20.32,8.36,-5.07,21.02,-11.10,8.45,1
O,2022-11-13 11:53:59.744685,0.02,0.61,-0.80,-8.48,6.84,-4.70,21.02,-11.10,8.45,1
O,2022-11-13 11:53:59.744837,0.02,0.61,-0.79,-3.48,4.82,-3.36,20.87,-10.17,9.39,1
O,2022-11-13 11:53:59.744996,0.02,0.61,-0.80,-5.25,2.87,-0.49,20.87,-10.17,9.39,1
O,2022-11-13 11:53:59.745145,0.02,0.60,-0.80,-6.23,0.61,2.26,20.87,-10.17,9.39,1
O,2022-11-13 11:53:59.745302,0.02,0.60,-0.80,-8.61,1.16,1.71,20.96,-10.03,8.40,1
O,2022-11-13 11:53:59.745454,0.02,0.59,-0.81,-13.00,1.22,1.71,20.96,-10.03,8.40,1
O,2022-11-13 11:53:59.745605,0.02,0.59,-0.81,-14.04,1.16,1.71,20.96,-10.03,8.40,1
O,2022-11-13 11:53:59.745761,0.02,0.57,-0.82,-13.55,1.89,2.20,20.64,-9.86,8.37,1
O,2022-11-13 11:53:59.745906,0.02,0.57,-0.83,-9.89,1.59,4.33,20.64,-9.86,8.37,1
O,2022-11-13 11:53:59.746059,0.03,0.59,-0.82,-1.77,-0.55,5.98,20.64,-9.86,8.31,1
O,2022-11-13 11:53:59.746209,0.03,0.58,-0.82,-1.53,-2.62,8.12,20.64,-9.86,8.31,1
O,2022-11-13 11:53:59.746364,0.03,0.58,-0.82,-5.07,-4.52,12.15,20.64,-9.86,8.31,1
O,2022-11-13 11:53:59.746526,0.02,0.58,-0.82,-3.54,-6.53,14.83,20.84,-9.57,8.68,1
O,2022-11-13 11:53:59.746676,0.03,0.57,-0.82,-1.34,-8.85,17.64,20.84,-9.57,8.68,1
O,2022-11-13 11:53:59.746837,0.02,0.56,-0.83,-0.55,-9.77,19.41,20.84,-9.57,8.68,1
O,2022-11-13 11:53:59.746996,0.03,0.56,-0.82,-0.37,-10.38,18.55,20.73,-9.88,10.12,1
O,2022-11-13 11:53:59.747156,0.01,0.58,-0.83,-1.28,-9.83,18.92,20.73,-9.88,10.12,1
O,2022-11-13 11:53:59.747316,0.02,0.56,-0.83,-0.12,-8.85,17.46,20.73,-9.88,10.12,1
O,2022-11-13 11:53:59.747465,0.02,0.56,-0.82,0.85,-7.87,15.01,20.65,-9.51,9.01,1
O,2022-11-13 11:53:59.747622,0.02,0.57,-0.82,1.16,-3.60,9.95,20.65,-9.51,9.01,1
O,2022-11-13 11:53:59.747771,0.02,0.57,-0.83,-1.04,-1.16,7.02,21.40,-10.38,7.31,1
O,2022-11-13 11:53:59.747923,0.02,0.57,-0.82,0.06,1.28,3.11,21.40,-10.38,7.31,1
O,2022-11-13 11:53:59.748072,0.02,0.57,-0.83,-2.20,2.14,2.93,21.40,-10.38,7.31,1
O,2022-11-13 11:53:59.748217,0.02,0.57,-0.83,0.73,1.71,2.50,20.94,-9.89,8.87,1
O,2022-11-13 11:53:59.748372,0.02,0.57,-0.82,6.71,0.67,2.20,20.94,-9.89,8.87,1
O,2022-11-13 11:53:59.748515,0.02,0.58,-0.82,6.59,0.61,2.20,20.94,-9.89,8.87,1
O,2022-11-13 11:53:59.748660,0.02,0.58,-0.82,7.14,0.49,2.44,20.62,-10.41,9.44,1
O,2022-11-13 11:53:59.748818,0.02,0.58,-0.82,9.58,0.12,2.08,20.62,-10.41,9.44,1
O,2022-11-13 11:53:59.748967,0.02,0.58,-0.82,11.72,0.06,1.65,20.62,-10.41,9.44,1
O,2022-11-13 11:53:59.749123,0.02,0.59,-0.81,11.23,0.12,1.71,21.03,-10.96,8.95,1
O,2022-11-13 11:53:59.749274,0.03,0.59,-0.81,11.05,0.61,1.04,21.03,-10.96,8.95,1
O,2022-11-13 11:53:59.749425,0.02,0.59,-0.81,9.22,1.16,0.92,20.26,-10.97,7.54,1
O,2022-11-13 11:53:59.749575,0.02,0.60,-0.80,7.63,1.77,0.79,20.26,-10.97,7.54,1
O,2022-11-13 11:53:59.749720,0.02,0.60,-0.80,5.00,1.77,0.92,20.26,-10.97,7.54,1
O,2022-11-13 11:53:59.749884,0.03,0.60,-0.80,-4.64,2.08,2.99,21.23,-10.94,7.34,1
O,2022-11-13 11:53:59.750032,0.02,0.59,-0.81,-1.77,2.14,2.38,21.23,-10.94,7.34,1
O,2022-11-13 11:53:59.750179,0.02,0.59,-0.81,2.99,1.34,2.26,21.23,-10.94,7.34,1
O,2022-11-13 11:53:59.750329,0.02,0.59,-0.81,7.26,1.28,2.38,20.69,-11.40,8.34,1
O,2022-11-13 11:53:59.750474,0.02,0.60,-0.81,9.58,1.34,2.75,20.69,-11.40,8.34,1
O,2022-11-13 11:53:59.750627,0.02,0.60,-0.80,8.73,1.40,2.50,20.69,-11.40,8.34,1
O,2022-11-13 11:53:59.750777,0.02,0.60,-0.80,5.19,1.40,2.32,20.12,-10.95,7.93,1
O,2022-11-13 11:53:59.750941,0.02,0.60,-0.80,0.85,1.71,2.14,20.12,-10.95,7.93,1
O,2022-11-13 11:53:59.751091,0.02,0.60,-0.80,-2.01,2.81,1.59,21.14,-11.46,7.85,1
O,2022-11-13 11:53:59.751255,0.02,0.60,-0.80,-7.69,2.32,2.26,21.14,-11.46,7.85,1
O,2022-11-13 11:53:59.751420,0.02,0.59,-0.81,-8.24,1.46,2.01,21.14,-11.46,7.85,1
O,2022-11-13 11:53:59.751567,0.02,0.59,-0.81,-6.41,1.40,2.14,20.81,-10.91,7.29,1
O,2022-11-13 11:53:59.751720,0.02,0.59,-0.81,-2.08,1.95,2.32,20.81,-10.91,7.29,1
O,2022-11-13 11:53:59.751869,0.02,0.59,-0.81,1.65,1.53,2.32,20.81,-10.91,7.29,1
O,2022-11-13 11:53:59.752017,0.02,0.59,-0.81,3.60,1.10,2.38,20.86,-11.08,7.42,1
O,2022-11-13 11:53:59.752170,0.02,0.59,-0.81,2.75,1.10,2.50,20.86,-11.08,7.42,1
O,2022-11-13 11:53:59.752326,0.02,0.59,-0.81,1.34,1.53,2.50,20.86,-11.08,7.42,1
O,2022-11-13 11:53:59.752512,0.02,0.59,-0.81,-0.18,1.53,2.50,21.06,-10.72,9.27,1
O,2022-11-13 11:53:59.752672,0.02,0.59,-0.81,-1.04,1.83,2.62,21.06,-10.72,9.27,1
O,2022-11-13 11:53:59.752823,0.02,0.59,-0.81,-0.06,1.71,2.62,20.53,-10.56,7.62,1
O,2022-11-13 11:53:59.752984,0.02,0.59,-0.81,2.75,1.04,2.50,20.53,-10.56,7.62,1
O,2022-11-13 11:53:59.753161,0.02,0.59,-0.81,2.38,1.22,2.38,20.53,-10.56,7.62,1
O,2022-11-13 11:53:59.753336,0.02,0.59,-0.81,2.01,1.28,2.32,20.75,-10.24,8.46,1
O,2022-11-13 11:53:59.753499,0.02,0.59,-0.81,2.93,1.28,2.44,20.75,-10.24,8.46,1
O,2022-11-13 11:53:59.753671,0.02,0.59,-0.81,5.19,0.85,2.20,20.75,-10.24,8.46,1
O,2022-11-13 11:53:59.753855,0.02,0.59,-0.81,5.37,0.61,2.08,20.74,-10.60,8.62,1
O,2022-11-13 11:53:59.754031,0.03,0.59,-0.81,2.08,1.40,2.08,20.74,-10.60,8.62,1
O,2022-11-13 11:53:59.754190,0.02,0.59,-0.81,2.26,1.65,2.26,20.74,-10.60,8.62,1
O,2022-11-13 11:53:59.754345,0.02,0.59,-0.81,5.55,1.59,2.01,20.67,-11.32,7.20,1
O,2022-11-13 11:53:59.754498,0.02,0.60,-0.81,9.28,1.46,2.32,20.67,-11.32,7.20,1
O,2022-11-13 11:53:59.754666,0.02,0.60,-0.80,11.35,1.46,2.62,20.84,-10.86,8.01,1
O,2022-11-13 11:53:59.754820,0.02,0.60,-0.80,7.45,1.04,2.44,20.84,-10.86,8.01,1
O,2022-11-13 11:53:59.754996,0.02,0.60,-0.79,2.32,1.53,2.50,20.84,-10.86,8.01,1
O,2022-11-13 11:53:59.755158,0.02,0.60,-0.80,-3.97,1.53,2.26,20.51,-11.38,7.74,1
O,2022-11-13 11:53:59.755326,0.02,0.60,-0.80,-7.32,1.65,2.20,20.51,-11.38,7.74,1
O,2022-11-13 11:53:59.755495,0.02,0.60,-0.81,-8.30,1.65,2.26,20.51,-11.38,7.74,1
O,2022-11-13 11:53:59.755663,0.02,0.59,-0.81,-6.41,1.95,2.56,20.45,-10.85,9.68,1
O,2022-11-13 11:53:59.755839,0.02,0.59,-0.81,-2.99,2.01,2.87,20.45,-10.85,9.68,1
O,2022-11-13 11:53:59.756019,0.02,0.59,-0.81,-0.37,1.71,2.69,20.52,-11.04,8.09,1
O,2022-11-13 11:53:59.756186,0.02,0.59,-0.81,1.83,1.34,2.38,20.52,-11.04,8.09,1
O,2022-11-13 11:53:59.756353,0.02,0.59,-0.81,2.99,1.28,2.56,20.52,-11.04,8.09,1
O,2022-11-13 11:53:59.756519,0.02,0.59,-0.81,1.53,1.40,2.38,20.76,-11.07,8.14,1
O,2022-11-13 11:53:59.756701,0.02,0.59,-0.81,0.37,1.46,2.56,20.76,-11.07,8.14,1
O,2022-11-13 11:53:59.756858,0.02,0.59,-0.81,-0.55,1.71,2.62,20.76,-11.07,8.14,1
O,2022-11-13 11:53:59.757027,0.02,0.59,-0.81,-0.31,1.83,2.56,20.61,-10.47,8.22,1
O,2022-11-13 11:53:59.757191,0.02,0.59,-0.81,1.22,1.28,2.62,20.61,-10.47,8.22,1
O,2022-11-13 11:53:59.757339,0.02,0.59,-0.81,2.62,1.04,2.50,20.61,-10.47,8.22,1
O,2022-11-13 11:53:59.757491,0.02,0.59,-0.81,2.14,1.22,2.44,21.13,-11.05,9.69,1
O,2022-11-13 11:53:59.757637,0.02,0.59,-0.81,2.08,1.28,2.38,21.13,-11.05,9.69,1
O,2022-11-13 11:53:59.757790,0.02,0.59,-0.81,2.01,1.28,2.44,20.92,-10.47,8.78,1
O,2022-11-13 11:53:59.757936,0.02,0.59,-0.81,1.16,1.34,2.50,20.92,-10.47,8.78,1
O,2022-11-13 11:53:59.758083,0.02,0.59,-0.81,0.06,1.53,2.44,20.92,-10.47,8.78,1
O,2022-11-13 11:53:59.758238,0.02,0.59,-0.81,-0.18,1.59,2.62,20.94,-10.94,8.53,1
O,2022-11-13 11:53:59.758382,0.02,0.59,-0.81,0.31,1.59,2.44,20.94,-10.94,8.53,1
O,2022-11-13 11:53:59.758536,0.02,0.59,-0.81,1.16,1.40,2.38,20.94,-10.94,8.53,1
O,2022-11-13 11:53:59.758682,0.02,0.59,-0.81,1.65,1.53,2.44,20.81,-10.42,8.11,1
O,2022-11-13 11:53:59.758828,0.02,0.59,-0.81,0.73,1.77,2.50,20.81,-10.42,8.11,1
O,2022-11-13 11:53:59.758987,0.02,0.59,-0.81,0.49,1.59,2.44,20.81,-10.42,8.11,1
O,2022-11-13 11:53:59.759137,0.02,0.59,-0.81,-0.06,1.59,2.44,20.87,-10.52,9.13,1
O,2022-11-13 11:53:59.759295,0.02,0.59,-0.81,-0.85,1.77,2.69,20.87,-10.52,9.13,1
O,2022-11-13 11:53:59.759447,0.02,0.59,-0.81,-1.89,1.65,3.11,20.95,-10.46,9.09,1
O,2022-11-13 11:53:59.759596,0.02,0.59,-0.81,-2.44,1.89,2.69,20.95,-10.46,9.09,1
O,2022-11-13 11:53:59.759752,0.02,0.58,-0.82,-1.77,1.89,2.93,20.95,-10.46,9.09,1
O,2022-11-13 11:53:59.759901,0.02,0.59,-0.82,-0.43,1.65,2.69,21.09,-10.18,8.04,1
O,2022-11-13 11:53:59.760054,0.02,0.58,-0.81,-0.06,1.59,2.62,21.09,-10.18,8.04,1
O,2022-11-13 11:53:59.760202,0.02,0.58,-0.81,-1.10,1.77,2.81,21.09,-10.18,8.04,1
O,2022-11-13 11:53:59.760349,0.02,0.58,-0.82,-1.71,1.89,2.62,20.73,-10.14,8.67,1
O,2022-11-13 11:53:59.760506,0.02,0.58,-0.82,2.69,1.22,2.50,20.73,-10.14,8.67,1
O,2022-11-13 11:53:59.760650,0.02,0.58,-0.81,5.19,0.85,2.14,20.73,-10.14,8.67,1
O,2022-11-13 11:53:59.760807,0.02,0.58,-0.81,4.39,0.98,2.14,20.91,-10.42,9.89,1
O,2022-11-13 11:53:59.760963,0.02,0.58,-0.81,3.72,1.22,2.01,20.91,-10.42,9.89,1
O,2022-11-13 11:53:59.761110,0.02,0.59,-0.81,3.91,1.04,2.20,21.19,-10.50,8.75,1
O,2022-11-13 11:53:59.761263,0.02,0.59,-0.81,4.09,0.92,2.08,21.19,-10.50,8.75,1
O,2022-11-13 11:53:59.761408,0.02,0.59,-0.81,4.21,1.28,2.26,21.19,-10.50,8.75,1
O,2022-11-13 11:53:59.761561,0.02,0.59,-0.81,3.17,1.28,2.32,20.74,-10.69,7.60,1
O,2022-11-13 11:53:59.761706,0.02,0.59,-0.81,2.44,1.40,2.26,20.74,-10.69,7.60,1
O,2022-11-13 11:53:59.761850,0.02,0.59,-0.81,1.65,1.28,2.32,20.74,-10.69,7.60,1
O,2022-11-13 11:53:59.762004,0.02,0.59,-0.81,1.59,1.59,2.32,21.35,-10.44,7.89,1
O,2022-11-13 11:53:59.762150,0.02,0.59,-0.81,2.20,1.40,2.38,21.35,-10.44,7.89,1
O,2022-11-13 11:53:59.762303,0.02,0.59,-0.81,2.50,1.16,2.50,21.35,-10.44,7.89,1
O,2022-11-13 11:53:59.762449,0.02,0.59,-0.81,1.71,1.10,2.44,20.83,-10.66,8.28,1
O,2022-11-13 11:53:59.762596,0.02,0.59,-0.81,0.06,1.71,2.50,20.83,-10.66,8.28,1
O,2022-11-13 11:53:59.762752,0.02,0.59,-0.81,0.00,1.59,2.44,20.35,-10.89,7.86,1
O,2022-11-13 11:53:59.762898,0.02,0.59,-0.81,1.34,1.59,2.44,20.35,-10.89,7.86,1
O,2022-11-13 11:53:59.763046,0.02,0.59,-0.81,1.89,1.22,2.32,20.35,-10.89,7.86,1
O,2022-11-13 11:53:59.763192,0.02,0.59,-0.81,1.46,1.40,2.56,21.03,-11.02,8.68,1
O,2022-11-13 11:53:59.763347,0.02,0.59,-0.81,-0.73,1.65,2.56,21.03,-11.02,8.68,1
O,2022-11-13 11:53:59.763504,0.02,0.59,-0.81,-3.97,1.53,3.72,21.03,-11.02,8.68,1
O,2022-11-13 11:53:59.763653,0.02,0.58,-0.81,-3.85,1.40,3.60,21.08,-10.74,8.12,1
O,2022-11-13 11:53:59.763811,0.02,0.58,-0.82,-4.58,1.16,4.27,21.08,-10.74,8.12,1
O,2022-11-13 11:53:59.763958,0.02,0.58,-0.82,-2.69,0.67,4.33,21.08,-10.74,8.12,1
O,2022-11-13 11:53:59.764109,0.02,0.58,-0.82,-2.01,0.49,4.39,20.48,-10.28,8.11,1
O,2022-11-13 11:53:59.764265,0.02,0.58,-0.82,-2.32,0.06,5.13,20.48,-10.28,8.11,1
O,2022-11-13 11:53:59.764414,0.02,0.58,-0.82,-0.49,0.24,4.33,20.61,-10.74,9.17,1
O,2022-11-13 11:53:59.764568,0.02,0.58,-0.82,1.46,0.55,3.30,20.61,-10.74,9.17,1
O,2022-11-13 11:53:59.764713,0.02,0.58,-0.82,2.44,0.55,3.42,20.61,-10.74,9.17,1
O,2022-11-13 11:53:59.764858,0.02,0.58,-0.82,5.43,0.79,2.38,20.54,-10.55,8.34,1
O,2022-11-13 11:53:59.765015,0.02,0.58,-0.81,1.77,1.22,2.38,20.54,-10.55,8.34,1
O,2022-11-13 11:53:59.765161,0.02,0.58,-0.82,0.37,1.59,2.50,20.54,-10.55,8.34,1
O,2022-11-13 11:53:59.765314,0.02,0.58,-0.82,1.40,1.34,2.50,21.50,-10.72,8.19,1
O,2022-11-13 11:53:59.765460,0.02,0.58,-0.82,1.77,1.28,2.62,21.50,-10.72,8.19,1
O,2022-11-13 11:53:59.765605,0.02,0.58,-0.82,0.49,1.04,3.36,21.50,-10.72,8.19,1
O,2022-11-13 11:53:59.765759,0.02,0.58,-0.82,0.24,0.67,3.23,21.01,-10.85,8.85,1
O,2022-11-13 11:53:59.765906,0.02,0.58,-0.82,2.01,0.98,2.81,21.01,-10.85,8.85,1
O,2022-11-13 11:53:59.766064,0.02,0.58,-0.82,1.46,1.53,2.56,20.64,-11.30,8.54,1
O,2022-11-13 11:53:59.766212,0.02,0.58,-0.82,-0.85,1.71,2.44,20.64,-11.30,8.54,1
O,2022-11-13 11:53:59.766370,0.02,0.58,-0.82,0.98,1.53,2.44,20.64,-11.30,8.54,1
O,2022-11-13 11:53:59.766522,0.02,0.58,-0.82,4.27,0.92,2.20,20.54,-10.68,8.18,1
O,2022-11-13 11:53:59.766685,0.02,0.58,-0.81,3.11,1.16,2.26,20.54,-10.68,8.18,1
O,2022-11-13 11:53:59.766838,0.02,0.58,-0.82,1.40,1.53,2.62,20.54,-10.68,8.18,1
O,2022-11-13 11:53:59.767004,0.02,0.58,-0.82,0.73,1.34,2.93,20.41,-10.89,7.76,1
O,2022-11-13 11:53:59.767149,0.02,0.58,-0.82,2.75,1.16,2.50,20.41,-10.89,7.76,1
O,2022-11-13 11:53:59.767307,0.02,0.58,-0.82,3.30,1.16,2.26,20.41,-10.89,7.76,1
O,2022-11-13 11:53:59.767483,0.02,0.58,-0.82,0.43,1.46,2.69,20.72,-10.88,9.39,1
O,2022-11-13 11:53:59.767639,0.02,0.58,-0.82,-0.37,1.40,2.99,20.72,-10.88,9.39,1
O,2022-11-13 11:53:59.767786,0.02,0.58,-0.82,1.04,1.40,2.62,20.79,-10.88,9.64,1
O,2022-11-13 11:53:59.767950,0.02,0.58,-0.82,1.71,1.40,2.26,20.79,-10.88,9.64,1
O,2022-11-13 11:53:59.768105,0.02,0.58,-0.82,0.92,1.40,2.56,20.79,-10.88,9.64,1
O,2022-11-13 11:53:59.768255,0.02,0.58,-0.82,-0.67,1.83,2.75,20.68,-10.90,8.50,1
O,2022-11-13 11:53:59.768408,0.02,0.58,-0.82,-1.16,1.65,2.50,20.68,-10.90,8.50,1
O,2022-11-13 11:53:59.768556,0.02,0.58,-0.82,-0.55,1.59,2.62,20.68,-10.90,8.50,1
O,2022-11-13 11:53:59.768704,0.02,0.58,-0.82,0.79,1.65,2.44,20.79,-10.82,8.89,1
O,2022-11-13 11:53:59.768867,0.02,0.58,-0.82,0.37,1.71,2.44,20.79,-10.82,8.89,1
O,2022-11-13 11:53:59.769013,0.02,0.58,-0.82,0.18,1.65,2.44,20.79,-10.82,8.89,1
O,2022-11-13 11:53:59.769168,0.02,0.58,-0.82,1.16,1.28,2.32,20.54,-10.53,8.53,1
O,2022-11-13 11:53:59.769314,0.02,0.58,-0.82,2.14,1.40,2.62,20.54,-10.53,8.53,1
O,2022-11-13 11:53:59.769460,0.02,0.58,-0.82,2.08,1.22,2.56,20.83,-10.94,8.87,1
O,2022-11-13 11:53:59.769619,0.02,0.58,-0.82,0.92,1.40,2.75,20.83,-10.94,8.87,1
O,2022-11-13 11:53:59.769768,0.02,0.58,-0.82,-0.67,1.59,2.87,20.83,-10.94,8.87,1
O,2022-11-13 11:53:59.769920,0.02,0.58,-0.82,-0.55,1.53,2.69,21.01,-10.33,8.11,1
O,2022-11-13 11:53:59.770074,0.02,0.58,-0.82,0.49,1.40,2.62,21.01,-10.33,8.11,1
O,2022-11-13 11:53:59.770219,0.02,0.58,-0.82,1.59,1.40,2.75,21.01,-10.33,8.11,1
O,2022-11-13 11:53:59.770378,0.02,0.58,-0.82,2.56,1.16,2.38,20.18,-10.19,8.34,1
O,2022-11-13 11:53:59.770524,0.02,0.58,-0.82,4.15,1.04,2.32,20.18,-10.19,8.34,1
O,2022-11-13 11:53:59.770679,0.02,0.58,-0.82,4.15,0.92,2.62,20.18,-10.19,8.34,1
O,2022-11-13 11:53:59.770826,0.02,0.58,-0.82,4.27,0.61,2.38,20.84,-11.19,8.98,1
O,2022-11-13 11:53:59.770972,0.02,0.58,-0.82,5.31,0.85,2.38,20.84,-11.19,8.98,1
O,2022-11-13 11:53:59.771162,0.02,0.58,-0.82,7.57,1.40,2.69,20.54,-10.88,8.48,1
O,2022-11-13 11:53:59.771332,0.02,0.58,-0.82,13.18,2.14,0.73,20.54,-10.88,8.48,1
O,2022-11-13 11:53:59.771502,0.02,0.59,-0.81,14.40,2.99,-0.49,20.54,-10.88,8.48,1
O,2022-11-13 11:53:59.771676,0.02,0.60,-0.80,12.02,3.60,-1.16,20.70,-10.53,8.36,1
O,2022-11-13 11:53:59.771839,0.02,0.59,-0.81,8.06,3.36,-0.73,20.70,-10.53,8.36,1
O,2022-11-13 11:53:59.772014,0.02,0.60,-0.81,7.63,3.42,-0.67,20.70,-10.53,8.36,1
O,2022-11-13 11:53:59.772202,0.02,0.60,-0.80,7.20,1.77,1.28,21.18,-10.95,8.51,1
O,2022-11-13 11:53:59.772365,0.02,0.60,-0.81,6.53,0.85,2.50,21.18,-10.95,8.51,1
O,2022-11-13 11:53:59.772536,0.02,0.60,-0.80,8.67,0.73,2.62,21.18,-10.95,8.51,1
O,2022-11-13 11:53:59.772708,0.02,0.60,-0.79,5.00,0.79,2.44,21.34,-11.23,7.98,1
O,2022-11-13 11:53:59.772863,0.02,0.61,-0.79,-1.22,1.46,2.38,21.34,-11.23,7.98,1
O,2022-11-13 11:53:59.773030,0.02,0.60,-0.80,-5.86,1.77,2.32,20.42,-11.49,7.84,1
O,2022-11-13 11:53:59.773202,0.02,0.60,-0.81,-5.43,1.65,2.20,20.42,-11.49,7.84,1
O,2022-11-13 11:53:59.773381,0.02,0.60,-0.81,-2.26,1.59,2.08,20.42,-11.49,7.84,1
O,2022-11-13 11:53:59.773547,0.02,0.60,-0.80,-0.98,1.65,2.14,20.46,-11.35,8.76,1
O,2022-11-13 11:53:59.773717,0.02,0.60,-0.81,-2.44,1.40,2.32,20.46,-11.35,8.76,1
O,2022-11-13 11:53:59.773876,0.02,0.59,-0.81,-2.44,1.53,2.26,20.46,-11.35,8.76,1
O,2022-11-13 11:53:59.774048,0.02,0.59,-0.81,-3.05,1.46,2.01,20.65,-11.35,8.78,1
O,2022-11-13 11:53:59.774209,0.02,0.59,-0.81,-2.93,1.65,2.20,20.65,-11.35,8.78,1
O,2022-11-13 11:53:59.774372,0.02,0.59,-0.81,-2.32,1.46,2.14,20.65,-11.35,8.78,1
O,2022-11-13 11:53:59.774542,0.02,0.59,-0.81,-2.50,1.59,2.26,20.86,-11.06,8.69,1
O,2022-11-13 11:53:59.774711,0.02,0.59,-0.82,-2.75,1.77,2.44,20.86,-11.06,8.69,1
O,2022-11-13 11:53:59.774873,0.02,0.59,-0.81,-1.16,1.83,2.50,20.43,-10.80,7.40,1
O,2022-11-13 11:53:59.775039,0.02,0.59,-0.81,0.00,1.65,2.50,20.43,-10.80,7.40,1
O,2022-11-13 11:53:59.775204,0.02,0.59,-0.82,1.34,1.59,2.50,20.43,-10.80,7.40,1
O,2022-11-13 11:53:59.775358,0.02,0.59,-0.81,2.44,1.34,2.32,20.79,-11.23,8.98,1
O,2022-11-13 11:53:59.775532,0.02,0.59,-0.81,3.23,1.16,2.38,20.79,-11.23,8.98,1
O,2022-11-13 11:53:59.775701,0.02,0.59,-0.81,2.87,1.10,2.44,20.79,-11.23,8.98,1
O,2022-11-13 11:53:59.775850,0.02,0.59,-0.81,1.71,1.46,2.44,20.54,-10.52,8.30,1
O,2022-11-13 11:53:59.776006,0.02,0.59,-0.81,0.49,1.71,2.44,20.54,-10.52,8.30,1
O,2022-11-13 11:53:59.776152,0.02,0.59,-0.81,0.92,1.53,2.50,20.54,-10.52,8.30,1
O,2022-11-13 11:53:59.776296,0.02,0.59,-0.81,1.46,1.28,2.44,20.69,-11.27,9.47,1
O,2022-11-13 11:53:59.776455,0.02,0.59,-0.81,0.85,1.59,2.50,20.69,-11.27,9.47,1
O,2022-11-13 11:53:59.776599,0.02,0.59,-0.81,0.31,1.65,2.56,20.26,-10.84,8.83,1
O,2022-11-13 11:53:59.776753,0.02,0.59,-0.81,-1.34,1.59,2.69,20.26,-10.84,8.83,1
O,2022-11-13 11:53:59.776902,0.02,0.58,-0.82,-2.26,1.71,3.05,20.26,-10.84,8.83,1
O,2022-11-13 11:53:59.777050,0.02,0.58,-0.81,-1.65,1.77,2.87,20.83,-10.58,9.67,1
O,2022-11-13 11:53:59.777214,0.02,0.59,-0.82,-1.83,1.34,3.42,20.83,-10.58,9.67,1
O,2022-11-13 11:53:59.777361,0.02,0.58,-0.82,-1.40,0.61,4.46,20.83,-10.58,9.67,1
O,2022-11-13 11:53:59.777523,0.02,0.58,-0.82,-1.71,-0.85,6.41,21.00,-10.16,9.57,1
O,2022-11-13 11:53:59.777675,0.02,0.58,-0.82,-0.43,-2.26,8.00,21.00,-10.16,9.57,1
O,2022-11-13 11:53:59.777824,0.02,0.58,-0.82,1.65,-3.36,8.61,21.00,-10.16,9.57,1
O,2022-11-13 11:53:59.777980,0.02,0.58,-0.82,3.85,-3.30,8.67,20.50,-10.74,9.30,1
O,2022-11-13 11:53:59.778128,0.02,0.58,-0.82,4.94,-3.11,8.42,20.50,-10.74,9.30,1
O,2022-11-13 11:53:59.778281,0.02,0.58,-0.82,6.29,-2.20,7.45,20.62,-11.04,8.87,1
O,2022-11-13 11:53:59.778431,0.02,0.59,-0.81,6.65,-1.71,6.10,20.62,-11.04,8.87,1
O,2022-11-13 11:53:59.778580,0.02,0.59,-0.81,4.39,-0.79,5.19,20.62,-11.04,8.87,1
O,2022-11-13 11:53:59.778741,0.02,0.59,-0.81,-0.18,0.00,4.70,20.31,-11.52,7.24,1
O,2022-11-13 11:53:59.778890,0.02,0.59,-0.82,0.92,-0.18,4.64,20.31,-11.52,7.24,1
O,2022-11-13 11:53:59.779049,0.02,0.59,-0.82,4.09,-0.61,4.64,20.31,-11.52,7.24,1
O,2022-11-13 11:53:59.779197,0.02,0.59,-0.81,7.45,-0.67,4.76,20.54,-10.84,8.89,1
O,2022-11-13 11:53:59.779344,0.02,0.59,-0.81,6.53,-1.22,5.31,20.54,-10.84,8.89,1
O,2022-11-13 11:53:59.779496,0.02,0.59,-0.81,3.78,-1.40,5.86,20.54,-10.84,8.89,1
O,2022-11-13 11:53:59.779651,0.02,0.59,-0.81,1.83,-1.22,5.37,20.68,-11.16,8.37,1
O,2022-11-13 11:53:59.779804,0.02,0.59,-0.81,2.01,-0.49,4.94,20.68,-11.16,8.37,1
O,2022-11-13 11:53:59.779952,0.02,0.59,-0.81,0.12,-0.12,4.27,20.59,-11.44,8.39,1
O,2022-11-13 11:53:59.780104,0.02,0.59,-0.81,-2.50,0.18,4.15,20.59,-11.44,8.39,1
O,2022-11-13 11:53:59.780266,0.02,0.59,-0.81,-1.28,0.49,3.72,20.59,-11.44,8.39,1
O,2022-11-13 11:53:59.780410,0.02,0.59,-0.82,0.24,0.31,3.66,20.35,-11.00,7.93,1
O,2022-11-13 11:53:59.780561,0.02,0.59,-0.81,3.23,0.43,3.48,20.35,-11.00,7.93,1
O,2022-11-13 11:53:59.780706,0.02,0.59,-0.81,5.86,1.34,2.99,20.35,-11.00,7.93,1
O,2022-11-13 11:53:59.780850,0.02,0.59,-0.81,5.07,1.34,2.38,20.67,-11.19,8.51,1
O,2022-11-13 11:53:59.781007,0.02,0.59,-0.81,2.75,1.59,2.69,20.67,-11.19,8.51,1
O,2022-11-13 11:53:59.781152,0.02,0.59,-0.81,1.83,1.40,2.62,20.67,-11.19,8.51,1
O,2022-11-13 11:53:59.781309,0.02,0.59,-0.81,2.26,1.40,2.50,20.89,-11.52,8.46,1
O,2022-11-13 11:53:59.781454,0.02,0.59,-0.81,2.99,1.40,2.62,20.89,-11.52,8.46,1
O,2022-11-13 11:53:59.781599,0.02,0.59,-0.81,3.36,1.28,2.50,20.83,-11.80,8.20,1
O,2022-11-13 11:53:59.781752,0.02,0.59,-0.81,3.60,1.34,2.56,20.83,-11.80,8.20,1
O,2022-11-13 11:53:59.781900,0.02,0.60,-0.80,3.85,1.28,2.38,20.83,-11.80,8.20,1
O,2022-11-13 11:53:59.782058,0.02,0.60,-0.81,4.58,1.34,2.38,20.65,-11.74,8.11,1
O,2022-11-13 11:53:59.782202,0.02,0.60,-0.81,6.84,1.40,2.62,20.65,-11.74,8.11,1
O,2022-11-13 11:53:59.782349,0.02,0.60,-0.81,10.44,1.34,2.14,20.65,-11.74,8.11,1
O,2022-11-13 11:53:59.782507,0.02,0.60,-0.80,14.53,2.08,0.55,20.63,-11.55,7.29,1
O,2022-11-13 11:53:59.782659,0.02,0.61,-0.79,12.21,3.97,-1.83,20.63,-11.55,7.29,1
O,2022-11-13 11:53:59.782840,0.02,0.61,-0.79,6.84,5.55,-3.17,20.63,-11.55,7.29,1
O,2022-11-13 11:53:59.783002,0.02,0.61,-0.80,0.92,6.16,-4.09,20.57,-11.87,7.62,1
O,2022-11-13 11:53:59.783152,0.02,0.61,-0.79,4.64,7.93,-5.37,20.57,-11.87,7.62,1
O,2022-11-13 11:53:59.783306,0.02,0.61,-0.80,6.59,8.12,-6.53,20.84,-12.15,7.30,1
O,2022-11-13 11:53:59.783455,0.03,0.61,-0.79,5.49,8.30,-6.53,20.84,-12.15,7.30,1
O,2022-11-13 11:53:59.783606,0.03,0.61,-0.79,2.99,8.48,-6.23,20.84,-12.15,7.30,1
O,2022-11-13 11:53:59.783758,0.02,0.62,-0.79,-1.59,8.85,-6.16,20.98,-11.69,8.01,1
O,2022-11-13 11:53:59.783910,0.03,0.61,-0.78,-8.12,9.09,-6.47,20.98,-11.69,8.01,1
O,2022-11-13 11:53:59.784069,0.03,0.61,-0.80,-17.52,6.84,-3.42,20.98,-11.69,8.01,1
O,2022-11-13 11:53:59.784224,0.02,0.60,-0.81,-5.31,4.88,-2.14,21.57,-11.24,7.97,1
O,2022-11-13 11:53:59.784385,0.02,0.60,-0.81,4.58,5.31,-3.05,21.57,-11.24,7.97,1
O,2022-11-13 11:53:59.784539,0.02,0.60,-0.80,9.52,7.93,-5.68,21.57,-11.24,7.97,1
O,2022-11-13 11:53:59.784707,0.02,0.60,-0.79,6.65,11.54,-9.64,20.78,-11.06,8.29,1
O,2022-11-13 11:53:59.784866,0.02,0.61,-0.79,-0.92,15.81,-13.49,20.78,-11.06,8.29,1
O,2022-11-13 11:53:59.785028,0.02,0.60,-0.79,-20.75,19.04,-16.97,20.72,-10.68,8.23,1
O,2022-11-13 11:53:59.785192,0.03,0.59,-0.81,-29.30,18.31,-18.19,20.72,-10.68,8.23,1
O,2022-11-13 11:53:59.785354,0.03,0.58,-0.82,-28.20,17.27,-12.45,20.72,-10.68,8.23,1
O,2022-11-13 11:53:59.785514,0.02,0.55,-0.85,-24.48,10.13,-4.27,20.39,-8.70,8.47,1
O,2022-11-13 11:53:59.785662,0.02,0.55,-0.85,-2.44,2.56,0.73,20.39,-8.70,8.47,1
O,2022-11-13 11:53:59.785820,0.02,0.57,-0.83,20.69,-0.55,2.08,20.39,-8.70,8.47,1
O,2022-11-13 11:53:59.785966,0.02,0.59,-0.80,21.30,3.97,2.75,21.37,-9.66,8.53,1
O,2022-11-13 11:53:59.786107,0.02,0.59,-0.81,9.64,4.33,3.91,21.37,-9.66,8.53,1
O,2022-11-13 11:53:59.786257,0.02,0.59,-0.80,2.08,2.38,2.75,21.37,-9.66,8.53,1
O,2022-11-13 11:53:59.786406,0.02,0.59,-0.80,-6.53,-0.73,1.46,20.86,-9.27,9.00,1
O,2022-11-13 11:53:59.786565,0.02,0.58,-0.81,-21.06,-1.16,2.08,20.86,-9.27,9.00,1
O,2022-11-13 11:53:59.786715,0.02,0.61,-0.80,-16.85,2.99,5.98,20.39,-9.08,11.22,1
O,2022-11-13 11:53:59.786891,0.03,0.58,-0.82,-10.13,-1.89,10.80,20.39,-9.08,11.22,1
O,2022-11-13 11:53:59.787058,0.03,0.59,-0.83,1.34,-8.42,16.11,20.39,-9.08,11.22,1
O,2022-11-13 11:53:59.787210,0.03,0.57,-0.82,5.07,-13.12,22.52,20.23,-9.53,9.16,1
O,2022-11-13 11:53:59.787373,0.02,0.56,-0.84,7.45,-18.13,29.42,20.23,-9.53,9.16,1
O,2022-11-13 11:53:59.787524,0.02,0.57,-0.82,8.18,-20.81,32.23,20.23,-9.53,9.16,1
O,2022-11-13 11:53:59.787678,0.02,0.57,-0.82,9.09,-21.73,33.14,20.46,-10.49,8.68,1
O,2022-11-13 11:53:59.787840,0.02,0.56,-0.83,7.45,-20.75,31.68,20.46,-10.49,8.68,1
O,2022-11-13 11:53:59.787995,0.01,0.57,-0.82,7.87,-17.82,27.10,20.46,-10.49,8.68,1
O,2022-11-13 11:53:59.788164,0.02,0.58,-0.81,10.56,-11.78,20.57,20.58,-10.80,8.76,1
O,2022-11-13 11:53:59.788317,0.02,0.58,-0.82,5.13,-4.39,10.07,20.58,-10.80,8.76,1
O,2022-11-13 11:53:59.788468,0.02,0.58,-0.81,2.26,0.55,3.72,20.56,-11.49,7.89,1
O,2022-11-13 11:53:59.788616,0.02,0.57,-0.82,-6.77,2.26,2.20,20.56,-11.49,7.89,1
O,2022-11-13 11:53:59.788766,0.02,0.57,-0.83,-2.26,2.14,2.56,20.56,-11.49,7.89,1
O,2022-11-13 11:53:59.788925,0.02,0.58,-0.82,10.19,0.18,1.53,20.29,-10.95,8.23,1
O,2022-11-13 11:53:59.789078,0.02,0.59,-0.81,21.61,-0.37,1.04,20.29,-10.95,8.23,1
O,2022-11-13 11:53:59.789235,0.02,0.59,-0.81,25.51,0.37,0.55,20.29,-10.95,8.23,1
O,2022-11-13 11:53:59.789409,0.02,0.60,-0.80,27.77,1.77,-1.22,20.68,-11.01,7.92,1
O,2022-11-13 11:53:59.789595,0.03,0.61,-0.78,27.83,3.60,-2.62,20.68,-11.01,7.92,1
O,2022-11-13 11:53:59.789754,0.03,0.62,-0.77,21.24,3.42,-0.49,20.68,-11.01,7.92,1
O,2022-11-13 11:53:59.789932,0.02,0.62,-0.77,-6.59,0.49,6.29,20.91,-11.44,8.75,1
O,2022-11-13 11:53:59.790122,0.02,0.61,-0.81,-18.68,0.61,9.52,20.91,-11.44,8.75,1
O,2022-11-13 11:53:59.790282,0.02,0.60,-0.80,-5.62,1.59,6.65,20.73,-11.89,8.40,1
O,2022-11-13 11:53:59.790465,0.02,0.61,-0.81,9.09,1.77,3.66,20.73,-11.89,8.40,1
O,2022-11-13 11:53:59.790640,0.02,0.61,-0.79,18.37,2.38,3.11,20.73,-11.89,8.40,1
O,2022-11-13 11:53:59.790805,0.02,0.62,-0.78,12.88,0.37,2.08,20.89,-12.41,6.95,1
O,2022-11-13 11:53:59.790988,0.02,0.62,-0.78,3.36,0.67,2.01,20.89,-12.41,6.95,1
O,2022-11-13 11:53:59.791157,0.02,0.62,-0.78,-4.64,1.83,1.71,20.89,-12.41,6.95,1
O,2022-11-13 11:53:59.791323,0.02,0.62,-0.79,-7.45,1.71,1.59,21.00,-12.08,6.36,1
O,2022-11-13 11:53:59.791500,0.02,0.61,-0.79,-8.54,1.28,1.83,21.00,-12.08,6.36,1
O,2022-11-13 11:53:59.791660,0.02,0.61,-0.79,-9.40,1.16,1.34,21.00,-12.08,6.36,1
O,2022-11-13 11:53:59.791832,0.02,0.61,-0.80,-9.40,0.85,0.85,20.43,-12.01,7.76,1
O,2022-11-13 11:53:59.792011,0.02,0.60,-0.81,-4.03,2.32,1.71,20.43,-12.01,7.76,1
O,2022-11-13 11:53:59.792177,0.02,0.60,-0.80,1.83,1.89,2.26,20.87,-11.55,7.24,1
O,2022-11-13 11:53:59.792344,0.02,0.61,-0.79,3.05,2.20,1.71,20.87,-11.55,7.24,1
O,2022-11-13 11:53:59.792508,0.02,0.60,-0.79,-10.80,2.20,1.83,20.87,-11.55,7.24,1
O,2022-11-13 11:53:59.792680,0.02,0.59,-0.81,-16.60,2.56,2.08,20.90,-11.72,6.92,1
O,2022-11-13 11:53:59.792848,0.02,0.59,-0.82,-11.29,2.38,2.01,20.90,-11.72,6.92,1
O,2022-11-13 11:53:59.793018,0.02,0.59,-0.82,1.04,1.89,2.20,20.90,-11.72,6.92,1
O,2022-11-13 11:53:59.793180,0.02,0.59,-0.81,7.75,1.34,2.81,20.63,-11.19,8.14,1
O,2022-11-13 11:53:59.793336,0.02,0.60,-0.80,6.41,1.22,2.62,20.63,-11.19,8.14,1
O,2022-11-13 11:53:59.793515,0.02,0.60,-0.80,1.89,1.53,2.62,20.63,-11.19,8.14,1
O,2022-11-13 11:53:59.793666,0.02,0.60,-0.81,-1.04,1.65,2.26,20.54,-11.36,7.73,1
O,2022-11-13 11:53:59.793822,0.02,0.60,-0.81,1.53,1.71,2.44,20.54,-11.36,7.73,1
O,2022-11-13 11:53:59.793979,0.02,0.60,-0.81,6.77,1.28,2.56,20.21,-11.33,8.08,1
O,2022-11-13 11:53:59.794152,0.02,0.60,-0.80,9.77,1.04,2.62,20.21,-11.33,8.08,1
O,2022-11-13 11:53:59.794307,0.02,0.60,-0.80,5.13,1.16,2.56,20.21,-11.33,8.08,1
O,2022-11-13 11:53:59.794457,0.02,0.60,-0.80,-0.18,1.59,2.38,20.70,-11.58,8.46,1
O,2022-11-13 11:53:59.794611,0.02,0.60,-0.80,-1.83,1.71,2.32,20.70,-11.58,8.46,1
O,2022-11-13 11:53:59.794758,0.02,0.60,-0.80,1.34,1.40,2.38,20.70,-11.58,8.46,1
O,2022-11-13 11:53:59.794910,0.02,0.60,-0.80,4.82,1.10,2.56,20.26,-10.95,8.57,1
O,2022-11-13 11:53:59.795065,0.02,0.60,-0.80,4.64,0.92,2.69,20.26,-10.95,8.57,1
O,2022-11-13 11:53:59.795210,0.02,0.60,-0.80,1.83,1.34,2.56,20.26,-10.95,8.57,1
O,2022-11-13 11:53:59.795358,0.02,0.60,-0.80,0.24,1.40,2.38,20.67,-11.73,7.46,1
O,2022-11-13 11:53:59.795512,0.02,0.60,-0.80,1.59,1.34,2.50,20.67,-11.73,7.46,1
O,2022-11-13 11:53:59.795663,0.02,0.60,-0.80,4.09,1.16,2.69,20.19,-11.15,8.48,1
O,2022-11-13 11:53:59.795819,0.02,0.60,-0.80,7.08,1.04,2.38,20.19,-11.15,8.48,1
O,2022-11-13 11:53:59.795965,0.02,0.61,-0.80,9.70,1.04,2.69,20.19,-11.15,8.48,1
O,2022-11-13 11:53:59.796114,0.02,0.61,-0.80,12.76,0.98,2.69,20.72,-11.49,7.54,1
O,2022-11-13 11:53:59.796268,0.02,0.61,-0.79,14.65,0.85,2.62,20.72,-11.49,7.54,1
O,2022-11-13 11:53:59.796416,0.02,0.62,-0.79,15.32,0.79,2.81,20.72,-11.49,7.54,1
O,2022-11-13 11:53:59.796576,0.02,0.62,-0.78,11.54,1.10,2.62,20.92,-12.24,7.02,1
O,2022-11-13 11:53:59.796722,0.02,0.62,-0.78,6.41,1.53,2.08,20.92,-12.24,7.02,1
O,2022-11-13 11:53:59.796869,0.02,0.62,-0.79,3.85,2.20,1.46,20.92,-12.24,7.02,1
O,2022-11-13 11:53:59.797024,0.02,0.62,-0.78,9.83,3.72,-0.79,20.94,-12.74,7.73,1
O,2022-11-13 11:53:59.797175,0.02,0.63,-0.77,12.08,5.00,-2.32,20.94,-12.74,7.73,1
O,2022-11-13 11:53:59.797335,0.02,0.63,-0.77,7.57,6.77,-3.85,20.45,-12.39,6.84,1
O,2022-11-13 11:53:59.797484,0.02,0.63,-0.77,1.10,7.69,-4.64,20.45,-12.39,6.84,1
O,2022-11-13 11:53:59.797645,0.02,0.63,-0.78,-2.87,7.87,-4.58,20.45,-12.39,6.84,1
O,2022-11-13 11:53:59.797796,0.02,0.63,-0.78,-1.28,8.12,-5.31,20.58,-12.62,6.42,1
O,2022-11-13 11:53:59.797948,0.03,0.63,-0.78,1.77,8.36,-5.62,20.58,-12.62,6.42,1
O,2022-11-13 11:53:59.798112,0.02,0.63,-0.77,-0.85,8.30,-5.55,20.58,-12.62,6.42,1
O,2022-11-13 11:53:59.798267,0.02,0.63,-0.78,-1.46,9.40,-6.59,20.14,-11.98,7.26,1
O,2022-11-13 11:53:59.798432,0.02,0.63,-0.78,-2.01,10.62,-8.12,20.14,-11.98,7.26,1
O,2022-11-13 11:53:59.798589,0.02,0.63,-0.78,-6.16,11.41,-8.91,20.14,-11.98,7.26,1
O,2022-11-13 11:53:59.798744,0.02,0.62,-0.78,-10.25,12.15,-9.16,20.19,-11.34,8.37,1
O,2022-11-13 11:53:59.798915,0.02,0.62,-0.79,-10.74,12.70,-10.44,20.19,-11.34,8.37,1
O,2022-11-13 11:53:59.799074,0.02,0.61,-0.79,-10.07,12.82,-10.68,20.06,-11.33,9.07,1
O,2022-11-13 11:53:59.799243,0.02,0.61,-0.79,-10.50,13.00,-10.74,20.06,-11.33,9.07,1
O,2022-11-13 11:53:59.799414,0.02,0.61,-0.79,-10.99,13.18,-10.62,20.06,-11.33,9.07,1
O,2022-11-13 11:53:59.799575,0.03,0.61,-0.79,-15.26,11.96,-9.64,20.89,-9.86,8.64,1
O,2022-11-13 11:53:59.799748,0.03,0.60,-0.79,-31.19,5.55,-0.92,20.89,-9.86,8.64,1
O,2022-11-13 11:53:59.799899,0.02,0.58,-0.84,-25.76,1.89,4.46,20.89,-9.86,8.64,1
O,2022-11-13 11:53:59.800058,0.02,0.57,-0.85,-1.04,2.20,3.17,20.56,-9.68,9.13,1
O,2022-11-13 11:53:59.800204,0.02,0.58,-0.83,23.44,5.00,-0.61,20.56,-9.68,9.13,1
O,2022-11-13 11:53:59.800386,0.03,0.60,-0.79,30.64,9.09,-4.33,20.56,-9.68,9.13,1
O,2022-11-13 11:53:59.800537,0.02,0.60,-0.79,13.00,8.54,-0.73,20.42,-10.55,8.95,1
O,2022-11-13 11:53:59.800685,0.02,0.60,-0.80,-3.85,1.34,0.31,20.42,-10.55,8.95,1
O,2022-11-13 11:53:59.800856,0.02,0.60,-0.80,-5.43,-0.92,1.89,20.74,-10.24,9.22,1
O,2022-11-13 11:53:59.801014,0.02,0.59,-0.79,-15.93,-1.83,2.01,20.74,-10.24,9.22,1
O,2022-11-13 11:53:59.801172,0.05,0.57,-0.85,-35.52,-2.87,4.33,20.74,-10.24,9.22,1
O,2022-11-13 11:53:59.801344,0.02,0.55,-0.86,-28.63,-13.92,12.63,20.50,-9.84,9.14,1
O,2022-11-13 11:53:59.801499,0.04,0.58,-0.82,-2.38,-6.96,15.38,20.50,-9.84,9.14,1
O,2022-11-13 11:53:59.801652,0.02,0.58,-0.82,3.78,-12.02,21.79,20.50,-9.84,9.14,1
O,2022-11-13 11:53:59.801805,0.02,0.59,-0.82,6.29,-16.48,27.47,20.65,-9.20,9.30,1
O,2022-11-13 11:53:59.801961,0.03,0.56,-0.84,2.75,-20.69,31.92,20.65,-9.20,9.30,1
O,2022-11-13 11:53:59.802111,0.02,0.57,-0.82,9.34,-22.03,33.08,20.65,-9.20,9.30,1
O,2022-11-13 11:53:59.802280,0.02,0.58,-0.82,10.19,-19.84,29.97,20.21,-10.88,8.89,1
O,2022-11-13 11:53:59.802438,0.01,0.57,-0.83,10.01,-16.48,24.05,20.21,-10.88,8.89,1
O,2022-11-13 11:53:59.802604,0.02,0.58,-0.82,17.82,-8.54,16.05,20.63,-11.29,8.19,1
O,2022-11-13 11:53:59.802773,0.02,0.59,-0.81,16.24,-3.54,8.79,20.63,-11.29,8.19,1
O,2022-11-13 11:53:59.802924,0.02,0.59,-0.79,13.61,0.67,1.77,20.63,-11.29,8.19,1
O,2022-11-13 11:53:59.803083,0.02,0.59,-0.81,4.76,1.71,1.89,20.69,-11.34,7.67,1
O,2022-11-13 11:53:59.803231,0.02,0.60,-0.82,13.49,1.16,0.98,20.69,-11.34,7.67,1
O,2022-11-13 11:53:59.803387,0.03,0.60,-0.80,22.89,0.79,0.67,20.69,-11.34,7.67,1
O,2022-11-13 11:53:59.803537,0.03,0.61,-0.79,26.06,1.04,0.12,21.01,-11.88,6.80,1
O,2022-11-13 11:53:59.803688,0.02,0.61,-0.79,25.88,1.40,-1.34,21.01,-11.88,6.80,1
O,2022-11-13 11:53:59.803850,0.02,0.62,-0.79,28.26,5.92,-4.03,21.01,-11.88,6.80,1
O,2022-11-13 11:53:59.804001,0.03,0.63,-0.76,17.15,8.48,-6.04,20.73,-11.96,6.75,1
O,2022-11-13 11:53:59.804163,0.03,0.63,-0.76,-4.39,9.58,-5.86,20.73,-11.96,6.75,1
O,2022-11-13 11:53:59.804317,0.03,0.63,-0.78,-18.92,9.28,-5.13,20.68,-11.96,7.74,1
O,2022-11-13 11:53:59.804470,0.02,0.62,-0.80,-16.66,8.42,-4.76,20.68,-11.96,7.74,1
O,2022-11-13 11:53:59.804628,0.03,0.62,-0.80,-2.20,6.41,-3.17,20.68,-11.96,7.74,1
O,2022-11-13 11:53:59.804776,0.03,0.62,-0.79,6.16,4.21,-1.34,20.85,-11.49,7.40,1
O,2022-11-13 11:53:59.804936,0.03,0.62,-0.79,13.67,2.32,0.85,20.85,-11.49,7.40,1
O,2022-11-13 11:53:59.805085,0.03,0.62,-0.79,18.98,0.67,2.44,20.85,-11.49,7.40,1
O,2022-11-13 11:53:59.805238,0.02,0.63,-0.77,21.00,0.18,2.62,20.13,-11.87,6.60,1
O,2022-11-13 11:53:59.805386,0.03,0.63,-0.77,13.92,0.98,2.56,20.13,-11.87,6.60,1
O,2022-11-13 11:53:59.805533,0.03,0.64,-0.77,8.18,1.16,2.38,20.13,-11.87,6.60,1
O,2022-11-13 11:53:59.805689,0.02,0.64,-0.77,5.19,1.28,2.26,20.13,-12.13,6.54,1
O,2022-11-13 11:53:59.805834,0.03,0.64,-0.77,5.00,1.22,2.38,20.13,-12.13,6.54,1
O,2022-11-13 11:53:59.805989,0.03,0.64,-0.77,4.70,0.79,2.38,21.31,-12.65,7.09,1
O,2022-11-13 11:53:59.806142,0.03,0.64,-0.77,2.69,0.79,2.20,21.31,-12.65,7.09,1
O,2022-11-13 11:53:59.806286,0.02,0.64,-0.76,0.18,0.67,2.26,21.31,-12.65,7.09,1
O,2022-11-13 11:53:59.806447,0.03,0.64,-0.77,-4.09,-0.31,2.32,20.68,-12.39,7.74,1
O,2022-11-13 11:53:59.806595,0.03,0.64,-0.77,-4.03,0.79,2.08,20.68,-12.39,7.74,1
O,2022-11-13 11:53:59.806751,0.03,0.64,-0.77,-6.41,1.16,2.44,20.68,-12.39,7.74,1
O,2022-11-13 11:53:59.806900,0.03,0.64,-0.77,-8.36,1.40,2.32,20.65,-11.94,6.73,1
O,2022-11-13 11:53:59.807055,0.03,0.63,-0.78,-10.80,1.77,2.62,20.65,-11.94,6.73,1
O,2022-11-13 11:53:59.807212,0.03,0.63,-0.78,-10.25,1.95,2.32,20.65,-11.94,6.73,1
O,2022-11-13 11:53:59.807362,0.03,0.62,-0.79,-8.85,1.95,2.50,20.73,-11.47,7.79,1
O,2022-11-13 11:53:59.807527,0.03,0.62,-0.79,-5.49,1.83,2.38,20.73,-11.47,7.79,1
O,2022-11-13 11:53:59.807675,0.03,0.62,-0.79,14.77,1.46,2.75,21.02,-12.33,7.21,1
O,2022-11-13 11:53:59.807819,0.03,0.62,-0.79,5.49,1.34,2.50,21.02,-12.33,7.21,1
O,2022-11-13 11:53:59.807976,0.03,0.62,-0.78,7.51,1.22,2.62,21.02,-12.33,7.21,1
O,2022-11-13 11:53:59.808122,0.03,0.63,-0.78,9.22,1.04,2.50,21.00,-12.05,6.41,1
O,2022-11-13 11:53:59.808284,0.03,0.63,-0.78,10.44,1.22,2.44,21.00,-12.05,6.41,1
O,2022-11-13 11:53:59.808470,0.03,0.63,-0.78,11.60,0.79,2.50,21.00,-12.05,6.41,1
O,2022-11-13 11:53:59.808659,0.03,0.63,-0.77,11.96,0.85,2.50,20.90,-11.72,7.12,1
O,2022-11-13 11:53:59.808832,0.03,0.64,-0.77,11.60,0.98,2.44,20.90,-11.72,7.12,1
O,2022-11-13 11:53:59.809007,0.03,0.64,-0.77,9.70,1.10,2.44,20.90,-11.72,7.12,1
O,2022-11-13 11:53:59.809168,0.03,0.64,-0.77,7.75,1.16,2.26,20.96,-12.95,7.18,1
O,2022-11-13 11:53:59.809330,0.03,0.64,-0.76,5.19,0.73,2.44,20.96,-12.95,7.18,1
O,2022-11-13 11:53:59.809491,0.03,0.64,-0.76,2.50,1.10,2.20,20.37,-12.28,7.84,1
O,2022-11-13 11:53:59.809744,0.03,0.64,-0.77,-0.24,1.04,2.38,20.37,-12.28,7.84,1
O,2022-11-13 11:53:59.809918,0.03,0.64,-0.77,-1.04,1.22,2.38,20.37,-12.28,7.84,1
O,2022-11-13 11:53:59.810080,0.03,0.64,-0.77,-2.44,1.46,2.32,21.00,-11.88,6.02,1
O,2022-11-13 11:53:59.810250,0.03,0.64,-0.77,-4.09,1.53,2.50,21.00,-11.88,6.02,1
O,2022-11-13 11:53:59.810412,0.03,0.64,-0.77,-4.82,1.77,2.38,21.00,-11.88,6.02,1
O,2022-11-13 11:53:59.810579,0.03,0.64,-0.77,-4.21,1.71,2.38,21.25,-12.30,6.30,1
O,2022-11-13 11:53:59.810747,0.03,0.63,-0.77,-2.14,1.71,2.50,21.25,-12.30,6.30,1
O,2022-11-13 11:53:59.810919,0.03,0.63,-0.77,-0.79,1.53,2.56,21.25,-12.30,6.30,1
O,2022-11-13 11:53:59.811087,0.03,0.63,-0.77,-1.95,1.34,2.26,20.75,-12.12,7.64,1
O,2022-11-13 11:53:59.811247,0.03,0.63,-0.78,-4.21,1.59,2.20,20.75,-12.12,7.64,1
O,2022-11-13 11:53:59.811435,0.03,0.63,-0.78,-3.30,1.65,2.01,21.24,-12.40,6.30,1
O,2022-11-13 11:53:59.811590,0.03,0.63,-0.78,-1.65,1.53,2.08,21.24,-12.40,6.30,1
O,2022-11-13 11:53:59.811756,0.03,0.63,-0.78,-2.08,1.53,2.32,21.24,-12.40,6.30,1
O,2022-11-13 11:53:59.811924,0.03,0.63,-0.78,-5.98,1.89,2.32,21.28,-11.67,7.01,1
O,2022-11-13 11:53:59.812088,0.03,0.62,-0.78,-13.43,2.56,2.75,21.28,-11.67,7.01,1
O,2022-11-13 11:53:59.812266,0.03,0.62,-0.78,-21.06,2.62,2.62,21.28,-11.67,7.01,1
O,2022-11-13 11:53:59.812424,0.03,0.61,-0.79,-29.42,3.42,2.56,20.72,-11.16,7.42,1
O,2022-11-13 11:53:59.812593,0.03,0.60,-0.79,-33.26,6.10,3.66,20.72,-11.16,7.42,1
O,2022-11-13 11:53:59.812745,0.02,0.58,-0.81,-36.50,6.41,5.07,20.72,-11.16,7.42,1
O,2022-11-13 11:53:59.812908,0.02,0.57,-0.83,-27.59,5.00,4.58,20.54,-10.16,8.62,1
O,2022-11-13 11:53:59.813078,0.02,0.57,-0.84,-15.87,3.54,3.72,20.54,-10.16,8.62,1
O,2022-11-13 11:53:59.813241,0.02,0.57,-0.83,-5.55,2.14,2.93,20.94,-10.03,8.81,1
O,2022-11-13 11:53:59.813398,0.02,0.57,-0.83,-3.36,1.71,2.87,20.94,-10.03,8.81,1
O,2022-11-13 11:53:59.813546,0.02,0.56,-0.83,-6.65,2.32,3.05,20.94,-10.03,8.81,1
O,2022-11-13 11:53:59.813694,0.02,0.56,-0.83,-7.14,2.50,2.93,20.89,-10.53,9.28,1
O,2022-11-13 11:53:59.813853,0.02,0.56,-0.84,-3.97,1.95,2.93,20.89,-10.53,9.28,1
O,2022-11-13 11:53:59.814012,0.02,0.56,-0.84,-1.95,1.77,2.81,20.89,-10.53,9.28,1
O,2022-11-13 11:53:59.814163,0.02,0.56,-0.84,0.55,1.40,2.50,20.61,-10.56,8.89,1
O,2022-11-13 11:53:59.814307,0.02,0.56,-0.84,3.11,1.34,2.32,20.61,-10.56,8.89,1
O,2022-11-13 11:53:59.814451,0.02,0.56,-0.83,4.09,1.28,2.44,20.61,-10.56,8.89,1
O,2022-11-13 11:53:59.814609,0.02,0.56,-0.83,3.48,1.22,2.14,20.61,-10.36,9.45,1
O,2022-11-13 11:53:59.814754,0.02,0.56,-0.84,5.31,1.10,2.14,20.61,-10.36,9.45,1
O,2022-11-13 11:53:59.814909,0.02,0.56,-0.83,7.08,0.61,2.20,20.75,-10.11,9.22,1
O,2022-11-13 11:53:59.815054,0.02,0.56,-0.83,4.09,1.10,2.20,20.75,-10.11,9.22,1
O,2022-11-13 11:53:59.815211,0.02,0.56,-0.83,-2.56,1.89,2.62,20.75,-10.11,9.22,1
O,2022-11-13 11:53:59.815369,0.02,0.56,-0.83,-3.66,2.08,2.69,20.67,-10.07,9.28,1
O,2022-11-13 11:53:59.815517,0.02,0.56,-0.83,-4.52,2.14,2.81,20.67,-10.07,9.28,1
O,2022-11-13 11:53:59.815674,0.02,0.56,-0.83,-6.35,2.44,2.99,20.67,-10.07,9.28,1
O,2022-11-13 11:53:59.815821,0.02,0.55,-0.84,-7.57,2.50,2.93,20.58,-9.85,8.63,1
O,2022-11-13 11:53:59.815967,0.02,0.55,-0.84,-6.65,2.20,2.93,20.58,-9.85,8.63,1
O,2022-11-13 11:53:59.816134,0.02,0.55,-0.84,-3.85,1.95,2.81,20.58,-9.85,8.63,1
O,2022-11-13 11:53:59.816302,0.02,0.55,-0.84,-1.34,1.77,2.50,20.72,-9.40,9.86,1
O,2022-11-13 11:53:59.816450,0.02,0.55,-0.84,2.26,1.53,2.26,20.72,-9.40,9.86,1
O,2022-11-13 11:53:59.816593,0.02,0.55,-0.84,5.55,0.98,2.14,20.37,-9.44,9.90,1
O,2022-11-13 11:53:59.816736,0.02,0.55,-0.84,8.85,0.61,1.89,20.37,-9.44,9.90,1
O,2022-11-13 11:53:59.816884,0.02,0.55,-0.84,8.67,0.67,1.89,20.37,-9.44,9.90,1
O,2022-11-13 11:53:59.817031,0.02,0.56,-0.84,8.06,0.67,1.95,20.79,-10.00,9.52,1
O,2022-11-13 11:53:59.817182,0.02,0.56,-0.84,7.75,0.85,1.95,20.79,-10.00,9.52,1
O,2022-11-13 11:53:59.817330,0.02,0.56,-0.83,8.54,0.67,1.89,20.79,-10.00,9.52,1
O,2022-11-13 11:53:59.817479,0.02,0.56,-0.83,8.79,0.61,1.89,20.89,-10.44,9.45,1
O,2022-11-13 11:53:59.817639,0.02,0.56,-0.83,7.57,0.67,1.95,20.89,-10.44,9.45,1
O,2022-11-13 11:53:59.817790,0.02,0.57,-0.83,6.41,0.92,2.14,20.89,-10.44,9.45,1
O,2022-11-13 11:53:59.817938,0.02,0.57,-0.83,5.68,0.79,2.08,20.34,-10.56,9.39,1
O,2022-11-13 11:53:59.818086,0.02,0.57,-0.83,4.70,1.10,2.50,20.34,-10.56,9.39,1
O,2022-11-13 11:53:59.818237,0.02,0.57,-0.83,4.09,1.16,2.38,20.83,-10.03,9.39,1
O,2022-11-13 11:53:59.818387,0.02,0.57,-0.83,4.33,1.10,2.50,20.83,-10.03,9.39,1
O,2022-11-13 11:53:59.818548,0.02,0.57,-0.82,3.97,1.10,2.56,20.83,-10.03,9.39,1
O,2022-11-13 11:53:59.818700,0.02,0.57,-0.83,2.93,1.34,2.50,20.64,-10.13,8.67,1
O,2022-11-13 11:53:59.818849,0.02,0.57,-0.83,4.94,1.04,2.44,20.64,-10.13,8.67,1
O,2022-11-13 11:53:59.818995,0.02,0.57,-0.82,9.16,0.61,2.08,20.64,-10.13,8.67,1
O,2022-11-13 11:53:59.819160,0.02,0.58,-0.83,14.28,-0.24,1.59,20.47,-11.11,9.30,1
O,2022-11-13 11:53:59.819313,0.02,0.58,-0.82,19.10,0.37,1.95,20.47,-11.11,9.30,1
O,2022-11-13 11:53:59.819477,0.02,0.59,-0.82,23.01,-0.37,1.95,20.47,-11.11,9.30,1
O,2022-11-13 11:53:59.819633,0.02,0.60,-0.81,27.22,-0.43,1.95,20.81,-10.73,8.76,1
O,2022-11-13 11:53:59.819787,0.02,0.60,-0.80,29.30,-0.43,2.38,20.81,-10.73,8.76,1
O,2022-11-13 11:53:59.819950,0.02,0.61,-0.79,28.63,-0.79,2.56,20.57,-11.60,8.23,1
O,2022-11-13 11:53:59.820105,0.03,0.62,-0.79,28.69,-0.92,2.50,20.57,-11.60,8.23,1
O,2022-11-13 11:53:59.820267,0.03,0.63,-0.78,31.92,-0.85,2.01,20.57,-11.60,8.23,1
O,2022-11-13 11:53:59.820417,0.03,0.64,-0.77,33.69,-0.06,2.20,20.97,-12.44,6.90,1
O,2022-11-13 11:53:59.820564,0.03,0.65,-0.76,28.63,0.43,3.05,20.97,-12.44,6.90,1
O,2022-11-13 11:53:59.820719,0.03,0.65,-0.75,18.25,1.22,2.38,20.97,-12.44,6.90,1
O,2022-11-13 11:53:59.820867,0.03,0.66,-0.75,11.54,1.89,1.77,21.04,-12.93,7.78,1
O,2022-11-13 11:53:59.821024,0.02,0.66,-0.75,6.04,2.62,0.67,21.04,-12.93,7.78,1
O,2022-11-13 11:53:59.821174,0.03,0.66,-0.75,2.75,3.85,-0.49,21.04,-12.93,7.78,1
O,2022-11-13 11:53:59.821329,0.03,0.66,-0.75,-1.59,4.39,-1.77,20.81,-13.22,6.29,1
O,2022-11-13 11:53:59.821486,0.03,0.66,-0.75,-14.04,5.31,-1.77,20.81,-13.22,6.29,1
O,2022-11-13 11:53:59.821640,0.03,0.65,-0.76,-19.41,4.58,-0.55,20.47,-12.05,7.02,1
O,2022-11-13 11:53:59.821801,0.03,0.64,-0.77,-17.82,2.38,1.46,20.47,-12.05,7.02,1
O,2022-11-13 11:53:59.821948,0.03,0.64,-0.78,-8.12,1.34,2.14,20.47,-12.05,7.02,1
O,2022-11-13 11:53:59.822107,0.03,0.64,-0.77,-0.92,1.04,2.50,20.86,-12.23,6.91,1
O,2022-11-13 11:53:59.822255,0.03,0.64,-0.77,2.20,1.28,2.44,20.86,-12.23,6.91,1
O,2022-11-13 11:53:59.822400,0.03,0.64,-0.77,0.18,1.40,2.26,20.86,-12.23,6.91,1
O,2022-11-13 11:53:59.822562,0.03,0.64,-0.77,-2.01,1.71,2.26,21.18,-11.80,6.64,1
O,2022-11-13 11:53:59.822710,0.03,0.64,-0.77,-2.08,1.59,2.38,21.18,-11.80,6.64,1
O,2022-11-13 11:53:59.822867,0.03,0.64,-0.77,-1.16,1.53,2.26,21.18,-11.80,6.64,1
O,2022-11-13 11:53:59.823014,0.03,0.63,-0.77,-0.73,1.28,2.26,20.87,-11.39,7.48,1
O,2022-11-13 11:53:59.823162,0.03,0.63,-0.77,-3.11,1.53,2.14,20.87,-11.39,7.48,1
O,2022-11-13 11:53:59.823317,0.03,0.63,-0.77,-5.13,1.59,2.14,20.72,-11.77,8.19,1
O,2022-11-13 11:53:59.823465,0.03,0.63,-0.78,-6.41,1.34,2.26,20.72,-11.77,8.19,1
O,2022-11-13 11:53:59.823621,0.03,0.63,-0.78,-6.16,1.46,2.75,20.72,-11.77,8.19,1
O,2022-11-13 11:53:59.823770,0.03,0.63,-0.78,-4.27,1.10,3.30,20.48,-11.73,6.87,1
O,2022-11-13 11:53:59.823916,0.03,0.63,-0.78,0.43,0.73,3.48,20.48,-11.73,6.87,1
O,2022-11-13 11:53:59.824072,0.03,0.63,-0.78,1.22,0.67,3.66,20.48,-11.73,6.87,1
O,2022-11-13 11:53:59.824218,0.02,0.62,-0.78,1.34,1.10,3.17,20.12,-11.74,7.80,1
O,2022-11-13 11:53:59.824373,0.03,0.63,-0.78,2.14,1.40,2.56,20.12,-11.74,7.80,1
O,2022-11-13 11:53:59.824518,0.03,0.62,-0.78,1.22,1.59,2.50,20.12,-11.74,7.80,1
O,2022-11-13 11:53:59.824664,0.03,0.62,-0.78,4.33,1.22,2.38,20.74,-11.46,7.86,1
O,2022-11-13 11:53:59.824820,0.03,0.63,-0.78,5.92,1.04,2.38,20.74,-11.46,7.86,1
O,2022-11-13 11:53:59.824975,0.03,0.63,-0.78,5.19,0.98,2.62,21.00,-11.44,8.15,1
O,2022-11-13 11:53:59.825133,0.03,0.63,-0.78,3.66,1.16,2.38,21.00,-11.44,8.15,1
O,2022-11-13 11:53:59.825282,0.03,0.63,-0.78,3.78,1.16,2.50,21.00,-11.44,8.15,1
O,2022-11-13 11:53:59.825428,0.03,0.63,-0.78,5.86,0.85,2.32,20.62,-12.22,7.86,1
O,2022-11-13 11:53:59.825587,0.03,0.63,-0.77,6.59,1.10,2.62,20.62,-12.22,7.86,1
O,2022-11-13 11:53:59.825735,0.03,0.63,-0.77,5.31,1.28,2.44,20.62,-12.22,7.86,1
O,2022-11-13 11:53:59.825885,0.03,0.63,-0.77,3.91,1.28,2.32,21.26,-12.13,7.24,1
O,2022-11-13 11:53:59.826032,0.03,0.63,-0.78,3.36,0.43,2.44,21.26,-12.13,7.24,1
O,2022-11-13 11:53:59.826178,0.03,0.64,-0.77,5.55,1.04,2.69,21.26,-12.13,7.24,1
O,2022-11-13 11:53:59.826341,0.03,0.64,-0.77,4.03,0.73,2.38,20.65,-11.80,7.29,1
O,2022-11-13 11:53:59.826502,0.03,0.64,-0.77,2.26,1.10,2.38,20.65,-11.80,7.29,1
O,2022-11-13 11:53:59.826662,0.03,0.64,-0.77,0.18,1.59,2.62,20.64,-12.56,7.15,1
O,2022-11-13 11:53:59.826810,0.03,0.64,-0.77,-0.61,1.22,2.50,20.64,-12.56,7.15,1
O,2022-11-13 11:53:59.826986,0.03,0.64,-0.77,-0.12,1.04,2.20,20.64,-12.56,7.15,1
O,2022-11-13 11:53:59.827158,0.03,0.64,-0.77,-1.40,1.46,2.44,21.15,-11.95,6.67,1
O,2022-11-13 11:53:59.827321,0.03,0.63,-0.77,-3.91,1.65,2.38,21.15,-11.95,6.67,1
O,2022-11-13 11:53:59.827523,0.03,0.63,-0.77,-4.88,1.65,2.38,21.15,-11.95,6.67,1
O,2022-11-13 11:53:59.827693,0.03,0.63,-0.78,-4.39,1.65,2.08,20.81,-11.69,6.26,1
O,2022-11-13 11:53:59.827849,0.03,0.63,-0.78,-1.53,1.53,2.26,20.81,-11.69,6.26,1
O,2022-11-13 11:53:59.828010,0.03,0.63,-0.78,0.12,1.65,2.26,20.81,-11.69,6.26,1
O,2022-11-13 11:53:59.828175,0.03,0.63,-0.78,1.65,1.40,2.20,20.23,-12.05,7.03,1
O,2022-11-13 11:53:59.828332,0.03,0.63,-0.78,2.75,1.46,2.44,20.23,-12.05,7.03,1
O,2022-11-13 11:53:59.828491,0.03,0.63,-0.78,3.78,1.40,2.44,20.35,-12.04,8.23,1
O,2022-11-13 11:53:59.828655,0.03,0.63,-0.78,4.64,1.40,2.38,20.35,-12.04,8.23,1
O,2022-11-13 11:53:59.828812,0.03,0.63,-0.77,4.52,1.28,2.44,20.35,-12.04,8.23,1
O,2022-11-13 11:53:59.828976,0.03,0.63,-0.77,3.66,1.28,2.44,20.92,-12.18,7.75,1
O,2022-11-13 11:53:59.829137,0.03,0.63,-0.77,2.26,1.34,2.44,20.92,-12.18,7.75,1
O,2022-11-13 11:53:59.829285,0.03,0.63,-0.77,1.22,1.40,2.26,20.92,-12.18,7.75,1
O,2022-11-13 11:53:59.829433,0.03,0.63,-0.78,0.49,1.28,2.44,20.78,-12.01,7.29,1
O,2022-11-13 11:53:59.829596,0.03,0.63,-0.78,0.85,1.28,2.32,20.78,-12.01,7.29,1
O,2022-11-13 11:53:59.829756,0.03,0.63,-0.78,0.98,1.46,2.32,20.78,-12.01,7.29,1
O,2022-11-13 11:53:59.829932,0.03,0.63,-0.78,1.10,1.22,2.38,21.26,-12.15,8.20,1
O,2022-11-13 11:53:59.830097,0.03,0.63,-0.77,1.16,1.34,2.38,21.26,-12.15,8.20,1
O,2022-11-13 11:53:59.830267,0.03,0.63,-0.78,1.16,1.28,2.50,20.81,-12.08,7.57,1
O,2022-11-13 11:53:59.830433,0.03,0.63,-0.78,1.28,1.40,2.44,20.81,-12.08,7.57,1
O,2022-11-13 11:53:59.830590,0.03,0.63,-0.78,1.34,1.34,2.38,20.81,-12.08,7.57,1
O,2022-11-13 11:53:59.830756,0.03,0.63,-0.78,1.40,1.53,2.56,20.74,-12.26,6.51,1
O,2022-11-13 11:53:59.830921,0.03,0.63,-0.78,1.10,1.28,2.32,20.74,-12.26,6.51,1
O,2022-11-13 11:53:59.831080,0.03,0.63,-0.78,1.22,1.40,2.81,20.74,-12.26,6.51,1
O,2022-11-13 11:53:59.831237,0.03,0.63,-0.77,-2.93,1.59,2.44,21.04,-11.71,7.18,1
O,2022-11-13 11:53:59.831386,0.03,0.63,-0.78,-5.43,1.65,2.32,21.04,-11.71,7.18,1
O,2022-11-13 11:53:59.831544,0.03,0.63,-0.78,-2.26,1.71,2.26,21.04,-11.71,7.18,1
O,2022-11-13 11:53:59.831690,0.03,0.63,-0.78,3.30,1.04,2.26,20.67,-12.28,6.93,1
O,2022-11-13 11:53:59.831835,0.03,0.63,-0.78,5.25,0.79,2.38,20.67,-12.28,6.93,1
O,2022-11-13 11:53:59.831991,0.03,0.63,-0.77,1.04,1.65,2.38,20.45,-11.96,7.13,1
O,2022-11-13 11:53:59.832140,0.03,0.63,-0.78,-0.37,1.77,2.44,20.45,-11.96,7.13,1
O,2022-11-13 11:53:59.832297,0.03,0.63,-0.78,2.62,1.59,2.32,20.45,-11.96,7.13,1
O,2022-11-13 11:53:59.832442,0.03,0.63,-0.78,6.90,1.28,2.56,20.91,-11.88,7.47,1
O,2022-11-13 11:53:59.832593,0.03,0.63,-0.77,9.83,1.16,2.50,20.91,-11.88,7.47,1
O,2022-11-13 11:53:59.832763,0.03,0.64,-0.77,8.42,1.04,2.38,20.91,-11.88,7.47,1
O,2022-11-13 11:53:59.832908,0.03,0.64,-0.77,5.19,1.10,2.44,20.81,-12.05,6.68,1
O,2022-11-13 11:53:59.833076,0.03,0.64,-0.77,2.44,1.40,2.38,20.81,-12.05,6.68,1
O,2022-11-13 11:53:59.833225,0.03,0.64,-0.77,-0.55,1.34,2.44,20.81,-12.05,6.68,1
O,2022-11-13 11:53:59.833384,0.03,0.64,-0.77,-3.66,1.34,2.44,20.48,-12.04,7.87,1
O,2022-11-13 11:53:59.833539,0.03,0.63,-0.77,-9.28,1.89,2.44,20.48,-12.04,7.87,1
O,2022-11-13 11:53:59.833707,0.03,0.63,-0.78,-9.95,2.08,2.26,20.89,-11.83,8.25,1
O,2022-11-13 11:53:59.833871,0.03,0.62,-0.78,-7.08,1.77,2.26,20.89,-11.83,8.25,1
O,2022-11-13 11:53:59.834021,0.03,0.62,-0.79,-2.44,1.59,2.50,20.89,-11.83,8.25,1
O,2022-11-13 11:53:59.834187,0.03,0.62,-0.78,0.67,1.28,2.32,20.18,-12.22,6.49,1
O,2022-11-13 11:53:59.834338,0.03,0.63,-0.78,0.24,1.46,2.26,20.18,-12.22,6.49,1
O,2022-11-13 11:53:59.834486,0.03,0.62,-0.78,-1.59,1.59,2.32,20.18,-12.22,6.49,1
O,2022-11-13 11:53:59.834655,0.03,0.62,-0.79,-1.71,1.65,2.50,19.80,-11.80,7.32,1
O,2022-11-13 11:53:59.834805,0.03,0.62,-0.78,0.12,1.59,2.38,19.80,-11.80,7.32,1
O,2022-11-13 11:53:59.834953,0.03,0.62,-0.78,1.89,1.16,2.50,19.80,-11.80,7.32,1
O,2022-11-13 11:53:59.835106,0.03,0.62,-0.78,0.67,1.28,2.20,20.67,-11.49,7.82,1
O,2022-11-13 11:53:59.835257,0.03,0.62,-0.78,-4.94,1.77,2.44,20.67,-11.49,7.82,1
O,2022-11-13 11:53:59.835413,0.03,0.62,-0.78,-8.79,1.89,2.56,20.76,-11.65,7.81,1
O,2022-11-13 11:53:59.835563,0.03,0.61,-0.79,-11.29,1.89,2.38,20.76,-11.65,7.81,1
O,2022-11-13 11:53:59.835717,0.03,0.61,-0.79,-12.21,2.08,2.56,20.76,-11.65,7.81,1
O,2022-11-13 11:53:59.835871,0.03,0.61,-0.79,-13.37,1.95,2.44,19.91,-10.89,8.47,1
O,2022-11-13 11:53:59.836023,0.03,0.59,-0.80,-12.70,2.93,2.99,19.91,-10.89,8.47,1
O,2022-11-13 11:53:59.836183,0.02,0.59,-0.81,-8.30,2.62,3.23,19.91,-10.89,8.47,1
O,2022-11-13 11:53:59.836330,0.02,0.59,-0.81,-3.85,1.89,2.81,20.79,-10.57,7.84,1
O,2022-11-13 11:53:59.836490,0.02,0.59,-0.81,-2.32,1.83,2.87,20.79,-10.57,7.84,1
O,2022-11-13 11:53:59.836639,0.02,0.59,-0.81,-2.56,1.77,2.81,20.79,-10.57,7.84,1
O,2022-11-13 11:53:59.836786,0.02,0.59,-0.81,-0.92,1.65,2.44,20.80,-10.95,8.65,1
O,2022-11-13 11:53:59.836943,0.02,0.59,-0.81,1.65,1.40,2.38,20.80,-10.95,8.65,1
O,2022-11-13 11:53:59.837093,0.02,0.59,-0.81,2.26,1.28,2.38,20.30,-10.94,8.79,1
O,2022-11-13 11:53:59.837252,0.02,0.59,-0.81,0.49,1.40,2.38,20.30,-10.94,8.79,1
O,2022-11-13 11:53:59.837401,0.02,0.59,-0.81,-2.87,1.83,2.75,20.30,-10.94,8.79,1
O,2022-11-13 11:53:59.837554,0.02,0.59,-0.81,-6.77,2.56,3.11,20.01,-10.96,8.30,1
O,2022-11-13 11:53:59.837714,0.02,0.59,-0.81,-10.13,2.87,3.17,20.01,-10.96,8.30,1
O,2022-11-13 11:53:59.837866,0.02,0.58,-0.82,-12.33,3.11,3.54,20.01,-10.96,8.30,1
O,2022-11-13 11:53:59.838029,0.02,0.58,-0.82,-12.21,3.17,3.30,20.53,-10.52,8.54,1
O,2022-11-13 11:53:59.838177,0.02,0.57,-0.83,-7.51,2.69,2.75,20.53,-10.52,8.54,1
O,2022-11-13 11:53:59.838324,0.02,0.57,-0.83,7.63,0.49,1.95,20.53,-10.52,8.54,1
O,2022-11-13 11:53:59.838488,0.02,0.58,-0.82,17.46,-0.79,1.04,20.08,-10.19,9.74,1
O,2022-11-13 11:53:59.838639,0.02,0.58,-0.82,23.19,-1.65,0.67,20.08,-10.19,9.74,1
O,2022-11-13 11:53:59.838798,0.03,0.59,-0.81,26.00,-1.46,0.06,19.98,-10.68,8.62,1
O,2022-11-13 11:53:59.838945,0.03,0.60,-0.81,28.63,0.12,1.77,19.98,-10.68,8.62,1
O,2022-11-13 11:53:59.839103,0.02,0.61,-0.80,36.93,-0.67,1.83,19.98,-10.68,8.62,1
O,2022-11-13 11:53:59.839255,0.03,0.62,-0.77,35.89,-0.85,2.50,20.41,-11.96,7.86,1
O,2022-11-13 11:53:59.839405,0.03,0.63,-0.76,24.35,0.61,2.81,20.41,-11.96,7.86,1
O,2022-11-13 11:53:59.839560,0.02,0.63,-0.77,8.97,1.46,2.32,20.41,-11.96,7.86,1
O,2022-11-13 11:53:59.839707,0.03,0.63,-0.77,1.16,1.89,2.08,20.13,-11.71,7.41,1
O,2022-11-13 11:53:59.839857,0.03,0.63,-0.78,0.67,1.28,2.50,20.13,-11.71,7.41,1
O,2022-11-13 11:53:59.840009,0.03,0.63,-0.77,-2.69,1.53,2.69,20.13,-11.71,7.41,1
O,2022-11-13 11:53:59.840160,0.03,0.63,-0.77,-11.90,1.71,2.38,20.73,-11.58,7.14,1
O,2022-11-13 11:53:59.840324,0.03,0.62,-0.79,-18.62,2.44,2.14,20.73,-11.58,7.14,1
O,2022-11-13 11:53:59.840476,0.03,0.62,-0.79,-18.01,2.14,2.50,20.59,-11.43,8.74,1
O,2022-11-13 11:53:59.840636,0.03,0.61,-0.79,-16.78,2.14,2.56,20.59,-11.43,8.74,1
O,2022-11-13 11:53:59.840787,0.03,0.60,-0.80,-16.78,2.26,2.62,20.59,-11.43,8.74,1
O,2022-11-13 11:53:59.840938,0.03,0.60,-0.81,-14.16,2.14,2.38,20.37,-10.73,7.58,1
O,2022-11-13 11:53:59.841094,0.03,0.60,-0.81,-8.91,1.95,2.38,20.37,-10.73,7.58,1
O,2022-11-13 11:53:59.841242,0.03,0.59,-0.81,-3.42,1.59,2.44,20.37,-10.73,7.58,1
O,2022-11-13 11:53:59.841399,0.02,0.60,-0.81,2.87,1.22,2.26,20.24,-10.67,7.74,1
O,2022-11-13 11:53:59.841545,0.02,0.60,-0.81,4.52,0.79,2.32,20.24,-10.67,7.74,1
O,2022-11-13 11:53:59.841691,0.02,0.60,-0.81,5.62,1.16,2.32,20.24,-10.67,7.74,1
O,2022-11-13 11:53:59.841848,0.02,0.60,-0.80,6.77,0.98,2.32,20.51,-10.75,7.86,1
O,2022-11-13 11:53:59.841992,0.03,0.60,-0.80,7.75,0.98,2.44,20.51,-10.75,7.86,1
O,2022-11-13 11:53:59.842143,0.02,0.60,-0.80,7.63,1.10,2.32,20.07,-11.45,8.95,1
O,2022-11-13 11:53:59.842288,0.02,0.60,-0.80,6.77,1.28,2.26,20.07,-11.45,8.95,1
O,2022-11-13 11:53:59.842433,0.03,0.61,-0.80,6.23,1.22,2.38,20.07,-11.45,8.95,1
O,2022-11-13 11:53:59.842589,0.03,0.61,-0.80,4.82,1.16,2.26,20.41,-10.99,9.01,1
O,2022-11-13 11:53:59.842734,0.03,0.61,-0.79,3.60,1.34,2.32,20.41,-10.99,9.01,1
O,2022-11-13 11:53:59.842895,0.03,0.61,-0.79,2.50,1.46,2.44,20.41,-10.99,9.01,1
O,2022-11-13 11:53:59.843042,0.02,0.61,-0.79,0.98,1.34,2.32,20.91,-11.43,8.47,1
O,2022-11-13 11:53:59.843190,0.03,0.61,-0.79,-0.73,1.65,2.32,20.91,-11.43,8.47,1
O,2022-11-13 11:53:59.843348,0.03,0.61,-0.80,-1.83,1.77,2.44,20.91,-11.43,8.47,1
O,2022-11-13 11:53:59.843498,0.03,0.60,-0.80,-2.14,1.59,2.20,20.89,-11.34,8.73,1
O,2022-11-13 11:53:59.843658,0.03,0.60,-0.80,-1.34,1.40,2.38,20.89,-11.34,8.73,1
O,2022-11-13 11:53:59.843807,0.02,0.60,-0.80,-0.61,1.53,2.50,20.15,-10.99,8.58,1
O,2022-11-13 11:53:59.843955,0.03,0.60,-0.80,-0.61,1.53,2.44,20.15,-10.99,8.58,1
O,2022-11-13 11:53:59.844118,0.03,0.60,-0.80,-0.37,1.46,2.26,20.15,-10.99,8.58,1
O,2022-11-13 11:53:59.844266,0.03,0.60,-0.80,-0.31,1.46,2.44,20.36,-11.00,9.64,1
O,2022-11-13 11:53:59.844453,0.03,0.60,-0.80,0.00,1.53,2.38,20.36,-11.00,9.64,1
O,2022-11-13 11:53:59.844622,0.03,0.60,-0.80,0.61,1.53,2.38,20.36,-11.00,9.64,1
O,2022-11-13 11:53:59.844797,0.03,0.60,-0.80,0.85,1.53,2.32,20.59,-10.88,8.31,1
O,2022-11-13 11:53:59.844974,0.03,0.60,-0.80,0.98,1.40,2.26,20.59,-10.88,8.31,1
O,2022-11-13 11:53:59.845155,0.02,0.60,-0.80,1.34,1.16,2.56,20.59,-10.88,8.31,1
O,2022-11-13 11:53:59.845322,0.02,0.60,-0.80,1.40,1.22,2.38,20.17,-11.04,9.47,1
O,2022-11-13 11:53:59.845492,0.03,0.60,-0.80,1.95,1.46,2.56,20.17,-11.04,9.47,1
O,2022-11-13 11:53:59.845672,0.02,0.60,-0.80,2.20,1.46,2.44,20.68,-10.78,8.84,1
O,2022-11-13 11:53:59.845837,0.03,0.60,-0.80,1.89,1.16,2.20,20.68,-10.78,8.84,1
O,2022-11-13 11:53:59.845998,0.02,0.60,-0.80,1.89,1.34,2.38,20.68,-10.78,8.84,1
O,2022-11-13 11:53:59.846151,0.03,0.60,-0.80,2.14,1.34,2.62,20.24,-10.77,8.53,1
O,2022-11-13 11:53:59.846316,0.03,0.60,-0.80,2.32,1.59,2.44,20.24,-10.77,8.53,1
O,2022-11-13 11:53:59.846479,0.02,0.60,-0.80,2.38,1.10,2.44,20.24,-10.77,8.53,1
O,2022-11-13 11:53:59.846644,0.03,0.60,-0.80,2.08,1.28,2.26,20.68,-10.82,8.39,1
O,2022-11-13 11:53:59.846804,0.00,0.61,-0.85,29.48,4.27,34.48,20.68,-10.82,8.39,1
O,2022-11-13 11:53:59.846969,0.03,0.64,-0.76,81.24,-12.82,64.76,20.68,-10.82,8.39,1
O,2022-11-13 11:53:59.847143,-0.03,0.63,-0.75,71.35,-37.84,59.57,19.90,-13.12,7.78,1
O,2022-11-13 11:53:59.847325,-0.03,0.65,-0.72,46.88,-41.75,27.95,19.90,-13.12,7.78,1
O,2022-11-13 11:53:59.847490,0.02,0.67,-0.72,19.47,-39.49,0.00,20.54,-14.39,5.38,1
O,2022-11-13 11:53:59.847666,0.02,0.64,-0.76,0.55,-36.19,-21.97,20.54,-14.39,5.38,1
O,2022-11-13 11:53:59.847838,0.12,0.65,-0.79,-18.49,0.55,0.73,20.54,-14.39,5.38,1
O,2022-11-13 11:53:59.848007,0.12,0.53,-1.09,106.32,-74.95,39.12,21.08,-14.77,4.28,1
O,2022-11-13 11:53:59.848175,0.26,0.58,-0.73,-101.75,42.54,0.06,21.08,-14.77,4.28,1
O,2022-11-13 11:53:59.848352,0.01,0.85,-0.86,-145.02,8.30,-37.35,21.08,-14.77,4.28,1
O,2022-11-13 11:53:59.848579,0.02,0.95,-0.99,-112.24,-19.78,-55.91,21.01,-12.07,7.19,1
O,2022-11-13 11:53:59.848755,0.14,0.78,-0.95,-83.68,-35.03,-71.53,21.01,-12.07,7.19,1
O,2022-11-13 11:53:59.848925,0.38,0.39,-1.02,-143.37,-107.60,-39.18,21.01,-12.07,7.19,1
O,2022-11-13 11:53:59.849120,0.23,0.73,-1.20,-3.11,-123.84,-78.43,23.77,-8.08,7.35,1
O,2022-11-13 11:53:59.849287,0.26,0.60,-1.12,-88.07,-146.48,-86.24,23.77,-8.08,7.35,1
O,2022-11-13 11:53:59.849461,0.48,0.69,-1.11,-82.70,-169.62,-116.64,29.59,-3.83,5.77,1
O,2022-11-13 11:53:59.849645,0.68,0.59,-1.02,-79.71,-198.00,-137.88,29.59,-3.83,5.77,1
O,2022-11-13 11:53:59.849813,0.91,0.29,-0.86,-63.11,-235.72,-143.31,29.59,-3.83,5.77,1
O,2022-11-13 11:53:59.849993,1.05,-0.11,-0.64,-122.13,-256.16,-134.52,34.99,2.70,-0.56,1
O,2022-11-13 11:53:59.850166,1.03,-0.10,-0.64,-160.58,-264.95,-130.55,34.99,2.70,-0.56,1
O,2022-11-13 11:53:59.850331,0.82,0.12,-0.83,-97.78,-234.92,-121.15,34.99,2.70,-0.56,1
O,2022-11-13 11:53:59.850495,0.72,0.26,-0.98,42.91,-178.77,-115.11,38.77,8.09,-7.41,1
O,2022-11-13 11:53:59.850655,0.65,0.19,-0.90,26.92,-122.13,-96.44,38.77,8.09,-7.41,1
O,2022-11-13 11:53:59.850815,0.82,0.25,-0.73,-69.76,-98.14,-88.01,38.77,8.09,-7.41,1
O,2022-11-13 11:53:59.850999,0.72,0.25,-0.52,-94.12,-74.83,-83.50,39.78,12.40,-11.28,1
O,2022-11-13 11:53:59.851166,0.61,0.18,-0.45,-42.36,-49.44,-65.49,39.78,12.40,-11.28,1
O,2022-11-13 11:53:59.851352,0.47,0.06,-0.53,4.33,-31.92,-25.70,39.55,15.25,-14.39,1
O,2022-11-13 11:53:59.851513,0.63,0.17,-0.68,56.70,-34.73,8.12,39.55,15.25,-14.39,1
O,2022-11-13 11:53:59.851674,0.87,0.15,-0.76,53.89,-39.06,6.96,39.55,15.25,-14.39,1
O,2022-11-13 11:53:59.851831,0.82,0.17,-0.78,43.27,-37.48,2.38,39.18,15.32,-15.26,1
O,2022-11-13 11:53:59.851993,0.93,0.20,-0.75,76.29,-23.50,-2.87,39.18,15.32,-15.26,1
O,2022-11-13 11:53:59.852158,1.10,0.29,-0.71,117.43,-11.96,-6.59,39.18,15.32,-15.26,1
O,2022-11-13 11:53:59.852338,1.12,0.21,-0.59,106.14,-14.77,-10.50,38.68,15.94,-16.10,1
O,2022-11-13 11:53:59.852501,1.22,0.18,-0.51,14.04,-37.23,-3.97,38.68,15.94,-16.10,1
O,2022-11-13 11:53:59.852660,1.13,0.17,-0.48,64.94,-55.36,2.62,38.68,15.94,-16.10,1
O,2022-11-13 11:53:59.852824,1.17,0.08,-0.51,133.61,-73.73,0.61,38.48,16.85,-15.70,1
O,2022-11-13 11:53:59.852987,1.19,0.10,-0.51,130.62,-89.23,-5.13,38.48,16.85,-15.70,1
O,2022-11-13 11:53:59.853157,1.16,0.16,-0.55,112.92,-96.74,-11.11,37.01,18.44,-18.64,1
O,2022-11-13 11:53:59.853321,1.07,0.21,-0.56,50.17,-98.69,-21.12,37.01,18.44,-18.64,1
O,2022-11-13 11:53:59.853481,1.11,0.16,-0.49,9.95,-82.95,-36.44,37.01,18.44,-18.64,1
O,2022-11-13 11:53:59.853650,1.21,0.05,-0.45,-8.61,-77.88,-38.57,36.39,20.91,-22.05,1
O,2022-11-13 11:53:59.853814,1.24,0.03,-0.47,-5.00,-81.48,-27.34,36.39,20.91,-22.05,1
O,2022-11-13 11:53:59.853988,1.35,-0.09,-0.34,-6.04,-77.70,-24.11,36.39,20.91,-22.05,1
O,2022-11-13 11:53:59.854154,1.30,-0.07,-0.44,185.73,-38.15,-69.64,34.63,21.92,-23.52,1
O,2022-11-13 11:53:59.854333,0.90,-0.09,-0.41,186.10,-14.89,-82.34,34.63,21.92,-23.52,1
O,2022-11-13 11:53:59.854496,0.95,-0.01,-0.48,144.90,6.41,-83.86,34.63,21.92,-23.52,1
O,2022-11-13 11:53:59.854667,1.25,0.19,-0.40,114.38,33.63,-83.37,32.62,26.57,-21.46,1
O,2022-11-13 11:53:59.854828,1.19,0.15,-0.29,143.62,61.10,-77.39,32.62,26.57,-21.46,1
O,2022-11-13 11:53:59.854988,1.09,0.00,-0.12,121.77,99.30,-55.66,31.48,30.21,-16.47,1
O,2022-11-13 11:53:59.855155,1.01,-0.11,0.08,136.47,99.30,-43.95,31.48,30.21,-16.47,1
O,2022-11-13 11:53:59.855316,0.81,-0.37,0.13,117.80,71.66,-37.41,31.48,30.21,-16.47,1
O,2022-11-13 11:53:59.855483,0.78,-0.45,0.26,79.65,33.33,-51.76,30.04,32.39,-13.93,1
O,2022-11-13 11:53:59.855645,0.75,-0.25,0.28,91.19,-14.28,-79.96,30.04,32.39,-13.93,1
O,2022-11-13 11:53:59.855823,0.73,-0.06,0.27,115.72,-79.65,-100.22,30.04,32.39,-13.93,1
O,2022-11-13 11:53:59.855989,0.63,0.20,0.11,102.48,-120.42,-102.36,27.99,34.90,-12.94,1
O,2022-11-13 11:53:59.856168,0.60,0.20,-0.30,172.30,-128.60,-102.60,27.99,34.90,-12.94,1
O,2022-11-13 11:53:59.856335,0.63,0.37,-1.22,81.97,-143.19,-86.00,27.99,34.90,-12.94,1
O,2022-11-13 11:53:59.856499,0.44,0.36,-0.79,22.95,-131.53,-56.21,25.82,36.95,-12.67,1
O,2022-11-13 11:53:59.856671,0.47,-0.10,-0.25,72.02,-70.68,-33.57,25.82,36.95,-12.67,1
O,2022-11-13 11:53:59.856835,0.46,-0.55,0.26,67.63,-44.68,-64.03,25.09,39.03,-12.50,1
O,2022-11-13 11:53:59.857008,0.45,-0.32,0.44,24.78,-76.84,-102.84,25.09,39.03,-12.50,1
O,2022-11-13 11:53:59.857184,0.41,-0.20,0.38,44.25,-122.62,-139.34,25.09,39.03,-12.50,1
O,2022-11-13 11:53:59.857357,0.32,0.22,0.05,74.04,-167.85,-173.58,20.12,41.78,-13.37,1
O,2022-11-13 11:53:59.857528,0.33,0.59,-0.35,221.19,-159.30,-150.02,20.12,41.78,-13.37,1
O,2022-11-13 11:53:59.857706,0.43,0.07,-0.34,232.97,-104.61,-74.52,20.12,41.78,-13.37,1
O,2022-11-13 11:53:59.857868,0.51,-0.42,-0.05,199.52,-50.42,-9.03,17.07,42.97,-8.58,1
O,2022-11-13 11:53:59.858033,0.47,-0.55,-0.10,140.01,-4.52,23.07,17.07,42.97,-8.58,1
O,2022-11-13 11:53:59.858195,0.60,-0.66,-0.15,142.21,29.66,-8.54,17.07,42.97,-8.58,1
O,2022-11-13 11:53:59.858356,0.78,-1.00,-0.23,149.78,45.17,-75.56,15.76,42.10,-2.44,1
O,2022-11-13 11:53:59.858531,0.58,-1.10,0.07,136.54,64.64,-110.17,15.76,42.10,-2.44,1
O,2022-11-13 11:53:59.858691,0.59,-0.84,0.13,77.45,73.06,-113.34,11.41,41.37,2.04,1
O,2022-11-13 11:53:59.858861,0.61,-0.72,0.12,18.43,59.75,-114.87,11.41,41.37,2.04,1
O,2022-11-13 11:53:59.859014,0.63,-0.91,0.05,0.00,32.71,-115.42,11.41,41.37,2.04,1
O,2022-11-13 11:53:59.859164,0.55,-1.14,-0.05,1.95,9.52,-111.33,7.36,41.46,2.05,1
O,2022-11-13 11:53:59.859324,0.48,-0.99,-0.41,3.54,24.72,-92.77,7.36,41.46,2.05,1
O,2022-11-13 11:53:59.859481,0.52,-0.83,-0.36,-28.81,71.17,-62.26,7.36,41.46,2.05,1
O,2022-11-13 11:53:59.859650,0.51,-0.83,-0.14,-40.53,114.14,-31.80,4.27,41.94,2.31,1
O,2022-11-13 11:53:59.859819,0.64,-1.00,-0.10,-28.20,120.36,-11.96,4.27,41.94,2.31,1
O,2022-11-13 11:53:59.859978,0.52,-0.96,0.05,13.73,107.54,12.76,4.27,41.94,2.31,1
O,2022-11-13 11:53:59.860129,0.62,-0.85,-0.06,-38.70,64.51,3.72,2.50,42.26,1.82,1
O,2022-11-13 11:53:59.860279,0.47,-0.81,-0.11,-55.24,43.03,8.97,2.50,42.26,1.82,1
O,2022-11-13 11:53:59.860439,0.47,-0.82,-0.19,-70.25,24.23,5.62,2.25,43.63,-0.09,1
O,2022-11-13 11:53:59.860593,0.48,-0.90,-0.26,-74.46,22.46,3.72,2.25,43.63,-0.09,1
O,2022-11-13 11:53:59.860758,0.56,-0.85,-0.26,-65.19,33.75,-5.62,2.25,43.63,-0.09,1
O,2022-11-13 11:53:59.860916,0.61,-0.74,-0.20,-46.81,46.20,-12.45,1.59,44.18,-4.61,1
O,2022-11-13 11:53:59.861083,0.69,-0.80,-0.04,-35.52,44.31,-11.05,1.59,44.18,-4.61,1
O,2022-11-13 11:53:59.861239,0.77,-0.75,0.00,-36.93,32.35,-10.74,1.59,44.18,-4.61,1
O,2022-11-13 11:53:59.861395,0.71,-0.85,0.08,-20.63,14.47,-6.04,0.98,44.90,-4.38,1
O,2022-11-13 11:53:59.861561,0.62,-0.89,-0.02,-14.16,-8.36,-10.07,0.98,44.90,-4.38,1
O,2022-11-13 11:53:59.861720,0.55,-0.90,-0.13,-15.38,-17.58,-21.67,0.98,44.90,-4.38,1
O,2022-11-13 11:53:59.861892,0.54,-0.85,-0.16,-23.44,-11.90,-28.02,0.16,44.37,-5.00,1
O,2022-11-13 11:53:59.862051,0.52,-0.78,-0.15,-40.83,-3.72,-28.08,0.16,44.37,-5.00,1
O,2022-11-13 11:53:59.862220,0.55,-0.80,-0.14,-31.80,-0.12,-23.68,-0.60,45.13,-5.77,1
O,2022-11-13 11:53:59.862386,0.51,-0.84,-0.07,-24.84,1.95,-18.74,-0.60,45.13,-5.77,1
O,2022-11-13 11:53:59.862549,0.50,-0.85,-0.08,-13.31,-1.65,-16.17,-0.60,45.13,-5.77,1
O,2022-11-13 11:53:59.862715,0.47,-0.85,-0.12,-10.01,1.10,-17.52,-1.40,44.87,-5.98,1
O,2022-11-13 11:53:59.862877,0.49,-0.84,-0.09,-10.01,5.00,-16.30,-1.40,44.87,-5.98,1
O,2022-11-13 11:53:59.863048,0.50,-0.85,-0.12,-15.63,6.23,-12.82,-1.40,44.87,-5.98,1
O,2022-11-13 11:53:59.863206,0.50,-0.85,-0.13,-19.29,8.30,-8.97,-1.94,45.10,-7.64,1
O,2022-11-13 11:53:59.863391,0.49,-0.87,-0.14,-11.60,6.23,-3.42,-1.94,45.10,-7.64,1
O,2022-11-13 11:53:59.863575,0.46,-0.89,-0.15,-4.39,5.74,-4.58,-1.94,45.10,-7.64,1
O,2022-11-13 11:53:59.863746,0.45,-0.85,-0.13,-5.07,10.13,-4.27,-2.43,44.65,-7.92,1
O,2022-11-13 11:53:59.863938,0.46,-0.86,-0.06,-6.84,11.90,-2.14,-2.43,44.65,-7.92,1
O,2022-11-13 11:53:59.864146,0.49,-0.88,-0.10,-11.78,10.07,-1.16,-2.86,45.04,-8.65,1
O,2022-11-13 11:53:59.864355,0.51,-0.91,-0.09,-15.99,13.43,-1.71,-2.86,45.04,-8.65,1
O,2022-11-13 11:53:59.864535,0.51,-0.86,0.00,-8.36,14.10,-1.83,-2.86,45.04,-8.65,1
O,2022-11-13 11:53:59.864692,0.49,-0.87,0.02,-5.68,9.09,-0.37,-2.67,45.28,-8.70,1
O,2022-11-13 11:53:59.864858,0.47,-0.89,-0.01,-3.97,4.15,0.55,-2.67,45.28,-8.70,1
O,2022-11-13 11:53:59.865030,0.47,-0.91,-0.04,-6.23,1.65,-0.98,-2.67,45.28,-8.70,1
O,2022-11-13 11:53:59.865220,0.48,-0.89,-0.07,-9.16,0.67,-2.62,-3.37,44.93,-9.84,1
O,2022-11-13 11:53:59.865398,0.49,-0.89,-0.13,-11.78,3.72,-1.95,-3.37,44.93,-9.84,1
O,2022-11-13 11:53:59.865602,0.50,-0.89,-0.08,-11.54,8.61,-1.77,-3.37,44.93,-9.84,1
O,2022-11-13 11:53:59.865769,0.48,-0.90,-0.01,-7.32,8.54,-1.34,-3.72,45.01,-9.47,1
O,2022-11-13 11:53:59.865941,0.46,-0.89,-0.02,-3.78,4.09,-0.98,-3.72,45.01,-9.47,1
O,2022-11-13 11:53:59.866112,0.45,-0.89,-0.03,-7.02,2.56,-1.53,-3.61,45.07,-9.94,1
O,2022-11-13 11:53:59.866286,0.45,-0.87,-0.06,-11.23,4.52,-0.37,-3.61,45.07,-9.94,1
O,2022-11-13 11:53:59.866446,0.47,-0.89,-0.06,-11.11,7.57,1.40,-3.61,45.07,-9.94,1
O,2022-11-13 11:53:59.866627,0.51,-0.89,0.01,-13.37,9.46,2.99,-3.41,45.50,-11.27,1
O,2022-11-13 11:53:59.866786,0.50,-0.88,0.03,-7.75,2.08,4.82,-3.41,45.50,-11.27,1
O,2022-11-13 11:53:59.866958,0.46,-0.89,0.00,-9.70,-5.55,6.04,-3.41,45.50,-11.27,1
O,2022-11-13 11:53:59.867142,0.44,-0.89,-0.03,-12.08,-8.42,6.47,-3.33,45.43,-12.07,1
O,2022-11-13 11:53:59.867325,0.43,-0.90,-0.06,-13.79,-5.68,7.39,-3.33,45.43,-12.07,1
O,2022-11-13 11:53:59.867504,0.45,-0.92,-0.07,-9.89,-0.37,7.51,-3.33,45.43,-12.07,1
O,2022-11-13 11:53:59.867664,0.51,-0.94,-0.02,-5.13,6.41,4.39,-3.34,45.19,-10.44,1
O,2022-11-13 11:53:59.867843,0.56,-0.93,0.05,6.53,7.02,-1.83,-3.34,45.19,-10.44,1
O,2022-11-13 11:53:59.868015,0.59,-0.98,0.04,20.94,-1.04,-6.16,-3.65,45.35,-11.30,1
O,2022-11-13 11:53:59.868188,0.73,-1.02,0.07,21.55,-3.17,-7.20,-3.65,45.35,-11.30,1
O,2022-11-13 11:53:59.868354,0.86,-0.96,0.12,37.05,-14.04,7.81,-3.65,45.35,-11.30,1
O,2022-11-13 11:53:59.868513,1.01,-0.90,0.21,55.42,-42.85,37.41,-3.20,45.84,-9.78,1
O,2022-11-13 11:53:59.868672,0.92,-0.95,0.15,59.75,-96.01,87.95,-3.20,45.84,-9.78,1
O,2022-11-13 11:53:59.868845,0.82,-1.05,-0.13,74.71,-168.64,103.45,-3.20,45.84,-9.78,1
O,2022-11-13 11:53:59.869006,0.72,-0.91,-0.57,92.22,-192.26,93.63,1.86,46.07,-6.09,1
O,2022-11-13 11:53:59.869178,0.66,-0.80,-0.61,77.51,-181.70,66.89,1.86,46.07,-6.09,1
O,2022-11-13 11:53:59.869340,0.65,-0.65,-0.56,65.31,-154.85,43.95,1.86,46.07,-6.09,1
O,2022-11-13 11:53:59.869507,0.62,-0.53,-0.45,90.03,-133.36,33.94,5.29,45.15,-1.87,1
O,2022-11-13 11:53:59.869669,0.58,-0.52,-0.30,135.38,-122.38,28.69,5.29,45.15,-1.87,1
O,2022-11-13 11:53:59.869826,0.50,-0.67,-0.06,129.33,-119.57,25.21,8.65,42.55,2.15,1
O,2022-11-13 11:53:59.869989,0.46,-0.73,-0.10,147.77,-124.94,8.12,8.65,42.55,2.15,1
O,2022-11-13 11:53:59.870153,0.50,-0.73,-0.09,157.90,-132.87,-18.62,8.65,42.55,2.15,1
O,2022-11-13 11:53:59.870325,0.39,-0.76,-0.00,114.62,-130.80,-48.34,10.99,39.89,5.44,1
O,2022-11-13 11:53:59.870484,0.35,-0.78,0.04,55.05,-123.60,-82.34,10.99,39.89,5.44,1
O,2022-11-13 11:53:59.870648,0.36,-0.74,0.07,26.73,-126.46,-88.20,10.99,39.89,5.44,1
O,2022-11-13 11:53:59.870806,0.38,-0.68,0.06,29.17,-134.58,-79.04,10.71,39.47,6.07,1
O,2022-11-13 11:53:59.870976,0.31,-0.70,0.03,38.76,-134.40,-60.67,10.71,39.47,6.07,1
O,2022-11-13 11:53:59.871136,0.26,-0.78,0.04,33.20,-123.35,-41.87,10.71,39.47,6.07,1
O,2022-11-13 11:53:59.871291,0.18,-0.91,0.01,27.83,-97.96,-38.45,12.48,39.28,6.10,1
O,2022-11-13 11:53:59.871460,0.15,-1.02,0.07,-0.49,-79.53,-52.73,12.48,39.28,6.10,1
O,2022-11-13 11:53:59.871617,0.14,-1.01,0.15,-7.45,-66.71,-64.70,12.65,39.78,5.57,1
O,2022-11-13 11:53:59.871787,0.18,-1.09,0.20,-7.08,-58.90,-68.97,12.65,39.78,5.57,1
O,2022-11-13 11:53:59.871942,0.24,-1.08,0.22,-2.38,-53.04,-71.47,12.65,39.78,5.57,1
O,2022-11-13 11:53:59.872109,0.23,-1.08,0.21,-2.56,-44.68,-73.24,11.04,40.83,5.53,1
O,2022-11-13 11:53:59.872269,0.21,-1.03,0.09,-14.53,-33.57,-73.18,11.04,40.83,5.53,1
O,2022-11-13 11:53:59.872435,0.41,-0.94,-0.00,-26.55,-15.63,-63.05,11.04,40.83,5.53,1
O,2022-11-13 11:53:59.872593,0.40,-0.97,0.14,-14.95,12.45,-12.76,9.99,40.91,3.86,1
O,2022-11-13 11:53:59.872744,0.39,-0.98,0.20,11.54,15.75,15.32,9.99,40.91,3.86,1
O,2022-11-13 11:53:59.872902,0.31,-1.10,0.11,10.93,5.86,-1.16,9.99,40.91,3.86,1
O,2022-11-13 11:53:59.873053,0.33,-1.02,0.19,-7.26,-1.04,-14.83,9.63,41.67,4.94,1
O,2022-11-13 11:53:59.873210,0.29,-1.01,0.15,-11.47,-12.08,-24.72,9.63,41.67,4.94,1
O,2022-11-13 11:53:59.873376,0.29,-0.97,0.14,-18.01,-15.32,-26.00,9.42,42.10,2.87,1
O,2022-11-13 11:53:59.873532,0.27,-1.00,0.16,-16.24,-16.85,-17.27,9.42,42.10,2.87,1
O,2022-11-13 11:53:59.873695,0.23,-1.06,0.16,-11.72,-15.01,-5.80,9.42,42.10,2.87,1
O,2022-11-13 11:53:59.873845,0.19,-1.01,0.10,-15.75,-8.30,-3.23,8.56,42.57,2.88,1
O,2022-11-13 11:53:59.874005,0.18,-0.98,0.11,-19.23,-2.08,-1.53,8.56,42.57,2.88,1
O,2022-11-13 11:53:59.874155,0.18,-0.94,0.12,-22.03,0.49,-1.16,8.56,42.57,2.88,1
O,2022-11-13 11:53:59.874311,0.20,-0.90,0.10,-19.53,-1.71,-0.18,9.00,43.15,1.43,1
O,2022-11-13 11:53:59.874470,0.20,-0.92,0.12,-14.59,-1.22,3.66,9.00,43.15,1.43,1
O,2022-11-13 11:53:59.874619,0.23,-0.96,0.14,-13.61,1.83,5.00,9.00,43.15,1.43,1
O,2022-11-13 11:53:59.874773,0.24,-1.02,0.20,-11.78,5.74,3.66,8.74,43.43,1.39,1
O,2022-11-13 11:53:59.874921,0.24,-0.98,0.21,-13.49,8.42,-1.04,8.74,43.43,1.39,1
O,2022-11-13 11:53:59.875072,0.24,-0.94,0.23,-15.69,11.41,-3.66,8.57,43.77,0.24,1
O,2022-11-13 11:53:59.875230,0.27,-0.94,0.26,-17.40,15.20,0.67,8.57,43.77,0.24,1
O,2022-11-13 11:53:59.875377,0.28,-0.96,0.27,-14.10,14.83,5.19,8.57,43.77,0.24,1
O,2022-11-13 11:53:59.875529,0.18,-1.07,0.22,-8.48,14.83,4.64,8.03,44.21,0.10,1
O,2022-11-13 11:53:59.875689,0.19,-1.01,0.19,-15.50,23.13,-3.05,8.03,44.21,0.10,1
O,2022-11-13 11:53:59.875838,0.22,-0.89,0.23,-15.08,27.83,-9.28,8.03,44.21,0.10,1
O,2022-11-13 11:53:59.875993,0.26,-0.85,0.27,-7.39,24.72,-9.03,7.67,44.27,0.18,1
O,2022-11-13 11:53:59.876140,0.26,-0.94,0.24,-4.88,18.49,-4.58,7.67,44.27,0.18,1
O,2022-11-13 11:53:59.876302,0.29,-0.97,0.23,-10.62,21.61,-11.47,7.67,44.27,0.18,1
O,2022-11-13 11:53:59.876456,0.30,-0.91,0.25,-16.05,24.90,-23.74,6.62,44.45,0.05,1
O,2022-11-13 11:53:59.876612,0.30,-0.89,0.28,-14.53,23.50,-27.95,6.62,44.45,0.05,1
O,2022-11-13 11:53:59.876784,0.29,-0.88,0.32,-12.15,21.24,-23.07,5.93,44.82,-0.85,1
O,2022-11-13 11:53:59.876929,0.37,-0.86,0.36,-4.64,3.36,3.54,5.93,44.82,-0.85,1
O,2022-11-13 11:53:59.877091,0.19,-0.98,0.41,16.11,-12.27,23.13,5.93,44.82,-0.85,1
O,2022-11-13 11:53:59.877240,0.12,-1.18,0.33,17.64,-27.77,24.41,6.10,44.70,0.48,1
O,2022-11-13 11:53:59.877390,0.14,-1.06,0.18,-8.00,-26.92,12.57,6.10,44.70,0.48,1
O,2022-11-13 11:53:59.877546,0.18,-0.93,0.23,-18.55,-12.39,6.96,6.10,44.70,0.48,1
O,2022-11-13 11:53:59.877695,0.25,-0.84,0.29,-9.89,-1.34,30.33,7.12,44.96,-1.51,1
O,2022-11-13 11:53:59.877857,0.37,-0.89,0.33,2.44,-9.95,51.82,7.12,44.96,-1.51,1
O,2022-11-13 11:53:59.878010,0.30,-0.92,0.24,14.28,-27.28,58.78,7.12,44.96,-1.51,1
O,2022-11-13 11:53:59.878171,0.26,-0.86,0.04,13.49,-37.35,46.51,8.63,44.87,-1.33,1
O,2022-11-13 11:53:59.878322,0.28,-0.73,0.01,9.16,-26.37,27.16,8.63,44.87,-1.33,1
O,2022-11-13 11:53:59.878471,0.30,-0.69,0.17,22.16,-8.06,31.98,9.41,44.21,0.65,1
O,2022-11-13 11:53:59.878627,0.31,-0.92,0.32,15.20,-9.77,43.95,9.41,44.21,0.65,1
O,2022-11-13 11:53:59.878778,0.18,-1.28,0.39,-8.67,-10.31,33.81,9.41,44.21,0.65,1
O,2022-11-13 11:53:59.878945,0.26,-1.05,0.38,-26.25,-15.08,-2.26,10.99,43.95,-1.14,1
O,2022-11-13 11:53:59.879113,0.30,-0.92,0.30,-15.20,-13.43,-10.56,10.99,43.95,-1.14,1
O,2022-11-13 11:53:59.879275,0.35,-0.93,0.32,-17.03,-2.01,-7.75,10.99,43.95,-1.14,1
O,2022-11-13 11:53:59.879435,0.32,-0.93,0.36,-23.01,1.34,-10.74,10.28,44.85,-2.54,1
O,2022-11-13 11:53:59.879595,0.30,-0.95,0.34,-16.85,1.16,-12.94,10.28,44.85,-2.54,1
O,2022-11-13 11:53:59.879756,0.30,-0.97,0.33,-6.84,0.85,-9.09,10.28,44.85,-2.54,1
O,2022-11-13 11:53:59.879906,0.30,-0.91,0.30,-0.67,0.49,-4.58,10.38,45.28,-2.27,1
O,2022-11-13 11:53:59.880068,0.28,-0.88,0.28,6.04,-4.46,-1.95,10.38,45.28,-2.27,1
O,2022-11-13 11:53:59.880215,0.28,-0.89,0.28,4.09,-9.28,-3.05,9.62,45.15,-2.15,1
O,2022-11-13 11:53:59.880365,0.27,-0.91,0.32,5.92,-13.79,-2.38,9.62,45.15,-2.15,1
O,2022-11-13 11:53:59.880522,0.27,-0.91,0.32,5.43,-15.32,-0.06,9.62,45.15,-2.15,1
O,2022-11-13 11:53:59.880671,0.27,-0.92,0.31,7.20,-14.89,2.38,9.67,45.14,-1.50,1
O,2022-11-13 11:53:59.880831,0.31,-0.89,0.27,15.99,-17.88,-0.06,9.67,45.14,-1.50,1
O,2022-11-13 11:53:59.880986,0.32,-0.92,0.29,25.82,-21.55,-3.42,9.67,45.14,-1.50,1
O,2022-11-13 11:53:59.881149,0.22,-0.98,0.38,26.86,-19.78,-4.52,10.16,44.60,-1.60,1
O,2022-11-13 11:53:59.881304,0.25,-0.93,0.35,15.99,-15.38,-4.76,10.16,44.60,-1.60,1
O,2022-11-13 11:53:59.881468,0.26,-1.00,0.40,9.77,-9.40,-1.34,10.16,44.60,-1.60,1
O,2022-11-13 11:53:59.881628,0.27,-0.94,0.35,7.32,-10.31,2.56,10.52,45.06,-0.02,1
O,2022-11-13 11:53:59.881784,0.22,-0.92,0.20,11.41,-13.92,3.72,10.52,45.06,-0.02,1
O,2022-11-13 11:53:59.881988,0.13,-0.94,0.22,14.59,-13.49,0.18,10.77,45.37,-1.72,1
O,2022-11-13 11:53:59.882142,0.13,-1.00,0.33,17.03,-7.02,-2.81,10.77,45.37,-1.72,1
O,2022-11-13 11:53:59.882296,0.30,-1.05,0.46,20.20,-1.22,-0.31,10.77,45.37,-1.72,1
O,2022-11-13 11:53:59.882456,0.34,-0.98,0.49,17.46,-5.68,-0.73,10.51,44.76,-0.83,1
O,2022-11-13 11:53:59.882612,0.28,-1.05,0.25,5.43,-31.49,-2.93,10.51,44.76,-0.83,1
O,2022-11-13 11:53:59.882778,0.28,-0.87,0.24,-10.93,-29.60,-8.36,10.51,44.76,-0.83,1
O,2022-11-13 11:53:59.882940,0.24,-0.85,0.13,-22.34,-24.23,-5.07,10.08,45.24,-0.48,1
O,2022-11-13 11:53:59.883103,0.23,-0.82,0.17,-21.79,-8.97,4.94,10.08,45.24,-0.48,1
O,2022-11-13 11:53:59.883258,0.20,-0.86,0.23,-28.99,7.69,25.21,10.08,45.24,-0.48,1
O,2022-11-13 11:53:59.883416,0.19,-1.10,0.22,-47.12,42.18,44.19,11.23,45.28,-2.45,1
O,2022-11-13 11:53:59.883578,0.14,-0.96,0.42,-50.11,47.55,32.41,11.23,45.28,-2.45,1
O,2022-11-13 11:53:59.883735,0.14,-0.91,0.22,-24.41,43.88,26.92,11.17,45.72,-3.33,1
O,2022-11-13 11:53:59.883898,0.13,-0.85,0.17,-11.23,54.93,13.00,11.17,45.72,-3.33,1
O,2022-11-13 11:53:59.884054,0.16,-0.79,0.24,-6.04,64.94,-5.19,11.17,45.72,-3.33,1
O,2022-11-13 11:53:59.884217,0.24,-0.85,0.42,2.69,26.31,-39.25,10.44,45.31,-3.65,1
O,2022-11-13 11:53:59.884376,0.35,-0.95,0.41,9.77,-18.19,-56.27,10.44,45.31,-3.65,1
O,2022-11-13 11:53:59.884535,0.51,-0.90,0.15,7.14,-42.54,-55.60,10.44,45.31,-3.65,1
O,2022-11-13 11:53:59.884706,0.50,-0.82,0.35,5.25,-17.03,-17.70,9.19,45.89,-3.06,1
O,2022-11-13 11:53:59.884867,0.32,-0.82,0.39,22.95,-20.32,6.04,9.19,45.89,-3.06,1
O,2022-11-13 11:53:59.885028,0.19,-0.98,0.28,26.73,-25.39,-2.14,9.19,45.89,-3.06,1
O,2022-11-13 11:53:59.885184,0.19,-1.00,0.33,7.51,-9.40,-18.31,9.68,45.26,-2.65,1
O,2022-11-13 11:53:59.885343,0.23,-0.93,0.41,4.82,2.56,-23.74,9.68,45.26,-2.65,1
O,2022-11-13 11:53:59.885497,0.22,-0.89,0.43,4.33,-2.75,-22.95,8.80,45.50,-1.66,1
O,2022-11-13 11:53:59.885657,0.23,-0.90,0.33,15.99,-15.69,-17.15,8.80,45.50,-1.66,1
O,2022-11-13 11:53:59.885822,0.16,-0.98,0.27,42.79,-21.91,-10.99,8.80,45.50,-1.66,1
O,2022-11-13 11:53:59.886005,0.09,-1.05,0.29,34.73,-13.61,-13.37,8.12,44.62,-0.48,1
O,2022-11-13 11:53:59.886179,0.12,-1.02,0.28,20.57,-3.30,-16.24,8.12,44.62,-0.48,1
O,2022-11-13 11:53:59.886339,0.14,-0.96,0.32,8.00,1.95,-14.89,8.12,44.62,-0.48,1
O,2022-11-13 11:53:59.886489,0.13,-0.95,0.31,7.75,-1.22,-5.25,7.45,44.78,-0.55,1
O,2022-11-13 11:53:59.886639,0.09,-0.94,0.21,8.24,-2.87,5.07,7.45,44.78,-0.55,1
O,2022-11-13 11:53:59.886789,0.09,-0.95,0.13,4.88,9.22,11.54,7.45,44.78,-0.55,1
O,2022-11-13 11:53:59.886947,0.10,-0.90,0.19,5.07,23.25,21.48,7.40,44.49,-0.49,1
O,2022-11-13 11:53:59.887104,0.12,-0.93,0.25,11.23,26.79,32.10,7.40,44.49,-0.49,1
O,2022-11-13 11:53:59.887259,0.09,-0.95,0.24,11.17,26.31,38.39,8.64,44.51,0.43,1
O,2022-11-13 11:53:59.887407,0.09,-1.00,0.20,8.97,28.87,31.86,8.64,44.51,0.43,1
O,2022-11-13 11:53:59.887553,0.16,-0.95,0.23,2.75,33.51,21.67,8.64,44.51,0.43,1
O,2022-11-13 11:53:59.887713,0.23,-0.96,0.31,-1.53,31.49,16.24,8.72,44.18,0.59,1
O,2022-11-13 11:53:59.887862,0.27,-1.00,0.32,-8.30,27.47,15.87,8.72,44.18,0.59,1
O,2022-11-13 11:53:59.888017,0.27,-1.07,0.35,-13.18,26.43,13.67,8.72,44.18,0.59,1
O,2022-11-13 11:53:59.888171,0.34,-0.96,0.29,-26.25,23.99,-0.92,8.41,44.26,-0.73,1
O,2022-11-13 11:53:59.888335,0.38,-0.85,0.28,-33.14,18.07,-21.18,8.41,44.26,-0.73,1
O,2022-11-13 11:53:59.888498,0.39,-0.84,0.24,-24.11,17.21,-18.98,8.41,44.26,-0.73,1
O,2022-11-13 11:53:59.888654,0.42,-0.77,0.19,-23.38,25.39,-10.31,7.34,45.14,-1.92,1
O,2022-11-13 11:53:59.888816,0.42,-0.71,0.29,-28.75,36.38,8.61,7.34,45.14,-1.92,1
O,2022-11-13 11:53:59.888966,0.43,-0.69,0.37,-1.16,21.36,33.87,7.62,45.31,-2.17,1
O,2022-11-13 11:53:59.889119,0.23,-0.92,0.31,29.17,-13.61,54.69,7.62,45.31,-2.17,1
O,2022-11-13 11:53:59.889275,0.09,-1.23,0.27,35.89,-27.65,41.32,7.62,45.31,-2.17,1
O,2022-11-13 11:53:59.889426,0.11,-1.17,0.22,-0.49,-23.25,2.44,9.05,45.07,-1.29,1
O,2022-11-13 11:53:59.889598,0.19,-1.00,0.29,-8.48,-19.47,-27.16,9.05,45.07,-1.29,1
O,2022-11-13 11:53:59.889758,0.32,-0.97,0.31,-17.70,-16.78,-26.00,9.05,45.07,-1.29,1
O,2022-11-13 11:53:59.889914,0.22,-0.98,0.42,-0.73,-0.92,5.98,8.69,45.40,-2.94,1
O,2022-11-13 11:53:59.890062,0.17,-0.96,0.25,-0.79,-6.47,4.76,8.69,45.40,-2.94,1
O,2022-11-13 11:53:59.890215,0.19,-0.91,0.20,-6.84,-1.95,-2.50,8.69,45.40,-2.94,1
O,2022-11-13 11:53:59.890366,0.25,-0.81,0.20,-4.64,3.60,0.49,8.33,45.96,-1.57,1
O,2022-11-13 11:53:59.890512,0.30,-0.81,0.25,0.73,7.20,9.58,8.33,45.96,-1.57,1
O,2022-11-13 11:53:59.890666,0.32,-0.96,0.31,2.20,3.85,16.54,9.00,45.26,-1.70,1
O,2022-11-13 11:53:59.890814,0.26,-0.97,0.34,-10.38,1.77,9.09,9.00,45.26,-1.70,1
O,2022-11-13 11:53:59.890970,0.28,-0.91,0.30,-11.84,-1.10,2.75,9.00,45.26,-1.70,1
O,2022-11-13 11:53:59.891135,0.32,-0.88,0.31,-15.38,-1.34,-0.06,8.69,45.74,-2.26,1
O,2022-11-13 11:53:59.891287,0.35,-0.85,0.33,-11.66,-6.35,-1.22,8.69,45.74,-2.26,1
O,2022-11-13 11:53:59.891446,0.33,-0.86,0.32,-5.43,-17.09,-0.55,8.69,45.74,-2.26,1
O,2022-11-13 11:53:59.891596,0.21,-0.98,0.39,-5.07,-19.23,5.13,8.95,45.54,-3.21,1
O,2022-11-13 11:53:59.891746,0.24,-1.02,0.37,-1.10,-15.32,6.23,8.95,45.54,-3.21,1
O,2022-11-13 11:53:59.891906,0.27,-0.96,0.37,-3.11,-10.38,3.48,8.95,45.54,-3.21,1
O,2022-11-13 11:53:59.892065,0.28,-0.89,0.35,4.88,-13.61,1.59,9.13,45.67,-2.47,1
O,2022-11-13 11:53:59.892228,0.28,-0.86,0.29,15.50,-19.90,4.94,9.13,45.67,-2.47,1
O,2022-11-13 11:53:59.892378,0.27,-0.86,0.34,7.20,-20.02,8.18,9.78,46.18,-2.98,1
O,2022-11-13 11:53:59.892528,0.24,-0.90,0.39,7.75,-23.93,13.43,9.78,46.18,-2.98,1
O,2022-11-13 11:53:59.892689,0.26,-0.98,0.35,10.68,-26.06,14.83,9.78,46.18,-2.98,1
O,2022-11-13 11:53:59.892844,0.21,-1.21,0.14,30.88,-7.51,28.87,10.57,45.39,-1.97,1
O,2022-11-13 11:53:59.893007,0.10,-0.97,0.46,15.26,-3.11,2.75,10.57,45.39,-1.97,1
O,2022-11-13 11:53:59.893159,0.18,-0.93,0.37,10.44,0.67,-0.61,10.57,45.39,-1.97,1
O,2022-11-13 11:53:59.893309,0.21,-0.99,0.38,5.98,4.52,1.28,10.90,45.89,-1.57,1
O,2022-11-13 11:53:59.893458,0.24,-0.94,0.32,3.23,2.87,-0.24,10.90,45.89,-1.57,1
O,2022-11-13 11:53:59.893606,0.25,-0.92,0.26,6.84,0.55,-0.55,10.90,45.89,-1.57,1
O,2022-11-13 11:53:59.893767,0.27,-0.89,0.24,4.76,-0.37,15.50,10.91,45.30,-1.16,1
O,2022-11-13 11:53:59.893912,0.23,-0.97,0.32,9.40,0.12,0.37,10.91,45.30,-1.16,1
O,2022-11-13 11:53:59.894065,0.28,-0.95,0.31,6.84,1.04,-1.77,10.23,45.75,-1.87,1
O,2022-11-13 11:53:59.894214,0.32,-0.91,0.31,1.04,2.87,-0.43,10.23,45.75,-1.87,1
O,2022-11-13 11:53:59.894364,0.28,-0.91,0.33,0.37,1.65,3.23,10.23,45.75,-1.87,1
O,2022-11-13 11:53:59.894517,0.22,-0.94,0.30,2.62,0.43,4.46,9.62,44.93,-1.48,1
O,2022-11-13 11:53:59.894661,0.19,-0.91,0.25,-0.55,5.98,1.95,9.62,44.93,-1.48,1
O,2022-11-13 11:53:59.894814,0.20,-0.89,0.26,-1.34,13.06,2.20,9.62,44.93,-1.48,1
O,2022-11-13 11:53:59.894966,0.24,-0.88,0.31,-2.87,15.63,3.78,10.34,45.06,-2.36,1
O,2022-11-13 11:53:59.895117,0.27,-0.89,0.32,-0.06,11.17,7.69,10.34,45.06,-2.36,1
O,2022-11-13 11:53:59.895274,0.25,-0.97,0.33,1.46,7.14,7.93,10.34,45.06,-2.36,1
O,2022-11-13 11:53:59.895423,0.23,-0.97,0.36,4.03,-0.85,1.65,10.61,45.48,-2.23,1
O,2022-11-13 11:53:59.895579,0.25,-0.93,0.32,4.58,-1.04,2.20,10.61,45.48,-2.23,1
O,2022-11-13 11:53:59.895732,0.27,-0.93,0.33,4.70,-2.50,2.56,9.86,45.25,-1.53,1
O,2022-11-13 11:53:59.895877,0.32,-0.92,0.35,6.10,0.18,-0.12,9.86,45.25,-1.53,1
O,2022-11-13 11:53:59.896027,0.32,-0.95,0.41,7.39,4.52,1.89,9.86,45.25,-1.53,1
O,2022-11-13 11:53:59.896174,0.27,-0.95,0.37,5.98,2.99,1.28,10.17,45.36,-2.36,1
O,2022-11-13 11:53:59.896327,0.25,-0.89,0.28,3.91,0.73,1.04,10.17,45.36,-2.36,1
O,2022-11-13 11:53:59.896473,0.20,-0.90,0.18,4.21,2.62,2.69,10.17,45.36,-2.36,1
O,2022-11-13 11:53:59.896619,0.17,-0.90,0.26,5.68,11.47,5.74,9.91,44.29,-0.60,1
O,2022-11-13 11:53:59.896777,0.14,-0.98,0.29,7.14,14.16,9.89,9.91,44.29,-0.60,1
O,2022-11-13 11:53:59.896945,0.15,-1.00,0.27,1.53,42.48,21.06,9.91,44.29,-0.60,1
O,2022-11-13 11:53:59.897097,0.15,-1.00,0.34,8.85,56.76,28.38,9.90,44.70,0.27,1
O,2022-11-13 11:53:59.897246,0.13,-0.96,0.33,25.02,62.44,32.71,9.90,44.70,0.27,1
O,2022-11-13 11:53:59.897400,0.20,-1.03,0.31,19.53,63.66,35.34,10.27,43.88,-0.56,1
O,2022-11-13 11:53:59.897560,0.32,-1.04,0.27,14.53,66.65,33.81,10.27,43.88,-0.56,1
O,2022-11-13 11:53:59.897716,0.30,-1.11,0.29,25.27,77.45,46.08,10.27,43.88,-0.56,1
O,2022-11-13 11:53:59.897884,0.45,-0.95,0.33,19.84,80.63,49.44,10.85,42.65,0.49,1
O,2022-11-13 11:53:59.898035,0.35,-1.00,0.25,32.35,76.78,54.14,10.85,42.65,0.49,1
O,2022-11-13 11:53:59.898187,0.41,-0.93,0.25,17.64,73.49,54.50,10.85,42.65,0.49,1
O,2022-11-13 11:53:59.898346,0.45,-0.91,0.22,14.22,67.63,56.21,11.43,41.96,0.38,1
O,2022-11-13 11:53:59.898497,0.51,-0.91,0.19,25.27,74.65,99.06,11.43,41.96,0.38,1
O,2022-11-13 11:53:59.898661,0.43,-0.81,0.32,37.17,62.68,123.41,11.43,41.96,0.38,1
O,2022-11-13 11:53:59.898814,0.40,-0.81,0.11,23.07,47.79,111.69,12.89,40.48,3.02,1
O,2022-11-13 11:53:59.898967,0.39,-0.80,-0.09,-7.87,58.96,72.81,12.89,40.48,3.02,1
O,2022-11-13 11:53:59.899130,0.45,-0.73,-0.08,-29.85,87.04,33.02,13.88,39.84,2.82,1
O,2022-11-13 11:53:59.899287,0.55,-0.69,0.08,-9.95,100.65,2.44,13.88,39.84,2.82,1
O,2022-11-13 11:53:59.899467,0.52,-0.73,0.09,27.34,87.16,-19.90,13.88,39.84,2.82,1
O,2022-11-13 11:53:59.899646,0.43,-0.80,0.05,29.97,71.84,-48.52,11.18,40.39,3.54,1
O,2022-11-13 11:53:59.899813,0.46,-0.79,-0.02,16.72,61.10,-82.70,11.18,40.39,3.54,1
O,2022-11-13 11:53:59.900016,0.50,-0.81,-0.10,13.37,49.68,-104.80,11.18,40.39,3.54,1
O,2022-11-13 11:53:59.900173,0.55,-0.78,-0.08,29.48,19.17,-107.30,7.48,40.36,4.80,1
O,2022-11-13 11:53:59.900347,0.51,-0.86,-0.11,49.80,34.36,-106.81,7.48,40.36,4.80,1
O,2022-11-13 11:53:59.900527,0.49,-0.88,-0.15,49.68,28.99,-104.92,7.48,40.36,4.80,1
O,2022-11-13 11:53:59.900717,0.45,-0.90,-0.17,44.07,19.53,-97.84,3.55,38.95,6.97,1
O,2022-11-13 11:53:59.900899,0.42,-0.90,-0.20,43.21,10.44,-87.83,3.55,38.95,6.97,1
O,2022-11-13 11:53:59.901070,0.37,-0.93,-0.22,34.42,5.55,-63.54,1.03,38.82,8.62,1
O,2022-11-13 11:53:59.901250,0.33,-0.95,-0.21,25.02,-0.12,-53.77,1.03,38.82,8.62,1
O,2022-11-13 11:53:59.901424,0.29,-1.00,-0.21,21.00,-7.51,-50.78,1.03,38.82,8.62,1
O,2022-11-13 11:53:59.901612,0.31,-1.01,-0.21,11.60,-10.74,-49.50,0.07,37.89,9.99,1
O,2022-11-13 11:53:59.901768,0.33,-0.98,-0.16,2.32,-15.26,-42.18,0.07,37.89,9.99,1
O,2022-11-13 11:53:59.901944,0.30,-0.98,-0.17,6.29,-24.05,-23.99,0.07,37.89,9.99,1
O,2022-11-13 11:53:59.902117,0.26,-0.98,-0.18,-2.62,-25.21,-14.53,-0.62,38.18,9.58,1
O,2022-11-13 11:53:59.902284,0.27,-1.00,-0.19,-5.80,-23.56,-10.01,-0.62,38.18,9.58,1
O,2022-11-13 11:53:59.902457,0.24,-1.01,-0.20,-3.05,-19.04,-5.37,-0.62,38.18,9.58,1
O,2022-11-13 11:53:59.902626,0.21,-0.99,-0.18,-7.51,-12.27,-3.66,-0.59,37.72,9.56,1
O,2022-11-13 11:53:59.902813,0.21,-0.98,-0.14,-4.27,-8.42,0.49,-0.59,37.72,9.56,1
O,2022-11-13 11:53:59.902979,0.22,-0.98,-0.05,-8.24,-7.08,3.54,-0.29,38.27,10.29,1
O,2022-11-13 11:53:59.903147,0.23,-1.02,-0.05,-11.47,-12.57,3.48,-0.29,38.27,10.29,1
O,2022-11-13 11:53:59.903326,0.24,-1.03,-0.07,-18.01,-18.25,0.18,-0.29,38.27,10.29,1
O,2022-11-13 11:53:59.903508,0.24,-1.01,-0.06,-15.44,-25.27,-6.35,-0.12,38.90,8.14,1
O,2022-11-13 11:53:59.903681,0.21,-1.00,-0.10,-11.72,-31.68,-22.09,-0.12,38.90,8.14,1
O,2022-11-13 11:53:59.903852,0.23,-0.97,-0.16,-4.27,-20.75,-25.09,-0.12,38.90,8.14,1
O,2022-11-13 11:53:59.904023,0.34,-1.00,-0.07,-8.79,0.18,-9.34,-0.70,38.65,7.89,1
O,2022-11-13 11:53:59.904176,0.32,-1.02,0.02,-3.91,13.43,7.69,-0.70,38.65,7.89,1
O,2022-11-13 11:53:59.904337,0.30,-1.05,0.00,2.87,17.21,16.11,-0.70,38.65,7.89,1
O,2022-11-13 11:53:59.904493,0.22,-0.98,-0.05,-0.92,20.32,15.99,-0.23,38.48,9.31,1
O,2022-11-13 11:53:59.904655,0.22,-0.93,-0.09,-2.26,24.23,18.62,-0.23,38.48,9.31,1
O,2022-11-13 11:53:59.904804,0.19,-0.91,-0.05,2.20,24.35,25.45,0.63,39.33,8.45,1
O,2022-11-13 11:53:59.904954,0.15,-0.93,-0.10,19.84,22.22,12.21,0.63,39.33,8.45,1
O,2022-11-13 11:53:59.905116,0.01,-0.99,-0.21,22.95,24.11,-16.72,0.63,39.33,8.45,1
O,2022-11-13 11:53:59.905272,0.06,-1.00,-0.23,43.52,32.65,-47.67,-0.50,37.70,8.41,1
O,2022-11-13 11:53:59.905436,0.09,-0.97,-0.11,62.93,46.08,-76.42,-0.50,37.70,8.41,1
O,2022-11-13 11:53:59.905592,0.11,-1.12,-0.08,78.43,25.51,-83.68,-0.50,37.70,8.41,1
O,2022-11-13 11:53:59.905750,0.71,-1.23,-0.22,40.65,16.91,-72.02,-2.87,35.57,10.71,1
O,2022-11-13 11:53:59.905909,0.25,-1.25,-0.07,28.69,9.89,-5.62,-2.87,35.57,10.71,1
O,2022-11-13 11:53:59.906072,0.01,-1.03,-0.31,16.17,-21.67,22.58,-2.87,35.57,10.71,1
O,2022-11-13 11:53:59.906254,-0.06,-1.00,-0.60,-23.68,-9.09,37.66,-2.38,35.55,10.91,1
O,2022-11-13 11:53:59.906412,0.05,-0.86,-0.31,-18.07,6.41,58.17,-2.38,35.55,10.91,1
O,2022-11-13 11:53:59.906573,0.01,-0.97,-0.22,-25.51,9.64,83.25,-0.34,36.65,9.55,1
O,2022-11-13 11:53:59.906728,0.02,-1.01,-0.21,-32.23,7.14,92.71,-0.34,36.65,9.55,1
O,2022-11-13 11:53:59.906885,0.02,-1.11,-0.23,-35.22,3.91,88.62,-0.34,36.65,9.55,1
O,2022-11-13 11:53:59.907044,0.06,-1.10,-0.19,-38.33,5.98,70.80,1.53,37.24,9.39,1
O,2022-11-13 11:53:59.907197,0.13,-1.12,-0.14,-31.07,6.53,61.95,1.53,37.24,9.39,1
O,2022-11-13 11:53:59.907357,0.20,-1.13,-0.05,-30.15,5.98,60.73,1.53,37.24,9.39,1
O,2022-11-13 11:53:59.907510,0.21,-1.14,-0.03,-28.75,1.04,66.47,1.92,38.29,7.81,1
O,2022-11-13 11:53:59.907668,0.21,-1.13,-0.07,-30.03,-3.66,72.75,1.92,38.29,7.81,1
O,2022-11-13 11:53:59.907820,0.22,-1.12,-0.12,-40.28,6.23,80.93,1.92,38.29,7.81,1
O,2022-11-13 11:53:59.907976,0.24,-1.09,-0.15,-48.71,21.73,86.91,3.33,39.45,6.32,1
O,2022-11-13 11:53:59.908139,0.35,-1.03,-0.15,-41.63,39.73,92.65,3.33,39.45,6.32,1
O,2022-11-13 11:53:59.908304,0.37,-1.06,-0.11,-25.27,57.25,102.11,4.69,39.99,5.86,1
O,2022-11-13 11:53:59.908471,0.42,-1.05,-0.04,-17.76,69.27,109.01,4.69,39.99,5.86,1
O,2022-11-13 11:53:59.908628,0.50,-1.03,-0.00,-32.23,74.46,108.15,4.69,39.99,5.86,1
O,2022-11-13 11:53:59.908788,0.58,-1.00,0.04,-48.03,72.33,111.27,5.92,41.33,3.64,1
O,2022-11-13 11:53:59.908944,0.65,-1.00,0.03,-45.04,65.43,111.88,5.92,41.33,3.64,1
O,2022-11-13 11:53:59.909104,0.66,-1.00,-0.03,-15.32,54.99,107.60,5.92,41.33,3.64,1
O,2022-11-13 11:53:59.909267,0.67,-1.03,-0.02,-17.03,49.19,98.02,8.01,41.72,3.88,1
O,2022-11-13 11:53:59.909419,0.72,-0.97,0.01,-31.43,40.47,83.13,8.01,41.72,3.88,1
O,2022-11-13 11:53:59.909607,0.73,-0.90,-0.03,-42.85,34.48,80.57,8.01,41.72,3.88,1
O,2022-11-13 11:53:59.909762,0.75,-0.86,-0.03,-35.52,29.91,76.23,9.46,42.32,1.57,1
O,2022-11-13 11:53:59.909916,0.72,-0.80,-0.04,-26.92,25.76,70.68,9.46,42.32,1.57,1
O,2022-11-13 11:53:59.910084,0.72,-0.68,-0.09,-25.76,21.18,64.15,11.41,42.38,1.37,1
O,2022-11-13 11:53:59.910242,0.72,-0.61,-0.21,-17.52,28.38,67.93,11.41,42.38,1.37,1
O,2022-11-13 11:53:59.910406,0.75,-0.60,-0.18,-10.62,39.37,75.01,11.41,42.38,1.37,1
O,2022-11-13 11:53:59.910567,0.79,-0.63,-0.12,-11.05,41.50,74.71,13.62,42.33,-0.43,1
O,2022-11-13 11:53:59.910729,0.78,-0.61,-0.19,-8.12,37.78,69.64,13.62,42.33,-0.43,1
O,2022-11-13 11:53:59.910889,0.85,-0.49,-0.20,-20.63,38.82,66.96,13.62,42.33,-0.43,1
O,2022-11-13 11:53:59.911045,0.85,-0.45,-0.20,-3.60,40.83,71.41,15.61,41.61,-0.05,1
O,2022-11-13 11:53:59.911219,0.80,-0.45,-0.14,-15.69,35.10,79.90,15.61,41.61,-0.05,1
O,2022-11-13 11:53:59.911372,0.81,-0.44,-0.15,0.85,28.08,73.55,15.61,41.61,-0.05,1
O,2022-11-13 11:53:59.911535,0.82,-0.40,-0.17,8.06,24.72,66.53,17.71,40.59,1.89,1
O,2022-11-13 11:53:59.911689,0.80,-0.35,-0.17,16.72,25.21,66.47,17.71,40.59,1.89,1
O,2022-11-13 11:53:59.911849,0.81,-0.35,-0.16,27.59,26.12,68.54,19.07,39.58,1.51,1
O,2022-11-13 11:53:59.912010,0.80,-0.37,-0.12,27.59,22.64,66.65,19.07,39.58,1.51,1
O,2022-11-13 11:53:59.912168,0.84,-0.28,-0.22,34.36,19.53,65.31,19.07,39.58,1.51,1
O,2022-11-13 11:53:59.912329,0.85,-0.27,-0.26,41.93,22.46,68.91,20.31,37.07,2.44,1
O,2022-11-13 11:53:59.912482,0.85,-0.30,-0.22,44.62,28.14,72.02,20.31,37.07,2.44,1
O,2022-11-13 11:53:59.912645,0.90,-0.36,-0.15,45.47,27.10,70.01,20.31,37.07,2.44,1
O,2022-11-13 11:53:59.912824,0.93,-0.32,-0.08,63.72,15.01,58.29,21.37,35.64,3.85,1
O,2022-11-13 11:53:59.912978,0.92,-0.31,-0.12,70.01,3.05,58.04,21.37,35.64,3.85,1
O,2022-11-13 11:53:59.913145,0.89,-0.32,-0.16,63.90,-2.20,56.88,21.37,35.64,3.85,1
O,2022-11-13 11:53:59.913301,0.92,-0.35,-0.31,62.01,-0.37,51.51,23.19,32.60,6.14,1
O,2022-11-13 11:53:59.913468,0.95,-0.32,-0.25,56.70,7.51,41.14,23.19,32.60,6.14,1
O,2022-11-13 11:53:59.913619,0.99,-0.25,-0.24,53.41,5.80,34.42,23.99,30.82,7.62,1
O,2022-11-13 11:53:59.913770,0.99,-0.17,-0.31,41.81,3.78,37.72,23.99,30.82,7.62,1
O,2022-11-13 11:53:59.913931,1.02,-0.12,-0.42,45.23,2.93,44.86,23.99,30.82,7.62,1
O,2022-11-13 11:53:59.914085,1.00,-0.20,-0.38,52.25,4.15,49.62,24.89,28.49,7.76,1
O,2022-11-13 11:53:59.914243,0.97,-0.18,-0.29,57.62,0.92,45.17,24.89,28.49,7.76,1
O,2022-11-13 11:53:59.914398,0.93,-0.16,-0.25,65.12,-9.83,35.89,24.89,28.49,7.76,1
O,2022-11-13 11:53:59.914563,0.93,-0.12,-0.25,64.39,-15.08,33.14,25.60,25.56,8.94,1
O,2022-11-13 11:53:59.914721,0.94,-0.10,-0.30,62.50,-16.91,33.26,25.60,25.56,8.94,1
O,2022-11-13 11:53:59.914880,0.96,-0.06,-0.34,61.46,-13.73,35.10,25.60,25.56,8.94,1
O,2022-11-13 11:53:59.915044,0.98,-0.03,-0.32,61.10,-8.97,38.70,26.31,23.12,9.88,1
O,2022-11-13 11:53:59.915198,0.97,-0.04,-0.29,60.79,-6.35,46.81,26.31,23.12,9.88,1
O,2022-11-13 11:53:59.915374,0.96,-0.08,-0.30,56.88,-6.04,42.97,26.86,20.61,9.30,1
O,2022-11-13 11:53:59.915528,0.96,-0.03,-0.26,48.52,-7.69,37.05,26.86,20.61,9.30,1
O,2022-11-13 11:53:59.915682,0.94,0.04,-0.29,46.45,-10.86,34.85,26.86,20.61,9.30,1
O,2022-11-13 11:53:59.915852,0.91,0.05,-0.33,45.90,-10.31,36.07,27.93,18.70,10.01,1
O,2022-11-13 11:53:59.916006,0.92,0.09,-0.32,49.01,-3.91,39.79,27.93,18.70,10.01,1
O,2022-11-13 11:53:59.916171,0.90,0.07,-0.23,47.00,-2.81,42.72,27.93,18.70,10.01,1
O,2022-11-13 11:53:59.916337,0.86,0.00,-0.19,43.88,-5.68,41.81,28.28,15.99,9.95,1
O,2022-11-13 11:53:59.916491,0.85,0.05,-0.26,35.89,-8.97,33.39,28.28,15.99,9.95,1
O,2022-11-13 11:53:59.916642,0.86,0.08,-0.26,32.96,-6.23,28.50,28.28,15.99,9.95,1
O,2022-11-13 11:53:59.916794,0.88,0.08,-0.25,34.30,-3.48,26.98,27.54,14.32,9.84,1
O,2022-11-13 11:53:59.916951,0.90,0.03,-0.12,35.52,-3.36,24.17,27.54,14.32,9.84,1
O,2022-11-13 11:53:59.917109,0.89,0.03,-0.10,26.55,-10.80,20.32,28.31,12.10,10.28,1
O,2022-11-13 11:53:59.917272,0.88,0.06,-0.15,19.71,-14.28,17.88,28.31,12.10,10.28,1
O,2022-11-13 11:53:59.917427,0.88,0.09,-0.21,9.83,-13.73,17.27,28.31,12.10,10.28,1
O,2022-11-13 11:53:59.917584,0.90,0.12,-0.21,-0.06,-9.95,19.96,28.56,12.59,8.37,1
O,2022-11-13 11:53:59.917735,0.91,0.15,-0.24,-9.77,-9.16,29.91,28.56,12.59,8.37,1
O,2022-11-13 11:53:59.917885,0.88,0.19,-0.19,-9.83,-7.87,36.68,28.56,12.59,8.37,1
O,2022-11-13 11:53:59.918043,0.85,0.10,-0.16,-10.01,-9.52,41.14,28.83,11.74,8.04,1
O,2022-11-13 11:53:59.918199,0.85,0.07,-0.14,-15.32,-12.88,34.30,28.83,11.74,8.04,1
O,2022-11-13 11:53:59.918362,0.86,0.14,-0.17,-19.59,-16.91,25.27,28.83,11.74,8.04,1
O,2022-11-13 11:53:59.918521,0.87,0.20,-0.15,-21.30,-17.88,20.75,29.27,11.01,8.89,1
O,2022-11-13 11:53:59.918685,0.87,0.16,-0.09,-23.50,-20.32,20.87,29.27,11.01,8.89,1
O,2022-11-13 11:53:59.918846,0.85,0.14,-0.04,-24.90,-25.45,17.58,29.77,11.69,7.07,1
O,2022-11-13 11:53:59.919002,0.82,0.13,0.00,-26.37,-31.31,10.62,29.77,11.69,7.07,1
O,2022-11-13 11:53:59.919170,0.79,0.15,-0.01,-33.33,-37.72,1.77,29.77,11.69,7.07,1
O,2022-11-13 11:53:59.919327,0.76,0.24,-0.17,-44.25,-34.24,4.70,30.41,12.13,7.46,1
O,2022-11-13 11:53:59.919490,0.75,0.34,-0.31,-45.47,-13.98,19.41,30.41,12.13,7.46,1
O,2022-11-13 11:53:59.919644,0.79,0.28,-0.26,-41.56,5.25,30.58,30.41,12.13,7.46,1
O,2022-11-13 11:53:59.919803,0.81,0.23,-0.11,-31.37,12.82,30.15,30.36,13.38,6.16,1
O,2022-11-13 11:53:59.919962,0.82,0.19,-0.07,-23.99,6.35,22.71,30.36,13.38,6.16,1
O,2022-11-13 11:53:59.920116,0.84,0.19,-0.08,-22.40,-3.91,9.22,30.36,13.38,6.16,1
O,2022-11-13 11:53:59.920275,0.86,0.26,-0.15,-21.36,-4.03,3.30,30.05,13.22,6.49,1
O,2022-11-13 11:53:59.920426,0.91,0.27,-0.14,-17.64,2.14,4.70,30.05,13.22,6.49,1
O,2022-11-13 11:53:59.920584,0.91,0.28,-0.12,-14.22,6.04,11.47,30.27,13.49,6.08,1
O,2022-11-13 11:53:59.920738,0.92,0.26,-0.09,-12.02,8.00,18.07,30.27,13.49,6.08,1
O,2022-11-13 11:53:59.920891,0.90,0.26,-0.11,-10.93,5.55,23.74,30.27,13.49,6.08,1
O,2022-11-13 11:53:59.921053,0.86,0.28,-0.21,-11.96,11.11,27.83,30.46,12.98,6.29,1
O,2022-11-13 11:53:59.921209,0.86,0.32,-0.28,-17.82,18.25,31.31,30.46,12.98,6.29,1
O,2022-11-13 11:53:59.921371,0.88,0.31,-0.29,-11.72,28.99,33.26,30.46,12.98,6.29,1
O,2022-11-13 11:53:59.921525,0.92,0.31,-0.21,-9.58,33.63,36.32,29.63,12.71,7.57,1
O,2022-11-13 11:53:59.921678,0.93,0.27,-0.25,-6.84,27.71,33.20,29.63,12.71,7.57,1
O,2022-11-13 11:53:59.921837,0.92,0.31,-0.29,-1.65,30.58,30.88,29.63,12.71,7.57,1
O,2022-11-13 11:53:59.921990,0.93,0.32,-0.27,3.30,35.77,31.98,29.08,12.41,8.51,1
O,2022-11-13 11:53:59.922170,0.93,0.32,-0.21,1.28,38.64,35.83,29.08,12.41,8.51,1
O,2022-11-13 11:53:59.922330,0.91,0.36,-0.20,0.24,37.35,42.54,28.11,11.43,8.57,1
O,2022-11-13 11:53:59.922490,0.85,0.39,-0.22,-0.55,38.82,60.91,28.11,11.43,8.57,1
O,2022-11-13 11:53:59.922654,0.82,0.30,-0.24,-0.24,43.46,69.82,28.11,11.43,8.57,1
O,2022-11-13 11:53:59.922809,0.84,0.30,-0.28,-4.58,44.62,67.50,27.55,9.90,10.67,1
O,2022-11-13 11:53:59.922972,0.88,0.46,-0.37,-1.71,43.70,63.60,27.55,9.90,10.67,1
O,2022-11-13 11:53:59.923140,0.86,0.46,-0.33,13.18,46.08,71.17,27.55,9.90,10.67,1
O,2022-11-13 11:53:59.923300,0.85,0.32,-0.29,18.13,41.87,72.02,26.51,8.78,10.97,1
O,2022-11-13 11:53:59.923451,0.82,0.32,-0.30,9.77,30.88,50.90,26.51,8.78,10.97,1
O,2022-11-13 11:53:59.923600,0.85,0.51,-0.33,1.40,29.11,46.63,26.51,8.78,10.97,1
O,2022-11-13 11:53:59.923760,0.85,0.55,-0.27,-2.32,27.04,58.29,24.87,7.04,11.21,1
O,2022-11-13 11:53:59.923910,0.84,0.54,-0.25,3.54,21.00,65.25,24.87,7.04,11.21,1
O,2022-11-13 11:53:59.924067,0.82,0.52,-0.26,13.31,15.20,62.50,24.05,6.35,11.06,1
O,2022-11-13 11:53:59.924218,0.78,0.65,-0.36,-2.01,7.26,54.44,24.05,6.35,11.06,1
O,2022-11-13 11:53:59.924367,0.76,0.71,-0.37,-7.02,7.69,65.00,24.05,6.35,11.06,1
O,2022-11-13 11:53:59.924526,0.75,0.70,-0.31,-5.62,3.72,77.27,23.39,5.09,11.66,1
O,2022-11-13 11:53:59.924679,0.70,0.60,-0.27,-10.25,-7.63,78.74,23.39,5.09,11.66,1
O,2022-11-13 11:53:59.924849,0.67,0.52,-0.28,-11.05,-20.26,61.71,23.39,5.09,11.66,1
O,2022-11-13 11:53:59.925008,0.64,0.53,-0.34,-16.11,-31.92,21.91,24.15,4.55,11.39,1
O,2022-11-13 11:53:59.925172,0.63,0.76,-0.40,-15.87,-24.84,14.28,24.15,4.55,11.39,1
O,2022-11-13 11:53:59.925331,0.63,0.75,-0.42,-8.30,-11.84,24.35,24.15,4.55,11.39,1
O,2022-11-13 11:53:59.925482,0.65,0.64,-0.28,2.56,-1.95,31.86,24.38,4.31,12.37,1
O,2022-11-13 11:53:59.925646,0.66,0.50,-0.15,11.17,-0.73,24.23,24.38,4.31,12.37,1
O,2022-11-13 11:53:59.925796,0.64,0.49,-0.24,5.55,-5.19,-2.81,24.00,4.13,11.07,1
O,2022-11-13 11:53:59.925949,0.63,0.61,-0.23,8.48,2.75,-10.19,24.00,4.13,11.07,1
O,2022-11-13 11:53:59.926106,0.61,0.53,-0.19,7.20,6.16,-12.63,24.00,4.13,11.07,1
O,2022-11-13 11:53:59.926256,0.58,0.49,-0.21,0.43,6.71,-17.58,24.51,4.15,11.54,1
O,2022-11-13 11:53:59.926416,0.54,0.44,-0.19,11.60,9.77,-25.27,24.51,4.15,11.54,1
O,2022-11-13 11:53:59.926569,0.55,0.32,-0.17,37.66,10.25,-54.57,24.51,4.15,11.54,1
O,2022-11-13 11:53:59.926734,0.55,0.41,-0.11,19.78,10.07,-74.83,24.40,4.43,11.41,1
O,2022-11-13 11:53:59.926885,0.55,0.37,-0.24,18.25,9.09,-92.53,24.40,4.43,11.41,1
O,2022-11-13 11:53:59.927041,0.61,0.54,-0.17,11.11,16.54,-102.42,24.40,4.43,11.41,1
O,2022-11-13 11:53:59.927207,0.53,0.55,-0.16,-15.38,22.16,-93.44,24.80,5.94,11.66,1
O,2022-11-13 11:53:59.927357,0.52,0.69,-0.19,3.17,38.27,-63.17,24.80,5.94,11.66,1
O,2022-11-13 11:53:59.927522,0.54,0.42,-0.09,31.25,53.47,-40.41,24.39,7.19,13.53,1
O,2022-11-13 11:53:59.927677,0.50,0.25,-0.01,14.71,52.80,-38.15,24.39,7.19,13.53,1
O,2022-11-13 11:53:59.927840,0.56,0.38,-0.17,-22.95,44.31,-54.32,24.39,7.19,13.53,1
O,2022-11-13 11:53:59.927998,0.60,0.63,-0.45,-55.42,48.89,-60.73,22.60,8.96,14.05,1
O,2022-11-13 11:53:59.928152,0.67,0.67,-0.50,15.93,89.66,-51.88,22.60,8.96,14.05,1
O,2022-11-13 11:53:59.928350,0.69,0.42,-0.11,85.75,108.34,-61.71,22.60,8.96,14.05,1
O,2022-11-13 11:53:59.928508,0.69,0.30,-0.10,49.99,89.29,-79.28,20.14,9.31,14.99,1
O,2022-11-13 11:53:59.928677,0.73,0.39,-0.36,6.35,64.64,-108.52,20.14,9.31,14.99,1
O,2022-11-13 11:53:59.928838,0.82,0.61,-0.57,-16.42,59.39,-127.75,20.14,9.31,14.99,1
O,2022-11-13 11:53:59.929002,0.88,0.65,-0.52,9.77,65.92,-126.71,18.10,11.56,15.47,1
O,2022-11-13 11:53:59.929168,0.85,0.44,-0.39,29.79,61.65,-121.40,18.10,11.56,15.47,1
O,2022-11-13 11:53:59.929329,0.87,0.46,-0.46,13.49,50.96,-118.29,15.87,12.87,17.05,1
O,2022-11-13 11:53:59.929496,0.89,0.46,-0.62,-11.23,47.49,-107.60,15.87,12.87,17.05,1
O,2022-11-13 11:53:59.929653,0.92,0.34,-0.63,-8.54,49.44,-97.78,15.87,12.87,17.05,1
O,2022-11-13 11:53:59.929821,0.89,0.21,-0.55,-4.33,46.57,-96.62,14.22,14.14,17.58,1
O,2022-11-13 11:53:59.929992,0.87,0.08,-0.70,-31.80,32.53,-100.52,14.22,14.14,17.58,1
O,2022-11-13 11:53:59.930163,0.96,-0.03,-0.83,-52.86,28.63,-106.32,14.22,14.14,17.58,1
O,2022-11-13 11:53:59.930327,1.05,-0.03,-0.80,-55.85,20.94,-117.92,12.63,17.02,16.41,1
O,2022-11-13 11:53:59.930489,1.00,-0.02,-0.84,-57.07,8.67,-115.11,12.63,17.02,16.41,1
O,2022-11-13 11:53:59.930651,0.99,0.07,-0.95,-62.93,-0.31,-84.96,12.63,17.02,16.41,1
O,2022-11-13 11:53:59.930813,0.96,0.00,-1.11,-40.65,-10.50,-77.58,11.87,20.52,18.25,1
O,2022-11-13 11:53:59.930986,1.01,-0.07,-1.18,-8.61,-12.33,-73.55,11.87,20.52,18.25,1
O,2022-11-13 11:53:59.931148,0.94,-0.11,-1.06,26.86,-11.47,-63.96,12.17,21.19,17.59,1
O,2022-11-13 11:53:59.931324,0.98,-0.29,-0.90,51.70,-10.93,-46.51,12.17,21.19,17.59,1
O,2022-11-13 11:53:59.931492,1.11,-0.27,-0.80,77.64,-21.48,-10.62,12.17,21.19,17.59,1
O,2022-11-13 11:53:59.931658,0.90,-0.37,-0.75,58.41,-47.42,17.03,12.88,18.54,16.72,1
O,2022-11-13 11:53:59.931817,0.87,-0.68,-0.73,55.11,-40.22,39.37,12.88,18.54,16.72,1
O,2022-11-13 11:53:59.931984,0.79,-0.79,-0.48,27.53,-26.55,53.04,12.88,18.54,16.72,1
O,2022-11-13 11:53:59.932147,0.79,-0.60,-0.46,1.77,-29.91,39.61,14.27,17.21,15.45,1
O,2022-11-13 11:53:59.932308,0.79,-0.45,-0.52,-45.65,-29.30,24.96,14.27,17.21,15.45,1
O,2022-11-13 11:53:59.932478,0.92,-0.25,-0.44,-69.15,-46.69,41.32,14.27,17.21,15.45,1
O,2022-11-13 11:53:59.932642,1.03,0.01,-0.71,-86.06,-63.23,54.14,16.21,19.12,15.78,1
O,2022-11-13 11:53:59.932817,0.87,-0.11,-0.84,-42.85,-74.28,65.31,16.21,19.12,15.78,1
O,2022-11-13 11:53:59.932991,0.81,-0.28,-0.69,-25.39,-54.44,61.40,18.91,19.58,14.05,1
O,2022-11-13 11:53:59.933157,0.96,-0.15,-0.59,-0.43,-47.06,29.11,18.91,19.58,14.05,1
O,2022-11-13 11:53:59.933336,0.95,-0.16,-0.65,48.95,-55.18,-0.37,18.91,19.58,14.05,1
O,2022-11-13 11:53:59.933495,0.92,-0.17,-0.50,47.91,-59.81,1.16,20.04,17.96,14.17,1
O,2022-11-13 11:53:59.933675,0.91,-0.28,-0.50,27.10,-59.69,11.78,20.04,17.96,14.17,1
O,2022-11-13 11:53:59.933837,0.92,-0.43,-0.33,-10.07,-51.09,16.72,20.04,17.96,14.17,1
O,2022-11-13 11:53:59.934015,0.91,-0.39,-0.27,-44.68,-55.42,7.69,22.05,17.59,12.08,1
O,2022-11-13 11:53:59.934197,0.90,-0.34,-0.29,-65.61,-67.69,-5.98,22.05,17.59,12.08,1
O,2022-11-13 11:53:59.934366,0.91,-0.15,-0.34,-69.40,-71.59,-2.26,22.05,17.59,12.08,1
O,2022-11-13 11:53:59.934533,0.83,-0.07,-0.33,-74.34,-70.74,7.14,24.19,19.70,10.68,1
O,2022-11-13 11:53:59.934709,0.84,-0.05,-0.36,-68.73,-67.99,5.74,24.19,19.70,10.68,1
O,2022-11-13 11:53:59.934874,0.82,-0.05,-0.34,-45.72,-61.40,-6.59,25.59,21.64,8.91,1
O,2022-11-13 11:53:59.935033,0.90,-0.02,-0.25,-27.22,-48.52,-7.75,25.59,21.64,8.91,1
O,2022-11-13 11:53:59.935197,0.94,-0.14,-0.18,-15.93,-50.84,-2.14,25.59,21.64,8.91,1
O,2022-11-13 11:53:59.935360,0.86,-0.05,-0.21,-18.92,-49.32,-5.98,26.99,21.96,7.89,1
O,2022-11-13 11:53:59.935521,0.84,-0.06,-0.22,-47.42,-42.36,3.54,26.99,21.96,7.89,1
O,2022-11-13 11:53:59.935676,0.84,0.01,-0.17,-51.94,-34.48,3.78,26.99,21.96,7.89,1
O,2022-11-13 11:53:59.935834,0.85,0.03,-0.07,-45.10,-31.68,-0.92,27.62,23.62,6.01,1
O,2022-11-13 11:53:59.936000,0.94,0.08,-0.06,-28.87,-34.36,-7.02,27.62,23.62,6.01,1
O,2022-11-13 11:53:59.936157,0.96,0.11,-0.08,-17.58,-36.62,-3.85,27.62,23.62,6.01,1
O,2022-11-13 11:53:59.936335,0.96,0.16,-0.02,-20.20,-40.59,12.57,27.91,24.56,4.37,1
O,2022-11-13 11:53:59.936515,0.94,0.07,-0.06,-14.71,-43.46,35.71,27.91,24.56,4.37,1
O,2022-11-13 11:53:59.936696,0.91,-0.25,-0.17,-10.80,-32.96,22.77,29.85,23.95,4.48,1
O,2022-11-13 11:53:59.936891,0.95,-0.12,-0.02,-9.95,-35.10,-13.98,29.85,23.95,4.48,1
O,2022-11-13 11:53:59.937082,0.93,-0.18,0.11,44.86,-23.44,-28.69,29.85,23.95,4.48,1
O,2022-11-13 11:53:59.937271,1.05,-0.13,0.27,23.07,-38.64,-43.21,30.05,23.66,2.77,1
O,2022-11-13 11:53:59.937443,0.99,-0.02,0.25,-12.51,-66.35,-16.66,30.05,23.66,2.77,1
O,2022-11-13 11:53:59.937634,0.85,-0.08,-0.09,-19.47,-62.99,8.61,30.05,23.66,2.77,1
O,2022-11-13 11:53:59.937804,0.87,0.06,-0.01,-9.46,-30.15,29.05,30.44,24.11,0.33,1
O,2022-11-13 11:53:59.937971,0.89,-0.07,-0.03,0.85,-12.33,47.55,30.44,24.11,0.33,1
O,2022-11-13 11:53:59.938141,0.96,-0.09,0.13,9.34,10.99,51.09,30.44,24.11,0.33,1
O,2022-11-13 11:53:59.938294,0.98,-0.21,0.07,46.45,15.01,55.79,31.62,22.95,1.77,1
O,2022-11-13 11:53:59.938459,0.91,-0.02,0.19,31.92,12.21,52.31,31.62,22.95,1.77,1
O,2022-11-13 11:53:59.938626,0.93,-0.15,0.16,15.56,-0.24,45.10,31.74,21.33,0.96,1
O,2022-11-13 11:53:59.938790,0.82,-0.19,0.04,1.46,-3.72,27.53,31.74,21.33,0.96,1
O,2022-11-13 11:53:59.938946,0.84,-0.07,0.05,-10.19,3.23,0.43,31.74,21.33,0.96,1
O,2022-11-13 11:53:59.939108,0.91,0.04,0.06,-11.78,8.30,-24.90,31.45,21.58,2.06,1
O,2022-11-13 11:53:59.939272,0.90,0.05,0.11,-5.80,9.77,-33.45,31.45,21.58,2.06,1
O,2022-11-13 11:53:59.939429,0.84,0.02,0.05,-3.72,18.92,-33.63,31.45,21.58,2.06,1
O,2022-11-13 11:53:59.939586,1.09,0.09,0.02,-9.64,33.51,-34.55,30.41,22.90,2.01,1
O,2022-11-13 11:53:59.939743,1.20,0.19,0.15,-7.69,41.02,6.90,30.41,22.90,2.01,1
O,2022-11-13 11:53:59.939906,1.06,-0.16,0.01,-0.43,30.33,58.59,30.41,22.90,2.01,1
O,2022-11-13 11:53:59.940074,0.93,-0.27,-0.01,-15.50,29.24,58.84,30.58,22.09,3.33,1
O,2022-11-13 11:53:59.940240,0.90,-0.24,0.12,-40.59,26.37,11.66,30.58,22.09,3.33,1
O,2022-11-13 11:53:59.940402,0.87,0.01,0.05,-36.07,11.54,-27.77,29.88,22.86,1.86,1
O,2022-11-13 11:53:59.940556,0.88,0.10,0.05,-37.90,9.52,-42.85,29.88,22.86,1.86,1
O,2022-11-13 11:53:59.940719,0.95,0.15,-0.01,-36.68,11.11,-36.07,29.88,22.86,1.86,1
O,2022-11-13 11:53:59.940876,1.05,0.10,0.02,-32.04,18.25,-13.00,29.83,24.45,2.34,1
O,2022-11-13 11:53:59.941028,1.04,0.02,0.04,-32.23,27.47,37.78,29.83,24.45,2.34,1
O,2022-11-13 11:53:59.941190,0.79,-0.24,0.00,-27.34,23.38,49.80,29.83,24.45,2.34,1
O,2022-11-13 11:53:59.941350,0.83,-0.31,0.04,-23.68,24.23,13.67,29.82,24.04,1.51,1
O,2022-11-13 11:53:59.941520,0.82,-0.08,0.05,-28.26,22.95,-25.33,29.82,24.04,1.51,1
O,2022-11-13 11:53:59.941679,0.88,0.08,-0.07,-27.28,22.22,-45.04,29.82,24.04,1.51,1
O,2022-11-13 11:53:59.941839,0.93,0.21,-0.08,-25.70,33.26,-44.01,28.34,26.06,2.70,1
O,2022-11-13 11:53:59.942015,1.00,0.21,-0.09,-19.47,28.75,-30.46,28.34,26.06,2.70,1
O,2022-11-13 11:53:59.942171,1.03,0.19,-0.14,-12.08,27.65,-15.50,27.81,27.33,4.60,1
O,2022-11-13 11:53:59.942327,1.01,0.07,-0.17,-0.49,27.10,-2.87,27.81,27.33,4.60,1
O,2022-11-13 11:53:59.942475,1.05,-0.07,-0.19,9.28,24.48,2.08,27.81,27.33,4.60,1
O,2022-11-13 11:53:59.942636,1.04,-0.20,-0.17,18.49,20.69,2.50,27.03,26.76,3.50,1
O,2022-11-13 11:53:59.942789,1.05,-0.28,-0.15,14.47,19.04,4.03,27.03,26.76,3.50,1
O,2022-11-13 11:53:59.942938,1.04,-0.24,-0.17,1.65,19.10,6.16,27.03,26.76,3.50,1
O,2022-11-13 11:53:59.943102,1.05,-0.15,-0.16,-8.12,18.19,8.12,27.20,26.86,4.57,1
O,2022-11-13 11:53:59.943265,0.98,-0.21,-0.17,-15.26,15.99,18.49,27.20,26.86,4.57,1
O,2022-11-13 11:53:59.943432,1.03,-0.19,-0.19,-17.15,17.15,22.16,27.20,26.86,4.57,1
O,2022-11-13 11:53:59.943586,0.90,-0.15,-0.24,-9.28,15.56,21.61,26.32,26.43,3.94,1
O,2022-11-13 11:53:59.943742,1.07,-0.07,-0.16,-5.13,22.83,19.53,26.32,26.43,3.94,1
O,2022-11-13 11:53:59.943900,0.88,-0.10,-0.23,-5.43,21.06,27.28,26.39,26.29,5.08,1
O,2022-11-13 11:53:59.944051,0.99,-0.13,-0.19,-2.56,23.44,7.32,26.39,26.29,5.08,1
O,2022-11-13 11:53:59.944227,1.09,-0.05,-0.19,-10.19,26.73,0.18,26.39,26.29,5.08,1
O,2022-11-13 11:53:59.944386,0.91,-0.24,-0.18,-24.41,20.20,18.43,26.61,26.92,4.17,1
O,2022-11-13 11:53:59.944550,1.01,-0.20,-0.23,-27.04,19.47,8.12,26.61,26.92,4.17,1
O,2022-11-13 11:53:59.944705,0.98,-0.03,-0.23,-23.13,22.16,4.52,26.61,26.92,4.17,1
O,2022-11-13 11:53:59.944862,1.01,-0.07,-0.22,-14.40,18.62,12.27,25.73,27.20,4.59,1
O,2022-11-13 11:53:59.945025,0.95,-0.20,-0.25,-18.80,17.94,8.97,25.73,27.20,4.59,1
O,2022-11-13 11:53:59.945184,1.00,-0.21,-0.13,-32.35,18.98,-0.49,25.73,27.20,4.59,1
O,2022-11-13 11:53:59.945354,0.97,-0.14,-0.23,-42.42,13.55,-4.94,25.22,27.49,5.18,1
O,2022-11-13 11:53:59.945512,1.00,-0.08,-0.25,-45.78,15.56,-1.40,25.22,27.49,5.18,1
O,2022-11-13 11:53:59.945669,1.00,-0.07,-0.26,-43.40,18.37,7.20,24.71,28.86,4.08,1
O,2022-11-13 11:53:59.945831,1.01,-0.10,-0.26,-42.42,21.97,22.58,24.71,28.86,4.08,1
O,2022-11-13 11:53:59.945990,0.98,-0.29,-0.25,-55.79,23.93,27.89,24.71,28.86,4.08,1
O,2022-11-13 11:53:59.946155,1.01,-0.26,-0.17,-79.47,29.30,29.17,25.06,29.27,3.74,1
O,2022-11-13 11:53:59.946315,1.00,-0.17,-0.15,-91.61,22.95,26.37,25.06,29.27,3.74,1
O,2022-11-13 11:53:59.946484,1.01,-0.14,-0.19,-95.64,11.96,24.96,25.06,29.27,3.74,1
O,2022-11-13 11:53:59.946643,0.96,-0.19,-0.22,-101.01,5.92,24.84,24.57,30.86,1.84,1
O,2022-11-13 11:53:59.946808,1.00,-0.15,-0.19,-110.29,3.30,10.07,24.57,30.86,1.84,1
O,2022-11-13 11:53:59.946969,1.03,-0.23,-0.19,-121.46,-1.53,10.01,24.57,30.86,1.84,1
O,2022-11-13 11:53:59.947137,1.05,-0.24,-0.20,-134.58,-9.40,8.73,25.15,33.19,-0.24,1
O,2022-11-13 11:53:59.947306,1.02,-0.27,-0.21,-136.60,-18.55,0.61,25.15,33.19,-0.24,1
O,2022-11-13 11:53:59.947473,0.99,-0.24,-0.22,-140.62,-27.16,-11.54,25.31,35.30,-4.20,1
O,2022-11-13 11:53:59.947647,0.97,-0.05,-0.29,-135.50,-31.25,-22.34,25.31,35.30,-4.20,1
O,2022-11-13 11:53:59.947818,0.98,-0.01,-0.33,-126.28,-30.46,-16.24,25.31,35.30,-4.20,1
O,2022-11-13 11:53:59.947995,0.96,-0.05,-0.32,-116.82,-28.87,-8.00,24.80,36.90,-7.68,1
O,2022-11-13 11:53:59.948163,0.93,-0.07,-0.33,-104.55,-28.14,-10.01,24.80,36.90,-7.68,1
O,2022-11-13 11:53:59.948340,0.93,-0.12,-0.22,-89.60,-23.44,-16.91,24.80,36.90,-7.68,1
O,2022-11-13 11:53:59.948509,0.91,-0.15,-0.14,-83.56,-22.83,-20.26,23.94,38.84,-10.73,1
O,2022-11-13 11:53:59.948677,0.85,-0.12,-0.18,-84.72,-24.60,-23.01,23.94,38.84,-10.73,1
O,2022-11-13 11:53:59.948855,0.91,-0.04,-0.25,-82.46,-24.72,-24.66,23.94,38.84,-10.73,1
O,2022-11-13 11:53:59.949022,0.91,-0.02,-0.30,-71.90,-22.71,-16.85,23.49,39.66,-13.73,1
O,2022-11-13 11:53:59.949201,0.94,-0.00,-0.31,-51.39,-20.45,-11.41,23.49,39.66,-13.73,1
O,2022-11-13 11:53:59.949364,0.91,-0.10,-0.28,-16.91,-14.28,-8.67,23.24,39.90,-15.20,1
O,2022-11-13 11:53:59.949546,0.91,-0.14,-0.17,-6.29,-3.91,-6.29,23.24,39.90,-15.20,1
O,2022-11-13 11:53:59.949702,0.91,-0.21,-0.01,-4.21,5.00,6.29,23.24,39.90,-15.20,1
O,2022-11-13 11:53:59.949857,0.86,-0.34,0.06,-8.12,5.80,14.16,23.28,40.04,-15.30,1
O,2022-11-13 11:53:59.950012,0.84,-0.41,0.11,-20.45,3.23,3.60,23.28,40.04,-15.30,1
O,2022-11-13 11:53:59.950173,0.83,-0.45,0.14,-33.63,-0.92,-20.87,23.28,40.04,-15.30,1
O,2022-11-13 11:53:59.950339,0.92,-0.36,0.05,-42.24,-2.87,-29.30,22.62,40.08,-16.02,1
O,2022-11-13 11:53:59.950500,0.95,-0.31,0.05,-41.87,-1.40,-26.43,22.62,40.08,-16.02,1
O,2022-11-13 11:53:59.950663,0.95,-0.30,0.06,-37.48,1.46,-16.78,22.62,40.08,-16.02,1
O,2022-11-13 11:53:59.950820,0.94,-0.31,0.06,-33.39,5.55,-9.03,21.85,40.36,-17.36,1
O,2022-11-13 11:53:59.950985,0.96,-0.32,0.02,-29.91,12.21,-2.87,21.85,40.36,-17.36,1
O,2022-11-13 11:53:59.951159,0.98,-0.38,-0.05,-27.22,15.44,-2.44,21.44,41.05,-17.83,1
O,2022-11-13 11:53:59.951327,1.00,-0.33,-0.10,-28.20,17.58,-7.39,21.44,41.05,-17.83,1
O,2022-11-13 11:53:59.951511,1.03,-0.27,-0.08,-25.57,17.70,-10.56,21.44,41.05,-17.83,1
O,2022-11-13 11:53:59.951675,1.02,-0.27,-0.09,-22.83,13.98,-5.55,21.24,41.19,-19.70,1
O,2022-11-13 11:53:59.951842,1.00,-0.30,-0.15,-19.78,6.96,-3.36,21.24,41.19,-19.70,1
O,2022-11-13 11:53:59.952005,0.97,-0.30,-0.15,-17.82,5.62,-9.28,21.24,41.19,-19.70,1
O,2022-11-13 11:53:59.952174,0.93,-0.29,-0.14,-16.78,4.33,-14.59,20.75,41.31,-19.24,1
O,2022-11-13 11:53:59.952339,0.91,-0.30,-0.13,-14.95,3.66,-20.81,20.75,41.31,-19.24,1
O,2022-11-13 11:53:59.952509,0.93,-0.26,-0.07,-13.92,4.39,-21.06,20.75,41.31,-19.24,1
O,2022-11-13 11:53:59.952680,0.93,-0.31,-0.04,-11.84,3.42,-13.43,19.49,41.42,-19.60,1
O,2022-11-13 11:53:59.952840,0.91,-0.38,-0.06,-17.21,4.15,-6.23,19.49,41.42,-19.60,1
O,2022-11-13 11:53:59.953010,0.91,-0.43,-0.09,-22.03,5.25,-5.98,19.69,42.08,-20.12,1
O,2022-11-13 11:53:59.953171,0.92,-0.40,-0.12,-25.45,4.33,-10.44,19.69,42.08,-20.12,1
O,2022-11-13 11:53:59.953345,0.93,-0.34,-0.15,-25.27,1.53,-14.34,19.69,42.08,-20.12,1
O,2022-11-13 11:53:59.953509,0.94,-0.27,-0.20,-21.00,-1.40,-14.59,18.95,42.08,-21.75,1
O,2022-11-13 11:53:59.953678,0.96,-0.37,-0.13,-16.36,-6.04,-8.24,18.95,42.08,-21.75,1
O,2022-11-13 11:53:59.953845,0.96,-0.39,-0.09,-21.73,-14.28,-13.98,18.95,42.08,-21.75,1
O,2022-11-13 11:53:59.954022,0.93,-0.30,-0.10,-28.26,-25.27,-23.01,18.70,42.32,-21.80,1
O,2022-11-13 11:53:59.954189,0.90,-0.20,-0.18,-20.87,-32.23,-27.04,18.70,42.32,-21.80,1
O,2022-11-13 11:53:59.954378,0.89,-0.12,-0.25,-10.31,-33.57,-23.56,18.70,42.32,-21.80,1
O,2022-11-13 11:53:59.954564,0.90,-0.14,-0.28,16.85,-27.04,-14.16,17.05,42.44,-22.17,1
O,2022-11-13 11:53:59.954736,0.91,-0.22,-0.32,32.71,-20.94,-11.78,17.05,42.44,-22.17,1
O,2022-11-13 11:53:59.954916,0.94,-0.25,-0.30,51.09,-16.48,-8.67,16.59,43.02,-22.30,1
O,2022-11-13 11:53:59.955094,0.93,-0.21,-0.34,64.76,-16.36,-3.11,16.59,43.02,-22.30,1
O,2022-11-13 11:53:59.955273,0.92,-0.21,-0.32,83.56,-20.45,2.99,16.59,43.02,-22.30,1
O,2022-11-13 11:53:59.955453,0.93,-0.27,-0.37,120.24,-31.13,-0.73,16.97,42.86,-18.98,1
O,2022-11-13 11:53:59.955639,0.89,-0.29,-0.36,145.75,-36.99,-9.52,16.97,42.86,-18.98,1
O,2022-11-13 11:53:59.955837,0.82,-0.30,-0.39,160.71,-42.48,-14.71,16.97,42.86,-18.98,1
O,2022-11-13 11:53:59.956015,0.83,-0.31,-0.36,167.79,-44.80,-17.09,17.69,43.03,-14.81,1
O,2022-11-13 11:53:59.956196,0.75,-0.41,-0.34,172.91,-42.60,-16.66,17.69,43.03,-14.81,1
O,2022-11-13 11:53:59.956376,0.68,-0.48,-0.37,167.79,-26.67,-28.99,17.69,43.03,-14.81,1
O,2022-11-13 11:53:59.956553,0.66,-0.34,-0.39,172.06,-7.81,-44.07,16.92,42.35,-9.89,1
O,2022-11-13 11:53:59.956732,0.72,-0.30,-0.35,196.59,6.47,-50.48,16.92,42.35,-9.89,1
O,2022-11-13 11:53:59.956922,0.76,-0.31,-0.32,214.54,10.50,-40.41,15.81,41.54,-3.86,1
O,2022-11-13 11:53:59.957098,0.73,-0.42,-0.35,215.21,12.33,-20.81,15.81,41.54,-3.86,1
O,2022-11-13 11:53:59.957268,0.70,-0.62,-0.39,218.51,19.47,-12.88,15.81,41.54,-3.86,1
O,2022-11-13 11:53:59.957435,0.73,-0.58,-0.43,199.40,37.35,-16.78,15.93,38.22,2.88,1
O,2022-11-13 11:53:59.957597,0.80,-0.53,-0.46,209.90,31.68,-27.22,15.93,38.22,2.88,1
O,2022-11-13 11:53:59.957781,0.78,-0.55,-0.38,207.58,23.32,-30.09,15.93,38.22,2.88,1
O,2022-11-13 11:53:59.957957,0.75,-0.74,-0.55,198.85,9.16,-27.04,15.11,34.00,6.20,1
O,2022-11-13 11:53:59.958138,0.71,-0.85,-0.64,170.04,24.54,-50.17,15.11,34.00,6.20,1
O,2022-11-13 11:53:59.958310,0.82,-0.60,-0.48,154.54,33.33,-69.64,15.11,34.00,6.20,1
O,2022-11-13 11:53:59.958561,0.80,-0.46,-0.42,147.52,20.57,-67.63,13.50,29.98,11.91,1
O,2022-11-13 11:53:59.958742,0.77,-0.51,-0.53,133.67,2.01,-48.83,13.50,29.98,11.91,1
O,2022-11-13 11:53:59.958945,0.74,-0.68,-0.69,127.93,-0.12,-34.55,13.12,25.84,14.21,1
O,2022-11-13 11:53:59.959125,0.77,-0.81,-0.70,108.03,19.17,-33.08,13.12,25.84,14.21,1
O,2022-11-13 11:53:59.959284,0.88,-0.76,-0.51,97.84,26.98,-39.49,13.12,25.84,14.21,1
O,2022-11-13 11:53:59.959453,0.90,-0.61,-0.46,88.07,21.12,-37.72,12.01,22.86,16.09,1
O,2022-11-13 11:53:59.959618,0.83,-0.58,-0.54,80.20,12.57,-23.38,12.01,22.86,16.09,1
O,2022-11-13 11:53:59.959789,0.76,-0.63,-0.64,69.70,15.14,-10.44,12.01,22.86,16.09,1
O,2022-11-13 11:53:59.959952,0.83,-0.89,-0.55,57.98,20.51,-12.39,11.10,21.28,17.38,1
O,2022-11-13 11:53:59.960119,0.81,-0.71,-0.42,0.85,11.11,-49.50,11.10,21.28,17.38,1
O,2022-11-13 11:53:59.960305,0.83,-0.46,-0.60,-11.90,-8.79,-52.98,11.10,21.28,17.38,1
O,2022-11-13 11:53:59.960467,0.74,-0.38,-0.78,-17.52,-3.48,-40.16,10.28,21.52,16.65,1
O,2022-11-13 11:53:59.960640,0.66,-0.47,-0.79,-25.15,14.71,-28.02,10.28,21.52,16.65,1
O,2022-11-13 11:53:59.960800,0.69,-0.39,-0.63,-16.11,20.14,-23.44,9.55,22.95,16.92,1
O,2022-11-13 11:53:59.960970,0.72,-0.54,-0.75,-5.98,22.95,-18.43,9.55,22.95,16.92,1
O,2022-11-13 11:53:59.961130,0.74,-0.48,-0.61,-19.53,28.93,-23.50,9.55,22.95,16.92,1
O,2022-11-13 11:53:59.961300,0.72,-0.47,-0.59,-22.77,20.08,-22.64,8.28,24.15,15.70,1
O,2022-11-13 11:53:59.961464,0.67,-0.46,-0.60,-27.16,15.44,-19.53,8.28,24.15,15.70,1
O,2022-11-13 11:53:59.961629,0.66,-0.42,-0.57,-26.79,16.85,-12.82,8.28,24.15,15.70,1
O,2022-11-13 11:53:59.961784,0.66,-0.41,-0.54,-24.78,20.81,2.56,7.37,25.28,16.28,1
O,2022-11-13 11:53:59.961939,0.71,-0.45,-0.55,-22.52,22.03,11.90,7.37,25.28,16.28,1
O,2022-11-13 11:53:59.962106,0.71,-0.44,-0.56,-20.45,22.16,18.68,7.37,25.28,16.28,1
O,2022-11-13 11:53:59.962264,0.68,-0.43,-0.57,-18.19,20.94,23.80,6.82,26.55,15.99,1
O,2022-11-13 11:53:59.962432,0.66,-0.44,-0.57,-16.17,19.90,26.37,6.82,26.55,15.99,1
O,2022-11-13 11:53:59.962591,0.65,-0.48,-0.54,-15.08,14.47,21.48,6.41,27.08,16.09,1
O,2022-11-13 11:53:59.962750,0.63,-0.45,-0.58,-16.24,12.63,14.53,6.41,27.08,16.09,1
O,2022-11-13 11:53:59.962915,0.64,-0.40,-0.59,-15.08,12.02,9.83,6.41,27.08,16.09,1
O,2022-11-13 11:53:59.963069,0.65,-0.39,-0.62,-11.23,9.89,10.93,6.37,26.99,14.06,1
O,2022-11-13 11:53:59.963232,0.65,-0.40,-0.63,-4.46,8.00,13.85,6.37,26.99,14.06,1
O,2022-11-13 11:53:59.963381,0.64,-0.47,-0.61,2.69,7.20,13.79,6.37,26.99,14.06,1
O,2022-11-13 11:53:59.963533,0.63,-0.53,-0.57,3.30,5.13,9.52,7.15,27.11,15.92,1
O,2022-11-13 11:53:59.963682,0.64,-0.52,-0.57,0.73,3.17,5.31,7.15,27.11,15.92,1
O,2022-11-13 11:53:59.963834,0.63,-0.47,-0.59,-2.26,1.95,4.82,7.15,27.11,15.92,1
O,2022-11-13 11:53:59.963990,0.61,-0.46,-0.60,0.37,0.31,7.81,7.13,27.58,16.35,1
O,2022-11-13 11:53:59.964142,0.58,-0.47,-0.62,8.91,0.79,10.44,7.13,27.58,16.35,1
O,2022-11-13 11:53:59.964294,0.57,-0.51,-0.57,9.22,0.43,9.28,6.58,27.61,15.33,1
O,2022-11-13 11:53:59.964445,0.58,-0.53,-0.56,6.23,-2.14,7.69,6.58,27.61,15.33,1
O,2022-11-13 11:53:59.964594,0.58,-0.54,-0.59,2.69,-3.48,6.65,6.58,27.61,15.33,1
O,2022-11-13 11:53:59.964755,0.58,-0.53,-0.61,-0.49,-3.42,6.47,7.25,26.94,14.61,1
O,2022-11-13 11:53:59.964906,0.58,-0.52,-0.62,0.00,-3.91,7.87,7.25,26.94,14.61,1
O,2022-11-13 11:53:59.965061,0.58,-0.53,-0.64,3.30,-3.23,9.58,7.25,26.94,14.61,1
O,2022-11-13 11:53:59.965217,0.57,-0.55,-0.62,7.63,-1.53,10.86,6.91,27.15,15.30,1
O,2022-11-13 11:53:59.965370,0.57,-0.57,-0.60,9.09,1.22,10.38,6.91,27.15,15.30,1
O,2022-11-13 11:53:59.965525,0.59,-0.57,-0.59,5.68,4.33,9.64,6.91,27.15,15.30,1
O,2022-11-13 11:53:59.965672,0.63,-0.56,-0.58,4.39,5.07,6.35,6.99,26.78,15.92,1
O,2022-11-13 11:53:59.965822,0.66,-0.53,-0.59,4.46,2.81,5.07,6.99,26.78,15.92,1
O,2022-11-13 11:53:59.965969,0.68,-0.52,-0.59,6.10,1.53,4.15,7.78,26.65,16.16,1
O,2022-11-13 11:53:59.966130,0.68,-0.50,-0.60,8.00,0.43,3.30,7.78,26.65,16.16,1
O,2022-11-13 11:53:59.966305,0.69,-0.47,-0.59,10.07,-0.55,3.91,7.78,26.65,16.16,1
O,2022-11-13 11:53:59.966458,0.68,-0.46,-0.56,14.28,-2.62,6.84,7.62,26.21,16.67,1
O,2022-11-13 11:53:59.966617,0.66,-0.49,-0.53,15.93,-5.25,5.49,7.62,26.21,16.67,1
O,2022-11-13 11:53:59.966777,0.66,-0.49,-0.55,12.21,-9.64,3.05,7.62,26.21,16.67,1
O,2022-11-13 11:53:59.966935,0.67,-0.50,-0.60,11.23,-12.57,-0.79,7.90,25.67,16.74,1
O,2022-11-13 11:53:59.967106,0.70,-0.47,-0.59,9.03,-13.12,-6.16,7.90,25.67,16.74,1
O,2022-11-13 11:53:59.967262,0.70,-0.41,-0.61,10.99,-15.69,-9.89,7.90,25.67,16.74,1
O,2022-11-13 11:53:59.967430,0.71,-0.36,-0.63,16.17,-19.04,-7.14,8.36,25.17,16.61,1
O,2022-11-13 11:53:59.967603,0.73,-0.40,-0.60,24.29,-21.61,-4.70,8.36,25.17,16.61,1
O,2022-11-13 11:53:59.967766,0.73,-0.43,-0.57,26.31,-24.66,-3.97,8.37,24.46,17.24,1
O,2022-11-13 11:53:59.967923,0.72,-0.43,-0.53,24.23,-28.38,-3.85,8.37,24.46,17.24,1
O,2022-11-13 11:53:59.968095,0.71,-0.42,-0.50,16.91,-32.29,-0.79,8.37,24.46,17.24,1
O,2022-11-13 11:53:59.968260,0.69,-0.41,-0.50,10.44,-34.91,2.01,10.05,24.65,16.86,1
O,2022-11-13 11:53:59.968417,0.67,-0.39,-0.50,11.35,-32.47,2.75,10.05,24.65,16.86,1
O,2022-11-13 11:53:59.968580,0.69,-0.41,-0.51,14.28,-29.54,0.79,10.05,24.65,16.86,1
O,2022-11-13 11:53:59.968740,0.72,-0.40,-0.51,18.07,-27.71,-5.07,11.11,24.29,15.77,1
O,2022-11-13 11:53:59.968913,0.75,-0.39,-0.51,17.33,-27.22,-13.79,11.11,24.29,15.77,1
O,2022-11-13 11:53:59.969073,0.79,-0.35,-0.52,17.70,-27.77,-15.44,11.11,24.29,15.77,1
O,2022-11-13 11:53:59.969234,0.81,-0.29,-0.55,17.40,-28.56,-12.70,11.62,23.77,16.74,1
O,2022-11-13 11:53:59.969399,0.82,-0.28,-0.59,19.35,-28.81,-8.06,11.62,23.77,16.74,1
O,2022-11-13 11:53:59.969558,0.83,-0.26,-0.64,23.13,-27.47,-4.46,12.88,23.17,17.54,1
O,2022-11-13 11:53:59.969728,0.83,-0.26,-0.66,29.72,-25.02,-1.46,12.88,23.17,17.54,1
O,2022-11-13 11:53:59.969875,0.80,-0.27,-0.63,38.02,-21.30,0.92,0.00,0.00,0.00,1
O,2022-11-13 11:53:59.970040,0.79,-0.29,-0.58,45.96,-23.07,0.31,13.93,22.13,16.98,1
O,2022-11-13 11:53:59.970198,0.77,-0.31,-0.57,49.56,-26.37,-1.34,13.93,22.13,16.98,1
O,2022-11-13 11:53:59.970355,0.76,-0.30,-0.59,50.35,-29.30,-4.09,13.93,22.13,16.98,1
O,2022-11-13 11:53:59.970523,0.76,-0.31,-0.59,54.32,-29.11,-6.84,14.47,20.63,17.86,1
O,2022-11-13 11:53:59.970683,0.76,-0.34,-0.59,66.10,-26.79,-13.24,14.47,20.63,17.86,1
O,2022-11-13 11:53:59.970857,0.76,-0.35,-0.56,67.63,-24.72,-17.46,14.47,20.63,17.86,1
O,2022-11-13 11:53:59.971018,0.78,-0.33,-0.53,65.86,-24.17,-19.47,15.25,18.79,18.36,1
O,2022-11-13 11:53:59.971188,0.78,-0.32,-0.51,64.39,-24.96,-17.09,15.25,18.79,18.36,1
O,2022-11-13 11:53:59.971356,0.77,-0.33,-0.52,61.10,-25.82,-12.57,15.73,16.89,19.97,1
O,2022-11-13 11:53:59.971520,0.77,-0.34,-0.55,55.30,-19.53,-9.70,15.73,16.89,19.97,1
O,2022-11-13 11:53:59.971683,0.79,-0.31,-0.56,54.75,-16.05,-11.29,15.73,16.89,19.97,1
O,2022-11-13 11:53:59.971844,0.82,-0.28,-0.56,57.19,-13.79,-12.63,16.24,14.69,19.62,1
O,2022-11-13 11:53:59.972017,0.84,-0.26,-0.54,61.58,-14.71,-12.57,16.24,14.69,19.62,1
O,2022-11-13 11:53:59.972176,0.86,-0.25,-0.55,61.65,-17.15,-9.40,16.24,14.69,19.62,1
O,2022-11-13 11:53:59.972347,0.87,-0.25,-0.58,58.35,-16.72,-2.26,16.85,12.59,19.53,1
O,2022-11-13 11:53:59.972503,0.88,-0.25,-0.58,52.61,-15.14,0.92,16.85,12.59,19.53,1
O,2022-11-13 11:53:59.972671,0.89,-0.23,-0.60,49.38,-14.53,1.65,16.85,12.59,19.53,1
O,2022-11-13 11:53:59.972830,0.91,-0.21,-0.64,46.45,-14.77,0.49,17.29,11.27,19.57,1
O,2022-11-13 11:53:59.972990,0.89,-0.18,-0.63,46.69,-14.53,-1.22,17.29,11.27,19.57,1
O,2022-11-13 11:53:59.973153,0.93,-0.15,-0.63,48.71,-13.98,-2.69,18.07,9.07,19.04,1
O,2022-11-13 11:53:59.973321,0.91,-0.13,-0.59,47.49,-18.55,0.98,18.07,9.07,19.04,1
O,2022-11-13 11:53:59.973481,0.87,-0.16,-0.58,47.36,-22.77,6.53,18.07,9.07,19.04,1
O,2022-11-13 11:53:59.973664,0.84,-0.19,-0.56,41.99,-23.01,9.09,19.71,7.25,19.73,1
O,2022-11-13 11:53:59.973853,0.83,-0.21,-0.53,36.32,-22.95,6.59,19.71,7.25,19.73,1
O,2022-11-13 11:53:59.974033,0.82,-0.18,-0.52,32.71,-24.35,-1.28,19.71,7.25,19.73,1
O,2022-11-13 11:53:59.974208,0.84,-0.12,-0.54,30.15,-24.11,-0.55,20.19,5.85,19.48,1
O,2022-11-13 11:53:59.974396,0.84,-0.13,-0.53,31.07,-21.61,4.33,20.19,5.85,19.48,1
O,2022-11-13 11:53:59.974580,0.84,-0.15,-0.50,27.71,-20.39,8.12,20.19,5.85,19.48,1
O,2022-11-13 11:53:59.974762,0.84,-0.15,-0.49,25.09,-20.45,7.26,20.83,4.60,18.05,1
O,2022-11-13 11:53:59.974939,0.84,-0.11,-0.49,21.36,-20.08,6.65,20.83,4.60,18.05,1
O,2022-11-13 11:53:59.975113,0.84,-0.09,-0.50,17.33,-18.92,9.16,21.94,4.37,19.38,1
O,2022-11-13 11:53:59.975310,0.83,-0.08,-0.48,18.07,-17.52,10.93,21.94,4.37,19.38,1
O,2022-11-13 11:53:59.975469,0.83,-0.08,-0.47,19.84,-16.78,11.41,21.94,4.37,19.38,1
O,2022-11-13 11:53:59.975644,0.81,-0.08,-0.46,21.61,-15.99,11.35,22.29,2.91,18.24,1
O,2022-11-13 11:53:59.975820,0.82,-0.08,-0.45,20.32,-13.18,9.77,22.29,2.91,18.24,1
O,2022-11-13 11:53:59.975998,0.82,-0.09,-0.45,15.75,-10.74,6.71,22.29,2.91,18.24,1
O,2022-11-13 11:53:59.976184,0.85,-0.09,-0.45,12.82,-9.28,3.11,22.52,1.99,18.02,1
O,2022-11-13 11:53:59.976366,0.86,-0.08,-0.42,12.15,-7.93,0.06,22.52,1.99,18.02,1
O,2022-11-13 11:53:59.976543,0.88,-0.07,-0.40,12.51,-7.81,-0.24,22.52,1.99,18.02,1
O,2022-11-13 11:53:59.976713,0.86,-0.10,-0.38,12.51,-8.61,0.85,23.07,1.71,17.80,1
O,2022-11-13 11:53:59.976897,0.87,-0.10,-0.37,7.32,-7.69,2.50,23.07,1.71,17.80,1
O,2022-11-13 11:53:59.977064,0.86,-0.12,-0.36,4.52,-6.59,3.05,24.11,0.71,16.75,1
O,2022-11-13 11:53:59.977233,0.91,-0.11,-0.37,2.20,-4.46,2.38,24.11,0.71,16.75,1
O,2022-11-13 11:53:59.977402,0.91,-0.10,-0.40,-1.77,-2.26,1.34,24.11,0.71,16.75,1
O,2022-11-13 11:53:59.977560,0.94,-0.09,-0.42,-4.03,1.71,0.73,23.77,1.09,17.30,1
O,2022-11-13 11:53:59.977728,0.95,-0.08,-0.44,-5.37,4.70,0.55,23.77,1.09,17.30,1
O,2022-11-13 11:53:59.977896,0.93,-0.06,-0.43,-1.16,5.49,1.59,23.77,1.09,17.30,1
O,2022-11-13 11:53:59.978072,0.94,-0.08,-0.44,1.34,5.92,5.68,23.85,0.55,17.58,1
O,2022-11-13 11:53:59.978231,0.95,-0.10,-0.45,1.34,5.98,10.80,23.85,0.55,17.58,1
O,2022-11-13 11:53:59.978379,0.93,-0.11,-0.43,3.60,5.13,12.33,23.85,0.55,17.58,1
O,2022-11-13 11:53:59.978536,0.90,-0.10,-0.41,8.61,1.53,10.07,23.78,0.55,16.65,1
O,2022-11-13 11:53:59.978686,0.85,-0.13,-0.39,12.63,-0.61,8.12,23.78,0.55,16.65,1
O,2022-11-13 11:53:59.978855,0.84,-0.15,-0.39,12.15,-1.28,4.27,23.91,-0.07,17.03,1
O,2022-11-13 11:53:59.979011,0.84,-0.16,-0.40,11.05,-0.85,-0.31,23.91,-0.07,17.03,1
O,2022-11-13 11:53:59.979163,0.85,-0.16,-0.39,9.40,0.61,-3.42,23.91,-0.07,17.03,1
O,2022-11-13 11:53:59.979321,0.86,-0.16,-0.38,5.68,-1.10,-4.58,24.28,-1.17,15.75,1
O,2022-11-13 11:53:59.979476,0.85,-0.16,-0.40,3.66,-3.23,-3.23,24.28,-1.17,15.75,1
O,2022-11-13 11:53:59.979645,0.83,-0.16,-0.42,0.67,-2.14,-0.98,24.28,-1.17,15.75,1
O,2022-11-13 11:53:59.979794,0.80,-0.17,-0.48,0.18,1.22,2.08,24.18,-1.01,17.25,1
O,2022-11-13 11:53:59.979949,0.87,-0.17,-0.46,1.89,3.66,5.86,24.18,-1.01,17.25,1
O,2022-11-13 11:53:59.980101,0.89,-0.27,-0.43,-0.18,3.91,1.34,24.18,-1.01,17.25,1
O,2022-11-13 11:53:59.980253,0.89,-0.15,-0.45,-8.67,0.92,4.09,24.01,-1.39,16.72,1
O,2022-11-13 11:53:59.980418,0.87,-0.16,-0.48,-10.62,0.37,11.78,24.01,-1.39,16.72,1
O,2022-11-13 11:53:59.980576,0.86,-0.15,-0.48,-10.31,3.11,15.32,24.12,-0.77,18.07,1
O,2022-11-13 11:53:59.980742,0.86,-0.16,-0.45,-6.71,6.16,17.21,24.12,-0.77,18.07,1
O,2022-11-13 11:53:59.980896,0.87,-0.19,-0.46,-6.77,8.48,14.47,24.12,-0.77,18.07,1
O,2022-11-13 11:53:59.981050,0.91,-0.18,-0.45,-7.69,9.52,11.72,24.44,-0.99,16.50,1
O,2022-11-13 11:53:59.981213,0.95,-0.19,-0.44,-8.18,9.09,10.80,24.44,-0.99,16.50,1
O,2022-11-13 11:53:59.981370,0.95,-0.18,-0.45,-10.19,7.08,10.99,24.44,-0.99,16.50,1
O,2022-11-13 11:53:59.981537,0.95,-0.18,-0.46,-11.35,5.74,12.70,24.02,-0.95,16.27,1
O,2022-11-13 11:53:59.981691,0.94,-0.21,-0.46,-8.18,4.82,12.57,24.02,-0.95,16.27,1
O,2022-11-13 11:53:59.981852,0.92,-0.24,-0.44,-5.98,5.07,7.81,24.02,-0.95,16.27,1
O,2022-11-13 11:53:59.982004,0.92,-0.24,-0.43,-5.25,4.70,2.81,24.00,-0.98,17.25,1
O,2022-11-13 11:53:59.982165,0.92,-0.23,-0.42,-6.84,4.70,0.98,24.00,-0.98,17.25,1
O,2022-11-13 11:53:59.982323,0.94,-0.21,-0.38,-8.06,3.11,2.14,23.52,-0.44,16.09,1
O,2022-11-13 11:53:59.982480,0.89,-0.24,-0.39,-14.53,-1.89,4.64,23.52,-0.44,16.09,1
O,2022-11-13 11:53:59.982649,0.85,-0.19,-0.40,-16.91,-2.50,5.43,23.52,-0.44,16.09,1
O,2022-11-13 11:53:59.982822,0.85,-0.18,-0.42,-18.13,-2.75,7.08,23.86,0.50,16.99,1
O,2022-11-13 11:53:59.982996,0.87,-0.17,-0.44,-19.90,-0.24,6.23,23.86,0.50,16.99,1
O,2022-11-13 11:53:59.983153,0.87,-0.17,-0.40,-16.60,1.28,2.81,23.86,0.50,16.99,1
O,2022-11-13 11:53:59.983312,0.88,-0.20,-0.42,-15.01,-0.24,-1.04,23.99,-0.26,16.31,1
O,2022-11-13 11:53:59.983477,0.90,-0.20,-0.37,-22.28,-3.30,-9.16,23.99,-0.26,16.31,1
O,2022-11-13 11:53:59.983641,0.86,-0.20,-0.38,-25.70,-8.24,-15.01,23.99,-0.26,16.31,1
O,2022-11-13 11:53:59.983806,0.85,-0.17,-0.37,-31.98,-8.30,-20.39,24.39,1.78,16.55,1
O,2022-11-13 11:53:59.983967,0.86,-0.15,-0.36,-38.09,-8.12,-19.41,24.39,1.78,16.55,1
O,2022-11-13 11:53:59.984130,0.84,-0.18,-0.38,-36.38,-8.79,-13.79,24.83,3.55,17.74,1
O,2022-11-13 11:53:59.984291,0.85,-0.21,-0.40,-23.62,-7.93,-11.90,24.83,3.55,17.74,1
O,2022-11-13 11:53:59.984467,0.85,-0.23,-0.38,-25.02,-4.15,-10.56,24.83,3.55,17.74,1
O,2022-11-13 11:53:59.984631,0.87,-0.18,-0.36,-31.25,-1.46,-9.16,25.56,4.86,16.56,1
O,2022-11-13 11:53:59.984798,0.88,-0.14,-0.37,-41.08,-0.85,-1.34,25.56,4.86,16.56,1
O,2022-11-13 11:53:59.984965,0.87,-0.17,-0.40,-39.73,-0.67,12.15,25.56,4.86,16.56,1
O,2022-11-13 11:53:59.985121,0.86,-0.22,-0.40,-35.10,3.17,24.41,25.38,5.85,17.74,1
O,2022-11-13 11:53:59.985285,0.86,-0.24,-0.33,-31.25,3.11,25.09,25.38,5.85,17.74,1
O,2022-11-13 11:53:59.985442,0.85,-0.25,-0.34,-33.51,1.59,26.00,25.38,5.85,17.74,1
O,2022-11-13 11:53:59.985597,0.89,-0.25,-0.41,-43.82,3.30,29.30,25.02,6.38,18.69,1
O,2022-11-13 11:53:59.985762,0.88,-0.29,-0.42,-40.10,11.05,30.58,25.02,6.38,18.69,1
O,2022-11-13 11:53:59.985931,0.91,-0.26,-0.37,-48.58,22.34,28.08,24.33,7.17,18.52,1
O,2022-11-13 11:53:59.986097,0.97,-0.25,-0.32,-60.24,19.23,29.42,24.33,7.17,18.52,1
O,2022-11-13 11:53:59.986252,0.99,-0.14,-0.44,-67.08,10.31,31.19,24.33,7.17,18.52,1
O,2022-11-13 11:53:59.986411,1.05,-0.10,-0.40,-86.67,8.30,47.18,23.74,9.14,19.10,1
O,2022-11-13 11:53:59.986571,0.89,-0.21,-0.43,-108.15,10.19,63.66,23.74,9.14,19.10,1
O,2022-11-13 11:53:59.986731,0.95,-0.25,-0.41,-159.79,37.96,64.39,23.74,9.14,19.10,1
O,2022-11-13 11:53:59.986906,0.94,-0.38,-0.44,-196.35,69.76,60.12,22.72,13.48,18.85,1
O,2022-11-13 11:53:59.987068,1.00,-0.34,-0.46,-181.58,86.85,40.71,22.72,13.48,18.85,1
O,2022-11-13 11:53:59.987239,1.03,-0.29,-0.40,-159.97,82.64,22.64,22.72,13.48,18.85,1
O,2022-11-13 11:53:59.987402,1.02,-0.21,-0.43,-175.54,69.09,21.18,19.91,20.67,19.18,1
O,2022-11-13 11:53:59.987574,1.00,-0.28,-0.37,-189.82,67.63,29.36,19.91,20.67,19.18,1
O,2022-11-13 11:53:59.987737,0.77,-0.50,-0.05,-256.23,66.35,34.30,17.98,27.22,18.08,1
O,2022-11-13 11:53:59.987902,0.94,-0.35,-0.22,-247.99,49.07,29.05,17.98,27.22,18.08,1
O,2022-11-13 11:53:59.988075,0.85,-0.43,-0.43,-213.13,14.04,33.81,17.98,27.22,18.08,1
O,2022-11-13 11:53:59.988239,0.85,-0.29,-0.32,-150.09,-20.32,41.44,18.76,34.16,13.66,1
O,2022-11-13 11:53:59.988415,0.81,-0.23,-0.33,-138.37,-40.89,63.42,18.76,34.16,13.66,1
O,2022-11-13 11:53:59.988574,0.69,-0.25,-0.51,-49.87,19.04,80.20,18.76,34.16,13.66,1
O,2022-11-13 11:53:59.988750,0.86,-0.10,-0.44,-144.35,88.68,111.45,20.65,37.05,11.22,1
O,2022-11-13 11:53:59.988914,1.04,-0.61,-0.31,-93.44,109.37,122.25,20.65,37.05,11.22,1
O,2022-11-13 11:53:59.989083,0.97,-0.39,-0.27,-110.41,74.58,98.88,20.65,37.05,11.22,1
O,2022-11-13 11:53:59.989244,0.90,-0.66,-0.61,-22.95,18.19,43.40,20.18,38.39,10.13,1
O,2022-11-13 11:53:59.989404,0.75,-0.55,-0.58,-51.03,52.86,-23.07,20.18,38.39,10.13,1
O,2022-11-13 11:53:59.989576,0.62,-0.39,-0.47,-95.58,72.45,-56.52,18.77,40.45,8.22,1
O,2022-11-13 11:53:59.989738,0.77,-0.13,-0.48,-177.49,48.65,-36.74,18.77,40.45,8.22,1
O,2022-11-13 11:53:59.989912,0.79,-0.18,-0.43,-189.15,24.84,-18.37,18.77,40.45,8.22,1
O,2022-11-13 11:53:59.990072,0.77,-0.21,-0.34,-115.23,18.49,-5.68,17.36,44.63,2.83,1
O,2022-11-13 11:53:59.990231,0.68,-0.30,-0.20,-48.65,1.53,1.40,17.36,44.63,2.83,1
O,2022-11-13 11:53:59.990388,0.80,-0.34,-0.21,-23.50,-15.20,0.43,17.36,44.63,2.83,1
O,2022-11-13 11:53:59.990546,0.78,-0.38,-0.46,-21.55,-31.43,-0.67,17.30,45.32,0.83,1
O,2022-11-13 11:53:59.990721,0.74,-0.49,-0.43,-39.25,-34.85,-2.44,17.30,45.32,0.83,1
O,2022-11-13 11:53:59.990887,0.82,-0.50,-0.35,-54.87,-36.87,-11.60,17.30,45.32,0.83,1
O,2022-11-13 11:53:59.991060,1.02,-0.64,-0.32,-85.21,-42.54,-25.57,17.14,46.90,-0.92,1
O,2022-11-13 11:53:59.991224,0.83,-0.45,-0.19,-59.27,-43.15,-31.19,17.14,46.90,-0.92,1
O,2022-11-13 11:53:59.991411,0.78,-0.48,-0.14,-51.70,-55.85,-34.06,17.07,47.96,-3.37,1
O,2022-11-13 11:53:59.991619,0.92,-0.46,-0.20,-34.12,-67.63,-34.30,17.07,47.96,-3.37,1
O,2022-11-13 11:53:59.991801,0.90,-0.60,-0.30,-6.41,-62.13,-36.19,17.07,47.96,-3.37,1
O,2022-11-13 11:53:59.992007,0.78,-0.70,-0.25,-61.71,-44.98,-45.65,15.84,48.89,-5.60,1
O,2022-11-13 11:53:59.992200,0.80,-0.68,-0.08,-109.31,-39.37,-60.30,15.84,48.89,-5.60,1
O,2022-11-13 11:53:59.992396,0.93,-0.60,0.03,-148.68,-52.19,-63.17,15.84,48.89,-5.60,1
O,2022-11-13 11:53:59.992575,0.93,-0.48,0.05,-132.63,-60.91,-55.97,14.04,50.62,-10.90,1
O,2022-11-13 11:53:59.992796,0.91,-0.37,-0.04,-114.20,-58.23,-40.22,14.04,50.62,-10.90,1
O,2022-11-13 11:53:59.992988,0.92,-0.27,-0.04,-69.64,-28.38,-7.57,14.04,50.62,-10.90,1
O,2022-11-13 11:53:59.993182,0.76,-0.33,0.01,-68.48,-13.61,11.66,12.61,51.26,-15.55,1
O,2022-11-13 11:53:59.993354,0.73,-0.29,0.02,-86.49,-7.93,30.76,12.61,51.26,-15.55,1
O,2022-11-13 11:53:59.993523,0.76,-0.29,0.07,-67.50,-5.43,51.27,13.23,51.37,-18.52,1
O,2022-11-13 11:53:59.993700,0.57,-0.78,0.58,-73.91,-10.31,81.85,13.23,51.37,-18.52,1
O,2022-11-13 11:53:59.993892,0.84,-0.76,0.27,-40.22,-63.23,42.66,13.23,51.37,-18.52,1
O,2022-11-13 11:53:59.994066,0.92,-0.85,0.12,-40.16,-55.11,7.51,14.10,50.79,-20.91,1
O,2022-11-13 11:53:59.994256,1.02,-0.70,-0.04,-34.42,-37.90,-26.67,14.10,50.79,-20.91,1
O,2022-11-13 11:53:59.994454,0.87,-0.48,0.09,-42.60,-14.16,-33.63,14.10,50.79,-20.91,1
O,2022-11-13 11:53:59.994631,0.84,-0.41,0.15,-41.44,-9.28,-18.62,13.00,50.09,-23.23,1
O,2022-11-13 11:53:59.994799,0.91,-0.49,0.17,-35.22,-7.93,7.69,13.00,50.09,-23.23,1
O,2022-11-13 11:53:59.994974,0.94,-0.53,0.18,-16.72,-2.75,20.14,13.00,50.09,-23.23,1
O,2022-11-13 11:53:59.995189,0.87,-0.53,0.24,-9.83,2.87,23.80,13.16,50.54,-24.40,1
O,2022-11-13 11:53:59.995355,0.82,-0.60,0.23,-1.77,3.36,20.87,13.16,50.54,-24.40,1
O,2022-11-13 11:53:59.995520,0.82,-0.62,0.21,-4.76,2.08,12.45,13.65,49.85,-24.73,1
O,2022-11-13 11:53:59.995703,0.83,-0.61,0.12,-5.55,8.00,-0.24,13.65,49.85,-24.73,1
O,2022-11-13 11:53:59.995871,0.80,-0.54,0.21,-11.72,7.81,-6.77,13.65,49.85,-24.73,1
O,2022-11-13 11:53:59.996087,0.66,-0.18,0.33,-55.48,4.88,-3.66,14.10,50.31,-25.40,1
O,2022-11-13 11:53:59.996246,0.90,-0.36,0.19,-86.43,8.85,10.31,14.10,50.31,-25.40,1
O,2022-11-13 11:53:59.996414,1.21,-1.10,-0.25,-61.04,26.25,26.86,14.10,50.31,-25.40,1
O,2022-11-13 11:53:59.996576,0.78,-0.59,0.05,-100.34,53.59,-9.46,14.20,49.05,-28.61,1
O,2022-11-13 11:53:59.996741,0.83,-0.55,0.37,-130.37,76.42,-40.95,14.20,49.05,-28.61,1
O,2022-11-13 11:53:59.996914,0.98,-0.58,0.41,-164.49,68.05,-58.59,14.20,49.05,-28.61,1
O,2022-11-13 11:53:59.997080,0.95,-0.43,0.35,-215.39,52.31,-63.78,13.11,46.44,-32.70,1
O,2022-11-13 11:53:59.997254,0.80,-0.26,0.37,-185.61,39.37,-66.59,13.11,46.44,-32.70,1
O,2022-11-13 11:53:59.997418,0.78,-0.22,0.41,-152.16,28.56,-58.29,11.71,43.49,-38.18,1
O,2022-11-13 11:53:59.997587,0.87,-0.22,0.64,-74.77,-3.66,-48.46,11.71,43.49,-38.18,1
O,2022-11-13 11:53:59.997750,0.86,-0.16,0.50,-31.31,-31.01,-37.23,11.71,43.49,-38.18,1
O,2022-11-13 11:53:59.997918,0.83,-0.13,0.44,-5.49,-43.88,-19.41,10.50,43.13,-39.47,1
O,2022-11-13 11:53:59.998077,0.83,-0.14,0.36,44.56,-48.89,-6.53,10.50,43.13,-39.47,1
O,2022-11-13 11:53:59.998241,0.81,-0.35,0.33,119.69,-44.07,-15.20,10.50,43.13,-39.47,1
O,2022-11-13 11:53:59.998414,0.77,-0.33,0.33,240.72,-38.02,-1.10,9.13,45.89,-35.02,1
O,2022-11-13 11:53:59.998569,0.65,-0.38,0.12,299.44,-27.22,5.98,9.13,45.89,-35.02,1
O,2022-11-13 11:53:59.998738,0.70,-0.66,-0.06,327.33,-3.85,20.32,9.13,45.89,-35.02,1
O,2022-11-13 11:53:59.998894,0.61,-0.63,-0.13,244.57,7.75,36.62,9.61,51.09,-25.54,1
O,2022-11-13 11:53:59.999058,0.78,-0.75,0.01,115.78,14.28,58.23,9.61,51.09,-25.54,1
O,2022-11-13 11:53:59.999220,0.76,-0.60,-0.04,52.61,8.18,21.73,11.54,52.00,-21.11,1
O,2022-11-13 11:53:59.999397,0.87,-1.01,-0.01,42.05,38.09,-14.16,11.54,52.00,-21.11,1
O,2022-11-13 11:53:59.999564,0.96,-0.70,0.32,-5.62,10.13,-44.80,11.54,52.00,-21.11,1
O,2022-11-13 11:53:59.999733,0.84,-0.57,0.27,0.49,-33.14,-36.80,10.52,52.31,-21.95,1
O,2022-11-13 11:53:59.999904,0.78,-0.41,0.24,38.88,-51.03,-10.86,10.52,52.31,-21.95,1
O,2022-11-13 11:54:00.000080,0.85,-0.53,0.05,60.42,-35.40,23.32,10.52,52.31,-21.95,1
O,2022-11-13 11:54:00.000242,0.81,-0.65,0.01,29.85,13.43,37.72,10.25,52.75,-19.01,1
O,2022-11-13 11:54:00.000399,0.83,-0.75,0.00,40.16,35.34,36.07,10.25,52.75,-19.01,1
O,2022-11-13 11:54:00.000556,0.89,-0.83,0.15,15.69,28.87,21.48,10.25,52.75,-19.01,1
O,2022-11-13 11:54:00.000717,0.91,-0.72,0.30,58.78,8.73,-10.68,11.45,53.14,-17.91,1
O,2022-11-13 11:54:00.000882,0.92,-0.71,0.23,103.39,-25.94,-25.63,11.45,53.14,-17.91,1
O,2022-11-13 11:54:00.001049,0.97,-0.62,0.08,33.33,-23.68,-26.98,10.75,53.16,-15.27,1
O,2022-11-13 11:54:00.001213,0.82,-0.69,0.05,-17.33,-23.50,-19.47,10.75,53.16,-15.27,1
O,2022-11-13 11:54:00.001380,0.74,-0.61,0.12,-24.41,-29.91,-5.37,10.75,53.16,-15.27,1
O,2022-11-13 11:54:00.001540,0.74,-0.54,0.09,-5.31,-48.58,14.47,10.75,52.93,-15.92,1
O,2022-11-13 11:54:00.001705,0.77,-0.50,0.01,20.08,-44.56,38.88,10.75,52.93,-15.92,1
O,2022-11-13 11:54:00.001868,0.78,-0.44,0.03,-45.72,-26.55,67.02,10.75,52.93,-15.92,1
O,2022-11-13 11:54:00.002033,0.98,-0.72,0.11,-106.87,-5.98,91.25,13.70,52.66,-16.85,1
O,2022-11-13 11:54:00.002199,0.96,-0.57,0.17,-133.91,14.95,98.33,13.70,52.66,-16.85,1
O,2022-11-13 11:54:00.002363,0.60,-0.30,0.11,-151.43,29.60,89.54,13.70,52.66,-16.85,1
O,2022-11-13 11:54:00.002532,0.96,-0.23,0.10,-124.51,48.22,70.86,16.89,50.65,-22.49,1
O,2022-11-13 11:54:00.002689,0.63,-1.36,0.61,-9.40,90.88,84.90,16.89,50.65,-22.49,1
O,2022-11-13 11:54:00.002853,0.82,-0.75,0.08,-65.67,35.95,3.42,19.97,49.89,-23.11,1
O,2022-11-13 11:54:00.003018,1.04,-0.65,0.53,-174.56,8.85,-22.34,19.97,49.89,-23.11,1
O,2022-11-13 11:54:00.003189,0.81,-0.41,0.35,-170.23,-16.66,-38.70,19.97,49.89,-23.11,1
O,2022-11-13 11:54:00.003353,0.77,-0.30,0.25,-96.62,-36.56,-46.63,17.71,48.80,-28.82,1
O,2022-11-13 11:54:00.003515,0.86,-0.12,0.22,-41.14,-56.52,-25.15,17.71,48.80,-28.82,1
O,2022-11-13 11:54:00.003681,0.83,-0.04,0.38,-4.94,-65.00,12.33,17.71,48.80,-28.82,1
O,2022-11-13 11:54:00.003842,0.81,-0.17,0.42,93.20,-77.21,34.97,17.15,48.61,-30.79,1
O,2022-11-13 11:54:00.004014,0.69,-0.44,0.13,225.65,-87.59,31.07,17.15,48.61,-30.79,1
O,2022-11-13 11:54:00.004177,0.65,-0.73,-0.35,204.35,-57.13,-2.69,17.15,48.61,-30.79,1
O,2022-11-13 11:54:00.004345,0.72,-0.31,-0.03,68.18,-20.39,-1.59,16.65,50.05,-24.72,1
O,2022-11-13 11:54:00.004502,0.64,-0.41,0.07,80.38,-6.04,-1.34,16.65,50.05,-24.72,1
O,2022-11-13 11:54:00.004660,0.63,-0.48,0.07,98.27,-3.30,-13.92,17.46,51.06,-22.08,1
O,2022-11-13 11:54:00.004825,0.64,-0.49,0.04,120.48,-1.53,-34.18,17.46,51.06,-22.08,1
O,2022-11-13 11:54:00.004988,0.64,-0.52,0.08,128.91,4.76,-57.80,17.46,51.06,-22.08,1
O,2022-11-13 11:54:00.005157,0.68,-0.57,0.09,94.12,13.61,-66.28,14.94,52.43,-17.31,1
O,2022-11-13 11:54:00.005316,0.63,-0.64,0.13,61.89,12.76,-63.17,14.94,52.43,-17.31,1
O,2022-11-13 11:54:00.005481,0.67,-0.74,0.08,44.31,2.50,-57.25,14.94,52.43,-17.31,1
O,2022-11-13 11:54:00.005635,0.74,-0.85,0.08,24.41,1.53,-46.14,12.43,53.83,-14.93,1
O,2022-11-13 11:54:00.005792,0.58,-0.88,0.13,29.97,9.28,-45.47,12.43,53.83,-14.93,1
O,2022-11-13 11:54:00.005964,0.60,-0.92,0.20,70.07,13.92,-56.95,12.43,53.83,-14.93,1
O,2022-11-13 11:54:00.006126,0.69,-0.80,0.25,91.80,5.74,-54.32,11.15,53.71,-12.71,1
O,2022-11-13 11:54:00.006300,0.64,-0.69,0.20,103.15,-6.59,-43.58,11.15,53.71,-12.71,1
O,2022-11-13 11:54:00.006455,0.52,-0.66,0.23,83.56,-13.00,-26.31,9.27,53.66,-9.27,1
O,2022-11-13 11:54:00.006616,0.65,-0.60,0.23,67.14,-18.74,-9.28,9.27,53.66,-9.27,1
O,2022-11-13 11:54:00.006769,0.60,-0.63,0.27,83.19,-22.83,-8.36,9.27,53.66,-9.27,1
O,2022-11-13 11:54:00.006928,0.63,-0.74,0.17,104.19,-21.12,-15.20,8.97,52.70,-6.95,1
O,2022-11-13 11:54:00.007097,0.59,-0.75,-0.01,89.72,-13.61,-21.36,8.97,52.70,-6.95,1
O,2022-11-13 11:54:00.007253,0.57,-0.69,-0.01,64.27,-1.65,-28.75,8.97,52.70,-6.95,1
O,2022-11-13 11:54:00.007418,0.57,-0.66,-0.01,38.51,7.26,-34.06,7.93,51.95,-3.15,1
O,2022-11-13 11:54:00.007573,0.53,-0.65,0.01,13.43,10.25,-40.71,7.93,51.95,-3.15,1
O,2022-11-13 11:54:00.007736,0.58,-0.70,-0.00,11.29,10.31,-44.68,7.93,51.95,-3.15,1
O,2022-11-13 11:54:00.007897,0.63,-0.81,-0.06,12.82,14.65,-43.09,5.29,52.09,-2.77,1
O,2022-11-13 11:54:00.008071,0.65,-0.89,-0.16,17.52,28.20,-41.56,5.29,52.09,-2.77,1
O,2022-11-13 11:54:00.008237,0.61,-0.86,-0.20,8.54,41.99,-41.20,2.44,51.72,-1.86,1
O,2022-11-13 11:54:00.008394,0.51,-0.83,-0.20,-1.83,45.29,-42.91,2.44,51.72,-1.86,1
O,2022-11-13 11:54:00.008558,0.60,-0.82,-0.15,13.98,32.53,-42.11,2.44,51.72,-1.86,1
O,2022-11-13 11:54:00.008719,0.62,-0.80,-0.14,19.59,16.72,-39.92,0.23,50.71,-2.44,1
O,2022-11-13 11:54:00.008876,0.68,-0.83,-0.19,18.68,8.06,-32.10,0.23,50.71,-2.44,1
O,2022-11-13 11:54:00.009029,0.65,-0.79,-0.22,4.58,7.26,-17.82,0.23,50.71,-2.44,1
O,2022-11-13 11:54:00.009186,0.65,-0.77,-0.21,-30.52,18.07,4.76,-1.48,51.35,-2.15,1
O,2022-11-13 11:54:00.009354,0.63,-0.77,-0.17,-38.02,26.98,19.90,-1.48,51.35,-2.15,1
O,2022-11-13 11:54:00.009514,0.60,-0.80,-0.14,-41.32,28.75,32.35,-1.48,51.35,-2.15,1
O,2022-11-13 11:54:00.009681,0.52,-0.79,-0.13,-52.43,19.71,38.15,-1.48,51.15,-4.44,1
O,2022-11-13 11:54:00.009840,0.59,-0.79,-0.10,-74.65,-0.55,47.42,-1.48,51.15,-4.44,1
O,2022-11-13 11:54:00.010008,0.62,-0.81,-0.16,-109.01,-4.15,63.29,-0.02,52.25,-8.01,1
O,2022-11-13 11:54:00.010171,0.56,-1.21,-0.18,-146.67,9.28,56.40,-0.02,52.25,-8.01,1
O,2022-11-13 11:54:00.010345,0.57,-1.06,0.07,-217.41,13.31,34.06,-0.02,52.25,-8.01,1
O,2022-11-13 11:54:00.010582,0.70,-0.85,0.37,-167.11,-2.14,12.15,1.54,53.45,-15.01,1
O,2022-11-13 11:54:00.010752,0.69,-0.89,0.35,-85.14,-30.21,12.70,1.54,53.45,-15.01,1
O,2022-11-13 11:54:00.010932,0.67,-0.76,0.27,-27.16,-66.04,25.76,1.54,53.45,-15.01,1
O,2022-11-13 11:54:00.011133,0.65,-0.82,0.17,-13.85,-71.84,28.50,2.09,53.32,-17.09,1
O,2022-11-13 11:54:00.011304,0.59,-0.79,0.15,-9.03,-71.53,26.12,2.09,53.32,-17.09,1
O,2022-11-13 11:54:00.011481,0.58,-0.78,0.23,-11.60,-70.56,24.23,2.09,53.32,-17.09,1
O,2022-11-13 11:54:00.011674,0.58,-0.76,0.25,-6.53,-72.63,22.28,2.15,53.13,-15.92,1
O,2022-11-13 11:54:00.011848,0.59,-0.75,0.30,-9.77,-75.07,29.72,2.15,53.13,-15.92,1
O,2022-11-13 11:54:00.012023,0.60,-0.76,0.18,1.10,-69.89,29.48,3.47,53.48,-17.74,1
O,2022-11-13 11:54:00.012219,0.61,-0.79,0.22,-2.38,-57.68,25.63,3.47,53.48,-17.74,1
O,2022-11-13 11:54:00.012389,0.63,-0.79,0.27,-0.06,-46.75,21.18,3.47,53.48,-17.74,1
O,2022-11-13 11:54:00.012567,0.62,-0.80,0.27,4.46,-39.00,17.40,3.78,53.41,-18.59,1
O,2022-11-13 11:54:00.012733,0.62,-0.81,0.30,5.98,-33.26,16.17,3.78,53.41,-18.59,1
O,2022-11-13 11:54:00.012895,0.64,-0.76,0.30,7.63,-32.96,20.69,3.78,53.41,-18.59,1
O,2022-11-13 11:54:00.013073,0.62,-0.75,0.35,2.01,-32.84,27.47,4.90,53.11,-17.80,1
O,2022-11-13 11:54:00.013247,0.63,-0.72,0.38,4.94,-34.79,31.74,4.90,53.11,-17.80,1
O,2022-11-13 11:54:00.013432,0.64,-0.70,0.38,3.85,-36.68,34.97,4.90,53.11,-17.80,1
O,2022-11-13 11:54:00.013606,0.65,-0.67,0.39,-4.39,-36.07,38.51,6.37,52.37,-16.78,1
O,2022-11-13 11:54:00.013774,0.64,-0.67,0.47,-10.44,-31.80,40.41,6.37,52.37,-16.78,1
O,2022-11-13 11:54:00.013955,0.62,-0.61,0.48,-3.91,-32.29,39.00,7.75,52.23,-17.70,1
O,2022-11-13 11:54:00.014126,0.61,-0.60,0.48,-5.07,-33.02,39.31,7.75,52.23,-17.70,1
O,2022-11-13 11:54:00.014300,0.61,-0.58,0.50,-7.02,-31.49,38.57,7.75,52.23,-17.70,1
O,2022-11-13 11:54:00.014471,0.62,-0.57,0.55,-8.48,-29.24,36.87,9.47,51.49,-18.57,1
O,2022-11-13 11:54:00.014644,0.62,-0.55,0.54,-5.00,-24.96,33.02,9.47,51.49,-18.57,1
O,2022-11-13 11:54:00.014803,0.61,-0.55,0.54,-8.18,-19.59,28.93,9.47,51.49,-18.57,1
O,2022-11-13 11:54:00.015022,0.63,-0.56,0.57,-6.35,-13.49,23.38,10.39,51.54,-18.91,1
O,2022-11-13 11:54:00.015195,0.62,-0.55,0.54,2.08,-8.30,16.72,10.39,51.54,-18.91,1
O,2022-11-13 11:54:00.015352,0.62,-0.55,0.54,-2.44,-3.66,12.63,10.39,51.54,-18.91,1
O,2022-11-13 11:54:00.015513,0.62,-0.57,0.54,-3.11,1.89,6.41,10.27,51.61,-18.82,1
O,2022-11-13 11:54:00.015665,0.63,-0.57,0.51,-4.94,5.07,2.87,10.27,51.61,-18.82,1
O,2022-11-13 11:54:00.015825,0.62,-0.57,0.51,-9.40,8.61,1.40,10.14,51.39,-19.12,1
O,2022-11-13 11:54:00.015979,0.62,-0.59,0.52,-7.63,9.77,-0.31,10.14,51.39,-19.12,1
O,2022-11-13 11:54:00.016144,0.64,-0.60,0.48,-6.23,7.39,-1.04,10.14,51.39,-19.12,1
O,2022-11-13 11:54:00.016302,0.63,-0.61,0.47,-8.91,5.49,-0.67,10.99,52.00,-20.96,1
O,2022-11-13 11:54:00.016458,0.64,-0.64,0.46,-2.50,3.91,-1.59,10.99,52.00,-20.96,1
O,2022-11-13 11:54:00.016612,0.65,-0.63,0.44,1.10,1.53,-1.22,10.99,52.00,-20.96,1
O,2022-11-13 11:54:00.016767,0.65,-0.62,0.41,2.75,-0.24,-0.43,10.14,51.32,-19.29,1
O,2022-11-13 11:54:00.016926,0.64,-0.60,0.41,-1.16,-1.28,1.46,10.14,51.32,-19.29,1
O,2022-11-13 11:54:00.017080,0.64,-0.60,0.41,-6.65,-1.77,5.07,10.14,51.32,-19.29,1
O,2022-11-13 11:54:00.017235,0.64,-0.60,0.40,-5.25,-1.59,5.31,10.73,51.35,-19.35,1
O,2022-11-13 11:54:00.017391,0.64,-0.60,0.40,-4.70,0.18,5.43,10.73,51.35,-19.35,1
O,2022-11-13 11:54:00.017541,0.64,-0.59,0.42,-3.42,1.53,4.70,10.55,51.39,-21.11,1
O,2022-11-13 11:54:00.017698,0.64,-0.59,0.42,-2.44,1.16,3.91,10.55,51.39,-21.11,1
O,2022-11-13 11:54:00.017848,0.65,-0.60,0.43,-5.92,1.22,4.03,10.55,51.39,-21.11,1
O,2022-11-13 11:54:00.018001,0.66,-0.62,0.46,-3.66,1.95,3.42,10.50,51.68,-20.42,1
O,2022-11-13 11:54:00.018153,0.66,-0.62,0.44,1.77,2.56,3.17,10.50,51.68,-20.42,1
O,2022-11-13 11:54:00.018302,0.65,-0.61,0.44,2.44,4.21,3.30,10.50,51.68,-20.42,1
O,2022-11-13 11:54:00.018457,0.65,-0.60,0.44,1.10,5.31,3.72,10.49,51.44,-22.16,1
O,2022-11-13 11:54:00.018608,0.64,-0.61,0.47,0.67,4.82,4.88,10.49,51.44,-22.16,1
O,2022-11-13 11:54:00.018764,0.65,-0.59,0.46,0.31,3.60,6.65,10.49,51.44,-22.16,1
O,2022-11-13 11:54:00.018912,0.64,-0.60,0.45,0.37,4.21,7.02,10.93,51.53,-21.22,1
O,2022-11-13 11:54:00.019062,0.64,-0.59,0.45,-1.28,6.16,6.47,10.93,51.53,-21.22,1
O,2022-11-13 11:54:00.019216,0.64,-0.59,0.45,-2.14,7.69,5.49,11.62,51.83,-20.96,1
O,2022-11-13 11:54:00.019368,0.64,-0.58,0.46,-4.15,7.87,5.37,11.62,51.83,-20.96,1
O,2022-11-13 11:54:00.019525,0.65,-0.58,0.47,-7.08,7.08,6.84,11.62,51.83,-20.96,1
O,2022-11-13 11:54:00.019676,0.65,-0.59,0.49,-6.59,6.71,7.32,11.40,51.34,-20.87,1
O,2022-11-13 11:54:00.019827,0.64,-0.58,0.48,-1.34,4.76,6.41,11.40,51.34,-20.87,1
O,2022-11-13 11:54:00.019982,0.64,-0.56,0.47,-1.16,3.17,6.47,11.40,51.34,-20.87,1
O,2022-11-13 11:54:00.020133,0.64,-0.55,0.47,-2.62,2.01,6.90,11.16,51.59,-20.96,1
O,2022-11-13 11:54:00.020288,0.64,-0.55,0.47,-5.37,1.46,6.96,11.16,51.59,-20.96,1
O,2022-11-13 11:54:00.020440,0.64,-0.56,0.48,-4.70,1.22,5.80,11.16,51.59,-20.96,1
O,2022-11-13 11:54:00.020598,0.65,-0.55,0.48,-3.11,0.06,4.88,11.34,51.82,-21.72,1
O,2022-11-13 11:54:00.020755,0.64,-0.55,0.47,-1.95,-0.37,4.03,11.34,51.82,-21.72,1
O,2022-11-13 11:54:00.020909,0.64,-0.54,0.47,-1.89,-0.31,2.93,11.72,51.15,-21.33,1
O,2022-11-13 11:54:00.021068,0.65,-0.53,0.47,-2.99,-1.28,1.83,11.72,51.15,-21.33,1
O,2022-11-13 11:54:00.021224,0.65,-0.54,0.47,-2.62,-2.69,1.28,11.72,51.15,-21.33,1
O,2022-11-13 11:54:00.021386,0.66,-0.55,0.48,-2.20,-2.81,0.98,11.95,51.86,-22.90,1
O,2022-11-13 11:54:00.021544,0.67,-0.56,0.48,-1.53,-2.14,-0.06,11.95,51.86,-22.90,1
O,2022-11-13 11:54:00.021715,0.67,-0.56,0.47,-1.89,-1.22,-0.18,11.95,51.86,-22.90,1
O,2022-11-13 11:54:00.021876,0.67,-0.57,0.47,-3.11,-0.31,-0.37,11.47,51.62,-23.29,1
O,2022-11-13 11:54:00.022040,0.67,-0.57,0.46,-4.46,0.61,-0.06,11.47,51.62,-23.29,1
O,2022-11-13 11:54:00.022195,0.67,-0.57,0.47,-5.19,1.10,0.00,11.47,51.62,-23.29,1
O,2022-11-13 11:54:00.022350,0.66,-0.57,0.47,-0.12,0.55,-1.04,11.30,51.51,-22.78,1
O,2022-11-13 11:54:00.022508,0.66,-0.57,0.46,1.71,0.24,-0.85,11.30,51.51,-22.78,1
O,2022-11-13 11:54:00.022675,0.66,-0.57,0.47,-0.49,0.55,-0.55,11.24,51.78,-22.06,1
O,2022-11-13 11:54:00.022831,0.67,-0.59,0.48,-0.67,0.00,0.24,11.24,51.78,-22.06,1
O,2022-11-13 11:54:00.023002,0.67,-0.59,0.47,2.14,-1.40,0.31,11.24,51.78,-22.06,1
O,2022-11-13 11:54:00.023154,0.67,-0.58,0.47,2.14,-1.77,1.22,11.19,51.89,-21.68,1
O,2022-11-13 11:54:00.023316,0.67,-0.59,0.48,1.77,-1.95,2.62,11.19,51.89,-21.68,1
O,2022-11-13 11:54:00.023482,0.68,-0.58,0.49,3.05,-2.87,5.19,11.19,51.89,-21.68,1
O,2022-11-13 11:54:00.023640,0.66,-0.56,0.48,4.27,-3.72,5.80,11.28,52.04,-23.03,1
O,2022-11-13 11:54:00.023793,0.66,-0.55,0.48,3.23,-4.27,5.86,11.28,52.04,-23.03,1
O,2022-11-13 11:54:00.023972,0.66,-0.56,0.49,3.85,-4.27,5.98,11.28,52.04,-23.03,1
O,2022-11-13 11:54:00.024131,0.66,-0.55,0.50,4.15,-5.31,5.86,11.10,52.09,-22.28,1
O,2022-11-13 11:54:00.024288,0.66,-0.55,0.49,5.86,-7.39,7.45,11.10,52.09,-22.28,1
O,2022-11-13 11:54:00.024447,0.66,-0.54,0.50,4.21,-7.45,8.91,11.16,51.87,-22.05,1
O,2022-11-13 11:54:00.024601,0.65,-0.53,0.50,4.58,-7.69,10.68,11.16,51.87,-22.05,1
O,2022-11-13 11:54:00.024759,0.65,-0.52,0.49,3.23,-7.14,11.41,11.16,51.87,-22.05,1
O,2022-11-13 11:54:00.024922,0.64,-0.52,0.51,1.46,-6.10,12.02,11.46,52.03,-22.03,1
O,2022-11-13 11:54:00.025078,0.63,-0.51,0.50,0.31,-4.88,10.56,11.46,52.03,-22.03,1
O,2022-11-13 11:54:00.025240,0.63,-0.52,0.50,0.49,-3.42,8.00,11.46,52.03,-22.03,1
O,2022-11-13 11:54:00.025394,0.63,-0.51,0.50,0.18,-2.14,5.31,11.89,51.76,-22.99,1
O,2022-11-13 11:54:00.025547,0.63,-0.52,0.50,0.31,-0.92,2.38,11.89,51.76,-22.99,1
O,2022-11-13 11:54:00.025706,0.63,-0.53,0.50,0.67,0.31,-1.16,11.89,51.76,-22.99,1
O,2022-11-13 11:54:00.025859,0.64,-0.56,0.49,-0.24,1.22,-3.54,11.76,51.55,-22.61,1
O,2022-11-13 11:54:00.026025,0.66,-0.58,0.50,-0.98,2.08,-4.88,11.76,51.55,-22.61,1
O,2022-11-13 11:54:00.026178,0.65,-0.60,0.49,-0.67,2.81,-4.33,11.40,51.79,-23.07,1
O,2022-11-13 11:54:00.026340,0.65,-0.60,0.49,0.49,3.78,-4.27,11.40,51.79,-23.07,1
O,2022-11-13 11:54:00.026493,0.64,-0.58,0.48,2.99,4.46,-4.09,11.40,51.79,-23.07,1
O,2022-11-13 11:54:00.026644,0.64,-0.57,0.48,4.33,3.97,-4.03,11.30,52.09,-23.25,1
O,2022-11-13 11:54:00.026805,0.63,-0.57,0.49,5.86,0.24,-1.95,11.30,52.09,-23.25,1
O,2022-11-13 11:54:00.026959,0.63,-0.56,0.49,5.49,-3.36,-0.73,11.30,52.09,-23.25,1
O,2022-11-13 11:54:00.027119,0.65,-0.56,0.49,5.19,-5.19,0.61,10.77,52.16,-22.61,1
O,2022-11-13 11:54:00.027270,0.64,-0.56,0.49,5.25,-5.13,1.16,10.77,52.16,-22.61,1
O,2022-11-13 11:54:00.027423,0.64,-0.56,0.50,5.25,-4.27,-0.18,10.77,52.16,-22.61,1
O,2022-11-13 11:54:00.027589,0.64,-0.56,0.50,7.32,-4.46,-1.89,10.55,51.72,-21.45,1
O,2022-11-13 11:54:00.027742,0.66,-0.61,0.49,8.30,-2.50,-3.60,10.55,51.72,-21.45,1
O,2022-11-13 11:54:00.027904,0.65,-0.57,0.51,11.72,0.31,-7.20,10.35,52.22,-22.63,1
O,2022-11-13 11:54:00.028059,0.65,-0.56,0.52,15.38,0.73,-7.02,10.35,52.22,-22.63,1
O,2022-11-13 11:54:00.028219,0.65,-0.54,0.52,15.81,0.43,-5.00,10.35,52.22,-22.63,1
O,2022-11-13 11:54:00.028389,0.65,-0.55,0.51,9.46,-0.31,-0.43,10.24,52.26,-22.05,1
O,2022-11-13 11:54:00.028547,0.64,-0.59,0.48,10.01,0.24,0.18,10.24,52.26,-22.05,1
O,2022-11-13 11:54:00.028713,0.63,-0.58,0.48,13.06,2.32,-1.77,10.24,52.26,-22.05,1
O,2022-11-13 11:54:00.028890,0.62,-0.58,0.49,16.30,3.97,-2.87,10.53,52.54,-21.13,1
O,2022-11-13 11:54:00.029061,0.60,-0.55,0.49,19.71,3.60,-4.15,10.53,52.54,-21.13,1
O,2022-11-13 11:54:00.029247,0.60,-0.54,0.48,16.66,-0.12,-2.62,10.53,52.54,-21.13,1
O,2022-11-13 11:54:00.029400,0.60,-0.56,0.44,9.89,-1.28,0.55,9.74,52.31,-19.73,1
O,2022-11-13 11:54:00.029581,0.60,-0.56,0.47,0.37,-2.62,3.78,9.74,52.31,-19.73,1
O,2022-11-13 11:54:00.029756,0.62,-0.61,0.48,-3.30,-4.46,4.76,9.73,52.92,-20.91,1
O,2022-11-13 11:54:00.029927,0.63,-0.64,0.47,-4.15,-5.43,2.14,9.73,52.92,-20.91,1
O,2022-11-13 11:54:00.030100,0.65,-0.67,0.49,-3.23,-2.87,-0.61,9.73,52.92,-20.91,1
O,2022-11-13 11:54:00.030319,0.67,-0.68,0.49,-2.32,-0.31,-0.43,9.74,52.94,-21.12,1
O,2022-11-13 11:54:00.030482,0.67,-0.68,0.48,-1.89,3.05,1.16,9.74,52.94,-21.12,1
O,2022-11-13 11:54:00.030648,0.65,-0.66,0.48,-0.12,5.74,1.71,9.74,52.94,-21.12,1
O,2022-11-13 11:54:00.030829,0.64,-0.63,0.49,1.22,5.55,1.89,9.91,52.82,-21.18,1
O,2022-11-13 11:54:00.030991,0.63,-0.63,0.48,3.17,2.20,2.62,9.91,52.82,-21.18,1
O,2022-11-13 11:54:00.031162,0.61,-0.61,0.48,5.74,0.79,1.53,9.91,52.82,-21.18,1
O,2022-11-13 11:54:00.031325,0.61,-0.63,0.47,7.93,-0.31,-0.12,9.94,52.99,-19.79,1
O,2022-11-13 11:54:00.031490,0.60,-0.56,0.49,9.09,-2.14,-2.32,9.94,52.99,-19.79,1
O,2022-11-13 11:54:00.031662,0.62,-0.59,0.48,10.13,-3.85,-1.59,9.75,53.19,-20.92,1
O,2022-11-13 11:54:00.031825,0.63,-0.62,0.48,8.61,-3.30,-1.04,9.75,53.19,-20.92,1
O,2022-11-13 11:54:00.032011,0.61,-0.60,0.49,9.46,-2.01,-1.53,9.75,53.19,-20.92,1
O,2022-11-13 11:54:00.032197,0.61,-0.60,0.48,15.01,-2.44,-1.10,9.77,53.11,-20.72,1
O,2022-11-13 11:54:00.032361,0.59,-0.59,0.47,15.01,-1.34,-0.79,9.77,53.11,-20.72,1
O,2022-11-13 11:54:00.032575,0.60,-0.58,0.47,14.34,0.55,-1.16,9.77,53.11,-20.72,1
O,2022-11-13 11:54:00.032756,0.60,-0.60,0.44,17.88,2.20,-0.79,9.14,53.21,-19.48,1
O,2022-11-13 11:54:00.032946,0.63,-0.62,0.45,21.73,5.98,-2.14,9.14,53.21,-19.48,1
O,2022-11-13 11:54:00.033101,0.55,-0.58,0.42,32.59,7.81,-3.85,9.14,53.21,-19.48,1
O,2022-11-13 11:54:00.033259,0.53,-0.53,0.42,21.91,8.85,-3.97,9.14,53.32,-18.33,1
O,2022-11-13 11:54:00.033411,0.58,-0.60,0.38,21.61,8.73,-2.14,9.14,53.32,-18.33,1
O,2022-11-13 11:54:00.033575,0.55,-0.55,0.40,13.61,9.89,-0.49,9.48,53.60,-17.58,1
O,2022-11-13 11:54:00.033734,0.55,-0.55,0.37,-1.46,5.37,-2.01,9.48,53.60,-17.58,1
O,2022-11-13 11:54:00.033884,0.59,-0.68,0.43,-6.53,1.40,-6.35,9.48,53.60,-17.58,1
O,2022-11-13 11:54:00.034068,0.60,-0.73,0.44,-24.29,-3.30,-15.44,8.62,53.36,-18.40,1
O,2022-11-13 11:54:00.034230,0.61,-0.74,0.42,-117.19,-8.73,-20.81,8.62,53.36,-18.40,1
O,2022-11-13 11:54:00.034397,0.65,-0.66,0.57,-112.67,-7.63,-25.33,8.62,53.36,-18.40,1
O,2022-11-13 11:54:00.034559,0.73,-0.66,0.62,-70.50,-3.11,-14.22,7.41,52.54,-22.92,1
O,2022-11-13 11:54:00.034713,0.70,-0.65,0.61,-46.94,1.28,0.37,7.41,52.54,-22.92,1
O,2022-11-13 11:54:00.034873,0.68,-0.63,0.55,-24.90,9.28,13.98,7.41,52.54,-22.92,1
O,2022-11-13 11:54:00.035023,0.62,-0.69,0.48,8.00,18.98,19.17,7.87,51.94,-24.08,1
O,2022-11-13 11:54:00.035181,0.56,-0.66,0.41,-1.28,25.09,18.01,7.87,51.94,-24.08,1
O,2022-11-13 11:54:00.035339,0.53,-0.54,0.42,-29.48,27.47,16.78,8.70,52.00,-25.22,1
O,2022-11-13 11:54:00.035496,0.53,-0.42,0.52,-32.53,19.47,18.37,8.70,52.00,-25.22,1
O,2022-11-13 11:54:00.035654,0.52,-0.40,0.51,-25.57,7.08,19.96,8.70,52.00,-25.22,1
O,2022-11-13 11:54:00.035813,0.55,-0.44,0.53,-24.05,-2.81,20.94,9.58,52.08,-26.22,1
O,2022-11-13 11:54:00.035980,0.58,-0.49,0.54,-21.24,-10.56,14.83,9.58,52.08,-26.22,1
O,2022-11-13 11:54:00.036139,0.62,-0.51,0.56,-27.10,-14.22,11.11,9.58,52.08,-26.22,1
O,2022-11-13 11:54:00.036310,0.67,-0.54,0.60,-22.16,-14.34,5.55,10.18,51.14,-26.50,1
O,2022-11-13 11:54:00.036470,0.68,-0.53,0.61,-21.24,-10.38,3.48,10.18,51.14,-26.50,1
O,2022-11-13 11:54:00.036630,0.68,-0.52,0.61,-13.61,-5.07,4.15,10.18,51.14,-26.50,1
O,2022-11-13 11:54:00.036791,0.68,-0.53,0.61,-7.45,-0.12,6.96,10.05,50.65,-26.92,1
O,2022-11-13 11:54:00.036941,0.68,-0.53,0.59,0.06,6.84,12.15,10.05,50.65,-26.92,1
O,2022-11-13 11:54:00.037103,0.65,-0.53,0.54,5.07,11.47,13.43,10.27,50.76,-28.10,1
O,2022-11-13 11:54:00.037255,0.63,-0.51,0.54,3.05,13.18,14.04,10.27,50.76,-28.10,1
O,2022-11-13 11:54:00.037415,0.62,-0.50,0.56,1.77,10.80,15.14,10.27,50.76,-28.10,1
O,2022-11-13 11:54:00.037566,0.61,-0.48,0.53,4.70,5.62,14.89,10.68,50.70,-28.28,1
O,2022-11-13 11:54:00.037715,0.62,-0.48,0.51,2.38,1.46,14.83,10.68,50.70,-28.28,1
O,2022-11-13 11:54:00.037881,0.62,-0.48,0.55,-1.89,-1.89,15.32,10.68,50.70,-28.28,1
O,2022-11-13 11:54:00.038035,0.63,-0.48,0.56,0.73,-6.23,15.01,11.44,50.94,-27.23,1
O,2022-11-13 11:54:00.038198,0.63,-0.49,0.54,5.37,-9.46,13.98,11.44,50.94,-27.23,1
O,2022-11-13 11:54:00.038354,0.63,-0.50,0.56,5.55,-11.29,13.00,11.44,50.94,-27.23,1
O,2022-11-13 11:54:00.038512,0.64,-0.50,0.56,6.23,-12.39,10.74,11.99,50.56,-26.18,1
O,2022-11-13 11:54:00.038678,0.65,-0.48,0.57,1.89,-10.99,10.74,11.99,50.56,-26.18,1
O,2022-11-13 11:54:00.038833,0.65,-0.49,0.59,2.32,-9.89,10.74,11.60,50.77,-27.26,1
O,2022-11-13 11:54:00.038997,0.65,-0.49,0.58,4.27,-8.73,10.07,11.60,50.77,-27.26,1
O,2022-11-13 11:54:00.039148,0.64,-0.49,0.58,8.30,-7.14,8.18,11.60,50.77,-27.26,1
O,2022-11-13 11:54:00.039303,0.64,-0.48,0.58,8.00,-5.49,5.68,11.66,51.04,-27.67,1
O,2022-11-13 11:54:00.039454,0.64,-0.47,0.58,4.33,-4.82,6.47,11.66,51.04,-27.67,1
O,2022-11-13 11:54:00.039606,0.64,-0.46,0.58,-0.12,-4.33,9.22,11.66,51.04,-27.67,1
O,2022-11-13 11:54:00.039764,0.64,-0.47,0.59,1.53,-3.72,11.05,12.88,50.38,-26.77,1
O,2022-11-13 11:54:00.039935,0.64,-0.47,0.58,0.31,-3.23,12.45,12.88,50.38,-26.77,1
O,2022-11-13 11:54:00.040106,0.64,-0.48,0.58,-0.18,-2.81,10.25,12.88,50.38,-26.77,1
O,2022-11-13 11:54:00.040260,0.63,-0.46,0.59,-2.87,-2.20,8.97,12.99,50.12,-26.67,1
O,2022-11-13 11:54:00.040417,0.63,-0.45,0.60,-2.75,-1.53,8.85,12.99,50.12,-26.67,1
O,2022-11-13 11:54:00.040577,0.63,-0.45,0.60,-2.69,-0.31,8.54,12.85,50.40,-27.66,1
O,2022-11-13 11:54:00.040728,0.63,-0.45,0.59,-2.56,0.79,6.77,12.85,50.40,-27.66,1
O,2022-11-13 11:54:00.040886,0.63,-0.45,0.59,-1.10,1.34,2.01,12.85,50.40,-27.66,1
O,2022-11-13 11:54:00.041036,0.63,-0.45,0.59,0.55,1.34,0.37,12.82,50.17,-26.90,1
O,2022-11-13 11:54:00.041204,0.62,-0.47,0.60,-0.06,1.16,-0.67,12.82,50.17,-26.90,1
O,2022-11-13 11:54:00.041357,0.62,-0.46,0.60,-2.56,1.04,-0.06,12.82,50.17,-26.90,1
O,2022-11-13 11:54:00.041508,0.63,-0.45,0.61,-3.17,1.40,1.10,13.10,49.67,-27.82,1
O,2022-11-13 11:54:00.041667,0.63,-0.47,0.61,-0.37,1.34,1.10,13.10,49.67,-27.82,1
O,2022-11-13 11:54:00.041814,0.62,-0.47,0.58,0.55,1.95,0.24,13.10,49.67,-27.82,1
O,2022-11-13 11:54:00.041978,0.62,-0.46,0.60,-2.69,2.62,-0.92,13.18,49.77,-26.90,1
O,2022-11-13 11:54:00.042129,0.63,-0.45,0.60,-3.54,1.71,-1.10,13.18,49.77,-26.90,1
O,2022-11-13 11:54:00.042288,0.62,-0.44,0.59,-3.78,1.59,-0.79,12.72,49.84,-27.23,1
O,2022-11-13 11:54:00.042445,0.62,-0.43,0.58,-3.23,0.06,-1.53,12.72,49.84,-27.23,1
O,2022-11-13 11:54:00.042607,0.63,-0.45,0.58,-7.08,0.00,-1.89,12.72,49.84,-27.23,1
O,2022-11-13 11:54:00.042771,0.64,-0.44,0.60,-10.99,0.18,-2.32,12.21,49.82,-29.43,1
O,2022-11-13 11:54:00.042925,0.66,-0.44,0.62,-10.62,0.73,-1.83,12.21,49.82,-29.43,1
O,2022-11-13 11:54:00.043087,0.66,-0.44,0.62,-5.92,1.28,-1.34,12.21,49.82,-29.43,1
O,2022-11-13 11:54:00.043241,0.65,-0.44,0.60,-2.56,2.20,-0.79,12.38,50.05,-28.67,1
O,2022-11-13 11:54:00.043393,0.65,-0.44,0.60,-5.07,3.66,0.12,12.38,50.05,-28.67,1
O,2022-11-13 11:54:00.043555,0.64,-0.43,0.60,-6.59,3.72,0.37,12.38,50.05,-28.67,1
O,2022-11-13 11:54:00.043709,0.64,-0.42,0.60,-6.71,3.91,-0.12,12.05,49.83,-28.44,1
O,2022-11-13 11:54:00.043867,0.65,-0.42,0.60,-8.06,3.78,0.37,12.05,49.83,-28.44,1
O,2022-11-13 11:54:00.044018,0.65,-0.42,0.60,-9.77,4.46,1.77,11.95,49.40,-28.89,1
O,2022-11-13 11:54:00.044173,0.66,-0.43,0.61,-6.71,6.04,1.65,11.95,49.40,-28.89,1
O,2022-11-13 11:54:00.044325,0.65,-0.43,0.60,-5.07,7.14,0.24,11.95,49.40,-28.89,1
O,2022-11-13 11:54:00.044483,0.64,-0.43,0.60,-3.23,7.57,-1.46,12.34,49.63,-29.21,1
O,2022-11-13 11:54:00.044641,0.64,-0.42,0.59,-3.91,6.53,-2.20,12.34,49.63,-29.21,1
O,2022-11-13 11:54:00.044793,0.65,-0.42,0.60,-4.88,5.19,-2.14,12.34,49.63,-29.21,1
O,2022-11-13 11:54:00.044955,0.66,-0.43,0.60,-5.25,5.98,-1.04,11.88,49.37,-28.94,1
O,2022-11-13 11:54:00.045114,0.66,-0.44,0.60,-1.16,6.77,-1.22,11.88,49.37,-28.94,1
O,2022-11-13 11:54:00.045264,0.65,-0.45,0.60,1.59,7.08,-1.65,11.88,49.37,-28.94,1
O,2022-11-13 11:54:00.045425,0.64,-0.43,0.58,-0.43,6.77,-1.77,11.88,49.04,-29.91,1
O,2022-11-13 11:54:00.045577,0.65,-0.42,0.58,-2.32,6.29,-0.79,11.88,49.04,-29.91,1
O,2022-11-13 11:54:00.045731,0.65,-0.42,0.59,-3.23,4.27,1.53,12.49,48.74,-28.80,1
O,2022-11-13 11:54:00.045882,0.65,-0.44,0.59,-1.77,2.99,2.14,12.49,48.74,-28.80,1
O,2022-11-13 11:54:00.046038,0.65,-0.43,0.59,-2.99,2.38,2.69,12.49,48.74,-28.80,1
O,2022-11-13 11:54:00.046192,0.65,-0.43,0.59,-2.32,2.56,2.87,12.67,48.93,-29.09,1
O,2022-11-13 11:54:00.046362,0.66,-0.43,0.59,-2.14,2.81,3.05,12.67,48.93,-29.09,1
O,2022-11-13 11:54:00.046535,0.66,-0.43,0.59,-0.61,3.36,3.23,12.67,48.93,-29.09,1
O,2022-11-13 11:54:00.046719,0.65,-0.43,0.59,-1.40,2.93,2.81,12.35,48.72,-29.85,1
O,2022-11-13 11:54:00.046890,0.65,-0.42,0.60,-1.34,1.89,2.87,12.35,48.72,-29.85,1
O,2022-11-13 11:54:00.047073,0.66,-0.42,0.59,-1.89,1.34,3.91,12.35,48.72,-29.85,1
O,2022-11-13 11:54:00.047246,0.66,-0.43,0.60,-0.98,1.34,4.46,13.07,48.25,-29.83,1
O,2022-11-13 11:54:00.047413,0.65,-0.42,0.59,-2.08,1.53,4.46,13.07,48.25,-29.83,1
O,2022-11-13 11:54:00.047576,0.69,-0.42,0.60,-3.05,1.22,5.25,12.99,48.94,-29.97,1
O,2022-11-13 11:54:00.047744,0.65,-0.41,0.59,-2.38,0.18,5.43,12.99,48.94,-29.97,1
O,2022-11-13 11:54:00.047917,0.65,-0.41,0.60,-3.17,-0.92,5.62,12.99,48.94,-29.97,1
O,2022-11-13 11:54:00.048095,0.65,-0.41,0.60,-2.26,-1.59,6.04,12.79,48.39,-30.51,1
O,2022-11-13 11:54:00.048268,0.66,-0.41,0.61,-1.10,-1.53,6.65,12.79,48.39,-30.51,1
O,2022-11-13 11:54:00.048443,0.66,-0.41,0.61,-1.53,-0.24,6.23,12.79,48.39,-30.51,1
O,2022-11-13 11:54:00.048616,0.65,-0.39,0.60,-1.71,-0.06,5.49,13.33,48.50,-31.92,1
O,2022-11-13 11:54:00.048784,0.65,-0.38,0.60,-3.36,-0.12,5.98,13.33,48.50,-31.92,1
O,2022-11-13 11:54:00.048974,0.65,-0.38,0.61,-5.49,-0.61,7.57,13.33,48.50,-31.92,1
O,2022-11-13 11:54:00.049147,0.66,-0.39,0.61,-6.96,-1.16,9.28,12.82,48.45,-30.91,1
O,2022-11-13 11:54:00.049314,0.67,-0.41,0.62,-4.58,-0.18,9.89,12.82,48.45,-30.91,1
O,2022-11-13 11:54:00.049476,0.65,-0.40,0.60,-0.49,0.85,7.81,13.29,48.11,-30.43,1
O,2022-11-13 11:54:00.049638,0.65,-0.40,0.60,0.73,2.08,5.25,13.29,48.11,-30.43,1
O,2022-11-13 11:54:00.049795,0.65,-0.38,0.61,-4.27,2.14,4.21,13.29,48.11,-30.43,1
O,2022-11-13 11:54:00.049947,0.65,-0.38,0.62,-6.77,2.20,4.58,13.32,48.21,-30.70,1
O,2022-11-13 11:54:00.050104,0.66,-0.38,0.63,-6.29,1.77,6.10,13.32,48.21,-30.70,1
O,2022-11-13 11:54:00.050257,0.67,-0.39,0.63,-3.72,2.87,6.53,13.32,48.21,-30.70,1
O,2022-11-13 11:54:00.050411,0.66,-0.39,0.62,-1.71,4.15,6.10,13.39,47.62,-31.32,1
O,2022-11-13 11:54:00.050568,0.65,-0.38,0.61,-1.59,5.19,5.68,13.39,47.62,-31.32,1
O,2022-11-13 11:54:00.050720,0.64,-0.37,0.61,-3.30,5.31,5.07,13.39,47.62,-31.32,1
O,2022-11-13 11:54:00.050879,0.64,-0.36,0.61,-5.07,3.54,3.11,13.79,47.28,-31.07,1
O,2022-11-13 11:54:00.051033,0.65,-0.38,0.61,-3.72,2.56,1.46,13.79,47.28,-31.07,1
O,2022-11-13 11:54:00.051188,0.66,-0.39,0.61,-4.46,2.69,-0.55,13.50,47.66,-31.27,1
O,2022-11-13 11:54:00.051346,0.67,-0.38,0.63,-5.13,3.48,-1.40,13.50,47.66,-31.27,1
O,2022-11-13 11:54:00.051499,0.67,-0.37,0.63,-3.78,3.97,-0.98,13.50,47.66,-31.27,1
O,2022-11-13 11:54:00.051655,0.67,-0.37,0.62,-1.40,3.97,0.18,13.29,46.62,-32.37,1
O,2022-11-13 11:54:00.051808,0.66,-0.37,0.60,-0.12,3.30,0.18,13.29,46.62,-32.37,1
O,2022-11-13 11:54:00.051964,0.66,-0.37,0.60,-1.34,2.75,0.12,13.29,46.62,-32.37,1
O,2022-11-13 11:54:00.052117,0.66,-0.36,0.61,-2.26,2.56,0.18,13.64,47.56,-31.74,1
O,2022-11-13 11:54:00.052272,0.67,-0.36,0.62,-5.49,2.26,1.65,13.64,47.56,-31.74,1
O,2022-11-13 11:54:00.052439,0.67,-0.37,0.62,-2.81,1.53,3.05,13.64,47.56,-31.74,1
O,2022-11-13 11:54:00.052591,0.67,-0.38,0.62,0.49,1.34,2.93,13.11,47.03,-32.40,1
O,2022-11-13 11:54:00.052754,0.67,-0.38,0.60,1.53,1.10,2.38,13.11,47.03,-32.40,1
O,2022-11-13 11:54:00.052917,0.67,-0.37,0.61,-0.67,1.22,2.99,13.71,47.35,-32.02,1
O,2022-11-13 11:54:00.053070,0.67,-0.37,0.61,-1.16,0.98,3.91,13.71,47.35,-32.02,1
O,2022-11-13 11:54:00.053230,0.67,-0.37,0.61,1.71,0.73,4.09,13.71,47.35,-32.02,1
O,2022-11-13 11:54:00.053381,0.66,-0.37,0.61,-0.31,0.49,4.33,13.50,47.41,-31.84,1
O,2022-11-13 11:54:00.053542,0.67,-0.37,0.61,0.00,0.49,4.70,13.50,47.41,-31.84,1
O,2022-11-13 11:54:00.053692,0.66,-0.37,0.61,0.12,0.43,5.19,13.50,47.41,-31.84,1
O,2022-11-13 11:54:00.053842,0.66,-0.37,0.62,0.55,0.12,5.43,13.39,46.86,-32.63,1
O,2022-11-13 11:54:00.054002,0.66,-0.36,0.61,-1.22,-0.98,5.07,13.39,46.86,-32.63,1
O,2022-11-13 11:54:00.054159,0.67,-0.36,0.62,-0.55,-0.85,4.21,13.39,46.86,-32.63,1
O,2022-11-13 11:54:00.054322,0.67,-0.36,0.63,-1.83,-0.49,4.46,13.81,47.27,-31.91,1
O,2022-11-13 11:54:00.054476,0.67,-0.36,0.63,-0.67,0.31,4.88,13.81,47.27,-31.91,1
O,2022-11-13 11:54:00.054632,0.67,-0.36,0.63,2.01,0.85,4.76,13.71,47.20,-31.03,1
O,2022-11-13 11:54:00.054781,0.66,-0.35,0.62,2.38,0.85,4.33,13.71,47.20,-31.03,1
O,2022-11-13 11:54:00.054931,0.66,-0.35,0.62,1.22,0.61,4.27,13.71,47.20,-31.03,1
O,2022-11-13 11:54:00.055091,0.66,-0.35,0.61,0.49,-0.12,3.78,13.31,47.18,-32.64,1
O,2022-11-13 11:54:00.055240,0.66,-0.34,0.61,0.00,0.18,3.17,13.31,47.18,-32.64,1
O,2022-11-13 11:54:00.055400,0.66,-0.35,0.62,-2.01,0.43,2.75,13.31,47.18,-32.64,1
O,2022-11-13 11:54:00.055582,0.67,-0.34,0.63,-3.85,0.43,2.56,13.95,46.62,-32.63,1
O,2022-11-13 11:54:00.055742,0.67,-0.35,0.63,-1.46,1.10,3.36,13.95,46.62,-32.63,1
O,2022-11-13 11:54:00.055902,0.67,-0.35,0.62,-0.18,1.34,3.78,13.95,46.62,-32.63,1
O,2022-11-13 11:54:00.056054,0.67,-0.35,0.62,-0.85,1.77,4.03,13.67,47.23,-32.29,1
O,2022-11-13 11:54:00.056215,0.66,-0.35,0.63,-0.67,1.40,3.78,13.67,47.23,-32.29,1
O,2022-11-13 11:54:00.056368,0.67,-0.34,0.62,-0.85,1.04,3.60,13.48,46.46,-32.70,1
O,2022-11-13 11:54:00.056522,0.67,-0.34,0.63,-2.20,0.79,3.78,13.48,46.46,-32.70,1
O,2022-11-13 11:54:00.056690,0.67,-0.33,0.63,-3.23,0.92,4.58,13.48,46.46,-32.70,1
O,2022-11-13 11:54:00.056841,0.67,-0.34,0.63,-1.59,0.92,4.70,14.21,46.58,-32.91,1
O,2022-11-13 11:54:00.056999,0.67,-0.34,0.63,-1.71,1.65,4.76,14.21,46.58,-32.91,1
O,2022-11-13 11:54:00.057150,0.67,-0.34,0.63,-1.59,2.01,4.64,14.21,46.58,-32.91,1
O,2022-11-13 11:54:00.057302,0.66,-0.34,0.63,-2.56,1.77,4.27,13.95,46.33,-32.04,1
O,2022-11-13 11:54:00.057458,0.66,-0.33,0.62,-3.11,1.71,3.91,13.95,46.33,-32.04,1
O,2022-11-13 11:54:00.057609,0.67,-0.32,0.62,-4.09,2.20,3.78,13.95,46.33,-32.04,1
O,2022-11-13 11:54:00.057768,0.67,-0.32,0.63,-5.07,3.05,4.39,14.27,46.34,-32.48,1
O,2022-11-13 11:54:00.057920,0.67,-0.32,0.63,-4.03,2.69,4.52,14.27,46.34,-32.48,1
O,2022-11-13 11:54:00.058082,0.67,-0.32,0.62,-2.44,2.62,4.03,14.36,46.67,-32.84,1
O,2022-11-13 11:54:00.058235,0.67,-0.33,0.64,-2.81,2.44,4.15,14.36,46.67,-32.84,1
O,2022-11-13 11:54:00.058391,0.67,-0.34,0.63,-1.59,1.53,3.54,14.36,46.67,-32.84,1
O,2022-11-13 11:54:00.058554,0.67,-0.33,0.62,-0.31,0.98,2.56,14.12,46.14,-33.86,1
O,2022-11-13 11:54:00.058707,0.67,-0.33,0.62,-1.71,0.61,1.89,14.12,46.14,-33.86,1
O,2022-11-13 11:54:00.058869,0.68,-0.32,0.63,-5.43,1.28,2.93,14.12,46.14,-33.86,1
O,2022-11-13 11:54:00.059020,0.68,-0.31,0.64,-3.17,1.77,3.91,13.99,45.72,-34.58,1
O,2022-11-13 11:54:00.059166,0.68,-0.32,0.64,0.37,2.44,4.46,13.99,45.72,-34.58,1
O,2022-11-13 11:54:00.059325,0.67,-0.32,0.63,1.28,2.32,3.66,13.99,45.72,-34.58,1
O,2022-11-13 11:54:00.059472,0.67,-0.32,0.62,1.40,2.20,2.62,14.22,46.22,-33.35,1
O,2022-11-13 11:54:00.059633,0.67,-0.31,0.62,-1.95,1.95,2.01,14.22,46.22,-33.35,1
O,2022-11-13 11:54:00.059786,0.67,-0.30,0.63,-3.66,2.01,2.38,14.34,45.85,-33.07,1
O,2022-11-13 11:54:00.059937,0.68,-0.30,0.64,-3.30,2.26,3.48,14.34,45.85,-33.07,1
O,2022-11-13 11:54:00.060096,0.68,-0.31,0.64,1.28,2.32,3.60,14.34,45.85,-33.07,1
O,2022-11-13 11:54:00.060245,0.68,-0.33,0.63,3.17,2.20,2.14,14.60,46.08,-33.30,1
O,2022-11-13 11:54:00.060407,0.67,-0.33,0.62,0.55,1.89,0.79,14.60,46.08,-33.30,1
O,2022-11-13 11:54:00.060577,0.68,-0.32,0.63,-1.04,1.83,1.28,14.60,46.08,-33.30,1
O,2022-11-13 11:54:00.060728,0.69,-0.32,0.64,-0.18,1.95,2.20,14.29,45.36,-34.12,1
O,2022-11-13 11:54:00.060883,0.68,-0.32,0.63,1.89,2.20,2.75,14.29,45.36,-34.12,1
O,2022-11-13 11:54:00.061032,0.68,-0.32,0.62,4.52,2.08,2.69,14.29,45.36,-34.12,1
O,2022-11-13 11:54:00.061186,0.68,-0.32,0.62,3.97,2.08,1.95,14.05,45.80,-33.53,1
O,2022-11-13 11:54:00.061339,0.68,-0.31,0.63,3.66,1.89,1.71,14.05,45.80,-33.53,1
O,2022-11-13 11:54:00.061497,0.68,-0.30,0.62,2.93,0.98,2.26,13.82,45.54,-33.57,1
O,2022-11-13 11:54:00.061650,0.68,-0.31,0.62,2.20,1.22,3.54,13.82,45.54,-33.57,1
O,2022-11-13 11:54:00.061803,0.68,-0.32,0.63,2.44,2.01,4.64,13.82,45.54,-33.57,1
O,2022-11-13 11:54:00.061961,0.68,-0.33,0.64,5.68,2.08,3.97,14.18,45.78,-33.04,1
O,2022-11-13 11:54:00.062111,0.68,-0.32,0.62,3.23,1.59,2.01,14.18,45.78,-33.04,1
O,2022-11-13 11:54:00.062269,0.68,-0.31,0.62,2.14,2.50,1.95,14.18,45.78,-33.04,1
O,2022-11-13 11:54:00.062418,0.67,-0.30,0.62,3.30,2.87,2.50,14.27,45.75,-34.27,1
O,2022-11-13 11:54:00.062568,0.67,-0.31,0.62,3.23,2.62,3.05,14.27,45.75,-34.27,1
O,2022-11-13 11:54:00.062722,0.68,-0.32,0.62,1.34,2.75,3.48,14.27,45.75,-34.27,1
O,2022-11-13 11:54:00.062873,0.68,-0.31,0.63,-0.31,2.44,3.54,14.50,45.68,-32.58,1
O,2022-11-13 11:54:00.063025,0.68,-0.32,0.62,2.14,1.40,2.62,14.50,45.68,-32.58,1
O,2022-11-13 11:54:00.063174,0.68,-0.32,0.61,1.71,0.55,1.53,14.81,45.83,-33.91,1
O,2022-11-13 11:54:00.063324,0.69,-0.29,0.60,-0.73,1.04,2.44,14.81,45.83,-33.91,1
O,2022-11-13 11:54:00.063477,0.69,-0.31,0.63,2.26,2.99,4.82,14.81,45.83,-33.91,1
O,2022-11-13 11:54:00.063625,0.69,-0.31,0.63,6.35,3.72,5.74,14.67,45.96,-33.87,1
O,2022-11-13 11:54:00.063777,0.68,-0.33,0.63,2.69,1.95,4.94,14.67,45.96,-33.87,1
O,2022-11-13 11:54:00.063927,0.69,-0.32,0.62,1.04,1.46,3.85,14.67,45.96,-33.87,1
O,2022-11-13 11:54:00.064080,0.68,-0.31,0.61,1.28,1.46,2.87,14.64,46.13,-32.93,1
O,2022-11-13 11:54:00.064241,0.68,-0.30,0.61,1.83,1.59,2.38,14.64,46.13,-32.93,1
O,2022-11-13 11:54:00.064389,0.69,-0.30,0.62,0.37,2.56,3.72,14.64,46.13,-32.93,1
O,2022-11-13 11:54:00.064546,0.69,-0.31,0.62,2.75,2.87,4.03,14.37,46.06,-33.57,1
O,2022-11-13 11:54:00.064693,0.69,-0.32,0.62,4.03,3.05,4.39,14.37,46.06,-33.57,1
O,2022-11-13 11:54:00.064842,0.69,-0.33,0.62,3.05,2.93,3.97,14.76,46.17,-33.45,1
O,2022-11-13 11:54:00.064998,0.69,-0.33,0.62,3.60,2.32,3.11,14.76,46.17,-33.45,1
O,2022-11-13 11:54:00.065147,0.69,-0.32,0.62,1.71,1.65,2.56,14.76,46.17,-33.45,1
O,2022-11-13 11:54:00.065316,0.69,-0.31,0.62,1.28,1.71,2.62,14.86,46.02,-33.23,1
O,2022-11-13 11:54:00.065465,0.69,-0.31,0.62,2.87,1.46,2.32,14.86,46.02,-33.23,1
O,2022-11-13 11:54:00.065649,0.69,-0.31,0.61,3.23,1.10,2.56,14.86,46.02,-33.23,1
O,2022-11-13 11:54:00.065867,0.69,-0.32,0.62,3.11,1.65,2.26,14.70,46.25,-33.22,1
O,2022-11-13 11:54:00.066047,0.69,-0.32,0.62,3.23,1.10,1.28,14.70,46.25,-33.22,1
O,2022-11-13 11:54:00.066210,0.69,-0.31,0.62,2.50,1.53,1.40,14.70,46.25,-33.22,1
O,2022-11-13 11:54:00.066362,0.69,-0.31,0.62,1.89,1.65,2.01,14.47,46.40,-33.46,1
O,2022-11-13 11:54:00.066517,0.69,-0.31,0.62,3.72,1.40,2.69,14.47,46.40,-33.46,1
O,2022-11-13 11:54:00.066667,0.69,-0.31,0.61,3.54,1.65,3.11,14.07,46.55,-33.74,1
O,2022-11-13 11:54:00.066818,0.69,-0.31,0.61,2.93,1.89,3.42,14.07,46.55,-33.74,1
O,2022-11-13 11:54:00.066976,0.69,-0.31,0.61,3.30,1.83,3.23,14.07,46.55,-33.74,1
O,2022-11-13 11:54:00.067125,0.68,-0.32,0.61,2.62,1.59,3.23,14.48,45.95,-33.90,1
O,2022-11-13 11:54:00.067316,0.68,-0.32,0.62,2.01,1.16,3.30,14.48,45.95,-33.90,1
O,2022-11-13 11:54:00.067466,0.69,-0.32,0.61,2.14,0.55,3.66,14.48,45.95,-33.90,1
O,2022-11-13 11:54:00.067618,0.69,-0.32,0.61,2.75,0.31,2.62,14.88,46.25,-33.13,1
O,2022-11-13 11:54:00.067772,0.70,-0.31,0.61,1.83,0.37,2.87,14.88,46.25,-33.13,1
O,2022-11-13 11:54:00.067922,0.70,-0.31,0.61,0.98,0.85,3.48,14.88,46.25,-33.13,1
O,2022-11-13 11:54:00.068089,0.70,-0.32,0.63,2.50,1.71,4.15,14.71,45.56,-32.95,1
O,2022-11-13 11:54:00.068242,0.70,-0.33,0.62,4.27,2.01,4.52,14.71,45.56,-32.95,1
O,2022-11-13 11:54:00.068394,0.70,-0.32,0.62,2.87,1.95,3.23,14.88,45.47,-32.98,1
O,2022-11-13 11:54:00.068552,0.69,-0.30,0.61,0.92,1.59,2.87,14.88,45.47,-32.98,1
O,2022-11-13 11:54:00.068702,0.69,-0.30,0.61,2.62,1.53,2.56,14.88,45.47,-32.98,1
O,2022-11-13 11:54:00.068857,0.69,-0.30,0.60,1.65,1.34,2.50,14.70,45.20,-33.15,1
O,2022-11-13 11:54:00.069006,0.69,-0.30,0.61,0.18,2.01,3.36,14.70,45.20,-33.15,1
O,2022-11-13 11:54:00.069171,0.69,-0.31,0.60,2.01,1.95,2.38,14.70,45.20,-33.15,1
O,2022-11-13 11:54:00.069346,0.69,-0.32,0.60,3.17,1.83,1.65,14.54,46.13,-33.22,1
O,2022-11-13 11:54:00.069509,0.70,-0.33,0.62,1.46,1.28,2.14,14.54,46.13,-33.22,1
O,2022-11-13 11:54:00.069687,0.70,-0.33,0.61,3.36,0.92,2.75,14.54,46.13,-33.22,1
O,2022-11-13 11:54:00.069862,0.70,-0.34,0.61,5.37,0.79,2.93,14.75,46.01,-32.25,1
O,2022-11-13 11:54:00.070025,0.70,-0.33,0.61,4.82,0.98,2.50,14.75,46.01,-32.25,1
O,2022-11-13 11:54:00.070235,0.69,-0.31,0.60,2.99,0.49,2.38,15.12,45.92,-33.54,1
O,2022-11-13 11:54:00.070383,0.69,-0.31,0.60,3.60,0.12,2.20,15.12,45.92,-33.54,1
O,2022-11-13 11:54:00.070545,0.69,-0.31,0.61,2.69,-0.73,2.20,15.12,45.92,-33.54,1
O,2022-11-13 11:54:00.070698,0.70,-0.31,0.61,1.71,-0.49,2.93,15.08,45.95,-32.18,1
O,2022-11-13 11:54:00.070860,0.71,-0.31,0.61,1.83,0.61,4.27,15.08,45.95,-32.18,1
O,2022-11-13 11:54:00.071010,0.70,-0.31,0.61,4.27,1.22,4.27,15.08,45.95,-32.18,1
O,2022-11-13 11:54:00.071169,0.69,-0.31,0.61,2.81,1.10,3.85,14.95,46.08,-31.48,1
O,2022-11-13 11:54:00.071329,0.69,-0.32,0.61,2.99,0.73,3.54,14.95,46.08,-31.48,1
O,2022-11-13 11:54:00.071482,0.69,-0.32,0.60,3.60,-0.43,2.99,14.95,46.08,-31.48,1
O,2022-11-13 11:54:00.071643,0.70,-0.32,0.61,3.42,-0.98,2.87,15.31,45.53,-32.30,1
O,2022-11-13 11:54:00.071795,0.70,-0.33,0.61,4.76,-1.10,3.91,15.31,45.53,-32.30,1
O,2022-11-13 11:54:00.071948,0.69,-0.33,0.60,5.07,-1.46,4.21,15.03,46.18,-33.08,1
O,2022-11-13 11:54:00.072109,0.68,-0.32,0.59,3.97,-1.53,4.46,15.03,46.18,-33.08,1
O,2022-11-13 11:54:00.072264,0.68,-0.31,0.59,3.54,-2.62,4.21,15.03,46.18,-33.08,1
O,2022-11-13 11:54:00.072427,0.69,-0.32,0.60,5.19,-3.54,4.58,15.22,46.15,-32.25,1
O,2022-11-13 11:54:00.072578,0.70,-0.32,0.61,4.82,-3.30,5.74,15.22,46.15,-32.25,1
O,2022-11-13 11:54:00.072731,0.70,-0.33,0.62,5.68,-2.32,5.68,15.22,46.15,-32.25,1
O,2022-11-13 11:54:00.072888,0.70,-0.32,0.62,5.92,-2.38,5.62,15.20,46.48,-32.87,1
O,2022-11-13 11:54:00.073039,0.69,-0.30,0.61,4.76,-2.44,5.80,15.20,46.48,-32.87,1
O,2022-11-13 11:54:00.073200,0.68,-0.30,0.61,4.76,-2.14,5.37,15.20,46.48,-32.87,1
O,2022-11-13 11:54:00.073360,0.69,-0.31,0.61,4.03,-2.69,5.68,15.21,46.35,-32.84,1
O,2022-11-13 11:54:00.073511,0.69,-0.31,0.63,3.66,-2.56,6.29,15.21,46.35,-32.84,1
O,2022-11-13 11:54:00.073674,0.69,-0.32,0.62,5.74,-2.44,6.23,14.99,46.23,-32.17,1
O,2022-11-13 11:54:00.073825,0.69,-0.33,0.62,7.32,-1.77,5.00,14.99,46.23,-32.17,1
O,2022-11-13 11:54:00.073986,0.68,-0.32,0.61,6.59,-1.71,4.09,14.99,46.23,-32.17,1
O,2022-11-13 11:54:00.074139,0.69,-0.31,0.61,5.07,-1.83,4.03,15.21,46.19,-31.60,1
O,2022-11-13 11:54:00.074294,0.69,-0.31,0.62,5.80,-2.08,4.76,15.21,46.19,-31.60,1
O,2022-11-13 11:54:00.074449,0.69,-0.32,0.62,5.31,-2.20,5.80,15.21,46.19,-31.60,1
O,2022-11-13 11:54:00.074600,0.69,-0.32,0.63,5.19,-1.83,6.16,15.25,45.76,-31.07,1
O,2022-11-13 11:54:00.074763,0.68,-0.32,0.62,6.65,-1.53,5.13,15.25,45.76,-31.07,1
O,2022-11-13 11:54:00.074916,0.67,-0.32,0.61,4.76,-1.65,3.54,15.25,45.76,-31.07,1
O,2022-11-13 11:54:00.075076,0.67,-0.30,0.62,2.08,-2.32,3.42,14.88,46.04,-31.65,1
O,2022-11-13 11:54:00.075228,0.68,-0.31,0.63,2.75,-3.36,4.33,14.88,46.04,-31.65,1
O,2022-11-13 11:54:00.075380,0.68,-0.31,0.62,2.20,-3.60,5.37,15.60,46.01,-30.76,1
O,2022-11-13 11:54:00.075538,0.68,-0.32,0.62,2.38,-2.38,5.13,15.60,46.01,-30.76,1
O,2022-11-13 11:54:00.075688,0.70,-0.32,0.62,1.22,-0.06,4.33,15.60,46.01,-30.76,1
O,2022-11-13 11:54:00.075843,0.71,-0.32,0.60,0.55,2.93,4.09,15.39,45.63,-31.36,1
O,2022-11-13 11:54:00.075993,0.72,-0.30,0.62,0.98,5.98,4.46,15.39,45.63,-31.36,1
O,2022-11-13 11:54:00.076147,0.75,-0.33,0.60,-3.17,8.91,9.34,15.39,45.63,-31.36,1
O,2022-11-13 11:54:00.076313,0.75,-0.32,0.58,10.07,12.51,8.00,15.86,45.45,-32.04,1
O,2022-11-13 11:54:00.076469,0.79,-0.48,0.58,60.00,20.08,-3.91,15.86,45.45,-32.04,1
O,2022-11-13 11:54:00.076634,0.86,-0.58,0.42,17.03,43.95,-20.94,15.86,45.45,-32.04,1
O,2022-11-13 11:54:00.076796,0.71,-0.33,0.51,-61.04,53.28,-45.72,16.00,46.63,-29.50,1
O,2022-11-13 11:54:00.076966,1.00,-0.20,0.44,-77.51,59.08,-60.18,16.00,46.63,-29.50,1
O,2022-11-13 11:54:00.077131,0.76,-0.30,0.48,-88.62,84.11,-76.05,14.58,45.63,-32.07,1
O,2022-11-13 11:54:00.077290,0.71,0.19,0.89,-88.26,69.95,-92.47,14.58,45.63,-32.07,1
O,2022-11-13 11:54:00.077462,0.70,-0.36,0.55,-8.79,23.80,-67.81,14.58,45.63,-32.07,1
O,2022-11-13 11:54:00.077622,0.77,-0.25,0.48,-53.53,8.91,-55.18,13.02,46.64,-34.20,1
O,2022-11-13 11:54:00.077794,0.88,-0.39,0.40,-80.14,12.70,-48.34,13.02,46.64,-34.20,1
O,2022-11-13 11:54:00.077956,0.91,-0.47,0.36,-117.74,31.98,-50.48,13.02,46.64,-34.20,1
O,2022-11-13 11:54:00.078126,0.86,-0.31,0.49,-141.05,48.65,-57.50,11.43,44.42,-37.54,1
O,2022-11-13 11:54:00.078296,0.84,-0.25,0.56,-106.87,44.01,-51.88,11.43,44.42,-37.54,1
O,2022-11-13 11:54:00.078464,0.89,-0.35,0.49,-93.81,44.68,-44.49,11.43,44.42,-37.54,1
O,2022-11-13 11:54:00.078628,0.93,-0.41,0.47,-99.06,49.38,-47.67,11.01,42.97,-40.22,1
O,2022-11-13 11:54:00.078792,0.88,-0.35,0.58,-112.24,53.77,-65.73,11.01,42.97,-40.22,1
O,2022-11-13 11:54:00.078969,0.82,-0.37,0.50,-106.75,48.77,-82.70,11.10,40.76,-43.02,1
O,2022-11-13 11:54:00.079137,0.77,-0.27,0.53,-115.72,35.46,-94.24,11.10,40.76,-43.02,1
O,2022-11-13 11:54:00.079314,0.74,-0.38,0.54,-107.48,26.92,-96.07,11.10,40.76,-43.02,1
O,2022-11-13 11:54:00.079480,0.73,-0.50,0.52,-124.15,19.84,-104.00,9.03,38.78,-46.42,1
O,2022-11-13 11:54:00.079656,0.65,-0.36,0.62,-135.31,9.03,-125.85,9.03,38.78,-46.42,1
O,2022-11-13 11:54:00.079823,0.54,-0.22,0.62,-114.69,-12.33,-137.70,9.03,38.78,-46.42,1
O,2022-11-13 11:54:00.079996,0.43,-0.16,0.51,-86.98,-37.29,-122.25,5.93,34.88,-48.84,1
O,2022-11-13 11:54:00.080164,0.39,-0.13,0.59,-87.28,-44.25,-99.67,5.93,34.88,-48.84,1
O,2022-11-13 11:54:00.080326,0.43,-0.01,0.58,-61.95,-48.52,-79.22,5.93,34.88,-48.84,1
O,2022-11-13 11:54:00.080495,0.49,-0.10,0.84,-39.79,-48.77,-63.90,1.78,32.63,-51.97,1
O,2022-11-13 11:54:00.080656,0.21,-0.30,0.26,-99.06,-53.47,-30.15,1.78,32.63,-51.97,1
O,2022-11-13 11:54:00.080827,0.52,-0.28,0.78,-116.94,-31.68,-16.91,-0.43,29.42,-52.62,1
O,2022-11-13 11:54:00.080989,0.33,-0.42,0.61,-20.14,-75.56,-3.91,-0.43,29.42,-52.62,1
O,2022-11-13 11:54:00.081163,0.37,-0.43,1.09,4.76,-82.82,-15.69,-0.43,29.42,-52.62,1
O,2022-11-13 11:54:00.081327,0.26,-0.41,0.59,35.40,-105.90,-29.85,-4.32,29.24,-52.92,1
O,2022-11-13 11:54:00.081502,0.56,-0.26,0.87,-51.51,-106.63,-21.55,-4.32,29.24,-52.92,1
O,2022-11-13 11:54:00.081658,0.57,-0.33,0.80,1.10,-133.67,7.45,-4.32,29.24,-52.92,1
O,2022-11-13 11:54:00.081823,0.41,-0.39,0.68,30.94,-143.37,44.49,-10.67,29.97,-50.99,1
O,2022-11-13 11:54:00.081992,0.38,-0.39,0.62,19.41,-150.82,53.89,-10.67,29.97,-50.99,1
O,2022-11-13 11:54:00.082161,0.16,-0.32,0.76,-36.25,-129.88,13.43,-10.67,29.97,-50.99,1
O,2022-11-13 11:54:00.082338,0.17,-0.24,0.83,-40.10,-90.94,-21.36,-15.75,29.91,-50.17,1
O,2022-11-13 11:54:00.082506,0.18,-0.19,0.91,-15.87,-32.90,-31.19,-15.75,29.91,-50.17,1
O,2022-11-13 11:54:00.082681,0.19,-0.28,0.86,-4.03,-9.22,-30.15,-18.40,29.10,-50.71,1
O,2022-11-13 11:54:00.082861,0.27,-0.34,0.82,-14.34,2.44,-26.06,-18.40,29.10,-50.71,1
O,2022-11-13 11:54:00.083035,0.26,-0.30,0.81,-33.08,5.80,-11.05,-18.40,29.10,-50.71,1
O,2022-11-13 11:54:00.083195,0.23,-0.17,0.82,-28.08,-4.39,7.14,-18.86,28.41,-50.23,1
O,2022-11-13 11:54:00.083357,0.19,-0.16,0.73,10.50,-34.42,22.77,-18.86,28.41,-50.23,1
O,2022-11-13 11:54:00.083525,0.17,-0.26,0.75,23.32,-51.57,10.56,-18.86,28.41,-50.23,1
O,2022-11-13 11:54:00.083688,0.17,-0.30,0.81,11.29,-53.04,-7.57,-21.89,28.99,-48.47,1
O,2022-11-13 11:54:00.083862,0.18,-0.27,0.81,-21.73,-44.74,-25.57,-21.89,28.99,-48.47,1
O,2022-11-13 11:54:00.084030,0.15,-0.20,0.86,-49.93,-35.89,-35.95,-21.89,28.99,-48.47,1
O,2022-11-13 11:54:00.084206,0.14,-0.15,0.87,-55.54,-29.97,-40.41,-24.94,26.49,-48.10,1
O,2022-11-13 11:54:00.084378,0.12,-0.24,0.85,-16.85,-28.20,-50.05,-24.94,26.49,-48.10,1
O,2022-11-13 11:54:00.084566,0.12,-0.25,0.92,-53.10,-29.97,-44.92,-28.10,24.78,-46.34,1
O,2022-11-13 11:54:00.084753,0.09,-0.15,0.93,-77.58,-38.57,-31.31,-28.10,24.78,-46.34,1
O,2022-11-13 11:54:00.084924,0.09,-0.10,1.01,-81.67,-53.47,-7.32,-28.10,24.78,-46.34,1
O,2022-11-13 11:54:00.085090,0.04,-0.01,1.02,-67.14,-75.13,7.81,-31.45,22.16,-42.57,1
O,2022-11-13 11:54:00.085261,-0.05,-0.02,1.12,-33.87,-86.91,14.77,-31.45,22.16,-42.57,1
O,2022-11-13 11:54:00.085433,-0.05,0.01,1.11,-36.68,-82.70,10.56,-31.45,22.16,-42.57,1
O,2022-11-13 11:54:00.085597,-0.05,0.09,1.05,-56.82,-75.01,8.00,-34.53,21.23,-40.20,1
O,2022-11-13 11:54:00.085767,-0.06,0.12,1.01,-77.51,-70.92,4.03,-34.53,21.23,-40.20,1
O,2022-11-13 11:54:00.085954,-0.03,0.03,1.10,-74.16,-64.58,-3.85,-34.53,21.23,-40.20,1
O,2022-11-13 11:54:00.086169,-0.05,-0.04,1.04,-42.79,-40.16,-13.12,-36.58,19.38,-36.60,1
O,2022-11-13 11:54:00.086341,-0.07,-0.01,0.89,-70.98,-25.57,-13.79,-36.58,19.38,-36.60,1
O,2022-11-13 11:54:00.086525,-0.14,0.06,0.93,-76.35,-22.58,-9.03,-37.15,18.59,-34.24,1
O,2022-11-13 11:54:00.086703,-0.17,0.09,0.97,-49.38,-29.17,0.73,-37.15,18.59,-34.24,1
O,2022-11-13 11:54:00.086895,-0.14,0.12,1.02,-16.60,-38.82,12.33,-37.15,18.59,-34.24,1
O,2022-11-13 11:54:00.087091,-0.14,0.13,1.04,0.00,-47.67,21.85,-37.38,19.37,-31.31,1
O,2022-11-13 11:54:00.087268,-0.20,0.24,1.07,-40.83,-46.81,30.27,-37.38,19.37,-31.31,1
O,2022-11-13 11:54:00.087454,-0.22,0.36,1.03,-83.01,-42.11,33.75,-37.38,19.37,-31.31,1
O,2022-11-13 11:54:00.087640,-0.22,0.37,1.04,-71.47,-36.25,26.79,-37.44,20.21,-29.24,1
O,2022-11-13 11:54:00.087829,-0.19,0.26,1.06,-43.21,-30.70,15.93,-37.44,20.21,-29.24,1
O,2022-11-13 11:54:00.088003,-0.22,0.22,0.99,-51.03,-15.87,5.07,-37.44,20.21,-29.24,1
O,2022-11-13 11:54:00.088195,-0.25,0.24,0.89,-57.98,-8.61,3.66,-37.06,20.41,-26.17,1
O,2022-11-13 11:54:00.088358,-0.25,0.25,0.87,-45.53,-11.11,2.20,-37.06,20.41,-26.17,1
O,2022-11-13 11:54:00.088519,-0.26,0.25,0.92,-30.76,-21.06,5.19,-36.12,20.72,-25.95,1
O,2022-11-13 11:54:00.088694,-0.26,0.24,0.99,-13.85,-30.94,11.72,-36.12,20.72,-25.95,1
O,2022-11-13 11:54:00.088859,-0.27,0.19,0.99,-17.46,-32.17,24.54,-36.12,20.72,-25.95,1
O,2022-11-13 11:54:00.089034,-0.32,0.23,0.91,-32.10,-22.03,33.94,-34.99,22.07,-23.84,1
O,2022-11-13 11:54:00.089198,-0.35,0.26,0.83,-28.38,-15.38,39.61,-34.99,22.07,-23.84,1
O,2022-11-13 11:54:00.089371,-0.36,0.24,0.90,-14.95,-14.95,38.15,-34.99,22.07,-23.84,1
O,2022-11-13 11:54:00.089540,-0.37,0.23,0.92,-9.64,-18.98,33.26,-34.03,24.37,-22.61,1
O,2022-11-13 11:54:00.089721,-0.37,0.25,0.93,-18.62,-18.49,30.46,-34.03,24.37,-22.61,1
O,2022-11-13 11:54:00.089885,-0.41,0.35,0.88,-31.43,-17.82,31.62,-34.03,24.37,-22.61,1
O,2022-11-13 11:54:00.090055,-0.41,0.37,0.87,-47.06,-19.78,37.17,-31.29,25.62,-21.77,1
O,2022-11-13 11:54:00.090222,-0.41,0.33,0.88,-49.99,-23.80,39.86,-31.29,25.62,-21.77,1
O,2022-11-13 11:54:00.090387,-0.45,0.31,0.85,-50.35,-25.82,39.79,-30.52,27.58,-23.17,1
O,2022-11-13 11:54:00.090559,-0.49,0.31,0.80,-59.20,-29.72,45.10,-30.52,27.58,-23.17,1
O,2022-11-13 11:54:00.090724,-0.65,0.26,0.57,-58.65,-31.13,50.35,-30.52,27.58,-23.17,1
O,2022-11-13 11:54:00.090893,-0.29,0.19,0.70,-54.14,61.16,-9.83,-28.04,27.27,-24.38,1
O,2022-11-13 11:54:00.091057,-0.49,0.41,0.88,-93.93,59.88,-35.58,-28.04,27.27,-24.38,1
O,2022-11-13 11:54:00.091236,-0.39,0.42,0.92,-72.57,51.94,-33.33,-28.04,27.27,-24.38,1
O,2022-11-13 11:54:00.091400,-0.37,0.36,0.83,-56.82,44.43,-36.19,-26.66,24.07,-27.73,1
O,2022-11-13 11:54:00.091573,-0.28,0.47,0.80,-78.06,39.25,-37.29,-26.66,24.07,-27.73,1
O,2022-11-13 11:54:00.091737,-0.28,0.53,0.78,-67.69,38.09,-36.07,-26.66,24.07,-27.73,1
O,2022-11-13 11:54:00.091904,-0.26,0.55,0.83,-62.32,36.38,-36.93,-24.43,20.87,-30.09,1
O,2022-11-13 11:54:00.092079,-0.19,0.56,0.81,-49.74,32.17,-36.68,-24.43,20.87,-30.09,1
O,2022-11-13 11:54:00.092242,-0.22,0.61,0.74,-41.38,29.91,-36.32,-22.51,18.66,-32.93,1
O,2022-11-13 11:54:00.092418,-0.23,0.54,0.64,-172.79,36.25,-22.22,-22.51,18.66,-32.93,1
O,2022-11-13 11:54:00.092585,-0.26,0.87,0.79,-282.71,29.48,-19.65,-22.51,18.66,-32.93,1
O,2022-11-13 11:54:00.092763,-0.17,0.83,0.70,-150.76,14.83,-27.59,-19.93,13.50,-34.50,1
O,2022-11-13 11:54:00.092929,-0.17,0.71,0.72,-105.83,4.58,-26.43,-19.93,13.50,-34.50,1
O,2022-11-13 11:54:00.093105,-0.20,0.87,0.65,-58.90,-1.71,-28.32,-19.93,13.50,-34.50,1
O,2022-11-13 11:54:00.093271,-0.14,0.81,0.54,-33.87,-3.05,-24.60,-19.45,10.62,-33.91,1
O,2022-11-13 11:54:00.093433,-0.13,0.80,0.49,-23.25,4.03,-23.68,-19.45,10.62,-33.91,1
O,2022-11-13 11:54:00.093605,-0.18,0.87,0.46,-28.08,11.05,-17.88,-19.45,10.62,-33.91,1
O,2022-11-13 11:54:00.093770,-0.13,0.92,0.44,-8.91,10.93,-14.34,-18.84,10.53,-34.70,1
O,2022-11-13 11:54:00.093935,-0.17,0.84,0.44,-9.95,11.54,-9.77,-18.84,10.53,-34.70,1
O,2022-11-13 11:54:00.094094,-0.20,0.77,0.37,-71.11,24.84,-0.24,-17.76,9.47,-35.24,1
O,2022-11-13 11:54:00.094266,-0.11,0.90,0.60,-43.82,21.97,-2.50,-17.76,9.47,-35.24,1
O,2022-11-13 11:54:00.094424,-0.10,0.85,0.31,-98.63,21.79,7.39,-17.76,9.47,-35.24,1
O,2022-11-13 11:54:00.094591,-0.14,0.89,0.33,-87.77,27.95,7.14,-17.46,7.50,-34.38,1
O,2022-11-13 11:54:00.094756,-0.11,0.78,0.52,-43.82,29.85,4.94,-17.46,7.50,-34.38,1
O,2022-11-13 11:54:00.094916,-0.09,0.84,0.29,-53.41,34.30,-0.24,-17.46,7.50,-34.38,1
O,2022-11-13 11:54:00.095083,-0.03,0.80,0.27,-30.94,37.48,-5.31,-17.19,5.87,-35.99,1
O,2022-11-13 11:54:00.095240,-0.04,0.82,0.35,-3.05,39.25,-12.76,-17.19,5.87,-35.99,1
O,2022-11-13 11:54:00.095404,-0.06,0.85,0.43,3.54,38.33,-17.82,-17.19,5.87,-35.99,1
O,2022-11-13 11:54:00.095565,-0.15,0.91,0.52,-49.13,43.76,-15.56,-15.80,5.11,-35.67,1
O,2022-11-13 11:54:00.095728,-0.05,1.16,0.72,-65.06,30.09,-9.16,-15.80,5.11,-35.67,1
O,2022-11-13 11:54:00.095887,-0.02,0.91,0.17,-177.49,23.32,9.77,-14.94,2.50,-35.52,1
O,2022-11-13 11:54:00.096049,-0.13,0.86,0.25,-145.81,25.76,-0.67,-14.94,2.50,-35.52,1
O,2022-11-13 11:54:00.096221,-0.09,0.91,0.36,-81.42,29.60,-10.93,-14.94,2.50,-35.52,1
O,2022-11-13 11:54:00.096383,-0.05,1.08,0.31,-59.63,23.68,-11.78,-14.31,-0.35,-35.02,1
O,2022-11-13 11:54:00.096551,-0.05,0.97,0.17,-63.60,22.46,-6.10,-14.31,-0.35,-35.02,1
O,2022-11-13 11:54:00.096705,-0.04,0.92,0.21,-44.13,7.93,6.53,-14.31,-0.35,-35.02,1
O,2022-11-13 11:54:00.096866,-0.05,0.97,0.15,-22.34,0.85,4.21,-14.29,-1.39,-35.22,1
O,2022-11-13 11:54:00.097021,-0.03,0.97,0.13,-20.57,0.61,4.58,-14.29,-1.39,-35.22,1
O,2022-11-13 11:54:00.097177,-0.04,0.97,0.09,-12.94,0.49,3.72,-14.29,-1.39,-35.22,1
O,2022-11-13 11:54:00.097341,-0.04,0.97,0.12,12.63,1.59,0.37,-14.58,-1.67,-33.56,1
O,2022-11-13 11:54:00.097494,-0.03,0.96,0.15,27.59,2.38,0.18,-14.58,-1.67,-33.56,1
O,2022-11-13 11:54:00.097658,-0.02,0.94,0.08,16.30,2.99,1.46,-14.51,-1.21,-33.72,1
O,2022-11-13 11:54:00.097811,-0.09,0.96,0.13,5.07,6.23,2.87,-14.51,-1.21,-33.72,1
O,2022-11-13 11:54:00.097970,-0.10,0.94,0.05,28.26,7.87,2.32,-14.51,-1.21,-33.72,1
O,2022-11-13 11:54:00.098127,-0.11,0.71,0.00,104.92,7.75,4.21,-14.92,-0.46,-35.00,1
O,2022-11-13 11:54:00.098282,-0.03,0.89,0.29,1.10,16.48,5.37,-14.92,-0.46,-35.00,1
O,2022-11-13 11:54:00.098443,-0.04,0.94,0.27,-0.55,8.54,4.09,-14.92,-0.46,-35.00,1
O,2022-11-13 11:54:00.098600,-0.08,0.94,0.24,-10.80,5.43,4.33,-14.88,-1.03,-34.67,1
O,2022-11-13 11:54:00.098765,-0.03,0.96,0.21,-17.88,4.15,4.21,-14.88,-1.03,-34.67,1
O,2022-11-13 11:54:00.098922,-0.03,0.98,0.17,-10.68,3.78,2.99,-14.88,-1.03,-34.67,1
O,2022-11-13 11:54:00.099074,-0.03,0.98,0.16,18.62,3.85,2.32,-14.88,-1.93,-33.96,1
O,2022-11-13 11:54:00.099238,-0.07,0.95,0.18,25.63,2.20,1.65,-14.88,-1.93,-33.96,1
O,2022-11-13 11:54:00.099391,-0.00,0.98,0.20,15.63,3.30,3.11,-14.87,-1.33,-35.46,1
O,2022-11-13 11:54:00.099574,-0.01,0.96,0.22,14.83,2.44,5.37,-14.87,-1.33,-35.46,1
O,2022-11-13 11:54:00.099728,-0.02,0.95,0.20,26.55,1.40,5.37,-14.87,-1.33,-35.46,1
O,2022-11-13 11:54:00.099897,-0.05,0.93,0.20,23.68,1.95,4.46,-14.93,-1.03,-35.17,1
O,2022-11-13 11:54:00.100051,-0.05,0.91,0.21,3.11,3.42,3.66,-14.93,-1.03,-35.17,1
O,2022-11-13 11:54:00.100203,-0.04,0.96,0.22,-4.52,3.78,2.44,-14.93,-1.03,-35.17,1
O,2022-11-13 11:54:00.100364,-0.03,0.96,0.22,3.66,3.54,2.32,-14.83,-0.77,-33.81,1
O,2022-11-13 11:54:00.100517,-0.06,0.92,0.22,2.44,3.54,2.69,-14.83,-0.77,-33.81,1
O,2022-11-13 11:54:00.100680,-0.06,0.94,0.21,-2.99,3.78,2.26,-14.83,-0.77,-33.81,1
O,2022-11-13 11:54:00.100840,-0.04,0.93,0.22,-4.82,3.78,1.95,-14.98,-1.59,-34.18,1
O,2022-11-13 11:54:00.101000,-0.00,0.96,0.22,-5.68,3.17,2.26,-14.98,-1.59,-34.18,1
O,2022-11-13 11:54:00.101158,-0.04,0.95,0.20,10.07,2.44,1.59,-15.03,-0.79,-34.77,1
O,2022-11-13 11:54:00.101325,-0.06,0.96,0.23,6.96,1.89,2.32,-15.03,-0.79,-34.77,1
O,2022-11-13 11:54:00.101494,-0.03,0.95,0.21,7.08,1.28,2.93,-15.03,-0.79,-34.77,1
O,2022-11-13 11:54:00.101663,-0.06,0.95,0.23,9.77,1.28,2.99,-15.16,-1.00,-33.72,1
O,2022-11-13 11:54:00.101836,-0.07,0.93,0.23,7.63,1.40,3.36,-15.16,-1.00,-33.72,1
O,2022-11-13 11:54:00.101993,-0.05,0.94,0.22,9.09,-0.18,2.56,-15.16,-1.00,-33.72,1
O,2022-11-13 11:54:00.102146,-0.05,0.95,0.22,1.89,1.40,3.54,-15.31,-1.64,-34.75,1
O,2022-11-13 11:54:00.102304,-0.04,0.96,0.25,9.34,0.37,2.38,-15.31,-1.64,-34.75,1
O,2022-11-13 11:54:00.102476,-0.05,0.93,0.24,12.94,-0.98,2.50,-15.31,-1.64,-34.75,1
O,2022-11-13 11:54:00.102680,-0.07,0.95,0.24,9.16,-1.22,2.81,-15.05,-1.73,-34.94,1
O,2022-11-13 11:54:00.102857,-0.05,0.95,0.26,17.27,-1.40,2.75,-15.05,-1.73,-34.94,1
O,2022-11-13 11:54:00.103030,-0.03,0.89,0.22,11.41,-0.55,3.05,-16.02,-1.98,-33.95,1
O,2022-11-13 11:54:00.103198,-0.04,0.91,0.21,0.98,7.08,2.38,-16.02,-1.98,-33.95,1
O,2022-11-13 11:54:00.103384,-0.05,0.81,0.15,20.94,3.36,1.46,-16.02,-1.98,-33.95,1
O,2022-11-13 11:54:00.103574,-0.00,0.51,0.12,-80.51,15.08,-1.46,-15.47,-2.84,-32.01,1
O,2022-11-13 11:54:00.103746,0.02,0.53,0.14,-50.48,6.65,6.16,-15.47,-2.84,-32.01,1
O,2022-11-13 11:54:00.103905,0.05,1.28,0.33,5.37,6.47,4.03,-15.47,-2.84,-32.01,1
O,2022-11-13 11:54:00.104075,-0.06,0.79,0.18,55.30,4.88,1.59,-13.50,1.98,-36.13,1
O,2022-11-13 11:54:00.104242,0.02,0.91,0.27,-18.74,2.56,3.72,-13.50,1.98,-36.13,1
O,2022-11-13 11:54:00.104409,-0.02,0.98,0.19,-29.60,0.31,3.78,-13.50,1.98,-36.13,1
O,2022-11-13 11:54:00.104594,-0.03,0.97,0.20,-4.64,0.92,2.62,-15.71,-2.73,-33.41,1
O,2022-11-13 11:54:00.104760,-0.03,0.94,0.22,4.82,1.34,2.08,-15.71,-2.73,-33.41,1
O,2022-11-13 11:54:00.104924,-0.03,0.93,0.22,-2.62,0.85,2.75,-15.28,-2.73,-34.55,1
O,2022-11-13 11:54:00.105097,-0.02,0.95,0.21,-9.89,0.73,2.99,-15.28,-2.73,-34.55,1
O,2022-11-13 11:54:00.105275,-0.04,0.95,0.19,-9.22,1.10,2.93,-15.28,-2.73,-34.55,1
O,2022-11-13 11:54:00.105453,-0.03,0.96,0.19,-7.02,1.22,2.99,-15.04,-3.60,-33.95,1
O,2022-11-13 11:54:00.105630,-0.04,0.95,0.18,-10.56,1.95,3.36,-15.04,-3.60,-33.95,1
O,2022-11-13 11:54:00.105797,-0.05,0.93,0.22,-21.18,2.50,5.13,-15.04,-3.60,-33.95,1
O,2022-11-13 11:54:00.105998,-0.06,0.98,0.18,-37.90,6.47,5.86,-15.26,-4.21,-33.67,1
O,2022-11-13 11:54:00.106152,0.14,1.10,0.23,-46.51,4.64,4.94,-15.26,-4.21,-33.67,1
O,2022-11-13 11:54:00.106307,-0.02,0.95,0.16,-5.49,4.58,3.48,-15.26,-4.21,-33.67,1
O,2022-11-13 11:54:00.106467,-0.03,0.96,0.14,0.79,0.06,1.95,-14.69,-4.68,-33.37,1
O,2022-11-13 11:54:00.106621,-0.04,0.95,0.15,-0.24,2.20,0.06,-14.69,-4.68,-33.37,1
O,2022-11-13 11:54:00.106786,-0.04,0.96,0.14,-5.43,5.55,-4.58,-14.62,-5.18,-33.94,1
O,2022-11-13 11:54:00.106945,-0.02,0.97,0.14,-10.74,4.82,-9.83,-14.62,-5.18,-33.94,1
O,2022-11-13 11:54:00.107110,-0.03,0.96,0.14,-11.47,5.68,-5.62,-14.62,-5.18,-33.94,1
O,2022-11-13 11:54:00.107270,-0.02,0.95,0.13,-20.87,5.19,-8.30,-14.12,-5.37,-33.44,1
O,2022-11-13 11:54:00.107429,-0.01,0.97,0.11,-25.94,5.68,-0.98,-14.12,-5.37,-33.44,1
O,2022-11-13 11:54:00.107595,-0.01,0.97,0.06,-14.28,5.80,6.90,-14.12,-5.37,-33.44,1
O,2022-11-13 11:54:00.107748,-0.02,0.96,0.10,-2.75,4.21,5.31,-14.31,-5.83,-32.97,1
O,2022-11-13 11:54:00.107907,-0.02,0.97,0.09,0.06,2.01,1.10,-14.31,-5.83,-32.97,1
O,2022-11-13 11:54:00.108058,-0.01,0.97,0.11,5.92,1.83,1.10,-14.31,-5.83,-32.97,1
O,2022-11-13 11:54:00.108216,-0.01,0.97,0.10,7.45,0.85,3.66,-14.27,-5.97,-33.34,1
O,2022-11-13 11:54:00.108375,-0.01,0.97,0.10,19.90,-0.12,8.73,-14.27,-5.97,-33.34,1
O,2022-11-13 11:54:00.108531,-0.02,0.97,0.11,29.48,-2.44,9.83,-14.01,-5.66,-33.28,1
O,2022-11-13 11:54:00.108703,-0.03,0.96,0.13,36.44,-3.60,10.31,-14.01,-5.66,-33.28,1
O,2022-11-13 11:54:00.108863,-0.03,0.93,0.19,26.43,-5.13,11.23,-14.01,-5.66,-33.28,1
O,2022-11-13 11:54:00.109032,-0.04,0.96,0.14,5.37,-0.67,10.01,-14.01,-5.32,-33.12,1
O,2022-11-13 11:54:00.109185,-0.03,0.96,0.14,2.38,3.30,7.63,-14.01,-5.32,-33.12,1
O,2022-11-13 11:54:00.109337,-0.04,0.95,0.15,4.94,0.43,2.26,-14.01,-5.32,-33.12,1
O,2022-11-13 11:54:00.109493,-0.04,0.96,0.14,2.69,1.10,2.26,-14.56,-4.69,-33.45,1
O,2022-11-13 11:54:00.109644,-0.03,0.96,0.15,3.54,1.16,2.26,-14.56,-4.69,-33.45,1
O,2022-11-13 11:54:00.109807,-0.03,0.96,0.15,2.99,0.98,2.08,-14.56,-4.69,-33.45,1
O,2022-11-13 11:54:00.109959,-0.03,0.96,0.15,1.71,1.16,2.38,-14.88,-5.10,-33.62,1
O,2022-11-13 11:54:00.110118,-0.03,0.96,0.15,0.85,1.10,2.56,-14.88,-5.10,-33.62,1
O,2022-11-13 11:54:00.110269,-0.03,0.96,0.15,1.40,1.22,2.44,-14.82,-4.96,-33.19,1
O,2022-11-13 11:54:00.110421,-0.03,0.96,0.15,0.06,0.98,2.38,-14.82,-4.96,-33.19,1
O,2022-11-13 11:54:00.110585,-0.03,0.96,0.15,0.37,1.22,2.50,-14.82,-4.96,-33.19,1
O,2022-11-13 11:54:00.110742,-0.03,0.96,0.15,-15.44,0.98,2.44,-14.75,-4.71,-32.96,1
O,2022-11-13 11:54:00.110905,-0.03,0.96,0.15,0.18,1.04,2.56,-14.75,-4.71,-32.96,1
O,2022-11-13 11:54:00.111059,-0.03,0.96,0.15,0.61,0.98,2.62,-14.75,-4.71,-32.96,1
O,2022-11-13 11:54:00.111210,-0.03,0.96,0.15,0.98,1.04,2.44,-14.29,-5.21,-33.69,1
O,2022-11-13 11:54:00.111369,-0.03,0.96,0.14,0.55,1.16,2.38,-14.29,-5.21,-33.69,1
O,2022-11-13 11:54:00.111519,-0.03,0.96,0.15,1.65,1.40,2.44,-14.29,-5.21,-33.69,1
O,2022-11-13 11:54:00.111679,-0.03,0.96,0.14,1.95,1.10,2.44,-14.40,-5.25,-33.26,1
O,2022-11-13 11:54:00.111835,-0.03,0.96,0.15,2.44,1.10,2.14,-14.40,-5.25,-33.26,1
O,2022-11-13 11:54:00.111986,-0.03,0.96,0.15,2.44,1.10,2.32,-14.77,-4.38,-32.84,1
O,2022-11-13 11:54:00.112142,-0.03,0.96,0.15,2.69,1.16,2.20,-14.77,-4.38,-32.84,1
O,2022-11-13 11:54:00.112293,-0.03,0.96,0.15,2.75,1.16,2.20,-14.77,-4.38,-32.84,1
O,2022-11-13 11:54:00.112450,-0.03,0.96,0.15,2.69,0.85,2.26,-14.79,-4.86,-33.98,1
O,2022-11-13 11:54:00.112601,-0.03,0.96,0.15,2.75,1.46,2.38,-14.79,-4.86,-33.98,1
O,2022-11-13 11:54:00.112759,-0.03,0.96,0.15,1.89,1.22,2.44,-14.79,-4.86,-33.98,1
O,2022-11-13 11:54:00.112912,-0.03,0.95,0.16,3.72,1.46,2.26,-14.87,-4.64,-34.34,1
O,2022-11-13 11:54:00.113062,-0.04,0.96,0.15,1.53,1.16,2.20,-14.87,-4.64,-34.34,1
O,2022-11-13 11:54:00.113229,-0.03,0.96,0.15,2.20,1.10,2.14,-14.87,-4.64,-34.34,1
O,2022-11-13 11:54:00.113386,-0.03,0.96,0.14,0.73,1.10,2.32,-14.50,-4.96,-32.84,1
O,2022-11-13 11:54:00.113546,-0.03,0.95,0.15,2.32,1.10,2.26,-14.50,-4.96,-32.84,1
O,2022-11-13 11:54:00.113697,-0.03,0.96,0.15,0.85,1.04,2.44,-14.66,-4.70,-33.80,1
O,2022-11-13 11:54:00.113849,-0.03,0.96,0.15,0.55,1.04,2.50,-14.66,-4.70,-33.80,1
O,2022-11-13 11:54:00.114011,-0.03,0.96,0.15,1.04,0.92,2.56,-14.66,-4.70,-33.80,1
O,2022-11-13 11:54:00.114164,-0.03,0.96,0.15,1.89,0.98,2.32,-14.60,-4.68,-33.48,1
O,2022-11-13 11:54:00.114332,-0.03,0.96,0.15,2.32,0.85,2.20,-14.60,-4.68,-33.48,1
O,2022-11-13 11:54:00.114484,-0.03,0.96,0.15,1.65,0.98,2.44,-14.60,-4.68,-33.48,1
O,2022-11-13 11:54:00.114635,-0.03,0.96,0.15,1.71,1.04,2.32,-14.88,-4.52,-33.72,1
O,2022-11-13 11:54:00.114797,-0.03,0.96,0.15,2.44,1.40,2.32,-14.88,-4.52,-33.72,1
O,2022-11-13 11:54:00.114947,-0.03,0.96,0.15,1.77,1.65,2.50,-14.88,-4.52,-33.72,1
O,2022-11-13 11:54:00.115108,-0.03,0.96,0.15,-0.24,2.56,2.50,-14.61,-4.47,-34.08,1
O,2022-11-13 11:54:00.115262,-0.03,0.96,0.15,1.53,1.77,2.69,-14.61,-4.47,-34.08,1
O,2022-11-13 11:54:00.115421,-0.03,0.96,0.15,1.95,1.10,2.44,-14.56,-4.49,-32.64,1
O,2022-11-13 11:54:00.115576,-0.03,0.96,0.15,2.01,0.98,2.20,-14.56,-4.49,-32.64,1
O,2022-11-13 11:54:00.115727,-0.03,0.96,0.15,1.89,1.16,2.20,-14.56,-4.49,-32.64,1
O,2022-11-13 11:54:00.115883,-0.03,0.96,0.15,2.01,1.10,2.38,-14.69,-4.72,-33.39,1
O,2022-11-13 11:54:00.116049,-0.03,0.96,0.15,1.71,1.04,2.38,-14.69,-4.72,-33.39,1
O,2022-11-13 11:54:00.116214,-0.03,0.96,0.15,1.83,1.16,2.32,-14.69,-4.72,-33.39,1
O,2022-11-13 11:54:00.116391,-0.03,0.96,0.15,2.14,1.16,2.44,-14.86,-5.19,-33.28,1
O,2022-11-13 11:54:00.116543,-0.03,0.96,0.15,1.59,1.10,2.44,-14.86,-5.19,-33.28,1
O,2022-11-13 11:54:00.116706,-0.03,0.96,0.15,1.59,1.10,2.26,-14.86,-5.19,-33.28,1
O,2022-11-13 11:54:00.116858,-0.03,0.96,0.15,1.46,1.16,2.26,-14.65,-4.64,-32.65,1
O,2022-11-13 11:54:00.117019,-0.04,0.96,0.15,2.50,1.16,2.32,-14.65,-4.64,-32.65,1
O,2022-11-13 11:54:00.117169,-0.03,0.96,0.15,2.62,1.22,2.26,-14.73,-4.87,-33.20,1
O,2022-11-13 11:54:00.117322,-0.03,0.96,0.15,1.46,1.22,2.38,-14.73,-4.87,-33.20,1
O,2022-11-13 11:54:00.117477,-0.03,0.96,0.15,1.28,1.22,2.44,-14.73,-4.87,-33.20,1
O,2022-11-13 11:54:00.117629,-0.03,0.96,0.15,1.22,0.98,2.44,-14.22,-4.99,-33.15,1
O,2022-11-13 11:54:00.117790,-0.03,0.96,0.15,1.53,1.22,2.38,-14.22,-4.99,-33.15,1
O,2022-11-13 11:54:00.117943,-0.03,0.96,0.15,1.40,1.28,2.50,-14.22,-4.99,-33.15,1
O,2022-11-13 11:54:00.118100,-0.03,0.96,0.15,1.46,1.16,2.44,-14.15,-4.88,-34.05,1
O,2022-11-13 11:54:00.118252,-0.03,0.96,0.15,1.65,1.10,2.32,-14.15,-4.88,-34.05,1
O,2022-11-13 11:54:00.118417,-0.03,0.96,0.15,1.28,1.40,2.32,-14.15,-4.88,-34.05,1
O,2022-11-13 11:54:00.118580,-0.04,0.96,0.15,1.34,1.34,2.32,-14.70,-4.75,-33.07,1
O,2022-11-13 11:54:00.118733,-0.03,0.96,0.15,1.34,3.23,2.87,-14.70,-4.75,-33.07,1
O,2022-11-13 11:54:00.118902,-0.04,0.96,0.15,-1.65,7.02,3.78,-14.93,-5.04,-33.73,1
O,2022-11-13 11:54:00.119052,-0.03,0.96,0.15,0.55,5.55,3.36,-14.93,-5.04,-33.73,1
O,2022-11-13 11:54:00.119202,-0.03,0.96,0.15,1.95,3.91,3.23,-14.93,-5.04,-33.73,1
O,2022-11-13 11:54:00.119363,-0.03,0.95,0.15,1.65,3.91,2.99,-14.38,-5.05,-33.89,1
O,2022-11-13 11:54:00.119514,-0.03,0.96,0.14,2.14,1.40,2.50,-14.38,-5.05,-33.89,1
O,2022-11-13 11:54:00.119676,-0.03,0.96,0.14,0.73,1.16,2.50,-14.38,-5.05,-33.89,1
O,2022-11-13 11:54:00.119827,-0.03,0.96,0.15,3.72,1.22,2.08,-13.88,-4.65,-34.67,1
O,2022-11-13 11:54:00.119987,-0.03,0.96,0.14,2.38,1.28,2.38,-13.88,-4.65,-34.67,1
O,2022-11-13 11:54:00.120140,-0.03,0.96,0.15,2.44,0.98,2.38,-13.88,-4.65,-34.67,1
O,2022-11-13 11:54:00.120291,-0.03,0.96,0.15,1.59,1.04,2.32,-14.04,-4.75,-34.01,1
O,2022-11-13 11:54:00.120521,-0.03,0.96,0.15,1.59,1.04,2.38,-14.04,-4.75,-34.01,1
O,2022-11-13 11:54:00.120700,-0.03,0.96,0.15,1.59,1.16,2.38,-14.20,-4.86,-34.72,1
O,2022-11-13 11:54:00.120872,-0.03,0.96,0.15,1.77,1.22,2.38,-14.20,-4.86,-34.72,1
O,2022-11-13 11:54:00.121044,-0.03,0.96,0.14,1.77,1.10,2.38,-14.20,-4.86,-34.72,1
O,2022-11-13 11:54:00.121222,-0.03,0.96,0.15,1.77,1.16,2.44,-14.49,-4.33,-34.36,1
O,2022-11-13 11:54:00.121399,-0.03,0.96,0.15,1.77,1.16,2.56,-14.49,-4.33,-34.36,1
O,2022-11-13 11:54:00.121578,-0.03,0.96,0.15,1.77,1.22,2.44,-14.49,-4.33,-34.36,1
O,2022-11-13 11:54:00.121749,-0.04,0.96,0.14,1.89,0.92,2.38,-14.51,-4.59,-33.31,1
O,2022-11-13 11:54:00.121924,-0.03,0.96,0.15,2.08,1.16,2.38,-14.51,-4.59,-33.31,1
O,2022-11-13 11:54:00.122097,-0.03,0.96,0.15,1.95,1.16,2.32,-14.51,-4.59,-33.31,1
O,2022-11-13 11:54:00.122266,-0.03,0.96,0.14,1.89,0.98,2.38,-14.89,-4.65,-32.85,1
O,2022-11-13 11:54:00.122442,-0.03,0.96,0.15,2.08,1.28,2.44,-14.89,-4.65,-32.85,1
O,2022-11-13 11:54:00.122632,-0.03,0.96,0.15,2.32,0.92,2.26,-14.77,-4.94,-34.50,1
O,2022-11-13 11:54:00.122804,-0.03,0.96,0.15,1.71,1.10,2.26,-14.77,-4.94,-34.50,1
O,2022-11-13 11:54:00.123000,-0.03,0.96,0.15,1.95,1.16,2.50,-14.77,-4.94,-34.50,1
O,2022-11-13 11:54:00.123172,-0.04,0.96,0.14,2.62,0.98,2.32,-14.25,-4.41,-33.76,1
O,2022-11-13 11:54:00.123335,-0.03,0.96,0.15,1.46,0.98,2.38,-14.25,-4.41,-33.76,1
O,2022-11-13 11:54:00.123512,-0.03,0.96,0.15,2.08,1.16,2.38,-14.25,-4.41,-33.76,1
O,2022-11-13 11:54:00.123674,-0.03,0.96,0.15,1.83,1.22,2.50,-13.84,-4.44,-34.17,1
O,2022-11-13 11:54:00.123847,-0.03,0.96,0.15,1.71,0.98,2.38,-13.84,-4.44,-34.17,1
O,2022-11-13 11:54:00.124015,-0.03,0.96,0.15,1.65,0.98,2.20,-13.84,-4.44,-34.17,1
O,2022-11-13 11:54:00.124168,-0.03,0.96,0.15,1.46,0.92,2.32,-14.38,-4.71,-34.18,1
O,2022-11-13 11:54:00.124336,-0.03,0.96,0.15,1.71,1.10,2.32,-14.38,-4.71,-34.18,1
O,2022-11-13 11:54:00.124504,-0.03,0.96,0.15,1.65,0.98,2.44,-14.27,-4.66,-34.59,1
O,2022-11-13 11:54:00.124680,-0.03,0.96,0.15,1.28,1.04,2.44,-14.27,-4.66,-34.59,1
O,2022-11-13 11:54:00.124850,-0.03,0.96,0.14,1.34,1.34,2.38,-14.27,-4.66,-34.59,1
O,2022-11-13 11:54:00.125020,-0.03,0.96,0.14,1.77,1.04,2.50,-14.47,-4.88,-34.06,1
O,2022-11-13 11:54:00.125188,-0.03,0.96,0.15,1.71,1.10,2.56,-14.47,-4.88,-34.06,1
O,2022-11-13 11:54:00.125343,-0.03,0.96,0.15,1.77,1.28,2.56,-14.47,-4.88,-34.06,1
O,2022-11-13 11:54:00.125505,-0.03,0.96,0.14,2.01,1.10,2.38,-14.29,-4.49,-34.79,1
O,2022-11-13 11:54:00.125656,-0.03,0.96,0.14,1.65,1.10,2.38,-14.29,-4.49,-34.79,1
O,2022-11-13 11:54:00.125815,-0.03,0.96,0.15,1.53,1.40,2.32,-14.29,-4.49,-34.79,1
O,2022-11-13 11:54:00.125967,-0.03,0.96,0.14,0.79,1.16,2.38,-14.15,-5.44,-34.19,1
O,2022-11-13 11:54:00.126123,-0.04,0.96,0.15,1.83,1.22,2.56,-14.15,-5.44,-34.19,1
O,2022-11-13 11:54:00.126282,-0.03,0.96,0.15,1.89,1.22,2.20,-14.45,-4.19,-34.75,1
O,2022-11-13 11:54:00.126432,-0.04,0.96,0.15,1.10,2.75,2.75,-14.45,-4.19,-34.75,1
O,2022-11-13 11:54:00.126596,-0.03,0.96,0.14,-0.31,3.17,2.93,-14.45,-4.19,-34.75,1
O,2022-11-13 11:54:00.126746,-0.03,0.96,0.14,1.83,1.95,2.38,-13.68,-4.16,-34.02,1
O,2022-11-13 11:54:00.126896,-0.03,0.96,0.15,2.56,1.28,2.14,-13.68,-4.16,-34.02,1
O,2022-11-13 11:54:00.127060,-0.03,0.96,0.14,1.71,1.53,2.38,-13.68,-4.16,-34.02,1
O,2022-11-13 11:54:00.127216,-0.03,0.96,0.14,0.98,1.77,2.50,-13.67,-4.97,-33.72,1
O,2022-11-13 11:54:00.127378,-0.03,0.96,0.14,2.01,1.77,2.38,-13.67,-4.97,-33.72,1
O,2022-11-13 11:54:00.127529,-0.03,0.96,0.14,-0.67,2.81,2.81,-13.67,-4.97,-33.72,1
O,2022-11-13 11:54:00.127679,-0.03,0.96,0.14,1.83,1.71,2.38,-13.37,-4.48,-33.13,1
O,2022-11-13 11:54:00.127835,-0.03,0.96,0.14,2.14,1.10,2.32,-13.37,-4.48,-33.13,1
O,2022-11-13 11:54:00.127988,-0.03,0.96,0.14,2.32,1.16,2.44,-14.06,-4.94,-33.67,1
O,2022-11-13 11:54:00.128150,-0.03,0.96,0.14,2.01,1.16,2.20,-14.06,-4.94,-33.67,1
O,2022-11-13 11:54:00.128298,-0.03,0.96,0.14,1.95,1.46,2.32,-14.06,-4.94,-33.67,1
O,2022-11-13 11:54:00.128454,-0.03,0.96,0.15,1.34,1.83,2.50,-13.73,-4.63,-34.83,1
O,2022-11-13 11:54:00.128613,-0.03,0.96,0.14,2.50,1.34,2.26,-13.73,-4.63,-34.83,1
O,2022-11-13 11:54:00.128764,-0.03,0.96,0.14,1.83,1.83,2.44,-13.73,-4.63,-34.83,1
O,2022-11-13 11:54:00.128923,-0.03,0.96,0.14,0.37,2.14,2.38,-13.95,-4.85,-34.53,1
O,2022-11-13 11:54:00.129075,-0.03,0.96,0.14,2.01,1.10,2.56,-13.95,-4.85,-34.53,1
O,2022-11-13 11:54:00.129233,-0.03,0.96,0.14,2.01,1.16,2.26,-13.95,-4.85,-34.53,1
O,2022-11-13 11:54:00.129384,-0.04,0.96,0.14,1.95,1.10,2.44,-13.77,-4.52,-33.59,1
O,2022-11-13 11:54:00.129535,-0.03,0.96,0.15,2.32,1.28,2.38,-13.77,-4.52,-33.59,1
O,2022-11-13 11:54:00.129698,-0.03,0.96,0.14,1.59,1.10,2.44,-14.27,-4.22,-33.81,1
O,2022-11-13 11:54:00.129856,-0.03,0.96,0.14,0.79,1.10,2.44,-14.27,-4.22,-33.81,1
O,2022-11-13 11:54:00.130019,-0.03,0.96,0.15,1.77,1.04,2.32,-14.27,-4.22,-33.81,1
O,2022-11-13 11:54:00.130170,-0.03,0.96,0.15,1.65,1.10,2.44,-13.79,-4.83,-35.06,1
O,2022-11-13 11:54:00.130321,-0.03,0.96,0.14,1.40,0.98,2.38,-13.79,-4.83,-35.06,1
O,2022-11-13 11:54:00.130485,-0.03,0.96,0.14,1.40,1.04,2.38,-13.79,-4.83,-35.06,1
O,2022-11-13 11:54:00.130636,-0.03,0.96,0.14,1.89,0.85,2.26,-13.81,-4.74,-33.53,1
O,2022-11-13 11:54:00.130798,-0.03,0.96,0.14,1.46,1.16,2.44,-13.81,-4.74,-33.53,1
O,2022-11-13 11:54:00.130948,-0.03,0.96,0.14,1.65,1.16,2.44,-13.81,-4.74,-33.53,1
O,2022-11-13 11:54:00.131099,-0.03,0.96,0.14,1.34,1.16,2.32,-13.98,-4.63,-33.63,1
O,2022-11-13 11:54:00.131258,-0.03,0.96,0.14,1.59,1.22,2.50,-13.98,-4.63,-33.63,1
O,2022-11-13 11:54:00.131408,-0.03,0.96,0.14,1.77,0.98,2.32,-13.53,-4.92,-34.34,1
O,2022-11-13 11:54:00.131569,-0.03,0.96,0.14,1.95,0.98,2.26,-13.53,-4.92,-34.34,1
O,2022-11-13 11:54:00.131720,-0.03,0.96,0.14,1.34,1.04,2.32,-13.53,-4.92,-34.34,1
O,2022-11-13 11:54:00.131879,-0.03,0.96,0.14,2.32,1.04,2.38,-13.64,-4.69,-34.39,1
O,2022-11-13 11:54:00.132031,-0.03,0.96,0.14,1.65,1.04,2.32,-13.64,-4.69,-34.39,1
O,2022-11-13 11:54:00.132180,-0.03,0.96,0.14,1.83,1.22,2.32,-13.64,-4.69,-34.39,1
O,2022-11-13 11:54:00.132344,-0.03,0.96,0.15,2.01,1.04,2.38,-13.28,-4.60,-35.23,1
O,2022-11-13 11:54:00.132497,-0.03,0.96,0.15,2.08,1.10,2.26,-13.28,-4.60,-35.23,1
O,2022-11-13 11:54:00.132656,-0.03,0.96,0.14,0.79,1.10,2.44,-13.28,-4.60,-35.23,1
O,2022-11-13 11:54:00.132806,-0.03,0.96,0.15,2.99,1.10,2.38,-13.76,-4.63,-34.31,1
O,2022-11-13 11:54:00.132959,-0.03,0.96,0.14,1.59,0.85,2.20,-13.76,-4.63,-34.31,1
O,2022-11-13 11:54:00.133115,-0.03,0.96,0.14,1.65,1.04,2.50,-13.44,-4.81,-34.40,1
O,2022-11-13 11:54:00.133267,-0.04,0.96,0.14,1.71,1.04,2.26,-13.44,-4.81,-34.40,1
O,2022-11-13 11:54:00.133427,-0.03,0.96,0.14,1.89,0.98,2.44,-13.44,-4.81,-34.40,1
O,2022-11-13 11:54:00.133578,-0.03,0.96,0.14,1.77,1.10,2.26,-13.70,-4.65,-33.57,1
O,2022-11-13 11:54:00.133729,-0.03,0.96,0.14,2.01,0.98,2.32,-13.70,-4.65,-33.57,1
O,2022-11-13 11:54:00.133884,-0.03,0.96,0.14,2.01,0.98,2.38,-13.70,-4.65,-33.57,1
O,2022-11-13 11:54:00.134036,-0.03,0.96,0.14,1.95,1.04,2.38,-13.46,-4.54,-34.06,1
O,2022-11-13 11:54:00.134203,-0.03,0.96,0.15,1.83,1.04,2.20,-13.46,-4.54,-34.06,1
O,2022-11-13 11:54:00.134356,-0.03,0.96,0.14,1.59,1.04,2.44,-13.46,-4.54,-34.06,1
O,2022-11-13 11:54:00.134512,-0.03,0.96,0.14,1.59,1.04,2.44,-13.37,-4.94,-34.55,1
O,2022-11-13 11:54:00.134665,-0.03,0.96,0.14,2.14,0.98,2.26,-13.37,-4.94,-34.55,1
O,2022-11-13 11:54:00.134818,-0.03,0.96,0.14,1.59,1.04,2.50,-13.42,-5.20,-33.89,1
O,2022-11-13 11:54:00.134975,-0.03,0.96,0.15,2.14,0.92,2.14,-13.42,-5.20,-33.89,1
O,2022-11-13 11:54:00.135129,-0.03,0.96,0.14,1.83,0.98,2.32,-13.42,-5.20,-33.89,1
O,2022-11-13 11:54:00.135289,-0.03,0.96,0.14,1.59,1.04,2.32,-13.99,-4.99,-33.87,1
O,2022-11-13 11:54:00.135444,-0.03,0.96,0.14,2.08,1.04,2.38,-13.99,-4.99,-33.87,1
O,2022-11-13 11:54:00.135601,-0.03,0.96,0.15,2.20,1.16,2.20,-13.99,-4.99,-33.87,1
O,2022-11-13 11:54:00.135762,-0.03,0.96,0.14,1.77,1.04,2.26,-13.20,-4.79,-34.73,1
O,2022-11-13 11:54:00.135914,-0.03,0.96,0.15,2.08,0.98,2.44,-13.20,-4.79,-34.73,1
O,2022-11-13 11:54:00.136069,-0.03,0.96,0.14,2.26,1.04,2.32,-13.20,-4.79,-34.73,1
O,2022-11-13 11:54:00.136220,-0.03,0.96,0.14,1.95,1.04,2.20,-14.00,-4.54,-34.42,1
O,2022-11-13 11:54:00.136373,-0.03,0.96,0.14,2.14,0.92,2.38,-14.00,-4.54,-34.42,1
O,2022-11-13 11:54:00.136533,-0.03,0.96,0.15,2.75,0.98,2.26,-13.73,-4.60,-32.95,1
O,2022-11-13 11:54:00.136684,-0.03,0.96,0.14,1.34,0.98,2.44,-13.73,-4.60,-32.95,1
O,2022-11-13 11:54:00.136841,-0.03,0.96,0.15,2.20,0.85,2.38,-13.73,-4.60,-32.95,1
O,2022-11-13 11:54:00.136994,-0.03,0.96,0.14,2.32,1.04,2.26,-13.64,-4.71,-34.34,1
O,2022-11-13 11:54:00.137149,-0.03,0.96,0.15,2.01,0.79,2.20,-13.64,-4.71,-34.34,1
O,2022-11-13 11:54:00.137304,-0.03,0.96,0.15,1.95,1.16,2.38,-13.64,-4.71,-34.34,1
O,2022-11-13 11:54:00.137455,-0.03,0.96,0.14,2.08,0.98,2.32,-13.95,-3.99,-34.35,1
O,2022-11-13 11:54:00.137614,-0.03,0.96,0.15,2.01,0.98,2.38,-13.95,-3.99,-34.35,1
O,2022-11-13 11:54:00.137770,-0.03,0.96,0.15,2.08,1.28,2.44,-13.95,-3.99,-34.35,1
O,2022-11-13 11:54:00.137930,-0.03,0.96,0.15,1.89,1.28,2.26,-13.29,-4.24,-33.17,1
O,2022-11-13 11:54:00.138082,-0.03,0.96,0.14,1.28,1.65,2.44,-13.29,-4.24,-33.17,1
O,2022-11-13 11:54:00.138236,-0.03,0.96,0.14,1.34,1.28,2.62,-13.34,-4.21,-32.95,1
O,2022-11-13 11:54:00.138396,-0.03,0.96,0.15,1.65,1.22,2.38,-13.34,-4.21,-32.95,1
O,2022-11-13 11:54:00.138550,-0.03,0.96,0.15,2.20,1.22,2.38,-13.34,-4.21,-32.95,1
O,2022-11-13 11:54:00.138711,-0.03,0.96,0.15,1.89,1.10,2.38,-13.62,-4.44,-33.45,1
O,2022-11-13 11:54:00.138866,-0.03,0.96,0.15,2.01,0.98,2.14,-13.62,-4.44,-33.45,1
O,2022-11-13 11:54:00.139019,-0.03,0.96,0.15,2.08,0.92,2.44,-13.62,-4.44,-33.45,1
O,2022-11-13 11:54:00.139232,-0.04,0.97,0.14,1.77,1.16,1.95,-14.00,-4.41,-33.36,1
O,2022-11-13 11:54:00.139387,-0.04,0.96,0.14,-0.37,1.04,2.81,-14.00,-4.41,-33.36,1
O,2022-11-13 11:54:00.139548,-0.03,0.96,0.15,4.33,3.05,2.62,-14.00,-4.41,-33.36,1
O,2022-11-13 11:54:00.139702,-0.04,0.96,0.14,1.28,4.15,3.11,-13.46,-4.25,-33.41,1
O,2022-11-13 11:54:00.139855,-0.04,0.97,0.14,5.62,3.48,2.75,-13.46,-4.25,-33.41,1
O,2022-11-13 11:54:00.140049,-0.08,0.90,0.15,7.45,2.87,3.05,-13.72,-4.14,-33.57,1
O,2022-11-13 11:54:00.140206,-0.03,0.96,0.14,-0.06,3.42,2.75,-13.72,-4.14,-33.57,1
O,2022-11-13 11:54:00.140370,-0.04,0.96,0.13,-0.18,2.50,2.81,-13.72,-4.14,-33.57,1
O,2022-11-13 11:54:00.140525,-0.04,0.97,0.12,0.55,3.42,2.99,-14.25,-5.20,-33.00,1
O,2022-11-13 11:54:00.140687,-0.04,0.94,0.16,10.19,0.92,1.59,-14.25,-5.20,-33.00,1
O,2022-11-13 11:54:00.140858,-0.03,0.98,0.13,-4.39,3.17,2.93,-14.25,-5.20,-33.00,1
O,2022-11-13 11:54:00.141030,-0.03,0.99,0.12,-9.16,8.91,4.76,-14.01,-4.90,-33.47,1
O,2022-11-13 11:54:00.141218,-0.04,0.95,0.18,7.32,12.02,3.85,-14.01,-4.90,-33.47,1
O,2022-11-13 11:54:00.141370,-0.04,0.95,0.17,5.62,9.09,3.36,-14.01,-4.90,-33.47,1
O,2022-11-13 11:54:00.141531,-0.03,0.95,0.17,-2.14,9.52,4.21,-13.71,-4.48,-34.20,1
O,2022-11-13 11:54:00.141689,-0.03,0.96,0.13,-4.76,1.22,2.62,-13.71,-4.48,-34.20,1
O,2022-11-13 11:54:00.141850,-0.03,0.96,0.14,4.03,1.46,1.95,-13.54,-5.07,-34.40,1
O,2022-11-13 11:54:00.142022,-0.03,0.96,0.14,4.46,1.46,1.77,-13.54,-5.07,-34.40,1
O,2022-11-13 11:54:00.142190,-0.04,0.95,0.16,1.16,1.22,2.44,-13.54,-5.07,-34.40,1
O,2022-11-13 11:54:00.142361,-0.03,0.95,0.14,-4.88,2.50,3.30,-13.35,-5.08,-34.41,1
O,2022-11-13 11:54:00.142527,-0.04,0.97,0.13,-6.04,5.98,3.30,-13.35,-5.08,-34.41,1
O,2022-11-13 11:54:00.142682,-0.03,0.96,0.15,7.69,3.48,2.20,-13.35,-5.08,-34.41,1
O,2022-11-13 11:54:00.142840,-0.03,0.95,0.16,5.37,1.10,2.08,-13.15,-4.61,-34.47,1
O,2022-11-13 11:54:00.142994,-0.03,0.96,0.14,0.79,1.04,2.50,-13.15,-4.61,-34.47,1
O,2022-11-13 11:54:00.143153,-0.04,0.95,0.16,2.69,1.28,2.56,-13.15,-4.61,-34.47,1
O,2022-11-13 11:54:00.143307,-0.04,0.96,0.14,0.18,0.98,2.50,-13.28,-5.07,-33.15,1
O,2022-11-13 11:54:00.143461,-0.03,0.96,0.15,2.38,1.16,2.26,-13.28,-5.07,-33.15,1
O,2022-11-13 11:54:00.143615,-0.03,0.96,0.15,1.04,1.10,2.38,-13.11,-4.94,-33.23,1
O,2022-11-13 11:54:00.143768,-0.03,0.96,0.14,1.89,1.16,2.32,-13.11,-4.94,-33.23,1
O,2022-11-13 11:54:00.143927,-0.03,0.96,0.14,1.89,1.22,2.44,-13.11,-4.94,-33.23,1
O,2022-11-13 11:54:00.144078,-0.03,0.96,0.15,3.72,0.67,2.32,-13.11,-5.03,-35.18,1
O,2022-11-13 11:54:00.144234,-0.03,0.96,0.14,1.77,1.10,2.32,-13.11,-5.03,-35.18,1
O,2022-11-13 11:54:00.144386,-0.03,0.96,0.15,1.71,1.10,2.44,-13.11,-5.03,-35.18,1
O,2022-11-13 11:54:00.144538,-0.03,0.96,0.15,2.50,0.98,2.26,-13.42,-4.83,-34.66,1
O,2022-11-13 11:54:00.144697,-0.04,0.95,0.16,2.99,1.22,2.26,-13.42,-4.83,-34.66,1
O,2022-11-13 11:54:00.144851,-0.03,0.96,0.14,-0.12,0.98,2.50,-13.42,-4.83,-34.66,1
O,2022-11-13 11:54:00.145008,-0.03,0.96,0.16,1.28,0.92,2.32,-13.38,-5.13,-34.39,1
O,2022-11-13 11:54:00.145163,-0.03,0.95,0.15,2.81,1.28,2.20,-13.38,-5.13,-34.39,1
O,2022-11-13 11:54:00.145314,-0.03,0.95,0.15,2.20,1.34,2.50,-13.27,-4.88,-34.86,1
O,2022-11-13 11:54:00.145473,-0.04,0.96,0.13,-0.92,0.98,2.44,-13.27,-4.88,-34.86,1
O,2022-11-13 11:54:00.145625,-0.03,0.95,0.15,2.93,1.16,2.14,-13.27,-4.88,-34.86,1
O,2022-11-13 11:54:00.145782,-0.03,0.96,0.14,3.11,1.10,2.20,-13.90,-4.55,-34.91,1
O,2022-11-13 11:54:00.145935,-0.03,0.96,0.14,0.49,1.16,2.38,-13.90,-4.55,-34.91,1
O,2022-11-13 11:54:00.146093,-0.03,0.95,0.16,1.53,1.04,2.20,-13.90,-4.55,-34.91,1
O,2022-11-13 11:54:00.146250,-0.03,0.96,0.15,-1.16,0.92,2.69,-12.98,-4.58,-34.81,1
O,2022-11-13 11:54:00.146405,-0.03,0.96,0.15,-1.28,0.98,2.50,-12.98,-4.58,-34.81,1
O,2022-11-13 11:54:00.146566,-0.03,0.96,0.15,-2.87,0.98,2.75,-12.98,-4.58,-34.81,1
O,2022-11-13 11:54:00.146721,-0.00,0.96,0.15,-3.30,0.92,2.62,-13.06,-4.69,-33.02,1
O,2022-11-13 11:54:00.146879,-0.04,0.96,0.13,-8.18,0.79,3.60,-13.06,-4.69,-33.02,1
O,2022-11-13 11:54:00.147037,-0.04,0.96,0.13,-11.60,0.92,3.78,-12.96,-4.90,-33.46,1
O,2022-11-13 11:54:00.147200,-0.04,0.96,0.12,-18.49,2.20,4.52,-12.96,-4.90,-33.46,1
O,2022-11-13 11:54:00.147357,-0.05,0.96,0.10,-32.47,7.14,6.90,-12.96,-4.90,-33.46,1
O,2022-11-13 11:54:00.147517,-0.04,0.97,0.09,-31.01,10.80,6.84,-13.24,-5.05,-32.96,1
O,2022-11-13 11:54:00.147680,-0.03,0.97,0.07,-24.11,6.16,5.62,-13.24,-5.05,-32.96,1
O,2022-11-13 11:54:00.147831,-0.04,0.97,0.06,3.97,1.46,2.08,-13.24,-5.05,-32.96,1
O,2022-11-13 11:54:00.147990,-0.04,0.96,0.10,21.67,1.83,0.24,-12.93,-5.35,-34.34,1
O,2022-11-13 11:54:00.148143,-0.04,0.96,0.10,10.38,0.55,1.34,-12.93,-5.35,-34.34,1
O,2022-11-13 11:54:00.148306,-0.01,0.97,0.09,20.81,-0.31,0.12,-12.93,-5.35,-34.34,1
O,2022-11-13 11:54:00.148464,-0.04,0.96,0.13,28.02,-1.40,-0.85,-13.11,-5.30,-34.01,1
O,2022-11-13 11:54:00.148623,-0.03,0.97,0.10,24.84,-5.37,-0.67,-13.11,-5.30,-34.01,1
O,2022-11-13 11:54:00.148787,-0.03,0.95,0.16,30.21,-1.77,-1.16,-12.99,-4.93,-33.87,1
O,2022-11-13 11:54:00.148938,-0.03,0.95,0.14,6.84,0.55,1.89,-12.99,-4.93,-33.87,1
O,2022-11-13 11:54:00.149098,-0.03,0.96,0.13,-9.58,0.73,3.54,-12.99,-4.93,-33.87,1
O,2022-11-13 11:54:00.149254,-0.03,0.96,0.12,-6.47,1.28,3.17,-13.78,-4.98,-33.33,1
O,2022-11-13 11:54:00.149414,-0.04,0.96,0.12,2.08,1.22,2.32,-13.78,-4.98,-33.33,1
O,2022-11-13 11:54:00.149566,-0.03,0.96,0.14,5.98,1.16,2.01,-13.78,-4.98,-33.33,1
O,2022-11-13 11:54:00.149733,-0.04,0.96,0.12,2.93,1.04,2.14,-12.66,-5.03,-34.72,1
O,2022-11-13 11:54:00.149898,-0.04,0.98,0.10,10.68,1.59,1.46,-12.66,-5.03,-34.72,1
O,2022-11-13 11:54:00.150058,-0.19,0.89,0.24,44.19,7.45,-0.55,-12.66,-5.03,-34.72,1
O,2022-11-13 11:54:00.150223,-0.17,0.98,0.08,-5.07,18.86,6.29,-13.13,-5.26,-33.85,1
O,2022-11-13 11:54:00.150377,-0.05,0.95,0.16,4.52,34.55,8.12,-13.13,-5.26,-33.85,1
O,2022-11-13 11:54:00.150529,-0.01,0.94,0.19,2.75,39.31,9.22,-12.65,-5.04,-33.81,1
O,2022-11-13 11:54:00.150688,0.00,0.95,0.14,0.43,17.52,5.43,-12.65,-5.04,-33.81,1
O,2022-11-13 11:54:00.150837,0.01,0.95,0.16,4.70,0.79,2.38,-12.65,-5.04,-33.81,1
O,2022-11-13 11:54:00.150994,-0.02,0.96,0.15,2.75,0.00,2.20,-12.43,-5.07,-34.42,1
O,2022-11-13 11:54:00.151147,-0.04,0.96,0.15,2.69,0.73,2.26,-12.43,-5.07,-34.42,1
O,2022-11-13 11:54:00.151311,-0.03,0.96,0.15,4.21,-0.12,1.95,-12.43,-5.07,-34.42,1
O,2022-11-13 11:54:00.151470,-0.03,0.97,0.14,12.08,-0.24,1.53,-12.51,-5.07,-34.29,1
O,2022-11-13 11:54:00.151624,-0.04,0.95,0.16,20.63,1.22,1.28,-12.51,-5.07,-34.29,1
O,2022-11-13 11:54:00.151785,-0.04,0.93,0.18,20.45,1.28,1.28,-12.51,-5.07,-34.29,1
O,2022-11-13 11:54:00.151944,-0.03,0.94,0.18,-0.37,-0.98,1.89,-12.81,-4.24,-35.38,1
O,2022-11-13 11:54:00.152105,-0.03,0.96,0.16,-11.11,0.37,2.99,-12.81,-4.24,-35.38,1
O,2022-11-13 11:54:00.152258,-0.03,0.96,0.16,-4.21,0.85,2.56,-12.94,-4.55,-36.01,1
O,2022-11-13 11:54:00.152413,-0.03,0.96,0.15,-4.15,0.73,2.62,-12.94,-4.55,-36.01,1
O,2022-11-13 11:54:00.152566,-0.03,0.96,0.15,-1.34,1.04,2.50,-12.94,-4.55,-36.01,1
O,2022-11-13 11:54:00.152720,-0.03,0.96,0.15,-0.73,1.04,2.44,-12.77,-4.47,-35.29,1
O,2022-11-13 11:54:00.152878,-0.03,0.96,0.15,-0.85,0.92,2.44,-12.77,-4.47,-35.29,1
O,2022-11-13 11:54:00.153030,-0.03,0.96,0.16,0.49,0.85,2.56,-12.77,-4.47,-35.29,1
O,2022-11-13 11:54:00.153189,-0.03,0.96,0.15,-1.53,0.92,2.56,-12.73,-4.98,-35.89,1
O,2022-11-13 11:54:00.153342,-0.03,0.96,0.15,-0.73,0.92,2.50,-12.73,-4.98,-35.89,1
O,2022-11-13 11:54:00.153494,-0.03,0.96,0.15,0.85,1.04,2.38,-12.73,-4.98,-35.89,1
O,2022-11-13 11:54:00.153651,-0.03,0.96,0.15,1.59,1.10,2.26,-12.57,-4.52,-34.11,1
O,2022-11-13 11:54:00.153805,-0.03,0.96,0.15,1.46,1.04,2.38,-12.57,-4.52,-34.11,1
O,2022-11-13 11:54:00.153963,-0.03,0.96,0.15,1.28,1.22,2.44,-13.02,-4.76,-34.31,1
O,2022-11-13 11:54:00.154113,-0.03,0.96,0.15,1.53,1.04,2.26,-13.02,-4.76,-34.31,1
O,2022-11-13 11:54:00.154271,-0.03,0.96,0.15,1.53,1.10,2.32,-13.02,-4.76,-34.31,1
O,2022-11-13 11:54:00.154422,-0.03,0.96,0.15,1.59,1.10,2.38,-13.02,-4.74,-34.88,1
O,2022-11-13 11:54:00.154572,-0.03,0.96,0.15,1.77,1.28,2.50,-13.02,-4.74,-34.88,1
O,2022-11-13 11:54:00.154735,-0.03,0.96,0.15,1.65,0.98,2.44,-13.02,-4.74,-34.88,1
O,2022-11-13 11:54:00.154891,-0.03,0.96,0.15,1.22,1.04,2.14,-12.87,-4.77,-34.45,1
O,2022-11-13 11:54:00.155057,-0.03,0.96,0.15,1.40,1.16,2.44,-12.87,-4.77,-34.45,1
O,2022-11-13 11:54:00.155208,-0.03,0.96,0.15,1.53,1.04,2.50,-12.87,-4.77,-34.45,1
O,2022-11-13 11:54:00.155360,-0.03,0.96,0.15,1.40,1.22,2.26,-13.09,-4.04,-33.81,1
O,2022-11-13 11:54:00.155517,-0.03,0.96,0.15,1.53,0.92,2.44,-13.09,-4.04,-33.81,1
O,2022-11-13 11:54:00.155671,-0.03,0.96,0.15,1.77,0.98,2.32,-12.78,-4.83,-34.39,1
O,2022-11-13 11:54:00.155830,-0.03,0.96,0.15,1.34,0.98,2.38,-12.78,-4.83,-34.39,1
O,2022-11-13 11:54:00.155984,-0.03,0.96,0.15,1.71,1.22,2.32,-12.78,-4.83,-34.39,1
O,2022-11-13 11:54:00.156146,-0.03,0.96,0.15,1.71,1.28,2.32,-13.06,-4.70,-34.59,1
O,2022-11-13 11:54:00.156297,-0.03,0.95,0.15,1.95,1.34,2.44,-13.06,-4.70,-34.59,1
O,2022-11-13 11:54:00.156449,-0.04,0.96,0.15,1.77,1.34,2.44,-13.06,-4.70,-34.59,1
O,2022-11-13 11:54:00.156608,-0.04,0.96,0.15,1.46,1.16,2.32,-13.11,-4.86,-34.52,1
O,2022-11-13 11:54:00.156761,-0.03,0.96,0.15,2.20,1.10,2.38,-13.11,-4.86,-34.52,1
O,2022-11-13 11:54:00.156922,-0.03,0.96,0.15,1.71,1.04,2.38,-13.11,-4.86,-34.52,1
O,2022-11-13 11:54:00.157077,-0.03,0.96,0.15,1.89,1.10,2.32,-12.96,-4.79,-34.94,1
O,2022-11-13 11:54:00.157231,-0.03,0.96,0.15,1.95,1.22,2.44,-12.96,-4.79,-34.94,1
O,2022-11-13 11:54:00.157395,-0.03,0.96,0.15,1.71,1.22,2.50,-12.72,-5.05,-35.31,1
O,2022-11-13 11:54:00.157548,-0.03,0.96,0.15,1.89,1.16,2.14,-12.72,-5.05,-35.31,1
O,2022-11-13 11:54:00.157704,-0.03,0.96,0.15,1.83,0.98,2.38,-12.72,-5.05,-35.31,1
O,2022-11-13 11:54:00.157857,-0.03,0.96,0.15,1.89,1.10,2.32,-12.94,-4.97,-35.41,1
O,2022-11-13 11:54:00.158010,-0.03,0.96,0.15,1.71,1.22,2.32,-12.94,-4.97,-35.41,1
O,2022-11-13 11:54:00.158173,-0.03,0.96,0.15,1.83,1.04,2.20,-12.94,-4.97,-35.41,1
O,2022-11-13 11:54:00.158328,-0.03,0.96,0.15,1.71,1.28,2.32,-13.00,-5.24,-34.69,1
O,2022-11-13 11:54:00.158487,-0.03,0.96,0.15,1.40,1.28,2.32,-13.00,-5.24,-34.69,1
O,2022-11-13 11:54:00.158641,-0.03,0.96,0.15,1.71,1.04,2.50,-13.00,-5.24,-34.69,1
O,2022-11-13 11:54:00.158800,-0.03,0.96,0.15,1.59,0.85,2.32,-12.87,-4.71,-33.63,1
O,2022-11-13 11:54:00.158954,-0.03,0.96,0.15,1.65,1.34,2.32,-12.87,-4.71,-33.63,1
O,2022-11-13 11:54:00.159107,-0.03,0.96,0.15,1.71,1.22,2.44,-13.01,-5.13,-34.18,1
O,2022-11-13 11:54:00.159264,-0.03,0.96,0.15,1.28,1.04,2.38,-13.01,-5.13,-34.18,1
O,2022-11-13 11:54:00.159418,-0.03,0.96,0.15,1.53,1.22,2.32,-13.01,-5.13,-34.18,1
O,2022-11-13 11:54:00.159578,-0.03,0.96,0.15,1.71,1.16,2.32,-13.02,-4.96,-34.57,1
O,2022-11-13 11:54:00.159730,-0.03,0.96,0.15,1.77,1.28,2.38,-13.02,-4.96,-34.57,1
O,2022-11-13 11:54:00.159880,-0.03,0.96,0.15,1.59,0.98,2.44,-13.02,-4.96,-34.57,1
O,2022-11-13 11:54:00.160041,-0.03,0.96,0.15,1.83,1.04,2.38,-12.21,-4.63,-35.66,1
O,2022-11-13 11:54:00.160195,-0.03,0.96,0.15,1.71,1.22,2.56,-12.21,-4.63,-35.66,1
O,2022-11-13 11:54:00.160351,-0.03,0.96,0.15,1.77,1.10,2.38,-12.21,-4.63,-35.66,1
O,2022-11-13 11:54:00.160505,-0.03,0.96,0.15,1.65,1.04,2.38,-12.89,-5.00,-33.85,1
O,2022-11-13 11:54:00.160673,-0.03,0.96,0.15,1.65,0.98,2.32,-12.89,-5.00,-33.85,1
O,2022-11-13 11:54:00.160835,-0.03,0.96,0.15,1.89,1.28,2.32,-12.73,-4.86,-35.17,1
O,2022-11-13 11:54:00.160989,-0.03,0.96,0.15,1.59,1.04,2.32,-12.73,-4.86,-35.17,1
O,2022-11-13 11:54:00.161155,-0.03,0.96,0.15,1.71,0.98,2.38,-12.73,-4.86,-35.17,1
O,2022-11-13 11:54:00.161305,-0.03,0.96,0.15,1.89,1.16,2.26,-12.89,-4.54,-34.79,1
O,2022-11-13 11:54:00.161469,-0.03,0.96,0.15,1.59,1.10,2.38,-12.89,-4.54,-34.79,1
O,2022-11-13 11:54:00.161619,-0.03,0.96,0.15,1.65,1.22,2.50,-12.89,-4.54,-34.79,1
O,2022-11-13 11:54:00.161770,-0.03,0.96,0.15,1.53,1.10,2.32,-12.82,-4.83,-35.58,1
O,2022-11-13 11:54:00.161927,-0.03,0.96,0.15,1.77,1.10,2.32,-12.82,-4.83,-35.58,1
O,2022-11-13 11:54:00.162078,-0.03,0.96,0.15,1.95,1.04,2.20,-12.82,-4.83,-35.58,1
O,2022-11-13 11:54:00.162234,-0.03,0.96,0.15,1.77,0.98,2.32,-12.23,-4.96,-34.72,1
O,2022-11-13 11:54:00.162388,-0.03,0.96,0.15,1.83,1.16,2.38,-12.23,-4.96,-34.72,1
O,2022-11-13 11:54:00.162541,-0.03,0.96,0.15,1.59,1.16,2.44,-12.94,-5.30,-34.50,1
O,2022-11-13 11:54:00.162698,-0.03,0.96,0.15,1.71,1.10,2.32,-12.94,-5.30,-34.50,1
O,2022-11-13 11:54:00.162849,-0.03,0.96,0.15,1.71,1.04,2.26,-12.94,-5.30,-34.50,1
O,2022-11-13 11:54:00.163006,-0.03,0.96,0.15,1.77,1.10,2.44,-13.17,-5.20,-35.21,1
O,2022-11-13 11:54:00.163161,-0.03,0.96,0.15,1.77,1.22,2.44,-13.17,-5.20,-35.21,1
O,2022-11-13 11:54:00.163318,-0.03,0.96,0.15,1.77,1.16,2.50,-13.17,-5.20,-35.21,1
O,2022-11-13 11:54:00.163467,-0.03,0.96,0.15,1.71,1.16,2.32,-12.18,-4.85,-34.44,1
O,2022-11-13 11:54:00.163620,-0.03,0.96,0.15,1.77,1.04,2.50,-12.18,-4.85,-34.44,1
O,2022-11-13 11:54:00.163777,-0.03,0.96,0.15,1.71,1.28,2.32,-12.18,-4.85,-34.44,1
O,2022-11-13 11:54:00.163927,-0.03,0.96,0.15,1.83,0.98,2.38,-12.90,-4.38,-34.52,1
O,2022-11-13 11:54:00.164088,-0.03,0.96,0.15,1.71,1.16,2.44,-12.90,-4.38,-34.52,1
O,2022-11-13 11:54:00.164238,-0.03,0.96,0.15,1.77,1.04,2.38,-13.27,-4.54,-35.13,1
O,2022-11-13 11:54:00.164391,-0.03,0.96,0.15,1.59,1.16,2.50,-13.27,-4.54,-35.13,1
O,2022-11-13 11:54:00.164547,-0.03,0.96,0.15,1.83,0.92,2.38,-13.27,-4.54,-35.13,1
O,2022-11-13 11:54:00.164697,-0.03,0.96,0.15,1.71,1.04,2.50,-12.55,-4.55,-34.91,1
O,2022-11-13 11:54:00.164854,-0.03,0.96,0.15,1.65,1.28,2.50,-12.55,-4.55,-34.91,1
O,2022-11-13 11:54:00.165017,-0.03,0.96,0.15,1.83,1.10,2.32,-12.55,-4.55,-34.91,1
O,2022-11-13 11:54:00.165172,-0.03,0.96,0.15,1.65,1.10,2.44,-12.79,-4.85,-35.16,1
O,2022-11-13 11:54:00.165324,-0.03,0.96,0.15,1.77,1.16,2.38,-12.79,-4.85,-35.16,1
O,2022-11-13 11:54:00.165476,-0.03,0.96,0.15,1.77,1.04,2.26,-12.79,-4.85,-35.16,1
O,2022-11-13 11:54:00.165632,-0.03,0.96,0.15,1.59,1.16,2.32,-13.12,-4.47,-34.81,1
O,2022-11-13 11:54:00.165784,-0.03,0.96,0.15,1.59,1.10,2.38,-13.12,-4.47,-34.81,1
O,2022-11-13 11:54:00.165941,-0.03,0.96,0.15,1.59,1.16,2.26,-13.15,-4.82,-34.85,1
O,2022-11-13 11:54:00.166094,-0.03,0.96,0.15,1.77,0.98,2.26,-13.15,-4.82,-34.85,1
O,2022-11-13 11:54:00.166250,-0.03,0.96,0.15,1.65,1.10,2.32,-13.15,-4.82,-34.85,1
O,2022-11-13 11:54:00.166409,-0.03,0.96,0.15,1.53,1.16,2.32,-12.63,-5.02,-35.33,1
O,2022-11-13 11:54:00.166565,-0.03,0.96,0.15,1.65,1.10,2.44,-12.63,-5.02,-35.33,1
O,2022-11-13 11:54:00.166723,-0.03,0.96,0.15,1.89,1.16,2.38,-12.63,-5.02,-35.33,1
O,2022-11-13 11:54:00.166877,-0.03,0.96,0.15,1.71,1.16,2.50,-12.78,-4.61,-35.16,1
O,2022-11-13 11:54:00.167030,-0.04,0.96,0.15,1.53,1.16,2.32,-12.78,-4.61,-35.16,1
O,2022-11-13 11:54:00.167185,-0.03,0.96,0.15,2.14,1.16,2.38,-12.78,-4.61,-35.16,1
O,2022-11-13 11:54:00.167335,-0.03,0.96,0.15,1.53,1.16,2.50,-12.92,-5.26,-33.26,1
O,2022-11-13 11:54:00.167495,-0.03,0.96,0.15,1.59,1.16,2.50,-12.92,-5.26,-33.26,1
O,2022-11-13 11:54:00.167646,-0.04,0.96,0.15,1.46,1.28,2.44,-12.95,-4.65,-33.79,1
O,2022-11-13 11:54:00.167804,-0.03,0.96,0.15,1.95,1.16,2.26,-12.95,-4.65,-33.79,1
O,2022-11-13 11:54:00.167955,-0.03,0.96,0.15,1.53,1.16,2.32,-12.95,-4.65,-33.79,1
O,2022-11-13 11:54:00.168107,-0.03,0.96,0.15,1.46,1.28,2.44,-13.13,-4.90,-34.66,1
O,2022-11-13 11:54:00.168265,-0.03,0.96,0.15,1.40,1.22,2.38,-13.13,-4.90,-34.66,1
O,2022-11-13 11:54:00.168420,-0.03,0.96,0.15,2.01,1.28,2.44,-13.13,-4.90,-34.66,1
O,2022-11-13 11:54:00.168581,-0.03,0.96,0.15,1.65,1.28,2.20,-12.82,-5.18,-35.85,1
O,2022-11-13 11:54:00.168736,-0.03,0.96,0.15,1.28,1.04,2.50,-12.82,-5.18,-35.85,1
O,2022-11-13 11:54:00.168891,-0.03,0.96,0.15,2.01,1.04,2.32,-12.82,-5.18,-35.85,1
O,2022-11-13 11:54:00.169050,-0.03,0.96,0.15,1.53,1.04,2.32,-13.07,-4.65,-33.90,1
O,2022-11-13 11:54:00.169203,-0.03,0.96,0.15,1.71,1.10,2.38,-13.07,-4.65,-33.90,1
O,2022-11-13 11:54:00.169358,-0.03,0.96,0.15,1.71,1.16,2.44,-12.76,-4.44,-33.96,1
O,2022-11-13 11:54:00.169511,-0.03,0.96,0.15,1.65,1.34,2.32,-12.76,-4.44,-33.96,1
O,2022-11-13 11:54:00.169663,-0.03,0.96,0.15,1.83,1.28,2.44,-12.76,-4.44,-33.96,1
O,2022-11-13 11:54:00.169819,-0.03,0.96,0.15,1.77,0.98,2.38,-12.33,-5.35,-34.52,1
O,2022-11-13 11:54:00.169974,-0.03,0.96,0.15,1.71,1.22,2.44,-12.33,-5.35,-34.52,1
O,2022-11-13 11:54:00.170133,-0.03,0.96,0.15,1.83,0.98,2.44,-12.33,-5.35,-34.52,1
O,2022-11-13 11:54:00.170286,-0.03,0.96,0.15,1.77,1.22,2.38,-12.68,-4.55,-34.69,1
O,2022-11-13 11:54:00.170439,-0.03,0.96,0.15,1.77,1.16,2.20,-12.68,-4.55,-34.69,1
O,2022-11-13 11:54:00.170591,-0.03,0.96,0.15,1.89,1.10,2.44,-12.68,-4.55,-34.69,1
O,2022-11-13 11:54:00.170743,-0.03,0.96,0.15,1.46,1.10,2.08,-12.46,-4.48,-35.03,1
O,2022-11-13 11:54:00.170901,-0.03,0.96,0.15,1.77,1.16,2.44,-12.46,-4.48,-35.03,1
O,2022-11-13 11:54:00.171053,-0.03,0.96,0.15,1.71,1.16,2.38,-13.04,-4.92,-35.29,1
O,2022-11-13 11:54:00.171210,-0.03,0.96,0.15,1.59,1.10,2.32,-13.04,-4.92,-35.29,1
O,2022-11-13 11:54:00.171361,-0.03,0.96,0.15,1.65,1.10,2.44,-13.04,-4.92,-35.29,1
O,2022-11-13 11:54:00.171512,-0.03,0.96,0.15,1.71,1.34,2.56,-12.93,-4.74,-34.72,1
O,2022-11-13 11:54:00.171672,-0.03,0.96,0.15,1.77,1.22,2.26,-12.93,-4.74,-34.72,1
O,2022-11-13 11:54:00.171823,-0.03,0.96,0.15,1.65,1.22,2.56,-12.93,-4.74,-34.72,1
O,2022-11-13 11:54:00.171979,-0.03,0.96,0.15,1.77,1.16,2.44,-12.89,-4.90,-35.79,1
O,2022-11-13 11:54:00.172129,-0.03,0.96,0.15,1.53,1.10,2.38,-12.89,-4.90,-35.79,1
O,2022-11-13 11:54:00.172281,-0.03,0.96,0.15,2.20,0.98,2.20,-12.89,-4.90,-35.79,1
O,2022-11-13 11:54:00.172437,-0.03,0.96,0.15,1.53,1.10,2.26,-12.82,-4.79,-34.69,1
O,2022-11-13 11:54:00.172589,-0.03,0.96,0.15,1.71,1.16,2.38,-12.82,-4.79,-34.69,1
O,2022-11-13 11:54:00.172748,-0.03,0.96,0.15,1.77,1.10,2.32,-13.11,-5.15,-35.47,1
O,2022-11-13 11:54:00.172904,-0.03,0.96,0.15,1.83,1.10,2.44,-13.11,-5.15,-35.47,1
O,2022-11-13 11:54:00.173061,-0.03,0.96,0.15,2.01,1.22,2.44,-13.11,-5.15,-35.47,1
O,2022-11-13 11:54:00.173212,-0.03,0.96,0.15,1.53,1.10,2.38,-12.74,-4.49,-34.53,1
O,2022-11-13 11:54:00.173370,-0.03,0.96,0.15,1.59,1.16,2.50,-12.74,-4.49,-34.53,1
O,2022-11-13 11:54:00.173534,-0.03,0.96,0.15,2.14,1.16,2.38,-12.74,-4.49,-34.53,1
O,2022-11-13 11:54:00.173684,-0.03,0.96,0.15,2.08,1.16,2.32,-12.73,-4.19,-34.08,1
O,2022-11-13 11:54:00.173843,-0.03,0.96,0.15,1.71,1.28,2.32,-12.73,-4.19,-34.08,1
O,2022-11-13 11:54:00.173995,-0.03,0.96,0.15,1.83,1.16,2.38,-12.73,-4.19,-34.08,1
O,2022-11-13 11:54:00.174146,-0.03,0.96,0.15,1.77,1.10,2.32,-12.90,-4.44,-34.72,1
O,2022-11-13 11:54:00.174303,-0.03,0.96,0.15,1.65,1.22,2.32,-12.90,-4.44,-34.72,1
O,2022-11-13 11:54:00.174455,-0.03,0.96,0.15,1.89,1.34,2.44,-12.85,-4.85,-34.45,1
O,2022-11-13 11:54:00.174612,-0.03,0.96,0.15,1.59,1.10,2.32,-12.85,-4.85,-34.45,1
O,2022-11-13 11:54:00.174765,-0.03,0.96,0.15,1.77,1.34,2.44,-12.85,-4.85,-34.45,1
O,2022-11-13 11:54:00.174921,-0.03,0.96,0.15,1.71,1.34,2.38,-13.22,-4.25,-35.55,1
O,2022-11-13 11:54:00.175075,-0.03,0.96,0.15,1.59,1.10,2.32,-13.22,-4.25,-35.55,1
O,2022-11-13 11:54:00.175227,-0.03,0.96,0.15,1.83,1.28,2.44,-13.22,-4.25,-35.55,1
O,2022-11-13 11:54:00.175385,-0.03,0.96,0.15,1.83,0.98,2.32,-13.12,-4.70,-34.78,1
O,2022-11-13 11:54:00.175538,-0.03,0.96,0.15,1.89,1.22,2.44,-13.12,-4.70,-34.78,1
O,2022-11-13 11:54:00.175708,-0.03,0.96,0.15,1.71,1.22,2.44,-13.12,-4.70,-34.78,1
O,2022-11-13 11:54:00.175865,-0.03,0.96,0.15,1.71,1.16,2.38,-13.18,-4.63,-34.97,1
O,2022-11-13 11:54:00.176017,-0.03,0.96,0.15,1.71,1.04,2.44,-13.18,-4.63,-34.97,1
O,2022-11-13 11:54:00.176176,-0.03,0.96,0.15,1.95,1.10,2.50,-12.85,-4.96,-34.62,1
O,2022-11-13 11:54:00.176329,-0.03,0.96,0.15,1.89,1.16,2.26,-12.85,-4.96,-34.62,1
O,2022-11-13 11:54:00.176490,-0.03,0.96,0.15,1.83,1.16,2.26,-12.85,-4.96,-34.62,1
O,2022-11-13 11:54:00.176643,-0.03,0.96,0.15,1.77,1.16,2.38,-13.31,-4.53,-33.79,1
O,2022-11-13 11:54:00.176797,-0.03,0.96,0.15,1.77,1.22,2.50,-13.31,-4.53,-33.79,1
O,2022-11-13 11:54:00.176954,-0.03,0.96,0.15,1.95,1.22,2.44,-13.31,-4.53,-33.79,1
O,2022-11-13 11:54:00.177113,-0.03,0.96,0.15,1.83,1.16,2.26,-13.21,-4.93,-35.57,1
O,2022-11-13 11:54:00.177274,-0.03,0.96,0.15,1.71,1.28,2.32,-13.21,-4.93,-35.57,1
O,2022-11-13 11:54:00.177428,-0.03,0.96,0.15,1.95,1.10,2.32,-13.21,-4.93,-35.57,1
O,2022-11-13 11:54:00.177587,-0.03,0.96,0.15,1.71,1.04,2.32,-12.84,-4.19,-34.83,1
O,2022-11-13 11:54:00.177738,-0.03,0.96,0.15,1.83,1.04,2.32,-12.84,-4.19,-34.83,1
O,2022-11-13 11:54:00.177890,-0.03,0.96,0.15,1.83,1.10,2.38,-13.05,-4.27,-33.92,1
O,2022-11-13 11:54:00.178047,-0.03,0.96,0.15,1.83,1.10,2.26,-13.05,-4.27,-33.92,1
O,2022-11-13 11:54:00.178201,-0.03,0.96,0.15,1.83,1.04,2.38,-13.05,-4.27,-33.92,1
O,2022-11-13 11:54:00.178358,-0.03,0.96,0.15,1.77,1.16,2.32,-13.00,-4.83,-35.47,1
O,2022-11-13 11:54:00.178511,-0.03,0.96,0.15,1.65,1.22,2.44,-13.00,-4.83,-35.47,1
O,2022-11-13 11:54:00.178664,-0.03,0.96,0.15,1.83,1.10,2.44,-13.00,-4.83,-35.47,1
O,2022-11-13 11:54:00.178822,-0.03,0.96,0.15,1.71,1.28,2.38,-12.93,-4.85,-35.13,1
O,2022-11-13 11:54:00.178977,-0.03,0.96,0.15,1.77,1.28,2.50,-12.93,-4.85,-35.13,1
O,2022-11-13 11:54:00.179143,-0.03,0.96,0.15,1.77,1.04,2.44,-12.93,-4.85,-35.13,1
O,2022-11-13 11:54:00.179295,-0.03,0.96,0.15,1.83,1.10,2.32,-12.99,-4.80,-35.42,1
O,2022-11-13 11:54:00.179464,-0.03,0.96,0.15,1.59,1.16,2.32,-12.99,-4.80,-35.42,1
O,2022-11-13 11:54:00.179618,-0.03,0.96,0.15,1.83,1.10,2.32,-13.01,-4.90,-33.54,1
O,2022-11-13 11:54:00.179771,-0.03,0.96,0.15,1.95,0.92,2.26,-13.01,-4.90,-33.54,1
O,2022-11-13 11:54:00.179930,-0.03,0.96,0.15,1.83,1.16,2.32,-13.01,-4.90,-33.54,1
O,2022-11-13 11:54:00.180085,-0.03,0.96,0.15,1.83,1.28,2.38,-12.74,-4.52,-34.73,1
O,2022-11-13 11:54:00.180247,-0.03,0.96,0.15,1.71,1.28,2.56,-12.74,-4.52,-34.73,1
O,2022-11-13 11:54:00.180421,-0.03,0.96,0.15,1.77,1.22,2.44,-12.74,-4.52,-34.73,1
O,2022-11-13 11:54:00.180572,-0.03,0.96,0.15,1.65,1.16,2.32,-12.87,-5.11,-34.56,1
O,2022-11-13 11:54:00.180730,-0.03,0.96,0.15,1.83,1.16,2.50,-12.87,-5.11,-34.56,1
O,2022-11-13 11:54:00.180883,-0.03,0.96,0.15,1.77,1.34,2.44,-12.87,-5.11,-34.56,1
O,2022-11-13 11:54:00.181039,-0.03,0.96,0.15,1.65,1.22,2.38,-12.57,-4.68,-34.74,1
O,2022-11-13 11:54:00.181192,-0.03,0.96,0.15,1.77,0.98,2.32,-12.57,-4.68,-34.74,1
O,2022-11-13 11:54:00.181344,-0.03,0.96,0.15,1.71,1.28,2.38,-13.01,-4.93,-34.83,1
O,2022-11-13 11:54:00.181500,-0.03,0.96,0.15,1.65,1.10,2.26,-13.01,-4.93,-34.83,1
O,2022-11-13 11:54:00.181650,-0.03,0.96,0.15,1.89,1.16,2.32,-13.01,-4.93,-34.83,1
O,2022-11-13 11:54:00.181810,-0.03,0.96,0.15,1.71,1.16,2.44,-13.07,-4.31,-34.73,1
O,2022-11-13 11:54:00.181963,-0.03,0.96,0.15,1.65,1.16,2.38,-13.07,-4.31,-34.73,1
O,2022-11-13 11:54:00.182121,-0.03,0.96,0.15,1.95,1.10,2.32,-13.07,-4.31,-34.73,1
O,2022-11-13 11:54:00.182274,-0.03,0.96,0.15,1.71,1.28,2.38,-12.77,-4.72,-34.23,1
O,2022-11-13 11:54:00.182426,-0.03,0.96,0.15,1.89,1.10,2.38,-12.77,-4.72,-34.23,1
O,2022-11-13 11:54:00.182583,-0.03,0.96,0.15,1.59,1.10,2.32,-12.77,-4.72,-34.23,1
O,2022-11-13 11:54:00.182736,-0.03,0.96,0.15,1.77,0.85,2.26,-12.44,-4.48,-34.99,1
O,2022-11-13 11:54:00.182892,-0.03,0.96,0.15,1.83,1.16,2.38,-12.44,-4.48,-34.99,1
O,2022-11-13 11:54:00.183045,-0.03,0.96,0.15,1.40,1.22,2.38,-12.66,-4.94,-34.72,1
O,2022-11-13 11:54:00.183198,-0.03,0.96,0.15,1.65,1.10,2.38,-12.66,-4.94,-34.72,1
O,2022-11-13 11:54:00.183357,-0.03,0.96,0.15,1.77,1.10,2.56,-12.66,-4.94,-34.72,1
O,2022-11-13 11:54:00.183508,-0.03,0.96,0.15,1.89,1.16,2.50,-13.24,-4.76,-35.36,1
O,2022-11-13 11:54:00.183666,-0.03,0.96,0.15,1.71,1.16,2.44,-13.24,-4.76,-35.36,1
O,2022-11-13 11:54:00.183819,-0.03,0.96,0.15,1.65,1.22,2.26,-13.24,-4.76,-35.36,1
O,2022-11-13 11:54:00.183976,-0.03,0.96,0.15,1.77,1.04,2.50,-12.56,-4.50,-35.08,1
O,2022-11-13 11:54:00.184131,-0.03,0.96,0.15,1.59,1.04,2.38,-12.56,-4.50,-35.08,1
O,2022-11-13 11:54:00.184284,-0.03,0.96,0.15,1.89,1.10,2.50,-12.56,-4.50,-35.08,1
O,2022-11-13 11:54:00.184440,-0.03,0.96,0.15,1.59,1.04,2.44,-13.20,-4.52,-34.46,1
O,2022-11-13 11:54:00.184592,-0.03,0.96,0.15,1.83,1.22,2.38,-13.20,-4.52,-34.46,1
O,2022-11-13 11:54:00.184751,-0.03,0.96,0.15,1.83,1.22,2.56,-13.15,-4.48,-34.27,1
O,2022-11-13 11:54:00.184903,-0.03,0.96,0.15,1.71,1.10,2.32,-13.15,-4.48,-34.27,1
O,2022-11-13 11:54:00.185056,-0.03,0.96,0.15,1.71,1.16,2.38,-13.15,-4.48,-34.27,1
O,2022-11-13 11:54:00.185216,-0.03,0.96,0.15,1.83,1.16,2.44,-13.17,-4.60,-34.67,1
O,2022-11-13 11:54:00.185368,-0.03,0.96,0.15,1.59,1.04,2.38,-13.17,-4.60,-34.67,1
O,2022-11-13 11:54:00.185523,-0.03,0.96,0.15,1.65,1.16,2.26,-13.17,-4.60,-34.67,1
O,2022-11-13 11:54:00.185674,-0.03,0.96,0.15,1.65,1.16,2.38,-12.40,-4.71,-33.95,1
O,2022-11-13 11:54:00.185825,-0.03,0.96,0.15,1.71,1.34,2.38,-12.40,-4.71,-33.95,1
O,2022-11-13 11:54:00.185979,-0.03,0.96,0.15,1.71,1.22,2.14,-12.40,-4.71,-33.95,1
O,2022-11-13 11:54:00.186129,-0.03,0.96,0.15,1.59,1.16,2.38,-12.74,-4.66,-35.19,1
O,2022-11-13 11:54:00.186283,-0.03,0.96,0.15,1.71,1.10,2.32,-12.74,-4.66,-35.19,1
O,2022-11-13 11:54:00.186434,-0.03,0.96,0.15,1.83,1.16,2.38,-13.15,-5.15,-34.14,1
O,2022-11-13 11:54:00.186588,-0.03,0.96,0.15,1.40,1.10,2.32,-13.15,-5.15,-34.14,1
O,2022-11-13 11:54:00.186739,-0.03,0.96,0.15,1.77,1.22,2.44,-13.15,-5.15,-34.14,1
O,2022-11-13 11:54:00.186891,-0.03,0.96,0.15,1.95,1.16,2.26,-13.05,-4.92,-34.05,1
O,2022-11-13 11:54:00.187046,-0.03,0.96,0.15,2.32,1.10,2.32,-13.05,-4.92,-34.05,1
O,2022-11-13 11:54:00.187198,-0.03,0.96,0.14,5.74,1.10,1.95,-13.05,-4.92,-34.05,1
O,2022-11-13 11:54:00.187352,-0.03,0.96,0.14,0.61,1.10,2.26,-12.96,-5.00,-33.86,1
O,2022-11-13 11:54:00.187502,-0.03,0.96,0.15,3.05,1.04,2.38,-12.96,-5.00,-33.86,1
O,2022-11-13 11:54:00.187653,-0.03,0.96,0.15,2.62,1.28,2.20,-12.96,-5.00,-33.86,1
O,2022-11-13 11:54:00.187808,-0.03,0.96,0.15,1.59,0.92,2.26,-13.00,-4.10,-34.11,1
O,2022-11-13 11:54:00.187960,-0.03,0.96,0.15,1.53,0.98,2.38,-13.00,-4.10,-34.11,1
O,2022-11-13 11:54:00.188115,-0.03,0.96,0.15,2.44,1.10,2.32,-12.63,-4.97,-34.67,1
O,2022-11-13 11:54:00.188266,-0.03,0.96,0.15,2.01,1.16,2.26,-12.63,-4.97,-34.67,1
O,2022-11-13 11:54:00.188423,-0.03,0.96,0.15,1.89,1.10,2.44,-12.63,-4.97,-34.67,1
O,2022-11-13 11:54:00.188575,-0.03,0.96,0.15,1.53,0.85,2.32,-13.06,-4.28,-34.56,1
O,2022-11-13 11:54:00.188726,-0.03,0.96,0.15,1.71,1.22,2.44,-13.06,-4.28,-34.56,1
O,2022-11-13 11:54:00.188881,-0.03,0.96,0.15,1.83,1.04,2.38,-13.06,-4.28,-34.56,1
O,2022-11-13 11:54:00.189031,-0.03,0.96,0.15,1.71,0.98,2.32,-12.82,-4.53,-35.66,1
O,2022-11-13 11:54:00.189186,-0.03,0.96,0.15,1.59,0.92,2.20,-12.82,-4.53,-35.66,1
O,2022-11-13 11:54:00.189335,-0.03,0.96,0.15,1.53,1.10,2.44,-12.82,-4.53,-35.66,1
O,2022-11-13 11:54:00.189487,-0.03,0.96,0.15,1.65,1.10,2.38,-12.50,-4.74,-34.00,1
O,2022-11-13 11:54:00.189644,-0.03,0.96,0.15,1.59,0.92,2.50,-12.50,-4.74,-34.00,1
O,2022-11-13 11:54:00.189795,-0.03,0.96,0.15,1.53,1.22,2.50,-12.63,-4.57,-34.01,1
O,2022-11-13 11:54:00.189953,-0.03,0.96,0.15,1.59,1.10,2.32,-12.63,-4.57,-34.01,1
O,2022-11-13 11:54:00.190104,-0.03,0.96,0.15,1.65,1.10,2.56,-12.63,-4.57,-34.01,1
O,2022-11-13 11:54:00.190261,-0.03,0.96,0.15,1.65,1.16,2.38,-13.11,-4.86,-34.34,1
O,2022-11-13 11:54:00.190412,-0.03,0.96,0.15,1.59,1.10,2.38,-13.11,-4.86,-34.34,1
O,2022-11-13 11:54:00.190563,-0.03,0.96,0.15,1.77,1.10,2.44,-13.11,-4.86,-34.34,1
O,2022-11-13 11:54:00.190720,-0.03,0.96,0.15,1.59,1.22,2.38,-13.16,-4.72,-35.05,1
O,2022-11-13 11:54:00.190872,-0.03,0.96,0.15,1.77,1.10,2.38,-13.16,-4.72,-35.05,1
O,2022-11-13 11:54:00.191030,-0.03,0.96,0.15,1.71,1.28,2.44,-13.16,-4.72,-35.05,1
O,2022-11-13 11:54:00.191182,-0.03,0.96,0.15,1.83,1.16,2.38,-13.39,-4.65,-33.45,1
O,2022-11-13 11:54:00.191334,-0.03,0.96,0.15,1.83,1.10,2.38,-13.39,-4.65,-33.45,1
O,2022-11-13 11:54:00.191490,-0.03,0.96,0.15,1.89,1.22,2.50,-13.16,-5.05,-32.24,1
O,2022-11-13 11:54:00.191641,-0.04,0.96,0.15,1.40,1.16,2.32,-13.16,-5.05,-32.24,1
O,2022-11-13 11:54:00.191798,-0.03,0.96,0.15,1.77,1.16,2.26,-13.16,-5.05,-32.24,1
O,2022-11-13 11:54:00.191951,-0.03,0.96,0.15,1.83,1.28,2.38,-12.66,-4.80,-34.96,1
O,2022-11-13 11:54:00.192103,-0.03,0.96,0.15,1.65,0.98,2.32,-12.66,-4.80,-34.96,1
O,2022-11-13 11:54:00.192257,-0.03,0.96,0.15,1.65,1.16,2.32,-12.66,-4.80,-34.96,1
O,2022-11-13 11:54:00.192409,-0.03,0.96,0.15,1.65,0.98,2.38,-13.24,-4.44,-34.03,1
O,2022-11-13 11:54:00.192568,-0.03,0.96,0.15,1.65,1.28,2.50,-13.24,-4.44,-34.03,1
O,2022-11-13 11:54:00.192722,-0.03,0.96,0.15,1.89,1.04,2.38,-13.24,-4.44,-34.03,1
O,2022-11-13 11:54:00.192882,-0.03,0.96,0.15,1.59,0.85,2.32,-13.07,-4.66,-34.52,1
O,2022-11-13 11:54:00.193035,-0.03,0.96,0.15,1.65,1.28,2.20,-13.07,-4.66,-34.52,1
O,2022-11-13 11:54:00.193187,-0.03,0.96,0.15,1.71,1.28,2.44,-13.15,-5.20,-33.72,1
O,2022-11-13 11:54:00.193345,-0.03,0.96,0.15,1.77,1.04,2.44,-13.15,-5.20,-33.72,1
O,2022-11-13 11:54:00.193498,-0.03,0.96,0.15,1.71,1.16,2.32,-13.15,-5.20,-33.72,1
O,2022-11-13 11:54:00.193657,-0.03,0.96,0.15,1.71,1.16,2.32,-13.15,-4.94,-35.10,1
O,2022-11-13 11:54:00.193809,-0.03,0.96,0.15,1.89,1.22,2.32,-13.15,-4.94,-35.10,1
O,2022-11-13 11:54:00.193962,-0.03,0.96,0.15,2.01,1.10,2.44,-13.15,-4.94,-35.10,1
O,2022-11-13 11:54:00.194120,-0.03,0.96,0.15,1.89,1.04,2.38,-13.21,-5.43,-35.23,1
O,2022-11-13 11:54:00.194272,-0.03,0.96,0.15,1.77,1.10,2.44,-13.21,-5.43,-35.23,1
O,2022-11-13 11:54:00.194430,-0.03,0.96,0.15,1.89,1.16,2.38,-13.21,-5.43,-35.23,1
O,2022-11-13 11:54:00.194583,-0.03,0.95,0.15,1.77,1.16,2.32,-13.07,-4.66,-34.57,1
O,2022-11-13 11:54:00.194739,-0.03,0.96,0.15,1.83,1.16,2.20,-13.07,-4.66,-34.57,1
O,2022-11-13 11:54:00.194891,-0.04,0.96,0.15,1.40,1.28,2.44,-13.00,-4.64,-34.31,1
O,2022-11-13 11:54:00.195042,-0.03,0.96,0.15,1.53,1.10,2.56,-13.00,-4.64,-34.31,1
O,2022-11-13 11:54:00.195207,-0.03,0.96,0.15,2.01,1.16,2.32,-13.00,-4.64,-34.31,1
O,2022-11-13 11:54:00.195358,-0.03,0.96,0.15,1.89,1.04,2.50,-13.01,-4.94,-33.28,1
O,2022-11-13 11:54:00.195528,-0.03,0.96,0.15,1.65,1.28,2.32,-13.01,-4.94,-33.28,1
O,2022-11-13 11:54:00.195682,-0.03,0.96,0.15,1.83,0.92,2.32,-13.01,-4.94,-33.28,1
O,2022-11-13 11:54:00.195836,-0.03,0.96,0.15,1.83,1.04,2.50,-13.23,-4.83,-34.56,1
O,2022-11-13 11:54:00.195996,-0.03,0.96,0.15,1.77,1.10,2.32,-13.23,-4.83,-34.56,1
O,2022-11-13 11:54:00.196148,-0.03,0.96,0.15,1.65,1.16,2.38,-13.23,-4.83,-34.56,1
O,2022-11-13 11:54:00.196305,-0.03,0.96,0.15,1.59,1.10,2.26,-13.26,-5.24,-32.91,1
O,2022-11-13 11:54:00.196456,-0.03,0.96,0.15,2.14,1.10,2.26,-13.26,-5.24,-32.91,1
O,2022-11-13 11:54:00.196615,-0.03,0.96,0.15,1.89,1.22,2.44,-13.10,-4.98,-33.14,1
O,2022-11-13 11:54:00.196770,-0.03,0.96,0.15,1.83,0.98,2.44,-13.10,-4.98,-33.14,1
O,2022-11-13 11:54:00.196923,-0.03,0.96,0.15,1.89,1.10,2.38,-13.10,-4.98,-33.14,1
O,2022-11-13 11:54:00.197080,-0.03,0.96,0.15,1.89,1.04,2.44,-12.82,-5.14,-34.75,1
O,2022-11-13 11:54:00.197230,-0.03,0.96,0.15,1.65,1.04,2.44,-12.82,-5.14,-34.75,1
O,2022-11-13 11:54:00.197390,-0.03,0.96,0.15,1.83,1.22,2.38,-12.82,-5.14,-34.75,1
O,2022-11-13 11:54:00.197543,-0.03,0.96,0.15,1.59,1.16,2.32,-13.17,-5.37,-34.91,1
O,2022-11-13 11:54:00.197696,-0.03,0.96,0.15,1.89,1.16,2.50,-13.17,-5.37,-34.91,1
O,2022-11-13 11:54:00.197853,-0.03,0.96,0.15,1.59,0.98,2.38,-13.17,-5.37,-34.91,1
O,2022-11-13 11:54:00.198007,-0.03,0.96,0.15,1.65,1.10,2.32,-13.23,-5.24,-34.25,1
O,2022-11-13 11:54:00.198167,-0.03,0.96,0.15,1.77,1.10,2.32,-13.23,-5.24,-34.25,1
O,2022-11-13 11:54:00.198319,-0.03,0.96,0.15,1.77,1.16,2.44,-13.09,-4.63,-34.34,1
O,2022-11-13 11:54:00.198471,-0.03,0.96,0.15,1.71,0.98,2.26,-13.09,-4.63,-34.34,1
O,2022-11-13 11:54:00.198630,-0.03,0.96,0.15,1.95,1.34,2.38,-13.09,-4.63,-34.34,1
O,2022-11-13 11:54:00.198781,-0.03,0.96,0.15,1.77,1.22,2.44,-13.45,-4.69,-35.07,1
O,2022-11-13 11:54:00.198937,-0.03,0.96,0.15,1.71,1.16,2.38,-13.45,-4.69,-35.07,1
O,2022-11-13 11:54:00.199088,-0.03,0.96,0.15,1.89,1.16,2.50,-13.45,-4.69,-35.07,1
O,2022-11-13 11:54:00.199247,-0.03,0.96,0.15,1.71,1.28,2.38,-13.00,-5.09,-35.14,1
O,2022-11-13 11:54:00.199399,-0.03,0.96,0.15,1.89,1.16,2.62,-13.00,-5.09,-35.14,1
O,2022-11-13 11:54:00.199550,-0.03,0.96,0.15,1.89,1.16,2.38,-13.00,-5.09,-35.14,1
O,2022-11-13 11:54:00.199708,-0.03,0.96,0.15,1.89,1.10,2.50,-12.17,-4.74,-33.46,1
O,2022-11-13 11:54:00.199861,-0.03,0.96,0.15,1.89,1.16,2.50,-12.17,-4.74,-33.46,1
O,2022-11-13 11:54:00.200021,-0.04,0.95,0.15,1.71,0.92,2.32,-12.59,-4.75,-34.30,1
O,2022-11-13 11:54:00.200173,-0.03,0.95,0.15,1.65,0.92,2.38,-12.59,-4.75,-34.30,1
O,2022-11-13 11:54:00.200324,-0.03,0.96,0.15,1.89,1.34,2.26,-12.59,-4.75,-34.30,1
O,2022-11-13 11:54:00.200481,-0.04,0.96,0.15,1.53,1.10,2.44,-12.51,-5.31,-34.30,1
O,2022-11-13 11:54:00.200632,-0.03,0.96,0.15,1.71,1.16,2.32,-12.51,-5.31,-34.30,1
O,2022-11-13 11:54:00.200790,-0.03,0.96,0.15,1.83,1.04,2.38,-12.51,-5.31,-34.30,1
O,2022-11-13 11:54:00.200941,-0.03,0.96,0.15,1.83,1.04,2.26,-13.24,-5.00,-35.82,1
O,2022-11-13 11:54:00.201096,-0.03,0.96,0.15,1.59,1.22,2.26,-13.24,-5.00,-35.82,1
O,2022-11-13 11:54:00.201249,-0.03,0.96,0.15,1.83,1.16,2.32,-13.24,-5.00,-35.82,1
O,2022-11-13 11:54:00.201399,-0.03,0.96,0.15,1.77,1.04,2.38,-12.37,-5.25,-34.31,1
O,2022-11-13 11:54:00.201559,-0.03,0.96,0.15,1.65,1.16,2.44,-12.37,-5.25,-34.31,1
O,2022-11-13 11:54:00.201711,-0.03,0.96,0.15,1.83,1.16,2.32,-12.67,-5.29,-33.61,1
O,2022-11-13 11:54:00.201868,-0.03,0.96,0.15,1.59,0.92,2.14,-12.67,-5.29,-33.61,1
O,2022-11-13 11:54:00.202023,-0.03,0.96,0.15,1.59,1.28,2.44,-12.67,-5.29,-33.61,1
O,2022-11-13 11:54:00.202177,-0.03,0.96,0.15,1.71,1.16,2.38,-13.32,-5.07,-34.29,1
O,2022-11-13 11:54:00.202338,-0.03,0.96,0.15,1.83,1.22,2.50,-13.32,-5.07,-34.29,1
O,2022-11-13 11:54:00.202493,-0.03,0.96,0.15,1.95,1.10,2.32,-13.32,-5.07,-34.29,1
O,2022-11-13 11:54:00.202652,-0.03,0.96,0.15,1.95,0.98,2.26,-12.71,-4.92,-34.75,1
O,2022-11-13 11:54:00.202805,-0.03,0.96,0.15,1.77,0.92,2.26,-12.71,-4.92,-34.75,1
O,2022-11-13 11:54:00.202957,-0.03,0.96,0.15,1.89,1.04,2.44,-12.71,-4.92,-34.75,1
O,2022-11-13 11:54:00.203114,-0.03,0.96,0.15,1.46,0.98,2.20,-12.29,-4.72,-34.05,1
O,2022-11-13 11:54:00.203267,-0.03,0.96,0.15,1.65,1.10,2.20,-12.29,-4.72,-34.05,1
O,2022-11-13 11:54:00.203427,-0.03,0.96,0.15,1.59,1.10,2.32,-12.87,-4.55,-33.75,1
O,2022-11-13 11:54:00.203580,-0.03,0.96,0.15,1.53,0.98,2.20,-12.87,-4.55,-33.75,1
O,2022-11-13 11:54:00.203738,-0.03,0.96,0.15,2.01,1.10,2.38,-12.87,-4.55,-33.75,1
O,2022-11-13 11:54:00.203890,-0.03,0.96,0.15,1.77,0.92,2.44,-12.41,-5.10,-33.87,1
O,2022-11-13 11:54:00.204042,-0.03,0.96,0.15,1.71,1.16,2.44,-12.41,-5.10,-33.87,1
O,2022-11-13 11:54:00.204200,-0.03,0.96,0.15,1.77,1.10,2.44,-12.41,-5.10,-33.87,1
O,2022-11-13 11:54:00.204354,-0.03,0.96,0.15,1.77,1.04,2.44,-13.10,-4.91,-35.33,1
O,2022-11-13 11:54:00.204518,-0.03,0.96,0.15,1.89,1.22,2.44,-13.10,-4.91,-35.33,1
O,2022-11-13 11:54:00.204671,-0.03,0.96,0.15,1.77,1.16,2.26,-13.10,-4.91,-35.33,1
O,2022-11-13 11:54:00.204823,-0.03,0.96,0.15,1.65,1.04,2.26,-12.72,-4.99,-34.85,1
O,2022-11-13 11:54:00.204981,-0.03,0.96,0.15,1.65,1.22,2.32,-12.72,-4.99,-34.85,1
O,2022-11-13 11:54:00.205132,-0.03,0.96,0.15,1.65,0.98,2.38,-12.81,-5.05,-33.53,1
O,2022-11-13 11:54:00.205289,-0.03,0.96,0.15,1.59,1.04,2.20,-12.81,-5.05,-33.53,1
O,2022-11-13 11:54:00.205440,-0.03,0.96,0.15,1.89,0.92,2.44,-12.81,-5.05,-33.53,1
O,2022-11-13 11:54:00.205597,-0.03,0.96,0.15,1.77,1.16,2.50,-12.30,-5.38,-35.23,1
O,2022-11-13 11:54:00.205748,-0.03,0.96,0.15,1.59,1.16,2.38,-12.30,-5.38,-35.23,1
O,2022-11-13 11:54:00.205899,-0.03,0.96,0.15,1.77,1.16,2.32,-12.30,-5.38,-35.23,1
O,2022-11-13 11:54:00.206056,-0.03,0.96,0.15,2.01,1.10,2.32,-12.37,-4.72,-34.80,1
O,2022-11-13 11:54:00.206207,-0.03,0.96,0.15,1.89,0.98,2.38,-12.37,-4.72,-34.80,1
O,2022-11-13 11:54:00.206364,-0.03,0.96,0.15,1.83,1.16,2.38,-12.37,-4.72,-34.80,1
O,2022-11-13 11:54:00.206517,-0.03,0.96,0.15,1.71,1.04,2.32,-12.95,-4.69,-34.85,1
O,2022-11-13 11:54:00.206668,-0.03,0.96,0.15,1.89,1.10,2.32,-12.95,-4.69,-34.85,1
O,2022-11-13 11:54:00.206826,-0.03,0.96,0.15,1.83,1.28,2.44,-12.39,-5.43,-33.61,1
O,2022-11-13 11:54:00.206978,-0.03,0.96,0.15,1.71,1.10,2.32,-12.39,-5.43,-33.61,1
O,2022-11-13 11:54:00.207137,-0.03,0.96,0.15,1.83,0.98,2.20,-12.39,-5.43,-33.61,1
O,2022-11-13 11:54:00.207289,-0.03,0.96,0.15,2.01,0.92,2.44,-12.62,-4.75,-35.06,1
O,2022-11-13 11:54:00.207443,-0.03,0.96,0.15,1.77,1.04,2.38,-12.62,-4.75,-35.06,1
O,2022-11-13 11:54:00.207598,-0.03,0.96,0.15,1.77,1.16,2.44,-12.62,-4.75,-35.06,1
O,2022-11-13 11:54:00.207749,-0.03,0.96,0.15,1.83,0.85,2.26,-12.70,-4.70,-34.67,1
O,2022-11-13 11:54:00.207906,-0.03,0.96,0.15,1.95,1.16,2.38,-12.70,-4.70,-34.67,1
O,2022-11-13 11:54:00.208056,-0.03,0.96,0.15,1.71,1.22,2.44,-12.70,-4.70,-34.67,1
O,2022-11-13 11:54:00.208215,-0.03,0.96,0.15,1.53,1.34,2.32,-12.73,-4.71,-33.98,1
O,2022-11-13 11:54:00.208366,-0.03,0.96,0.15,2.01,1.10,2.26,-12.73,-4.71,-33.98,1
O,2022-11-13 11:54:00.208519,-0.03,0.96,0.15,1.77,1.16,2.14,-13.07,-4.69,-34.34,1
O,2022-11-13 11:54:00.208674,-0.03,0.96,0.15,1.53,1.22,2.38,-13.07,-4.69,-34.34,1
O,2022-11-13 11:54:00.208825,-0.03,0.96,0.15,1.53,1.28,2.26,-13.07,-4.69,-34.34,1
O,2022-11-13 11:54:00.208980,-0.04,0.96,0.15,1.59,1.22,2.44,-13.09,-5.19,-34.20,1
O,2022-11-13 11:54:00.209133,-0.03,0.96,0.15,1.89,1.10,2.14,-13.09,-5.19,-34.20,1
O,2022-11-13 11:54:00.209283,-0.03,0.96,0.15,1.65,1.16,2.38,-13.09,-5.19,-34.20,1
O,2022-11-13 11:54:00.209439,-0.00,0.96,0.15,1.95,0.92,2.26,-12.79,-5.18,-35.03,1
O,2022-11-13 11:54:00.209590,-0.03,0.96,0.15,1.59,1.10,2.50,-12.79,-5.18,-35.03,1
O,2022-11-13 11:54:00.209746,-0.03,0.96,0.15,1.77,1.16,2.38,-12.79,-5.18,-35.03,1
O,2022-11-13 11:54:00.209898,-0.03,0.96,0.15,1.89,1.04,2.14,-13.21,-5.04,-34.96,1
O,2022-11-13 11:54:00.210055,-0.03,0.96,0.15,1.77,1.10,2.26,-13.21,-5.04,-34.96,1
O,2022-11-13 11:54:00.210206,-0.03,0.96,0.15,1.89,1.16,2.32,-13.21,-5.04,-34.96,1
O,2022-11-13 11:54:00.210359,-0.03,0.96,0.15,1.71,1.22,2.26,-13.34,-4.83,-35.46,1
O,2022-11-13 11:54:00.210516,-0.03,0.96,0.15,1.53,1.10,2.38,-13.34,-4.83,-35.46,1
O,2022-11-13 11:54:00.210668,-0.03,0.96,0.15,1.77,1.22,2.44,-12.99,-4.88,-33.26,1
O,2022-11-13 11:54:00.210837,-0.03,0.96,0.15,1.71,1.16,2.32,-12.99,-4.88,-33.26,1
O,2022-11-13 11:54:00.210989,-0.03,0.96,0.15,1.89,1.04,2.32,-12.99,-4.88,-33.26,1
O,2022-11-13 11:54:00.211139,-0.03,0.96,0.15,1.59,1.22,2.26,-13.01,-4.55,-34.40,1
O,2022-11-13 11:54:00.211296,-0.03,0.96,0.15,1.59,1.16,2.26,-13.01,-4.55,-34.40,1
O,2022-11-13 11:54:00.211446,-0.03,0.96,0.15,1.89,1.16,2.44,-13.01,-4.55,-34.40,1
O,2022-11-13 11:54:00.211604,-0.03,0.96,0.15,1.95,1.22,2.26,-12.70,-4.64,-34.47,1
O,2022-11-13 11:54:00.211757,-0.03,0.96,0.15,1.71,1.04,2.38,-12.70,-4.64,-34.47,1
O,2022-11-13 11:54:00.211917,-0.03,0.96,0.15,1.77,1.16,2.38,-12.70,-4.64,-34.47,1
O,2022-11-13 11:54:00.212069,-0.03,0.96,0.15,1.89,1.04,2.26,-12.81,-4.60,-34.75,1
O,2022-11-13 11:54:00.212221,-0.03,0.96,0.15,1.89,1.22,2.50,-12.81,-4.60,-34.75,1
O,2022-11-13 11:54:00.212378,-0.03,0.96,0.15,1.71,1.16,2.50,-13.35,-4.63,-34.56,1
O,2022-11-13 11:54:00.212532,-0.03,0.96,0.15,1.53,1.34,2.44,-13.35,-4.63,-34.56,1
O,2022-11-13 11:54:00.212689,-0.03,0.96,0.15,2.08,0.98,2.44,-13.35,-4.63,-34.56,1
O,2022-11-13 11:54:00.212843,-0.03,0.96,0.15,1.59,1.04,2.38,-13.07,-5.52,-36.04,1
O,2022-11-13 11:54:00.212996,-0.03,0.96,0.15,2.01,1.16,2.38,-13.07,-5.52,-36.04,1
O,2022-11-13 11:54:00.213155,-0.03,0.96,0.15,1.71,1.16,2.38,-13.07,-5.52,-36.04,1
O,2022-11-13 11:54:00.213307,-0.03,0.96,0.15,1.71,1.16,2.20,-11.96,-4.64,-34.12,1
O,2022-11-13 11:54:00.213472,-0.03,0.96,0.15,1.77,1.16,2.50,-11.96,-4.64,-34.12,1
O,2022-11-13 11:54:00.213625,-0.03,0.96,0.15,1.65,1.16,2.44,-11.96,-4.64,-34.12,1
O,2022-11-13 11:54:00.213784,-0.03,0.96,0.15,1.65,1.10,2.32,-12.88,-4.93,-33.92,1
O,2022-11-13 11:54:00.213938,-0.03,0.96,0.15,1.65,1.10,2.50,-12.88,-4.93,-33.92,1
O,2022-11-13 11:54:00.214091,-0.03,0.96,0.15,1.65,1.04,2.32,-13.12,-4.97,-34.86,1
O,2022-11-13 11:54:00.214250,-0.03,0.96,0.15,1.65,1.10,2.44,-13.12,-4.97,-34.86,1
O,2022-11-13 11:54:00.214403,-0.03,0.96,0.15,1.95,1.10,2.50,-13.12,-4.97,-34.86,1
O,2022-11-13 11:54:00.214576,-0.03,0.96,0.15,1.71,1.10,2.44,-12.59,-5.20,-34.22,1
O,2022-11-13 11:54:00.214730,-0.03,0.96,0.15,1.46,1.28,2.38,-12.59,-5.20,-34.22,1
O,2022-11-13 11:54:00.214884,-0.03,0.96,0.15,1.83,1.16,2.38,-12.59,-5.20,-34.22,1
O,2022-11-13 11:54:00.215044,-0.03,0.96,0.15,1.77,1.10,2.32,-13.23,-5.35,-34.35,1
O,2022-11-13 11:54:00.215196,-0.03,0.96,0.15,1.95,1.22,2.38,-13.23,-5.35,-34.35,1
O,2022-11-13 11:54:00.215353,-0.03,0.96,0.15,1.77,1.16,2.38,-13.23,-5.35,-34.35,1
O,2022-11-13 11:54:00.215506,-0.03,0.96,0.15,1.77,1.04,2.38,-13.57,-5.33,-33.68,1
O,2022-11-13 11:54:00.215665,-0.03,0.96,0.15,2.08,0.98,2.38,-13.57,-5.33,-33.68,1
O,2022-11-13 11:54:00.215819,-0.03,0.96,0.15,2.20,0.92,2.32,-13.18,-5.30,-33.87,1
O,2022-11-13 11:54:00.215972,-0.03,0.96,0.15,1.77,1.10,2.38,-13.18,-5.30,-33.87,1
O,2022-11-13 11:54:00.216129,-0.03,0.96,0.15,1.59,1.46,2.38,-13.18,-5.30,-33.87,1
O,2022-11-13 11:54:00.216286,-0.03,0.96,0.15,1.77,1.10,2.38,-12.90,-4.90,-34.34,1
O,2022-11-13 11:54:00.216467,-0.03,0.96,0.15,1.65,1.10,2.44,-12.90,-4.90,-34.34,1
O,2022-11-13 11:54:00.216620,-0.03,0.96,0.15,1.71,1.04,2.32,-12.90,-4.90,-34.34,1
O,2022-11-13 11:54:00.216772,-0.03,0.96,0.15,1.77,1.10,2.20,-13.07,-4.85,-34.47,1
O,2022-11-13 11:54:00.216933,-0.03,0.96,0.15,1.77,1.16,2.44,-13.07,-4.85,-34.47,1
O,2022-11-13 11:54:00.217087,-0.03,0.96,0.15,1.77,0.98,2.50,-13.07,-4.85,-34.47,1
O,2022-11-13 11:54:00.217243,-0.03,0.96,0.15,1.77,1.22,2.26,-13.13,-5.53,-34.44,1
O,2022-11-13 11:54:00.217395,-0.03,0.96,0.15,1.95,1.22,2.38,-13.13,-5.53,-34.44,1
O,2022-11-13 11:54:00.217547,-0.03,0.96,0.15,1.89,0.98,2.56,-12.67,-4.80,-34.18,1
O,2022-11-13 11:54:00.217714,-0.03,0.96,0.15,1.59,1.16,2.44,-12.67,-4.80,-34.18,1
O,2022-11-13 11:54:00.217864,-0.03,0.96,0.15,1.53,1.10,2.44,-12.67,-4.80,-34.18,1
O,2022-11-13 11:54:00.218021,-0.03,0.96,0.15,2.01,1.16,2.38,-12.18,-4.87,-34.78,1
O,2022-11-13 11:54:00.218173,-0.03,0.96,0.15,1.77,0.98,2.26,-12.18,-4.87,-34.78,1
O,2022-11-13 11:54:00.218331,-0.03,0.96,0.15,1.89,1.28,2.50,-12.18,-4.87,-34.78,1
O,2022-11-13 11:54:00.218483,-0.03,0.96,0.15,1.22,1.10,2.20,-12.81,-4.90,-34.31,1
O,2022-11-13 11:54:00.218635,-0.03,0.96,0.15,1.77,1.22,2.20,-12.81,-4.90,-34.31,1
O,2022-11-13 11:54:00.218792,-0.03,0.96,0.15,1.89,1.04,2.38,-12.81,-4.90,-34.31,1
O,2022-11-13 11:54:00.218944,-0.03,0.96,0.15,1.83,1.16,2.38,-12.50,-4.91,-34.56,1
O,2022-11-13 11:54:00.219101,-0.03,0.96,0.15,1.83,1.16,2.44,-12.50,-4.91,-34.56,1
O,2022-11-13 11:54:00.219253,-0.03,0.96,0.15,1.89,1.22,2.50,-12.46,-5.02,-34.67,1
O,2022-11-13 11:54:00.219404,-0.03,0.96,0.15,1.77,1.28,2.32,-12.46,-5.02,-34.67,1
O,2022-11-13 11:54:00.219561,-0.03,0.96,0.15,1.89,1.28,2.32,-12.46,-5.02,-34.67,1
O,2022-11-13 11:54:00.219711,-0.03,0.96,0.15,1.83,1.04,2.38,-12.41,-5.51,-33.98,1
O,2022-11-13 11:54:00.219866,-0.03,0.96,0.15,1.89,1.10,2.44,-12.41,-5.51,-33.98,1
O,2022-11-13 11:54:00.220016,-0.03,0.96,0.15,2.01,1.10,2.44,-12.41,-5.51,-33.98,1
O,2022-11-13 11:54:00.220171,-0.03,0.96,0.16,1.83,1.16,2.38,-12.30,-4.99,-35.28,1
O,2022-11-13 11:54:00.220321,-0.03,0.96,0.15,1.53,1.10,2.50,-12.30,-4.99,-35.28,1
O,2022-11-13 11:54:00.220471,-0.03,0.96,0.15,1.89,0.92,2.50,-12.30,-4.99,-35.28,1
O,2022-11-13 11:54:00.220627,-0.03,0.96,0.15,1.71,1.10,2.38,-13.06,-5.64,-34.61,1
O,2022-11-13 11:54:00.220777,-0.03,0.96,0.15,1.83,1.28,2.32,-13.06,-5.64,-34.61,1
O,2022-11-13 11:54:00.220934,-0.03,0.96,0.15,1.77,0.98,2.44,-13.04,-5.09,-34.06,1
O,2022-11-13 11:54:00.221084,-0.03,0.96,0.15,1.40,1.10,2.14,-13.04,-5.09,-34.06,1
O,2022-11-13 11:54:00.221235,-0.03,0.96,0.15,1.71,1.16,2.44,-13.04,-5.09,-34.06,1
O,2022-11-13 11:54:00.221389,-0.03,0.96,0.15,1.77,0.98,2.26,-12.67,-5.29,-34.25,1
O,2022-11-13 11:54:00.221539,-0.03,0.96,0.15,2.14,0.85,2.50,-12.67,-5.29,-34.25,1
O,2022-11-13 11:54:00.221694,-0.03,0.96,0.15,1.65,1.22,2.26,-12.67,-5.29,-34.25,1
O,2022-11-13 11:54:00.221846,-0.03,0.96,0.15,1.77,0.92,2.26,-12.10,-4.74,-34.52,1
O,2022-11-13 11:54:00.222001,-0.03,0.96,0.15,1.83,1.04,2.38,-12.10,-4.74,-34.52,1
O,2022-11-13 11:54:00.222151,-0.03,0.96,0.15,1.89,1.28,2.38,-12.10,-4.74,-34.52,1
O,2022-11-13 11:54:00.222302,-0.03,0.96,0.15,1.83,0.85,2.26,-12.28,-5.27,-35.42,1
O,2022-11-13 11:54:00.222455,-0.03,0.96,0.15,1.83,1.22,2.32,-12.28,-5.27,-35.42,1
O,2022-11-13 11:54:00.222605,-0.03,0.96,0.15,1.95,1.16,2.44,-12.79,-5.19,-35.10,1
O,2022-11-13 11:54:00.222759,-0.03,0.96,0.15,1.95,1.22,2.38,-12.79,-5.19,-35.10,1
O,2022-11-13 11:54:00.222911,-0.03,0.96,0.15,1.71,1.16,2.38,-12.79,-5.19,-35.10,1
O,2022-11-13 11:54:00.223063,-0.03,0.96,0.15,1.71,1.10,2.38,-12.73,-5.25,-36.07,1
O,2022-11-13 11:54:00.223218,-0.03,0.96,0.15,1.71,1.22,2.50,-12.73,-5.25,-36.07,1
O,2022-11-13 11:54:00.223370,-0.03,0.96,0.15,1.89,1.10,2.38,-12.73,-5.25,-36.07,1
O,2022-11-13 11:54:00.223524,-0.03,0.96,0.15,2.01,1.16,2.38,-12.92,-4.80,-34.24,1
O,2022-11-13 11:54:00.223674,-0.03,0.96,0.15,1.71,1.16,2.32,-12.92,-4.80,-34.24,1
O,2022-11-13 11:54:00.223830,-0.03,0.96,0.15,1.53,1.16,2.38,-12.92,-4.80,-34.24,1
O,2022-11-13 11:54:00.223980,-0.03,0.96,0.15,1.53,1.10,2.32,-12.34,-5.10,-35.11,1
O,2022-11-13 11:54:00.224130,-0.03,0.96,0.15,1.89,1.10,2.32,-12.34,-5.10,-35.11,1
O,2022-11-13 11:54:00.224288,-0.03,0.96,0.15,1.71,1.34,2.38,-12.40,-5.11,-34.62,1
O,2022-11-13 11:54:00.224440,-0.03,0.96,0.15,1.77,1.22,2.44,-12.40,-5.11,-34.62,1
O,2022-11-13 11:54:00.224596,-0.03,0.96,0.15,1.59,1.16,2.38,-12.40,-5.11,-34.62,1
O,2022-11-13 11:54:00.224746,-0.03,0.96,0.15,1.95,1.16,2.44,-12.59,-5.10,-34.64,1
O,2022-11-13 11:54:00.224897,-0.03,0.96,0.15,1.71,1.16,2.32,-12.59,-5.10,-34.64,1
O,2022-11-13 11:54:00.225052,-0.03,0.96,0.15,1.77,1.16,2.32,-12.59,-5.10,-34.64,1
O,2022-11-13 11:54:00.225202,-0.03,0.96,0.15,1.77,1.16,2.20,-12.92,-4.88,-34.63,1
O,2022-11-13 11:54:00.225358,-0.03,0.96,0.15,1.71,1.22,2.38,-12.92,-4.88,-34.63,1
O,2022-11-13 11:54:00.225509,-0.03,0.96,0.15,1.89,1.10,2.14,-12.92,-4.88,-34.63,1
O,2022-11-13 11:54:00.225663,-0.03,0.96,0.15,1.53,1.04,2.14,-12.56,-5.08,-34.02,1
O,2022-11-13 11:54:00.225812,-0.03,0.96,0.15,1.46,1.16,2.26,-12.56,-5.08,-34.02,1
O,2022-11-13 11:54:00.225972,-0.03,0.96,0.15,1.65,1.16,2.26,-12.11,-4.65,-34.06,1
O,2022-11-13 11:54:00.226128,-0.03,0.96,0.15,1.89,1.04,2.38,-12.11,-4.65,-34.06,1
O,2022-11-13 11:54:00.226279,-0.03,0.96,0.15,1.59,1.16,2.50,-12.11,-4.65,-34.06,1
O,2022-11-13 11:54:00.226436,-0.03,0.96,0.15,1.53,1.16,2.44,-12.83,-5.10,-35.13,1
O,2022-11-13 11:54:00.226586,-0.03,0.96,0.15,1.65,1.16,2.26,-12.83,-5.10,-35.13,1
O,2022-11-13 11:54:00.226737,-0.03,0.96,0.15,1.77,1.22,2.32,-12.83,-5.10,-35.13,1
O,2022-11-13 11:54:00.226894,-0.03,0.96,0.15,1.53,0.98,2.38,-12.85,-5.16,-33.47,1
O,2022-11-13 11:54:00.227046,-0.03,0.96,0.15,1.77,1.22,2.32,-12.85,-5.16,-33.47,1
O,2022-11-13 11:54:00.227202,-0.03,0.96,0.15,1.53,1.22,2.26,-12.85,-5.16,-33.47,1
O,2022-11-13 11:54:00.227353,-0.03,0.96,0.15,1.53,1.10,2.32,-12.37,-4.92,-34.12,1
O,2022-11-13 11:54:00.227504,-0.03,0.96,0.15,1.95,0.98,2.32,-12.37,-4.92,-34.12,1
O,2022-11-13 11:54:00.227660,-0.03,0.96,0.15,1.71,1.16,2.32,-12.76,-5.04,-34.42,1
O,2022-11-13 11:54:00.227811,-0.03,0.96,0.15,1.71,1.16,2.32,-12.76,-5.04,-34.42,1
O,2022-11-13 11:54:00.227968,-0.03,0.96,0.15,1.77,1.46,2.26,-12.76,-5.04,-34.42,1
O,2022-11-13 11:54:00.228119,-0.03,0.96,0.15,1.83,1.16,2.38,-12.32,-5.04,-34.39,1
O,2022-11-13 11:54:00.228276,-0.03,0.96,0.15,1.65,1.10,2.38,-12.32,-5.04,-34.39,1
O,2022-11-13 11:54:00.228426,-0.03,0.96,0.15,1.83,1.10,2.44,-12.32,-5.04,-34.39,1
O,2022-11-13 11:54:00.228576,-0.03,0.96,0.15,1.71,1.04,2.26,-12.30,-4.93,-33.74,1
O,2022-11-13 11:54:00.228736,-0.03,0.96,0.15,1.71,1.04,2.26,-12.30,-4.93,-33.74,1
O,2022-11-13 11:54:00.228887,-0.03,0.96,0.15,1.71,1.16,2.38,-12.30,-4.93,-33.74,1
O,2022-11-13 11:54:00.229044,-0.03,0.96,0.15,1.53,1.04,2.26,-12.55,-4.77,-34.72,1
O,2022-11-13 11:54:00.229195,-0.03,0.96,0.15,1.77,1.04,2.32,-12.55,-4.77,-34.72,1
O,2022-11-13 11:54:00.229347,-0.03,0.96,0.15,1.71,1.04,2.26,-12.34,-4.66,-36.02,1
O,2022-11-13 11:54:00.229505,-0.03,0.96,0.15,1.59,1.10,2.20,-12.34,-4.66,-36.02,1
O,2022-11-13 11:54:00.229657,-0.03,0.96,0.15,1.77,1.04,2.32,-12.34,-4.66,-36.02,1
O,2022-11-13 11:54:00.229813,-0.03,0.96,0.15,1.83,1.10,2.38,-12.61,-4.75,-35.02,1
O,2022-11-13 11:54:00.229966,-0.03,0.96,0.15,1.83,1.40,2.50,-12.61,-4.75,-35.02,1
O,2022-11-13 11:54:00.230122,-0.03,0.96,0.15,1.59,1.28,2.44,-12.61,-4.75,-35.02,1
O,2022-11-13 11:54:00.230274,-0.03,0.96,0.15,1.77,0.98,2.20,-13.17,-4.60,-34.19,1
O,2022-11-13 11:54:00.230428,-0.03,0.96,0.15,1.89,1.10,2.44,-13.17,-4.60,-34.19,1
O,2022-11-13 11:54:00.230586,-0.03,0.96,0.15,1.71,1.16,2.32,-13.17,-4.60,-34.19,1
O,2022-11-13 11:54:00.230739,-0.03,0.96,0.15,1.71,0.98,2.32,-12.33,-4.99,-34.64,1
O,2022-11-13 11:54:00.230908,-0.03,0.96,0.15,1.65,1.10,2.50,-12.33,-4.99,-34.64,1
O,2022-11-13 11:54:00.231060,-0.03,0.96,0.15,1.71,1.04,2.38,-12.00,-4.72,-34.67,1
O,2022-11-13 11:54:00.231213,-0.03,0.96,0.15,1.89,1.16,2.38,-12.00,-4.72,-34.67,1
O,2022-11-13 11:54:00.231372,-0.03,0.96,0.15,1.77,0.92,2.38,-12.00,-4.72,-34.67,1
O,2022-11-13 11:54:00.231525,-0.03,0.96,0.15,1.77,0.98,2.38,-12.23,-4.97,-35.06,1
O,2022-11-13 11:54:00.231684,-0.03,0.96,0.15,1.71,1.10,2.44,-12.23,-4.97,-35.06,1
O,2022-11-13 11:54:00.231836,-0.03,0.96,0.15,1.46,1.16,2.26,-12.23,-4.97,-35.06,1
O,2022-11-13 11:54:00.232021,-0.03,0.96,0.15,1.71,0.92,2.26,-12.77,-4.66,-34.31,1
O,2022-11-13 11:54:00.232175,-0.03,0.96,0.15,1.65,1.04,2.32,-12.77,-4.66,-34.31,1
O,2022-11-13 11:54:00.232328,-0.03,0.96,0.15,1.83,1.04,2.44,-12.77,-4.66,-34.31,1
O,2022-11-13 11:54:00.232488,-0.03,0.96,0.15,1.53,1.04,2.26,-12.68,-4.37,-35.38,1
O,2022-11-13 11:54:00.232642,-0.03,0.96,0.15,1.59,1.10,2.50,-12.68,-4.37,-35.38,1
O,2022-11-13 11:54:00.232800,-0.03,0.96,0.15,1.59,1.04,2.44,-12.37,-4.36,-35.39,1
O,2022-11-13 11:54:00.232955,-0.03,0.96,0.15,1.40,1.28,2.32,-12.37,-4.36,-35.39,1
O,2022-11-13 11:54:00.233109,-0.03,0.96,0.15,1.71,1.22,2.32,-12.37,-4.36,-35.39,1
O,2022-11-13 11:54:00.233269,-0.03,0.96,0.15,1.71,1.16,2.26,-12.48,-4.52,-33.63,1
O,2022-11-13 11:54:00.233421,-0.03,0.96,0.15,1.53,1.28,2.44,-12.48,-4.52,-33.63,1
O,2022-11-13 11:54:00.233581,-0.03,0.96,0.15,1.53,1.10,2.44,-12.48,-4.52,-33.63,1
O,2022-11-13 11:54:00.233737,-0.03,0.96,0.15,1.83,1.16,2.38,-12.46,-4.93,-34.17,1
O,2022-11-13 11:54:00.233892,-0.03,0.96,0.15,1.77,0.98,2.50,-12.46,-4.93,-34.17,1
O,2022-11-13 11:54:00.234054,-0.03,0.96,0.15,1.77,1.10,2.32,-12.46,-4.93,-34.17,1
O,2022-11-13 11:54:00.234208,-0.03,0.96,0.15,1.46,1.22,2.44,-12.70,-5.05,-34.52,1
O,2022-11-13 11:54:00.234366,-0.03,0.96,0.15,1.77,1.10,2.26,-12.70,-5.05,-34.52,1
O,2022-11-13 11:54:00.234519,-0.03,0.96,0.15,1.95,1.22,2.26,-11.93,-4.54,-34.90,1
O,2022-11-13 11:54:00.234680,-0.03,0.96,0.15,1.77,1.22,2.44,-11.93,-4.54,-34.90,1
O,2022-11-13 11:54:00.234833,-0.03,0.96,0.15,1.71,1.22,2.38,-11.93,-4.54,-34.90,1
O,2022-11-13 11:54:00.234986,-0.03,0.96,0.15,1.89,1.10,2.32,-11.73,-5.54,-35.55,1
O,2022-11-13 11:54:00.235174,-0.03,0.96,0.15,1.77,1.16,2.32,-11.73,-5.54,-35.55,1
O,2022-11-13 11:54:00.235329,-0.03,0.96,0.15,1.65,1.22,2.38,-11.73,-5.54,-35.55,1
O,2022-11-13 11:54:00.235490,-0.03,0.96,0.15,1.77,1.16,2.26,-12.12,-4.98,-34.34,1
O,2022-11-13 11:54:00.235645,-0.03,0.96,0.15,2.01,1.16,2.44,-12.12,-4.98,-34.34,1
O,2022-11-13 11:54:00.235798,-0.03,0.96,0.15,2.01,1.10,2.56,-12.12,-4.98,-34.34,1
O,2022-11-13 11:54:00.235957,-0.03,0.96,0.15,1.28,1.40,2.26,-12.72,-5.18,-34.94,1
O,2022-11-13 11:54:00.236112,-0.03,0.96,0.15,1.89,1.16,2.44,-12.72,-5.18,-34.94,1
O,2022-11-13 11:54:00.236270,-0.03,0.96,0.15,1.71,1.04,2.32,-12.51,-5.15,-33.96,1
O,2022-11-13 11:54:00.236422,-0.03,0.96,0.15,1.71,1.28,2.20,-12.51,-5.15,-33.96,1
O,2022-11-13 11:54:00.236579,-0.03,0.96,0.15,1.77,1.04,2.50,-12.51,-5.15,-33.96,1
O,2022-11-13 11:54:00.236730,-0.03,0.96,0.15,1.71,1.04,2.26,-12.12,-5.18,-34.79,1
O,2022-11-13 11:54:00.236882,-0.03,0.96,0.15,1.77,1.22,2.38,-12.12,-5.18,-34.79,1
O,2022-11-13 11:54:00.237042,-0.03,0.96,0.15,1.71,1.04,2.38,-12.12,-5.18,-34.79,1
O,2022-11-13 11:54:00.237197,-0.03,0.96,0.15,1.89,1.04,2.38,-12.34,-4.58,-34.17,1
O,2022-11-13 11:54:00.237354,-0.03,0.96,0.15,1.71,1.22,2.50,-12.34,-4.58,-34.17,1
O,2022-11-13 11:54:00.237506,-0.03,0.96,0.15,1.89,0.98,2.56,-12.34,-4.58,-34.17,1
O,2022-11-13 11:54:00.237656,-0.03,0.96,0.15,1.83,1.10,2.20,-12.32,-5.57,-34.81,1
O,2022-11-13 11:54:00.237813,-0.03,0.96,0.15,1.59,1.10,2.38,-12.32,-5.57,-34.81,1
O,2022-11-13 11:54:00.237965,-0.03,0.96,0.15,1.95,1.04,2.32,-11.79,-4.77,-35.68,1
O,2022-11-13 11:54:00.238122,-0.03,0.96,0.15,1.89,1.34,2.38,-11.79,-4.77,-35.68,1
O,2022-11-13 11:54:00.238271,-0.03,0.96,0.15,1.89,1.22,2.26,-11.79,-4.77,-35.68,1
O,2022-11-13 11:54:00.238424,-0.03,0.96,0.15,1.77,1.28,2.38,-11.66,-5.18,-34.89,1
O,2022-11-13 11:54:00.238577,-0.03,0.96,0.15,1.83,1.28,2.50,-11.66,-5.18,-34.89,1
O,2022-11-13 11:54:00.238729,-0.03,0.96,0.15,1.71,1.28,2.62,-11.66,-5.18,-34.89,1
O,2022-11-13 11:54:00.238886,-0.04,0.96,0.15,1.40,1.04,2.38,-12.11,-4.91,-34.17,1
O,2022-11-13 11:54:00.239037,-0.03,0.96,0.15,1.65,1.04,2.44,-12.11,-4.91,-34.17,1
O,2022-11-13 11:54:00.239194,-0.03,0.96,0.15,1.53,1.16,2.32,-12.11,-4.91,-34.17,1
O,2022-11-13 11:54:00.239345,-0.03,0.96,0.15,1.46,1.22,2.32,-12.33,-5.04,-35.07,1
O,2022-11-13 11:54:00.239495,-0.03,0.96,0.15,1.22,1.10,2.32,-12.33,-5.04,-35.07,1
O,2022-11-13 11:54:00.239652,-0.03,0.96,0.15,1.53,1.16,2.26,-12.48,-4.33,-34.63,1
O,2022-11-13 11:54:00.239803,-0.03,0.96,0.15,1.40,1.16,2.44,-12.48,-4.33,-34.63,1
O,2022-11-13 11:54:00.239962,-0.03,0.96,0.15,1.77,1.04,2.38,-12.48,-4.33,-34.63,1
O,2022-11-13 11:54:00.240114,-0.03,0.96,0.15,1.83,1.40,2.50,-12.51,-4.75,-35.30,1
O,2022-11-13 11:54:00.240268,-0.03,0.96,0.15,2.01,1.10,2.44,-12.51,-4.75,-35.30,1
O,2022-11-13 11:54:00.240422,-0.03,0.96,0.15,1.89,1.04,2.56,-12.51,-4.75,-35.30,1
O,2022-11-13 11:54:00.240573,-0.03,0.96,0.15,1.77,1.22,2.26,-12.95,-4.80,-33.31,1
O,2022-11-13 11:54:00.240730,-0.03,0.96,0.15,1.71,1.40,2.32,-12.95,-4.80,-33.31,1
O,2022-11-13 11:54:00.240884,-0.03,0.96,0.15,1.95,1.10,2.32,-12.95,-4.80,-33.31,1
O,2022-11-13 11:54:00.241041,-0.03,0.96,0.15,1.77,1.10,2.32,-12.60,-4.83,-33.98,1
O,2022-11-13 11:54:00.241192,-0.03,0.96,0.15,1.59,1.34,2.44,-12.60,-4.83,-33.98,1
O,2022-11-13 11:54:00.241355,-0.03,0.96,0.15,1.71,1.34,2.38,-12.40,-4.38,-34.39,1
O,2022-11-13 11:54:00.241512,-0.03,0.96,0.15,1.53,1.10,2.26,-12.40,-4.38,-34.39,1
O,2022-11-13 11:54:00.241665,-0.03,0.96,0.15,1.59,1.10,2.38,-12.40,-4.38,-34.39,1
O,2022-11-13 11:54:00.241822,-0.04,0.96,0.15,1.59,0.92,2.56,-11.69,-4.69,-35.28,1
O,2022-11-13 11:54:00.241973,-0.03,0.96,0.15,1.59,1.16,2.32,-11.69,-4.69,-35.28,1
O,2022-11-13 11:54:00.242128,-0.03,0.96,0.15,1.71,1.22,2.44,-11.69,-4.69,-35.28,1
O,2022-11-13 11:54:00.242284,-0.03,0.96,0.15,1.46,1.04,2.38,-12.13,-4.94,-34.27,1
O,2022-11-13 11:54:00.242435,-0.03,0.96,0.14,1.28,1.28,2.44,-12.13,-4.94,-34.27,1
O,2022-11-13 11:54:00.242592,-0.03,0.96,0.14,1.40,1.04,2.32,-12.13,-4.94,-34.27,1
O,2022-11-13 11:54:00.242741,-0.03,0.96,0.14,1.28,0.98,2.14,-12.38,-5.18,-33.92,1
O,2022-11-13 11:54:00.242898,-0.03,0.96,0.14,1.40,1.22,2.44,-12.38,-5.18,-33.92,1
O,2022-11-13 11:54:00.243048,-0.03,0.96,0.14,1.59,1.16,2.44,-12.35,-4.98,-34.33,1
O,2022-11-13 11:54:00.243197,-0.03,0.96,0.15,1.16,1.10,2.32,-12.35,-4.98,-34.33,1
O,2022-11-13 11:54:00.243354,-0.03,0.96,0.15,1.59,1.10,2.56,-12.35,-4.98,-34.33,1
O,2022-11-13 11:54:00.243506,-0.03,0.96,0.15,1.83,1.04,2.44,-12.63,-4.80,-34.67,1
O,2022-11-13 11:54:00.243663,-0.03,0.96,0.15,1.95,1.16,2.50,-12.63,-4.80,-34.67,1
O,2022-11-13 11:54:00.243814,-0.03,0.96,0.15,1.89,1.16,2.50,-12.63,-4.80,-34.67,1
O,2022-11-13 11:54:00.243965,-0.04,0.96,0.15,1.53,1.10,2.44,-12.40,-4.74,-33.33,1
O,2022-11-13 11:54:00.244123,-0.03,0.96,0.15,1.77,1.22,2.50,-12.40,-4.74,-33.33,1
O,2022-11-13 11:54:00.244274,-0.03,0.96,0.15,2.08,1.16,2.44,-12.40,-4.74,-33.33,1
O,2022-11-13 11:54:00.244430,-0.03,0.96,0.15,1.83,1.22,2.32,-12.89,-4.32,-34.74,1
O,2022-11-13 11:54:00.244583,-0.03,0.96,0.15,1.89,1.28,2.38,-12.89,-4.32,-34.74,1
O,2022-11-13 11:54:00.244737,-0.03,0.96,0.15,1.28,1.22,2.32,-12.70,-5.36,-35.28,1
O,2022-11-13 11:54:00.244890,-0.03,0.96,0.14,1.22,1.16,2.56,-12.70,-5.36,-35.28,1
O,2022-11-13 11:54:00.245042,-0.03,0.96,0.14,1.53,1.40,2.56,-12.70,-5.36,-35.28,1
O,2022-11-13 11:54:00.245199,-0.03,0.96,0.14,1.46,1.16,2.44,-12.34,-5.35,-35.08,1
O,2022-11-13 11:54:00.245349,-0.03,0.96,0.14,0.92,1.22,2.50,-12.34,-5.35,-35.08,1
O,2022-11-13 11:54:00.245504,-0.03,0.96,0.14,1.53,1.28,2.38,-12.34,-5.35,-35.08,1
O,2022-11-13 11:54:00.245654,-0.03,0.96,0.14,1.40,1.10,2.38,-12.98,-4.43,-34.41,1
O,2022-11-13 11:54:00.245806,-0.03,0.96,0.15,1.04,1.40,2.50,-12.98,-4.43,-34.41,1
O,2022-11-13 11:54:00.245964,-0.03,0.96,0.14,1.59,1.28,2.38,-12.98,-4.43,-34.41,1
O,2022-11-13 11:54:00.246116,-0.03,0.96,0.15,1.34,1.16,2.32,-12.77,-5.00,-34.97,1
O,2022-11-13 11:54:00.246272,-0.03,0.96,0.14,0.85,1.46,2.50,-12.77,-5.00,-34.97,1
O,2022-11-13 11:54:00.246423,-0.03,0.96,0.14,1.40,1.28,2.38,-11.98,-5.00,-35.02,1
O,2022-11-13 11:54:00.246574,-0.03,0.96,0.15,1.83,1.22,2.44,-11.98,-5.00,-35.02,1
O,2022-11-13 11:54:00.246731,-0.03,0.96,0.14,1.34,1.22,2.62,-11.98,-5.00,-35.02,1
O,2022-11-13 11:54:00.246883,-0.03,0.96,0.15,1.71,1.28,2.44,-12.50,-5.26,-33.70,1
O,2022-11-13 11:54:00.247038,-0.03,0.96,0.15,1.59,1.16,2.44,-12.50,-5.26,-33.70,1
O,2022-11-13 11:54:00.247190,-0.03,0.96,0.15,1.77,1.16,2.38,-12.50,-5.26,-33.70,1
O,2022-11-13 11:54:00.247347,-0.03,0.96,0.15,1.22,1.28,2.32,-13.16,-5.11,-35.34,1
O,2022-11-13 11:54:00.247498,-0.03,0.96,0.14,1.53,1.10,2.50,-13.16,-5.11,-35.34,1
O,2022-11-13 11:54:00.247648,-0.03,0.96,0.15,1.77,1.28,2.50,-13.16,-5.11,-35.34,1
O,2022-11-13 11:54:00.247804,-0.03,0.96,0.14,1.65,1.22,2.20,-11.76,-5.05,-34.55,1
O,2022-11-13 11:54:00.247956,-0.03,0.96,0.15,1.71,1.04,2.38,-11.76,-5.05,-34.55,1
O,2022-11-13 11:54:00.248112,-0.03,0.96,0.15,1.22,0.98,2.44,-12.17,-5.20,-35.36,1
O,2022-11-13 11:54:00.248262,-0.03,0.96,0.14,1.53,1.22,2.32,-12.17,-5.20,-35.36,1
O,2022-11-13 11:54:00.248414,-0.03,0.96,0.14,1.77,0.98,2.44,-12.17,-5.20,-35.36,1
O,2022-11-13 11:54:00.248610,-0.03,0.96,0.14,1.77,1.04,2.32,-12.18,-5.47,-34.02,1
O,2022-11-13 11:54:00.248765,-0.03,0.96,0.14,1.53,1.28,2.26,-12.18,-5.47,-34.02,1
O,2022-11-13 11:54:00.248925,-0.03,0.96,0.14,1.89,1.04,2.38,-12.18,-5.47,-34.02,1
O,2022-11-13 11:54:00.249080,-0.03,0.96,0.14,1.53,1.04,2.20,-12.98,-4.87,-34.34,1
O,2022-11-13 11:54:00.249239,-0.03,0.96,0.14,1.71,1.10,2.32,-12.98,-4.87,-34.34,1
O,2022-11-13 11:54:00.249392,-0.03,0.96,0.14,1.83,1.04,2.26,-12.98,-4.87,-34.34,1
O,2022-11-13 11:54:00.249545,-0.03,0.96,0.14,1.77,0.98,2.38,-12.55,-4.74,-34.55,1
O,2022-11-13 11:54:00.249705,-0.03,0.96,0.14,1.95,1.10,2.44,-12.55,-4.74,-34.55,1
O,2022-11-13 11:54:00.249858,-0.03,0.96,0.14,2.14,1.04,2.38,-12.63,-5.55,-34.44,1
O,2022-11-13 11:54:00.250017,-0.03,0.96,0.15,1.95,1.10,2.38,-12.63,-5.55,-34.44,1
O,2022-11-13 11:54:00.250171,-0.03,0.96,0.15,2.08,1.04,2.50,-12.63,-5.55,-34.44,1
O,2022-11-13 11:54:00.250326,-0.03,0.96,0.15,1.71,1.28,2.44,-12.72,-5.05,-35.34,1
O,2022-11-13 11:54:00.250489,-0.03,0.96,0.15,1.89,1.22,2.44,-12.72,-5.05,-35.34,1
O,2022-11-13 11:54:00.250643,-0.03,0.96,0.15,1.89,1.22,2.38,-12.72,-5.05,-35.34,1
O,2022-11-13 11:54:00.250861,-0.03,0.96,0.15,1.77,1.22,2.32,-12.89,-4.79,-33.83,1
O,2022-11-13 11:54:00.251018,-0.03,0.96,0.15,1.89,1.22,2.32,-12.89,-4.79,-33.83,1
O,2022-11-13 11:54:00.251171,-0.03,0.96,0.15,1.77,1.40,2.32,-12.89,-4.79,-33.83,1
O,2022-11-13 11:54:00.251346,-0.03,0.96,0.14,0.85,1.10,2.38,-12.27,-5.29,-34.50,1
O,2022-11-13 11:54:00.251499,-0.04,0.96,0.14,1.71,1.28,2.38,-12.27,-5.29,-34.50,1
O,2022-11-13 11:54:00.251710,-0.03,0.96,0.14,1.95,1.28,2.20,-12.11,-5.49,-33.29,1
O,2022-11-13 11:54:00.251865,-0.03,0.96,0.15,2.38,1.22,2.38,-12.11,-5.49,-33.29,1
O,2022-11-13 11:54:00.252025,-0.03,0.96,0.15,2.38,1.04,2.38,-12.11,-5.49,-33.29,1
O,2022-11-13 11:54:00.252180,-0.03,0.96,0.16,1.95,1.22,2.62,-12.71,-5.05,-34.53,1
O,2022-11-13 11:54:00.252336,-0.03,0.96,0.15,-4.21,0.18,2.87,-12.71,-5.05,-34.53,1
O,2022-11-13 11:54:00.252502,-0.03,0.96,0.16,-20.57,-6.16,3.42,-12.71,-5.05,-34.53,1
O,2022-11-13 11:54:00.252663,0.05,0.97,0.21,-14.95,-15.08,1.28,-12.94,-5.25,-33.01,1
O,2022-11-13 11:54:00.252834,-0.07,0.95,0.15,14.16,-28.14,-3.54,-12.94,-5.25,-33.01,1
O,2022-11-13 11:54:00.252997,-0.05,0.95,0.13,-6.41,-20.87,-0.24,-12.94,-5.25,-33.01,1
O,2022-11-13 11:54:00.253179,0.09,0.97,0.18,30.88,-19.23,-2.99,-12.41,-4.80,-33.80,1
O,2022-11-13 11:54:00.253346,-0.20,1.09,-0.01,-22.28,-56.09,-5.43,-12.41,-4.80,-33.80,1
O,2022-11-13 11:54:00.253503,0.16,0.87,0.22,52.12,-46.08,-8.12,-13.09,-4.03,-34.20,1
O,2022-11-13 11:54:00.253668,-0.05,0.81,0.16,42.54,-39.12,-3.60,-13.09,-4.03,-34.20,1
O,2022-11-13 11:54:00.253832,-0.04,0.87,0.12,59.57,-28.75,-4.82,-13.09,-4.03,-34.20,1
O,2022-11-13 11:54:00.253999,-0.02,0.59,0.07,-26.92,-25.09,2.87,-13.54,-2.69,-34.96,1
O,2022-11-13 11:54:00.254158,-0.03,0.94,0.24,6.23,-18.98,-0.92,-13.54,-2.69,-34.96,1
O,2022-11-13 11:54:00.254320,0.01,0.23,0.06,45.53,-18.74,0.43,-13.54,-2.69,-34.96,1
O,2022-11-13 11:54:00.254485,-0.15,1.20,0.19,-36.56,-16.24,-0.73,-13.72,-3.36,-33.51,1
O,2022-11-13 11:54:00.254655,-0.07,0.73,0.17,-22.52,-15.08,-3.36,-13.72,-3.36,-33.51,1
O,2022-11-13 11:54:00.254814,-0.14,1.02,-0.05,19.41,-7.93,2.99,-13.72,-3.36,-33.51,1
O,2022-11-13 11:54:00.254969,-0.05,1.09,0.11,-13.31,0.24,0.85,-13.31,-2.64,-33.57,1
O,2022-11-13 11:54:00.255126,-0.03,0.93,0.23,1.53,2.81,2.75,-13.31,-2.64,-33.57,1
O,2022-11-13 11:54:00.255277,-0.04,0.94,0.14,4.09,0.49,1.65,-13.28,-3.14,-35.08,1
O,2022-11-13 11:54:00.255437,-0.03,0.97,0.19,-11.29,1.77,3.66,-13.28,-3.14,-35.08,1
O,2022-11-13 11:54:00.255590,-0.03,0.96,0.18,16.66,0.79,0.37,-13.28,-3.14,-35.08,1
O,2022-11-13 11:54:00.255744,-0.04,0.95,0.18,6.77,0.55,1.34,-13.05,-2.38,-35.51,1
O,2022-11-13 11:54:00.255898,-0.03,0.95,0.17,0.98,0.98,2.44,-13.05,-2.38,-35.51,1
O,2022-11-13 11:54:00.256055,-0.03,0.95,0.17,-1.16,1.34,2.75,-13.05,-2.38,-35.51,1
O,2022-11-13 11:54:00.256211,-0.03,0.95,0.18,-7.75,1.53,3.48,-13.16,-3.15,-34.07,1
O,2022-11-13 11:54:00.256362,-0.03,0.96,0.17,1.16,1.22,2.56,-13.16,-3.15,-34.07,1
O,2022-11-13 11:54:00.256516,-0.03,0.95,0.17,7.32,0.98,1.71,-13.16,-3.15,-34.07,1
O,2022-11-13 11:54:00.256678,-0.09,0.96,0.12,9.77,1.77,1.04,-12.82,-2.89,-34.33,1
O,2022-11-13 11:54:00.256830,0.00,0.93,0.20,24.23,3.72,0.31,-12.82,-2.89,-34.33,1
O,2022-11-13 11:54:00.256988,-0.01,0.96,0.25,17.03,2.75,0.18,-13.38,-2.84,-34.99,1
O,2022-11-13 11:54:00.257141,-0.04,0.95,0.19,0.55,1.46,2.38,-13.38,-2.84,-34.99,1
O,2022-11-13 11:54:00.257298,-0.01,0.95,0.21,2.99,3.11,2.26,-13.38,-2.84,-34.99,1
O,2022-11-13 11:54:00.257450,-0.03,0.96,0.24,7.45,2.50,1.71,-13.09,-3.02,-34.55,1
O,2022-11-13 11:54:00.257607,-0.03,0.94,0.22,2.93,1.28,2.26,-13.09,-3.02,-34.55,1
O,2022-11-13 11:54:00.257759,-0.05,0.95,0.20,0.98,1.34,2.44,-13.09,-3.02,-34.55,1
O,2022-11-13 11:54:00.257911,-0.02,0.94,0.22,4.33,1.53,2.20,-13.16,-2.84,-34.47,1
O,2022-11-13 11:54:00.258070,-0.03,0.96,0.20,-0.98,1.22,2.75,-13.16,-2.84,-34.47,1
O,2022-11-13 11:54:00.258220,-0.03,0.94,0.21,4.09,1.28,2.32,-13.16,-2.84,-34.47,1
O,2022-11-13 11:54:00.258376,-0.03,0.95,0.20,-0.12,0.98,2.32,-13.56,-3.05,-33.79,1
O,2022-11-13 11:54:00.258528,-0.03,0.95,0.20,2.01,1.16,2.38,-13.56,-3.05,-33.79,1
O,2022-11-13 11:54:00.258678,-0.03,0.95,0.20,1.53,1.10,2.50,-13.18,-2.17,-33.36,1
O,2022-11-13 11:54:00.258834,-0.03,0.95,0.19,1.34,1.16,2.50,-13.18,-2.17,-33.36,1
O,2022-11-13 11:54:00.258986,-0.03,0.95,0.19,0.24,1.04,2.62,-13.18,-2.17,-33.36,1
O,2022-11-13 11:54:00.259142,-0.03,0.95,0.20,0.79,0.92,2.32,-13.48,-2.95,-34.62,1
O,2022-11-13 11:54:00.259293,-0.03,0.94,0.21,2.62,1.16,2.32,-13.48,-2.95,-34.62,1
O,2022-11-13 11:54:00.259449,-0.03,0.95,0.20,0.98,1.10,2.32,-13.48,-2.95,-34.62,1
O,2022-11-13 11:54:00.259601,-0.03,0.95,0.20,2.32,1.10,2.26,-13.37,-2.97,-34.27,1
O,2022-11-13 11:54:00.259754,-0.03,0.95,0.20,1.65,1.22,2.50,-13.37,-2.97,-34.27,1
O,2022-11-13 11:54:00.259911,-0.03,0.95,0.20,2.26,1.10,2.26,-13.37,-2.97,-34.27,1
O,2022-11-13 11:54:00.260063,-0.03,0.95,0.20,1.83,1.10,2.26,-12.94,-2.78,-34.50,1
O,2022-11-13 11:54:00.260219,-0.03,0.95,0.20,1.40,1.28,2.50,-12.94,-2.78,-34.50,1
O,2022-11-13 11:54:00.260370,-0.03,0.95,0.20,2.20,1.16,2.26,-13.62,-2.89,-34.63,1
O,2022-11-13 11:54:00.260522,-0.03,0.95,0.20,2.38,1.22,2.32,-13.62,-2.89,-34.63,1
O,2022-11-13 11:54:00.260678,-0.03,0.95,0.20,2.20,1.16,2.26,-13.62,-2.89,-34.63,1
O,2022-11-13 11:54:00.260829,-0.03,0.95,0.20,2.20,1.04,2.50,-13.20,-2.81,-34.73,1
O,2022-11-13 11:54:00.260983,-0.03,0.95,0.20,1.83,1.28,2.32,-13.20,-2.81,-34.73,1
O,2022-11-13 11:54:00.261132,-0.03,0.95,0.20,2.14,1.10,2.38,-13.20,-2.81,-34.73,1
O,2022-11-13 11:54:00.261284,-0.03,0.95,0.20,1.71,1.22,2.32,-12.85,-3.28,-33.40,1
O,2022-11-13 11:54:00.261433,-0.03,0.95,0.20,1.83,1.16,2.38,-12.85,-3.28,-33.40,1
O,2022-11-13 11:54:00.261582,-0.03,0.95,0.20,1.34,1.28,2.38,-12.85,-3.28,-33.40,1
O,2022-11-13 11:54:00.261739,-0.03,0.95,0.20,1.22,0.98,2.44,-13.17,-2.43,-33.39,1
O,2022-11-13 11:54:00.261891,-0.03,0.95,0.20,1.71,1.28,2.44,-13.17,-2.43,-33.39,1
O,2022-11-13 11:54:00.262047,-0.03,0.95,0.20,1.83,1.10,2.44,-13.34,-2.81,-35.50,1
O,2022-11-13 11:54:00.262198,-0.03,0.95,0.20,1.10,1.10,2.32,-13.34,-2.81,-35.50,1
O,2022-11-13 11:54:00.262352,-0.03,0.95,0.20,1.89,1.04,2.26,-13.34,-2.81,-35.50,1
O,2022-11-13 11:54:00.262509,-0.03,0.95,0.20,1.10,1.22,2.50,-13.07,-3.30,-34.30,1
O,2022-11-13 11:54:00.262662,-0.03,0.95,0.20,2.08,1.16,2.56,-13.07,-3.30,-34.30,1
O,2022-11-13 11:54:00.262819,-0.03,0.95,0.20,1.46,1.22,2.44,-13.07,-3.30,-34.30,1
O,2022-11-13 11:54:00.262971,-0.03,0.95,0.20,1.89,1.10,2.38,-13.42,-2.87,-34.28,1
O,2022-11-13 11:54:00.263124,-0.03,0.95,0.20,2.14,1.40,2.26,-13.42,-2.87,-34.28,1
O,2022-11-13 11:54:00.263281,-0.03,0.95,0.20,1.89,1.16,2.44,-13.42,-2.87,-34.28,1
O,2022-11-13 11:54:00.263433,-0.03,0.95,0.20,2.20,0.98,2.20,-12.84,-2.80,-34.78,1
O,2022-11-13 11:54:00.263590,-0.03,0.95,0.20,1.77,1.04,2.38,-12.84,-2.80,-34.78,1
O,2022-11-13 11:54:00.263742,-0.03,0.95,0.20,2.32,0.98,2.32,-13.12,-3.23,-34.09,1
O,2022-11-13 11:54:00.263899,-0.03,0.95,0.20,1.83,1.10,2.44,-13.12,-3.23,-34.09,1
O,2022-11-13 11:54:00.264050,-0.03,0.95,0.20,1.77,1.28,2.50,-13.12,-3.23,-34.09,1
O,2022-11-13 11:54:00.264202,-0.03,0.95,0.20,2.01,1.16,2.32,-12.94,-2.80,-34.07,1
O,2022-11-13 11:54:00.264357,-0.03,0.95,0.20,1.83,1.16,2.44,-12.94,-2.80,-34.07,1
O,2022-11-13 11:54:00.264508,-0.03,0.95,0.20,1.77,1.28,2.38,-12.94,-2.80,-34.07,1
O,2022-11-13 11:54:00.264664,-0.03,0.95,0.20,1.46,0.85,2.14,-13.01,-2.98,-34.64,1
O,2022-11-13 11:54:00.264815,-0.03,0.95,0.20,1.77,1.10,2.32,-13.01,-2.98,-34.64,1
O,2022-11-13 11:54:00.264967,-0.03,0.95,0.20,1.59,1.22,2.32,-13.01,-2.98,-34.64,1
O,2022-11-13 11:54:00.265126,-0.03,0.95,0.20,1.77,1.10,2.38,-12.99,-2.87,-34.00,1
O,2022-11-13 11:54:00.265278,-0.03,0.95,0.20,1.65,1.16,2.38,-12.99,-2.87,-34.00,1
O,2022-11-13 11:54:00.265434,-0.03,0.95,0.20,1.46,1.16,2.38,-12.71,-3.03,-34.89,1
O,2022-11-13 11:54:00.265587,-0.03,0.95,0.20,1.83,1.10,2.38,-12.71,-3.03,-34.89,1
O,2022-11-13 11:54:00.265741,-0.03,0.95,0.20,1.77,1.10,2.50,-12.71,-3.03,-34.89,1
O,2022-11-13 11:54:00.265896,-0.03,0.95,0.20,1.77,1.16,2.26,-12.98,-3.04,-35.75,1
O,2022-11-13 11:54:00.266048,-0.03,0.95,0.20,1.77,1.10,2.32,-12.98,-3.04,-35.75,1
O,2022-11-13 11:54:00.266205,-0.03,0.95,0.20,1.83,1.16,2.38,-12.98,-3.04,-35.75,1
O,2022-11-13 11:54:00.266358,-0.03,0.95,0.20,1.83,1.04,2.38,-13.34,-3.16,-33.96,1
O,2022-11-13 11:54:00.266518,-0.03,0.95,0.20,2.01,1.10,2.44,-13.34,-3.16,-33.96,1
O,2022-11-13 11:54:00.266669,-0.03,0.95,0.20,1.95,1.04,2.26,-13.34,-3.16,-33.96,1
O,2022-11-13 11:54:00.266820,-0.03,0.94,0.20,2.01,1.04,2.56,-12.89,-3.12,-34.08,1
O,2022-11-13 11:54:00.266977,-0.03,0.95,0.20,1.77,1.16,2.44,-12.89,-3.12,-34.08,1
O,2022-11-13 11:54:00.267127,-0.03,0.95,0.20,1.83,1.34,2.44,-12.90,-2.81,-34.81,1
O,2022-11-13 11:54:00.267285,-0.03,0.95,0.20,1.65,0.98,2.44,-12.90,-2.81,-34.81,1
O,2022-11-13 11:54:00.267438,-0.03,0.95,0.20,2.32,1.22,2.20,-12.90,-2.81,-34.81,1
O,2022-11-13 11:54:00.267591,-0.03,0.95,0.20,1.71,1.10,2.32,-12.62,-2.95,-34.25,1
O,2022-11-13 11:54:00.267750,-0.03,0.95,0.20,1.65,1.22,2.20,-12.62,-2.95,-34.25,1
O,2022-11-13 11:54:00.267903,-0.03,0.95,0.20,1.77,1.10,2.26,-12.62,-2.95,-34.25,1
O,2022-11-13 11:54:00.268073,-0.03,0.95,0.20,1.77,1.10,2.44,-12.93,-3.38,-35.86,1
O,2022-11-13 11:54:00.268230,-0.03,0.95,0.20,1.89,1.16,2.50,-12.93,-3.38,-35.86,1
O,2022-11-13 11:54:00.268392,-0.03,0.95,0.20,1.53,1.28,2.44,-12.93,-3.38,-35.86,1
O,2022-11-13 11:54:00.268549,-0.03,0.95,0.20,1.59,1.10,2.38,-12.90,-3.04,-34.31,1
O,2022-11-13 11:54:00.268704,-0.03,0.95,0.20,1.77,1.28,2.38,-12.90,-3.04,-34.31,1
O,2022-11-13 11:54:00.268863,-0.03,0.95,0.20,1.95,1.16,2.56,-13.17,-3.21,-34.78,1
O,2022-11-13 11:54:00.269019,-0.03,0.95,0.20,2.01,1.28,2.50,-13.17,-3.21,-34.78,1
O,2022-11-13 11:54:00.269181,-0.03,0.95,0.20,1.71,1.22,2.56,-13.17,-3.21,-34.78,1
O,2022-11-13 11:54:00.269338,-0.03,0.95,0.20,2.20,1.22,2.44,-12.68,-2.78,-35.55,1
O,2022-11-13 11:54:00.269492,-0.03,0.95,0.20,1.77,1.28,2.32,-12.68,-2.78,-35.55,1
O,2022-11-13 11:54:00.269709,-0.03,0.95,0.20,1.89,1.10,2.38,-12.68,-2.78,-35.55,1
O,2022-11-13 11:54:00.269863,-0.03,0.95,0.20,1.83,1.16,2.26,-13.10,-3.04,-35.33,1
O,2022-11-13 11:54:00.270025,-0.03,0.95,0.20,1.95,1.10,2.38,-13.10,-3.04,-35.33,1
O,2022-11-13 11:54:00.270179,-0.03,0.95,0.20,1.89,1.04,2.50,-13.10,-3.04,-35.33,1
O,2022-11-13 11:54:00.270334,-0.03,0.95,0.20,1.65,0.92,2.26,-12.89,-3.31,-34.84,1
O,2022-11-13 11:54:00.270492,-0.03,0.95,0.20,2.01,1.22,2.50,-12.89,-3.31,-34.84,1
O,2022-11-13 11:54:00.270645,-0.03,0.95,0.20,1.65,1.16,2.32,-12.84,-2.92,-35.16,1
O,2022-11-13 11:54:00.270804,-0.03,0.95,0.20,1.83,1.16,2.32,-12.84,-2.92,-35.16,1
O,2022-11-13 11:54:00.270959,-0.03,0.95,0.20,1.83,1.10,2.38,-12.84,-2.92,-35.16,1
O,2022-11-13 11:54:00.271113,-0.03,0.95,0.20,1.83,1.16,2.38,-13.28,-3.12,-35.41,1
O,2022-11-13 11:54:00.271271,-0.03,0.95,0.20,1.46,1.16,2.20,-13.28,-3.12,-35.41,1
O,2022-11-13 11:54:00.271424,-0.03,0.95,0.20,1.89,1.16,2.38,-13.28,-3.12,-35.41,1
O,2022-11-13 11:54:00.271584,-0.03,0.95,0.20,1.65,1.04,2.44,-13.68,-3.49,-35.33,1
O,2022-11-13 11:54:00.271737,-0.03,0.95,0.20,1.65,1.22,2.44,-13.68,-3.49,-35.33,1
O,2022-11-13 11:54:00.271908,-0.03,0.95,0.20,1.83,1.28,2.44,-13.68,-3.49,-35.33,1
O,2022-11-13 11:54:00.272062,-0.03,0.95,0.20,1.71,1.16,2.38,-13.05,-2.97,-33.97,1
O,2022-11-13 11:54:00.272215,-0.03,0.95,0.20,1.95,0.79,2.38,-13.05,-2.97,-33.97,1
O,2022-11-13 11:54:00.272371,-0.03,0.95,0.20,1.59,1.16,2.20,-12.44,-3.10,-34.06,1
O,2022-11-13 11:54:00.272522,-0.03,0.95,0.20,1.89,1.22,2.38,-12.44,-3.10,-34.06,1
O,2022-11-13 11:54:00.272679,-0.03,0.95,0.20,1.83,1.28,2.62,-12.44,-3.10,-34.06,1
O,2022-11-13 11:54:00.272832,-0.03,0.95,0.20,1.71,1.28,2.44,-13.00,-3.14,-34.61,1
O,2022-11-13 11:54:00.272983,-0.03,0.95,0.20,1.95,1.10,2.38,-13.00,-3.14,-34.61,1
O,2022-11-13 11:54:00.273141,-0.03,0.95,0.20,1.83,1.16,2.38,-13.00,-3.14,-34.61,1
O,2022-11-13 11:54:00.273294,-0.03,0.95,0.20,1.89,0.98,2.32,-12.84,-2.98,-35.16,1
O,2022-11-13 11:54:00.273451,-0.03,0.95,0.20,1.89,1.10,2.44,-12.84,-2.98,-35.16,1
O,2022-11-13 11:54:00.273602,-0.03,0.95,0.20,1.83,1.22,2.44,-12.84,-2.98,-35.16,1
O,2022-11-13 11:54:00.273759,-0.03,0.95,0.20,1.77,1.04,2.38,-13.06,-3.09,-34.97,1
O,2022-11-13 11:54:00.273911,-0.03,0.95,0.20,1.89,1.46,2.38,-13.06,-3.09,-34.97,1
O,2022-11-13 11:54:00.274063,-0.03,0.95,0.20,1.89,0.92,2.38,-13.11,-3.08,-34.81,1
O,2022-11-13 11:54:00.274222,-0.03,0.95,0.20,1.71,1.22,2.32,-13.11,-3.08,-34.81,1
O,2022-11-13 11:54:00.274373,-0.03,0.95,0.20,1.65,1.16,2.44,-13.11,-3.08,-34.81,1
O,2022-11-13 11:54:00.274529,-0.03,0.95,0.20,1.83,1.34,2.26,-12.83,-2.15,-35.13,1
O,2022-11-13 11:54:00.274680,-0.03,0.95,0.20,1.77,1.10,2.38,-12.83,-2.15,-35.13,1
O,2022-11-13 11:54:00.274831,-0.03,0.95,0.20,1.65,1.34,2.50,-12.83,-2.15,-35.13,1
O,2022-11-13 11:54:00.274989,-0.03,0.95,0.20,1.77,1.10,2.38,-13.07,-3.11,-34.24,1
O,2022-11-13 11:54:00.275140,-0.03,0.95,0.20,1.65,1.28,2.44,-13.07,-3.11,-34.24,1
O,2022-11-13 11:54:00.275296,-0.03,0.95,0.20,1.77,1.22,2.50,-13.07,-3.11,-34.24,1
O,2022-11-13 11:54:00.275449,-0.03,0.95,0.20,1.71,1.22,2.50,-12.68,-3.42,-34.17,1
O,2022-11-13 11:54:00.275602,-0.03,0.95,0.20,1.71,1.28,2.50,-12.68,-3.42,-34.17,1
O,2022-11-13 11:54:00.275759,-0.03,0.95,0.20,2.08,1.28,2.38,-12.45,-3.06,-34.96,1
O,2022-11-13 11:54:00.275911,-0.03,0.95,0.20,1.71,1.10,2.38,-12.45,-3.06,-34.96,1
O,2022-11-13 11:54:00.276068,-0.03,0.95,0.20,1.77,1.22,2.26,-12.45,-3.06,-34.96,1
O,2022-11-13 11:54:00.276220,-0.03,0.95,0.20,1.65,1.28,2.50,-13.12,-2.82,-35.51,1
O,2022-11-13 11:54:00.276375,-0.03,0.95,0.20,1.53,1.34,2.32,-13.12,-2.82,-35.51,1
O,2022-11-13 11:54:00.276526,-0.03,0.95,0.20,1.77,1.10,2.38,-13.12,-2.82,-35.51,1
O,2022-11-13 11:54:00.276676,-0.03,0.95,0.20,1.71,1.16,2.38,-13.29,-2.95,-34.83,1
O,2022-11-13 11:54:00.276832,-0.03,0.95,0.20,1.46,1.28,2.50,-13.29,-2.95,-34.83,1
O,2022-11-13 11:54:00.276985,-0.03,0.95,0.20,1.77,1.04,2.69,-13.29,-2.95,-34.83,1
O,2022-11-13 11:54:00.277142,-0.03,0.95,0.20,1.77,1.22,2.32,-13.07,-3.09,-34.19,1
O,2022-11-13 11:54:00.277295,-0.03,0.95,0.20,1.71,1.40,2.38,-13.07,-3.09,-34.19,1
O,2022-11-13 11:54:00.277447,-0.03,0.95,0.20,1.83,1.34,2.50,-12.88,-2.89,-34.48,1
O,2022-11-13 11:54:00.277602,-0.03,0.95,0.20,1.59,1.22,2.44,-12.88,-2.89,-34.48,1
O,2022-11-13 11:54:00.277751,-0.03,0.95,0.20,1.89,1.10,2.32,-12.88,-2.89,-34.48,1
O,2022-11-13 11:54:00.277907,-0.03,0.95,0.20,1.77,1.04,2.26,-12.71,-2.84,-34.42,1
O,2022-11-13 11:54:00.278058,-0.03,0.95,0.20,1.71,1.22,2.32,-12.71,-2.84,-34.42,1
O,2022-11-13 11:54:00.278213,-0.03,0.95,0.20,1.53,1.28,2.56,-12.71,-2.84,-34.42,1
O,2022-11-13 11:54:00.278365,-0.03,0.95,0.20,1.65,1.16,2.38,-13.18,-3.19,-34.58,1
O,2022-11-13 11:54:00.278517,-0.03,0.95,0.20,1.71,1.34,2.69,-13.18,-3.19,-34.58,1
O,2022-11-13 11:54:00.278674,-0.03,0.95,0.20,1.59,1.28,2.38,-13.18,-3.19,-34.58,1
O,2022-11-13 11:54:00.278828,-0.03,0.95,0.20,1.53,1.22,2.26,-13.37,-3.08,-34.40,1
O,2022-11-13 11:54:00.278985,-0.03,0.95,0.20,1.65,1.22,2.32,-13.37,-3.08,-34.40,1
O,2022-11-13 11:54:00.279138,-0.03,0.95,0.20,1.77,1.34,2.32,-12.89,-3.10,-34.44,1
O,2022-11-13 11:54:00.279290,-0.03,0.95,0.20,1.65,1.34,2.32,-12.89,-3.10,-34.44,1
O,2022-11-13 11:54:00.279447,-0.03,0.95,0.20,1.65,1.22,2.44,-12.89,-3.10,-34.44,1
O,2022-11-13 11:54:00.279598,-0.03,0.95,0.20,1.77,1.22,2.44,-13.17,-3.45,-34.95,1
O,2022-11-13 11:54:00.279754,-0.03,0.95,0.20,1.65,1.10,2.38,-13.17,-3.45,-34.95,1
O,2022-11-13 11:54:00.279905,-0.03,0.95,0.20,1.83,1.22,2.56,-13.17,-3.45,-34.95,1
O,2022-11-13 11:54:00.280059,-0.03,0.95,0.20,1.83,1.16,2.44,-13.00,-3.38,-34.39,1
O,2022-11-13 11:54:00.280213,-0.03,0.95,0.20,1.77,1.28,2.32,-13.00,-3.38,-34.39,1
O,2022-11-13 11:54:00.280364,-0.03,0.95,0.20,1.59,1.28,2.26,-13.00,-3.38,-34.39,1
O,2022-11-13 11:54:00.280522,-0.03,0.95,0.20,1.40,1.04,2.44,-12.66,-2.71,-35.55,1
O,2022-11-13 11:54:00.280674,-0.03,0.95,0.20,2.14,1.10,2.44,-12.66,-2.71,-35.55,1
O,2022-11-13 11:54:00.280830,-0.03,0.95,0.20,1.77,1.22,2.32,-13.16,-3.06,-34.94,1
O,2022-11-13 11:54:00.280982,-0.03,0.95,0.20,1.65,1.28,2.32,-13.16,-3.06,-34.94,1
O,2022-11-13 11:54:00.281133,-0.03,0.95,0.20,1.71,1.10,2.62,-13.16,-3.06,-34.94,1
O,2022-11-13 11:54:00.281289,-0.03,0.95,0.20,1.77,1.10,2.32,-12.81,-3.19,-34.59,1
O,2022-11-13 11:54:00.281441,-0.03,0.95,0.20,1.77,1.16,2.50,-12.81,-3.19,-34.59,1
O,2022-11-13 11:54:00.281596,-0.03,0.95,0.20,1.89,1.16,2.56,-12.81,-3.19,-34.59,1
O,2022-11-13 11:54:00.281746,-0.03,0.95,0.20,1.59,1.28,2.38,-13.12,-3.11,-34.78,1
O,2022-11-13 11:54:00.281895,-0.03,0.95,0.20,1.53,1.40,2.32,-13.12,-3.11,-34.78,1
O,2022-11-13 11:54:00.282051,-0.03,0.95,0.20,1.59,1.34,2.38,-13.12,-3.11,-34.78,1
O,2022-11-13 11:54:00.282204,-0.03,0.95,0.20,1.89,1.10,2.32,-13.06,-3.23,-34.72,1
O,2022-11-13 11:54:00.282359,-0.03,0.95,0.20,1.65,1.22,2.38,-13.06,-3.23,-34.72,1
O,2022-11-13 11:54:00.282512,-0.03,0.95,0.20,1.83,1.22,2.32,-13.04,-3.28,-35.78,1
O,2022-11-13 11:54:00.282667,-0.03,0.95,0.20,1.71,1.40,2.44,-13.04,-3.28,-35.78,1
O,2022-11-13 11:54:00.282819,-0.03,0.95,0.20,1.71,1.16,2.38,-13.04,-3.28,-35.78,1
O,2022-11-13 11:54:00.282970,-0.03,0.95,0.20,1.89,1.10,2.56,-12.77,-3.32,-35.49,1
O,2022-11-13 11:54:00.283130,-0.03,0.95,0.20,2.01,1.16,2.56,-12.77,-3.32,-35.49,1
O,2022-11-13 11:54:00.283282,-0.03,0.95,0.20,2.08,1.10,2.38,-12.77,-3.32,-35.49,1
O,2022-11-13 11:54:00.283442,-0.03,0.95,0.20,1.77,1.16,2.38,-13.50,-3.02,-34.97,1
O,2022-11-13 11:54:00.283593,-0.03,0.95,0.20,1.83,1.22,2.44,-13.50,-3.02,-34.97,1
O,2022-11-13 11:54:00.283748,-0.03,0.95,0.20,1.71,1.10,2.32,-13.50,-3.02,-34.97,1
O,2022-11-13 11:54:00.283906,-0.03,0.95,0.19,1.10,1.10,2.20,-12.63,-2.95,-34.30,1
O,2022-11-13 11:54:00.284060,-0.03,0.95,0.20,2.32,0.98,2.50,-12.63,-2.95,-34.30,1
O,2022-11-13 11:54:00.284219,-0.03,0.95,0.20,1.59,1.22,2.38,-13.28,-3.30,-34.61,1
O,2022-11-13 11:54:00.284372,-0.03,0.95,0.20,1.83,1.40,2.26,-13.28,-3.30,-34.61,1
O,2022-11-13 11:54:00.284533,-0.03,0.95,0.20,1.59,1.28,2.32,-13.28,-3.30,-34.61,1
O,2022-11-13 11:54:00.284686,-0.03,0.95,0.20,1.83,1.34,2.50,-13.26,-2.81,-35.31,1
O,2022-11-13 11:54:00.284838,-0.03,0.95,0.20,1.83,1.10,2.32,-13.26,-2.81,-35.31,1
O,2022-11-13 11:54:00.284997,-0.03,0.95,0.20,1.83,1.10,2.62,-13.26,-2.81,-35.31,1
O,2022-11-13 11:54:00.285148,-0.03,0.95,0.20,1.65,1.22,2.32,-12.68,-3.20,-34.70,1
O,2022-11-13 11:54:00.285313,-0.03,0.95,0.20,1.77,1.28,2.32,-12.68,-3.20,-34.70,1
O,2022-11-13 11:54:00.285469,-0.03,0.95,0.20,1.53,1.22,2.44,-12.68,-3.20,-34.70,1
O,2022-11-13 11:54:00.285623,-0.03,0.95,0.20,1.46,1.28,2.44,-12.67,-3.00,-33.81,1
O,2022-11-13 11:54:00.285782,-0.03,0.95,0.20,1.65,1.34,2.56,-12.67,-3.00,-33.81,1
O,2022-11-13 11:54:00.285936,-0.03,0.95,0.20,1.65,1.28,2.44,-12.81,-3.19,-34.69,1
O,2022-11-13 11:54:00.286103,-0.03,0.95,0.20,1.71,1.28,2.50,-12.81,-3.19,-34.69,1
O,2022-11-13 11:54:00.286255,-0.03,0.95,0.20,1.83,1.16,2.38,-12.81,-3.19,-34.69,1
O,2022-11-13 11:54:00.286411,-0.03,0.95,0.20,1.71,1.10,2.38,-12.77,-2.94,-34.58,1
O,2022-11-13 11:54:00.286567,-0.03,0.95,0.20,1.77,1.28,2.38,-12.77,-2.94,-34.58,1
O,2022-11-13 11:54:00.286717,-0.03,0.95,0.20,1.46,1.22,2.50,-12.77,-2.94,-34.58,1
O,2022-11-13 11:54:00.286873,-0.03,0.95,0.20,1.77,1.34,2.26,-12.61,-2.94,-35.36,1
O,2022-11-13 11:54:00.287025,-0.03,0.95,0.20,1.53,1.28,2.32,-12.61,-2.94,-35.36,1
O,2022-11-13 11:54:00.287193,-0.03,0.95,0.20,1.77,1.28,2.44,-12.61,-2.94,-35.36,1
O,2022-11-13 11:54:00.287345,-0.03,0.95,0.20,1.40,1.28,2.38,-12.71,-2.88,-34.06,1
O,2022-11-13 11:54:00.287496,-0.03,0.95,0.20,1.83,1.22,2.32,-12.71,-2.88,-34.06,1
O,2022-11-13 11:54:00.287654,-0.03,0.95,0.20,1.77,1.28,2.44,-12.43,-2.72,-34.58,1
O,2022-11-13 11:54:00.287808,-0.03,0.95,0.20,1.59,1.34,2.38,-12.43,-2.72,-34.58,1
O,2022-11-13 11:54:00.287967,-0.03,0.95,0.20,1.89,1.22,2.44,-12.43,-2.72,-34.58,1
O,2022-11-13 11:54:00.288121,-0.03,0.95,0.20,1.53,1.22,2.44,-13.02,-2.92,-35.40,1
O,2022-11-13 11:54:00.288273,-0.03,0.95,0.20,1.77,1.40,2.38,-13.02,-2.92,-35.40,1
O,2022-11-13 11:54:00.288458,-0.03,0.95,0.20,1.65,1.34,2.38,-13.02,-2.92,-35.40,1
O,2022-11-13 11:54:00.288614,-0.03,0.95,0.20,1.65,0.92,2.44,-13.21,-3.00,-34.69,1
O,2022-11-13 11:54:00.288773,-0.03,0.95,0.20,1.77,1.28,2.32,-13.21,-3.00,-34.69,1
O,2022-11-13 11:54:00.288926,-0.03,0.95,0.20,1.71,1.22,2.38,-13.21,-3.00,-34.69,1
O,2022-11-13 11:54:00.289087,-0.03,0.95,0.20,1.83,1.16,2.32,-13.00,-2.77,-34.96,1
O,2022-11-13 11:54:00.289240,-0.03,0.95,0.20,1.53,1.22,2.44,-13.00,-2.77,-34.96,1
O,2022-11-13 11:54:00.289393,-0.03,0.95,0.20,1.77,1.28,2.20,-13.56,-3.10,-35.28,1
O,2022-11-13 11:54:00.289551,-0.03,0.95,0.20,1.77,1.22,2.38,-13.56,-3.10,-35.28,1
O,2022-11-13 11:54:00.289704,-0.03,0.95,0.20,1.95,1.16,2.38,-13.56,-3.10,-35.28,1
O,2022-11-13 11:54:00.289915,-0.03,0.95,0.20,1.77,1.22,2.32,-12.62,-3.16,-34.53,1
O,2022-11-13 11:54:00.290068,-0.03,0.95,0.20,1.65,1.34,2.44,-12.62,-3.16,-34.53,1
O,2022-11-13 11:54:00.290221,-0.03,0.95,0.20,1.95,1.16,2.50,-12.62,-3.16,-34.53,1
O,2022-11-13 11:54:00.290382,-0.03,0.95,0.20,1.65,1.28,2.44,-13.21,-2.97,-34.44,1
O,2022-11-13 11:54:00.290533,-0.03,0.95,0.20,1.77,1.22,2.50,-13.21,-2.97,-34.44,1
O,2022-11-13 11:54:00.290688,-0.03,0.95,0.20,1.71,1.34,2.56,-13.21,-2.97,-34.44,1
O,2022-11-13 11:54:00.290838,-0.03,0.95,0.20,1.65,1.28,2.26,-12.76,-2.45,-34.74,1
O,2022-11-13 11:54:00.290992,-0.03,0.95,0.20,1.83,1.34,2.38,-12.76,-2.45,-34.74,1
O,2022-11-13 11:54:00.291147,-0.03,0.95,0.20,1.77,1.22,2.44,-13.06,-2.91,-34.17,1
O,2022-11-13 11:54:00.291300,-0.03,0.95,0.20,1.77,1.22,2.38,-13.06,-2.91,-34.17,1
O,2022-11-13 11:54:00.291458,-0.03,0.95,0.20,1.65,1.10,2.44,-13.06,-2.91,-34.17,1
O,2022-11-13 11:54:00.291608,-0.03,0.95,0.20,1.59,1.28,2.44,-12.85,-3.23,-34.02,1
O,2022-11-13 11:54:00.291763,-0.03,0.95,0.20,1.89,1.28,2.44,-12.85,-3.23,-34.02,1
O,2022-11-13 11:54:00.291913,-0.03,0.95,0.20,1.77,1.10,2.44,-12.85,-3.23,-34.02,1
O,2022-11-13 11:54:00.292064,-0.03,0.95,0.20,1.83,1.34,2.44,-12.96,-2.54,-34.28,1
O,2022-11-13 11:54:00.292220,-0.03,0.95,0.20,1.89,1.16,2.56,-12.96,-2.54,-34.28,1
O,2022-11-13 11:54:00.292371,-0.03,0.95,0.20,2.01,1.10,2.20,-12.96,-2.54,-34.28,1
O,2022-11-13 11:54:00.292528,-0.03,0.95,0.20,1.59,1.16,2.44,-12.92,-3.05,-33.84,1
O,2022-11-13 11:54:00.292679,-0.03,0.95,0.20,1.83,1.28,2.38,-12.92,-3.05,-33.84,1
O,2022-11-13 11:54:00.292830,-0.03,0.95,0.20,1.83,1.22,2.38,-13.15,-2.69,-34.47,1
O,2022-11-13 11:54:00.292985,-0.03,0.95,0.20,1.95,1.34,2.50,-13.15,-2.69,-34.47,1
O,2022-11-13 11:54:00.293137,-0.03,0.95,0.20,1.83,1.10,2.32,-13.15,-2.69,-34.47,1
O,2022-11-13 11:54:00.293295,-0.03,0.95,0.20,1.83,1.22,2.44,-13.37,-2.33,-34.01,1
O,2022-11-13 11:54:00.293449,-0.03,0.95,0.20,1.65,1.22,2.44,-13.37,-2.33,-34.01,1
O,2022-11-13 11:54:00.293606,-0.03,0.95,0.20,1.77,1.34,2.32,-13.37,-2.33,-34.01,1
O,2022-11-13 11:54:00.293757,-0.03,0.95,0.20,1.77,1.22,2.26,-12.94,-2.44,-34.45,1
O,2022-11-13 11:54:00.293907,-0.03,0.95,0.20,1.77,1.28,2.38,-12.94,-2.44,-34.45,1
O,2022-11-13 11:54:00.294062,-0.03,0.95,0.20,1.77,1.28,2.38,-12.94,-2.44,-34.45,1
O,2022-11-13 11:54:00.294214,-0.03,0.95,0.20,1.65,1.22,2.14,-13.20,-3.31,-34.41,1
O,2022-11-13 11:54:00.294370,-0.03,0.95,0.20,1.53,1.34,2.38,-13.20,-3.31,-34.41,1
O,2022-11-13 11:54:00.294522,-0.03,0.95,0.20,1.83,1.28,2.50,-13.06,-2.61,-34.90,1
O,2022-11-13 11:54:00.294672,-0.03,0.95,0.20,1.95,1.34,2.44,-13.06,-2.61,-34.90,1
O,2022-11-13 11:54:00.294829,-0.03,0.95,0.20,1.77,1.28,2.44,-13.06,-2.61,-34.90,1
O,2022-11-13 11:54:00.294981,-0.03,0.95,0.20,1.83,1.34,2.44,-13.04,-2.84,-35.29,1
O,2022-11-13 11:54:00.295138,-0.03,0.95,0.20,1.65,1.28,2.50,-13.04,-2.84,-35.29,1
O,2022-11-13 11:54:00.295291,-0.03,0.95,0.20,1.77,1.28,2.32,-13.04,-2.84,-35.29,1
O,2022-11-13 11:54:00.295448,-0.03,0.95,0.20,1.71,1.16,2.26,-12.95,-2.77,-34.51,1
O,2022-11-13 11:54:00.295601,-0.03,0.95,0.20,1.65,1.34,2.44,-12.95,-2.77,-34.51,1
O,2022-11-13 11:54:00.295753,-0.03,0.95,0.20,1.46,1.34,2.44,-12.95,-2.77,-34.51,1
O,2022-11-13 11:54:00.295909,-0.03,0.95,0.20,1.65,1.10,2.38,-13.11,-2.92,-33.51,1
O,2022-11-13 11:54:00.296061,-0.03,0.95,0.20,1.77,1.28,2.44,-13.11,-2.92,-33.51,1
O,2022-11-13 11:54:00.296219,-0.03,0.95,0.20,1.71,1.28,2.38,-12.89,-2.44,-34.35,1
O,2022-11-13 11:54:00.296370,-0.03,0.95,0.20,1.83,1.22,2.44,-12.89,-2.44,-34.35,1
O,2022-11-13 11:54:00.296521,-0.03,0.95,0.20,1.95,1.22,2.38,-12.89,-2.44,-34.35,1
O,2022-11-13 11:54:00.296682,-0.03,0.95,0.20,1.95,1.16,2.50,-12.74,-2.58,-35.19,1
O,2022-11-13 11:54:00.296834,-0.03,0.95,0.20,1.59,1.22,2.44,-12.74,-2.58,-35.19,1
O,2022-11-13 11:54:00.296992,-0.03,0.95,0.20,1.95,1.28,2.38,-12.74,-2.58,-35.19,1
O,2022-11-13 11:54:00.297145,-0.03,0.95,0.20,1.59,1.10,2.20,-13.09,-3.04,-33.85,1
O,2022-11-13 11:54:00.297296,-0.03,0.95,0.20,1.83,1.34,2.38,-13.09,-3.04,-33.85,1
O,2022-11-13 11:54:00.297452,-0.03,0.95,0.20,1.77,1.04,2.44,-13.09,-3.04,-33.85,1
O,2022-11-13 11:54:00.297605,-0.03,0.95,0.20,1.46,1.16,2.44,-13.20,-3.04,-34.64,1
O,2022-11-13 11:54:00.297762,-0.03,0.95,0.20,1.59,1.22,2.38,-13.20,-3.04,-34.64,1
O,2022-11-13 11:54:00.297913,-0.03,0.95,0.20,1.95,0.98,2.38,-13.05,-2.97,-34.29,1
O,2022-11-13 11:54:00.298069,-0.03,0.95,0.20,1.65,1.28,2.32,-13.05,-2.97,-34.29,1
O,2022-11-13 11:54:00.298219,-0.03,0.95,0.20,1.40,1.40,2.38,-13.05,-2.97,-34.29,1
O,2022-11-13 11:54:00.298371,-0.03,0.95,0.20,1.77,1.28,2.56,-13.29,-2.59,-34.72,1
O,2022-11-13 11:54:00.298527,-0.03,0.95,0.20,1.95,1.34,2.38,-13.29,-2.59,-34.72,1
O,2022-11-13 11:54:00.298678,-0.03,0.95,0.20,1.71,1.34,2.44,-13.29,-2.59,-34.72,1
O,2022-11-13 11:54:00.298835,-0.03,0.95,0.20,1.59,1.10,2.26,-12.90,-2.83,-34.94,1
O,2022-11-13 11:54:00.298986,-0.03,0.95,0.20,1.65,1.16,2.62,-12.90,-2.83,-34.94,1
O,2022-11-13 11:54:00.299138,-0.03,0.95,0.20,1.71,1.28,2.50,-12.90,-2.83,-34.94,1
O,2022-11-13 11:54:00.299300,-0.03,0.95,0.20,1.46,1.16,2.26,-12.50,-3.11,-34.86,1
O,2022-11-13 11:54:00.299452,-0.03,0.95,0.20,1.59,1.16,2.38,-12.50,-3.11,-34.86,1
O,2022-11-13 11:54:00.299610,-0.03,0.95,0.20,1.89,1.28,2.44,-13.39,-2.56,-33.96,1
O,2022-11-13 11:54:00.299765,-0.03,0.95,0.20,1.59,1.16,2.26,-13.39,-2.56,-33.96,1
O,2022-11-13 11:54:00.299921,-0.03,0.95,0.20,1.89,1.16,2.50,-13.39,-2.56,-33.96,1
O,2022-11-13 11:54:00.300072,-0.03,0.95,0.20,1.71,1.10,2.32,-12.76,-2.55,-34.86,1
O,2022-11-13 11:54:00.300223,-0.03,0.95,0.20,1.77,1.22,2.44,-12.76,-2.55,-34.86,1
O,2022-11-13 11:54:00.300381,-0.03,0.95,0.20,1.77,1.22,2.32,-12.76,-2.55,-34.86,1
O,2022-11-13 11:54:00.300531,-0.03,0.95,0.20,1.59,1.16,2.26,-12.65,-3.03,-34.95,1
O,2022-11-13 11:54:00.300689,-0.03,0.95,0.20,1.71,1.34,2.38,-12.65,-3.03,-34.95,1
O,2022-11-13 11:54:00.300841,-0.03,0.95,0.20,1.59,1.04,2.44,-12.65,-3.03,-34.95,1
O,2022-11-13 11:54:00.300994,-0.03,0.95,0.20,1.71,1.04,2.14,-12.70,-3.26,-33.91,1
O,2022-11-13 11:54:00.301150,-0.03,0.95,0.20,1.65,1.22,2.26,-12.70,-3.26,-33.91,1
O,2022-11-13 11:54:00.301301,-0.03,0.95,0.20,1.65,1.40,2.44,-12.59,-3.10,-34.06,1
O,2022-11-13 11:54:00.301457,-0.03,0.95,0.20,1.53,1.40,2.44,-12.59,-3.10,-34.06,1
O,2022-11-13 11:54:00.301608,-0.03,0.95,0.20,1.71,1.16,2.38,-12.59,-3.10,-34.06,1
O,2022-11-13 11:54:00.301761,-0.03,0.95,0.20,1.83,1.04,2.38,-12.68,-2.88,-34.64,1
O,2022-11-13 11:54:00.301922,-0.03,0.95,0.20,1.34,1.16,2.56,-12.68,-2.88,-34.64,1
O,2022-11-13 11:54:00.302075,-0.03,0.95,0.20,1.65,1.28,2.38,-12.68,-2.88,-34.64,1
O,2022-11-13 11:54:00.302233,-0.03,0.95,0.20,1.83,1.16,2.56,-12.79,-3.23,-35.27,1
O,2022-11-13 11:54:00.302386,-0.03,0.95,0.20,1.53,1.28,2.44,-12.79,-3.23,-35.27,1
O,2022-11-13 11:54:00.302567,-0.03,0.95,0.20,1.16,1.34,2.44,-12.79,-3.23,-35.27,1
O,2022-11-13 11:54:00.302720,-0.03,0.95,0.20,1.22,1.10,2.32,-12.39,-3.49,-34.38,1
O,2022-11-13 11:54:00.302871,-0.03,0.95,0.20,1.40,1.34,2.44,-12.39,-3.49,-34.38,1
O,2022-11-13 11:54:00.303029,-0.03,0.95,0.19,1.46,1.28,2.32,-13.23,-2.73,-34.06,1
O,2022-11-13 11:54:00.303180,-0.03,0.95,0.20,1.53,1.46,2.44,-13.23,-2.73,-34.06,1
O,2022-11-13 11:54:00.303339,-0.03,0.95,0.20,1.89,1.22,2.32,-13.23,-2.73,-34.06,1
O,2022-11-13 11:54:00.303495,-0.03,0.95,0.20,1.71,1.34,2.50,-13.50,-3.04,-35.89,1
O,2022-11-13 11:54:00.303648,-0.05,0.97,0.18,2.50,1.46,2.32,-13.50,-3.04,-35.89,1
O,2022-11-13 11:54:00.303844,-0.07,0.93,0.20,10.19,2.01,2.26,-13.50,-3.04,-35.89,1
O,2022-11-13 11:54:00.303998,-0.08,0.96,0.17,3.97,7.81,3.78,-13.01,-2.91,-35.12,1
O,2022-11-13 11:54:00.304198,-0.06,0.94,0.21,-3.91,12.57,5.68,-13.01,-2.91,-35.12,1
O,2022-11-13 11:54:00.304356,0.02,0.93,0.24,-10.38,15.44,6.47,-13.01,-2.91,-35.12,1
O,2022-11-13 11:54:00.304519,-0.08,0.96,0.15,-5.31,11.11,4.82,-12.77,-3.22,-34.22,1
O,2022-11-13 11:54:00.304680,-0.05,0.92,0.22,-2.81,15.99,6.10,-12.77,-3.22,-34.22,1
O,2022-11-13 11:54:00.304834,0.08,0.93,0.26,-14.22,8.48,5.19,-12.90,-3.58,-33.94,1
O,2022-11-13 11:54:00.304995,0.01,0.97,0.17,-2.38,8.36,4.33,-12.90,-3.58,-33.94,1
O,2022-11-13 11:54:00.305152,0.06,0.95,0.19,-5.62,1.46,3.11,-12.90,-3.58,-33.94,1
O,2022-11-13 11:54:00.305316,-0.03,0.97,0.16,-2.69,0.98,2.56,-12.92,-4.47,-33.39,1
O,2022-11-13 11:54:00.305469,-0.03,0.94,0.19,5.43,1.16,2.01,-12.92,-4.47,-33.39,1
O,2022-11-13 11:54:00.305648,-0.03,0.95,0.18,-0.67,1.04,2.62,-12.92,-4.47,-33.39,1
O,2022-11-13 11:54:00.305801,-0.06,0.95,0.18,2.93,1.10,2.20,-12.89,-4.05,-33.96,1
O,2022-11-13 11:54:00.305957,-0.03,0.95,0.18,2.20,1.16,2.44,-12.89,-4.05,-33.96,1
O,2022-11-13 11:54:00.306119,-0.03,0.95,0.18,1.83,1.40,2.56,-12.89,-4.05,-33.96,1
O,2022-11-13 11:54:00.306273,-0.03,0.95,0.18,3.30,0.98,2.20,-12.55,-3.92,-34.07,1
O,2022-11-13 11:54:00.306435,-0.03,0.95,0.18,2.38,1.22,2.38,-12.55,-3.92,-34.07,1
O,2022-11-13 11:54:00.306590,-0.00,0.95,0.18,3.05,1.34,2.32,-12.43,-3.43,-34.89,1
O,2022-11-13 11:54:00.306743,-0.03,0.95,0.18,2.32,1.10,2.26,-12.43,-3.43,-34.89,1
O,2022-11-13 11:54:00.306901,-0.03,0.95,0.17,3.30,1.28,2.32,-12.43,-3.43,-34.89,1
O,2022-11-13 11:54:00.307056,-0.03,0.95,0.18,4.70,1.04,2.08,-12.60,-3.15,-34.05,1
O,2022-11-13 11:54:00.307218,-0.03,0.95,0.19,5.68,1.22,2.01,-12.60,-3.15,-34.05,1
O,2022-11-13 11:54:00.307371,-0.00,0.94,0.19,1.77,1.16,2.56,-12.60,-3.15,-34.05,1
O,2022-11-13 11:54:00.307583,-0.03,0.96,0.18,-1.04,1.10,2.32,-12.78,-3.53,-34.81,1
O,2022-11-13 11:54:00.307740,-0.03,0.95,0.19,2.69,1.22,2.32,-12.78,-3.53,-34.81,1
O,2022-11-13 11:54:00.307897,-0.03,0.95,0.18,0.43,1.28,2.50,-12.78,-3.53,-34.81,1
O,2022-11-13 11:54:00.308055,-0.03,0.95,0.19,2.87,1.04,2.20,-12.44,-3.33,-35.58,1
O,2022-11-13 11:54:00.308207,-0.03,0.95,0.18,1.40,1.10,2.56,-12.44,-3.33,-35.58,1
O,2022-11-13 11:54:00.308370,-0.03,0.95,0.19,2.81,1.22,2.38,-12.89,-3.39,-34.58,1
O,2022-11-13 11:54:00.308521,-0.03,0.95,0.18,1.22,1.16,2.44,-12.89,-3.39,-34.58,1
O,2022-11-13 11:54:00.308673,-0.03,0.95,0.18,2.20,1.22,2.20,-12.89,-3.39,-34.58,1
O,2022-11-13 11:54:00.308832,-0.03,0.95,0.18,2.26,1.22,2.32,-12.63,-3.11,-34.16,1
O,2022-11-13 11:54:00.308984,-0.03,0.95,0.18,2.81,1.28,2.38,-12.63,-3.11,-34.16,1
O,2022-11-13 11:54:00.309142,-0.03,0.95,0.18,2.38,1.34,2.38,-12.63,-3.11,-34.16,1
O,2022-11-13 11:54:00.309294,-0.03,0.95,0.19,2.32,1.10,2.20,-13.02,-3.08,-33.76,1
O,2022-11-13 11:54:00.309450,-0.03,0.95,0.19,2.81,1.28,2.32,-13.02,-3.08,-33.76,1
O,2022-11-13 11:54:00.309605,-0.04,0.95,0.19,2.08,1.04,2.26,-13.02,-3.08,-33.76,1
O,2022-11-13 11:54:00.309756,-0.03,0.95,0.19,2.62,1.34,2.20,-12.23,-3.52,-33.72,1
O,2022-11-13 11:54:00.309912,-0.03,0.95,0.18,0.18,1.04,2.50,-12.23,-3.52,-33.72,1
O,2022-11-13 11:54:00.310062,-0.03,0.95,0.19,2.01,1.22,2.56,-12.84,-3.23,-34.85,1
O,2022-11-13 11:54:00.310218,-0.03,0.95,0.18,1.40,1.16,2.50,-12.84,-3.23,-34.85,1
O,2022-11-13 11:54:00.310368,-0.03,0.95,0.19,2.14,1.28,2.44,-12.84,-3.23,-34.85,1
O,2022-11-13 11:54:00.310518,-0.03,0.95,0.19,1.28,1.04,2.38,-12.48,-3.71,-34.55,1
O,2022-11-13 11:54:00.310680,-0.03,0.95,0.19,1.83,1.04,2.38,-12.48,-3.71,-34.55,1
O,2022-11-13 11:54:00.310830,-0.03,0.95,0.18,1.40,1.10,2.44,-12.48,-3.71,-34.55,1
O,2022-11-13 11:54:00.310986,-0.03,0.95,0.19,1.65,1.22,2.20,-12.56,-3.48,-33.51,1
O,2022-11-13 11:54:00.311136,-0.03,0.95,0.19,1.59,1.34,2.38,-12.56,-3.48,-33.51,1
O,2022-11-13 11:54:00.311286,-0.03,0.95,0.18,1.77,1.16,2.20,-12.56,-3.48,-33.51,1
O,2022-11-13 11:54:00.311442,-0.03,0.95,0.19,1.40,1.16,2.26,-13.21,-3.47,-33.69,1
O,2022-11-13 11:54:00.311593,-0.03,0.95,0.18,1.59,1.10,2.44,-13.21,-3.47,-33.69,1
O,2022-11-13 11:54:00.311750,-0.03,0.95,0.18,1.83,1.28,2.56,-12.56,-3.86,-33.09,1
O,2022-11-13 11:54:00.311900,-0.03,0.95,0.19,1.89,1.22,2.44,-12.56,-3.86,-33.09,1
O,2022-11-13 11:54:00.312058,-0.03,0.95,0.19,1.95,1.16,2.44,-12.56,-3.86,-33.09,1
O,2022-11-13 11:54:00.312209,-0.03,0.95,0.19,1.77,1.10,2.44,-12.24,-3.52,-33.13,1
O,2022-11-13 11:54:00.312362,-0.03,0.95,0.19,1.83,1.28,2.62,-12.24,-3.52,-33.13,1
O,2022-11-13 11:54:00.312519,-0.03,0.95,0.19,1.95,1.22,2.32,-12.24,-3.52,-33.13,1
O,2022-11-13 11:54:00.312668,-0.03,0.95,0.19,1.95,1.16,2.56,-12.78,-3.59,-34.11,1
O,2022-11-13 11:54:00.312824,-0.03,0.95,0.19,1.65,1.04,2.38,-12.78,-3.59,-34.11,1
O,2022-11-13 11:54:00.312976,-0.03,0.95,0.19,1.65,1.28,2.50,-12.78,-3.59,-34.11,1
O,2022-11-13 11:54:00.313126,-0.03,0.95,0.19,1.89,1.34,2.32,-12.77,-4.02,-33.33,1
O,2022-11-13 11:54:00.313281,-0.03,0.95,0.19,1.59,1.28,2.44,-12.77,-4.02,-33.33,1
O,2022-11-13 11:54:00.313431,-0.03,0.95,0.19,1.71,1.40,2.44,-12.30,-3.61,-33.42,1
O,2022-11-13 11:54:00.313588,-0.03,0.95,0.19,1.53,1.28,2.38,-12.30,-3.61,-33.42,1
O,2022-11-13 11:54:00.313738,-0.03,0.95,0.19,1.77,1.16,2.44,-12.30,-3.61,-33.42,1
O,2022-11-13 11:54:00.313893,-0.03,0.95,0.19,1.53,1.40,2.44,-12.67,-4.04,-34.22,1
O,2022-11-13 11:54:00.314044,-0.03,0.95,0.19,1.71,1.28,2.44,-12.67,-4.04,-34.22,1
O,2022-11-13 11:54:00.314195,-0.03,0.95,0.19,1.71,1.22,2.32,-12.67,-4.04,-34.22,1
O,2022-11-13 11:54:00.314351,-0.03,0.95,0.18,1.59,1.10,2.44,-12.92,-4.27,-34.39,1
O,2022-11-13 11:54:00.314504,-0.03,0.95,0.19,1.83,1.22,2.20,-12.92,-4.27,-34.39,1
O,2022-11-13 11:54:00.314659,-0.03,0.95,0.19,1.59,1.34,2.56,-12.92,-4.27,-34.39,1
O,2022-11-13 11:54:00.314810,-0.03,0.95,0.19,1.65,0.98,2.26,-12.68,-2.95,-33.78,1
O,2022-11-13 11:54:00.314960,-0.03,0.95,0.19,1.65,1.16,2.50,-12.68,-2.95,-33.78,1
O,2022-11-13 11:54:00.315114,-0.03,0.95,0.19,1.77,1.22,2.44,-12.82,-3.34,-34.63,1
O,2022-11-13 11:54:00.315264,-0.03,0.95,0.19,1.77,1.16,2.38,-12.82,-3.34,-34.63,1
O,2022-11-13 11:54:00.315420,-0.03,0.95,0.18,1.77,1.34,2.44,-12.82,-3.34,-34.63,1
O,2022-11-13 11:54:00.315571,-0.03,0.95,0.18,1.71,1.16,2.44,-12.65,-3.59,-34.11,1
O,2022-11-13 11:54:00.315724,-0.03,0.95,0.19,1.89,1.10,2.44,-12.65,-3.59,-34.11,1
O,2022-11-13 11:54:00.315879,-0.03,0.95,0.19,1.83,1.16,2.50,-12.65,-3.59,-34.11,1
O,2022-11-13 11:54:00.316030,-0.03,0.95,0.19,1.77,1.22,2.38,-12.66,-3.49,-34.24,1
O,2022-11-13 11:54:00.316187,-0.03,0.95,0.19,1.71,1.28,2.50,-12.66,-3.49,-34.24,1
O,2022-11-13 11:54:00.316341,-0.03,0.95,0.19,1.46,1.34,2.56,-12.66,-3.49,-34.24,1
O,2022-11-13 11:54:00.316499,-0.03,0.95,0.18,1.53,1.10,2.38,-12.79,-3.75,-34.56,1
O,2022-11-13 11:54:00.316651,-0.03,0.95,0.19,1.77,1.28,2.38,-12.79,-3.75,-34.56,1
O,2022-11-13 11:54:00.316802,-0.03,0.95,0.19,1.95,1.10,2.50,-12.88,-3.47,-34.44,1
O,2022-11-13 11:54:00.316958,-0.03,0.95,0.19,1.65,1.34,2.44,-12.88,-3.47,-34.44,1
O,2022-11-13 11:54:00.317112,-0.03,0.95,0.19,1.83,1.16,2.32,-12.88,-3.47,-34.44,1
O,2022-11-13 11:54:00.317269,-0.03,0.95,0.19,1.77,1.10,2.38,-12.94,-3.36,-34.58,1
O,2022-11-13 11:54:00.317421,-0.03,0.95,0.19,1.59,1.34,2.62,-12.94,-3.36,-34.58,1
O,2022-11-13 11:54:00.317574,-0.03,0.95,0.18,1.77,1.10,2.44,-12.94,-3.36,-34.58,1
O,2022-11-13 11:54:00.317732,-0.03,0.95,0.19,1.53,1.34,2.38,-13.05,-3.42,-34.24,1
O,2022-11-13 11:54:00.317894,-0.03,0.95,0.19,1.89,1.22,2.44,-13.05,-3.42,-34.24,1
O,2022-11-13 11:54:00.318051,-0.03,0.95,0.19,1.77,1.10,2.38,-13.05,-3.42,-34.24,1
O,2022-11-13 11:54:00.318204,-0.03,0.95,0.19,1.59,1.10,2.32,-12.39,-3.83,-34.85,1
O,2022-11-13 11:54:00.318362,-0.03,0.95,0.19,1.71,1.22,2.32,-12.39,-3.83,-34.85,1
O,2022-11-13 11:54:00.318517,-0.03,0.95,0.19,1.71,1.28,2.38,-12.70,-3.50,-35.01,1
O,2022-11-13 11:54:00.318670,-0.03,0.95,0.19,1.83,1.10,2.32,-12.70,-3.50,-35.01,1
O,2022-11-13 11:54:00.318828,-0.03,0.95,0.19,1.71,1.22,2.50,-12.70,-3.50,-35.01,1
O,2022-11-13 11:54:00.318981,-0.03,0.95,0.19,1.77,0.98,2.32,-12.78,-3.56,-34.17,1
O,2022-11-13 11:54:00.319141,-0.03,0.95,0.18,1.77,1.22,2.56,-12.78,-3.56,-34.17,1
O,2022-11-13 11:54:00.319291,-0.03,0.95,0.19,1.83,1.16,2.50,-12.78,-3.56,-34.17,1
O,2022-11-13 11:54:00.319442,-0.03,0.95,0.19,1.71,1.22,2.44,-13.27,-3.76,-33.84,1
O,2022-11-13 11:54:00.319598,-0.03,0.95,0.18,1.59,1.22,2.44,-13.27,-3.76,-33.84,1
O,2022-11-13 11:54:00.319749,-0.03,0.95,0.19,1.65,1.28,2.50,-13.27,-3.76,-33.84,1
O,2022-11-13 11:54:00.319904,-0.03,0.95,0.19,1.83,0.98,2.44,-12.34,-3.74,-33.83,1
O,2022-11-13 11:54:00.320055,-0.03,0.95,0.19,1.71,1.34,2.62,-12.34,-3.74,-33.83,1
O,2022-11-13 11:54:00.320206,-0.03,0.95,0.19,1.77,1.10,2.44,-12.04,-3.89,-35.03,1
O,2022-11-13 11:54:00.320363,-0.03,0.95,0.18,1.71,1.22,2.44,-12.04,-3.89,-35.03,1
O,2022-11-13 11:54:00.320516,-0.03,0.95,0.19,1.71,1.22,2.50,-12.04,-3.89,-35.03,1
O,2022-11-13 11:54:00.320672,-0.03,0.95,0.19,1.83,1.28,2.44,-12.44,-3.22,-35.16,1
O,2022-11-13 11:54:00.320824,-0.03,0.95,0.18,1.89,1.34,2.38,-12.44,-3.22,-35.16,1
O,2022-11-13 11:54:00.320990,-0.03,0.95,0.18,1.95,1.28,2.38,-12.44,-3.22,-35.16,1
O,2022-11-13 11:54:00.321141,-0.03,0.95,0.19,1.95,1.10,2.20,-12.79,-3.32,-34.18,1
O,2022-11-13 11:54:00.321291,-0.03,0.95,0.19,1.89,1.16,2.44,-12.79,-3.32,-34.18,1
O,2022-11-13 11:54:00.321448,-0.03,0.95,0.18,1.59,1.10,2.56,-12.79,-3.32,-34.18,1
O,2022-11-13 11:54:00.321599,-0.03,0.95,0.19,2.32,1.10,2.32,-12.54,-3.52,-33.84,1
O,2022-11-13 11:54:00.321755,-0.03,0.95,0.18,1.40,1.16,2.56,-12.54,-3.52,-33.84,1
O,2022-11-13 11:54:00.321904,-0.03,0.95,0.19,2.14,1.22,2.44,-12.74,-4.08,-34.89,1
O,2022-11-13 11:54:00.322054,-0.03,0.95,0.19,1.65,1.10,2.50,-12.74,-4.08,-34.89,1
O,2022-11-13 11:54:00.322209,-0.03,0.95,0.18,1.53,1.28,2.50,-12.74,-4.08,-34.89,1
O,2022-11-13 11:54:00.322359,-0.03,0.95,0.19,1.46,1.10,2.38,-12.35,-3.23,-34.39,1
O,2022-11-13 11:54:00.322521,-0.03,0.95,0.19,1.83,1.34,2.50,-12.35,-3.23,-34.39,1
O,2022-11-13 11:54:00.322675,-0.03,0.95,0.19,1.89,1.22,2.50,-12.35,-3.23,-34.39,1
O,2022-11-13 11:54:00.322832,-0.03,0.95,0.18,1.40,1.16,2.38,-12.67,-3.91,-33.72,1
O,2022-11-13 11:54:00.322988,-0.03,0.95,0.19,1.95,1.04,2.62,-12.67,-3.91,-33.72,1
O,2022-11-13 11:54:00.323139,-0.03,0.95,0.18,1.59,1.22,2.44,-12.67,-3.91,-33.72,1
O,2022-11-13 11:54:00.323336,-0.03,0.95,0.19,1.71,1.22,2.50,-12.93,-3.65,-34.45,1
O,2022-11-13 11:54:00.323491,-0.03,0.95,0.18,1.46,0.98,2.38,-12.93,-3.65,-34.45,1
O,2022-11-13 11:54:00.323649,-0.03,0.95,0.18,1.65,1.10,2.44,-12.49,-3.39,-34.64,1
O,2022-11-13 11:54:00.323803,-0.03,0.95,0.18,1.59,1.40,2.32,-12.49,-3.39,-34.64,1
O,2022-11-13 11:54:00.323957,-0.03,0.95,0.18,1.89,0.98,2.38,-12.49,-3.39,-34.64,1
O,2022-11-13 11:54:00.324167,-0.03,0.95,0.19,1.95,1.10,2.32,-12.66,-3.56,-34.97,1
O,2022-11-13 11:54:00.324322,-0.03,0.95,0.19,1.71,1.16,2.44,-12.66,-3.56,-34.97,1
O,2022-11-13 11:54:00.324479,-0.03,0.95,0.18,2.14,1.22,2.44,-12.66,-3.56,-34.97,1
O,2022-11-13 11:54:00.324633,-0.03,0.95,0.18,1.71,1.16,2.26,-12.84,-3.36,-33.70,1
O,2022-11-13 11:54:00.324785,-0.03,0.95,0.19,1.71,1.34,2.38,-12.84,-3.36,-33.70,1
O,2022-11-13 11:54:00.324943,-0.03,0.95,0.18,1.53,1.22,2.26,-12.84,-3.36,-33.70,1
O,2022-11-13 11:54:00.325096,-0.03,0.95,0.18,1.77,1.16,2.26,-13.06,-3.48,-35.02,1
O,2022-11-13 11:54:00.325263,-0.03,0.95,0.18,1.77,1.22,2.44,-13.06,-3.48,-35.02,1
O,2022-11-13 11:54:00.325417,-0.03,0.95,0.19,2.08,1.10,2.44,-12.85,-3.04,-33.22,1
O,2022-11-13 11:54:00.325610,-0.03,0.95,0.19,1.65,1.40,2.50,-12.85,-3.04,-33.22,1
O,2022-11-13 11:54:00.325763,-0.03,0.95,0.19,1.53,1.28,2.38,-12.85,-3.04,-33.22,1
O,2022-11-13 11:54:00.325915,-0.03,0.95,0.19,1.83,1.10,2.32,-12.60,-3.47,-34.39,1
O,2022-11-13 11:54:00.326071,-0.03,0.95,0.19,1.71,1.10,2.26,-12.60,-3.47,-34.39,1
O,2022-11-13 11:54:00.326223,-0.03,0.95,0.19,1.77,1.10,2.44,-12.60,-3.47,-34.39,1
O,2022-11-13 11:54:00.326385,-0.03,0.95,0.18,1.59,1.16,2.38,-13.33,-3.69,-32.60,1
O,2022-11-13 11:54:00.326538,-0.03,0.95,0.18,1.65,1.16,2.50,-13.33,-3.69,-32.60,1
O,2022-11-13 11:54:00.326691,-0.03,0.95,0.19,1.65,1.34,2.44,-13.33,-3.69,-32.60,1
O,2022-11-13 11:54:00.326847,-0.03,0.95,0.19,1.46,0.92,2.32,-12.73,-3.28,-34.12,1
O,2022-11-13 11:54:00.326999,-0.03,0.95,0.19,1.65,1.16,2.26,-12.73,-3.28,-34.12,1
O,2022-11-13 11:54:00.327157,-0.03,0.95,0.19,1.71,1.28,2.44,-13.17,-3.23,-34.44,1
O,2022-11-13 11:54:00.327309,-0.03,0.95,0.18,1.71,1.16,2.50,-13.17,-3.23,-34.44,1
O,2022-11-13 11:54:00.327470,-0.03,0.95,0.19,1.71,1.22,2.44,-13.17,-3.23,-34.44,1
O,2022-11-13 11:54:00.327624,-0.03,0.95,0.19,1.89,1.10,2.38,-12.48,-4.06,-33.29,1
O,2022-11-13 11:54:00.327775,-0.03,0.95,0.19,1.89,1.16,2.20,-12.48,-4.06,-33.29,1
O,2022-11-13 11:54:00.327934,-0.03,0.95,0.19,1.65,1.16,2.44,-12.48,-4.06,-33.29,1
O,2022-11-13 11:54:00.328085,-0.03,0.95,0.19,1.77,1.10,2.32,-12.51,-3.88,-34.35,1
O,2022-11-13 11:54:00.328245,-0.03,0.95,0.18,1.77,1.16,2.38,-12.51,-3.88,-34.35,1
O,2022-11-13 11:54:00.328396,-0.03,0.95,0.19,1.65,1.28,2.38,-12.51,-3.88,-34.35,1
O,2022-11-13 11:54:00.328548,-0.03,0.95,0.18,1.71,0.92,2.20,-13.06,-4.44,-34.58,1
O,2022-11-13 11:54:00.328708,-0.03,0.95,0.19,1.77,1.28,2.50,-13.06,-4.44,-34.58,1
O,2022-11-13 11:54:00.328862,-0.03,0.95,0.19,1.89,1.28,2.44,-12.44,-3.39,-34.01,1
O,2022-11-13 11:54:00.329018,-0.03,0.95,0.19,1.71,1.28,2.38,-12.44,-3.39,-34.01,1
O,2022-11-13 11:54:00.329170,-0.03,0.95,0.18,1.53,1.28,2.32,-12.44,-3.39,-34.01,1
O,2022-11-13 11:54:00.329321,-0.03,0.95,0.19,1.95,1.40,2.38,-12.39,-3.59,-34.18,1
O,2022-11-13 11:54:00.329487,-0.03,0.95,0.18,1.59,1.28,2.38,-12.39,-3.59,-34.18,1
O,2022-11-13 11:54:00.329638,-0.03,0.95,0.19,1.89,1.28,2.50,-12.39,-3.59,-34.18,1
O,2022-11-13 11:54:00.329802,-0.03,0.95,0.18,1.34,1.22,2.32,-12.48,-3.45,-33.81,1
O,2022-11-13 11:54:00.329953,-0.03,0.95,0.19,1.65,1.40,2.32,-12.48,-3.45,-33.81,1
O,2022-11-13 11:54:00.330107,-0.03,0.95,0.19,1.83,1.16,2.32,-12.48,-3.45,-33.81,1
O,2022-11-13 11:54:00.330273,-0.03,0.95,0.18,1.65,1.10,2.50,-13.61,-3.70,-33.40,1
O,2022-11-13 11:54:00.330424,-0.03,0.95,0.19,1.83,1.16,2.44,-13.61,-3.70,-33.40,1
O,2022-11-13 11:54:00.330582,-0.03,0.95,0.18,1.77,1.10,2.32,-12.60,-4.08,-33.30,1
O,2022-11-13 11:54:00.330735,-0.03,0.95,0.19,1.83,1.22,2.38,-12.60,-4.08,-33.30,1
O,2022-11-13 11:54:00.330885,-0.03,0.95,0.19,1.71,1.28,2.32,-12.60,-4.08,-33.30,1
O,2022-11-13 11:54:00.331040,-0.03,0.95,0.19,1.77,1.22,2.38,-12.99,-3.41,-34.33,1
O,2022-11-13 11:54:00.331191,-0.03,0.95,0.19,1.65,1.16,2.38,-12.99,-3.41,-34.33,1
O,2022-11-13 11:54:00.331353,-0.03,0.95,0.18,1.83,0.98,2.32,-12.99,-3.41,-34.33,1
O,2022-11-13 11:54:00.331504,-0.03,0.95,0.18,1.65,1.28,2.38,-12.35,-3.66,-33.86,1
O,2022-11-13 11:54:00.331664,-0.03,0.95,0.19,1.77,1.34,2.44,-12.35,-3.66,-33.86,1
O,2022-11-13 11:54:00.331817,-0.03,0.95,0.19,1.83,1.22,2.44,-12.35,-3.66,-33.86,1
O,2022-11-13 11:54:00.331967,-0.03,0.95,0.18,1.53,1.16,2.38,-12.62,-3.78,-32.86,1
O,2022-11-13 11:54:00.332131,-0.03,0.95,0.19,1.83,1.10,2.38,-12.62,-3.78,-32.86,1
O,2022-11-13 11:54:00.332282,-0.03,0.94,0.18,1.71,1.28,2.44,-12.30,-3.89,-33.81,1
O,2022-11-13 11:54:00.332441,-0.03,0.95,0.18,1.53,1.10,2.26,-12.30,-3.89,-33.81,1
O,2022-11-13 11:54:00.332595,-0.03,0.95,0.19,1.95,1.28,2.50,-12.30,-3.89,-33.81,1
O,2022-11-13 11:54:00.332748,-0.03,0.95,0.18,1.46,1.16,2.44,-13.09,-3.66,-34.25,1
O,2022-11-13 11:54:00.332910,-0.03,0.95,0.19,2.01,1.28,2.32,-13.09,-3.66,-34.25,1
O,2022-11-13 11:54:00.333063,-0.03,0.95,0.18,1.65,1.40,2.50,-13.09,-3.66,-34.25,1
O,2022-11-13 11:54:00.333221,-0.03,0.95,0.19,1.95,1.16,2.38,-12.37,-3.17,-34.75,1
O,2022-11-13 11:54:00.333384,-0.03,0.95,0.18,1.71,1.22,2.50,-12.37,-3.17,-34.75,1
O,2022-11-13 11:54:00.333534,-0.03,0.95,0.18,1.83,1.10,2.26,-12.37,-3.17,-34.75,1
O,2022-11-13 11:54:00.333689,-0.03,0.95,0.19,2.08,1.16,2.14,-12.71,-3.48,-33.64,1
O,2022-11-13 11:54:00.333840,-0.03,0.95,0.19,1.53,1.34,2.44,-12.71,-3.48,-33.64,1
O,2022-11-13 11:54:00.333997,-0.03,0.95,0.18,1.59,1.22,2.38,-12.22,-3.58,-34.72,1
O,2022-11-13 11:54:00.334150,-0.03,0.95,0.18,1.53,1.10,2.20,-12.22,-3.58,-34.72,1
O,2022-11-13 11:54:00.334307,-0.03,0.95,0.19,1.89,1.04,2.38,-12.22,-3.58,-34.72,1
O,2022-11-13 11:54:00.334459,-0.03,0.95,0.19,1.77,1.04,2.50,-12.56,-3.33,-33.64,1
O,2022-11-13 11:54:00.334611,-0.03,0.95,0.18,1.77,1.16,2.50,-12.56,-3.33,-33.64,1
O,2022-11-13 11:54:00.334769,-0.03,0.95,0.18,1.59,1.28,2.44,-12.56,-3.33,-33.64,1
O,2022-11-13 11:54:00.334926,-0.03,0.95,0.18,1.83,1.28,2.32,-12.76,-3.19,-33.13,1
O,2022-11-13 11:54:00.335087,-0.03,0.95,0.19,1.95,1.22,2.38,-12.76,-3.19,-33.13,1
O,2022-11-13 11:54:00.335242,-0.03,0.95,0.18,1.53,1.28,2.44,-12.76,-3.19,-33.13,1
O,2022-11-13 11:54:00.335399,-0.03,0.95,0.19,1.71,1.22,2.32,-12.94,-3.15,-33.36,1
O,2022-11-13 11:54:00.335555,-0.03,0.95,0.18,1.71,1.22,2.56,-12.94,-3.15,-33.36,1
O,2022-11-13 11:54:00.335709,-0.03,0.95,0.19,2.01,1.28,2.38,-13.26,-3.30,-34.61,1
O,2022-11-13 11:54:00.335870,-0.03,0.95,0.19,1.65,1.10,2.32,-13.26,-3.30,-34.61,1
O,2022-11-13 11:54:00.336027,-0.03,0.95,0.18,1.34,1.22,2.50,-13.26,-3.30,-34.61,1
O,2022-11-13 11:54:00.336194,-0.03,0.95,0.18,1.77,1.28,2.32,-12.92,-3.52,-33.47,1
O,2022-11-13 11:54:00.336354,-0.03,0.95,0.19,2.20,1.16,2.38,-12.92,-3.52,-33.47,1
O,2022-11-13 11:54:00.336504,-0.03,0.95,0.19,1.89,1.40,2.44,-12.92,-3.52,-33.47,1
O,2022-11-13 11:54:00.336665,-0.03,0.95,0.18,1.40,1.22,2.44,-13.04,-3.08,-33.65,1
O,2022-11-13 11:54:00.336817,-0.03,0.95,0.18,1.95,1.28,2.38,-13.04,-3.08,-33.65,1
O,2022-11-13 11:54:00.336974,-0.03,0.95,0.19,2.01,1.10,2.32,-13.04,-3.08,-33.65,1
O,2022-11-13 11:54:00.337126,-0.03,0.95,0.19,1.71,1.22,2.32,-12.65,-3.47,-34.88,1
O,2022-11-13 11:54:00.337277,-0.03,0.95,0.18,1.71,1.22,2.50,-12.65,-3.47,-34.88,1
O,2022-11-13 11:54:00.337439,-0.03,0.95,0.18,1.53,1.34,2.38,-12.70,-3.23,-35.12,1
O,2022-11-13 11:54:00.337590,-0.03,0.95,0.19,1.95,1.22,2.32,-12.70,-3.23,-35.12,1
O,2022-11-13 11:54:00.337747,-0.03,0.95,0.19,1.83,1.28,2.62,-12.70,-3.23,-35.12,1
O,2022-11-13 11:54:00.337899,-0.03,0.95,0.18,1.65,1.16,2.62,-13.05,-2.98,-35.35,1
O,2022-11-13 11:54:00.338052,-0.03,0.95,0.18,1.59,1.34,2.32,-13.05,-2.98,-35.35,1
O,2022-11-13 11:54:00.338218,-0.03,0.95,0.18,1.83,1.22,2.44,-13.05,-2.98,-35.35,1
O,2022-11-13 11:54:00.338370,-0.03,0.95,0.18,1.65,1.22,2.38,-12.98,-3.85,-33.14,1
O,2022-11-13 11:54:00.338534,-0.03,0.95,0.18,1.59,1.22,2.50,-12.98,-3.85,-33.14,1
O,2022-11-13 11:54:00.338686,-0.03,0.95,0.18,1.65,1.22,2.50,-12.98,-3.85,-33.14,1
O,2022-11-13 11:54:00.338842,-0.03,0.95,0.18,1.83,1.04,2.38,-12.57,-4.24,-33.01,1
O,2022-11-13 11:54:00.339000,-0.03,0.95,0.19,2.14,1.28,2.38,-12.57,-4.24,-33.01,1
O,2022-11-13 11:54:00.339151,-0.03,0.95,0.19,1.83,1.16,2.32,-12.45,-3.63,-34.77,1
O,2022-11-13 11:54:00.339315,-0.03,0.95,0.18,1.59,1.34,2.44,-12.45,-3.63,-34.77,1
O,2022-11-13 11:54:00.339474,-0.03,0.95,0.19,1.83,1.16,2.32,-12.45,-3.63,-34.77,1
O,2022-11-13 11:54:00.339625,-0.03,0.95,0.18,1.89,1.28,2.50,-12.38,-3.50,-34.05,1
O,2022-11-13 11:54:00.339787,-0.03,0.95,0.19,1.71,1.22,2.44,-12.38,-3.50,-34.05,1
O,2022-11-13 11:54:00.339936,-0.03,0.95,0.18,1.71,1.28,2.50,-12.38,-3.50,-34.05,1
O,2022-11-13 11:54:00.340100,-0.03,0.95,0.18,1.65,1.16,2.26,-12.85,-3.64,-34.57,1
O,2022-11-13 11:54:00.340253,-0.03,0.95,0.19,1.83,1.28,2.50,-12.85,-3.64,-34.57,1
O,2022-11-13 11:54:00.340421,-0.03,0.95,0.18,1.77,1.22,2.56,-12.85,-3.64,-34.57,1
O,2022-11-13 11:54:00.340625,-0.03,0.95,0.18,1.46,1.10,2.26,-12.54,-3.67,-33.42,1
O,2022-11-13 11:54:00.340780,-0.03,0.95,0.18,1.65,1.34,2.32,-12.54,-3.67,-33.42,1
O,2022-11-13 11:54:00.340940,-0.03,0.95,0.19,1.83,1.40,2.50,-12.41,-3.53,-34.22,1
O,2022-11-13 11:54:00.341110,-0.03,0.95,0.19,1.65,1.34,2.44,-12.41,-3.53,-34.22,1
O,2022-11-13 11:54:00.341335,-0.03,0.95,0.18,1.53,1.16,2.38,-12.41,-3.53,-34.22,1
O,2022-11-13 11:54:00.341507,-0.03,0.95,0.19,1.77,1.28,2.38,-12.72,-3.52,-34.39,1
O,2022-11-13 11:54:00.341683,-0.03,0.95,0.19,1.89,1.16,2.38,-12.72,-3.52,-34.39,1
O,2022-11-13 11:54:00.341923,-0.03,0.95,0.19,1.65,1.22,2.56,-12.72,-3.52,-34.39,1
O,2022-11-13 11:54:00.342100,-0.03,0.95,0.18,1.40,1.04,2.32,-12.65,-3.49,-33.94,1
O,2022-11-13 11:54:00.342270,-0.03,0.95,0.18,1.77,1.28,2.56,-12.65,-3.49,-33.94,1
O,2022-11-13 11:54:00.342440,-0.03,0.95,0.19,1.89,1.10,2.32,-12.65,-3.49,-33.94,1
O,2022-11-13 11:54:00.342601,-0.03,0.95,0.18,1.59,1.04,2.32,-12.51,-3.39,-33.35,1
O,2022-11-13 11:54:00.342773,-0.03,0.95,0.18,1.77,1.22,2.44,-12.51,-3.39,-33.35,1
O,2022-11-13 11:54:00.342942,-0.03,0.95,0.18,1.89,1.22,2.56,-12.85,-3.23,-33.67,1
O,2022-11-13 11:54:00.343109,-0.03,0.95,0.19,1.89,1.34,2.56,-12.85,-3.23,-33.67,1
O,2022-11-13 11:54:00.343273,-0.03,0.95,0.19,1.77,1.22,2.62,-12.85,-3.23,-33.67,1
O,2022-11-13 11:54:00.343440,-0.03,0.95,0.18,1.71,1.22,2.38,-12.87,-3.42,-33.87,1
O,2022-11-13 11:54:00.343613,-0.03,0.95,0.19,1.77,1.28,2.38,-12.87,-3.42,-33.87,1
O,2022-11-13 11:54:00.343785,-0.03,0.95,0.19,1.95,1.16,2.38,-12.87,-3.42,-33.87,1
O,2022-11-13 11:54:00.343956,-0.03,0.95,0.19,1.95,1.22,2.32,-12.93,-3.43,-34.45,1
O,2022-11-13 11:54:00.344120,-0.03,0.95,0.18,1.65,1.34,2.38,-12.93,-3.43,-34.45,1
O,2022-11-13 11:54:00.344293,-0.03,0.95,0.18,1.71,1.28,2.56,-12.93,-3.43,-34.45,1
O,2022-11-13 11:54:00.344462,-0.03,0.95,0.18,1.83,1.16,2.44,-13.01,-3.63,-33.54,1
O,2022-11-13 11:54:00.344637,-0.03,0.95,0.18,1.89,1.22,2.50,-13.01,-3.63,-33.54,1
O,2022-11-13 11:54:00.344813,-0.03,0.95,0.19,1.83,1.46,2.44,-12.79,-3.76,-33.51,1
O,2022-11-13 11:54:00.344979,-0.03,0.95,0.18,1.59,1.40,2.38,-12.79,-3.76,-33.51,1
O,2022-11-13 11:54:00.345157,-0.03,0.95,0.18,1.71,1.28,2.32,-12.79,-3.76,-33.51,1
O,2022-11-13 11:54:00.345332,-0.03,0.95,0.18,1.89,1.16,2.44,-12.70,-3.28,-34.47,1
O,2022-11-13 11:54:00.345495,-0.03,0.95,0.18,1.71,1.34,2.38,-12.70,-3.28,-34.47,1
O,2022-11-13 11:54:00.345657,-0.03,0.95,0.18,1.53,1.22,2.50,-12.70,-3.28,-34.47,1
O,2022-11-13 11:54:00.345809,-0.03,0.95,0.19,1.89,1.16,2.32,-12.70,-3.72,-34.07,1
O,2022-11-13 11:54:00.345968,-0.03,0.95,0.18,1.65,1.22,2.32,-12.70,-3.72,-34.07,1
O,2022-11-13 11:54:00.346120,-0.03,0.95,0.19,1.71,1.22,2.50,-12.70,-3.72,-34.07,1
O,2022-11-13 11:54:00.346272,-0.03,0.95,0.18,1.77,1.53,2.44,-12.32,-3.55,-33.59,1
O,2022-11-13 11:54:00.346431,-0.03,0.95,0.18,1.59,1.34,2.44,-12.32,-3.55,-33.59,1
O,2022-11-13 11:54:00.346586,-0.03,0.95,0.18,1.65,1.34,2.26,-13.17,-3.94,-33.30,1
O,2022-11-13 11:54:00.346744,-0.03,0.95,0.18,1.59,1.34,2.38,-13.17,-3.94,-33.30,1
O,2022-11-13 11:54:00.346894,-0.03,0.95,0.18,1.65,1.28,2.56,-13.17,-3.94,-33.30,1
O,2022-11-13 11:54:00.347045,-0.03,0.95,0.18,1.77,1.16,2.32,-12.77,-3.63,-35.77,1
O,2022-11-13 11:54:00.347198,-0.03,0.95,0.18,1.83,1.28,2.44,-12.77,-3.63,-35.77,1
O,2022-11-13 11:54:00.347357,-0.03,0.95,0.18,1.77,1.40,2.38,-12.77,-3.63,-35.77,1
O,2022-11-13 11:54:00.347520,-0.03,0.95,0.18,1.77,1.34,2.38,-12.19,-3.74,-34.34,1
O,2022-11-13 11:54:00.347670,-0.03,0.95,0.18,1.77,1.22,2.50,-12.19,-3.74,-34.34,1
O,2022-11-13 11:54:00.347829,-0.03,0.95,0.18,1.83,1.28,2.50,-12.19,-3.74,-34.34,1
O,2022-11-13 11:54:00.347980,-0.03,0.95,0.19,1.59,1.22,2.38,-12.90,-3.41,-33.78,1
O,2022-11-13 11:54:00.348133,-0.03,0.95,0.18,1.65,1.46,2.56,-12.90,-3.41,-33.78,1
O,2022-11-13 11:54:00.348294,-0.03,0.95,0.18,1.71,1.22,2.38,-12.35,-3.45,-34.22,1
O,2022-11-13 11:54:00.348446,-0.03,0.95,0.18,1.77,1.34,2.38,-12.35,-3.45,-34.22,1
O,2022-11-13 11:54:00.348606,-0.03,0.95,0.18,1.65,1.22,2.38,-12.35,-3.45,-34.22,1
O,2022-11-13 11:54:00.348757,-0.03,0.95,0.18,1.89,1.28,2.50,-12.83,-3.65,-33.83,1
O,2022-11-13 11:54:00.348907,-0.03,0.95,0.18,1.65,1.28,2.44,-12.83,-3.65,-33.83,1
O,2022-11-13 11:54:00.349071,-0.03,0.95,0.19,1.71,1.28,2.38,-12.83,-3.65,-33.83,1
O,2022-11-13 11:54:00.349241,-0.03,0.95,0.18,1.65,1.22,2.38,-12.88,-3.65,-34.25,1
O,2022-11-13 11:54:00.349402,-0.03,0.95,0.18,1.95,1.28,2.44,-12.88,-3.65,-34.25,1
O,2022-11-13 11:54:00.349553,-0.03,0.95,0.18,1.59,1.16,2.44,-12.88,-3.65,-34.25,1
O,2022-11-13 11:54:00.349724,-0.03,0.95,0.18,1.59,1.34,2.38,-12.59,-3.77,-34.51,1
O,2022-11-13 11:54:00.349891,-0.03,0.95,0.18,1.83,1.22,2.38,-12.59,-3.77,-34.51,1
O,2022-11-13 11:54:00.350061,-0.03,0.95,0.18,1.71,1.10,2.50,-12.40,-3.78,-33.73,1
O,2022-11-13 11:54:00.350218,-0.03,0.95,0.18,1.83,1.28,2.32,-12.40,-3.78,-33.73,1
O,2022-11-13 11:54:00.350369,-0.03,0.95,0.18,1.83,1.10,2.38,-12.40,-3.78,-33.73,1
O,2022-11-13 11:54:00.350531,-0.03,0.95,0.18,1.65,1.22,2.26,-12.55,-3.85,-35.39,1
O,2022-11-13 11:54:00.350690,-0.03,0.95,0.18,1.77,1.16,2.44,-12.55,-3.85,-35.39,1
O,2022-11-13 11:54:00.350843,-0.03,0.95,0.18,1.83,1.28,2.56,-12.55,-3.85,-35.39,1
O,2022-11-13 11:54:00.351005,-0.03,0.95,0.19,1.40,1.34,2.20,-12.41,-3.50,-35.13,1
O,2022-11-13 11:54:00.351158,-0.03,0.95,0.18,1.65,1.28,2.44,-12.41,-3.50,-35.13,1
O,2022-11-13 11:54:00.351315,-0.03,0.95,0.18,1.65,1.28,2.62,-12.41,-3.50,-35.13,1
O,2022-11-13 11:54:00.351484,-0.03,0.95,0.19,1.71,1.16,2.32,-12.37,-4.09,-34.17,1
O,2022-11-13 11:54:00.351639,-0.03,0.95,0.18,1.71,1.22,2.50,-12.37,-4.09,-34.17,1
O,2022-11-13 11:54:00.351797,-0.03,0.95,0.18,1.83,1.40,2.69,-12.59,-3.65,-33.69,1
O,2022-11-13 11:54:00.351955,-0.03,0.95,0.18,1.77,1.46,2.44,-12.59,-3.65,-33.69,1
O,2022-11-13 11:54:00.352115,-0.03,0.95,0.19,1.83,1.22,2.38,-12.59,-3.65,-33.69,1
O,2022-11-13 11:54:00.352268,-0.03,0.95,0.18,1.77,1.34,2.50,-12.79,-3.80,-33.91,1
O,2022-11-13 11:54:00.352420,-0.03,0.95,0.19,1.65,1.22,2.26,-12.79,-3.80,-33.91,1
O,2022-11-13 11:54:00.352579,-0.03,0.95,0.18,1.89,1.28,2.69,-12.79,-3.80,-33.91,1
O,2022-11-13 11:54:00.352728,-0.03,0.95,0.19,1.83,0.92,2.38,-12.33,-4.05,-33.90,1
O,2022-11-13 11:54:00.352892,-0.03,0.95,0.18,1.83,1.34,2.44,-12.33,-4.05,-33.90,1
O,2022-11-13 11:54:00.353043,-0.03,0.95,0.18,1.77,1.28,2.44,-12.33,-4.05,-33.90,1
O,2022-11-13 11:54:00.353195,-0.03,0.95,0.18,1.59,1.22,2.32,-12.35,-3.11,-33.72,1
O,2022-11-13 11:54:00.353357,-0.03,0.95,0.19,1.83,1.22,2.50,-12.35,-3.11,-33.72,1
O,2022-11-13 11:54:00.353508,-0.03,0.95,0.18,1.89,1.16,2.62,-13.05,-3.65,-33.91,1
O,2022-11-13 11:54:00.353676,-0.03,0.95,0.18,1.77,1.10,2.50,-13.05,-3.65,-33.91,1
O,2022-11-13 11:54:00.353827,-0.03,0.95,0.18,1.83,1.34,2.38,-13.05,-3.65,-33.91,1
O,2022-11-13 11:54:00.353980,-0.03,0.95,0.19,1.77,1.40,2.50,-12.62,-3.25,-34.85,1
O,2022-11-13 11:54:00.354143,-0.03,0.95,0.18,1.77,1.22,2.44,-12.62,-3.25,-34.85,1
O,2022-11-13 11:54:00.354292,-0.03,0.95,0.18,1.89,1.10,2.56,-12.62,-3.25,-34.85,1
O,2022-11-13 11:54:00.354451,-0.03,0.95,0.18,1.77,1.16,2.44,-13.02,-3.05,-33.67,1
O,2022-11-13 11:54:00.354606,-0.03,0.95,0.18,1.71,1.53,2.44,-13.02,-3.05,-33.67,1
O,2022-11-13 11:54:00.354763,-0.03,0.95,0.18,1.71,1.40,2.44,-13.02,-3.05,-33.67,1
O,2022-11-13 11:54:00.354922,-0.03,0.95,0.19,1.65,1.28,2.38,-12.56,-3.25,-33.67,1
O,2022-11-13 11:54:00.355075,-0.03,0.95,0.19,1.83,1.34,2.56,-12.56,-3.25,-33.67,1
O,2022-11-13 11:54:00.355235,-0.03,0.95,0.18,1.89,1.16,2.44,-12.34,-3.28,-33.97,1
O,2022-11-13 11:54:00.355389,-0.03,0.95,0.18,1.65,1.34,2.32,-12.34,-3.28,-33.97,1
O,2022-11-13 11:54:00.355546,-0.03,0.95,0.18,1.77,1.34,2.62,-12.34,-3.28,-33.97,1
O,2022-11-13 11:54:00.355701,-0.03,0.95,0.19,1.83,1.34,2.50,-12.72,-3.59,-35.12,1
O,2022-11-13 11:54:00.355852,-0.03,0.95,0.18,1.83,1.22,2.56,-12.72,-3.59,-35.12,1
O,2022-11-13 11:54:00.356015,-0.03,0.95,0.18,1.65,1.16,2.50,-12.72,-3.59,-35.12,1
O,2022-11-13 11:54:00.356167,-0.03,0.95,0.19,1.71,1.34,2.44,-12.77,-3.43,-33.86,1
O,2022-11-13 11:54:00.356325,-0.03,0.95,0.18,1.83,1.22,2.56,-12.77,-3.43,-33.86,1
O,2022-11-13 11:54:00.356478,-0.03,0.95,0.18,1.59,1.34,2.44,-12.77,-3.43,-33.86,1
O,2022-11-13 11:54:00.356631,-0.03,0.95,0.18,1.59,1.40,2.44,-13.07,-4.17,-34.14,1
O,2022-11-13 11:54:00.356791,-0.03,0.95,0.18,1.83,1.22,2.44,-13.07,-4.17,-34.14,1
O,2022-11-13 11:54:00.356942,-0.03,0.95,0.19,1.77,1.10,2.38,-12.28,-3.88,-34.50,1
O,2022-11-13 11:54:00.357106,-0.03,0.95,0.18,1.77,1.28,2.44,-12.28,-3.88,-34.50,1
O,2022-11-13 11:54:00.357257,-0.03,0.95,0.19,1.71,1.34,2.50,-12.28,-3.88,-34.50,1
O,2022-11-13 11:54:00.357415,-0.03,0.95,0.18,1.59,1.28,2.50,-12.27,-3.75,-34.02,1
O,2022-11-13 11:54:00.357575,-0.03,0.95,0.18,1.65,1.46,2.62,-12.27,-3.75,-34.02,1
O,2022-11-13 11:54:00.357725,-0.03,0.95,0.18,1.59,1.46,2.44,-12.27,-3.75,-34.02,1
O,2022-11-13 11:54:00.357885,-0.03,0.95,0.18,1.95,1.34,2.62,-11.85,-3.55,-34.20,1
O,2022-11-13 11:54:00.358037,-0.03,0.95,0.19,1.53,1.53,2.44,-11.85,-3.55,-34.20,1
O,2022-11-13 11:54:00.358193,-0.03,0.95,0.18,1.83,1.16,2.38,-11.85,-3.55,-34.20,1
O,2022-11-13 11:54:00.358367,-0.03,0.95,0.18,1.53,1.22,2.38,-12.61,-3.75,-33.50,1
O,2022-11-13 11:54:00.358539,-0.03,0.95,0.18,1.89,1.34,2.50,-12.61,-3.75,-33.50,1
O,2022-11-13 11:54:00.358740,-0.03,0.95,0.18,1.89,1.22,2.56,-12.33,-3.58,-33.59,1
O,2022-11-13 11:54:00.358915,-0.03,0.95,0.18,1.59,1.22,2.32,-12.33,-3.58,-33.59,1
O,2022-11-13 11:54:00.359093,-0.03,0.95,0.19,1.65,1.34,2.44,-12.33,-3.58,-33.59,1
O,2022-11-13 11:54:00.359269,-0.03,0.95,0.18,1.83,1.40,2.50,-12.41,-3.74,-33.94,1
O,2022-11-13 11:54:00.359455,-0.03,0.95,0.19,1.53,1.53,2.44,-12.41,-3.74,-33.94,1
O,2022-11-13 11:54:00.359628,-0.03,0.95,0.18,1.71,1.28,2.44,-12.41,-3.74,-33.94,1
O,2022-11-13 11:54:00.359806,-0.03,0.95,0.18,1.77,1.16,2.38,-12.84,-3.71,-34.29,1
O,2022-11-13 11:54:00.359971,-0.03,0.95,0.18,1.71,1.34,2.62,-12.84,-3.71,-34.29,1
O,2022-11-13 11:54:00.360133,-0.03,0.95,0.18,1.71,1.28,2.44,-12.84,-3.71,-34.29,1
O,2022-11-13 11:54:00.360310,-0.03,0.95,0.18,1.65,1.34,2.32,-12.78,-3.50,-34.14,1
O,2022-11-13 11:54:00.360473,-0.03,0.95,0.18,1.83,1.28,2.44,-12.78,-3.50,-34.14,1
O,2022-11-13 11:54:00.360647,-0.03,0.95,0.18,1.77,1.10,2.56,-12.72,-3.55,-33.35,1
O,2022-11-13 11:54:00.360855,-0.03,0.95,0.19,1.59,1.34,2.44,-12.72,-3.55,-33.35,1
O,2022-11-13 11:54:00.361022,-0.03,0.95,0.18,1.83,1.34,2.44,-12.72,-3.55,-33.35,1
O,2022-11-13 11:54:00.361175,-0.03,0.95,0.18,1.83,1.34,2.44,-12.27,-3.14,-33.94,1
O,2022-11-13 11:54:00.361350,-0.03,0.95,0.18,1.83,1.28,2.32,-12.27,-3.14,-33.94,1
O,2022-11-13 11:54:00.361521,-0.03,0.95,0.18,1.71,1.10,2.44,-12.27,-3.14,-33.94,1
O,2022-11-13 11:54:00.361685,-0.03,0.95,0.19,1.65,1.28,2.38,-12.96,-3.83,-34.30,1
O,2022-11-13 11:54:00.361863,-0.03,0.95,0.19,1.71,1.16,2.32,-12.96,-3.83,-34.30,1
O,2022-11-13 11:54:00.362036,-0.03,0.95,0.18,1.65,1.34,2.50,-12.96,-3.83,-34.30,1
O,2022-11-13 11:54:00.362202,-0.03,0.95,0.18,1.53,1.22,2.20,-12.19,-3.38,-34.18,1
O,2022-11-13 11:54:00.362355,-0.03,0.95,0.18,1.65,1.10,2.44,-12.19,-3.38,-34.18,1
O,2022-11-13 11:54:00.362516,-0.03,0.95,0.18,1.77,1.34,2.56,-12.34,-3.22,-34.27,1
O,2022-11-13 11:54:00.362694,-0.03,0.95,0.18,1.65,1.28,2.38,-12.34,-3.22,-34.27,1
O,2022-11-13 11:54:00.362862,-0.03,0.95,0.18,1.71,1.34,2.26,-12.34,-3.22,-34.27,1
O,2022-11-13 11:54:00.363033,-0.03,0.95,0.18,1.65,1.40,2.32,-12.60,-2.98,-34.33,1
O,2022-11-13 11:54:00.363209,-0.03,0.95,0.18,1.65,1.59,2.44,-12.60,-2.98,-34.33,1
O,2022-11-13 11:54:00.363385,-0.03,0.95,0.18,1.65,1.53,2.38,-12.60,-2.98,-34.33,1
O,2022-11-13 11:54:00.363536,-0.03,0.95,0.18,1.65,1.16,2.32,-12.13,-2.86,-33.12,1
O,2022-11-13 11:54:00.363695,-0.03,0.95,0.18,1.77,1.22,2.38,-12.13,-2.86,-33.12,1
O,2022-11-13 11:54:00.363846,-0.03,0.95,0.18,1.77,1.22,2.32,-12.13,-2.86,-33.12,1
O,2022-11-13 11:54:00.364002,-0.03,0.95,0.18,1.77,1.28,2.44,-12.61,-3.52,-32.85,1
O,2022-11-13 11:54:00.364166,-0.03,0.95,0.18,1.83,1.28,2.38,-12.61,-3.52,-32.85,1
O,2022-11-13 11:54:00.364318,-0.03,0.95,0.18,1.89,1.34,2.50,-12.60,-3.34,-33.70,1
O,2022-11-13 11:54:00.364477,-0.03,0.95,0.18,1.71,1.40,2.50,-12.60,-3.34,-33.70,1
O,2022-11-13 11:54:00.364630,-0.03,0.95,0.18,1.71,1.16,2.56,-12.60,-3.34,-33.70,1
O,2022-11-13 11:54:00.364791,-0.03,0.95,0.19,1.77,1.16,2.32,-12.67,-3.52,-34.11,1
O,2022-11-13 11:54:00.364942,-0.03,0.95,0.19,1.65,1.28,2.44,-12.67,-3.52,-34.11,1
O,2022-11-13 11:54:00.365093,-0.03,0.95,0.19,1.89,1.10,2.38,-12.67,-3.52,-34.11,1
O,2022-11-13 11:54:00.365275,-0.03,0.95,0.18,1.53,1.22,2.26,-12.51,-2.97,-34.29,1
O,2022-11-13 11:54:00.365426,-0.03,0.95,0.18,1.65,1.22,2.44,-12.51,-2.97,-34.29,1
O,2022-11-13 11:54:00.365588,-0.03,0.95,0.18,1.65,1.28,2.50,-12.51,-2.97,-34.29,1
O,2022-11-13 11:54:00.365740,-0.03,0.95,0.18,1.65,1.22,2.26,-12.37,-3.04,-34.86,1
O,2022-11-13 11:54:00.365896,-0.03,0.95,0.18,1.71,1.34,2.38,-12.37,-3.04,-34.86,1
O,2022-11-13 11:54:00.366070,-0.03,0.95,0.18,1.77,1.22,2.38,-12.26,-3.50,-33.98,1
O,2022-11-13 11:54:00.366222,-0.03,0.95,0.18,1.46,1.28,2.50,-12.26,-3.50,-33.98,1
O,2022-11-13 11:54:00.366398,-0.03,0.95,0.18,1.65,1.16,2.44,-12.26,-3.50,-33.98,1
O,2022-11-13 11:54:00.366551,-0.03,0.95,0.18,1.77,1.34,2.44,-12.74,-3.10,-33.94,1
O,2022-11-13 11:54:00.366702,-0.03,0.95,0.18,1.59,1.28,2.32,-12.74,-3.10,-33.94,1
O,2022-11-13 11:54:00.366859,-0.03,0.95,0.18,1.65,1.16,2.44,-12.74,-3.10,-33.94,1
O,2022-11-13 11:54:00.367010,-0.03,0.95,0.18,1.65,1.40,2.50,-12.22,-3.25,-34.07,1
O,2022-11-13 11:54:00.367167,-0.03,0.95,0.18,1.59,1.34,2.32,-12.22,-3.25,-34.07,1
O,2022-11-13 11:54:00.367317,-0.03,0.95,0.18,1.77,1.16,2.44,-12.22,-3.25,-34.07,1
O,2022-11-13 11:54:00.367473,-0.03,0.95,0.18,1.83,1.16,2.44,-12.40,-3.38,-34.19,1
O,2022-11-13 11:54:00.367625,-0.03,0.95,0.18,1.53,1.28,2.38,-12.40,-3.38,-34.19,1
O,2022-11-13 11:54:00.367775,-0.03,0.95,0.18,1.77,1.22,2.38,-12.57,-3.17,-33.65,1
O,2022-11-13 11:54:00.367931,-0.03,0.95,0.18,1.53,1.28,2.20,-12.57,-3.17,-33.65,1
O,2022-11-13 11:54:00.368082,-0.03,0.95,0.18,1.89,1.16,2.44,-12.57,-3.17,-33.65,1
O,2022-11-13 11:54:00.368255,-0.03,0.95,0.18,1.83,0.98,2.38,-12.38,-3.33,-34.05,1
O,2022-11-13 11:54:00.368412,-0.03,0.95,0.18,1.83,1.16,2.38,-12.38,-3.33,-34.05,1
O,2022-11-13 11:54:00.368565,-0.03,0.95,0.18,1.71,1.22,2.44,-12.38,-3.33,-34.05,1
O,2022-11-13 11:54:00.368727,-0.03,0.95,0.18,1.77,0.98,2.26,-12.73,-3.38,-33.41,1
O,2022-11-13 11:54:00.368880,-0.03,0.95,0.18,1.83,1.10,2.44,-12.73,-3.38,-33.41,1
O,2022-11-13 11:54:00.369038,-0.03,0.95,0.18,1.53,1.16,2.56,-12.73,-3.38,-33.41,1
O,2022-11-13 11:54:00.369191,-0.03,0.95,0.18,1.65,1.22,2.50,-13.09,-3.50,-32.91,1
O,2022-11-13 11:54:00.369345,-0.03,0.95,0.18,1.53,1.34,2.26,-13.09,-3.50,-32.91,1
O,2022-11-13 11:54:00.369499,-0.03,0.95,0.19,1.77,1.34,2.50,-12.39,-3.37,-34.38,1
O,2022-11-13 11:54:00.369647,-0.03,0.95,0.18,1.59,1.28,2.38,-12.39,-3.37,-34.38,1
O,2022-11-13 11:54:00.369803,-0.03,0.95,0.18,1.71,1.16,2.50,-12.39,-3.37,-34.38,1
O,2022-11-13 11:54:00.369955,-0.03,0.95,0.18,1.65,1.16,2.32,-12.05,-3.05,-33.61,1
O,2022-11-13 11:54:00.370112,-0.03,0.95,0.18,1.95,1.22,2.50,-12.05,-3.05,-33.61,1
O,2022-11-13 11:54:00.370262,-0.03,0.95,0.19,1.65,1.22,2.32,-12.05,-3.05,-33.61,1
O,2022-11-13 11:54:00.370415,-0.03,0.95,0.18,1.71,1.10,2.38,-12.49,-4.11,-33.19,1
O,2022-11-13 11:54:00.370577,-0.03,0.95,0.18,1.71,1.10,2.26,-12.49,-4.11,-33.19,1
O,2022-11-13 11:54:00.370730,-0.00,0.95,0.18,1.89,1.16,2.32,-12.49,-4.11,-33.19,1
O,2022-11-13 11:54:00.370895,-0.03,0.95,0.18,1.65,1.40,2.44,-12.26,-3.64,-33.72,1
O,2022-11-13 11:54:00.371046,-0.03,0.95,0.18,1.71,1.34,2.32,-12.26,-3.64,-33.72,1
O,2022-11-13 11:54:00.371200,-0.03,0.95,0.18,1.65,1.10,2.50,-12.30,-3.41,-33.07,1
O,2022-11-13 11:54:00.371362,-0.03,0.95,0.18,1.46,1.16,2.38,-12.30,-3.41,-33.07,1
O,2022-11-13 11:54:00.371513,-0.03,0.95,0.18,1.65,1.40,2.56,-12.30,-3.41,-33.07,1
O,2022-11-13 11:54:00.371673,-0.03,0.95,0.18,1.53,1.22,2.38,-12.73,-3.41,-34.57,1
O,2022-11-13 11:54:00.371825,-0.03,0.95,0.18,1.65,1.28,2.38,-12.73,-3.41,-34.57,1
O,2022-11-13 11:54:00.371977,-0.03,0.95,0.18,1.71,1.22,2.26,-12.73,-3.41,-34.57,1
O,2022-11-13 11:54:00.372139,-0.03,0.95,0.18,1.89,1.28,2.50,-12.67,-3.23,-34.61,1
O,2022-11-13 11:54:00.372291,-0.03,0.95,0.18,1.77,1.28,2.44,-12.67,-3.23,-34.61,1
O,2022-11-13 11:54:00.372454,-0.03,0.95,0.18,1.71,1.16,2.32,-12.67,-3.23,-34.61,1
O,2022-11-13 11:54:00.372607,-0.03,0.95,0.18,1.59,1.22,2.32,-12.77,-3.49,-34.16,1
O,2022-11-13 11:54:00.372759,-0.03,0.95,0.18,1.83,1.46,2.38,-12.77,-3.49,-34.16,1
O,2022-11-13 11:54:00.372921,-0.03,0.95,0.18,1.65,1.40,2.32,-12.39,-3.78,-33.17,1
O,2022-11-13 11:54:00.373071,-0.03,0.95,0.18,1.83,1.10,2.50,-12.39,-3.78,-33.17,1
O,2022-11-13 11:54:00.373234,-0.03,0.95,0.18,1.71,1.22,2.44,-12.39,-3.78,-33.17,1
O,2022-11-13 11:54:00.373383,-0.03,0.95,0.18,1.71,1.22,2.32,-12.84,-3.02,-34.48,1
O,2022-11-13 11:54:00.373533,-0.03,0.95,0.18,1.65,1.46,2.44,-12.84,-3.02,-34.48,1
O,2022-11-13 11:54:00.373698,-0.03,0.95,0.18,1.77,1.34,2.56,-12.84,-3.02,-34.48,1
O,2022-11-13 11:54:00.373849,-0.03,0.95,0.18,1.53,1.22,2.20,-12.93,-3.61,-33.91,1
O,2022-11-13 11:54:00.374010,-0.03,0.95,0.18,1.65,1.28,2.26,-12.93,-3.61,-33.91,1
O,2022-11-13 11:54:00.374160,-0.03,0.95,0.19,1.53,1.40,2.44,-12.93,-3.61,-33.91,1
O,2022-11-13 11:54:00.374317,-0.03,0.95,0.18,1.40,1.40,2.32,-12.37,-3.02,-32.14,1
O,2022-11-13 11:54:00.374469,-0.03,0.95,0.18,1.71,1.16,2.38,-12.37,-3.02,-32.14,1
O,2022-11-13 11:54:00.374618,-0.03,0.95,0.18,1.71,1.16,2.32,-12.77,-3.11,-33.14,1
O,2022-11-13 11:54:00.374779,-0.03,0.95,0.18,1.53,1.28,2.32,-12.77,-3.11,-33.14,1
O,2022-11-13 11:54:00.374928,-0.03,0.95,0.18,1.71,1.28,2.38,-12.77,-3.11,-33.14,1
O,2022-11-13 11:54:00.375087,-0.03,0.95,0.18,1.65,1.10,2.38,-13.09,-3.23,-33.36,1
O,2022-11-13 11:54:00.375238,-0.03,0.95,0.18,1.83,1.16,2.32,-13.09,-3.23,-33.36,1
O,2022-11-13 11:54:00.375396,-0.03,0.95,0.18,1.77,1.22,2.38,-13.09,-3.23,-33.36,1
O,2022-11-13 11:54:00.375559,-0.03,0.95,0.18,1.59,1.10,2.14,-12.96,-3.27,-33.37,1
O,2022-11-13 11:54:00.375708,-0.03,0.95,0.18,1.77,1.28,2.38,-12.96,-3.27,-33.37,1
O,2022-11-13 11:54:00.375867,-0.03,0.95,0.19,1.59,1.28,2.38,-12.96,-3.27,-33.37,1
O,2022-11-13 11:54:00.376017,-0.03,0.95,0.18,1.65,0.98,2.26,-12.62,-3.55,-34.92,1
O,2022-11-13 11:54:00.376169,-0.03,0.95,0.18,1.77,1.22,2.32,-12.62,-3.55,-34.92,1
O,2022-11-13 11:54:00.376329,-0.03,0.95,0.18,1.59,1.28,2.32,-12.33,-3.09,-32.86,1
O,2022-11-13 11:54:00.376479,-0.03,0.95,0.18,1.65,1.16,2.32,-12.33,-3.09,-32.86,1
O,2022-11-13 11:54:00.376643,-0.03,0.95,0.18,1.65,1.40,2.26,-12.33,-3.09,-32.86,1
O,2022-11-13 11:54:00.376792,-0.03,0.95,0.18,1.59,1.40,2.32,-11.96,-3.41,-34.27,1
O,2022-11-13 11:54:00.376941,-0.03,0.95,0.18,1.77,1.28,2.50,-11.96,-3.41,-34.27,1
O,2022-11-13 11:54:00.377103,-0.03,0.95,0.18,1.77,1.40,2.56,-11.96,-3.41,-34.27,1
O,2022-11-13 11:54:00.377270,-0.03,0.95,0.18,1.59,1.04,2.20,-12.35,-3.56,-33.67,1
O,2022-11-13 11:54:00.377454,-0.03,0.95,0.18,1.71,1.34,2.44,-12.35,-3.56,-33.67,1
O,2022-11-13 11:54:00.377616,-0.03,0.95,0.18,1.53,1.28,2.50,-12.35,-3.56,-33.67,1
O,2022-11-13 11:54:00.377787,-0.03,0.95,0.18,1.59,1.28,2.38,-12.21,-3.63,-33.45,1
O,2022-11-13 11:54:00.377961,-0.03,0.95,0.18,1.83,1.28,2.50,-12.21,-3.63,-33.45,1
O,2022-11-13 11:54:00.378146,-0.03,0.95,0.18,1.77,1.28,2.50,-12.40,-3.54,-33.98,1
O,2022-11-13 11:54:00.378304,-0.03,0.95,0.18,1.53,1.34,2.32,-12.40,-3.54,-33.98,1
O,2022-11-13 11:54:00.378477,-0.03,0.95,0.18,1.83,1.16,2.44,-12.40,-3.54,-33.98,1
O,2022-11-13 11:54:00.378653,-0.03,0.95,0.18,1.77,1.28,2.38,-12.35,-3.58,-33.83,1
O,2022-11-13 11:54:00.378833,-0.03,0.95,0.18,1.77,1.34,2.50,-12.35,-3.58,-33.83,1
O,2022-11-13 11:54:00.378995,-0.03,0.95,0.18,1.65,1.34,2.44,-12.35,-3.58,-33.83,1
O,2022-11-13 11:54:00.379158,-0.03,0.95,0.18,1.53,1.28,2.26,-12.06,-3.37,-33.89,1
O,2022-11-13 11:54:00.379320,-0.03,0.95,0.18,1.65,1.28,2.50,-12.06,-3.37,-33.89,1
O,2022-11-13 11:54:00.379481,-0.03,0.95,0.18,1.83,1.22,2.32,-12.06,-3.37,-33.89,1
O,2022-11-13 11:54:00.379660,-0.03,0.95,0.18,1.83,1.04,2.44,-11.98,-3.25,-33.52,1
O,2022-11-13 11:54:00.379833,-0.03,0.95,0.18,1.65,1.40,2.44,-11.98,-3.25,-33.52,1
O,2022-11-13 11:54:00.380027,-0.03,0.95,0.18,1.53,1.40,2.56,-11.90,-3.32,-33.23,1
O,2022-11-13 11:54:00.380195,-0.03,0.95,0.18,1.65,1.28,2.26,-11.90,-3.32,-33.23,1
O,2022-11-13 11:54:00.380356,-0.03,0.95,0.18,1.65,1.22,2.44,-11.90,-3.32,-33.23,1
O,2022-11-13 11:54:00.380518,-0.03,0.95,0.18,1.59,1.10,2.38,-12.18,-3.33,-32.84,1
O,2022-11-13 11:54:00.380689,-0.03,0.95,0.19,1.71,1.40,2.38,-12.18,-3.33,-32.84,1
O,2022-11-13 11:54:00.380867,-0.03,0.95,0.18,1.65,1.28,2.62,-12.18,-3.33,-32.84,1
O,2022-11-13 11:54:00.381039,-0.03,0.95,0.18,1.65,1.34,2.26,-12.44,-3.34,-34.07,1
O,2022-11-13 11:54:00.381214,-0.03,0.95,0.18,1.71,1.04,2.32,-12.44,-3.34,-34.07,1
O,2022-11-13 11:54:00.381377,-0.03,0.95,0.19,1.89,1.16,2.32,-12.44,-3.34,-34.07,1
O,2022-11-13 11:54:00.381616,-0.03,0.95,0.18,1.53,1.28,2.44,-12.17,-2.93,-33.17,1
O,2022-11-13 11:54:00.381791,-0.03,0.95,0.18,1.83,1.28,2.44,-12.17,-2.93,-33.17,1
O,2022-11-13 11:54:00.381969,-0.03,0.95,0.18,1.83,1.22,2.32,-12.27,-3.20,-33.30,1
O,2022-11-13 11:54:00.382131,-0.03,0.95,0.18,1.65,1.22,2.32,-12.27,-3.20,-33.30,1
O,2022-11-13 11:54:00.382288,-0.03,0.95,0.19,1.77,1.40,2.26,-12.27,-3.20,-33.30,1
O,2022-11-13 11:54:00.382448,-0.03,0.95,0.18,1.59,1.04,2.26,-12.98,-3.14,-33.76,1
O,2022-11-13 11:54:00.382603,-0.03,0.95,0.18,1.95,1.34,2.44,-12.98,-3.14,-33.76,1
O,2022-11-13 11:54:00.382763,-0.03,0.95,0.18,1.89,1.28,2.50,-12.98,-3.14,-33.76,1
O,2022-11-13 11:54:00.382923,-0.03,0.95,0.18,1.46,1.40,2.38,-12.44,-3.23,-32.81,1
O,2022-11-13 11:54:00.383091,-0.03,0.95,0.18,1.83,1.22,2.38,-12.44,-3.23,-32.81,1
O,2022-11-13 11:54:00.383255,-0.03,0.95,0.18,1.59,1.34,2.44,-12.44,-3.23,-32.81,1
O,2022-11-13 11:54:00.383425,-0.03,0.95,0.18,1.40,1.22,2.38,-12.04,-3.34,-32.45,1
O,2022-11-13 11:54:00.383579,-0.03,0.95,0.18,1.59,1.40,2.32,-12.04,-3.34,-32.45,1
O,2022-11-13 11:54:00.383748,-0.03,0.95,0.18,1.71,1.34,2.44,-12.49,-3.63,-32.82,1
O,2022-11-13 11:54:00.383905,-0.03,0.95,0.18,1.71,1.28,2.56,-12.49,-3.63,-32.82,1
O,2022-11-13 11:54:00.384066,-0.03,0.95,0.18,1.89,1.28,2.50,-12.49,-3.63,-32.82,1
O,2022-11-13 11:54:00.384223,-0.03,0.95,0.18,1.83,1.28,2.50,-12.89,-3.08,-33.15,1
O,2022-11-13 11:54:00.384392,-0.03,0.95,0.18,1.71,1.10,2.38,-12.89,-3.08,-33.15,1
O,2022-11-13 11:54:00.384548,-0.03,0.95,0.18,1.65,1.16,2.38,-12.89,-3.08,-33.15,1
O,2022-11-13 11:54:00.384699,-0.03,0.95,0.18,1.77,1.34,2.50,-12.46,-3.20,-33.86,1
O,2022-11-13 11:54:00.384871,-0.03,0.95,0.18,1.89,1.16,2.26,-12.46,-3.20,-33.86,1
O,2022-11-13 11:54:00.385023,-0.03,0.95,0.18,1.53,1.34,2.38,-12.46,-3.20,-33.86,1
O,2022-11-13 11:54:00.385181,-0.03,0.95,0.18,1.59,1.04,2.32,-12.34,-3.30,-34.17,1
O,2022-11-13 11:54:00.385334,-0.03,0.95,0.18,1.71,1.22,2.38,-12.34,-3.30,-34.17,1
O,2022-11-13 11:54:00.385486,-0.03,0.95,0.18,1.71,1.10,2.50,-12.51,-3.47,-33.85,1
O,2022-11-13 11:54:00.385646,-0.03,0.95,0.18,1.53,1.34,2.38,-12.51,-3.47,-33.85,1
O,2022-11-13 11:54:00.385798,-0.03,0.95,0.18,1.77,1.28,2.38,-12.51,-3.47,-33.85,1
O,2022-11-13 11:54:00.385959,-0.03,0.95,0.18,1.89,0.98,2.56,-12.33,-3.61,-34.30,1
O,2022-11-13 11:54:00.386109,-0.03,0.95,0.18,1.65,1.34,2.26,-12.33,-3.61,-34.30,1
O,2022-11-13 11:54:00.386263,-0.03,0.95,0.18,1.65,1.16,2.44,-12.33,-3.61,-34.30,1
O,2022-11-13 11:54:00.386424,-0.03,0.95,0.18,1.59,1.10,2.32,-12.24,-3.08,-33.56,1
O,2022-11-13 11:54:00.386576,-0.03,0.95,0.18,1.65,1.28,2.32,-12.24,-3.08,-33.56,1
O,2022-11-13 11:54:00.386738,-0.03,0.95,0.18,1.53,1.22,2.32,-12.24,-3.08,-33.56,1
O,2022-11-13 11:54:00.386890,-0.03,0.95,0.18,1.71,1.04,2.32,-12.44,-3.45,-32.81,1
O,2022-11-13 11:54:00.387050,-0.03,0.95,0.18,1.65,1.28,2.44,-12.44,-3.45,-32.81,1
O,2022-11-13 11:54:00.387204,-0.03,0.95,0.19,1.77,1.22,2.32,-12.28,-3.55,-32.69,1
O,2022-11-13 11:54:00.387354,-0.03,0.95,0.18,1.71,1.46,2.38,-12.28,-3.55,-32.69,1
O,2022-11-13 11:54:00.387512,-0.03,0.95,0.19,1.65,1.22,2.44,-12.28,-3.55,-32.69,1
O,2022-11-13 11:54:00.387663,-0.03,0.95,0.18,1.65,1.22,2.26,-12.61,-2.87,-33.37,1
O,2022-11-13 11:54:00.387825,-0.03,0.95,0.18,1.71,1.16,2.26,-12.61,-2.87,-33.37,1
O,2022-11-13 11:54:00.387977,-0.03,0.95,0.18,1.95,1.10,2.56,-12.61,-2.87,-33.37,1
O,2022-11-13 11:54:00.388129,-0.03,0.95,0.18,1.59,1.10,2.26,-12.04,-3.49,-32.40,1
O,2022-11-13 11:54:00.388289,-0.03,0.95,0.18,1.77,1.16,2.44,-12.04,-3.49,-32.40,1
O,2022-11-13 11:54:00.388440,-0.03,0.95,0.18,1.77,1.34,2.32,-12.04,-3.49,-32.40,1
O,2022-11-13 11:54:00.388599,-0.03,0.95,0.18,1.77,0.98,2.32,-12.27,-3.34,-33.26,1
O,2022-11-13 11:54:00.388750,-0.03,0.95,0.18,1.95,1.28,2.56,-12.27,-3.34,-33.26,1
O,2022-11-13 11:54:00.388901,-0.03,0.95,0.18,1.71,1.22,2.32,-12.17,-3.26,-32.82,1
O,2022-11-13 11:54:00.389063,-0.03,0.95,0.18,1.65,1.22,2.32,-12.17,-3.26,-32.82,1
O,2022-11-13 11:54:00.389218,-0.03,0.95,0.18,1.71,1.16,2.26,-12.17,-3.26,-32.82,1
O,2022-11-13 11:54:00.389383,-0.03,0.95,0.18,1.83,1.10,2.32,-12.40,-3.58,-33.80,1
O,2022-11-13 11:54:00.389535,-0.03,0.95,0.18,1.77,1.28,2.38,-12.40,-3.58,-33.80,1
O,2022-11-13 11:54:00.389686,-0.03,0.95,0.18,1.77,1.28,2.50,-12.40,-3.58,-33.80,1
O,2022-11-13 11:54:00.389844,-0.03,0.95,0.18,1.71,1.22,2.20,-12.50,-3.52,-32.98,1
O,2022-11-13 11:54:00.389995,-0.03,0.95,0.18,1.89,1.34,2.44,-12.50,-3.52,-32.98,1
O,2022-11-13 11:54:00.390154,-0.03,0.95,0.18,1.71,1.34,2.26,-12.50,-3.52,-32.98,1
O,2022-11-13 11:54:00.390305,-0.03,0.95,0.18,1.65,1.28,2.38,-12.66,-3.15,-33.07,1
O,2022-11-13 11:54:00.390455,-0.03,0.95,0.19,1.95,1.22,2.38,-12.66,-3.15,-33.07,1
O,2022-11-13 11:54:00.390620,-0.03,0.95,0.19,1.83,1.16,2.56,-11.96,-3.16,-34.13,1
O,2022-11-13 11:54:00.390771,-0.03,0.95,0.18,1.77,1.40,2.44,-11.96,-3.16,-34.13,1
O,2022-11-13 11:54:00.390932,-0.03,0.95,0.18,1.46,1.28,2.38,-11.96,-3.16,-34.13,1
O,2022-11-13 11:54:00.391083,-0.03,0.95,0.18,1.89,1.16,2.38,-12.32,-3.20,-33.59,1
O,2022-11-13 11:54:00.391241,-0.03,0.95,0.18,1.95,1.40,2.44,-12.32,-3.20,-33.59,1
O,2022-11-13 11:54:00.391395,-0.03,0.95,0.19,1.83,1.22,2.69,-12.32,-3.20,-33.59,1
O,2022-11-13 11:54:00.391549,-0.03,0.95,0.18,1.71,1.16,2.38,-12.01,-3.55,-34.38,1
O,2022-11-13 11:54:00.391718,-0.03,0.95,0.18,1.95,1.34,2.38,-12.01,-3.55,-34.38,1
O,2022-11-13 11:54:00.391870,-0.03,0.95,0.19,1.89,1.22,2.44,-12.01,-3.55,-34.38,1
O,2022-11-13 11:54:00.392030,-0.03,0.95,0.18,1.53,1.22,2.38,-12.51,-3.47,-33.65,1
O,2022-11-13 11:54:00.392190,-0.03,0.95,0.18,1.71,1.22,2.56,-12.51,-3.47,-33.65,1
O,2022-11-13 11:54:00.392341,-0.03,0.95,0.18,1.77,1.28,2.56,-12.18,-3.00,-33.06,1
O,2022-11-13 11:54:00.392501,-0.03,0.95,0.18,1.71,1.34,2.20,-12.18,-3.00,-33.06,1
O,2022-11-13 11:54:00.392653,-0.03,0.95,0.18,1.77,1.16,2.38,-12.18,-3.00,-33.06,1
O,2022-11-13 11:54:00.392821,-0.03,0.95,0.18,1.71,1.22,2.20,-12.32,-2.76,-33.39,1
O,2022-11-13 11:54:00.392972,-0.03,0.95,0.18,1.83,1.04,2.56,-12.32,-2.76,-33.39,1
O,2022-11-13 11:54:00.393125,-0.03,0.95,0.19,1.77,1.34,2.50,-12.32,-2.76,-33.39,1
O,2022-11-13 11:54:00.393293,-0.03,0.95,0.18,1.59,1.16,2.44,-12.62,-3.21,-34.96,1
O,2022-11-13 11:54:00.393452,-0.03,0.95,0.18,1.77,1.04,2.38,-12.62,-3.21,-34.96,1
O,2022-11-13 11:54:00.393617,-0.03,0.95,0.18,1.59,1.40,2.38,-12.62,-3.21,-34.96,1
O,2022-11-13 11:54:00.393769,-0.03,0.95,0.18,1.95,1.16,2.50,-12.24,-3.52,-33.65,1
O,2022-11-13 11:54:00.393921,-0.03,0.95,0.18,1.83,1.53,2.50,-12.24,-3.52,-33.65,1
O,2022-11-13 11:54:00.394084,-0.03,0.95,0.18,1.59,1.34,2.50,-12.41,-3.25,-34.38,1
O,2022-11-13 11:54:00.394236,-0.03,0.95,0.18,1.65,1.16,2.62,-12.41,-3.25,-34.38,1
O,2022-11-13 11:54:00.394397,-0.03,0.95,0.18,1.83,1.40,2.50,-12.41,-3.25,-34.38,1
O,2022-11-13 11:54:00.394548,-0.03,0.95,0.18,1.77,1.22,2.38,-12.30,-3.42,-35.35,1
O,2022-11-13 11:54:00.394698,-0.03,0.95,0.18,1.83,1.28,2.50,-12.30,-3.42,-35.35,1
O,2022-11-13 11:54:00.394858,-0.03,0.95,0.18,1.77,1.22,2.32,-12.30,-3.42,-35.35,1
O,2022-11-13 11:54:00.395009,-0.03,0.95,0.18,1.71,1.22,2.50,-12.57,-3.45,-33.57,1
O,2022-11-13 11:54:00.395172,-0.03,0.95,0.18,1.65,1.34,2.56,-12.57,-3.45,-33.57,1
O,2022-11-13 11:54:00.395328,-0.03,0.95,0.18,1.65,1.28,2.38,-12.57,-3.45,-33.57,1
O,2022-11-13 11:54:00.395488,-0.03,0.95,0.18,1.59,1.34,2.32,-12.18,-2.86,-33.83,1
O,2022-11-13 11:54:00.395659,-0.03,0.95,0.18,1.59,1.34,2.44,-12.18,-2.86,-33.83,1
O,2022-11-13 11:54:00.395836,-0.03,0.95,0.18,1.59,1.34,2.32,-12.07,-3.33,-34.28,1
O,2022-11-13 11:54:00.396008,-0.03,0.95,0.18,1.65,1.34,2.50,-12.07,-3.33,-34.28,1
O,2022-11-13 11:54:00.396161,-0.03,0.95,0.18,1.77,1.22,2.44,-12.07,-3.33,-34.28,1
O,2022-11-13 11:54:00.396333,-0.03,0.95,0.18,1.71,1.40,2.56,-11.89,-3.56,-34.64,1
O,2022-11-13 11:54:00.396512,-0.03,0.95,0.18,1.77,1.22,2.56,-11.89,-3.56,-34.64,1
O,2022-11-13 11:54:00.396706,-0.03,0.95,0.18,1.71,1.40,2.56,-11.89,-3.56,-34.64,1
O,2022-11-13 11:54:00.396890,-0.03,0.95,0.18,1.83,1.16,2.32,-11.72,-3.43,-33.09,1
O,2022-11-13 11:54:00.397064,-0.03,0.95,0.18,1.77,1.34,2.50,-11.72,-3.43,-33.09,1
O,2022-11-13 11:54:00.397238,-0.03,0.95,0.18,1.83,1.40,2.38,-11.72,-3.43,-33.09,1
O,2022-11-13 11:54:00.397402,-0.03,0.95,0.18,1.83,1.10,2.38,-12.26,-4.10,-34.34,1
O,2022-11-13 11:54:00.397573,-0.03,0.95,0.18,1.71,1.28,2.26,-12.26,-4.10,-34.34,1
O,2022-11-13 11:54:00.397734,-0.03,0.95,0.18,1.71,1.28,2.62,-12.26,-3.70,-34.70,1
O,2022-11-13 11:54:00.397907,-0.03,0.95,0.18,2.08,1.22,2.26,-12.26,-3.70,-34.70,1
O,2022-11-13 11:54:00.398064,-0.03,0.95,0.18,1.71,1.22,2.44,-12.26,-3.70,-34.70,1
O,2022-11-13 11:54:00.398236,-0.03,0.95,0.18,1.65,1.28,2.50,-12.27,-3.49,-34.84,1
O,2022-11-13 11:54:00.398455,-0.03,0.95,0.18,1.77,1.34,2.32,-12.27,-3.49,-34.84,1
O,2022-11-13 11:54:00.398627,-0.03,0.95,0.18,1.71,1.28,2.44,-12.27,-3.49,-34.84,1
O,2022-11-13 11:54:00.398807,-0.03,0.95,0.18,1.53,1.16,2.14,-12.22,-3.43,-33.58,1
O,2022-11-13 11:54:00.399010,-0.03,0.95,0.18,1.71,1.22,2.38,-12.22,-3.43,-33.58,1
O,2022-11-13 11:54:00.399179,-0.03,0.95,0.18,1.83,1.28,2.32,-12.22,-3.43,-33.58,1
O,2022-11-13 11:54:00.399343,-0.03,0.95,0.18,1.53,1.22,2.44,-12.19,-3.80,-32.84,1
O,2022-11-13 11:54:00.399506,-0.03,0.95,0.18,1.65,1.22,2.50,-12.19,-3.80,-32.84,1
O,2022-11-13 11:54:00.399677,-0.03,0.95,0.18,1.65,1.46,2.56,-11.76,-3.89,-34.23,1
O,2022-11-13 11:54:00.399838,-0.03,0.95,0.18,1.83,1.22,2.38,-11.76,-3.89,-34.23,1
O,2022-11-13 11:54:00.399996,-0.03,0.95,0.18,1.65,1.28,2.44,-11.76,-3.89,-34.23,1
O,2022-11-13 11:54:00.400153,-0.03,0.95,0.19,1.46,1.28,2.44,-11.65,-3.65,-34.25,1
O,2022-11-13 11:54:00.400306,-0.03,0.95,0.18,1.71,1.34,2.50,-11.65,-3.65,-34.25,1
O,2022-11-13 11:54:00.400463,-0.03,0.95,0.18,1.83,1.28,2.56,-11.65,-3.65,-34.25,1
O,2022-11-13 11:54:00.400614,-0.03,0.95,0.18,1.65,1.28,2.20,-12.26,-3.80,-33.40,1
O,2022-11-13 11:54:00.400764,-0.03,0.95,0.18,1.59,1.40,2.56,-12.26,-3.80,-33.40,1
O,2022-11-13 11:54:00.400921,-0.03,0.95,0.18,1.83,1.28,2.44,-12.26,-3.80,-33.40,1
O,2022-11-13 11:54:00.401074,-0.03,0.95,0.18,1.65,1.16,2.38,-13.01,-3.76,-33.46,1
O,2022-11-13 11:54:00.401233,-0.03,0.95,0.18,1.77,1.40,2.56,-13.01,-3.76,-33.46,1
O,2022-11-13 11:54:00.401385,-0.03,0.95,0.18,1.71,1.28,2.38,-11.98,-3.59,-32.80,1
O,2022-11-13 11:54:00.401544,-0.03,0.95,0.18,1.77,1.40,2.20,-11.98,-3.59,-32.80,1
O,2022-11-13 11:54:00.401701,-0.03,0.95,0.18,1.40,1.40,2.38,-11.98,-3.59,-32.80,1
O,2022-11-13 11:54:00.401855,-0.03,0.95,0.18,1.77,1.34,2.26,-12.05,-3.37,-33.78,1
O,2022-11-13 11:54:00.402014,-0.03,0.95,0.18,1.71,1.22,2.50,-12.05,-3.37,-33.78,1
O,2022-11-13 11:54:00.402169,-0.03,0.95,0.18,1.59,1.28,2.38,-12.05,-3.37,-33.78,1
O,2022-11-13 11:54:00.402324,-0.03,0.95,0.18,1.65,1.22,2.26,-12.40,-3.47,-33.37,1
O,2022-11-13 11:54:00.402481,-0.03,0.95,0.18,1.83,1.22,2.56,-12.40,-3.47,-33.37,1
O,2022-11-13 11:54:00.402645,-0.03,0.95,0.18,1.83,1.34,2.44,-12.40,-3.47,-33.37,1
O,2022-11-13 11:54:00.402807,-0.03,0.95,0.18,1.71,1.22,2.50,-12.22,-3.89,-32.89,1
O,2022-11-13 11:54:00.402958,-0.03,0.95,0.18,1.77,1.34,2.38,-12.22,-3.89,-32.89,1
O,2022-11-13 11:54:00.403125,-0.03,0.95,0.18,1.71,1.34,2.44,-12.06,-3.55,-34.17,1
O,2022-11-13 11:54:00.403275,-0.03,0.95,0.18,1.71,1.16,2.32,-12.06,-3.55,-34.17,1
O,2022-11-13 11:54:00.403430,-0.03,0.95,0.18,1.89,1.34,2.44,-12.06,-3.55,-34.17,1
O,2022-11-13 11:54:00.403590,-0.03,0.95,0.18,1.71,1.28,2.38,-12.39,-3.65,-33.91,1
O,2022-11-13 11:54:00.403742,-0.03,0.95,0.18,1.83,1.34,2.44,-12.39,-3.65,-33.91,1
O,2022-11-13 11:54:00.403903,-0.03,0.95,0.18,1.53,1.22,2.32,-12.39,-3.65,-33.91,1
O,2022-11-13 11:54:00.404058,-0.03,0.95,0.18,1.71,1.34,2.32,-12.60,-3.66,-34.05,1
O,2022-11-13 11:54:00.404207,-0.03,0.95,0.18,1.53,1.40,2.44,-12.60,-3.66,-34.05,1
O,2022-11-13 11:54:00.404366,-0.03,0.95,0.18,1.89,1.28,2.44,-12.60,-3.66,-34.05,1
O,2022-11-13 11:54:00.404516,-0.03,0.95,0.18,1.59,1.22,2.26,-12.12,-3.70,-34.01,1
O,2022-11-13 11:54:00.404677,-0.03,0.95,0.18,1.71,1.22,2.32,-12.12,-3.70,-34.01,1
O,2022-11-13 11:54:00.404828,-0.03,0.95,0.19,1.59,1.22,2.50,-12.51,-3.81,-33.90,1
O,2022-11-13 11:54:00.404979,-0.03,0.95,0.18,1.53,1.28,2.44,-12.51,-3.81,-33.90,1
O,2022-11-13 11:54:00.405143,-0.03,0.95,0.18,1.59,1.28,2.50,-12.51,-3.81,-33.90,1
O,2022-11-13 11:54:00.405294,-0.03,0.95,0.18,1.83,1.16,2.44,-12.19,-3.72,-34.22,1
O,2022-11-13 11:54:00.405452,-0.03,0.95,0.19,2.01,1.34,2.44,-12.19,-3.72,-34.22,1
O,2022-11-13 11:54:00.405603,-0.03,0.95,0.19,1.77,1.34,2.44,-12.19,-3.72,-34.22,1
O,2022-11-13 11:54:00.405752,-0.03,0.95,0.18,1.22,1.34,2.62,-12.00,-4.19,-33.35,1
O,2022-11-13 11:54:00.405912,-0.03,0.95,0.18,2.01,1.34,2.44,-12.00,-4.19,-33.35,1
O,2022-11-13 11:54:00.406067,-0.03,0.95,0.18,1.77,1.10,2.38,-12.00,-4.19,-33.35,1
O,2022-11-13 11:54:00.406227,-0.03,0.95,0.18,1.77,1.16,2.32,-11.94,-3.81,-32.98,1
O,2022-11-13 11:54:00.406379,-0.03,0.95,0.18,1.40,1.34,2.26,-11.94,-3.81,-32.98,1
O,2022-11-13 11:54:00.406534,-0.03,0.95,0.18,1.71,1.22,2.26,-12.07,-3.85,-33.86,1
O,2022-11-13 11:54:00.406689,-0.03,0.95,0.19,1.89,1.22,2.50,-12.07,-3.85,-33.86,1
O,2022-11-13 11:54:00.406839,-0.03,0.95,0.18,1.89,1.22,2.44,-12.07,-3.85,-33.86,1
O,2022-11-13 11:54:00.407000,-0.03,0.95,0.19,1.95,1.22,2.32,-12.48,-3.96,-34.25,1
O,2022-11-13 11:54:00.407150,-0.03,0.95,0.18,1.65,1.34,2.38,-12.48,-3.96,-34.25,1
O,2022-11-13 11:54:00.407310,-0.03,0.95,0.18,1.77,1.34,2.44,-12.48,-3.96,-34.25,1
O,2022-11-13 11:54:00.407460,-0.03,0.95,0.18,1.89,1.28,2.32,-12.82,-3.78,-34.20,1
O,2022-11-13 11:54:00.407614,-0.03,0.95,0.18,1.83,1.22,2.38,-12.82,-3.78,-34.20,1
O,2022-11-13 11:54:00.407772,-0.03,0.95,0.18,1.40,1.34,2.38,-12.82,-3.78,-34.20,1
O,2022-11-13 11:54:00.407924,-0.03,0.95,0.18,1.46,1.16,2.26,-12.85,-3.53,-33.61,1
O,2022-11-13 11:54:00.408082,-0.03,0.95,0.19,1.89,1.28,2.20,-12.85,-3.53,-33.61,1
O,2022-11-13 11:54:00.408232,-0.03,0.95,0.18,1.59,1.16,2.44,-12.55,-3.92,-34.59,1
O,2022-11-13 11:54:00.408382,-0.03,0.95,0.18,1.71,1.28,2.38,-12.55,-3.92,-34.59,1
O,2022-11-13 11:54:00.408541,-0.03,0.95,0.18,1.71,1.10,2.38,-12.55,-3.92,-34.59,1
O,2022-11-13 11:54:00.408691,-0.03,0.95,0.18,1.83,1.22,2.32,-12.59,-3.71,-34.61,1
O,2022-11-13 11:54:00.408858,-0.03,0.95,0.19,1.95,1.22,2.50,-12.59,-3.71,-34.61,1
O,2022-11-13 11:54:00.409010,-0.03,0.95,0.18,1.77,1.16,2.38,-12.59,-3.71,-34.61,1
O,2022-11-13 11:54:00.409159,-0.03,0.95,0.18,1.59,1.10,2.26,-12.33,-3.80,-34.00,1
O,2022-11-13 11:54:00.409314,-0.03,0.95,0.18,1.65,1.40,2.44,-12.33,-3.80,-34.00,1
O,2022-11-13 11:54:00.409464,-0.03,0.95,0.18,1.77,1.40,2.44,-12.33,-3.80,-34.00,1
O,2022-11-13 11:54:00.409627,-0.03,0.95,0.18,1.53,1.04,2.32,-12.19,-3.15,-33.74,1
O,2022-11-13 11:54:00.409779,-0.03,0.95,0.18,1.59,1.22,2.38,-12.19,-3.15,-33.74,1
O,2022-11-13 11:54:00.409929,-0.03,0.95,0.18,1.65,1.04,2.38,-12.74,-3.86,-34.40,1
O,2022-11-13 11:54:00.410094,-0.03,0.95,0.18,1.89,1.16,2.44,-12.74,-3.86,-34.40,1
O,2022-11-13 11:54:00.410245,-0.03,0.95,0.18,1.65,1.28,2.44,-12.74,-3.86,-34.40,1
O,2022-11-13 11:54:00.410405,-0.03,0.95,0.18,1.59,1.16,2.26,-12.24,-3.78,-33.11,1
O,2022-11-13 11:54:00.410554,-0.03,0.95,0.18,1.77,1.04,2.44,-12.24,-3.78,-33.11,1
O,2022-11-13 11:54:00.410715,-0.03,0.95,0.18,1.77,1.34,2.62,-12.24,-3.78,-33.11,1
O,2022-11-13 11:54:00.410866,-0.03,0.95,0.19,1.65,0.98,2.32,-12.63,-3.69,-33.80,1
O,2022-11-13 11:54:00.411016,-0.03,0.95,0.18,1.65,1.34,2.38,-12.63,-3.69,-33.80,1
O,2022-11-13 11:54:00.411180,-0.03,0.95,0.18,1.77,1.28,2.44,-12.63,-3.69,-33.80,1
O,2022-11-13 11:54:00.411331,-0.03,0.95,0.18,1.65,1.04,2.26,-12.96,-3.76,-33.79,1
O,2022-11-13 11:54:00.411490,-0.03,0.95,0.18,1.83,1.28,2.44,-12.96,-3.76,-33.79,1
O,2022-11-13 11:54:00.411639,-0.03,0.95,0.18,1.71,1.22,2.62,-11.91,-4.08,-34.90,1
O,2022-11-13 11:54:00.411787,-0.03,0.95,0.18,1.59,1.10,2.38,-11.91,-4.08,-34.90,1
O,2022-11-13 11:54:00.411943,-0.03,0.95,0.18,1.89,1.22,2.26,-11.91,-4.08,-34.90,1
O,2022-11-13 11:54:00.412093,-0.03,0.95,0.18,1.59,1.16,2.38,-12.56,-4.20,-33.24,1
O,2022-11-13 11:54:00.412267,-0.03,0.95,0.18,1.77,0.98,2.32,-12.56,-4.20,-33.24,1
O,2022-11-13 11:54:00.412421,-0.03,0.95,0.18,1.77,1.04,2.38,-12.56,-4.20,-33.24,1
O,2022-11-13 11:54:00.412573,-0.03,0.95,0.18,1.59,1.28,2.44,-12.55,-3.50,-33.76,1
O,2022-11-13 11:54:00.412735,-0.03,0.95,0.18,1.59,1.10,2.44,-12.55,-3.50,-33.76,1
O,2022-11-13 11:54:00.412874,-0.03,0.95,0.18,1.40,1.10,2.20,0.00,0.00,0.00,1
O,2022-11-13 11:54:00.413033,-0.03,0.95,0.18,1.46,1.34,2.26,-12.68,-4.15,-33.12,1
O,2022-11-13 11:54:00.413186,-0.03,0.95,0.18,1.95,1.22,2.38,-12.68,-4.15,-33.12,1
O,2022-11-13 11:54:00.413337,-0.03,0.95,0.18,1.59,1.16,2.44,-12.40,-3.44,-33.48,1
O,2022-11-13 11:54:00.413503,-0.03,0.95,0.18,1.71,1.28,2.38,-12.40,-3.44,-33.48,1
O,2022-11-13 11:54:00.413655,-0.03,0.95,0.18,1.83,1.10,2.44,-12.40,-3.44,-33.48,1
O,2022-11-13 11:54:00.413815,-0.03,0.95,0.18,1.89,1.22,2.44,-12.82,-3.96,-34.30,1
O,2022-11-13 11:54:00.413971,-0.03,0.95,0.18,1.71,1.28,2.38,-12.82,-3.96,-34.30,1
O,2022-11-13 11:54:00.414121,-0.03,0.95,0.18,1.65,1.40,2.44,-12.82,-3.96,-34.30,1
O,2022-11-13 11:54:00.414284,-0.03,0.95,0.18,1.65,1.40,2.32,-12.73,-3.91,-34.78,1
O,2022-11-13 11:54:00.414449,-0.03,0.95,0.18,1.65,1.28,2.20,-12.73,-3.91,-34.78,1
O,2022-11-13 11:54:00.414653,-0.03,0.95,0.18,1.59,1.22,2.32,-12.73,-3.91,-34.78,1
O,2022-11-13 11:54:00.414834,-0.03,0.95,0.18,1.53,1.34,2.32,-12.44,-3.72,-33.42,1
O,2022-11-13 11:54:00.415009,-0.03,0.95,0.18,1.71,1.40,2.44,-12.44,-3.72,-33.42,1
O,2022-11-13 11:54:00.415191,-0.03,0.95,0.18,1.53,1.34,2.38,-12.15,-3.70,-34.35,1
O,2022-11-13 11:54:00.415355,-0.03,0.95,0.18,1.53,1.04,2.26,-12.15,-3.70,-34.35,1
O,2022-11-13 11:54:00.415534,-0.03,0.95,0.18,1.59,1.40,2.44,-12.15,-3.70,-34.35,1
O,2022-11-13 11:54:00.415700,-0.03,0.95,0.18,1.65,1.16,2.20,-12.49,-3.71,-33.30,1
O,2022-11-13 11:54:00.415934,-0.03,0.95,0.18,1.53,1.34,2.38,-12.49,-3.71,-33.30,1
O,2022-11-13 11:54:00.416108,-0.03,0.95,0.18,1.65,1.28,2.44,-12.49,-3.71,-33.30,1
O,2022-11-13 11:54:00.416270,-0.03,0.95,0.18,1.65,1.22,2.44,-12.61,-3.48,-35.31,1
O,2022-11-13 11:54:00.416433,-0.03,0.95,0.18,1.53,1.28,2.38,-12.61,-3.48,-35.31,1
O,2022-11-13 11:54:00.416615,-0.03,0.95,0.18,1.59,1.40,2.38,-12.61,-3.48,-35.31,1
O,2022-11-13 11:54:00.416774,-0.03,0.95,0.18,1.71,1.22,2.20,-12.79,-3.63,-34.55,1
O,2022-11-13 11:54:00.416942,-0.03,0.95,0.18,1.59,1.28,2.26,-12.79,-3.63,-34.55,1
O,2022-11-13 11:54:00.417096,-0.03,0.95,0.18,1.59,1.34,2.26,-12.88,-3.08,-33.78,1
O,2022-11-13 11:54:00.417265,-0.03,0.95,0.18,1.53,1.40,2.38,-12.88,-3.08,-33.78,1
O,2022-11-13 11:54:00.417435,-0.03,0.95,0.19,1.89,1.34,2.32,-12.88,-3.08,-33.78,1
O,2022-11-13 11:54:00.417604,-0.03,0.95,0.18,1.71,1.28,2.44,-12.32,-4.15,-34.51,1
O,2022-11-13 11:54:00.417760,-0.03,0.95,0.18,1.83,1.53,2.32,-12.32,-4.15,-34.51,1
O,2022-11-13 11:54:00.417924,-0.03,0.95,0.18,1.83,1.16,2.56,-12.32,-4.15,-34.51,1
O,2022-11-13 11:54:00.418104,-0.03,0.95,0.18,1.77,1.34,2.32,-12.56,-3.82,-33.31,1
O,2022-11-13 11:54:00.418258,-0.03,0.95,0.18,1.77,1.34,2.56,-12.56,-3.82,-33.31,1
O,2022-11-13 11:54:00.418417,-0.03,0.95,0.18,1.59,1.34,2.44,-12.56,-3.82,-33.31,1
O,2022-11-13 11:54:00.418572,-0.03,0.95,0.18,1.77,1.22,2.44,-12.87,-3.72,-34.09,1
O,2022-11-13 11:54:00.418729,-0.03,0.95,0.18,1.65,1.22,2.50,-12.87,-3.72,-34.09,1
O,2022-11-13 11:54:00.418887,-0.03,0.95,0.18,1.83,1.16,2.38,-12.34,-3.32,-33.59,1
O,2022-11-13 11:54:00.419040,-0.03,0.95,0.18,1.59,1.28,2.44,-12.34,-3.32,-33.59,1
O,2022-11-13 11:54:00.419210,-0.03,0.95,0.18,1.77,1.28,2.44,-12.34,-3.32,-33.59,1
O,2022-11-13 11:54:00.419386,-0.03,0.95,0.18,1.77,1.10,2.44,-12.43,-3.61,-34.47,1
O,2022-11-13 11:54:00.419543,-0.03,0.95,0.18,1.83,1.34,2.44,-12.43,-3.61,-34.47,1
O,2022-11-13 11:54:00.419694,-0.03,0.95,0.18,1.53,1.34,2.38,-12.43,-3.61,-34.47,1
O,2022-11-13 11:54:00.419854,-0.03,0.95,0.18,1.65,1.34,2.38,-12.94,-3.19,-33.25,1
O,2022-11-13 11:54:00.420019,-0.03,0.95,0.18,1.77,1.34,2.50,-12.94,-3.19,-33.25,1
O,2022-11-13 11:54:00.420171,-0.03,0.95,0.19,1.65,1.34,2.50,-12.94,-3.19,-33.25,1
O,2022-11-13 11:54:00.420333,-0.03,0.95,0.18,1.46,1.10,2.44,-12.52,-3.31,-34.62,1
O,2022-11-13 11:54:00.420492,-0.03,0.95,0.18,1.59,1.34,2.56,-12.52,-3.31,-34.62,1
O,2022-11-13 11:54:00.420645,-0.03,0.95,0.18,1.53,1.28,2.26,-12.28,-3.14,-33.56,1
O,2022-11-13 11:54:00.420808,-0.03,0.95,0.18,1.65,1.28,2.38,-12.28,-3.14,-33.56,1
O,2022-11-13 11:54:00.420961,-0.03,0.95,0.18,1.83,1.34,2.32,-12.28,-3.14,-33.56,1
O,2022-11-13 11:54:00.421122,-0.03,0.95,0.18,1.71,1.34,2.32,-12.89,-3.53,-34.50,1
O,2022-11-13 11:54:00.421274,-0.03,0.95,0.18,1.71,1.34,2.44,-12.89,-3.53,-34.50,1
O,2022-11-13 11:54:00.421425,-0.03,0.95,0.19,1.89,1.28,2.38,-12.89,-3.53,-34.50,1
O,2022-11-13 11:54:00.421587,-0.03,0.95,0.19,1.40,1.28,2.26,-12.33,-3.77,-34.99,1
O,2022-11-13 11:54:00.421739,-0.03,0.95,0.18,1.83,1.10,2.56,-12.33,-3.77,-34.99,1
O,2022-11-13 11:54:00.421901,-0.03,0.95,0.18,1.83,1.28,2.44,-12.33,-3.77,-34.99,1
O,2022-11-13 11:54:00.422053,-0.03,0.95,0.19,1.65,1.34,2.32,-12.88,-4.28,-33.56,1
O,2022-11-13 11:54:00.422204,-0.03,0.95,0.18,1.65,1.28,2.32,-12.88,-4.28,-33.56,1
O,2022-11-13 11:54:00.422364,-0.03,0.95,0.18,1.53,1.59,2.44,-13.09,-3.77,-34.62,1
O,2022-11-13 11:54:00.422515,-0.03,0.95,0.18,1.71,1.34,2.50,-13.09,-3.77,-34.62,1
O,2022-11-13 11:54:00.422678,-0.03,0.95,0.18,1.77,1.16,2.32,-13.09,-3.77,-34.62,1
O,2022-11-13 11:54:00.422828,-0.03,0.95,0.18,1.71,1.40,2.44,-12.52,-3.50,-34.06,1
O,2022-11-13 11:54:00.422986,-0.03,0.95,0.18,1.59,1.10,2.38,-12.52,-3.50,-34.06,1
O,2022-11-13 11:54:00.423139,-0.03,0.95,0.18,1.89,1.28,2.26,-12.52,-3.50,-34.06,1
O,2022-11-13 11:54:00.423294,-0.03,0.95,0.18,1.65,1.04,2.32,-12.38,-3.60,-34.53,1
O,2022-11-13 11:54:00.423454,-0.03,0.95,0.18,1.65,1.34,2.20,-12.38,-3.60,-34.53,1
O,2022-11-13 11:54:00.423606,-0.03,0.95,0.18,1.71,1.34,2.32,-12.38,-3.60,-34.53,1
O,2022-11-13 11:54:00.423765,-0.03,0.95,0.18,1.71,1.16,2.44,-12.62,-3.65,-33.26,1
O,2022-11-13 11:54:00.423920,-0.03,0.95,0.18,1.89,1.28,2.44,-12.62,-3.65,-33.26,1
O,2022-11-13 11:54:00.424072,-0.03,0.95,0.19,1.65,1.10,2.44,-12.76,-3.67,-33.64,1
O,2022-11-13 11:54:00.424239,-0.03,0.95,0.18,1.40,1.16,2.38,-12.76,-3.67,-33.64,1
O,2022-11-13 11:54:00.424389,-0.03,0.95,0.18,1.59,1.46,2.44,-12.76,-3.67,-33.64,1
O,2022-11-13 11:54:00.424553,-0.03,0.95,0.19,1.65,1.16,2.50,-12.57,-3.49,-34.19,1
O,2022-11-13 11:54:00.424704,-0.03,0.95,0.18,1.53,1.34,2.44,-12.57,-3.49,-34.19,1
O,2022-11-13 11:54:00.424854,-0.03,0.95,0.18,1.71,1.34,2.32,-12.57,-3.49,-34.19,1
O,2022-11-13 11:54:00.425009,-0.03,0.95,0.18,1.46,1.28,2.32,-13.23,-3.88,-32.76,1
O,2022-11-13 11:54:00.425160,-0.03,0.95,0.18,1.59,1.28,2.38,-13.23,-3.88,-32.76,1
O,2022-11-13 11:54:00.425323,-0.03,0.95,0.18,1.65,1.34,2.44,-13.23,-3.88,-32.76,1
O,2022-11-13 11:54:00.425475,-0.03,0.95,0.18,1.46,1.16,2.38,-12.66,-3.41,-32.14,1
O,2022-11-13 11:54:00.425636,-0.03,0.95,0.18,1.89,1.34,2.38,-12.66,-3.41,-32.14,1
O,2022-11-13 11:54:00.425795,-0.03,0.95,0.18,1.59,1.16,2.26,-12.57,-3.59,-32.71,1
O,2022-11-13 11:54:00.425950,-0.03,0.95,0.18,1.53,1.16,2.44,-12.57,-3.59,-32.71,1
O,2022-11-13 11:54:00.426114,-0.03,0.95,0.18,1.53,1.34,2.32,-12.57,-3.59,-32.71,1
O,2022-11-13 11:54:00.426267,-0.03,0.95,0.18,1.46,1.22,2.44,-12.57,-3.88,-32.82,1
O,2022-11-13 11:54:00.426428,-0.03,0.95,0.18,1.77,1.10,2.32,-12.57,-3.88,-32.82,1
O,2022-11-13 11:54:00.426581,-0.03,0.95,0.18,1.65,1.34,2.50,-12.57,-3.88,-32.82,1
O,2022-11-13 11:54:00.426739,-0.03,0.95,0.18,1.46,1.34,2.44,-12.55,-3.39,-33.56,1
O,2022-11-13 11:54:00.426902,-0.03,0.95,0.18,1.59,1.34,2.38,-12.55,-3.39,-33.56,1
O,2022-11-13 11:54:00.427051,-0.03,0.95,0.18,1.71,1.16,2.38,-12.55,-3.39,-33.56,1
O,2022-11-13 11:54:00.427212,-0.03,0.95,0.18,1.89,1.10,2.32,-13.59,-3.31,-32.78,1
O,2022-11-13 11:54:00.427368,-0.03,0.95,0.18,1.65,1.28,2.44,-13.59,-3.31,-32.78,1
O,2022-11-13 11:54:00.427518,-0.03,0.95,0.18,1.46,1.40,2.44,-12.39,-3.21,-33.09,1
O,2022-11-13 11:54:00.427675,-0.03,0.95,0.18,1.34,1.34,2.26,-12.39,-3.21,-33.09,1
O,2022-11-13 11:54:00.427826,-0.03,0.95,0.19,1.71,1.22,2.38,-12.39,-3.21,-33.09,1
O,2022-11-13 11:54:00.427987,-0.03,0.95,0.18,1.65,1.46,2.38,-12.81,-3.17,-33.97,1
O,2022-11-13 11:54:00.428160,-0.03,0.95,0.18,1.71,1.22,2.38,-12.81,-3.17,-33.97,1
O,2022-11-13 11:54:00.428311,-0.03,0.95,0.18,1.53,1.22,2.38,-12.81,-3.17,-33.97,1
O,2022-11-13 11:54:00.428476,-0.03,0.95,0.18,1.59,1.22,2.26,-12.49,-3.50,-34.58,1
O,2022-11-13 11:54:00.428627,-0.03,0.95,0.18,1.65,1.28,2.50,-12.49,-3.50,-34.58,1
O,2022-11-13 11:54:00.428791,-0.03,0.95,0.18,1.77,1.28,2.44,-12.49,-3.50,-34.58,1
O,2022-11-13 11:54:00.428943,-0.03,0.95,0.18,1.46,1.34,2.32,-12.34,-3.59,-34.16,1
O,2022-11-13 11:54:00.429098,-0.03,0.95,0.18,1.89,1.22,2.38,-12.34,-3.59,-34.16,1
O,2022-11-13 11:54:00.429261,-0.03,0.95,0.18,1.83,1.22,2.44,-13.12,-3.64,-33.35,1
O,2022-11-13 11:54:00.429412,-0.03,0.95,0.19,1.53,1.10,2.32,-13.12,-3.64,-33.35,1
O,2022-11-13 11:54:00.429576,-0.03,0.95,0.18,1.59,1.40,2.20,-13.12,-3.64,-33.35,1
O,2022-11-13 11:54:00.429728,-0.03,0.95,0.18,1.77,1.22,2.38,-12.37,-3.27,-33.68,1
O,2022-11-13 11:54:00.429885,-0.03,0.95,0.18,1.83,1.10,2.26,-12.37,-3.27,-33.68,1
O,2022-11-13 11:54:00.430037,-0.03,0.95,0.18,1.65,1.34,2.32,-12.37,-3.27,-33.68,1
O,2022-11-13 11:54:00.430189,-0.03,0.95,0.19,1.53,1.28,2.38,-11.82,-3.83,-33.54,1
O,2022-11-13 11:54:00.430353,-0.03,0.95,0.18,1.83,1.28,2.44,-11.82,-3.83,-33.54,1
O,2022-11-13 11:54:00.430505,-0.03,0.95,0.18,1.77,1.16,2.32,-11.82,-3.83,-33.54,1
O,2022-11-13 11:54:00.430662,-0.03,0.95,0.18,1.59,1.22,2.32,-12.76,-3.33,-33.74,1
O,2022-11-13 11:54:00.430813,-0.03,0.95,0.18,1.53,1.40,2.38,-12.76,-3.33,-33.74,1
O,2022-11-13 11:54:00.430964,-0.03,0.95,0.18,1.77,1.10,2.38,-12.61,-3.77,-33.86,1
O,2022-11-13 11:54:00.431124,-0.03,0.95,0.18,1.77,1.34,2.50,-12.61,-3.77,-33.86,1
O,2022-11-13 11:54:00.431275,-0.03,0.95,0.18,1.77,1.22,2.44,-12.61,-3.77,-33.86,1
O,2022-11-13 11:54:00.431434,-0.03,0.95,0.18,1.71,1.28,2.32,-12.63,-3.70,-33.80,1
O,2022-11-13 11:54:00.431586,-0.03,0.95,0.18,1.83,1.10,2.26,-12.63,-3.70,-33.80,1
O,2022-11-13 11:54:00.431746,-0.03,0.95,0.19,1.65,1.22,2.38,-12.63,-3.70,-33.80,1
O,2022-11-13 11:54:00.431903,-0.03,0.95,0.18,1.65,1.10,2.38,-12.49,-3.64,-33.79,1
O,2022-11-13 11:54:00.432056,-0.03,0.95,0.18,1.77,1.16,2.32,-12.49,-3.64,-33.79,1
O,2022-11-13 11:54:00.432221,-0.03,0.95,0.18,1.77,1.16,2.38,-12.49,-3.64,-33.79,1
O,2022-11-13 11:54:00.432377,-0.03,0.95,0.18,1.77,1.04,2.20,-12.00,-3.72,-33.11,1
O,2022-11-13 11:54:00.432549,-0.03,0.95,0.18,1.83,1.10,2.26,-12.00,-3.72,-33.11,1
O,2022-11-13 11:54:00.432723,-0.03,0.95,0.18,1.77,1.22,2.38,-12.49,-3.66,-32.84,1
O,2022-11-13 11:54:00.432903,-0.03,0.95,0.18,1.83,1.16,2.44,-12.49,-3.66,-32.84,1
O,2022-11-13 11:54:00.433076,-0.03,0.95,0.18,1.89,1.22,2.38,-12.49,-3.66,-32.84,1
O,2022-11-13 11:54:00.433228,-0.03,0.95,0.18,1.40,1.10,2.26,-12.82,-3.54,-34.36,1
O,2022-11-13 11:54:00.433384,-0.03,0.95,0.18,1.65,1.34,2.26,-12.82,-3.54,-34.36,1
O,2022-11-13 11:54:00.433536,-0.03,0.95,0.18,1.59,1.40,2.32,-12.82,-3.54,-34.36,1
O,2022-11-13 11:54:00.433691,-0.03,0.95,0.19,1.83,0.98,2.26,-12.78,-3.67,-34.16,1
O,2022-11-13 11:54:00.433892,-0.03,0.95,0.18,1.59,1.22,2.32,-12.78,-3.67,-34.16,1
O,2022-11-13 11:54:00.434044,-0.03,0.95,0.18,1.65,1.22,2.38,-12.78,-3.67,-34.16,1
O,2022-11-13 11:54:00.434203,-0.03,0.95,0.18,1.65,1.04,2.38,-12.34,-3.69,-33.25,1
O,2022-11-13 11:54:00.434369,-0.03,0.95,0.18,1.71,1.10,2.44,-12.34,-3.69,-33.25,1
O,2022-11-13 11:54:00.434524,-0.03,0.95,0.18,1.65,1.34,2.44,-12.48,-3.23,-33.92,1
O,2022-11-13 11:54:00.434693,-0.03,0.95,0.18,1.65,1.10,2.26,-12.48,-3.23,-33.92,1
O,2022-11-13 11:54:00.434860,-0.03,0.95,0.19,1.65,1.16,2.32,-12.48,-3.23,-33.92,1
O,2022-11-13 11:54:00.435019,-0.03,0.95,0.18,1.71,1.22,2.38,-12.21,-3.59,-33.33,1
O,2022-11-13 11:54:00.435175,-0.03,0.95,0.18,1.59,1.22,2.38,-12.21,-3.59,-33.33,1
O,2022-11-13 11:54:00.435332,-0.03,0.95,0.18,1.53,1.34,2.26,-12.21,-3.59,-33.33,1
O,2022-11-13 11:54:00.435491,-0.03,0.95,0.18,1.65,1.10,2.38,-12.74,-3.64,-33.75,1
O,2022-11-13 11:54:00.435643,-0.03,0.95,0.18,1.53,1.34,2.44,-12.74,-3.64,-33.75,1
O,2022-11-13 11:54:00.435801,-0.03,0.95,0.18,1.53,1.34,2.38,-12.74,-3.64,-33.75,1
O,2022-11-13 11:54:00.435953,-0.03,0.95,0.18,1.65,1.28,2.26,-12.65,-2.87,-33.37,1
O,2022-11-13 11:54:00.436110,-0.03,0.95,0.18,1.59,1.22,2.26,-12.65,-2.87,-33.37,1
O,2022-11-13 11:54:00.436277,-0.03,0.95,0.18,1.71,1.16,2.32,-12.43,-3.50,-33.70,1
O,2022-11-13 11:54:00.436459,-0.03,0.95,0.18,1.40,1.10,2.20,-12.43,-3.50,-33.70,1
O,2022-11-13 11:54:00.436632,-0.03,0.95,0.18,1.77,1.22,2.50,-12.43,-3.50,-33.70,1
O,2022-11-13 11:54:00.436813,-0.03,0.95,0.19,1.83,1.28,2.44,-13.07,-3.64,-33.56,1
O,2022-11-13 11:54:00.436989,-0.03,0.95,0.18,1.65,1.16,2.56,-13.07,-3.64,-33.56,1
O,2022-11-13 11:54:00.437160,-0.03,0.95,0.18,1.28,1.34,2.38,-13.07,-3.64,-33.56,1
O,2022-11-13 11:54:00.437311,-0.03,0.95,0.18,1.77,1.16,2.38,-13.16,-4.14,-34.25,1
O,2022-11-13 11:54:00.437469,-0.03,0.95,0.18,1.59,1.04,2.50,-13.16,-4.14,-34.25,1
O,2022-11-13 11:54:00.437621,-0.03,0.95,0.18,1.83,1.22,2.20,-13.16,-4.14,-34.25,1
O,2022-11-13 11:54:00.437783,-0.03,0.95,0.18,1.53,1.16,2.26,-12.60,-3.54,-33.01,1
O,2022-11-13 11:54:00.437935,-0.03,0.95,0.18,1.83,1.16,2.44,-12.60,-3.54,-33.01,1
O,2022-11-13 11:54:00.438091,-0.03,0.95,0.18,1.77,1.04,2.50,-12.98,-3.27,-33.75,1
O,2022-11-13 11:54:00.438251,-0.03,0.95,0.18,1.65,1.16,2.38,-12.98,-3.27,-33.75,1
O,2022-11-13 11:54:00.438401,-0.03,0.95,0.18,1.77,1.22,2.32,-12.98,-3.27,-33.75,1
O,2022-11-13 11:54:00.438564,-0.03,0.95,0.18,1.65,1.22,2.44,-12.90,-3.63,-33.97,1
O,2022-11-13 11:54:00.438716,-0.03,0.95,0.19,1.71,1.22,2.32,-12.90,-3.63,-33.97,1
O,2022-11-13 11:54:00.438873,-0.03,0.95,0.18,1.53,1.34,2.44,-12.90,-3.63,-33.97,1
O,2022-11-13 11:54:00.439024,-0.03,0.95,0.18,1.53,1.16,2.38,-12.35,-3.82,-35.33,1
O,2022-11-13 11:54:00.439174,-0.03,0.95,0.18,1.83,1.22,2.44,-12.35,-3.82,-35.33,1
O,2022-11-13 11:54:00.439336,-0.03,0.95,0.18,1.77,1.22,2.32,-12.35,-3.82,-35.33,1
O,2022-11-13 11:54:00.439489,-0.03,0.95,0.18,1.46,1.16,2.50,-12.77,-3.49,-33.83,1
O,2022-11-13 11:54:00.439651,-0.03,0.95,0.18,1.71,1.28,2.26,-12.77,-3.49,-33.83,1
O,2022-11-13 11:54:00.439802,-0.03,0.95,0.18,1.53,1.46,2.50,-12.78,-3.47,-34.23,1
O,2022-11-13 11:54:00.439953,-0.03,0.95,0.18,1.53,1.28,2.26,-12.78,-3.47,-34.23,1
O,2022-11-13 11:54:00.440114,-0.03,0.95,0.18,1.71,1.28,2.50,-12.78,-3.47,-34.23,1
O,2022-11-13 11:54:00.440265,-0.03,0.95,0.18,1.71,1.22,2.50,-12.45,-3.12,-34.45,1
O,2022-11-13 11:54:00.440429,-0.03,0.95,0.18,1.77,1.28,2.38,-12.45,-3.12,-34.45,1
O,2022-11-13 11:54:00.440579,-0.03,0.95,0.18,1.83,1.34,2.32,-12.45,-3.12,-34.45,1
O,2022-11-13 11:54:00.440730,-0.03,0.95,0.18,1.59,1.34,2.38,-12.01,-3.43,-34.05,1
O,2022-11-13 11:54:00.440895,-0.03,0.95,0.18,1.89,1.28,2.44,-12.01,-3.43,-34.05,1
O,2022-11-13 11:54:00.441046,-0.03,0.95,0.19,1.95,1.16,2.56,-12.01,-3.43,-34.05,1
O,2022-11-13 11:54:00.441209,-0.03,0.95,0.18,1.89,1.22,2.32,-12.63,-3.76,-34.67,1
O,2022-11-13 11:54:00.441360,-0.03,0.95,0.18,1.71,1.28,2.56,-12.63,-3.76,-34.67,1
O,2022-11-13 11:54:00.441510,-0.03,0.95,0.18,1.59,1.28,2.50,-12.44,-3.75,-34.80,1
O,2022-11-13 11:54:00.441671,-0.03,0.95,0.18,1.59,1.10,2.38,-12.44,-3.75,-34.80,1
O,2022-11-13 11:54:00.441823,-0.03,0.95,0.18,1.89,1.28,2.32,-12.44,-3.75,-34.80,1
O,2022-11-13 11:54:00.441984,-0.03,0.95,0.18,1.83,1.16,2.50,-12.67,-3.38,-34.99,1
O,2022-11-13 11:54:00.442135,-0.03,0.95,0.18,1.77,1.22,2.50,-12.67,-3.38,-34.99,1
O,2022-11-13 11:54:00.442291,-0.03,0.95,0.18,1.77,1.28,2.32,-12.67,-3.38,-34.99,1
O,2022-11-13 11:54:00.442445,-0.03,0.95,0.18,1.59,1.34,2.44,-12.16,-3.33,-34.00,1
O,2022-11-13 11:54:00.442597,-0.03,0.95,0.18,1.77,1.16,2.38,-12.16,-3.33,-34.00,1
O,2022-11-13 11:54:00.442752,-0.03,0.95,0.18,1.71,1.28,2.38,-12.16,-3.33,-34.00,1
O,2022-11-13 11:54:00.442906,-0.03,0.95,0.18,1.59,1.34,2.38,-12.06,-3.94,-33.26,1
O,2022-11-13 11:54:00.443066,-0.03,0.95,0.18,1.71,1.28,2.38,-12.06,-3.94,-33.26,1
O,2022-11-13 11:54:00.443220,-0.03,0.95,0.18,1.59,1.34,2.38,-12.10,-3.70,-32.86,1
O,2022-11-13 11:54:00.443371,-0.03,0.95,0.18,1.77,1.28,2.38,-12.10,-3.70,-32.86,1
O,2022-11-13 11:54:00.443532,-0.03,0.95,0.18,1.59,1.16,2.44,-12.10,-3.70,-32.86,1
O,2022-11-13 11:54:00.443699,-0.03,0.95,0.18,1.65,1.40,2.26,-12.38,-3.59,-32.97,1
O,2022-11-13 11:54:00.443864,-0.03,0.95,0.18,1.65,1.22,2.38,-12.38,-3.59,-32.97,1
O,2022-11-13 11:54:00.444015,-0.03,0.95,0.18,1.71,1.22,2.38,-12.38,-3.59,-32.97,1
O,2022-11-13 11:54:00.444167,-0.03,0.95,0.19,1.59,1.04,2.26,-12.27,-4.09,-33.19,1
O,2022-11-13 11:54:00.444326,-0.03,0.95,0.18,1.65,1.34,2.26,-12.27,-4.09,-33.19,1
O,2022-11-13 11:54:00.444485,-0.03,0.95,0.18,1.65,1.40,2.32,-12.27,-4.09,-33.19,1
O,2022-11-13 11:54:00.444647,-0.03,0.95,0.18,1.65,1.34,2.38,-12.32,-4.08,-32.87,1
O,2022-11-13 11:54:00.444799,-0.03,0.95,0.18,1.83,1.16,2.44,-12.32,-4.08,-32.87,1
O,2022-11-13 11:54:00.444953,-0.03,0.95,0.18,1.71,1.28,2.38,-12.06,-3.52,-34.47,1
O,2022-11-13 11:54:00.445112,-0.03,0.95,0.18,1.59,1.28,2.44,-12.06,-3.52,-34.47,1
O,2022-11-13 11:54:00.445262,-0.03,0.95,0.18,1.65,1.34,2.38,-12.06,-3.52,-34.47,1
O,2022-11-13 11:54:00.445426,-0.03,0.95,0.19,1.77,1.10,2.32,-12.28,-3.92,-33.76,1
O,2022-11-13 11:54:00.445580,-0.03,0.95,0.18,1.40,1.46,2.38,-12.28,-3.92,-33.76,1
O,2022-11-13 11:54:00.445734,-0.03,0.95,0.18,1.71,1.10,2.50,-12.28,-3.92,-33.76,1
O,2022-11-13 11:54:00.445894,-0.03,0.95,0.18,1.71,1.16,2.20,-12.50,-3.82,-34.07,1
O,2022-11-13 11:54:00.446047,-0.03,0.95,0.18,1.77,1.22,2.26,-12.50,-3.82,-34.07,1
O,2022-11-13 11:54:00.446213,-0.03,0.95,0.18,1.53,1.28,2.32,-12.50,-3.82,-34.07,1
O,2022-11-13 11:54:00.446364,-0.03,0.95,0.18,1.59,1.10,2.38,-12.85,-3.60,-33.85,1
O,2022-11-13 11:54:00.446516,-0.03,0.95,0.18,1.65,1.10,2.32,-12.85,-3.60,-33.85,1
O,2022-11-13 11:54:00.446678,-0.03,0.95,0.18,1.77,1.16,2.20,-12.70,-4.08,-33.73,1
O,2022-11-13 11:54:00.446830,-0.03,0.95,0.18,1.71,1.22,2.56,-12.70,-4.08,-33.73,1
O,2022-11-13 11:54:00.446994,-0.03,0.95,0.18,1.65,1.28,2.50,-12.70,-4.08,-33.73,1
O,2022-11-13 11:54:00.447145,-0.03,0.95,0.18,1.59,1.40,2.26,-12.94,-3.37,-33.70,1
O,2022-11-13 11:54:00.447301,-0.03,0.95,0.18,1.71,1.16,2.44,-12.94,-3.37,-33.70,1
O,2022-11-13 11:54:00.447454,-0.03,0.95,0.18,1.89,1.10,2.62,-12.94,-3.37,-33.70,1
O,2022-11-13 11:54:00.447608,-0.03,0.95,0.18,1.89,1.16,2.32,-12.74,-3.59,-33.63,1
O,2022-11-13 11:54:00.447772,-0.03,0.95,0.18,1.77,1.10,2.38,-12.74,-3.59,-33.63,1
O,2022-11-13 11:54:00.447921,-0.03,0.95,0.18,1.83,1.28,2.44,-12.74,-3.59,-33.63,1
O,2022-11-13 11:54:00.448080,-0.03,0.95,0.18,1.65,1.22,2.44,-12.90,-3.37,-33.31,1
O,2022-11-13 11:54:00.448230,-0.03,0.95,0.19,1.59,1.34,2.38,-12.90,-3.37,-33.31,1
O,2022-11-13 11:54:00.448379,-0.03,0.95,0.18,1.71,1.16,2.32,-13.07,-3.65,-33.56,1
O,2022-11-13 11:54:00.448539,-0.03,0.95,0.18,1.53,1.46,2.26,-13.07,-3.65,-33.56,1
O,2022-11-13 11:54:00.448690,-0.03,0.95,0.18,1.71,1.04,2.32,-13.07,-3.65,-33.56,1
O,2022-11-13 11:54:00.448851,-0.03,0.95,0.18,1.65,1.10,2.32,-12.88,-3.97,-33.28,1
O,2022-11-13 11:54:00.449003,-0.03,0.95,0.18,1.59,1.28,2.44,-12.88,-3.97,-33.28,1
O,2022-11-13 11:54:00.449159,-0.03,0.95,0.18,1.95,1.40,2.50,-12.88,-3.97,-33.28,1
O,2022-11-13 11:54:00.449318,-0.03,0.95,0.18,1.83,1.22,2.32,-12.81,-3.81,-33.40,1
O,2022-11-13 11:54:00.449482,-0.03,0.95,0.18,1.59,1.22,2.44,-12.81,-3.81,-33.40,1
O,2022-11-13 11:54:00.449642,-0.03,0.95,0.18,1.89,1.16,2.38,-12.81,-3.81,-33.40,1
O,2022-11-13 11:54:00.449798,-0.03,0.95,0.19,1.83,1.10,2.38,-12.90,-3.67,-34.03,1
O,2022-11-13 11:54:00.449963,-0.03,0.95,0.18,1.65,1.22,2.56,-12.90,-3.67,-34.03,1
O,2022-11-13 11:54:00.450121,-0.03,0.95,0.18,1.71,1.28,2.26,-12.98,-3.71,-34.00,1
O,2022-11-13 11:54:00.450273,-0.03,0.95,0.18,1.71,1.10,2.38,-12.98,-3.71,-34.00,1
O,2022-11-13 11:54:00.450447,-0.03,0.95,0.18,1.77,1.34,2.50,-12.98,-3.71,-34.00,1
O,2022-11-13 11:54:00.450615,-0.03,0.95,0.18,1.53,1.10,2.38,-12.79,-4.19,-34.35,1
O,2022-11-13 11:54:00.450789,-0.03,0.95,0.18,1.77,1.10,2.38,-12.79,-4.19,-34.35,1
O,2022-11-13 11:54:00.450955,-0.03,0.95,0.18,1.53,1.28,2.38,-12.79,-4.19,-34.35,1
O,2022-11-13 11:54:00.451135,-0.03,0.95,0.18,1.71,1.22,2.50,-12.78,-3.93,-34.16,1
O,2022-11-13 11:54:00.451328,-0.03,0.95,0.18,1.77,1.16,2.26,-12.78,-3.93,-34.16,1
O,2022-11-13 11:54:00.451484,-0.03,0.95,0.18,1.89,0.98,2.32,-12.78,-3.93,-34.16,1
O,2022-11-13 11:54:00.451654,-0.03,0.95,0.18,1.59,1.16,2.26,-12.92,-3.50,-33.04,1
O,2022-11-13 11:54:00.451809,-0.03,0.95,0.18,1.77,1.16,2.32,-12.92,-3.50,-33.04,1
O,2022-11-13 11:54:00.451963,-0.03,0.95,0.18,1.71,1.22,2.26,-13.15,-4.08,-34.36,1
O,2022-11-13 11:54:00.452137,-0.03,0.95,0.18,1.53,1.16,2.32,-13.15,-4.08,-34.36,1
O,2022-11-13 11:54:00.452291,-0.03,0.95,0.18,1.77,1.16,2.56,-13.15,-4.08,-34.36,1
O,2022-11-13 11:54:00.452451,-0.03,0.95,0.18,1.71,1.40,2.44,-13.18,-3.65,-34.17,1
O,2022-11-13 11:54:00.452629,-0.03,0.95,0.19,1.77,1.22,2.50,-13.18,-3.65,-34.17,1
O,2022-11-13 11:54:00.452813,-0.03,0.95,0.18,1.53,1.34,2.38,-13.18,-3.65,-34.17,1
O,2022-11-13 11:54:00.453001,-0.03,0.95,0.18,1.53,1.16,2.38,-12.57,-3.96,-34.23,1
O,2022-11-13 11:54:00.453176,-0.03,0.95,0.18,1.65,1.16,2.44,-12.57,-3.96,-34.23,1
O,2022-11-13 11:54:00.453396,-0.03,0.95,0.18,1.77,1.10,2.20,-12.57,-3.96,-34.23,1
O,2022-11-13 11:54:00.453551,-0.03,0.95,0.18,1.59,1.04,2.38,-12.45,-3.60,-34.39,1
O,2022-11-13 11:54:00.453715,-0.03,0.95,0.18,1.71,1.22,2.32,-12.45,-3.60,-34.39,1
O,2022-11-13 11:54:00.453888,-0.03,0.95,0.18,1.65,1.28,2.44,-12.99,-4.02,-34.08,1
O,2022-11-13 11:54:00.454064,-0.03,0.95,0.18,1.71,1.22,2.38,-12.99,-4.02,-34.08,1
O,2022-11-13 11:54:00.454222,-0.03,0.95,0.18,1.89,1.16,2.44,-12.99,-4.02,-34.08,1
O,2022-11-13 11:54:00.454406,-0.03,0.95,0.18,1.65,1.16,2.56,-12.71,-3.97,-34.16,1
O,2022-11-13 11:54:00.454586,-0.03,0.95,0.18,1.77,1.28,2.20,-12.71,-3.97,-34.16,1
O,2022-11-13 11:54:00.454758,-0.03,0.95,0.18,1.59,1.34,2.32,-12.71,-3.97,-34.16,1
O,2022-11-13 11:54:00.454935,-0.03,0.95,0.18,1.65,1.16,2.44,-12.57,-3.70,-34.12,1
O,2022-11-13 11:54:00.455104,-0.03,0.95,0.18,1.83,1.22,2.44,-12.57,-3.70,-34.12,1
O,2022-11-13 11:54:00.455274,-0.03,0.95,0.18,1.59,1.16,2.38,-12.57,-3.70,-34.12,1
O,2022-11-13 11:54:00.455434,-0.03,0.95,0.18,1.65,1.22,2.38,-13.12,-3.61,-32.89,1
O,2022-11-13 11:54:00.455585,-0.03,0.95,0.18,1.77,1.16,2.38,-13.12,-3.61,-32.89,1
O,2022-11-13 11:54:00.455741,-0.03,0.95,0.18,1.77,1.10,2.20,-12.83,-3.69,-34.30,1
O,2022-11-13 11:54:00.455901,-0.03,0.95,0.18,1.65,1.10,2.38,-12.83,-3.69,-34.30,1
O,2022-11-13 11:54:00.456053,-0.03,0.95,0.18,1.53,1.16,2.32,-12.83,-3.69,-34.30,1
O,2022-11-13 11:54:00.456215,-0.03,0.95,0.18,1.59,1.22,2.44,-13.06,-3.49,-34.46,1
O,2022-11-13 11:54:00.456365,-0.03,0.95,0.18,1.77,1.22,2.50,-13.06,-3.49,-34.46,1
O,2022-11-13 11:54:00.456525,-0.03,0.95,0.18,1.53,1.10,2.50,-13.06,-3.49,-34.46,1
O,2022-11-13 11:54:00.456676,-0.03,0.95,0.18,1.53,1.04,2.32,-12.44,-3.91,-34.42,1
O,2022-11-13 11:54:00.456827,-0.03,0.95,0.18,1.71,1.22,2.50,-12.44,-3.91,-34.42,1
O,2022-11-13 11:54:00.456990,-0.03,0.95,0.18,1.59,1.34,2.32,-12.44,-3.91,-34.42,1
O,2022-11-13 11:54:00.457141,-0.03,0.95,0.18,1.46,1.04,2.32,-12.99,-3.15,-33.18,1
O,2022-11-13 11:54:00.457301,-0.03,0.95,0.18,1.83,1.04,2.50,-12.99,-3.15,-33.18,1
O,2022-11-13 11:54:00.457455,-0.03,0.95,0.18,1.89,1.40,2.44,-12.79,-3.71,-33.75,1
O,2022-11-13 11:54:00.457610,-0.03,0.95,0.18,1.65,1.22,2.26,-12.79,-3.71,-33.75,1
O,2022-11-13 11:54:00.457771,-0.03,0.95,0.18,1.89,0.98,2.38,-12.79,-3.71,-33.75,1
O,2022-11-13 11:54:00.457921,-0.03,0.95,0.18,1.65,1.16,2.56,-12.56,-3.77,-34.85,1
O,2022-11-13 11:54:00.458085,-0.03,0.95,0.18,1.53,1.16,2.32,-12.56,-3.77,-34.85,1
O,2022-11-13 11:54:00.458235,-0.03,0.95,0.18,1.89,1.10,2.44,-12.56,-3.77,-34.85,1
O,2022-11-13 11:54:00.458389,-0.03,0.95,0.18,1.77,1.04,2.20,-13.05,-3.43,-34.75,1
O,2022-11-13 11:54:00.458553,-0.03,0.95,0.18,1.59,1.16,2.56,-13.05,-3.43,-34.75,1
O,2022-11-13 11:54:00.458703,-0.03,0.95,0.18,1.95,1.16,2.38,-13.05,-3.43,-34.75,1
O,2022-11-13 11:54:00.458866,-0.03,0.95,0.18,1.53,1.16,2.38,-12.77,-3.54,-34.52,1
O,2022-11-13 11:54:00.459020,-0.03,0.95,0.18,1.77,1.16,2.50,-12.77,-3.54,-34.52,1
O,2022-11-13 11:54:00.459174,-0.03,0.95,0.18,1.71,1.28,2.62,-12.49,-3.53,-33.84,1
O,2022-11-13 11:54:00.459331,-0.03,0.95,0.18,1.83,1.10,2.32,-12.49,-3.53,-33.84,1
O,2022-11-13 11:54:00.459483,-0.03,0.95,0.18,1.77,1.10,2.44,-12.49,-3.53,-33.84,1
O,2022-11-13 11:54:00.459658,-0.03,0.95,0.18,1.59,1.34,2.26,-13.07,-3.78,-33.57,1
O,2022-11-13 11:54:00.459813,-0.03,0.95,0.18,1.71,1.28,2.38,-13.07,-3.78,-33.57,1
O,2022-11-13 11:54:00.459970,-0.03,0.95,0.18,1.65,1.10,2.44,-13.07,-3.78,-33.57,1
O,2022-11-13 11:54:00.460124,-0.03,0.95,0.18,1.71,1.16,2.38,-12.41,-3.52,-33.54,1
O,2022-11-13 11:54:00.460277,-0.03,0.95,0.18,1.65,1.16,2.56,-12.41,-3.52,-33.54,1
O,2022-11-13 11:54:00.460439,-0.03,0.95,0.18,1.77,1.16,2.50,-12.41,-3.52,-33.54,1
O,2022-11-13 11:54:00.460591,-0.03,0.95,0.18,1.65,1.34,2.38,-12.95,-3.34,-32.89,1
O,2022-11-13 11:54:00.460752,-0.03,0.95,0.18,1.65,1.40,2.62,-12.95,-3.34,-32.89,1
O,2022-11-13 11:54:00.460903,-0.03,0.95,0.18,1.83,1.22,2.38,-12.78,-4.25,-33.48,1
O,2022-11-13 11:54:00.461054,-0.03,0.95,0.18,1.65,1.22,2.26,-12.78,-4.25,-33.48,1
O,2022-11-13 11:54:00.461215,-0.03,0.95,0.19,1.65,1.28,2.56,-12.78,-4.25,-33.48,1
O,2022-11-13 11:54:00.461369,-0.03,0.95,0.18,1.40,1.28,2.50,-12.73,-3.55,-33.18,1
O,2022-11-13 11:54:00.461528,-0.03,0.95,0.18,1.65,1.28,2.44,-12.73,-3.55,-33.18,1
O,2022-11-13 11:54:00.461677,-0.03,0.95,0.18,1.59,1.22,2.26,-12.73,-3.55,-33.18,1
O,2022-11-13 11:54:00.461827,-0.03,0.95,0.18,1.77,1.28,2.38,-12.52,-3.66,-34.33,1
O,2022-11-13 11:54:00.461990,-0.03,0.95,0.18,1.77,1.22,2.50,-12.52,-3.66,-34.33,1
O,2022-11-13 11:54:00.462142,-0.03,0.95,0.18,1.46,1.28,2.50,-12.52,-3.66,-34.33,1
O,2022-11-13 11:54:00.462305,-0.03,0.95,0.18,1.59,1.22,2.26,-12.38,-3.77,-33.85,1
O,2022-11-13 11:54:00.462459,-0.03,0.95,0.18,1.46,1.40,2.38,-12.38,-3.77,-33.85,1
O,2022-11-13 11:54:00.462609,-0.03,0.95,0.18,1.71,1.34,2.26,-12.88,-3.47,-33.34,1
O,2022-11-13 11:54:00.462773,-0.03,0.95,0.18,1.34,1.22,2.32,-12.88,-3.47,-33.34,1
O,2022-11-13 11:54:00.462925,-0.03,0.95,0.19,1.71,1.10,2.26,-12.88,-3.47,-33.34,1
O,2022-11-13 11:54:00.463088,-0.03,0.95,0.18,1.40,1.16,2.44,-12.28,-3.60,-34.13,1
O,2022-11-13 11:54:00.463243,-0.03,0.95,0.18,1.77,1.22,2.26,-12.28,-3.60,-34.13,1
O,2022-11-13 11:54:00.463399,-0.03,0.95,0.18,1.71,1.28,2.50,-12.28,-3.60,-34.13,1
O,2022-11-13 11:54:00.463556,-0.03,0.95,0.19,2.14,1.10,2.50,-12.68,-3.33,-34.01,1
O,2022-11-13 11:54:00.463708,-0.03,0.95,0.18,1.53,1.34,2.50,-12.68,-3.33,-34.01,1
O,2022-11-13 11:54:00.463872,-0.03,0.95,0.18,1.71,1.28,2.38,-12.68,-3.33,-34.01,1
O,2022-11-13 11:54:00.464022,-0.03,0.95,0.18,1.65,1.34,2.50,-12.18,-4.05,-34.12,1
O,2022-11-13 11:54:00.464180,-0.03,0.95,0.18,1.77,1.16,2.32,-12.18,-4.05,-34.12,1
O,2022-11-13 11:54:00.464334,-0.03,0.95,0.18,1.83,1.16,2.32,-12.28,-2.98,-34.48,1
O,2022-11-13 11:54:00.464485,-0.03,0.95,0.18,1.71,1.10,2.50,-12.28,-2.98,-34.48,1
O,2022-11-13 11:54:00.464644,-0.03,0.95,0.18,1.59,1.22,2.62,-12.28,-2.98,-34.48,1
O,2022-11-13 11:54:00.464795,-0.03,0.95,0.18,1.77,1.16,2.20,-12.87,-3.70,-34.12,1
O,2022-11-13 11:54:00.464951,-0.03,0.95,0.18,1.83,1.22,2.44,-12.87,-3.70,-34.12,1
O,2022-11-13 11:54:00.465102,-0.03,0.95,0.18,1.71,1.16,2.32,-12.87,-3.70,-34.12,1
O,2022-11-13 11:54:00.465254,-0.03,0.95,0.18,1.59,1.10,2.32,-12.90,-4.14,-32.47,1
O,2022-11-13 11:54:00.465413,-0.03,0.95,0.18,1.53,1.16,2.44,-12.90,-4.14,-32.47,1
O,2022-11-13 11:54:00.465565,-0.03,0.95,0.18,1.71,1.16,2.44,-12.90,-4.14,-32.47,1
O,2022-11-13 11:54:00.465729,-0.03,0.95,0.18,1.71,1.46,2.38,-12.40,-3.82,-32.80,1
O,2022-11-13 11:54:00.465883,-0.03,0.95,0.18,1.59,1.40,2.44,-12.40,-3.82,-32.80,1
O,2022-11-13 11:54:00.466047,-0.03,0.95,0.18,1.53,1.28,2.32,-12.40,-3.92,-32.73,1
O,2022-11-13 11:54:00.466205,-0.03,0.95,0.18,1.89,1.04,2.32,-12.40,-3.92,-32.73,1
O,2022-11-13 11:54:00.466361,-0.03,0.95,0.18,1.83,1.16,2.50,-12.40,-3.92,-32.73,1
O,2022-11-13 11:54:00.466524,-0.03,0.95,0.18,1.59,1.22,2.44,-12.49,-3.53,-34.34,1
O,2022-11-13 11:54:00.466675,-0.03,0.95,0.18,1.83,1.28,2.38,-12.49,-3.53,-34.34,1
O,2022-11-13 11:54:00.466827,-0.03,0.95,0.18,1.65,1.22,2.44,-12.49,-3.53,-34.34,1
O,2022-11-13 11:54:00.466985,-0.03,0.95,0.18,1.53,1.04,2.32,-12.32,-3.42,-33.85,1
O,2022-11-13 11:54:00.467136,-0.03,0.95,0.18,1.83,1.22,2.44,-12.32,-3.42,-33.85,1
O,2022-11-13 11:54:00.467298,-0.03,0.95,0.18,1.77,1.16,2.44,-12.32,-3.42,-33.85,1
O,2022-11-13 11:54:00.467454,-0.03,0.95,0.18,1.59,1.16,2.38,-13.29,-3.21,-33.87,1
O,2022-11-13 11:54:00.467615,-0.03,0.95,0.18,1.59,1.22,2.44,-13.29,-3.21,-33.87,1
O,2022-11-13 11:54:00.467766,-0.03,0.95,0.18,1.53,1.28,2.44,-12.50,-3.81,-33.64,1
O,2022-11-13 11:54:00.467915,-0.03,0.95,0.18,1.65,1.46,2.50,-12.50,-3.81,-33.64,1
O,2022-11-13 11:54:00.468079,-0.03,0.95,0.18,1.77,1.10,2.26,-12.50,-3.81,-33.64,1
O,2022-11-13 11:54:00.468228,-0.03,0.95,0.18,1.89,1.04,2.32,-12.94,-3.91,-34.36,1
O,2022-11-13 11:54:00.468384,-0.03,0.95,0.18,1.77,1.34,2.44,-12.94,-3.91,-34.36,1
O,2022-11-13 11:54:00.468538,-0.03,0.95,0.18,1.83,1.22,2.50,-12.94,-3.91,-34.36,1
O,2022-11-13 11:54:00.468694,-0.03,0.95,0.18,1.28,1.28,2.20,-11.99,-3.94,-33.97,1
O,2022-11-13 11:54:00.468852,-0.03,0.95,0.18,2.20,1.22,2.26,-11.99,-3.94,-33.97,1
O,2022-11-13 11:54:00.469003,-0.03,0.95,0.18,1.59,1.04,2.32,-11.99,-3.94,-33.97,1
O,2022-11-13 11:54:00.469161,-0.03,0.95,0.18,1.59,1.22,2.44,-12.71,-3.48,-33.14,1
O,2022-11-13 11:54:00.469327,-0.03,0.95,0.18,1.59,1.34,2.38,-12.71,-3.48,-33.14,1
O,2022-11-13 11:54:00.469549,-0.03,0.95,0.18,1.83,1.22,2.38,-13.28,-3.30,-33.39,1
O,2022-11-13 11:54:00.469732,-0.03,0.95,0.18,1.89,1.16,2.38,-13.28,-3.30,-33.39,1
O,2022-11-13 11:54:00.469903,-0.03,0.95,0.18,1.59,1.28,2.38,-13.28,-3.30,-33.39,1
O,2022-11-13 11:54:00.470095,-0.03,0.95,0.19,1.71,1.16,2.26,-12.76,-3.87,-33.51,1
O,2022-11-13 11:54:00.470265,-0.03,0.95,0.18,1.65,1.28,2.38,-12.76,-3.87,-33.51,1
O,2022-11-13 11:54:00.470437,-0.03,0.95,0.18,1.89,1.22,2.62,-12.76,-3.87,-33.51,1
O,2022-11-13 11:54:00.470613,-0.03,0.95,0.18,1.40,1.22,2.26,-12.93,-3.43,-33.94,1
O,2022-11-13 11:54:00.470780,-0.03,0.95,0.18,1.71,1.28,2.44,-12.93,-3.43,-33.94,1
O,2022-11-13 11:54:00.470947,-0.03,0.95,0.19,1.77,1.28,2.38,-12.93,-3.43,-33.94,1
O,2022-11-13 11:54:00.471114,-0.03,0.95,0.18,1.53,1.16,2.38,-12.65,-3.59,-32.92,1
O,2022-11-13 11:54:00.471342,-0.03,0.95,0.18,1.77,1.22,2.26,-12.65,-3.59,-32.92,1
O,2022-11-13 11:54:00.471503,-0.03,0.95,0.18,1.83,1.22,2.38,-12.78,-3.60,-34.11,1
O,2022-11-13 11:54:00.471674,-0.03,0.95,0.18,1.77,1.28,2.38,-12.78,-3.60,-34.11,1
O,2022-11-13 11:54:00.471846,-0.03,0.95,0.18,1.77,1.34,2.50,-12.78,-3.60,-34.11,1
O,2022-11-13 11:54:00.472007,-0.03,0.95,0.18,1.65,1.28,2.44,-12.55,-3.89,-34.01,1
O,2022-11-13 11:54:00.472191,-0.03,0.95,0.18,1.71,1.16,2.44,-12.55,-3.89,-34.01,1
O,2022-11-13 11:54:00.472352,-0.03,0.95,0.18,1.95,1.04,2.38,-12.55,-3.89,-34.01,1
O,2022-11-13 11:54:00.472508,-0.03,0.95,0.18,1.65,1.16,2.20,-12.76,-3.56,-34.00,1
O,2022-11-13 11:54:00.472678,-0.03,0.95,0.18,1.65,1.22,2.56,-12.76,-3.56,-34.00,1
O,2022-11-13 11:54:00.472849,-0.03,0.95,0.18,1.77,1.22,2.50,-12.76,-3.56,-34.00,1
O,2022-11-13 11:54:00.473017,-0.03,0.95,0.18,1.71,1.16,2.26,-12.44,-3.80,-34.07,1
O,2022-11-13 11:54:00.473169,-0.03,0.95,0.18,1.89,1.34,2.44,-12.44,-3.80,-34.07,1
O,2022-11-13 11:54:00.473327,-0.03,0.95,0.18,1.46,1.34,2.50,-12.83,-3.80,-34.75,1
O,2022-11-13 11:54:00.473487,-0.03,0.95,0.18,1.34,1.34,2.32,-12.83,-3.80,-34.75,1
O,2022-11-13 11:54:00.473661,-0.03,0.95,0.18,1.83,1.22,2.38,-12.83,-3.80,-34.75,1
O,2022-11-13 11:54:00.473887,-0.03,0.95,0.18,1.83,1.04,2.38,-12.32,-4.10,-33.28,1
O,2022-11-13 11:54:00.474065,-0.03,0.95,0.18,1.71,1.16,2.38,-12.32,-4.10,-33.28,1
O,2022-11-13 11:54:00.474239,-0.03,0.95,0.18,1.71,1.34,2.44,-12.32,-4.10,-33.28,1
O,2022-11-13 11:54:00.474390,-0.03,0.95,0.18,1.65,1.22,2.50,-11.91,-3.64,-34.42,1
O,2022-11-13 11:54:00.474544,-0.03,0.95,0.19,1.89,1.10,2.50,-11.91,-3.64,-34.42,1
O,2022-11-13 11:54:00.474700,-0.03,0.95,0.18,1.83,1.34,2.38,-11.91,-3.64,-34.42,1
O,2022-11-13 11:54:00.474849,-0.03,0.95,0.18,1.65,1.10,2.26,-13.06,-3.96,-33.47,1
O,2022-11-13 11:54:00.475007,-0.03,0.95,0.18,1.65,1.28,2.50,-13.06,-3.96,-33.47,1
O,2022-11-13 11:54:00.475156,-0.03,0.95,0.18,1.77,1.28,2.26,-12.90,-3.52,-33.37,1
O,2022-11-13 11:54:00.475313,-0.03,0.95,0.18,1.22,1.34,2.26,-12.90,-3.52,-33.37,1
O,2022-11-13 11:54:00.475475,-0.03,0.95,0.18,1.65,1.22,2.38,-12.90,-3.52,-33.37,1
O,2022-11-13 11:54:00.475628,-0.03,0.95,0.18,1.95,1.16,2.56,-12.61,-3.74,-33.73,1
O,2022-11-13 11:54:00.475789,-0.03,0.95,0.18,1.65,1.34,2.50,-12.61,-3.74,-33.73,1
O,2022-11-13 11:54:00.475938,-0.03,0.95,0.18,1.77,1.28,2.50,-12.61,-3.74,-33.73,1
O,2022-11-13 11:54:00.476098,-0.03,0.95,0.18,1.40,1.28,2.50,-13.04,-3.38,-33.97,1
O,2022-11-13 11:54:00.476253,-0.03,0.95,0.18,2.01,1.40,2.38,-13.04,-3.38,-33.97,1
O,2022-11-13 11:54:00.476404,-0.03,0.95,0.19,1.83,1.34,2.69,-13.04,-3.38,-33.97,1
O,2022-11-13 11:54:00.476565,-0.03,0.95,0.18,1.65,1.22,2.32,-12.35,-3.77,-34.23,1
O,2022-11-13 11:54:00.476722,-0.03,0.95,0.18,1.83,1.28,2.32,-12.35,-3.77,-34.23,1
O,2022-11-13 11:54:00.476904,-0.03,0.95,0.18,1.53,1.22,2.32,-12.23,-4.28,-32.96,1
O,2022-11-13 11:54:00.477055,-0.03,0.95,0.18,1.89,1.28,2.32,-12.23,-4.28,-32.96,1
O,2022-11-13 11:54:00.477208,-0.03,0.95,0.18,1.77,1.22,2.26,-12.23,-4.28,-32.96,1
O,2022-11-13 11:54:00.477370,-0.03,0.95,0.18,1.71,1.10,2.38,-12.18,-3.56,-33.63,1
O,2022-11-13 11:54:00.477524,-0.03,0.95,0.18,1.65,1.28,2.38,-12.18,-3.56,-33.63,1
O,2022-11-13 11:54:00.477683,-0.03,0.95,0.18,1.46,1.34,2.56,-12.18,-3.56,-33.63,1
O,2022-11-13 11:54:00.477835,-0.03,0.95,0.18,1.95,1.22,2.32,-12.92,-3.70,-33.74,1
O,2022-11-13 11:54:00.477993,-0.03,0.95,0.18,1.65,1.28,2.44,-12.92,-3.70,-33.74,1
O,2022-11-13 11:54:00.478145,-0.03,0.95,0.18,1.83,1.04,2.56,-12.92,-3.70,-33.74,1
O,2022-11-13 11:54:00.478297,-0.03,0.95,0.18,1.59,1.28,2.26,-12.17,-3.67,-34.24,1
O,2022-11-13 11:54:00.478461,-0.03,0.95,0.18,1.83,1.22,2.50,-12.17,-3.67,-34.24,1
O,2022-11-13 11:54:00.478613,-0.03,0.95,0.18,1.83,1.34,2.44,-12.48,-3.47,-33.46,1
O,2022-11-13 11:54:00.478773,-0.03,0.95,0.18,1.40,1.40,2.44,-12.48,-3.47,-33.46,1
O,2022-11-13 11:54:00.478925,-0.03,0.95,0.18,1.71,1.34,2.38,-12.48,-3.47,-33.46,1
O,2022-11-13 11:54:00.479081,-0.03,0.95,0.18,1.59,1.16,2.38,-12.50,-3.49,-34.25,1
O,2022-11-13 11:54:00.479246,-0.03,0.95,0.18,1.65,1.22,2.26,-12.50,-3.49,-34.25,1
O,2022-11-13 11:54:00.479397,-0.03,0.95,0.18,2.01,1.10,2.50,-12.50,-3.49,-34.25,1
O,2022-11-13 11:54:00.479559,-0.03,0.95,0.18,1.59,1.22,2.20,-11.99,-3.97,-33.96,1
O,2022-11-13 11:54:00.479709,-0.03,0.95,0.18,1.71,1.16,2.44,-11.99,-3.97,-33.96,1
O,2022-11-13 11:54:00.479859,-0.03,0.95,0.18,1.77,1.40,2.32,-11.99,-3.97,-33.96,1
O,2022-11-13 11:54:00.480025,-0.03,0.95,0.18,1.77,1.22,2.26,-12.55,-3.99,-34.48,1
O,2022-11-13 11:54:00.480176,-0.03,0.95,0.18,1.71,1.22,2.62,-12.55,-3.99,-34.48,1
O,2022-11-13 11:54:00.480344,-0.03,0.95,0.18,1.95,1.28,2.56,-12.46,-3.82,-33.68,1
O,2022-11-13 11:54:00.480502,-0.03,0.95,0.18,1.71,1.16,2.32,-12.46,-3.82,-33.68,1
O,2022-11-13 11:54:00.480655,-0.03,0.95,0.18,1.77,1.40,2.56,-12.46,-3.82,-33.68,1
O,2022-11-13 11:54:00.480816,-0.03,0.95,0.19,1.89,1.16,2.50,-12.54,-3.65,-34.74,1
O,2022-11-13 11:54:00.480966,-0.03,0.95,0.18,1.46,1.10,2.38,-12.54,-3.65,-34.74,1
O,2022-11-13 11:54:00.481129,-0.03,0.95,0.18,2.01,1.22,2.38,-12.54,-3.65,-34.74,1
O,2022-11-13 11:54:00.481279,-0.03,0.95,0.18,1.46,1.34,2.38,-12.50,-3.28,-35.10,1
O,2022-11-13 11:54:00.481430,-0.03,0.95,0.18,1.83,1.40,2.32,-12.50,-3.28,-35.10,1
O,2022-11-13 11:54:00.481592,-0.03,0.95,0.18,1.83,1.28,2.38,-12.50,-3.28,-35.10,1
O,2022-11-13 11:54:00.481751,-0.03,0.95,0.18,1.65,1.16,2.26,-12.17,-3.19,-34.17,1
O,2022-11-13 11:54:00.481913,-0.03,0.95,0.18,1.65,1.40,2.56,-12.17,-3.19,-34.17,1
O,2022-11-13 11:54:00.482064,-0.03,0.95,0.18,1.59,1.46,2.38,-12.83,-4.02,-34.19,1
O,2022-11-13 11:54:00.482223,-0.03,0.95,0.18,1.65,1.16,2.38,-12.83,-4.02,-34.19,1
O,2022-11-13 11:54:00.482377,-0.03,0.95,0.18,1.65,1.34,2.62,-12.83,-4.02,-34.19,1
O,2022-11-13 11:54:00.482534,-0.03,0.95,0.18,1.83,1.28,2.32,-12.48,-3.86,-35.34,1
O,2022-11-13 11:54:00.482697,-0.03,0.95,0.18,1.77,1.28,2.56,-12.48,-3.86,-35.34,1
O,2022-11-13 11:54:00.482851,-0.03,0.95,0.18,2.01,1.34,2.38,-12.48,-3.86,-35.34,1
O,2022-11-13 11:54:00.483008,-0.03,0.95,0.18,1.46,1.22,2.38,-12.27,-4.09,-34.96,1
O,2022-11-13 11:54:00.483158,-0.03,0.95,0.18,1.89,1.28,2.50,-12.27,-4.09,-34.96,1
O,2022-11-13 11:54:00.483309,-0.03,0.95,0.18,1.71,1.22,2.32,-12.27,-4.09,-34.96,1
O,2022-11-13 11:54:00.483466,-0.03,0.95,0.18,1.77,1.10,2.44,-12.44,-3.67,-33.17,1
O,2022-11-13 11:54:00.483617,-0.03,0.95,0.18,1.77,1.28,2.44,-12.44,-3.67,-33.17,1
O,2022-11-13 11:54:00.483774,-0.03,0.95,0.18,1.59,1.22,2.50,-12.93,-3.60,-33.94,1
O,2022-11-13 11:54:00.483926,-0.03,0.95,0.18,1.65,1.16,2.44,-12.93,-3.60,-33.94,1
O,2022-11-13 11:54:00.484077,-0.03,0.95,0.18,1.89,1.22,2.38,-12.93,-3.60,-33.94,1
O,2022-11-13 11:54:00.484234,-0.03,0.95,0.18,1.89,1.10,2.56,-12.55,-4.03,-33.83,1
O,2022-11-13 11:54:00.484386,-0.03,0.95,0.18,1.83,1.28,2.56,-12.55,-4.03,-33.83,1
O,2022-11-13 11:54:00.484544,-0.03,0.95,0.18,1.89,1.16,2.32,-12.55,-4.03,-33.83,1
O,2022-11-13 11:54:00.484698,-0.03,0.95,0.19,1.89,1.28,2.32,-13.01,-3.96,-34.47,1
O,2022-11-13 11:54:00.484873,-0.03,0.95,0.18,1.46,1.40,2.50,-13.01,-3.96,-34.47,1
O,2022-11-13 11:54:00.485026,-0.03,0.95,0.18,1.59,1.28,2.56,-13.01,-3.96,-34.47,1
O,2022-11-13 11:54:00.485182,-0.03,0.95,0.18,1.71,1.16,2.38,-13.02,-3.86,-33.89,1
O,2022-11-13 11:54:00.485342,-0.03,0.95,0.18,1.95,1.34,2.38,-13.02,-3.86,-33.89,1
O,2022-11-13 11:54:00.485494,-0.03,0.95,0.18,1.59,1.10,2.38,-12.77,-3.94,-33.69,1
O,2022-11-13 11:54:00.485659,-0.03,0.95,0.18,1.40,1.28,2.38,-12.77,-3.94,-33.69,1
O,2022-11-13 11:54:00.485810,-0.03,0.95,0.18,1.53,1.34,2.44,-12.77,-3.94,-33.69,1
O,2022-11-13 11:54:00.485964,-0.03,0.95,0.18,2.01,1.22,2.38,-12.19,-3.48,-34.36,1
O,2022-11-13 11:54:00.486122,-0.03,0.95,0.19,2.01,1.22,2.44,-12.19,-3.48,-34.36,1
O,2022-11-13 11:54:00.486275,-0.03,0.95,0.19,1.77,1.34,2.32,-12.19,-3.48,-34.36,1
O,2022-11-13 11:54:00.486446,-0.03,0.95,0.19,2.01,1.28,2.38,-12.08,-3.49,-34.42,1
O,2022-11-13 11:54:00.486599,-0.03,0.95,0.18,1.10,1.28,2.44,-12.08,-3.49,-34.42,1
O,2022-11-13 11:54:00.486751,-0.03,0.95,0.18,2.32,1.28,2.38,-12.08,-3.49,-34.42,1
O,2022-11-13 11:54:00.486907,-0.03,0.95,0.18,1.40,1.10,2.32,-12.32,-3.15,-33.63,1
O,2022-11-13 11:54:00.487059,-0.03,0.95,0.18,1.83,1.28,2.32,-12.32,-3.15,-33.63,1
O,2022-11-13 11:54:00.487217,-0.03,0.95,0.18,1.83,1.16,2.56,-12.56,-3.66,-33.65,1
O,2022-11-13 11:54:00.487370,-0.03,0.95,0.18,1.34,1.16,2.20,-12.56,-3.66,-33.65,1
O,2022-11-13 11:54:00.487529,-0.03,0.95,0.18,1.77,1.40,2.56,-12.56,-3.66,-33.65,1
O,2022-11-13 11:54:00.487718,-0.03,0.95,0.18,1.46,1.28,2.32,-12.59,-3.80,-33.73,1
O,2022-11-13 11:54:00.487901,-0.03,0.95,0.18,1.89,1.34,2.44,-12.59,-3.80,-33.73,1
O,2022-11-13 11:54:00.488095,-0.03,0.95,0.18,1.71,1.16,2.44,-12.59,-3.80,-33.73,1
O,2022-11-13 11:54:00.488261,-0.03,0.95,0.18,1.53,1.22,2.32,-12.39,-3.89,-34.05,1
O,2022-11-13 11:54:00.488433,-0.03,0.95,0.18,1.89,1.28,2.56,-12.39,-3.89,-34.05,1
O,2022-11-13 11:54:00.488600,-0.03,0.95,0.18,1.59,1.34,2.44,-12.39,-3.89,-34.05,1
O,2022-11-13 11:54:00.488765,-0.03,0.95,0.18,1.71,1.04,2.20,-11.89,-3.56,-34.39,1
O,2022-11-13 11:54:00.488934,-0.03,0.95,0.18,1.65,1.28,2.38,-11.89,-3.56,-34.39,1
O,2022-11-13 11:54:00.489110,-0.03,0.95,0.18,1.71,1.22,2.44,-11.95,-3.65,-34.28,1
O,2022-11-13 11:54:00.489278,-0.03,0.95,0.18,1.77,1.40,2.38,-11.95,-3.65,-34.28,1
O,2022-11-13 11:54:00.489440,-0.03,0.95,0.18,1.59,1.10,2.32,-11.95,-3.65,-34.28,1
O,2022-11-13 11:54:00.489602,-0.03,0.95,0.18,1.89,1.16,2.32,-12.32,-3.74,-34.19,1
O,2022-11-13 11:54:00.489769,-0.03,0.95,0.18,1.65,1.46,2.38,-12.32,-3.74,-34.19,1
O,2022-11-13 11:54:00.489941,-0.03,0.95,0.18,1.65,1.46,2.56,-12.32,-3.74,-34.19,1
O,2022-11-13 11:54:00.490120,-0.03,0.95,0.18,1.71,1.28,2.38,-12.93,-3.11,-33.92,1
O,2022-11-13 11:54:00.490286,-0.03,0.95,0.18,1.71,1.16,2.44,-12.93,-3.11,-33.92,1
O,2022-11-13 11:54:00.490453,-0.03,0.95,0.18,1.71,1.40,2.38,-12.93,-3.11,-33.92,1
O,2022-11-13 11:54:00.490618,-0.03,0.95,0.18,1.83,1.28,2.20,-13.35,-3.41,-33.61,1
O,2022-11-13 11:54:00.490772,-0.03,0.95,0.18,1.65,1.40,2.50,-13.35,-3.41,-33.61,1
O,2022-11-13 11:54:00.490960,-0.03,0.95,0.18,1.77,1.22,2.38,-12.61,-3.53,-33.34,1
O,2022-11-13 11:54:00.491121,-0.03,0.95,0.18,1.46,1.40,2.38,-12.61,-3.53,-33.34,1
O,2022-11-13 11:54:00.491341,-0.03,0.95,0.18,1.83,1.28,2.44,-12.61,-3.53,-33.34,1
O,2022-11-13 11:54:00.491514,-0.03,0.95,0.18,1.65,1.22,2.44,-12.85,-3.15,-34.07,1
O,2022-11-13 11:54:00.491674,-0.03,0.95,0.18,1.53,1.22,2.44,-12.85,-3.15,-34.07,1
O,2022-11-13 11:54:00.491851,-0.03,0.95,0.18,1.77,1.34,2.38,-12.85,-3.15,-34.07,1
O,2022-11-13 11:54:00.492033,-0.03,0.95,0.18,1.59,1.10,2.32,-13.09,-4.19,-33.75,1
O,2022-11-13 11:54:00.492222,-0.03,0.95,0.18,1.83,1.22,2.38,-13.09,-4.19,-33.75,1
O,2022-11-13 11:54:00.492375,-0.03,0.95,0.18,1.59,1.28,2.32,-13.09,-4.19,-33.75,1
O,2022-11-13 11:54:00.492528,-0.03,0.95,0.18,1.53,1.16,2.44,-12.89,-3.80,-33.85,1
O,2022-11-13 11:54:00.492687,-0.03,0.95,0.18,1.89,1.28,2.38,-12.89,-3.80,-33.85,1
O,2022-11-13 11:54:00.492837,-0.03,0.95,0.18,2.08,1.10,2.38,-12.67,-3.77,-34.17,1
O,2022-11-13 11:54:00.492999,-0.03,0.95,0.18,1.83,1.10,2.32,-12.67,-3.77,-34.17,1
O,2022-11-13 11:54:00.493150,-0.03,0.95,0.18,1.71,1.28,2.38,-12.67,-3.77,-34.17,1
O,2022-11-13 11:54:00.493306,-0.03,0.95,0.18,1.65,1.34,2.50,-12.78,-3.25,-34.77,1
O,2022-11-13 11:54:00.493462,-0.03,0.95,0.18,1.71,1.16,2.32,-12.78,-3.25,-34.77,1
O,2022-11-13 11:54:00.493614,-0.03,0.95,0.18,1.77,1.10,2.62,-12.78,-3.25,-34.77,1
O,2022-11-13 11:54:00.493779,-0.03,0.95,0.18,1.46,1.28,2.44,-12.34,-3.22,-34.31,1
O,2022-11-13 11:54:00.493930,-0.03,0.95,0.18,1.89,1.22,2.38,-12.34,-3.22,-34.31,1
O,2022-11-13 11:54:00.494089,-0.03,0.95,0.18,1.71,1.16,2.44,-12.34,-3.22,-34.31,1
O,2022-11-13 11:54:00.494244,-0.03,0.95,0.18,1.71,1.04,2.20,-12.39,-3.83,-33.31,1
O,2022-11-13 11:54:00.494397,-0.03,0.95,0.18,1.77,1.16,2.38,-12.39,-3.83,-33.31,1
O,2022-11-13 11:54:00.494561,-0.03,0.95,0.18,1.83,1.04,2.38,-12.35,-3.49,-33.94,1
O,2022-11-13 11:54:00.494713,-0.03,0.95,0.18,1.65,1.10,2.26,-12.35,-3.49,-33.94,1
O,2022-11-13 11:54:00.494869,-0.03,0.95,0.18,1.77,1.28,2.50,-12.35,-3.49,-33.94,1
O,2022-11-13 11:54:00.495019,-0.03,0.95,0.18,1.46,1.28,2.32,-12.24,-3.60,-33.79,1
O,2022-11-13 11:54:00.495169,-0.03,0.95,0.18,1.77,1.16,2.50,-12.24,-3.60,-33.79,1
O,2022-11-13 11:54:00.495328,-0.03,0.95,0.18,1.59,1.28,2.38,-12.24,-3.60,-33.79,1
O,2022-11-13 11:54:00.495479,-0.03,0.95,0.18,1.71,1.10,2.32,-12.33,-3.39,-33.59,1
O,2022-11-13 11:54:00.495644,-0.03,0.95,0.18,1.53,1.28,2.32,-12.33,-3.39,-33.59,1
O,2022-11-13 11:54:00.495795,-0.03,0.95,0.18,1.77,1.16,2.50,-12.33,-3.39,-33.59,1
O,2022-11-13 11:54:00.495953,-0.03,0.95,0.18,1.89,1.10,2.38,-12.50,-3.86,-33.36,1
O,2022-11-13 11:54:00.496117,-0.03,0.95,0.18,1.83,1.10,2.56,-12.50,-3.86,-33.36,1
O,2022-11-13 11:54:00.496267,-0.03,0.95,0.18,1.83,1.10,2.50,-13.16,-3.08,-34.75,1
O,2022-11-13 11:54:00.496431,-0.03,0.95,0.18,1.59,1.16,2.32,-13.16,-3.08,-34.75,1
O,2022-11-13 11:54:00.496580,-0.03,0.95,0.19,1.77,1.16,2.32,-13.16,-3.08,-34.75,1
O,2022-11-13 11:54:00.496730,-0.03,0.95,0.19,1.89,1.04,2.50,-12.98,-3.78,-33.87,1
O,2022-11-13 11:54:00.496887,-0.03,0.95,0.18,1.46,1.10,2.44,-12.98,-3.78,-33.87,1
O,2022-11-13 11:54:00.497037,-0.03,0.95,0.18,1.46,1.34,2.44,-12.98,-3.78,-33.87,1
O,2022-11-13 11:54:00.497202,-0.03,0.95,0.19,1.89,1.34,2.50,-12.48,-3.21,-34.12,1
O,2022-11-13 11:54:00.497353,-0.03,0.95,0.18,1.59,1.28,2.38,-12.48,-3.21,-34.12,1
O,2022-11-13 11:54:00.497509,-0.03,0.95,0.19,2.08,1.28,2.44,-12.48,-3.21,-34.12,1
O,2022-11-13 11:54:00.497661,-0.03,0.95,0.18,1.65,1.46,2.20,-12.74,-3.86,-33.69,1
O,2022-11-13 11:54:00.497812,-0.03,0.95,0.18,2.08,1.10,2.32,-12.74,-3.86,-33.69,1
O,2022-11-13 11:54:00.497972,-0.03,0.95,0.18,1.71,1.34,2.69,-12.16,-3.52,-33.13,1
O,2022-11-13 11:54:00.498122,-0.03,0.95,0.18,1.65,1.10,2.32,-12.16,-3.52,-33.13,1
O,2022-11-13 11:54:00.498282,-0.03,0.95,0.18,1.89,1.16,2.32,-12.16,-3.52,-33.13,1
O,2022-11-13 11:54:00.498432,-0.03,0.95,0.18,1.89,0.98,2.50,-12.40,-3.50,-33.51,1
O,2022-11-13 11:54:00.498583,-0.03,0.95,0.19,2.01,1.28,2.50,-12.40,-3.50,-33.51,1
O,2022-11-13 11:54:00.498744,-0.03,0.95,0.18,1.28,1.34,2.32,-12.40,-3.50,-33.51,1
O,2022-11-13 11:54:00.498900,-0.03,0.95,0.18,1.77,1.22,2.50,-12.54,-3.34,-33.79,1
O,2022-11-13 11:54:00.499059,-0.03,0.95,0.18,1.95,1.22,2.44,-12.54,-3.34,-33.79,1
O,2022-11-13 11:54:00.499215,-0.03,0.95,0.18,1.83,1.04,2.32,-12.54,-3.34,-33.79,1
O,2022-11-13 11:54:00.499368,-0.03,0.95,0.18,1.46,1.22,2.32,-12.77,-3.97,-34.30,1
O,2022-11-13 11:54:00.499538,-0.03,0.95,0.18,1.77,1.22,2.56,-12.77,-3.97,-34.30,1
O,2022-11-13 11:54:00.499692,-0.03,0.95,0.18,1.65,1.22,2.32,-13.05,-3.66,-33.92,1
O,2022-11-13 11:54:00.499853,-0.03,0.95,0.18,1.16,1.16,2.44,-13.05,-3.66,-33.92,1
O,2022-11-13 11:54:00.500013,-0.03,0.95,0.18,1.77,1.16,2.26,-13.05,-3.66,-33.92,1
O,2022-11-13 11:54:00.500165,-0.03,0.95,0.18,1.71,1.22,2.44,-12.92,-3.60,-34.36,1
O,2022-11-13 11:54:00.500334,-0.03,0.95,0.18,2.08,1.04,2.44,-12.92,-3.60,-34.36,1
O,2022-11-13 11:54:00.500505,-0.03,0.95,0.18,1.71,1.22,2.32,-12.92,-3.60,-34.36,1
O,2022-11-13 11:54:00.500665,-0.03,0.95,0.18,1.77,1.22,2.32,-12.89,-3.70,-33.81,1
O,2022-11-13 11:54:00.500818,-0.03,0.95,0.18,1.95,1.04,2.32,-12.89,-3.70,-33.81,1
O,2022-11-13 11:54:00.500978,-0.03,0.95,0.18,1.83,1.04,2.32,-12.89,-3.70,-33.81,1
O,2022-11-13 11:54:00.501133,-0.03,0.95,0.18,1.46,1.10,2.38,-12.93,-3.37,-34.02,1
O,2022-11-13 11:54:00.501287,-0.03,0.95,0.18,1.83,1.16,2.32,-12.93,-3.37,-34.02,1
O,2022-11-13 11:54:00.501448,-0.03,0.95,0.18,1.65,1.04,2.44,-13.05,-3.67,-34.11,1
O,2022-11-13 11:54:00.501598,-0.03,0.95,0.18,1.59,1.34,2.38,-13.05,-3.67,-34.11,1
O,2022-11-13 11:54:00.501756,-0.03,0.95,0.18,1.65,1.28,2.56,-13.05,-3.67,-34.11,1
O,2022-11-13 11:54:00.501910,-0.03,0.95,0.18,2.01,1.16,2.38,-12.54,-3.45,-34.05,1
O,2022-11-13 11:54:00.502066,-0.03,0.95,0.18,1.77,1.34,2.32,-12.54,-3.45,-34.05,1
O,2022-11-13 11:54:00.502230,-0.03,0.95,0.18,1.34,1.22,2.44,-12.54,-3.45,-34.05,1
O,2022-11-13 11:54:00.502381,-0.03,0.95,0.18,2.01,0.98,2.20,-12.57,-3.22,-34.77,1
O,2022-11-13 11:54:00.502540,-0.03,0.95,0.18,1.71,1.10,2.50,-12.57,-3.22,-34.77,1
O,2022-11-13 11:54:00.502689,-0.03,0.95,0.18,1.95,1.16,2.38,-12.57,-3.22,-34.77,1
O,2022-11-13 11:54:00.502841,-0.03,0.95,0.18,1.40,1.10,2.14,-12.61,-3.69,-32.91,1
O,2022-11-13 11:54:00.502999,-0.03,0.95,0.18,2.01,1.16,2.32,-12.61,-3.69,-32.91,1
O,2022-11-13 11:54:00.503150,-0.03,0.95,0.18,1.89,0.98,2.44,-12.62,-3.65,-34.14,1
O,2022-11-13 11:54:00.503308,-0.03,0.95,0.18,1.77,1.04,2.38,-12.62,-3.65,-34.14,1
O,2022-11-13 11:54:00.503458,-0.03,0.95,0.18,1.89,1.22,2.56,-12.62,-3.65,-34.14,1
O,2022-11-13 11:54:00.503615,-0.03,0.95,0.18,1.83,0.98,2.50,-12.50,-3.82,-33.70,1
O,2022-11-13 11:54:00.503767,-0.03,0.95,0.19,2.01,1.16,2.44,-12.50,-3.82,-33.70,1
O,2022-11-13 11:54:00.503916,-0.03,0.95,0.18,1.89,1.16,2.44,-12.50,-3.82,-33.70,1
O,2022-11-13 11:54:00.504075,-0.03,0.95,0.18,1.83,0.98,2.32,-12.52,-3.52,-34.03,1
O,2022-11-13 11:54:00.504224,-0.03,0.95,0.18,1.83,1.28,2.56,-12.52,-3.52,-34.03,1
O,2022-11-13 11:54:00.504383,-0.03,0.95,0.18,1.89,1.16,2.38,-12.52,-3.52,-34.03,1
O,2022-11-13 11:54:00.504534,-0.03,0.95,0.18,1.53,0.92,2.20,-12.90,-3.98,-33.94,1
O,2022-11-13 11:54:00.504685,-0.03,0.95,0.18,1.59,1.22,2.38,-12.90,-3.98,-33.94,1
O,2022-11-13 11:54:00.504853,-0.03,0.95,0.18,1.89,1.34,2.50,-12.39,-3.58,-33.19,1
O,2022-11-13 11:54:00.505003,-0.03,0.95,0.18,1.95,1.16,2.44,-12.39,-3.58,-33.19,1
O,2022-11-13 11:54:00.505165,-0.03,0.95,0.18,1.71,1.16,2.38,-12.39,-3.58,-33.19,1
O,2022-11-13 11:54:00.505329,-0.03,0.95,0.18,1.89,1.22,2.44,-12.57,-4.00,-33.76,1
O,2022-11-13 11:54:00.505483,-0.03,0.95,0.18,1.83,0.98,2.50,-12.57,-4.00,-33.76,1
O,2022-11-13 11:54:00.505660,-0.03,0.95,0.18,1.89,1.04,2.44,-12.57,-4.00,-33.76,1
O,2022-11-13 11:54:00.505836,-0.03,0.95,0.18,1.59,1.04,2.38,-12.77,-3.77,-33.48,1
O,2022-11-13 11:54:00.506018,-0.03,0.95,0.18,1.95,1.34,2.38,-12.77,-3.77,-33.48,1
O,2022-11-13 11:54:00.506195,-0.03,0.94,0.18,1.83,0.85,2.32,-12.77,-3.77,-33.48,1
O,2022-11-13 11:54:00.506382,-0.04,0.95,0.18,1.77,0.98,2.32,-12.24,-3.77,-34.01,1
O,2022-11-13 11:54:00.506541,-0.03,0.95,0.18,1.16,1.16,2.38,-12.24,-3.77,-34.01,1
O,2022-11-13 11:54:00.506708,-0.03,0.95,0.18,1.77,1.10,2.26,-12.76,-3.28,-33.65,1
O,2022-11-13 11:54:00.506897,-0.03,0.95,0.18,2.01,1.04,2.32,-12.76,-3.28,-33.65,1
O,2022-11-13 11:54:00.507064,-0.03,0.95,0.19,2.01,1.16,2.32,-12.76,-3.28,-33.65,1
O,2022-11-13 11:54:00.507249,-0.03,0.95,0.18,1.22,1.28,2.44,-12.76,-3.91,-33.07,1
O,2022-11-13 11:54:00.507424,-0.03,0.95,0.18,1.89,1.16,2.44,-12.76,-3.91,-33.07,1
O,2022-11-13 11:54:00.507588,-0.03,0.95,0.18,1.83,1.16,2.38,-12.76,-3.91,-33.07,1
O,2022-11-13 11:54:00.507805,-0.03,0.95,0.18,2.01,1.10,2.32,-12.77,-3.25,-34.01,1
O,2022-11-13 11:54:00.507977,-0.03,0.95,0.18,1.83,1.16,2.38,-12.77,-3.25,-34.01,1
O,2022-11-13 11:54:00.508153,-0.03,0.95,0.18,1.46,1.40,2.32,-12.77,-3.25,-34.01,1
O,2022-11-13 11:54:00.508325,-0.03,0.95,0.18,1.46,1.10,2.32,-13.68,-3.75,-34.84,1
O,2022-11-13 11:54:00.508498,-0.03,0.95,0.18,1.77,1.04,2.50,-13.68,-3.75,-34.84,1
O,2022-11-13 11:54:00.508678,-0.03,0.95,0.18,1.95,1.16,2.56,-13.04,-3.60,-33.89,1
O,2022-11-13 11:54:00.508831,-0.03,0.95,0.18,1.65,1.22,2.26,-13.04,-3.60,-33.89,1
O,2022-11-13 11:54:00.509050,-0.03,0.95,0.18,1.59,1.16,2.32,-13.04,-3.60,-33.89,1
O,2022-11-13 11:54:00.509233,-0.03,0.95,0.19,1.89,1.10,2.44,-12.68,-3.63,-34.41,1
O,2022-11-13 11:54:00.509406,-0.03,0.95,0.18,1.28,1.34,2.44,-12.68,-3.63,-34.41,1
O,2022-11-13 11:54:00.509566,-0.03,0.95,0.18,1.77,1.16,2.62,-12.68,-3.63,-34.41,1
O,2022-11-13 11:54:00.509739,-0.03,0.95,0.18,1.95,1.10,2.26,-12.73,-3.80,-33.83,1
O,2022-11-13 11:54:00.509910,-0.03,0.95,0.18,1.59,1.22,2.50,-12.73,-3.80,-33.83,1
O,2022-11-13 11:54:00.510082,-0.03,0.95,0.18,1.59,1.40,2.38,-12.73,-3.80,-33.83,1
O,2022-11-13 11:54:00.510256,-0.03,0.95,0.18,1.22,1.16,2.32,-13.21,-3.66,-34.19,1
O,2022-11-13 11:54:00.510411,-0.03,0.95,0.18,2.01,1.28,2.26,-13.21,-3.66,-34.19,1
O,2022-11-13 11:54:00.510562,-0.03,0.96,0.18,1.83,1.28,2.44,-12.78,-4.09,-32.81,1
O,2022-11-13 11:54:00.510730,-0.03,0.95,0.19,3.85,1.40,2.26,-12.78,-4.09,-32.81,1
O,2022-11-13 11:54:00.510882,-0.04,0.95,0.18,2.75,1.53,2.38,-12.78,-4.09,-32.81,1
O,2022-11-13 11:54:00.511046,-0.04,0.95,0.19,4.52,1.95,2.26,-13.05,-4.10,-33.57,1
O,2022-11-13 11:54:00.511199,-0.04,0.95,0.18,2.26,2.08,2.56,-13.05,-4.10,-33.57,1
O,2022-11-13 11:54:00.511350,-0.04,0.95,0.19,2.26,2.69,2.62,-13.05,-4.10,-33.57,1
O,2022-11-13 11:54:00.511519,-0.03,0.96,0.19,-3.05,2.38,3.17,-13.06,-3.89,-34.05,1
O,2022-11-13 11:54:00.511670,-0.02,0.95,0.19,1.28,1.89,2.56,-13.06,-3.89,-34.05,1
O,2022-11-13 11:54:00.511833,-0.03,0.96,0.18,-1.40,1.40,2.69,-13.06,-3.89,-34.05,1
O,2022-11-13 11:54:00.511984,-0.04,0.95,0.18,1.53,1.46,2.26,-12.63,-3.69,-33.17,1
O,2022-11-13 11:54:00.512142,-0.03,0.95,0.18,1.83,1.40,2.44,-12.63,-3.69,-33.17,1
O,2022-11-13 11:54:00.512295,-0.03,0.95,0.18,0.98,1.40,2.44,-12.16,-4.03,-34.34,1
O,2022-11-13 11:54:00.512447,-0.03,0.95,0.18,0.85,1.46,2.50,-12.16,-4.03,-34.34,1
O,2022-11-13 11:54:00.512611,-0.03,0.95,0.18,1.40,1.22,2.44,-12.16,-4.03,-34.34,1
O,2022-11-13 11:54:00.512767,-0.03,0.95,0.18,0.12,1.40,2.50,-12.65,-3.47,-34.05,1
O,2022-11-13 11:54:00.512929,-0.03,0.95,0.18,0.98,1.40,2.50,-12.65,-3.47,-34.05,1
O,2022-11-13 11:54:00.513082,-0.03,0.95,0.18,0.49,1.53,2.56,-12.65,-3.47,-34.05,1
O,2022-11-13 11:54:00.513234,-0.03,0.95,0.18,0.85,1.40,2.62,-12.84,-4.16,-33.56,1
O,2022-11-13 11:54:00.513402,-0.05,0.95,0.19,-2.99,1.40,2.62,-12.84,-4.16,-33.56,1
O,2022-11-13 11:54:00.513559,-0.04,0.96,0.17,-13.24,0.79,3.30,-12.84,-4.16,-33.56,1
O,2022-11-13 11:54:00.513727,-0.01,0.96,0.16,-3.91,0.06,2.44,-12.74,-4.26,-33.50,1
O,2022-11-13 11:54:00.513880,-0.04,0.94,0.18,-1.46,0.12,2.38,-12.74,-4.26,-33.50,1
O,2022-11-13 11:54:00.514035,-0.05,0.96,0.18,-6.29,-1.04,2.56,-12.65,-4.25,-32.68,1
O,2022-11-13 11:54:00.514199,-0.01,0.96,0.16,0.67,-1.89,1.89,-12.65,-4.25,-32.68,1
O,2022-11-13 11:54:00.514352,-0.03,0.96,0.15,2.75,-1.46,1.77,-12.65,-4.25,-32.68,1
O,2022-11-13 11:54:00.514522,-0.02,0.95,0.16,4.70,-1.04,1.53,-13.09,-4.28,-35.00,1
O,2022-11-13 11:54:00.514676,-0.03,0.95,0.17,3.42,-0.98,1.77,-13.09,-4.28,-35.00,1
O,2022-11-13 11:54:00.514836,-0.04,0.95,0.16,2.50,-0.67,1.89,-13.09,-4.28,-35.00,1
O,2022-11-13 11:54:00.514991,-0.02,0.96,0.16,6.35,-0.73,1.59,-12.66,-4.13,-33.81,1
O,2022-11-13 11:54:00.515144,-0.03,0.95,0.17,3.91,0.79,2.26,-12.66,-4.13,-33.81,1
O,2022-11-13 11:54:00.515306,-0.03,0.95,0.17,0.73,1.04,2.56,-12.66,-4.13,-33.81,1
O,2022-11-13 11:54:00.515457,-0.04,0.96,0.17,1.89,0.92,2.38,-12.84,-4.33,-33.53,1
O,2022-11-13 11:54:00.515616,-0.04,0.95,0.17,2.93,0.98,2.08,-12.84,-4.33,-33.53,1
O,2022-11-13 11:54:00.515769,-0.03,0.96,0.17,1.71,0.85,2.44,-13.04,-3.86,-33.61,1
O,2022-11-13 11:54:00.515926,-0.03,0.96,0.17,1.22,0.92,2.38,-13.04,-3.86,-33.61,1
O,2022-11-13 11:54:00.516098,-0.03,0.95,0.17,2.38,1.04,2.38,-13.04,-3.86,-33.61,1
O,2022-11-13 11:54:00.516265,-0.04,0.96,0.17,0.73,1.10,2.50,-13.04,-4.37,-34.66,1
O,2022-11-13 11:54:00.516423,-0.03,0.95,0.18,3.60,0.85,2.20,-13.04,-4.37,-34.66,1
O,2022-11-13 11:54:00.516575,-0.03,0.95,0.17,1.65,0.92,2.38,-13.04,-4.37,-34.66,1
O,2022-11-13 11:54:00.516727,-0.04,0.95,0.18,2.81,1.04,2.14,-12.79,-4.79,-33.57,1
O,2022-11-13 11:54:00.516882,-0.03,0.96,0.17,1.59,0.73,2.38,-12.79,-4.79,-33.57,1
O,2022-11-13 11:54:00.517032,-0.03,0.95,0.17,2.50,1.10,2.38,-12.79,-4.79,-33.57,1
O,2022-11-13 11:54:00.517190,-0.03,0.96,0.17,0.85,0.98,2.44,-12.38,-4.00,-31.90,1
O,2022-11-13 11:54:00.517341,-0.03,0.95,0.17,2.75,0.98,2.38,-12.38,-4.00,-31.90,1
O,2022-11-13 11:54:00.517498,-0.03,0.95,0.17,1.53,1.10,2.20,-13.06,-4.00,-32.63,1
O,2022-11-13 11:54:00.517650,-0.03,0.96,0.17,1.77,1.04,2.38,-13.06,-4.00,-32.63,1
O,2022-11-13 11:54:00.517802,-0.03,0.95,0.18,2.38,1.22,2.50,-13.06,-4.00,-32.63,1
O,2022-11-13 11:54:00.517961,-0.03,0.95,0.17,1.77,1.04,2.32,-12.15,-4.31,-34.85,1
O,2022-11-13 11:54:00.518130,-0.04,0.95,0.17,1.95,1.10,2.38,-12.15,-4.31,-34.85,1
O,2022-11-13 11:54:00.518288,-0.03,0.95,0.18,3.17,1.22,2.26,-12.15,-4.31,-34.85,1
O,2022-11-13 11:54:00.518443,-0.03,0.95,0.17,1.28,1.10,2.44,-12.51,-4.39,-33.92,1
O,2022-11-13 11:54:00.518596,-0.04,0.95,0.17,2.56,1.10,2.32,-12.51,-4.39,-33.92,1
O,2022-11-13 11:54:00.518756,-0.03,0.95,0.18,2.08,1.10,2.14,-12.51,-4.39,-33.92,1
O,2022-11-13 11:54:00.518911,-0.03,0.95,0.17,1.53,1.04,2.38,-12.94,-4.25,-33.97,1
O,2022-11-13 11:54:00.519072,-0.03,0.95,0.17,1.89,1.16,2.14,-12.94,-4.25,-33.97,1
O,2022-11-13 11:54:00.519224,-0.04,0.95,0.18,2.44,1.40,2.26,-12.07,-4.11,-33.68,1
O,2022-11-13 11:54:00.519390,-0.03,0.95,0.17,1.16,1.22,2.26,-12.07,-4.11,-33.68,1
O,2022-11-13 11:54:00.519552,-0.04,0.95,0.17,2.26,1.22,2.44,-12.07,-4.11,-33.68,1
O,2022-11-13 11:54:00.519703,-0.03,0.95,0.18,2.08,1.22,2.38,-12.44,-3.91,-34.99,1
O,2022-11-13 11:54:00.519865,-0.04,0.95,0.17,1.95,1.22,2.38,-12.44,-3.91,-34.99,1
O,2022-11-13 11:54:00.520019,-0.03,0.95,0.17,1.65,1.22,2.44,-12.44,-3.91,-34.99,1
O,2022-11-13 11:54:00.520176,-0.04,0.95,0.18,2.81,1.22,2.38,-12.62,-3.99,-34.05,1
O,2022-11-13 11:54:00.520332,-0.03,0.95,0.18,2.62,1.10,2.20,-12.62,-3.99,-34.05,1
O,2022-11-13 11:54:00.520482,-0.04,0.96,0.17,1.53,1.22,2.44,-12.62,-3.99,-34.05,1
O,2022-11-13 11:54:00.520647,-0.03,0.95,0.18,2.26,1.28,2.20,-12.28,-3.88,-33.61,1
O,2022-11-13 11:54:00.520798,-0.04,0.95,0.17,1.71,1.22,2.44,-12.28,-3.88,-33.61,1
O,2022-11-13 11:54:00.520959,-0.03,0.95,0.18,2.08,1.28,2.44,-12.73,-4.30,-32.98,1
O,2022-11-13 11:54:00.521111,-0.04,0.95,0.17,1.77,1.22,2.32,-12.73,-4.30,-32.98,1
O,2022-11-13 11:54:00.521263,-0.03,0.95,0.18,2.14,1.34,2.26,-12.73,-4.30,-32.98,1
O,2022-11-13 11:54:00.521427,-0.03,0.95,0.18,1.46,1.04,2.44,-13.05,-4.28,-32.92,1
O,2022-11-13 11:54:00.521578,-0.03,0.95,0.18,1.71,1.28,2.26,-13.05,-4.28,-32.92,1
O,2022-11-13 11:54:00.521741,-0.04,0.95,0.18,1.59,1.28,2.38,-13.05,-4.28,-32.92,1
O,2022-11-13 11:54:00.521892,-0.03,0.95,0.18,1.59,1.40,2.56,-12.63,-4.26,-33.86,1
O,2022-11-13 11:54:00.522046,-0.04,0.95,0.18,1.83,1.04,2.44,-12.63,-4.26,-33.86,1
O,2022-11-13 11:54:00.522210,-0.03,0.95,0.18,1.53,1.10,2.44,-12.63,-4.26,-33.86,1
O,2022-11-13 11:54:00.522360,-0.03,0.95,0.18,1.28,1.10,2.26,-12.68,-3.97,-33.37,1
O,2022-11-13 11:54:00.522519,-0.03,0.95,0.18,2.20,1.22,2.32,-12.68,-3.97,-33.37,1
O,2022-11-13 11:54:00.522687,-0.04,0.95,0.18,1.77,1.22,2.32,-12.99,-3.76,-32.65,1
O,2022-11-13 11:54:00.522838,-0.03,0.95,0.18,1.40,1.22,2.32,-12.99,-3.76,-32.65,1
O,2022-11-13 11:54:00.522996,-0.04,0.95,0.18,1.77,1.10,2.56,-12.99,-3.76,-32.65,1
O,2022-11-13 11:54:00.523148,-0.03,0.95,0.18,1.65,1.16,2.38,-12.55,-4.11,-34.11,1
O,2022-11-13 11:54:00.523310,-0.04,0.95,0.18,1.77,1.28,2.44,-12.55,-4.11,-34.11,1
O,2022-11-13 11:54:00.523461,-0.03,0.95,0.18,1.77,1.34,2.50,-12.55,-4.11,-34.11,1
O,2022-11-13 11:54:00.523619,-0.03,0.95,0.17,1.53,1.16,2.26,-12.26,-3.85,-33.98,1
O,2022-11-13 11:54:00.523775,-0.03,0.95,0.18,1.77,1.22,2.38,-12.26,-3.85,-33.98,1
O,2022-11-13 11:54:00.523929,-0.04,0.95,0.18,1.71,1.16,2.50,-12.26,-3.85,-33.98,1
O,2022-11-13 11:54:00.524098,-0.03,0.95,0.18,2.20,1.22,2.26,-12.94,-4.14,-33.72,1
O,2022-11-13 11:54:00.524254,-0.03,0.95,0.18,2.14,1.34,2.32,-12.94,-4.14,-33.72,1
O,2022-11-13 11:54:00.524498,-0.03,0.95,0.18,1.46,1.22,2.44,-13.20,-4.57,-33.39,1
O,2022-11-13 11:54:00.524658,-0.03,0.95,0.18,1.28,1.16,2.38,-13.20,-4.57,-33.39,1
O,2022-11-13 11:54:00.524831,-0.03,0.95,0.18,1.46,1.34,2.38,-13.20,-4.57,-33.39,1
O,2022-11-13 11:54:00.525011,-0.03,0.95,0.18,1.46,1.16,2.44,-12.87,-4.04,-33.18,1
O,2022-11-13 11:54:00.525192,-0.03,0.95,0.18,1.59,1.34,2.38,-12.87,-4.04,-33.18,1
O,2022-11-13 11:54:00.525366,-0.03,0.95,0.17,1.59,1.22,2.32,-12.87,-4.04,-33.18,1
O,2022-11-13 11:54:00.525522,-0.03,0.95,0.18,1.71,1.22,2.20,-12.93,-4.19,-33.17,1
O,2022-11-13 11:54:00.525695,-0.03,0.95,0.18,1.65,1.22,2.38,-12.93,-4.19,-33.17,1
O,2022-11-13 11:54:00.525883,-0.03,0.95,0.18,1.59,1.10,2.38,-12.93,-4.19,-33.17,1
O,2022-11-13 11:54:00.526049,-0.03,0.95,0.18,1.59,1.22,2.26,-13.00,-4.21,-34.34,1
O,2022-11-13 11:54:00.526242,-0.04,0.97,0.18,1.77,1.22,2.44,-13.00,-4.21,-34.34,1
O,2022-11-13 11:54:00.526413,-0.04,0.97,0.18,2.62,1.34,2.26,-13.22,-4.41,-33.75,1
O,2022-11-13 11:54:00.526572,-0.04,0.95,0.18,2.01,1.10,2.38,-13.22,-4.41,-33.75,1
O,2022-11-13 11:54:00.526738,-0.03,0.95,0.17,0.49,1.28,2.56,-13.22,-4.41,-33.75,1
O,2022-11-13 11:54:00.526906,-0.03,0.96,0.17,1.65,1.10,2.62,-12.77,-3.94,-33.46,1
O,2022-11-13 11:54:00.527082,-0.03,0.95,0.18,1.71,1.10,2.32,-12.77,-3.94,-33.46,1
O,2022-11-13 11:54:00.527259,-0.03,0.95,0.18,1.10,1.10,2.44,-12.77,-3.94,-33.46,1
O,2022-11-13 11:54:00.527430,-0.03,0.96,0.18,0.55,1.10,2.56,-12.32,-4.32,-33.12,1
O,2022-11-13 11:54:00.527593,-0.03,0.95,0.18,0.98,1.16,2.38,-12.32,-4.32,-33.12,1
O,2022-11-13 11:54:00.527760,-0.03,0.95,0.17,0.85,0.98,2.44,-12.32,-4.32,-33.12,1
O,2022-11-13 11:54:00.527937,-0.03,0.95,0.17,0.85,0.92,2.20,-12.39,-4.22,-33.76,1
O,2022-11-13 11:54:00.528108,-0.04,0.95,0.17,1.89,1.10,2.44,-12.39,-4.22,-33.76,1
O,2022-11-13 11:54:00.528286,-0.04,0.95,0.18,2.81,1.16,2.26,-12.19,-4.37,-33.70,1
O,2022-11-13 11:54:00.528456,-0.03,0.95,0.17,1.34,1.10,2.26,-12.19,-4.37,-33.70,1
O,2022-11-13 11:54:00.528617,-0.03,0.95,0.17,1.46,1.16,2.44,-12.19,-4.37,-33.70,1
O,2022-11-13 11:54:00.528784,-0.03,0.96,0.17,1.59,1.10,2.44,-12.50,-3.60,-33.41,1
O,2022-11-13 11:54:00.528957,-0.03,0.96,0.17,1.71,1.16,2.38,-12.50,-3.60,-33.41,1
O,2022-11-13 11:54:00.529128,-0.03,0.95,0.18,1.89,1.22,2.38,-12.50,-3.60,-33.41,1
O,2022-11-13 11:54:00.529293,-0.03,0.95,0.17,1.89,1.22,2.38,-12.38,-3.55,-34.28,1
O,2022-11-13 11:54:00.529449,-0.03,0.95,0.17,2.01,1.16,2.38,-12.38,-3.55,-34.28,1
O,2022-11-13 11:54:00.529602,-0.03,0.95,0.17,1.83,1.10,2.50,-12.38,-3.55,-34.28,1
O,2022-11-13 11:54:00.529752,-0.04,0.96,0.17,2.08,1.16,2.38,-12.55,-3.92,-32.52,1
O,2022-11-13 11:54:00.529915,-0.03,0.96,0.17,3.17,1.28,2.38,-12.55,-3.92,-32.52,1
O,2022-11-13 11:54:00.530065,-0.04,0.95,0.17,3.48,1.34,2.26,-12.68,-3.92,-33.98,1
O,2022-11-13 11:54:00.530225,-0.04,0.95,0.17,4.39,1.40,2.32,-12.68,-3.92,-33.98,1
O,2022-11-13 11:54:00.530376,-0.04,0.97,0.16,4.52,2.01,2.20,-12.68,-3.92,-33.98,1
O,2022-11-13 11:54:00.530530,-0.06,0.95,0.18,9.52,2.44,2.32,-12.56,-3.93,-33.81,1
O,2022-11-13 11:54:00.530692,-0.03,0.94,0.16,-1.34,4.33,3.42,-12.56,-3.93,-33.81,1
O,2022-11-13 11:54:00.530854,-0.06,0.95,0.18,-0.98,4.15,3.11,-12.56,-3.93,-33.81,1
O,2022-11-13 11:54:00.531016,-0.14,0.94,0.18,-7.45,5.74,3.66,-12.81,-4.06,-34.17,1
O,2022-11-13 11:54:00.531176,-0.07,0.96,0.19,-17.70,10.74,5.62,-12.81,-4.06,-34.17,1
O,2022-11-13 11:54:00.531333,-0.10,0.97,0.16,-11.41,12.27,5.43,-12.81,-4.06,-34.17,1
O,2022-11-13 11:54:00.531492,-0.06,0.94,0.19,-6.47,13.18,5.31,-12.21,-4.72,-33.81,1
O,2022-11-13 11:54:00.531643,0.10,0.93,0.21,-6.84,9.46,4.88,-12.21,-4.72,-33.81,1
O,2022-11-13 11:54:00.531807,0.09,0.98,0.15,-5.25,6.10,3.60,-12.24,-4.75,-34.11,1
O,2022-11-13 11:54:00.531958,-0.00,0.94,0.17,-0.67,1.89,2.56,-12.24,-4.75,-34.11,1
O,2022-11-13 11:54:00.532118,-0.03,0.97,0.14,-6.23,1.04,2.87,-12.24,-4.75,-34.11,1
O,2022-11-13 11:54:00.532270,-0.03,0.95,0.16,0.00,0.98,2.44,-12.30,-4.85,-34.20,1
O,2022-11-13 11:54:00.532422,-0.03,0.97,0.14,-7.63,0.92,3.17,-12.30,-4.85,-34.20,1
O,2022-11-13 11:54:00.532582,-0.03,0.96,0.15,1.22,1.28,2.50,-12.30,-4.85,-34.20,1
O,2022-11-13 11:54:00.532745,-0.03,0.96,0.15,3.78,1.28,2.08,-12.55,-5.05,-33.24,1
O,2022-11-13 11:54:00.532905,-0.03,0.95,0.16,2.69,1.28,2.26,-12.55,-5.05,-33.24,1
O,2022-11-13 11:54:00.533059,-0.03,0.96,0.15,0.73,1.22,2.50,-12.55,-5.05,-33.24,1
O,2022-11-13 11:54:00.533214,-0.03,0.96,0.15,2.38,1.40,2.32,-12.38,-4.92,-33.06,1
O,2022-11-13 11:54:00.533370,-0.03,0.96,0.15,2.38,1.22,2.44,-12.38,-4.92,-33.06,1
O,2022-11-13 11:54:00.533522,-0.03,0.96,0.16,4.82,1.28,2.26,-12.57,-4.94,-33.24,1
O,2022-11-13 11:54:00.533677,-0.03,0.96,0.16,1.46,1.22,2.44,-12.57,-4.94,-33.24,1
O,2022-11-13 11:54:00.533843,-0.03,0.96,0.15,4.09,1.40,2.26,-12.57,-4.94,-33.24,1
O,2022-11-13 11:54:00.533994,-0.03,0.95,0.16,2.50,1.16,2.38,-12.11,-4.97,-32.71,1
O,2022-11-13 11:54:00.534167,-0.03,0.96,0.15,0.85,1.22,2.44,-12.11,-4.97,-32.71,1
O,2022-11-13 11:54:00.534333,-0.03,0.96,0.16,3.48,1.28,2.32,-12.11,-4.97,-32.71,1
O,2022-11-13 11:54:00.534496,-0.03,0.95,0.16,2.26,1.40,2.32,-12.70,-4.99,-33.83,1
O,2022-11-13 11:54:00.534659,-0.03,0.96,0.16,0.73,1.10,2.50,-12.70,-4.99,-33.83,1
O,2022-11-13 11:54:00.534814,-0.03,0.96,0.16,1.46,1.04,2.38,-12.70,-4.99,-33.83,1
O,2022-11-13 11:54:00.534967,-0.03,0.96,0.16,1.22,1.10,2.38,-12.61,-4.70,-33.20,1
O,2022-11-13 11:54:00.535119,-0.03,0.96,0.16,1.34,1.34,2.50,-12.61,-4.70,-33.20,1
O,2022-11-13 11:54:00.535276,-0.03,0.96,0.15,0.85,1.22,2.44,-12.52,-4.19,-32.60,1
O,2022-11-13 11:54:00.535428,-0.03,0.96,0.15,2.14,1.28,2.38,-12.52,-4.19,-32.60,1
O,2022-11-13 11:54:00.535590,-0.03,0.96,0.15,2.01,1.10,2.20,-12.52,-4.19,-32.60,1
O,2022-11-13 11:54:00.535756,-0.03,0.96,0.15,1.89,1.28,2.32,-12.76,-4.32,-33.06,1
O,2022-11-13 11:54:00.535925,-0.03,0.96,0.15,1.95,1.28,2.50,-12.76,-4.32,-33.06,1
O,2022-11-13 11:54:00.536091,-0.03,0.96,0.15,2.01,1.22,2.50,-12.76,-4.32,-33.06,1
O,2022-11-13 11:54:00.536263,-0.03,0.96,0.15,2.32,0.92,2.20,-11.73,-4.32,-33.09,1
O,2022-11-13 11:54:00.536427,-0.03,0.96,0.15,0.79,1.22,2.44,-11.73,-4.32,-33.09,1
O,2022-11-13 11:54:00.536578,-0.03,0.96,0.15,1.89,1.28,2.44,-11.73,-4.32,-33.09,1
O,2022-11-13 11:54:00.536734,-0.03,0.96,0.15,1.16,1.16,2.26,-11.78,-4.08,-32.69,1
O,2022-11-13 11:54:00.536885,-0.03,0.96,0.15,1.89,1.22,2.56,-11.78,-4.08,-32.69,1
O,2022-11-13 11:54:00.537038,-0.03,0.96,0.16,2.32,1.04,2.26,-12.71,-4.25,-33.14,1
O,2022-11-13 11:54:00.537205,-0.03,0.96,0.16,1.83,1.10,2.38,-12.71,-4.25,-33.14,1
O,2022-11-13 11:54:00.537355,-0.03,0.96,0.15,1.40,1.10,2.56,-12.71,-4.25,-33.14,1
O,2022-11-13 11:54:00.537522,-0.03,0.96,0.15,1.22,1.10,2.50,-11.68,-3.61,-32.57,1
O,2022-11-13 11:54:00.537672,-0.03,0.96,0.15,1.65,1.16,2.44,-11.68,-3.61,-32.57,1
O,2022-11-13 11:54:00.537823,-0.03,0.96,0.16,1.77,1.16,2.44,-11.68,-3.61,-32.57,1
O,2022-11-13 11:54:00.537982,-0.03,0.96,0.15,1.59,0.67,2.26,-12.83,-3.89,-33.69,1
O,2022-11-13 11:54:00.538132,-0.03,0.96,0.15,1.89,1.16,2.38,-12.83,-3.89,-33.69,1
O,2022-11-13 11:54:00.538294,-0.03,0.96,0.15,2.08,1.22,2.50,-12.83,-3.89,-33.69,1
O,2022-11-13 11:54:00.538450,-0.03,0.95,0.16,1.16,1.04,2.26,-12.40,-3.97,-32.29,1
O,2022-11-13 11:54:00.538614,-0.03,0.96,0.15,0.79,0.92,2.38,-12.40,-3.97,-32.29,1
O,2022-11-13 11:54:00.538775,-0.03,0.95,0.16,1.89,1.22,2.32,-12.40,-4.43,-32.67,1
O,2022-11-13 11:54:00.538927,-0.03,0.96,0.15,1.46,1.28,2.38,-12.40,-4.43,-32.67,1
O,2022-11-13 11:54:00.539093,-0.03,0.96,0.15,1.71,1.16,2.50,-12.40,-4.43,-32.67,1
O,2022-11-13 11:54:00.539243,-0.03,0.96,0.15,1.95,1.10,2.38,-11.96,-4.08,-32.79,1
O,2022-11-13 11:54:00.539394,-0.03,0.96,0.15,1.83,1.28,2.44,-11.96,-4.08,-32.79,1
O,2022-11-13 11:54:00.539553,-0.03,0.96,0.15,1.77,1.28,2.44,-11.96,-4.08,-32.79,1
O,2022-11-13 11:54:00.539703,-0.03,0.96,0.15,1.59,1.04,2.50,-12.02,-4.69,-33.89,1
O,2022-11-13 11:54:00.539866,-0.03,0.96,0.15,2.01,1.16,2.38,-12.02,-4.69,-33.89,1
O,2022-11-13 11:54:00.540016,-0.03,0.95,0.15,1.77,1.28,2.50,-12.02,-4.69,-33.89,1
O,2022-11-13 11:54:00.540167,-0.03,0.96,0.15,1.53,1.28,2.38,-13.29,-4.59,-32.30,1
O,2022-11-13 11:54:00.540326,-0.03,0.96,0.15,1.89,1.28,2.56,-13.29,-4.59,-32.30,1
O,2022-11-13 11:54:00.540479,-0.03,0.96,0.15,1.59,1.22,2.26,-12.77,-4.15,-32.31,1
O,2022-11-13 11:54:00.540639,-0.03,0.96,0.15,1.65,1.16,2.26,-12.77,-4.15,-32.31,1
O,2022-11-13 11:54:00.540791,-0.03,0.96,0.15,1.59,0.98,2.56,-12.77,-4.15,-32.31,1
O,2022-11-13 11:54:00.540947,-0.03,0.96,0.15,1.65,1.22,2.38,-12.02,-4.20,-32.34,1
O,2022-11-13 11:54:00.541104,-0.03,0.96,0.15,1.65,1.04,2.38,-12.02,-4.20,-32.34,1
O,2022-11-13 11:54:00.541255,-0.03,0.96,0.15,1.83,1.34,2.44,-12.02,-4.20,-32.34,1
O,2022-11-13 11:54:00.541418,-0.03,0.96,0.15,1.46,1.22,2.32,-11.98,-4.50,-32.78,1
O,2022-11-13 11:54:00.541569,-0.04,0.96,0.15,1.89,1.22,2.32,-11.98,-4.50,-32.78,1
O,2022-11-13 11:54:00.541729,-0.03,0.96,0.15,2.08,1.22,2.38,-11.98,-4.50,-32.78,1
O,2022-11-13 11:54:00.541886,-0.03,0.96,0.15,1.95,0.92,2.20,-12.32,-4.20,-33.25,1
O,2022-11-13 11:54:00.542036,-0.03,0.96,0.15,1.65,1.28,2.32,-12.32,-4.20,-33.25,1
O,2022-11-13 11:54:00.542198,-0.03,0.96,0.15,1.71,1.22,2.26,-12.57,-4.26,-32.29,1
O,2022-11-13 11:54:00.542351,-0.03,0.96,0.15,1.77,1.22,2.26,-12.57,-4.26,-32.29,1
O,2022-11-13 11:54:00.542508,-0.04,0.96,0.15,1.83,1.28,2.44,-12.57,-4.26,-32.29,1
O,2022-11-13 11:54:00.542688,-0.03,0.96,0.15,1.65,1.16,2.38,-12.72,-4.43,-33.33,1
O,2022-11-13 11:54:00.542869,-0.04,0.96,0.15,1.95,1.16,2.32,-12.72,-4.43,-33.33,1
O,2022-11-13 11:54:00.543051,-0.03,0.96,0.15,1.89,1.22,2.44,-12.72,-4.43,-33.33,1
O,2022-11-13 11:54:00.543222,-0.03,0.96,0.15,1.95,1.10,2.32,-12.44,-4.31,-32.67,1
O,2022-11-13 11:54:00.543408,-0.03,0.96,0.15,1.71,1.16,2.38,-12.44,-4.31,-32.67,1
O,2022-11-13 11:54:00.543604,-0.03,0.96,0.15,1.65,1.16,2.44,-12.44,-4.31,-32.67,1
O,2022-11-13 11:54:00.543774,-0.03,0.96,0.15,1.77,1.28,2.38,-12.65,-4.30,-33.50,1
O,2022-11-13 11:54:00.544012,-0.03,0.96,0.15,2.08,1.22,2.38,-12.65,-4.30,-33.50,1
O,2022-11-13 11:54:00.544186,-0.03,0.96,0.15,1.83,1.53,2.44,-12.83,-4.33,-33.63,1
O,2022-11-13 11:54:00.544345,-0.03,0.96,0.16,1.77,1.16,2.32,-12.83,-4.33,-33.63,1
O,2022-11-13 11:54:00.544516,-0.03,0.95,0.16,2.56,1.40,2.26,-12.83,-4.33,-33.63,1
O,2022-11-13 11:54:00.544680,-0.04,0.96,0.16,2.44,1.22,2.44,-12.78,-4.24,-33.35,1
O,2022-11-13 11:54:00.544850,-0.04,0.95,0.17,2.20,1.22,2.26,-12.78,-4.24,-33.35,1
O,2022-11-13 11:54:00.545023,-0.03,0.96,0.17,1.53,1.22,2.32,-12.78,-4.24,-33.35,1
O,2022-11-13 11:54:00.545192,-0.03,0.95,0.16,1.28,1.10,2.38,-12.61,-4.41,-34.20,1
O,2022-11-13 11:54:00.545359,-0.03,0.96,0.16,1.34,1.16,2.44,-12.61,-4.41,-34.20,1
O,2022-11-13 11:54:00.545548,-0.03,0.96,0.15,1.53,1.16,2.50,-12.61,-4.41,-34.20,1
O,2022-11-13 11:54:00.545721,-0.03,0.96,0.15,1.28,1.28,2.26,-11.99,-4.02,-33.76,1
O,2022-11-13 11:54:00.545895,-0.03,0.96,0.14,1.53,1.34,2.38,-11.99,-4.02,-33.76,1
O,2022-11-13 11:54:00.546065,-0.03,0.96,0.14,1.16,1.22,2.44,-12.45,-3.77,-32.43,1
O,2022-11-13 11:54:00.546239,-0.03,0.96,0.14,1.10,0.98,2.20,-12.45,-3.77,-32.43,1
O,2022-11-13 11:54:00.546415,-0.03,0.96,0.14,2.08,1.34,2.20,-12.45,-3.77,-32.43,1
O,2022-11-13 11:54:00.546578,-0.03,0.96,0.15,2.26,1.28,2.20,-11.96,-3.89,-31.63,1
O,2022-11-13 11:54:00.546748,-0.03,0.96,0.15,1.71,1.34,2.44,-11.96,-3.89,-31.63,1
O,2022-11-13 11:54:00.546945,-0.03,0.96,0.15,1.59,1.22,2.44,-11.96,-3.89,-31.63,1
O,2022-11-13 11:54:00.547097,-0.03,0.96,0.15,1.65,1.10,2.38,-12.39,-4.27,-32.68,1
O,2022-11-13 11:54:00.547258,-0.03,0.96,0.16,1.89,1.28,2.20,-12.39,-4.27,-32.68,1
O,2022-11-13 11:54:00.547410,-0.03,0.96,0.16,1.53,1.16,2.26,-12.39,-4.27,-32.68,1
O,2022-11-13 11:54:00.547564,-0.04,0.95,0.16,1.40,1.22,2.38,-12.67,-3.94,-31.31,1
O,2022-11-13 11:54:00.547725,-0.03,0.96,0.15,1.04,1.28,2.50,-12.67,-3.94,-31.31,1
O,2022-11-13 11:54:00.547875,-0.03,0.96,0.15,1.22,1.28,2.44,-12.43,-4.30,-33.08,1
O,2022-11-13 11:54:00.548043,-0.03,0.95,0.16,1.46,1.34,2.50,-12.43,-4.30,-33.08,1
O,2022-11-13 11:54:00.548195,-0.03,0.96,0.15,1.22,1.16,2.44,-12.43,-4.30,-33.08,1
O,2022-11-13 11:54:00.548355,-0.03,0.96,0.15,1.59,1.34,2.50,-12.38,-3.98,-32.03,1
O,2022-11-13 11:54:00.548519,-0.03,0.95,0.15,1.28,1.28,2.56,-12.38,-3.98,-32.03,1
O,2022-11-13 11:54:00.548671,-0.03,0.96,0.16,1.53,1.16,2.56,-12.38,-3.98,-32.03,1
O,2022-11-13 11:54:00.548836,-0.03,0.95,0.15,1.34,1.28,2.50,-12.71,-3.64,-32.84,1
O,2022-11-13 11:54:00.548990,-0.03,0.95,0.15,1.46,1.34,2.56,-12.71,-3.64,-32.84,1
O,2022-11-13 11:54:00.549147,-0.03,0.97,0.15,1.04,1.22,2.62,-12.71,-3.64,-32.84,1
O,2022-11-13 11:54:00.549304,-0.04,0.95,0.15,1.77,1.28,2.26,-12.61,-3.92,-32.60,1
O,2022-11-13 11:54:00.549467,-0.03,0.96,0.15,1.22,1.28,2.56,-12.61,-3.92,-32.60,1
O,2022-11-13 11:54:00.549628,-0.03,0.96,0.15,1.34,1.28,2.56,-11.93,-4.17,-32.02,1
O,2022-11-13 11:54:00.549779,-0.03,0.96,0.15,1.65,1.28,2.44,-11.93,-4.17,-32.02,1
O,2022-11-13 11:54:00.549934,-0.03,0.96,0.15,1.46,1.22,2.32,-11.93,-4.17,-32.02,1
O,2022-11-13 11:54:00.550085,-0.03,0.96,0.16,1.71,1.28,2.44,-12.04,-4.19,-33.02,1
O,2022-11-13 11:54:00.550238,-0.03,0.96,0.15,1.34,1.28,2.56,-12.04,-4.19,-33.02,1
O,2022-11-13 11:54:00.550395,-0.03,0.96,0.15,1.59,1.34,2.44,-12.04,-4.19,-33.02,1
O,2022-11-13 11:54:00.550545,-0.04,0.96,0.15,1.65,1.40,2.32,-11.99,-3.70,-32.98,1
O,2022-11-13 11:54:00.550702,-0.03,0.96,0.16,1.71,1.40,2.44,-11.99,-3.70,-32.98,1
O,2022-11-13 11:54:00.550854,-0.03,0.96,0.16,1.34,1.28,2.38,-11.99,-3.70,-32.98,1
O,2022-11-13 11:54:00.551005,-0.03,0.96,0.16,1.59,1.16,2.38,-12.56,-3.65,-32.97,1
O,2022-11-13 11:54:00.551162,-0.04,0.96,0.15,1.77,1.34,2.56,-12.56,-3.65,-32.97,1
O,2022-11-13 11:54:00.551314,-0.03,0.96,0.15,1.59,1.40,2.56,-12.34,-4.08,-31.75,1
O,2022-11-13 11:54:00.551484,-0.03,0.96,0.15,1.40,1.28,2.38,-12.34,-4.08,-31.75,1
O,2022-11-13 11:54:00.551646,-0.03,0.96,0.15,1.77,1.34,2.38,-12.34,-4.08,-31.75,1
O,2022-11-13 11:54:00.551802,-0.03,0.96,0.15,1.53,1.28,2.26,-12.85,-4.11,-33.13,1
O,2022-11-13 11:54:00.551968,-0.03,0.96,0.15,1.83,1.28,2.38,-12.85,-4.11,-33.13,1
O,2022-11-13 11:54:00.552122,-0.03,0.96,0.15,1.46,1.28,2.44,-12.85,-4.11,-33.13,1
O,2022-11-13 11:54:00.552279,-0.03,0.96,0.15,1.77,1.34,2.44,-12.23,-4.08,-33.40,1
O,2022-11-13 11:54:00.552432,-0.03,0.96,0.15,1.83,1.16,2.38,-12.23,-4.08,-33.40,1
O,2022-11-13 11:54:00.552591,-0.03,0.96,0.15,1.77,1.16,2.38,-12.23,-4.08,-33.40,1
O,2022-11-13 11:54:00.552744,-0.03,0.96,0.15,1.59,1.16,2.32,-12.66,-4.09,-33.12,1
O,2022-11-13 11:54:00.552898,-0.03,0.96,0.16,2.38,1.28,2.26,-12.66,-4.09,-33.12,1
O,2022-11-13 11:54:00.553062,-0.03,0.96,0.15,1.28,1.22,2.44,-12.77,-3.75,-32.84,1
O,2022-11-13 11:54:00.553212,-0.03,0.98,0.16,1.71,1.10,2.44,-12.77,-3.75,-32.84,1
O,2022-11-13 11:54:00.553370,-0.03,0.96,0.16,1.95,1.10,2.44,-12.77,-3.75,-32.84,1
O,2022-11-13 11:54:00.553521,-0.04,0.94,0.14,1.89,1.16,2.38,-12.16,-3.93,-33.87,1
O,2022-11-13 11:54:00.553683,-0.09,0.84,0.27,-33.39,10.07,6.59,-12.16,-3.93,-33.87,1
O,2022-11-13 11:54:00.553871,0.11,1.30,-0.65,-10.13,-103.33,-20.51,-12.16,-3.93,-33.87,1
O,2022-11-13 11:54:00.554045,0.01,1.02,0.04,60.00,-76.11,-23.44,-13.34,-3.88,-32.46,1
O,2022-11-13 11:54:00.554216,0.22,0.99,0.28,36.56,-61.65,-27.10,-13.34,-3.88,-32.46,1
O,2022-11-13 11:54:00.554383,0.43,1.34,0.35,-105.53,-53.89,-34.06,-13.34,-3.88,-32.46,1
O,2022-11-13 11:54:00.554596,0.08,1.39,0.15,-60.12,-44.98,-95.58,-15.27,-4.72,-30.88,1
O,2022-11-13 11:54:00.554764,-0.56,0.96,0.23,-10.31,-8.48,-103.39,-15.27,-4.72,-30.88,1
O,2022-11-13 11:54:00.554942,-0.31,0.54,0.02,-100.22,-2.87,-72.33,-15.04,-6.57,-30.90,1
O,2022-11-13 11:54:00.555116,-0.01,0.88,-0.12,-157.65,-18.98,-37.60,-15.04,-6.57,-30.90,1
O,2022-11-13 11:54:00.555285,0.38,1.51,0.05,-288.51,-24.17,-16.97,-15.04,-6.57,-30.90,1
O,2022-11-13 11:54:00.555458,0.10,0.76,-0.10,17.76,4.82,-110.41,-15.27,-9.83,-28.23,1
O,2022-11-13 11:54:00.555633,0.20,1.04,0.05,-13.43,-11.90,-86.85,-15.27,-9.83,-28.23,1
O,2022-11-13 11:54:00.555815,0.46,0.84,-0.22,-65.00,-23.07,-66.65,-15.27,-9.83,-28.23,1
O,2022-11-13 11:54:00.555982,0.31,0.81,-0.00,-42.30,-1.77,-50.29,-15.12,-11.04,-27.50,1
O,2022-11-13 11:54:00.556160,0.21,0.94,-0.18,-95.09,-1.22,-26.61,-15.12,-11.04,-27.50,1
O,2022-11-13 11:54:00.556327,0.16,0.90,0.02,-60.06,7.26,-10.80,-15.12,-11.04,-27.50,1
O,2022-11-13 11:54:00.556494,0.14,0.78,-0.14,45.47,3.97,-5.43,-15.99,-11.76,-26.22,1
O,2022-11-13 11:54:00.556654,0.15,0.80,0.07,95.15,3.60,-10.93,-15.99,-11.76,-26.22,1
O,2022-11-13 11:54:00.556822,-0.13,0.85,0.32,194.34,-3.72,-14.59,-15.81,-11.02,-29.69,1
O,2022-11-13 11:54:00.556997,0.39,1.03,0.18,237.98,-26.00,-9.09,-15.81,-11.02,-29.69,1
O,2022-11-13 11:54:00.557164,0.32,0.89,-0.04,206.60,-31.80,-1.77,-15.81,-11.02,-29.69,1
O,2022-11-13 11:54:00.557353,0.32,0.89,0.03,109.19,-23.86,1.95,-15.70,-7.92,-33.53,1
O,2022-11-13 11:54:00.557523,0.39,1.29,-0.26,5.86,-20.45,11.84,-15.70,-7.92,-33.53,1
O,2022-11-13 11:54:00.557693,0.38,1.49,0.28,-43.58,-3.66,36.01,-15.70,-7.92,-33.53,1
O,2022-11-13 11:54:00.557855,0.35,1.11,0.20,-17.09,-13.31,63.90,-17.29,-7.63,-32.15,1
O,2022-11-13 11:54:00.558018,0.30,0.58,0.06,18.25,-10.68,42.72,-17.29,-7.63,-32.15,1
O,2022-11-13 11:54:00.558178,0.25,0.51,0.21,-12.63,-8.85,2.32,-17.29,-7.63,-32.15,1
O,2022-11-13 11:54:00.558343,0.17,0.89,0.26,-30.09,-11.41,-12.21,-19.68,-6.57,-32.19,1
O,2022-11-13 11:54:00.558516,0.16,0.93,0.25,-22.83,-18.92,-11.54,-19.68,-6.57,-32.19,1
O,2022-11-13 11:54:00.558678,0.13,0.95,0.14,-26.61,-25.45,-1.65,-20.89,-5.80,-30.21,1
O,2022-11-13 11:54:00.558851,0.07,0.70,0.13,-43.95,-29.05,-6.90,-20.89,-5.80,-30.21,1
O,2022-11-13 11:54:00.559019,0.23,0.81,-0.13,-60.79,-14.34,-25.88,-20.89,-5.80,-30.21,1
O,2022-11-13 11:54:00.559203,0.17,0.93,0.03,-33.57,-4.21,-38.33,-22.23,-6.75,-29.70,1
O,2022-11-13 11:54:00.559366,0.21,0.93,-0.05,-18.68,8.61,-37.11,-22.23,-6.75,-29.70,1
O,2022-11-13 11:54:00.559528,0.23,0.91,0.05,-21.06,26.31,-39.86,-22.23,-6.75,-29.70,1
O,2022-11-13 11:54:00.559708,0.35,0.85,-0.08,-33.08,38.33,-48.40,-20.96,-7.86,-29.92,1
O,2022-11-13 11:54:00.559870,0.10,1.00,0.22,-24.78,57.19,-65.12,-20.96,-7.86,-29.92,1
O,2022-11-13 11:54:00.560050,0.17,1.34,0.42,71.53,41.08,-43.52,-20.96,-7.86,-29.92,1
O,2022-11-13 11:54:00.560210,0.17,1.03,0.31,137.63,22.71,2.38,-19.36,-8.40,-31.85,1
O,2022-11-13 11:54:00.560390,0.19,0.78,0.23,155.27,5.74,35.34,-19.36,-8.40,-31.85,1
O,2022-11-13 11:54:00.560552,0.25,0.75,0.15,157.71,-3.78,42.42,-19.47,-5.07,-33.61,1
O,2022-11-13 11:54:00.560725,0.41,0.89,-0.03,114.44,-8.12,37.05,-19.47,-5.07,-33.61,1
O,2022-11-13 11:54:00.560903,0.38,0.99,0.10,41.26,12.88,33.14,-19.47,-5.07,-33.61,1
O,2022-11-13 11:54:00.561089,0.40,1.17,0.27,5.68,20.02,28.26,-20.09,-3.83,-35.47,1
O,2022-11-13 11:54:00.561262,0.37,1.15,0.43,-2.75,10.44,37.90,-20.09,-3.83,-35.47,1
O,2022-11-13 11:54:00.561423,0.32,1.04,0.30,-9.70,-7.57,50.35,-20.09,-3.83,-35.47,1
O,2022-11-13 11:54:00.561652,0.32,0.72,0.18,-11.11,-14.53,37.48,-22.63,-2.54,-34.23,1
O,2022-11-13 11:54:00.561835,0.27,0.68,0.04,-47.85,1.22,5.68,-22.63,-2.54,-34.23,1
O,2022-11-13 11:54:00.562032,0.24,0.86,0.16,-62.32,16.66,-22.40,-22.63,-2.54,-34.23,1
O,2022-11-13 11:54:00.562219,0.31,0.82,0.32,-78.43,11.60,-23.56,-23.22,-3.53,-32.95,1
O,2022-11-13 11:54:00.562396,0.15,1.29,-0.18,-91.00,-17.52,-30.46,-23.22,-3.53,-32.95,1
O,2022-11-13 11:54:00.562574,0.14,0.78,0.03,-71.59,-4.33,-8.42,-23.93,-4.35,-31.99,1
O,2022-11-13 11:54:00.562757,0.17,1.13,0.19,-54.32,-11.90,-10.13,-23.93,-4.35,-31.99,1
O,2022-11-13 11:54:00.562930,0.24,0.86,0.19,-27.47,-14.10,2.99,-23.93,-4.35,-31.99,1
O,2022-11-13 11:54:00.563092,0.28,0.86,0.21,-0.24,-24.54,-0.24,-24.94,-5.11,-31.21,1
O,2022-11-13 11:54:00.563321,0.18,1.09,0.06,14.40,-32.53,-7.20,-24.94,-5.11,-31.21,1
O,2022-11-13 11:54:00.563503,0.14,0.91,-0.11,14.77,-21.24,12.27,-24.94,-5.11,-31.21,1
O,2022-11-13 11:54:00.563688,0.19,0.82,0.10,-13.06,-13.31,10.01,-25.88,-4.58,-30.30,1
O,2022-11-13 11:54:00.563872,0.26,0.90,0.14,-14.65,-10.19,9.28,-25.88,-4.58,-30.30,1
O,2022-11-13 11:54:00.564055,0.16,1.03,0.06,-7.08,-16.97,9.70,-25.88,-4.58,-30.30,1
O,2022-11-13 11:54:00.564238,0.15,0.92,0.04,-11.72,-16.72,24.60,-26.31,-3.74,-29.47,1
O,2022-11-13 11:54:00.564409,0.20,0.87,0.07,-25.70,-9.77,27.65,-26.31,-3.74,-29.47,1
O,2022-11-13 11:54:00.564602,0.21,0.85,0.21,-24.84,-7.20,19.23,-27.17,-2.67,-29.32,1
O,2022-11-13 11:54:00.564777,0.21,0.98,0.17,0.31,-13.67,4.15,-27.17,-2.67,-29.32,1
O,2022-11-13 11:54:00.564950,0.14,1.03,0.12,12.76,-20.32,5.07,-27.17,-2.67,-29.32,1
O,2022-11-13 11:54:00.565109,0.16,0.84,-0.07,2.50,-24.29,20.39,-27.48,-2.77,-28.87,1
O,2022-11-13 11:54:00.565272,0.15,0.91,0.05,-28.14,-19.84,18.80,-27.48,-2.77,-28.87,1
O,2022-11-13 11:54:00.565445,0.23,1.00,0.13,-40.95,-23.13,15.08,-27.48,-2.77,-28.87,1
O,2022-11-13 11:54:00.565607,0.21,1.04,0.11,-33.57,-27.34,5.25,-27.81,-2.80,-28.87,1
O,2022-11-13 11:54:00.565775,0.19,0.91,0.09,-19.59,-29.85,4.76,-27.81,-2.80,-28.87,1
O,2022-11-13 11:54:00.565941,0.16,1.15,-0.08,-16.91,-41.99,2.56,-27.81,-2.80,-28.87,1
O,2022-11-13 11:54:00.566114,0.07,0.79,-0.12,-23.44,-27.47,22.03,-28.45,-2.69,-25.09,1
O,2022-11-13 11:54:00.566290,0.18,1.00,0.07,-37.84,-15.44,16.42,-28.45,-2.69,-25.09,1
O,2022-11-13 11:54:00.566456,0.13,1.01,-0.00,-24.60,-12.08,15.63,-28.48,-2.54,-25.28,1
O,2022-11-13 11:54:00.566626,0.16,0.78,0.01,-36.38,-10.44,23.62,-28.48,-2.54,-25.28,1
O,2022-11-13 11:54:00.566789,0.11,0.84,-0.19,-57.31,-7.75,15.87,-28.48,-2.54,-25.28,1
O,2022-11-13 11:54:00.566951,0.22,0.83,-0.13,-82.76,-5.37,2.08,-28.61,-3.15,-23.10,1
O,2022-11-13 11:54:00.567117,0.22,0.85,-0.09,-105.65,-32.04,-1.95,-28.61,-3.15,-23.10,1
O,2022-11-13 11:54:00.567298,0.19,0.80,0.23,-70.01,-51.70,5.86,-28.61,-3.15,-23.10,1
O,2022-11-13 11:54:00.567477,0.10,1.08,-0.03,32.35,-70.92,-15.14,-28.41,-3.89,-22.50,1
O,2022-11-13 11:54:00.567663,0.06,1.37,0.07,128.72,-52.92,-28.32,-28.41,-3.89,-22.50,1
O,2022-11-13 11:54:00.567833,0.16,1.26,0.07,178.71,-42.42,-12.70,-28.41,-3.89,-22.50,1
O,2022-11-13 11:54:00.568018,0.26,1.01,-0.13,146.91,-38.09,8.42,-27.39,-4.03,-23.06,1
O,2022-11-13 11:54:00.568183,0.11,1.47,0.03,243.29,-20.26,31.49,-27.39,-4.03,-23.06,1
O,2022-11-13 11:54:00.568346,0.18,0.64,0.15,226.50,-24.29,47.30,-27.44,-0.81,-24.96,1
O,2022-11-13 11:54:00.568511,0.10,1.28,0.43,44.07,-31.07,26.31,-27.44,-0.81,-24.96,1
O,2022-11-13 11:54:00.568672,0.20,0.88,0.34,27.22,-40.95,35.40,-27.44,-0.81,-24.96,1
O,2022-11-13 11:54:00.568838,0.34,0.93,0.16,-40.28,-30.76,19.96,-28.74,0.16,-24.28,1
O,2022-11-13 11:54:00.568998,0.19,1.09,0.37,-44.37,-15.01,17.76,-28.74,0.16,-24.28,1
O,2022-11-13 11:54:00.569169,0.11,0.96,0.42,-16.72,-23.01,12.82,-28.74,0.16,-24.28,1
O,2022-11-13 11:54:00.569323,0.10,0.99,0.53,9.03,-45.04,1.16,-30.60,1.22,-23.99,1
O,2022-11-13 11:54:00.569486,-0.08,1.14,0.01,21.06,-66.35,16.05,-30.60,1.22,-23.99,1
O,2022-11-13 11:54:00.569649,0.05,0.31,0.29,17.88,-54.87,37.78,-30.60,1.22,-23.99,1
O,2022-11-13 11:54:00.569811,-0.12,0.64,-0.15,-7.75,-45.23,18.55,-32.53,3.10,-20.81,1
O,2022-11-13 11:54:00.569985,-0.08,0.79,0.14,-47.61,-15.75,22.95,-32.53,3.10,-20.81,1
O,2022-11-13 11:54:00.570143,0.03,0.92,0.29,-72.14,-5.37,25.33,-33.63,3.33,-18.92,1
O,2022-11-13 11:54:00.570315,-0.02,1.01,0.25,-65.67,-9.16,19.10,-33.63,3.33,-18.92,1
O,2022-11-13 11:54:00.570475,0.01,0.67,0.13,-64.82,-10.74,27.22,-33.63,3.33,-18.92,1
O,2022-11-13 11:54:00.570634,0.02,1.74,0.22,-89.90,18.19,-13.18,-32.45,3.78,-19.57,1
O,2022-11-13 11:54:00.570816,0.10,0.88,0.07,-50.60,19.53,-0.43,-32.45,3.78,-19.57,1
O,2022-11-13 11:54:00.570980,0.05,0.83,0.09,-42.79,21.06,-10.80,-32.45,3.78,-19.57,1
O,2022-11-13 11:54:00.571151,0.06,0.81,0.09,-39.92,17.21,-19.10,-31.88,2.69,-19.92,1
O,2022-11-13 11:54:00.571313,-0.00,1.02,0.06,-27.59,10.86,-17.94,-31.88,2.69,-19.92,1
O,2022-11-13 11:54:00.571472,0.02,0.96,0.01,-9.28,6.23,-4.70,-31.88,2.69,-19.92,1
O,2022-11-13 11:54:00.571629,0.08,0.95,0.12,-19.90,10.31,-6.10,-31.46,1.67,-19.46,1
O,2022-11-13 11:54:00.571784,0.04,0.95,0.10,-19.04,2.14,-6.10,-31.46,1.67,-19.46,1
O,2022-11-13 11:54:00.571957,0.03,0.97,0.09,-20.87,-4.21,-4.33,-31.48,1.61,-18.48,1
O,2022-11-13 11:54:00.572123,0.02,0.94,-0.05,-33.14,-6.29,0.73,-31.48,1.61,-18.48,1
O,2022-11-13 11:54:00.572289,0.06,0.97,-0.01,-40.65,-7.93,4.64,-31.48,1.61,-18.48,1
O,2022-11-13 11:54:00.572446,0.08,0.96,0.01,-36.01,-10.50,4.64,-31.23,1.28,-18.49,1
O,2022-11-13 11:54:00.572613,0.06,0.98,-0.01,-31.80,-12.82,3.85,-31.23,1.28,-18.49,1
O,2022-11-13 11:54:00.572772,0.03,0.97,-0.07,-33.75,-13.85,4.39,-31.23,1.28,-18.49,1
O,2022-11-13 11:54:00.572929,0.09,1.02,-0.01,-43.58,-14.28,7.63,-31.02,1.28,-17.64,1
O,2022-11-13 11:54:00.573100,0.02,0.98,-0.02,-36.07,-23.74,11.54,-31.02,1.28,-17.64,1
O,2022-11-13 11:54:00.573263,0.02,0.90,-0.06,-27.16,-24.35,9.03,-31.02,1.28,-17.64,1
O,2022-11-13 11:54:00.573446,0.03,0.89,-0.04,-16.11,-24.60,3.54,-32.04,2.11,-15.76,1
O,2022-11-13 11:54:00.573605,0.05,0.75,-0.15,1.89,-28.93,-14.71,-32.04,2.11,-15.76,1
O,2022-11-13 11:54:00.573777,-0.01,0.91,-0.20,15.01,-27.10,-33.26,-30.59,1.12,-15.78,1
O,2022-11-13 11:54:00.573940,0.08,1.00,-0.09,36.44,-11.96,-36.99,-30.59,1.12,-15.78,1
O,2022-11-13 11:54:00.574105,0.16,1.28,-0.05,76.84,-15.75,-28.44,-30.59,1.12,-15.78,1
O,2022-11-13 11:54:00.574281,0.24,0.96,0.02,145.57,-16.17,-24.48,-30.49,-0.33,-15.87,1
O,2022-11-13 11:54:00.574448,-0.01,0.91,-0.02,259.70,-17.40,-9.34,-30.49,-0.33,-15.87,1
O,2022-11-13 11:54:00.574626,0.10,0.51,-0.07,198.30,-2.87,-31.31,-30.49,-0.33,-15.87,1
O,2022-11-13 11:54:00.574788,0.06,1.14,0.34,100.83,-2.75,-37.90,-29.28,-1.22,-20.17,1
O,2022-11-13 11:54:00.574956,-0.10,1.07,0.34,30.58,-7.75,-4.15,-29.28,-1.22,-20.17,1
O,2022-11-13 11:54:00.575109,0.07,1.31,0.24,30.21,5.86,33.26,-29.28,-1.22,-20.17,1
O,2022-11-13 11:54:00.575262,0.47,0.44,0.14,44.25,8.00,56.40,-29.57,-1.23,-19.36,1
O,2022-11-13 11:54:00.575423,0.21,0.73,0.39,5.13,4.46,0.79,-29.57,-1.23,-19.36,1
O,2022-11-13 11:54:00.575579,0.04,1.20,0.41,53.77,-5.68,-1.16,-30.38,-1.03,-18.90,1
O,2022-11-13 11:54:00.575753,0.04,0.82,0.02,58.84,-13.79,18.86,-30.38,-1.03,-18.90,1
O,2022-11-13 11:54:00.575913,0.05,0.61,-0.01,16.78,-0.61,23.93,-30.38,-1.03,-18.90,1
O,2022-11-13 11:54:00.576078,0.17,1.24,0.57,-36.01,4.09,21.06,-30.35,-0.07,-19.69,1
O,2022-11-13 11:54:00.576237,0.11,0.80,0.13,-27.95,-4.46,28.75,-30.35,-0.07,-19.69,1
O,2022-11-13 11:54:00.576394,0.08,0.74,0.16,-92.90,23.38,2.50,-30.35,-0.07,-19.69,1
O,2022-11-13 11:54:00.576563,0.08,0.97,0.25,-113.95,28.02,0.92,-29.93,-0.55,-18.57,1
O,2022-11-13 11:54:00.576730,0.14,0.98,0.54,-243.47,27.04,15.69,-29.93,-0.55,-18.57,1
O,2022-11-13 11:54:00.576898,0.16,0.81,0.18,-74.71,16.48,0.31,-29.93,-0.55,-18.57,1
O,2022-11-13 11:54:00.577061,0.12,0.92,0.06,-93.51,10.19,-12.82,-30.77,-1.12,-16.98,1
O,2022-11-13 11:54:00.577229,0.13,1.05,0.12,-59.27,3.42,-14.10,-30.77,-1.12,-16.98,1
O,2022-11-13 11:54:00.577392,-0.01,1.12,0.01,-17.27,-7.26,-0.24,-29.94,-1.75,-16.66,1
O,2022-11-13 11:54:00.577557,0.13,0.94,-0.01,-11.90,-10.44,25.51,-29.94,-1.75,-16.66,1
O,2022-11-13 11:54:00.577727,0.11,0.87,0.03,-25.39,-8.18,22.34,-29.94,-1.75,-16.66,1
O,2022-11-13 11:54:00.577886,0.04,0.85,-0.12,-43.03,-3.17,6.96,-30.47,-1.04,-16.60,1
O,2022-11-13 11:54:00.578057,0.06,1.08,0.04,-47.36,7.20,-8.06,-30.47,-1.04,-16.60,1
O,2022-11-13 11:54:00.578213,0.03,1.05,-0.08,-28.38,2.44,3.48,-30.47,-1.04,-16.60,1
O,2022-11-13 11:54:00.578384,0.13,1.01,-0.07,-21.24,2.38,17.64,-30.36,-1.17,-15.56,1
O,2022-11-13 11:54:00.578546,0.19,0.98,-0.04,-10.31,-2.26,25.27,-30.36,-1.17,-15.56,1
O,2022-11-13 11:54:00.578715,0.14,0.95,0.03,-1.28,-12.57,24.54,-30.36,-1.17,-15.56,1
O,2022-11-13 11:54:00.578883,0.11,0.98,0.04,14.16,-20.39,23.68,-30.71,0.05,-15.78,1
O,2022-11-13 11:54:00.579040,0.09,0.97,0.01,43.76,-33.14,19.35,-30.71,0.05,-15.78,1
O,2022-11-13 11:54:00.579211,-0.07,1.11,-0.16,72.51,-40.41,-0.61,-31.40,1.05,-15.88,1
O,2022-11-13 11:54:00.579385,-0.09,0.98,-0.15,80.99,-33.81,8.30,-31.40,1.05,-15.88,1
O,2022-11-13 11:54:00.579570,-0.04,0.96,-0.14,71.35,-26.79,8.48,-31.40,1.05,-15.88,1
O,2022-11-13 11:54:00.579749,-0.00,1.09,-0.00,64.58,-22.28,5.74,-30.99,1.25,-14.32,1
O,2022-11-13 11:54:00.579914,0.08,1.16,0.09,150.63,-30.33,9.95,-30.99,1.25,-14.32,1
O,2022-11-13 11:54:00.580092,-0.01,0.99,-0.02,215.88,-39.73,9.58,-30.99,1.25,-14.32,1
O,2022-11-13 11:54:00.580266,0.02,1.04,0.40,267.33,-40.71,0.12,-31.38,0.39,-15.37,1
O,2022-11-13 11:54:00.580458,-0.11,0.64,0.14,265.93,-53.65,-5.98,-31.38,0.39,-15.37,1
O,2022-11-13 11:54:00.580656,-0.04,0.93,0.19,150.94,-46.81,-26.43,-31.38,0.39,-15.37,1
O,2022-11-13 11:54:00.580841,-0.11,0.38,-0.01,-182.74,9.83,-92.53,-30.88,-1.95,-15.53,1
O,2022-11-13 11:54:00.581039,0.22,0.66,0.43,-20.63,32.10,-114.62,-30.88,-1.95,-15.53,1
O,2022-11-13 11:54:00.581226,0.24,0.77,0.49,-11.47,27.40,-126.53,-27.19,-7.36,-14.76,1
O,2022-11-13 11:54:00.581413,-0.19,2.11,0.65,-11.11,-15.81,-80.14,-27.19,-7.36,-14.76,1
O,2022-11-13 11:54:00.581615,-0.13,0.40,-0.60,-244.20,-63.54,-5.92,-27.19,-7.36,-14.76,1
O,2022-11-13 11:54:00.581790,0.00,0.80,0.18,-88.99,-40.41,-2.56,-26.48,-7.58,-9.25,1
O,2022-11-13 11:54:00.581957,0.48,1.00,0.30,64.82,-36.68,28.63,-26.48,-7.58,-9.25,1
O,2022-11-13 11:54:00.582165,0.29,1.24,0.20,1.59,-46.39,1.53,-26.48,-7.58,-9.25,1
O,2022-11-13 11:54:00.582348,0.08,1.16,0.31,-145.69,-35.71,-23.80,-25.46,-9.06,-7.24,1
O,2022-11-13 11:54:00.582530,0.33,1.02,0.10,-75.74,-48.28,-33.02,-25.46,-9.06,-7.24,1
O,2022-11-13 11:54:00.582708,0.30,1.07,0.07,34.79,-58.41,-47.79,-25.46,-9.06,-7.24,1
O,2022-11-13 11:54:00.582891,0.20,0.97,0.17,92.90,-60.06,-52.98,-23.43,-10.88,-4.81,1
O,2022-11-13 11:54:00.583057,0.15,0.84,0.10,63.78,-53.71,-55.36,-23.43,-10.88,-4.81,1
O,2022-11-13 11:54:00.583222,0.20,0.90,0.12,17.09,-48.65,-56.95,-21.02,-13.83,-4.08,1
O,2022-11-13 11:54:00.583389,0.25,0.94,0.05,2.50,-51.45,-54.75,-21.02,-13.83,-4.08,1
O,2022-11-13 11:54:00.583551,0.32,0.96,0.06,9.34,-48.28,-57.74,-21.02,-13.83,-4.08,1
O,2022-11-13 11:54:00.583729,0.32,0.90,0.08,-2.87,-45.23,-59.57,-17.77,-16.11,-3.19,1
O,2022-11-13 11:54:00.583894,0.30,0.93,0.08,-4.64,-48.65,-63.66,-17.77,-16.11,-3.19,1
O,2022-11-13 11:54:00.584058,0.31,0.94,0.11,0.24,-52.73,-59.94,-17.77,-16.11,-3.19,1
O,2022-11-13 11:54:00.584219,0.27,0.97,0.14,31.56,-57.07,-65.00,-13.72,-18.75,-1.72,1
O,2022-11-13 11:54:00.584383,0.29,0.90,0.17,-49.87,-45.47,-69.03,-13.72,-18.75,-1.72,1
O,2022-11-13 11:54:00.584557,0.19,0.85,0.24,-191.47,-41.69,-78.25,-13.72,-18.75,-1.72,1
O,2022-11-13 11:54:00.584721,0.27,0.90,0.25,-134.34,-38.09,-79.77,-9.44,-19.04,1.59,1
O,2022-11-13 11:54:00.584886,0.29,0.99,0.28,-71.53,-35.77,-66.89,-9.44,-19.04,1.59,1
O,2022-11-13 11:54:00.585042,0.40,0.90,0.19,4.15,-34.67,-57.07,-5.60,-19.12,3.04,1
O,2022-11-13 11:54:00.585207,0.37,0.85,0.17,-3.11,-31.19,-43.64,-5.60,-19.12,3.04,1
O,2022-11-13 11:54:00.585364,0.24,0.81,0.26,-4.03,-27.59,-39.37,-5.60,-19.12,3.04,1
O,2022-11-13 11:54:00.585523,0.10,0.92,0.27,-3.72,-14.89,-33.57,-2.50,-20.07,4.04,1
O,2022-11-13 11:54:00.585686,0.48,1.34,0.34,-146.48,81.54,49.38,-2.50,-20.07,4.04,1
O,2022-11-13 11:54:00.585839,0.62,0.77,0.34,196.04,61.89,26.92,-2.50,-20.07,4.04,1
O,2022-11-13 11:54:00.586006,1.02,0.76,0.64,239.87,28.44,-3.54,-4.05,-22.27,-1.40,1
O,2022-11-13 11:54:00.586159,0.63,0.52,0.30,323.18,6.47,-8.61,-4.05,-22.27,-1.40,1
O,2022-11-13 11:54:00.586324,0.45,0.61,0.41,252.32,0.00,-10.80,-4.05,-22.27,-1.40,1
O,2022-11-13 11:54:00.586488,0.41,0.69,0.42,187.50,-21.12,-15.20,-3.69,-25.88,-10.06,1
O,2022-11-13 11:54:00.586657,0.44,0.97,0.29,147.89,-26.86,-20.63,-3.69,-25.88,-10.06,1
O,2022-11-13 11:54:00.586830,0.51,1.11,0.54,209.84,-18.01,-8.91,-2.98,-27.39,-17.58,1
O,2022-11-13 11:54:00.586995,0.03,1.23,-0.67,227.42,-23.62,31.80,-2.98,-27.39,-17.58,1
O,2022-11-13 11:54:00.587161,0.68,0.55,0.68,218.32,18.80,66.96,-2.98,-27.39,-17.58,1
O,2022-11-13 11:54:00.587314,0.06,0.81,0.58,43.64,8.61,77.15,-4.48,-26.61,-24.10,1
O,2022-11-13 11:54:00.587484,0.44,0.54,0.52,-24.84,14.16,76.60,-4.48,-26.61,-24.10,1
O,2022-11-13 11:54:00.587644,0.61,0.02,0.57,-27.71,27.16,43.82,-4.48,-26.61,-24.10,1
O,2022-11-13 11:54:00.587813,0.52,0.08,0.43,-114.20,53.89,-3.23,-5.40,-26.07,-23.07,1
O,2022-11-13 11:54:00.587982,0.58,0.29,0.46,-179.69,69.34,-43.58,-5.40,-26.07,-23.07,1
O,2022-11-13 11:54:00.588144,0.70,0.62,0.97,-96.44,62.87,-93.14,-5.40,-26.07,-23.07,1
O,2022-11-13 11:54:00.588322,0.35,1.19,0.76,-160.40,23.56,-89.90,-1.88,-27.26,-17.19,1
O,2022-11-13 11:54:00.588483,0.16,0.81,0.84,-50.29,1.83,-24.96,-1.88,-27.26,-17.19,1
O,2022-11-13 11:54:00.588658,0.44,0.17,0.36,18.74,-31.37,-30.09,-0.67,-27.00,-15.59,1
O,2022-11-13 11:54:00.588822,0.60,1.10,0.57,-30.64,-21.42,-20.81,-0.67,-27.00,-15.59,1
O,2022-11-13 11:54:00.588991,0.54,0.87,0.45,-30.52,-37.90,28.75,-0.67,-27.00,-15.59,1
O,2022-11-13 11:54:00.589156,0.47,0.38,-0.01,-29.42,-35.64,32.90,-1.27,-27.10,-14.71,1
O,2022-11-13 11:54:00.589320,0.41,0.82,0.07,-40.47,3.42,12.45,-1.27,-27.10,-14.71,1
O,2022-11-13 11:54:00.589481,0.44,0.95,0.23,44.13,36.56,38.82,-1.27,-27.10,-14.71,1
O,2022-11-13 11:54:00.589642,0.42,0.56,0.39,-75.68,28.26,34.85,-1.93,-26.48,-14.79,1
O,2022-11-13 11:54:00.589806,0.56,0.96,0.49,-73.55,22.03,8.36,-1.93,-26.48,-14.79,1
O,2022-11-13 11:54:00.589969,0.59,0.96,0.49,-72.08,22.09,12.33,-1.93,-26.48,-14.79,1
O,2022-11-13 11:54:00.590131,0.53,0.07,0.41,24.29,8.54,0.43,-1.33,-26.28,-12.26,1
O,2022-11-13 11:54:00.590285,0.60,0.76,0.66,6.90,-8.91,-52.73,-1.33,-26.28,-12.26,1
O,2022-11-13 11:54:00.590444,0.65,0.80,0.65,-7.51,-23.68,-44.37,0.76,-26.00,-10.95,1
O,2022-11-13 11:54:00.590618,0.64,0.90,0.48,-69.09,-28.56,-27.22,0.76,-26.00,-10.95,1
O,2022-11-13 11:54:00.590780,0.54,0.89,0.48,-123.90,-25.02,11.78,0.76,-26.00,-10.95,1
O,2022-11-13 11:54:00.590953,0.47,0.56,0.18,-128.11,-36.74,52.00,0.89,-25.65,-8.13,1
O,2022-11-13 11:54:00.591109,0.52,0.64,0.07,-88.75,-17.64,51.27,0.89,-25.65,-8.13,1
O,2022-11-13 11:54:00.591274,0.44,0.64,0.29,-68.12,-2.62,43.52,0.89,-25.65,-8.13,1
O,2022-11-13 11:54:00.591429,0.39,0.78,0.39,-38.33,-0.31,33.39,-1.37,-24.63,-5.88,1
O,2022-11-13 11:54:00.591584,0.41,0.82,0.31,20.69,-4.94,17.40,-1.37,-24.63,-5.88,1
O,2022-11-13 11:54:00.591746,0.40,0.76,0.42,69.58,-0.98,7.63,-1.37,-24.63,-5.88,1
O,2022-11-13 11:54:00.591908,0.45,0.75,0.73,115.17,-24.29,-26.55,-1.76,-25.70,-7.86,1
O,2022-11-13 11:54:00.592084,0.61,1.16,0.45,113.65,-34.55,-45.41,-1.76,-25.70,-7.86,1
O,2022-11-13 11:54:00.592242,0.48,1.05,0.32,44.49,-33.57,-19.29,0.49,-26.01,-11.30,1
O,2022-11-13 11:54:00.592412,0.49,0.88,0.31,19.17,-31.19,15.32,0.49,-26.01,-11.30,1
O,2022-11-13 11:54:00.592567,0.48,0.75,0.24,6.29,-23.74,36.80,0.49,-26.01,-11.30,1
O,2022-11-13 11:54:00.592727,0.56,0.55,0.19,-26.49,-0.85,53.65,-1.16,-26.32,-10.39,1
O,2022-11-13 11:54:00.592897,0.42,0.71,0.54,101.38,0.00,67.50,-1.16,-26.32,-10.39,1
O,2022-11-13 11:54:00.593060,0.28,0.34,0.61,111.69,-12.88,95.28,-1.16,-26.32,-10.39,1
O,2022-11-13 11:54:00.593241,-0.31,-1.30,2.53,316.10,-31.56,68.30,-3.86,-26.87,-15.48,1
O,2022-11-13 11:54:00.593405,0.69,-1.32,1.12,157.53,-6.35,150.51,-3.86,-26.87,-15.48,1
O,2022-11-13 11:54:00.593581,-0.77,0.29,0.42,27.28,48.46,38.70,-3.86,-26.87,-15.48,1
O,2022-11-13 11:54:00.593741,-0.62,0.85,0.50,-2.81,66.65,73.79,-6.79,-25.23,-19.31,1
O,2022-11-13 11:54:00.593902,0.49,0.90,0.09,-2.75,65.31,66.96,-6.79,-25.23,-19.31,1
O,2022-11-13 11:54:00.594069,0.90,0.77,0.07,-28.69,72.63,26.79,-8.54,-24.17,-19.46,1
O,2022-11-13 11:54:00.594232,1.27,0.73,0.22,-40.65,73.79,-11.60,-8.54,-24.17,-19.46,1
O,2022-11-13 11:54:00.594405,1.44,0.82,0.38,-21.48,51.21,-94.60,-8.54,-24.17,-19.46,1
O,2022-11-13 11:54:00.594567,1.24,1.27,0.57,-22.46,63.72,-81.42,-5.14,-24.33,-20.46,1
O,2022-11-13 11:54:00.594742,1.07,1.03,0.51,-11.66,46.26,-13.37,-5.14,-24.33,-20.46,1
O,2022-11-13 11:54:00.594895,1.05,0.76,0.70,5.07,40.34,-0.85,-5.14,-24.33,-20.46,1
O,2022-11-13 11:54:00.595050,0.93,0.71,0.64,6.23,41.87,-22.77,-4.42,-25.02,-21.26,1
O,2022-11-13 11:54:00.595218,0.79,0.54,0.49,-5.13,81.05,-70.25,-4.42,-25.02,-21.26,1
O,2022-11-13 11:54:00.595382,0.64,0.48,0.43,-35.71,107.60,-99.61,-4.42,-25.02,-21.26,1
O,2022-11-13 11:54:00.595556,0.49,0.98,0.47,-5.43,110.41,-90.82,-1.51,-26.50,-19.86,1
O,2022-11-13 11:54:00.595716,0.49,0.93,0.45,21.36,84.53,-33.69,-1.51,-26.50,-19.86,1
O,2022-11-13 11:54:00.595879,0.53,0.61,0.44,38.09,53.47,10.68,0.09,-26.29,-19.54,1
O,2022-11-13 11:54:00.596031,0.57,0.41,0.34,21.85,37.17,2.14,0.09,-26.29,-19.54,1
O,2022-11-13 11:54:00.596186,0.55,0.39,0.24,20.69,30.15,-26.67,0.09,-26.29,-19.54,1
O,2022-11-13 11:54:00.596358,0.60,0.30,-0.02,-17.76,11.47,-41.75,0.82,-27.29,-21.44,1
O,2022-11-13 11:54:00.596514,0.41,0.50,0.26,-50.05,6.53,-62.93,0.82,-27.29,-21.44,1
O,2022-11-13 11:54:00.596686,0.68,0.54,0.19,-39.18,12.76,-73.61,0.82,-27.29,-21.44,1
O,2022-11-13 11:54:00.596846,0.71,0.60,0.22,-66.28,19.17,-79.77,3.17,-28.49,-17.54,1
O,2022-11-13 11:54:00.597016,0.76,0.68,0.32,-19.17,35.83,-88.38,3.17,-28.49,-17.54,1
O,2022-11-13 11:54:00.597176,0.65,0.55,0.32,-22.71,34.67,-76.60,3.17,-28.49,-17.54,1
O,2022-11-13 11:54:00.597346,0.55,0.57,0.37,-20.51,34.00,-69.46,6.29,-29.13,-14.27,1
O,2022-11-13 11:54:00.597607,0.59,0.61,0.38,17.88,31.98,-64.88,6.29,-29.13,-14.27,1
O,2022-11-13 11:54:00.597776,0.73,0.66,0.36,30.40,27.04,-52.49,8.59,-29.35,-14.69,1
O,2022-11-13 11:54:00.597983,0.69,0.66,0.28,16.24,31.13,-25.63,8.59,-29.35,-14.69,1
O,2022-11-13 11:54:00.598160,0.69,0.67,0.29,68.42,38.09,-19.17,8.59,-29.35,-14.69,1
O,2022-11-13 11:54:00.598348,0.73,0.64,0.26,82.15,40.41,-8.36,9.27,-30.44,-16.46,1
O,2022-11-13 11:54:00.598524,0.79,0.59,0.36,60.61,41.08,8.42,9.27,-30.44,-16.46,1
O,2022-11-13 11:54:00.598690,0.73,0.63,0.24,55.05,47.73,18.98,9.27,-30.44,-16.46,1
O,2022-11-13 11:54:00.598908,0.71,0.54,0.16,61.71,60.24,33.94,8.33,-30.48,-19.34,1
O,2022-11-13 11:54:00.599088,0.79,0.53,0.06,74.89,73.06,42.11,8.33,-30.48,-19.34,1
O,2022-11-13 11:54:00.599260,0.86,0.44,0.03,88.26,82.70,47.00,8.33,-30.48,-19.34,1
O,2022-11-13 11:54:00.599437,0.52,0.31,0.05,-14.65,78.74,66.71,7.73,-30.44,-21.11,1
O,2022-11-13 11:54:00.599620,0.48,0.45,0.02,-29.60,71.23,62.26,7.73,-30.44,-21.11,1
O,2022-11-13 11:54:00.599784,0.69,0.47,0.05,-31.31,70.13,65.92,5.26,-30.37,-18.86,1
O,2022-11-13 11:54:00.599943,0.93,0.47,0.04,-48.03,83.56,61.28,5.26,-30.37,-18.86,1
O,2022-11-13 11:54:00.600112,0.87,0.45,0.03,-33.20,87.95,42.18,5.26,-30.37,-18.86,1
O,2022-11-13 11:54:00.600269,0.80,0.40,0.09,-9.52,75.50,20.20,3.70,-30.63,-17.07,1
O,2022-11-13 11:54:00.600438,0.70,0.46,0.18,-33.87,53.96,8.12,3.70,-30.63,-17.07,1
O,2022-11-13 11:54:00.600609,0.59,0.56,0.25,30.33,23.19,-8.97,3.70,-30.63,-17.07,1
O,2022-11-13 11:54:00.600777,0.59,0.53,0.11,6.23,1.28,-1.34,3.76,-30.65,-17.15,1
O,2022-11-13 11:54:00.600953,0.57,1.92,0.39,-10.19,-9.16,-1.77,3.76,-30.65,-17.15,1
O,2022-11-13 11:54:00.601118,1.42,0.47,-0.21,711.06,28.99,-16.97,3.76,-30.65,-17.15,1
O,2022-11-13 11:54:00.601289,0.72,0.62,-0.35,82.40,-37.54,145.20,2.59,-28.42,-25.51,1
O,2022-11-13 11:54:00.601454,0.60,0.63,-0.09,-46.94,-21.48,87.10,2.59,-28.42,-25.51,1
O,2022-11-13 11:54:00.601633,0.61,0.42,0.28,-65.49,-8.00,19.41,-0.11,-28.70,-25.01,1
O,2022-11-13 11:54:00.601804,0.94,-0.26,0.94,-26.31,24.41,-44.98,-0.11,-28.70,-25.01,1
O,2022-11-13 11:54:00.601982,0.97,0.03,0.04,115.78,50.05,-16.17,-0.11,-28.70,-25.01,1
O,2022-11-13 11:54:00.602140,0.54,0.38,0.42,60.24,-10.68,-5.19,1.88,-27.66,-26.65,1
O,2022-11-13 11:54:00.602302,0.39,0.64,0.31,-64.94,-69.46,-80.69,1.88,-27.66,-26.65,1
O,2022-11-13 11:54:00.602476,0.32,0.65,0.20,-191.28,-95.95,-96.68,1.88,-27.66,-26.65,1
O,2022-11-13 11:54:00.602642,0.71,0.82,0.23,-166.87,-59.81,-80.57,4.14,-28.63,-21.25,1
O,2022-11-13 11:54:00.602829,0.74,0.86,0.14,-21.00,-23.62,-17.46,4.14,-28.63,-21.25,1
O,2022-11-13 11:54:00.602983,0.95,0.85,0.03,15.75,4.33,47.42,4.14,-28.63,-21.25,1
O,2022-11-13 11:54:00.603142,1.00,1.31,0.13,0.55,25.21,82.95,3.74,-27.94,-21.46,1
O,2022-11-13 11:54:00.603300,0.94,0.37,0.01,56.70,63.72,94.97,3.74,-27.94,-21.46,1
O,2022-11-13 11:54:00.603456,0.76,0.24,0.10,-27.83,69.89,62.32,1.95,-27.48,-23.24,1
O,2022-11-13 11:54:00.603621,0.92,0.38,0.18,37.48,52.73,12.39,1.95,-27.48,-23.24,1
O,2022-11-13 11:54:00.603783,1.13,0.69,0.08,239.50,27.53,23.56,1.95,-27.48,-23.24,1
O,2022-11-13 11:54:00.603958,0.80,0.51,-0.03,278.63,-18.07,78.92,0.62,-24.35,-29.26,1
O,2022-11-13 11:54:00.604117,1.18,0.72,0.06,-59.57,-66.41,83.68,0.62,-24.35,-29.26,1
O,2022-11-13 11:54:00.604281,0.70,0.48,0.04,-20.39,-61.65,28.93,0.62,-24.35,-29.26,1
O,2022-11-13 11:54:00.604447,0.57,0.33,-0.00,-72.14,-60.97,4.88,-2.78,-25.15,-27.34,1
O,2022-11-13 11:54:00.604610,0.59,0.95,0.18,-34.67,-51.03,-42.91,-2.78,-25.15,-27.34,1
O,2022-11-13 11:54:00.604788,0.65,0.69,0.12,-31.43,-46.02,-51.09,-2.78,-25.15,-27.34,1
O,2022-11-13 11:54:00.604946,0.69,0.74,0.21,29.79,-41.63,-3.85,-2.11,-26.32,-25.99,1
O,2022-11-13 11:54:00.605118,0.58,0.61,0.20,12.45,-36.01,30.27,-2.11,-26.32,-25.99,1
O,2022-11-13 11:54:00.605283,0.64,0.63,0.24,-29.85,-17.58,36.68,-3.72,-26.18,-25.23,1
O,2022-11-13 11:54:00.605442,0.63,0.62,0.30,-0.67,8.67,13.67,-3.72,-26.18,-25.23,1
O,2022-11-13 11:54:00.605600,0.45,0.66,0.46,22.16,16.91,-7.93,-3.72,-26.18,-25.23,1
O,2022-11-13 11:54:00.605759,0.53,0.80,0.60,49.26,-8.85,-9.70,-3.04,-26.16,-26.21,1
O,2022-11-13 11:54:00.605925,0.55,0.74,0.45,71.47,-36.38,11.11,-3.04,-26.16,-26.21,1
O,2022-11-13 11:54:00.606085,0.59,0.66,0.35,33.26,-57.43,23.56,-3.04,-26.16,-26.21,1
O,2022-11-13 11:54:00.606258,0.54,0.69,0.33,15.50,-64.88,30.94,-3.94,-25.59,-26.75,1
O,2022-11-13 11:54:00.606417,0.56,0.74,0.32,13.79,-65.00,33.94,-3.94,-25.59,-26.75,1
O,2022-11-13 11:54:00.606590,0.63,0.76,0.39,32.84,-50.48,18.49,-3.94,-25.59,-26.75,1
O,2022-11-13 11:54:00.606748,0.49,0.69,0.45,42.60,-44.68,2.62,-5.65,-25.16,-28.33,1
O,2022-11-13 11:54:00.606912,0.43,0.61,0.40,16.66,-38.94,-6.90,-5.65,-25.16,-28.33,1
O,2022-11-13 11:54:00.607088,0.50,0.59,0.37,-29.36,-34.42,-10.19,-5.46,-24.99,-26.49,1
O,2022-11-13 11:54:00.607253,0.57,0.57,0.43,-46.45,-27.16,-17.03,-5.46,-24.99,-26.49,1
O,2022-11-13 11:54:00.607427,0.65,0.59,0.47,-60.61,-15.08,-32.96,-5.46,-24.99,-26.49,1
O,2022-11-13 11:54:00.607593,0.58,0.47,0.49,-66.28,-15.32,-37.29,-4.25,-25.84,-24.34,1
O,2022-11-13 11:54:00.607763,0.62,0.45,0.46,-85.94,-17.03,-44.31,-4.25,-25.84,-24.34,1
O,2022-11-13 11:54:00.607930,0.44,0.52,0.38,-90.45,-16.30,-58.11,-4.25,-25.84,-24.34,1
O,2022-11-13 11:54:00.608101,0.49,0.75,0.33,-82.58,-9.28,-28.87,-2.66,-26.88,-21.70,1
O,2022-11-13 11:54:00.608257,0.68,0.88,0.25,-15.50,9.64,17.40,-2.66,-26.88,-21.70,1
O,2022-11-13 11:54:00.608412,0.74,0.87,0.32,40.04,8.85,51.09,-2.66,-26.88,-21.70,1
O,2022-11-13 11:54:00.608583,0.64,0.80,0.37,69.76,-0.12,65.12,-2.69,-26.59,-21.89,1
O,2022-11-13 11:54:00.608738,0.49,0.72,0.24,41.69,-6.65,61.95,-2.69,-26.59,-21.89,1
O,2022-11-13 11:54:00.608908,0.54,0.63,0.47,34.79,1.89,46.94,-5.21,-26.04,-22.36,1
O,2022-11-13 11:54:00.609058,0.53,0.63,0.45,35.40,0.37,7.57,-5.21,-26.04,-22.36,1
O,2022-11-13 11:54:00.609215,0.61,0.71,0.42,72.94,-1.59,-0.98,-5.21,-26.04,-22.36,1
O,2022-11-13 11:54:00.609385,0.49,0.74,0.50,50.78,-0.92,-1.04,-4.55,-25.73,-24.39,1
O,2022-11-13 11:54:00.609543,0.41,0.76,0.50,57.74,0.98,-13.43,-4.55,-25.73,-24.39,1
O,2022-11-13 11:54:00.609716,0.35,0.73,0.50,68.79,3.42,-30.33,-4.55,-25.73,-24.39,1
O,2022-11-13 11:54:00.609873,0.36,0.69,0.49,67.93,2.99,-37.78,-3.20,-24.95,-26.83,1
O,2022-11-13 11:54:00.610039,0.68,0.65,0.44,43.27,-4.64,-40.65,-3.20,-24.95,-26.83,1
O,2022-11-13 11:54:00.610202,0.76,0.78,0.44,26.37,-10.07,-45.59,-3.20,-24.95,-26.83,1
O,2022-11-13 11:54:00.610363,0.65,0.71,0.51,50.05,-11.11,-51.33,-1.54,-24.84,-29.42,1
O,2022-11-13 11:54:00.610536,0.46,0.70,0.54,47.42,-13.55,-56.40,-1.54,-24.84,-29.42,1
O,2022-11-13 11:54:00.610696,0.38,0.66,0.52,26.98,-22.22,-66.10,1.64,-24.35,-30.37,1
O,2022-11-13 11:54:00.610865,0.50,0.71,0.43,16.85,-31.13,-70.86,1.64,-24.35,-30.37,1
O,2022-11-13 11:54:00.611023,0.56,0.68,0.38,23.68,-28.63,-63.23,1.64,-24.35,-30.37,1
O,2022-11-13 11:54:00.611189,0.51,0.61,0.34,28.44,-18.86,-49.26,4.21,-23.34,-31.36,1
O,2022-11-13 11:54:00.611345,0.53,0.59,0.37,29.97,-7.02,-37.35,4.21,-23.34,-31.36,1
O,2022-11-13 11:54:00.611498,0.59,0.57,0.35,44.37,3.60,-34.06,4.21,-23.34,-31.36,1
O,2022-11-13 11:54:00.611672,0.72,0.47,0.37,67.32,21.97,-27.53,6.07,-22.13,-32.98,1
O,2022-11-13 11:54:00.611828,0.79,0.41,0.43,78.80,41.26,-21.18,6.07,-22.13,-32.98,1
O,2022-11-13 11:54:00.611997,0.85,0.28,0.47,95.70,61.65,-21.61,6.07,-22.13,-32.98,1
O,2022-11-13 11:54:00.612158,0.87,0.16,0.44,116.27,77.94,-30.76,7.84,-19.86,-34.72,1
O,2022-11-13 11:54:00.612328,1.15,0.60,0.95,154.60,91.13,-44.43,7.84,-19.86,-34.72,1
O,2022-11-13 11:54:00.612489,1.13,0.46,0.78,242.98,83.37,-21.30,11.96,-14.94,-38.99,1
O,2022-11-13 11:54:00.612648,0.88,0.24,0.55,206.30,53.53,18.74,11.96,-14.94,-38.99,1
O,2022-11-13 11:54:00.612820,0.91,0.26,0.37,172.55,33.75,57.31,11.96,-14.94,-38.99,1
O,2022-11-13 11:54:00.612976,1.10,0.20,0.13,154.60,31.98,90.45,12.18,-9.33,-44.23,1
O,2022-11-13 11:54:00.613148,0.96,0.06,0.10,172.42,48.58,114.93,12.18,-9.33,-44.23,1
O,2022-11-13 11:54:00.613312,0.99,-0.15,0.14,204.28,65.55,122.01,12.18,-9.33,-44.23,1
O,2022-11-13 11:54:00.613482,1.05,-0.16,0.15,139.71,69.70,117.68,11.91,-4.99,-46.23,1
O,2022-11-13 11:54:00.613645,1.00,-0.10,0.20,148.01,73.36,93.44,11.91,-4.99,-46.23,1
O,2022-11-13 11:54:00.613799,0.98,0.08,0.30,138.79,67.14,78.19,11.91,-4.99,-46.23,1
O,2022-11-13 11:54:00.613963,0.90,0.17,0.37,165.04,50.96,73.73,12.18,-1.40,-46.74,1
O,2022-11-13 11:54:00.614117,0.85,0.16,0.33,214.78,24.96,79.59,12.18,-1.40,-46.74,1
O,2022-11-13 11:54:00.614283,0.88,-0.03,0.30,235.35,15.32,83.92,13.01,5.58,-48.10,1
O,2022-11-13 11:54:00.614438,0.81,-0.16,0.33,234.50,10.38,82.40,13.01,5.58,-48.10,1
O,2022-11-13 11:54:00.614599,0.80,-0.29,0.21,236.45,7.51,63.66,13.01,5.58,-48.10,1
O,2022-11-13 11:54:00.614760,0.78,-0.36,0.25,196.17,16.30,37.60,13.04,11.80,-48.68,1
O,2022-11-13 11:54:00.614916,0.80,-0.33,0.33,87.10,20.63,19.23,13.04,11.80,-48.68,1
O,2022-11-13 11:54:00.615085,0.74,-1.01,1.08,-10.62,14.40,9.89,13.04,11.80,-48.68,1
O,2022-11-13 11:54:00.615253,0.91,-0.16,0.45,-171.02,-42.48,-24.05,12.54,12.12,-49.17,1
O,2022-11-13 11:54:00.615428,0.72,-0.18,0.50,-34.12,-46.20,-48.71,12.54,12.12,-49.17,1
O,2022-11-13 11:54:00.615586,0.65,0.18,0.84,15.56,-41.99,-58.35,12.54,12.12,-49.17,1
O,2022-11-13 11:54:00.615752,0.80,0.43,0.70,50.17,-56.03,-15.75,11.66,11.25,-49.13,1
O,2022-11-13 11:54:00.615915,0.74,-0.10,0.63,135.01,-76.17,31.13,11.66,11.25,-49.13,1
O,2022-11-13 11:54:00.616093,0.77,-0.34,0.48,163.45,-81.18,34.24,8.42,16.33,-49.32,1
O,2022-11-13 11:54:00.616273,0.79,-0.36,0.48,112.55,-70.80,28.87,8.42,16.33,-49.32,1
O,2022-11-13 11:54:00.616432,0.66,-0.20,0.56,53.47,-58.04,22.77,8.42,16.33,-49.32,1
O,2022-11-13 11:54:00.616600,0.59,-0.20,0.48,52.31,-42.48,26.25,6.13,18.46,-50.43,1
O,2022-11-13 11:54:00.616757,0.63,-0.34,0.56,14.10,-23.38,-1.65,6.13,18.46,-50.43,1
O,2022-11-13 11:54:00.616921,0.85,-0.26,0.53,-14.53,-25.33,-6.47,6.13,18.46,-50.43,1
O,2022-11-13 11:54:00.617079,0.82,-0.24,0.51,-8.18,-32.17,-3.05,5.30,18.63,-49.01,1
O,2022-11-13 11:54:00.617237,0.73,-0.33,0.55,-2.08,-41.56,-6.04,5.30,18.63,-49.01,1
O,2022-11-13 11:54:00.617408,0.68,-0.20,0.50,-25.45,-49.74,-11.66,5.30,18.63,-49.01,1
O,2022-11-13 11:54:00.617573,0.59,-0.18,0.54,-27.16,-40.28,-31.19,3.86,17.68,-50.90,1
O,2022-11-13 11:54:00.617755,0.55,-0.20,0.66,-70.80,-31.98,-35.46,3.86,17.68,-50.90,1
O,2022-11-13 11:54:00.617920,0.64,-0.18,0.62,-92.22,-28.44,-51.03,1.87,14.71,-49.94,1
O,2022-11-13 11:54:00.618094,0.71,-0.20,0.58,-105.53,-26.37,-59.20,1.87,14.71,-49.94,1
O,2022-11-13 11:54:00.618263,0.65,-0.10,0.61,-110.96,-28.44,-36.38,1.87,14.71,-49.94,1
O,2022-11-13 11:54:00.618466,0.54,-0.05,0.68,-66.47,-25.63,-35.10,0.60,11.25,-50.92,1
O,2022-11-13 11:54:00.618634,0.57,-0.11,0.66,-65.43,-18.43,-57.37,0.60,11.25,-50.92,1
O,2022-11-13 11:54:00.618802,0.61,-0.11,0.68,-63.23,-12.88,-76.66,0.60,11.25,-50.92,1
O,2022-11-13 11:54:00.618974,0.63,-0.09,0.66,-57.98,-14.16,-75.44,-0.42,7.80,-50.00,1
O,2022-11-13 11:54:00.619138,0.64,-0.03,0.65,-26.61,-25.15,-53.22,-0.42,7.80,-50.00,1
O,2022-11-13 11:54:00.619311,0.56,0.02,0.70,96.44,-39.25,-23.86,-0.42,7.80,-50.00,1
O,2022-11-13 11:54:00.619476,0.61,-0.13,0.56,281.86,-35.52,-48.22,-1.11,9.16,-50.60,1
O,2022-11-13 11:54:00.619646,0.79,-0.44,0.55,222.96,-40.77,-46.39,-1.11,9.16,-50.60,1
O,2022-11-13 11:54:00.619826,0.73,-0.60,0.46,81.85,-54.14,-38.94,-2.61,14.84,-50.84,1
O,2022-11-13 11:54:00.620016,0.53,-0.53,0.43,18.98,-61.65,-48.40,-2.61,14.84,-50.84,1
O,2022-11-13 11:54:00.620221,0.43,-0.44,0.52,-7.26,-52.73,-52.67,-2.61,14.84,-50.84,1
O,2022-11-13 11:54:00.620423,0.31,-0.34,0.81,-38.51,-49.32,-41.93,-4.79,13.33,-49.84,1
O,2022-11-13 11:54:00.620602,0.33,-0.44,0.84,-33.69,-57.62,-30.09,-4.79,13.33,-49.84,1
O,2022-11-13 11:54:00.620778,0.34,-0.58,0.70,-10.01,-73.12,-30.15,-4.79,13.33,-49.84,1
O,2022-11-13 11:54:00.620960,0.17,-0.46,0.57,-39.67,-83.56,-30.76,-7.47,11.29,-49.56,1
O,2022-11-13 11:54:00.621126,0.21,-0.28,0.84,-133.85,-72.88,-19.04,-7.47,11.29,-49.56,1
O,2022-11-13 11:54:00.621296,0.17,-0.21,0.95,-91.98,-73.12,1.10,-7.47,11.29,-49.56,1
O,2022-11-13 11:54:00.621453,0.22,-0.68,0.84,-46.20,-70.68,4.52,-9.29,5.79,-47.78,1
O,2022-11-13 11:54:00.621618,0.06,-0.33,0.91,-131.90,-71.72,-10.68,-9.29,5.79,-47.78,1
O,2022-11-13 11:54:00.621798,-0.01,0.08,1.19,-164.37,-58.72,-1.16,-10.56,0.35,-46.36,1
O,2022-11-13 11:54:00.621961,-0.08,0.66,1.52,-106.69,-38.82,38.02,-10.56,0.35,-46.36,1
O,2022-11-13 11:54:00.622134,0.32,-0.18,1.06,-20.69,-58.17,46.33,-10.56,0.35,-46.36,1
O,2022-11-13 11:54:00.622295,0.37,-0.31,1.00,-58.29,-69.64,5.43,-11.08,-3.15,-46.33,1
O,2022-11-13 11:54:00.622473,0.12,-0.01,1.12,-145.87,-69.27,-33.14,-11.08,-3.15,-46.33,1
O,2022-11-13 11:54:00.622641,-0.10,0.37,1.44,-183.35,-63.96,-25.94,-11.08,-3.15,-46.33,1
O,2022-11-13 11:54:00.622817,-0.08,0.36,1.36,-111.21,-70.98,-4.21,-11.63,-9.01,-42.85,1
O,2022-11-13 11:54:00.622981,0.08,0.29,0.99,-54.93,-34.42,-12.08,-11.63,-9.01,-42.85,1
O,2022-11-13 11:54:00.623142,0.20,0.22,0.87,-50.05,-7.87,-24.78,-11.63,-9.01,-42.85,1
O,2022-11-13 11:54:00.623313,0.11,0.35,1.01,-77.27,2.81,-36.25,-12.29,-12.19,-40.73,1
O,2022-11-13 11:54:00.623479,0.02,0.40,1.08,-58.11,-4.46,-23.68,-12.29,-12.19,-40.73,1
O,2022-11-13 11:54:00.623653,0.00,0.31,0.87,-11.60,-24.23,6.53,-10.36,-14.05,-40.60,1
O,2022-11-13 11:54:00.623815,0.06,0.15,0.82,15.20,-24.23,11.41,-10.36,-14.05,-40.60,1
O,2022-11-13 11:54:00.623982,0.01,0.14,0.77,1.95,-15.14,7.14,-10.36,-14.05,-40.60,1
O,2022-11-13 11:54:00.624141,0.01,0.24,0.82,-18.31,-3.66,8.79,-10.30,-14.32,-39.73,1
O,2022-11-13 11:54:00.624298,0.05,0.24,0.92,-23.93,3.60,7.69,-10.30,-14.32,-39.73,1
O,2022-11-13 11:54:00.624464,0.05,0.36,1.00,-26.49,3.17,3.54,-10.30,-14.32,-39.73,1
O,2022-11-13 11:54:00.624616,0.06,0.31,0.97,1.59,-6.77,8.48,-9.88,-15.55,-38.50,1
O,2022-11-13 11:54:00.624779,0.09,0.21,0.90,7.08,-7.32,3.48,-9.88,-15.55,-38.50,1
O,2022-11-13 11:54:00.624933,0.05,0.26,0.93,-1.16,-7.02,0.31,-9.88,-15.55,-38.50,1
O,2022-11-13 11:54:00.625096,0.05,0.24,0.95,4.70,-10.19,2.14,-9.95,-16.77,-39.48,1
O,2022-11-13 11:54:00.625250,0.02,0.22,1.00,6.77,-10.19,0.79,-9.95,-16.77,-39.48,1
O,2022-11-13 11:54:00.625408,0.02,0.23,1.00,11.84,-5.43,2.26,-10.06,-16.10,-39.60,1
O,2022-11-13 11:54:00.625573,0.06,0.21,0.96,13.24,-2.20,3.91,-10.06,-16.10,-39.60,1
O,2022-11-13 11:54:00.625727,0.06,0.24,0.95,4.21,-1.95,5.13,-10.06,-16.10,-39.60,1
O,2022-11-13 11:54:00.625890,0.06,0.24,0.96,8.42,0.43,3.23,-10.19,-15.71,-40.31,1
O,2022-11-13 11:54:00.626045,0.05,0.25,0.97,7.75,1.59,-0.55,-10.19,-15.71,-40.31,1
O,2022-11-13 11:54:00.626207,0.06,0.25,0.96,12.51,2.01,-0.79,-10.19,-15.71,-40.31,1
O,2022-11-13 11:54:00.626370,0.06,0.22,0.95,12.27,0.55,0.92,-9.86,-15.88,-41.10,1
O,2022-11-13 11:54:00.626520,0.03,0.18,0.94,9.40,0.67,2.14,-9.86,-15.88,-41.10,1
O,2022-11-13 11:54:00.626677,0.02,0.18,0.91,5.13,1.83,2.93,-9.86,-15.88,-41.10,1
O,2022-11-13 11:54:00.626832,0.04,0.19,0.91,-1.04,4.76,4.21,-9.67,-16.20,-40.44,1
O,2022-11-13 11:54:00.626983,0.08,0.22,0.94,-6.77,7.20,5.74,-9.67,-16.20,-40.44,1
O,2022-11-13 11:54:00.627149,0.12,0.28,0.97,-2.69,5.00,6.65,-10.44,-16.46,-39.82,1
O,2022-11-13 11:54:00.627300,0.10,0.27,0.96,2.93,2.62,5.43,-10.44,-16.46,-39.82,1
O,2022-11-13 11:54:00.627460,0.07,0.23,0.95,6.35,1.28,4.46,-10.44,-16.46,-39.82,1
O,2022-11-13 11:54:00.627611,0.05,0.19,0.94,6.59,1.65,3.54,-10.24,-15.71,-40.56,1
O,2022-11-13 11:54:00.627768,0.04,0.18,0.93,3.60,2.14,4.76,-10.24,-15.71,-40.56,1
O,2022-11-13 11:54:00.627920,0.08,0.20,0.93,1.16,2.93,5.74,-10.24,-15.71,-40.56,1
O,2022-11-13 11:54:00.628071,0.11,0.22,0.93,0.24,2.44,5.31,-10.34,-16.43,-40.98,1
O,2022-11-13 11:54:00.628240,0.10,0.23,0.95,-0.31,2.50,2.32,-10.34,-16.43,-40.98,1
O,2022-11-13 11:54:00.628398,0.08,0.23,0.96,-0.31,1.53,-0.18,-10.34,-16.43,-40.98,1
O,2022-11-13 11:54:00.628566,0.06,0.22,0.94,0.85,0.49,-0.12,-10.53,-16.20,-41.02,1
O,2022-11-13 11:54:00.628724,0.07,0.21,0.94,-0.67,0.61,-0.85,-10.53,-16.20,-41.02,1
O,2022-11-13 11:54:00.628883,0.06,0.21,0.94,-3.36,1.83,-0.61,-10.53,-15.92,-40.61,1
O,2022-11-13 11:54:00.629053,0.07,0.21,0.94,-4.39,2.81,-0.73,-10.53,-15.92,-40.61,1
O,2022-11-13 11:54:00.629207,0.06,0.23,0.95,-3.05,2.14,0.43,-10.53,-15.92,-40.61,1
O,2022-11-13 11:54:00.629371,0.08,0.22,0.95,0.49,1.04,3.36,-10.60,-16.64,-40.93,1
O,2022-11-13 11:54:00.629523,0.10,0.22,0.94,2.26,1.04,3.11,-10.60,-16.64,-40.93,1
O,2022-11-13 11:54:00.629679,0.09,0.21,0.93,1.59,1.34,1.89,-10.60,-16.64,-40.93,1
O,2022-11-13 11:54:00.629836,0.08,0.20,0.93,-1.22,1.65,1.59,-10.66,-15.44,-40.72,1
O,2022-11-13 11:54:00.629988,0.07,0.22,0.93,-1.83,2.08,2.38,-10.66,-15.44,-40.72,1
O,2022-11-13 11:54:00.630157,0.08,0.22,0.93,-2.93,3.30,2.38,-10.66,-15.44,-40.72,1
O,2022-11-13 11:54:00.630311,0.08,0.24,0.96,-1.89,3.23,1.28,-10.13,-16.16,-40.58,1
O,2022-11-13 11:54:00.630471,0.07,0.25,0.95,0.92,2.38,1.65,-10.13,-16.16,-40.58,1
O,2022-11-13 11:54:00.630623,0.08,0.22,0.94,4.58,1.95,2.50,-10.11,-16.70,-40.69,1
O,2022-11-13 11:54:00.630782,0.07,0.21,0.93,2.62,1.53,2.20,-10.11,-16.70,-40.69,1
O,2022-11-13 11:54:00.630945,0.07,0.22,0.93,1.10,1.22,2.32,-10.11,-16.70,-40.69,1
O,2022-11-13 11:54:00.631098,0.07,0.23,0.95,0.06,1.16,1.83,-10.11,-16.25,-40.76,1
O,2022-11-13 11:54:00.631260,0.07,0.24,0.93,1.34,1.04,1.46,-10.11,-16.25,-40.76,1
O,2022-11-13 11:54:00.631415,0.08,0.22,0.94,1.83,1.77,2.14,-10.11,-16.25,-40.76,1
O,2022-11-13 11:54:00.631567,0.08,0.22,0.94,0.98,2.01,0.98,-10.64,-16.36,-39.78,1
O,2022-11-13 11:54:00.631730,0.08,0.21,0.93,0.98,1.65,1.40,-10.64,-16.36,-39.78,1
O,2022-11-13 11:54:00.631883,0.07,0.22,0.94,-1.16,1.46,1.65,-10.64,-16.36,-39.78,1
O,2022-11-13 11:54:00.632044,0.08,0.23,0.94,0.18,1.71,2.20,-10.42,-16.43,-39.84,1
O,2022-11-13 11:54:00.632194,0.10,0.23,0.94,1.22,1.71,2.08,-10.42,-16.43,-39.84,1
O,2022-11-13 11:54:00.632344,0.09,0.22,0.93,1.83,1.59,2.56,-10.06,-16.64,-41.09,1
O,2022-11-13 11:54:00.632504,0.08,0.21,0.93,0.67,2.01,2.50,-10.06,-16.64,-41.09,1
O,2022-11-13 11:54:00.632661,0.06,0.23,0.94,-0.43,1.89,2.62,-10.06,-16.64,-41.09,1
O,2022-11-13 11:54:00.632838,0.07,0.23,0.93,-0.73,1.40,2.38,-9.80,-16.47,-40.86,1
O,2022-11-13 11:54:00.633002,0.07,0.23,0.94,-0.37,0.85,1.83,-9.80,-16.47,-40.86,1
O,2022-11-13 11:54:00.633160,0.07,0.23,0.93,-0.61,1.10,2.01,-9.80,-16.47,-40.86,1
O,2022-11-13 11:54:00.633311,0.08,0.23,0.95,0.37,1.28,2.38,-10.34,-16.76,-41.67,1
O,2022-11-13 11:54:00.633462,0.07,0.23,0.93,1.53,1.34,2.75,-10.34,-16.76,-41.67,1
O,2022-11-13 11:54:00.633619,0.09,0.22,0.93,0.67,2.01,2.56,-10.34,-16.76,-41.67,1
O,2022-11-13 11:54:00.633775,0.08,0.24,0.94,-0.92,2.32,1.77,-10.42,-16.66,-40.04,1
O,2022-11-13 11:54:00.633933,0.09,0.23,0.94,1.89,2.14,2.38,-10.42,-16.66,-40.04,1
O,2022-11-13 11:54:00.634095,0.08,0.23,0.94,1.28,1.89,1.46,-10.89,-17.18,-41.49,1
O,2022-11-13 11:54:00.634247,0.08,0.23,0.94,2.62,1.65,1.77,-10.89,-17.18,-41.49,1
O,2022-11-13 11:54:00.634407,0.09,0.23,0.93,2.01,1.34,2.62,-10.89,-17.18,-41.49,1
O,2022-11-13 11:54:00.634563,0.09,0.23,0.92,1.04,1.53,3.05,-10.52,-17.43,-41.63,1
O,2022-11-13 11:54:00.634723,0.08,0.24,0.94,0.12,1.65,2.93,-10.52,-17.43,-41.63,1
O,2022-11-13 11:54:00.634885,0.07,0.24,0.95,1.46,2.32,2.14,-10.52,-17.43,-41.63,1
O,2022-11-13 11:54:00.635044,0.08,0.23,0.93,2.87,1.83,2.50,-10.38,-16.83,-41.48,1
O,2022-11-13 11:54:00.635206,0.08,0.23,0.93,1.28,2.38,2.20,-10.38,-16.83,-41.48,1
O,2022-11-13 11:54:00.635359,0.08,0.24,0.94,1.22,2.32,2.14,-10.38,-16.83,-41.48,1
O,2022-11-13 11:54:00.635521,0.08,0.23,0.94,2.99,2.26,2.81,-10.66,-17.22,-40.67,1
O,2022-11-13 11:54:00.635675,0.08,0.23,0.94,4.27,2.75,1.65,-10.66,-17.22,-40.67,1
O,2022-11-13 11:54:00.635844,0.08,0.24,0.94,3.54,2.93,0.24,-10.28,-17.05,-40.36,1
O,2022-11-13 11:54:00.636025,0.08,0.24,0.94,5.62,2.81,-1.10,-10.28,-17.05,-40.36,1
O,2022-11-13 11:54:00.636205,0.07,0.24,0.96,6.90,3.36,-2.69,-10.28,-17.05,-40.36,1
O,2022-11-13 11:54:00.636366,0.08,0.23,0.95,10.50,3.17,-2.50,-9.70,-17.15,-40.19,1
O,2022-11-13 11:54:00.636528,0.10,0.21,0.94,13.85,4.39,-4.09,-9.70,-17.15,-40.19,1
O,2022-11-13 11:54:00.636717,0.11,0.22,0.94,11.84,3.66,-4.03,-9.70,-17.15,-40.19,1
O,2022-11-13 11:54:00.636913,0.11,0.22,0.95,20.57,4.64,-7.45,-9.56,-16.64,-42.26,1
O,2022-11-13 11:54:00.637079,0.09,0.22,0.93,17.21,6.47,-9.16,-9.56,-16.64,-42.26,1
O,2022-11-13 11:54:00.637254,0.10,0.19,0.94,19.17,7.51,-7.75,-9.56,-16.64,-42.26,1
O,2022-11-13 11:54:00.637413,0.12,0.17,0.94,21.18,6.96,-10.19,-8.91,-16.00,-41.83,1
O,2022-11-13 11:54:00.637590,0.10,0.21,0.96,7.57,1.71,-9.58,-8.91,-16.00,-41.83,1
O,2022-11-13 11:54:00.637761,0.11,0.18,0.97,18.62,0.92,-10.38,-8.24,-16.06,-42.25,1
O,2022-11-13 11:54:00.637939,0.12,0.18,0.96,22.03,3.60,-14.71,-8.24,-16.06,-42.25,1
O,2022-11-13 11:54:00.638129,0.11,0.17,0.95,29.72,5.07,-17.15,-8.24,-16.06,-42.25,1
O,2022-11-13 11:54:00.638315,0.11,0.14,0.96,30.21,4.64,-18.92,-7.24,-15.16,-43.09,1
O,2022-11-13 11:54:00.638492,0.09,0.10,0.91,31.68,3.72,-26.00,-7.24,-15.16,-43.09,1
O,2022-11-13 11:54:00.638679,0.07,0.12,0.93,19.71,3.66,-18.68,-7.24,-15.16,-43.09,1
O,2022-11-13 11:54:00.638869,0.07,0.10,0.92,8.06,-1.10,-7.81,-5.92,-15.38,-44.15,1
O,2022-11-13 11:54:00.639029,0.07,0.09,0.92,1.89,-3.11,1.77,-5.92,-15.38,-44.15,1
O,2022-11-13 11:54:00.639180,0.09,0.13,0.99,-8.79,0.24,5.07,-5.92,-15.38,-44.15,1
O,2022-11-13 11:54:00.639339,0.12,0.13,0.96,-4.64,-0.49,5.37,-5.76,-15.30,-42.94,1
O,2022-11-13 11:54:00.639494,0.12,0.13,0.94,-6.77,0.12,5.92,-5.76,-15.30,-42.94,1
O,2022-11-13 11:54:00.639656,0.11,0.12,0.95,-8.00,2.20,4.82,-6.68,-15.22,-43.43,1
O,2022-11-13 11:54:00.639809,0.12,0.14,0.95,-9.34,1.95,5.86,-6.68,-15.22,-43.43,1
O,2022-11-13 11:54:00.639976,0.12,0.14,0.96,-7.51,2.26,7.02,-6.68,-15.22,-43.43,1
O,2022-11-13 11:54:00.640126,0.11,0.15,0.97,-7.08,3.78,5.37,-6.14,-15.76,-43.42,1
O,2022-11-13 11:54:00.640278,0.10,0.18,0.94,-4.03,4.39,5.37,-6.14,-15.76,-43.42,1
O,2022-11-13 11:54:00.640439,0.11,0.16,0.96,2.26,6.04,6.35,-6.14,-15.76,-43.42,1
O,2022-11-13 11:54:00.640588,0.11,0.14,0.95,2.81,4.15,6.65,-5.98,-16.08,-42.76,1
O,2022-11-13 11:54:00.640745,0.10,0.13,0.95,0.06,3.36,5.43,-5.98,-16.08,-42.76,1
O,2022-11-13 11:54:00.640897,0.10,0.15,0.94,-3.30,3.78,5.19,-5.98,-16.08,-42.76,1
O,2022-11-13 11:54:00.641049,0.12,0.16,0.95,-3.36,3.91,4.94,-6.90,-16.60,-42.55,1
O,2022-11-13 11:54:00.641216,0.14,0.17,0.95,-5.43,2.75,3.60,-6.90,-16.60,-42.55,1
O,2022-11-13 11:54:00.641372,0.12,0.15,0.94,-5.19,1.65,3.54,-6.54,-16.04,-43.13,1
O,2022-11-13 11:54:00.641534,0.11,0.13,0.94,-6.77,1.46,3.05,-6.54,-16.04,-43.13,1
O,2022-11-13 11:54:00.641686,0.12,0.13,0.95,-14.89,0.73,4.09,-6.54,-16.04,-43.13,1
O,2022-11-13 11:54:00.641838,0.11,0.18,0.95,-30.40,1.04,3.48,-6.41,-17.05,-43.30,1
O,2022-11-13 11:54:00.642001,0.13,0.23,0.95,-21.97,1.22,3.85,-6.41,-17.05,-43.30,1
O,2022-11-13 11:54:00.642154,0.12,0.23,0.95,-13.79,0.98,4.46,-6.41,-17.05,-43.30,1
O,2022-11-13 11:54:00.642315,0.10,0.20,0.95,-2.26,0.73,3.85,-7.32,-17.52,-41.77,1
O,2022-11-13 11:54:00.642462,0.10,0.17,0.94,0.49,0.92,3.85,-7.32,-17.52,-41.77,1
O,2022-11-13 11:54:00.642621,0.10,0.19,0.94,-6.23,1.53,3.85,-7.32,-17.52,-41.77,1
O,2022-11-13 11:54:00.642772,0.10,0.21,0.94,-7.02,0.67,4.21,-7.40,-18.16,-41.03,1
O,2022-11-13 11:54:00.642926,0.11,0.21,0.94,-6.23,-0.37,5.31,-7.40,-18.16,-41.03,1
O,2022-11-13 11:54:00.643084,0.13,0.23,0.93,-7.32,-0.92,7.75,-7.10,-17.72,-41.30,1
O,2022-11-13 11:54:00.643240,0.13,0.22,0.94,-4.58,-0.12,6.77,-7.10,-17.72,-41.30,1
O,2022-11-13 11:54:00.643402,0.11,0.21,0.95,1.16,-0.12,3.97,-7.10,-17.72,-41.30,1
O,2022-11-13 11:54:00.643548,0.09,0.20,0.94,0.24,0.67,3.36,-8.06,-18.05,-41.53,1
O,2022-11-13 11:54:00.643696,0.09,0.20,0.94,0.79,1.04,4.09,-8.06,-18.05,-41.53,1
O,2022-11-13 11:54:00.643856,0.10,0.20,0.94,0.43,1.22,5.37,-8.06,-18.05,-41.53,1
O,2022-11-13 11:54:00.644005,0.13,0.23,0.94,0.61,1.53,6.90,-7.60,-18.54,-40.48,1
O,2022-11-13 11:54:00.644161,0.15,0.24,0.94,1.34,1.53,5.98,-7.60,-18.54,-40.48,1
O,2022-11-13 11:54:00.644314,0.11,0.22,0.94,2.50,1.22,4.33,-7.60,-18.54,-40.48,1
O,2022-11-13 11:54:00.644463,0.08,0.20,0.94,2.38,1.46,3.54,-8.31,-18.24,-41.10,1
O,2022-11-13 11:54:00.644625,0.07,0.19,0.94,2.32,1.89,4.27,-8.31,-18.24,-41.10,1
O,2022-11-13 11:54:00.644774,0.10,0.22,0.94,1.95,2.14,6.65,-8.44,-18.15,-41.47,1
O,2022-11-13 11:54:00.644937,0.13,0.24,0.94,7.02,0.49,10.50,-8.44,-18.15,-41.47,1
O,2022-11-13 11:54:00.645087,0.11,0.19,0.94,5.55,-1.04,9.09,-8.44,-18.15,-41.47,1
O,2022-11-13 11:54:00.645237,0.09,0.19,0.94,3.42,-1.46,5.92,-8.95,-17.64,-41.30,1
O,2022-11-13 11:54:00.645395,0.09,0.20,0.94,2.26,0.06,5.13,-8.95,-17.64,-41.30,1
O,2022-11-13 11:54:00.645542,0.16,0.25,0.93,0.55,1.34,7.32,-8.95,-17.64,-41.30,1
O,2022-11-13 11:54:00.645705,0.19,0.29,0.92,-4.46,1.16,8.30,-9.35,-18.21,-41.92,1
O,2022-11-13 11:54:00.645858,0.11,0.21,0.94,-1.46,-1.34,4.64,-9.35,-18.21,-41.92,1
O,2022-11-13 11:54:00.646015,0.06,0.21,0.94,-0.98,-1.83,4.39,-9.35,-18.21,-41.92,1
O,2022-11-13 11:54:00.646180,0.06,0.22,0.94,-0.37,0.55,5.62,-9.17,-18.35,-40.45,1
O,2022-11-13 11:54:00.646330,0.10,0.26,0.95,-1.40,2.32,4.15,-9.17,-18.35,-40.45,1
O,2022-11-13 11:54:00.646490,0.11,0.26,0.95,2.93,0.55,4.15,-9.18,-18.04,-40.78,1
O,2022-11-13 11:54:00.646639,0.06,0.16,0.93,7.93,-1.95,4.21,-9.18,-18.04,-40.78,1
O,2022-11-13 11:54:00.646789,0.09,0.25,0.95,1.10,2.38,3.23,-9.18,-18.04,-40.78,1
O,2022-11-13 11:54:00.646948,0.10,0.26,0.94,8.18,1.71,3.11,-9.01,-17.98,-41.04,1
O,2022-11-13 11:54:00.647102,0.10,0.20,0.91,14.10,-3.05,4.70,-9.01,-17.98,-41.04,1
O,2022-11-13 11:54:00.647268,0.04,0.08,0.91,15.26,-6.23,2.69,-9.01,-17.98,-41.04,1
O,2022-11-13 11:54:00.647427,0.03,0.12,0.96,0.31,-3.42,4.39,-8.61,-17.57,-41.42,1
O,2022-11-13 11:54:00.647593,0.14,0.35,0.98,-32.65,4.21,5.80,-8.61,-17.57,-41.42,1
O,2022-11-13 11:54:00.647748,0.15,0.48,0.90,-13.06,6.90,-0.31,-8.61,-17.57,-41.42,1
O,2022-11-13 11:54:00.647898,0.12,0.22,0.87,27.89,6.04,2.20,-9.01,-18.18,-41.08,1
O,2022-11-13 11:54:00.648064,0.03,0.01,0.97,29.36,7.32,-0.12,-9.01,-18.18,-41.08,1
O,2022-11-13 11:54:00.648218,0.03,0.09,1.06,10.56,5.62,-2.93,-8.57,-17.18,-42.07,1
O,2022-11-13 11:54:00.648376,0.16,0.14,0.91,6.41,2.38,6.59,-8.57,-17.18,-42.07,1
O,2022-11-13 11:54:00.648532,0.20,0.18,0.90,-6.23,-2.50,11.35,-8.57,-17.18,-42.07,1
O,2022-11-13 11:54:00.648696,0.15,0.27,0.96,-34.12,-2.14,4.94,-9.61,-16.89,-42.04,1
O,2022-11-13 11:54:00.648859,0.09,0.31,0.96,-20.32,0.49,-3.11,-9.61,-16.89,-42.04,1
O,2022-11-13 11:54:00.649018,0.06,0.23,0.93,-12.70,-2.20,2.20,-9.61,-16.89,-42.04,1
O,2022-11-13 11:54:00.649182,0.07,0.24,0.98,-21.67,-2.26,1.59,-9.52,-17.61,-40.64,1
O,2022-11-13 11:54:00.649339,0.08,0.27,0.97,-18.62,3.05,-3.66,-9.52,-17.61,-40.64,1
O,2022-11-13 11:54:00.649514,0.14,0.18,0.85,2.75,5.62,-0.85,-9.52,-17.61,-40.64,1
O,2022-11-13 11:54:00.649675,0.20,0.12,0.84,1.59,-2.26,9.34,-9.20,-18.19,-40.70,1
O,2022-11-13 11:54:00.649847,0.17,0.21,0.94,-26.49,-5.07,6.96,-9.20,-18.19,-40.70,1
O,2022-11-13 11:54:00.650012,0.07,0.32,0.99,-17.03,0.73,-2.20,-9.07,-18.69,-40.20,1
O,2022-11-13 11:54:00.650165,0.10,0.22,0.89,-2.56,1.34,-4.46,-9.07,-18.69,-40.20,1
O,2022-11-13 11:54:00.650329,0.07,0.24,0.93,-24.11,-1.89,-8.91,-9.07,-18.69,-40.20,1
O,2022-11-13 11:54:00.650492,0.02,0.30,0.97,-23.86,-5.07,-11.60,-9.05,-19.62,-39.33,1
O,2022-11-13 11:54:00.650653,0.01,0.30,0.95,-13.12,1.65,-7.26,-9.05,-19.62,-39.33,1
O,2022-11-13 11:54:00.650808,0.08,0.27,0.85,-8.91,7.02,-2.20,-9.05,-19.62,-39.33,1
O,2022-11-13 11:54:00.650965,0.12,0.25,0.87,-11.47,4.39,5.92,-8.84,-19.97,-38.79,1
O,2022-11-13 11:54:00.651132,0.12,0.34,0.99,-13.06,-0.92,11.17,-8.84,-19.97,-38.79,1
O,2022-11-13 11:54:00.651285,0.09,0.33,0.97,4.58,-2.38,9.03,-8.84,-19.97,-38.79,1
O,2022-11-13 11:54:00.651444,0.14,0.25,0.85,7.75,1.22,-13.98,-9.28,-20.00,-38.05,1
O,2022-11-13 11:54:00.651614,0.16,0.24,0.86,-6.23,-8.48,3.17,-9.28,-20.00,-38.05,1
O,2022-11-13 11:54:00.651772,0.07,0.26,0.96,-9.83,-10.80,5.80,-9.20,-20.28,-39.58,1
O,2022-11-13 11:54:00.651942,0.07,0.35,1.01,-8.85,-1.34,-0.85,-9.20,-20.28,-39.58,1
O,2022-11-13 11:54:00.652094,0.13,0.29,0.92,5.49,0.06,-1.22,-9.20,-20.28,-39.58,1
O,2022-11-13 11:54:00.652257,0.14,0.30,0.86,2.44,-5.92,-1.22,-9.14,-20.36,-39.26,1
O,2022-11-13 11:54:00.652418,0.04,0.43,1.01,-5.86,-6.59,-6.41,-9.14,-20.36,-39.26,1
O,2022-11-13 11:54:00.652593,0.06,0.39,0.90,10.38,-3.30,-12.57,-9.14,-20.36,-39.26,1
O,2022-11-13 11:54:00.652776,0.08,0.26,0.84,16.85,-5.86,-7.87,-8.34,-20.43,-39.67,1
O,2022-11-13 11:54:00.652951,0.05,0.27,0.91,3.78,-4.58,-4.39,-8.34,-20.43,-39.67,1
O,2022-11-13 11:54:00.653115,0.05,0.32,0.95,-3.78,1.04,-3.85,-8.34,-20.43,-39.67,1
O,2022-11-13 11:54:00.653285,0.06,0.33,0.98,3.11,-0.12,-3.05,-8.46,-20.83,-39.09,1
O,2022-11-13 11:54:00.653465,0.11,0.25,0.90,11.17,-4.39,-5.07,-8.46,-20.83,-39.09,1
O,2022-11-13 11:54:00.653640,0.10,0.26,0.88,3.66,-5.19,-8.85,-7.57,-20.67,-37.78,1
O,2022-11-13 11:54:00.653806,0.09,0.28,0.93,0.37,-4.15,-10.99,-7.57,-20.67,-37.78,1
O,2022-11-13 11:54:00.653986,0.07,0.34,0.98,-0.79,-5.92,-12.94,-7.57,-20.67,-37.78,1
O,2022-11-13 11:54:00.654180,0.13,0.38,1.00,21.42,-13.12,-15.63,-8.11,-20.68,-37.84,1
O,2022-11-13 11:54:00.654394,0.15,0.31,1.02,33.39,-24.41,-23.93,-8.11,-20.68,-37.84,1
O,2022-11-13 11:54:00.654568,0.11,0.38,1.03,26.25,-32.78,-24.90,-8.11,-20.68,-37.84,1
O,2022-11-13 11:54:00.654747,0.10,0.30,1.02,67.44,-49.87,-11.96,-7.76,-19.52,-38.43,1
O,2022-11-13 11:54:00.654924,0.00,0.20,0.98,72.94,-62.81,-2.56,-7.76,-19.52,-38.43,1
O,2022-11-13 11:54:00.655105,0.03,0.17,0.91,72.33,-51.21,-11.66,-7.76,-19.52,-38.43,1
O,2022-11-13 11:54:00.655289,-0.09,0.07,0.91,62.74,-29.48,-22.77,-8.11,-17.30,-39.33,1
O,2022-11-13 11:54:00.655488,-0.08,0.16,0.93,28.32,-23.01,-22.95,-8.11,-17.30,-39.33,1
O,2022-11-13 11:54:00.655683,-0.11,0.09,0.94,34.30,-23.25,-17.88,-7.82,-16.48,-38.81,1
O,2022-11-13 11:54:00.655863,-0.14,0.10,0.91,26.31,-20.81,-12.76,-7.82,-16.48,-38.81,1
O,2022-11-13 11:54:00.656073,-0.11,0.12,0.87,15.69,-5.25,-5.74,-7.82,-16.48,-38.81,1
O,2022-11-13 11:54:00.656244,-0.05,0.12,0.88,7.26,3.30,-2.38,-7.84,-15.88,-39.49,1
O,2022-11-13 11:54:00.656416,0.01,0.13,0.92,2.20,5.31,-0.98,-7.84,-15.88,-39.49,1
O,2022-11-13 11:54:00.656596,0.03,0.14,0.92,1.40,5.49,-4.76,-7.84,-15.88,-39.49,1
O,2022-11-13 11:54:00.656763,0.04,0.12,0.90,1.65,1.95,-3.97,-8.14,-16.13,-38.85,1
O,2022-11-13 11:54:00.656935,0.02,0.03,0.84,-13.06,-12.39,9.09,-8.14,-16.13,-38.85,1
O,2022-11-13 11:54:00.657101,0.04,-0.03,0.69,-20.45,-29.36,24.60,-8.14,-16.13,-38.85,1
O,2022-11-13 11:54:00.657280,-0.04,-0.11,0.85,-38.64,-60.85,44.25,-9.36,-17.30,-37.68,1
O,2022-11-13 11:54:00.657444,-0.15,0.34,1.36,-174.87,-5.31,37.90,-9.36,-17.30,-37.68,1
O,2022-11-13 11:54:00.657625,-0.03,0.86,1.41,-108.40,24.17,-27.47,-9.13,-19.14,-36.08,1
O,2022-11-13 11:54:00.657790,-0.01,0.68,1.24,32.41,-30.52,37.29,-9.13,-19.14,-36.08,1
O,2022-11-13 11:54:00.657952,-0.09,0.23,1.09,49.56,-41.20,22.09,-9.13,-19.14,-36.08,1
O,2022-11-13 11:54:00.658128,-0.29,0.33,1.15,40.83,-28.75,10.56,-10.27,-17.53,-35.25,1
O,2022-11-13 11:54:00.658285,-0.47,0.39,1.17,26.73,0.06,4.70,-10.27,-17.53,-35.25,1
O,2022-11-13 11:54:00.658456,-0.45,0.34,1.22,30.15,43.82,-23.62,-10.27,-17.53,-35.25,1
O,2022-11-13 11:54:00.658619,-0.37,0.33,1.26,26.92,81.73,-53.34,-10.93,-15.84,-35.24,1
O,2022-11-13 11:54:00.658796,-0.27,0.26,1.34,66.28,86.85,-42.48,-10.93,-15.84,-35.24,1
O,2022-11-13 11:54:00.658959,-0.26,0.16,1.31,95.21,77.39,-25.94,-10.93,-15.84,-35.24,1
O,2022-11-13 11:54:00.659129,-0.33,0.07,1.39,110.72,65.55,-9.95,-11.33,-13.11,-37.29,1
O,2022-11-13 11:54:00.659294,-0.33,-0.06,1.35,111.45,63.29,4.82,-11.33,-13.11,-37.29,1
O,2022-11-13 11:54:00.659457,-0.29,-0.13,1.31,105.10,93.08,22.89,-12.93,-9.88,-41.92,1
O,2022-11-13 11:54:00.659634,-0.06,-0.10,1.29,76.90,100.52,20.26,-12.93,-9.88,-41.92,1
O,2022-11-13 11:54:00.659795,0.02,-0.11,1.34,82.89,101.07,18.74,-12.93,-9.88,-41.92,1
O,2022-11-13 11:54:00.659966,0.03,-0.16,1.32,92.04,93.14,21.42,-13.31,-5.07,-46.52,1
O,2022-11-13 11:54:00.660132,0.07,-0.29,1.19,107.06,102.54,26.79,-13.31,-5.07,-46.52,1
O,2022-11-13 11:54:00.660305,0.04,-0.35,1.14,92.65,108.76,33.08,-13.31,-5.07,-46.52,1
O,2022-11-13 11:54:00.660463,0.12,-0.25,1.00,60.91,80.99,51.03,-10.41,0.16,-49.68,1
O,2022-11-13 11:54:00.660619,0.17,-0.27,0.89,37.54,65.67,74.46,-10.41,0.16,-49.68,1
O,2022-11-13 11:54:00.660782,0.26,-0.34,0.66,10.31,77.88,94.48,-10.41,0.16,-49.68,1
O,2022-11-13 11:54:00.660952,0.52,-0.32,0.73,-39.49,114.44,96.19,-8.11,3.11,-51.26,1
O,2022-11-13 11:54:00.661126,0.61,-0.31,0.92,-48.22,112.61,58.35,-8.11,3.11,-51.26,1
O,2022-11-13 11:54:00.661284,0.63,-0.19,1.01,-38.45,77.58,48.10,-4.10,3.69,-52.76,1
O,2022-11-13 11:54:00.661453,0.54,0.05,0.83,-38.21,47.73,51.70,-4.10,3.69,-52.76,1
O,2022-11-13 11:54:00.661607,0.57,-0.14,0.57,16.24,64.09,55.11,-4.10,3.69,-52.76,1
O,2022-11-13 11:54:00.661764,0.64,-0.16,0.53,15.87,103.70,45.59,-0.98,5.19,-52.62,1
O,2022-11-13 11:54:00.661932,0.62,-0.23,0.51,10.07,156.07,34.18,-0.98,5.19,-52.62,1
O,2022-11-13 11:54:00.662089,0.68,-0.00,0.56,-2.38,135.13,34.55,-0.98,5.19,-52.62,1
O,2022-11-13 11:54:00.662254,0.75,0.20,0.71,54.08,98.08,55.91,4.35,6.31,-51.92,1
O,2022-11-13 11:54:00.662407,0.73,0.26,0.63,142.27,56.21,76.11,4.35,6.31,-51.92,1
O,2022-11-13 11:54:00.662575,0.73,-0.03,0.46,210.39,25.09,101.14,4.35,6.31,-51.92,1
O,2022-11-13 11:54:00.662735,0.86,-0.23,0.26,224.67,21.42,109.37,7.34,13.68,-51.70,1
O,2022-11-13 11:54:00.662894,0.90,-0.33,0.34,190.73,17.46,98.21,7.34,13.68,-51.70,1
O,2022-11-13 11:54:00.663057,0.80,-0.12,0.52,194.46,0.85,96.19,8.42,22.06,-49.19,1
O,2022-11-13 11:54:00.663221,0.65,-0.10,0.42,225.59,-11.11,102.11,8.42,22.06,-49.19,1
O,2022-11-13 11:54:00.663389,0.64,-0.22,0.38,218.51,1.59,122.01,8.42,22.06,-49.19,1
O,2022-11-13 11:54:00.663548,0.54,-0.32,0.41,142.52,30.27,94.67,10.35,27.88,-47.39,1
O,2022-11-13 11:54:00.663711,0.67,-0.22,0.38,94.42,75.13,53.71,10.35,27.88,-47.39,1
O,2022-11-13 11:54:00.663867,0.77,-0.28,0.33,94.42,73.00,52.31,10.35,27.88,-47.39,1
O,2022-11-13 11:54:00.664026,0.99,-0.40,0.28,94.60,44.37,43.82,13.72,30.76,-43.36,1
O,2022-11-13 11:54:00.664190,0.80,-0.32,0.42,61.95,1.22,26.00,13.72,30.76,-43.36,1
O,2022-11-13 11:54:00.664350,0.69,-0.07,0.46,88.50,-4.03,44.31,13.72,30.76,-43.36,1
O,2022-11-13 11:54:00.664526,0.69,-0.12,0.37,183.29,-37.78,81.12,13.45,33.09,-40.77,1
O,2022-11-13 11:54:00.664693,0.53,-0.27,0.20,231.81,-63.17,92.41,13.45,33.09,-40.77,1
O,2022-11-13 11:54:00.664861,0.95,-0.13,0.16,140.99,-83.56,99.00,13.21,36.41,-36.04,1
O,2022-11-13 11:54:00.665027,1.13,-0.24,0.40,117.49,-66.41,94.48,13.21,36.41,-36.04,1
O,2022-11-13 11:54:00.665189,0.80,-0.42,0.52,131.59,-69.76,76.42,13.21,36.41,-36.04,1
O,2022-11-13 11:54:00.665361,0.76,-0.34,0.44,108.52,-95.76,44.49,13.81,38.06,-33.98,1
O,2022-11-13 11:54:00.665521,0.83,-0.37,0.32,81.05,-93.93,33.33,13.81,38.06,-33.98,1
O,2022-11-13 11:54:00.665693,1.04,-0.19,0.37,35.95,-84.29,26.49,13.81,38.06,-33.98,1
O,2022-11-13 11:54:00.665875,0.79,-0.16,0.53,-14.53,-68.05,31.13,13.11,38.00,-31.36,1
O,2022-11-13 11:54:00.666043,0.53,-0.10,0.55,-0.18,-64.15,34.67,13.11,38.00,-31.36,1
O,2022-11-13 11:54:00.666223,0.59,-0.06,0.50,50.84,-70.31,33.33,13.11,38.00,-31.36,1
O,2022-11-13 11:54:00.666384,0.68,-0.25,0.31,29.97,-70.68,12.21,12.16,36.65,-32.50,1
O,2022-11-13 11:54:00.666554,0.61,-0.17,0.48,-25.39,-63.72,-3.66,12.16,36.65,-32.50,1
O,2022-11-13 11:54:00.666713,0.37,-0.14,0.56,-89.23,-60.55,6.71,11.24,34.81,-32.78,1
O,2022-11-13 11:54:00.666881,0.22,0.15,0.69,-148.38,-57.56,47.49,11.24,34.81,-32.78,1
O,2022-11-13 11:54:00.667039,0.36,0.09,0.81,-6.59,-47.42,36.87,11.24,34.81,-32.78,1
O,2022-11-13 11:54:00.667217,0.54,-0.23,0.73,46.20,-82.21,14.77,10.35,32.52,-32.25,1
O,2022-11-13 11:54:00.667378,0.47,-0.09,0.72,16.78,-88.68,-2.93,10.35,32.52,-32.25,1
O,2022-11-13 11:54:00.667543,0.46,-0.07,0.75,-15.93,-80.38,-1.71,10.35,32.52,-32.25,1
O,2022-11-13 11:54:00.667702,0.25,-0.02,0.87,-62.50,-75.44,4.46,8.54,31.13,-32.69,1
O,2022-11-13 11:54:00.667884,0.31,-0.00,0.92,-38.39,-42.72,-10.25,8.54,31.13,-32.69,1
O,2022-11-13 11:54:00.668058,0.45,-0.10,1.04,-21.85,-28.50,-22.34,8.54,31.13,-32.69,1
O,2022-11-13 11:54:00.668220,0.58,-0.09,1.02,-28.14,-56.40,-18.31,8.08,29.88,-32.35,1
O,2022-11-13 11:54:00.668391,0.26,-0.08,1.06,0.12,-72.81,-20.32,8.08,29.88,-32.35,1
O,2022-11-13 11:54:00.668554,-0.00,0.05,0.98,31.56,-85.69,-21.30,5.69,29.74,-31.36,1
O,2022-11-13 11:54:00.668722,0.26,-0.08,0.90,80.81,-71.35,-10.19,5.69,29.74,-31.36,1
O,2022-11-13 11:54:00.668880,0.30,-0.17,1.00,97.66,-62.26,-8.91,5.69,29.74,-31.36,1
O,2022-11-13 11:54:00.669041,0.26,-0.20,1.08,122.25,-63.17,-7.39,4.54,29.63,-29.38,1
O,2022-11-13 11:54:00.669209,0.26,-0.26,0.92,148.32,-81.67,-1.34,4.54,29.63,-29.38,1
O,2022-11-13 11:54:00.669367,0.18,-0.45,0.75,166.20,-96.44,6.65,4.54,29.63,-29.38,1
O,2022-11-13 11:54:00.669536,-0.11,-0.72,0.62,146.00,-91.06,2.62,2.93,30.93,-24.65,1
O,2022-11-13 11:54:00.669697,-0.05,-0.48,0.80,88.01,-42.54,-25.39,2.93,30.93,-24.65,1
