e,2022-11-01 17:21:39.718267,-0.21,-0.87,0.47,0.00,2.26,3.30,-7.92,40.84,-7.20,1
e,2022-11-01 17:21:39.718664,-0.21,-0.87,0.47,-0.55,2.26,3.11,-7.92,40.84,-7.20,1
e,2022-11-01 17:21:39.719056,-0.21,-0.87,0.47,0.24,2.32,3.17,-7.92,40.84,-7.20,1
e,2022-11-01 17:21:39.719449,-0.21,-0.87,0.47,-0.18,2.20,3.30,-8.20,40.04,-7.71,1
e,2022-11-01 17:21:39.719847,-0.21,-0.87,0.47,-0.24,2.38,3.23,-8.20,40.04,-7.71,1
e,2022-11-01 17:21:39.720240,-0.21,-0.87,0.47,0.00,2.32,3.30,-8.20,40.04,-7.71,1
e,2022-11-01 17:21:39.720619,-0.21,-0.87,0.47,0.12,2.26,3.42,-8.47,40.49,-8.25,1
e,2022-11-01 17:21:39.721020,-0.21,-0.87,0.47,0.31,2.26,3.48,-8.47,40.49,-8.25,1
e,2022-11-01 17:21:39.721399,-0.21,-0.87,0.47,0.06,2.32,3.48,-8.47,40.49,-8.25,1
e,2022-11-01 17:21:39.721715,-0.21,-0.87,0.48,-0.12,2.32,3.48,-7.81,40.37,-8.37,1
e,2022-11-01 17:21:39.722010,-0.21,-0.87,0.48,0.37,2.44,3.48,-7.81,40.37,-8.37,1
e,2022-11-01 17:21:39.722313,-0.21,-0.87,0.47,0.18,2.38,3.48,-8.19,40.45,-7.91,1
e,2022-11-01 17:21:39.722618,-0.21,-0.87,0.47,0.43,2.20,3.42,-8.19,40.45,-7.91,1
e,2022-11-01 17:21:39.722917,-0.21,-0.87,0.46,0.67,2.44,3.17,-8.19,40.45,-7.91,1
e,2022-11-01 17:21:39.723234,-0.21,-0.85,0.46,-3.30,3.05,3.60,-8.01,40.30,-8.11,1
e,2022-11-01 17:21:39.723561,-0.21,-0.86,0.48,-0.49,3.85,3.72,-8.01,40.30,-8.11,1
e,2022-11-01 17:21:39.723870,-0.21,-0.86,0.47,-0.73,3.36,5.13,-8.01,40.30,-8.11,1
e,2022-11-01 17:21:39.724168,-0.21,-0.86,0.46,0.55,4.21,5.00,-7.58,40.54,-8.29,1
e,2022-11-01 17:21:39.724498,-0.20,-0.87,0.48,-0.06,4.94,5.13,-7.58,40.54,-8.29,1
e,2022-11-01 17:21:39.724811,-0.20,-0.86,0.50,-2.08,4.33,5.37,-7.58,40.54,-8.29,1
e,2022-11-01 17:21:39.725097,-0.20,-0.87,0.49,1.34,3.42,4.82,-7.69,40.25,-7.90,1
e,2022-11-01 17:21:39.725389,-0.20,-0.87,0.48,0.49,2.81,4.82,-7.69,40.25,-7.90,1
e,2022-11-01 17:21:39.725672,-0.20,-0.87,0.48,1.22,2.50,3.78,-7.21,40.72,-9.23,1
e,2022-11-01 17:21:39.725960,-0.20,-0.87,0.48,-0.67,2.38,3.30,-7.21,40.72,-9.23,1
e,2022-11-01 17:21:39.726251,-0.20,-0.86,0.49,-2.50,2.01,3.17,-7.21,40.72,-9.23,1
e,2022-11-01 17:21:39.726547,-0.20,-0.86,0.48,-0.31,1.77,3.05,-7.45,41.11,-10.11,1
e,2022-11-01 17:21:39.726849,-0.20,-0.87,0.48,0.61,1.83,3.11,-7.45,41.11,-10.11,1
e,2022-11-01 17:21:39.727148,-0.20,-0.86,0.48,-0.31,2.20,3.30,-7.45,41.11,-10.11,1
e,2022-11-01 17:21:39.727455,-0.20,-0.86,0.49,-0.61,2.26,2.99,-7.75,41.16,-10.44,1
e,2022-11-01 17:21:39.727761,-0.20,-0.86,0.49,-0.18,2.26,3.54,-7.75,41.16,-10.44,1
e,2022-11-01 17:21:39.728059,-0.20,-0.86,0.48,0.73,2.32,3.48,-7.75,41.16,-10.44,1
e,2022-11-01 17:21:39.728352,-0.20,-0.86,0.49,-0.18,2.26,3.42,-7.79,40.75,-9.13,1
e,2022-11-01 17:21:39.728639,-0.20,-0.86,0.48,0.24,2.38,3.54,-7.79,40.75,-9.13,1
e,2022-11-01 17:21:39.728936,-0.19,-0.86,0.49,-0.49,2.32,3.42,-7.47,40.82,-8.73,1
e,2022-11-01 17:21:39.729219,-0.20,-0.86,0.49,0.18,2.50,3.30,-7.47,40.82,-8.73,1
e,2022-11-01 17:21:39.729514,-0.19,-0.86,0.49,-0.43,2.62,3.30,-7.47,40.82,-8.73,1
e,2022-11-01 17:21:39.729799,-0.20,-0.86,0.49,-0.67,2.56,3.11,-7.42,41.27,-8.53,1
e,2022-11-01 17:21:39.730087,-0.20,-0.86,0.49,-0.73,2.56,3.42,-7.42,41.27,-8.53,1
e,2022-11-01 17:21:39.730441,-0.19,-0.85,0.50,-0.24,2.20,3.36,-7.42,41.27,-8.53,1
e,2022-11-01 17:21:39.730732,-0.19,-0.86,0.49,0.67,1.71,3.72,-8.06,41.24,-9.47,1
e,2022-11-01 17:21:39.731020,-0.19,-0.86,0.48,1.83,2.08,3.66,-8.06,41.24,-9.47,1
e,2022-11-01 17:21:39.731299,-0.19,-0.87,0.48,0.79,2.50,3.60,-8.06,41.24,-9.47,1
e,2022-11-01 17:21:39.731537,-0.19,-0.86,0.49,-1.22,2.32,3.42,-7.47,40.36,-9.11,1
e,2022-11-01 17:21:39.731767,-0.19,-0.86,0.49,-0.61,2.38,3.42,-7.47,40.36,-9.11,1
e,2022-11-01 17:21:39.731994,-0.19,-0.86,0.49,0.00,2.26,3.42,-7.29,40.80,-9.03,1
e,2022-11-01 17:21:39.732231,-0.19,-0.86,0.49,0.00,1.95,3.17,-7.29,40.80,-9.03,1
e,2022-11-01 17:21:39.732459,-0.19,-0.86,0.49,0.37,2.01,3.11,-7.29,40.80,-9.03,1
e,2022-11-01 17:21:39.732699,-0.19,-0.86,0.49,-0.24,2.20,3.30,-7.73,41.15,-8.80,1
e,2022-11-01 17:21:39.732927,-0.19,-0.86,0.49,0.12,2.20,3.11,-7.73,41.15,-8.80,1
e,2022-11-01 17:21:39.733155,-0.19,-0.86,0.49,0.00,2.38,3.17,-7.73,41.15,-8.80,1
e,2022-11-01 17:21:39.733394,-0.19,-0.86,0.50,-0.67,2.44,2.87,-7.60,40.71,-9.40,1
e,2022-11-01 17:21:39.733623,-0.19,-0.85,0.50,-0.98,2.44,3.54,-7.60,40.71,-9.40,1
e,2022-11-01 17:21:39.733857,-0.19,-0.86,0.50,0.49,2.26,3.11,-7.60,40.71,-9.40,1
e,2022-11-01 17:21:39.734083,-0.19,-0.86,0.49,0.55,2.01,3.23,-7.13,41.25,-9.46,1
e,2022-11-01 17:21:39.734371,-0.19,-0.86,0.49,0.61,2.14,3.36,-7.13,41.25,-9.46,1
e,2022-11-01 17:21:39.734677,-0.19,-0.86,0.49,0.79,2.44,3.17,-7.18,41.21,-9.42,1
e,2022-11-01 17:21:39.734912,-0.19,-0.86,0.50,-0.31,2.56,3.30,-7.18,41.21,-9.42,1
e,2022-11-01 17:21:39.735185,-0.19,-0.86,0.50,-0.49,2.44,3.30,-7.18,41.21,-9.42,1
e,2022-11-01 17:21:39.735472,-0.19,-0.86,0.50,0.85,1.89,3.36,-7.59,41.28,-8.56,1
e,2022-11-01 17:21:39.735749,-0.19,-0.86,0.50,0.98,2.01,3.23,-7.59,41.28,-8.56,1
e,2022-11-01 17:21:39.735990,-0.19,-0.86,0.49,0.79,2.32,3.17,-7.59,41.28,-8.56,1
e,2022-11-01 17:21:39.736231,-0.18,-0.86,0.50,-0.49,2.44,3.17,-7.36,41.46,-10.06,1
e,2022-11-01 17:21:39.736494,-0.19,-0.85,0.50,-0.24,2.32,2.99,-7.36,41.46,-10.06,1
e,2022-11-01 17:21:39.736776,-0.18,-0.83,0.50,-1.46,2.08,4.82,-7.36,41.46,-10.06,1
e,2022-11-01 17:21:39.737020,-0.19,-0.85,0.48,5.62,3.05,5.25,-6.98,41.16,-8.86,1
e,2022-11-01 17:21:39.737254,-0.18,-0.86,0.49,2.75,3.72,5.80,-6.98,41.16,-8.86,1
e,2022-11-01 17:21:39.737483,-0.18,-0.86,0.50,1.46,4.15,5.98,-7.42,41.43,-8.79,1
e,2022-11-01 17:21:39.737718,-0.18,-0.87,0.50,2.50,3.54,5.49,-7.42,41.43,-8.79,1
e,2022-11-01 17:21:39.737944,-0.18,-0.86,0.50,1.59,2.87,5.37,-7.42,41.43,-8.79,1
e,2022-11-01 17:21:39.738179,-0.18,-0.86,0.49,3.23,2.81,4.76,-7.69,41.20,-9.01,1
e,2022-11-01 17:21:39.738407,-0.18,-0.87,0.49,1.65,2.87,4.33,-7.69,41.20,-9.01,1
e,2022-11-01 17:21:39.738648,-0.17,-0.87,0.50,-0.24,2.75,4.09,-7.69,41.20,-9.01,1
e,2022-11-01 17:21:39.738885,-0.17,-0.86,0.50,-0.24,2.38,3.48,-7.62,41.52,-9.17,1
e,2022-11-01 17:21:39.739128,-0.17,-0.86,0.50,0.18,1.95,2.93,-7.62,41.52,-9.17,1
e,2022-11-01 17:21:39.739385,-0.17,-0.86,0.50,-0.61,2.01,2.69,-7.62,41.52,-9.17,1
e,2022-11-01 17:21:39.739640,-0.18,-0.86,0.50,-0.55,1.77,2.38,-7.34,41.48,-8.13,1
e,2022-11-01 17:21:39.739902,-0.17,-0.86,0.50,-0.18,1.77,2.62,-7.34,41.48,-8.13,1
e,2022-11-01 17:21:39.740132,-0.18,-0.86,0.50,0.06,1.77,2.56,-6.87,41.69,-9.84,1
e,2022-11-01 17:21:39.740366,-0.17,-0.86,0.50,0.12,2.01,2.99,-6.87,41.69,-9.84,1
e,2022-11-01 17:21:39.740622,-0.18,-0.86,0.50,0.43,2.26,3.30,-6.87,41.69,-9.84,1
e,2022-11-01 17:21:39.740854,-0.17,-0.85,0.50,0.55,2.32,3.42,-7.35,41.53,-9.55,1
e,2022-11-01 17:21:39.741095,-0.17,-0.86,0.50,0.92,2.44,3.60,-7.35,41.53,-9.55,1
e,2022-11-01 17:21:39.741303,-0.17,-0.86,0.50,1.28,2.56,3.72,-7.35,41.53,-9.55,1
e,2022-11-01 17:21:39.741504,-0.17,-0.86,0.50,1.65,2.38,3.72,-7.08,41.11,-8.67,1
e,2022-11-01 17:21:39.741702,-0.17,-0.86,0.50,0.61,2.32,3.66,-7.08,41.11,-8.67,1
e,2022-11-01 17:21:39.741905,-0.17,-0.86,0.51,0.06,2.38,3.36,-6.99,41.71,-10.58,1
e,2022-11-01 17:21:39.742114,-0.17,-0.86,0.50,0.24,2.08,3.48,-6.99,41.71,-10.58,1
e,2022-11-01 17:21:39.742315,-0.17,-0.86,0.50,1.89,2.01,3.11,-6.99,41.71,-10.58,1
e,2022-11-01 17:21:39.742522,-0.17,-0.86,0.50,0.31,2.32,3.11,-7.08,41.69,-11.19,1
e,2022-11-01 17:21:39.742718,-0.17,-0.86,0.50,0.37,2.20,2.87,-7.08,41.69,-11.19,1
e,2022-11-01 17:21:39.742922,-0.17,-0.86,0.50,-0.06,2.14,2.93,-7.08,41.69,-11.19,1
e,2022-11-01 17:21:39.743134,-0.17,-0.86,0.50,-0.12,2.20,2.93,-7.14,41.46,-11.78,1
e,2022-11-01 17:21:39.743333,-0.17,-0.86,0.50,0.18,2.20,2.93,-7.14,41.46,-11.78,1
e,2022-11-01 17:21:39.743551,-0.17,-0.86,0.50,0.55,2.32,3.42,-7.14,41.46,-11.78,1
e,2022-11-01 17:21:39.743798,-0.17,-0.85,0.50,-0.49,1.95,3.17,-7.07,41.25,-11.24,1
e,2022-11-01 17:21:39.744017,-0.17,-0.86,0.50,1.40,2.32,3.30,-7.07,41.25,-11.24,1
e,2022-11-01 17:21:39.744217,-0.17,-0.86,0.50,0.61,2.38,3.23,-7.10,41.15,-9.44,1
e,2022-11-01 17:21:39.744419,-0.17,-0.85,0.51,-1.10,2.01,3.48,-7.10,41.15,-9.44,1
e,2022-11-01 17:21:39.744618,-0.17,-0.85,0.50,1.40,2.32,3.54,-7.10,41.15,-9.44,1
e,2022-11-01 17:21:39.744937,-0.17,-0.86,0.50,0.00,2.26,3.54,-6.46,42.38,-9.75,1
e,2022-11-01 17:21:39.745141,-0.17,-0.86,0.50,1.53,2.26,3.23,-6.46,42.38,-9.75,1
e,2022-11-01 17:21:39.745334,-0.17,-0.86,0.50,1.89,2.32,3.11,-6.46,42.38,-9.75,1
e,2022-11-01 17:21:39.745534,-0.17,-0.86,0.51,0.12,2.38,3.05,-6.79,41.75,-10.58,1
e,2022-11-01 17:21:39.745742,-0.16,-0.85,0.51,-0.98,2.14,3.05,-6.79,41.75,-10.58,1
e,2022-11-01 17:21:39.745940,-0.17,-0.86,0.51,0.85,2.01,2.87,-6.79,41.75,-10.58,1
e,2022-11-01 17:21:39.746145,-0.17,-0.86,0.50,0.00,2.14,2.69,-6.97,42.03,-10.42,1
e,2022-11-01 17:21:39.746345,-0.17,-0.86,0.51,-0.24,2.08,2.93,-6.97,42.03,-10.42,1
e,2022-11-01 17:21:39.746549,-0.16,-0.85,0.51,0.43,2.26,2.99,-6.97,41.86,-9.16,1
e,2022-11-01 17:21:39.746744,-0.17,-0.86,0.51,0.49,2.08,3.05,-6.97,41.86,-9.16,1
e,2022-11-01 17:21:39.746938,-0.16,-0.85,0.51,0.00,2.32,3.11,-6.97,41.86,-9.16,1
e,2022-11-01 17:21:39.747143,-0.16,-0.85,0.51,0.24,2.26,3.17,-6.43,41.82,-10.88,1
e,2022-11-01 17:21:39.747341,-0.16,-0.85,0.51,0.24,2.26,3.11,-6.43,41.82,-10.88,1
e,2022-11-01 17:21:39.747547,-0.16,-0.85,0.51,0.37,2.20,3.17,-6.43,41.82,-10.88,1
e,2022-11-01 17:21:39.747743,-0.16,-0.86,0.51,1.10,2.20,3.05,-6.75,42.03,-10.07,1
e,2022-11-01 17:21:39.747943,-0.16,-0.83,0.51,-1.10,2.01,4.52,-6.75,42.03,-10.07,1
e,2022-11-01 17:21:39.748158,-0.17,-0.85,0.50,5.49,2.69,4.82,-6.75,42.03,-10.07,1
e,2022-11-01 17:21:39.748355,-0.16,-0.86,0.50,3.54,2.99,4.88,-6.70,41.20,-10.57,1
e,2022-11-01 17:21:39.748562,-0.16,-0.86,0.51,1.28,3.72,5.49,-6.70,41.20,-10.57,1
e,2022-11-01 17:21:39.748758,-0.16,-0.86,0.51,2.38,3.60,5.19,-6.74,41.80,-9.92,1
e,2022-11-01 17:21:39.748956,-0.16,-0.87,0.51,-0.12,2.99,3.91,-6.74,41.80,-9.92,1
e,2022-11-01 17:21:39.749159,-0.15,-0.86,0.52,-1.59,2.38,2.99,-6.74,41.80,-9.92,1
e,2022-11-01 17:21:39.749362,-0.16,-0.86,0.52,-0.85,1.65,2.08,-6.23,42.79,-11.49,1
e,2022-11-01 17:21:39.749564,-0.16,-0.86,0.51,0.31,1.34,1.83,-6.23,42.79,-11.49,1
e,2022-11-01 17:21:39.749764,-0.16,-0.85,0.51,-0.12,1.59,2.08,-6.23,42.79,-11.49,1
e,2022-11-01 17:21:39.749974,-0.16,-0.85,0.51,-1.22,1.65,2.62,-6.59,41.55,-10.79,1
e,2022-11-01 17:21:39.750172,-0.16,-0.85,0.51,1.04,2.01,2.99,-6.59,41.55,-10.79,1
e,2022-11-01 17:21:39.750369,-0.16,-0.85,0.51,0.49,2.38,3.36,-6.59,41.55,-10.79,1
e,2022-11-01 17:21:39.750579,-0.16,-0.85,0.51,-0.18,2.50,3.54,-5.85,41.97,-10.84,1
e,2022-11-01 17:21:39.750778,-0.16,-0.86,0.51,0.43,2.44,3.54,-5.85,41.97,-10.84,1
e,2022-11-01 17:21:39.750993,-0.16,-0.86,0.51,-0.49,2.32,3.11,-5.91,42.25,-10.27,1
e,2022-11-01 17:21:39.751194,-0.16,-0.85,0.52,-0.24,1.89,2.62,-5.91,42.25,-10.27,1
e,2022-11-01 17:21:39.751400,-0.16,-0.85,0.51,0.49,2.01,2.56,-5.91,42.25,-10.27,1
e,2022-11-01 17:21:39.751605,-0.16,-0.85,0.51,-0.18,1.95,2.75,-6.52,42.05,-11.38,1
e,2022-11-01 17:21:39.751801,-0.16,-0.85,0.51,0.06,1.95,2.69,-6.52,42.05,-11.38,1
e,2022-11-01 17:21:39.752003,-0.16,-0.85,0.51,0.06,2.08,2.93,-6.52,42.05,-11.38,1
e,2022-11-01 17:21:39.752203,-0.16,-0.85,0.52,-0.12,2.26,2.87,-6.47,41.71,-11.21,1
e,2022-11-01 17:21:39.752410,-0.16,-0.85,0.52,-0.18,2.38,2.87,-6.47,41.71,-11.21,1
e,2022-11-01 17:21:39.752607,-0.16,-0.85,0.52,0.18,2.32,2.93,-6.47,41.71,-11.21,1
e,2022-11-01 17:21:39.752803,-0.15,-0.85,0.52,-0.37,2.20,2.81,-6.10,42.10,-9.75,1
e,2022-11-01 17:21:39.753007,-0.15,-0.85,0.52,14.95,2.01,2.87,-6.10,42.10,-9.75,1
e,2022-11-01 17:21:39.753185,-0.15,-0.85,0.52,-0.18,1.95,2.62,-6.35,41.87,-10.00,1
e,2022-11-01 17:21:39.753362,-0.15,-0.85,0.52,0.06,1.89,2.75,-6.35,41.87,-10.00,1
e,2022-11-01 17:21:39.753536,-0.15,-0.85,0.52,-0.06,1.89,2.62,-6.35,41.87,-10.00,1
e,2022-11-01 17:21:39.753717,-0.15,-0.85,0.52,0.06,2.14,2.81,-6.46,41.44,-11.11,1
e,2022-11-01 17:21:39.753896,-0.15,-0.85,0.52,-15.63,2.32,2.81,-6.46,41.44,-11.11,1
e,2022-11-01 17:21:39.754068,-0.15,-0.85,0.52,0.00,2.32,3.05,-6.46,41.44,-11.11,1
e,2022-11-01 17:21:39.754244,-0.15,-0.85,0.52,0.12,2.01,2.69,-6.12,41.70,-11.11,1
e,2022-11-01 17:21:39.754417,-0.15,-0.85,0.52,0.24,1.95,2.99,-6.12,41.70,-11.11,1
e,2022-11-01 17:21:39.754598,-0.15,-0.85,0.52,-0.12,1.95,2.75,-6.12,41.70,-11.11,1
e,2022-11-01 17:21:39.754768,-0.15,-0.85,0.52,0.00,1.95,2.81,-6.30,41.89,-11.29,1
e,2022-11-01 17:21:39.754943,-0.15,-0.85,0.52,-0.06,2.20,2.69,-6.30,41.89,-11.29,1
e,2022-11-01 17:21:39.755127,-0.15,-0.85,0.52,0.31,2.08,2.93,-6.57,41.49,-11.15,1
e,2022-11-01 17:21:39.755303,-0.15,-0.85,0.52,-0.12,1.95,2.81,-6.57,41.49,-11.15,1
e,2022-11-01 17:21:39.755482,-0.15,-0.85,0.52,0.18,2.08,2.87,-6.57,41.49,-11.15,1
e,2022-11-01 17:21:39.755653,-0.15,-0.85,0.52,0.06,1.95,2.69,-6.90,41.86,-11.83,1
e,2022-11-01 17:21:39.755831,-0.15,-0.85,0.52,0.18,2.26,2.81,-6.90,41.86,-11.83,1
e,2022-11-01 17:21:39.756009,-0.15,-0.85,0.52,-0.12,2.01,2.81,-6.90,41.86,-11.83,1
e,2022-11-01 17:21:39.756188,-0.15,-0.84,0.53,-0.06,1.89,2.81,-6.23,41.93,-11.69,1
e,2022-11-01 17:21:39.756370,-0.15,-0.84,0.53,0.06,2.20,2.93,-6.23,41.93,-11.69,1
e,2022-11-01 17:21:39.756544,-0.15,-0.85,0.52,0.24,2.01,2.87,-6.23,41.93,-11.69,1
e,2022-11-01 17:21:39.756725,-0.15,-0.85,0.52,-0.12,1.89,2.69,-6.30,41.80,-11.11,1
e,2022-11-01 17:21:39.756897,-0.15,-0.84,0.53,0.00,2.08,2.81,-6.30,41.80,-11.11,1
e,2022-11-01 17:21:39.757071,-0.15,-0.84,0.53,0.12,2.26,2.81,-6.19,41.98,-11.93,1
e,2022-11-01 17:21:39.757253,-0.15,-0.84,0.53,-0.06,1.95,2.81,-6.19,41.98,-11.93,1
e,2022-11-01 17:21:39.757426,-0.15,-0.85,0.53,0.12,2.01,2.75,-6.19,41.98,-11.93,1
e,2022-11-01 17:21:39.757704,-0.15,-0.84,0.53,0.37,2.14,2.75,-6.60,41.92,-10.74,1
e,2022-11-01 17:21:39.757886,-0.15,-0.84,0.53,0.24,2.08,2.87,-6.60,41.92,-10.74,1
e,2022-11-01 17:21:39.758061,-0.15,-0.84,0.53,0.12,2.01,2.75,-6.60,41.92,-10.74,1
e,2022-11-01 17:21:39.758246,-0.15,-0.84,0.53,0.24,1.95,2.87,-6.18,41.94,-9.59,1
e,2022-11-01 17:21:39.758419,-0.15,-0.84,0.53,0.18,2.20,2.99,-6.18,41.94,-9.59,1
e,2022-11-01 17:21:39.758600,-0.15,-0.84,0.53,0.31,2.14,2.93,-6.18,41.94,-9.59,1
e,2022-11-01 17:21:39.758775,-0.15,-0.84,0.53,0.12,2.08,2.69,-6.32,42.44,-10.82,1
e,2022-11-01 17:21:39.758956,-0.15,-0.84,0.53,-0.06,2.20,2.93,-6.32,42.44,-10.82,1
e,2022-11-01 17:21:39.759180,-0.15,-0.84,0.53,0.43,2.20,2.87,-6.10,42.66,-11.54,1
e,2022-11-01 17:21:39.759358,-0.15,-0.84,0.53,-0.06,2.01,2.50,-6.10,42.66,-11.54,1
e,2022-11-01 17:21:39.759540,-0.15,-0.84,0.53,1.16,2.26,2.81,-6.10,42.66,-11.54,1
e,2022-11-01 17:21:39.759739,-0.15,-0.84,0.53,0.49,2.26,2.75,-6.35,41.88,-11.55,1
e,2022-11-01 17:21:39.759931,-0.15,-0.84,0.53,-0.06,2.44,3.17,-6.35,41.88,-11.55,1
e,2022-11-01 17:21:39.760106,-0.15,-0.84,0.53,0.31,2.32,2.93,-6.35,41.88,-11.55,1
e,2022-11-01 17:21:39.760283,-0.15,-0.83,0.54,0.55,2.08,2.81,-6.34,41.67,-12.00,1
e,2022-11-01 17:21:39.760466,-0.15,-0.82,0.53,5.13,2.26,4.70,-6.34,41.67,-12.00,1
e,2022-11-01 17:21:39.760643,-0.15,-0.84,0.51,4.58,2.87,5.25,-6.34,41.67,-12.00,1
e,2022-11-01 17:21:39.760845,-0.15,-0.84,0.53,2.32,4.21,5.62,-6.46,42.05,-11.78,1
e,2022-11-01 17:21:39.761022,-0.15,-0.80,0.54,0.06,3.97,7.57,-6.46,42.05,-11.78,1
e,2022-11-01 17:21:39.761195,-0.14,-0.83,0.52,9.28,4.09,8.67,-5.65,42.19,-10.90,1
e,2022-11-01 17:21:39.761374,-0.14,-0.85,0.50,5.98,6.16,9.95,-5.65,42.19,-10.90,1
e,2022-11-01 17:21:39.761553,-0.13,-0.85,0.53,4.88,7.08,10.13,-5.65,42.19,-10.90,1
e,2022-11-01 17:21:39.761741,-0.13,-0.88,0.52,1.89,6.77,9.34,-6.27,42.49,-10.73,1
e,2022-11-01 17:21:39.761922,-0.12,-0.85,0.56,-1.22,6.04,6.96,-6.27,42.49,-10.73,1
e,2022-11-01 17:21:39.762108,-0.12,-0.87,0.54,0.67,3.42,6.16,-6.27,42.49,-10.73,1
e,2022-11-01 17:21:39.762280,-0.12,-0.87,0.53,2.08,2.44,3.91,-6.08,42.52,-12.49,1
e,2022-11-01 17:21:39.762457,-0.13,-0.86,0.53,-1.22,1.34,2.26,-6.08,42.52,-12.49,1
e,2022-11-01 17:21:39.762639,-0.13,-0.85,0.53,-1.59,1.22,1.34,-6.08,42.52,-12.49,1
e,2022-11-01 17:21:39.762816,-0.13,-0.84,0.53,-1.59,0.85,1.16,-5.86,42.46,-11.87,1
e,2022-11-01 17:21:39.763000,-0.13,-0.84,0.52,-0.37,1.22,1.77,-5.86,42.46,-11.87,1
e,2022-11-01 17:21:39.763157,-0.13,-0.84,0.52,0.00,1.46,2.20,-5.54,42.66,-12.28,1
e,2022-11-01 17:21:39.763310,-0.13,-0.84,0.53,0.12,2.32,3.23,-5.54,42.66,-12.28,1
e,2022-11-01 17:21:39.763520,-0.13,-0.85,0.53,0.37,2.56,3.72,-5.54,42.66,-12.28,1
e,2022-11-01 17:21:39.763684,-0.13,-0.85,0.53,-0.12,2.69,3.78,-5.65,42.60,-11.21,1
e,2022-11-01 17:21:39.763844,-0.13,-0.85,0.53,-0.37,2.69,3.42,-5.65,42.60,-11.21,1
e,2022-11-01 17:21:39.764001,-0.13,-0.85,0.53,-0.24,2.32,3.11,-5.65,42.60,-11.21,1
e,2022-11-01 17:21:39.764161,-0.13,-0.85,0.54,-0.55,1.89,2.44,-5.33,42.76,-11.16,1
e,2022-11-01 17:21:39.764312,-0.13,-0.85,0.53,0.06,1.77,2.44,-5.33,42.76,-11.16,1
e,2022-11-01 17:21:39.764468,-0.13,-0.84,0.53,-0.31,2.01,2.56,-5.33,42.76,-11.16,1
e,2022-11-01 17:21:39.764629,-0.13,-0.84,0.53,-0.31,2.01,2.75,-5.05,42.86,-12.05,1
e,2022-11-01 17:21:39.764784,-0.13,-0.84,0.53,-0.12,2.14,2.81,-5.05,42.86,-12.05,1
e,2022-11-01 17:21:39.764942,-0.13,-0.84,0.53,0.18,2.38,3.11,-4.91,42.53,-12.15,1
e,2022-11-01 17:21:39.765096,-0.13,-0.85,0.53,-0.06,2.50,2.87,-4.91,42.53,-12.15,1
e,2022-11-01 17:21:39.765249,-0.13,-0.85,0.53,0.00,2.26,3.05,-4.91,42.53,-12.15,1
e,2022-11-01 17:21:39.765409,-0.13,-0.84,0.54,-0.37,2.20,2.87,-5.59,42.61,-12.39,1
e,2022-11-01 17:21:39.765564,-0.13,-0.84,0.54,-0.12,2.14,2.75,-5.59,42.61,-12.39,1
e,2022-11-01 17:21:39.765721,-0.13,-0.84,0.54,0.06,2.14,2.69,-5.59,42.61,-12.39,1
e,2022-11-01 17:21:39.765874,-0.13,-0.84,0.53,0.24,1.89,2.87,-5.47,43.14,-11.67,1
e,2022-11-01 17:21:39.766037,-0.13,-0.84,0.54,0.06,2.08,2.81,-5.47,43.14,-11.67,1
e,2022-11-01 17:21:39.766194,-0.13,-0.84,0.54,0.12,2.08,2.93,-5.47,43.14,-11.67,1
e,2022-11-01 17:21:39.766346,-0.13,-0.84,0.54,0.12,2.26,2.75,-5.20,42.32,-12.50,1
e,2022-11-01 17:21:39.766505,-0.12,-0.84,0.54,0.06,2.20,2.75,-5.20,42.32,-12.50,1
e,2022-11-01 17:21:39.766660,-0.12,-0.84,0.54,-0.18,2.08,2.81,-5.64,43.07,-12.52,1
e,2022-11-01 17:21:39.766822,-0.12,-0.84,0.54,-0.31,2.26,2.87,-5.64,43.07,-12.52,1
e,2022-11-01 17:21:39.766979,-0.12,-0.84,0.54,-0.18,2.20,2.93,-5.64,43.07,-12.52,1
e,2022-11-01 17:21:39.767132,-0.12,-0.84,0.54,0.31,2.20,2.87,-5.19,42.91,-13.04,1
e,2022-11-01 17:21:39.767286,-0.12,-0.84,0.54,0.12,2.01,2.75,-5.19,42.91,-13.04,1
e,2022-11-01 17:21:39.767437,-0.12,-0.84,0.54,0.37,2.08,2.81,-5.19,42.91,-13.04,1
e,2022-11-01 17:21:39.767596,-0.12,-0.84,0.54,-0.06,2.20,2.69,-5.48,42.79,-12.56,1
e,2022-11-01 17:21:39.767751,-0.12,-0.84,0.54,-0.12,2.14,2.81,-5.48,42.79,-12.56,1
e,2022-11-01 17:21:39.767905,-0.13,-0.84,0.54,-0.18,2.26,2.81,-5.48,42.79,-12.56,1
e,2022-11-01 17:21:39.768063,-0.12,-0.84,0.54,-0.06,2.26,2.87,-5.53,42.70,-11.67,1
e,2022-11-01 17:21:39.768213,-0.12,-0.84,0.54,0.37,2.38,2.99,-5.53,42.70,-11.67,1
e,2022-11-01 17:21:39.768368,-0.12,-0.84,0.54,0.24,2.20,2.93,-5.35,42.60,-12.24,1
e,2022-11-01 17:21:39.768520,-0.12,-0.84,0.54,0.06,2.08,2.69,-5.35,42.60,-12.24,1
e,2022-11-01 17:21:39.768676,-0.12,-0.84,0.54,-0.18,2.01,2.69,-5.35,42.60,-12.24,1
e,2022-11-01 17:21:39.768827,-0.12,-0.84,0.54,0.00,2.32,2.69,-5.37,42.75,-12.92,1
e,2022-11-01 17:21:39.768981,-0.12,-0.84,0.54,-0.06,2.14,2.81,-5.37,42.75,-12.92,1
e,2022-11-01 17:21:39.769140,-0.12,-0.84,0.54,0.49,2.08,2.87,-5.37,42.75,-12.92,1
e,2022-11-01 17:21:39.769293,-0.12,-0.84,0.54,0.31,1.95,2.81,-5.31,42.40,-13.46,1
e,2022-11-01 17:21:39.769463,-0.12,-0.84,0.54,0.43,2.14,2.87,-5.31,42.40,-13.46,1
e,2022-11-01 17:21:39.769632,-0.12,-0.84,0.54,0.06,2.20,2.62,-5.31,42.40,-13.46,1
e,2022-11-01 17:21:39.769785,-0.12,-0.84,0.54,0.31,2.01,2.69,-5.11,42.77,-12.78,1
e,2022-11-01 17:21:39.769946,-0.12,-0.84,0.55,0.06,2.01,2.75,-5.11,42.77,-12.78,1
e,2022-11-01 17:21:39.770099,-0.12,-0.84,0.55,0.24,2.14,2.81,-5.55,43.10,-11.60,1
e,2022-11-01 17:21:39.770264,-0.12,-0.84,0.54,-0.12,2.01,2.62,-5.55,43.10,-11.60,1
e,2022-11-01 17:21:39.770424,-0.12,-0.84,0.55,0.31,2.08,2.75,-5.55,43.10,-11.60,1
e,2022-11-01 17:21:39.770583,-0.12,-0.84,0.55,-0.06,2.08,2.75,-5.40,42.54,-12.79,1
e,2022-11-01 17:21:39.770749,-0.12,-0.84,0.55,0.31,2.14,2.87,-5.40,42.54,-12.79,1
e,2022-11-01 17:21:39.770904,-0.12,-0.84,0.55,0.49,2.14,2.93,-5.40,42.54,-12.79,1
e,2022-11-01 17:21:39.771067,-0.12,-0.84,0.55,0.31,2.01,2.69,-5.10,42.64,-13.10,1
e,2022-11-01 17:21:39.771221,-0.12,-0.84,0.55,0.12,2.14,2.87,-5.10,42.64,-13.10,1
e,2022-11-01 17:21:39.771383,-0.12,-0.83,0.55,0.18,2.20,2.87,-5.10,42.64,-13.10,1
e,2022-11-01 17:21:39.771536,-0.12,-0.83,0.55,0.12,2.08,2.81,-5.27,42.81,-12.06,1
e,2022-11-01 17:21:39.771689,-0.12,-0.83,0.55,0.31,2.14,2.87,-5.27,42.81,-12.06,1
e,2022-11-01 17:21:39.771847,-0.12,-0.83,0.55,0.43,2.08,2.81,-5.86,42.72,-14.20,1
e,2022-11-01 17:21:39.772000,-0.12,-0.84,0.55,0.18,1.95,2.50,-5.86,42.72,-14.20,1
e,2022-11-01 17:21:39.772166,-0.12,-0.83,0.55,0.24,2.01,2.69,-5.86,42.72,-14.20,1
e,2022-11-01 17:21:39.772320,-0.12,-0.83,0.55,0.31,2.01,2.75,-5.32,43.37,-13.26,1
e,2022-11-01 17:21:39.772473,-0.12,-0.83,0.55,0.18,2.20,2.69,-5.32,43.37,-13.26,1
e,2022-11-01 17:21:39.772636,-0.12,-0.83,0.55,0.61,2.01,2.69,-5.32,43.37,-13.26,1
e,2022-11-01 17:21:39.772791,-0.12,-0.83,0.55,0.49,2.08,2.81,-5.32,42.88,-12.67,1
e,2022-11-01 17:21:39.772951,-0.12,-0.83,0.55,0.31,2.14,2.81,-5.32,42.88,-12.67,1
e,2022-11-01 17:21:39.773104,-0.12,-0.83,0.55,0.18,2.20,2.69,-5.32,42.88,-12.67,1
e,2022-11-01 17:21:39.773257,-0.12,-0.83,0.55,0.12,2.14,2.69,-6.12,43.23,-12.24,1
e,2022-11-01 17:21:39.773416,-0.12,-0.83,0.55,0.43,2.01,2.93,-6.12,43.23,-12.24,1
e,2022-11-01 17:21:39.773572,-0.12,-0.83,0.55,0.24,2.14,2.62,-5.71,42.77,-12.57,1
e,2022-11-01 17:21:39.773729,-0.12,-0.83,0.55,0.49,2.20,2.81,-5.71,42.77,-12.57,1
e,2022-11-01 17:21:39.773881,-0.12,-0.83,0.55,0.24,2.01,2.75,-5.71,42.77,-12.57,1
e,2022-11-01 17:21:39.774034,-0.12,-0.83,0.55,0.12,2.08,2.75,-5.02,42.94,-12.63,1
e,2022-11-01 17:21:39.774195,-0.12,-0.83,0.55,0.43,2.08,2.69,-5.02,42.94,-12.63,1
e,2022-11-01 17:21:39.774347,-0.12,-0.83,0.55,0.61,2.14,2.81,-5.02,42.94,-12.63,1
e,2022-11-01 17:21:39.774505,-0.12,-0.83,0.55,0.24,2.14,2.81,-5.53,42.61,-12.77,1
e,2022-11-01 17:21:39.774658,-0.12,-0.83,0.55,0.31,2.01,2.75,-5.53,42.61,-12.77,1
e,2022-11-01 17:21:39.774812,-0.12,-0.83,0.56,0.06,2.01,2.81,-5.53,42.61,-12.77,1
e,2022-11-01 17:21:39.774975,-0.12,-0.83,0.56,0.31,2.01,2.75,-5.53,42.66,-12.67,1
e,2022-11-01 17:21:39.775127,-0.12,-0.83,0.55,0.55,2.08,2.75,-5.53,42.66,-12.67,1
e,2022-11-01 17:21:39.775290,-0.12,-0.83,0.56,0.43,1.95,2.69,-6.01,42.90,-12.89,1
e,2022-11-01 17:21:39.775444,-0.12,-0.83,0.56,0.18,2.08,2.69,-6.01,42.90,-12.89,1
e,2022-11-01 17:21:39.775602,-0.12,-0.83,0.56,0.31,1.95,2.69,-6.01,42.90,-12.89,1
e,2022-11-01 17:21:39.775755,-0.12,-0.83,0.56,0.37,1.95,2.56,-5.93,42.55,-14.04,1
e,2022-11-01 17:21:39.775907,-0.12,-0.83,0.56,0.43,2.01,2.69,-5.93,42.55,-14.04,1
e,2022-11-01 17:21:39.776065,-0.11,-0.83,0.56,0.31,2.01,2.69,-5.93,42.55,-14.04,1
e,2022-11-01 17:21:39.776219,-0.12,-0.83,0.56,0.18,2.01,2.56,-5.21,42.59,-13.09,1
e,2022-11-01 17:21:39.776388,-0.11,-0.83,0.56,0.31,1.95,2.56,-5.21,42.59,-13.09,1
e,2022-11-01 17:21:39.776540,-0.12,-0.83,0.56,0.37,2.20,2.81,-5.21,42.59,-13.09,1
e,2022-11-01 17:21:39.776738,-0.11,-0.83,0.56,0.43,1.89,2.56,-5.64,42.83,-11.94,1
e,2022-11-01 17:21:39.776911,-0.11,-0.83,0.56,0.37,2.14,2.69,-5.64,42.83,-11.94,1
e,2022-11-01 17:21:39.777066,-0.12,-0.83,0.56,0.55,2.08,2.87,-5.04,42.65,-12.38,1
e,2022-11-01 17:21:39.777235,-0.11,-0.83,0.56,0.43,2.14,2.69,-5.04,42.65,-12.38,1
e,2022-11-01 17:21:39.777390,-0.12,-0.83,0.56,0.31,2.01,2.69,-5.04,42.65,-12.38,1
e,2022-11-01 17:21:39.777545,-0.11,-0.83,0.56,0.49,1.95,2.87,-5.26,42.71,-13.90,1
e,2022-11-01 17:21:39.777708,-0.12,-0.83,0.56,0.55,2.01,2.75,-5.26,42.71,-13.90,1
e,2022-11-01 17:21:39.777874,-0.11,-0.83,0.56,0.79,2.08,2.93,-5.26,42.71,-13.90,1
e,2022-11-01 17:21:39.778037,-0.11,-0.83,0.56,0.18,2.01,2.69,-5.24,42.87,-12.67,1
e,2022-11-01 17:21:39.778190,-0.11,-0.83,0.56,0.79,2.08,2.81,-5.24,42.87,-12.67,1
e,2022-11-01 17:21:39.778349,-0.11,-0.83,0.56,0.55,2.08,2.81,-5.24,42.87,-12.67,1
e,2022-11-01 17:21:39.778500,-0.11,-0.83,0.56,0.31,2.01,2.69,-5.41,43.26,-11.76,1
e,2022-11-01 17:21:39.778657,-0.11,-0.83,0.56,0.67,2.14,2.87,-5.41,43.26,-11.76,1
e,2022-11-01 17:21:39.778820,-0.11,-0.83,0.56,0.31,2.32,2.62,-5.46,43.03,-13.00,1
e,2022-11-01 17:21:39.779033,-0.11,-0.83,0.56,0.31,2.01,2.56,-5.46,43.03,-13.00,1
e,2022-11-01 17:21:39.779198,-0.11,-0.83,0.56,0.37,2.14,2.75,-5.46,43.03,-13.00,1
e,2022-11-01 17:21:39.779372,-0.11,-0.82,0.56,0.24,2.14,2.75,-5.90,43.13,-13.28,1
e,2022-11-01 17:21:39.779526,-0.11,-0.82,0.56,0.43,2.08,2.81,-5.90,43.13,-13.28,1
e,2022-11-01 17:21:39.779693,-0.11,-0.83,0.56,0.55,1.95,2.81,-5.90,43.13,-13.28,1
e,2022-11-01 17:21:39.779846,-0.11,-0.82,0.56,0.37,1.95,2.75,-5.49,42.91,-12.93,1
e,2022-11-01 17:21:39.780003,-0.11,-0.83,0.56,0.55,1.95,2.62,-5.49,42.91,-12.93,1
e,2022-11-01 17:21:39.780157,-0.11,-0.82,0.56,0.31,2.01,2.69,-5.49,42.91,-12.93,1
e,2022-11-01 17:21:39.780317,-0.11,-0.82,0.56,0.37,2.14,2.44,-5.63,42.74,-13.33,1
e,2022-11-01 17:21:39.780468,-0.11,-0.83,0.56,0.24,2.14,2.62,-5.63,42.74,-13.33,1
e,2022-11-01 17:21:39.780620,-0.11,-0.83,0.56,0.43,2.20,2.87,-5.63,43.33,-13.50,1
e,2022-11-01 17:21:39.780788,-0.11,-0.83,0.56,0.49,2.08,2.75,-5.63,43.33,-13.50,1
e,2022-11-01 17:21:39.780939,-0.11,-0.83,0.56,0.37,2.08,2.81,-5.63,43.33,-13.50,1
e,2022-11-01 17:21:39.781097,-0.11,-0.82,0.57,0.24,2.14,2.87,-5.74,43.02,-12.73,1
e,2022-11-01 17:21:39.781247,-0.11,-0.82,0.56,0.61,2.08,2.75,-5.74,43.02,-12.73,1
e,2022-11-01 17:21:39.781397,-0.11,-0.82,0.57,0.55,2.01,2.69,-5.74,43.02,-12.73,1
e,2022-11-01 17:21:39.781554,-0.11,-0.82,0.56,0.49,2.14,2.87,-5.24,43.23,-13.23,1
e,2022-11-01 17:21:39.781703,-0.11,-0.82,0.56,0.79,2.08,2.75,-5.24,43.23,-13.23,1
e,2022-11-01 17:21:39.781857,-0.11,-0.82,0.57,0.37,2.14,2.87,-5.24,43.23,-13.23,1
e,2022-11-01 17:21:39.782008,-0.11,-0.82,0.57,0.43,2.14,2.75,-5.11,43.05,-13.38,1
e,2022-11-01 17:21:39.782159,-0.11,-0.82,0.57,0.43,2.08,2.75,-5.11,43.05,-13.38,1
e,2022-11-01 17:21:39.782315,-0.11,-0.82,0.57,0.49,1.95,2.75,-5.83,43.46,-13.76,1
e,2022-11-01 17:21:39.782467,-0.11,-0.82,0.57,0.18,1.83,2.56,-5.83,43.46,-13.76,1
e,2022-11-01 17:21:39.782621,-0.11,-0.82,0.57,0.49,2.01,2.75,-5.83,43.46,-13.76,1
e,2022-11-01 17:21:39.782812,-0.11,-0.82,0.57,0.49,2.08,2.69,-5.69,42.90,-14.54,1
e,2022-11-01 17:21:39.782976,-0.11,-0.82,0.57,0.55,2.01,2.69,-5.69,42.90,-14.54,1
e,2022-11-01 17:21:39.783129,-0.11,-0.82,0.57,0.55,2.01,2.69,-5.69,42.90,-14.54,1
e,2022-11-01 17:21:39.783283,-0.11,-0.82,0.57,0.37,2.14,2.69,-5.65,43.35,-13.72,1
e,2022-11-01 17:21:39.783439,-0.11,-0.82,0.57,0.67,2.01,2.62,-5.65,43.35,-13.72,1
e,2022-11-01 17:21:39.783592,-0.11,-0.82,0.57,0.67,2.20,2.81,-5.65,43.35,-13.72,1
e,2022-11-01 17:21:39.783755,-0.11,-0.82,0.57,0.43,2.01,2.62,-5.33,43.07,-12.44,1
e,2022-11-01 17:21:39.783910,-0.11,-0.82,0.57,0.55,2.01,2.56,-5.33,43.07,-12.44,1
e,2022-11-01 17:21:39.784065,-0.11,-0.82,0.57,0.61,2.20,2.81,-5.79,43.09,-12.87,1
e,2022-11-01 17:21:39.784225,-0.11,-0.82,0.57,0.31,2.08,2.56,-5.79,43.09,-12.87,1
e,2022-11-01 17:21:39.784378,-0.11,-0.82,0.57,0.55,2.14,2.69,-5.79,43.09,-12.87,1
e,2022-11-01 17:21:39.784537,-0.11,-0.82,0.57,0.24,2.08,2.69,-5.33,43.57,-13.95,1
e,2022-11-01 17:21:39.784688,-0.11,-0.82,0.57,0.61,2.01,2.81,-5.33,43.57,-13.95,1
e,2022-11-01 17:21:39.784841,-0.11,-0.82,0.57,0.43,2.08,2.69,-5.33,43.57,-13.95,1
e,2022-11-01 17:21:39.785001,-0.11,-0.82,0.57,0.43,2.08,2.75,-5.30,43.65,-13.54,1
e,2022-11-01 17:21:39.785154,-0.11,-0.82,0.57,0.67,2.20,2.81,-5.30,43.65,-13.54,1
e,2022-11-01 17:21:39.785313,-0.11,-0.82,0.57,0.24,2.08,2.62,-5.30,43.65,-13.54,1
e,2022-11-01 17:21:39.785467,-0.11,-0.82,0.57,0.37,2.08,2.75,-5.19,43.21,-12.41,1
e,2022-11-01 17:21:39.785623,-0.11,-0.82,0.57,0.43,2.01,2.75,-5.19,43.21,-12.41,1
e,2022-11-01 17:21:39.785775,-0.11,-0.82,0.57,0.55,2.14,2.62,-5.20,43.16,-13.82,1
e,2022-11-01 17:21:39.785929,-0.11,-0.82,0.57,0.98,2.08,2.87,-5.20,43.16,-13.82,1
e,2022-11-01 17:21:39.786087,-0.11,-0.82,0.57,0.61,2.01,2.75,-5.20,43.16,-13.82,1
e,2022-11-01 17:21:39.786238,-0.11,-0.82,0.57,0.55,2.01,2.62,-5.44,42.60,-14.09,1
e,2022-11-01 17:21:39.786394,-0.11,-0.82,0.57,0.31,2.01,2.56,-5.44,42.60,-14.09,1
e,2022-11-01 17:21:39.786546,-0.11,-0.82,0.58,0.43,1.95,2.75,-5.44,42.60,-14.09,1
e,2022-11-01 17:21:39.786698,-0.11,-0.82,0.57,0.73,2.01,2.62,-5.57,43.04,-15.05,1
e,2022-11-01 17:21:39.786856,-0.11,-0.82,0.57,0.55,2.20,2.87,-5.57,43.04,-15.05,1
e,2022-11-01 17:21:39.787009,-0.11,-0.82,0.57,0.67,2.14,2.75,-5.57,43.04,-15.05,1
e,2022-11-01 17:21:39.787167,-0.11,-0.82,0.57,0.61,1.77,2.62,-5.51,43.10,-13.21,1
e,2022-11-01 17:21:39.787319,-0.11,-0.82,0.57,0.31,2.08,2.81,-5.51,43.10,-13.21,1
e,2022-11-01 17:21:39.787471,-0.11,-0.82,0.57,0.31,2.01,2.69,-5.55,43.10,-14.47,1
e,2022-11-01 17:21:39.787628,-0.11,-0.82,0.58,0.61,2.14,2.62,-5.55,43.10,-14.47,1
e,2022-11-01 17:21:39.787780,-0.11,-0.82,0.57,0.79,2.01,2.93,-5.55,43.10,-14.47,1
e,2022-11-01 17:21:39.787939,-0.10,-0.82,0.58,0.85,2.01,2.81,-5.04,43.73,-13.62,1
e,2022-11-01 17:21:39.788100,-0.10,-0.82,0.57,0.55,2.08,2.62,-5.04,43.73,-13.62,1
e,2022-11-01 17:21:39.788255,-0.10,-0.82,0.57,0.79,2.01,2.69,-5.04,43.73,-13.62,1
e,2022-11-01 17:21:39.788408,-0.11,-0.82,0.58,0.31,1.95,2.56,-4.71,43.43,-13.67,1
e,2022-11-01 17:21:39.788559,-0.11,-0.81,0.58,0.43,2.20,2.62,-4.71,43.43,-13.67,1
e,2022-11-01 17:21:39.788718,-0.10,-0.82,0.58,0.67,2.08,2.62,-4.71,43.43,-13.67,1
e,2022-11-01 17:21:39.788869,-0.10,-0.82,0.58,0.37,2.01,2.56,-5.25,42.92,-13.82,1
e,2022-11-01 17:21:39.789029,-0.10,-0.82,0.58,0.49,2.01,2.81,-5.25,42.92,-13.82,1
e,2022-11-01 17:21:39.789180,-0.10,-0.82,0.58,0.49,2.08,2.93,-5.36,43.16,-14.62,1
e,2022-11-01 17:21:39.789336,-0.10,-0.81,0.58,-0.12,2.14,2.87,-5.36,43.16,-14.62,1
e,2022-11-01 17:21:39.789498,-0.10,-0.82,0.58,0.24,2.08,2.75,-5.36,43.16,-14.62,1
e,2022-11-01 17:21:39.789652,-0.10,-0.82,0.58,0.67,1.95,2.62,-4.75,43.31,-13.98,1
e,2022-11-01 17:21:39.789812,-0.10,-0.82,0.58,0.61,1.89,2.69,-4.75,43.31,-13.98,1
e,2022-11-01 17:21:39.789966,-0.10,-0.82,0.58,0.49,2.08,2.75,-4.75,43.31,-13.98,1
e,2022-11-01 17:21:39.790118,-0.10,-0.82,0.58,0.73,2.08,2.69,-5.07,43.02,-13.81,1
e,2022-11-01 17:21:39.790277,-0.10,-0.82,0.58,0.49,2.14,2.69,-5.07,43.02,-13.81,1
e,2022-11-01 17:21:39.790429,-0.10,-0.82,0.58,0.55,2.14,2.69,-5.07,43.02,-13.81,1
e,2022-11-01 17:21:39.790587,-0.10,-0.82,0.58,0.73,1.95,2.56,-5.22,43.63,-14.18,1
e,2022-11-01 17:21:39.790740,-0.10,-0.81,0.58,0.73,1.95,2.81,-5.22,43.63,-14.18,1
e,2022-11-01 17:21:39.790902,-0.10,-0.81,0.58,0.49,1.89,2.69,-5.33,43.02,-13.83,1
e,2022-11-01 17:21:39.791053,-0.10,-0.81,0.58,0.67,1.95,2.56,-5.33,43.02,-13.83,1
e,2022-11-01 17:21:39.791203,-0.10,-0.81,0.58,0.61,1.95,2.62,-5.33,43.02,-13.83,1
e,2022-11-01 17:21:39.791360,-0.10,-0.82,0.58,0.43,2.08,2.81,-4.83,42.96,-13.38,1
e,2022-11-01 17:21:39.791511,-0.10,-0.81,0.58,0.43,2.01,2.81,-4.83,42.96,-13.38,1
e,2022-11-01 17:21:39.791673,-0.10,-0.81,0.58,0.55,2.20,2.81,-4.83,42.96,-13.38,1
e,2022-11-01 17:21:39.791826,-0.10,-0.81,0.58,0.49,2.14,2.50,-5.20,43.43,-13.42,1
e,2022-11-01 17:21:39.791977,-0.10,-0.81,0.58,0.61,2.08,2.93,-5.20,43.43,-13.42,1
e,2022-11-01 17:21:39.792134,-0.10,-0.81,0.58,0.61,1.89,2.69,-5.20,43.43,-13.42,1
e,2022-11-01 17:21:39.792286,-0.10,-0.81,0.58,0.55,2.08,2.62,-5.05,43.58,-13.50,1
e,2022-11-01 17:21:39.792445,-0.10,-0.81,0.58,0.49,2.08,2.56,-5.05,43.58,-13.50,1
e,2022-11-01 17:21:39.792601,-0.10,-0.81,0.58,0.61,2.14,2.62,-4.28,43.25,-13.23,1
e,2022-11-01 17:21:39.792756,-0.10,-0.81,0.58,0.49,1.95,2.50,-4.28,43.25,-13.23,1
e,2022-11-01 17:21:39.792915,-0.10,-0.81,0.58,0.61,2.20,2.44,-4.28,43.25,-13.23,1
e,2022-11-01 17:21:39.793068,-0.10,-0.81,0.58,0.61,1.95,2.75,-4.58,43.29,-14.32,1
e,2022-11-01 17:21:39.793225,-0.10,-0.81,0.58,0.55,2.08,2.62,-4.58,43.29,-14.32,1
e,2022-11-01 17:21:39.793376,-0.10,-0.81,0.58,0.43,2.14,2.62,-4.58,43.29,-14.32,1
e,2022-11-01 17:21:39.793532,-0.10,-0.81,0.58,0.43,1.77,2.44,-5.68,43.57,-14.07,1
e,2022-11-01 17:21:39.793683,-0.10,-0.81,0.58,0.85,2.01,2.75,-5.68,43.57,-14.07,1
e,2022-11-01 17:21:39.793836,-0.10,-0.81,0.58,0.73,2.14,2.75,-5.68,43.57,-14.07,1
e,2022-11-01 17:21:39.793992,-0.10,-0.81,0.58,0.49,2.08,2.69,-5.68,43.87,-14.00,1
e,2022-11-01 17:21:39.794145,-0.10,-0.81,0.58,0.49,2.14,2.75,-5.68,43.87,-14.00,1
e,2022-11-01 17:21:39.794358,-0.10,-0.81,0.58,0.43,2.26,2.75,-5.63,43.85,-13.72,1
e,2022-11-01 17:21:39.794520,-0.10,-0.81,0.58,0.67,2.01,2.62,-5.63,43.85,-13.72,1
e,2022-11-01 17:21:39.794673,-0.10,-0.81,0.58,0.61,2.08,2.69,-5.63,43.85,-13.72,1
e,2022-11-01 17:21:39.794837,-0.10,-0.81,0.58,0.55,2.08,2.75,-5.22,43.41,-14.71,1
e,2022-11-01 17:21:39.794987,-0.10,-0.81,0.59,0.79,2.01,2.87,-5.22,43.41,-14.71,1
e,2022-11-01 17:21:39.795144,-0.10,-0.81,0.58,0.67,2.01,2.75,-5.22,43.41,-14.71,1
e,2022-11-01 17:21:39.795297,-0.10,-0.81,0.58,0.61,2.08,2.81,-5.44,43.36,-14.86,1
e,2022-11-01 17:21:39.795448,-0.10,-0.81,0.58,0.49,2.20,2.81,-5.44,43.36,-14.86,1
e,2022-11-01 17:21:39.795607,-0.10,-0.81,0.58,0.43,2.08,2.75,-5.44,43.36,-14.86,1
e,2022-11-01 17:21:39.795759,-0.10,-0.81,0.59,0.31,2.08,2.69,-5.41,43.35,-14.50,1
e,2022-11-01 17:21:39.795917,-0.10,-0.81,0.59,0.37,2.08,2.81,-5.41,43.35,-14.50,1
e,2022-11-01 17:21:39.796071,-0.10,-0.81,0.59,0.55,2.08,2.75,-5.31,43.93,-14.28,1
e,2022-11-01 17:21:39.796228,-0.10,-0.81,0.59,0.49,2.01,2.69,-5.31,43.93,-14.28,1
e,2022-11-01 17:21:39.796380,-0.10,-0.81,0.59,0.61,2.08,2.75,-5.31,43.93,-14.28,1
e,2022-11-01 17:21:39.796533,-0.10,-0.81,0.59,0.55,2.01,2.62,-4.80,43.68,-14.78,1
e,2022-11-01 17:21:39.796696,-0.10,-0.81,0.59,0.49,2.14,2.69,-4.80,43.68,-14.78,1
e,2022-11-01 17:21:39.796848,-0.10,-0.81,0.59,0.55,2.01,2.69,-4.80,43.68,-14.78,1
e,2022-11-01 17:21:39.797006,-0.10,-0.81,0.59,0.79,2.01,2.75,-5.02,43.75,-14.56,1
e,2022-11-01 17:21:39.797158,-0.10,-0.81,0.59,0.73,2.08,2.81,-5.02,43.75,-14.56,1
e,2022-11-01 17:21:39.797311,-0.10,-0.81,0.59,0.85,2.14,2.75,-5.02,43.75,-14.56,1
e,2022-11-01 17:21:39.797471,-0.10,-0.81,0.59,0.31,2.01,2.50,-5.11,43.85,-14.44,1
e,2022-11-01 17:21:39.797623,-0.10,-0.81,0.59,0.67,2.14,2.99,-5.11,43.85,-14.44,1
e,2022-11-01 17:21:39.797782,-0.10,-0.81,0.59,0.55,2.14,2.75,-5.43,44.51,-14.25,1
e,2022-11-01 17:21:39.797934,-0.10,-0.81,0.59,0.67,2.08,2.69,-5.43,44.51,-14.25,1
e,2022-11-01 17:21:39.798089,-0.10,-0.81,0.59,0.55,2.08,2.75,-5.43,44.51,-14.25,1
e,2022-11-01 17:21:39.798245,-0.10,-0.81,0.59,0.79,1.95,2.56,-5.07,43.51,-14.45,1
e,2022-11-01 17:21:39.798397,-0.10,-0.81,0.59,0.61,2.08,2.75,-5.07,43.51,-14.45,1
e,2022-11-01 17:21:39.798553,-0.10,-0.81,0.59,0.43,2.01,2.62,-5.07,43.51,-14.45,1
e,2022-11-01 17:21:39.798704,-0.10,-0.81,0.59,0.24,2.14,2.56,-5.09,43.19,-14.25,1
e,2022-11-01 17:21:39.798862,-0.10,-0.81,0.59,0.73,2.20,2.75,-5.09,43.19,-14.25,1
e,2022-11-01 17:21:39.799014,-0.10,-0.81,0.59,0.73,2.14,2.81,-5.09,43.19,-14.25,1
e,2022-11-01 17:21:39.799166,-0.10,-0.81,0.59,0.31,2.08,2.62,-5.96,43.53,-14.71,1
e,2022-11-01 17:21:39.799326,-0.10,-0.81,0.59,0.61,2.20,2.69,-5.96,43.53,-14.71,1
e,2022-11-01 17:21:39.799481,-0.10,-0.81,0.59,0.55,2.01,2.69,-4.71,43.21,-15.06,1
e,2022-11-01 17:21:39.799639,-0.10,-0.81,0.59,0.67,2.26,2.69,-4.71,43.21,-15.06,1
e,2022-11-01 17:21:39.799792,-0.10,-0.81,0.59,0.61,2.14,2.69,-4.71,43.21,-15.06,1
e,2022-11-01 17:21:39.799943,-0.10,-0.81,0.59,0.67,2.20,2.75,-5.08,43.25,-15.00,1
e,2022-11-01 17:21:39.800098,-0.10,-0.81,0.59,0.55,2.20,2.56,-5.08,43.25,-15.00,1
e,2022-11-01 17:21:39.800249,-0.10,-0.81,0.59,0.55,2.08,2.69,-5.08,43.25,-15.00,1
e,2022-11-01 17:21:39.800404,-0.10,-0.81,0.59,0.61,1.95,2.44,-4.88,43.40,-15.52,1
e,2022-11-01 17:21:39.800555,-0.10,-0.81,0.59,0.55,2.14,2.62,-4.88,43.40,-15.52,1
e,2022-11-01 17:21:39.800710,-0.10,-0.80,0.59,0.37,2.08,2.62,-4.88,43.40,-15.52,1
e,2022-11-01 17:21:39.800862,-0.09,-0.81,0.59,0.43,2.14,2.44,-5.43,43.10,-14.32,1
e,2022-11-01 17:21:39.801014,-0.10,-0.80,0.59,0.49,2.08,2.75,-5.43,43.10,-14.32,1
e,2022-11-01 17:21:39.801173,-0.10,-0.81,0.59,0.55,2.32,2.81,-5.47,43.27,-15.05,1
e,2022-11-01 17:21:39.801326,-0.09,-0.80,0.59,0.43,2.14,2.62,-5.47,43.27,-15.05,1
e,2022-11-01 17:21:39.801483,-0.09,-0.81,0.59,0.49,2.20,2.62,-5.47,43.27,-15.05,1
e,2022-11-01 17:21:39.801636,-0.10,-0.81,0.59,0.55,2.26,2.50,-5.48,43.98,-14.34,1
e,2022-11-01 17:21:39.801788,-0.09,-0.81,0.59,0.43,2.08,2.62,-5.48,43.98,-14.34,1
e,2022-11-01 17:21:39.801943,-0.10,-0.80,0.59,0.49,2.20,2.56,-5.48,43.98,-14.34,1
e,2022-11-01 17:21:39.802095,-0.09,-0.80,0.59,0.24,2.26,2.50,-4.70,44.10,-15.01,1
e,2022-11-01 17:21:39.802251,-0.09,-0.80,0.59,0.61,2.20,2.62,-4.70,44.10,-15.01,1
e,2022-11-01 17:21:39.802402,-0.10,-0.81,0.59,0.37,2.20,2.56,-4.70,44.10,-15.01,1
e,2022-11-01 17:21:39.802558,-0.09,-0.80,0.59,0.24,2.14,2.50,-5.07,43.63,-14.29,1
e,2022-11-01 17:21:39.802712,-0.09,-0.80,0.59,0.61,2.14,2.62,-5.07,43.63,-14.29,1
e,2022-11-01 17:21:39.802864,-0.09,-0.80,0.59,0.79,2.26,2.69,-5.35,44.35,-14.99,1
e,2022-11-01 17:21:39.803022,-0.09,-0.80,0.59,0.61,2.01,2.62,-5.35,44.35,-14.99,1
e,2022-11-01 17:21:39.803174,-0.09,-0.80,0.59,0.55,2.14,2.69,-5.35,44.35,-14.99,1
e,2022-11-01 17:21:39.803330,-0.09,-0.80,0.60,0.55,2.20,2.69,-4.96,43.96,-15.00,1
e,2022-11-01 17:21:39.803482,-0.09,-0.80,0.60,0.67,2.08,2.56,-4.96,43.96,-15.00,1
e,2022-11-01 17:21:39.803636,-0.09,-0.80,0.60,0.55,2.14,2.56,-4.96,43.96,-15.00,1
e,2022-11-01 17:21:39.803793,-0.09,-0.80,0.60,0.49,2.08,2.50,-5.14,43.59,-15.83,1
e,2022-11-01 17:21:39.803944,-0.09,-0.80,0.60,0.61,2.08,2.69,-5.14,43.59,-15.83,1
e,2022-11-01 17:21:39.804105,-0.09,-0.80,0.60,0.55,2.14,2.69,-5.14,43.59,-15.83,1
e,2022-11-01 17:21:39.804257,-0.09,-0.80,0.60,0.49,2.01,2.50,-5.02,44.14,-15.38,1
e,2022-11-01 17:21:39.804415,-0.09,-0.80,0.60,0.67,2.08,2.62,-5.02,44.14,-15.38,1
e,2022-11-01 17:21:39.804570,-0.09,-0.80,0.59,0.85,2.08,2.62,-4.86,43.66,-15.84,1
e,2022-11-01 17:21:39.804724,-0.09,-0.80,0.60,0.06,1.89,2.50,-4.86,43.66,-15.84,1
e,2022-11-01 17:21:39.804883,-0.09,-0.80,0.60,0.49,2.08,2.69,-4.86,43.66,-15.84,1
e,2022-11-01 17:21:39.805037,-0.09,-0.80,0.59,0.55,2.08,2.81,-5.18,43.48,-15.93,1
e,2022-11-01 17:21:39.805198,-0.09,-0.80,0.60,0.61,2.08,2.50,-5.18,43.48,-15.93,1
e,2022-11-01 17:21:39.805349,-0.09,-0.80,0.60,0.43,2.26,2.81,-5.18,43.48,-15.93,1
e,2022-11-01 17:21:39.805504,-0.09,-0.80,0.60,0.67,2.08,2.62,-5.13,43.44,-15.77,1
e,2022-11-01 17:21:39.805660,-0.09,-0.80,0.60,0.79,2.26,2.75,-5.13,43.44,-15.77,1
e,2022-11-01 17:21:39.805815,-0.09,-0.80,0.60,0.61,2.26,2.62,-5.13,43.44,-15.77,1
e,2022-11-01 17:21:39.805974,-0.09,-0.80,0.60,0.67,2.20,2.62,-5.40,43.54,-14.84,1
e,2022-11-01 17:21:39.806126,-0.09,-0.80,0.60,0.37,2.38,2.69,-5.40,43.54,-14.84,1
e,2022-11-01 17:21:39.806283,-0.09,-0.80,0.60,0.55,2.14,2.69,-5.07,43.38,-16.48,1
e,2022-11-01 17:21:39.806437,-0.09,-0.80,0.60,0.55,2.08,2.50,-5.07,43.38,-16.48,1
e,2022-11-01 17:21:39.806589,-0.09,-0.80,0.60,0.67,2.08,2.81,-5.07,43.38,-16.48,1
e,2022-11-01 17:21:39.806746,-0.09,-0.80,0.60,0.61,1.89,2.62,-5.16,43.55,-16.47,1
e,2022-11-01 17:21:39.806898,-0.09,-0.80,0.60,0.37,2.20,2.75,-5.16,43.55,-16.47,1
e,2022-11-01 17:21:39.807057,-0.09,-0.80,0.60,0.67,2.20,2.62,-5.16,43.55,-16.47,1
e,2022-11-01 17:21:39.807208,-0.09,-0.80,0.60,0.55,2.08,2.50,-5.37,43.60,-16.94,1
e,2022-11-01 17:21:39.807361,-0.09,-0.80,0.60,0.55,2.14,2.50,-5.37,43.60,-16.94,1
e,2022-11-01 17:21:39.807515,-0.09,-0.80,0.60,0.85,2.08,2.56,-5.37,43.60,-16.94,1
e,2022-11-01 17:21:39.807669,-0.09,-0.80,0.60,0.49,2.08,2.50,-4.54,43.98,-16.11,1
e,2022-11-01 17:21:39.807827,-0.09,-0.80,0.60,0.61,2.20,2.62,-4.54,43.98,-16.11,1
e,2022-11-01 17:21:39.807979,-0.09,-0.80,0.60,0.55,2.14,2.69,-4.85,43.98,-16.22,1
e,2022-11-01 17:21:39.808134,-0.09,-0.80,0.60,0.73,2.14,2.75,-4.85,43.98,-16.22,1
e,2022-11-01 17:21:39.808288,-0.09,-0.80,0.60,0.67,2.08,2.56,-4.85,43.98,-16.22,1
e,2022-11-01 17:21:39.808440,-0.09,-0.80,0.60,0.61,2.14,2.87,-4.87,43.64,-15.95,1
e,2022-11-01 17:21:39.808599,-0.09,-0.80,0.60,0.55,2.08,2.69,-4.87,43.64,-15.95,1
e,2022-11-01 17:21:39.808751,-0.09,-0.80,0.60,0.73,2.14,2.81,-4.87,43.64,-15.95,1
e,2022-11-01 17:21:39.808909,-0.09,-0.80,0.60,0.61,1.95,2.81,-4.97,43.25,-15.50,1
e,2022-11-01 17:21:39.809063,-0.09,-0.80,0.60,0.55,2.20,2.62,-4.97,43.25,-15.50,1
e,2022-11-01 17:21:39.809215,-0.09,-0.80,0.60,0.61,2.20,2.75,-4.97,43.25,-15.50,1
e,2022-11-01 17:21:39.809372,-0.09,-0.80,0.60,0.67,1.89,2.38,-5.24,43.46,-15.27,1
e,2022-11-01 17:21:39.809524,-0.09,-0.80,0.60,0.67,2.08,2.50,-5.24,43.46,-15.27,1
e,2022-11-01 17:21:39.809710,-0.09,-0.80,0.60,0.73,2.26,2.56,-4.77,44.21,-15.00,1
e,2022-11-01 17:21:39.809862,-0.09,-0.80,0.60,0.92,2.08,2.56,-4.77,44.21,-15.00,1
e,2022-11-01 17:21:39.810022,-0.09,-0.80,0.60,0.85,2.14,2.69,-4.77,44.21,-15.00,1
e,2022-11-01 17:21:39.810175,-0.09,-0.80,0.60,0.37,2.14,2.56,-4.91,43.79,-16.71,1
e,2022-11-01 17:21:39.810328,-0.09,-0.80,0.60,0.55,1.95,2.56,-4.91,43.79,-16.71,1
e,2022-11-01 17:21:39.810483,-0.09,-0.80,0.60,0.61,2.14,2.56,-4.91,43.79,-16.71,1
e,2022-11-01 17:21:39.810635,-0.09,-0.80,0.60,0.85,2.01,2.50,-5.16,44.17,-15.44,1
e,2022-11-01 17:21:39.810786,-0.09,-0.80,0.60,0.55,2.20,2.62,-5.16,44.17,-15.44,1
e,2022-11-01 17:21:39.810942,-0.09,-0.80,0.60,0.67,2.01,2.62,-5.16,44.17,-15.44,1
e,2022-11-01 17:21:39.811094,-0.09,-0.80,0.60,0.55,1.95,2.44,-4.88,43.74,-16.17,1
e,2022-11-01 17:21:39.811250,-0.09,-0.80,0.60,0.55,2.08,2.69,-4.88,43.74,-16.17,1
e,2022-11-01 17:21:39.811401,-0.09,-0.80,0.60,0.73,2.08,2.75,-5.04,44.07,-15.50,1
e,2022-11-01 17:21:39.811557,-0.09,-0.80,0.60,0.61,2.08,2.69,-5.04,44.07,-15.50,1
e,2022-11-01 17:21:39.811709,-0.09,-0.80,0.60,0.67,2.08,2.56,-5.04,44.07,-15.50,1
e,2022-11-01 17:21:39.811861,-0.09,-0.80,0.61,0.61,2.32,2.87,-4.64,44.06,-14.93,1
e,2022-11-01 17:21:39.812016,-0.09,-0.80,0.61,0.61,2.20,2.75,-4.64,44.06,-14.93,1
e,2022-11-01 17:21:39.812169,-0.09,-0.80,0.60,0.73,2.08,2.81,-4.64,44.06,-14.93,1
e,2022-11-01 17:21:39.812326,-0.09,-0.80,0.61,0.31,2.01,2.50,-5.09,43.70,-16.08,1
e,2022-11-01 17:21:39.812480,-0.09,-0.80,0.60,0.67,2.01,2.56,-5.09,43.70,-16.08,1
e,2022-11-01 17:21:39.812632,-0.09,-0.80,0.61,0.49,2.26,2.56,-5.09,43.70,-16.08,1
e,2022-11-01 17:21:39.812791,-0.09,-0.80,0.60,0.49,2.01,2.38,-5.00,43.63,-15.38,1
e,2022-11-01 17:21:39.812944,-0.09,-0.80,0.61,0.61,2.14,2.62,-5.00,43.63,-15.38,1
e,2022-11-01 17:21:39.813099,-0.09,-0.80,0.61,0.67,2.01,2.75,-5.05,43.97,-14.43,1
e,2022-11-01 17:21:39.813252,-0.09,-0.80,0.61,0.55,2.20,2.62,-5.05,43.97,-14.43,1
e,2022-11-01 17:21:39.813409,-0.09,-0.79,0.61,0.73,2.20,2.56,-5.05,43.97,-14.43,1
e,2022-11-01 17:21:39.813560,-0.09,-0.80,0.61,0.67,2.20,2.50,-4.75,43.81,-15.69,1
e,2022-11-01 17:21:39.813711,-0.09,-0.79,0.60,1.28,2.20,2.56,-4.75,43.81,-15.69,1
e,2022-11-01 17:21:39.813869,-0.09,-0.79,0.61,0.37,2.14,2.75,-4.75,43.81,-15.69,1
e,2022-11-01 17:21:39.814021,-0.09,-0.79,0.61,0.67,2.14,2.62,-4.41,44.46,-16.21,1
e,2022-11-01 17:21:39.814180,-0.09,-0.77,0.61,1.22,2.01,2.69,-4.41,44.46,-16.21,1
e,2022-11-01 17:21:39.814332,-0.09,-0.78,0.60,7.14,2.26,4.58,-4.41,44.46,-16.21,1
e,2022-11-01 17:21:39.814508,-0.09,-0.77,0.56,9.83,3.17,5.25,-4.65,43.77,-15.31,1
e,2022-11-01 17:21:39.814669,-0.08,-0.78,0.59,8.48,6.90,8.67,-4.65,43.77,-15.31,1
e,2022-11-01 17:21:39.814825,-0.08,-0.79,0.58,11.17,7.87,10.01,-4.20,44.25,-15.83,1
e,2022-11-01 17:21:39.814988,-0.07,-0.81,0.58,10.38,9.28,10.93,-4.20,44.25,-15.83,1
e,2022-11-01 17:21:39.815175,-0.07,-0.82,0.60,8.12,9.77,11.05,-4.20,44.25,-15.83,1
e,2022-11-01 17:21:39.815356,-0.05,-0.87,0.68,6.47,9.09,10.13,-3.86,43.97,-14.94,1
e,2022-11-01 17:21:39.815521,-0.07,-0.87,0.55,2.75,-0.98,-0.24,-3.86,43.97,-14.94,1
e,2022-11-01 17:21:39.815738,-0.07,-0.77,0.60,-13.85,-0.79,-0.37,-3.86,43.97,-14.94,1
e,2022-11-01 17:21:39.815962,-0.07,-0.78,0.60,-0.43,-0.49,-0.24,-3.82,44.03,-15.14,1
e,2022-11-01 17:21:39.816120,-0.08,-0.79,0.57,0.61,-0.18,1.40,-3.82,44.03,-15.14,1
e,2022-11-01 17:21:39.816353,-0.08,-0.79,0.57,1.22,2.26,2.62,-3.82,44.03,-15.14,1
e,2022-11-01 17:21:39.816617,-0.07,-0.79,0.59,1.16,3.78,4.52,-5.07,44.34,-15.70,1
e,2022-11-01 17:21:39.816802,-0.07,-0.81,0.59,3.72,4.52,5.31,-5.07,44.34,-15.70,1
e,2022-11-01 17:21:39.816960,-0.05,-0.85,0.65,2.81,3.36,4.03,-4.47,44.26,-16.74,1
e,2022-11-01 17:21:39.817133,-0.07,-0.82,0.58,0.24,0.49,0.98,-4.47,44.26,-16.74,1
e,2022-11-01 17:21:39.817322,-0.07,-0.79,0.59,-4.52,0.43,1.16,-4.47,44.26,-16.74,1
e,2022-11-01 17:21:39.817478,-0.07,-0.79,0.59,1.95,1.65,2.38,-4.04,44.64,-17.42,1
e,2022-11-01 17:21:39.817732,-0.07,-0.80,0.59,1.10,2.62,3.42,-4.04,44.64,-17.42,1
e,2022-11-01 17:21:39.817904,-0.06,-0.81,0.61,1.34,3.11,3.66,-4.04,44.64,-17.42,1
e,2022-11-01 17:21:39.818085,-0.06,-0.82,0.60,1.77,1.77,2.38,-3.99,44.46,-15.39,1
e,2022-11-01 17:21:39.818245,-0.07,-0.80,0.59,-0.67,1.28,1.83,-3.99,44.46,-15.39,1
e,2022-11-01 17:21:39.818442,-0.07,-0.79,0.59,0.55,2.08,2.56,-3.99,44.46,-15.39,1
e,2022-11-01 17:21:39.818628,-0.07,-0.81,0.60,1.53,2.08,2.69,-3.78,44.14,-15.09,1
e,2022-11-01 17:21:39.818829,-0.07,-0.81,0.60,0.85,2.01,2.75,-3.78,44.14,-15.09,1
e,2022-11-01 17:21:39.819012,-0.07,-0.80,0.59,0.06,1.77,2.26,-3.88,44.56,-15.48,1
e,2022-11-01 17:21:39.819208,-0.07,-0.80,0.59,0.31,1.65,2.38,-3.88,44.56,-15.48,1
e,2022-11-01 17:21:39.819361,-0.07,-0.80,0.60,1.16,1.83,2.62,-3.88,44.56,-15.48,1
e,2022-11-01 17:21:39.819521,-0.07,-0.81,0.60,0.67,1.89,2.50,-4.35,44.32,-15.60,1
e,2022-11-01 17:21:39.819672,-0.07,-0.80,0.59,0.37,1.65,2.32,-4.35,44.32,-15.60,1
e,2022-11-01 17:21:39.819832,-0.07,-0.80,0.60,0.85,1.95,2.50,-4.35,44.32,-15.60,1
e,2022-11-01 17:21:39.819984,-0.07,-0.81,0.60,0.79,1.89,2.32,-4.25,43.52,-15.84,1
e,2022-11-01 17:21:39.820140,-0.07,-0.81,0.60,0.55,1.77,2.32,-4.25,43.52,-15.84,1
e,2022-11-01 17:21:39.820293,-0.07,-0.80,0.60,0.61,1.89,2.44,-4.25,43.52,-15.84,1
e,2022-11-01 17:21:39.820443,-0.07,-0.80,0.60,0.55,1.71,2.44,-4.85,43.88,-16.14,1
e,2022-11-01 17:21:39.820615,-0.07,-0.80,0.60,0.92,1.95,2.56,-4.85,43.88,-16.14,1
e,2022-11-01 17:21:39.820771,-0.07,-0.80,0.60,0.92,1.89,2.44,-3.93,44.21,-15.14,1
e,2022-11-01 17:21:39.820931,-0.07,-0.80,0.60,0.73,1.89,2.56,-3.93,44.21,-15.14,1
e,2022-11-01 17:21:39.821102,-0.07,-0.80,0.60,0.85,1.95,2.38,-3.93,44.21,-15.14,1
e,2022-11-01 17:21:39.821258,-0.07,-0.80,0.60,0.79,2.01,2.56,-4.83,44.10,-16.98,1
e,2022-11-01 17:21:39.821475,-0.07,-0.80,0.60,0.85,2.01,2.62,-4.83,44.10,-16.98,1
e,2022-11-01 17:21:39.821630,-0.07,-0.80,0.60,0.73,1.95,2.56,-4.83,44.10,-16.98,1
e,2022-11-01 17:21:39.821786,-0.07,-0.80,0.60,0.92,1.95,2.32,-4.20,43.84,-15.10,1
e,2022-11-01 17:21:39.821939,-0.07,-0.80,0.60,1.04,1.95,2.44,-4.20,43.84,-15.10,1
e,2022-11-01 17:21:39.822092,-0.07,-0.80,0.60,0.92,2.08,2.50,-4.20,43.84,-15.10,1
e,2022-11-01 17:21:39.822249,-0.07,-0.80,0.60,0.73,1.77,2.50,-3.89,44.24,-15.47,1
e,2022-11-01 17:21:39.822401,-0.07,-0.80,0.60,0.67,1.89,2.38,-3.89,44.24,-15.47,1
e,2022-11-01 17:21:39.822563,-0.07,-0.80,0.60,0.79,1.95,2.50,-4.36,44.30,-16.53,1
e,2022-11-01 17:21:39.822715,-0.07,-0.80,0.60,1.04,1.95,2.62,-4.36,44.30,-16.53,1
e,2022-11-01 17:21:39.822874,-0.07,-0.80,0.60,0.73,2.01,2.56,-4.36,44.30,-16.53,1
e,2022-11-01 17:21:39.823030,-0.07,-0.80,0.60,0.73,1.77,2.50,-4.57,43.69,-15.31,1
e,2022-11-01 17:21:39.823182,-0.07,-0.80,0.60,1.04,1.89,2.56,-4.57,43.69,-15.31,1
e,2022-11-01 17:21:39.823338,-0.07,-0.80,0.60,0.85,1.95,2.44,-4.57,43.69,-15.31,1
e,2022-11-01 17:21:39.823489,-0.07,-0.80,0.60,0.61,1.83,2.50,-4.03,44.29,-16.06,1
e,2022-11-01 17:21:39.823648,-0.07,-0.80,0.60,0.85,2.01,2.50,-4.03,44.29,-16.06,1
e,2022-11-01 17:21:39.823799,-0.07,-0.80,0.60,1.10,1.89,2.62,-4.03,44.29,-16.06,1
e,2022-11-01 17:21:39.823967,-0.07,-0.80,0.60,0.92,1.89,2.44,-4.65,44.23,-16.05,1
e,2022-11-01 17:21:39.824131,-0.07,-0.80,0.60,0.85,1.89,2.50,-4.65,44.23,-16.05,1
e,2022-11-01 17:21:39.824287,-0.07,-0.80,0.60,1.10,1.83,2.62,-4.30,44.47,-17.21,1
e,2022-11-01 17:21:39.824446,-0.07,-0.80,0.60,0.79,1.95,2.44,-4.30,44.47,-17.21,1
e,2022-11-01 17:21:39.824601,-0.07,-0.80,0.60,0.98,1.71,2.38,-4.30,44.47,-17.21,1
e,2022-11-01 17:21:39.824757,-0.07,-0.80,0.60,0.98,1.89,2.38,-4.42,44.24,-16.83,1
e,2022-11-01 17:21:39.824910,-0.07,-0.80,0.60,0.85,1.65,2.32,-4.42,44.24,-16.83,1
e,2022-11-01 17:21:39.825064,-0.07,-0.80,0.60,1.10,1.77,2.32,-4.42,44.24,-16.83,1
e,2022-11-01 17:21:39.825222,-0.07,-0.80,0.60,0.73,1.83,2.38,-4.48,44.25,-15.72,1
e,2022-11-01 17:21:39.825375,-0.07,-0.80,0.60,1.04,2.08,2.50,-4.48,44.25,-15.72,1
e,2022-11-01 17:21:39.825531,-0.07,-0.80,0.60,1.10,1.83,2.38,-4.48,44.25,-15.72,1
e,2022-11-01 17:21:39.825685,-0.07,-0.80,0.60,0.73,1.95,2.32,-4.21,44.42,-16.35,1
e,2022-11-01 17:21:39.825874,-0.07,-0.80,0.60,0.98,2.08,2.50,-4.21,44.42,-16.35,1
e,2022-11-01 17:21:39.826029,-0.07,-0.80,0.60,0.98,1.95,2.50,-3.89,44.18,-16.48,1
e,2022-11-01 17:21:39.826179,-0.07,-0.80,0.60,0.79,1.83,2.32,-3.89,44.18,-16.48,1
e,2022-11-01 17:21:39.826337,-0.07,-0.80,0.60,0.92,2.01,2.44,-3.89,44.18,-16.48,1
e,2022-11-01 17:21:39.826488,-0.07,-0.80,0.60,0.67,2.01,2.56,-4.47,44.10,-16.58,1
e,2022-11-01 17:21:39.826643,-0.07,-0.80,0.60,0.92,1.89,2.62,-4.47,44.10,-16.58,1
e,2022-11-01 17:21:39.826794,-0.07,-0.80,0.60,0.98,1.95,2.69,-4.47,44.10,-16.58,1
e,2022-11-01 17:21:39.826946,-0.07,-0.80,0.60,0.85,1.83,2.38,-4.35,44.21,-16.13,1
e,2022-11-01 17:21:39.827103,-0.07,-0.80,0.60,0.92,1.89,2.44,-4.35,44.21,-16.13,1
e,2022-11-01 17:21:39.827256,-0.07,-0.80,0.60,0.92,1.89,2.44,-4.35,44.21,-16.13,1
e,2022-11-01 17:21:39.827416,-0.07,-0.80,0.60,0.61,1.71,2.38,-3.52,44.07,-15.94,1
e,2022-11-01 17:21:39.827570,-0.07,-0.80,0.60,0.98,1.83,2.44,-3.52,44.07,-15.94,1
e,2022-11-01 17:21:39.827720,-0.07,-0.80,0.60,0.79,1.83,2.50,-4.26,44.18,-16.03,1
e,2022-11-01 17:21:39.827878,-0.07,-0.80,0.60,0.79,1.77,2.38,-4.26,44.18,-16.03,1
e,2022-11-01 17:21:39.828030,-0.07,-0.80,0.60,1.10,1.83,2.38,-4.26,44.18,-16.03,1
e,2022-11-01 17:21:39.828186,-0.07,-0.80,0.60,0.98,1.89,2.44,-4.17,43.41,-16.36,1
e,2022-11-01 17:21:39.828340,-0.07,-0.80,0.60,0.92,2.01,2.50,-4.17,43.41,-16.36,1
e,2022-11-01 17:21:39.828492,-0.07,-0.80,0.60,1.04,1.89,2.38,-4.17,43.41,-16.36,1
e,2022-11-01 17:21:39.828649,-0.07,-0.80,0.60,0.73,1.95,2.32,-4.66,43.64,-15.64,1
e,2022-11-01 17:21:39.828805,-0.07,-0.80,0.60,0.85,2.01,2.26,-4.66,43.64,-15.64,1
e,2022-11-01 17:21:39.828960,-0.07,-0.80,0.60,0.85,2.01,2.38,-4.66,43.64,-15.64,1
e,2022-11-01 17:21:39.829113,-0.07,-0.80,0.60,0.79,1.95,2.44,-4.39,44.07,-16.85,1
e,2022-11-01 17:21:39.829264,-0.07,-0.80,0.60,0.85,2.01,2.62,-4.39,44.07,-16.85,1
e,2022-11-01 17:21:39.829422,-0.07,-0.80,0.60,0.85,1.95,2.44,-4.39,44.42,-16.33,1
e,2022-11-01 17:21:39.829575,-0.07,-0.80,0.60,0.79,1.89,2.26,-4.39,44.42,-16.33,1
e,2022-11-01 17:21:39.829731,-0.07,-0.80,0.60,0.98,1.89,2.44,-4.39,44.42,-16.33,1
e,2022-11-01 17:21:39.829882,-0.07,-0.80,0.60,0.79,1.89,2.38,-4.36,43.79,-15.97,1
e,2022-11-01 17:21:39.830035,-0.07,-0.80,0.60,0.98,1.95,2.50,-4.36,43.79,-15.97,1
e,2022-11-01 17:21:39.830195,-0.07,-0.80,0.60,0.98,1.95,2.50,-4.36,43.79,-15.97,1
e,2022-11-01 17:21:39.830346,-0.07,-0.80,0.60,1.10,1.89,2.62,-4.48,43.98,-15.63,1
e,2022-11-01 17:21:39.830504,-0.07,-0.80,0.60,0.85,2.08,2.56,-4.48,43.98,-15.63,1
e,2022-11-01 17:21:39.830656,-0.07,-0.80,0.60,0.92,1.77,2.50,-4.48,43.98,-15.63,1
e,2022-11-01 17:21:39.830816,-0.07,-0.80,0.60,0.79,2.01,2.32,-4.25,44.37,-15.48,1
e,2022-11-01 17:21:39.830971,-0.07,-0.80,0.60,0.98,1.95,2.56,-4.25,44.37,-15.48,1
e,2022-11-01 17:21:39.831122,-0.07,-0.80,0.60,0.92,1.89,2.44,-4.03,44.37,-16.21,1
e,2022-11-01 17:21:39.831392,-0.07,-0.80,0.60,0.79,1.89,2.50,-4.03,44.37,-16.21,1
e,2022-11-01 17:21:39.831550,-0.07,-0.80,0.60,1.04,1.95,2.62,-4.03,44.37,-16.21,1
e,2022-11-01 17:21:39.831709,-0.07,-0.80,0.60,1.10,1.83,2.62,-3.98,44.25,-15.82,1
e,2022-11-01 17:21:39.831862,-0.07,-0.80,0.60,1.10,1.65,2.44,-3.98,44.25,-15.82,1
e,2022-11-01 17:21:39.832016,-0.07,-0.80,0.60,0.98,1.83,2.56,-3.98,44.25,-15.82,1
e,2022-11-01 17:21:39.832178,-0.07,-0.80,0.60,0.73,1.89,2.44,-4.44,44.18,-15.94,1
e,2022-11-01 17:21:39.832376,-0.07,-0.80,0.60,1.04,1.89,2.62,-4.44,44.18,-15.94,1
e,2022-11-01 17:21:39.832554,-0.07,-0.80,0.60,0.85,2.08,2.44,-4.28,43.98,-15.09,1
e,2022-11-01 17:21:39.832727,-0.07,-0.80,0.60,1.10,1.83,2.26,-4.28,43.98,-15.09,1
e,2022-11-01 17:21:39.832896,-0.07,-0.80,0.60,0.85,1.89,2.44,-4.28,43.98,-15.09,1
e,2022-11-01 17:21:39.833061,-0.07,-0.80,0.60,0.92,2.01,2.44,-4.71,44.08,-16.85,1
e,2022-11-01 17:21:39.833222,-0.07,-0.80,0.60,0.98,1.77,2.38,-4.71,44.08,-16.85,1
e,2022-11-01 17:21:39.833393,-0.07,-0.80,0.60,0.79,1.95,2.56,-4.71,44.08,-16.85,1
e,2022-11-01 17:21:39.833550,-0.07,-0.80,0.60,0.67,1.89,2.56,-4.83,44.25,-15.94,1
e,2022-11-01 17:21:39.833720,-0.07,-0.80,0.60,0.98,1.95,2.50,-4.83,44.25,-15.94,1
e,2022-11-01 17:21:39.833887,-0.07,-0.80,0.60,0.92,1.95,2.44,-4.83,44.25,-15.94,1
e,2022-11-01 17:21:39.834053,-0.07,-0.80,0.60,0.79,1.89,2.20,-4.66,44.25,-15.44,1
e,2022-11-01 17:21:39.834216,-0.07,-0.80,0.60,0.85,1.83,2.50,-4.66,44.25,-15.44,1
e,2022-11-01 17:21:39.834379,-0.07,-0.80,0.60,0.79,1.71,2.38,-4.97,44.37,-15.89,1
e,2022-11-01 17:21:39.834557,-0.07,-0.80,0.60,0.92,1.77,2.26,-4.97,44.37,-15.89,1
e,2022-11-01 17:21:39.834723,-0.07,-0.80,0.60,0.98,1.95,2.69,-4.97,44.37,-15.89,1
e,2022-11-01 17:21:39.834891,-0.07,-0.80,0.60,0.73,1.89,2.38,-4.97,43.57,-15.82,1
e,2022-11-01 17:21:39.835057,-0.07,-0.80,0.60,1.10,1.95,2.62,-4.97,43.57,-15.82,1
e,2022-11-01 17:21:39.835223,-0.07,-0.80,0.60,0.85,1.89,2.69,-4.97,43.57,-15.82,1
e,2022-11-01 17:21:39.835406,-0.07,-0.80,0.60,1.04,1.89,2.50,-4.03,44.34,-16.55,1
e,2022-11-01 17:21:39.835559,-0.07,-0.80,0.60,0.92,1.83,2.32,-4.03,44.34,-16.55,1
e,2022-11-01 17:21:39.835731,-0.07,-0.80,0.61,0.98,1.83,2.50,-4.03,44.34,-16.55,1
e,2022-11-01 17:21:39.835897,-0.07,-0.80,0.60,0.67,1.95,2.26,-4.35,43.82,-15.66,1
e,2022-11-01 17:21:39.836053,-0.07,-0.80,0.60,0.98,1.83,2.44,-4.35,43.82,-15.66,1
e,2022-11-01 17:21:39.836212,-0.07,-0.80,0.60,1.04,1.95,2.44,-3.93,44.30,-15.77,1
e,2022-11-01 17:21:39.836374,-0.07,-0.80,0.61,0.79,1.83,2.26,-3.93,44.30,-15.77,1
e,2022-11-01 17:21:39.836544,-0.07,-0.80,0.61,0.92,1.83,2.38,-3.93,44.30,-15.77,1
e,2022-11-01 17:21:39.836706,-0.07,-0.80,0.61,0.92,2.08,2.44,-4.27,44.08,-17.20,1
e,2022-11-01 17:21:39.836859,-0.07,-0.80,0.61,0.67,1.95,2.50,-4.27,44.08,-17.20,1
e,2022-11-01 17:21:39.837025,-0.07,-0.80,0.60,1.04,1.83,2.50,-4.27,44.08,-17.20,1
e,2022-11-01 17:21:39.837179,-0.07,-0.80,0.60,1.04,1.77,2.44,-4.14,44.01,-16.16,1
e,2022-11-01 17:21:39.837348,-0.07,-0.80,0.61,0.92,1.95,2.44,-4.14,44.01,-16.16,1
e,2022-11-01 17:21:39.837501,-0.07,-0.80,0.61,1.04,2.01,2.50,-4.14,44.01,-16.16,1
e,2022-11-01 17:21:39.837668,-0.07,-0.80,0.61,0.79,1.89,2.38,-4.68,44.70,-15.10,1
e,2022-11-01 17:21:39.837825,-0.07,-0.80,0.61,0.79,1.95,2.38,-4.68,44.70,-15.10,1
e,2022-11-01 17:21:39.838000,-0.07,-0.80,0.61,0.92,1.71,2.50,-4.25,44.79,-16.03,1
e,2022-11-01 17:21:39.838168,-0.07,-0.80,0.61,0.79,2.01,2.38,-4.25,44.79,-16.03,1
e,2022-11-01 17:21:39.838324,-0.07,-0.80,0.61,1.10,1.83,2.50,-4.25,44.79,-16.03,1
e,2022-11-01 17:21:39.838480,-0.07,-0.80,0.61,1.10,1.95,2.56,-4.06,44.13,-14.48,1
e,2022-11-01 17:21:39.838645,-0.07,-0.80,0.61,0.92,1.83,2.56,-4.06,44.13,-14.48,1
e,2022-11-01 17:21:39.838801,-0.07,-0.80,0.61,0.85,2.08,2.26,-4.06,44.13,-14.48,1
e,2022-11-01 17:21:39.838973,-0.07,-0.80,0.61,0.92,1.83,2.50,-4.44,44.58,-16.14,1
e,2022-11-01 17:21:39.839128,-0.07,-0.80,0.61,0.92,2.01,2.50,-4.44,44.58,-16.14,1
e,2022-11-01 17:21:39.839308,-0.06,-0.80,0.61,0.73,1.95,2.38,-4.44,44.58,-16.14,1
e,2022-11-01 17:21:39.839465,-0.07,-0.80,0.61,0.61,1.83,2.26,-4.19,43.81,-16.46,1
e,2022-11-01 17:21:39.839633,-0.07,-0.80,0.61,0.92,2.08,2.50,-4.19,43.81,-16.46,1
e,2022-11-01 17:21:39.839795,-0.07,-0.80,0.61,0.73,1.71,2.50,-4.22,44.27,-15.48,1
e,2022-11-01 17:21:39.839961,-0.07,-0.80,0.61,0.79,2.01,2.56,-4.22,44.27,-15.48,1
e,2022-11-01 17:21:39.840123,-0.07,-0.79,0.61,0.85,1.95,2.50,-4.22,44.27,-15.48,1
e,2022-11-01 17:21:39.840300,-0.07,-0.80,0.61,0.92,2.08,2.44,-4.33,44.06,-16.75,1
e,2022-11-01 17:21:39.840471,-0.07,-0.80,0.61,0.67,2.08,2.50,-4.33,44.06,-16.75,1
e,2022-11-01 17:21:39.840627,-0.07,-0.80,0.61,1.10,1.77,2.56,-4.33,44.06,-16.75,1
e,2022-11-01 17:21:39.840795,-0.07,-0.80,0.61,0.67,2.01,2.26,-4.75,44.13,-15.98,1
e,2022-11-01 17:21:39.840961,-0.07,-0.80,0.61,0.98,1.83,2.56,-4.75,44.13,-15.98,1
e,2022-11-01 17:21:39.841116,-0.07,-0.80,0.61,0.92,2.01,2.44,-4.75,44.13,-15.98,1
e,2022-11-01 17:21:39.841289,-0.07,-0.80,0.61,0.79,1.89,2.32,-4.13,44.37,-16.00,1
e,2022-11-01 17:21:39.841444,-0.07,-0.80,0.61,0.79,1.89,2.38,-4.13,44.37,-16.00,1
e,2022-11-01 17:21:39.841614,-0.07,-0.80,0.61,0.73,1.89,2.50,-4.98,43.68,-15.41,1
e,2022-11-01 17:21:39.841806,-0.07,-0.80,0.61,0.85,2.08,2.50,-4.98,43.68,-15.41,1
e,2022-11-01 17:21:39.842023,-0.07,-0.79,0.61,1.04,1.83,2.38,-4.98,43.68,-15.41,1
e,2022-11-01 17:21:39.842198,-0.07,-0.80,0.61,0.85,2.01,2.38,-4.05,44.02,-16.58,1
e,2022-11-01 17:21:39.842353,-0.07,-0.79,0.61,0.61,1.95,2.26,-4.05,44.02,-16.58,1
e,2022-11-01 17:21:39.842506,-0.07,-0.80,0.61,0.92,1.83,2.56,-4.05,44.02,-16.58,1
e,2022-11-01 17:21:39.842663,-0.07,-0.80,0.61,0.61,1.89,2.44,-4.75,44.47,-16.14,1
e,2022-11-01 17:21:39.842817,-0.07,-0.79,0.61,0.98,1.89,2.38,-4.75,44.47,-16.14,1
e,2022-11-01 17:21:39.842973,-0.07,-0.80,0.61,0.79,2.01,2.50,-4.75,44.47,-16.14,1
e,2022-11-01 17:21:39.843123,-0.07,-0.80,0.61,0.92,1.89,2.44,-4.58,44.20,-15.94,1
e,2022-11-01 17:21:39.843277,-0.07,-0.80,0.61,0.85,2.01,2.50,-4.58,44.20,-15.94,1
e,2022-11-01 17:21:39.843432,-0.06,-0.80,0.61,0.92,1.89,2.38,-4.43,43.77,-14.78,1
e,2022-11-01 17:21:39.843586,-0.07,-0.79,0.61,0.85,2.01,2.56,-4.43,43.77,-14.78,1
e,2022-11-01 17:21:39.843746,-0.07,-0.80,0.61,0.85,1.95,2.44,-4.43,43.77,-14.78,1
e,2022-11-01 17:21:39.843898,-0.07,-0.80,0.61,0.67,2.08,2.38,-3.91,44.52,-15.31,1
e,2022-11-01 17:21:39.844053,-0.07,-0.79,0.61,0.98,2.08,2.50,-3.91,44.52,-15.31,1
e,2022-11-01 17:21:39.844203,-0.07,-0.79,0.61,0.92,1.95,2.32,-3.91,44.52,-15.31,1
e,2022-11-01 17:21:39.844355,-0.06,-0.79,0.61,0.92,1.95,2.44,-4.30,44.46,-16.43,1
e,2022-11-01 17:21:39.844512,-0.06,-0.80,0.61,0.92,1.89,2.44,-4.30,44.46,-16.43,1
e,2022-11-01 17:21:39.844662,-0.07,-0.79,0.61,0.79,2.14,2.44,-4.30,44.46,-16.43,1
e,2022-11-01 17:21:39.844818,-0.07,-0.79,0.61,0.85,1.95,2.38,-4.42,44.23,-14.26,1
e,2022-11-01 17:21:39.844969,-0.07,-0.79,0.61,0.73,2.01,2.44,-4.42,44.23,-14.26,1
e,2022-11-01 17:21:39.845119,-0.07,-0.79,0.61,0.92,1.89,2.56,-4.39,44.49,-14.18,1
e,2022-11-01 17:21:39.845276,-0.07,-0.79,0.61,0.85,2.08,2.32,-4.39,44.49,-14.18,1
e,2022-11-01 17:21:39.845425,-0.07,-0.79,0.61,0.73,1.83,2.44,-4.39,44.49,-14.18,1
e,2022-11-01 17:21:39.845582,-0.07,-0.79,0.61,0.98,1.83,2.62,-4.83,44.36,-15.88,1
e,2022-11-01 17:21:39.845732,-0.06,-0.79,0.61,0.92,1.89,2.32,-4.83,44.36,-15.88,1
e,2022-11-01 17:21:39.845883,-0.07,-0.79,0.61,0.92,1.95,2.50,-4.83,44.36,-15.88,1
e,2022-11-01 17:21:39.846042,-0.07,-0.79,0.61,1.04,1.95,2.44,-4.90,44.40,-15.19,1
e,2022-11-01 17:21:39.846194,-0.07,-0.79,0.61,0.98,1.95,2.44,-4.90,44.40,-15.19,1
e,2022-11-01 17:21:39.846353,-0.07,-0.79,0.61,0.98,1.95,2.56,-4.90,44.40,-15.19,1
e,2022-11-01 17:21:39.846505,-0.07,-0.79,0.61,0.85,2.01,2.32,-4.14,44.46,-16.03,1
e,2022-11-01 17:21:39.846665,-0.07,-0.79,0.61,0.79,1.89,2.50,-4.14,44.46,-16.03,1
e,2022-11-01 17:21:39.846819,-0.07,-0.79,0.61,0.98,1.95,2.44,-4.37,44.53,-15.32,1
e,2022-11-01 17:21:39.846974,-0.07,-0.79,0.61,0.85,1.77,2.38,-4.37,44.53,-15.32,1
e,2022-11-01 17:21:39.847130,-0.07,-0.79,0.61,1.10,1.95,2.50,-4.37,44.53,-15.32,1
e,2022-11-01 17:21:39.847310,-0.07,-0.79,0.61,0.98,1.89,2.50,-4.37,44.40,-16.94,1
e,2022-11-01 17:21:39.847484,-0.07,-0.79,0.61,0.98,2.01,2.56,-4.37,44.40,-16.94,1
e,2022-11-01 17:21:39.847640,-0.07,-0.79,0.61,0.85,2.20,2.44,-4.37,44.40,-16.94,1
e,2022-11-01 17:21:39.847796,-0.07,-0.79,0.61,0.92,2.01,2.44,-3.99,44.35,-16.02,1
e,2022-11-01 17:21:39.847954,-0.07,-0.79,0.61,0.85,2.08,2.50,-3.99,44.35,-16.02,1
e,2022-11-01 17:21:39.848104,-0.07,-0.79,0.61,1.10,1.89,2.56,-3.99,44.35,-16.02,1
e,2022-11-01 17:21:39.848263,-0.07,-0.79,0.61,0.85,1.77,2.20,-3.91,44.41,-15.43,1
e,2022-11-01 17:21:39.848415,-0.07,-0.79,0.61,0.92,1.95,2.50,-3.91,44.41,-15.43,1
e,2022-11-01 17:21:39.848567,-0.07,-0.79,0.61,0.85,1.89,2.38,-4.41,43.77,-16.42,1
e,2022-11-01 17:21:39.848723,-0.06,-0.79,0.61,0.67,2.01,2.50,-4.41,43.77,-16.42,1
e,2022-11-01 17:21:39.848874,-0.07,-0.79,0.61,0.98,1.89,2.44,-4.41,43.77,-16.42,1
e,2022-11-01 17:21:39.849046,-0.07,-0.79,0.61,0.73,1.95,2.56,-4.46,43.91,-15.53,1
e,2022-11-01 17:21:39.849200,-0.07,-0.79,0.61,1.16,1.95,2.44,-4.46,43.91,-15.53,1
e,2022-11-01 17:21:39.849364,-0.07,-0.79,0.61,0.67,1.95,2.44,-4.46,43.91,-15.53,1
e,2022-11-01 17:21:39.849560,-0.07,-0.79,0.61,0.79,1.89,2.44,-4.48,44.27,-15.21,1
e,2022-11-01 17:21:39.849755,-0.07,-0.79,0.61,0.98,2.01,2.44,-4.48,44.27,-15.21,1
e,2022-11-01 17:21:39.849990,-0.07,-0.79,0.61,1.04,1.89,2.44,-4.48,44.27,-15.21,1
e,2022-11-01 17:21:39.850184,-0.06,-0.79,0.61,0.85,2.08,2.32,-4.19,44.32,-15.70,1
e,2022-11-01 17:21:39.850344,-0.07,-0.79,0.61,0.85,1.95,2.26,-4.19,44.32,-15.70,1
e,2022-11-01 17:21:39.850498,-0.07,-0.79,0.61,0.92,1.95,2.38,-4.82,44.13,-16.35,1
e,2022-11-01 17:21:39.850650,-0.07,-0.79,0.61,1.04,2.08,2.50,-4.82,44.13,-16.35,1
e,2022-11-01 17:21:39.850808,-0.07,-0.79,0.61,0.92,1.95,2.50,-4.82,44.13,-16.35,1
e,2022-11-01 17:21:39.850980,-0.06,-0.79,0.61,0.85,1.77,2.50,-4.31,44.25,-15.97,1
e,2022-11-01 17:21:39.851150,-0.07,-0.79,0.61,0.92,2.01,2.44,-4.31,44.25,-15.97,1
e,2022-11-01 17:21:39.851307,-0.07,-0.79,0.61,0.79,1.95,2.26,-4.31,44.25,-15.97,1
e,2022-11-01 17:21:39.851462,-0.07,-0.79,0.61,0.92,1.95,2.44,-4.30,44.43,-15.34,1
e,2022-11-01 17:21:39.851625,-0.07,-0.79,0.61,0.85,2.01,2.56,-4.30,44.43,-15.34,1
e,2022-11-01 17:21:39.851782,-0.07,-0.79,0.61,1.04,2.01,2.50,-4.30,44.43,-15.34,1
e,2022-11-01 17:21:39.851960,-0.06,-0.79,0.61,0.79,1.89,2.32,-4.25,44.48,-16.74,1
e,2022-11-01 17:21:39.852117,-0.07,-0.79,0.61,0.85,2.01,2.32,-4.25,44.48,-16.74,1
e,2022-11-01 17:21:39.852274,-0.07,-0.79,0.61,1.16,1.89,2.56,-3.89,44.48,-16.24,1
e,2022-11-01 17:21:39.852427,-0.06,-0.79,0.61,0.92,1.95,2.56,-3.89,44.48,-16.24,1
e,2022-11-01 17:21:39.852580,-0.07,-0.79,0.61,0.98,1.89,2.50,-3.89,44.48,-16.24,1
e,2022-11-01 17:21:39.852738,-0.07,-0.79,0.61,0.92,1.95,2.38,-4.76,43.92,-15.82,1
e,2022-11-01 17:21:39.852891,-0.07,-0.79,0.61,0.85,1.89,2.56,-4.76,43.92,-15.82,1
e,2022-11-01 17:21:39.853051,-0.07,-0.79,0.61,1.04,1.95,2.56,-4.76,43.92,-15.82,1
e,2022-11-01 17:21:39.853205,-0.07,-0.79,0.61,0.92,1.95,2.38,-4.53,44.35,-16.76,1
e,2022-11-01 17:21:39.853357,-0.07,-0.79,0.61,0.73,1.89,2.32,-4.53,44.35,-16.76,1
e,2022-11-01 17:21:39.853515,-0.07,-0.79,0.61,0.92,2.01,2.32,-4.53,44.35,-16.76,1
e,2022-11-01 17:21:39.853671,-0.07,-0.79,0.61,0.92,1.89,2.44,-4.58,44.13,-16.14,1
e,2022-11-01 17:21:39.853887,-0.07,-0.79,0.61,1.04,1.77,2.44,-4.58,44.13,-16.14,1
e,2022-11-01 17:21:39.854049,-0.07,-0.79,0.61,1.22,1.83,2.62,-4.31,44.14,-16.61,1
e,2022-11-01 17:21:39.854208,-0.07,-0.79,0.61,0.92,1.95,2.56,-4.31,44.14,-16.61,1
e,2022-11-01 17:21:39.854399,-0.06,-0.79,0.61,1.10,1.95,2.38,-4.31,44.14,-16.61,1
e,2022-11-01 17:21:39.854627,-0.07,-0.79,0.61,0.85,2.01,2.38,-4.52,44.02,-16.13,1
e,2022-11-01 17:21:39.854859,-0.07,-0.79,0.61,0.85,1.89,2.38,-4.52,44.02,-16.13,1
e,2022-11-01 17:21:39.855026,-0.07,-0.79,0.61,1.04,1.89,2.56,-4.52,44.02,-16.13,1
e,2022-11-01 17:21:39.855184,-0.07,-0.79,0.61,1.04,1.77,2.50,-4.28,44.60,-16.11,1
e,2022-11-01 17:21:39.855357,-0.07,-0.79,0.61,0.73,1.89,2.38,-4.28,44.60,-16.11,1
e,2022-11-01 17:21:39.855521,-0.06,-0.79,0.61,1.28,2.01,2.75,-4.28,44.60,-16.11,1
e,2022-11-01 17:21:39.855698,-0.07,-0.79,0.61,0.85,1.83,2.38,-4.57,44.23,-14.79,1
e,2022-11-01 17:21:39.855861,-0.06,-0.79,0.61,0.92,2.01,2.26,-4.57,44.23,-14.79,1
e,2022-11-01 17:21:39.856022,-0.07,-0.79,0.61,0.98,1.89,2.50,-4.48,44.67,-16.71,1
e,2022-11-01 17:21:39.856186,-0.07,-0.79,0.61,0.98,1.89,2.32,-4.48,44.67,-16.71,1
e,2022-11-01 17:21:39.856345,-0.07,-0.79,0.61,0.73,1.95,2.38,-4.48,44.67,-16.71,1
e,2022-11-01 17:21:39.856568,-0.06,-0.79,0.61,0.98,1.89,2.38,-4.39,44.37,-16.64,1
e,2022-11-01 17:21:39.856869,-0.07,-0.79,0.61,0.79,1.83,2.32,-4.39,44.37,-16.64,1
e,2022-11-01 17:21:39.857059,-0.07,-0.79,0.61,0.92,1.89,2.50,-4.39,44.37,-16.64,1
e,2022-11-01 17:21:39.857302,-0.07,-0.79,0.61,0.92,1.71,2.44,-4.47,44.52,-16.66,1
e,2022-11-01 17:21:39.857509,-0.07,-0.79,0.61,0.85,1.77,2.20,-4.47,44.52,-16.66,1
e,2022-11-01 17:21:39.857687,-0.07,-0.79,0.61,0.79,1.95,2.44,-4.47,44.52,-16.66,1
e,2022-11-01 17:21:39.857862,-0.06,-0.79,0.61,0.85,1.77,2.26,-4.69,44.84,-15.41,1
e,2022-11-01 17:21:39.858028,-0.07,-0.79,0.62,0.98,1.95,2.32,-4.69,44.84,-15.41,1
e,2022-11-01 17:21:39.858191,-0.07,-0.79,0.62,1.04,1.95,2.56,-3.93,44.76,-15.31,1
e,2022-11-01 17:21:39.858412,-0.07,-0.79,0.61,0.67,2.01,2.38,-3.93,44.76,-15.31,1
e,2022-11-01 17:21:39.858587,-0.07,-0.79,0.61,0.92,1.95,2.44,-3.93,44.76,-15.31,1
e,2022-11-01 17:21:39.858754,-0.07,-0.79,0.62,0.85,1.89,2.44,-4.48,44.56,-16.96,1
e,2022-11-01 17:21:39.858913,-0.07,-0.79,0.62,1.04,2.08,2.50,-4.48,44.56,-16.96,1
e,2022-11-01 17:21:39.859094,-0.07,-0.79,0.61,1.16,1.95,2.62,-4.48,44.56,-16.96,1
e,2022-11-01 17:21:39.859255,-0.06,-0.79,0.62,0.92,1.71,2.50,-4.04,44.60,-15.71,1
e,2022-11-01 17:21:39.859454,-0.07,-0.79,0.61,1.10,1.89,2.62,-4.04,44.60,-15.71,1
e,2022-11-01 17:21:39.859643,-0.07,-0.79,0.62,0.73,1.89,2.50,-4.04,44.60,-15.71,1
e,2022-11-01 17:21:39.859840,-0.07,-0.79,0.62,0.73,1.71,2.32,-4.37,43.91,-15.80,1
e,2022-11-01 17:21:39.860028,-0.06,-0.79,0.62,1.04,1.89,2.44,-4.37,43.91,-15.80,1
e,2022-11-01 17:21:39.860216,-0.07,-0.79,0.62,0.98,1.95,2.56,-4.49,44.25,-15.23,1
e,2022-11-01 17:21:39.860400,-0.07,-0.79,0.61,0.73,1.89,2.44,-4.49,44.25,-15.23,1
e,2022-11-01 17:21:39.860615,-0.07,-0.79,0.62,1.04,1.95,2.38,-4.49,44.25,-15.23,1
e,2022-11-01 17:21:39.860782,-0.06,-0.79,0.62,0.98,1.89,2.50,-4.37,43.88,-15.17,1
e,2022-11-01 17:21:39.860977,-0.07,-0.79,0.62,1.04,1.95,2.44,-4.37,43.88,-15.17,1
e,2022-11-01 17:21:39.861165,-0.06,-0.79,0.62,1.04,1.95,2.50,-4.37,43.88,-15.17,1
e,2022-11-01 17:21:39.861361,-0.06,-0.79,0.62,0.98,1.89,2.50,-4.65,44.54,-15.95,1
e,2022-11-01 17:21:39.861572,-0.07,-0.79,0.61,0.98,1.83,2.50,-4.65,44.54,-15.95,1
e,2022-11-01 17:21:39.861930,-0.07,-0.79,0.62,0.85,1.95,2.32,-4.65,44.54,-15.95,1
e,2022-11-01 17:21:39.862114,-0.06,-0.79,0.62,0.79,1.89,2.26,-4.55,44.36,-15.04,1
e,2022-11-01 17:21:39.862283,-0.06,-0.79,0.62,1.10,1.77,2.32,-4.55,44.36,-15.04,1
e,2022-11-01 17:21:39.862453,-0.07,-0.79,0.62,0.73,2.01,2.32,-4.31,44.18,-16.35,1
e,2022-11-01 17:21:39.862624,-0.06,-0.79,0.62,0.98,1.89,2.38,-4.31,44.18,-16.35,1
e,2022-11-01 17:21:39.862792,-0.07,-0.79,0.62,1.04,1.83,2.38,-4.31,44.18,-16.35,1
e,2022-11-01 17:21:39.862970,-0.06,-0.79,0.62,0.85,1.95,2.56,-3.98,44.74,-15.61,1
e,2022-11-01 17:21:39.863124,-0.07,-0.79,0.62,0.98,1.89,2.44,-3.98,44.74,-15.61,1
e,2022-11-01 17:21:39.863284,-0.07,-0.79,0.62,1.10,1.89,2.50,-3.98,44.74,-15.61,1
e,2022-11-01 17:21:39.863452,-0.06,-0.79,0.62,0.92,1.95,2.38,-4.66,44.78,-16.08,1
e,2022-11-01 17:21:39.863617,-0.07,-0.79,0.62,0.98,2.01,2.56,-4.66,44.78,-16.08,1
e,2022-11-01 17:21:39.863785,-0.06,-0.79,0.62,0.98,1.89,2.50,-4.66,44.78,-16.08,1
e,2022-11-01 17:21:39.863940,-0.07,-0.79,0.62,0.92,1.77,2.38,-4.16,43.98,-15.32,1
e,2022-11-01 17:21:39.864098,-0.07,-0.79,0.62,0.92,1.71,2.38,-4.16,43.98,-15.32,1
e,2022-11-01 17:21:39.864251,-0.06,-0.79,0.62,0.92,1.95,2.56,-4.27,44.53,-15.67,1
e,2022-11-01 17:21:39.864401,-0.07,-0.79,0.62,0.98,1.83,2.38,-4.27,44.53,-15.67,1
e,2022-11-01 17:21:39.864561,-0.06,-0.79,0.62,0.79,2.08,2.56,-4.27,44.53,-15.67,1
e,2022-11-01 17:21:39.864717,-0.06,-0.79,0.62,0.85,1.95,2.38,-4.11,44.07,-16.67,1
e,2022-11-01 17:21:39.864887,-0.07,-0.79,0.62,0.79,1.89,2.44,-4.11,44.07,-16.67,1
e,2022-11-01 17:21:39.865040,-0.07,-0.79,0.62,0.92,2.01,2.44,-4.11,44.07,-16.67,1
e,2022-11-01 17:21:39.865208,-0.06,-0.79,0.62,0.92,1.89,2.38,-4.80,43.75,-15.95,1
e,2022-11-01 17:21:39.865362,-0.07,-0.79,0.62,0.85,1.95,2.38,-4.80,43.75,-15.95,1
e,2022-11-01 17:21:39.865517,-0.07,-0.79,0.62,0.67,2.08,2.38,-4.80,43.75,-15.95,1
e,2022-11-01 17:21:39.865690,-0.06,-0.79,0.62,0.92,1.71,2.44,-4.39,44.34,-15.06,1
e,2022-11-01 17:21:39.865866,-0.06,-0.79,0.62,1.10,1.95,2.38,-4.39,44.34,-15.06,1
e,2022-11-01 17:21:39.866067,-0.07,-0.79,0.62,0.92,1.95,2.62,-4.77,44.58,-15.87,1
e,2022-11-01 17:21:39.866245,-0.06,-0.79,0.62,0.98,1.89,2.32,-4.77,44.58,-15.87,1
e,2022-11-01 17:21:39.866419,-0.07,-0.79,0.62,1.04,1.89,2.44,-4.77,44.58,-15.87,1
e,2022-11-01 17:21:39.866609,-0.07,-0.79,0.62,0.98,1.77,2.44,-4.03,44.85,-16.11,1
e,2022-11-01 17:21:39.866795,-0.07,-0.79,0.62,0.98,1.95,2.38,-4.03,44.85,-16.11,1
e,2022-11-01 17:21:39.866975,-0.06,-0.79,0.62,0.98,2.01,2.32,-4.03,44.85,-16.11,1
e,2022-11-01 17:21:39.867187,-0.06,-0.79,0.62,1.04,1.89,2.56,-4.09,44.14,-18.01,1
e,2022-11-01 17:21:39.867399,-0.07,-0.79,0.62,0.98,1.89,2.56,-4.09,44.14,-18.01,1
e,2022-11-01 17:21:39.867599,-0.07,-0.79,0.62,0.92,1.95,2.50,-4.09,44.14,-18.01,1
e,2022-11-01 17:21:39.867798,-0.07,-0.79,0.62,0.85,1.83,2.32,-4.24,45.23,-16.77,1
e,2022-11-01 17:21:39.867997,-0.07,-0.79,0.62,0.79,1.89,2.26,-4.24,45.23,-16.77,1
e,2022-11-01 17:21:39.868194,-0.07,-0.79,0.62,0.85,1.83,2.32,-4.44,44.30,-16.63,1
e,2022-11-01 17:21:39.868395,-0.06,-0.79,0.62,0.92,1.89,2.44,-4.44,44.30,-16.63,1
e,2022-11-01 17:21:39.868593,-0.07,-0.79,0.62,0.79,1.95,2.38,-4.44,44.30,-16.63,1
e,2022-11-01 17:21:39.868788,-0.07,-0.79,0.62,0.98,1.89,2.44,-4.81,44.38,-16.05,1
e,2022-11-01 17:21:39.869102,-0.07,-0.79,0.62,1.10,1.95,2.56,-4.81,44.38,-16.05,1
e,2022-11-01 17:21:39.869314,-0.07,-0.79,0.62,1.04,2.01,2.44,-4.81,44.38,-16.05,1
e,2022-11-01 17:21:39.869520,-0.07,-0.79,0.62,0.92,1.89,2.50,-4.13,43.97,-15.08,1
e,2022-11-01 17:21:39.869755,-0.06,-0.79,0.62,0.98,1.95,2.44,-4.13,43.97,-15.08,1
e,2022-11-01 17:21:39.869952,-0.07,-0.79,0.62,1.22,2.01,2.56,-4.13,43.97,-15.08,1
e,2022-11-01 17:21:39.870147,-0.07,-0.79,0.62,0.79,1.83,2.38,-4.21,44.14,-15.52,1
e,2022-11-01 17:21:39.870336,-0.07,-0.79,0.62,0.98,2.01,2.44,-4.21,44.14,-15.52,1
e,2022-11-01 17:21:39.870592,-0.07,-0.79,0.62,0.79,2.01,2.62,-4.76,43.82,-15.48,1
e,2022-11-01 17:21:39.870788,-0.06,-0.79,0.62,0.61,1.95,2.20,-4.76,43.82,-15.48,1
e,2022-11-01 17:21:39.870998,-0.07,-0.79,0.62,1.28,1.83,2.75,-4.76,43.82,-15.48,1
e,2022-11-01 17:21:39.871201,-0.07,-0.79,0.62,0.92,1.77,2.44,-3.97,43.93,-15.99,1
e,2022-11-01 17:21:39.871408,-0.06,-0.79,0.62,0.98,2.01,2.69,-3.97,43.93,-15.99,1
e,2022-11-01 17:21:39.871589,-0.06,-0.79,0.62,1.16,2.01,2.44,-3.97,43.93,-15.99,1
e,2022-11-01 17:21:39.871803,-0.07,-0.79,0.62,0.92,1.95,2.38,-4.33,43.90,-17.59,1
e,2022-11-01 17:21:39.872006,-0.07,-0.79,0.62,0.92,2.01,2.44,-4.33,43.90,-17.59,1
e,2022-11-01 17:21:39.872197,-0.07,-0.79,0.62,1.10,1.83,2.44,-4.33,43.90,-17.59,1
e,2022-11-01 17:21:39.872390,-0.06,-0.79,0.62,0.92,1.83,2.32,-3.92,44.57,-17.10,1
e,2022-11-01 17:21:39.872599,-0.07,-0.79,0.62,1.04,1.83,2.50,-3.92,44.57,-17.10,1
e,2022-11-01 17:21:39.872775,-0.06,-0.79,0.62,0.92,2.08,2.50,-4.32,43.98,-16.04,1
e,2022-11-01 17:21:39.872957,-0.07,-0.79,0.62,0.85,1.89,2.38,-4.32,43.98,-16.04,1
e,2022-11-01 17:21:39.873142,-0.07,-0.78,0.62,0.92,1.95,2.44,-4.32,43.98,-16.04,1
e,2022-11-01 17:21:39.873331,-0.06,-0.79,0.62,0.98,1.89,2.26,-4.08,44.54,-16.52,1
e,2022-11-01 17:21:39.873516,-0.07,-0.79,0.62,1.04,1.83,2.50,-4.08,44.54,-16.52,1
e,2022-11-01 17:21:39.873707,-0.07,-0.79,0.62,0.92,1.95,2.38,-4.08,44.54,-16.52,1
e,2022-11-01 17:21:39.873881,-0.06,-0.78,0.62,1.16,1.83,2.38,-4.97,43.81,-15.93,1
e,2022-11-01 17:21:39.874058,-0.06,-0.79,0.62,0.98,1.83,2.44,-4.97,43.81,-15.93,1
e,2022-11-01 17:21:39.874238,-0.07,-0.78,0.62,0.85,1.83,2.62,-4.97,43.81,-15.93,1
e,2022-11-01 17:21:39.874414,-0.07,-0.78,0.62,0.92,1.71,2.32,-4.49,44.56,-15.88,1
e,2022-11-01 17:21:39.874597,-0.07,-0.78,0.62,1.16,1.95,2.38,-4.49,44.56,-15.88,1
e,2022-11-01 17:21:39.874791,-0.07,-0.79,0.62,0.92,1.89,2.56,-4.14,44.24,-16.39,1
e,2022-11-01 17:21:39.874972,-0.07,-0.79,0.62,0.92,1.89,2.38,-4.14,44.24,-16.39,1
e,2022-11-01 17:21:39.875157,-0.07,-0.78,0.62,0.85,2.08,2.44,-4.14,44.24,-16.39,1
e,2022-11-01 17:21:39.875346,-0.06,-0.79,0.62,0.85,2.08,2.50,-4.49,44.37,-16.31,1
e,2022-11-01 17:21:39.875541,-0.07,-0.78,0.62,0.79,1.95,2.32,-4.49,44.37,-16.31,1
e,2022-11-01 17:21:39.875715,-0.06,-0.78,0.62,1.04,1.77,2.50,-4.49,44.37,-16.31,1
e,2022-11-01 17:21:39.875894,-0.06,-0.78,0.62,0.98,1.83,2.50,-3.83,44.23,-15.91,1
e,2022-11-01 17:21:39.876069,-0.07,-0.78,0.62,0.79,2.01,2.56,-3.83,44.23,-15.91,1
e,2022-11-01 17:21:39.876250,-0.07,-0.78,0.62,0.92,2.08,2.62,-3.83,44.23,-15.91,1
e,2022-11-01 17:21:39.876442,-0.07,-0.78,0.62,0.79,1.95,2.44,-4.55,44.24,-16.37,1
e,2022-11-01 17:21:39.876620,-0.06,-0.78,0.62,0.92,1.95,2.38,-4.55,44.24,-16.37,1
e,2022-11-01 17:21:39.876806,-0.06,-0.79,0.62,0.98,1.95,2.56,-4.94,43.88,-15.42,1
e,2022-11-01 17:21:39.877028,-0.07,-0.78,0.62,0.98,1.89,2.50,-4.94,43.88,-15.42,1
e,2022-11-01 17:21:39.877202,-0.06,-0.78,0.62,1.04,1.83,2.44,-4.94,43.88,-15.42,1
e,2022-11-01 17:21:39.877381,-0.06,-0.78,0.62,0.79,1.95,2.50,-4.64,44.35,-16.53,1
e,2022-11-01 17:21:39.877553,-0.07,-0.78,0.62,1.16,1.89,2.50,-4.64,44.35,-16.53,1
e,2022-11-01 17:21:39.877732,-0.06,-0.78,0.62,0.73,2.08,2.38,-4.64,44.35,-16.53,1
e,2022-11-01 17:21:39.877906,-0.06,-0.78,0.62,0.98,2.01,2.50,-4.48,43.81,-17.15,1
e,2022-11-01 17:21:39.878081,-0.07,-0.78,0.62,0.92,1.83,2.26,-4.48,43.81,-17.15,1
e,2022-11-01 17:21:39.878255,-0.07,-0.78,0.62,1.04,1.95,2.62,-4.48,43.81,-17.15,1
e,2022-11-01 17:21:39.878428,-0.07,-0.78,0.62,1.16,1.83,2.44,-4.17,44.12,-15.75,1
e,2022-11-01 17:21:39.878604,-0.06,-0.78,0.62,0.98,1.83,2.38,-4.17,44.12,-15.75,1
e,2022-11-01 17:21:39.878776,-0.06,-0.78,0.62,1.04,1.83,2.50,-4.25,43.99,-15.98,1
e,2022-11-01 17:21:39.878951,-0.06,-0.78,0.62,0.92,2.01,2.38,-4.25,43.99,-15.98,1
e,2022-11-01 17:21:39.879121,-0.06,-0.78,0.62,0.92,1.89,2.38,-4.25,43.99,-15.98,1
e,2022-11-01 17:21:39.879294,-0.06,-0.79,0.62,1.04,2.01,2.38,-4.36,44.51,-16.96,1
e,2022-11-01 17:21:39.879471,-0.06,-0.78,0.62,1.10,1.59,2.44,-4.36,44.51,-16.96,1
e,2022-11-01 17:21:39.879645,-0.07,-0.78,0.62,1.04,1.83,2.50,-4.36,44.51,-16.96,1
e,2022-11-01 17:21:39.879821,-0.07,-0.78,0.62,0.92,1.71,2.38,-4.57,44.59,-15.49,1
e,2022-11-01 17:21:39.879992,-0.07,-0.78,0.62,0.85,1.89,2.32,-4.57,44.59,-15.49,1
e,2022-11-01 17:21:39.880169,-0.07,-0.78,0.62,0.98,1.77,2.44,-4.57,44.59,-15.49,1
e,2022-11-01 17:21:39.880341,-0.06,-0.78,0.62,0.85,1.95,2.38,-5.11,44.24,-16.39,1
e,2022-11-01 17:21:39.880512,-0.06,-0.78,0.62,0.79,1.83,2.44,-5.11,44.24,-16.39,1
e,2022-11-01 17:21:39.880686,-0.06,-0.78,0.62,1.28,1.77,2.62,-4.49,44.42,-14.10,1
e,2022-11-01 17:21:39.880857,-0.07,-0.78,0.62,0.79,1.95,2.32,-4.49,44.42,-14.10,1
e,2022-11-01 17:21:39.881031,-0.06,-0.78,0.62,0.92,2.08,2.44,-4.49,44.42,-14.10,1
e,2022-11-01 17:21:39.881209,-0.07,-0.78,0.62,1.04,1.95,2.62,-4.57,45.03,-17.16,1
e,2022-11-01 17:21:39.881395,-0.06,-0.78,0.62,0.67,2.01,2.38,-4.57,45.03,-17.16,1
e,2022-11-01 17:21:39.881573,-0.07,-0.78,0.62,1.10,2.01,2.38,-4.57,45.03,-17.16,1
e,2022-11-01 17:21:39.881753,-0.06,-0.79,0.62,0.92,1.83,2.38,-4.53,44.12,-16.80,1
e,2022-11-01 17:21:39.881931,-0.07,-0.78,0.62,0.85,1.89,2.38,-4.53,44.12,-16.80,1
e,2022-11-01 17:21:39.882103,-0.06,-0.78,0.62,1.04,1.89,2.50,-4.53,44.12,-16.80,1
e,2022-11-01 17:21:39.882280,-0.07,-0.78,0.62,0.92,1.77,2.38,-4.55,43.90,-16.09,1
e,2022-11-01 17:21:39.882457,-0.06,-0.78,0.62,0.98,2.08,2.50,-4.55,43.90,-16.09,1
e,2022-11-01 17:21:39.882667,-0.06,-0.78,0.62,0.92,2.08,2.56,-4.65,44.43,-16.32,1
e,2022-11-01 17:21:39.882847,-0.06,-0.78,0.62,0.92,1.77,2.32,-4.65,44.43,-16.32,1
e,2022-11-01 17:21:39.883025,-0.06,-0.78,0.62,0.92,1.83,2.44,-4.65,44.43,-16.32,1
e,2022-11-01 17:21:39.883233,-0.07,-0.78,0.62,0.98,1.83,2.44,-4.48,44.48,-15.94,1
e,2022-11-01 17:21:39.883418,-0.06,-0.78,0.62,1.10,1.77,2.50,-4.48,44.48,-15.94,1
e,2022-11-01 17:21:39.883595,-0.07,-0.78,0.62,1.16,1.89,2.38,-4.48,44.48,-15.94,1
e,2022-11-01 17:21:39.883768,-0.06,-0.78,0.62,0.67,1.89,2.26,-4.21,43.99,-18.12,1
e,2022-11-01 17:21:39.883941,-0.06,-0.78,0.62,0.85,1.95,2.44,-4.21,43.99,-18.12,1
e,2022-11-01 17:21:39.884119,-0.07,-0.78,0.62,0.92,1.95,2.26,-4.21,43.99,-18.12,1
e,2022-11-01 17:21:39.884292,-0.06,-0.78,0.62,0.98,1.89,2.50,-4.69,43.96,-16.52,1
e,2022-11-01 17:21:39.884471,-0.07,-0.78,0.62,1.10,1.83,2.50,-4.69,43.96,-16.52,1
e,2022-11-01 17:21:39.884646,-0.06,-0.78,0.62,1.10,1.89,2.56,-4.15,43.82,-16.80,1
e,2022-11-01 17:21:39.884822,-0.07,-0.78,0.62,0.98,1.77,2.50,-4.15,43.82,-16.80,1
e,2022-11-01 17:21:39.885001,-0.07,-0.78,0.62,1.04,1.83,2.38,-4.15,43.82,-16.80,1
e,2022-11-01 17:21:39.885173,-0.06,-0.78,0.62,0.92,1.77,2.44,-4.13,44.20,-16.63,1
e,2022-11-01 17:21:39.885350,-0.06,-0.78,0.62,1.28,1.83,2.50,-4.13,44.20,-16.63,1
e,2022-11-01 17:21:39.885521,-0.06,-0.78,0.62,1.16,1.89,2.44,-4.13,44.20,-16.63,1
e,2022-11-01 17:21:39.885696,-0.06,-0.78,0.62,0.92,1.71,2.32,-4.25,43.69,-16.49,1
e,2022-11-01 17:21:39.885885,-0.06,-0.78,0.62,1.10,1.89,2.44,-4.25,43.69,-16.49,1
e,2022-11-01 17:21:39.886059,-0.07,-0.78,0.62,1.28,1.83,2.56,-4.25,43.69,-16.49,1
e,2022-11-01 17:21:39.886237,-0.06,-0.78,0.62,1.04,1.83,2.44,-4.43,43.86,-15.73,1
e,2022-11-01 17:21:39.886410,-0.07,-0.78,0.62,1.22,2.01,2.50,-4.43,43.86,-15.73,1
e,2022-11-01 17:21:39.886588,-0.06,-0.78,0.62,1.04,1.77,2.44,-4.35,44.53,-15.54,1
e,2022-11-01 17:21:39.886761,-0.06,-0.78,0.62,0.92,1.77,2.38,-4.35,44.53,-15.54,1
e,2022-11-01 17:21:39.886934,-0.06,-0.78,0.62,0.85,2.01,2.44,-4.35,44.53,-15.54,1
e,2022-11-01 17:21:39.887111,-0.06,-0.78,0.62,1.16,1.77,2.44,-4.41,44.54,-16.21,1
e,2022-11-01 17:21:39.887286,-0.07,-0.78,0.63,1.28,1.89,2.44,-4.41,44.54,-16.21,1
e,2022-11-01 17:21:39.887465,-0.07,-0.78,0.62,1.10,1.89,2.50,-4.41,44.54,-16.21,1
e,2022-11-01 17:21:39.887638,-0.07,-0.78,0.62,0.98,1.95,2.38,-4.03,44.19,-17.30,1
e,2022-11-01 17:21:39.887815,-0.07,-0.78,0.62,0.98,1.77,2.44,-4.03,44.19,-17.30,1
e,2022-11-01 17:21:39.887988,-0.06,-0.78,0.62,1.10,1.83,2.38,-4.03,44.19,-17.30,1
e,2022-11-01 17:21:39.888159,-0.06,-0.78,0.63,0.98,1.95,2.44,-4.64,44.19,-15.50,1
e,2022-11-01 17:21:39.888339,-0.07,-0.78,0.62,1.04,2.01,2.56,-4.64,44.19,-15.50,1
e,2022-11-01 17:21:39.888510,-0.07,-0.78,0.62,1.10,1.83,2.56,-4.65,44.48,-16.00,1
e,2022-11-01 17:21:39.888686,-0.06,-0.78,0.63,1.10,1.71,2.44,-4.65,44.48,-16.00,1
e,2022-11-01 17:21:39.888859,-0.06,-0.78,0.62,0.98,1.89,2.44,-4.65,44.48,-16.00,1
e,2022-11-01 17:21:39.889036,-0.06,-0.78,0.62,1.10,1.77,2.44,-4.03,44.67,-15.89,1
e,2022-11-01 17:21:39.889209,-0.06,-0.78,0.63,1.16,1.83,2.56,-4.03,44.67,-15.89,1
e,2022-11-01 17:21:39.889385,-0.07,-0.78,0.62,1.04,1.89,2.38,-4.03,44.67,-15.89,1
e,2022-11-01 17:21:39.889570,-0.07,-0.78,0.62,0.92,1.83,2.44,-4.59,44.30,-16.56,1
e,2022-11-01 17:21:39.889747,-0.07,-0.78,0.63,1.28,1.89,2.50,-4.59,44.30,-16.56,1
e,2022-11-01 17:21:39.889962,-0.06,-0.78,0.63,0.92,1.83,2.32,-4.59,44.30,-16.56,1
e,2022-11-01 17:21:39.890144,-0.07,-0.78,0.62,0.85,1.83,2.44,-4.44,44.18,-15.99,1
e,2022-11-01 17:21:39.890322,-0.06,-0.78,0.62,1.22,2.08,2.62,-4.44,44.18,-15.99,1
e,2022-11-01 17:21:39.890502,-0.06,-0.78,0.63,0.67,1.89,2.26,-4.19,44.06,-16.24,1
e,2022-11-01 17:21:39.890690,-0.06,-0.78,0.63,1.04,1.95,2.44,-4.19,44.06,-16.24,1
e,2022-11-01 17:21:39.890870,-0.07,-0.78,0.63,1.04,2.01,2.32,-4.19,44.06,-16.24,1
e,2022-11-01 17:21:39.891043,-0.06,-0.78,0.63,1.16,1.95,2.62,-4.32,43.98,-17.37,1
e,2022-11-01 17:21:39.891219,-0.07,-0.78,0.63,1.04,1.89,2.38,-4.32,43.98,-17.37,1
e,2022-11-01 17:21:39.891392,-0.06,-0.78,0.62,1.22,1.95,2.44,-4.32,43.98,-17.37,1
e,2022-11-01 17:21:39.891564,-0.06,-0.78,0.63,1.04,1.77,2.38,-4.72,44.46,-15.88,1
e,2022-11-01 17:21:39.891748,-0.06,-0.78,0.63,1.40,1.89,2.44,-4.72,44.46,-15.88,1
e,2022-11-01 17:21:39.891947,-0.06,-0.78,0.63,0.98,1.83,2.50,-4.72,44.46,-15.88,1
e,2022-11-01 17:21:39.892130,-0.07,-0.78,0.63,0.92,1.95,2.26,-4.92,43.92,-16.06,1
e,2022-11-01 17:21:39.892306,-0.06,-0.78,0.63,1.16,2.01,2.56,-4.92,43.92,-16.06,1
e,2022-11-01 17:21:39.892510,-0.07,-0.78,0.63,1.34,1.89,2.50,-4.59,44.38,-16.47,1
e,2022-11-01 17:21:39.892699,-0.07,-0.78,0.63,1.22,1.95,2.56,-4.59,44.38,-16.47,1
e,2022-11-01 17:21:39.892886,-0.06,-0.78,0.63,1.16,1.89,2.44,-4.59,44.38,-16.47,1
e,2022-11-01 17:21:39.893065,-0.06,-0.78,0.63,1.16,1.89,2.50,-4.22,44.03,-16.16,1
e,2022-11-01 17:21:39.893238,-0.06,-0.78,0.63,1.04,2.01,2.50,-4.22,44.03,-16.16,1
e,2022-11-01 17:21:39.893414,-0.06,-0.78,0.63,1.28,1.95,2.56,-4.22,44.03,-16.16,1
e,2022-11-01 17:21:39.893589,-0.06,-0.78,0.63,0.73,2.01,2.38,-4.61,44.43,-16.67,1
e,2022-11-01 17:21:39.893763,-0.07,-0.78,0.63,1.22,1.89,2.50,-4.61,44.43,-16.67,1
e,2022-11-01 17:21:39.893945,-0.06,-0.78,0.63,1.22,2.01,2.50,-4.61,44.43,-16.67,1
e,2022-11-01 17:21:39.894117,-0.07,-0.78,0.63,0.85,2.01,2.26,-4.63,44.75,-16.91,1
e,2022-11-01 17:21:39.894318,-0.06,-0.78,0.63,1.04,1.95,2.38,-4.63,44.75,-16.91,1
e,2022-11-01 17:21:39.894539,-0.07,-0.78,0.63,1.22,1.83,2.44,-4.08,44.38,-16.43,1
e,2022-11-01 17:21:39.894714,-0.06,-0.78,0.63,1.04,1.83,2.26,-4.08,44.38,-16.43,1
e,2022-11-01 17:21:39.894889,-0.07,-0.78,0.63,1.04,1.77,2.56,-4.08,44.38,-16.43,1
e,2022-11-01 17:21:39.895063,-0.06,-0.78,0.63,0.92,1.77,2.50,-3.97,44.36,-16.38,1
e,2022-11-01 17:21:39.895240,-0.06,-0.78,0.63,0.85,2.01,2.44,-3.97,44.36,-16.38,1
e,2022-11-01 17:21:39.895430,-0.06,-0.78,0.63,0.98,1.83,2.50,-3.97,44.36,-16.38,1
e,2022-11-01 17:21:39.895623,-0.06,-0.78,0.63,1.10,1.71,2.38,-4.33,44.30,-16.03,1
e,2022-11-01 17:21:39.895805,-0.06,-0.78,0.63,1.04,1.89,2.50,-4.33,44.30,-16.03,1
e,2022-11-01 17:21:39.895980,-0.06,-0.78,0.63,1.10,1.89,2.50,-4.33,44.30,-16.03,1
e,2022-11-01 17:21:39.896156,-0.07,-0.78,0.63,0.98,1.77,2.44,-3.76,44.53,-16.46,1
e,2022-11-01 17:21:39.896345,-0.06,-0.78,0.63,0.79,2.08,2.44,-3.76,44.53,-16.46,1
e,2022-11-01 17:21:39.896523,-0.07,-0.78,0.63,1.10,1.71,2.50,-4.27,44.51,-15.65,1
e,2022-11-01 17:21:39.896721,-0.06,-0.78,0.63,0.92,1.71,2.32,-4.27,44.51,-15.65,1
e,2022-11-01 17:21:39.896896,-0.06,-0.78,0.63,1.04,1.95,2.56,-4.27,44.51,-15.65,1
e,2022-11-01 17:21:39.897072,-0.06,-0.78,0.63,0.92,1.89,2.50,-4.43,44.13,-16.66,1
e,2022-11-01 17:21:39.897258,-0.07,-0.78,0.63,1.28,1.89,2.56,-4.43,44.13,-16.66,1
e,2022-11-01 17:21:39.897445,-0.06,-0.78,0.63,1.04,1.77,2.38,-4.43,44.13,-16.66,1
e,2022-11-01 17:21:39.897619,-0.06,-0.78,0.63,0.79,1.77,2.56,-4.58,44.43,-16.94,1
e,2022-11-01 17:21:39.897794,-0.06,-0.78,0.63,0.92,1.89,2.50,-4.58,44.43,-16.94,1
e,2022-11-01 17:21:39.897973,-0.06,-0.78,0.63,1.04,1.77,2.38,-4.58,44.43,-16.94,1
e,2022-11-01 17:21:39.898143,-0.06,-0.78,0.63,0.85,1.71,2.38,-4.27,44.54,-16.02,1
e,2022-11-01 17:21:39.898319,-0.06,-0.78,0.63,1.04,1.89,2.38,-4.27,44.54,-16.02,1
e,2022-11-01 17:21:39.898490,-0.07,-0.78,0.63,1.04,1.83,2.50,-4.33,44.38,-16.24,1
e,2022-11-01 17:21:39.898665,-0.07,-0.78,0.63,0.85,1.89,2.44,-4.33,44.38,-16.24,1
e,2022-11-01 17:21:39.898837,-0.06,-0.78,0.63,1.16,1.89,2.44,-4.33,44.38,-16.24,1
e,2022-11-01 17:21:39.899008,-0.06,-0.78,0.63,1.16,1.95,2.32,-4.65,45.01,-17.25,1
e,2022-11-01 17:21:39.899184,-0.06,-0.78,0.63,1.28,1.95,2.50,-4.65,45.01,-17.25,1
e,2022-11-01 17:21:39.899354,-0.06,-0.78,0.63,1.22,1.89,2.44,-4.65,45.01,-17.25,1
e,2022-11-01 17:21:39.899530,-0.06,-0.78,0.63,1.10,2.01,2.44,-4.43,44.20,-16.86,1
e,2022-11-01 17:21:39.899700,-0.06,-0.78,0.63,1.22,1.95,2.38,-4.43,44.20,-16.86,1
e,2022-11-01 17:21:39.899874,-0.07,-0.78,0.63,1.04,1.77,2.26,-4.43,44.20,-16.86,1
e,2022-11-01 17:21:39.900045,-0.06,-0.78,0.63,1.10,1.83,2.38,-4.41,44.59,-17.15,1
e,2022-11-01 17:21:39.900217,-0.07,-0.78,0.63,1.34,1.71,2.50,-4.41,44.59,-17.15,1
e,2022-11-01 17:21:39.900392,-0.06,-0.78,0.63,0.98,2.08,2.44,-4.26,44.52,-16.74,1
e,2022-11-01 17:21:39.900564,-0.07,-0.78,0.63,1.10,1.83,2.26,-4.26,44.52,-16.74,1
e,2022-11-01 17:21:39.900740,-0.06,-0.78,0.63,1.04,1.89,2.50,-4.26,44.52,-16.74,1
e,2022-11-01 17:21:39.900912,-0.06,-0.78,0.63,1.10,1.71,2.32,-4.10,44.52,-17.32,1
e,2022-11-01 17:21:39.901087,-0.07,-0.78,0.63,1.16,1.65,2.56,-4.10,44.52,-17.32,1
e,2022-11-01 17:21:39.901274,-0.06,-0.78,0.63,1.28,1.89,2.62,-4.10,44.52,-17.32,1
e,2022-11-01 17:21:39.901470,-0.06,-0.78,0.63,1.16,1.83,2.44,-4.04,44.35,-17.38,1
e,2022-11-01 17:21:39.901678,-0.06,-0.78,0.63,0.92,1.89,2.32,-4.04,44.35,-17.38,1
e,2022-11-01 17:21:39.901873,-0.06,-0.78,0.63,1.28,1.95,2.50,-4.04,44.35,-17.38,1
e,2022-11-01 17:21:39.902077,-0.06,-0.78,0.63,0.98,1.83,2.50,-3.93,44.45,-17.26,1
e,2022-11-01 17:21:39.904424,-0.07,-0.78,0.63,0.85,1.95,2.32,-3.93,44.45,-17.26,1
e,2022-11-01 17:21:39.904625,-0.07,-0.78,0.63,1.16,1.89,2.44,-4.19,45.03,-16.77,1
e,2022-11-01 17:21:39.904836,-0.06,-0.78,0.63,0.85,1.71,2.38,-4.19,45.03,-16.77,1
e,2022-11-01 17:21:39.905032,-0.06,-0.78,0.63,0.98,1.77,2.32,-4.19,45.03,-16.77,1
e,2022-11-01 17:21:39.905233,-0.06,-0.78,0.63,0.85,1.95,2.32,-3.70,44.93,-16.33,1
e,2022-11-01 17:21:39.905426,-0.06,-0.78,0.63,1.04,1.89,2.32,-3.70,44.93,-16.33,1
e,2022-11-01 17:21:39.905611,-0.06,-0.78,0.63,0.92,1.89,2.32,-3.70,44.93,-16.33,1
e,2022-11-01 17:21:39.905792,-0.06,-0.78,0.63,1.10,1.89,2.44,-3.81,44.26,-16.32,1
e,2022-11-01 17:21:39.905965,-0.06,-0.78,0.63,0.98,2.08,2.50,-3.81,44.26,-16.32,1
e,2022-11-01 17:21:39.906156,-0.07,-0.78,0.63,0.98,1.89,2.44,-3.81,44.26,-16.32,1
e,2022-11-01 17:21:39.906342,-0.06,-0.78,0.63,1.04,1.71,2.32,-4.10,44.75,-15.72,1
e,2022-11-01 17:21:39.906526,-0.06,-0.78,0.63,1.16,1.89,2.62,-4.10,44.75,-15.72,1
e,2022-11-01 17:21:39.906712,-0.06,-0.78,0.63,1.16,1.89,2.44,-3.97,44.20,-15.76,1
e,2022-11-01 17:21:39.906885,-0.06,-0.78,0.63,1.10,1.95,2.56,-3.97,44.20,-15.76,1
e,2022-11-01 17:21:39.907078,-0.06,-0.78,0.63,1.16,2.01,2.56,-3.97,44.20,-15.76,1
e,2022-11-01 17:21:39.907253,-0.06,-0.78,0.63,1.16,2.01,2.50,-4.25,44.08,-16.59,1
e,2022-11-01 17:21:39.907447,-0.06,-0.78,0.63,0.79,1.83,2.38,-4.25,44.08,-16.59,1
e,2022-11-01 17:21:39.907619,-0.07,-0.78,0.63,1.10,1.95,2.32,-4.25,44.08,-16.59,1
e,2022-11-01 17:21:39.907812,-0.06,-0.78,0.63,1.04,1.95,2.38,-4.06,44.48,-17.24,1
e,2022-11-01 17:21:39.907988,-0.07,-0.78,0.63,0.98,1.89,2.44,-4.06,44.48,-17.24,1
e,2022-11-01 17:21:39.908162,-0.06,-0.78,0.63,0.92,1.89,2.50,-4.06,44.48,-17.24,1
e,2022-11-01 17:21:39.908352,-0.07,-0.78,0.63,0.79,1.77,2.26,-4.02,44.43,-16.83,1
e,2022-11-01 17:21:39.908540,-0.06,-0.78,0.63,0.61,2.08,2.32,-4.02,44.43,-16.83,1
e,2022-11-01 17:21:39.908731,-0.07,-0.78,0.63,0.98,1.83,2.38,-4.26,43.81,-17.05,1
e,2022-11-01 17:21:39.908907,-0.06,-0.78,0.63,1.16,1.95,2.50,-4.26,43.81,-17.05,1
e,2022-11-01 17:21:39.909083,-0.06,-0.78,0.63,1.10,1.89,2.44,-4.26,43.81,-17.05,1
e,2022-11-01 17:21:39.909276,-0.06,-0.78,0.63,1.22,1.83,2.50,-4.20,44.29,-16.63,1
e,2022-11-01 17:21:39.909453,-0.06,-0.78,0.63,1.16,1.83,2.56,-4.20,44.29,-16.63,1
e,2022-11-01 17:21:39.909629,-0.06,-0.78,0.63,0.98,1.77,2.50,-4.20,44.29,-16.63,1
e,2022-11-01 17:21:39.909813,-0.06,-0.78,0.63,0.98,1.83,2.44,-3.42,44.29,-17.57,1
e,2022-11-01 17:21:39.909990,-0.07,-0.78,0.63,0.92,1.89,2.44,-3.42,44.29,-17.57,1
e,2022-11-01 17:21:39.910171,-0.06,-0.78,0.63,1.04,2.08,2.26,-3.42,44.29,-17.57,1
e,2022-11-01 17:21:39.910355,-0.06,-0.78,0.63,1.16,1.83,2.38,-4.66,44.27,-15.97,1
e,2022-11-01 17:21:39.910535,-0.06,-0.78,0.63,0.98,1.77,2.44,-4.66,44.27,-15.97,1
e,2022-11-01 17:21:39.910720,-0.06,-0.78,0.63,1.16,1.83,2.44,-4.26,43.90,-18.13,1
e,2022-11-01 17:21:39.910907,-0.06,-0.78,0.63,0.92,2.01,2.38,-4.26,43.90,-18.13,1
e,2022-11-01 17:21:39.911080,-0.06,-0.78,0.63,1.10,1.95,2.50,-4.26,43.90,-18.13,1
e,2022-11-01 17:21:39.911255,-0.06,-0.78,0.63,0.98,1.83,2.50,-4.57,44.23,-17.37,1
e,2022-11-01 17:21:39.911430,-0.06,-0.78,0.63,0.85,1.95,2.38,-4.57,44.23,-17.37,1
e,2022-11-01 17:21:39.911616,-0.06,-0.78,0.63,0.85,1.89,2.38,-4.57,44.23,-17.37,1
e,2022-11-01 17:21:39.911801,-0.06,-0.78,0.63,0.98,1.89,2.32,-4.65,44.04,-17.00,1
e,2022-11-01 17:21:39.911984,-0.06,-0.78,0.63,1.16,1.89,2.69,-4.65,44.04,-17.00,1
e,2022-11-01 17:21:39.912174,-0.07,-0.78,0.63,1.10,1.95,2.50,-4.65,44.04,-17.00,1
e,2022-11-01 17:21:39.912360,-0.06,-0.78,0.63,0.79,2.01,2.38,-4.32,44.68,-16.20,1
e,2022-11-01 17:21:39.912542,-0.06,-0.78,0.63,1.22,2.08,2.62,-4.32,44.68,-16.20,1
e,2022-11-01 17:21:39.912757,-0.06,-0.78,0.63,0.92,1.89,2.56,-4.26,44.15,-17.80,1
e,2022-11-01 17:21:39.913003,-0.06,-0.78,0.63,1.10,1.89,2.44,-4.26,44.15,-17.80,1
e,2022-11-01 17:21:39.913247,-0.06,-0.78,0.63,1.28,1.89,2.50,-4.26,44.15,-17.80,1
e,2022-11-01 17:21:39.913448,-0.06,-0.78,0.63,1.22,1.95,2.50,-4.49,44.64,-16.55,1
e,2022-11-01 17:21:39.913637,-0.06,-0.78,0.63,1.22,1.95,2.26,-4.49,44.64,-16.55,1
e,2022-11-01 17:21:39.913837,-0.06,-0.78,0.63,1.16,1.83,2.50,-4.49,44.64,-16.55,1
e,2022-11-01 17:21:39.914029,-0.07,-0.78,0.63,0.85,1.83,2.56,-4.21,44.48,-16.31,1
e,2022-11-01 17:21:39.914215,-0.06,-0.78,0.63,0.92,1.95,2.50,-4.21,44.48,-16.31,1
e,2022-11-01 17:21:39.914390,-0.06,-0.78,0.63,1.10,1.95,2.50,-4.21,44.48,-16.31,1
e,2022-11-01 17:21:39.914570,-0.06,-0.78,0.63,0.92,1.89,2.44,-4.65,43.66,-16.77,1
e,2022-11-01 17:21:39.914761,-0.06,-0.78,0.63,1.04,1.83,2.32,-4.65,43.66,-16.77,1
e,2022-11-01 17:21:39.914997,-0.06,-0.78,0.63,1.10,1.83,2.69,-4.72,44.01,-17.09,1
e,2022-11-01 17:21:39.915175,-0.06,-0.78,0.63,0.85,2.08,2.32,-4.72,44.01,-17.09,1
e,2022-11-01 17:21:39.915348,-0.06,-0.78,0.63,1.04,2.01,2.32,-4.72,44.01,-17.09,1
e,2022-11-01 17:21:39.915525,-0.06,-0.78,0.63,1.10,1.89,2.44,-4.37,44.15,-17.25,1
e,2022-11-01 17:21:39.915696,-0.06,-0.78,0.63,1.22,1.95,2.44,-4.37,44.15,-17.25,1
e,2022-11-01 17:21:39.915869,-0.06,-0.78,0.63,1.04,2.01,2.44,-4.37,44.15,-17.25,1
e,2022-11-01 17:21:39.916043,-0.06,-0.78,0.63,0.79,1.83,2.32,-4.10,44.24,-16.61,1
e,2022-11-01 17:21:39.916214,-0.07,-0.78,0.63,1.16,1.89,2.44,-4.10,44.24,-16.61,1
e,2022-11-01 17:21:39.916392,-0.06,-0.78,0.63,1.22,1.83,2.38,-4.10,44.24,-16.61,1
e,2022-11-01 17:21:39.916563,-0.06,-0.78,0.63,0.98,1.95,2.44,-4.00,44.04,-16.98,1
e,2022-11-01 17:21:39.916741,-0.06,-0.78,0.63,1.28,1.89,2.69,-4.00,44.04,-16.98,1
e,2022-11-01 17:21:39.916914,-0.06,-0.78,0.63,1.10,1.89,2.50,-4.04,43.97,-17.58,1
e,2022-11-01 17:21:39.917087,-0.06,-0.78,0.63,1.28,1.77,2.44,-4.04,43.97,-17.58,1
e,2022-11-01 17:21:39.917264,-0.06,-0.78,0.63,1.22,2.01,2.62,-4.04,43.97,-17.58,1
e,2022-11-01 17:21:39.917438,-0.06,-0.78,0.63,1.10,1.83,2.44,-4.15,43.81,-17.19,1
e,2022-11-01 17:21:39.917620,-0.06,-0.78,0.63,0.98,1.77,2.20,-4.15,43.81,-17.19,1
e,2022-11-01 17:21:39.917794,-0.06,-0.78,0.63,1.10,1.89,2.38,-4.15,43.81,-17.19,1
e,2022-11-01 17:21:39.917970,-0.06,-0.78,0.63,0.98,2.01,2.38,-4.46,44.18,-16.46,1
e,2022-11-01 17:21:39.918144,-0.06,-0.78,0.63,1.10,1.95,2.50,-4.46,44.18,-16.46,1
e,2022-11-01 17:21:39.918317,-0.06,-0.78,0.63,1.40,1.77,2.75,-4.46,44.18,-16.46,1
e,2022-11-01 17:21:39.918521,-0.06,-0.78,0.63,1.04,2.01,2.44,-4.59,43.60,-16.16,1
e,2022-11-01 17:21:39.918707,-0.06,-0.78,0.63,1.04,1.89,2.50,-4.59,43.60,-16.16,1
e,2022-11-01 17:21:39.918889,-0.06,-0.78,0.63,1.22,1.83,2.50,-4.35,43.99,-16.33,1
e,2022-11-01 17:21:39.919061,-0.07,-0.78,0.63,1.04,1.83,2.26,-4.35,43.99,-16.33,1
e,2022-11-01 17:21:39.919233,-0.06,-0.78,0.63,0.98,1.83,2.44,-4.35,43.99,-16.33,1
e,2022-11-01 17:21:39.919425,-0.06,-0.78,0.63,1.22,1.89,2.50,-4.26,44.48,-17.64,1
e,2022-11-01 17:21:39.919620,-0.06,-0.78,0.63,1.10,1.89,2.44,-4.26,44.48,-17.64,1
e,2022-11-01 17:21:39.919817,-0.06,-0.78,0.63,0.92,2.08,2.44,-4.26,44.48,-17.64,1
e,2022-11-01 17:21:39.919994,-0.06,-0.78,0.63,0.85,1.95,2.44,-4.41,43.70,-16.25,1
e,2022-11-01 17:21:39.920166,-0.06,-0.78,0.63,1.10,1.95,2.56,-4.41,43.70,-16.25,1
e,2022-11-01 17:21:39.920361,-0.06,-0.78,0.63,1.10,1.83,2.44,-4.41,43.70,-16.25,1
e,2022-11-01 17:21:39.920539,-0.06,-0.78,0.63,0.79,1.95,2.32,-4.10,44.34,-15.56,1
e,2022-11-01 17:21:39.920795,-0.06,-0.78,0.63,1.04,2.01,2.50,-4.10,44.34,-15.56,1
e,2022-11-01 17:21:39.920973,-0.06,-0.78,0.63,1.04,1.89,2.44,-4.31,43.93,-18.71,1
e,2022-11-01 17:21:39.921150,-0.07,-0.78,0.63,1.10,1.95,2.56,-4.31,43.93,-18.71,1
e,2022-11-01 17:21:39.921321,-0.06,-0.78,0.63,1.04,1.89,2.44,-4.31,43.93,-18.71,1
e,2022-11-01 17:21:39.921493,-0.06,-0.77,0.63,0.92,1.77,2.44,-4.09,43.75,-16.25,1
e,2022-11-01 17:21:39.921671,-0.06,-0.78,0.63,1.10,1.89,2.44,-4.09,43.75,-16.25,1
e,2022-11-01 17:21:39.921916,-0.06,-0.78,0.63,1.04,1.95,2.38,-4.09,43.75,-16.25,1
e,2022-11-01 17:21:39.922099,-0.06,-0.77,0.63,0.92,1.83,2.32,-4.37,43.80,-16.58,1
e,2022-11-01 17:21:39.922285,-0.06,-0.78,0.63,1.04,1.95,2.50,-4.37,43.80,-16.58,1
e,2022-11-01 17:21:39.922463,-0.06,-0.78,0.63,1.16,1.95,2.62,-4.37,43.80,-16.58,1
e,2022-11-01 17:21:39.922641,-0.06,-0.78,0.63,1.10,1.65,2.26,-4.17,44.34,-16.72,1
e,2022-11-01 17:21:39.922866,-0.07,-0.78,0.63,1.04,1.89,2.38,-4.17,44.34,-16.72,1
e,2022-11-01 17:21:39.923047,-0.06,-0.77,0.63,0.79,2.01,2.50,-4.17,43.88,-17.91,1
e,2022-11-01 17:21:39.923238,-0.07,-0.78,0.63,1.04,1.89,2.38,-4.17,43.88,-17.91,1
e,2022-11-01 17:21:39.923443,-0.06,-0.77,0.63,1.16,2.08,2.32,-4.17,43.88,-17.91,1
e,2022-11-01 17:21:39.923720,-0.06,-0.77,0.63,0.92,1.89,2.38,-4.30,44.29,-17.93,1
e,2022-11-01 17:21:39.923897,-0.06,-0.77,0.63,1.04,2.01,2.38,-4.30,44.29,-17.93,1
e,2022-11-01 17:21:39.924107,-0.06,-0.77,0.63,1.10,1.89,2.44,-4.30,44.29,-17.93,1
e,2022-11-01 17:21:39.924289,-0.06,-0.77,0.63,1.10,1.83,2.20,-4.28,44.06,-16.92,1
e,2022-11-01 17:21:39.924470,-0.06,-0.77,0.63,0.92,1.89,2.50,-4.28,44.06,-16.92,1
e,2022-11-01 17:21:39.924669,-0.06,-0.78,0.63,0.98,1.83,2.44,-4.28,44.06,-16.92,1
e,2022-11-01 17:21:39.924861,-0.06,-0.77,0.63,0.79,1.89,2.32,-4.52,44.42,-16.80,1
e,2022-11-01 17:21:39.925056,-0.06,-0.77,0.63,1.10,1.89,2.50,-4.52,44.42,-16.80,1
e,2022-11-01 17:21:39.925243,-0.06,-0.78,0.63,1.10,1.95,2.50,-4.06,44.13,-16.49,1
e,2022-11-01 17:21:39.925432,-0.06,-0.77,0.63,1.04,1.77,2.38,-4.06,44.13,-16.49,1
e,2022-11-01 17:21:39.925618,-0.06,-0.77,0.63,1.04,1.77,2.50,-4.06,44.13,-16.49,1
e,2022-11-01 17:21:39.925811,-0.06,-0.78,0.63,0.92,1.95,2.44,-4.58,44.09,-18.09,1
e,2022-11-01 17:21:39.926057,-0.06,-0.77,0.63,1.10,2.08,2.44,-4.58,44.09,-18.09,1
e,2022-11-01 17:21:39.926232,-0.06,-0.77,0.63,1.34,1.95,2.56,-4.58,44.09,-18.09,1
e,2022-11-01 17:21:39.926413,-0.06,-0.77,0.63,0.92,1.77,2.44,-4.13,43.86,-16.31,1
e,2022-11-01 17:21:39.926588,-0.06,-0.77,0.63,1.10,1.89,2.56,-4.13,43.86,-16.31,1
e,2022-11-01 17:21:39.926767,-0.06,-0.77,0.63,1.04,1.95,2.62,-4.13,43.86,-16.31,1
e,2022-11-01 17:21:39.926954,-0.06,-0.77,0.63,0.92,1.71,2.32,-3.93,44.07,-16.02,1
e,2022-11-01 17:21:39.927135,-0.06,-0.77,0.63,0.98,2.01,2.50,-3.93,44.07,-16.02,1
e,2022-11-01 17:21:39.927313,-0.06,-0.78,0.63,1.16,2.01,2.56,-4.13,43.98,-17.86,1
e,2022-11-01 17:21:39.927488,-0.06,-0.77,0.63,1.16,1.83,2.38,-4.13,43.98,-17.86,1
e,2022-11-01 17:21:39.927671,-0.07,-0.77,0.63,1.10,1.95,2.38,-4.13,43.98,-17.86,1
e,2022-11-01 17:21:39.927845,-0.06,-0.78,0.63,1.16,1.77,2.50,-4.31,44.42,-17.50,1
e,2022-11-01 17:21:39.928024,-0.06,-0.77,0.63,1.10,2.08,2.50,-4.31,44.42,-17.50,1
e,2022-11-01 17:21:39.928200,-0.06,-0.77,0.63,1.16,1.95,2.44,-4.31,44.42,-17.50,1
e,2022-11-01 17:21:39.928375,-0.06,-0.77,0.63,1.04,1.95,2.44,-4.19,43.99,-17.03,1
e,2022-11-01 17:21:39.928553,-0.06,-0.77,0.63,1.16,1.95,2.44,-4.19,43.99,-17.03,1
e,2022-11-01 17:21:39.928724,-0.06,-0.77,0.63,1.10,1.83,2.32,-4.19,43.99,-17.03,1
e,2022-11-01 17:21:39.928907,-0.06,-0.77,0.63,0.79,1.77,2.50,-4.88,44.37,-17.04,1
e,2022-11-01 17:21:39.929086,-0.06,-0.77,0.63,1.04,1.77,2.50,-4.88,44.37,-17.04,1
e,2022-11-01 17:21:39.929267,-0.06,-0.77,0.63,0.98,2.08,2.26,-3.63,44.03,-16.85,1
e,2022-11-01 17:21:39.929440,-0.06,-0.77,0.63,1.22,2.08,2.32,-3.63,44.03,-16.85,1
e,2022-11-01 17:21:39.929614,-0.06,-0.77,0.63,1.10,1.95,2.38,-3.63,44.03,-16.85,1
e,2022-11-01 17:21:39.929795,-0.06,-0.77,0.63,1.10,1.77,2.50,-3.85,44.03,-17.81,1
e,2022-11-01 17:21:39.929968,-0.06,-0.77,0.63,1.16,1.77,2.62,-3.85,44.03,-17.81,1
e,2022-11-01 17:21:39.930150,-0.07,-0.77,0.63,1.10,1.89,2.44,-3.85,44.03,-17.81,1
e,2022-11-01 17:21:39.930322,-0.06,-0.77,0.63,1.16,1.89,2.32,-3.94,44.80,-16.66,1
e,2022-11-01 17:21:39.930495,-0.06,-0.77,0.63,1.04,1.89,2.38,-3.94,44.80,-16.66,1
e,2022-11-01 17:21:39.930676,-0.06,-0.77,0.63,1.04,2.01,2.44,-3.94,44.80,-16.66,1
e,2022-11-01 17:21:39.930852,-0.06,-0.77,0.63,0.98,2.01,2.26,-4.64,44.35,-16.22,1
e,2022-11-01 17:21:39.931031,-0.06,-0.77,0.63,1.04,1.95,2.44,-4.64,44.35,-16.22,1
e,2022-11-01 17:21:39.931203,-0.06,-0.77,0.63,1.04,1.77,2.62,-4.11,44.23,-17.85,1
e,2022-11-01 17:21:39.931400,-0.06,-0.77,0.63,0.98,1.89,2.56,-4.11,44.23,-17.85,1
e,2022-11-01 17:21:39.931578,-0.06,-0.77,0.63,1.22,2.08,2.50,-4.11,44.23,-17.85,1
e,2022-11-01 17:21:39.931750,-0.06,-0.77,0.63,0.92,1.89,2.56,-4.11,44.15,-18.29,1
e,2022-11-01 17:21:39.931929,-0.06,-0.77,0.63,0.98,1.95,2.56,-4.11,44.15,-18.29,1
e,2022-11-01 17:21:39.932102,-0.06,-0.77,0.63,1.04,1.89,2.44,-4.11,44.15,-18.29,1
e,2022-11-01 17:21:39.932283,-0.06,-0.77,0.63,1.04,1.89,2.26,-3.92,44.17,-17.71,1
e,2022-11-01 17:21:39.932456,-0.06,-0.77,0.63,0.98,1.95,2.50,-3.92,44.17,-17.71,1
e,2022-11-01 17:21:39.932630,-0.06,-0.77,0.63,0.92,1.89,2.44,-3.92,44.17,-17.71,1
e,2022-11-01 17:21:39.932808,-0.06,-0.77,0.63,0.92,1.83,2.44,-4.58,44.30,-17.16,1
e,2022-11-01 17:21:39.933025,-0.07,-0.77,0.63,0.98,1.83,2.56,-4.58,44.30,-17.16,1
e,2022-11-01 17:21:39.933205,-0.06,-0.77,0.63,1.10,1.89,2.56,-4.06,44.49,-16.97,1
e,2022-11-01 17:21:39.933378,-0.06,-0.77,0.63,0.98,1.95,2.50,-4.06,44.49,-16.97,1
e,2022-11-01 17:21:39.933550,-0.06,-0.77,0.63,0.98,1.89,2.38,-4.06,44.49,-16.97,1
e,2022-11-01 17:21:39.933725,-0.06,-0.77,0.63,1.04,1.89,2.62,-4.32,43.86,-17.46,1
e,2022-11-01 17:21:39.933898,-0.06,-0.77,0.63,1.22,1.95,2.38,-4.32,43.86,-17.46,1
e,2022-11-01 17:21:39.934079,-0.06,-0.77,0.63,1.10,2.01,2.62,-4.32,43.86,-17.46,1
e,2022-11-01 17:21:39.934252,-0.06,-0.77,0.63,1.04,1.83,2.32,-3.88,43.84,-17.86,1
e,2022-11-01 17:21:39.934429,-0.06,-0.77,0.63,1.16,2.01,2.50,-3.88,43.84,-17.86,1
e,2022-11-01 17:21:39.934607,-0.06,-0.77,0.63,1.22,1.89,2.69,-3.69,44.31,-16.85,1
e,2022-11-01 17:21:39.934779,-0.06,-0.77,0.64,0.79,1.83,2.20,-3.69,44.31,-16.85,1
e,2022-11-01 17:21:39.934954,-0.07,-0.77,0.63,1.04,2.01,2.50,-3.69,44.31,-16.85,1
e,2022-11-01 17:21:39.935126,-0.06,-0.77,0.63,1.16,1.89,2.56,-4.32,44.48,-18.19,1
e,2022-11-01 17:21:39.935304,-0.06,-0.77,0.63,0.92,1.89,2.44,-4.32,44.48,-18.19,1
e,2022-11-01 17:21:39.935478,-0.06,-0.77,0.63,1.22,1.89,2.32,-4.32,44.48,-18.19,1
e,2022-11-01 17:21:39.935649,-0.06,-0.77,0.63,0.98,1.89,2.32,-4.52,44.09,-17.44,1
e,2022-11-01 17:21:39.935827,-0.06,-0.77,0.64,0.98,1.89,2.38,-4.52,44.09,-17.44,1
e,2022-11-01 17:21:39.935999,-0.06,-0.77,0.63,1.04,1.95,2.50,-4.52,44.09,-17.44,1
e,2022-11-01 17:21:39.936176,-0.06,-0.77,0.63,0.79,1.83,2.38,-4.06,44.31,-17.19,1
e,2022-11-01 17:21:39.936350,-0.06,-0.77,0.63,1.16,1.89,2.56,-4.06,44.31,-17.19,1
e,2022-11-01 17:21:39.936549,-0.06,-0.77,0.64,1.16,2.01,2.44,-4.42,44.18,-17.16,1
e,2022-11-01 17:21:39.936736,-0.06,-0.77,0.63,0.85,1.83,2.26,-4.42,44.18,-17.16,1
e,2022-11-01 17:21:39.936910,-0.06,-0.77,0.64,1.04,1.95,2.38,-4.42,44.18,-17.16,1
e,2022-11-01 17:21:39.937091,-0.06,-0.77,0.63,1.04,1.89,2.44,-4.46,44.36,-17.55,1
e,2022-11-01 17:21:39.937264,-0.07,-0.77,0.64,0.98,1.89,2.32,-4.46,44.36,-17.55,1
e,2022-11-01 17:21:39.937438,-0.06,-0.77,0.64,0.98,1.83,2.50,-4.46,44.36,-17.55,1
e,2022-11-01 17:21:39.937610,-0.06,-0.77,0.63,1.04,1.89,2.44,-4.50,44.18,-16.92,1
e,2022-11-01 17:21:39.937783,-0.06,-0.77,0.64,0.98,2.01,2.50,-4.50,44.18,-16.92,1
e,2022-11-01 17:21:39.937958,-0.06,-0.77,0.64,0.98,1.89,2.38,-4.50,44.18,-16.92,1
e,2022-11-01 17:21:39.938129,-0.07,-0.77,0.63,1.16,1.89,2.44,-4.30,44.18,-17.24,1
e,2022-11-01 17:21:39.938309,-0.06,-0.77,0.64,1.22,2.01,2.44,-4.30,44.18,-17.24,1
e,2022-11-01 17:21:39.938481,-0.06,-0.77,0.63,1.04,1.89,2.50,-4.39,44.43,-16.37,1
e,2022-11-01 17:21:39.938655,-0.06,-0.77,0.63,1.16,1.77,2.38,-4.39,44.43,-16.37,1
e,2022-11-01 17:21:39.938832,-0.06,-0.77,0.63,1.16,1.77,2.38,-4.39,44.43,-16.37,1
e,2022-11-01 17:21:39.939000,-0.06,-0.77,0.63,1.10,1.95,2.56,-4.38,44.23,-18.32,1
e,2022-11-01 17:21:39.939177,-0.06,-0.77,0.64,1.16,1.83,2.38,-4.38,44.23,-18.32,1
e,2022-11-01 17:21:39.939352,-0.06,-0.77,0.63,1.04,2.01,2.44,-4.38,44.23,-18.32,1
e,2022-11-01 17:21:39.939527,-0.06,-0.77,0.63,0.92,1.83,2.44,-4.13,43.64,-16.92,1
e,2022-11-01 17:21:39.939728,-0.06,-0.77,0.64,1.10,1.95,2.56,-4.13,43.64,-16.92,1
e,2022-11-01 17:21:39.939906,-0.06,-0.77,0.64,0.92,1.83,2.44,-4.13,43.64,-16.92,1
e,2022-11-01 17:21:39.940087,-0.06,-0.77,0.64,0.92,1.83,2.32,-4.42,43.87,-18.13,1
e,2022-11-01 17:21:39.940261,-0.06,-0.77,0.64,1.16,1.89,2.50,-4.42,43.87,-18.13,1
e,2022-11-01 17:21:39.940438,-0.06,-0.77,0.64,0.85,1.89,2.44,-3.86,44.17,-17.87,1
e,2022-11-01 17:21:39.940611,-0.06,-0.77,0.64,0.92,1.77,2.50,-3.86,44.17,-17.87,1
e,2022-11-01 17:21:39.940784,-0.06,-0.77,0.63,1.04,2.01,2.50,-3.86,44.17,-17.87,1
e,2022-11-01 17:21:39.940965,-0.06,-0.77,0.64,1.04,1.89,2.44,-4.59,43.85,-16.76,1
e,2022-11-01 17:21:39.941137,-0.06,-0.77,0.64,1.10,1.89,2.44,-4.59,43.85,-16.76,1
e,2022-11-01 17:21:39.941317,-0.06,-0.77,0.64,1.04,1.83,2.50,-4.59,43.85,-16.76,1
e,2022-11-01 17:21:39.941490,-0.06,-0.77,0.64,0.98,1.89,2.38,-4.19,43.64,-16.83,1
e,2022-11-01 17:21:39.941663,-0.06,-0.77,0.64,1.22,1.71,2.50,-4.19,43.64,-16.83,1
e,2022-11-01 17:21:39.941845,-0.06,-0.77,0.64,1.04,1.89,2.44,-4.19,43.64,-16.83,1
e,2022-11-01 17:21:39.942018,-0.06,-0.77,0.64,1.04,1.77,2.32,-4.28,43.95,-17.68,1
e,2022-11-01 17:21:39.942211,-0.06,-0.77,0.64,0.92,1.83,2.38,-4.28,43.95,-17.68,1
e,2022-11-01 17:21:39.942387,-0.06,-0.77,0.64,1.10,1.89,2.56,-4.08,43.82,-17.42,1
e,2022-11-01 17:21:39.942560,-0.06,-0.77,0.64,0.98,1.89,2.44,-4.08,43.82,-17.42,1
e,2022-11-01 17:21:39.942738,-0.06,-0.77,0.64,1.04,1.83,2.50,-4.08,43.82,-17.42,1
e,2022-11-01 17:21:39.942910,-0.06,-0.77,0.64,1.10,1.89,2.32,-4.74,43.85,-16.21,1
e,2022-11-01 17:21:39.943099,-0.06,-0.77,0.64,1.10,2.08,2.32,-4.74,43.85,-16.21,1
e,2022-11-01 17:21:39.943278,-0.06,-0.77,0.64,1.16,2.01,2.56,-4.74,43.85,-16.21,1
e,2022-11-01 17:21:39.943454,-0.06,-0.77,0.64,1.04,1.95,2.38,-4.14,43.97,-17.91,1
e,2022-11-01 17:21:39.943639,-0.06,-0.77,0.64,0.98,1.89,2.50,-4.14,43.97,-17.91,1
e,2022-11-01 17:21:39.943814,-0.06,-0.77,0.64,1.10,1.77,2.44,-4.14,43.97,-17.91,1
e,2022-11-01 17:21:39.943994,-0.06,-0.77,0.64,1.34,1.59,2.50,-4.24,43.91,-16.83,1
e,2022-11-01 17:21:39.944166,-0.06,-0.77,0.64,1.10,1.83,2.50,-4.24,43.91,-16.83,1
e,2022-11-01 17:21:39.944340,-0.06,-0.77,0.64,1.16,1.77,2.62,-4.11,44.02,-17.07,1
e,2022-11-01 17:21:39.944518,-0.06,-0.77,0.64,0.92,1.83,2.32,-4.11,44.02,-17.07,1
e,2022-11-01 17:21:39.944692,-0.06,-0.77,0.64,1.04,1.89,2.44,-4.11,44.02,-17.07,1
e,2022-11-01 17:21:39.944873,-0.06,-0.77,0.64,1.10,1.89,2.38,-4.03,44.18,-17.43,1
e,2022-11-01 17:21:39.945046,-0.06,-0.77,0.64,0.79,1.89,2.44,-4.03,44.18,-17.43,1
e,2022-11-01 17:21:39.945220,-0.06,-0.77,0.64,0.98,1.83,2.56,-4.03,44.18,-17.43,1
e,2022-11-01 17:21:39.945405,-0.06,-0.77,0.64,1.16,1.77,2.38,-4.44,44.18,-17.09,1
e,2022-11-01 17:21:39.945578,-0.06,-0.77,0.64,1.04,1.83,2.44,-4.44,44.18,-17.09,1
e,2022-11-01 17:21:39.945758,-0.06,-0.77,0.64,1.10,1.89,2.38,-4.44,44.18,-17.09,1
e,2022-11-01 17:21:39.945931,-0.06,-0.77,0.64,1.16,1.71,2.32,-3.43,44.07,-16.17,1
e,2022-11-01 17:21:39.946122,-0.07,-0.77,0.64,1.10,1.83,2.38,-3.43,44.07,-16.17,1
e,2022-11-01 17:21:39.946295,-0.06,-0.77,0.64,1.16,1.95,2.50,-3.61,43.93,-16.52,1
e,2022-11-01 17:21:39.946471,-0.06,-0.77,0.64,1.10,1.77,2.44,-3.61,43.93,-16.52,1
e,2022-11-01 17:21:39.946653,-0.06,-0.77,0.64,0.98,1.83,2.32,-3.61,43.93,-16.52,1
e,2022-11-01 17:21:39.946827,-0.06,-0.77,0.64,1.34,1.89,2.50,-3.77,43.96,-15.80,1
e,2022-11-01 17:21:39.947005,-0.06,-0.77,0.64,1.16,1.95,2.32,-3.77,43.96,-15.80,1
e,2022-11-01 17:21:39.947177,-0.06,-0.77,0.64,1.10,1.89,2.69,-3.77,43.96,-15.80,1
e,2022-11-01 17:21:39.947348,-0.06,-0.77,0.64,0.98,1.83,2.44,-4.17,43.90,-16.59,1
e,2022-11-01 17:21:39.947526,-0.06,-0.77,0.64,0.98,1.83,2.56,-4.17,43.90,-16.59,1
e,2022-11-01 17:21:39.947697,-0.06,-0.77,0.64,1.04,1.77,2.44,-4.17,43.90,-16.59,1
e,2022-11-01 17:21:39.947874,-0.06,-0.77,0.64,1.10,2.08,2.44,-3.78,44.52,-15.91,1
e,2022-11-01 17:21:39.948047,-0.06,-0.77,0.64,1.10,1.95,2.38,-3.78,44.52,-15.91,1
e,2022-11-01 17:21:39.948218,-0.06,-0.77,0.64,1.16,2.01,2.56,-4.02,44.26,-16.76,1
e,2022-11-01 17:21:39.948394,-0.06,-0.77,0.64,0.98,1.89,2.38,-4.02,44.26,-16.76,1
e,2022-11-01 17:21:39.948565,-0.06,-0.77,0.64,1.10,1.95,2.38,-4.02,44.26,-16.76,1
e,2022-11-01 17:21:39.948740,-0.06,-0.77,0.64,1.16,2.01,2.44,-4.04,43.74,-16.41,1
e,2022-11-01 17:21:39.948908,-0.06,-0.77,0.64,1.04,1.77,2.44,-4.04,43.74,-16.41,1
e,2022-11-01 17:21:39.949083,-0.06,-0.77,0.64,1.40,1.71,2.56,-4.04,43.74,-16.41,1
e,2022-11-01 17:21:39.949252,-0.06,-0.77,0.64,0.98,1.95,2.50,-3.91,43.91,-17.69,1
e,2022-11-01 17:21:39.949423,-0.06,-0.77,0.64,1.16,1.89,2.44,-3.91,43.91,-17.69,1
e,2022-11-01 17:21:39.949598,-0.06,-0.77,0.64,1.10,1.89,2.56,-3.91,43.91,-17.69,1
e,2022-11-01 17:21:39.949769,-0.06,-0.77,0.64,1.04,1.83,2.38,-3.86,43.87,-16.38,1
e,2022-11-01 17:21:39.949949,-0.06,-0.77,0.64,1.04,1.65,2.38,-3.86,43.87,-16.38,1
e,2022-11-01 17:21:39.950118,-0.06,-0.77,0.64,0.98,1.95,2.50,-3.86,43.49,-15.55,1
e,2022-11-01 17:21:39.950289,-0.06,-0.77,0.64,0.92,1.77,2.38,-3.86,43.49,-15.55,1
e,2022-11-01 17:21:39.950517,-0.06,-0.77,0.64,1.16,1.83,2.56,-3.86,43.49,-15.55,1
e,2022-11-01 17:21:39.950690,-0.06,-0.77,0.64,1.10,1.89,2.56,-3.19,43.77,-16.64,1
e,2022-11-01 17:21:39.950869,-0.06,-0.77,0.64,1.22,2.01,2.44,-3.19,43.77,-16.64,1
e,2022-11-01 17:21:39.951038,-0.06,-0.77,0.64,1.16,2.01,2.44,-3.19,43.77,-16.64,1
e,2022-11-01 17:21:39.951208,-0.06,-0.77,0.64,0.98,1.83,2.50,-4.14,43.96,-17.04,1
e,2022-11-01 17:21:39.951385,-0.06,-0.77,0.64,1.04,1.89,2.50,-4.14,43.96,-17.04,1
e,2022-11-01 17:21:39.951557,-0.06,-0.77,0.64,1.16,1.89,2.38,-4.14,43.96,-17.04,1
e,2022-11-01 17:21:39.951732,-0.06,-0.77,0.64,1.10,1.89,2.32,-3.69,44.54,-16.94,1
e,2022-11-01 17:21:39.951904,-0.06,-0.77,0.64,1.10,1.89,2.50,-3.69,44.54,-16.94,1
e,2022-11-01 17:21:39.952078,-0.06,-0.77,0.64,1.16,2.01,2.50,-4.02,43.66,-17.31,1
e,2022-11-01 17:21:39.952251,-0.06,-0.77,0.64,1.04,1.71,2.26,-4.02,43.66,-17.31,1
e,2022-11-01 17:21:39.952423,-0.06,-0.77,0.64,1.10,1.95,2.44,-4.02,43.66,-17.31,1
e,2022-11-01 17:21:39.952599,-0.06,-0.77,0.64,1.04,1.89,2.26,-3.50,43.62,-17.11,1
e,2022-11-01 17:21:39.952769,-0.06,-0.77,0.64,1.10,1.89,2.44,-3.50,43.62,-17.11,1
e,2022-11-01 17:21:39.952945,-0.06,-0.77,0.64,1.28,1.71,2.38,-3.50,43.62,-17.11,1
e,2022-11-01 17:21:39.953115,-0.06,-0.77,0.64,1.10,1.89,2.38,-3.83,43.25,-17.33,1
e,2022-11-01 17:21:39.953287,-0.06,-0.77,0.64,1.04,1.89,2.38,-3.83,43.25,-17.33,1
e,2022-11-01 17:21:39.953463,-0.06,-0.77,0.64,1.10,2.08,2.50,-3.83,43.25,-17.33,1
e,2022-11-01 17:21:39.953633,-0.06,-0.77,0.64,0.98,1.77,2.38,-3.33,43.37,-16.65,1
e,2022-11-01 17:21:39.953810,-0.06,-0.77,0.64,1.16,1.89,2.56,-3.33,43.37,-16.65,1
e,2022-11-01 17:21:39.953981,-0.06,-0.77,0.64,1.16,1.83,2.44,-3.80,43.69,-16.82,1
e,2022-11-01 17:21:39.954151,-0.06,-0.77,0.64,1.22,1.83,2.50,-3.80,43.69,-16.82,1
e,2022-11-01 17:21:39.954327,-0.06,-0.77,0.64,1.10,2.01,2.44,-3.80,43.69,-16.82,1
e,2022-11-01 17:21:39.954498,-0.06,-0.77,0.64,1.04,1.89,2.44,-3.31,44.34,-18.15,1
e,2022-11-01 17:21:39.954676,-0.06,-0.77,0.64,1.04,1.95,2.44,-3.31,44.34,-18.15,1
e,2022-11-01 17:21:39.954846,-0.06,-0.77,0.64,1.10,1.95,2.44,-3.31,44.34,-18.15,1
e,2022-11-01 17:21:39.955020,-0.06,-0.77,0.64,1.10,1.95,2.50,-4.33,43.97,-18.36,1
e,2022-11-01 17:21:39.955191,-0.06,-0.77,0.64,0.85,2.01,2.50,-4.33,43.97,-18.36,1
e,2022-11-01 17:21:39.955363,-0.06,-0.77,0.64,1.28,1.95,2.38,-4.33,43.97,-18.36,1
e,2022-11-01 17:21:39.955542,-0.06,-0.77,0.64,0.92,1.95,2.44,-3.61,44.12,-16.50,1
e,2022-11-01 17:21:39.955716,-0.06,-0.77,0.64,1.16,2.01,2.69,-3.61,44.12,-16.50,1
e,2022-11-01 17:21:39.955896,-0.06,-0.77,0.64,1.16,1.83,2.50,-3.91,44.10,-17.35,1
e,2022-11-01 17:21:39.956070,-0.06,-0.77,0.64,1.10,2.08,2.44,-3.91,44.10,-17.35,1
e,2022-11-01 17:21:39.956243,-0.06,-0.77,0.64,1.10,1.95,2.50,-3.91,44.10,-17.35,1
e,2022-11-01 17:21:39.956423,-0.06,-0.77,0.64,1.16,1.89,2.50,-3.66,44.35,-16.37,1
e,2022-11-01 17:21:39.956593,-0.07,-0.77,0.64,0.85,1.83,2.50,-3.66,44.35,-16.37,1
e,2022-11-01 17:21:39.956771,-0.06,-0.77,0.64,1.28,1.89,2.38,-3.66,44.35,-16.37,1
e,2022-11-01 17:21:39.956939,-0.06,-0.77,0.64,1.04,1.83,2.32,-3.78,44.10,-16.75,1
e,2022-11-01 17:21:39.957114,-0.06,-0.77,0.64,1.22,1.95,2.56,-3.78,44.10,-16.75,1
e,2022-11-01 17:21:39.957287,-0.06,-0.77,0.64,1.22,1.95,2.32,-3.78,44.10,-16.75,1
e,2022-11-01 17:21:39.957459,-0.06,-0.77,0.64,0.92,1.83,2.32,-3.53,44.10,-15.82,1
e,2022-11-01 17:21:39.957634,-0.06,-0.77,0.64,1.04,1.83,2.38,-3.53,44.10,-15.82,1
e,2022-11-01 17:21:39.957806,-0.06,-0.77,0.64,1.10,1.89,2.50,-3.97,44.13,-16.75,1
e,2022-11-01 17:21:39.957981,-0.06,-0.77,0.64,0.92,2.01,2.26,-3.97,44.13,-16.75,1
e,2022-11-01 17:21:39.958154,-0.06,-0.77,0.64,1.04,1.83,2.50,-3.97,44.13,-16.75,1
e,2022-11-01 17:21:39.958328,-0.06,-0.77,0.64,1.10,1.95,2.50,-3.56,43.97,-17.57,1
e,2022-11-01 17:21:39.958502,-0.06,-0.77,0.64,1.10,1.89,2.32,-3.56,43.97,-17.57,1
e,2022-11-01 17:21:39.958675,-0.06,-0.77,0.64,1.46,1.89,2.50,-3.56,43.97,-17.57,1
e,2022-11-01 17:21:39.958851,-0.06,-0.77,0.64,1.04,1.71,2.26,-4.04,44.42,-17.97,1
e,2022-11-01 17:21:39.959021,-0.06,-0.77,0.64,1.22,2.01,2.50,-4.04,44.42,-17.97,1
e,2022-11-01 17:21:39.959192,-0.06,-0.77,0.64,0.85,1.95,2.50,-4.04,44.42,-17.97,1
e,2022-11-01 17:21:39.959388,-0.06,-0.77,0.64,1.16,1.89,2.62,-3.59,44.35,-16.33,1
e,2022-11-01 17:21:39.959560,-0.06,-0.77,0.64,1.10,1.89,2.62,-3.59,44.35,-16.33,1
e,2022-11-01 17:21:39.959737,-0.06,-0.77,0.64,1.28,1.89,2.44,-3.69,44.36,-17.80,1
e,2022-11-01 17:21:39.959910,-0.06,-0.77,0.64,0.85,1.89,2.20,-3.69,44.36,-17.80,1
e,2022-11-01 17:21:39.960094,-0.06,-0.77,0.64,1.16,2.14,2.44,-3.69,44.36,-17.80,1
e,2022-11-01 17:21:39.960266,-0.06,-0.77,0.64,1.40,1.77,2.62,-3.55,44.34,-16.85,1
e,2022-11-01 17:21:39.960438,-0.06,-0.77,0.64,1.16,2.01,2.62,-3.55,44.34,-16.85,1
e,2022-11-01 17:21:39.960618,-0.06,-0.77,0.64,1.22,1.89,2.56,-3.55,44.34,-16.85,1
e,2022-11-01 17:21:39.960789,-0.06,-0.77,0.64,1.10,1.77,2.44,-4.10,44.65,-17.55,1
e,2022-11-01 17:21:39.961021,-0.06,-0.77,0.64,1.28,2.01,2.44,-4.10,44.65,-17.55,1
e,2022-11-01 17:21:39.961197,-0.06,-0.77,0.64,1.22,1.89,2.50,-4.10,44.65,-17.55,1
e,2022-11-01 17:21:39.961377,-0.06,-0.77,0.64,1.04,1.89,2.44,-3.77,44.30,-17.47,1
e,2022-11-01 17:21:39.961550,-0.06,-0.77,0.64,1.04,2.01,2.44,-3.77,44.30,-17.47,1
e,2022-11-01 17:21:39.961719,-0.06,-0.77,0.64,1.10,1.95,2.38,-3.75,43.91,-16.76,1
e,2022-11-01 17:21:39.961898,-0.06,-0.77,0.64,0.98,1.83,2.38,-3.75,43.91,-16.76,1
e,2022-11-01 17:21:39.962070,-0.06,-0.77,0.64,1.22,1.89,2.38,-3.75,43.91,-16.76,1
e,2022-11-01 17:21:39.962258,-0.06,-0.77,0.64,1.04,2.01,2.56,-3.70,43.62,-17.63,1
e,2022-11-01 17:21:39.962429,-0.06,-0.77,0.64,1.22,1.89,2.44,-3.70,43.62,-17.63,1
e,2022-11-01 17:21:39.962602,-0.06,-0.77,0.64,1.10,2.08,2.50,-3.70,43.62,-17.63,1
e,2022-11-01 17:21:39.962779,-0.06,-0.77,0.64,1.10,1.89,2.38,-4.26,43.86,-16.56,1
e,2022-11-01 17:21:39.962950,-0.06,-0.77,0.64,1.04,2.08,2.44,-4.26,43.86,-16.56,1
e,2022-11-01 17:21:39.963128,-0.06,-0.77,0.64,1.28,1.89,2.50,-4.26,43.86,-16.56,1
e,2022-11-01 17:21:39.963302,-0.06,-0.77,0.64,0.98,1.95,2.44,-3.76,43.97,-16.77,1
e,2022-11-01 17:21:39.963480,-0.06,-0.77,0.64,1.28,1.95,2.50,-3.76,43.97,-16.77,1
e,2022-11-01 17:21:39.963655,-0.06,-0.77,0.64,1.10,1.89,2.38,-3.80,43.76,-16.86,1
e,2022-11-01 17:21:39.963827,-0.06,-0.77,0.64,1.04,1.89,2.38,-3.80,43.76,-16.86,1
e,2022-11-01 17:21:39.964005,-0.06,-0.77,0.64,1.28,1.95,2.44,-3.80,43.76,-16.86,1
e,2022-11-01 17:21:39.964176,-0.06,-0.77,0.64,0.98,2.08,2.44,-4.25,43.52,-18.02,1
e,2022-11-01 17:21:39.964356,-0.06,-0.77,0.64,1.04,1.95,2.44,-4.25,43.52,-18.02,1
e,2022-11-01 17:21:39.964527,-0.06,-0.77,0.64,1.28,1.83,2.44,-4.25,43.52,-18.02,1
e,2022-11-01 17:21:39.964696,-0.06,-0.77,0.64,1.28,1.83,2.50,-4.25,44.19,-17.41,1
e,2022-11-01 17:21:39.964873,-0.06,-0.77,0.64,1.16,1.95,2.56,-4.25,44.19,-17.41,1
e,2022-11-01 17:21:39.965044,-0.06,-0.77,0.64,1.10,1.83,2.56,-4.25,44.19,-17.41,1
e,2022-11-01 17:21:39.965220,-0.06,-0.77,0.64,1.16,1.89,2.32,-4.26,43.86,-18.29,1
e,2022-11-01 17:21:39.965390,-0.06,-0.77,0.64,1.04,1.83,2.44,-4.26,43.86,-18.29,1
e,2022-11-01 17:21:39.965558,-0.06,-0.77,0.64,1.16,1.83,2.32,-3.81,44.40,-16.88,1
e,2022-11-01 17:21:39.965733,-0.06,-0.77,0.64,1.04,1.77,2.56,-3.81,44.40,-16.88,1
e,2022-11-01 17:21:39.965904,-0.06,-0.77,0.64,1.28,1.89,2.44,-3.81,44.40,-16.88,1
e,2022-11-01 17:21:39.966079,-0.06,-0.77,0.64,1.10,1.83,2.50,-4.02,43.85,-17.50,1
e,2022-11-01 17:21:39.966251,-0.06,-0.77,0.64,0.92,1.95,2.32,-4.02,43.85,-17.50,1
e,2022-11-01 17:21:39.966429,-0.06,-0.77,0.64,1.34,2.08,2.50,-4.02,43.85,-17.50,1
e,2022-11-01 17:21:39.966599,-0.06,-0.77,0.64,1.22,1.77,2.56,-4.21,44.01,-18.48,1
e,2022-11-01 17:21:39.966769,-0.06,-0.77,0.64,1.16,2.01,2.56,-4.21,44.01,-18.48,1
e,2022-11-01 17:21:39.966946,-0.06,-0.77,0.64,1.22,1.83,2.32,-4.21,44.01,-18.48,1
e,2022-11-01 17:21:39.967118,-0.06,-0.77,0.64,0.92,1.89,2.44,-3.76,44.30,-17.86,1
e,2022-11-01 17:21:39.967299,-0.06,-0.77,0.64,1.04,1.89,2.26,-3.76,44.30,-17.86,1
e,2022-11-01 17:21:39.967471,-0.06,-0.77,0.64,1.10,1.95,2.56,-4.04,44.74,-17.13,1
e,2022-11-01 17:21:39.967675,-0.06,-0.77,0.64,1.10,1.89,2.56,-4.04,44.74,-17.13,1
e,2022-11-01 17:21:39.967851,-0.06,-0.77,0.64,1.28,1.89,2.50,-4.04,44.74,-17.13,1
e,2022-11-01 17:21:39.968020,-0.06,-0.77,0.64,1.22,1.89,2.44,-4.46,44.04,-17.09,1
e,2022-11-01 17:21:39.968197,-0.06,-0.77,0.64,1.16,2.01,2.50,-4.46,44.04,-17.09,1
e,2022-11-01 17:21:39.968368,-0.06,-0.77,0.64,1.10,2.01,2.38,-4.46,44.04,-17.09,1
e,2022-11-01 17:21:39.968537,-0.06,-0.77,0.64,1.22,1.89,2.20,-4.33,44.49,-17.74,1
e,2022-11-01 17:21:39.968715,-0.06,-0.77,0.64,1.16,1.71,2.38,-4.33,44.49,-17.74,1
e,2022-11-01 17:21:39.968885,-0.06,-0.77,0.64,1.22,1.95,2.38,-4.33,44.49,-17.74,1
e,2022-11-01 17:21:39.969061,-0.06,-0.77,0.64,0.92,1.71,2.38,-4.38,44.59,-15.78,1
e,2022-11-01 17:21:39.969232,-0.06,-0.77,0.64,1.22,1.89,2.50,-4.38,44.59,-15.78,1
e,2022-11-01 17:21:39.969410,-0.06,-0.77,0.64,0.98,1.95,2.50,-4.53,44.49,-16.96,1
e,2022-11-01 17:21:39.969581,-0.06,-0.77,0.64,1.16,1.95,2.69,-4.53,44.49,-16.96,1
e,2022-11-01 17:21:39.969750,-0.06,-0.77,0.64,1.34,1.95,2.69,-4.53,44.49,-16.96,1
e,2022-11-01 17:21:39.969926,-0.06,-0.77,0.64,1.10,1.95,2.26,-3.96,44.35,-16.69,1
e,2022-11-01 17:21:39.970099,-0.06,-0.77,0.64,1.10,1.77,2.50,-3.96,44.35,-16.69,1
e,2022-11-01 17:21:39.970276,-0.06,-0.77,0.64,1.16,1.83,2.56,-3.96,44.35,-16.69,1
e,2022-11-01 17:21:39.970448,-0.06,-0.77,0.64,0.98,1.83,2.50,-4.53,43.86,-17.59,1
e,2022-11-01 17:21:39.970618,-0.06,-0.77,0.64,1.10,1.89,2.50,-4.53,43.86,-17.59,1
e,2022-11-01 17:21:39.970797,-0.06,-0.77,0.64,1.10,2.01,2.50,-4.53,43.86,-17.59,1
e,2022-11-01 17:21:39.970970,-0.06,-0.77,0.64,0.79,1.95,2.38,-3.86,44.24,-16.24,1
e,2022-11-01 17:21:39.971145,-0.06,-0.77,0.64,0.98,2.01,2.50,-3.86,44.24,-16.24,1
e,2022-11-01 17:21:39.971317,-0.06,-0.77,0.64,1.16,1.95,2.50,-4.38,44.13,-17.08,1
e,2022-11-01 17:21:39.971486,-0.06,-0.77,0.64,1.10,1.95,2.56,-4.38,44.13,-17.08,1
e,2022-11-01 17:21:39.971661,-0.06,-0.77,0.64,1.22,1.89,2.69,-4.38,44.13,-17.08,1
e,2022-11-01 17:21:39.971832,-0.06,-0.77,0.64,1.04,2.01,2.50,-3.99,44.14,-17.50,1
e,2022-11-01 17:21:39.972011,-0.06,-0.77,0.64,1.16,1.83,2.38,-3.99,44.14,-17.50,1
e,2022-11-01 17:21:39.972182,-0.06,-0.77,0.64,1.16,1.83,2.44,-3.99,44.14,-17.50,1
e,2022-11-01 17:21:39.972358,-0.06,-0.77,0.64,1.04,1.83,2.38,-4.16,43.59,-16.94,1
e,2022-11-01 17:21:39.972537,-0.06,-0.77,0.64,0.92,1.83,2.50,-4.16,43.59,-16.94,1
e,2022-11-01 17:21:39.972709,-0.06,-0.77,0.64,1.16,1.95,2.44,-4.16,43.59,-16.94,1
e,2022-11-01 17:21:39.972887,-0.06,-0.77,0.64,1.04,1.83,2.32,-3.83,44.42,-16.02,1
e,2022-11-01 17:21:39.973061,-0.06,-0.77,0.64,1.16,1.89,2.38,-3.83,44.42,-16.02,1
e,2022-11-01 17:21:39.973238,-0.06,-0.77,0.64,1.04,1.89,2.56,-4.46,44.19,-16.69,1
e,2022-11-01 17:21:39.973409,-0.06,-0.77,0.64,0.92,2.01,2.50,-4.46,44.19,-16.69,1
e,2022-11-01 17:21:39.973580,-0.06,-0.77,0.64,1.10,2.01,2.44,-4.46,44.19,-16.69,1
e,2022-11-01 17:21:39.973758,-0.06,-0.77,0.64,1.16,1.77,2.44,-4.06,44.30,-17.65,1
e,2022-11-01 17:21:39.973929,-0.06,-0.77,0.64,1.04,2.08,2.38,-4.06,44.30,-17.65,1
e,2022-11-01 17:21:39.974110,-0.06,-0.77,0.64,1.16,2.01,2.50,-4.06,44.30,-17.65,1
e,2022-11-01 17:21:39.974282,-0.06,-0.77,0.64,0.92,1.95,2.32,-4.14,44.19,-16.83,1
e,2022-11-01 17:21:39.974439,-0.06,-0.77,0.64,1.10,1.95,2.44,-4.14,44.19,-16.83,1
e,2022-11-01 17:21:39.974596,-0.06,-0.77,0.64,1.10,2.01,2.50,-4.14,44.19,-16.83,1
e,2022-11-01 17:21:39.974747,-0.06,-0.77,0.64,1.04,1.89,2.38,-3.72,43.69,-18.09,1
e,2022-11-01 17:21:39.974903,-0.06,-0.77,0.64,0.98,1.89,2.44,-3.72,43.69,-18.09,1
e,2022-11-01 17:21:39.975054,-0.06,-0.77,0.64,1.16,1.89,2.38,-4.38,43.96,-17.21,1
e,2022-11-01 17:21:39.975205,-0.06,-0.77,0.64,1.04,1.77,2.38,-4.38,43.96,-17.21,1
e,2022-11-01 17:21:39.975361,-0.06,-0.77,0.64,1.28,1.77,2.44,-4.38,43.96,-17.21,1
e,2022-11-01 17:21:39.975512,-0.06,-0.77,0.64,1.22,1.89,2.38,-3.17,44.02,-17.93,1
e,2022-11-01 17:21:39.975670,-0.06,-0.77,0.64,1.04,1.95,2.50,-3.17,44.02,-17.93,1
e,2022-11-01 17:21:39.975819,-0.06,-0.77,0.64,0.92,1.77,2.32,-3.17,44.02,-17.93,1
e,2022-11-01 17:21:39.975976,-0.06,-0.76,0.64,1.04,1.83,2.44,-3.97,44.03,-16.72,1
e,2022-11-01 17:21:39.976130,-0.06,-0.77,0.64,1.28,1.95,2.44,-3.97,44.03,-16.72,1
e,2022-11-01 17:21:39.976285,-0.06,-0.77,0.64,1.16,2.08,2.50,-3.97,44.03,-16.72,1
e,2022-11-01 17:21:39.976449,-0.06,-0.77,0.64,0.92,2.01,2.32,-3.98,44.57,-17.31,1
e,2022-11-01 17:21:39.976602,-0.06,-0.77,0.64,1.28,1.77,2.44,-3.98,44.57,-17.31,1
e,2022-11-01 17:21:39.976761,-0.06,-0.77,0.64,1.22,1.89,2.38,-3.78,43.90,-16.87,1
e,2022-11-01 17:21:39.976910,-0.06,-0.77,0.64,1.10,1.71,2.32,-3.78,43.90,-16.87,1
e,2022-11-01 17:21:39.977061,-0.06,-0.77,0.64,1.22,1.89,2.50,-3.78,43.90,-16.87,1
e,2022-11-01 17:21:39.977219,-0.06,-0.77,0.64,1.10,1.89,2.38,-3.96,43.92,-17.83,1
e,2022-11-01 17:21:39.977370,-0.06,-0.77,0.64,0.85,1.83,2.32,-3.96,43.92,-17.83,1
e,2022-11-01 17:21:39.977528,-0.06,-0.77,0.64,1.10,1.95,2.32,-3.96,43.92,-17.83,1
e,2022-11-01 17:21:39.977680,-0.06,-0.76,0.64,1.16,1.83,2.50,-4.52,44.40,-16.60,1
e,2022-11-01 17:21:39.977830,-0.06,-0.77,0.64,1.10,1.83,2.56,-4.52,44.40,-16.60,1
e,2022-11-01 17:21:39.977985,-0.06,-0.77,0.64,0.98,2.08,2.44,-4.52,44.40,-16.60,1
e,2022-11-01 17:21:39.978135,-0.06,-0.76,0.64,1.10,1.89,2.44,-4.08,44.32,-17.29,1
e,2022-11-01 17:21:39.978293,-0.06,-0.77,0.64,0.98,1.83,2.26,-4.08,44.32,-17.29,1
e,2022-11-01 17:21:39.978445,-0.06,-0.77,0.64,1.04,1.95,2.38,-3.97,44.37,-16.38,1
e,2022-11-01 17:21:39.978596,-0.06,-0.76,0.64,0.98,1.83,2.62,-3.97,44.37,-16.38,1
e,2022-11-01 17:21:39.978756,-0.06,-0.77,0.64,0.85,1.95,2.44,-3.97,44.37,-16.38,1
e,2022-11-01 17:21:39.978906,-0.06,-0.76,0.64,1.16,2.01,2.38,-4.06,44.87,-18.05,1
e,2022-11-01 17:21:39.979068,-0.06,-0.77,0.64,1.10,2.01,2.38,-4.06,44.87,-18.05,1
e,2022-11-01 17:21:39.979221,-0.06,-0.77,0.64,1.16,1.89,2.50,-4.06,44.87,-18.05,1
e,2022-11-01 17:21:39.979374,-0.06,-0.76,0.64,1.22,1.83,2.44,-3.78,44.48,-18.42,1
e,2022-11-01 17:21:39.979532,-0.06,-0.76,0.64,1.22,1.95,2.44,-3.78,44.48,-18.42,1
e,2022-11-01 17:21:39.979684,-0.06,-0.76,0.64,1.16,1.89,2.56,-3.78,44.48,-18.42,1
e,2022-11-01 17:21:39.979848,-0.06,-0.76,0.64,1.28,1.77,2.44,-3.71,44.13,-16.54,1
e,2022-11-01 17:21:39.980000,-0.06,-0.77,0.64,1.22,2.08,2.56,-3.71,44.13,-16.54,1
e,2022-11-01 17:21:39.980163,-0.06,-0.76,0.64,1.16,2.01,2.56,-4.13,44.02,-17.40,1
e,2022-11-01 17:21:39.980317,-0.06,-0.76,0.64,1.10,1.95,2.56,-4.13,44.02,-17.40,1
e,2022-11-01 17:21:39.980467,-0.06,-0.76,0.64,1.10,1.95,2.62,-4.13,44.02,-17.40,1
e,2022-11-01 17:21:39.980625,-0.06,-0.76,0.64,0.85,1.95,2.44,-3.81,44.75,-16.75,1
e,2022-11-01 17:21:39.980779,-0.06,-0.77,0.64,1.16,1.89,2.44,-3.81,44.75,-16.75,1
e,2022-11-01 17:21:39.980944,-0.06,-0.77,0.64,1.16,1.89,2.38,-3.81,44.75,-16.75,1
e,2022-11-01 17:21:39.981097,-0.06,-0.76,0.64,1.16,1.83,2.44,-4.28,44.07,-17.80,1
e,2022-11-01 17:21:39.981250,-0.06,-0.76,0.64,1.10,1.95,2.50,-4.28,44.07,-17.80,1
e,2022-11-01 17:21:39.981410,-0.06,-0.76,0.64,1.16,2.14,2.44,-4.28,44.07,-17.80,1
e,2022-11-01 17:21:39.981566,-0.06,-0.76,0.65,1.04,1.95,2.26,-4.22,43.95,-17.07,1
e,2022-11-01 17:21:39.981727,-0.06,-0.76,0.64,1.34,1.89,2.56,-4.22,43.95,-17.07,1
e,2022-11-01 17:21:39.981878,-0.06,-0.76,0.64,1.04,2.01,2.32,-4.33,44.02,-16.61,1
e,2022-11-01 17:21:39.982028,-0.06,-0.76,0.64,1.10,1.95,2.50,-4.33,44.02,-16.61,1
e,2022-11-01 17:21:39.982185,-0.06,-0.77,0.64,1.16,1.95,2.44,-4.33,44.02,-16.61,1
e,2022-11-01 17:21:39.982336,-0.06,-0.77,0.64,1.22,1.95,2.44,-4.02,44.69,-16.50,1
e,2022-11-01 17:21:39.982493,-0.06,-0.76,0.65,0.98,1.89,2.50,-4.02,44.69,-16.50,1
e,2022-11-01 17:21:39.982643,-0.06,-0.76,0.65,1.16,1.83,2.32,-4.02,44.69,-16.50,1
e,2022-11-01 17:21:39.982798,-0.06,-0.76,0.64,1.16,1.83,2.32,-3.98,44.25,-17.07,1
e,2022-11-01 17:21:39.982949,-0.06,-0.76,0.64,1.16,2.01,2.44,-3.98,44.25,-17.07,1
e,2022-11-01 17:21:39.983099,-0.06,-0.76,0.64,1.22,2.01,2.62,-3.98,44.25,-17.07,1
e,2022-11-01 17:21:39.983254,-0.06,-0.76,0.64,0.79,1.89,2.38,-4.14,44.29,-15.94,1
e,2022-11-01 17:21:39.983404,-0.06,-0.76,0.64,1.10,1.77,2.56,-4.14,44.29,-15.94,1
e,2022-11-01 17:21:39.983559,-0.06,-0.77,0.65,0.92,1.95,2.50,-4.41,44.15,-16.24,1
e,2022-11-01 17:21:39.983734,-0.06,-0.76,0.64,1.04,1.95,2.32,-4.41,44.15,-16.24,1
e,2022-11-01 17:21:39.983883,-0.06,-0.76,0.64,1.04,1.89,2.26,-4.41,44.15,-16.24,1
e,2022-11-01 17:21:39.984037,-0.06,-0.77,0.65,1.04,1.89,2.56,-4.85,44.21,-17.20,1
e,2022-11-01 17:21:39.984187,-0.06,-0.76,0.64,0.92,1.89,2.56,-4.85,44.21,-17.20,1
e,2022-11-01 17:21:39.984341,-0.06,-0.76,0.65,1.16,2.01,2.44,-4.85,44.21,-17.20,1
e,2022-11-01 17:21:39.984491,-0.06,-0.76,0.64,1.04,1.71,2.44,-3.87,43.91,-16.03,1
e,2022-11-01 17:21:39.984648,-0.06,-0.76,0.64,1.10,1.89,2.62,-3.87,43.91,-16.03,1
e,2022-11-01 17:21:39.984802,-0.06,-0.76,0.65,1.16,1.95,2.50,-3.87,43.91,-16.03,1
e,2022-11-01 17:21:39.984952,-0.06,-0.76,0.64,0.98,1.77,2.44,-3.37,43.84,-16.32,1
e,2022-11-01 17:21:39.985108,-0.06,-0.76,0.65,1.34,1.95,2.56,-3.37,43.84,-16.32,1
e,2022-11-01 17:21:39.985259,-0.06,-0.76,0.64,1.10,1.89,2.44,-3.97,43.84,-16.82,1
e,2022-11-01 17:21:39.985415,-0.06,-0.76,0.65,1.04,1.95,2.32,-3.97,43.84,-16.82,1
e,2022-11-01 17:21:39.985564,-0.06,-0.76,0.64,1.04,1.89,2.44,-3.97,43.84,-16.82,1
e,2022-11-01 17:21:39.985715,-0.06,-0.76,0.64,1.10,1.95,2.44,-4.27,44.18,-18.57,1
e,2022-11-01 17:21:39.985872,-0.06,-0.76,0.65,1.22,1.77,2.50,-4.27,44.18,-18.57,1
e,2022-11-01 17:21:39.986023,-0.06,-0.76,0.64,1.10,2.01,2.62,-4.27,44.18,-18.57,1
e,2022-11-01 17:21:39.986181,-0.06,-0.76,0.65,1.28,1.83,2.38,-4.02,44.36,-17.47,1
e,2022-11-01 17:21:39.986331,-0.06,-0.76,0.65,1.10,2.01,2.44,-4.02,44.36,-17.47,1
e,2022-11-01 17:21:39.986481,-0.06,-0.76,0.64,1.16,1.89,2.44,-4.02,44.36,-17.47,1
e,2022-11-01 17:21:39.986636,-0.06,-0.76,0.65,1.16,1.83,2.38,-4.41,44.24,-16.50,1
e,2022-11-01 17:21:39.986786,-0.06,-0.76,0.65,1.22,1.77,2.32,-4.41,44.24,-16.50,1
e,2022-11-01 17:21:39.986943,-0.06,-0.76,0.64,1.04,1.95,2.50,-4.02,44.15,-15.55,1
e,2022-11-01 17:21:39.987095,-0.06,-0.76,0.65,0.92,1.89,2.38,-4.02,44.15,-15.55,1
e,2022-11-01 17:21:39.987246,-0.06,-0.76,0.65,1.34,1.83,2.50,-4.02,44.15,-15.55,1
e,2022-11-01 17:21:39.987402,-0.06,-0.76,0.65,1.28,1.71,2.38,-3.49,44.12,-17.31,1
e,2022-11-01 17:21:39.987552,-0.06,-0.76,0.65,1.16,1.95,2.50,-3.49,44.12,-17.31,1
e,2022-11-01 17:21:39.987709,-0.06,-0.76,0.65,1.04,1.95,2.44,-3.49,44.12,-17.31,1
e,2022-11-01 17:21:39.987859,-0.06,-0.76,0.64,0.98,1.95,2.32,-4.05,44.06,-17.57,1
e,2022-11-01 17:21:39.988015,-0.06,-0.76,0.65,1.16,1.95,2.56,-4.05,44.06,-17.57,1
e,2022-11-01 17:21:39.988167,-0.06,-0.76,0.65,1.46,1.83,2.56,-4.05,44.06,-17.57,1
e,2022-11-01 17:21:39.988321,-0.06,-0.76,0.65,1.04,1.83,2.38,-4.38,44.62,-17.38,1
e,2022-11-01 17:21:39.988479,-0.06,-0.76,0.65,1.10,2.01,2.50,-4.38,44.62,-17.38,1
e,2022-11-01 17:21:39.988632,-0.06,-0.76,0.65,1.04,1.89,2.44,-3.96,44.82,-17.47,1
e,2022-11-01 17:21:39.988791,-0.06,-0.76,0.65,1.04,1.83,2.56,-3.96,44.82,-17.47,1
e,2022-11-01 17:21:39.988940,-0.06,-0.76,0.64,1.22,1.89,2.62,-3.96,44.82,-17.47,1
e,2022-11-01 17:21:39.989093,-0.06,-0.76,0.65,1.28,1.83,2.56,-4.48,44.36,-18.33,1
e,2022-11-01 17:21:39.989253,-0.06,-0.76,0.65,1.16,1.89,2.56,-4.48,44.36,-18.33,1
e,2022-11-01 17:21:39.989404,-0.06,-0.76,0.65,1.22,1.83,2.50,-4.48,44.36,-18.33,1
e,2022-11-01 17:21:39.989565,-0.06,-0.76,0.64,1.16,1.89,2.56,-4.04,44.51,-17.77,1
e,2022-11-01 17:21:39.989717,-0.06,-0.76,0.65,1.28,1.83,2.38,-4.04,44.51,-17.77,1
e,2022-11-01 17:21:39.989867,-0.06,-0.76,0.65,1.16,1.95,2.50,-4.04,44.51,-17.77,1
e,2022-11-01 17:21:39.990024,-0.06,-0.76,0.65,1.16,1.83,2.50,-4.38,44.23,-16.89,1
e,2022-11-01 17:21:39.990176,-0.06,-0.76,0.65,0.98,1.95,2.62,-4.38,44.23,-16.89,1
e,2022-11-01 17:21:39.990335,-0.06,-0.76,0.65,1.28,1.95,2.50,-3.67,44.03,-16.97,1
e,2022-11-01 17:21:39.990488,-0.06,-0.76,0.65,1.22,2.01,2.56,-3.67,44.03,-16.97,1
e,2022-11-01 17:21:39.990640,-0.06,-0.76,0.64,1.10,1.83,2.44,-3.67,44.03,-16.97,1
e,2022-11-01 17:21:39.990796,-0.06,-0.76,0.64,1.10,2.01,2.44,-3.82,44.24,-16.93,1
e,2022-11-01 17:21:39.990947,-0.06,-0.76,0.65,1.04,1.95,2.50,-3.82,44.24,-16.93,1
e,2022-11-01 17:21:39.991103,-0.06,-0.76,0.65,1.10,1.89,2.44,-3.82,44.24,-16.93,1
e,2022-11-01 17:21:39.991253,-0.06,-0.76,0.65,1.10,1.89,2.44,-4.16,44.58,-16.38,1
e,2022-11-01 17:21:39.991412,-0.06,-0.76,0.65,1.10,1.77,2.32,-4.16,44.58,-16.38,1
e,2022-11-01 17:21:39.991565,-0.06,-0.76,0.65,1.10,1.83,2.62,-4.16,44.58,-16.38,1
e,2022-11-01 17:21:39.991720,-0.06,-0.76,0.65,1.04,1.77,2.32,-3.45,44.18,-16.93,1
e,2022-11-01 17:21:39.991905,-0.06,-0.76,0.65,0.98,1.83,2.32,-3.45,44.18,-16.93,1
e,2022-11-01 17:21:39.992058,-0.06,-0.76,0.65,1.16,1.89,2.38,-3.45,44.36,-16.72,1
e,2022-11-01 17:21:39.992215,-0.06,-0.76,0.65,1.16,1.95,2.38,-3.45,44.36,-16.72,1
e,2022-11-01 17:21:39.992366,-0.06,-0.76,0.65,1.22,1.95,2.50,-3.45,44.36,-16.72,1
e,2022-11-01 17:21:39.992519,-0.06,-0.76,0.65,1.04,1.95,2.32,-3.67,44.60,-15.82,1
e,2022-11-01 17:21:39.992673,-0.06,-0.76,0.65,1.16,1.77,2.20,-3.67,44.60,-15.82,1
e,2022-11-01 17:21:39.992822,-0.06,-0.76,0.65,0.92,1.95,2.50,-3.67,44.60,-15.82,1
e,2022-11-01 17:21:39.992977,-0.06,-0.76,0.65,0.98,1.77,2.26,-3.64,44.65,-17.65,1
e,2022-11-01 17:21:39.993127,-0.06,-0.76,0.65,1.10,1.83,2.56,-3.64,44.65,-17.65,1
e,2022-11-01 17:21:39.993282,-0.06,-0.76,0.65,1.16,1.83,2.56,-3.64,44.65,-17.65,1
e,2022-11-01 17:21:39.993433,-0.06,-0.76,0.65,0.92,1.95,2.44,-3.80,43.90,-16.82,1
e,2022-11-01 17:21:39.993585,-0.06,-0.76,0.65,0.98,2.08,2.50,-3.80,43.90,-16.82,1
e,2022-11-01 17:21:39.993740,-0.06,-0.76,0.65,0.98,1.77,2.50,-4.39,44.31,-18.04,1
e,2022-11-01 17:21:39.993892,-0.06,-0.76,0.65,1.10,1.77,2.32,-4.39,44.31,-18.04,1
e,2022-11-01 17:21:39.994048,-0.06,-0.76,0.65,0.92,1.89,2.26,-4.39,44.31,-18.04,1
e,2022-11-01 17:21:39.994199,-0.06,-0.76,0.65,1.16,1.95,2.50,-4.13,43.65,-16.04,1
e,2022-11-01 17:21:39.994349,-0.06,-0.76,0.65,1.04,1.89,2.32,-4.13,43.65,-16.04,1
e,2022-11-01 17:21:39.994503,-0.06,-0.76,0.65,1.22,1.83,2.69,-4.13,43.65,-16.04,1
e,2022-11-01 17:21:39.994653,-0.06,-0.76,0.65,0.92,2.01,2.26,-4.15,43.79,-17.38,1
e,2022-11-01 17:21:39.994808,-0.06,-0.76,0.65,1.28,1.95,2.56,-4.15,43.79,-17.38,1
e,2022-11-01 17:21:39.994958,-0.06,-0.76,0.65,1.10,2.01,2.56,-4.15,43.79,-17.38,1
e,2022-11-01 17:21:39.995111,-0.06,-0.76,0.65,0.92,1.95,2.38,-4.02,44.37,-17.19,1
e,2022-11-01 17:21:39.995263,-0.06,-0.76,0.65,1.28,1.83,2.44,-4.02,44.37,-17.19,1
e,2022-11-01 17:21:39.995412,-0.06,-0.76,0.65,1.16,1.89,2.50,-3.76,44.09,-18.86,1
e,2022-11-01 17:21:39.995566,-0.06,-0.76,0.65,1.34,1.71,2.50,-3.76,44.09,-18.86,1
e,2022-11-01 17:21:39.995716,-0.06,-0.76,0.65,1.16,1.95,2.38,-3.76,44.09,-18.86,1
e,2022-11-01 17:21:39.995870,-0.06,-0.76,0.65,1.04,1.83,2.56,-3.92,44.13,-17.55,1
e,2022-11-01 17:21:39.996021,-0.06,-0.76,0.65,1.22,1.95,2.56,-3.92,44.13,-17.55,1
e,2022-11-01 17:21:39.996173,-0.06,-0.76,0.65,1.22,1.83,2.44,-3.92,44.13,-17.55,1
e,2022-11-01 17:21:39.996397,-0.06,-0.76,0.65,1.10,1.71,2.44,-4.32,44.12,-17.74,1
e,2022-11-01 17:21:39.996550,-0.06,-0.76,0.65,0.98,1.77,2.62,-4.32,44.12,-17.74,1
e,2022-11-01 17:21:39.996716,-0.06,-0.76,0.65,1.10,1.89,2.38,-4.32,44.12,-17.74,1
e,2022-11-01 17:21:39.996869,-0.06,-0.76,0.65,1.16,1.77,2.32,-4.19,43.98,-17.57,1
e,2022-11-01 17:21:39.997021,-0.06,-0.76,0.65,1.28,1.71,2.56,-4.19,43.98,-17.57,1
e,2022-11-01 17:21:39.997177,-0.06,-0.76,0.65,1.16,1.89,2.38,-4.72,44.06,-16.54,1
e,2022-11-01 17:21:39.997329,-0.06,-0.76,0.65,1.16,1.95,2.38,-4.72,44.06,-16.54,1
e,2022-11-01 17:21:39.997542,-0.06,-0.76,0.65,1.16,1.83,2.44,-4.72,44.06,-16.54,1
e,2022-11-01 17:21:39.997694,-0.06,-0.76,0.65,1.10,1.89,2.38,-4.25,44.41,-17.58,1
e,2022-11-01 17:21:39.997849,-0.06,-0.76,0.65,1.16,1.95,2.44,-4.25,44.41,-17.58,1
e,2022-11-01 17:21:39.998002,-0.06,-0.76,0.65,1.10,1.95,2.38,-4.25,44.41,-17.58,1
e,2022-11-01 17:21:39.998154,-0.06,-0.76,0.65,1.10,1.89,2.44,-4.13,44.03,-17.02,1
e,2022-11-01 17:21:39.998324,-0.06,-0.76,0.65,1.22,1.95,2.56,-4.13,44.03,-17.02,1
e,2022-11-01 17:21:39.998473,-0.06,-0.76,0.65,1.28,1.77,2.56,-4.13,44.03,-17.02,1
e,2022-11-01 17:21:39.998630,-0.06,-0.76,0.65,1.10,1.89,2.44,-4.31,44.25,-17.86,1
e,2022-11-01 17:21:39.998784,-0.06,-0.76,0.65,1.40,1.95,2.50,-4.31,44.25,-17.86,1
e,2022-11-01 17:21:39.998961,-0.06,-0.76,0.65,1.22,1.95,2.69,-4.11,44.27,-17.20,1
e,2022-11-01 17:21:39.999119,-0.06,-0.76,0.65,0.98,2.01,2.50,-4.11,44.27,-17.20,1
e,2022-11-01 17:21:39.999272,-0.06,-0.76,0.65,1.22,1.89,2.50,-4.11,44.27,-17.20,1
e,2022-11-01 17:21:39.999430,-0.06,-0.76,0.65,1.10,1.89,2.38,-3.44,44.25,-17.63,1
e,2022-11-01 17:21:39.999583,-0.06,-0.76,0.65,1.10,1.83,2.38,-3.44,44.25,-17.63,1
e,2022-11-01 17:21:39.999734,-0.06,-0.76,0.65,1.10,2.01,2.38,-3.44,44.25,-17.63,1
e,2022-11-01 17:21:39.999897,-0.06,-0.76,0.65,1.10,1.83,2.50,-4.02,44.48,-16.99,1
e,2022-11-01 17:21:40.000049,-0.06,-0.76,0.65,1.10,1.83,2.44,-4.02,44.48,-16.99,1
e,2022-11-01 17:21:40.000209,-0.06,-0.76,0.65,1.04,2.01,2.38,-4.02,44.48,-16.99,1
e,2022-11-01 17:21:40.000364,-0.06,-0.76,0.65,0.98,1.77,2.32,-3.85,44.25,-16.99,1
e,2022-11-01 17:21:40.000524,-0.06,-0.76,0.65,1.28,2.01,2.62,-3.85,44.25,-16.99,1
e,2022-11-01 17:21:40.000679,-0.06,-0.76,0.65,1.10,1.89,2.56,-4.26,44.68,-17.46,1
e,2022-11-01 17:21:40.000830,-0.06,-0.76,0.65,0.98,1.89,2.14,-4.26,44.68,-17.46,1
e,2022-11-01 17:21:40.000989,-0.06,-0.76,0.65,1.10,1.95,2.38,-4.26,44.68,-17.46,1
e,2022-11-01 17:21:40.001140,-0.06,-0.76,0.65,1.04,1.77,2.38,-4.10,44.32,-18.70,1
e,2022-11-01 17:21:40.001299,-0.06,-0.76,0.65,1.04,2.01,2.44,-4.10,44.32,-18.70,1
e,2022-11-01 17:21:40.001449,-0.06,-0.76,0.65,0.92,2.01,2.38,-4.10,44.32,-18.70,1
e,2022-11-01 17:21:40.001600,-0.06,-0.76,0.65,1.16,1.83,2.44,-4.02,44.34,-17.33,1
e,2022-11-01 17:21:40.001755,-0.06,-0.76,0.65,1.04,2.01,2.38,-4.02,44.34,-17.33,1
e,2022-11-01 17:21:40.001907,-0.06,-0.76,0.65,1.22,1.83,2.56,-4.02,44.34,-17.33,1
e,2022-11-01 17:21:40.002064,-0.06,-0.76,0.65,0.98,1.71,2.32,-3.88,44.17,-16.83,1
e,2022-11-01 17:21:40.002214,-0.06,-0.76,0.65,1.04,2.01,2.50,-3.88,44.17,-16.83,1
e,2022-11-01 17:21:40.002370,-0.06,-0.76,0.65,1.16,1.89,2.50,-4.19,44.47,-16.65,1
e,2022-11-01 17:21:40.002526,-0.06,-0.76,0.65,1.10,1.95,2.50,-4.19,44.47,-16.65,1
e,2022-11-01 17:21:40.002677,-0.06,-0.76,0.65,1.16,1.89,2.50,-4.19,44.47,-16.65,1
e,2022-11-01 17:21:40.002834,-0.06,-0.76,0.65,1.10,1.89,2.32,-3.53,44.65,-17.52,1
e,2022-11-01 17:21:40.002986,-0.06,-0.76,0.65,1.10,1.89,2.44,-3.53,44.65,-17.52,1
e,2022-11-01 17:21:40.003137,-0.06,-0.76,0.65,0.92,1.83,2.32,-3.53,44.65,-17.52,1
e,2022-11-01 17:21:40.003293,-0.06,-0.76,0.65,1.10,1.89,2.44,-4.31,44.35,-17.15,1
e,2022-11-01 17:21:40.003445,-0.06,-0.76,0.65,1.16,1.71,2.44,-4.31,44.35,-17.15,1
e,2022-11-01 17:21:40.003600,-0.06,-0.76,0.65,1.16,1.95,2.44,-4.31,44.35,-17.15,1
e,2022-11-01 17:21:40.003750,-0.06,-0.76,0.65,0.79,1.77,2.44,-4.15,43.97,-18.25,1
e,2022-11-01 17:21:40.003905,-0.06,-0.76,0.65,1.10,1.83,2.50,-4.15,43.97,-18.25,1
e,2022-11-01 17:21:40.004055,-0.06,-0.76,0.65,1.22,1.89,2.62,-3.94,44.34,-17.65,1
e,2022-11-01 17:21:40.004207,-0.06,-0.76,0.65,0.98,2.01,2.38,-3.94,44.34,-17.65,1
e,2022-11-01 17:21:40.004364,-0.06,-0.76,0.65,1.16,1.95,2.38,-3.94,44.34,-17.65,1
e,2022-11-01 17:21:40.004514,-0.06,-0.76,0.65,1.10,2.01,2.38,-4.10,44.06,-17.38,1
e,2022-11-01 17:21:40.004670,-0.06,-0.76,0.65,0.92,1.83,2.38,-4.10,44.06,-17.38,1
e,2022-11-01 17:21:40.004822,-0.06,-0.76,0.65,0.98,2.01,2.32,-4.10,44.06,-17.38,1
e,2022-11-01 17:21:40.004971,-0.06,-0.76,0.65,1.10,1.89,2.44,-4.57,44.57,-17.29,1
e,2022-11-01 17:21:40.005126,-0.06,-0.76,0.65,1.16,1.89,2.32,-4.57,44.57,-17.29,1
e,2022-11-01 17:21:40.005282,-0.06,-0.76,0.65,1.28,1.89,2.50,-4.57,44.57,-17.29,1
e,2022-11-01 17:21:40.005443,-0.06,-0.76,0.65,0.92,1.83,2.38,-4.28,43.80,-15.58,1
e,2022-11-01 17:21:40.005600,-0.06,-0.76,0.65,1.16,1.77,2.44,-4.28,43.80,-15.58,1
e,2022-11-01 17:21:40.005763,-0.06,-0.76,0.65,1.28,1.83,2.56,-4.32,43.66,-17.63,1
e,2022-11-01 17:21:40.005928,-0.06,-0.76,0.65,1.16,1.95,2.62,-4.32,43.66,-17.63,1
e,2022-11-01 17:21:40.006083,-0.06,-0.76,0.65,1.04,1.95,2.32,-4.32,43.66,-17.63,1
e,2022-11-01 17:21:40.006247,-0.06,-0.76,0.65,1.16,1.83,2.44,-3.91,44.40,-15.78,1
e,2022-11-01 17:21:40.006401,-0.06,-0.76,0.65,1.22,1.89,2.38,-3.91,44.40,-15.78,1
e,2022-11-01 17:21:40.006558,-0.06,-0.76,0.65,1.28,2.01,2.44,-3.91,44.40,-15.78,1
e,2022-11-01 17:21:40.006720,-0.06,-0.76,0.65,0.98,1.77,2.32,-4.14,44.06,-16.02,1
e,2022-11-01 17:21:40.006876,-0.06,-0.76,0.65,1.04,2.08,2.44,-4.14,44.06,-16.02,1
e,2022-11-01 17:21:40.007035,-0.06,-0.76,0.65,1.04,1.89,2.32,-4.14,44.06,-16.02,1
e,2022-11-01 17:21:40.007187,-0.06,-0.76,0.65,1.10,1.83,2.32,-3.63,44.74,-16.44,1
e,2022-11-01 17:21:40.007340,-0.06,-0.76,0.65,1.22,1.89,2.50,-3.63,44.74,-16.44,1
e,2022-11-01 17:21:40.007496,-0.06,-0.76,0.65,0.85,1.95,2.44,-3.28,44.17,-17.53,1
e,2022-11-01 17:21:40.007646,-0.06,-0.76,0.65,0.98,1.95,2.32,-3.28,44.17,-17.53,1
e,2022-11-01 17:21:40.007803,-0.06,-0.76,0.65,1.10,1.83,2.44,-3.28,44.17,-17.53,1
e,2022-11-01 17:21:40.007956,-0.06,-0.76,0.65,1.16,1.95,2.44,-3.91,44.09,-16.61,1
e,2022-11-01 17:21:40.008112,-0.06,-0.76,0.65,0.98,1.83,2.44,-3.91,44.09,-16.61,1
e,2022-11-01 17:21:40.008264,-0.06,-0.76,0.65,1.22,1.83,2.50,-3.91,44.09,-16.61,1
e,2022-11-01 17:21:40.008417,-0.06,-0.76,0.65,0.73,1.95,2.44,-4.02,44.58,-17.42,1
e,2022-11-01 17:21:40.008577,-0.06,-0.76,0.65,1.10,1.89,2.50,-4.02,44.58,-17.42,1
e,2022-11-01 17:21:40.008729,-0.06,-0.76,0.65,1.28,1.89,2.44,-4.02,44.58,-17.42,1
e,2022-11-01 17:21:40.008886,-0.06,-0.76,0.65,0.85,1.89,2.32,-3.77,44.13,-16.91,1
e,2022-11-01 17:21:40.009038,-0.06,-0.76,0.65,1.22,1.89,2.44,-3.77,44.13,-16.91,1
e,2022-11-01 17:21:40.009190,-0.06,-0.76,0.65,1.16,2.01,2.38,-3.45,44.80,-17.26,1
e,2022-11-01 17:21:40.009355,-0.06,-0.76,0.65,0.98,2.08,2.32,-3.45,44.80,-17.26,1
e,2022-11-01 17:21:40.009509,-0.06,-0.76,0.65,1.10,1.77,2.50,-3.45,44.80,-17.26,1
e,2022-11-01 17:21:40.009674,-0.06,-0.76,0.65,0.98,1.89,2.32,-3.23,44.01,-17.50,1
e,2022-11-01 17:21:40.009826,-0.06,-0.76,0.65,1.16,1.89,2.38,-3.23,44.01,-17.50,1
e,2022-11-01 17:21:40.009982,-0.06,-0.76,0.65,1.16,2.01,2.32,-3.23,44.01,-17.50,1
e,2022-11-01 17:21:40.010136,-0.06,-0.76,0.65,0.85,1.95,2.44,-3.78,44.53,-16.99,1
e,2022-11-01 17:21:40.010289,-0.06,-0.76,0.65,1.10,1.83,2.50,-3.78,44.53,-16.99,1
e,2022-11-01 17:21:40.010449,-0.06,-0.76,0.65,1.10,2.08,2.50,-3.78,44.53,-16.99,1
e,2022-11-01 17:21:40.010602,-0.06,-0.76,0.65,1.10,2.01,2.56,-4.16,44.71,-17.94,1
e,2022-11-01 17:21:40.010759,-0.06,-0.76,0.65,1.28,1.83,2.56,-4.16,44.71,-17.94,1
e,2022-11-01 17:21:40.010911,-0.06,-0.76,0.65,1.22,1.83,2.38,-3.80,44.43,-15.98,1
e,2022-11-01 17:21:40.011064,-0.06,-0.76,0.65,1.10,1.83,2.38,-3.80,44.43,-15.98,1
e,2022-11-01 17:21:40.011224,-0.06,-0.76,0.65,0.98,1.83,2.38,-3.80,44.43,-15.98,1
e,2022-11-01 17:21:40.011377,-0.06,-0.76,0.65,1.16,1.71,2.50,-4.20,44.52,-16.44,1
e,2022-11-01 17:21:40.011537,-0.06,-0.76,0.65,1.34,1.95,2.56,-4.20,44.52,-16.44,1
e,2022-11-01 17:21:40.011692,-0.06,-0.76,0.65,1.10,2.01,2.50,-4.20,44.52,-16.44,1
e,2022-11-01 17:21:40.011849,-0.06,-0.76,0.65,1.16,1.77,2.20,-3.75,44.69,-17.52,1
e,2022-11-01 17:21:40.012013,-0.06,-0.76,0.65,1.16,1.83,2.38,-3.75,44.69,-17.52,1
e,2022-11-01 17:21:40.012171,-0.06,-0.76,0.65,1.16,2.01,2.56,-3.75,44.69,-17.52,1
e,2022-11-01 17:21:40.012336,-0.06,-0.76,0.65,1.22,1.77,2.44,-3.91,44.27,-17.42,1
e,2022-11-01 17:21:40.012487,-0.06,-0.76,0.65,1.22,1.89,2.50,-3.91,44.27,-17.42,1
e,2022-11-01 17:21:40.012637,-0.06,-0.76,0.65,1.16,1.89,2.56,-4.46,44.06,-18.90,1
e,2022-11-01 17:21:40.012793,-0.06,-0.76,0.65,1.10,2.08,2.20,-4.46,44.06,-18.90,1
e,2022-11-01 17:21:40.012945,-0.06,-0.76,0.65,1.16,1.95,2.32,-4.46,44.06,-18.90,1
e,2022-11-01 17:21:40.013103,-0.06,-0.76,0.65,1.22,1.65,2.44,-4.37,44.18,-18.36,1
e,2022-11-01 17:21:40.013256,-0.06,-0.76,0.65,1.22,2.01,2.56,-4.37,44.18,-18.36,1
e,2022-11-01 17:21:40.013410,-0.06,-0.76,0.65,1.04,2.01,2.50,-4.37,44.18,-18.36,1
e,2022-11-01 17:21:40.013559,-0.06,-0.76,0.65,0.98,1.95,2.56,-3.93,44.49,-18.41,1
e,2022-11-01 17:21:40.013711,-0.06,-0.76,0.65,1.22,2.01,2.56,-3.93,44.49,-18.41,1
e,2022-11-01 17:21:40.013866,-0.06,-0.76,0.65,1.16,1.89,2.38,-3.98,44.49,-16.37,1
e,2022-11-01 17:21:40.014016,-0.06,-0.76,0.65,1.04,1.89,2.38,-3.98,44.49,-16.37,1
e,2022-11-01 17:21:40.014228,-0.06,-0.76,0.65,1.16,1.83,2.56,-3.98,44.49,-16.37,1
e,2022-11-01 17:21:40.016259,-0.06,-0.76,0.65,0.85,1.95,2.44,-4.43,44.53,-18.14,1
e,2022-11-01 17:21:40.016436,-0.06,-0.76,0.65,1.16,1.83,2.32,-4.43,44.53,-18.14,1
e,2022-11-01 17:21:40.016605,-0.06,-0.76,0.65,1.22,1.89,2.44,-4.43,44.53,-18.14,1
e,2022-11-01 17:21:40.016768,-0.06,-0.76,0.65,1.16,1.71,2.32,-4.00,44.17,-17.24,1
e,2022-11-01 17:21:40.016963,-0.06,-0.76,0.65,1.16,1.95,2.50,-4.00,44.17,-17.24,1
e,2022-11-01 17:21:40.017157,-0.06,-0.76,0.65,1.22,1.95,2.32,-4.00,44.17,-17.24,1
e,2022-11-01 17:21:40.017333,-0.06,-0.76,0.65,1.16,1.77,2.50,-3.99,44.01,-16.88,1
e,2022-11-01 17:21:40.017489,-0.06,-0.76,0.65,1.10,1.95,2.38,-3.99,44.01,-16.88,1
e,2022-11-01 17:21:40.017643,-0.06,-0.76,0.65,1.22,1.83,2.32,-3.52,44.12,-17.57,1
e,2022-11-01 17:21:40.017801,-0.06,-0.76,0.65,0.73,1.83,2.26,-3.52,44.12,-17.57,1
e,2022-11-01 17:21:40.017955,-0.06,-0.76,0.65,1.04,1.83,2.44,-3.52,44.12,-17.57,1
e,2022-11-01 17:21:40.018114,-0.06,-0.76,0.65,1.22,1.95,2.44,-4.03,44.19,-18.07,1
e,2022-11-01 17:21:40.018268,-0.06,-0.76,0.65,1.16,2.01,2.44,-4.03,44.19,-18.07,1
e,2022-11-01 17:21:40.018420,-0.06,-0.76,0.65,1.10,2.01,2.50,-4.03,44.19,-18.07,1
e,2022-11-01 17:21:40.018590,-0.06,-0.76,0.65,0.98,2.01,2.32,-3.83,44.48,-16.83,1
e,2022-11-01 17:21:40.018745,-0.06,-0.76,0.65,1.16,1.77,2.44,-3.83,44.48,-16.83,1
e,2022-11-01 17:21:40.018906,-0.06,-0.76,0.65,1.10,1.95,2.44,-3.83,44.48,-16.83,1
e,2022-11-01 17:21:40.019058,-0.06,-0.76,0.65,1.10,1.89,2.38,-4.35,44.32,-17.20,1
e,2022-11-01 17:21:40.019219,-0.06,-0.76,0.65,1.10,1.77,2.44,-4.35,44.32,-17.20,1
e,2022-11-01 17:21:40.019371,-0.06,-0.76,0.65,1.04,1.95,2.56,-4.39,44.62,-16.50,1
e,2022-11-01 17:21:40.019521,-0.06,-0.76,0.65,0.98,1.83,2.44,-4.39,44.62,-16.50,1
e,2022-11-01 17:21:40.019678,-0.06,-0.76,0.65,1.28,2.01,2.50,-4.39,44.62,-16.50,1
e,2022-11-01 17:21:40.019844,-0.06,-0.76,0.65,1.16,1.95,2.38,-4.42,44.30,-16.87,1
e,2022-11-01 17:21:40.020001,-0.06,-0.76,0.65,1.22,2.01,2.38,-4.42,44.30,-16.87,1
e,2022-11-01 17:21:40.020170,-0.06,-0.76,0.65,1.40,1.71,2.50,-4.42,44.30,-16.87,1
e,2022-11-01 17:21:40.020359,-0.06,-0.76,0.65,1.22,1.83,2.44,-3.92,44.52,-18.54,1
e,2022-11-01 17:21:40.020559,-0.06,-0.76,0.65,1.28,1.95,2.44,-3.92,44.52,-18.54,1
e,2022-11-01 17:21:40.020744,-0.06,-0.76,0.65,0.98,1.89,2.56,-3.92,44.52,-18.54,1
e,2022-11-01 17:21:40.020931,-0.06,-0.76,0.65,0.92,2.08,2.32,-3.91,44.91,-16.44,1
e,2022-11-01 17:21:40.021113,-0.06,-0.76,0.65,1.16,1.89,2.50,-3.91,44.91,-16.44,1
e,2022-11-01 17:21:40.021272,-0.06,-0.76,0.65,1.22,1.83,2.50,-3.89,44.21,-17.42,1
e,2022-11-01 17:21:40.021486,-0.06,-0.76,0.65,0.92,1.83,2.44,-3.89,44.21,-17.42,1
e,2022-11-01 17:21:40.021643,-0.06,-0.76,0.65,1.10,1.95,2.44,-3.89,44.21,-17.42,1
e,2022-11-01 17:21:40.021814,-0.06,-0.76,0.65,1.16,1.95,2.50,-3.80,43.87,-17.75,1
e,2022-11-01 17:21:40.021969,-0.06,-0.76,0.65,1.16,1.83,2.38,-3.80,43.87,-17.75,1
e,2022-11-01 17:21:40.022125,-0.06,-0.76,0.65,1.04,1.95,2.50,-3.80,43.87,-17.75,1
e,2022-11-01 17:21:40.022280,-0.06,-0.76,0.65,1.22,1.89,2.44,-3.87,44.08,-17.55,1
e,2022-11-01 17:21:40.022435,-0.06,-0.76,0.65,1.28,1.77,2.38,-3.87,44.08,-17.55,1
e,2022-11-01 17:21:40.022594,-0.06,-0.76,0.65,1.16,1.89,2.50,-3.87,44.08,-17.55,1
e,2022-11-01 17:21:40.022749,-0.06,-0.76,0.65,0.92,1.89,2.26,-4.33,44.41,-16.87,1
e,2022-11-01 17:21:40.022908,-0.06,-0.76,0.65,1.22,2.01,2.44,-4.33,44.41,-16.87,1
e,2022-11-01 17:21:40.023061,-0.06,-0.76,0.65,1.10,2.01,2.50,-4.31,44.81,-17.03,1
e,2022-11-01 17:21:40.023216,-0.06,-0.76,0.65,1.10,1.71,2.50,-4.31,44.81,-17.03,1
e,2022-11-01 17:21:40.023370,-0.06,-0.76,0.65,1.34,1.95,2.32,-4.31,44.81,-17.03,1
e,2022-11-01 17:21:40.023524,-0.06,-0.76,0.65,1.22,1.89,2.50,-3.89,44.29,-18.16,1
e,2022-11-01 17:21:40.023681,-0.06,-0.76,0.65,1.10,1.95,2.38,-3.89,44.29,-18.16,1
e,2022-11-01 17:21:40.023834,-0.06,-0.76,0.65,1.22,2.14,2.44,-3.89,44.29,-18.16,1
e,2022-11-01 17:21:40.023992,-0.06,-0.76,0.65,1.10,1.83,2.50,-3.72,44.32,-17.36,1
e,2022-11-01 17:21:40.024146,-0.06,-0.76,0.65,1.28,1.89,2.38,-3.72,44.32,-17.36,1
e,2022-11-01 17:21:40.024299,-0.06,-0.76,0.65,1.22,1.89,2.50,-3.72,44.32,-17.36,1
e,2022-11-01 17:21:40.024456,-0.06,-0.76,0.65,1.16,1.83,2.44,-3.80,44.27,-16.61,1
e,2022-11-01 17:21:40.024609,-0.06,-0.76,0.65,1.10,1.83,2.38,-3.80,44.27,-16.61,1
e,2022-11-01 17:21:40.024766,-0.06,-0.76,0.65,1.16,1.71,2.50,-3.89,44.36,-16.83,1
e,2022-11-01 17:21:40.024918,-0.06,-0.76,0.65,1.10,1.77,2.26,-3.89,44.36,-16.83,1
e,2022-11-01 17:21:40.025097,-0.06,-0.76,0.65,1.16,1.95,2.50,-3.89,44.36,-16.83,1
e,2022-11-01 17:21:40.025254,-0.06,-0.76,0.65,0.92,1.83,2.38,-4.22,44.09,-17.53,1
e,2022-11-01 17:21:40.025408,-0.06,-0.76,0.65,1.04,2.01,2.56,-4.22,44.09,-17.53,1
e,2022-11-01 17:21:40.025565,-0.06,-0.76,0.65,0.98,1.83,2.38,-4.22,44.09,-17.53,1
e,2022-11-01 17:21:40.025716,-0.06,-0.76,0.65,1.22,1.83,2.50,-4.02,44.21,-18.31,1
e,2022-11-01 17:21:40.025872,-0.06,-0.76,0.65,1.16,2.08,2.44,-4.02,44.21,-18.31,1
e,2022-11-01 17:21:40.026024,-0.06,-0.76,0.65,1.04,2.14,2.32,-4.02,44.21,-18.31,1
e,2022-11-01 17:21:40.026178,-0.06,-0.76,0.65,1.04,1.95,2.44,-4.77,44.10,-18.95,1
e,2022-11-01 17:21:40.026336,-0.06,-0.76,0.65,1.22,1.83,2.56,-4.77,44.10,-18.95,1
e,2022-11-01 17:21:40.026491,-0.06,-0.76,0.65,1.28,2.08,2.62,-4.30,44.21,-16.67,1
e,2022-11-01 17:21:40.026647,-0.06,-0.76,0.65,1.22,1.89,2.38,-4.30,44.21,-16.67,1
e,2022-11-01 17:21:40.026798,-0.06,-0.76,0.65,0.98,1.89,2.38,-4.30,44.21,-16.67,1
e,2022-11-01 17:21:40.026952,-0.06,-0.76,0.65,1.28,1.71,2.50,-4.28,44.59,-17.80,1
e,2022-11-01 17:21:40.027103,-0.06,-0.76,0.65,1.22,2.08,2.56,-4.28,44.59,-17.80,1
e,2022-11-01 17:21:40.027254,-0.06,-0.76,0.65,1.16,1.89,2.44,-4.28,44.59,-17.80,1
e,2022-11-01 17:21:40.027410,-0.06,-0.76,0.65,0.98,1.95,2.56,-4.06,44.23,-18.70,1
e,2022-11-01 17:21:40.027559,-0.06,-0.76,0.65,0.92,1.95,2.32,-4.06,44.23,-18.70,1
e,2022-11-01 17:21:40.027737,-0.06,-0.76,0.65,1.34,1.77,2.44,-4.06,44.23,-18.70,1
e,2022-11-01 17:21:40.027889,-0.06,-0.76,0.65,0.92,1.83,2.50,-3.81,44.24,-17.20,1
e,2022-11-01 17:21:40.028041,-0.06,-0.76,0.65,1.22,1.83,2.44,-3.81,44.24,-17.20,1
e,2022-11-01 17:21:40.028194,-0.06,-0.76,0.65,1.28,1.95,2.62,-3.71,44.06,-17.46,1
e,2022-11-01 17:21:40.028344,-0.06,-0.76,0.65,1.10,1.83,2.38,-3.71,44.06,-17.46,1
e,2022-11-01 17:21:40.028499,-0.06,-0.76,0.65,1.16,1.89,2.44,-3.71,44.06,-17.46,1
e,2022-11-01 17:21:40.028654,-0.06,-0.76,0.65,1.04,1.65,2.50,-3.55,44.36,-18.82,1
e,2022-11-01 17:21:40.028811,-0.06,-0.76,0.65,1.34,1.83,2.56,-3.55,44.36,-18.82,1
e,2022-11-01 17:21:40.028963,-0.06,-0.76,0.65,1.16,1.89,2.56,-3.55,44.36,-18.82,1
e,2022-11-01 17:21:40.029115,-0.06,-0.76,0.65,1.10,1.89,2.44,-3.87,44.79,-18.04,1
e,2022-11-01 17:21:40.029270,-0.06,-0.76,0.65,1.34,1.77,2.38,-3.87,44.79,-18.04,1
e,2022-11-01 17:21:40.029422,-0.06,-0.76,0.65,1.40,1.83,2.50,-3.87,44.79,-18.04,1
e,2022-11-01 17:21:40.029577,-0.06,-0.76,0.65,0.92,2.14,2.44,-3.64,44.93,-17.54,1
e,2022-11-01 17:21:40.029728,-0.06,-0.76,0.65,1.16,2.08,2.50,-3.64,44.93,-17.54,1
e,2022-11-01 17:21:40.029885,-0.06,-0.76,0.65,1.04,1.95,2.44,-3.87,44.37,-18.19,1
e,2022-11-01 17:21:40.030038,-0.06,-0.76,0.65,1.04,1.77,2.38,-3.87,44.37,-18.19,1
e,2022-11-01 17:21:40.030190,-0.06,-0.76,0.65,1.16,2.01,2.50,-3.87,44.37,-18.19,1
e,2022-11-01 17:21:40.030382,-0.06,-0.76,0.65,0.98,2.01,2.50,-3.60,43.81,-17.83,1
e,2022-11-01 17:21:40.030536,-0.06,-0.76,0.65,1.22,2.01,2.56,-3.60,43.81,-17.83,1
e,2022-11-01 17:21:40.030691,-0.06,-0.76,0.65,1.10,2.08,2.50,-3.60,43.81,-17.83,1
e,2022-11-01 17:21:40.030843,-0.06,-0.76,0.65,1.10,1.95,2.44,-4.00,44.32,-17.79,1
e,2022-11-01 17:21:40.030994,-0.06,-0.76,0.65,1.28,1.89,2.32,-4.00,44.32,-17.79,1
e,2022-11-01 17:21:40.031148,-0.06,-0.76,0.65,1.16,1.95,2.44,-4.00,44.32,-17.79,1
e,2022-11-01 17:21:40.031298,-0.06,-0.76,0.65,1.10,2.01,2.44,-4.09,44.25,-18.16,1
e,2022-11-01 17:21:40.031456,-0.06,-0.76,0.65,1.04,2.01,2.44,-4.09,44.25,-18.16,1
e,2022-11-01 17:21:40.031608,-0.06,-0.76,0.65,1.28,1.77,2.56,-4.04,44.38,-16.24,1
e,2022-11-01 17:21:40.031763,-0.06,-0.76,0.65,1.04,1.89,2.38,-4.04,44.38,-16.24,1
e,2022-11-01 17:21:40.031968,-0.06,-0.76,0.65,1.28,1.89,2.44,-4.04,44.38,-16.24,1
e,2022-11-01 17:21:40.032120,-0.06,-0.76,0.65,1.04,1.83,2.50,-3.75,44.25,-18.01,1
e,2022-11-01 17:21:40.032275,-0.06,-0.76,0.65,1.10,1.89,2.56,-3.75,44.25,-18.01,1
e,2022-11-01 17:21:40.032427,-0.06,-0.76,0.65,1.16,1.95,2.62,-3.75,44.25,-18.01,1
e,2022-11-01 17:21:40.032584,-0.06,-0.76,0.65,1.16,1.83,2.26,-4.46,44.70,-17.55,1
e,2022-11-01 17:21:40.032736,-0.06,-0.76,0.65,1.04,1.89,2.44,-4.46,44.70,-17.55,1
e,2022-11-01 17:21:40.032888,-0.06,-0.76,0.65,1.34,2.01,2.56,-4.46,44.70,-17.55,1
e,2022-11-01 17:21:40.033043,-0.06,-0.76,0.65,1.16,1.71,2.38,-4.26,44.80,-17.54,1
e,2022-11-01 17:21:40.033195,-0.06,-0.76,0.65,1.16,2.08,2.56,-4.26,44.80,-17.54,1
e,2022-11-01 17:21:40.033351,-0.06,-0.76,0.65,1.04,2.01,2.38,-4.28,44.31,-16.47,1
e,2022-11-01 17:21:40.033502,-0.06,-0.76,0.65,1.10,2.01,2.50,-4.28,44.31,-16.47,1
e,2022-11-01 17:21:40.033658,-0.06,-0.76,0.65,1.22,1.89,2.44,-4.28,44.31,-16.47,1
e,2022-11-01 17:21:40.033809,-0.06,-0.76,0.65,1.34,1.89,2.44,-3.96,44.42,-17.60,1
e,2022-11-01 17:21:40.033963,-0.06,-0.76,0.65,0.98,1.77,2.32,-3.96,44.42,-17.60,1
e,2022-11-01 17:21:40.034121,-0.06,-0.76,0.65,1.04,2.01,2.26,-3.96,44.42,-17.60,1
e,2022-11-01 17:21:40.034272,-0.06,-0.76,0.65,1.04,1.95,2.62,-4.50,44.37,-17.16,1
e,2022-11-01 17:21:40.034429,-0.06,-0.76,0.65,1.22,1.95,2.44,-4.50,44.37,-17.16,1
e,2022-11-01 17:21:40.034580,-0.06,-0.76,0.65,0.98,2.01,2.38,-4.50,44.37,-17.16,1
e,2022-11-01 17:21:40.034731,-0.06,-0.76,0.65,1.04,1.95,2.38,-4.20,43.97,-17.49,1
e,2022-11-01 17:21:40.034891,-0.06,-0.76,0.65,1.22,1.83,2.50,-4.20,43.97,-17.49,1
e,2022-11-01 17:21:40.035042,-0.06,-0.76,0.65,1.04,2.01,2.50,-4.68,44.57,-17.55,1
e,2022-11-01 17:21:40.035198,-0.06,-0.76,0.65,0.92,2.01,2.44,-4.68,44.57,-17.55,1
e,2022-11-01 17:21:40.035349,-0.06,-0.76,0.65,1.16,2.01,2.56,-4.68,44.57,-17.55,1
e,2022-11-01 17:21:40.035506,-0.06,-0.76,0.66,1.16,1.77,2.56,-3.92,44.52,-17.65,1
e,2022-11-01 17:21:40.035658,-0.06,-0.76,0.65,1.04,1.89,2.44,-3.92,44.52,-17.65,1
e,2022-11-01 17:21:40.035809,-0.06,-0.76,0.65,1.16,1.89,2.75,-3.92,44.52,-17.65,1
e,2022-11-01 17:21:40.035971,-0.06,-0.76,0.65,1.10,1.83,2.26,-4.36,44.17,-16.88,1
e,2022-11-01 17:21:40.036126,-0.06,-0.76,0.65,1.28,1.65,2.32,-4.36,44.17,-16.88,1
e,2022-11-01 17:21:40.036285,-0.06,-0.76,0.65,1.28,1.83,2.56,-4.36,44.17,-16.88,1
e,2022-11-01 17:21:40.036436,-0.06,-0.76,0.65,1.22,1.89,2.50,-3.89,43.88,-17.96,1
e,2022-11-01 17:21:40.036619,-0.06,-0.76,0.65,1.22,1.95,2.50,-3.89,43.88,-17.96,1
e,2022-11-01 17:21:40.036784,-0.06,-0.76,0.65,1.22,2.08,2.50,-4.22,44.79,-17.71,1
e,2022-11-01 17:21:40.036939,-0.06,-0.76,0.65,0.98,2.01,2.56,-4.22,44.79,-17.71,1
e,2022-11-01 17:21:40.037100,-0.06,-0.76,0.65,1.16,2.01,2.38,-4.22,44.79,-17.71,1
e,2022-11-01 17:21:40.037253,-0.06,-0.76,0.65,0.98,1.83,2.44,-3.65,44.67,-17.46,1
e,2022-11-01 17:21:40.037408,-0.06,-0.76,0.65,1.04,1.83,2.38,-3.65,44.67,-17.46,1
e,2022-11-01 17:21:40.037569,-0.06,-0.76,0.65,1.10,1.95,2.50,-3.65,44.67,-17.46,1
e,2022-11-01 17:21:40.037725,-0.06,-0.76,0.65,0.98,1.83,2.44,-4.20,44.41,-18.16,1
e,2022-11-01 17:21:40.037885,-0.06,-0.76,0.65,1.10,1.95,2.62,-4.20,44.41,-18.16,1
e,2022-11-01 17:21:40.038039,-0.06,-0.76,0.65,1.22,2.01,2.62,-4.20,44.41,-18.16,1
e,2022-11-01 17:21:40.038195,-0.06,-0.75,0.65,0.92,1.89,2.44,-4.42,43.91,-17.79,1
e,2022-11-01 17:21:40.038349,-0.06,-0.76,0.65,1.10,2.01,2.44,-4.42,43.91,-17.79,1
e,2022-11-01 17:21:40.038502,-0.06,-0.76,0.65,1.16,1.95,2.50,-3.82,44.58,-17.61,1
e,2022-11-01 17:21:40.038663,-0.06,-0.76,0.65,1.10,1.89,2.32,-3.82,44.58,-17.61,1
e,2022-11-01 17:21:40.038816,-0.06,-0.76,0.65,1.10,1.89,2.56,-3.82,44.58,-17.61,1
e,2022-11-01 17:21:40.038977,-0.06,-0.75,0.65,1.28,2.01,2.56,-4.15,44.19,-18.73,1
e,2022-11-01 17:21:40.039132,-0.06,-0.75,0.65,1.28,1.89,2.50,-4.15,44.19,-18.73,1
e,2022-11-01 17:21:40.039284,-0.06,-0.76,0.66,1.28,2.01,2.56,-4.15,44.19,-18.73,1
e,2022-11-01 17:21:40.039477,-0.06,-0.75,0.65,1.16,1.89,2.50,-3.85,44.21,-18.19,1
e,2022-11-01 17:21:40.039639,-0.06,-0.75,0.65,1.22,2.01,2.50,-3.85,44.21,-18.19,1
e,2022-11-01 17:21:40.039799,-0.06,-0.76,0.65,1.04,1.95,2.44,-3.85,44.21,-18.19,1
e,2022-11-01 17:21:40.039951,-0.06,-0.76,0.65,0.98,1.89,2.44,-4.19,44.40,-17.50,1
e,2022-11-01 17:21:40.040103,-0.06,-0.76,0.65,1.16,1.95,2.32,-4.19,44.40,-17.50,1
e,2022-11-01 17:21:40.040262,-0.06,-0.76,0.65,1.10,1.83,2.38,-3.97,44.78,-18.51,1
e,2022-11-01 17:21:40.040413,-0.06,-0.76,0.65,1.04,1.89,2.38,-3.97,44.78,-18.51,1
e,2022-11-01 17:21:40.040571,-0.06,-0.76,0.65,0.98,1.95,2.44,-3.97,44.78,-18.51,1
e,2022-11-01 17:21:40.040724,-0.06,-0.75,0.65,1.16,1.83,2.56,-3.67,45.03,-17.16,1
e,2022-11-01 17:21:40.040879,-0.06,-0.76,0.65,1.16,2.14,2.50,-3.67,45.03,-17.16,1
e,2022-11-01 17:21:40.041036,-0.06,-0.75,0.65,1.10,2.08,2.38,-3.67,45.03,-17.16,1
e,2022-11-01 17:21:40.041188,-0.06,-0.76,0.65,1.22,1.89,2.38,-4.26,44.60,-17.96,1
e,2022-11-01 17:21:40.041343,-0.06,-0.76,0.65,1.10,1.95,2.32,-4.26,44.60,-17.96,1
e,2022-11-01 17:21:40.041499,-0.06,-0.76,0.65,1.28,1.95,2.56,-4.26,44.60,-17.96,1
e,2022-11-01 17:21:40.041653,-0.06,-0.75,0.65,0.98,1.95,2.44,-4.30,44.34,-17.26,1
e,2022-11-01 17:21:40.041812,-0.06,-0.76,0.65,0.98,1.95,2.38,-4.30,44.34,-17.26,1
e,2022-11-01 17:21:40.041966,-0.06,-0.75,0.65,1.16,1.83,2.38,-3.71,44.06,-17.27,1
e,2022-11-01 17:21:40.042124,-0.06,-0.75,0.65,0.79,1.95,2.26,-3.71,44.06,-17.27,1
e,2022-11-01 17:21:40.042282,-0.06,-0.76,0.66,1.22,1.83,2.38,-3.71,44.06,-17.27,1
e,2022-11-01 17:21:40.042438,-0.06,-0.75,0.66,1.16,1.77,2.56,-4.04,43.65,-18.04,1
e,2022-11-01 17:21:40.042598,-0.06,-0.76,0.65,1.10,1.95,2.32,-4.04,43.65,-18.04,1
e,2022-11-01 17:21:40.042753,-0.06,-0.76,0.65,1.10,1.89,2.44,-4.04,43.65,-18.04,1
e,2022-11-01 17:21:40.042922,-0.06,-0.75,0.65,1.22,1.89,2.50,-3.52,44.02,-17.61,1
e,2022-11-01 17:21:40.043074,-0.06,-0.75,0.65,1.16,1.89,2.50,-3.52,44.02,-17.61,1
e,2022-11-01 17:21:40.043228,-0.06,-0.75,0.65,1.10,1.89,2.62,-3.52,44.02,-17.61,1
e,2022-11-01 17:21:40.043392,-0.06,-0.75,0.65,1.04,1.89,2.44,-4.17,44.03,-17.42,1
e,2022-11-01 17:21:40.043545,-0.06,-0.75,0.65,1.10,2.08,2.44,-4.17,44.03,-17.42,1
e,2022-11-01 17:21:40.043702,-0.06,-0.76,0.66,1.28,1.89,2.44,-3.49,44.34,-18.29,1
e,2022-11-01 17:21:40.043853,-0.06,-0.75,0.65,1.10,1.83,2.50,-3.49,44.34,-18.29,1
e,2022-11-01 17:21:40.044007,-0.06,-0.75,0.65,1.04,2.01,2.50,-3.49,44.34,-18.29,1
e,2022-11-01 17:21:40.044164,-0.06,-0.75,0.65,1.04,2.01,2.44,-3.89,44.06,-18.18,1
e,2022-11-01 17:21:40.044317,-0.06,-0.75,0.66,1.22,1.95,2.62,-3.89,44.06,-18.18,1
e,2022-11-01 17:21:40.044476,-0.06,-0.75,0.66,1.16,1.77,2.56,-3.89,44.06,-18.18,1
e,2022-11-01 17:21:40.044629,-0.06,-0.75,0.65,1.22,1.95,2.56,-4.04,44.07,-18.44,1
e,2022-11-01 17:21:40.044788,-0.06,-0.76,0.65,1.34,1.89,2.56,-4.04,44.07,-18.44,1
e,2022-11-01 17:21:40.044939,-0.06,-0.75,0.66,1.28,1.89,2.69,-4.04,44.07,-18.44,1
e,2022-11-01 17:21:40.045092,-0.06,-0.75,0.65,0.98,2.01,2.32,-3.91,43.85,-18.07,1
e,2022-11-01 17:21:40.045252,-0.06,-0.76,0.65,1.10,1.95,2.50,-3.91,43.85,-18.07,1
e,2022-11-01 17:21:40.045406,-0.06,-0.75,0.66,1.16,2.14,2.50,-3.77,43.96,-17.33,1
e,2022-11-01 17:21:40.045563,-0.06,-0.75,0.66,0.98,2.01,2.44,-3.77,43.96,-17.33,1
e,2022-11-01 17:21:40.045713,-0.06,-0.75,0.66,1.28,1.95,2.44,-3.77,43.96,-17.33,1
e,2022-11-01 17:21:40.045865,-0.06,-0.75,0.66,0.92,2.01,2.44,-4.03,44.20,-16.72,1
e,2022-11-01 17:21:40.046021,-0.06,-0.75,0.65,1.04,2.01,2.50,-4.03,44.20,-16.72,1
e,2022-11-01 17:21:40.046172,-0.06,-0.75,0.66,1.10,1.95,2.44,-4.03,44.20,-16.72,1
e,2022-11-01 17:21:40.046329,-0.06,-0.75,0.66,0.98,1.95,2.44,-4.00,44.31,-17.42,1
e,2022-11-01 17:21:40.046481,-0.06,-0.75,0.66,1.28,1.89,2.56,-4.00,44.31,-17.42,1
e,2022-11-01 17:21:40.046633,-0.06,-0.76,0.66,0.92,2.01,2.50,-4.00,44.31,-17.42,1
e,2022-11-01 17:21:40.046789,-0.06,-0.75,0.66,0.98,1.71,2.26,-4.76,43.81,-18.18,1
e,2022-11-01 17:21:40.046940,-0.06,-0.75,0.66,1.16,1.89,2.50,-4.76,43.81,-18.18,1
e,2022-11-01 17:21:40.047102,-0.06,-0.75,0.66,1.16,1.83,2.38,-4.20,44.36,-17.44,1
e,2022-11-01 17:21:40.047253,-0.06,-0.75,0.66,1.10,1.77,2.50,-4.20,44.36,-17.44,1
e,2022-11-01 17:21:40.047473,-0.06,-0.75,0.66,1.16,2.01,2.38,-4.20,44.36,-17.44,1
e,2022-11-01 17:21:40.047631,-0.06,-0.76,0.66,1.04,1.95,2.38,-4.53,44.24,-17.70,1
e,2022-11-01 17:21:40.047781,-0.06,-0.75,0.66,1.04,1.95,2.38,-4.53,44.24,-17.70,1
e,2022-11-01 17:21:40.047938,-0.06,-0.75,0.66,1.16,1.89,2.56,-4.53,44.24,-17.70,1
e,2022-11-01 17:21:40.048088,-0.06,-0.75,0.66,0.85,1.95,2.26,-4.20,44.96,-18.16,1
e,2022-11-01 17:21:40.048242,-0.06,-0.75,0.66,1.04,2.01,2.38,-4.20,44.96,-18.16,1
e,2022-11-01 17:21:40.048393,-0.06,-0.75,0.66,1.16,2.01,2.62,-4.20,44.96,-18.16,1
e,2022-11-01 17:21:40.048542,-0.06,-0.75,0.66,0.92,1.89,2.26,-4.15,44.86,-17.70,1
e,2022-11-01 17:21:40.048700,-0.06,-0.75,0.66,1.16,1.65,2.44,-4.15,44.86,-17.70,1
e,2022-11-01 17:21:40.048850,-0.06,-0.75,0.66,1.28,1.89,2.56,-4.21,44.59,-17.52,1
e,2022-11-01 17:21:40.049006,-0.06,-0.75,0.66,1.16,1.89,2.20,-4.21,44.59,-17.52,1
e,2022-11-01 17:21:40.049156,-0.06,-0.75,0.66,1.22,1.89,2.32,-4.21,44.59,-17.52,1
e,2022-11-01 17:21:40.049309,-0.06,-0.75,0.66,0.98,2.01,2.50,-4.59,44.85,-17.72,1
e,2022-11-01 17:21:40.049470,-0.06,-0.75,0.66,1.04,2.14,2.26,-4.59,44.85,-17.72,1
e,2022-11-01 17:21:40.049622,-0.06,-0.75,0.66,1.16,2.01,2.56,-4.59,44.85,-17.72,1
e,2022-11-01 17:21:40.049781,-0.06,-0.75,0.66,1.16,1.89,2.26,-3.93,44.67,-17.11,1
e,2022-11-01 17:21:40.049934,-0.06,-0.75,0.66,1.10,2.08,2.44,-3.93,44.67,-17.11,1
e,2022-11-01 17:21:40.050085,-0.06,-0.75,0.66,1.22,1.83,2.44,-3.93,44.67,-17.11,1
e,2022-11-01 17:21:40.050242,-0.06,-0.75,0.66,1.10,1.77,2.26,-3.87,44.63,-17.74,1
e,2022-11-01 17:21:40.050396,-0.06,-0.75,0.66,1.28,1.89,2.50,-3.87,44.63,-17.74,1
e,2022-11-01 17:21:40.050546,-0.06,-0.75,0.66,1.16,2.01,2.44,-4.27,44.13,-17.35,1
e,2022-11-01 17:21:40.050700,-0.06,-0.75,0.66,1.16,1.95,2.50,-4.27,44.13,-17.35,1
e,2022-11-01 17:21:40.050853,-0.06,-0.75,0.66,1.10,2.08,2.56,-4.27,44.13,-17.35,1
e,2022-11-01 17:21:40.051010,-0.06,-0.75,0.66,1.22,1.95,2.69,-4.17,44.29,-17.58,1
e,2022-11-01 17:21:40.051161,-0.06,-0.75,0.66,1.22,1.95,2.50,-4.17,44.29,-17.58,1
e,2022-11-01 17:21:40.051381,-0.06,-0.75,0.66,1.04,1.89,2.50,-4.17,44.29,-17.58,1
e,2022-11-01 17:21:40.051538,-0.06,-0.75,0.66,0.98,2.08,2.50,-3.56,43.96,-17.00,1
e,2022-11-01 17:21:40.051691,-0.06,-0.75,0.66,1.16,1.95,2.69,-3.56,43.96,-17.00,1
e,2022-11-01 17:21:40.051854,-0.06,-0.75,0.66,1.22,1.89,2.44,-3.56,43.96,-17.00,1
e,2022-11-01 17:21:40.052006,-0.06,-0.75,0.66,1.10,1.83,2.44,-4.30,43.88,-16.09,1
e,2022-11-01 17:21:40.052165,-0.06,-0.75,0.66,1.10,1.89,2.50,-4.30,43.88,-16.09,1
e,2022-11-01 17:21:40.052320,-0.06,-0.75,0.66,1.04,1.95,2.44,-4.28,43.62,-17.43,1
e,2022-11-01 17:21:40.052474,-0.06,-0.75,0.66,1.04,2.01,2.32,-4.28,43.62,-17.43,1
e,2022-11-01 17:21:40.052632,-0.06,-0.75,0.66,1.04,1.95,2.38,-4.28,43.62,-17.43,1
e,2022-11-01 17:21:40.052784,-0.06,-0.75,0.66,1.28,2.01,2.44,-4.15,43.91,-17.96,1
e,2022-11-01 17:21:40.052950,-0.06,-0.75,0.66,1.04,2.14,2.50,-4.15,43.91,-17.96,1
e,2022-11-01 17:21:40.053102,-0.06,-0.75,0.66,1.10,2.08,2.44,-4.15,43.91,-17.96,1
e,2022-11-01 17:21:40.053253,-0.06,-0.75,0.66,1.34,1.83,2.38,-3.85,43.69,-18.20,1
e,2022-11-01 17:21:40.053411,-0.06,-0.75,0.66,1.22,1.77,2.56,-3.85,43.69,-18.20,1
e,2022-11-01 17:21:40.053563,-0.06,-0.75,0.66,1.04,1.95,2.56,-3.85,43.69,-18.20,1
e,2022-11-01 17:21:40.053719,-0.06,-0.75,0.66,1.10,1.89,2.38,-3.87,44.53,-17.02,1
e,2022-11-01 17:21:40.053871,-0.06,-0.75,0.66,1.04,2.01,2.44,-3.87,44.53,-17.02,1
e,2022-11-01 17:21:40.054029,-0.06,-0.75,0.66,1.16,2.08,2.44,-3.75,44.36,-17.07,1
e,2022-11-01 17:21:40.054184,-0.06,-0.75,0.66,1.04,1.71,2.32,-3.75,44.36,-17.07,1
e,2022-11-01 17:21:40.054337,-0.06,-0.75,0.66,1.22,2.08,2.50,-3.75,44.36,-17.07,1
e,2022-11-01 17:21:40.054496,-0.06,-0.75,0.66,1.04,1.95,2.44,-3.88,44.52,-17.15,1
e,2022-11-01 17:21:40.054648,-0.06,-0.75,0.66,1.16,1.95,2.44,-3.88,44.52,-17.15,1
e,2022-11-01 17:21:40.054809,-0.06,-0.75,0.66,1.10,1.89,2.44,-3.88,44.52,-17.15,1
e,2022-11-01 17:21:40.054963,-0.06,-0.75,0.66,0.92,2.01,2.32,-3.98,44.42,-17.36,1
e,2022-11-01 17:21:40.055116,-0.06,-0.75,0.66,0.92,2.01,2.38,-3.98,44.42,-17.36,1
e,2022-11-01 17:21:40.055301,-0.06,-0.75,0.66,1.04,1.83,2.44,-3.98,44.42,-17.36,1
e,2022-11-01 17:21:40.055457,-0.06,-0.75,0.66,0.98,1.89,2.50,-4.14,44.21,-16.88,1
e,2022-11-01 17:21:40.055617,-0.06,-0.75,0.66,1.10,2.08,2.56,-4.14,44.21,-16.88,1
e,2022-11-01 17:21:40.055772,-0.06,-0.75,0.66,1.10,1.95,2.38,-3.98,44.35,-17.69,1
e,2022-11-01 17:21:40.055927,-0.06,-0.75,0.66,0.92,1.89,2.26,-3.98,44.35,-17.69,1
e,2022-11-01 17:21:40.056089,-0.06,-0.75,0.66,1.16,1.95,2.62,-3.98,44.35,-17.69,1
e,2022-11-01 17:21:40.056244,-0.06,-0.75,0.66,0.92,1.89,2.38,-4.14,44.82,-18.15,1
e,2022-11-01 17:21:40.056408,-0.06,-0.75,0.66,1.04,1.89,2.44,-4.14,44.82,-18.15,1
e,2022-11-01 17:21:40.056564,-0.06,-0.75,0.66,1.22,1.89,2.44,-4.14,44.82,-18.15,1
e,2022-11-01 17:21:40.056722,-0.06,-0.75,0.66,0.85,2.01,2.44,-4.49,44.46,-17.87,1
e,2022-11-01 17:21:40.056875,-0.06,-0.75,0.66,0.92,2.01,2.50,-4.49,44.46,-17.87,1
e,2022-11-01 17:21:40.057026,-0.06,-0.75,0.66,0.92,2.01,2.38,-4.49,44.46,-17.87,1
e,2022-11-01 17:21:40.057184,-0.06,-0.75,0.66,1.10,2.01,2.50,-4.21,44.35,-17.97,1
e,2022-11-01 17:21:40.057337,-0.06,-0.75,0.66,1.10,1.95,2.44,-4.21,44.35,-17.97,1
e,2022-11-01 17:21:40.057495,-0.06,-0.75,0.66,1.22,1.89,2.56,-3.76,44.95,-17.91,1
e,2022-11-01 17:21:40.057647,-0.06,-0.75,0.66,1.10,1.95,2.44,-3.76,44.95,-17.91,1
e,2022-11-01 17:21:40.057799,-0.06,-0.75,0.66,1.04,1.89,2.50,-3.76,44.95,-17.91,1
e,2022-11-01 17:21:40.057959,-0.06,-0.75,0.66,1.28,1.77,2.44,-3.98,44.46,-19.04,1
e,2022-11-01 17:21:40.058111,-0.06,-0.75,0.66,1.22,1.83,2.56,-3.98,44.46,-19.04,1
e,2022-11-01 17:21:40.058271,-0.06,-0.75,0.66,1.10,1.95,2.38,-3.98,44.46,-19.04,1
e,2022-11-01 17:21:40.058424,-0.06,-0.75,0.66,0.85,2.01,2.50,-4.28,44.58,-17.03,1
e,2022-11-01 17:21:40.058577,-0.06,-0.75,0.66,1.16,1.83,2.50,-4.28,44.58,-17.03,1
e,2022-11-01 17:21:40.058740,-0.06,-0.75,0.66,1.04,1.89,2.50,-4.28,44.58,-17.03,1
e,2022-11-01 17:21:40.058891,-0.06,-0.75,0.66,0.73,1.89,2.32,-3.87,44.67,-16.82,1
e,2022-11-01 17:21:40.059050,-0.06,-0.75,0.66,1.10,1.89,2.44,-3.87,44.67,-16.82,1
e,2022-11-01 17:21:40.059202,-0.06,-0.75,0.66,1.10,1.95,2.56,-3.96,43.88,-17.27,1
e,2022-11-01 17:21:40.059354,-0.06,-0.75,0.66,1.22,2.01,2.38,-3.96,43.88,-17.27,1
e,2022-11-01 17:21:40.059512,-0.06,-0.75,0.66,1.10,2.01,2.38,-3.96,43.88,-17.27,1
e,2022-11-01 17:21:40.059663,-0.06,-0.75,0.66,1.04,1.89,2.44,-3.91,43.98,-17.66,1
e,2022-11-01 17:21:40.059820,-0.06,-0.75,0.66,1.16,1.95,2.32,-3.91,43.98,-17.66,1
e,2022-11-01 17:21:40.059969,-0.06,-0.75,0.66,1.22,1.89,2.50,-3.91,43.98,-17.66,1
e,2022-11-01 17:21:40.060124,-0.06,-0.75,0.66,0.79,1.89,2.26,-4.03,44.31,-17.44,1
e,2022-11-01 17:21:40.060276,-0.06,-0.75,0.66,1.10,2.01,2.56,-4.03,44.31,-17.44,1
e,2022-11-01 17:21:40.060424,-0.06,-0.75,0.66,1.10,2.01,2.50,-4.03,44.31,-17.44,1
e,2022-11-01 17:21:40.060581,-0.06,-0.75,0.66,0.73,2.01,2.32,-4.41,44.10,-16.39,1
e,2022-11-01 17:21:40.060731,-0.06,-0.75,0.66,1.10,1.89,2.44,-4.41,44.10,-16.39,1
e,2022-11-01 17:21:40.060888,-0.06,-0.75,0.66,1.22,1.95,2.50,-4.30,44.62,-17.31,1
e,2022-11-01 17:21:40.061039,-0.06,-0.75,0.66,1.10,1.95,2.38,-4.30,44.62,-17.31,1
e,2022-11-01 17:21:40.061190,-0.06,-0.75,0.66,1.04,2.01,2.50,-4.30,44.62,-17.31,1
e,2022-11-01 17:21:40.061352,-0.06,-0.75,0.66,1.04,2.08,2.50,-4.09,44.48,-17.66,1
e,2022-11-01 17:21:40.061504,-0.06,-0.75,0.66,0.85,1.89,2.38,-4.09,44.48,-17.66,1
e,2022-11-01 17:21:40.061660,-0.06,-0.75,0.66,1.04,2.08,2.50,-4.09,44.48,-17.66,1
e,2022-11-01 17:21:40.061812,-0.06,-0.75,0.66,1.04,1.71,2.32,-3.93,44.80,-17.09,1
e,2022-11-01 17:21:40.061961,-0.06,-0.75,0.66,1.10,1.83,2.26,-3.93,44.80,-17.09,1
e,2022-11-01 17:21:40.062117,-0.06,-0.75,0.66,0.85,1.95,2.38,-3.93,44.80,-17.09,1
e,2022-11-01 17:21:40.062268,-0.06,-0.75,0.66,1.04,1.95,2.44,-3.97,44.31,-17.88,1
e,2022-11-01 17:21:40.062423,-0.06,-0.75,0.66,1.16,1.95,2.38,-3.97,44.31,-17.88,1
e,2022-11-01 17:21:40.062573,-0.06,-0.75,0.66,1.10,1.95,2.50,-3.58,44.09,-17.09,1
e,2022-11-01 17:21:40.062770,-0.06,-0.75,0.66,0.98,1.95,2.38,-3.58,44.09,-17.09,1
e,2022-11-01 17:21:40.062927,-0.06,-0.75,0.66,1.04,2.08,2.32,-3.58,44.09,-17.09,1
e,2022-11-01 17:21:40.063078,-0.06,-0.75,0.66,1.10,2.08,2.50,-4.71,44.21,-18.07,1
e,2022-11-01 17:21:40.063235,-0.06,-0.75,0.66,1.10,1.95,2.44,-4.71,44.21,-18.07,1
e,2022-11-01 17:21:40.063385,-0.06,-0.75,0.66,1.04,1.95,2.32,-4.71,44.21,-18.07,1
e,2022-11-01 17:21:40.063541,-0.06,-0.75,0.66,0.73,2.01,2.44,-4.09,44.54,-18.37,1
e,2022-11-01 17:21:40.063691,-0.06,-0.75,0.66,1.16,1.95,2.56,-4.09,44.54,-18.37,1
e,2022-11-01 17:21:40.063841,-0.06,-0.75,0.66,1.10,1.95,2.38,-4.09,44.54,-18.37,1
e,2022-11-01 17:21:40.063996,-0.06,-0.75,0.66,0.98,1.95,2.32,-4.59,44.65,-19.04,1
e,2022-11-01 17:21:40.064147,-0.06,-0.75,0.66,0.85,1.95,2.44,-4.59,44.65,-19.04,1
e,2022-11-01 17:21:40.064304,-0.06,-0.75,0.66,0.98,1.95,2.62,-3.65,44.86,-16.94,1
e,2022-11-01 17:21:40.064454,-0.06,-0.75,0.66,0.98,1.89,2.32,-3.65,44.86,-16.94,1
e,2022-11-01 17:21:40.064604,-0.06,-0.75,0.66,1.10,2.01,2.26,-3.65,44.86,-16.94,1
e,2022-11-01 17:21:40.064759,-0.06,-0.75,0.66,1.16,2.01,2.44,-3.94,44.20,-18.46,1
e,2022-11-01 17:21:40.064909,-0.06,-0.75,0.66,1.04,1.89,2.50,-3.94,44.20,-18.46,1
e,2022-11-01 17:21:40.065066,-0.06,-0.75,0.66,1.04,1.95,2.44,-3.94,44.20,-18.46,1
e,2022-11-01 17:21:40.065217,-0.06,-0.75,0.66,0.85,1.95,2.44,-4.26,44.13,-18.74,1
e,2022-11-01 17:21:40.065366,-0.06,-0.75,0.66,0.85,2.08,2.56,-4.26,44.13,-18.74,1
e,2022-11-01 17:21:40.065520,-0.06,-0.75,0.66,1.22,2.01,2.32,-4.26,44.13,-18.74,1
e,2022-11-01 17:21:40.065670,-0.06,-0.75,0.66,0.85,1.95,2.50,-4.10,44.08,-17.69,1
e,2022-11-01 17:21:40.065826,-0.06,-0.75,0.66,0.92,2.01,2.56,-4.10,44.08,-17.69,1
e,2022-11-01 17:21:40.065977,-0.06,-0.75,0.66,0.92,1.95,2.44,-4.02,44.04,-17.98,1
e,2022-11-01 17:21:40.066132,-0.06,-0.75,0.66,0.92,1.83,2.14,-4.02,44.04,-17.98,1
e,2022-11-01 17:21:40.066283,-0.06,-0.75,0.66,1.22,1.95,2.38,-4.02,44.04,-17.98,1
e,2022-11-01 17:21:40.066434,-0.06,-0.75,0.66,0.98,1.77,2.38,-3.50,44.14,-17.70,1
e,2022-11-01 17:21:40.066590,-0.06,-0.75,0.66,1.28,1.95,2.44,-3.50,44.14,-17.70,1
e,2022-11-01 17:21:40.066739,-0.06,-0.75,0.66,1.22,2.08,2.50,-3.50,44.14,-17.70,1
e,2022-11-01 17:21:40.066895,-0.06,-0.75,0.66,1.04,1.89,2.44,-3.94,44.13,-18.40,1
e,2022-11-01 17:21:40.067045,-0.06,-0.75,0.66,1.04,1.89,2.44,-3.94,44.13,-18.40,1
e,2022-11-01 17:21:40.067195,-0.06,-0.75,0.66,1.10,1.95,2.44,-3.94,44.13,-18.40,1
e,2022-11-01 17:21:40.067351,-0.06,-0.75,0.66,1.16,1.89,2.32,-4.58,44.23,-17.11,1
e,2022-11-01 17:21:40.067501,-0.06,-0.75,0.66,0.98,1.95,2.38,-4.58,44.23,-17.11,1
e,2022-11-01 17:21:40.067656,-0.06,-0.75,0.66,1.10,2.01,2.44,-4.09,44.21,-17.65,1
e,2022-11-01 17:21:40.067808,-0.06,-0.75,0.66,0.85,2.01,2.44,-4.09,44.21,-17.65,1
e,2022-11-01 17:21:40.067957,-0.06,-0.75,0.66,0.98,2.08,2.50,-4.09,44.21,-17.65,1
e,2022-11-01 17:21:40.068112,-0.06,-0.75,0.66,1.22,1.83,2.69,-4.15,44.52,-18.95,1
e,2022-11-01 17:21:40.068262,-0.06,-0.75,0.66,1.22,1.83,2.50,-4.15,44.52,-18.95,1
e,2022-11-01 17:21:40.068418,-0.06,-0.75,0.66,1.22,1.95,2.50,-4.15,44.52,-18.95,1
e,2022-11-01 17:21:40.068567,-0.06,-0.75,0.66,0.73,2.01,2.20,-3.44,44.40,-17.29,1
e,2022-11-01 17:21:40.068719,-0.06,-0.75,0.66,1.10,2.01,2.38,-3.44,44.40,-17.29,1
e,2022-11-01 17:21:40.068869,-0.06,-0.75,0.66,1.10,1.95,2.56,-3.44,44.40,-17.29,1
e,2022-11-01 17:21:40.069019,-0.06,-0.75,0.66,0.85,1.89,2.38,-4.13,44.47,-16.09,1
e,2022-11-01 17:21:40.069173,-0.06,-0.75,0.66,0.98,2.01,2.32,-4.13,44.47,-16.09,1
e,2022-11-01 17:21:40.069323,-0.06,-0.75,0.66,1.10,2.01,2.50,-3.88,43.95,-17.94,1
e,2022-11-01 17:21:40.069477,-0.06,-0.75,0.66,1.10,1.89,2.50,-3.88,43.95,-17.94,1
e,2022-11-01 17:21:40.069625,-0.06,-0.75,0.66,1.34,1.95,2.50,-3.88,43.95,-17.94,1
e,2022-11-01 17:21:40.069773,-0.06,-0.75,0.66,0.79,1.95,2.44,-3.61,44.37,-17.65,1
e,2022-11-01 17:21:40.069928,-0.06,-0.75,0.66,0.98,1.89,2.32,-3.61,44.37,-17.65,1
e,2022-11-01 17:21:40.070079,-0.06,-0.75,0.66,1.04,1.89,2.32,-3.61,44.37,-17.65,1
e,2022-11-01 17:21:40.070239,-0.06,-0.75,0.66,0.92,1.71,2.38,-3.72,44.25,-17.98,1
e,2022-11-01 17:21:40.070392,-0.06,-0.75,0.66,1.10,1.89,2.44,-3.72,44.25,-17.98,1
e,2022-11-01 17:21:40.070544,-0.06,-0.75,0.66,1.16,1.83,2.50,-3.72,44.25,-17.98,1
e,2022-11-01 17:21:40.070701,-0.06,-0.75,0.66,1.10,1.89,2.38,-3.75,44.09,-17.42,1
e,2022-11-01 17:21:40.070852,-0.06,-0.75,0.66,1.16,2.01,2.56,-3.75,44.09,-17.42,1
e,2022-11-01 17:21:40.071015,-0.06,-0.75,0.66,1.04,2.14,2.56,-4.37,44.60,-17.40,1
e,2022-11-01 17:21:40.071167,-0.06,-0.75,0.66,1.10,1.89,2.38,-4.37,44.60,-17.40,1
e,2022-11-01 17:21:40.071323,-0.06,-0.75,0.66,1.34,1.89,2.44,-4.37,44.60,-17.40,1
e,2022-11-01 17:21:40.071477,-0.06,-0.75,0.66,1.10,1.89,2.50,-4.08,44.02,-18.59,1
e,2022-11-01 17:21:40.071628,-0.06,-0.75,0.66,1.10,1.89,2.38,-4.08,44.02,-18.59,1
e,2022-11-01 17:21:40.071786,-0.06,-0.75,0.66,1.34,2.01,2.62,-4.08,44.02,-18.59,1
e,2022-11-01 17:21:40.071939,-0.06,-0.75,0.66,0.98,2.01,2.38,-4.39,44.19,-17.09,1
e,2022-11-01 17:21:40.072096,-0.06,-0.75,0.66,1.04,1.95,2.26,-4.39,44.19,-17.09,1
e,2022-11-01 17:21:40.072248,-0.06,-0.75,0.66,1.10,1.83,2.38,-4.39,44.19,-17.09,1
e,2022-11-01 17:21:40.072403,-0.06,-0.75,0.66,0.98,1.83,2.44,-4.32,44.47,-17.48,1
e,2022-11-01 17:21:40.072562,-0.06,-0.75,0.66,1.22,2.01,2.44,-4.32,44.47,-17.48,1
e,2022-11-01 17:21:40.072715,-0.06,-0.75,0.66,1.10,2.01,2.44,-4.08,44.49,-18.81,1
e,2022-11-01 17:21:40.072875,-0.06,-0.75,0.66,0.98,2.01,2.38,-4.08,44.49,-18.81,1
e,2022-11-01 17:21:40.073035,-0.06,-0.75,0.66,1.04,2.08,2.50,-4.08,44.49,-18.81,1
e,2022-11-01 17:21:40.073190,-0.06,-0.75,0.66,1.10,1.83,2.38,-3.92,44.69,-17.55,1
e,2022-11-01 17:21:40.073357,-0.06,-0.75,0.66,1.10,2.08,2.38,-3.92,44.69,-17.55,1
e,2022-11-01 17:21:40.073511,-0.06,-0.75,0.66,1.04,2.08,2.50,-3.92,44.69,-17.55,1
e,2022-11-01 17:21:40.073681,-0.06,-0.75,0.66,0.98,1.89,2.26,-3.88,45.01,-16.91,1
e,2022-11-01 17:21:40.073833,-0.06,-0.75,0.66,1.34,1.83,2.50,-3.88,45.01,-16.91,1
e,2022-11-01 17:21:40.073991,-0.06,-0.75,0.66,1.04,1.89,2.44,-3.88,45.01,-16.91,1
e,2022-11-01 17:21:40.074142,-0.06,-0.75,0.66,0.98,1.89,2.44,-3.87,44.56,-17.88,1
e,2022-11-01 17:21:40.074294,-0.06,-0.75,0.66,1.10,2.01,2.50,-3.87,44.56,-17.88,1
e,2022-11-01 17:21:40.074451,-0.06,-0.75,0.66,0.92,2.01,2.44,-4.46,44.96,-18.42,1
e,2022-11-01 17:21:40.074602,-0.06,-0.75,0.66,1.16,2.01,2.44,-4.46,44.96,-18.42,1
e,2022-11-01 17:21:40.074758,-0.06,-0.75,0.66,1.10,2.01,2.32,-4.46,44.96,-18.42,1
e,2022-11-01 17:21:40.074912,-0.06,-0.75,0.66,1.10,1.95,2.44,-3.83,44.37,-17.55,1
e,2022-11-01 17:21:40.075063,-0.06,-0.75,0.66,1.28,2.08,2.38,-3.83,44.37,-17.55,1
e,2022-11-01 17:21:40.075219,-0.06,-0.75,0.66,1.16,1.83,2.62,-3.83,44.37,-17.55,1
e,2022-11-01 17:21:40.075373,-0.06,-0.75,0.66,1.04,1.77,2.44,-4.13,44.45,-18.38,1
e,2022-11-01 17:21:40.075532,-0.06,-0.75,0.66,1.22,1.89,2.50,-4.13,44.45,-18.38,1
e,2022-11-01 17:21:40.075684,-0.06,-0.75,0.66,0.92,1.77,2.38,-4.13,44.45,-18.38,1
e,2022-11-01 17:21:40.075834,-0.06,-0.75,0.66,1.16,2.01,2.26,-3.65,44.54,-17.60,1
e,2022-11-01 17:21:40.075993,-0.06,-0.75,0.66,0.92,2.08,2.50,-3.65,44.54,-17.60,1
e,2022-11-01 17:21:40.076146,-0.06,-0.75,0.66,0.79,2.01,2.38,-4.15,44.84,-18.84,1
e,2022-11-01 17:21:40.076308,-0.06,-0.75,0.66,0.98,2.08,2.44,-4.15,44.84,-18.84,1
e,2022-11-01 17:21:40.076462,-0.06,-0.75,0.66,1.16,1.77,2.50,-4.15,44.84,-18.84,1
e,2022-11-01 17:21:40.076625,-0.06,-0.75,0.66,0.67,2.01,2.32,-3.88,44.80,-17.99,1
e,2022-11-01 17:21:40.076778,-0.06,-0.75,0.66,1.16,1.95,2.50,-3.88,44.80,-17.99,1
e,2022-11-01 17:21:40.076929,-0.06,-0.75,0.66,1.34,1.89,2.50,-3.88,44.80,-17.99,1
e,2022-11-01 17:21:40.077084,-0.06,-0.75,0.66,0.92,2.01,2.50,-3.71,44.74,-16.65,1
e,2022-11-01 17:21:40.077234,-0.06,-0.75,0.66,0.92,2.01,2.32,-3.71,44.74,-16.65,1
e,2022-11-01 17:21:40.077389,-0.06,-0.75,0.66,1.22,1.95,2.56,-3.71,44.74,-16.65,1
e,2022-11-01 17:21:40.077540,-0.06,-0.75,0.66,0.92,1.83,2.50,-3.85,44.42,-17.29,1
e,2022-11-01 17:21:40.077690,-0.06,-0.75,0.66,1.16,1.95,2.56,-3.85,44.42,-17.29,1
e,2022-11-01 17:21:40.077846,-0.06,-0.75,0.66,1.28,1.89,2.44,-4.15,44.91,-18.02,1
e,2022-11-01 17:21:40.078026,-0.06,-0.75,0.66,0.98,1.89,2.32,-4.15,44.91,-18.02,1
e,2022-11-01 17:21:40.078188,-0.06,-0.75,0.66,1.04,2.14,2.44,-4.15,44.91,-18.02,1
e,2022-11-01 17:21:40.078342,-0.06,-0.75,0.66,0.79,1.89,2.44,-3.83,44.13,-17.77,1
e,2022-11-01 17:21:40.078494,-0.06,-0.75,0.66,1.04,2.08,2.50,-3.83,44.13,-17.77,1
e,2022-11-01 17:21:40.078652,-0.06,-0.75,0.66,1.16,1.95,2.50,-3.83,44.13,-17.77,1
e,2022-11-01 17:21:40.078805,-0.06,-0.75,0.66,1.10,1.83,2.38,-3.66,44.32,-17.20,1
e,2022-11-01 17:21:40.078960,-0.06,-0.75,0.66,1.16,1.77,2.38,-3.66,44.32,-17.20,1
e,2022-11-01 17:21:40.079113,-0.06,-0.75,0.66,1.10,1.77,2.44,-3.66,44.32,-17.20,1
e,2022-11-01 17:21:40.079265,-0.06,-0.75,0.66,1.04,2.08,2.20,-3.94,44.56,-17.11,1
e,2022-11-01 17:21:40.079420,-0.06,-0.75,0.66,1.04,2.01,2.32,-3.94,44.56,-17.11,1
e,2022-11-01 17:21:40.079572,-0.06,-0.75,0.66,1.10,2.08,2.44,-4.33,44.73,-18.70,1
e,2022-11-01 17:21:40.079726,-0.06,-0.75,0.66,1.10,2.01,2.44,-4.33,44.73,-18.70,1
e,2022-11-01 17:21:40.079876,-0.06,-0.75,0.66,1.22,1.95,2.50,-4.33,44.73,-18.70,1
e,2022-11-01 17:21:40.080031,-0.06,-0.75,0.66,1.10,2.08,2.38,-3.80,44.86,-17.24,1
e,2022-11-01 17:21:40.080182,-0.06,-0.75,0.66,1.22,2.01,2.56,-3.80,44.86,-17.24,1
e,2022-11-01 17:21:40.080333,-0.06,-0.75,0.66,1.16,1.89,2.38,-3.80,44.86,-17.24,1
e,2022-11-01 17:21:40.080488,-0.06,-0.75,0.66,0.92,2.01,2.26,-4.06,44.76,-18.53,1
e,2022-11-01 17:21:40.080639,-0.06,-0.75,0.66,1.10,1.95,2.50,-4.06,44.76,-18.53,1
e,2022-11-01 17:21:40.080795,-0.06,-0.75,0.66,1.22,1.89,2.50,-4.06,44.76,-18.53,1
e,2022-11-01 17:21:40.080948,-0.06,-0.75,0.66,1.04,1.95,2.32,-4.00,44.81,-17.41,1
e,2022-11-01 17:21:40.081098,-0.06,-0.75,0.66,1.22,1.89,2.56,-4.00,44.81,-17.41,1
e,2022-11-01 17:21:40.081254,-0.06,-0.75,0.66,1.10,2.01,2.50,-4.14,44.64,-18.40,1
e,2022-11-01 17:21:40.081406,-0.06,-0.75,0.66,1.04,1.89,2.50,-4.14,44.64,-18.40,1
e,2022-11-01 17:21:40.081562,-0.06,-0.75,0.66,1.40,1.95,2.56,-4.14,44.64,-18.40,1
e,2022-11-01 17:21:40.081711,-0.06,-0.75,0.66,0.98,1.89,2.44,-3.88,44.97,-18.85,1
e,2022-11-01 17:21:40.081866,-0.06,-0.75,0.66,1.28,1.89,2.50,-3.88,44.97,-18.85,1
e,2022-11-01 17:21:40.082017,-0.06,-0.75,0.66,1.10,2.01,2.44,-3.88,44.97,-18.85,1
e,2022-11-01 17:21:40.082167,-0.06,-0.75,0.66,1.04,1.89,2.26,-3.86,44.38,-18.07,1
e,2022-11-01 17:21:40.082322,-0.06,-0.75,0.66,1.04,1.83,2.56,-3.86,44.38,-18.07,1
e,2022-11-01 17:21:40.082474,-0.06,-0.75,0.66,1.10,1.89,2.50,-3.86,44.38,-18.07,1
e,2022-11-01 17:21:40.082629,-0.06,-0.75,0.66,1.10,1.83,2.38,-4.00,44.71,-17.77,1
e,2022-11-01 17:21:40.082780,-0.06,-0.75,0.66,1.16,1.77,2.44,-4.00,44.71,-17.77,1
e,2022-11-01 17:21:40.082930,-0.06,-0.75,0.66,1.28,1.83,2.32,-3.88,44.21,-17.93,1
e,2022-11-01 17:21:40.083086,-0.06,-0.75,0.66,1.16,1.95,2.44,-3.88,44.21,-17.93,1
e,2022-11-01 17:21:40.083236,-0.06,-0.75,0.66,1.40,1.89,2.44,-3.88,44.21,-17.93,1
e,2022-11-01 17:21:40.083392,-0.06,-0.75,0.66,1.16,1.89,2.56,-3.55,44.67,-17.41,1
e,2022-11-01 17:21:40.083541,-0.06,-0.75,0.66,1.04,1.77,2.26,-3.55,44.67,-17.41,1
e,2022-11-01 17:21:40.083693,-0.06,-0.75,0.66,1.04,2.01,2.38,-3.55,44.67,-17.41,1
e,2022-11-01 17:21:40.083848,-0.06,-0.75,0.66,0.98,1.95,2.38,-3.65,44.56,-17.08,1
e,2022-11-01 17:21:40.083999,-0.06,-0.75,0.66,0.92,2.08,2.56,-3.65,44.56,-17.08,1
e,2022-11-01 17:21:40.084153,-0.06,-0.75,0.66,1.22,1.95,2.62,-3.65,44.56,-17.08,1
e,2022-11-01 17:21:40.084302,-0.06,-0.75,0.66,1.04,1.83,2.38,-4.37,44.63,-17.52,1
e,2022-11-01 17:21:40.084454,-0.06,-0.75,0.66,1.04,1.83,2.44,-4.37,44.63,-17.52,1
e,2022-11-01 17:21:40.084607,-0.06,-0.75,0.66,1.04,1.83,2.44,-3.59,44.89,-17.24,1
e,2022-11-01 17:21:40.084758,-0.06,-0.75,0.66,1.16,1.95,2.50,-3.59,44.89,-17.24,1
e,2022-11-01 17:21:40.084915,-0.06,-0.75,0.66,1.04,1.89,2.44,-3.59,44.89,-17.24,1
e,2022-11-01 17:21:40.085067,-0.06,-0.75,0.66,1.10,1.89,2.44,-4.04,44.49,-19.02,1
e,2022-11-01 17:21:40.085223,-0.06,-0.75,0.66,0.85,1.89,2.44,-4.04,44.49,-19.02,1
e,2022-11-01 17:21:40.085372,-0.06,-0.75,0.66,0.98,2.01,2.38,-4.04,44.49,-19.02,1
e,2022-11-01 17:21:40.085523,-0.06,-0.75,0.66,1.16,1.83,2.38,-3.94,44.52,-17.87,1
e,2022-11-01 17:21:40.085678,-0.06,-0.75,0.66,0.98,1.89,2.44,-3.94,44.52,-17.87,1
e,2022-11-01 17:21:40.085828,-0.06,-0.75,0.66,1.28,1.95,2.62,-3.94,44.52,-17.87,1
e,2022-11-01 17:21:40.085983,-0.06,-0.75,0.66,0.67,2.01,2.20,-4.05,44.79,-18.41,1
e,2022-11-01 17:21:40.086133,-0.06,-0.75,0.66,1.04,2.01,2.62,-4.05,44.79,-18.41,1
e,2022-11-01 17:21:40.086284,-0.06,-0.75,0.66,1.16,1.95,2.50,-3.99,44.90,-17.33,1
e,2022-11-01 17:21:40.086440,-0.06,-0.75,0.66,1.10,1.89,2.44,-3.99,44.90,-17.33,1
e,2022-11-01 17:21:40.086590,-0.06,-0.75,0.66,1.28,1.83,2.50,-3.99,44.90,-17.33,1
e,2022-11-01 17:21:40.086747,-0.06,-0.75,0.66,1.16,1.89,2.38,-4.11,44.98,-17.91,1
e,2022-11-01 17:21:40.086897,-0.06,-0.75,0.66,1.04,1.89,2.50,-4.11,44.98,-17.91,1
e,2022-11-01 17:21:40.087054,-0.06,-0.75,0.66,1.10,1.83,2.44,-4.11,44.98,-17.91,1
e,2022-11-01 17:21:40.087205,-0.06,-0.75,0.66,1.16,1.95,2.62,-4.60,44.02,-16.81,1
e,2022-11-01 17:21:40.087355,-0.06,-0.75,0.66,1.04,1.89,2.44,-4.60,44.02,-16.81,1
e,2022-11-01 17:21:40.087511,-0.06,-0.75,0.66,1.22,1.89,2.44,-4.02,44.67,-18.64,1
e,2022-11-01 17:21:40.087661,-0.06,-0.75,0.66,0.92,1.95,2.50,-4.02,44.67,-18.64,1
e,2022-11-01 17:21:40.087819,-0.06,-0.75,0.66,1.16,1.89,2.32,-4.02,44.67,-18.64,1
e,2022-11-01 17:21:40.087968,-0.06,-0.75,0.66,1.04,2.01,2.44,-4.11,44.89,-17.43,1
e,2022-11-01 17:21:40.088118,-0.06,-0.75,0.66,1.10,1.95,2.44,-4.11,44.89,-17.43,1
e,2022-11-01 17:21:40.088353,-0.06,-0.75,0.66,1.04,1.95,2.50,-4.11,44.89,-17.43,1
e,2022-11-01 17:21:40.088508,-0.06,-0.75,0.66,0.92,1.95,2.32,-3.93,44.91,-17.72,1
e,2022-11-01 17:21:40.088669,-0.06,-0.75,0.66,1.16,1.95,2.56,-3.93,44.91,-17.72,1
e,2022-11-01 17:21:40.088823,-0.06,-0.75,0.66,1.16,1.89,2.44,-3.93,44.91,-17.72,1
e,2022-11-01 17:21:40.088975,-0.06,-0.75,0.66,1.10,1.83,2.26,-3.87,44.37,-17.64,1
e,2022-11-01 17:21:40.089145,-0.06,-0.75,0.66,1.04,1.83,2.50,-3.87,44.37,-17.64,1
e,2022-11-01 17:21:40.089298,-0.06,-0.75,0.66,1.16,1.95,2.50,-4.43,44.52,-17.32,1
e,2022-11-01 17:21:40.089456,-0.06,-0.75,0.66,1.16,1.95,2.44,-4.43,44.52,-17.32,1
e,2022-11-01 17:21:40.089608,-0.06,-0.75,0.66,1.10,1.95,2.44,-4.43,44.52,-17.32,1
e,2022-11-01 17:21:40.089759,-0.06,-0.75,0.66,1.04,2.01,2.50,-3.93,44.23,-18.15,1
e,2022-11-01 17:21:40.089915,-0.06,-0.75,0.66,1.04,2.08,2.50,-3.93,44.23,-18.15,1
e,2022-11-01 17:21:40.090069,-0.06,-0.75,0.66,1.16,1.77,2.38,-3.93,44.23,-18.15,1
e,2022-11-01 17:21:40.090227,-0.06,-0.75,0.66,1.04,1.83,2.44,-3.99,43.98,-18.90,1
e,2022-11-01 17:21:40.090380,-0.06,-0.75,0.66,1.10,2.01,2.38,-3.99,43.98,-18.90,1
e,2022-11-01 17:21:40.090536,-0.06,-0.75,0.66,1.16,1.95,2.32,-3.99,43.98,-18.90,1
e,2022-11-01 17:21:40.090690,-0.06,-0.75,0.66,0.98,1.89,2.32,-3.81,44.13,-18.81,1
e,2022-11-01 17:21:40.090841,-0.06,-0.75,0.66,1.10,1.95,2.50,-3.81,44.13,-18.81,1
e,2022-11-01 17:21:40.090999,-0.06,-0.75,0.66,1.16,1.89,2.38,-3.97,44.32,-18.60,1
e,2022-11-01 17:21:40.091154,-0.06,-0.75,0.66,1.04,1.95,2.32,-3.97,44.32,-18.60,1
e,2022-11-01 17:21:40.091376,-0.06,-0.75,0.66,1.10,2.01,2.50,-3.97,44.32,-18.60,1
e,2022-11-01 17:21:40.091530,-0.06,-0.75,0.66,1.10,2.01,2.50,-4.79,44.56,-19.24,1
e,2022-11-01 17:21:40.091685,-0.06,-0.75,0.66,1.28,2.01,2.62,-4.79,44.56,-19.24,1
e,2022-11-01 17:21:40.091843,-0.06,-0.75,0.66,1.40,1.89,2.69,-4.79,44.56,-19.24,1
e,2022-11-01 17:21:40.091994,-0.06,-0.75,0.66,1.28,1.71,2.32,-4.04,44.41,-17.68,1
e,2022-11-01 17:21:40.092152,-0.06,-0.75,0.66,0.98,1.95,2.50,-4.04,44.41,-17.68,1
e,2022-11-01 17:21:40.092304,-0.06,-0.75,0.66,1.34,1.89,2.38,-4.04,44.41,-17.68,1
e,2022-11-01 17:21:40.092458,-0.06,-0.75,0.66,1.04,1.89,2.44,-4.14,45.28,-18.01,1
e,2022-11-01 17:21:40.092617,-0.06,-0.75,0.66,1.40,2.01,2.62,-4.14,45.28,-18.01,1
e,2022-11-01 17:21:40.092768,-0.06,-0.75,0.66,1.22,1.89,2.44,-4.00,44.65,-17.40,1
e,2022-11-01 17:21:40.092930,-0.06,-0.75,0.66,0.92,1.95,2.26,-4.00,44.65,-17.40,1
e,2022-11-01 17:21:40.093084,-0.06,-0.75,0.66,1.04,1.95,2.44,-4.00,44.65,-17.40,1
e,2022-11-01 17:21:40.093254,-0.06,-0.75,0.66,1.28,1.71,2.50,-3.86,45.12,-17.93,1
e,2022-11-01 17:21:40.093412,-0.06,-0.75,0.66,1.28,1.83,2.44,-3.86,45.12,-17.93,1
e,2022-11-01 17:21:40.093562,-0.06,-0.75,0.66,1.22,1.95,2.56,-3.86,45.12,-17.93,1
e,2022-11-01 17:21:40.093716,-0.06,-0.75,0.66,1.04,2.01,2.62,-4.53,44.35,-18.57,1
e,2022-11-01 17:21:40.093866,-0.06,-0.75,0.66,1.10,1.95,2.50,-4.53,44.35,-18.57,1
e,2022-11-01 17:21:40.094016,-0.06,-0.75,0.66,1.22,1.89,2.50,-4.53,44.35,-18.57,1
e,2022-11-01 17:21:40.094170,-0.06,-0.75,0.66,1.16,1.71,2.44,-3.88,44.82,-17.40,1
e,2022-11-01 17:21:40.094322,-0.06,-0.75,0.66,1.10,1.89,2.50,-3.88,44.82,-17.40,1
e,2022-11-01 17:21:40.094478,-0.06,-0.75,0.66,1.10,2.08,2.44,-4.24,44.64,-17.63,1
e,2022-11-01 17:21:40.094627,-0.06,-0.75,0.66,1.16,1.77,2.38,-4.24,44.64,-17.63,1
e,2022-11-01 17:21:40.094777,-0.06,-0.75,0.66,1.16,2.01,2.56,-4.24,44.64,-17.63,1
e,2022-11-01 17:21:40.094931,-0.06,-0.75,0.66,1.10,2.08,2.62,-4.83,44.04,-18.36,1
e,2022-11-01 17:21:40.095081,-0.06,-0.75,0.66,1.22,2.08,2.50,-4.83,44.04,-18.36,1
e,2022-11-01 17:21:40.095239,-0.06,-0.75,0.66,0.98,1.95,2.38,-4.83,44.04,-18.36,1
e,2022-11-01 17:21:40.095390,-0.06,-0.75,0.66,1.04,2.01,2.44,-4.14,44.73,-18.13,1
e,2022-11-01 17:21:40.095544,-0.06,-0.75,0.66,1.04,1.95,2.38,-4.14,44.73,-18.13,1
e,2022-11-01 17:21:40.095694,-0.06,-0.75,0.66,1.34,1.89,2.50,-4.14,44.73,-18.13,1
e,2022-11-01 17:21:40.095842,-0.06,-0.75,0.66,1.16,1.95,2.38,-4.26,44.43,-18.23,1
e,2022-11-01 17:21:40.095997,-0.06,-0.75,0.66,1.16,2.08,2.50,-4.26,44.43,-18.23,1
e,2022-11-01 17:21:40.096146,-0.06,-0.75,0.66,1.04,1.95,2.38,-3.93,44.14,-18.16,1
e,2022-11-01 17:21:40.096300,-0.06,-0.75,0.66,0.92,2.20,2.32,-3.93,44.14,-18.16,1
e,2022-11-01 17:21:40.096449,-0.06,-0.75,0.66,1.22,1.89,2.69,-3.93,44.14,-18.16,1
e,2022-11-01 17:21:40.096599,-0.06,-0.75,0.66,0.98,1.89,2.44,-4.20,45.18,-17.92,1
e,2022-11-01 17:21:40.096756,-0.06,-0.75,0.66,1.10,2.01,2.38,-4.20,45.18,-17.92,1
e,2022-11-01 17:21:40.096905,-0.06,-0.75,0.66,0.92,2.26,2.50,-4.20,45.18,-17.92,1
e,2022-11-01 17:21:40.097062,-0.06,-0.75,0.66,1.10,1.95,2.50,-3.49,44.18,-18.01,1
e,2022-11-01 17:21:40.097212,-0.06,-0.75,0.66,1.28,1.83,2.44,-3.49,44.18,-18.01,1
e,2022-11-01 17:21:40.097362,-0.06,-0.75,0.66,1.10,1.95,2.32,-3.49,44.18,-18.01,1
e,2022-11-01 17:21:40.097521,-0.06,-0.75,0.66,0.98,1.71,2.26,-3.65,44.74,-18.32,1
e,2022-11-01 17:21:40.097670,-0.06,-0.75,0.66,1.28,2.14,2.50,-3.65,44.74,-18.32,1
e,2022-11-01 17:21:40.097824,-0.06,-0.75,0.66,0.98,2.01,2.44,-3.81,44.41,-18.23,1
e,2022-11-01 17:21:40.097974,-0.06,-0.75,0.66,0.98,2.08,2.26,-3.81,44.41,-18.23,1
e,2022-11-01 17:21:40.098130,-0.06,-0.75,0.66,1.40,2.14,2.56,-3.81,44.41,-18.23,1
e,2022-11-01 17:21:40.098281,-0.06,-0.75,0.66,1.10,2.01,2.38,-4.58,45.03,-17.87,1
e,2022-11-01 17:21:40.098432,-0.06,-0.75,0.66,1.04,1.95,2.26,-4.58,45.03,-17.87,1
e,2022-11-01 17:21:40.098588,-0.06,-0.75,0.66,1.22,1.95,2.62,-4.58,45.03,-17.87,1
e,2022-11-01 17:21:40.098739,-0.06,-0.75,0.66,1.04,2.14,2.38,-3.65,44.45,-18.23,1
e,2022-11-01 17:21:40.098894,-0.06,-0.75,0.66,1.10,2.01,2.50,-3.65,44.45,-18.23,1
e,2022-11-01 17:21:40.099045,-0.06,-0.75,0.66,1.46,2.01,2.56,-3.65,44.45,-18.23,1
e,2022-11-01 17:21:40.099195,-0.06,-0.75,0.66,0.73,1.83,2.38,-4.32,44.10,-18.15,1
e,2022-11-01 17:21:40.099352,-0.06,-0.75,0.66,1.10,1.89,2.62,-4.32,44.10,-18.15,1
e,2022-11-01 17:21:40.099504,-0.06,-0.75,0.66,1.16,2.20,2.44,-4.58,44.78,-17.79,1
e,2022-11-01 17:21:40.099660,-0.06,-0.75,0.66,1.04,1.95,2.56,-4.58,44.78,-17.79,1
e,2022-11-01 17:21:40.099811,-0.06,-0.75,0.66,1.04,2.01,2.44,-4.58,44.78,-17.79,1
e,2022-11-01 17:21:40.099963,-0.06,-0.75,0.66,0.98,2.08,2.50,-4.17,44.48,-17.87,1
e,2022-11-01 17:21:40.100116,-0.06,-0.75,0.66,0.98,1.77,2.62,-4.17,44.48,-17.87,1
e,2022-11-01 17:21:40.100267,-0.06,-0.75,0.66,1.10,1.95,2.56,-4.17,44.48,-17.87,1
e,2022-11-01 17:21:40.100424,-0.06,-0.75,0.66,1.10,1.95,2.56,-4.37,44.71,-18.79,1
e,2022-11-01 17:21:40.100574,-0.06,-0.75,0.66,1.10,2.01,2.50,-4.37,44.71,-18.79,1
e,2022-11-01 17:21:40.100731,-0.06,-0.75,0.66,1.10,2.20,2.50,-4.37,44.71,-18.79,1
e,2022-11-01 17:21:40.100881,-0.06,-0.75,0.66,0.85,1.89,2.26,-4.20,44.31,-17.97,1
e,2022-11-01 17:21:40.101030,-0.06,-0.75,0.66,1.10,1.95,2.44,-4.20,44.31,-17.97,1
e,2022-11-01 17:21:40.101186,-0.06,-0.75,0.66,1.22,2.01,2.44,-4.24,44.26,-18.16,1
e,2022-11-01 17:21:40.101337,-0.06,-0.75,0.66,0.85,2.01,2.32,-4.24,44.26,-18.16,1
e,2022-11-01 17:21:40.101492,-0.06,-0.75,0.66,1.10,2.08,2.32,-4.24,44.26,-18.16,1
e,2022-11-01 17:21:40.101645,-0.06,-0.75,0.66,1.10,1.95,2.44,-3.70,44.80,-18.30,1
e,2022-11-01 17:21:40.101797,-0.06,-0.75,0.66,1.04,2.08,2.50,-3.70,44.80,-18.30,1
e,2022-11-01 17:21:40.101953,-0.06,-0.75,0.66,1.16,1.89,2.50,-3.70,44.80,-18.30,1
e,2022-11-01 17:21:40.102104,-0.06,-0.75,0.66,0.98,1.95,2.50,-4.52,44.13,-17.93,1
e,2022-11-01 17:21:40.102261,-0.06,-0.75,0.66,1.34,1.95,2.62,-4.52,44.13,-17.93,1
e,2022-11-01 17:21:40.102415,-0.06,-0.75,0.66,1.16,2.01,2.50,-4.52,44.13,-17.93,1
e,2022-11-01 17:21:40.102567,-0.06,-0.75,0.66,1.16,1.77,2.44,-4.06,44.18,-17.97,1
e,2022-11-01 17:21:40.102722,-0.06,-0.75,0.66,1.16,1.95,2.50,-4.06,44.18,-17.97,1
e,2022-11-01 17:21:40.102874,-0.06,-0.75,0.66,0.98,1.89,2.32,-3.89,44.80,-18.09,1
e,2022-11-01 17:21:40.103029,-0.06,-0.75,0.66,1.28,1.95,2.38,-3.89,44.80,-18.09,1
e,2022-11-01 17:21:40.103178,-0.06,-0.75,0.66,1.22,1.95,2.56,-3.89,44.80,-18.09,1
e,2022-11-01 17:21:40.103334,-0.06,-0.75,0.66,1.16,1.95,2.44,-3.87,44.93,-17.26,1
e,2022-11-01 17:21:40.103486,-0.06,-0.75,0.66,1.10,2.01,2.44,-3.87,44.93,-17.26,1
e,2022-11-01 17:21:40.103637,-0.06,-0.75,0.66,1.16,1.95,2.44,-3.87,44.93,-17.26,1
e,2022-11-01 17:21:40.103793,-0.06,-0.75,0.66,1.04,1.89,2.44,-4.41,44.45,-18.21,1
e,2022-11-01 17:21:40.103942,-0.06,-0.75,0.66,1.28,1.95,2.62,-4.41,44.45,-18.21,1
e,2022-11-01 17:21:40.104099,-0.06,-0.75,0.66,0.98,2.01,2.38,-4.41,44.45,-18.21,1
e,2022-11-01 17:21:40.104250,-0.06,-0.75,0.66,1.04,2.08,2.38,-4.00,44.30,-19.54,1
e,2022-11-01 17:21:40.104398,-0.06,-0.75,0.66,1.04,1.95,2.69,-4.00,44.30,-19.54,1
e,2022-11-01 17:21:40.104554,-0.06,-0.75,0.66,1.22,1.89,2.38,-3.69,44.57,-18.37,1
e,2022-11-01 17:21:40.104705,-0.06,-0.75,0.66,0.92,1.95,2.26,-3.69,44.57,-18.37,1
e,2022-11-01 17:21:40.104862,-0.06,-0.75,0.66,0.98,2.01,2.56,-3.69,44.57,-18.37,1
e,2022-11-01 17:21:40.105013,-0.06,-0.75,0.66,0.92,2.08,2.50,-3.67,44.67,-18.60,1
e,2022-11-01 17:21:40.105163,-0.06,-0.75,0.66,1.22,1.89,2.38,-3.67,44.67,-18.60,1
e,2022-11-01 17:21:40.105319,-0.06,-0.75,0.66,1.04,2.08,2.50,-3.67,44.67,-18.60,1
e,2022-11-01 17:21:40.105471,-0.06,-0.75,0.66,1.10,1.95,2.38,-3.91,43.87,-19.35,1
e,2022-11-01 17:21:40.105627,-0.06,-0.75,0.66,1.16,1.83,2.56,-3.91,43.87,-19.35,1
e,2022-11-01 17:21:40.105778,-0.06,-0.75,0.66,1.22,2.08,2.38,-3.91,43.87,-19.35,1
e,2022-11-01 17:21:40.105933,-0.06,-0.75,0.66,1.10,1.83,2.44,-4.20,44.46,-17.90,1
e,2022-11-01 17:21:40.106086,-0.06,-0.75,0.66,0.98,1.89,2.38,-4.20,44.46,-17.90,1
e,2022-11-01 17:21:40.106239,-0.06,-0.75,0.66,1.22,1.89,2.50,-4.66,44.43,-17.42,1
e,2022-11-01 17:21:40.106403,-0.06,-0.75,0.66,0.92,2.01,2.38,-4.66,44.43,-17.42,1
e,2022-11-01 17:21:40.106556,-0.06,-0.75,0.66,1.16,2.08,2.69,-4.66,44.43,-17.42,1
e,2022-11-01 17:21:40.106715,-0.06,-0.75,0.66,1.16,2.01,2.44,-3.98,44.57,-17.69,1
e,2022-11-01 17:21:40.106868,-0.06,-0.75,0.66,1.22,1.95,2.38,-3.98,44.57,-17.69,1
e,2022-11-01 17:21:40.107022,-0.06,-0.75,0.66,0.98,1.95,2.38,-3.98,44.57,-17.69,1
e,2022-11-01 17:21:40.107187,-0.06,-0.75,0.66,0.92,1.95,2.38,-4.28,44.63,-18.38,1
e,2022-11-01 17:21:40.107340,-0.06,-0.75,0.66,1.22,1.95,2.62,-4.28,44.63,-18.38,1
e,2022-11-01 17:21:40.107559,-0.06,-0.75,0.66,1.10,1.95,2.69,-4.28,44.63,-18.38,1
e,2022-11-01 17:21:40.107711,-0.06,-0.75,0.66,0.98,1.83,2.32,-4.50,44.73,-17.59,1
e,2022-11-01 17:21:40.107864,-0.06,-0.75,0.66,1.16,2.01,2.44,-4.50,44.73,-17.59,1
e,2022-11-01 17:21:40.108023,-0.06,-0.75,0.66,1.16,2.14,2.44,-4.19,44.74,-16.37,1
e,2022-11-01 17:21:40.108177,-0.06,-0.75,0.66,0.98,2.01,2.56,-4.19,44.74,-16.37,1
e,2022-11-01 17:21:40.108389,-0.06,-0.75,0.66,1.04,2.08,2.50,-4.19,44.74,-16.37,1
e,2022-11-01 17:21:40.108566,-0.06,-0.75,0.67,1.22,1.95,2.56,-4.06,44.69,-18.05,1
e,2022-11-01 17:21:40.108720,-0.06,-0.75,0.66,1.22,2.01,2.32,-4.06,44.69,-18.05,1
e,2022-11-01 17:21:40.108879,-0.06,-0.75,0.67,1.04,2.14,2.50,-4.06,44.69,-18.05,1
e,2022-11-01 17:21:40.109032,-0.06,-0.75,0.67,1.04,1.83,2.50,-4.06,44.82,-19.17,1
e,2022-11-01 17:21:40.109190,-0.06,-0.75,0.66,1.22,1.83,2.50,-4.06,44.82,-19.17,1
e,2022-11-01 17:21:40.109342,-0.06,-0.75,0.66,1.10,1.95,2.32,-4.06,44.82,-19.17,1
e,2022-11-01 17:21:40.109495,-0.06,-0.75,0.66,0.98,1.95,2.20,-4.35,44.21,-17.88,1
e,2022-11-01 17:21:40.109669,-0.06,-0.75,0.66,1.16,1.89,2.44,-4.35,44.21,-17.88,1
e,2022-11-01 17:21:40.109826,-0.06,-0.75,0.66,1.16,1.89,2.50,-4.14,44.84,-17.50,1
e,2022-11-01 17:21:40.109988,-0.06,-0.75,0.66,1.16,1.95,2.38,-4.14,44.84,-17.50,1
e,2022-11-01 17:21:40.110141,-0.06,-0.75,0.66,1.16,2.14,2.62,-4.14,44.84,-17.50,1
e,2022-11-01 17:21:40.110296,-0.06,-0.75,0.66,1.16,2.01,2.56,-4.16,44.71,-18.16,1
e,2022-11-01 17:21:40.110455,-0.06,-0.75,0.66,1.04,1.89,2.44,-4.16,44.71,-18.16,1
e,2022-11-01 17:21:40.110607,-0.06,-0.75,0.66,0.92,2.08,2.32,-4.16,44.71,-18.16,1
e,2022-11-01 17:21:40.110765,-0.06,-0.75,0.66,1.04,1.77,2.44,-4.75,44.32,-18.51,1
e,2022-11-01 17:21:40.110919,-0.06,-0.75,0.66,1.10,1.89,2.44,-4.75,44.32,-18.51,1
e,2022-11-01 17:21:40.111074,-0.06,-0.75,0.66,1.16,1.95,2.50,-4.75,44.32,-18.51,1
e,2022-11-01 17:21:40.111225,-0.06,-0.75,0.66,1.10,1.95,2.50,-4.20,44.20,-17.86,1
e,2022-11-01 17:21:40.111376,-0.06,-0.75,0.66,1.04,2.08,2.50,-4.20,44.20,-17.86,1
e,2022-11-01 17:21:40.111536,-0.06,-0.75,0.66,1.28,2.01,2.38,-4.26,44.06,-18.49,1
e,2022-11-01 17:21:40.111688,-0.06,-0.75,0.67,1.04,1.89,2.38,-4.26,44.06,-18.49,1
e,2022-11-01 17:21:40.111845,-0.06,-0.75,0.66,1.04,1.95,2.44,-4.26,44.06,-18.49,1
e,2022-11-01 17:21:40.111995,-0.06,-0.75,0.67,1.16,1.95,2.38,-4.17,44.58,-18.12,1
e,2022-11-01 17:21:40.112146,-0.06,-0.75,0.66,0.98,2.01,2.32,-4.17,44.58,-18.12,1
e,2022-11-01 17:21:40.112303,-0.06,-0.75,0.66,1.28,1.95,2.44,-4.17,44.58,-18.12,1
e,2022-11-01 17:21:40.112453,-0.09,-0.75,0.66,1.16,1.89,2.50,-4.30,44.41,-17.43,1
e,2022-11-01 17:21:40.112610,-0.06,-0.75,0.67,1.28,1.83,2.50,-4.30,44.41,-17.43,1
e,2022-11-01 17:21:40.112761,-0.06,-0.75,0.66,1.22,1.95,2.56,-4.30,44.41,-17.43,1
e,2022-11-01 17:21:40.112911,-0.06,-0.75,0.67,1.16,1.89,2.50,-4.22,45.03,-17.41,1
e,2022-11-01 17:21:40.113065,-0.06,-0.75,0.66,1.10,2.01,2.32,-4.22,45.03,-17.41,1
e,2022-11-01 17:21:40.113216,-0.03,-0.75,0.67,0.85,2.01,2.50,-4.08,44.34,-18.60,1
e,2022-11-01 17:21:40.113374,-0.06,-0.75,0.66,0.98,2.01,2.32,-4.08,44.34,-18.60,1
e,2022-11-01 17:21:40.113525,-0.06,-0.75,0.66,1.28,1.95,2.38,-4.08,44.34,-18.60,1
e,2022-11-01 17:21:40.113676,-0.06,-0.75,0.66,1.22,1.89,2.50,-3.76,45.43,-17.93,1
e,2022-11-01 17:21:40.113828,-0.06,-0.75,0.66,1.22,1.95,2.38,-3.76,45.43,-17.93,1
e,2022-11-01 17:21:40.113980,-0.09,-0.75,0.66,1.10,2.01,2.50,-3.76,45.43,-17.93,1
e,2022-11-01 17:21:40.114137,-0.06,-0.75,0.66,0.98,1.95,2.38,-4.21,44.52,-18.26,1
e,2022-11-01 17:21:40.114289,-0.06,-0.75,0.66,1.16,1.95,2.38,-4.21,44.52,-18.26,1
e,2022-11-01 17:21:40.114443,-0.06,-0.75,0.66,1.04,2.20,2.56,-4.21,44.52,-18.26,1
e,2022-11-01 17:21:40.114593,-0.06,-0.75,0.66,1.10,1.77,2.50,-4.16,44.48,-17.68,1
e,2022-11-01 17:21:40.114743,-0.06,-0.75,0.67,0.98,2.01,2.50,-4.16,44.48,-17.68,1
e,2022-11-01 17:21:40.114898,-0.06,-0.75,0.66,1.22,2.14,2.50,-3.87,44.56,-17.57,1
e,2022-11-01 17:21:40.115047,-0.06,-0.75,0.66,1.04,1.83,2.32,-3.87,44.56,-17.57,1
e,2022-11-01 17:21:40.115203,-0.06,-0.75,0.67,1.04,2.01,2.32,-3.87,44.56,-17.57,1
e,2022-11-01 17:21:40.115352,-0.06,-0.75,0.66,1.10,1.95,2.50,-3.92,44.53,-17.32,1
e,2022-11-01 17:21:40.115502,-0.06,-0.75,0.67,1.22,1.89,2.56,-3.92,44.53,-17.32,1
e,2022-11-01 17:21:40.115657,-0.06,-0.75,0.66,1.16,1.95,2.56,-3.92,44.53,-17.32,1
e,2022-11-01 17:21:40.115807,-0.06,-0.75,0.67,0.85,1.83,2.32,-3.97,44.70,-18.43,1
e,2022-11-01 17:21:40.115963,-0.06,-0.75,0.66,0.92,1.95,2.32,-3.97,44.70,-18.43,1
e,2022-11-01 17:21:40.116114,-0.06,-0.75,0.66,0.98,2.08,2.44,-3.97,44.70,-18.43,1
e,2022-11-01 17:21:40.116267,-0.06,-0.75,0.66,0.79,2.01,2.32,-4.21,44.60,-17.93,1
e,2022-11-01 17:21:40.116418,-0.06,-0.75,0.66,1.04,2.08,2.56,-4.21,44.60,-17.93,1
e,2022-11-01 17:21:40.116571,-0.06,-0.75,0.67,0.98,1.95,2.50,-4.36,44.69,-17.72,1
e,2022-11-01 17:21:40.116730,-0.06,-0.75,0.67,1.16,2.01,2.50,-4.36,44.69,-17.72,1
e,2022-11-01 17:21:40.116880,-0.06,-0.75,0.66,1.10,1.95,2.44,-4.36,44.69,-17.72,1
e,2022-11-01 17:21:40.117034,-0.06,-0.75,0.67,1.16,1.83,2.44,-4.24,44.51,-17.38,1
e,2022-11-01 17:21:40.117184,-0.06,-0.75,0.67,1.10,1.83,2.50,-4.24,44.51,-17.38,1
e,2022-11-01 17:21:40.117334,-0.06,-0.75,0.66,1.10,1.89,2.38,-4.24,44.51,-17.38,1
e,2022-11-01 17:21:40.117489,-0.06,-0.75,0.66,0.98,1.83,2.44,-4.32,44.80,-18.73,1
e,2022-11-01 17:21:40.117638,-0.06,-0.75,0.67,0.98,1.89,2.44,-4.32,44.80,-18.73,1
e,2022-11-01 17:21:40.117792,-0.06,-0.75,0.67,1.22,1.83,2.56,-4.32,44.80,-18.73,1
e,2022-11-01 17:21:40.117941,-0.06,-0.75,0.67,1.04,1.89,2.38,-3.98,44.26,-16.67,1
e,2022-11-01 17:21:40.118092,-0.06,-0.75,0.67,1.10,2.01,2.44,-3.98,44.26,-16.67,1
e,2022-11-01 17:21:40.118247,-0.06,-0.75,0.67,1.22,1.95,2.50,-4.44,44.07,-17.77,1
e,2022-11-01 17:21:40.118399,-0.06,-0.75,0.67,1.16,1.95,2.38,-4.44,44.07,-17.77,1
e,2022-11-01 17:21:40.118554,-0.06,-0.75,0.66,1.34,1.95,2.62,-4.44,44.07,-17.77,1
e,2022-11-01 17:21:40.118704,-0.06,-0.75,0.66,1.22,2.01,2.75,-3.86,44.73,-18.07,1
e,2022-11-01 17:21:40.118854,-0.06,-0.75,0.67,1.04,2.01,2.44,-3.86,44.73,-18.07,1
e,2022-11-01 17:21:40.119012,-0.06,-0.75,0.67,1.16,1.89,2.44,-3.86,44.73,-18.07,1
e,2022-11-01 17:21:40.119162,-0.06,-0.75,0.66,1.04,1.95,2.50,-4.19,44.20,-17.66,1
e,2022-11-01 17:21:40.119317,-0.06,-0.75,0.67,1.34,2.08,2.38,-4.19,44.20,-17.66,1
e,2022-11-01 17:21:40.119467,-0.06,-0.75,0.67,1.10,1.95,2.38,-4.19,44.20,-17.66,1
e,2022-11-01 17:21:40.119622,-0.06,-0.75,0.67,1.28,1.83,2.44,-4.31,44.54,-17.48,1
e,2022-11-01 17:21:40.119773,-0.06,-0.75,0.67,1.10,1.95,2.50,-4.31,44.54,-17.48,1
e,2022-11-01 17:21:40.119921,-0.06,-0.75,0.67,1.04,2.01,2.44,-4.06,44.46,-19.12,1
e,2022-11-01 17:21:40.120078,-0.06,-0.75,0.67,1.10,2.01,2.44,-4.06,44.46,-19.12,1
e,2022-11-01 17:21:40.120231,-0.06,-0.74,0.66,1.16,1.89,2.44,-4.06,44.46,-19.12,1
e,2022-11-01 17:21:40.120389,-0.06,-0.74,0.67,1.22,2.01,2.56,-4.22,44.60,-18.60,1
e,2022-11-01 17:21:40.120540,-0.06,-0.75,0.67,0.92,1.95,2.32,-4.22,44.60,-18.60,1
e,2022-11-01 17:21:40.120689,-0.06,-0.75,0.67,1.28,2.01,2.62,-4.22,44.60,-18.60,1
e,2022-11-01 17:21:40.120846,-0.06,-0.75,0.67,1.04,1.95,2.50,-4.44,44.42,-17.75,1
e,2022-11-01 17:21:40.121000,-0.06,-0.75,0.67,1.22,2.08,2.50,-4.44,44.42,-17.75,1
e,2022-11-01 17:21:40.121156,-0.06,-0.75,0.67,1.22,2.01,2.44,-4.44,44.42,-17.75,1
e,2022-11-01 17:21:40.121306,-0.06,-0.75,0.67,1.22,1.83,2.26,-4.20,44.30,-18.04,1
e,2022-11-01 17:21:40.121456,-0.06,-0.75,0.67,0.92,2.01,2.32,-4.20,44.30,-18.04,1
e,2022-11-01 17:21:40.121611,-0.06,-0.75,0.67,1.16,2.01,2.50,-4.55,44.24,-17.76,1
e,2022-11-01 17:21:40.121762,-0.06,-0.75,0.67,1.10,1.89,2.50,-4.55,44.24,-17.76,1
e,2022-11-01 17:21:40.121919,-0.06,-0.75,0.67,1.04,2.01,2.44,-4.55,44.24,-17.76,1
e,2022-11-01 17:21:40.122070,-0.06,-0.75,0.67,1.04,1.95,2.38,-3.85,44.49,-18.35,1
e,2022-11-01 17:21:40.122226,-0.06,-0.75,0.67,1.10,1.95,2.50,-3.85,44.49,-18.35,1
e,2022-11-01 17:21:40.122382,-0.06,-0.75,0.67,0.98,2.14,2.50,-3.85,44.49,-18.35,1
e,2022-11-01 17:21:40.122533,-0.06,-0.75,0.67,1.04,1.83,2.38,-4.24,44.74,-18.18,1
e,2022-11-01 17:21:40.122691,-0.06,-0.75,0.67,1.10,2.01,2.38,-4.24,44.74,-18.18,1
e,2022-11-01 17:21:40.122842,-0.06,-0.75,0.67,1.16,1.89,2.44,-4.24,44.74,-18.18,1
e,2022-11-01 17:21:40.123002,-0.06,-0.75,0.67,1.10,1.77,2.38,-4.39,44.29,-18.40,1
e,2022-11-01 17:21:40.123156,-0.06,-0.75,0.67,0.98,2.01,2.44,-4.39,44.29,-18.40,1
e,2022-11-01 17:21:40.123309,-0.06,-0.74,0.67,1.16,2.14,2.62,-4.21,44.93,-17.59,1
e,2022-11-01 17:21:40.123465,-0.06,-0.75,0.67,1.22,2.08,2.50,-4.21,44.93,-17.59,1
e,2022-11-01 17:21:40.123636,-0.06,-0.75,0.67,1.28,2.01,2.56,-4.21,44.93,-17.59,1
e,2022-11-01 17:21:40.123793,-0.06,-0.75,0.67,1.28,1.95,2.32,-4.44,44.40,-18.93,1
e,2022-11-01 17:21:40.123944,-0.06,-0.75,0.67,0.92,2.01,2.38,-4.44,44.40,-18.93,1
e,2022-11-01 17:21:40.124096,-0.06,-0.75,0.66,1.10,2.01,2.44,-4.44,44.40,-18.93,1
e,2022-11-01 17:21:40.124254,-0.06,-0.74,0.66,0.98,1.83,2.44,-4.36,44.48,-17.92,1
e,2022-11-01 17:21:40.124407,-0.06,-0.74,0.67,1.16,2.08,2.38,-4.36,44.48,-17.92,1
e,2022-11-01 17:21:40.124564,-0.06,-0.75,0.67,1.04,1.89,2.38,-4.36,44.48,-17.92,1
e,2022-11-01 17:21:40.124715,-0.06,-0.74,0.67,0.98,1.77,2.26,-4.10,44.49,-15.88,1
e,2022-11-01 17:21:40.124866,-0.06,-0.75,0.67,1.16,1.95,2.44,-4.10,44.49,-15.88,1
e,2022-11-01 17:21:40.125031,-0.06,-0.75,0.67,1.10,1.95,2.50,-3.82,44.53,-17.65,1
e,2022-11-01 17:21:40.125183,-0.06,-0.74,0.67,0.98,1.95,2.32,-3.82,44.53,-17.65,1
e,2022-11-01 17:21:40.125349,-0.06,-0.75,0.67,0.98,1.83,2.32,-3.82,44.53,-17.65,1
e,2022-11-01 17:21:40.125504,-0.06,-0.75,0.67,1.16,1.89,2.56,-4.48,44.64,-18.18,1
e,2022-11-01 17:21:40.125662,-0.06,-0.75,0.67,1.22,1.83,2.56,-4.48,44.64,-18.18,1
e,2022-11-01 17:21:40.125815,-0.06,-0.74,0.67,1.22,2.01,2.56,-4.48,44.64,-18.18,1
e,2022-11-01 17:21:40.125970,-0.06,-0.75,0.67,1.16,1.65,2.32,-4.66,43.80,-18.35,1
e,2022-11-01 17:21:40.126133,-0.06,-0.74,0.67,1.10,1.89,2.38,-4.66,43.80,-18.35,1
e,2022-11-01 17:21:40.126286,-0.06,-0.74,0.67,1.34,1.95,2.56,-4.66,43.80,-18.35,1
e,2022-11-01 17:21:40.126448,-0.06,-0.74,0.67,1.10,1.83,2.50,-4.38,43.82,-17.48,1
e,2022-11-01 17:21:40.126600,-0.06,-0.75,0.67,1.10,1.95,2.38,-4.38,43.82,-17.48,1
e,2022-11-01 17:21:40.126752,-0.06,-0.75,0.67,1.16,1.89,2.50,-4.58,44.73,-19.09,1
e,2022-11-01 17:21:40.126912,-0.06,-0.75,0.67,1.04,2.01,2.38,-4.58,44.73,-19.09,1
e,2022-11-01 17:21:40.127066,-0.06,-0.74,0.67,1.10,1.95,2.50,-4.58,44.73,-19.09,1
e,2022-11-01 17:21:40.127226,-0.06,-0.74,0.67,1.28,1.95,2.50,-3.98,44.46,-17.58,1
e,2022-11-01 17:21:40.127379,-0.06,-0.74,0.67,1.16,1.95,2.75,-3.98,44.46,-17.58,1
e,2022-11-01 17:21:40.127529,-0.06,-0.75,0.67,1.10,2.08,2.56,-3.98,44.46,-17.58,1
e,2022-11-01 17:21:40.127687,-0.06,-0.74,0.67,1.22,1.95,2.38,-4.55,43.96,-18.15,1
e,2022-11-01 17:21:40.127839,-0.06,-0.74,0.67,1.04,2.01,2.44,-4.55,43.96,-18.15,1
e,2022-11-01 17:21:40.128000,-0.06,-0.75,0.67,1.04,1.83,2.32,-4.55,43.96,-18.15,1
e,2022-11-01 17:21:40.128152,-0.06,-0.74,0.67,1.10,1.95,2.50,-4.09,44.52,-18.68,1
e,2022-11-01 17:21:40.128305,-0.06,-0.74,0.67,1.10,2.08,2.50,-4.09,44.52,-18.68,1
e,2022-11-01 17:21:40.128470,-0.06,-0.74,0.67,0.98,2.01,2.56,-4.26,44.18,-18.38,1
e,2022-11-01 17:21:40.128623,-0.06,-0.74,0.67,1.10,1.83,2.50,-4.26,44.18,-18.38,1
e,2022-11-01 17:21:40.128787,-0.06,-0.74,0.67,0.98,2.08,2.32,-4.26,44.18,-18.38,1
e,2022-11-01 17:21:40.128938,-0.06,-0.74,0.67,0.92,1.95,2.44,-4.74,44.24,-17.24,1
e,2022-11-01 17:21:40.129089,-0.06,-0.74,0.67,0.92,2.14,2.50,-4.74,44.24,-17.24,1
e,2022-11-01 17:21:40.129271,-0.06,-0.74,0.67,1.16,1.95,2.62,-4.74,44.24,-17.24,1
e,2022-11-01 17:21:40.129426,-0.06,-0.74,0.67,0.98,1.95,2.32,-4.43,44.69,-19.24,1
e,2022-11-01 17:21:40.129616,-0.06,-0.74,0.67,1.16,1.95,2.26,-4.43,44.69,-19.24,1
e,2022-11-01 17:21:40.129769,-0.06,-0.74,0.67,1.04,2.01,2.44,-4.43,44.69,-19.24,1
e,2022-11-01 17:21:40.129927,-0.06,-0.74,0.67,1.22,2.08,2.44,-3.82,44.65,-17.11,1
e,2022-11-01 17:21:40.130077,-0.06,-0.74,0.67,1.28,2.01,2.44,-3.82,44.65,-17.11,1
e,2022-11-01 17:21:40.130225,-0.06,-0.74,0.67,1.10,1.95,2.38,-4.43,43.96,-17.20,1
e,2022-11-01 17:21:40.130381,-0.06,-0.74,0.67,1.04,1.71,2.44,-4.43,43.96,-17.20,1
e,2022-11-01 17:21:40.130532,-0.06,-0.74,0.67,1.22,1.89,2.44,-4.43,43.96,-17.20,1
e,2022-11-01 17:21:40.130688,-0.06,-0.74,0.67,1.10,1.77,2.32,-4.30,44.57,-19.09,1
e,2022-11-01 17:21:40.130838,-0.06,-0.74,0.67,1.22,1.95,2.44,-4.30,44.57,-19.09,1
e,2022-11-01 17:21:40.130988,-0.06,-0.74,0.67,1.10,1.83,2.44,-4.30,44.57,-19.09,1
e,2022-11-01 17:21:40.131142,-0.06,-0.74,0.67,0.98,1.83,2.44,-4.33,44.75,-18.31,1
e,2022-11-01 17:21:40.131292,-0.06,-0.74,0.67,1.22,1.89,2.44,-4.33,44.75,-18.31,1
e,2022-11-01 17:21:40.131451,-0.06,-0.74,0.67,1.04,1.89,2.32,-4.33,44.75,-18.31,1
e,2022-11-01 17:21:40.131601,-0.06,-0.74,0.67,0.92,1.89,2.26,-4.13,44.63,-18.03,1
e,2022-11-01 17:21:40.131752,-0.06,-0.74,0.67,1.22,2.01,2.56,-4.13,44.63,-18.03,1
e,2022-11-01 17:21:40.131909,-0.06,-0.74,0.67,1.22,1.89,2.50,-4.09,44.74,-18.32,1
e,2022-11-01 17:21:40.132057,-0.06,-0.74,0.67,1.22,1.95,2.44,-4.09,44.74,-18.32,1
e,2022-11-01 17:21:40.132212,-0.06,-0.74,0.67,1.16,1.95,2.20,-4.09,44.74,-18.32,1
e,2022-11-01 17:21:40.132364,-0.06,-0.74,0.67,1.16,1.89,2.62,-3.94,45.08,-18.33,1
e,2022-11-01 17:21:40.132521,-0.06,-0.74,0.67,1.10,1.89,2.26,-3.94,45.08,-18.33,1
e,2022-11-01 17:21:40.132671,-0.06,-0.74,0.67,0.92,2.14,2.44,-3.94,45.08,-18.33,1
e,2022-11-01 17:21:40.132820,-0.06,-0.74,0.67,1.10,1.77,2.44,-4.33,44.81,-19.09,1
e,2022-11-01 17:21:40.132976,-0.06,-0.74,0.67,1.22,2.01,2.38,-4.33,44.81,-19.09,1
e,2022-11-01 17:21:40.133126,-0.06,-0.74,0.67,1.28,1.95,2.56,-4.33,44.81,-19.09,1
e,2022-11-01 17:21:40.133283,-0.06,-0.74,0.67,0.98,1.89,2.26,-4.31,44.87,-16.58,1
e,2022-11-01 17:21:40.133435,-0.06,-0.74,0.67,1.16,1.89,2.44,-4.31,44.87,-16.58,1
e,2022-11-01 17:21:40.133584,-0.06,-0.74,0.67,1.10,1.95,2.50,-4.64,45.32,-18.26,1
e,2022-11-01 17:21:40.133736,-0.06,-0.74,0.67,1.28,2.08,2.44,-4.64,45.32,-18.26,1
e,2022-11-01 17:21:40.133885,-0.06,-0.74,0.67,1.22,2.01,2.32,-4.64,45.32,-18.26,1
e,2022-11-01 17:21:40.134039,-0.06,-0.74,0.67,1.16,2.01,2.44,-4.63,45.31,-18.57,1
e,2022-11-01 17:21:40.134189,-0.06,-0.74,0.67,1.16,1.83,2.56,-4.63,45.31,-18.57,1
e,2022-11-01 17:21:40.134345,-0.06,-0.74,0.67,1.10,2.14,2.50,-4.63,45.31,-18.57,1
e,2022-11-01 17:21:40.134499,-0.06,-0.74,0.67,0.92,2.08,2.38,-4.19,45.00,-17.69,1
e,2022-11-01 17:21:40.134649,-0.06,-0.74,0.67,0.79,2.01,2.32,-4.19,45.00,-17.69,1
e,2022-11-01 17:21:40.134805,-0.06,-0.74,0.67,1.04,1.95,2.56,-4.19,45.00,-17.69,1
e,2022-11-01 17:21:40.134957,-0.06,-0.74,0.67,0.92,1.83,2.32,-4.21,44.98,-17.83,1
e,2022-11-01 17:21:40.135112,-0.06,-0.74,0.67,1.16,1.95,2.44,-4.21,44.98,-17.83,1
e,2022-11-01 17:21:40.135263,-0.06,-0.74,0.67,1.16,2.01,2.38,-3.82,44.74,-17.36,1
e,2022-11-01 17:21:40.135414,-0.06,-0.74,0.67,1.28,2.08,2.50,-3.82,44.74,-17.36,1
e,2022-11-01 17:21:40.135573,-0.06,-0.74,0.67,1.04,1.95,2.50,-3.82,44.74,-17.36,1
e,2022-11-01 17:21:40.135723,-0.06,-0.75,0.67,1.10,2.01,2.44,-4.21,44.51,-18.97,1
e,2022-11-01 17:21:40.135879,-0.06,-0.74,0.67,1.10,1.95,2.56,-4.21,44.51,-18.97,1
e,2022-11-01 17:21:40.136029,-0.06,-0.74,0.67,1.22,1.83,2.50,-4.21,44.51,-18.97,1
e,2022-11-01 17:21:40.136180,-0.06,-0.74,0.67,1.16,1.71,2.56,-3.44,44.75,-19.06,1
e,2022-11-01 17:21:40.136337,-0.06,-0.74,0.67,1.16,1.95,2.44,-3.44,44.75,-19.06,1
e,2022-11-01 17:21:40.136487,-0.06,-0.74,0.67,1.16,1.95,2.56,-3.44,44.75,-19.06,1
e,2022-11-01 17:21:40.136642,-0.06,-0.74,0.67,1.04,1.95,2.50,-4.79,44.48,-18.10,1
e,2022-11-01 17:21:40.136792,-0.06,-0.74,0.67,1.22,1.83,2.50,-4.79,44.48,-18.10,1
e,2022-11-01 17:21:40.136941,-0.06,-0.75,0.67,1.22,1.89,2.44,-3.91,45.03,-17.50,1
e,2022-11-01 17:21:40.137095,-0.06,-0.74,0.67,1.16,1.95,2.50,-3.91,45.03,-17.50,1
e,2022-11-01 17:21:40.137247,-0.06,-0.74,0.67,1.10,1.89,2.44,-3.91,45.03,-17.50,1
e,2022-11-01 17:21:40.137402,-0.06,-0.75,0.67,1.10,2.01,2.56,-4.50,45.25,-18.38,1
e,2022-11-01 17:21:40.137552,-0.06,-0.74,0.67,1.16,1.77,2.38,-4.50,45.25,-18.38,1
e,2022-11-01 17:21:40.137707,-0.06,-0.74,0.67,1.22,1.95,2.44,-4.50,45.25,-18.38,1
e,2022-11-01 17:21:40.137859,-0.06,-0.74,0.67,1.10,1.95,2.56,-4.14,45.26,-18.48,1
e,2022-11-01 17:21:40.138009,-0.06,-0.74,0.67,1.16,2.01,2.62,-4.14,45.26,-18.48,1
e,2022-11-01 17:21:40.138164,-0.06,-0.74,0.67,1.10,1.95,2.38,-4.14,45.26,-18.48,1
e,2022-11-01 17:21:40.138316,-0.06,-0.74,0.67,0.98,2.01,2.44,-3.91,44.57,-17.19,1
e,2022-11-01 17:21:40.138472,-0.06,-0.74,0.67,0.98,2.01,2.38,-3.91,44.57,-17.19,1
e,2022-11-01 17:21:40.138623,-0.06,-0.74,0.67,1.28,1.95,2.56,-3.96,45.06,-18.25,1
e,2022-11-01 17:21:40.138774,-0.06,-0.74,0.67,1.04,1.83,2.32,-3.96,45.06,-18.25,1
e,2022-11-01 17:21:40.138953,-0.06,-0.74,0.67,0.98,1.77,2.44,-3.96,45.06,-18.25,1
e,2022-11-01 17:21:40.139106,-0.06,-0.74,0.67,1.04,1.89,2.44,-3.82,44.75,-17.47,1
e,2022-11-01 17:21:40.139264,-0.06,-0.74,0.67,0.92,1.95,2.62,-3.82,44.75,-17.47,1
e,2022-11-01 17:21:40.139415,-0.06,-0.74,0.67,1.22,2.08,2.44,-3.82,44.75,-17.47,1
e,2022-11-01 17:21:40.139570,-0.06,-0.74,0.67,1.04,1.95,2.56,-3.94,44.79,-17.75,1
e,2022-11-01 17:21:40.139726,-0.06,-0.74,0.67,1.22,1.77,2.38,-3.94,44.79,-17.75,1
e,2022-11-01 17:21:40.139878,-0.06,-0.74,0.67,1.28,1.89,2.38,-3.94,44.79,-17.75,1
e,2022-11-01 17:21:40.140033,-0.06,-0.74,0.67,1.10,1.77,2.26,-4.20,44.54,-17.94,1
e,2022-11-01 17:21:40.140187,-0.06,-0.74,0.67,1.28,1.89,2.38,-4.20,44.54,-17.94,1
e,2022-11-01 17:21:40.140343,-0.06,-0.74,0.67,1.22,1.77,2.38,-4.20,44.62,-17.53,1
e,2022-11-01 17:21:40.140496,-0.06,-0.74,0.67,0.92,2.08,2.32,-4.20,44.62,-17.53,1
e,2022-11-01 17:21:40.140647,-0.06,-0.74,0.67,1.04,1.95,2.44,-4.20,44.62,-17.53,1
e,2022-11-01 17:21:40.140804,-0.06,-0.74,0.67,1.16,1.89,2.44,-3.98,44.74,-18.09,1
e,2022-11-01 17:21:40.140955,-0.06,-0.74,0.67,1.10,2.01,2.44,-3.98,44.74,-18.09,1
e,2022-11-01 17:21:40.141111,-0.06,-0.74,0.67,1.16,1.95,2.44,-3.98,44.74,-18.09,1
e,2022-11-01 17:21:40.141262,-0.06,-0.74,0.67,1.22,1.89,2.50,-3.59,44.43,-18.46,1
e,2022-11-01 17:21:40.141413,-0.06,-0.74,0.67,1.34,2.08,2.62,-3.59,44.43,-18.46,1
e,2022-11-01 17:21:40.141576,-0.06,-0.74,0.67,1.34,1.95,2.69,-3.59,44.43,-18.46,1
e,2022-11-01 17:21:40.141727,-0.06,-0.74,0.67,1.04,1.83,2.56,-3.87,44.58,-17.80,1
e,2022-11-01 17:21:40.141887,-0.06,-0.74,0.67,1.16,1.95,2.56,-3.87,44.58,-17.80,1
e,2022-11-01 17:21:40.142037,-0.06,-0.74,0.67,1.10,2.14,2.44,-4.08,45.24,-18.52,1
e,2022-11-01 17:21:40.142187,-0.06,-0.74,0.67,1.04,2.01,2.38,-4.08,45.24,-18.52,1
e,2022-11-01 17:21:40.142347,-0.06,-0.74,0.67,1.16,1.83,2.50,-4.08,45.24,-18.52,1
e,2022-11-01 17:21:40.142501,-0.06,-0.74,0.67,1.04,1.77,2.50,-4.42,44.70,-18.07,1
e,2022-11-01 17:21:40.142662,-0.06,-0.74,0.67,0.98,1.95,2.44,-4.42,44.70,-18.07,1
e,2022-11-01 17:21:40.142817,-0.06,-0.74,0.67,1.22,1.95,2.44,-4.42,44.70,-18.07,1
e,2022-11-01 17:21:40.142969,-0.06,-0.74,0.67,0.92,2.01,2.44,-3.94,44.86,-17.79,1
e,2022-11-01 17:21:40.143131,-0.06,-0.74,0.67,1.22,1.95,2.56,-3.94,44.86,-17.79,1
e,2022-11-01 17:21:40.143284,-0.06,-0.74,0.67,1.16,1.95,2.62,-3.94,44.86,-17.79,1
e,2022-11-01 17:21:40.143449,-0.06,-0.74,0.67,0.98,1.89,2.44,-4.43,44.38,-17.47,1
e,2022-11-01 17:21:40.143604,-0.06,-0.74,0.67,1.10,1.89,2.38,-4.43,44.38,-17.47,1
e,2022-11-01 17:21:40.143823,-0.06,-0.74,0.67,1.04,1.95,2.26,-4.08,44.82,-18.93,1
e,2022-11-01 17:21:40.143981,-0.06,-0.74,0.67,1.10,1.83,2.50,-4.08,44.82,-18.93,1
e,2022-11-01 17:21:40.144134,-0.06,-0.74,0.67,1.10,1.95,2.56,-4.08,44.82,-18.93,1
e,2022-11-01 17:21:40.144302,-0.06,-0.74,0.67,1.16,1.83,2.44,-4.25,44.84,-18.55,1
e,2022-11-01 17:21:40.144453,-0.06,-0.74,0.67,1.22,1.83,2.50,-4.25,44.84,-18.55,1
e,2022-11-01 17:21:40.144614,-0.06,-0.74,0.67,1.28,1.89,2.50,-4.25,44.84,-18.55,1
e,2022-11-01 17:21:40.144768,-0.06,-0.74,0.67,0.98,1.77,2.32,-4.36,44.80,-17.72,1
e,2022-11-01 17:21:40.144920,-0.06,-0.74,0.67,1.40,1.89,2.50,-4.36,44.80,-17.72,1
e,2022-11-01 17:21:40.145077,-0.06,-0.74,0.67,1.10,2.01,2.56,-4.36,44.80,-17.72,1
e,2022-11-01 17:21:40.145230,-0.06,-0.74,0.67,1.04,1.83,2.44,-4.58,44.51,-17.75,1
e,2022-11-01 17:21:40.145389,-0.06,-0.74,0.67,1.10,1.89,2.38,-4.58,44.51,-17.75,1
e,2022-11-01 17:21:40.145541,-0.06,-0.74,0.67,0.98,1.89,2.50,-4.15,44.57,-19.07,1
e,2022-11-01 17:21:40.145693,-0.06,-0.74,0.67,0.85,2.01,2.32,-4.15,44.57,-19.07,1
e,2022-11-01 17:21:40.145851,-0.06,-0.74,0.67,1.10,2.01,2.38,-4.15,44.57,-19.07,1
e,2022-11-01 17:21:40.146007,-0.06,-0.74,0.67,1.04,2.01,2.50,-4.28,45.07,-18.86,1
e,2022-11-01 17:21:40.146181,-0.06,-0.74,0.67,0.98,1.83,2.38,-4.28,45.07,-18.86,1
e,2022-11-01 17:21:40.146335,-0.06,-0.74,0.67,1.16,2.01,2.44,-4.28,45.07,-18.86,1
e,2022-11-01 17:21:40.146494,-0.06,-0.74,0.67,1.04,1.83,2.44,-4.17,45.25,-17.87,1
e,2022-11-01 17:21:40.146645,-0.06,-0.74,0.67,1.34,1.89,2.50,-4.17,45.25,-17.87,1
e,2022-11-01 17:21:40.146796,-0.06,-0.74,0.67,1.22,2.01,2.69,-4.17,45.25,-17.87,1
e,2022-11-01 17:21:40.146965,-0.06,-0.74,0.67,1.04,1.83,2.38,-4.03,44.53,-17.52,1
e,2022-11-01 17:21:40.147115,-0.06,-0.74,0.67,1.10,1.83,2.56,-4.03,44.53,-17.52,1
e,2022-11-01 17:21:40.147273,-0.06,-0.74,0.67,1.16,1.95,2.50,-4.42,44.76,-19.71,1
e,2022-11-01 17:21:40.147426,-0.06,-0.74,0.67,1.04,2.08,2.32,-4.42,44.76,-19.71,1
e,2022-11-01 17:21:40.147576,-0.06,-0.74,0.67,1.04,2.01,2.38,-4.42,44.76,-19.71,1
e,2022-11-01 17:21:40.147735,-0.06,-0.74,0.67,1.22,1.95,2.38,-3.91,45.09,-18.05,1
e,2022-11-01 17:21:40.147888,-0.06,-0.74,0.67,0.98,1.95,2.56,-3.91,45.09,-18.05,1
e,2022-11-01 17:21:40.148046,-0.06,-0.74,0.67,1.10,2.08,2.44,-3.91,45.09,-18.05,1
e,2022-11-01 17:21:40.148195,-0.06,-0.74,0.67,0.79,1.89,2.26,-3.99,44.91,-17.77,1
e,2022-11-01 17:21:40.148344,-0.06,-0.74,0.67,0.92,2.08,2.50,-3.99,44.91,-17.77,1
e,2022-11-01 17:21:40.148498,-0.06,-0.74,0.67,1.10,1.95,2.56,-3.99,44.91,-17.77,1
e,2022-11-01 17:21:40.148651,-0.06,-0.74,0.67,0.92,1.89,2.38,-4.20,44.68,-18.59,1
e,2022-11-01 17:21:40.148810,-0.06,-0.74,0.67,1.16,2.01,2.38,-4.20,44.68,-18.59,1
e,2022-11-01 17:21:40.148961,-0.06,-0.74,0.67,1.04,2.01,2.56,-4.82,44.95,-18.86,1
e,2022-11-01 17:21:40.149119,-0.06,-0.74,0.67,1.10,1.71,2.50,-4.82,44.95,-18.86,1
e,2022-11-01 17:21:40.149270,-0.06,-0.74,0.67,1.16,1.89,2.26,-4.82,44.95,-18.86,1
e,2022-11-01 17:21:40.149420,-0.06,-0.74,0.67,1.10,1.89,2.38,-4.26,45.53,-18.84,1
e,2022-11-01 17:21:40.149576,-0.06,-0.74,0.67,1.04,2.01,2.44,-4.26,45.53,-18.84,1
e,2022-11-01 17:21:40.149727,-0.06,-0.74,0.67,1.10,2.01,2.50,-4.26,45.53,-18.84,1
e,2022-11-01 17:21:40.149886,-0.06,-0.74,0.67,0.98,1.83,2.26,-4.44,45.08,-17.76,1
e,2022-11-01 17:21:40.150039,-0.06,-0.74,0.67,1.22,1.95,2.50,-4.44,45.08,-17.76,1
e,2022-11-01 17:21:40.150193,-0.06,-0.74,0.67,1.16,1.83,2.56,-4.44,45.08,-17.76,1
e,2022-11-01 17:21:40.150358,-0.06,-0.74,0.67,1.10,2.01,2.50,-4.33,45.18,-19.21,1
e,2022-11-01 17:21:40.150511,-0.06,-0.74,0.67,1.16,1.95,2.44,-4.33,45.18,-19.21,1
e,2022-11-01 17:21:40.150669,-0.06,-0.74,0.67,1.34,1.95,2.50,-4.44,45.18,-18.51,1
e,2022-11-01 17:21:40.150819,-0.06,-0.74,0.67,1.10,1.83,2.26,-4.44,45.18,-18.51,1
e,2022-11-01 17:21:40.150971,-0.06,-0.74,0.67,1.34,1.95,2.44,-4.44,45.18,-18.51,1
e,2022-11-01 17:21:40.151128,-0.06,-0.74,0.67,0.79,1.95,2.32,-4.54,44.90,-19.07,1
e,2022-11-01 17:21:40.151281,-0.06,-0.74,0.67,1.28,1.89,2.50,-4.54,44.90,-19.07,1
e,2022-11-01 17:21:40.151440,-0.06,-0.74,0.67,1.22,2.01,2.38,-4.54,44.90,-19.07,1
e,2022-11-01 17:21:40.151597,-0.06,-0.74,0.67,0.92,1.95,2.38,-4.28,45.14,-17.50,1
e,2022-11-01 17:21:40.151758,-0.06,-0.74,0.67,1.10,1.95,2.44,-4.28,45.14,-17.50,1
e,2022-11-01 17:21:40.151910,-0.06,-0.74,0.67,1.10,1.95,2.62,-4.28,45.14,-17.50,1
e,2022-11-01 17:21:40.152064,-0.09,-0.74,0.67,1.10,1.89,2.38,-4.25,45.13,-19.90,1
e,2022-11-01 17:21:40.152222,-0.06,-0.74,0.67,1.22,1.89,2.44,-4.25,45.13,-19.90,1
e,2022-11-01 17:21:40.152374,-0.06,-0.74,0.67,1.10,1.77,2.50,-4.04,45.20,-19.30,1
e,2022-11-01 17:21:40.152532,-0.06,-0.74,0.67,0.92,2.08,2.44,-4.04,45.20,-19.30,1
e,2022-11-01 17:21:40.152686,-0.06,-0.74,0.67,1.16,1.95,2.44,-4.04,45.20,-19.30,1
e,2022-11-01 17:21:40.152838,-0.09,-0.74,0.67,0.92,1.89,2.26,-3.98,44.54,-19.18,1
e,2022-11-01 17:21:40.152999,-0.06,-0.74,0.67,1.10,1.71,2.32,-3.98,44.54,-19.18,1
e,2022-11-01 17:21:40.153151,-0.06,-0.74,0.67,1.22,2.01,2.44,-3.98,44.54,-19.18,1
e,2022-11-01 17:21:40.153307,-0.06,-0.74,0.67,0.92,2.01,2.44,-3.81,44.89,-18.40,1
e,2022-11-01 17:21:40.153460,-0.06,-0.74,0.67,1.28,2.08,2.62,-3.81,44.89,-18.40,1
e,2022-11-01 17:21:40.153621,-0.06,-0.74,0.67,1.10,1.95,2.38,-3.81,44.89,-18.40,1
e,2022-11-01 17:21:40.153772,-0.06,-0.74,0.67,0.85,2.01,2.44,-3.61,44.75,-18.75,1
e,2022-11-01 17:21:40.153923,-0.06,-0.74,0.67,1.16,1.89,2.56,-3.61,44.75,-18.75,1
e,2022-11-01 17:21:40.154077,-0.06,-0.74,0.67,1.16,2.01,2.38,-3.98,44.71,-19.92,1
e,2022-11-01 17:21:40.154247,-0.06,-0.74,0.67,0.92,1.89,2.32,-3.98,44.71,-19.92,1
e,2022-11-01 17:21:40.154404,-0.09,-0.74,0.67,1.22,1.83,2.44,-3.98,44.71,-19.92,1
e,2022-11-01 17:21:40.154555,-0.06,-0.74,0.67,1.16,1.71,2.32,-3.82,44.48,-18.29,1
e,2022-11-01 17:21:40.154705,-0.06,-0.74,0.67,1.22,1.89,2.44,-3.82,44.48,-18.29,1
e,2022-11-01 17:21:40.154860,-0.06,-0.74,0.67,1.22,1.83,2.38,-3.82,44.48,-18.29,1
e,2022-11-01 17:21:40.155012,-0.06,-0.74,0.67,1.10,1.89,2.50,-3.92,44.12,-18.65,1
e,2022-11-01 17:21:40.155168,-0.09,-0.74,0.67,1.34,1.89,2.50,-3.92,44.12,-18.65,1
e,2022-11-01 17:21:40.155317,-0.06,-0.74,0.67,1.34,2.01,2.44,-3.92,44.12,-18.65,1
e,2022-11-01 17:21:40.155468,-0.06,-0.74,0.67,0.92,1.83,2.32,-4.14,44.67,-18.64,1
e,2022-11-01 17:21:40.155623,-0.06,-0.74,0.67,1.10,1.83,2.44,-4.14,44.67,-18.64,1
e,2022-11-01 17:21:40.155775,-0.06,-0.74,0.67,1.10,1.89,2.32,-4.19,45.20,-19.59,1
e,2022-11-01 17:21:40.155930,-0.06,-0.74,0.67,1.28,1.89,2.69,-4.19,45.20,-19.59,1
e,2022-11-01 17:21:40.156080,-0.06,-0.74,0.67,1.34,1.77,2.56,-4.19,45.20,-19.59,1
e,2022-11-01 17:21:40.156237,-0.06,-0.74,0.67,1.28,1.89,2.56,-4.30,44.48,-17.74,1
e,2022-11-01 17:21:40.156388,-0.06,-0.74,0.67,1.04,1.95,2.44,-4.30,44.48,-17.74,1
e,2022-11-01 17:21:40.156540,-0.06,-0.74,0.67,0.98,2.08,2.26,-4.30,44.48,-17.74,1
e,2022-11-01 17:21:40.156697,-0.06,-0.74,0.67,1.16,1.95,2.32,-4.26,44.60,-18.35,1
e,2022-11-01 17:21:40.156848,-0.06,-0.74,0.67,1.22,2.01,2.38,-4.26,44.60,-18.35,1
e,2022-11-01 17:21:40.157003,-0.06,-0.74,0.67,1.16,1.89,2.50,-4.26,44.60,-18.35,1
e,2022-11-01 17:21:40.157156,-0.06,-0.74,0.67,1.22,1.83,2.38,-4.14,44.40,-18.32,1
e,2022-11-01 17:21:40.157308,-0.06,-0.74,0.67,1.28,1.77,2.56,-4.14,44.40,-18.32,1
e,2022-11-01 17:21:40.157465,-0.06,-0.74,0.67,1.10,1.89,2.50,-3.80,43.98,-19.02,1
e,2022-11-01 17:21:40.157616,-0.06,-0.74,0.67,1.28,1.95,2.62,-3.80,43.98,-19.02,1
e,2022-11-01 17:21:40.157773,-0.06,-0.74,0.67,1.04,2.08,2.44,-3.80,43.98,-19.02,1
e,2022-11-01 17:21:40.157927,-0.06,-0.74,0.67,1.10,1.95,2.44,-3.97,44.57,-20.10,1
e,2022-11-01 17:21:40.158086,-0.06,-0.74,0.67,0.79,2.01,2.44,-3.97,44.57,-20.10,1
e,2022-11-01 17:21:40.158240,-0.06,-0.74,0.67,1.22,1.83,2.50,-3.97,44.57,-20.10,1
e,2022-11-01 17:21:40.158394,-0.06,-0.74,0.67,0.98,1.83,2.38,-4.05,44.40,-19.45,1
e,2022-11-01 17:21:40.158550,-0.06,-0.74,0.67,0.98,2.08,2.50,-4.05,44.40,-19.45,1
e,2022-11-01 17:21:40.158701,-0.06,-0.74,0.67,1.16,1.95,2.50,-4.49,44.85,-17.61,1
e,2022-11-01 17:21:40.158856,-0.06,-0.74,0.67,0.79,2.08,2.32,-4.49,44.85,-17.61,1
e,2022-11-01 17:21:40.159008,-0.06,-0.74,0.67,1.28,1.65,2.38,-4.49,44.85,-17.61,1
e,2022-11-01 17:21:40.159160,-0.06,-0.74,0.67,1.22,1.89,2.44,-3.91,44.27,-18.65,1
e,2022-11-01 17:21:40.159314,-0.06,-0.74,0.67,1.10,2.08,2.32,-3.91,44.27,-18.65,1
e,2022-11-01 17:21:40.159463,-0.06,-0.74,0.67,1.16,1.89,2.38,-3.91,44.27,-18.65,1
e,2022-11-01 17:21:40.159620,-0.06,-0.74,0.67,1.04,1.95,2.50,-4.25,44.17,-19.14,1
e,2022-11-01 17:21:40.159772,-0.06,-0.74,0.67,1.28,1.77,2.26,-4.25,44.17,-19.14,1
e,2022-11-01 17:21:40.159926,-0.06,-0.74,0.67,1.16,2.01,2.50,-4.25,44.17,-19.14,1
e,2022-11-01 17:21:40.160080,-0.06,-0.74,0.67,1.16,1.95,2.38,-4.27,44.20,-18.71,1
e,2022-11-01 17:21:40.160232,-0.06,-0.74,0.67,1.16,2.14,2.62,-4.27,44.20,-18.71,1
e,2022-11-01 17:21:40.160388,-0.06,-0.74,0.67,1.10,1.77,2.56,-4.86,44.64,-19.20,1
e,2022-11-01 17:21:40.160537,-0.06,-0.74,0.67,1.10,2.08,2.50,-4.86,44.64,-19.20,1
e,2022-11-01 17:21:40.160690,-0.06,-0.74,0.67,1.22,2.01,2.62,-4.86,44.64,-19.20,1
e,2022-11-01 17:21:40.160841,-0.06,-0.74,0.67,1.22,2.01,2.44,-4.14,44.12,-18.60,1
e,2022-11-01 17:21:40.160991,-0.06,-0.74,0.67,1.10,2.08,2.38,-4.14,44.12,-18.60,1
e,2022-11-01 17:21:40.161148,-0.06,-0.74,0.67,1.16,1.89,2.50,-4.14,44.12,-18.60,1
e,2022-11-01 17:21:40.161299,-0.06,-0.74,0.67,1.10,1.95,2.50,-4.09,44.70,-18.85,1
e,2022-11-01 17:21:40.161454,-0.06,-0.74,0.67,1.22,2.01,2.44,-4.09,44.70,-18.85,1
e,2022-11-01 17:21:40.161605,-0.06,-0.74,0.67,1.10,1.89,2.50,-4.09,44.70,-18.85,1
e,2022-11-01 17:21:40.161763,-0.06,-0.74,0.67,1.10,1.83,2.32,-4.21,44.34,-18.23,1
e,2022-11-01 17:21:40.161917,-0.06,-0.74,0.67,1.10,1.77,2.32,-4.21,44.34,-18.23,1
e,2022-11-01 17:21:40.162070,-0.06,-0.74,0.67,1.22,2.08,2.56,-4.63,44.34,-18.62,1
e,2022-11-01 17:21:40.162227,-0.06,-0.74,0.67,1.22,2.01,2.50,-4.63,44.34,-18.62,1
e,2022-11-01 17:21:40.162381,-0.06,-0.74,0.67,0.98,2.20,2.69,-4.63,44.34,-18.62,1
e,2022-11-01 17:21:40.162539,-0.06,-0.74,0.67,1.40,1.89,2.44,-4.08,44.30,-19.31,1
e,2022-11-01 17:21:40.162691,-0.06,-0.74,0.67,1.10,1.95,2.44,-4.08,44.30,-19.31,1
e,2022-11-01 17:21:40.162842,-0.06,-0.74,0.67,1.22,1.83,2.44,-4.08,44.30,-19.31,1
e,2022-11-01 17:21:40.162998,-0.06,-0.74,0.67,1.04,1.89,2.50,-4.39,44.43,-18.68,1
e,2022-11-01 17:21:40.163149,-0.06,-0.74,0.67,1.10,1.89,2.56,-4.39,44.43,-18.68,1
e,2022-11-01 17:21:40.163306,-0.06,-0.74,0.67,1.28,1.89,2.44,-4.39,44.43,-18.68,1
e,2022-11-01 17:21:40.163458,-0.06,-0.74,0.67,1.28,1.83,2.44,-4.03,44.48,-19.45,1
e,2022-11-01 17:21:40.163616,-0.06,-0.74,0.67,1.22,1.95,2.44,-4.03,44.48,-19.45,1
e,2022-11-01 17:21:40.163767,-0.06,-0.74,0.67,1.28,2.01,2.50,-3.83,44.53,-18.36,1
e,2022-11-01 17:21:40.163920,-0.06,-0.74,0.67,1.04,1.89,2.32,-3.83,44.53,-18.36,1
e,2022-11-01 17:21:40.164075,-0.06,-0.74,0.67,1.34,1.89,2.56,-3.83,44.53,-18.36,1
e,2022-11-01 17:21:40.164228,-0.06,-0.74,0.67,1.04,2.08,2.38,-4.13,44.47,-18.29,1
e,2022-11-01 17:21:40.164385,-0.06,-0.74,0.67,1.10,2.14,2.50,-4.13,44.47,-18.29,1
e,2022-11-01 17:21:40.164538,-0.06,-0.74,0.67,1.16,1.89,2.56,-4.13,44.47,-18.29,1
e,2022-11-01 17:21:40.164689,-0.06,-0.74,0.67,1.16,1.89,2.38,-4.69,44.48,-18.86,1
e,2022-11-01 17:21:40.164849,-0.06,-0.74,0.67,1.28,2.01,2.56,-4.69,44.48,-18.86,1
e,2022-11-01 17:21:40.165001,-0.06,-0.74,0.67,1.10,2.01,2.56,-4.69,44.48,-18.86,1
e,2022-11-01 17:21:40.165157,-0.06,-0.74,0.67,1.34,1.77,2.50,-3.97,44.23,-17.83,1
e,2022-11-01 17:21:40.165310,-0.06,-0.74,0.67,1.28,2.01,2.81,-3.97,44.23,-17.83,1
e,2022-11-01 17:21:40.165465,-0.06,-0.74,0.67,1.22,1.95,2.44,-3.99,44.42,-18.09,1
e,2022-11-01 17:21:40.165619,-0.06,-0.74,0.67,1.10,1.95,2.38,-3.99,44.42,-18.09,1
e,2022-11-01 17:21:40.165771,-0.06,-0.74,0.67,1.34,1.95,2.62,-3.99,44.42,-18.09,1
e,2022-11-01 17:21:40.165924,-0.06,-0.74,0.67,1.34,1.89,2.69,-4.09,44.54,-18.26,1
e,2022-11-01 17:21:40.166077,-0.06,-0.74,0.67,1.10,1.95,2.44,-4.09,44.54,-18.26,1
e,2022-11-01 17:21:40.166230,-0.06,-0.74,0.67,1.16,1.95,2.44,-4.09,44.54,-18.26,1
e,2022-11-01 17:21:40.166380,-0.06,-0.74,0.67,1.10,1.83,2.50,-3.92,44.95,-19.76,1
e,2022-11-01 17:21:40.166530,-0.06,-0.74,0.67,1.10,1.89,2.69,-3.92,44.95,-19.76,1
e,2022-11-01 17:21:40.166684,-0.06,-0.74,0.67,1.10,2.08,2.56,-3.92,44.95,-19.76,1
e,2022-11-01 17:21:40.166833,-0.06,-0.74,0.67,1.10,1.77,2.38,-4.37,44.53,-18.19,1
e,2022-11-01 17:21:40.166987,-0.06,-0.74,0.67,1.28,1.95,2.62,-4.37,44.53,-18.19,1
e,2022-11-01 17:21:40.167138,-0.06,-0.74,0.67,1.04,1.89,2.44,-3.99,44.32,-17.36,1
e,2022-11-01 17:21:40.167292,-0.06,-0.74,0.67,1.04,1.95,2.38,-3.99,44.32,-17.36,1
e,2022-11-01 17:21:40.167442,-0.06,-0.74,0.67,0.98,1.95,2.44,-3.99,44.32,-17.36,1
e,2022-11-01 17:21:40.167593,-0.06,-0.74,0.67,0.98,2.01,2.38,-4.66,44.67,-19.18,1
e,2022-11-01 17:21:40.167748,-0.06,-0.74,0.67,1.10,1.83,2.44,-4.66,44.67,-19.18,1
e,2022-11-01 17:21:40.167900,-0.06,-0.74,0.67,1.22,2.01,2.44,-4.66,44.67,-19.18,1
e,2022-11-01 17:21:40.168055,-0.06,-0.74,0.67,1.28,1.83,2.44,-4.32,44.64,-17.59,1
e,2022-11-01 17:21:40.168206,-0.06,-0.74,0.67,1.16,1.89,2.62,-4.32,44.64,-17.59,1
e,2022-11-01 17:21:40.168357,-0.06,-0.74,0.67,1.22,1.89,2.75,-4.32,44.64,-17.59,1
e,2022-11-01 17:21:40.168511,-0.06,-0.74,0.67,0.98,1.89,2.38,-4.17,44.53,-18.47,1
e,2022-11-01 17:21:40.168662,-0.06,-0.74,0.67,1.22,1.95,2.44,-4.17,44.53,-18.47,1
e,2022-11-01 17:21:40.168821,-0.06,-0.74,0.67,1.28,1.95,2.56,-4.13,44.14,-17.97,1
e,2022-11-01 17:21:40.168972,-0.06,-0.74,0.67,1.10,1.89,2.44,-4.13,44.14,-17.97,1
e,2022-11-01 17:21:40.169127,-0.06,-0.74,0.67,0.98,2.01,2.26,-4.13,44.14,-17.97,1
e,2022-11-01 17:21:40.169277,-0.06,-0.74,0.67,1.16,1.89,2.56,-4.24,44.38,-18.55,1
e,2022-11-01 17:21:40.169447,-0.06,-0.74,0.67,1.04,2.01,2.56,-4.24,44.38,-18.55,1
e,2022-11-01 17:21:40.169603,-0.06,-0.74,0.67,0.98,1.89,2.32,-4.24,44.38,-18.55,1
e,2022-11-01 17:21:40.169753,-0.06,-0.74,0.67,0.92,1.89,2.38,-4.20,44.79,-19.43,1
e,2022-11-01 17:21:40.169907,-0.06,-0.74,0.67,1.10,1.89,2.62,-4.20,44.79,-19.43,1
e,2022-11-01 17:21:40.170059,-0.06,-0.74,0.67,1.16,1.89,2.56,-4.20,44.79,-19.43,1
e,2022-11-01 17:21:40.170210,-0.06,-0.74,0.67,1.04,1.95,2.50,-4.02,44.25,-18.09,1
e,2022-11-01 17:21:40.170365,-0.06,-0.74,0.67,1.22,1.95,2.62,-4.02,44.25,-18.09,1
e,2022-11-01 17:21:40.170516,-0.06,-0.74,0.67,1.10,1.77,2.44,-4.47,44.37,-16.87,1
e,2022-11-01 17:21:40.170673,-0.06,-0.74,0.67,1.28,1.71,2.26,-4.47,44.37,-16.87,1
e,2022-11-01 17:21:40.170822,-0.06,-0.74,0.67,1.22,1.89,2.50,-4.47,44.37,-16.87,1
e,2022-11-01 17:21:40.170978,-0.06,-0.74,0.67,1.16,1.83,2.38,-4.42,44.30,-18.58,1
e,2022-11-01 17:21:40.171128,-0.06,-0.74,0.67,1.16,1.95,2.50,-4.42,44.30,-18.58,1
e,2022-11-01 17:21:40.171279,-0.06,-0.74,0.67,1.10,1.89,2.38,-4.42,44.30,-18.58,1
e,2022-11-01 17:21:40.171433,-0.06,-0.74,0.67,1.34,1.83,2.50,-4.14,44.71,-18.62,1
e,2022-11-01 17:21:40.171587,-0.06,-0.74,0.67,1.34,1.77,2.62,-4.14,44.71,-18.62,1
e,2022-11-01 17:21:40.171742,-0.06,-0.74,0.67,1.10,1.89,2.38,-4.14,44.71,-18.62,1
e,2022-11-01 17:21:40.171894,-0.06,-0.74,0.67,1.10,1.83,2.38,-4.74,44.58,-17.26,1
e,2022-11-01 17:21:40.172046,-0.06,-0.74,0.67,1.22,2.01,2.44,-4.74,44.58,-17.26,1
e,2022-11-01 17:21:40.172203,-0.06,-0.74,0.67,1.04,2.08,2.44,-4.58,44.95,-19.58,1
e,2022-11-01 17:21:40.172357,-0.06,-0.74,0.67,1.34,1.77,2.50,-4.58,44.95,-19.58,1
e,2022-11-01 17:21:40.172512,-0.06,-0.74,0.67,1.10,1.89,2.32,-4.58,44.95,-19.58,1
e,2022-11-01 17:21:40.172664,-0.06,-0.74,0.67,1.10,2.14,2.44,-4.00,44.38,-18.95,1
e,2022-11-01 17:21:40.172819,-0.06,-0.74,0.67,1.16,2.08,2.50,-4.00,44.38,-18.95,1
e,2022-11-01 17:21:40.172971,-0.06,-0.74,0.67,1.34,2.01,2.44,-4.00,44.38,-18.95,1
e,2022-11-01 17:21:40.173122,-0.06,-0.74,0.67,0.98,2.01,2.50,-4.60,44.51,-18.71,1
e,2022-11-01 17:21:40.173276,-0.06,-0.74,0.67,0.92,1.95,2.44,-4.60,44.51,-18.71,1
e,2022-11-01 17:21:40.173428,-0.06,-0.74,0.67,1.10,1.95,2.50,-4.60,44.51,-18.71,1
e,2022-11-01 17:21:40.173584,-0.06,-0.74,0.67,1.10,1.95,2.44,-4.79,44.24,-17.99,1
e,2022-11-01 17:21:40.173733,-0.06,-0.74,0.67,0.92,2.01,2.50,-4.79,44.24,-17.99,1
e,2022-11-01 17:21:40.173883,-0.06,-0.74,0.67,0.92,2.08,2.44,-4.36,44.21,-18.59,1
e,2022-11-01 17:21:40.174042,-0.06,-0.74,0.67,1.22,1.89,2.44,-4.36,44.21,-18.59,1
e,2022-11-01 17:21:40.174193,-0.06,-0.74,0.67,1.22,1.95,2.56,-4.36,44.21,-18.59,1
e,2022-11-01 17:21:40.174350,-0.06,-0.74,0.67,1.10,1.95,2.44,-3.94,44.73,-19.10,1
e,2022-11-01 17:21:40.174503,-0.06,-0.74,0.67,1.04,1.95,2.44,-3.94,44.73,-19.10,1
e,2022-11-01 17:21:40.174660,-0.06,-0.74,0.67,1.22,2.01,2.50,-3.94,44.73,-19.10,1
e,2022-11-01 17:21:40.174811,-0.06,-0.74,0.67,1.16,1.83,2.32,-4.09,44.91,-17.77,1
e,2022-11-01 17:21:40.174959,-0.06,-0.74,0.67,1.34,1.83,2.44,-4.09,44.91,-17.77,1
e,2022-11-01 17:21:40.175118,-0.06,-0.74,0.67,1.22,2.08,2.32,-4.09,44.91,-17.77,1
e,2022-11-01 17:21:40.175270,-0.06,-0.74,0.67,1.10,1.83,2.50,-4.83,44.32,-19.30,1
e,2022-11-01 17:21:40.175427,-0.06,-0.74,0.67,1.04,1.83,2.50,-4.83,44.32,-19.30,1
e,2022-11-01 17:21:40.175578,-0.06,-0.74,0.67,1.34,1.89,2.62,-4.32,45.13,-18.36,1
e,2022-11-01 17:21:40.175732,-0.06,-0.74,0.67,1.22,1.89,2.26,-4.32,45.13,-18.36,1
e,2022-11-01 17:21:40.175889,-0.06,-0.74,0.67,1.04,2.08,2.38,-4.32,45.13,-18.36,1
e,2022-11-01 17:21:40.176042,-0.06,-0.74,0.67,0.79,2.08,2.44,-4.14,45.09,-16.92,1
e,2022-11-01 17:21:40.176199,-0.06,-0.74,0.67,0.85,1.83,2.26,-4.14,45.09,-16.92,1
e,2022-11-01 17:21:40.176349,-0.06,-0.74,0.67,1.28,2.01,2.44,-4.14,45.09,-16.92,1
e,2022-11-01 17:21:40.176499,-0.06,-0.74,0.67,0.98,1.95,2.38,-4.39,44.67,-18.90,1
e,2022-11-01 17:21:40.176653,-0.06,-0.74,0.67,1.10,1.89,2.50,-4.39,44.67,-18.90,1
e,2022-11-01 17:21:40.176804,-0.06,-0.74,0.67,1.22,1.83,2.38,-4.39,44.67,-18.90,1
e,2022-11-01 17:21:40.176958,-0.06,-0.74,0.67,1.10,1.83,2.50,-4.27,44.71,-17.98,1
e,2022-11-01 17:21:40.177110,-0.06,-0.74,0.67,1.28,1.95,2.56,-4.27,44.71,-17.98,1
e,2022-11-01 17:21:40.177269,-0.06,-0.74,0.67,1.22,2.01,2.50,-4.14,44.90,-18.79,1
e,2022-11-01 17:21:40.177420,-0.06,-0.74,0.67,1.16,2.08,2.26,-4.14,44.90,-18.79,1
e,2022-11-01 17:21:40.177570,-0.06,-0.74,0.67,1.22,1.89,2.38,-4.14,44.90,-18.79,1
e,2022-11-01 17:21:40.177725,-0.06,-0.74,0.67,1.10,1.83,2.56,-4.41,44.51,-18.81,1
e,2022-11-01 17:21:40.177876,-0.06,-0.74,0.67,1.22,1.89,2.38,-4.41,44.51,-18.81,1
e,2022-11-01 17:21:40.178030,-0.06,-0.74,0.67,1.16,1.89,2.56,-4.41,44.51,-18.81,1
e,2022-11-01 17:21:40.178180,-0.06,-0.74,0.67,0.85,1.83,2.38,-4.31,45.13,-19.84,1
e,2022-11-01 17:21:40.178330,-0.06,-0.74,0.67,1.10,1.89,2.56,-4.31,45.13,-19.84,1
e,2022-11-01 17:21:40.178485,-0.06,-0.74,0.67,1.10,1.83,2.38,-4.31,45.13,-19.84,1
e,2022-11-01 17:21:40.178636,-0.06,-0.74,0.67,1.16,1.89,2.62,-4.64,44.80,-19.53,1
e,2022-11-01 17:21:40.178792,-0.06,-0.74,0.67,1.28,1.95,2.44,-4.64,44.80,-19.53,1
e,2022-11-01 17:21:40.178944,-0.06,-0.74,0.67,1.22,1.89,2.44,-4.91,44.81,-18.81,1
e,2022-11-01 17:21:40.179100,-0.06,-0.74,0.67,1.04,1.89,2.32,-4.91,44.81,-18.81,1
e,2022-11-01 17:21:40.179250,-0.06,-0.74,0.67,1.40,1.89,2.56,-4.91,44.81,-18.81,1
e,2022-11-01 17:21:40.179400,-0.06,-0.74,0.67,1.22,1.95,2.38,-3.96,45.39,-18.12,1
e,2022-11-01 17:21:40.179556,-0.06,-0.74,0.67,0.98,2.01,2.50,-3.96,45.39,-18.12,1
e,2022-11-01 17:21:40.179706,-0.06,-0.74,0.67,1.34,1.89,2.56,-3.96,45.39,-18.12,1
e,2022-11-01 17:21:40.179860,-0.06,-0.74,0.67,1.16,1.95,2.50,-4.52,44.70,-18.92,1
e,2022-11-01 17:21:40.180011,-0.06,-0.74,0.67,1.22,2.01,2.62,-4.52,44.70,-18.92,1
e,2022-11-01 17:21:40.180162,-0.06,-0.74,0.67,0.98,1.83,2.56,-4.52,44.70,-18.92,1
e,2022-11-01 17:21:40.180318,-0.06,-0.74,0.67,0.92,1.95,2.32,-4.13,44.63,-18.79,1
e,2022-11-01 17:21:40.180473,-0.06,-0.74,0.67,0.98,2.08,2.50,-4.13,44.63,-18.79,1
e,2022-11-01 17:21:40.180628,-0.06,-0.74,0.67,1.10,1.89,2.44,-4.30,44.98,-17.19,1
e,2022-11-01 17:21:40.180780,-0.06,-0.74,0.67,0.92,2.01,2.38,-4.30,44.98,-17.19,1
e,2022-11-01 17:21:40.180942,-0.06,-0.74,0.67,1.04,2.01,2.38,-4.30,44.98,-17.19,1
e,2022-11-01 17:21:40.181093,-0.06,-0.74,0.67,1.34,1.95,2.44,-4.08,44.74,-18.23,1
e,2022-11-01 17:21:40.181244,-0.06,-0.74,0.67,1.16,2.08,2.62,-4.08,44.74,-18.23,1
e,2022-11-01 17:21:40.181400,-0.06,-0.74,0.67,1.16,1.89,2.56,-4.08,44.74,-18.23,1
e,2022-11-01 17:21:40.181552,-0.06,-0.74,0.67,1.16,2.08,2.26,-4.13,44.27,-17.64,1
e,2022-11-01 17:21:40.181706,-0.06,-0.74,0.67,0.85,2.08,2.56,-4.13,44.27,-17.64,1
e,2022-11-01 17:21:40.181858,-0.06,-0.74,0.67,1.22,2.14,2.56,-4.13,44.27,-17.64,1
e,2022-11-01 17:21:40.182009,-0.06,-0.74,0.67,0.79,1.95,2.32,-3.89,44.54,-18.09,1
e,2022-11-01 17:21:40.182170,-0.06,-0.74,0.67,1.10,1.95,2.38,-3.89,44.54,-18.09,1
e,2022-11-01 17:21:40.182321,-0.06,-0.74,0.67,1.04,2.01,2.38,-3.92,44.45,-18.92,1
e,2022-11-01 17:21:40.182476,-0.06,-0.74,0.67,0.92,1.95,2.44,-3.92,44.45,-18.92,1
e,2022-11-01 17:21:40.182627,-0.06,-0.74,0.67,1.04,1.95,2.56,-3.92,44.45,-18.92,1
e,2022-11-01 17:21:40.182782,-0.06,-0.74,0.67,1.10,1.95,2.44,-4.41,45.02,-18.66,1
e,2022-11-01 17:21:40.182932,-0.06,-0.74,0.67,0.85,2.08,2.44,-4.41,45.02,-18.66,1
e,2022-11-01 17:21:40.183082,-0.06,-0.74,0.67,1.10,2.14,2.50,-4.41,45.02,-18.66,1
e,2022-11-01 17:21:40.183235,-0.06,-0.74,0.67,1.04,2.01,2.50,-4.26,43.98,-18.37,1
e,2022-11-01 17:21:40.183385,-0.06,-0.74,0.67,1.22,1.95,2.38,-4.26,43.98,-18.37,1
e,2022-11-01 17:21:40.183539,-0.06,-0.74,0.67,1.22,2.01,2.69,-4.26,43.98,-18.37,1
e,2022-11-01 17:21:40.183690,-0.06,-0.74,0.67,1.22,1.89,2.44,-4.42,44.51,-18.16,1
e,2022-11-01 17:21:40.183847,-0.06,-0.74,0.67,1.16,2.08,2.38,-4.42,44.51,-18.16,1
e,2022-11-01 17:21:40.183998,-0.06,-0.74,0.67,1.16,2.08,2.56,-3.60,44.59,-18.15,1
e,2022-11-01 17:21:40.184150,-0.06,-0.74,0.67,1.46,1.89,2.50,-3.60,44.59,-18.15,1
e,2022-11-01 17:21:40.184305,-0.06,-0.74,0.67,1.22,1.89,2.44,-3.60,44.59,-18.15,1
e,2022-11-01 17:21:40.184473,-0.06,-0.74,0.67,1.04,2.08,2.44,-3.77,44.49,-17.46,1
e,2022-11-01 17:21:40.184626,-0.06,-0.74,0.67,1.04,1.89,2.38,-3.77,44.49,-17.46,1
e,2022-11-01 17:21:40.184776,-0.06,-0.74,0.67,1.22,1.89,2.50,-3.77,44.49,-17.46,1
e,2022-11-01 17:21:40.184928,-0.06,-0.74,0.67,1.16,1.95,2.26,-4.06,44.40,-19.06,1
e,2022-11-01 17:21:40.185080,-0.06,-0.74,0.67,1.16,1.83,2.56,-4.06,44.40,-19.06,1
e,2022-11-01 17:21:40.185230,-0.06,-0.74,0.67,0.92,2.01,2.44,-4.06,44.40,-19.06,1
e,2022-11-01 17:21:40.185384,-0.06,-0.74,0.67,0.98,1.83,2.32,-3.81,44.38,-18.87,1
e,2022-11-01 17:21:40.185533,-0.06,-0.74,0.67,1.10,2.01,2.62,-3.81,44.38,-18.87,1
e,2022-11-01 17:21:40.185684,-0.06,-0.74,0.67,1.10,2.08,2.62,-3.93,43.81,-18.84,1
e,2022-11-01 17:21:40.185835,-0.06,-0.74,0.67,1.22,2.08,2.50,-3.93,43.81,-18.84,1
e,2022-11-01 17:21:40.185985,-0.06,-0.74,0.67,1.28,1.95,2.56,-3.93,43.81,-18.84,1
e,2022-11-01 17:21:40.186137,-0.06,-0.74,0.67,1.34,1.89,2.50,-4.30,44.46,-18.51,1
e,2022-11-01 17:21:40.186289,-0.06,-0.74,0.67,1.22,2.01,2.50,-4.30,44.46,-18.51,1
e,2022-11-01 17:21:40.186445,-0.06,-0.74,0.67,1.04,2.01,2.56,-4.30,44.46,-18.51,1
e,2022-11-01 17:21:40.186595,-0.06,-0.74,0.67,1.10,1.77,2.32,-3.76,44.45,-19.69,1
e,2022-11-01 17:21:40.186746,-0.06,-0.74,0.67,1.22,1.83,2.50,-3.76,44.45,-19.69,1
e,2022-11-01 17:21:40.186900,-0.06,-0.74,0.67,1.10,2.01,2.50,-3.76,44.45,-19.69,1
e,2022-11-01 17:21:40.187048,-0.06,-0.74,0.67,1.10,1.89,2.44,-3.78,43.99,-19.13,1
e,2022-11-01 17:21:40.187202,-0.06,-0.74,0.67,1.04,2.08,2.38,-3.78,43.99,-19.13,1
e,2022-11-01 17:21:40.187353,-0.06,-0.74,0.67,0.98,2.08,2.44,-3.75,44.37,-19.21,1
e,2022-11-01 17:21:40.187507,-0.06,-0.74,0.67,0.98,1.89,2.38,-3.75,44.37,-19.21,1
e,2022-11-01 17:21:40.187658,-0.06,-0.74,0.67,1.22,2.01,2.50,-3.75,44.37,-19.21,1
e,2022-11-01 17:21:40.187810,-0.06,-0.74,0.67,0.92,1.77,2.56,-4.09,45.06,-19.08,1
e,2022-11-01 17:21:40.187966,-0.06,-0.74,0.67,1.04,1.83,2.44,-4.09,45.06,-19.08,1
e,2022-11-01 17:21:40.188118,-0.06,-0.74,0.67,1.16,1.89,2.44,-4.09,45.06,-19.08,1
e,2022-11-01 17:21:40.188273,-0.06,-0.74,0.67,1.16,1.89,2.56,-4.15,44.87,-18.12,1
e,2022-11-01 17:21:40.188423,-0.06,-0.74,0.67,1.22,2.01,2.38,-4.15,44.87,-18.12,1
e,2022-11-01 17:21:40.188576,-0.06,-0.74,0.67,1.04,1.95,2.38,-4.15,44.87,-18.12,1
e,2022-11-01 17:21:40.188729,-0.06,-0.74,0.67,0.79,1.83,2.26,-4.08,44.30,-19.10,1
e,2022-11-01 17:21:40.188879,-0.06,-0.74,0.67,1.16,1.95,2.38,-4.08,44.30,-19.10,1
e,2022-11-01 17:21:40.189032,-0.06,-0.74,0.67,1.10,1.95,2.38,-4.14,44.87,-19.46,1
e,2022-11-01 17:21:40.189183,-0.06,-0.74,0.67,0.98,1.95,2.38,-4.14,44.87,-19.46,1
e,2022-11-01 17:21:40.189337,-0.06,-0.74,0.67,1.16,2.01,2.50,-4.14,44.87,-19.46,1
e,2022-11-01 17:21:40.189489,-0.06,-0.74,0.67,1.10,2.01,2.38,-4.46,44.76,-18.33,1
e,2022-11-01 17:21:40.189641,-0.06,-0.74,0.67,1.10,2.01,2.38,-4.46,44.76,-18.33,1
e,2022-11-01 17:21:40.189797,-0.06,-0.74,0.67,1.10,1.95,2.56,-4.46,44.76,-18.33,1
e,2022-11-01 17:21:40.189948,-0.06,-0.74,0.67,0.92,1.95,2.26,-4.09,44.79,-18.23,1
e,2022-11-01 17:21:40.190107,-0.06,-0.74,0.67,1.28,1.89,2.50,-4.09,44.79,-18.23,1
e,2022-11-01 17:21:40.190258,-0.06,-0.74,0.67,0.98,2.08,2.38,-4.09,44.79,-18.23,1
e,2022-11-01 17:21:40.190409,-0.06,-0.74,0.67,1.04,1.89,2.26,-3.71,44.76,-18.12,1
e,2022-11-01 17:21:40.190565,-0.06,-0.74,0.67,1.16,1.89,2.38,-3.71,44.76,-18.12,1
e,2022-11-01 17:21:40.190715,-0.06,-0.74,0.67,1.10,2.14,2.56,-4.17,44.63,-18.26,1
e,2022-11-01 17:21:40.190870,-0.06,-0.74,0.67,0.98,2.01,2.38,-4.17,44.63,-18.26,1
e,2022-11-01 17:21:40.191021,-0.06,-0.74,0.67,1.28,2.01,2.32,-4.17,44.63,-18.26,1
e,2022-11-01 17:21:40.191174,-0.06,-0.74,0.67,1.10,1.95,2.44,-3.86,44.87,-17.81,1
e,2022-11-01 17:21:40.191323,-0.06,-0.74,0.67,0.98,2.08,2.44,-3.86,44.87,-17.81,1
e,2022-11-01 17:21:40.191475,-0.06,-0.74,0.67,1.34,2.01,2.38,-3.86,44.87,-17.81,1
e,2022-11-01 17:21:40.191629,-0.06,-0.74,0.67,1.10,1.83,2.50,-3.72,45.07,-19.24,1
e,2022-11-01 17:21:40.191782,-0.06,-0.74,0.67,0.98,1.95,2.50,-3.72,45.07,-19.24,1
e,2022-11-01 17:21:40.191936,-0.06,-0.74,0.67,1.04,1.95,2.38,-3.72,45.07,-19.24,1
e,2022-11-01 17:21:40.192086,-0.06,-0.74,0.67,1.04,2.01,2.56,-3.93,44.71,-17.36,1
e,2022-11-01 17:21:40.192236,-0.06,-0.74,0.67,1.10,2.08,2.50,-3.93,44.71,-17.36,1
e,2022-11-01 17:21:40.192389,-0.06,-0.74,0.67,1.10,2.08,2.44,-3.99,44.76,-18.26,1
e,2022-11-01 17:21:40.192539,-0.06,-0.74,0.67,0.85,1.83,2.14,-3.99,44.76,-18.26,1
e,2022-11-01 17:21:40.192691,-0.06,-0.74,0.67,1.34,2.01,2.56,-3.99,44.76,-18.26,1
e,2022-11-01 17:21:40.192841,-0.06,-0.74,0.67,1.22,1.77,2.50,-3.92,45.09,-19.45,1
e,2022-11-01 17:21:40.192994,-0.06,-0.74,0.67,1.16,1.95,2.44,-3.92,45.09,-19.45,1
e,2022-11-01 17:21:40.193144,-0.06,-0.74,0.67,1.16,2.01,2.26,-3.92,45.09,-19.45,1
e,2022-11-01 17:21:40.193295,-0.06,-0.74,0.67,1.04,1.89,2.32,-4.00,45.04,-18.18,1
e,2022-11-01 17:21:40.193448,-0.06,-0.74,0.67,1.28,1.95,2.44,-4.00,45.04,-18.18,1
e,2022-11-01 17:21:40.193597,-0.06,-0.74,0.67,1.16,2.01,2.44,-4.00,45.04,-18.18,1
e,2022-11-01 17:21:40.193753,-0.06,-0.74,0.67,1.04,1.95,2.32,-4.43,44.67,-17.96,1
e,2022-11-01 17:21:40.193905,-0.06,-0.74,0.67,1.04,2.01,2.50,-4.43,44.67,-17.96,1
e,2022-11-01 17:21:40.194054,-0.06,-0.74,0.67,1.28,1.89,2.44,-4.27,44.73,-18.07,1
e,2022-11-01 17:21:40.194209,-0.06,-0.74,0.67,0.85,2.01,2.32,-4.27,44.73,-18.07,1
e,2022-11-01 17:21:40.194358,-0.06,-0.74,0.67,1.16,2.01,2.56,-4.27,44.73,-18.07,1
e,2022-11-01 17:21:40.194511,-0.06,-0.74,0.67,1.16,1.95,2.44,-4.04,44.90,-18.64,1
e,2022-11-01 17:21:40.194661,-0.06,-0.74,0.67,1.04,1.83,2.38,-4.04,44.90,-18.64,1
e,2022-11-01 17:21:40.194815,-0.06,-0.74,0.67,1.10,2.08,2.38,-4.04,44.90,-18.64,1
e,2022-11-01 17:21:40.194965,-0.06,-0.74,0.67,0.92,2.08,2.38,-3.86,45.15,-17.93,1
e,2022-11-01 17:21:40.195116,-0.06,-0.74,0.67,1.16,1.89,2.56,-3.86,45.15,-17.93,1
e,2022-11-01 17:21:40.195272,-0.06,-0.74,0.67,1.10,1.89,2.50,-3.86,45.15,-17.93,1
e,2022-11-01 17:21:40.195424,-0.06,-0.74,0.67,1.10,1.95,2.20,-4.35,44.93,-19.17,1
e,2022-11-01 17:21:40.195577,-0.06,-0.74,0.67,1.28,2.01,2.56,-4.35,44.93,-19.17,1
e,2022-11-01 17:21:40.195728,-0.06,-0.74,0.67,1.22,2.01,2.38,-4.55,44.97,-17.66,1
e,2022-11-01 17:21:40.195880,-0.06,-0.74,0.67,1.22,1.83,2.50,-4.55,44.97,-17.66,1
e,2022-11-01 17:21:40.196035,-0.06,-0.74,0.67,1.04,2.01,2.44,-4.55,44.97,-17.66,1
e,2022-11-01 17:21:40.196187,-0.06,-0.74,0.67,1.28,2.14,2.56,-4.32,44.67,-18.63,1
e,2022-11-01 17:21:40.196342,-0.06,-0.74,0.67,1.16,2.01,2.50,-4.32,44.67,-18.63,1
e,2022-11-01 17:21:40.196492,-0.06,-0.74,0.67,1.16,1.95,2.44,-4.32,44.67,-18.63,1
e,2022-11-01 17:21:40.196653,-0.06,-0.74,0.67,0.92,1.95,2.50,-4.41,45.32,-20.13,1
e,2022-11-01 17:21:40.196806,-0.06,-0.74,0.67,1.16,2.01,2.44,-4.41,45.32,-20.13,1
e,2022-11-01 17:21:40.196955,-0.06,-0.74,0.67,0.92,1.89,2.38,-4.41,45.32,-20.13,1
e,2022-11-01 17:21:40.197112,-0.06,-0.74,0.67,1.10,1.89,2.44,-4.25,45.02,-18.52,1
e,2022-11-01 17:21:40.197262,-0.06,-0.74,0.67,1.04,1.83,2.44,-4.25,45.02,-18.52,1
e,2022-11-01 17:21:40.197419,-0.06,-0.74,0.67,1.10,2.01,2.50,-4.32,44.81,-19.71,1
e,2022-11-01 17:21:40.197568,-0.06,-0.74,0.67,1.28,1.89,2.50,-4.32,44.81,-19.71,1
e,2022-11-01 17:21:40.197721,-0.06,-0.74,0.67,1.34,1.83,2.44,-4.32,44.81,-19.71,1
e,2022-11-01 17:21:40.197879,-0.06,-0.74,0.67,1.16,1.95,2.44,-4.16,44.31,-18.96,1
e,2022-11-01 17:21:40.198032,-0.06,-0.74,0.67,1.16,1.95,2.50,-4.16,44.31,-18.96,1
e,2022-11-01 17:21:40.198193,-0.06,-0.74,0.67,1.10,2.01,2.38,-4.16,44.31,-18.96,1
e,2022-11-01 17:21:40.198346,-0.06,-0.74,0.67,1.16,1.95,2.20,-4.39,44.41,-18.41,1
e,2022-11-01 17:21:40.198500,-0.06,-0.74,0.67,1.16,1.95,2.44,-4.39,44.41,-18.41,1
e,2022-11-01 17:21:40.198672,-0.06,-0.74,0.67,1.10,1.83,2.44,-4.39,44.41,-18.41,1
e,2022-11-01 17:21:40.198825,-0.06,-0.74,0.67,0.79,1.89,2.38,-4.71,44.82,-20.07,1
e,2022-11-01 17:21:40.198984,-0.06,-0.74,0.67,1.16,2.08,2.38,-4.71,44.82,-20.07,1
e,2022-11-01 17:21:40.199136,-0.06,-0.74,0.67,1.10,1.83,2.26,-3.75,44.71,-19.15,1
e,2022-11-01 17:21:40.199293,-0.06,-0.74,0.67,1.10,1.95,2.44,-3.75,44.71,-19.15,1
e,2022-11-01 17:21:40.199445,-0.06,-0.74,0.67,0.98,2.08,2.44,-3.75,44.71,-19.15,1
e,2022-11-01 17:21:40.199617,-0.06,-0.74,0.67,1.22,1.83,2.44,-3.70,44.75,-18.97,1
e,2022-11-01 17:21:40.199775,-0.06,-0.74,0.67,1.16,1.95,2.50,-3.70,44.75,-18.97,1
e,2022-11-01 17:21:40.199927,-0.06,-0.74,0.67,1.16,1.89,2.56,-3.70,44.75,-18.97,1
e,2022-11-01 17:21:40.200087,-0.06,-0.74,0.67,1.22,1.83,2.38,-3.96,44.64,-18.91,1
e,2022-11-01 17:21:40.200240,-0.06,-0.74,0.67,1.16,2.08,2.50,-3.96,44.64,-18.91,1
e,2022-11-01 17:21:40.200392,-0.06,-0.74,0.67,1.22,1.89,2.62,-3.96,44.64,-18.91,1
e,2022-11-01 17:21:40.200548,-0.06,-0.74,0.67,1.22,1.71,2.50,-4.00,44.70,-18.27,1
e,2022-11-01 17:21:40.200701,-0.06,-0.74,0.67,1.16,1.89,2.38,-4.00,44.70,-18.27,1
e,2022-11-01 17:21:40.200861,-0.06,-0.74,0.67,0.98,1.95,2.44,-4.38,44.97,-18.25,1
e,2022-11-01 17:21:40.201012,-0.06,-0.74,0.67,1.10,1.95,2.32,-4.38,44.97,-18.25,1
e,2022-11-01 17:21:40.201164,-0.06,-0.74,0.67,1.22,1.95,2.26,-4.38,44.97,-18.25,1
e,2022-11-01 17:21:40.201329,-0.06,-0.74,0.67,1.10,1.89,2.38,-4.59,44.74,-18.37,1
e,2022-11-01 17:21:40.201481,-0.06,-0.74,0.67,1.22,1.95,2.38,-4.59,44.74,-18.37,1
e,2022-11-01 17:21:40.201638,-0.06,-0.74,0.67,1.34,1.77,2.38,-4.59,44.74,-18.37,1
e,2022-11-01 17:21:40.201788,-0.06,-0.74,0.67,1.04,1.83,2.44,-4.22,44.87,-19.34,1
e,2022-11-01 17:21:40.201945,-0.06,-0.74,0.67,1.10,1.89,2.38,-4.22,44.87,-19.34,1
e,2022-11-01 17:21:40.202101,-0.06,-0.74,0.67,1.10,1.95,2.50,-4.22,44.87,-19.34,1
e,2022-11-01 17:21:40.202253,-0.06,-0.74,0.67,1.10,1.89,2.20,-3.81,45.10,-18.38,1
e,2022-11-01 17:21:40.202414,-0.06,-0.74,0.67,1.28,2.01,2.56,-3.81,45.10,-18.38,1
e,2022-11-01 17:21:40.202568,-0.06,-0.74,0.67,1.04,1.95,2.26,-4.26,45.32,-18.77,1
e,2022-11-01 17:21:40.202727,-0.06,-0.74,0.67,0.98,1.89,2.32,-4.26,45.32,-18.77,1
e,2022-11-01 17:21:40.202879,-0.06,-0.74,0.67,1.22,1.89,2.44,-4.26,45.32,-18.77,1
e,2022-11-01 17:21:40.203028,-0.06,-0.74,0.67,1.04,2.01,2.20,-4.11,44.96,-20.10,1
e,2022-11-01 17:21:40.203184,-0.06,-0.74,0.67,1.40,1.89,2.50,-4.11,44.96,-20.10,1
e,2022-11-01 17:21:40.203335,-0.06,-0.74,0.67,1.10,1.95,2.56,-4.11,44.96,-20.10,1
e,2022-11-01 17:21:40.203490,-0.06,-0.74,0.67,1.04,1.89,2.50,-4.06,44.68,-19.54,1
e,2022-11-01 17:21:40.203641,-0.06,-0.74,0.67,1.40,2.01,2.50,-4.06,44.68,-19.54,1
e,2022-11-01 17:21:40.203799,-0.06,-0.74,0.67,1.16,2.08,2.38,-4.06,44.68,-19.54,1
e,2022-11-01 17:21:40.203951,-0.06,-0.74,0.67,1.10,1.83,2.20,-4.16,44.74,-19.96,1
e,2022-11-01 17:21:40.204102,-0.06,-0.74,0.67,0.98,2.01,2.62,-4.16,44.74,-19.96,1
e,2022-11-01 17:21:40.204257,-0.06,-0.74,0.67,1.22,2.08,2.44,-4.55,44.37,-19.29,1
e,2022-11-01 17:21:40.204409,-0.06,-0.74,0.67,1.16,1.71,2.44,-4.55,44.37,-19.29,1
e,2022-11-01 17:21:40.204565,-0.06,-0.74,0.67,1.10,2.08,2.50,-4.55,44.37,-19.29,1
e,2022-11-01 17:21:40.204716,-0.06,-0.74,0.67,1.16,1.89,2.32,-4.46,44.76,-19.41,1
e,2022-11-01 17:21:40.204866,-0.06,-0.74,0.67,1.16,1.95,2.50,-4.46,44.76,-19.41,1
e,2022-11-01 17:21:40.205020,-0.06,-0.74,0.67,0.98,2.14,2.32,-4.46,44.76,-19.41,1
e,2022-11-01 17:21:40.205173,-0.06,-0.74,0.67,0.98,2.01,2.26,-4.15,45.02,-19.81,1
e,2022-11-01 17:21:40.205327,-0.06,-0.74,0.67,1.28,1.89,2.44,-4.15,45.02,-19.81,1
e,2022-11-01 17:21:40.205478,-0.06,-0.74,0.67,1.34,2.01,2.56,-4.15,45.02,-19.81,1
e,2022-11-01 17:21:40.205633,-0.06,-0.74,0.67,1.16,1.95,2.38,-4.03,44.68,-18.86,1
e,2022-11-01 17:21:40.205784,-0.06,-0.74,0.67,1.22,2.20,2.50,-4.03,44.68,-18.86,1
e,2022-11-01 17:21:40.205935,-0.06,-0.74,0.67,1.16,1.77,2.50,-3.92,44.71,-18.84,1
e,2022-11-01 17:21:40.206093,-0.06,-0.74,0.67,1.04,1.83,2.56,-3.92,44.71,-18.84,1
e,2022-11-01 17:21:40.206247,-0.06,-0.74,0.67,1.22,1.89,2.44,-3.92,44.71,-18.84,1
e,2022-11-01 17:21:40.206406,-0.06,-0.74,0.67,1.10,1.89,2.38,-4.63,45.26,-19.45,1
e,2022-11-01 17:21:40.206556,-0.06,-0.74,0.67,1.10,2.01,2.50,-4.63,45.26,-19.45,1
e,2022-11-01 17:21:40.206705,-0.06,-0.74,0.67,0.98,2.08,2.50,-4.63,45.26,-19.45,1
e,2022-11-01 17:21:40.206858,-0.06,-0.74,0.67,1.10,2.01,2.44,-4.31,45.04,-19.56,1
e,2022-11-01 17:21:40.207007,-0.06,-0.74,0.67,1.04,1.89,2.50,-4.31,45.04,-19.56,1
e,2022-11-01 17:21:40.207162,-0.06,-0.74,0.67,1.10,1.95,2.44,-4.31,45.04,-19.56,1
e,2022-11-01 17:21:40.207312,-0.06,-0.74,0.67,1.16,1.89,2.14,-4.28,44.35,-18.77,1
e,2022-11-01 17:21:40.207469,-0.06,-0.74,0.67,1.10,1.83,2.44,-4.28,44.35,-18.77,1
e,2022-11-01 17:21:40.207620,-0.06,-0.74,0.67,1.22,1.77,2.32,-3.94,44.58,-18.92,1
e,2022-11-01 17:21:40.207770,-0.06,-0.74,0.67,1.16,1.83,2.50,-3.94,44.58,-18.92,1
e,2022-11-01 17:21:40.207925,-0.06,-0.74,0.67,1.16,2.01,2.44,-3.94,44.58,-18.92,1
e,2022-11-01 17:21:40.208076,-0.06,-0.74,0.67,1.22,1.89,2.56,-4.53,44.80,-19.02,1
e,2022-11-01 17:21:40.208231,-0.06,-0.74,0.67,1.16,1.83,2.32,-4.53,44.80,-19.02,1
e,2022-11-01 17:21:40.208381,-0.06,-0.74,0.67,1.28,1.95,2.38,-4.53,44.80,-19.02,1
e,2022-11-01 17:21:40.208532,-0.06,-0.74,0.67,0.98,1.77,2.38,-4.13,45.18,-18.64,1
e,2022-11-01 17:21:40.208687,-0.06,-0.74,0.67,1.10,1.89,2.32,-4.13,45.18,-18.64,1
e,2022-11-01 17:21:40.208837,-0.06,-0.74,0.67,0.92,2.01,2.26,-4.13,45.18,-18.64,1
e,2022-11-01 17:21:40.208992,-0.06,-0.74,0.67,0.85,1.83,2.20,-4.36,44.68,-17.92,1
e,2022-11-01 17:21:40.209141,-0.06,-0.74,0.67,0.98,2.01,2.38,-4.36,44.68,-17.92,1
e,2022-11-01 17:21:40.209291,-0.06,-0.74,0.67,1.34,1.95,2.56,-4.17,44.41,-18.79,1
e,2022-11-01 17:21:40.209446,-0.06,-0.74,0.67,1.22,1.89,2.38,-4.17,44.41,-18.79,1
e,2022-11-01 17:21:40.209596,-0.06,-0.74,0.67,0.98,2.08,2.38,-4.17,44.41,-18.79,1
e,2022-11-01 17:21:40.209752,-0.06,-0.74,0.67,1.04,1.83,2.38,-4.68,44.51,-18.95,1
e,2022-11-01 17:21:40.209901,-0.06,-0.74,0.67,1.28,1.95,2.50,-4.68,44.51,-18.95,1
e,2022-11-01 17:21:40.210056,-0.06,-0.74,0.67,1.28,1.83,2.50,-4.68,44.51,-18.95,1
e,2022-11-01 17:21:40.210206,-0.06,-0.74,0.67,0.92,2.08,2.38,-4.10,44.70,-19.37,1
e,2022-11-01 17:21:40.210358,-0.06,-0.74,0.67,1.04,2.01,2.38,-4.10,44.70,-19.37,1
e,2022-11-01 17:21:40.210513,-0.06,-0.74,0.67,1.16,1.83,2.56,-4.10,44.70,-19.37,1
e,2022-11-01 17:21:40.210663,-0.06,-0.74,0.67,0.92,1.89,2.26,-4.22,44.82,-18.98,1
e,2022-11-01 17:21:40.210820,-0.06,-0.74,0.67,1.22,2.14,2.44,-4.22,44.82,-18.98,1
e,2022-11-01 17:21:40.210971,-0.06,-0.74,0.67,1.04,2.01,2.38,-4.09,44.73,-17.77,1
e,2022-11-01 17:21:40.211123,-0.06,-0.74,0.67,1.04,1.95,2.38,-4.09,44.73,-17.77,1
e,2022-11-01 17:21:40.211278,-0.06,-0.74,0.67,1.04,2.08,2.44,-4.09,44.73,-17.77,1
e,2022-11-01 17:21:40.211430,-0.06,-0.74,0.68,1.28,1.89,2.44,-4.65,45.09,-18.96,1
e,2022-11-01 17:21:40.211590,-0.06,-0.74,0.67,1.40,1.83,2.50,-4.65,45.09,-18.96,1
e,2022-11-01 17:21:40.211742,-0.06,-0.74,0.67,1.10,1.89,2.44,-4.65,45.09,-18.96,1
e,2022-11-01 17:21:40.211897,-0.06,-0.74,0.67,0.98,1.83,2.56,-4.16,44.78,-19.23,1
e,2022-11-01 17:21:40.212062,-0.06,-0.74,0.67,1.10,2.01,2.50,-4.16,44.78,-19.23,1
e,2022-11-01 17:21:40.212215,-0.06,-0.74,0.67,1.16,2.01,2.44,-4.16,44.78,-19.23,1
e,2022-11-01 17:21:40.212375,-0.06,-0.74,0.67,0.85,1.95,2.38,-4.22,45.10,-19.56,1
e,2022-11-01 17:21:40.212530,-0.06,-0.74,0.67,1.16,1.89,2.56,-4.22,45.10,-19.56,1
e,2022-11-01 17:21:40.212684,-0.06,-0.74,0.67,1.22,1.95,2.44,-3.77,44.54,-18.03,1
e,2022-11-01 17:21:40.212841,-0.06,-0.74,0.67,1.04,1.95,2.56,-3.77,44.54,-18.03,1
e,2022-11-01 17:21:40.212993,-0.06,-0.74,0.67,1.28,1.89,2.44,-3.77,44.54,-18.03,1
e,2022-11-01 17:21:40.213150,-0.06,-0.74,0.67,1.10,2.01,2.56,-4.80,44.52,-20.24,1
e,2022-11-01 17:21:40.213305,-0.06,-0.74,0.67,1.10,1.83,2.32,-4.80,44.52,-20.24,1
e,2022-11-01 17:21:40.213457,-0.06,-0.74,0.67,1.10,1.89,2.56,-4.80,44.52,-20.24,1
e,2022-11-01 17:21:40.213610,-0.06,-0.74,0.67,1.16,1.89,2.20,-4.13,44.47,-19.21,1
e,2022-11-01 17:21:40.213764,-0.06,-0.74,0.67,1.10,1.89,2.50,-4.13,44.47,-19.21,1
e,2022-11-01 17:21:40.213926,-0.06,-0.74,0.67,1.10,1.95,2.32,-4.13,44.47,-19.21,1
e,2022-11-01 17:21:40.214078,-0.06,-0.74,0.67,1.10,1.89,2.44,-4.00,44.56,-17.88,1
e,2022-11-01 17:21:40.214236,-0.06,-0.74,0.67,0.92,1.83,2.32,-4.00,44.56,-17.88,1
e,2022-11-01 17:21:40.214391,-0.06,-0.74,0.67,1.10,1.95,2.38,-3.21,44.63,-19.03,1
e,2022-11-01 17:21:40.214543,-0.06,-0.74,0.67,0.98,1.77,2.38,-3.21,44.63,-19.03,1
e,2022-11-01 17:21:40.214717,-0.06,-0.74,0.67,1.10,1.89,2.26,-3.21,44.63,-19.03,1
e,2022-11-01 17:21:40.214868,-0.06,-0.74,0.67,1.10,2.01,2.38,-4.04,44.67,-20.31,1
e,2022-11-01 17:21:40.215024,-0.06,-0.74,0.67,1.04,1.89,2.26,-4.04,44.67,-20.31,1
e,2022-11-01 17:21:40.215174,-0.06,-0.74,0.67,0.98,2.01,2.32,-4.04,44.67,-20.31,1
e,2022-11-01 17:21:40.215324,-0.06,-0.74,0.67,1.04,1.83,2.44,-4.27,44.68,-19.81,1
e,2022-11-01 17:21:40.215479,-0.06,-0.74,0.67,1.16,1.95,2.38,-4.27,44.68,-19.81,1
e,2022-11-01 17:21:40.215628,-0.06,-0.74,0.67,1.16,1.95,2.44,-4.27,44.68,-19.81,1
e,2022-11-01 17:21:40.215784,-0.06,-0.74,0.67,0.98,1.89,2.32,-3.75,44.58,-20.43,1
e,2022-11-01 17:21:40.215935,-0.06,-0.74,0.67,1.16,1.95,2.50,-3.75,44.58,-20.43,1
e,2022-11-01 17:21:40.216086,-0.06,-0.74,0.67,0.92,2.01,2.44,-4.32,44.75,-20.07,1
e,2022-11-01 17:21:40.216260,-0.06,-0.74,0.67,0.92,2.14,2.38,-4.32,44.75,-20.07,1
e,2022-11-01 17:21:40.216412,-0.06,-0.74,0.67,1.10,1.89,2.38,-4.32,44.75,-20.07,1
e,2022-11-01 17:21:40.216569,-0.06,-0.74,0.67,0.98,1.95,2.38,-4.35,45.02,-19.69,1
e,2022-11-01 17:21:40.216723,-0.06,-0.74,0.67,1.16,1.95,2.44,-4.35,45.02,-19.69,1
e,2022-11-01 17:21:40.216880,-0.06,-0.74,0.67,1.10,2.01,2.14,-4.35,45.02,-19.69,1
e,2022-11-01 17:21:40.217034,-0.06,-0.74,0.67,0.98,2.08,2.32,-4.68,44.59,-18.87,1
e,2022-11-01 17:21:40.217186,-0.06,-0.74,0.67,1.34,1.77,2.26,-4.68,44.59,-18.87,1
e,2022-11-01 17:21:40.217407,-0.06,-0.74,0.67,0.98,1.95,2.32,-4.68,44.59,-18.87,1
e,2022-11-01 17:21:40.217561,-0.06,-0.74,0.67,0.98,1.83,2.44,-4.70,44.80,-17.65,1
e,2022-11-01 17:21:40.217718,-0.06,-0.74,0.67,0.98,1.89,2.44,-4.70,44.80,-17.65,1
e,2022-11-01 17:21:40.217870,-0.06,-0.74,0.67,1.16,1.95,2.50,-4.57,44.73,-19.65,1
e,2022-11-01 17:21:40.218023,-0.06,-0.74,0.67,1.04,1.83,2.26,-4.57,44.73,-19.65,1
e,2022-11-01 17:21:40.218197,-0.06,-0.74,0.67,0.92,2.01,2.44,-4.57,44.73,-19.65,1
e,2022-11-01 17:21:40.218349,-0.06,-0.74,0.67,0.98,1.89,2.44,-4.86,45.18,-19.04,1
e,2022-11-01 17:21:40.218506,-0.06,-0.74,0.67,1.10,2.01,2.44,-4.86,45.18,-19.04,1
e,2022-11-01 17:21:40.218657,-0.06,-0.74,0.67,0.98,2.01,2.44,-4.86,45.18,-19.04,1
e,2022-11-01 17:21:40.218806,-0.06,-0.74,0.67,0.92,1.83,2.32,-4.77,44.68,-19.01,1
e,2022-11-01 17:21:40.218963,-0.06,-0.74,0.67,1.28,2.01,2.50,-4.77,44.68,-19.01,1
e,2022-11-01 17:21:40.219114,-0.06,-0.74,0.67,1.10,2.14,2.44,-4.77,44.68,-19.01,1
e,2022-11-01 17:21:40.219270,-0.06,-0.74,0.67,0.85,1.89,2.32,-4.88,44.96,-18.08,1
e,2022-11-01 17:21:40.219421,-0.06,-0.74,0.67,1.04,2.08,2.50,-4.88,44.96,-18.08,1
e,2022-11-01 17:21:40.219580,-0.06,-0.74,0.67,1.04,2.01,2.50,-4.59,45.20,-18.05,1
e,2022-11-01 17:21:40.219732,-0.06,-0.74,0.67,1.04,2.01,2.38,-4.59,45.20,-18.05,1
e,2022-11-01 17:21:40.219886,-0.06,-0.74,0.67,1.16,1.89,2.56,-4.59,45.20,-18.05,1
e,2022-11-01 17:21:40.220041,-0.06,-0.74,0.67,0.98,1.95,2.44,-4.20,45.35,-18.71,1
e,2022-11-01 17:21:40.220192,-0.06,-0.74,0.67,0.98,1.89,2.56,-4.20,45.35,-18.71,1
e,2022-11-01 17:21:40.220348,-0.06,-0.74,0.67,1.28,1.95,2.56,-4.20,45.35,-18.71,1
e,2022-11-01 17:21:40.220500,-0.06,-0.74,0.67,1.10,1.95,2.32,-5.07,44.70,-18.71,1
e,2022-11-01 17:21:40.220651,-0.06,-0.74,0.67,1.22,2.01,2.44,-5.07,44.70,-18.71,1
e,2022-11-01 17:21:40.220805,-0.06,-0.74,0.67,0.98,1.89,2.50,-5.07,44.70,-18.71,1
e,2022-11-01 17:21:40.220955,-0.06,-0.74,0.67,0.98,1.77,2.32,-4.63,44.87,-17.76,1
e,2022-11-01 17:21:40.221109,-0.06,-0.74,0.67,1.10,2.01,2.44,-4.63,44.87,-17.76,1
e,2022-11-01 17:21:40.221257,-0.06,-0.74,0.67,1.16,1.83,2.44,-3.80,44.82,-18.49,1
e,2022-11-01 17:21:40.221413,-0.06,-0.74,0.67,1.10,2.01,2.50,-3.80,44.82,-18.49,1
e,2022-11-01 17:21:40.221562,-0.06,-0.74,0.67,1.16,2.01,2.44,-3.80,44.82,-18.49,1
e,2022-11-01 17:21:40.221711,-0.06,-0.74,0.67,1.10,1.95,2.32,-4.53,44.86,-17.63,1
e,2022-11-01 17:21:40.221869,-0.06,-0.74,0.67,0.98,2.01,2.32,-4.53,44.86,-17.63,1
e,2022-11-01 17:21:40.222020,-0.06,-0.74,0.67,1.22,2.01,2.62,-4.53,44.86,-17.63,1
e,2022-11-01 17:21:40.222177,-0.06,-0.74,0.67,1.22,1.89,2.44,-4.65,44.54,-17.32,1
e,2022-11-01 17:21:40.222328,-0.06,-0.74,0.67,1.22,1.83,2.32,-4.65,44.54,-17.32,1
e,2022-11-01 17:21:40.222479,-0.06,-0.74,0.67,0.98,2.08,2.38,-4.65,44.54,-17.32,1
e,2022-11-01 17:21:40.222639,-0.06,-0.74,0.67,1.04,1.83,2.32,-4.27,44.49,-18.96,1
e,2022-11-01 17:21:40.222793,-0.06,-0.74,0.67,1.04,2.01,2.62,-4.27,44.49,-18.96,1
e,2022-11-01 17:21:40.222951,-0.06,-0.74,0.67,1.34,2.01,2.56,-4.33,45.30,-17.54,1
e,2022-11-01 17:21:40.223103,-0.06,-0.74,0.67,1.10,2.01,2.62,-4.33,45.30,-17.54,1
e,2022-11-01 17:21:40.223256,-0.06,-0.74,0.67,1.22,1.89,2.44,-4.33,45.30,-17.54,1
e,2022-11-01 17:21:40.223414,-0.06,-0.74,0.68,1.22,2.08,2.44,-4.53,44.74,-18.88,1
e,2022-11-01 17:21:40.223565,-0.06,-0.74,0.68,1.10,1.95,2.38,-4.53,44.74,-18.88,1
e,2022-11-01 17:21:40.223722,-0.06,-0.74,0.67,1.10,2.08,2.56,-4.53,44.74,-18.88,1
e,2022-11-01 17:21:40.223876,-0.06,-0.74,0.67,0.92,1.77,2.14,-4.50,44.71,-18.20,1
e,2022-11-01 17:21:40.224033,-0.06,-0.74,0.67,1.16,2.14,2.32,-4.50,44.71,-18.20,1
e,2022-11-01 17:21:40.224188,-0.06,-0.74,0.67,1.10,1.95,2.44,-4.50,44.71,-18.20,1
e,2022-11-01 17:21:40.224339,-0.06,-0.74,0.67,1.16,1.95,2.44,-4.24,44.78,-19.18,1
e,2022-11-01 17:21:40.224496,-0.06,-0.74,0.67,1.22,1.95,2.32,-4.24,44.78,-19.18,1
e,2022-11-01 17:21:40.224647,-0.06,-0.74,0.68,1.34,1.95,2.56,-4.24,45.15,-18.53,1
e,2022-11-01 17:21:40.224807,-0.06,-0.74,0.67,1.16,1.89,2.20,-4.24,45.15,-18.53,1
e,2022-11-01 17:21:40.224959,-0.06,-0.74,0.67,1.28,1.89,2.38,-4.24,45.15,-18.53,1
e,2022-11-01 17:21:40.225109,-0.06,-0.74,0.67,1.10,1.89,2.50,-4.35,44.90,-18.26,1
e,2022-11-01 17:21:40.225266,-0.06,-0.74,0.67,0.98,1.95,2.44,-4.35,44.90,-18.26,1
e,2022-11-01 17:21:40.225417,-0.06,-0.74,0.67,1.46,2.01,2.50,-4.35,44.90,-18.26,1
e,2022-11-01 17:21:40.225573,-0.06,-0.74,0.67,1.04,1.83,2.26,-4.24,45.32,-17.97,1
e,2022-11-01 17:21:40.225723,-0.06,-0.74,0.67,0.98,1.83,2.32,-4.24,45.32,-17.97,1
e,2022-11-01 17:21:40.225877,-0.06,-0.74,0.67,1.10,2.08,2.38,-4.24,45.32,-17.97,1
e,2022-11-01 17:21:40.226041,-0.06,-0.74,0.67,1.28,1.83,2.44,-3.99,44.78,-18.63,1
e,2022-11-01 17:21:40.226196,-0.06,-0.74,0.67,1.28,1.89,2.50,-3.99,44.78,-18.63,1
e,2022-11-01 17:21:40.226355,-0.06,-0.74,0.67,1.40,2.08,2.69,-5.10,44.84,-19.85,1
e,2022-11-01 17:21:40.226505,-0.06,-0.74,0.68,1.28,1.89,2.44,-5.10,44.84,-19.85,1
e,2022-11-01 17:21:40.226656,-0.06,-0.74,0.67,1.28,1.83,2.44,-5.10,44.84,-19.85,1
e,2022-11-01 17:21:40.226813,-0.06,-0.74,0.68,1.16,1.89,2.56,-4.37,44.38,-19.74,1
e,2022-11-01 17:21:40.226961,-0.06,-0.74,0.68,1.28,1.89,2.44,-4.37,44.38,-19.74,1
e,2022-11-01 17:21:40.227119,-0.06,-0.74,0.67,0.98,2.01,2.38,-4.37,44.38,-19.74,1
e,2022-11-01 17:21:40.227271,-0.06,-0.74,0.67,0.98,1.77,2.38,-4.17,44.84,-17.66,1
e,2022-11-01 17:21:40.227428,-0.06,-0.74,0.67,1.28,1.83,2.50,-4.17,44.84,-17.66,1
e,2022-11-01 17:21:40.227576,-0.06,-0.74,0.67,1.28,1.95,2.44,-4.17,44.84,-17.66,1
e,2022-11-01 17:21:40.227726,-0.06,-0.74,0.67,1.28,2.01,2.32,-3.60,44.97,-18.46,1
e,2022-11-01 17:21:40.227883,-0.06,-0.74,0.67,1.28,1.89,2.50,-3.60,44.97,-18.46,1
e,2022-11-01 17:21:40.228035,-0.06,-0.74,0.67,1.10,2.01,2.50,-4.02,45.51,-18.55,1
e,2022-11-01 17:21:40.228191,-0.06,-0.74,0.67,1.10,1.83,2.44,-4.02,45.51,-18.55,1
e,2022-11-01 17:21:40.228343,-0.06,-0.74,0.67,1.34,1.89,2.50,-4.02,45.51,-18.55,1
e,2022-11-01 17:21:40.228494,-0.06,-0.74,0.68,1.04,1.83,2.50,-4.50,45.08,-18.96,1
e,2022-11-01 17:21:40.228648,-0.06,-0.74,0.67,1.16,1.83,2.44,-4.50,45.08,-18.96,1
e,2022-11-01 17:21:40.228799,-0.06,-0.74,0.67,1.04,1.89,2.38,-4.50,45.08,-18.96,1
e,2022-11-01 17:21:40.228956,-0.06,-0.74,0.67,1.04,2.08,2.32,-4.55,44.58,-17.86,1
e,2022-11-01 17:21:40.229107,-0.06,-0.74,0.67,1.16,2.01,2.32,-4.55,44.58,-17.86,1
e,2022-11-01 17:21:40.229257,-0.06,-0.74,0.67,0.98,2.01,2.44,-4.64,45.47,-18.60,1
e,2022-11-01 17:21:40.229414,-0.06,-0.74,0.67,1.10,1.95,2.32,-4.64,45.47,-18.60,1
e,2022-11-01 17:21:40.229564,-0.06,-0.74,0.67,1.10,1.77,2.26,-4.64,45.47,-18.60,1
e,2022-11-01 17:21:40.229719,-0.06,-0.74,0.67,0.92,2.14,2.56,-4.41,45.37,-17.66,1
e,2022-11-01 17:21:40.229869,-0.06,-0.74,0.68,1.10,2.01,2.50,-4.41,45.37,-17.66,1
e,2022-11-01 17:21:40.230044,-0.06,-0.74,0.67,1.22,1.95,2.50,-4.41,45.37,-17.66,1
e,2022-11-01 17:21:40.230196,-0.06,-0.74,0.67,1.04,1.89,2.20,-4.27,44.98,-18.09,1
e,2022-11-01 17:21:40.230347,-0.06,-0.74,0.67,1.22,2.08,2.26,-4.27,44.98,-18.09,1
e,2022-11-01 17:21:40.230504,-0.06,-0.74,0.67,1.16,1.95,2.44,-4.27,44.98,-18.09,1
e,2022-11-01 17:21:40.230654,-0.06,-0.74,0.67,1.04,1.83,2.32,-3.89,45.10,-18.16,1
e,2022-11-01 17:21:40.230810,-0.06,-0.74,0.68,1.10,2.08,2.50,-3.89,45.10,-18.16,1
e,2022-11-01 17:21:40.230957,-0.06,-0.74,0.67,1.04,2.01,2.62,-4.55,44.97,-18.33,1
e,2022-11-01 17:21:40.231107,-0.06,-0.74,0.67,1.04,1.77,2.26,-4.55,44.97,-18.33,1
e,2022-11-01 17:21:40.231263,-0.06,-0.74,0.68,1.04,1.89,2.56,-4.55,44.97,-18.33,1
e,2022-11-01 17:21:40.231414,-0.06,-0.74,0.68,1.04,1.95,2.44,-4.09,45.00,-19.04,1
e,2022-11-01 17:21:40.231570,-0.06,-0.74,0.67,0.98,1.95,2.38,-4.09,45.00,-19.04,1
e,2022-11-01 17:21:40.231721,-0.06,-0.74,0.67,1.22,2.01,2.62,-4.09,45.00,-19.04,1
e,2022-11-01 17:21:40.231871,-0.06,-0.74,0.67,1.10,2.14,2.38,-4.39,44.96,-18.73,1
e,2022-11-01 17:21:40.232026,-0.06,-0.74,0.67,1.28,1.83,2.50,-4.39,44.96,-18.73,1
e,2022-11-01 17:21:40.232176,-0.06,-0.74,0.67,1.16,1.77,2.56,-4.39,44.96,-18.73,1
e,2022-11-01 17:21:40.232330,-0.06,-0.74,0.68,0.98,1.95,2.38,-4.48,44.78,-18.23,1
e,2022-11-01 17:21:40.232479,-0.06,-0.74,0.68,1.16,2.08,2.38,-4.48,44.78,-18.23,1
e,2022-11-01 17:21:40.232629,-0.06,-0.74,0.67,0.98,2.01,2.56,-3.89,44.76,-19.42,1
e,2022-11-01 17:21:40.232784,-0.06,-0.74,0.68,1.04,2.08,2.32,-3.89,44.76,-19.42,1
e,2022-11-01 17:21:40.232933,-0.06,-0.74,0.67,1.10,1.95,2.50,-3.89,44.76,-19.42,1
e,2022-11-01 17:21:40.233090,-0.06,-0.74,0.67,1.04,1.89,2.44,-3.99,44.80,-19.80,1
e,2022-11-01 17:21:40.233241,-0.06,-0.74,0.67,1.10,1.95,2.62,-3.99,44.80,-19.80,1
e,2022-11-01 17:21:40.233395,-0.06,-0.74,0.67,1.16,1.89,2.44,-3.99,44.80,-19.80,1
e,2022-11-01 17:21:40.233545,-0.06,-0.74,0.68,1.10,2.08,2.62,-3.86,44.74,-19.51,1
e,2022-11-01 17:21:40.233694,-0.06,-0.74,0.67,1.22,2.01,2.44,-3.86,44.74,-19.51,1
e,2022-11-01 17:21:40.233848,-0.06,-0.74,0.68,1.22,1.89,2.38,-3.86,44.74,-19.51,1
e,2022-11-01 17:21:40.233997,-0.06,-0.74,0.67,0.85,1.89,2.38,-4.14,44.90,-18.18,1
e,2022-11-01 17:21:40.234152,-0.06,-0.74,0.67,1.10,1.89,2.44,-4.14,44.90,-18.18,1
e,2022-11-01 17:21:40.234301,-0.06,-0.74,0.67,1.16,1.95,2.38,-4.22,44.91,-18.65,1
e,2022-11-01 17:21:40.234451,-0.06,-0.74,0.67,0.85,2.01,2.44,-4.22,44.91,-18.65,1
e,2022-11-01 17:21:40.234607,-0.06,-0.74,0.67,1.28,1.83,2.32,-4.22,44.91,-18.65,1
e,2022-11-01 17:21:40.234756,-0.06,-0.74,0.68,1.16,1.89,2.32,-4.65,45.03,-17.41,1
e,2022-11-01 17:21:40.234913,-0.06,-0.74,0.67,0.98,1.95,2.50,-4.65,45.03,-17.41,1
e,2022-11-01 17:21:40.235065,-0.06,-0.74,0.67,1.28,1.95,2.44,-4.65,45.03,-17.41,1
e,2022-11-01 17:21:40.235218,-0.06,-0.74,0.68,0.98,1.95,2.44,-4.54,45.00,-18.51,1
e,2022-11-01 17:21:40.235376,-0.06,-0.74,0.68,1.16,1.95,2.38,-4.54,45.00,-18.51,1
e,2022-11-01 17:21:40.235529,-0.06,-0.74,0.67,1.04,2.14,2.44,-4.54,45.00,-18.51,1
e,2022-11-01 17:21:40.235708,-0.06,-0.74,0.67,1.16,1.83,2.50,-4.13,45.23,-19.51,1
e,2022-11-01 17:21:40.235862,-0.06,-0.74,0.67,1.22,1.95,2.50,-4.13,45.23,-19.51,1
e,2022-11-01 17:21:40.236018,-0.06,-0.74,0.67,1.28,2.01,2.50,-4.37,44.47,-18.33,1
e,2022-11-01 17:21:40.236174,-0.06,-0.74,0.67,0.85,1.95,2.44,-4.37,44.47,-18.33,1
e,2022-11-01 17:21:40.236327,-0.06,-0.74,0.67,1.46,1.95,2.50,-4.37,44.47,-18.33,1
e,2022-11-01 17:21:40.236500,-0.06,-0.74,0.68,1.16,2.08,2.50,-4.26,45.07,-18.19,1
e,2022-11-01 17:21:40.236652,-0.06,-0.74,0.68,1.10,1.95,2.44,-4.26,45.07,-18.19,1
e,2022-11-01 17:21:40.236868,-0.06,-0.74,0.68,1.10,1.95,2.50,-4.26,45.07,-18.19,1
e,2022-11-01 17:21:40.237022,-0.06,-0.74,0.68,1.16,1.65,2.38,-4.83,44.45,-19.30,1
e,2022-11-01 17:21:40.237173,-0.06,-0.74,0.67,1.22,1.83,2.44,-4.83,44.45,-19.30,1
e,2022-11-01 17:21:40.237341,-0.06,-0.74,0.68,1.16,1.83,2.62,-4.83,44.45,-19.30,1
e,2022-11-01 17:21:40.237495,-0.06,-0.74,0.67,1.10,2.01,2.38,-4.39,44.70,-18.90,1
e,2022-11-01 17:21:40.237660,-0.06,-0.74,0.68,1.34,1.89,2.50,-4.39,44.70,-18.90,1
e,2022-11-01 17:21:40.237812,-0.06,-0.74,0.68,1.34,1.89,2.32,-3.93,44.36,-17.42,1
e,2022-11-01 17:21:40.237963,-0.06,-0.74,0.67,1.04,1.95,2.50,-3.93,44.36,-17.42,1
e,2022-11-01 17:21:40.238115,-0.06,-0.74,0.68,1.22,2.01,2.50,-3.93,44.36,-17.42,1
e,2022-11-01 17:21:40.238264,-0.06,-0.74,0.68,1.46,2.08,2.50,-4.03,44.64,-18.09,1
e,2022-11-01 17:21:40.238418,-0.06,-0.74,0.68,1.04,1.83,2.32,-4.03,44.64,-18.09,1
e,2022-11-01 17:21:40.238569,-0.06,-0.74,0.68,1.04,1.89,2.44,-4.03,44.64,-18.09,1
e,2022-11-01 17:21:40.238723,-0.06,-0.74,0.67,0.92,1.89,2.44,-3.85,44.46,-18.57,1
e,2022-11-01 17:21:40.238875,-0.06,-0.74,0.68,1.22,1.89,2.38,-3.85,44.46,-18.57,1
e,2022-11-01 17:21:40.239026,-0.06,-0.74,0.68,1.16,1.95,2.38,-3.85,44.46,-18.57,1
e,2022-11-01 17:21:40.239181,-0.06,-0.74,0.67,1.22,1.95,2.50,-4.02,44.18,-18.20,1
e,2022-11-01 17:21:40.239333,-0.06,-0.74,0.68,0.98,1.95,2.44,-4.02,44.18,-18.20,1
e,2022-11-01 17:21:40.239493,-0.06,-0.74,0.68,1.16,1.95,2.44,-3.98,44.80,-18.68,1
e,2022-11-01 17:21:40.239646,-0.06,-0.74,0.68,1.10,1.83,2.38,-3.98,44.80,-18.68,1
e,2022-11-01 17:21:40.239799,-0.06,-0.74,0.68,1.16,1.95,2.44,-3.98,44.80,-18.68,1
e,2022-11-01 17:21:40.239953,-0.06,-0.74,0.68,1.16,2.14,2.44,-3.99,44.54,-18.59,1
e,2022-11-01 17:21:40.240103,-0.06,-0.74,0.68,1.22,1.83,2.56,-3.99,44.54,-18.59,1
e,2022-11-01 17:21:40.240257,-0.06,-0.74,0.68,1.16,2.01,2.44,-3.99,44.54,-18.59,1
e,2022-11-01 17:21:40.240408,-0.06,-0.74,0.68,1.10,1.89,2.38,-3.94,45.09,-18.51,1
e,2022-11-01 17:21:40.240563,-0.06,-0.74,0.67,1.22,1.89,2.38,-3.94,45.09,-18.51,1
e,2022-11-01 17:21:40.240713,-0.06,-0.74,0.68,1.16,2.01,2.38,-3.94,45.09,-18.51,1
e,2022-11-01 17:21:40.240864,-0.06,-0.74,0.68,1.16,1.77,2.32,-4.21,44.34,-17.87,1
e,2022-11-01 17:21:40.241018,-0.06,-0.74,0.68,1.16,1.89,2.44,-4.21,44.34,-17.87,1
e,2022-11-01 17:21:40.241168,-0.06,-0.74,0.68,1.28,1.83,2.32,-4.44,44.81,-18.18,1
e,2022-11-01 17:21:40.241322,-0.06,-0.74,0.68,1.04,1.95,2.38,-4.44,44.81,-18.18,1
e,2022-11-01 17:21:40.241473,-0.06,-0.74,0.67,1.10,1.83,2.50,-4.44,44.81,-18.18,1
e,2022-11-01 17:21:40.241626,-0.06,-0.74,0.67,1.28,1.83,2.38,-4.37,45.09,-19.62,1
e,2022-11-01 17:21:40.241785,-0.06,-0.74,0.68,1.16,1.95,2.32,-4.37,45.09,-19.62,1
e,2022-11-01 17:21:40.241938,-0.06,-0.74,0.68,1.04,2.01,2.44,-4.37,45.09,-19.62,1
e,2022-11-01 17:21:40.242097,-0.06,-0.73,0.68,0.85,1.89,2.44,-4.50,44.73,-18.63,1
e,2022-11-01 17:21:40.242250,-0.06,-0.74,0.68,1.10,2.01,2.44,-4.50,44.73,-18.63,1
e,2022-11-01 17:21:40.242409,-0.06,-0.74,0.68,1.04,1.89,2.32,-4.50,44.73,-18.63,1
e,2022-11-01 17:21:40.242562,-0.06,-0.74,0.67,0.98,1.89,2.38,-4.32,44.68,-17.30,1
e,2022-11-01 17:21:40.242710,-0.06,-0.74,0.68,1.16,1.89,2.50,-4.32,44.68,-17.30,1
e,2022-11-01 17:21:40.242868,-0.06,-0.74,0.68,1.16,1.83,2.50,-4.11,44.86,-19.29,1
e,2022-11-01 17:21:40.243017,-0.06,-0.74,0.68,0.92,1.77,2.38,-4.11,44.86,-19.29,1
e,2022-11-01 17:21:40.243171,-0.06,-0.74,0.68,1.28,1.77,2.38,-4.11,44.86,-19.29,1
e,2022-11-01 17:21:40.243322,-0.06,-0.74,0.68,1.16,1.89,2.44,-4.27,45.08,-19.35,1
e,2022-11-01 17:21:40.243475,-0.06,-0.74,0.68,1.34,1.95,2.38,-4.27,45.08,-19.35,1
e,2022-11-01 17:21:40.243635,-0.06,-0.74,0.68,1.28,1.89,2.44,-4.27,45.08,-19.35,1
e,2022-11-01 17:21:40.243789,-0.06,-0.73,0.67,1.16,1.89,2.50,-3.88,44.62,-18.90,1
e,2022-11-01 17:21:40.243949,-0.06,-0.74,0.68,1.04,1.89,2.44,-3.88,44.62,-18.90,1
e,2022-11-01 17:21:40.244100,-0.06,-0.74,0.67,1.16,1.95,2.50,-3.88,44.62,-18.90,1
e,2022-11-01 17:21:40.244252,-0.06,-0.74,0.68,1.28,1.77,2.32,-4.94,44.93,-17.48,1
e,2022-11-01 17:21:40.244410,-0.06,-0.74,0.68,1.28,1.95,2.32,-4.94,44.93,-17.48,1
e,2022-11-01 17:21:40.244563,-0.06,-0.74,0.68,1.34,1.95,2.32,-3.96,44.64,-18.29,1
e,2022-11-01 17:21:40.244722,-0.06,-0.74,0.68,0.98,1.77,2.20,-3.96,44.64,-18.29,1
e,2022-11-01 17:21:40.244875,-0.06,-0.74,0.67,1.22,1.95,2.50,-3.96,44.64,-18.29,1
e,2022-11-01 17:21:40.245027,-0.06,-0.74,0.68,1.28,2.01,2.44,-4.75,44.52,-18.92,1
e,2022-11-01 17:21:40.245207,-0.06,-0.74,0.68,1.16,1.89,2.44,-4.75,44.52,-18.92,1
e,2022-11-01 17:21:40.245365,-0.06,-0.74,0.68,0.98,1.95,2.50,-4.75,44.52,-18.92,1
e,2022-11-01 17:21:40.245523,-0.06,-0.74,0.67,1.22,2.01,2.56,-4.13,44.71,-19.14,1
e,2022-11-01 17:21:40.245673,-0.06,-0.74,0.68,1.16,1.77,2.26,-4.13,44.71,-19.14,1
e,2022-11-01 17:21:40.245826,-0.06,-0.74,0.68,1.40,1.95,2.50,-4.13,44.71,-19.14,1
e,2022-11-01 17:21:40.245980,-0.06,-0.74,0.67,1.04,1.89,2.26,-4.14,44.53,-18.15,1
e,2022-11-01 17:21:40.246130,-0.06,-0.74,0.68,1.53,1.77,2.69,-4.14,44.53,-18.15,1
e,2022-11-01 17:21:40.246286,-0.06,-0.74,0.67,0.98,1.89,2.44,-4.03,44.96,-19.48,1
e,2022-11-01 17:21:40.246438,-0.06,-0.74,0.68,1.40,1.95,2.50,-4.03,44.96,-19.48,1
e,2022-11-01 17:21:40.246595,-0.06,-0.74,0.68,1.16,1.95,2.38,-4.03,44.96,-19.48,1
e,2022-11-01 17:21:40.246747,-0.06,-0.74,0.68,1.34,1.95,2.56,-4.66,44.47,-18.10,1
e,2022-11-01 17:21:40.246902,-0.06,-0.74,0.68,1.46,1.89,2.50,-4.66,44.47,-18.10,1
e,2022-11-01 17:21:40.247060,-0.06,-0.74,0.68,1.34,1.89,2.50,-4.66,44.47,-18.10,1
e,2022-11-01 17:21:40.247211,-0.06,-0.74,0.68,1.46,1.89,2.44,-3.94,45.15,-19.91,1
e,2022-11-01 17:21:40.247368,-0.06,-0.74,0.68,1.40,1.89,2.62,-3.94,45.15,-19.91,1
e,2022-11-01 17:21:40.247519,-0.06,-0.74,0.68,1.34,1.83,2.56,-3.94,45.15,-19.91,1
e,2022-11-01 17:21:40.247668,-0.06,-0.74,0.68,1.10,1.83,2.32,-4.54,44.68,-18.20,1
e,2022-11-01 17:21:40.247827,-0.06,-0.74,0.68,1.34,1.83,2.38,-4.54,44.68,-18.20,1
e,2022-11-01 17:21:40.247978,-0.06,-0.74,0.68,0.98,1.95,2.50,-4.48,45.02,-19.41,1
e,2022-11-01 17:21:40.248134,-0.06,-0.74,0.68,1.16,1.95,2.38,-4.48,45.02,-19.41,1
e,2022-11-01 17:21:40.248285,-0.06,-0.74,0.68,1.28,1.95,2.44,-4.48,45.02,-19.41,1
e,2022-11-01 17:21:40.248436,-0.06,-0.74,0.68,1.34,1.71,2.56,-3.65,44.69,-18.58,1
e,2022-11-01 17:21:40.248591,-0.06,-0.74,0.68,1.04,2.01,2.44,-3.65,44.69,-18.58,1
e,2022-11-01 17:21:40.248743,-0.06,-0.74,0.68,1.16,1.83,2.32,-3.65,44.69,-18.58,1
e,2022-11-01 17:21:40.248899,-0.06,-0.74,0.68,1.28,1.77,2.38,-3.93,44.82,-19.86,1
e,2022-11-01 17:21:40.249052,-0.06,-0.74,0.68,1.22,1.95,2.38,-3.93,44.82,-19.86,1
e,2022-11-01 17:21:40.249204,-0.06,-0.74,0.68,0.98,1.95,2.44,-3.93,44.82,-19.86,1
e,2022-11-01 17:21:40.249361,-0.06,-0.74,0.67,1.10,1.77,2.56,-4.19,44.85,-18.30,1
e,2022-11-01 17:21:40.249512,-0.06,-0.74,0.68,1.34,1.95,2.50,-4.19,44.85,-18.30,1
e,2022-11-01 17:21:40.249670,-0.06,-0.74,0.68,1.34,2.01,2.44,-4.47,44.41,-18.99,1
e,2022-11-01 17:21:40.249825,-0.06,-0.74,0.68,1.10,1.95,2.32,-4.47,44.41,-18.99,1
e,2022-11-01 17:21:40.249983,-0.06,-0.74,0.68,1.22,2.08,2.50,-4.47,44.41,-18.99,1
e,2022-11-01 17:21:40.250134,-0.06,-0.74,0.68,1.16,1.83,2.38,-4.30,44.96,-18.43,1
e,2022-11-01 17:21:40.250284,-0.06,-0.74,0.68,1.22,2.01,2.38,-4.30,44.96,-18.43,1
e,2022-11-01 17:21:40.250445,-0.06,-0.73,0.67,1.16,1.95,2.50,-4.30,44.96,-18.43,1
e,2022-11-01 17:21:40.250596,-0.06,-0.74,0.68,1.22,1.77,2.38,-4.38,44.63,-19.53,1
e,2022-11-01 17:21:40.250754,-0.06,-0.74,0.68,1.10,2.01,2.44,-4.38,44.63,-19.53,1
e,2022-11-01 17:21:40.250906,-0.06,-0.74,0.68,1.16,1.95,2.50,-4.38,44.63,-19.53,1
e,2022-11-01 17:21:40.251059,-0.06,-0.74,0.67,1.10,1.83,2.32,-4.09,44.82,-17.91,1
e,2022-11-01 17:21:40.251216,-0.06,-0.73,0.68,1.04,1.83,2.50,-4.09,44.82,-17.91,1
e,2022-11-01 17:21:40.251367,-0.06,-0.74,0.68,1.40,1.83,2.38,-4.05,45.19,-18.71,1
e,2022-11-01 17:21:40.251528,-0.06,-0.74,0.68,1.22,1.95,2.32,-4.05,45.19,-18.71,1
e,2022-11-01 17:21:40.251679,-0.06,-0.73,0.68,1.22,2.08,2.44,-4.05,45.19,-18.71,1
e,2022-11-01 17:21:40.251836,-0.06,-0.74,0.68,1.40,1.83,2.38,-4.11,44.56,-20.39,1
e,2022-11-01 17:21:40.251988,-0.06,-0.74,0.68,1.34,1.83,2.44,-4.11,44.56,-20.39,1
e,2022-11-01 17:21:40.252139,-0.06,-0.74,0.68,1.22,1.89,2.32,-4.11,44.56,-20.39,1
e,2022-11-01 17:21:40.252294,-0.06,-0.74,0.68,1.22,1.77,2.50,-3.77,44.98,-18.97,1
e,2022-11-01 17:21:40.252447,-0.06,-0.74,0.68,1.04,2.08,2.26,-3.77,44.98,-18.97,1
e,2022-11-01 17:21:40.252605,-0.06,-0.74,0.68,0.98,2.01,2.44,-3.77,44.98,-18.97,1
e,2022-11-01 17:21:40.252758,-0.06,-0.74,0.68,1.10,1.89,2.44,-3.41,44.74,-18.40,1
e,2022-11-01 17:21:40.252908,-0.06,-0.74,0.68,0.98,2.01,2.44,-3.41,44.74,-18.40,1
e,2022-11-01 17:21:40.253067,-0.06,-0.74,0.68,1.04,2.01,2.32,-4.65,44.86,-19.60,1
e,2022-11-01 17:21:40.253218,-0.06,-0.74,0.68,1.28,1.95,2.32,-4.65,44.86,-19.60,1
e,2022-11-01 17:21:40.253378,-0.06,-0.74,0.68,1.16,2.01,2.44,-4.65,44.86,-19.60,1
e,2022-11-01 17:21:40.253529,-0.06,-0.74,0.68,1.28,1.83,2.44,-3.92,44.48,-18.73,1
e,2022-11-01 17:21:40.253683,-0.06,-0.74,0.68,1.16,2.01,2.44,-3.92,44.48,-18.73,1
e,2022-11-01 17:21:40.253851,-0.06,-0.74,0.68,1.22,1.95,2.62,-3.92,44.48,-18.73,1
e,2022-11-01 17:21:40.254002,-0.06,-0.74,0.68,1.40,2.01,2.44,-3.96,44.82,-19.26,1
e,2022-11-01 17:21:40.254158,-0.06,-0.74,0.68,1.28,2.14,2.50,-3.96,44.82,-19.26,1
e,2022-11-01 17:21:40.254312,-0.06,-0.73,0.68,1.34,1.95,2.56,-3.96,44.82,-19.26,1
e,2022-11-01 17:21:40.254469,-0.06,-0.73,0.68,1.28,1.95,2.26,-3.48,44.86,-18.35,1
e,2022-11-01 17:21:40.254621,-0.06,-0.74,0.68,1.16,2.08,2.50,-3.48,44.86,-18.35,1
e,2022-11-01 17:21:40.254774,-0.06,-0.74,0.68,1.34,2.01,2.50,-4.17,44.90,-18.88,1
e,2022-11-01 17:21:40.254931,-0.06,-0.73,0.68,0.92,1.95,2.32,-4.17,44.90,-18.88,1
e,2022-11-01 17:21:40.255084,-0.06,-0.73,0.68,1.16,2.01,2.56,-4.17,44.90,-18.88,1
e,2022-11-01 17:21:40.255243,-0.06,-0.74,0.68,1.34,1.95,2.56,-3.83,44.75,-17.87,1
e,2022-11-01 17:21:40.255395,-0.06,-0.74,0.68,1.10,1.95,2.50,-3.83,44.75,-17.87,1
e,2022-11-01 17:21:40.255549,-0.06,-0.74,0.68,1.28,1.89,2.44,-3.83,44.75,-17.87,1
e,2022-11-01 17:21:40.255706,-0.06,-0.73,0.68,1.16,1.95,2.56,-4.05,44.32,-19.25,1
e,2022-11-01 17:21:40.255860,-0.06,-0.74,0.68,0.92,2.01,2.32,-4.05,44.32,-19.25,1
e,2022-11-01 17:21:40.256031,-0.06,-0.73,0.68,1.22,1.89,2.38,-4.05,44.32,-19.25,1
e,2022-11-01 17:21:40.256185,-0.06,-0.74,0.68,0.98,1.89,2.32,-3.99,44.37,-18.43,1
e,2022-11-01 17:21:40.256338,-0.06,-0.74,0.68,1.28,1.89,2.44,-3.99,44.37,-18.43,1
e,2022-11-01 17:21:40.256495,-0.06,-0.74,0.68,1.34,2.01,2.56,-3.92,44.89,-18.47,1
e,2022-11-01 17:21:40.256648,-0.06,-0.74,0.68,0.98,1.83,2.32,-3.92,44.89,-18.47,1
e,2022-11-01 17:21:40.256814,-0.06,-0.73,0.68,1.04,1.95,2.38,-3.92,44.89,-18.47,1
e,2022-11-01 17:21:40.256970,-0.06,-0.73,0.68,1.16,1.89,2.44,-4.09,45.17,-19.76,1
e,2022-11-01 17:21:40.257130,-0.06,-0.73,0.68,1.34,1.89,2.32,-4.09,45.17,-19.76,1
e,2022-11-01 17:21:40.257284,-0.06,-0.74,0.68,1.16,1.89,2.38,-4.09,45.17,-19.76,1
e,2022-11-01 17:21:40.257436,-0.06,-0.73,0.68,1.10,1.95,2.56,-4.24,44.75,-19.75,1
e,2022-11-01 17:21:40.257592,-0.06,-0.73,0.68,1.16,1.89,2.62,-4.24,44.75,-19.75,1
e,2022-11-01 17:21:40.257743,-0.06,-0.74,0.68,1.53,1.95,2.62,-4.24,44.75,-19.75,1
e,2022-11-01 17:21:40.257898,-0.06,-0.74,0.68,1.28,1.83,2.50,-3.67,44.92,-19.54,1
e,2022-11-01 17:21:40.258048,-0.06,-0.74,0.68,1.16,2.01,2.26,-3.67,44.92,-19.54,1
e,2022-11-01 17:21:40.258198,-0.06,-0.73,0.68,1.16,1.89,2.44,-4.10,44.70,-18.64,1
e,2022-11-01 17:21:40.258353,-0.06,-0.74,0.68,1.22,1.95,2.44,-4.10,44.70,-18.64,1
e,2022-11-01 17:21:40.258503,-0.06,-0.73,0.68,1.22,2.08,2.56,-4.10,44.70,-18.64,1
e,2022-11-01 17:21:40.258659,-0.06,-0.74,0.68,1.04,1.83,2.50,-4.33,44.91,-19.18,1
e,2022-11-01 17:21:40.258811,-0.06,-0.74,0.68,1.28,1.95,2.38,-4.33,44.91,-19.18,1
e,2022-11-01 17:21:40.258961,-0.06,-0.74,0.68,1.22,1.89,2.44,-4.33,44.91,-19.18,1
e,2022-11-01 17:21:40.259118,-0.06,-0.73,0.68,1.10,2.08,2.38,-4.17,44.40,-19.53,1
e,2022-11-01 17:21:40.259271,-0.06,-0.74,0.68,1.10,1.95,2.56,-4.17,44.40,-19.53,1
e,2022-11-01 17:21:40.259428,-0.06,-0.74,0.68,1.10,2.01,2.56,-4.17,44.40,-19.53,1
e,2022-11-01 17:21:40.259579,-0.06,-0.73,0.68,1.04,1.71,2.26,-4.06,44.47,-19.78,1
e,2022-11-01 17:21:40.259731,-0.06,-0.74,0.68,1.16,1.89,2.50,-4.06,44.47,-19.78,1
e,2022-11-01 17:21:40.259887,-0.06,-0.74,0.68,1.22,2.01,2.62,-4.35,44.65,-18.71,1
e,2022-11-01 17:21:40.260037,-0.06,-0.74,0.68,1.22,2.01,2.62,-4.35,44.65,-18.71,1
e,2022-11-01 17:21:40.260194,-0.06,-0.74,0.68,1.22,1.83,2.38,-4.35,44.65,-18.71,1
e,2022-11-01 17:21:40.260344,-0.06,-0.74,0.68,1.16,1.95,2.32,-3.93,44.78,-20.04,1
e,2022-11-01 17:21:40.260522,-0.06,-0.74,0.68,1.22,1.89,2.38,-3.93,44.78,-20.04,1
e,2022-11-01 17:21:40.260675,-0.06,-0.73,0.68,1.28,1.95,2.38,-3.93,44.78,-20.04,1
e,2022-11-01 17:21:40.260825,-0.06,-0.74,0.68,1.16,1.77,2.44,-3.88,44.71,-19.75,1
e,2022-11-01 17:21:40.260985,-0.06,-0.74,0.68,1.10,1.89,2.50,-3.88,44.71,-19.75,1
e,2022-11-01 17:21:40.261137,-0.06,-0.74,0.68,1.22,1.83,2.44,-3.88,44.71,-19.75,1
e,2022-11-01 17:21:40.261294,-0.06,-0.74,0.68,1.16,1.77,2.26,-3.85,44.97,-20.14,1
e,2022-11-01 17:21:40.261446,-0.06,-0.74,0.68,1.16,2.08,2.26,-3.85,44.97,-20.14,1
e,2022-11-01 17:21:40.261597,-0.06,-0.74,0.68,1.04,1.95,2.38,-4.03,44.54,-19.27,1
e,2022-11-01 17:21:40.261752,-0.06,-0.73,0.68,1.16,1.83,2.50,-4.03,44.54,-19.27,1
e,2022-11-01 17:21:40.261903,-0.06,-0.73,0.68,1.16,2.14,2.62,-4.03,44.54,-19.27,1
e,2022-11-01 17:21:40.262058,-0.06,-0.74,0.68,1.34,2.01,2.44,-3.86,44.86,-18.68,1
e,2022-11-01 17:21:40.262208,-0.06,-0.73,0.68,0.98,1.77,2.50,-3.86,44.86,-18.68,1
e,2022-11-01 17:21:40.262358,-0.06,-0.74,0.68,1.22,1.83,2.50,-3.86,44.86,-18.68,1
e,2022-11-01 17:21:40.262513,-0.06,-0.73,0.68,0.98,1.89,2.38,-3.47,44.29,-18.92,1
e,2022-11-01 17:21:40.262663,-0.06,-0.73,0.68,1.22,1.83,2.56,-3.47,44.29,-18.92,1
e,2022-11-01 17:21:40.262819,-0.06,-0.74,0.68,1.22,2.08,2.44,-3.47,44.29,-18.92,1
e,2022-11-01 17:21:40.262970,-0.06,-0.74,0.68,1.16,1.83,2.38,-4.05,44.69,-18.51,1
e,2022-11-01 17:21:40.263125,-0.06,-0.74,0.68,1.28,1.89,2.56,-4.05,44.69,-18.51,1
e,2022-11-01 17:21:40.263276,-0.06,-0.73,0.68,1.28,1.95,2.62,-4.06,44.10,-18.96,1
e,2022-11-01 17:21:40.263427,-0.06,-0.73,0.68,1.16,1.89,2.32,-4.06,44.10,-18.96,1
e,2022-11-01 17:21:40.263583,-0.06,-0.73,0.68,1.34,1.89,2.44,-4.06,44.10,-18.96,1
e,2022-11-01 17:21:40.263734,-0.06,-0.73,0.68,1.46,1.95,2.62,-3.72,45.12,-18.51,1
e,2022-11-01 17:21:40.263889,-0.06,-0.73,0.68,1.34,1.89,2.62,-3.72,45.12,-18.51,1
e,2022-11-01 17:21:40.264041,-0.06,-0.73,0.68,1.10,1.95,2.50,-3.72,45.12,-18.51,1
e,2022-11-01 17:21:40.264193,-0.06,-0.73,0.68,1.22,1.83,2.50,-4.26,44.49,-18.97,1
e,2022-11-01 17:21:40.264350,-0.06,-0.73,0.68,1.16,2.08,2.44,-4.26,44.49,-18.97,1
e,2022-11-01 17:21:40.264501,-0.06,-0.74,0.68,1.28,1.95,2.62,-4.26,44.49,-18.97,1
e,2022-11-01 17:21:40.264656,-0.06,-0.74,0.68,1.16,1.89,2.44,-3.89,44.57,-17.98,1
e,2022-11-01 17:21:40.264806,-0.06,-0.73,0.68,1.22,2.08,2.56,-3.89,44.57,-17.98,1
e,2022-11-01 17:21:40.264961,-0.06,-0.73,0.68,1.22,2.01,2.50,-3.87,44.35,-18.05,1
e,2022-11-01 17:21:40.265113,-0.06,-0.73,0.68,1.16,2.08,2.44,-3.87,44.35,-18.05,1
e,2022-11-01 17:21:40.265263,-0.06,-0.74,0.68,1.04,2.01,2.56,-3.87,44.35,-18.05,1
e,2022-11-01 17:21:40.265418,-0.06,-0.73,0.68,1.04,2.01,2.50,-3.89,44.59,-19.07,1
e,2022-11-01 17:21:40.265569,-0.06,-0.74,0.68,1.34,1.89,2.44,-3.89,44.59,-19.07,1
e,2022-11-01 17:21:40.265725,-0.06,-0.74,0.68,1.22,1.89,2.38,-3.89,44.59,-19.07,1
e,2022-11-01 17:21:40.265877,-0.06,-0.73,0.68,1.22,1.89,2.20,-3.69,44.48,-18.60,1
e,2022-11-01 17:21:40.266029,-0.06,-0.73,0.68,1.16,1.77,2.50,-3.69,44.48,-18.60,1
e,2022-11-01 17:21:40.266184,-0.06,-0.74,0.68,0.92,1.95,2.38,-3.69,44.48,-18.60,1
e,2022-11-01 17:21:40.266336,-0.06,-0.74,0.68,1.04,1.83,2.44,-3.58,44.71,-19.15,1
e,2022-11-01 17:21:40.266492,-0.06,-0.74,0.68,1.34,1.83,2.50,-3.58,44.71,-19.15,1
e,2022-11-01 17:21:40.266644,-0.06,-0.73,0.68,0.92,1.89,2.38,-4.04,44.91,-17.15,1
e,2022-11-01 17:21:40.266800,-0.06,-0.74,0.68,0.92,2.14,2.32,-4.04,44.91,-17.15,1
e,2022-11-01 17:21:40.266952,-0.06,-0.73,0.68,1.16,2.14,2.56,-4.04,44.91,-17.15,1
e,2022-11-01 17:21:40.267103,-0.06,-0.73,0.68,1.28,1.89,2.38,-3.98,44.67,-18.55,1
e,2022-11-01 17:21:40.267260,-0.06,-0.73,0.68,1.16,1.89,2.44,-3.98,44.67,-18.55,1
e,2022-11-01 17:21:40.267410,-0.06,-0.73,0.68,1.34,1.89,2.56,-3.98,44.67,-18.55,1
e,2022-11-01 17:21:40.267563,-0.06,-0.73,0.68,0.92,1.89,2.32,-3.58,44.68,-17.70,1
e,2022-11-01 17:21:40.267714,-0.06,-0.74,0.68,0.98,1.83,2.50,-3.58,44.68,-17.70,1
e,2022-11-01 17:21:40.267864,-0.06,-0.73,0.68,1.10,2.01,2.50,-3.58,44.68,-17.70,1
e,2022-11-01 17:21:40.268019,-0.06,-0.73,0.68,0.98,1.95,2.32,-3.74,44.34,-17.66,1
e,2022-11-01 17:21:40.268170,-0.06,-0.73,0.68,1.04,1.89,2.44,-3.74,44.34,-17.66,1
e,2022-11-01 17:21:40.268325,-0.06,-0.74,0.68,1.10,1.89,2.50,-3.93,44.79,-19.06,1
e,2022-11-01 17:21:40.268476,-0.06,-0.73,0.68,1.10,1.83,2.62,-3.93,44.79,-19.06,1
e,2022-11-01 17:21:40.268632,-0.06,-0.73,0.68,1.22,1.89,2.44,-3.93,44.79,-19.06,1
e,2022-11-01 17:21:40.268783,-0.06,-0.73,0.68,1.10,1.95,2.38,-3.67,44.57,-19.49,1
e,2022-11-01 17:21:40.268934,-0.06,-0.73,0.68,0.98,1.95,2.56,-3.67,44.57,-19.49,1
e,2022-11-01 17:21:40.269088,-0.06,-0.73,0.68,1.04,1.89,2.56,-3.67,44.57,-19.49,1
e,2022-11-01 17:21:40.269237,-0.06,-0.73,0.68,1.04,1.77,2.44,-3.70,44.30,-18.85,1
e,2022-11-01 17:21:40.269390,-0.06,-0.73,0.68,1.10,1.89,2.44,-3.70,44.30,-18.85,1
e,2022-11-01 17:21:40.269539,-0.06,-0.73,0.68,1.22,1.89,2.56,-3.70,44.30,-18.85,1
e,2022-11-01 17:21:40.269689,-0.06,-0.73,0.68,0.98,1.89,2.26,-3.96,45.00,-17.93,1
e,2022-11-01 17:21:40.269844,-0.06,-0.73,0.68,1.22,1.83,2.56,-3.96,45.00,-17.93,1
e,2022-11-01 17:21:40.269995,-0.06,-0.73,0.68,1.22,1.83,2.56,-4.19,44.87,-19.18,1
e,2022-11-01 17:21:40.270149,-0.06,-0.73,0.68,1.10,1.89,2.62,-4.19,44.87,-19.18,1
e,2022-11-01 17:21:40.270299,-0.06,-0.73,0.68,1.10,1.83,2.50,-4.19,44.87,-19.18,1
e,2022-11-01 17:21:40.270455,-0.06,-0.73,0.68,1.34,2.01,2.50,-3.77,45.57,-18.98,1
e,2022-11-01 17:21:40.270605,-0.06,-0.74,0.68,1.22,2.08,2.38,-3.77,45.57,-18.98,1
e,2022-11-01 17:21:40.270758,-0.06,-0.73,0.68,1.04,1.89,2.44,-3.77,45.57,-18.98,1
e,2022-11-01 17:21:40.270915,-0.06,-0.73,0.68,1.16,1.95,2.32,-4.46,45.37,-18.64,1
e,2022-11-01 17:21:40.271068,-0.06,-0.73,0.68,1.22,1.95,2.50,-4.46,45.37,-18.64,1
e,2022-11-01 17:21:40.271225,-0.06,-0.73,0.68,1.28,1.83,2.56,-4.46,45.37,-18.64,1
e,2022-11-01 17:21:40.271377,-0.06,-0.73,0.68,0.85,1.77,2.32,-4.19,44.57,-19.59,1
e,2022-11-01 17:21:40.271528,-0.06,-0.73,0.68,0.98,1.89,2.38,-4.19,44.57,-19.59,1
e,2022-11-01 17:21:40.271685,-0.06,-0.73,0.68,1.16,2.01,2.38,-4.14,44.47,-19.21,1
e,2022-11-01 17:21:40.271837,-0.06,-0.74,0.68,1.10,2.08,2.44,-4.14,44.47,-19.21,1
e,2022-11-01 17:21:40.271994,-0.06,-0.73,0.68,1.10,2.08,2.56,-4.14,44.47,-19.21,1
e,2022-11-01 17:21:40.272146,-0.06,-0.73,0.68,1.22,1.89,2.38,-3.96,44.96,-20.06,1
e,2022-11-01 17:21:40.272309,-0.06,-0.73,0.68,1.22,1.95,2.56,-3.96,44.96,-20.06,1
e,2022-11-01 17:21:40.272462,-0.06,-0.73,0.68,1.04,2.08,2.50,-3.96,44.96,-20.06,1
e,2022-11-01 17:21:40.272615,-0.06,-0.73,0.68,0.98,1.89,2.26,-4.54,44.93,-20.28,1
e,2022-11-01 17:21:40.272775,-0.06,-0.73,0.68,0.92,1.89,2.38,-4.54,44.93,-20.28,1
e,2022-11-01 17:21:40.272928,-0.06,-0.73,0.68,1.10,1.83,2.44,-4.54,44.93,-20.28,1
e,2022-11-01 17:21:40.273085,-0.06,-0.73,0.68,1.04,1.89,2.32,-4.14,45.13,-17.90,1
e,2022-11-01 17:21:40.273236,-0.06,-0.73,0.68,1.22,1.83,2.38,-4.14,45.13,-17.90,1
e,2022-11-01 17:21:40.273389,-0.06,-0.74,0.68,1.16,1.89,2.38,-4.15,44.56,-19.43,1
e,2022-11-01 17:21:40.273545,-0.06,-0.73,0.68,0.92,1.95,2.44,-4.15,44.56,-19.43,1
e,2022-11-01 17:21:40.273696,-0.06,-0.73,0.68,1.10,2.01,2.26,-4.15,44.56,-19.43,1
e,2022-11-01 17:21:40.273852,-0.06,-0.74,0.68,1.04,1.95,2.62,-4.11,45.18,-19.23,1
e,2022-11-01 17:21:40.274002,-0.06,-0.73,0.68,1.28,1.89,2.44,-4.11,45.18,-19.23,1
e,2022-11-01 17:21:40.274157,-0.06,-0.73,0.68,1.10,2.01,2.50,-4.11,45.18,-19.23,1
e,2022-11-01 17:21:40.274309,-0.06,-0.73,0.68,1.10,1.77,2.32,-3.70,44.70,-18.48,1
e,2022-11-01 17:21:40.274462,-0.06,-0.73,0.68,1.10,2.08,2.38,-3.70,44.70,-18.48,1
e,2022-11-01 17:21:40.274618,-0.06,-0.73,0.68,1.28,1.89,2.44,-3.70,44.70,-18.48,1
e,2022-11-01 17:21:40.274770,-0.06,-0.73,0.68,0.98,1.83,2.38,-3.89,45.03,-18.15,1
e,2022-11-01 17:21:40.274927,-0.06,-0.73,0.68,1.22,1.89,2.56,-3.89,45.03,-18.15,1
e,2022-11-01 17:21:40.275080,-0.06,-0.74,0.68,1.10,1.89,2.50,-3.97,45.12,-19.34,1
e,2022-11-01 17:21:40.275232,-0.06,-0.73,0.68,1.16,1.95,2.38,-3.97,45.12,-19.34,1
e,2022-11-01 17:21:40.275389,-0.06,-0.73,0.68,1.22,1.95,2.50,-3.97,45.12,-19.34,1
e,2022-11-01 17:21:40.275564,-0.06,-0.74,0.68,1.10,1.95,2.50,-4.06,44.38,-19.74,1
e,2022-11-01 17:21:40.275721,-0.06,-0.73,0.68,1.04,1.83,2.56,-4.06,44.38,-19.74,1
e,2022-11-01 17:21:40.275874,-0.06,-0.73,0.68,0.98,1.83,2.32,-4.06,44.38,-19.74,1
e,2022-11-01 17:21:40.276031,-0.06,-0.73,0.68,0.85,1.83,2.32,-4.19,44.67,-18.13,1
e,2022-11-01 17:21:40.276184,-0.06,-0.73,0.68,1.16,1.77,2.44,-4.19,44.67,-18.13,1
e,2022-11-01 17:21:40.276336,-0.06,-0.73,0.68,1.16,2.01,2.56,-4.19,44.67,-18.13,1
e,2022-11-01 17:21:40.276491,-0.06,-0.73,0.68,1.22,1.77,2.38,-3.96,44.75,-19.45,1
e,2022-11-01 17:21:40.276645,-0.06,-0.73,0.68,0.98,1.89,2.56,-3.96,44.75,-19.45,1
e,2022-11-01 17:21:40.276805,-0.06,-0.73,0.68,1.28,2.08,2.56,-4.36,44.70,-20.25,1
e,2022-11-01 17:21:40.276959,-0.06,-0.73,0.68,0.98,1.95,2.44,-4.36,44.70,-20.25,1
e,2022-11-01 17:21:40.277117,-0.06,-0.73,0.68,1.10,1.89,2.32,-4.36,44.70,-20.25,1
e,2022-11-01 17:21:40.277270,-0.06,-0.73,0.68,1.10,1.77,2.26,-3.50,44.46,-19.81,1
e,2022-11-01 17:21:40.277423,-0.06,-0.73,0.68,1.10,1.95,2.56,-3.50,44.46,-19.81,1
e,2022-11-01 17:21:40.277580,-0.06,-0.73,0.68,1.16,2.01,2.44,-3.50,44.46,-19.81,1
e,2022-11-01 17:21:40.277732,-0.06,-0.73,0.68,0.98,1.95,2.56,-3.83,44.57,-18.30,1
e,2022-11-01 17:21:40.277891,-0.06,-0.73,0.68,0.98,1.83,2.26,-3.83,44.57,-18.30,1
e,2022-11-01 17:21:40.278047,-0.06,-0.73,0.68,1.16,1.83,2.44,-3.83,44.57,-18.30,1
e,2022-11-01 17:21:40.278200,-0.06,-0.73,0.68,1.10,1.89,2.50,-3.98,44.73,-19.46,1
e,2022-11-01 17:21:40.278355,-0.06,-0.73,0.68,1.10,1.83,2.44,-3.98,44.73,-19.46,1
e,2022-11-01 17:21:40.278507,-0.06,-0.73,0.68,1.22,1.89,2.38,-4.64,44.70,-18.47,1
e,2022-11-01 17:21:40.278661,-0.06,-0.73,0.68,1.04,1.71,2.32,-4.64,44.70,-18.47,1
e,2022-11-01 17:21:40.278815,-0.06,-0.73,0.68,1.28,1.89,2.50,-4.64,44.70,-18.47,1
e,2022-11-01 17:21:40.278970,-0.06,-0.73,0.68,0.85,1.95,2.50,-4.48,45.10,-17.71,1
e,2022-11-01 17:21:40.279123,-0.06,-0.73,0.68,1.10,2.14,2.38,-4.48,45.10,-17.71,1
e,2022-11-01 17:21:40.279275,-0.06,-0.73,0.68,1.34,1.83,2.50,-4.48,45.10,-17.71,1
e,2022-11-01 17:21:40.279428,-0.06,-0.73,0.68,0.98,1.83,2.38,-3.93,45.00,-18.57,1
e,2022-11-01 17:21:40.279580,-0.06,-0.73,0.68,1.04,2.01,2.44,-3.93,45.00,-18.57,1
e,2022-11-01 17:21:40.279734,-0.06,-0.73,0.68,1.16,1.95,2.38,-3.93,45.00,-18.57,1
e,2022-11-01 17:21:40.279882,-0.06,-0.73,0.68,1.10,1.89,2.32,-3.60,44.71,-18.97,1
e,2022-11-01 17:21:40.280034,-0.06,-0.73,0.68,1.40,1.95,2.50,-3.60,44.71,-18.97,1
e,2022-11-01 17:21:40.280188,-0.06,-0.73,0.68,1.28,1.89,2.44,-3.87,44.68,-19.70,1
e,2022-11-01 17:21:40.280337,-0.06,-0.73,0.68,1.22,1.89,2.56,-3.87,44.68,-19.70,1
e,2022-11-01 17:21:40.280493,-0.06,-0.73,0.68,1.34,1.83,2.56,-3.87,44.68,-19.70,1
e,2022-11-01 17:21:40.280645,-0.06,-0.73,0.68,0.98,1.83,2.44,-3.56,44.90,-19.60,1
e,2022-11-01 17:21:40.280799,-0.06,-0.73,0.68,1.10,2.01,2.32,-3.56,44.90,-19.60,1
e,2022-11-01 17:21:40.280950,-0.06,-0.73,0.68,1.16,2.01,2.50,-3.56,44.90,-19.60,1
e,2022-11-01 17:21:40.281102,-0.06,-0.73,0.68,1.16,2.01,2.32,-4.16,44.70,-19.20,1
e,2022-11-01 17:21:40.281259,-0.06,-0.73,0.68,1.16,2.01,2.44,-4.16,44.70,-19.20,1
e,2022-11-01 17:21:40.281408,-0.06,-0.73,0.68,1.22,1.89,2.38,-4.16,44.70,-19.20,1
e,2022-11-01 17:21:40.281564,-0.06,-0.73,0.68,1.04,1.71,2.26,-4.05,44.31,-18.71,1
e,2022-11-01 17:21:40.281715,-0.06,-0.73,0.68,1.16,1.89,2.38,-4.05,44.31,-18.71,1
e,2022-11-01 17:21:40.281866,-0.06,-0.73,0.68,1.04,1.95,2.38,-4.05,44.63,-18.03,1
e,2022-11-01 17:21:40.282025,-0.06,-0.73,0.68,1.16,2.01,2.44,-4.05,44.63,-18.03,1
e,2022-11-01 17:21:40.282176,-0.06,-0.73,0.68,1.40,1.89,2.44,-4.05,44.63,-18.03,1
e,2022-11-01 17:21:40.282333,-0.06,-0.73,0.68,1.04,1.71,2.32,-4.21,44.63,-18.23,1
e,2022-11-01 17:21:40.282483,-0.06,-0.73,0.68,1.10,1.95,2.50,-4.21,44.63,-18.23,1
e,2022-11-01 17:21:40.282638,-0.06,-0.73,0.68,1.34,2.01,2.50,-4.21,44.63,-18.23,1
e,2022-11-01 17:21:40.282790,-0.06,-0.73,0.68,1.04,1.89,2.44,-3.78,44.45,-18.33,1
e,2022-11-01 17:21:40.282941,-0.06,-0.73,0.68,1.22,1.89,2.38,-3.78,44.45,-18.33,1
e,2022-11-01 17:21:40.283098,-0.06,-0.73,0.68,1.28,1.83,2.32,-3.78,44.45,-18.33,1
e,2022-11-01 17:21:40.283249,-0.06,-0.73,0.68,1.04,2.14,2.50,-4.00,44.75,-18.91,1
e,2022-11-01 17:21:40.283408,-0.06,-0.73,0.68,1.40,1.83,2.44,-4.00,44.75,-18.91,1
e,2022-11-01 17:21:40.283558,-0.06,-0.73,0.68,1.04,1.89,2.44,-4.17,44.59,-18.76,1
e,2022-11-01 17:21:40.283708,-0.06,-0.73,0.68,1.10,1.95,2.50,-4.17,44.59,-18.76,1
e,2022-11-01 17:21:40.283866,-0.06,-0.73,0.68,0.98,1.77,2.38,-4.17,44.59,-18.76,1
e,2022-11-01 17:21:40.284017,-0.06,-0.73,0.68,1.04,1.89,2.44,-3.53,44.79,-19.78,1
e,2022-11-01 17:21:40.284174,-0.06,-0.73,0.68,1.04,2.08,2.32,-3.53,44.79,-19.78,1
e,2022-11-01 17:21:40.284326,-0.06,-0.73,0.68,1.16,1.89,2.44,-3.53,44.79,-19.78,1
e,2022-11-01 17:21:40.284479,-0.06,-0.73,0.68,1.10,1.95,2.38,-4.10,44.27,-18.51,1
e,2022-11-01 17:21:40.284634,-0.06,-0.73,0.68,1.10,1.89,2.44,-4.10,44.27,-18.51,1
e,2022-11-01 17:21:40.284784,-0.06,-0.73,0.68,1.04,1.95,2.32,-4.10,44.27,-18.51,1
e,2022-11-01 17:21:40.284945,-0.06,-0.73,0.68,1.16,1.83,2.32,-4.63,44.45,-19.12,1
e,2022-11-01 17:21:40.285093,-0.06,-0.73,0.68,1.40,2.01,2.62,-4.63,44.45,-19.12,1
e,2022-11-01 17:21:40.285247,-0.06,-0.73,0.68,1.28,1.89,2.50,-3.92,45.17,-19.71,1
e,2022-11-01 17:21:40.285398,-0.06,-0.73,0.68,1.22,1.89,2.56,-3.92,45.17,-19.71,1
e,2022-11-01 17:21:40.285548,-0.06,-0.73,0.68,1.10,1.95,2.56,-3.92,45.17,-19.71,1
e,2022-11-01 17:21:40.285705,-0.06,-0.73,0.68,1.28,2.08,2.50,-3.75,44.46,-18.60,1
e,2022-11-01 17:21:40.285858,-0.06,-0.73,0.68,1.28,1.83,2.56,-3.75,44.46,-18.60,1
e,2022-11-01 17:21:40.286016,-0.06,-0.73,0.68,1.28,1.95,2.56,-3.75,44.46,-18.60,1
e,2022-11-01 17:21:40.286167,-0.06,-0.73,0.68,1.10,1.83,2.38,-3.71,44.68,-18.80,1
e,2022-11-01 17:21:40.286317,-0.06,-0.73,0.68,1.16,1.89,2.44,-3.71,44.68,-18.80,1
e,2022-11-01 17:21:40.286474,-0.06,-0.73,0.68,1.34,1.95,2.50,-3.71,44.68,-18.80,1
e,2022-11-01 17:21:40.286625,-0.06,-0.73,0.68,1.10,1.77,2.32,-3.88,44.56,-18.80,1
e,2022-11-01 17:21:40.286784,-0.06,-0.73,0.68,1.28,2.01,2.44,-3.88,44.56,-18.80,1
e,2022-11-01 17:21:40.286940,-0.06,-0.73,0.68,1.16,1.95,2.50,-3.53,44.86,-18.81,1
e,2022-11-01 17:21:40.287092,-0.06,-0.73,0.68,1.34,1.83,2.44,-3.53,44.86,-18.81,1
e,2022-11-01 17:21:40.287248,-0.06,-0.73,0.68,0.92,2.01,2.26,-3.53,44.86,-18.81,1
e,2022-11-01 17:21:40.287400,-0.06,-0.73,0.68,1.04,1.95,2.38,-4.30,45.17,-18.30,1
e,2022-11-01 17:21:40.287557,-0.06,-0.73,0.68,1.16,1.95,2.44,-4.30,45.17,-18.30,1
e,2022-11-01 17:21:40.287707,-0.06,-0.73,0.68,1.16,2.14,2.38,-4.30,45.17,-18.30,1
e,2022-11-01 17:21:40.287861,-0.06,-0.73,0.68,1.22,1.83,2.44,-4.32,44.93,-18.70,1
e,2022-11-01 17:21:40.288015,-0.06,-0.73,0.68,1.28,1.95,2.56,-4.32,44.93,-18.70,1
e,2022-11-01 17:21:40.288166,-0.06,-0.73,0.68,1.10,1.95,2.38,-4.32,44.93,-18.70,1
e,2022-11-01 17:21:40.288323,-0.06,-0.73,0.68,1.16,2.01,2.26,-3.93,45.02,-18.32,1
e,2022-11-01 17:21:40.288474,-0.06,-0.73,0.68,1.16,1.89,2.50,-3.93,45.02,-18.32,1
e,2022-11-01 17:21:40.288631,-0.06,-0.73,0.68,0.98,2.08,2.38,-4.05,44.68,-19.82,1
e,2022-11-01 17:21:40.288782,-0.06,-0.73,0.68,1.04,1.95,2.44,-4.05,44.68,-19.82,1
e,2022-11-01 17:21:40.288932,-0.06,-0.73,0.68,1.10,2.01,2.44,-4.05,44.68,-19.82,1
e,2022-11-01 17:21:40.289093,-0.06,-0.73,0.68,0.98,2.01,2.44,-3.74,44.63,-19.79,1
e,2022-11-01 17:21:40.289246,-0.06,-0.73,0.68,1.28,2.08,2.50,-3.74,44.63,-19.79,1
e,2022-11-01 17:21:40.289406,-0.06,-0.73,0.68,1.28,1.83,2.44,-3.74,44.63,-19.79,1
e,2022-11-01 17:21:40.289559,-0.06,-0.73,0.68,0.98,1.95,2.44,-3.88,44.51,-19.30,1
e,2022-11-01 17:21:40.289710,-0.06,-0.73,0.68,1.10,2.01,2.62,-3.88,44.51,-19.30,1
e,2022-11-01 17:21:40.289866,-0.06,-0.73,0.68,0.98,2.08,2.44,-3.88,44.51,-19.30,1
e,2022-11-01 17:21:40.290018,-0.06,-0.73,0.68,1.22,2.08,2.38,-4.16,45.12,-20.10,1
e,2022-11-01 17:21:40.290177,-0.06,-0.73,0.68,1.10,1.95,2.32,-4.16,45.12,-20.10,1
e,2022-11-01 17:21:40.290331,-0.06,-0.73,0.68,1.22,1.89,2.50,-4.21,44.59,-19.54,1
e,2022-11-01 17:21:40.290484,-0.06,-0.73,0.68,1.22,1.95,2.38,-4.21,44.59,-19.54,1
e,2022-11-01 17:21:40.290663,-0.06,-0.73,0.68,1.10,2.01,2.56,-4.21,44.59,-19.54,1
e,2022-11-01 17:21:40.290860,-0.06,-0.73,0.68,1.16,1.89,2.44,-4.02,44.84,-19.90,1
e,2022-11-01 17:21:40.291017,-0.06,-0.73,0.68,1.10,2.08,2.44,-4.02,44.84,-19.90,1
e,2022-11-01 17:21:40.291168,-0.06,-0.73,0.68,0.98,1.89,2.44,-4.02,44.84,-19.90,1
e,2022-11-01 17:21:40.291346,-0.06,-0.73,0.68,1.04,1.89,2.38,-4.26,44.36,-19.43,1
e,2022-11-01 17:21:40.291499,-0.06,-0.73,0.68,1.10,1.95,2.38,-4.26,44.36,-19.43,1
e,2022-11-01 17:21:40.291652,-0.06,-0.73,0.68,1.10,1.83,2.44,-4.14,44.36,-19.25,1
e,2022-11-01 17:21:40.291812,-0.06,-0.73,0.68,1.04,2.08,2.44,-4.14,44.36,-19.25,1
e,2022-11-01 17:21:40.291966,-0.06,-0.73,0.68,0.98,2.01,2.56,-4.14,44.36,-19.25,1
e,2022-11-01 17:21:40.292123,-0.06,-0.73,0.68,1.16,2.01,2.38,-4.22,44.82,-19.57,1
e,2022-11-01 17:21:40.292275,-0.06,-0.73,0.68,0.98,1.89,2.38,-4.22,44.82,-19.57,1
e,2022-11-01 17:21:40.292430,-0.06,-0.73,0.68,1.16,2.14,2.44,-4.22,44.82,-19.57,1
e,2022-11-01 17:21:40.292589,-0.06,-0.73,0.68,0.92,1.89,2.38,-3.83,45.06,-19.20,1
e,2022-11-01 17:21:40.292741,-0.06,-0.73,0.68,0.79,2.08,2.38,-3.83,45.06,-19.20,1
e,2022-11-01 17:21:40.292916,-0.06,-0.73,0.68,1.16,1.83,2.26,-3.83,45.06,-19.20,1
e,2022-11-01 17:21:40.293068,-0.06,-0.73,0.68,1.04,1.71,2.38,-4.59,45.06,-19.10,1
e,2022-11-01 17:21:40.293221,-0.06,-0.73,0.68,1.10,1.95,2.38,-4.59,45.06,-19.10,1
e,2022-11-01 17:21:40.293383,-0.06,-0.73,0.68,0.92,1.95,2.32,-4.22,44.54,-19.04,1
e,2022-11-01 17:21:40.293536,-0.06,-0.73,0.68,1.04,2.01,2.26,-4.22,44.54,-19.04,1
e,2022-11-01 17:21:40.293695,-0.06,-0.73,0.68,1.10,2.08,2.50,-4.22,44.54,-19.04,1
e,2022-11-01 17:21:40.293850,-0.06,-0.73,0.68,1.04,1.95,2.38,-4.43,45.07,-18.76,1
e,2022-11-01 17:21:40.294008,-0.06,-0.73,0.68,1.04,1.89,2.56,-4.43,45.07,-18.76,1
e,2022-11-01 17:21:40.294160,-0.06,-0.73,0.68,1.16,1.89,2.50,-4.43,45.07,-18.76,1
e,2022-11-01 17:21:40.294312,-0.06,-0.73,0.68,0.98,1.83,2.32,-4.26,44.67,-19.46,1
e,2022-11-01 17:21:40.294475,-0.06,-0.73,0.68,1.04,1.89,2.26,-4.26,44.67,-19.46,1
e,2022-11-01 17:21:40.294626,-0.06,-0.73,0.68,1.22,1.77,2.38,-4.26,44.67,-19.46,1
e,2022-11-01 17:21:40.294791,-0.06,-0.73,0.68,0.92,1.89,2.38,-4.25,44.41,-18.49,1
e,2022-11-01 17:21:40.294941,-0.06,-0.73,0.68,1.28,1.89,2.38,-4.25,44.41,-18.49,1
e,2022-11-01 17:21:40.295093,-0.06,-0.73,0.68,1.04,2.01,2.50,-3.74,45.00,-18.53,1
e,2022-11-01 17:21:40.295251,-0.06,-0.73,0.68,1.04,1.89,2.26,-3.74,45.00,-18.53,1
e,2022-11-01 17:21:40.295403,-0.06,-0.73,0.68,0.98,1.83,2.44,-3.74,45.00,-18.53,1
e,2022-11-01 17:21:40.295560,-0.06,-0.73,0.68,1.28,1.83,2.26,-4.22,44.62,-18.43,1
e,2022-11-01 17:21:40.295711,-0.06,-0.73,0.68,1.22,1.89,2.56,-4.22,44.62,-18.43,1
e,2022-11-01 17:21:40.295868,-0.06,-0.73,0.68,1.16,1.83,2.44,-4.22,44.62,-18.43,1
e,2022-11-01 17:21:40.296018,-0.06,-0.73,0.68,1.22,1.77,2.56,-4.21,44.63,-20.06,1
e,2022-11-01 17:21:40.296167,-0.06,-0.73,0.68,0.85,2.01,2.38,-4.21,44.63,-20.06,1
e,2022-11-01 17:21:40.296320,-0.06,-0.73,0.68,1.16,1.95,2.50,-4.21,44.63,-20.06,1
e,2022-11-01 17:21:40.296469,-0.06,-0.73,0.68,0.92,1.95,2.38,-4.65,44.63,-18.90,1
e,2022-11-01 17:21:40.296624,-0.06,-0.73,0.68,1.16,1.83,2.50,-4.65,44.63,-18.90,1
e,2022-11-01 17:21:40.296775,-0.06,-0.73,0.68,1.04,2.01,2.32,-4.15,44.91,-18.91,1
e,2022-11-01 17:21:40.296927,-0.06,-0.73,0.68,1.04,1.77,2.26,-4.15,44.91,-18.91,1
e,2022-11-01 17:21:40.297084,-0.06,-0.73,0.68,1.22,2.14,2.56,-4.15,44.91,-18.91,1
e,2022-11-01 17:21:40.297234,-0.06,-0.73,0.68,1.04,2.01,2.44,-4.41,45.10,-17.99,1
e,2022-11-01 17:21:40.297390,-0.06,-0.73,0.68,1.10,1.95,2.44,-4.41,45.10,-17.99,1
e,2022-11-01 17:21:40.297540,-0.06,-0.73,0.68,0.85,2.08,2.32,-4.41,45.10,-17.99,1
e,2022-11-01 17:21:40.297689,-0.06,-0.73,0.68,1.34,1.83,2.50,-3.75,45.31,-19.48,1
e,2022-11-01 17:21:40.297842,-0.06,-0.73,0.68,1.16,2.01,2.44,-3.75,45.31,-19.48,1
e,2022-11-01 17:21:40.297995,-0.06,-0.73,0.68,1.04,1.95,2.32,-3.75,45.31,-19.48,1
e,2022-11-01 17:21:40.298153,-0.06,-0.73,0.68,1.22,2.01,2.50,-4.65,45.02,-18.71,1
e,2022-11-01 17:21:40.298304,-0.06,-0.73,0.68,1.04,2.01,2.38,-4.65,45.02,-18.71,1
e,2022-11-01 17:21:40.298458,-0.06,-0.73,0.68,1.22,1.95,2.38,-3.54,44.80,-19.36,1
e,2022-11-01 17:21:40.298607,-0.06,-0.73,0.68,1.28,2.01,2.56,-3.54,44.80,-19.36,1
e,2022-11-01 17:21:40.298758,-0.06,-0.73,0.68,1.16,1.89,2.44,-3.54,44.80,-19.36,1
e,2022-11-01 17:21:40.298913,-0.06,-0.73,0.68,1.10,2.01,2.50,-4.16,45.12,-19.76,1
e,2022-11-01 17:21:40.299063,-0.06,-0.73,0.68,1.16,1.89,2.50,-4.16,45.12,-19.76,1
e,2022-11-01 17:21:40.299219,-0.06,-0.73,0.68,1.28,1.83,2.44,-4.16,45.12,-19.76,1
e,2022-11-01 17:21:40.299371,-0.06,-0.73,0.68,1.16,1.95,2.14,-3.92,45.43,-18.65,1
e,2022-11-01 17:21:40.299519,-0.06,-0.73,0.68,1.22,1.77,2.38,-3.92,45.43,-18.65,1
e,2022-11-01 17:21:40.299674,-0.06,-0.73,0.68,1.28,1.83,2.44,-3.92,45.43,-18.65,1
e,2022-11-01 17:21:40.299823,-0.06,-0.73,0.68,1.04,1.71,2.38,-4.22,44.81,-19.62,1
e,2022-11-01 17:21:40.299976,-0.06,-0.73,0.68,0.98,1.95,2.44,-4.22,44.81,-19.62,1
e,2022-11-01 17:21:40.300125,-0.06,-0.73,0.68,1.22,1.71,2.44,-4.39,45.47,-19.14,1
e,2022-11-01 17:21:40.300279,-0.06,-0.73,0.68,0.98,2.01,2.38,-4.39,45.47,-19.14,1
e,2022-11-01 17:21:40.300429,-0.06,-0.73,0.68,1.04,1.95,2.38,-4.39,45.47,-19.14,1
e,2022-11-01 17:21:40.300582,-0.06,-0.73,0.68,1.28,1.95,2.50,-4.20,45.28,-19.17,1
e,2022-11-01 17:21:40.300742,-0.06,-0.73,0.68,1.04,2.08,2.38,-4.20,45.28,-19.17,1
e,2022-11-01 17:21:40.300893,-0.06,-0.73,0.68,0.98,2.14,2.38,-4.20,45.28,-19.17,1
e,2022-11-01 17:21:40.301048,-0.06,-0.73,0.68,0.85,1.95,2.32,-4.42,45.41,-19.36,1
e,2022-11-01 17:21:40.301200,-0.06,-0.73,0.68,1.34,1.83,2.50,-4.42,45.41,-19.36,1
e,2022-11-01 17:21:40.301352,-0.06,-0.73,0.68,1.28,1.89,2.38,-4.42,45.41,-19.36,1
e,2022-11-01 17:21:40.301509,-0.06,-0.73,0.68,0.73,1.89,2.26,-4.57,45.04,-19.52,1
e,2022-11-01 17:21:40.301661,-0.06,-0.73,0.68,0.98,1.89,2.62,-4.57,45.04,-19.52,1
e,2022-11-01 17:21:40.301819,-0.06,-0.73,0.68,1.10,1.77,2.38,-4.46,45.52,-18.52,1
e,2022-11-01 17:21:40.301968,-0.06,-0.73,0.68,1.10,1.83,2.44,-4.46,45.52,-18.52,1
e,2022-11-01 17:21:40.302119,-0.06,-0.73,0.68,1.10,1.83,2.38,-4.46,45.52,-18.52,1
e,2022-11-01 17:21:40.302273,-0.06,-0.73,0.68,1.10,1.77,2.44,-4.36,45.12,-19.64,1
e,2022-11-01 17:21:40.302425,-0.06,-0.73,0.68,0.98,1.95,2.56,-4.36,45.12,-19.64,1
e,2022-11-01 17:21:40.302579,-0.06,-0.73,0.68,1.10,2.01,2.32,-4.36,45.12,-19.64,1
e,2022-11-01 17:21:40.302730,-0.06,-0.73,0.68,0.85,1.89,2.38,-4.16,45.04,-19.27,1
e,2022-11-01 17:21:40.302886,-0.06,-0.73,0.68,1.04,1.95,2.32,-4.16,45.04,-19.27,1
e,2022-11-01 17:21:40.303037,-0.06,-0.73,0.68,0.92,1.89,2.32,-4.16,45.04,-19.27,1
e,2022-11-01 17:21:40.303186,-0.06,-0.73,0.68,0.98,2.08,2.44,-4.53,44.93,-19.85,1
e,2022-11-01 17:21:40.303342,-0.06,-0.73,0.68,1.10,1.83,2.50,-4.53,44.93,-19.85,1
e,2022-11-01 17:21:40.303492,-0.06,-0.73,0.68,1.22,1.89,2.50,-4.50,45.00,-20.02,1
e,2022-11-01 17:21:40.303648,-0.06,-0.73,0.68,0.92,1.95,2.44,-4.50,45.00,-20.02,1
e,2022-11-01 17:21:40.303800,-0.06,-0.73,0.68,0.98,1.83,2.32,-4.50,45.00,-20.02,1
e,2022-11-01 17:21:40.303951,-0.06,-0.73,0.68,1.28,1.89,2.44,-4.70,44.96,-21.41,1
e,2022-11-01 17:21:40.304106,-0.06,-0.73,0.68,0.92,2.08,2.50,-4.70,44.96,-21.41,1
e,2022-11-01 17:21:40.304256,-0.06,-0.73,0.68,1.04,1.95,2.50,-4.70,44.96,-21.41,1
e,2022-11-01 17:21:40.304412,-0.06,-0.73,0.68,1.16,1.83,2.20,-4.79,45.53,-18.62,1
e,2022-11-01 17:21:40.304562,-0.06,-0.73,0.68,1.04,1.83,2.38,-4.79,45.53,-18.62,1
e,2022-11-01 17:21:40.304719,-0.06,-0.73,0.68,1.34,2.01,2.26,-4.79,45.53,-18.62,1
e,2022-11-01 17:21:40.304871,-0.06,-0.73,0.68,0.85,1.89,2.44,-4.21,45.26,-19.09,1
e,2022-11-01 17:21:40.305024,-0.06,-0.73,0.68,1.22,1.83,2.44,-4.21,45.26,-19.09,1
e,2022-11-01 17:21:40.305182,-0.06,-0.73,0.68,1.10,1.89,2.56,-4.48,44.67,-19.06,1
e,2022-11-01 17:21:40.305333,-0.06,-0.73,0.68,1.04,1.83,2.32,-4.48,44.67,-19.06,1
e,2022-11-01 17:21:40.305492,-0.06,-0.73,0.68,1.16,1.89,2.32,-4.48,44.67,-19.06,1
e,2022-11-01 17:21:40.305645,-0.06,-0.73,0.68,1.16,2.01,2.50,-4.02,45.18,-19.65,1
e,2022-11-01 17:21:40.305795,-0.06,-0.73,0.68,1.10,1.83,2.50,-4.02,45.18,-19.65,1
e,2022-11-01 17:21:40.305994,-0.06,-0.73,0.68,1.28,2.08,2.50,-4.02,45.18,-19.65,1
e,2022-11-01 17:21:40.306148,-0.06,-0.73,0.68,0.73,1.89,2.14,-3.72,45.04,-19.04,1
e,2022-11-01 17:21:40.306304,-0.06,-0.73,0.68,1.16,1.89,2.38,-3.72,45.04,-19.04,1
e,2022-11-01 17:21:40.306454,-0.06,-0.73,0.68,1.10,1.95,2.56,-3.72,45.04,-19.04,1
e,2022-11-01 17:21:40.306612,-0.06,-0.73,0.68,0.98,1.95,2.32,-4.42,44.52,-19.15,1
e,2022-11-01 17:21:40.306763,-0.06,-0.73,0.68,0.98,1.89,2.56,-4.42,44.52,-19.15,1
e,2022-11-01 17:21:40.306915,-0.06,-0.73,0.68,1.04,1.83,2.44,-4.54,45.40,-19.19,1
e,2022-11-01 17:21:40.307069,-0.06,-0.73,0.68,1.10,1.89,2.20,-4.54,45.40,-19.19,1
e,2022-11-01 17:21:40.307220,-0.06,-0.73,0.68,1.10,1.95,2.38,-4.54,45.40,-19.19,1
e,2022-11-01 17:21:40.307374,-0.06,-0.73,0.68,1.10,1.83,2.38,-4.50,45.46,-19.75,1
e,2022-11-01 17:21:40.307526,-0.06,-0.73,0.68,1.04,2.08,2.50,-4.50,45.46,-19.75,1
e,2022-11-01 17:21:40.307676,-0.06,-0.73,0.68,1.04,2.01,2.50,-4.50,45.46,-19.75,1
e,2022-11-01 17:21:40.307838,-0.06,-0.73,0.68,0.85,1.95,2.32,-4.32,44.70,-19.89,1
e,2022-11-01 17:21:40.307989,-0.06,-0.73,0.68,1.04,1.83,2.26,-4.32,44.70,-19.89,1
e,2022-11-01 17:21:40.308232,-0.06,-0.73,0.68,1.04,1.89,2.38,-4.32,44.70,-19.89,1
e,2022-11-01 17:21:40.308389,-0.06,-0.73,0.68,1.28,1.83,2.38,-3.86,45.01,-18.57,1
e,2022-11-01 17:21:40.308547,-0.06,-0.73,0.68,0.98,1.89,2.50,-3.86,45.01,-18.57,1
e,2022-11-01 17:21:40.308699,-0.06,-0.73,0.68,1.22,1.89,2.26,-3.61,44.31,-18.54,1
e,2022-11-01 17:21:40.308850,-0.06,-0.73,0.68,0.79,1.83,2.38,-3.61,44.31,-18.54,1
e,2022-11-01 17:21:40.309024,-0.06,-0.73,0.68,1.04,1.89,2.44,-3.61,44.31,-18.54,1
e,2022-11-01 17:21:40.309175,-0.06,-0.73,0.68,1.04,2.01,2.32,-4.00,44.73,-18.97,1
e,2022-11-01 17:21:40.309332,-0.06,-0.73,0.68,1.16,1.83,2.44,-4.00,44.73,-18.97,1
e,2022-11-01 17:21:40.309483,-0.06,-0.73,0.68,1.10,1.89,2.50,-4.00,44.73,-18.97,1
e,2022-11-01 17:21:40.309638,-0.06,-0.73,0.68,1.10,2.14,2.69,-4.00,44.73,-20.10,1
e,2022-11-01 17:21:40.309790,-0.06,-0.73,0.68,1.16,1.89,2.38,-4.00,44.73,-20.10,1
e,2022-11-01 17:21:40.309942,-0.06,-0.73,0.68,1.28,1.95,2.50,-4.00,44.73,-20.10,1
e,2022-11-01 17:21:40.310098,-0.06,-0.73,0.68,0.92,1.83,2.38,-3.92,45.29,-18.65,1
e,2022-11-01 17:21:40.310251,-0.06,-0.73,0.68,0.98,2.01,2.38,-3.92,45.29,-18.65,1
e,2022-11-01 17:21:40.310406,-0.06,-0.73,0.68,1.16,1.95,2.44,-4.26,44.79,-19.21,1
e,2022-11-01 17:21:40.310558,-0.06,-0.73,0.68,1.10,2.14,2.38,-4.26,44.79,-19.21,1
e,2022-11-01 17:21:40.310711,-0.06,-0.73,0.68,1.04,1.95,2.56,-4.26,44.79,-19.21,1
e,2022-11-01 17:21:40.310867,-0.06,-0.73,0.68,1.16,1.89,2.26,-4.00,44.53,-20.14,1
e,2022-11-01 17:21:40.311020,-0.06,-0.73,0.68,1.22,1.77,2.44,-4.00,44.53,-20.14,1
e,2022-11-01 17:21:40.311178,-0.06,-0.73,0.68,1.04,1.77,2.50,-4.00,44.53,-20.14,1
e,2022-11-01 17:21:40.311330,-0.06,-0.73,0.68,0.98,1.89,2.44,-4.08,44.34,-18.46,1
e,2022-11-01 17:21:40.311485,-0.06,-0.73,0.68,1.16,1.89,2.44,-4.08,44.34,-18.46,1
e,2022-11-01 17:21:40.311637,-0.06,-0.73,0.68,1.22,1.77,2.38,-4.08,44.34,-18.46,1
e,2022-11-01 17:21:40.311788,-0.06,-0.73,0.68,1.10,1.77,2.32,-4.26,44.59,-18.49,1
e,2022-11-01 17:21:40.311951,-0.06,-0.73,0.68,1.16,1.89,2.62,-4.26,44.59,-18.49,1
e,2022-11-01 17:21:40.312101,-0.06,-0.73,0.68,0.98,1.95,2.50,-4.17,44.90,-19.42,1
e,2022-11-01 17:21:40.312256,-0.06,-0.73,0.68,0.98,1.89,2.38,-4.17,44.90,-19.42,1
e,2022-11-01 17:21:40.312407,-0.06,-0.73,0.68,1.16,1.77,2.38,-4.17,44.90,-19.42,1
e,2022-11-01 17:21:40.312557,-0.06,-0.73,0.68,1.04,1.89,2.44,-4.15,44.26,-19.52,1
e,2022-11-01 17:21:40.312718,-0.06,-0.73,0.68,1.28,1.89,2.50,-4.15,44.26,-19.52,1
e,2022-11-01 17:21:40.312866,-0.06,-0.73,0.68,1.28,1.95,2.44,-4.15,44.26,-19.52,1
e,2022-11-01 17:21:40.313020,-0.06,-0.73,0.68,1.16,1.71,2.38,-3.99,44.95,-19.21,1
e,2022-11-01 17:21:40.313169,-0.06,-0.73,0.68,1.10,2.14,2.56,-3.99,44.95,-19.21,1
e,2022-11-01 17:21:40.313323,-0.06,-0.73,0.68,1.22,1.95,2.56,-3.99,44.95,-19.21,1
e,2022-11-01 17:21:40.313474,-0.06,-0.73,0.68,0.92,1.77,2.44,-4.26,45.04,-19.56,1
e,2022-11-01 17:21:40.313624,-0.06,-0.73,0.68,1.28,1.89,2.32,-4.26,45.04,-19.56,1
e,2022-11-01 17:21:40.313780,-0.06,-0.73,0.68,1.22,1.83,2.32,-3.74,45.24,-19.29,1
e,2022-11-01 17:21:40.313931,-0.06,-0.73,0.68,0.98,1.83,2.38,-3.74,45.24,-19.29,1
e,2022-11-01 17:21:40.314086,-0.06,-0.73,0.68,1.22,1.95,2.38,-3.74,45.24,-19.29,1
e,2022-11-01 17:21:40.314238,-0.06,-0.73,0.68,1.16,1.89,2.56,-3.89,45.47,-19.95,1
e,2022-11-01 17:21:40.314392,-0.06,-0.73,0.68,1.04,1.89,2.50,-3.89,45.47,-19.95,1
e,2022-11-01 17:21:40.314543,-0.06,-0.73,0.68,1.22,1.89,2.38,-3.89,45.47,-19.95,1
e,2022-11-01 17:21:40.314692,-0.06,-0.73,0.68,0.98,1.89,2.44,-4.04,45.08,-19.76,1
e,2022-11-01 17:21:40.314847,-0.06,-0.73,0.68,1.22,1.95,2.44,-4.04,45.08,-19.76,1
e,2022-11-01 17:21:40.314998,-0.06,-0.73,0.68,1.04,1.95,2.44,-4.04,45.08,-19.76,1
e,2022-11-01 17:21:40.315153,-0.06,-0.73,0.68,0.92,1.89,2.26,-4.55,44.80,-19.57,1
e,2022-11-01 17:21:40.315302,-0.06,-0.73,0.68,1.34,1.89,2.44,-4.55,44.80,-19.57,1
e,2022-11-01 17:21:40.315453,-0.06,-0.73,0.68,1.04,1.83,2.62,-3.55,45.20,-18.88,1
e,2022-11-01 17:21:40.315606,-0.06,-0.73,0.68,1.22,1.83,2.38,-3.55,45.20,-18.88,1
e,2022-11-01 17:21:40.315756,-0.06,-0.73,0.68,1.16,2.14,2.50,-3.55,45.20,-18.88,1
e,2022-11-01 17:21:40.315912,-0.06,-0.73,0.68,1.28,1.95,2.62,-4.65,44.76,-18.82,1
e,2022-11-01 17:21:40.316062,-0.06,-0.73,0.68,1.04,2.08,2.38,-4.65,44.76,-18.82,1
e,2022-11-01 17:21:40.316216,-0.06,-0.73,0.68,1.04,1.89,2.50,-4.65,44.76,-18.82,1
e,2022-11-01 17:21:40.316365,-0.06,-0.73,0.68,1.10,1.89,2.38,-4.41,44.62,-19.30,1
e,2022-11-01 17:21:40.316515,-0.06,-0.73,0.68,1.04,1.89,2.32,-4.41,44.62,-19.30,1
e,2022-11-01 17:21:40.316670,-0.06,-0.73,0.68,1.40,1.95,2.44,-4.41,44.62,-19.30,1
e,2022-11-01 17:21:40.316818,-0.06,-0.73,0.68,1.10,2.01,2.50,-4.24,45.06,-18.14,1
e,2022-11-01 17:21:40.316971,-0.06,-0.73,0.68,1.10,1.89,2.38,-4.24,45.06,-18.14,1
e,2022-11-01 17:21:40.317120,-0.06,-0.73,0.68,1.16,2.08,2.38,-4.32,44.80,-18.12,1
e,2022-11-01 17:21:40.317268,-0.06,-0.73,0.68,1.16,1.77,2.50,-4.32,44.80,-18.12,1
e,2022-11-01 17:21:40.317421,-0.06,-0.73,0.68,1.04,1.83,2.26,-4.32,44.80,-18.12,1
e,2022-11-01 17:21:40.317569,-0.06,-0.73,0.68,1.10,1.83,2.38,-4.20,44.54,-19.76,1
e,2022-11-01 17:21:40.317722,-0.06,-0.73,0.68,1.04,1.89,2.44,-4.20,44.54,-19.76,1
e,2022-11-01 17:21:40.317872,-0.06,-0.73,0.68,1.10,2.01,2.44,-4.20,44.54,-19.76,1
e,2022-11-01 17:21:40.318027,-0.06,-0.73,0.68,0.92,1.95,2.14,-4.54,44.75,-19.80,1
e,2022-11-01 17:21:40.318179,-0.06,-0.73,0.68,1.04,2.08,2.62,-4.54,44.75,-19.80,1
e,2022-11-01 17:21:40.318331,-0.06,-0.73,0.68,1.04,1.89,2.50,-4.54,44.75,-19.80,1
e,2022-11-01 17:21:40.318487,-0.06,-0.73,0.68,1.04,1.95,2.32,-4.41,45.15,-18.76,1
e,2022-11-01 17:21:40.318637,-0.06,-0.73,0.68,1.16,1.89,2.44,-4.41,45.15,-18.76,1
e,2022-11-01 17:21:40.318789,-0.06,-0.73,0.68,1.16,1.95,2.44,-4.06,45.30,-20.02,1
e,2022-11-01 17:21:40.318938,-0.06,-0.73,0.68,0.79,1.77,2.32,-4.06,45.30,-20.02,1
e,2022-11-01 17:21:40.319088,-0.06,-0.73,0.68,1.22,2.01,2.50,-4.06,45.30,-20.02,1
e,2022-11-01 17:21:40.319242,-0.06,-0.73,0.68,1.10,1.83,2.26,-3.91,45.23,-19.51,1
e,2022-11-01 17:21:40.319391,-0.06,-0.73,0.68,1.22,1.89,2.38,-3.91,45.23,-19.51,1
e,2022-11-01 17:21:40.319547,-0.06,-0.73,0.68,1.04,2.01,2.38,-3.91,45.23,-19.51,1
e,2022-11-01 17:21:40.319697,-0.06,-0.73,0.68,0.92,1.77,2.32,-3.65,45.00,-20.80,1
e,2022-11-01 17:21:40.319850,-0.06,-0.73,0.68,1.04,1.95,2.56,-3.65,45.00,-20.80,1
e,2022-11-01 17:21:40.319999,-0.06,-0.73,0.68,1.22,1.95,2.44,-3.65,45.00,-20.80,1
e,2022-11-01 17:21:40.320150,-0.06,-0.73,0.68,1.04,1.83,2.44,-4.41,44.54,-19.07,1
e,2022-11-01 17:21:40.320303,-0.06,-0.73,0.68,1.04,1.83,2.50,-4.41,44.54,-19.07,1
e,2022-11-01 17:21:40.320455,-0.06,-0.73,0.68,1.28,1.95,2.44,-4.04,44.65,-19.02,1
e,2022-11-01 17:21:40.320611,-0.06,-0.73,0.68,1.04,2.01,2.44,-4.04,44.65,-19.02,1
e,2022-11-01 17:21:40.320761,-0.06,-0.73,0.68,1.28,1.95,2.56,-4.04,44.65,-19.02,1
e,2022-11-01 17:21:40.320911,-0.06,-0.73,0.68,1.40,2.01,2.50,-4.00,45.64,-19.64,1
e,2022-11-01 17:21:40.321067,-0.06,-0.73,0.68,0.98,2.14,2.56,-4.00,45.64,-19.64,1
e,2022-11-01 17:21:40.321260,-0.06,-0.73,0.68,1.16,1.95,2.44,-4.00,45.64,-19.64,1
e,2022-11-01 17:21:40.321416,-0.06,-0.73,0.68,1.10,1.95,2.56,-4.35,44.76,-20.40,1
e,2022-11-01 17:21:40.321567,-0.09,-0.73,0.68,1.10,1.89,2.38,-4.35,44.76,-20.40,1
e,2022-11-01 17:21:40.321720,-0.06,-0.73,0.68,0.92,1.89,2.44,-4.35,44.76,-20.40,1
e,2022-11-01 17:21:40.321871,-0.06,-0.73,0.68,0.98,1.89,2.32,-4.36,44.91,-18.66,1
e,2022-11-01 17:21:40.322021,-0.06,-0.73,0.68,1.22,2.01,2.26,-4.36,44.91,-18.66,1
e,2022-11-01 17:21:40.322175,-0.06,-0.73,0.68,1.04,1.83,2.38,-4.60,44.68,-19.23,1
e,2022-11-01 17:21:40.322325,-0.06,-0.73,0.68,0.98,2.01,2.38,-4.60,44.68,-19.23,1
e,2022-11-01 17:21:40.322478,-0.06,-0.73,0.68,1.10,1.83,2.56,-4.60,44.68,-19.23,1
e,2022-11-01 17:21:40.322629,-0.06,-0.73,0.68,1.22,1.83,2.56,-4.24,44.73,-19.52,1
e,2022-11-01 17:21:40.322781,-0.06,-0.73,0.68,1.22,1.89,2.32,-4.24,44.73,-19.52,1
e,2022-11-01 17:21:40.322940,-0.06,-0.73,0.68,1.10,1.95,2.56,-4.24,44.73,-19.52,1
e,2022-11-01 17:21:40.323092,-0.06,-0.73,0.68,0.92,1.89,2.32,-4.30,44.70,-20.08,1
e,2022-11-01 17:21:40.323248,-0.06,-0.73,0.68,1.22,2.01,2.56,-4.30,44.70,-20.08,1
e,2022-11-01 17:21:40.323400,-0.06,-0.73,0.68,1.22,2.08,2.44,-4.30,44.70,-20.08,1
e,2022-11-01 17:21:40.323556,-0.06,-0.73,0.68,0.98,1.71,2.14,-4.69,44.42,-19.69,1
e,2022-11-01 17:21:40.323707,-0.06,-0.73,0.68,1.10,2.01,2.44,-4.69,44.42,-19.69,1
e,2022-11-01 17:21:40.323860,-0.06,-0.73,0.68,1.28,1.89,2.50,-4.24,44.78,-18.18,1
e,2022-11-01 17:21:40.324017,-0.06,-0.73,0.68,1.16,1.77,2.38,-4.24,44.78,-18.18,1
e,2022-11-01 17:21:40.324169,-0.06,-0.73,0.68,1.10,1.89,2.50,-4.24,44.78,-18.18,1
e,2022-11-01 17:21:40.324323,-0.06,-0.73,0.68,1.16,2.01,2.50,-4.35,44.60,-19.20,1
e,2022-11-01 17:21:40.324475,-0.06,-0.73,0.68,0.98,2.01,2.26,-4.35,44.60,-19.20,1
e,2022-11-01 17:21:40.324626,-0.06,-0.73,0.68,1.04,2.08,2.50,-4.35,44.60,-19.20,1
e,2022-11-01 17:21:40.324782,-0.06,-0.73,0.68,1.10,1.89,2.50,-4.65,44.92,-20.19,1
e,2022-11-01 17:21:40.324933,-0.06,-0.73,0.68,1.28,1.95,2.44,-4.65,44.92,-20.19,1
e,2022-11-01 17:21:40.325089,-0.06,-0.73,0.68,1.22,1.95,2.44,-4.65,44.92,-20.19,1
e,2022-11-01 17:21:40.325241,-0.06,-0.73,0.68,0.98,2.08,2.38,-4.72,44.97,-17.81,1
e,2022-11-01 17:21:40.325397,-0.06,-0.73,0.68,1.10,2.01,2.56,-4.72,44.97,-17.81,1
e,2022-11-01 17:21:40.325547,-0.06,-0.73,0.68,1.28,1.95,2.62,-4.21,44.92,-18.30,1
e,2022-11-01 17:21:40.325696,-0.06,-0.73,0.68,1.16,2.14,2.38,-4.21,44.92,-18.30,1
e,2022-11-01 17:21:40.325850,-0.06,-0.73,0.68,1.10,1.95,2.38,-4.21,44.92,-18.30,1
e,2022-11-01 17:21:40.326001,-0.06,-0.73,0.68,1.22,2.01,2.44,-4.09,44.54,-19.07,1
e,2022-11-01 17:21:40.326156,-0.06,-0.73,0.68,1.04,2.08,2.50,-4.09,44.54,-19.07,1
e,2022-11-01 17:21:40.326306,-0.06,-0.73,0.68,1.28,1.89,2.50,-4.09,44.54,-19.07,1
e,2022-11-01 17:21:40.326460,-0.06,-0.73,0.68,0.98,1.89,2.38,-4.26,44.63,-18.62,1
e,2022-11-01 17:21:40.326609,-0.06,-0.73,0.68,0.98,1.95,2.32,-4.26,44.63,-18.62,1
e,2022-11-01 17:21:40.326758,-0.06,-0.73,0.68,1.40,1.95,2.50,-4.26,44.63,-18.62,1
e,2022-11-01 17:21:40.326913,-0.06,-0.73,0.68,1.04,1.77,2.50,-4.03,44.84,-20.19,1
e,2022-11-01 17:21:40.327066,-0.06,-0.73,0.68,1.04,2.08,2.38,-4.03,44.84,-20.19,1
e,2022-11-01 17:21:40.327221,-0.06,-0.73,0.68,1.22,2.01,2.38,-4.54,45.01,-19.68,1
e,2022-11-01 17:21:40.327373,-0.06,-0.73,0.68,1.10,1.89,2.56,-4.54,45.01,-19.68,1
e,2022-11-01 17:21:40.327524,-0.06,-0.73,0.68,1.16,2.08,2.50,-4.54,45.01,-19.68,1
e,2022-11-01 17:21:40.327678,-0.06,-0.73,0.68,0.98,1.95,2.50,-4.48,44.67,-18.42,1
e,2022-11-01 17:21:40.327830,-0.06,-0.73,0.68,1.16,1.95,2.38,-4.48,44.67,-18.42,1
e,2022-11-01 17:21:40.327987,-0.06,-0.73,0.68,1.22,1.89,2.50,-4.48,44.67,-18.42,1
e,2022-11-01 17:21:40.328140,-0.06,-0.73,0.68,1.04,1.89,2.44,-4.59,44.48,-19.81,1
e,2022-11-01 17:21:40.328294,-0.06,-0.73,0.68,1.16,2.01,2.44,-4.59,44.48,-19.81,1
e,2022-11-01 17:21:40.328446,-0.06,-0.73,0.68,1.28,1.89,2.56,-4.59,44.48,-19.81,1
e,2022-11-01 17:21:40.328596,-0.06,-0.73,0.68,1.04,1.95,2.44,-4.26,44.65,-18.74,1
e,2022-11-01 17:21:40.328753,-0.06,-0.73,0.68,1.28,1.83,2.44,-4.26,44.65,-18.74,1
e,2022-11-01 17:21:40.328906,-0.06,-0.73,0.68,1.16,2.01,2.62,-4.72,44.47,-18.43,1
e,2022-11-01 17:21:40.329062,-0.06,-0.73,0.68,0.98,1.89,2.44,-4.72,44.47,-18.43,1
e,2022-11-01 17:21:40.329212,-0.06,-0.73,0.68,1.04,1.89,2.38,-4.72,44.47,-18.43,1
e,2022-11-01 17:21:40.329363,-0.06,-0.73,0.68,1.04,1.89,2.44,-4.17,44.76,-18.93,1
e,2022-11-01 17:21:40.329517,-0.06,-0.73,0.68,1.10,1.89,2.26,-4.17,44.76,-18.93,1
e,2022-11-01 17:21:40.329669,-0.06,-0.73,0.68,1.22,1.77,2.50,-4.17,44.76,-18.93,1
e,2022-11-01 17:21:40.329826,-0.06,-0.73,0.68,1.10,1.95,2.32,-4.44,44.18,-20.19,1
e,2022-11-01 17:21:40.329975,-0.06,-0.73,0.68,1.04,1.89,2.69,-4.44,44.18,-20.19,1
e,2022-11-01 17:21:40.330132,-0.06,-0.73,0.68,1.22,1.95,2.50,-4.44,44.18,-20.19,1
e,2022-11-01 17:21:40.330285,-0.06,-0.73,0.68,1.10,1.77,2.44,-4.06,44.78,-19.07,1
e,2022-11-01 17:21:40.330435,-0.06,-0.73,0.68,1.28,1.83,2.50,-4.06,44.78,-19.07,1
e,2022-11-01 17:21:40.330589,-0.06,-0.73,0.68,1.10,2.14,2.38,-4.70,44.82,-19.59,1
e,2022-11-01 17:21:40.330740,-0.06,-0.73,0.68,0.92,1.89,2.32,-4.70,44.82,-19.59,1
e,2022-11-01 17:21:40.330916,-0.06,-0.73,0.68,1.34,1.95,2.38,-4.70,44.82,-19.59,1
e,2022-11-01 17:21:40.331069,-0.06,-0.73,0.68,1.04,2.08,2.38,-3.78,45.23,-19.35,1
e,2022-11-01 17:21:40.331221,-0.06,-0.73,0.68,1.16,1.89,2.38,-3.78,45.23,-19.35,1
e,2022-11-01 17:21:40.331375,-0.06,-0.73,0.68,1.10,1.95,2.44,-3.78,45.23,-19.35,1
e,2022-11-01 17:21:40.331528,-0.06,-0.73,0.68,0.85,2.08,2.50,-4.10,44.76,-19.58,1
e,2022-11-01 17:21:40.331682,-0.06,-0.73,0.68,1.04,2.01,2.38,-4.10,44.76,-19.58,1
e,2022-11-01 17:21:40.331833,-0.06,-0.73,0.68,0.98,1.95,2.50,-4.10,44.76,-19.58,1
e,2022-11-01 17:21:40.331988,-0.06,-0.73,0.68,0.92,1.89,2.32,-4.38,44.85,-18.82,1
e,2022-11-01 17:21:40.332138,-0.06,-0.73,0.68,1.10,2.01,2.32,-4.38,44.85,-18.82,1
e,2022-11-01 17:21:40.332286,-0.06,-0.73,0.68,1.04,1.83,2.44,-4.52,44.91,-17.86,1
e,2022-11-01 17:21:40.332442,-0.06,-0.73,0.68,1.16,1.95,2.50,-4.52,44.91,-17.86,1
e,2022-11-01 17:21:40.332594,-0.06,-0.73,0.68,0.85,1.95,2.44,-4.52,44.91,-17.86,1
e,2022-11-01 17:21:40.332750,-0.06,-0.73,0.68,1.04,1.89,2.44,-3.92,44.69,-19.48,1
e,2022-11-01 17:21:40.332902,-0.06,-0.73,0.68,0.98,1.83,2.44,-3.92,44.69,-19.48,1
e,2022-11-01 17:21:40.333052,-0.06,-0.73,0.68,0.85,1.89,2.32,-3.92,44.69,-19.48,1
e,2022-11-01 17:21:40.333205,-0.06,-0.73,0.68,0.92,2.14,2.56,-4.03,45.17,-18.43,1
e,2022-11-01 17:21:40.333355,-0.06,-0.73,0.68,1.04,1.89,2.44,-4.03,45.17,-18.43,1
e,2022-11-01 17:21:40.333510,-0.06,-0.73,0.68,0.92,1.95,2.44,-4.03,45.17,-18.43,1
e,2022-11-01 17:21:40.333660,-0.06,-0.73,0.68,0.98,2.08,2.32,-4.05,45.24,-19.06,1
e,2022-11-01 17:21:40.333813,-0.06,-0.73,0.68,0.92,1.95,2.56,-4.05,45.24,-19.06,1
e,2022-11-01 17:21:40.333963,-0.06,-0.73,0.68,1.10,1.89,2.38,-3.82,44.91,-19.63,1
e,2022-11-01 17:21:40.334112,-0.06,-0.73,0.68,0.98,1.89,2.44,-3.82,44.91,-19.63,1
e,2022-11-01 17:21:40.334265,-0.06,-0.73,0.68,1.22,1.89,2.32,-3.82,44.91,-19.63,1
e,2022-11-01 17:21:40.334414,-0.06,-0.73,0.68,1.16,2.01,2.38,-4.03,45.07,-19.59,1
e,2022-11-01 17:21:40.334569,-0.06,-0.73,0.68,0.98,2.01,2.50,-4.03,45.07,-19.59,1
e,2022-11-01 17:21:40.334720,-0.06,-0.73,0.68,1.40,1.95,2.44,-4.03,45.07,-19.59,1
e,2022-11-01 17:21:40.334872,-0.06,-0.73,0.68,0.85,1.95,2.44,-3.91,44.75,-18.23,1
e,2022-11-01 17:21:40.335022,-0.06,-0.73,0.68,0.98,1.95,2.44,-3.91,44.75,-18.23,1
e,2022-11-01 17:21:40.335173,-0.06,-0.73,0.68,0.92,1.95,2.50,-3.91,44.75,-18.23,1
e,2022-11-01 17:21:40.335327,-0.06,-0.73,0.68,1.04,1.65,2.08,-4.53,45.03,-18.14,1
e,2022-11-01 17:21:40.335481,-0.06,-0.73,0.68,0.98,2.01,2.50,-4.53,45.03,-18.14,1
e,2022-11-01 17:21:40.335637,-0.06,-0.73,0.68,1.28,1.89,2.44,-4.02,44.32,-19.96,1
e,2022-11-01 17:21:40.335785,-0.06,-0.73,0.68,1.22,1.95,2.44,-4.02,44.32,-19.96,1
e,2022-11-01 17:21:40.335937,-0.06,-0.73,0.68,1.16,2.08,2.50,-4.02,44.32,-19.96,1
e,2022-11-01 17:21:40.336093,-0.06,-0.73,0.68,1.10,2.01,2.44,-4.13,45.26,-18.58,1
e,2022-11-01 17:21:40.336263,-0.06,-0.73,0.68,0.92,2.08,2.38,-4.13,45.26,-18.58,1
e,2022-11-01 17:21:40.336419,-0.06,-0.73,0.68,1.10,1.95,2.38,-4.13,45.26,-18.58,1
e,2022-11-01 17:21:40.336571,-0.06,-0.73,0.68,1.40,1.71,2.32,-3.98,44.30,-18.92,1
e,2022-11-01 17:21:40.336725,-0.06,-0.73,0.68,1.10,1.89,2.38,-3.98,44.30,-18.92,1
e,2022-11-01 17:21:40.336877,-0.06,-0.73,0.68,1.22,1.95,2.50,-3.98,44.30,-18.92,1
e,2022-11-01 17:21:40.337027,-0.06,-0.73,0.68,0.98,1.83,2.38,-4.55,44.87,-19.32,1
e,2022-11-01 17:21:40.337183,-0.06,-0.73,0.68,1.16,1.89,2.50,-4.55,44.87,-19.32,1
e,2022-11-01 17:21:40.337332,-0.06,-0.73,0.68,1.22,2.01,2.44,-3.70,44.93,-20.20,1
e,2022-11-01 17:21:40.337486,-0.06,-0.73,0.68,1.16,1.89,2.32,-3.70,44.93,-20.20,1
e,2022-11-01 17:21:40.337638,-0.06,-0.73,0.68,0.92,2.08,2.50,-3.70,44.93,-20.20,1
e,2022-11-01 17:21:40.337789,-0.06,-0.73,0.68,1.04,2.01,2.38,-4.46,45.28,-18.69,1
e,2022-11-01 17:21:40.337943,-0.06,-0.73,0.68,0.85,2.01,2.38,-4.46,45.28,-18.69,1
e,2022-11-01 17:21:40.338095,-0.06,-0.73,0.68,1.10,2.01,2.44,-4.46,45.28,-18.69,1
e,2022-11-01 17:21:40.338252,-0.06,-0.73,0.68,1.10,1.77,2.32,-4.21,44.81,-18.90,1
e,2022-11-01 17:21:40.338403,-0.06,-0.73,0.68,1.10,1.95,2.50,-4.21,44.81,-18.90,1
e,2022-11-01 17:21:40.338554,-0.06,-0.73,0.68,1.28,2.01,2.56,-4.21,44.81,-18.90,1
e,2022-11-01 17:21:40.338710,-0.06,-0.73,0.68,0.85,1.77,2.26,-4.27,45.08,-19.23,1
e,2022-11-01 17:21:40.338860,-0.06,-0.73,0.68,1.10,1.95,2.38,-4.27,45.08,-19.23,1
e,2022-11-01 17:21:40.339019,-0.06,-0.73,0.68,1.04,1.89,2.32,-3.86,44.31,-19.34,1
e,2022-11-01 17:21:40.339172,-0.06,-0.73,0.68,0.98,2.01,2.44,-3.86,44.31,-19.34,1
e,2022-11-01 17:21:40.339324,-0.06,-0.73,0.68,1.04,2.01,2.50,-3.86,44.31,-19.34,1
e,2022-11-01 17:21:40.339481,-0.06,-0.73,0.68,1.16,1.89,2.32,-4.74,44.79,-19.65,1
e,2022-11-01 17:21:40.339633,-0.06,-0.73,0.68,1.22,2.01,2.38,-4.74,44.79,-19.65,1
e,2022-11-01 17:21:40.339791,-0.06,-0.73,0.68,1.10,2.08,2.44,-4.74,44.79,-19.65,1
e,2022-11-01 17:21:40.339943,-0.06,-0.73,0.68,1.10,1.95,2.44,-4.00,44.92,-19.42,1
e,2022-11-01 17:21:40.340098,-0.06,-0.73,0.68,1.34,2.08,2.44,-4.00,44.92,-19.42,1
e,2022-11-01 17:21:40.340253,-0.06,-0.73,0.68,1.22,1.95,2.32,-4.00,44.92,-19.42,1
e,2022-11-01 17:21:40.340407,-0.06,-0.73,0.68,1.22,1.95,2.44,-5.04,44.84,-19.25,1
e,2022-11-01 17:21:40.340566,-0.06,-0.73,0.68,1.10,1.83,2.38,-5.04,44.84,-19.25,1
e,2022-11-01 17:21:40.340719,-0.06,-0.73,0.68,1.10,1.95,2.44,-4.24,44.78,-18.49,1
e,2022-11-01 17:21:40.340882,-0.06,-0.73,0.68,0.98,1.89,2.20,-4.24,44.78,-18.49,1
e,2022-11-01 17:21:40.341033,-0.06,-0.73,0.68,1.22,1.95,2.38,-4.24,44.78,-18.49,1
e,2022-11-01 17:21:40.341185,-0.06,-0.73,0.68,1.16,1.83,2.50,-4.50,45.50,-19.06,1
e,2022-11-01 17:21:40.341341,-0.06,-0.73,0.68,1.22,2.08,2.50,-4.50,45.50,-19.06,1
e,2022-11-01 17:21:40.341493,-0.06,-0.73,0.68,1.16,1.95,2.50,-4.50,45.50,-19.06,1
e,2022-11-01 17:21:40.341650,-0.06,-0.73,0.68,1.16,1.77,2.38,-5.07,45.23,-17.86,1
e,2022-11-01 17:21:40.341802,-0.06,-0.73,0.68,1.04,1.95,2.32,-5.07,45.23,-17.86,1
e,2022-11-01 17:21:40.341956,-0.06,-0.73,0.68,1.16,2.01,2.44,-5.07,45.23,-17.86,1
e,2022-11-01 17:21:40.342114,-0.06,-0.73,0.68,1.04,1.95,2.56,-4.48,45.23,-18.84,1
e,2022-11-01 17:21:40.342266,-0.06,-0.73,0.68,1.10,1.95,2.44,-4.48,45.23,-18.84,1
e,2022-11-01 17:21:40.342424,-0.06,-0.73,0.68,0.92,2.01,2.44,-4.31,45.81,-20.29,1
e,2022-11-01 17:21:40.342573,-0.06,-0.73,0.68,1.16,1.89,2.44,-4.31,45.81,-20.29,1
e,2022-11-01 17:21:40.342722,-0.06,-0.73,0.68,1.28,1.83,2.44,-4.31,45.81,-20.29,1
e,2022-11-01 17:21:40.342877,-0.06,-0.73,0.68,1.22,1.89,2.38,-4.24,45.35,-20.03,1
e,2022-11-01 17:21:40.343028,-0.06,-0.73,0.68,1.04,1.83,2.44,-4.24,45.35,-20.03,1
e,2022-11-01 17:21:40.343187,-0.06,-0.73,0.68,1.10,1.89,2.38,-4.24,45.35,-20.03,1
e,2022-11-01 17:21:40.343339,-0.06,-0.73,0.68,1.04,1.83,2.32,-4.35,45.24,-19.24,1
e,2022-11-01 17:21:40.343492,-0.06,-0.73,0.68,1.04,2.08,2.62,-4.35,45.24,-19.24,1
e,2022-11-01 17:21:40.343656,-0.06,-0.73,0.68,1.28,2.01,2.32,-4.35,45.24,-19.24,1
e,2022-11-01 17:21:40.343806,-0.06,-0.73,0.68,0.85,1.83,2.26,-4.65,44.75,-18.98,1
e,2022-11-01 17:21:40.343964,-0.06,-0.73,0.68,1.22,1.95,2.44,-4.65,44.75,-18.98,1
e,2022-11-01 17:21:40.344113,-0.06,-0.73,0.68,0.98,2.08,2.38,-4.42,45.17,-18.37,1
e,2022-11-01 17:21:40.344269,-0.06,-0.73,0.68,1.28,1.83,2.56,-4.42,45.17,-18.37,1
e,2022-11-01 17:21:40.344420,-0.06,-0.73,0.68,1.16,1.95,2.50,-4.42,45.17,-18.37,1
e,2022-11-01 17:21:40.344570,-0.06,-0.73,0.68,1.10,1.83,2.62,-4.13,45.30,-18.57,1
e,2022-11-01 17:21:40.344726,-0.06,-0.73,0.68,1.10,1.95,2.56,-4.13,45.30,-18.57,1
e,2022-11-01 17:21:40.344877,-0.06,-0.73,0.68,1.22,1.83,2.26,-4.13,45.30,-18.57,1
e,2022-11-01 17:21:40.345035,-0.06,-0.73,0.68,0.85,1.95,2.32,-4.44,44.67,-19.60,1
e,2022-11-01 17:21:40.345189,-0.06,-0.73,0.68,1.10,1.95,2.56,-4.44,44.67,-19.60,1
e,2022-11-01 17:21:40.345341,-0.06,-0.73,0.68,0.98,1.95,2.44,-4.44,44.67,-19.60,1
e,2022-11-01 17:21:40.345505,-0.06,-0.73,0.68,0.79,1.95,2.20,-3.97,44.04,-18.47,1
e,2022-11-01 17:21:40.345656,-0.06,-0.73,0.68,1.04,2.01,2.44,-3.97,44.04,-18.47,1
e,2022-11-01 17:21:40.345813,-0.06,-0.73,0.68,1.10,1.71,2.56,-4.41,45.29,-18.55,1
e,2022-11-01 17:21:40.345963,-0.06,-0.73,0.68,1.10,2.01,2.50,-4.41,45.29,-18.55,1
e,2022-11-01 17:21:40.346131,-0.06,-0.73,0.68,1.16,1.95,2.44,-4.41,45.29,-18.55,1
e,2022-11-01 17:21:40.346284,-0.06,-0.73,0.68,1.16,1.95,2.56,-3.91,45.18,-20.12,1
e,2022-11-01 17:21:40.346436,-0.06,-0.73,0.68,1.10,1.95,2.62,-3.91,45.18,-20.12,1
e,2022-11-01 17:21:40.346591,-0.06,-0.73,0.68,1.04,1.95,2.26,-3.91,45.18,-20.12,1
e,2022-11-01 17:21:40.346743,-0.06,-0.73,0.68,1.16,1.89,2.32,-4.57,44.86,-19.89,1
e,2022-11-01 17:21:40.346903,-0.06,-0.73,0.68,1.16,1.95,2.56,-4.57,44.86,-19.89,1
e,2022-11-01 17:21:40.347055,-0.06,-0.73,0.68,1.10,2.08,2.56,-4.57,44.86,-19.89,1
e,2022-11-01 17:21:40.347211,-0.06,-0.73,0.68,1.10,1.77,2.32,-4.26,45.53,-18.54,1
e,2022-11-01 17:21:40.347364,-0.06,-0.73,0.68,0.85,2.08,2.56,-4.26,45.53,-18.54,1
e,2022-11-01 17:21:40.347518,-0.06,-0.73,0.68,1.04,2.01,2.32,-4.37,44.79,-18.41,1
e,2022-11-01 17:21:40.347674,-0.06,-0.73,0.68,1.04,1.95,2.44,-4.37,44.79,-18.41,1
e,2022-11-01 17:21:40.347827,-0.06,-0.73,0.68,1.10,2.01,2.26,-4.37,44.79,-18.41,1
e,2022-11-01 17:21:40.347982,-0.06,-0.73,0.68,1.16,2.01,2.50,-3.96,45.29,-20.40,1
e,2022-11-01 17:21:40.348132,-0.06,-0.73,0.68,1.16,2.08,2.44,-3.96,45.29,-20.40,1
e,2022-11-01 17:21:40.348286,-0.06,-0.73,0.68,1.10,2.01,2.44,-3.96,45.29,-20.40,1
e,2022-11-01 17:21:40.348443,-0.06,-0.73,0.68,1.04,2.01,2.38,-4.82,44.46,-19.13,1
e,2022-11-01 17:21:40.348594,-0.06,-0.73,0.68,1.16,1.83,2.50,-4.82,44.46,-19.13,1
e,2022-11-01 17:21:40.348751,-0.06,-0.73,0.68,1.16,1.89,2.38,-4.82,44.46,-19.13,1
e,2022-11-01 17:21:40.348902,-0.06,-0.73,0.68,0.92,1.89,2.26,-4.60,44.43,-18.37,1
e,2022-11-01 17:21:40.349060,-0.06,-0.73,0.68,1.04,1.89,2.32,-4.60,44.43,-18.37,1
e,2022-11-01 17:21:40.349213,-0.06,-0.73,0.68,1.34,1.71,2.44,-4.85,45.12,-19.56,1
e,2022-11-01 17:21:40.349365,-0.06,-0.73,0.68,1.04,2.08,2.56,-4.85,45.12,-19.56,1
e,2022-11-01 17:21:40.349522,-0.06,-0.73,0.68,1.28,2.01,2.62,-4.85,45.12,-19.56,1
e,2022-11-01 17:21:40.349674,-0.06,-0.73,0.68,1.04,1.89,2.44,-4.21,44.85,-19.96,1
e,2022-11-01 17:21:40.349833,-0.06,-0.73,0.68,1.16,1.95,2.50,-4.21,44.85,-19.96,1
e,2022-11-01 17:21:40.349983,-0.06,-0.73,0.68,1.04,1.83,2.38,-4.21,44.85,-19.96,1
e,2022-11-01 17:21:40.350134,-0.06,-0.73,0.68,1.04,1.71,2.32,-4.37,44.98,-18.42,1
e,2022-11-01 17:21:40.350292,-0.06,-0.73,0.68,1.10,1.89,2.32,-4.37,44.98,-18.42,1
e,2022-11-01 17:21:40.350440,-0.06,-0.73,0.68,0.98,1.95,2.26,-4.37,44.98,-18.42,1
e,2022-11-01 17:21:40.350593,-0.06,-0.73,0.68,1.16,1.83,2.38,-4.42,44.46,-18.57,1
e,2022-11-01 17:21:40.350743,-0.06,-0.73,0.68,1.16,1.89,2.44,-4.42,44.46,-18.57,1
e,2022-11-01 17:21:40.350895,-0.06,-0.73,0.68,1.22,1.89,2.62,-4.19,44.69,-19.34,1
e,2022-11-01 17:21:40.351052,-0.06,-0.73,0.68,1.46,1.71,2.32,-4.19,44.69,-19.34,1
e,2022-11-01 17:21:40.351202,-0.06,-0.73,0.68,1.16,1.71,2.32,-4.19,44.69,-19.34,1
e,2022-11-01 17:21:40.351358,-0.06,-0.73,0.68,1.10,1.77,2.26,-3.85,45.09,-19.76,1
e,2022-11-01 17:21:40.351530,-0.06,-0.73,0.68,1.04,1.95,2.56,-3.85,45.09,-19.76,1
e,2022-11-01 17:21:40.351681,-0.06,-0.73,0.68,1.16,1.89,2.32,-3.85,45.09,-19.76,1
e,2022-11-01 17:21:40.351837,-0.06,-0.73,0.68,1.10,1.65,2.26,-4.14,44.82,-18.66,1
e,2022-11-01 17:21:40.351989,-0.06,-0.73,0.68,0.92,1.89,2.44,-4.14,44.82,-18.66,1
e,2022-11-01 17:21:40.352145,-0.06,-0.73,0.68,1.28,1.83,2.38,-4.14,44.82,-18.66,1
e,2022-11-01 17:21:40.352295,-0.06,-0.73,0.68,1.16,1.83,2.26,-4.22,44.62,-18.68,1
e,2022-11-01 17:21:40.352451,-0.06,-0.73,0.68,1.28,1.83,2.50,-4.22,44.62,-18.68,1
e,2022-11-01 17:21:40.352602,-0.06,-0.73,0.68,0.98,1.89,2.38,-4.06,44.98,-18.98,1
e,2022-11-01 17:21:40.352751,-0.06,-0.73,0.68,1.04,1.83,2.38,-4.06,44.98,-18.98,1
e,2022-11-01 17:21:40.352906,-0.06,-0.73,0.68,1.22,1.95,2.38,-4.06,44.98,-18.98,1
e,2022-11-01 17:21:40.353060,-0.06,-0.73,0.68,0.92,1.71,2.38,-4.36,45.32,-18.27,1
e,2022-11-01 17:21:40.353216,-0.06,-0.73,0.68,0.98,1.95,2.50,-4.36,45.32,-18.27,1
e,2022-11-01 17:21:40.353369,-0.06,-0.73,0.68,1.22,1.95,2.38,-4.36,45.32,-18.27,1
e,2022-11-01 17:21:40.353521,-0.06,-0.73,0.68,1.10,1.77,2.38,-3.74,44.47,-18.93,1
e,2022-11-01 17:21:40.353676,-0.06,-0.73,0.68,0.98,1.89,2.56,-3.74,44.47,-18.93,1
e,2022-11-01 17:21:40.353828,-0.06,-0.73,0.68,1.34,1.83,2.38,-3.74,44.47,-18.93,1
e,2022-11-01 17:21:40.353985,-0.06,-0.73,0.68,0.98,1.83,2.32,-4.42,45.45,-18.63,1
e,2022-11-01 17:21:40.354136,-0.06,-0.73,0.68,1.28,1.95,2.38,-4.42,45.45,-18.63,1
e,2022-11-01 17:21:40.354286,-0.06,-0.73,0.68,1.22,1.89,2.50,-3.52,44.09,-19.13,1
e,2022-11-01 17:21:40.354441,-0.06,-0.73,0.68,0.98,1.77,2.32,-3.52,44.09,-19.13,1
e,2022-11-01 17:21:40.354590,-0.06,-0.73,0.68,1.34,1.95,2.62,-3.52,44.09,-19.13,1
e,2022-11-01 17:21:40.354747,-0.06,-0.73,0.68,1.22,1.83,2.38,-4.60,44.73,-19.40,1
e,2022-11-01 17:21:40.354897,-0.06,-0.73,0.68,1.22,2.01,2.44,-4.60,44.73,-19.40,1
e,2022-11-01 17:21:40.355050,-0.06,-0.73,0.68,1.16,1.83,2.44,-4.60,44.73,-19.40,1
e,2022-11-01 17:21:40.355201,-0.06,-0.73,0.68,0.98,1.83,2.44,-4.63,44.89,-19.67,1
e,2022-11-01 17:21:40.355352,-0.06,-0.73,0.68,1.34,1.89,2.44,-4.63,44.89,-19.67,1
e,2022-11-01 17:21:40.355511,-0.06,-0.73,0.68,1.28,1.71,2.50,-4.63,44.89,-19.67,1
e,2022-11-01 17:21:40.355663,-0.06,-0.73,0.68,1.16,1.77,2.38,-4.53,45.20,-19.62,1
e,2022-11-01 17:21:40.355823,-0.06,-0.73,0.68,1.28,1.83,2.38,-4.53,45.20,-19.62,1
e,2022-11-01 17:21:40.355974,-0.06,-0.73,0.68,1.10,1.83,2.38,-3.91,44.81,-19.06,1
e,2022-11-01 17:21:40.356128,-0.06,-0.73,0.68,1.16,1.95,2.44,-3.91,44.81,-19.06,1
e,2022-11-01 17:21:40.356290,-0.06,-0.73,0.68,1.28,1.83,2.44,-3.91,44.81,-19.06,1
e,2022-11-01 17:21:40.356449,-0.06,-0.73,0.68,1.34,1.83,2.50,-4.66,44.87,-20.15,1
e,2022-11-01 17:21:40.356608,-0.06,-0.73,0.68,1.10,1.83,2.44,-4.66,44.87,-20.15,1
e,2022-11-01 17:21:40.356757,-0.06,-0.73,0.68,1.10,1.77,2.32,-4.66,44.87,-20.15,1
e,2022-11-01 17:21:40.356909,-0.06,-0.73,0.68,1.16,1.83,2.38,-4.63,44.85,-18.97,1
e,2022-11-01 17:21:40.357064,-0.06,-0.73,0.68,1.10,2.01,2.20,-4.63,44.85,-18.97,1
e,2022-11-01 17:21:40.357215,-0.06,-0.73,0.68,1.28,1.95,2.32,-4.43,44.89,-19.41,1
e,2022-11-01 17:21:40.357374,-0.06,-0.73,0.68,1.10,1.77,2.26,-4.43,44.89,-19.41,1
e,2022-11-01 17:21:40.357526,-0.06,-0.73,0.68,1.04,1.83,2.38,-4.43,44.89,-19.41,1
e,2022-11-01 17:21:40.357681,-0.06,-0.73,0.68,1.04,1.89,2.56,-3.72,44.81,-18.44,1
e,2022-11-01 17:21:40.357837,-0.06,-0.73,0.68,1.34,1.77,2.32,-3.72,44.81,-18.44,1
e,2022-11-01 17:21:40.357989,-0.06,-0.73,0.68,1.16,1.89,2.38,-3.72,44.81,-18.44,1
e,2022-11-01 17:21:40.358146,-0.06,-0.73,0.68,1.28,1.77,2.38,-4.74,44.71,-19.53,1
e,2022-11-01 17:21:40.358297,-0.06,-0.73,0.68,1.40,1.89,2.56,-4.74,44.71,-19.53,1
e,2022-11-01 17:21:40.358455,-0.06,-0.73,0.68,1.28,1.77,2.50,-4.74,44.71,-19.53,1
e,2022-11-01 17:21:40.358605,-0.06,-0.73,0.68,0.85,1.83,2.32,-4.83,44.31,-18.14,1
e,2022-11-01 17:21:40.358757,-0.06,-0.73,0.68,1.34,2.01,2.50,-4.83,44.31,-18.14,1
e,2022-11-01 17:21:40.358914,-0.06,-0.73,0.68,1.34,1.77,2.56,-4.39,44.54,-17.93,1
e,2022-11-01 17:21:40.359064,-0.06,-0.73,0.68,0.79,1.89,2.38,-4.39,44.54,-17.93,1
e,2022-11-01 17:21:40.359225,-0.06,-0.73,0.68,1.22,1.95,2.56,-4.39,44.54,-17.93,1
e,2022-11-01 17:21:40.359379,-0.06,-0.73,0.68,1.16,1.95,2.50,-4.39,44.67,-20.03,1
e,2022-11-01 17:21:40.359532,-0.06,-0.73,0.68,1.16,1.89,2.32,-4.39,44.67,-20.03,1
e,2022-11-01 17:21:40.359702,-0.06,-0.73,0.68,1.10,1.89,2.38,-4.39,44.67,-20.03,1
e,2022-11-01 17:21:40.359854,-0.06,-0.73,0.68,1.22,1.95,2.32,-4.05,45.15,-19.60,1
e,2022-11-01 17:21:40.360013,-0.06,-0.73,0.68,1.34,1.89,2.44,-4.05,45.15,-19.60,1
e,2022-11-01 17:21:40.360165,-0.06,-0.73,0.68,1.22,1.89,2.50,-4.05,45.15,-19.60,1
e,2022-11-01 17:21:40.360316,-0.06,-0.73,0.68,1.16,1.89,2.32,-4.22,44.80,-19.52,1
e,2022-11-01 17:21:40.360471,-0.06,-0.73,0.68,1.22,2.01,2.50,-4.22,44.80,-19.52,1
e,2022-11-01 17:21:40.360622,-0.06,-0.73,0.68,1.10,1.83,2.38,-4.90,44.93,-18.82,1
e,2022-11-01 17:21:40.360779,-0.06,-0.73,0.68,1.16,1.83,2.50,-4.90,44.93,-18.82,1
e,2022-11-01 17:21:40.360931,-0.06,-0.73,0.68,1.28,1.83,2.56,-4.90,44.93,-18.82,1
e,2022-11-01 17:21:40.361085,-0.06,-0.73,0.68,1.04,1.89,2.44,-4.26,44.87,-20.18,1
e,2022-11-01 17:21:40.361238,-0.06,-0.73,0.68,1.22,1.77,2.38,-4.26,44.87,-20.18,1
e,2022-11-01 17:21:40.361389,-0.06,-0.73,0.68,1.28,1.83,2.44,-4.26,44.87,-20.18,1
e,2022-11-01 17:21:40.361544,-0.06,-0.73,0.68,1.16,1.83,2.62,-4.60,44.65,-19.23,1
e,2022-11-01 17:21:40.361696,-0.06,-0.73,0.68,1.22,1.83,2.38,-4.60,44.65,-19.23,1
e,2022-11-01 17:21:40.361854,-0.06,-0.73,0.68,1.10,1.83,2.38,-4.60,44.65,-19.23,1
e,2022-11-01 17:21:40.362010,-0.06,-0.73,0.68,1.28,1.71,2.38,-3.91,44.58,-19.08,1
e,2022-11-01 17:21:40.362161,-0.06,-0.73,0.68,1.16,1.83,2.44,-3.91,44.58,-19.08,1
e,2022-11-01 17:21:40.362317,-0.06,-0.73,0.68,1.46,1.89,2.69,-4.00,44.97,-19.10,1
e,2022-11-01 17:21:40.362467,-0.06,-0.73,0.68,1.16,1.89,2.14,-4.00,44.97,-19.10,1
e,2022-11-01 17:21:40.362624,-0.06,-0.73,0.68,1.22,1.89,2.50,-4.00,44.97,-19.10,1
e,2022-11-01 17:21:40.362774,-0.06,-0.73,0.68,1.22,1.89,2.38,-4.00,44.82,-19.68,1
e,2022-11-01 17:21:40.362925,-0.06,-0.73,0.68,1.10,1.95,2.44,-4.00,44.82,-19.68,1
e,2022-11-01 17:21:40.363083,-0.06,-0.73,0.68,1.16,2.01,2.38,-4.00,44.82,-19.68,1
e,2022-11-01 17:21:40.363235,-0.06,-0.73,0.68,1.16,1.77,2.38,-4.03,45.15,-19.09,1
e,2022-11-01 17:21:40.363394,-0.06,-0.73,0.68,1.28,1.83,2.50,-4.03,45.15,-19.09,1
e,2022-11-01 17:21:40.363546,-0.06,-0.73,0.68,1.16,1.95,2.50,-4.03,45.15,-19.09,1
e,2022-11-01 17:21:40.363696,-0.06,-0.73,0.68,0.92,1.83,2.32,-3.85,44.74,-19.29,1
e,2022-11-01 17:21:40.363861,-0.06,-0.73,0.68,1.34,1.83,2.44,-3.85,44.74,-19.29,1
e,2022-11-01 17:21:40.364014,-0.06,-0.73,0.68,1.16,1.83,2.50,-4.22,45.10,-19.40,1
e,2022-11-01 17:21:40.364174,-0.06,-0.73,0.68,1.16,1.83,2.38,-4.22,45.10,-19.40,1
e,2022-11-01 17:21:40.364326,-0.06,-0.73,0.68,1.10,2.01,2.50,-4.22,45.10,-19.40,1
e,2022-11-01 17:21:40.364489,-0.06,-0.73,0.68,1.28,1.83,2.38,-4.09,45.07,-19.53,1
e,2022-11-01 17:21:40.364640,-0.06,-0.73,0.68,1.22,1.95,2.44,-4.09,45.07,-19.53,1
e,2022-11-01 17:21:40.364793,-0.06,-0.73,0.68,1.34,1.83,2.50,-4.09,45.07,-19.53,1
e,2022-11-01 17:21:40.364950,-0.06,-0.73,0.68,1.22,1.59,2.44,-4.28,45.03,-18.97,1
e,2022-11-01 17:21:40.365103,-0.06,-0.73,0.68,1.28,1.83,2.44,-4.28,45.03,-18.97,1
e,2022-11-01 17:21:40.365270,-0.06,-0.73,0.68,1.16,1.77,2.44,-4.28,45.03,-18.97,1
e,2022-11-01 17:21:40.365423,-0.06,-0.73,0.68,0.98,1.77,2.50,-4.13,44.76,-17.54,1
e,2022-11-01 17:21:40.365574,-0.06,-0.73,0.68,1.10,1.95,2.44,-4.13,44.76,-17.54,1
e,2022-11-01 17:21:40.365743,-0.06,-0.73,0.68,1.22,1.89,2.44,-4.13,44.24,-19.71,1
e,2022-11-01 17:21:40.365895,-0.06,-0.73,0.68,1.10,1.83,2.44,-4.13,44.24,-19.71,1
e,2022-11-01 17:21:40.366055,-0.06,-0.73,0.68,1.16,1.83,2.44,-4.13,44.24,-19.71,1
e,2022-11-01 17:21:40.366207,-0.06,-0.73,0.68,1.22,1.77,2.44,-3.88,45.03,-18.43,1
e,2022-11-01 17:21:40.366359,-0.06,-0.73,0.68,1.28,1.71,2.44,-3.88,45.03,-18.43,1
e,2022-11-01 17:21:40.366514,-0.06,-0.73,0.68,1.34,1.95,2.44,-3.88,45.03,-18.43,1
e,2022-11-01 17:21:40.366683,-0.06,-0.73,0.68,1.22,1.83,2.44,-3.94,44.82,-19.14,1
e,2022-11-01 17:21:40.366840,-0.06,-0.73,0.68,1.28,1.89,2.32,-3.94,44.82,-19.14,1
e,2022-11-01 17:21:40.366992,-0.06,-0.73,0.68,1.10,1.89,2.44,-3.94,44.82,-19.14,1
e,2022-11-01 17:21:40.367146,-0.06,-0.73,0.68,1.28,1.77,2.44,-4.25,45.02,-18.44,1
e,2022-11-01 17:21:40.367298,-0.06,-0.73,0.68,1.28,1.89,2.50,-4.25,45.02,-18.44,1
e,2022-11-01 17:21:40.367449,-0.06,-0.73,0.68,1.16,1.83,2.44,-3.93,44.81,-18.86,1
e,2022-11-01 17:21:40.367606,-0.06,-0.73,0.68,1.22,1.95,2.44,-3.93,44.81,-18.86,1
e,2022-11-01 17:21:40.367758,-0.06,-0.73,0.68,1.16,1.89,2.56,-3.93,44.81,-18.86,1
e,2022-11-01 17:21:40.367913,-0.06,-0.73,0.68,1.16,1.83,2.38,-3.85,44.54,-18.63,1
e,2022-11-01 17:21:40.368064,-0.06,-0.73,0.68,1.34,1.89,2.44,-3.85,44.54,-18.63,1
e,2022-11-01 17:21:40.368215,-0.06,-0.73,0.68,1.28,1.95,2.56,-3.85,44.54,-18.63,1
e,2022-11-01 17:21:40.368369,-0.06,-0.73,0.68,1.16,1.77,2.38,-3.76,44.87,-18.70,1
e,2022-11-01 17:21:40.368518,-0.06,-0.73,0.68,1.34,1.83,2.32,-3.76,44.87,-18.70,1
e,2022-11-01 17:21:40.368674,-0.06,-0.73,0.68,1.28,2.01,2.56,-3.76,44.87,-18.70,1
e,2022-11-01 17:21:40.368824,-0.06,-0.73,0.68,1.04,1.77,2.32,-4.17,45.23,-18.81,1
e,2022-11-01 17:21:40.368975,-0.06,-0.73,0.68,1.46,1.95,2.38,-4.17,45.23,-18.81,1
e,2022-11-01 17:21:40.369131,-0.06,-0.73,0.68,1.16,1.95,2.38,-4.09,44.65,-18.05,1
e,2022-11-01 17:21:40.369284,-0.06,-0.73,0.68,1.04,1.83,2.56,-4.09,44.65,-18.05,1
e,2022-11-01 17:21:40.369441,-0.06,-0.73,0.68,1.10,1.77,2.50,-4.09,44.65,-18.05,1
e,2022-11-01 17:21:40.369594,-0.06,-0.73,0.68,1.16,1.95,2.56,-4.39,44.30,-20.10,1
e,2022-11-01 17:21:40.369752,-0.06,-0.73,0.68,1.16,1.83,2.50,-4.39,44.30,-20.10,1
e,2022-11-01 17:21:40.369903,-0.06,-0.73,0.68,1.28,1.77,2.50,-4.39,44.30,-20.10,1
e,2022-11-01 17:21:40.370056,-0.06,-0.73,0.68,1.22,1.89,2.44,-4.27,44.80,-18.62,1
e,2022-11-01 17:21:40.370212,-0.06,-0.73,0.68,1.16,1.95,2.44,-4.27,44.80,-18.62,1
e,2022-11-01 17:21:40.370361,-0.06,-0.73,0.68,1.40,1.77,2.38,-4.27,44.80,-18.62,1
e,2022-11-01 17:21:40.370516,-0.06,-0.73,0.68,1.10,1.95,2.50,-4.53,44.64,-19.65,1
e,2022-11-01 17:21:40.370666,-0.06,-0.73,0.68,1.04,1.89,2.32,-4.53,44.64,-19.65,1
e,2022-11-01 17:21:40.370816,-0.06,-0.73,0.68,1.10,1.95,2.44,-4.11,44.58,-20.19,1
e,2022-11-01 17:21:40.370972,-0.06,-0.73,0.68,0.79,1.89,2.20,-4.11,44.58,-20.19,1
e,2022-11-01 17:21:40.371120,-0.06,-0.73,0.68,1.16,1.83,2.56,-4.11,44.58,-20.19,1
e,2022-11-01 17:21:40.371277,-0.06,-0.73,0.68,1.22,1.89,2.56,-4.14,44.41,-19.41,1
e,2022-11-01 17:21:40.371425,-0.06,-0.73,0.68,1.28,1.89,2.44,-4.14,44.41,-19.41,1
e,2022-11-01 17:21:40.371575,-0.06,-0.73,0.68,1.04,2.14,2.38,-4.14,44.41,-19.41,1
e,2022-11-01 17:21:40.371728,-0.06,-0.73,0.68,1.34,1.83,2.56,-4.32,44.84,-19.03,1
e,2022-11-01 17:21:40.371877,-0.06,-0.73,0.68,1.28,1.65,2.44,-4.32,44.84,-19.03,1
e,2022-11-01 17:21:40.372034,-0.06,-0.73,0.68,1.22,1.89,2.38,-4.32,44.84,-19.03,1
e,2022-11-01 17:21:40.372186,-0.06,-0.73,0.68,1.10,1.83,2.38,-4.50,44.17,-18.59,1
e,2022-11-01 17:21:40.372351,-0.06,-0.73,0.68,1.40,1.83,2.44,-4.50,44.17,-18.59,1
e,2022-11-01 17:21:40.372502,-0.06,-0.73,0.68,1.22,1.71,2.26,-4.25,44.70,-19.64,1
e,2022-11-01 17:21:40.372652,-0.06,-0.73,0.68,1.16,1.77,2.44,-4.25,44.70,-19.64,1
e,2022-11-01 17:21:40.372814,-0.06,-0.73,0.68,1.34,1.89,2.81,-4.25,44.70,-19.64,1
e,2022-11-01 17:21:40.372964,-0.06,-0.73,0.69,1.28,1.83,2.62,-3.25,45.00,-19.15,1
e,2022-11-01 17:21:40.373122,-0.06,-0.73,0.68,1.10,1.89,2.38,-3.25,45.00,-19.15,1
e,2022-11-01 17:21:40.373273,-0.06,-0.73,0.68,1.10,1.89,2.38,-3.25,45.00,-19.15,1
e,2022-11-01 17:21:40.373427,-0.06,-0.73,0.68,0.92,2.01,2.44,-3.54,45.06,-19.41,1
e,2022-11-01 17:21:40.373587,-0.06,-0.73,0.68,1.16,1.89,2.44,-3.54,45.06,-19.41,1
e,2022-11-01 17:21:40.373737,-0.06,-0.73,0.68,1.22,1.95,2.56,-3.54,45.06,-19.41,1
e,2022-11-01 17:21:40.373894,-0.06,-0.73,0.68,1.04,1.71,2.32,-4.15,44.96,-18.51,1
e,2022-11-01 17:21:40.374046,-0.06,-0.73,0.68,1.10,1.95,2.44,-4.15,44.96,-18.51,1
e,2022-11-01 17:21:40.374197,-0.06,-0.73,0.68,1.22,1.95,2.50,-3.86,45.24,-18.46,1
e,2022-11-01 17:21:40.374352,-0.06,-0.73,0.68,1.10,1.83,2.38,-3.86,45.24,-18.46,1
e,2022-11-01 17:21:40.374504,-0.06,-0.73,0.68,1.34,1.71,2.38,-3.86,45.24,-18.46,1
e,2022-11-01 17:21:40.374662,-0.06,-0.73,0.68,1.22,1.95,2.44,-4.20,44.37,-18.24,1
e,2022-11-01 17:21:40.374815,-0.06,-0.73,0.68,1.22,1.77,2.38,-4.20,44.37,-18.24,1
e,2022-11-01 17:21:40.374965,-0.06,-0.73,0.68,1.22,1.89,2.62,-4.20,44.37,-18.24,1
e,2022-11-01 17:21:40.375122,-0.06,-0.73,0.68,1.10,1.71,2.26,-4.00,44.63,-19.60,1
e,2022-11-01 17:21:40.375274,-0.06,-0.73,0.68,1.16,1.89,2.44,-4.00,44.63,-19.60,1
e,2022-11-01 17:21:40.375432,-0.06,-0.73,0.68,1.22,1.95,2.38,-4.00,44.63,-19.60,1
e,2022-11-01 17:21:40.375585,-0.06,-0.73,0.68,1.04,1.83,2.38,-4.71,44.45,-19.02,1
e,2022-11-01 17:21:40.375742,-0.06,-0.73,0.68,1.16,1.95,2.38,-4.71,44.45,-19.02,1
e,2022-11-01 17:21:40.375893,-0.06,-0.73,0.68,1.22,1.83,2.56,-4.06,44.74,-19.57,1
e,2022-11-01 17:21:40.376044,-0.06,-0.73,0.68,0.98,1.95,2.38,-4.06,44.74,-19.57,1
e,2022-11-01 17:21:40.376200,-0.06,-0.73,0.68,0.98,1.83,2.32,-4.06,44.74,-19.57,1
e,2022-11-01 17:21:40.376352,-0.06,-0.73,0.68,1.22,1.89,2.20,-4.03,45.37,-18.02,1
e,2022-11-01 17:21:40.376507,-0.06,-0.73,0.68,0.98,1.95,2.32,-4.03,45.37,-18.02,1
e,2022-11-01 17:21:40.376657,-0.06,-0.73,0.68,1.10,1.89,2.32,-4.03,45.37,-18.02,1
e,2022-11-01 17:21:40.376810,-0.06,-0.73,0.68,1.16,1.77,2.38,-4.00,45.35,-20.14,1
e,2022-11-01 17:21:40.376969,-0.06,-0.73,0.68,1.16,1.95,2.44,-4.00,45.35,-20.14,1
e,2022-11-01 17:21:40.377120,-0.06,-0.73,0.68,0.98,1.95,2.44,-4.00,45.35,-20.14,1
e,2022-11-01 17:21:40.377276,-0.06,-0.73,0.68,1.10,1.77,2.38,-3.96,44.79,-20.28,1
e,2022-11-01 17:21:40.377426,-0.06,-0.73,0.68,1.22,1.89,2.50,-3.96,44.79,-20.28,1
e,2022-11-01 17:21:40.377576,-0.06,-0.73,0.68,1.34,1.83,2.62,-4.26,45.04,-20.19,1
e,2022-11-01 17:21:40.377732,-0.06,-0.73,0.68,1.10,2.01,2.38,-4.26,45.04,-20.19,1
e,2022-11-01 17:21:40.377881,-0.06,-0.73,0.68,1.16,2.14,2.56,-4.26,45.04,-20.19,1
e,2022-11-01 17:21:40.378037,-0.06,-0.73,0.68,1.10,1.83,2.38,-3.94,45.07,-19.47,1
e,2022-11-01 17:21:40.378191,-0.06,-0.73,0.68,1.04,2.20,2.56,-3.94,45.07,-19.47,1
e,2022-11-01 17:21:40.378348,-0.06,-0.73,0.68,1.16,1.95,2.38,-3.94,45.07,-19.47,1
e,2022-11-01 17:21:40.378501,-0.06,-0.73,0.68,1.16,2.01,2.38,-3.87,44.89,-20.20,1
e,2022-11-01 17:21:40.378653,-0.06,-0.73,0.68,1.16,2.01,2.50,-3.87,44.89,-20.20,1
e,2022-11-01 17:21:40.378811,-0.06,-0.73,0.68,1.22,1.83,2.44,-3.87,44.89,-20.20,1
e,2022-11-01 17:21:40.378961,-0.06,-0.73,0.68,1.04,2.08,2.44,-3.54,44.85,-19.52,1
e,2022-11-01 17:21:40.379115,-0.06,-0.73,0.68,1.10,1.89,2.50,-3.54,44.85,-19.52,1
e,2022-11-01 17:21:40.379263,-0.06,-0.73,0.68,1.22,1.83,2.44,-4.06,45.35,-19.59,1
e,2022-11-01 17:21:40.379413,-0.06,-0.73,0.68,1.04,1.83,2.26,-4.06,45.35,-19.59,1
e,2022-11-01 17:21:40.379568,-0.06,-0.73,0.68,1.40,1.89,2.56,-4.06,45.35,-19.59,1
e,2022-11-01 17:21:40.379718,-0.06,-0.73,0.68,1.34,1.83,2.44,-4.25,44.69,-17.86,1
e,2022-11-01 17:21:40.379872,-0.06,-0.73,0.68,1.40,1.83,2.50,-4.25,44.69,-17.86,1
e,2022-11-01 17:21:40.380021,-0.06,-0.73,0.68,0.85,2.01,2.26,-4.25,44.69,-17.86,1
e,2022-11-01 17:21:40.380171,-0.06,-0.73,0.68,1.10,1.83,2.38,-4.39,45.25,-19.17,1
e,2022-11-01 17:21:40.380326,-0.06,-0.73,0.68,0.85,1.95,2.38,-4.39,45.25,-19.17,1
e,2022-11-01 17:21:40.380475,-0.06,-0.73,0.68,1.10,2.01,2.50,-4.39,45.25,-19.17,1
e,2022-11-01 17:21:40.380634,-0.06,-0.73,0.68,0.92,1.71,2.32,-4.21,44.45,-19.37,1
e,2022-11-01 17:21:40.380784,-0.06,-0.73,0.68,1.22,1.89,2.38,-4.21,44.45,-19.37,1
e,2022-11-01 17:21:40.380943,-0.06,-0.73,0.68,1.10,2.08,2.32,-3.96,45.21,-19.34,1
e,2022-11-01 17:21:40.381093,-0.06,-0.73,0.68,0.92,1.89,2.32,-3.96,45.21,-19.34,1
e,2022-11-01 17:21:40.381242,-0.06,-0.73,0.68,1.04,2.01,2.44,-3.96,45.21,-19.34,1
e,2022-11-01 17:21:40.381396,-0.06,-0.73,0.68,1.04,1.83,2.56,-4.14,45.41,-18.81,1
e,2022-11-01 17:21:40.381545,-0.06,-0.73,0.68,1.28,1.77,2.56,-4.14,45.41,-18.81,1
e,2022-11-01 17:21:40.381700,-0.06,-0.73,0.68,0.92,1.89,2.32,-4.14,45.41,-18.81,1
e,2022-11-01 17:21:40.381871,-0.06,-0.73,0.68,0.85,1.95,2.32,-3.86,45.13,-19.23,1
e,2022-11-01 17:21:40.382022,-0.06,-0.73,0.68,1.10,2.01,2.38,-3.86,45.13,-19.23,1
e,2022-11-01 17:21:40.382188,-0.06,-0.73,0.68,1.10,2.01,2.32,-3.86,45.13,-19.23,1
e,2022-11-01 17:21:40.382340,-0.06,-0.73,0.68,1.04,2.01,2.26,-3.99,44.36,-19.38,1
e,2022-11-01 17:21:40.382504,-0.06,-0.73,0.68,1.04,1.83,2.38,-3.99,44.36,-19.38,1
e,2022-11-01 17:21:40.382655,-0.06,-0.73,0.68,1.22,1.95,2.56,-3.44,45.12,-18.62,1
e,2022-11-01 17:21:40.382805,-0.06,-0.73,0.68,1.22,1.89,2.50,-3.44,45.12,-18.62,1
e,2022-11-01 17:21:40.382964,-0.06,-0.73,0.68,1.04,1.95,2.50,-3.44,45.12,-18.62,1
e,2022-11-01 17:21:40.383116,-0.06,-0.73,0.68,1.28,1.89,2.44,-4.10,45.53,-18.71,1
e,2022-11-01 17:21:40.383274,-0.06,-0.73,0.68,1.04,1.95,2.32,-4.10,45.53,-18.71,1
e,2022-11-01 17:21:40.383427,-0.06,-0.73,0.68,1.22,1.89,2.56,-4.10,45.53,-18.71,1
e,2022-11-01 17:21:40.383584,-0.06,-0.73,0.68,0.98,2.08,2.44,-4.66,44.57,-18.84,1
e,2022-11-01 17:21:40.383736,-0.06,-0.73,0.68,1.10,2.08,2.20,-4.66,44.57,-18.84,1
e,2022-11-01 17:21:40.383887,-0.06,-0.73,0.68,1.10,1.95,2.50,-4.66,44.57,-18.84,1
e,2022-11-01 17:21:40.384050,-0.06,-0.73,0.68,1.04,1.77,2.32,-4.33,44.97,-18.86,1
e,2022-11-01 17:21:40.384203,-0.06,-0.73,0.68,1.10,2.01,2.44,-4.33,44.97,-18.86,1
e,2022-11-01 17:21:40.384359,-0.06,-0.73,0.68,0.92,2.08,2.44,-4.70,44.93,-18.99,1
e,2022-11-01 17:21:40.384512,-0.06,-0.73,0.68,1.16,1.89,2.50,-4.70,44.93,-18.99,1
e,2022-11-01 17:21:40.384665,-0.06,-0.73,0.68,1.16,1.89,2.44,-4.70,44.93,-18.99,1
e,2022-11-01 17:21:40.384878,-0.06,-0.73,0.68,1.16,1.83,2.44,-4.04,45.67,-19.75,1
e,2022-11-01 17:21:40.385030,-0.06,-0.73,0.68,1.22,1.83,2.32,-4.04,45.67,-19.75,1
e,2022-11-01 17:21:40.385189,-0.06,-0.73,0.68,1.46,1.77,2.50,-4.04,45.67,-19.75,1
e,2022-11-01 17:21:40.385341,-0.06,-0.73,0.68,1.28,1.95,2.44,-4.54,44.80,-19.20,1
e,2022-11-01 17:21:40.385494,-0.06,-0.73,0.68,1.10,2.08,2.50,-4.54,44.80,-19.20,1
e,2022-11-01 17:21:40.385651,-0.06,-0.73,0.68,1.10,1.83,2.44,-4.54,44.80,-19.20,1
e,2022-11-01 17:21:40.385802,-0.06,-0.73,0.68,1.22,1.83,2.32,-4.30,44.98,-18.40,1
e,2022-11-01 17:21:40.385969,-0.06,-0.73,0.68,1.16,1.95,2.44,-4.30,44.98,-18.40,1
e,2022-11-01 17:21:40.386120,-0.06,-0.73,0.68,1.04,1.89,2.20,-4.30,44.43,-19.70,1
e,2022-11-01 17:21:40.386276,-0.06,-0.73,0.68,1.04,1.95,2.32,-4.30,44.43,-19.70,1
e,2022-11-01 17:21:40.386427,-0.06,-0.73,0.68,1.10,2.01,2.50,-4.30,44.43,-19.70,1
e,2022-11-01 17:21:40.386577,-0.06,-0.73,0.68,1.04,2.08,2.26,-4.86,45.12,-19.86,1
e,2022-11-01 17:21:40.386748,-0.06,-0.73,0.68,1.10,1.89,2.50,-4.86,45.12,-19.86,1
e,2022-11-01 17:21:40.386897,-0.06,-0.73,0.68,1.10,2.01,2.44,-4.86,45.12,-19.86,1
e,2022-11-01 17:21:40.387054,-0.06,-0.73,0.68,0.85,2.01,2.26,-4.77,44.93,-20.43,1
e,2022-11-01 17:21:40.387205,-0.06,-0.73,0.68,1.28,2.08,2.62,-4.77,44.93,-20.43,1
e,2022-11-01 17:21:40.387354,-0.06,-0.73,0.68,1.22,1.89,2.50,-4.77,44.93,-20.43,1
e,2022-11-01 17:21:40.387510,-0.06,-0.73,0.68,1.10,1.89,2.32,-4.53,45.26,-19.82,1
e,2022-11-01 17:21:40.387661,-0.06,-0.73,0.68,1.16,1.95,2.32,-4.53,45.26,-19.82,1
e,2022-11-01 17:21:40.387818,-0.06,-0.73,0.68,1.10,1.77,2.50,-4.57,44.30,-18.88,1
e,2022-11-01 17:21:40.387968,-0.06,-0.73,0.68,1.10,1.89,2.44,-4.57,44.30,-18.88,1
e,2022-11-01 17:21:40.388123,-0.06,-0.73,0.68,1.34,1.89,2.56,-4.57,44.30,-18.88,1
e,2022-11-01 17:21:40.388275,-0.06,-0.73,0.69,0.98,1.95,2.44,-3.98,44.54,-18.75,1
e,2022-11-01 17:21:40.388425,-0.06,-0.73,0.68,1.22,1.83,2.56,-3.98,44.54,-18.75,1
e,2022-11-01 17:21:40.388581,-0.06,-0.73,0.68,1.10,2.08,2.38,-3.98,44.54,-18.75,1
e,2022-11-01 17:21:40.388730,-0.06,-0.73,0.68,0.98,2.01,2.38,-3.88,44.51,-20.57,1
e,2022-11-01 17:21:40.388886,-0.06,-0.73,0.68,1.22,1.89,2.44,-3.88,44.51,-20.57,1
e,2022-11-01 17:21:40.389039,-0.06,-0.73,0.68,1.22,1.83,2.56,-3.88,44.51,-20.57,1
e,2022-11-01 17:21:40.389191,-0.06,-0.73,0.68,0.98,1.83,2.38,-3.83,45.24,-18.75,1
e,2022-11-01 17:21:40.389348,-0.06,-0.73,0.68,1.28,1.89,2.44,-3.83,45.24,-18.75,1
e,2022-11-01 17:21:40.389501,-0.06,-0.73,0.69,1.16,1.83,2.50,-3.97,44.64,-18.69,1
e,2022-11-01 17:21:40.389666,-0.06,-0.73,0.68,1.10,1.77,2.32,-3.97,44.64,-18.69,1
e,2022-11-01 17:21:40.389817,-0.06,-0.73,0.68,0.98,1.95,2.44,-3.97,44.64,-18.69,1
e,2022-11-01 17:21:40.389967,-0.06,-0.73,0.68,1.16,1.71,2.32,-4.53,44.57,-18.88,1
e,2022-11-01 17:21:40.390124,-0.06,-0.73,0.69,1.16,1.95,2.50,-4.53,44.57,-18.88,1
e,2022-11-01 17:21:40.390276,-0.06,-0.73,0.68,1.28,1.83,2.50,-4.53,44.57,-18.88,1
e,2022-11-01 17:21:40.390433,-0.06,-0.73,0.68,1.04,1.95,2.62,-4.25,44.78,-18.48,1
e,2022-11-01 17:21:40.390585,-0.06,-0.73,0.68,1.16,2.01,2.38,-4.25,44.78,-18.48,1
e,2022-11-01 17:21:40.390741,-0.06,-0.73,0.68,1.16,1.77,2.44,-4.25,44.78,-18.48,1
e,2022-11-01 17:21:40.390897,-0.06,-0.73,0.68,1.10,1.77,2.32,-4.49,44.62,-19.70,1
e,2022-11-01 17:21:40.391047,-0.06,-0.73,0.68,1.10,1.89,2.38,-4.49,44.62,-19.70,1
e,2022-11-01 17:21:40.391202,-0.06,-0.73,0.68,1.16,1.89,2.44,-3.89,45.42,-19.36,1
e,2022-11-01 17:21:40.391353,-0.06,-0.73,0.69,1.10,1.95,2.26,-3.89,45.42,-19.36,1
e,2022-11-01 17:21:40.391511,-0.06,-0.73,0.68,1.04,1.89,2.44,-3.89,45.42,-19.36,1
e,2022-11-01 17:21:40.391663,-0.06,-0.73,0.68,1.04,1.83,2.44,-4.14,45.09,-20.01,1
e,2022-11-01 17:21:40.391813,-0.06,-0.73,0.68,1.16,1.83,2.38,-4.14,45.09,-20.01,1
e,2022-11-01 17:21:40.391970,-0.06,-0.73,0.68,1.10,2.01,2.44,-4.14,45.09,-20.01,1
e,2022-11-01 17:21:40.392121,-0.06,-0.73,0.68,1.10,2.08,2.26,-4.26,45.06,-19.10,1
e,2022-11-01 17:21:40.392278,-0.06,-0.73,0.68,1.28,1.95,2.44,-4.26,45.06,-19.10,1
e,2022-11-01 17:21:40.392429,-0.06,-0.73,0.68,0.98,1.95,2.32,-4.26,45.06,-19.10,1
e,2022-11-01 17:21:40.392581,-0.06,-0.73,0.68,1.10,1.95,2.44,-4.86,45.58,-19.59,1
e,2022-11-01 17:21:40.392744,-0.06,-0.73,0.68,1.16,1.77,2.26,-4.86,45.58,-19.59,1
e,2022-11-01 17:21:40.392900,-0.06,-0.73,0.68,1.34,1.83,2.50,-4.48,44.73,-17.86,1
e,2022-11-01 17:21:40.393059,-0.06,-0.73,0.68,1.10,1.95,2.32,-4.48,44.73,-17.86,1
e,2022-11-01 17:21:40.393213,-0.06,-0.73,0.69,1.16,2.01,2.50,-4.48,44.73,-17.86,1
e,2022-11-01 17:21:40.393366,-0.06,-0.73,0.68,0.98,1.95,2.38,-4.64,45.19,-19.42,1
e,2022-11-01 17:21:40.393524,-0.06,-0.73,0.69,1.10,1.83,2.44,-4.64,45.19,-19.42,1
e,2022-11-01 17:21:40.393674,-0.06,-0.73,0.69,1.16,2.01,2.50,-4.64,45.19,-19.42,1
e,2022-11-01 17:21:40.393836,-0.06,-0.73,0.68,1.16,1.83,2.32,-4.10,44.64,-19.85,1
e,2022-11-01 17:21:40.393986,-0.06,-0.73,0.69,1.34,2.01,2.44,-4.10,44.64,-19.85,1
e,2022-11-01 17:21:40.394141,-0.06,-0.73,0.68,1.16,2.08,2.44,-4.10,44.64,-19.85,1
e,2022-11-01 17:21:40.394292,-0.06,-0.73,0.68,0.79,1.83,2.44,-4.52,44.90,-18.32,1
e,2022-11-01 17:21:40.394443,-0.06,-0.73,0.68,1.10,1.95,2.32,-4.52,44.90,-18.32,1
e,2022-11-01 17:21:40.394599,-0.06,-0.73,0.68,1.16,1.95,2.50,-4.09,46.02,-19.36,1
e,2022-11-01 17:21:40.394753,-0.06,-0.73,0.68,0.92,2.01,2.56,-4.09,46.02,-19.36,1
e,2022-11-01 17:21:40.394909,-0.06,-0.73,0.68,1.34,1.95,2.56,-4.09,46.02,-19.36,1
e,2022-11-01 17:21:40.395057,-0.06,-0.73,0.68,1.10,2.01,2.44,-4.33,45.41,-18.87,1
e,2022-11-01 17:21:40.395207,-0.06,-0.73,0.69,1.04,1.77,2.62,-4.33,45.41,-18.87,1
e,2022-11-01 17:21:40.395364,-0.06,-0.73,0.68,0.98,1.95,2.50,-4.33,45.41,-18.87,1
e,2022-11-01 17:21:40.395514,-0.06,-0.73,0.68,1.04,1.89,2.50,-3.81,44.85,-19.73,1
e,2022-11-01 17:21:40.395670,-0.06,-0.73,0.68,1.28,1.89,2.50,-3.81,44.85,-19.73,1
e,2022-11-01 17:21:40.395820,-0.06,-0.73,0.68,1.10,1.89,2.50,-3.81,44.85,-19.73,1
e,2022-11-01 17:21:40.395969,-0.06,-0.73,0.68,1.10,1.83,2.32,-4.22,44.70,-18.53,1
e,2022-11-01 17:21:40.396122,-0.06,-0.73,0.68,1.10,2.01,2.32,-4.22,44.70,-18.53,1
e,2022-11-01 17:21:40.396272,-0.06,-0.73,0.69,1.22,1.95,2.44,-3.94,45.26,-19.15,1
e,2022-11-01 17:21:40.396428,-0.06,-0.73,0.68,0.85,2.08,2.38,-3.94,45.26,-19.15,1
e,2022-11-01 17:21:40.396580,-0.06,-0.73,0.68,1.04,1.83,2.26,-3.94,45.26,-19.15,1
e,2022-11-01 17:21:40.396733,-0.06,-0.73,0.69,0.98,1.83,2.26,-4.03,45.03,-19.52,1
e,2022-11-01 17:21:40.396888,-0.06,-0.73,0.68,0.92,2.08,2.44,-4.03,45.03,-19.52,1
e,2022-11-01 17:21:40.397055,-0.06,-0.73,0.69,1.22,2.01,2.56,-4.03,45.03,-19.52,1
e,2022-11-01 17:21:40.397210,-0.06,-0.73,0.68,0.79,2.14,2.38,-4.36,44.95,-19.10,1
e,2022-11-01 17:21:40.397362,-0.06,-0.73,0.68,1.22,1.89,2.50,-4.36,44.95,-19.10,1
e,2022-11-01 17:21:40.397518,-0.06,-0.73,0.68,0.98,2.08,2.38,-4.36,44.95,-19.10,1
e,2022-11-01 17:21:40.397668,-0.06,-0.73,0.68,1.04,1.77,2.38,-4.59,44.89,-19.87,1
e,2022-11-01 17:21:40.397818,-0.06,-0.73,0.68,1.22,2.08,2.50,-4.59,44.89,-19.87,1
e,2022-11-01 17:21:40.397974,-0.06,-0.73,0.69,1.04,1.89,2.44,-4.38,45.34,-20.17,1
e,2022-11-01 17:21:40.398124,-0.06,-0.73,0.68,1.28,1.89,2.32,-4.38,45.34,-20.17,1
e,2022-11-01 17:21:40.398280,-0.06,-0.73,0.68,1.16,1.95,2.50,-4.38,45.34,-20.17,1
e,2022-11-01 17:21:40.398432,-0.06,-0.73,0.68,1.16,1.95,2.44,-4.33,44.82,-19.37,1
e,2022-11-01 17:21:40.398583,-0.06,-0.73,0.69,1.04,2.01,2.38,-4.33,44.82,-19.37,1
e,2022-11-01 17:21:40.398745,-0.06,-0.73,0.68,1.16,1.95,2.56,-4.33,44.82,-19.37,1
e,2022-11-01 17:21:40.398896,-0.06,-0.73,0.68,1.16,1.83,2.26,-4.32,45.08,-19.53,1
e,2022-11-01 17:21:40.399052,-0.06,-0.73,0.68,1.04,2.01,2.44,-4.32,45.08,-19.53,1
e,2022-11-01 17:21:40.399201,-0.06,-0.73,0.69,1.04,1.89,2.50,-4.32,45.08,-19.53,1
e,2022-11-01 17:21:40.399359,-0.06,-0.73,0.69,0.92,1.95,2.26,-4.05,45.17,-18.31,1
e,2022-11-01 17:21:40.399513,-0.06,-0.73,0.68,1.22,2.01,2.69,-4.05,45.17,-18.31,1
e,2022-11-01 17:21:40.399664,-0.06,-0.73,0.69,1.04,1.89,2.44,-4.32,44.85,-19.53,1
e,2022-11-01 17:21:40.399820,-0.06,-0.73,0.69,1.10,1.77,2.56,-4.32,44.85,-19.53,1
e,2022-11-01 17:21:40.399971,-0.06,-0.73,0.69,1.16,1.95,2.56,-4.32,44.85,-19.53,1
e,2022-11-01 17:21:40.400145,-0.06,-0.73,0.69,1.22,2.08,2.56,-4.21,44.59,-19.10,1
e,2022-11-01 17:21:40.400297,-0.06,-0.73,0.69,1.22,1.83,2.56,-4.21,44.59,-19.10,1
e,2022-11-01 17:21:40.400447,-0.03,-0.73,0.68,1.10,1.95,2.56,-4.21,44.59,-19.10,1
e,2022-11-01 17:21:40.400606,-0.06,-0.73,0.68,0.85,1.77,2.38,-4.25,44.90,-19.10,1
e,2022-11-01 17:21:40.400756,-0.06,-0.73,0.68,0.98,1.89,2.32,-4.25,44.90,-19.10,1
e,2022-11-01 17:21:40.400915,-0.06,-0.73,0.69,1.16,1.95,2.38,-4.25,44.90,-19.10,1
e,2022-11-01 17:21:40.401066,-0.06,-0.73,0.68,1.04,1.77,2.44,-4.37,45.06,-19.40,1
e,2022-11-01 17:21:40.401219,-0.06,-0.73,0.68,1.22,2.01,2.56,-4.37,45.06,-19.40,1
e,2022-11-01 17:21:40.401378,-0.06,-0.73,0.69,1.16,1.83,2.56,-4.37,44.59,-18.75,1
e,2022-11-01 17:21:40.401529,-0.06,-0.73,0.69,1.28,1.89,2.44,-4.37,44.59,-18.75,1
e,2022-11-01 17:21:40.401686,-0.06,-0.73,0.68,0.98,1.89,2.44,-4.37,44.59,-18.75,1
e,2022-11-01 17:21:40.401837,-0.06,-0.73,0.69,1.04,1.95,2.20,-3.96,44.92,-18.88,1
e,2022-11-01 17:21:40.401993,-0.06,-0.73,0.68,1.04,1.95,2.50,-3.96,44.92,-18.88,1
e,2022-11-01 17:21:40.402144,-0.06,-0.73,0.68,1.04,2.32,2.56,-3.96,44.92,-18.88,1
e,2022-11-01 17:21:40.402297,-0.06,-0.73,0.69,1.10,1.95,2.32,-4.41,45.29,-19.54,1
e,2022-11-01 17:21:40.402452,-0.06,-0.73,0.68,1.16,1.89,2.44,-4.41,45.29,-19.54,1
e,2022-11-01 17:21:40.402603,-0.06,-0.73,0.68,1.10,1.89,2.32,-4.41,45.29,-19.54,1
e,2022-11-01 17:21:40.402759,-0.06,-0.73,0.68,0.98,2.08,2.32,-3.71,45.39,-18.60,1
e,2022-11-01 17:21:40.402914,-0.06,-0.73,0.69,1.04,2.01,2.50,-3.71,45.39,-18.60,1
e,2022-11-01 17:21:40.403068,-0.06,-0.73,0.68,1.04,1.95,2.62,-4.41,44.92,-18.23,1
e,2022-11-01 17:21:40.403230,-0.06,-0.73,0.69,1.04,1.89,2.32,-4.41,44.92,-18.23,1
e,2022-11-01 17:21:40.403380,-0.06,-0.73,0.69,1.46,1.83,2.50,-4.41,44.92,-18.23,1
e,2022-11-01 17:21:40.403537,-0.06,-0.73,0.68,1.10,1.95,2.38,-4.32,45.04,-19.17,1
e,2022-11-01 17:21:40.403688,-0.06,-0.73,0.69,1.22,2.01,2.56,-4.32,45.04,-19.17,1
e,2022-11-01 17:21:40.403839,-0.06,-0.73,0.69,1.22,1.83,2.32,-4.32,45.04,-19.17,1
e,2022-11-01 17:21:40.403998,-0.06,-0.73,0.69,0.92,1.95,2.38,-5.05,44.75,-18.88,1
e,2022-11-01 17:21:40.404150,-0.06,-0.73,0.69,1.04,1.83,2.38,-5.05,44.75,-18.88,1
e,2022-11-01 17:21:40.404322,-0.06,-0.73,0.68,1.40,1.89,2.44,-5.05,44.75,-18.88,1
e,2022-11-01 17:21:40.404472,-0.06,-0.73,0.68,1.10,1.71,2.44,-4.15,45.48,-19.64,1
e,2022-11-01 17:21:40.404629,-0.06,-0.73,0.69,1.22,1.89,2.38,-4.15,45.48,-19.64,1
e,2022-11-01 17:21:40.404785,-0.06,-0.73,0.69,1.10,1.83,2.38,-4.05,45.23,-19.18,1
e,2022-11-01 17:21:40.404936,-0.06,-0.73,0.68,1.10,1.95,2.26,-4.05,45.23,-19.18,1
e,2022-11-01 17:21:40.405094,-0.06,-0.73,0.69,1.34,1.77,2.38,-4.05,45.23,-19.18,1
e,2022-11-01 17:21:40.405247,-0.06,-0.73,0.69,1.10,1.95,2.32,-4.11,44.70,-18.99,1
e,2022-11-01 17:21:40.405404,-0.06,-0.73,0.69,1.04,2.01,2.56,-4.11,44.70,-18.99,1
e,2022-11-01 17:21:40.405554,-0.06,-0.73,0.69,0.92,2.08,2.44,-4.11,44.70,-18.99,1
e,2022-11-01 17:21:40.405706,-0.06,-0.73,0.68,0.92,2.08,2.32,-4.10,44.91,-18.69,1
e,2022-11-01 17:21:40.405864,-0.06,-0.73,0.68,1.16,2.08,2.50,-4.10,44.91,-18.69,1
e,2022-11-01 17:21:40.406021,-0.06,-0.73,0.69,1.10,1.89,2.44,-4.10,44.91,-18.69,1
e,2022-11-01 17:21:40.406182,-0.06,-0.73,0.68,0.79,1.89,2.38,-4.04,45.64,-19.20,1
e,2022-11-01 17:21:40.406337,-0.06,-0.73,0.68,1.10,2.01,2.44,-4.04,45.64,-19.20,1
e,2022-11-01 17:21:40.406490,-0.06,-0.73,0.68,1.22,1.89,2.38,-3.97,44.81,-18.76,1
e,2022-11-01 17:21:40.406647,-0.06,-0.73,0.68,1.04,1.95,2.32,-3.97,44.81,-18.76,1
e,2022-11-01 17:21:40.406798,-0.06,-0.73,0.68,1.22,1.89,2.38,-3.97,44.81,-18.76,1
e,2022-11-01 17:21:40.406957,-0.06,-0.73,0.68,0.98,2.08,2.44,-3.69,44.68,-19.26,1
e,2022-11-01 17:21:40.407108,-0.06,-0.73,0.69,1.10,1.95,2.50,-3.69,44.68,-19.26,1
e,2022-11-01 17:21:40.407258,-0.06,-0.73,0.69,1.04,1.95,2.38,-3.69,44.68,-19.26,1
e,2022-11-01 17:21:40.407416,-0.06,-0.73,0.68,1.04,1.77,2.56,-4.36,44.85,-18.75,1
e,2022-11-01 17:21:40.407567,-0.06,-0.73,0.69,1.10,1.95,2.44,-4.36,44.85,-18.75,1
e,2022-11-01 17:21:40.407725,-0.06,-0.73,0.69,1.04,1.89,2.38,-4.36,44.85,-18.75,1
e,2022-11-01 17:21:40.407881,-0.06,-0.73,0.69,0.79,1.95,2.20,-3.88,44.89,-19.74,1
e,2022-11-01 17:21:40.408040,-0.06,-0.73,0.69,0.98,1.89,2.50,-3.88,44.89,-19.74,1
e,2022-11-01 17:21:40.408196,-0.06,-0.73,0.68,1.16,1.89,2.44,-4.47,45.12,-18.96,1
e,2022-11-01 17:21:40.408350,-0.06,-0.73,0.69,1.16,1.89,2.44,-4.47,45.12,-18.96,1
e,2022-11-01 17:21:40.408510,-0.06,-0.73,0.68,1.16,1.71,2.32,-4.47,45.12,-18.96,1
e,2022-11-01 17:21:40.408663,-0.06,-0.73,0.68,0.98,2.01,2.44,-4.42,45.50,-20.46,1
e,2022-11-01 17:21:40.408821,-0.06,-0.73,0.69,1.22,1.77,2.62,-4.42,45.50,-20.46,1
e,2022-11-01 17:21:40.408972,-0.06,-0.73,0.69,1.10,1.83,2.26,-4.42,45.50,-20.46,1
e,2022-11-01 17:21:40.409123,-0.06,-0.72,0.68,0.92,1.89,2.26,-4.24,45.03,-19.57,1
e,2022-11-01 17:21:40.409281,-0.06,-0.73,0.68,1.10,1.77,2.62,-4.24,45.03,-19.57,1
e,2022-11-01 17:21:40.409430,-0.06,-0.73,0.69,1.04,1.89,2.56,-4.24,45.03,-19.57,1
e,2022-11-01 17:21:40.409585,-0.06,-0.73,0.69,0.85,1.77,2.08,-4.65,45.24,-18.70,1
e,2022-11-01 17:21:40.409736,-0.06,-0.73,0.69,0.98,1.95,2.44,-4.65,45.24,-18.70,1
e,2022-11-01 17:21:40.409886,-0.06,-0.73,0.68,1.16,1.89,2.32,-4.44,45.13,-19.18,1
e,2022-11-01 17:21:40.410044,-0.06,-0.73,0.68,0.98,2.08,2.38,-4.44,45.13,-19.18,1
e,2022-11-01 17:21:40.410197,-0.06,-0.73,0.68,1.04,2.01,2.14,-4.44,45.13,-19.18,1
e,2022-11-01 17:21:40.410348,-0.06,-0.73,0.69,1.16,1.89,2.44,-4.10,45.03,-19.23,1
e,2022-11-01 17:21:40.410505,-0.06,-0.73,0.69,1.04,1.95,2.44,-4.10,45.03,-19.23,1
e,2022-11-01 17:21:40.410656,-0.06,-0.73,0.69,1.22,1.89,2.44,-4.10,45.03,-19.23,1
e,2022-11-01 17:21:40.410811,-0.06,-0.73,0.69,0.79,1.95,2.32,-4.30,45.43,-19.17,1
e,2022-11-01 17:21:40.410959,-0.06,-0.73,0.69,0.98,1.95,2.56,-4.30,45.43,-19.17,1
e,2022-11-01 17:21:40.411114,-0.06,-0.73,0.69,0.92,1.89,2.32,-4.30,45.43,-19.17,1
e,2022-11-01 17:21:40.411268,-0.06,-0.73,0.69,0.98,1.83,2.56,-4.28,44.92,-19.69,1
e,2022-11-01 17:21:40.411417,-0.06,-0.73,0.69,1.04,1.89,2.62,-4.28,44.92,-19.69,1
e,2022-11-01 17:21:40.411575,-0.06,-0.73,0.69,1.10,1.95,2.32,-4.50,44.58,-19.59,1
e,2022-11-01 17:21:40.411726,-0.06,-0.73,0.69,1.10,2.08,2.38,-4.50,44.58,-19.59,1
e,2022-11-01 17:21:40.411878,-0.06,-0.73,0.69,1.16,2.01,2.62,-4.50,44.58,-19.59,1
e,2022-11-01 17:21:40.412028,-0.06,-0.73,0.69,0.98,2.08,2.38,-4.44,45.43,-19.38,1
e,2022-11-01 17:21:40.412176,-0.06,-0.73,0.69,1.10,2.01,2.50,-4.44,45.43,-19.38,1
e,2022-11-01 17:21:40.412353,-0.06,-0.73,0.69,0.98,1.95,2.50,-4.44,45.43,-19.38,1
e,2022-11-01 17:21:40.412502,-0.06,-0.73,0.69,0.85,1.83,2.32,-4.21,44.73,-19.10,1
e,2022-11-01 17:21:40.412658,-0.06,-0.73,0.69,1.28,1.89,2.50,-4.21,44.73,-19.10,1
e,2022-11-01 17:21:40.412808,-0.06,-0.73,0.69,0.85,1.95,2.14,-3.87,45.28,-18.87,1
e,2022-11-01 17:21:40.412955,-0.06,-0.73,0.69,1.10,2.14,2.38,-3.87,45.28,-18.87,1
e,2022-11-01 17:21:40.413108,-0.06,-0.73,0.69,1.16,1.89,2.38,-3.87,45.28,-18.87,1
e,2022-11-01 17:21:40.413260,-0.06,-0.73,0.69,0.85,1.83,2.50,-4.14,45.28,-18.63,1
e,2022-11-01 17:21:40.413415,-0.06,-0.73,0.69,1.04,2.01,2.44,-4.14,45.28,-18.63,1
e,2022-11-01 17:21:40.413568,-0.06,-0.73,0.69,0.98,1.95,2.44,-4.14,45.28,-18.63,1
e,2022-11-01 17:21:40.413718,-0.06,-0.73,0.69,0.98,2.01,2.32,-4.36,45.07,-19.08,1
e,2022-11-01 17:21:40.413873,-0.06,-0.73,0.69,1.04,1.83,2.50,-4.36,45.07,-19.08,1
e,2022-11-01 17:21:40.414025,-0.06,-0.73,0.68,1.04,1.95,2.38,-4.36,45.07,-19.08,1
e,2022-11-01 17:21:40.414180,-0.06,-0.73,0.69,0.92,1.95,2.38,-4.11,44.85,-20.37,1
e,2022-11-01 17:21:40.414329,-0.06,-0.73,0.69,0.92,1.89,2.32,-4.11,44.85,-20.37,1
e,2022-11-01 17:21:40.414486,-0.06,-0.73,0.69,1.04,1.95,2.38,-4.30,44.54,-18.37,1
e,2022-11-01 17:21:40.414635,-0.06,-0.73,0.69,1.10,1.95,2.32,-4.30,44.54,-18.37,1
e,2022-11-01 17:21:40.414784,-0.06,-0.73,0.69,0.98,2.01,2.32,-4.30,44.54,-18.37,1
e,2022-11-01 17:21:40.414937,-0.06,-0.73,0.69,1.22,2.08,2.44,-3.83,44.74,-18.10,1
e,2022-11-01 17:21:40.415088,-0.06,-0.73,0.69,0.92,1.83,2.38,-3.83,44.74,-18.10,1
e,2022-11-01 17:21:40.415243,-0.06,-0.73,0.69,0.85,2.14,2.38,-3.83,44.74,-18.10,1
e,2022-11-01 17:21:40.415394,-0.06,-0.73,0.69,1.04,1.95,2.32,-4.80,44.69,-19.56,1
e,2022-11-01 17:21:40.415544,-0.06,-0.73,0.68,1.16,1.89,2.50,-4.80,44.69,-19.56,1
e,2022-11-01 17:21:40.415698,-0.06,-0.73,0.69,1.22,2.08,2.38,-4.80,44.69,-19.56,1
e,2022-11-01 17:21:40.415850,-0.06,-0.73,0.69,0.85,1.89,2.32,-4.46,44.36,-19.42,1
e,2022-11-01 17:21:40.416005,-0.06,-0.73,0.69,0.98,2.14,2.38,-4.46,44.36,-19.42,1
e,2022-11-01 17:21:40.416156,-0.06,-0.73,0.68,1.16,2.01,2.44,-4.52,44.18,-19.26,1
e,2022-11-01 17:21:40.416308,-0.06,-0.73,0.69,1.22,2.08,2.50,-4.52,44.18,-19.26,1
e,2022-11-01 17:21:40.416462,-0.06,-0.73,0.69,1.10,2.01,2.32,-4.52,44.18,-19.26,1
e,2022-11-01 17:21:40.416612,-0.06,-0.73,0.69,0.98,2.08,2.38,-4.19,44.42,-20.07,1
e,2022-11-01 17:21:40.416768,-0.06,-0.73,0.69,0.85,1.89,2.32,-4.19,44.42,-20.07,1
e,2022-11-01 17:21:40.416919,-0.06,-0.73,0.69,1.10,1.95,2.38,-4.19,44.42,-20.07,1
e,2022-11-01 17:21:40.417074,-0.06,-0.72,0.69,0.92,1.83,2.38,-4.08,44.57,-19.64,1
e,2022-11-01 17:21:40.417225,-0.06,-0.73,0.68,1.22,1.95,2.26,-4.08,44.57,-19.64,1
e,2022-11-01 17:21:40.417377,-0.06,-0.73,0.69,0.79,2.08,2.44,-4.08,44.57,-19.64,1
e,2022-11-01 17:21:40.417533,-0.06,-0.73,0.69,0.92,2.20,2.44,-4.57,45.07,-19.63,1
e,2022-11-01 17:21:40.417682,-0.06,-0.73,0.69,0.98,1.83,2.44,-4.57,45.07,-19.63,1
e,2022-11-01 17:21:40.417838,-0.06,-0.73,0.69,1.22,2.08,2.50,-4.38,44.79,-19.38,1
e,2022-11-01 17:21:40.417990,-0.06,-0.73,0.69,1.10,2.01,2.50,-4.38,44.79,-19.38,1
e,2022-11-01 17:21:40.418140,-0.06,-0.73,0.69,1.10,2.08,2.38,-4.38,44.79,-19.38,1
e,2022-11-01 17:21:40.418297,-0.06,-0.73,0.69,1.34,1.89,2.50,-4.46,45.28,-20.13,1
e,2022-11-01 17:21:40.418449,-0.06,-0.73,0.69,1.10,2.08,2.44,-4.46,45.28,-20.13,1
e,2022-11-01 17:21:40.418605,-0.06,-0.73,0.69,0.98,2.08,2.44,-4.46,45.28,-20.13,1
e,2022-11-01 17:21:40.418757,-0.06,-0.73,0.69,1.04,1.89,2.38,-4.09,45.13,-19.80,1
e,2022-11-01 17:21:40.418917,-0.06,-0.73,0.69,0.92,1.95,2.38,-4.09,45.13,-19.80,1
e,2022-11-01 17:21:40.419072,-0.06,-0.73,0.69,0.92,1.95,2.32,-4.09,45.13,-19.80,1
e,2022-11-01 17:21:40.419223,-0.06,-0.73,0.69,0.85,1.95,2.44,-4.10,44.73,-19.68,1
e,2022-11-01 17:21:40.419390,-0.06,-0.72,0.69,1.16,1.83,2.50,-4.10,44.73,-19.68,1
e,2022-11-01 17:21:40.419541,-0.06,-0.73,0.69,0.85,2.14,2.32,-4.13,44.51,-18.53,1
e,2022-11-01 17:21:40.419749,-0.06,-0.73,0.69,0.85,1.83,2.08,-4.13,44.51,-18.53,1
e,2022-11-01 17:21:40.419902,-0.06,-0.73,0.69,1.10,2.14,2.50,-4.13,44.51,-18.53,1
e,2022-11-01 17:21:40.420054,-0.06,-0.73,0.69,1.10,2.08,2.38,-4.11,45.46,-19.89,1
e,2022-11-01 17:21:40.420218,-0.06,-0.73,0.69,0.98,1.95,2.44,-4.11,45.46,-19.89,1
e,2022-11-01 17:21:40.420370,-0.06,-0.72,0.69,0.92,1.95,2.44,-4.11,45.46,-19.89,1
e,2022-11-01 17:21:40.420527,-0.06,-0.73,0.68,1.16,2.01,2.32,-3.96,45.25,-19.95,1
e,2022-11-01 17:21:40.420678,-0.06,-0.73,0.69,0.92,1.89,2.56,-3.96,45.25,-19.95,1
e,2022-11-01 17:21:40.420828,-0.06,-0.73,0.69,0.98,2.01,2.38,-3.96,45.25,-19.95,1
e,2022-11-01 17:21:40.420996,-0.06,-0.73,0.69,1.04,1.89,2.44,-4.70,44.87,-18.93,1
e,2022-11-01 17:21:40.421149,-0.06,-0.73,0.69,1.10,2.14,2.50,-4.70,44.87,-18.93,1
e,2022-11-01 17:21:40.421322,-0.06,-0.73,0.69,0.98,2.01,2.38,-4.17,45.07,-18.41,1
e,2022-11-01 17:21:40.421473,-0.06,-0.73,0.69,0.85,1.89,2.20,-4.17,45.07,-18.41,1
e,2022-11-01 17:21:40.421640,-0.06,-0.73,0.69,1.10,2.01,2.32,-4.17,45.07,-18.41,1
e,2022-11-01 17:21:40.421793,-0.06,-0.73,0.69,1.34,1.95,2.38,-4.59,45.14,-18.73,1
e,2022-11-01 17:21:40.421944,-0.06,-0.73,0.69,1.10,2.01,2.44,-4.59,45.14,-18.73,1
e,2022-11-01 17:21:40.422162,-0.06,-0.73,0.69,1.16,2.01,2.44,-4.59,45.14,-18.73,1
e,2022-11-01 17:21:40.422317,-0.06,-0.72,0.69,0.92,2.08,2.50,-4.17,45.09,-19.26,1
e,2022-11-01 17:21:40.422480,-0.06,-0.73,0.69,0.92,1.89,2.20,-4.17,45.09,-19.26,1
e,2022-11-01 17:21:40.422634,-0.06,-0.73,0.69,1.22,2.14,2.56,-4.17,45.09,-19.26,1
e,2022-11-01 17:21:40.422790,-0.06,-0.73,0.69,0.79,1.83,2.32,-4.31,44.90,-19.96,1
e,2022-11-01 17:21:40.422948,-0.06,-0.73,0.69,1.10,1.83,2.50,-4.31,44.90,-19.96,1
e,2022-11-01 17:21:40.423102,-0.06,-0.73,0.69,1.04,2.01,2.50,-4.74,44.97,-19.91,1
e,2022-11-01 17:21:40.423271,-0.06,-0.72,0.69,0.85,1.65,2.14,-4.74,44.97,-19.91,1
e,2022-11-01 17:21:40.423426,-0.06,-0.73,0.69,0.92,1.89,2.32,-4.74,44.97,-19.91,1
e,2022-11-01 17:21:40.423576,-0.06,-0.73,0.69,1.22,1.89,2.32,-3.81,45.59,-19.73,1
e,2022-11-01 17:21:40.423731,-0.06,-0.73,0.69,1.16,1.83,2.32,-3.81,45.59,-19.73,1
e,2022-11-01 17:21:40.423881,-0.06,-0.73,0.69,1.04,2.01,2.38,-3.81,45.59,-19.73,1
e,2022-11-01 17:21:40.424039,-0.06,-0.73,0.69,1.34,1.95,2.56,-4.10,45.50,-19.52,1
e,2022-11-01 17:21:40.424192,-0.06,-0.73,0.69,1.10,2.08,2.50,-4.10,45.50,-19.52,1
e,2022-11-01 17:21:40.424348,-0.06,-0.73,0.69,1.10,1.89,2.56,-4.10,45.50,-19.52,1
e,2022-11-01 17:21:40.424499,-0.06,-0.72,0.69,1.16,1.83,2.38,-4.15,44.67,-19.20,1
e,2022-11-01 17:21:40.424650,-0.06,-0.73,0.69,1.16,1.95,2.44,-4.15,44.67,-19.20,1
e,2022-11-01 17:21:40.424806,-0.06,-0.73,0.69,0.98,2.01,2.26,-3.97,45.19,-19.35,1
e,2022-11-01 17:21:40.424958,-0.06,-0.73,0.69,0.92,2.08,2.26,-3.97,45.19,-19.35,1
e,2022-11-01 17:21:40.425113,-0.06,-0.73,0.69,1.16,2.08,2.44,-3.97,45.19,-19.35,1
e,2022-11-01 17:21:40.425265,-0.06,-0.73,0.69,1.04,2.08,2.38,-4.21,45.13,-20.08,1
e,2022-11-01 17:21:40.425418,-0.06,-0.73,0.69,0.92,1.95,2.44,-4.21,45.13,-20.08,1
e,2022-11-01 17:21:40.425575,-0.06,-0.73,0.69,1.10,2.01,2.32,-4.21,45.13,-20.08,1
e,2022-11-01 17:21:40.425726,-0.06,-0.73,0.69,1.22,1.89,2.32,-3.91,44.91,-20.06,1
e,2022-11-01 17:21:40.425889,-0.06,-0.73,0.69,1.10,1.95,2.50,-3.91,44.91,-20.06,1
e,2022-11-01 17:21:40.426040,-0.06,-0.72,0.69,1.10,2.01,2.44,-3.91,44.91,-20.06,1
e,2022-11-01 17:21:40.426194,-0.06,-0.73,0.69,1.16,1.95,2.44,-3.77,45.24,-19.52,1
e,2022-11-01 17:21:40.426353,-0.06,-0.73,0.69,1.04,2.08,2.50,-3.77,45.24,-19.52,1
e,2022-11-01 17:21:40.426509,-0.06,-0.72,0.69,1.10,2.08,2.50,-4.27,44.75,-20.18,1
e,2022-11-01 17:21:40.426668,-0.06,-0.73,0.69,1.10,1.95,2.56,-4.27,44.75,-20.18,1
e,2022-11-01 17:21:40.426822,-0.06,-0.73,0.69,1.04,2.08,2.32,-4.27,44.75,-20.18,1
e,2022-11-01 17:21:40.426975,-0.06,-0.73,0.69,1.28,2.01,2.56,-4.52,44.65,-20.29,1
e,2022-11-01 17:21:40.427131,-0.06,-0.72,0.69,0.92,1.95,2.32,-4.52,44.65,-20.29,1
e,2022-11-01 17:21:40.427282,-0.06,-0.72,0.69,1.04,1.89,2.38,-4.52,44.65,-20.29,1
e,2022-11-01 17:21:40.427438,-0.06,-0.73,0.69,0.98,1.83,2.32,-4.10,45.23,-19.74,1
e,2022-11-01 17:21:40.427611,-0.06,-0.73,0.69,1.10,2.14,2.44,-4.10,45.23,-19.74,1
e,2022-11-01 17:21:40.427767,-0.06,-0.72,0.69,1.16,2.08,2.50,-4.10,45.23,-19.74,1
e,2022-11-01 17:21:40.427917,-0.06,-0.73,0.69,1.10,1.89,2.56,-4.38,44.84,-19.01,1
e,2022-11-01 17:21:40.428070,-0.06,-0.73,0.69,1.16,1.89,2.38,-4.38,44.84,-19.01,1
e,2022-11-01 17:21:40.428224,-0.06,-0.73,0.69,1.22,1.89,2.38,-4.54,44.43,-19.86,1
e,2022-11-01 17:21:40.428373,-0.06,-0.72,0.69,1.22,1.89,2.38,-4.54,44.43,-19.86,1
e,2022-11-01 17:21:40.428531,-0.06,-0.73,0.69,1.04,1.89,2.32,-4.54,44.43,-19.86,1
e,2022-11-01 17:21:40.428681,-0.06,-0.73,0.69,1.10,1.95,2.44,-4.57,45.39,-19.45,1
e,2022-11-01 17:21:40.428830,-0.06,-0.73,0.69,0.85,1.95,2.56,-4.57,45.39,-19.45,1
e,2022-11-01 17:21:40.428985,-0.06,-0.73,0.69,1.04,2.08,2.62,-4.57,45.39,-19.45,1
e,2022-11-01 17:21:40.429135,-0.06,-0.72,0.69,1.04,1.77,2.32,-4.65,45.13,-19.71,1
e,2022-11-01 17:21:40.429291,-0.06,-0.72,0.69,0.92,2.01,2.32,-4.65,45.13,-19.71,1
e,2022-11-01 17:21:40.429439,-0.06,-0.73,0.69,0.98,1.83,2.56,-4.65,45.13,-19.71,1
e,2022-11-01 17:21:40.429588,-0.06,-0.72,0.69,0.73,1.95,2.38,-4.26,44.57,-19.89,1
e,2022-11-01 17:21:40.429742,-0.06,-0.72,0.69,1.34,2.14,2.56,-4.26,44.57,-19.89,1
e,2022-11-01 17:21:40.429891,-0.06,-0.73,0.69,1.10,2.08,2.56,-4.16,45.52,-19.56,1
e,2022-11-01 17:21:40.430048,-0.06,-0.72,0.69,0.85,1.89,2.26,-4.16,45.52,-19.56,1
e,2022-11-01 17:21:40.430200,-0.06,-0.73,0.69,1.10,2.01,2.44,-4.16,45.52,-19.56,1
e,2022-11-01 17:21:40.430354,-0.06,-0.73,0.69,1.10,1.95,2.56,-4.13,45.31,-19.29,1
e,2022-11-01 17:21:40.430503,-0.06,-0.72,0.69,1.16,2.01,2.44,-4.13,45.31,-19.29,1
e,2022-11-01 17:21:40.430654,-0.06,-0.73,0.69,1.10,2.01,2.26,-4.13,45.31,-19.29,1
e,2022-11-01 17:21:40.430808,-0.06,-0.72,0.69,0.98,1.77,2.32,-3.92,45.14,-20.35,1
e,2022-11-01 17:21:40.430958,-0.06,-0.72,0.69,0.98,1.89,2.50,-3.92,45.14,-20.35,1
e,2022-11-01 17:21:40.431119,-0.06,-0.72,0.69,1.16,2.14,2.50,-3.92,45.14,-20.35,1
e,2022-11-01 17:21:40.431269,-0.06,-0.72,0.69,1.28,2.14,2.26,-3.65,45.06,-18.60,1
e,2022-11-01 17:21:40.431421,-0.06,-0.73,0.69,1.22,2.14,2.50,-3.65,45.06,-18.60,1
e,2022-11-01 17:21:40.431581,-0.06,-0.73,0.69,1.04,2.14,2.38,-4.03,44.92,-18.91,1
e,2022-11-01 17:21:40.431734,-0.06,-0.73,0.69,0.98,2.14,2.50,-4.03,44.92,-18.91,1
e,2022-11-01 17:21:40.431896,-0.06,-0.73,0.69,0.92,1.89,2.44,-4.03,44.92,-18.91,1
e,2022-11-01 17:21:40.432049,-0.06,-0.72,0.69,1.22,1.89,2.32,-4.35,44.64,-20.07,1
e,2022-11-01 17:21:40.432199,-0.06,-0.73,0.69,1.04,1.89,2.38,-4.35,44.64,-20.07,1
e,2022-11-01 17:21:40.432354,-0.06,-0.72,0.69,0.92,1.95,2.38,-4.35,44.64,-20.07,1
e,2022-11-01 17:21:40.432506,-0.06,-0.72,0.69,1.28,1.95,2.50,-4.27,44.82,-19.21,1
e,2022-11-01 17:21:40.432661,-0.06,-0.73,0.69,0.98,2.14,2.32,-4.27,44.82,-19.21,1
e,2022-11-01 17:21:40.432814,-0.06,-0.72,0.69,1.16,2.08,2.38,-4.27,44.82,-19.21,1
e,2022-11-01 17:21:40.432968,-0.06,-0.73,0.69,0.85,2.01,2.26,-3.91,45.14,-20.52,1
e,2022-11-01 17:21:40.433125,-0.06,-0.72,0.69,0.85,2.08,2.44,-3.91,45.14,-20.52,1
e,2022-11-01 17:21:40.433278,-0.06,-0.72,0.69,1.04,2.20,2.50,-4.10,44.64,-19.75,1
e,2022-11-01 17:21:40.433436,-0.06,-0.73,0.69,0.98,1.77,2.26,-4.10,44.64,-19.75,1
e,2022-11-01 17:21:40.433589,-0.06,-0.72,0.69,1.28,1.95,2.26,-4.10,44.64,-19.75,1
e,2022-11-01 17:21:40.433746,-0.06,-0.73,0.69,0.85,2.08,2.56,-3.74,44.96,-19.84,1
e,2022-11-01 17:21:40.433896,-0.06,-0.72,0.69,0.92,2.01,2.44,-3.74,44.96,-19.84,1
e,2022-11-01 17:21:40.434046,-0.06,-0.72,0.69,0.98,2.08,2.50,-3.74,44.96,-19.84,1
e,2022-11-01 17:21:40.434205,-0.06,-0.72,0.69,1.16,1.95,2.56,-4.02,45.00,-20.01,1
e,2022-11-01 17:21:40.434356,-0.06,-0.73,0.69,1.40,1.89,2.50,-4.02,45.00,-20.01,1
e,2022-11-01 17:21:40.434513,-0.06,-0.72,0.69,1.16,2.08,2.50,-4.02,45.00,-20.01,1
e,2022-11-01 17:21:40.434664,-0.06,-0.72,0.69,0.92,2.08,2.32,-4.32,44.97,-18.27,1
e,2022-11-01 17:21:40.434814,-0.06,-0.72,0.69,1.16,2.01,2.62,-4.32,44.97,-18.27,1
e,2022-11-01 17:21:40.434970,-0.06,-0.72,0.69,1.10,1.95,2.32,-4.05,44.32,-19.08,1
e,2022-11-01 17:21:40.435122,-0.06,-0.72,0.69,1.04,1.95,2.50,-4.05,44.32,-19.08,1
e,2022-11-01 17:21:40.435279,-0.06,-0.72,0.69,1.04,1.89,2.38,-4.05,44.32,-19.08,1
e,2022-11-01 17:21:40.435431,-0.06,-0.72,0.69,1.10,1.95,2.44,-3.23,45.13,-18.95,1
e,2022-11-01 17:21:40.435581,-0.06,-0.72,0.69,1.04,2.08,2.50,-3.23,45.13,-18.95,1
e,2022-11-01 17:21:40.435736,-0.06,-0.72,0.69,1.04,2.01,2.32,-3.23,45.13,-18.95,1
e,2022-11-01 17:21:40.435886,-0.06,-0.72,0.69,1.10,1.89,2.44,-4.43,45.30,-19.52,1
e,2022-11-01 17:21:40.436042,-0.06,-0.72,0.69,1.10,2.01,2.62,-4.43,45.30,-19.52,1
e,2022-11-01 17:21:40.436193,-0.06,-0.73,0.69,1.04,1.89,2.50,-4.43,45.30,-19.52,1
e,2022-11-01 17:21:40.436346,-0.06,-0.72,0.69,0.92,1.83,2.32,-4.06,45.13,-19.03,1
e,2022-11-01 17:21:40.436502,-0.06,-0.73,0.69,1.04,2.14,2.38,-4.06,45.13,-19.03,1
e,2022-11-01 17:21:40.436653,-0.06,-0.72,0.69,1.04,1.95,2.38,-4.15,45.20,-18.98,1
e,2022-11-01 17:21:40.436810,-0.06,-0.72,0.69,1.10,1.95,2.50,-4.15,45.20,-18.98,1
e,2022-11-01 17:21:40.436963,-0.06,-0.72,0.69,1.34,2.01,2.38,-4.15,45.20,-18.98,1
e,2022-11-01 17:21:40.437117,-0.06,-0.73,0.69,1.28,2.01,2.50,-3.83,44.89,-19.52,1
e,2022-11-01 17:21:40.437278,-0.06,-0.73,0.69,1.22,2.08,2.32,-3.83,44.89,-19.52,1
e,2022-11-01 17:21:40.437430,-0.06,-0.72,0.69,0.98,1.95,2.32,-3.83,44.89,-19.52,1
e,2022-11-01 17:21:40.437585,-0.06,-0.73,0.69,1.10,1.83,2.32,-3.74,45.14,-19.15,1
e,2022-11-01 17:21:40.437738,-0.06,-0.72,0.69,1.22,2.14,2.44,-3.74,45.14,-19.15,1
e,2022-11-01 17:21:40.437913,-0.06,-0.72,0.69,0.98,1.95,2.38,-3.74,45.14,-19.15,1
e,2022-11-01 17:21:40.438065,-0.06,-0.72,0.69,0.98,1.95,2.38,-4.00,45.19,-18.47,1
e,2022-11-01 17:21:40.438217,-0.06,-0.73,0.69,1.04,2.08,2.50,-4.00,45.19,-18.47,1
e,2022-11-01 17:21:40.438377,-0.06,-0.72,0.69,0.79,2.01,2.50,-4.30,44.96,-17.80,1
e,2022-11-01 17:21:40.438529,-0.06,-0.72,0.69,1.04,1.95,2.38,-4.30,44.96,-17.80,1
e,2022-11-01 17:21:40.438690,-0.06,-0.73,0.69,1.10,1.95,2.56,-4.30,44.96,-17.80,1
e,2022-11-01 17:21:40.438842,-0.06,-0.73,0.69,1.10,1.89,2.38,-4.04,44.69,-19.48,1
e,2022-11-01 17:21:40.438997,-0.06,-0.72,0.69,0.92,1.83,2.44,-4.04,44.69,-19.48,1
e,2022-11-01 17:21:40.439157,-0.06,-0.72,0.69,1.10,1.95,2.56,-4.04,44.69,-19.48,1
e,2022-11-01 17:21:40.439310,-0.06,-0.72,0.69,1.28,1.89,2.50,-3.58,44.64,-19.32,1
e,2022-11-01 17:21:40.439467,-0.06,-0.72,0.69,1.16,1.95,2.44,-3.58,44.64,-19.32,1
e,2022-11-01 17:21:40.439622,-0.06,-0.72,0.69,1.16,1.89,2.38,-3.58,44.64,-19.32,1
e,2022-11-01 17:21:40.439775,-0.06,-0.72,0.69,0.85,2.01,2.38,-4.55,44.98,-18.44,1
e,2022-11-01 17:21:40.439932,-0.06,-0.72,0.69,1.16,1.95,2.56,-4.55,44.98,-18.44,1
e,2022-11-01 17:21:40.440084,-0.06,-0.73,0.69,1.28,1.95,2.44,-4.15,45.25,-18.92,1
e,2022-11-01 17:21:40.440241,-0.06,-0.72,0.69,1.04,1.89,2.32,-4.15,45.25,-18.92,1
e,2022-11-01 17:21:40.440394,-0.06,-0.72,0.69,1.04,1.83,2.44,-4.15,45.25,-18.92,1
e,2022-11-01 17:21:40.440552,-0.06,-0.73,0.69,0.85,2.08,2.44,-4.36,45.06,-20.48,1
e,2022-11-01 17:21:40.440705,-0.06,-0.72,0.69,1.04,1.95,2.69,-4.36,45.06,-20.48,1
e,2022-11-01 17:21:40.440858,-0.06,-0.72,0.69,1.16,2.14,2.56,-4.36,45.06,-20.48,1
e,2022-11-01 17:21:40.441019,-0.06,-0.72,0.69,0.92,2.08,2.50,-4.11,45.12,-19.31,1
e,2022-11-01 17:21:40.441172,-0.06,-0.72,0.69,1.10,2.08,2.50,-4.11,45.12,-19.31,1
e,2022-11-01 17:21:40.441330,-0.06,-0.72,0.69,1.04,2.08,2.50,-4.11,45.12,-19.31,1
e,2022-11-01 17:21:40.441482,-0.06,-0.72,0.69,1.04,2.01,2.44,-4.24,44.69,-19.42,1
e,2022-11-01 17:21:40.441634,-0.06,-0.73,0.69,1.10,1.89,2.44,-4.24,44.69,-19.42,1
e,2022-11-01 17:21:40.441793,-0.06,-0.72,0.69,1.28,1.77,2.44,-4.21,44.79,-19.26,1
e,2022-11-01 17:21:40.441950,-0.06,-0.72,0.69,1.10,2.01,2.38,-4.21,44.79,-19.26,1
e,2022-11-01 17:21:40.442111,-0.06,-0.72,0.69,1.16,2.01,2.56,-4.21,44.79,-19.26,1
e,2022-11-01 17:21:40.442264,-0.06,-0.72,0.69,1.10,2.08,2.38,-4.38,44.80,-19.96,1
e,2022-11-01 17:21:40.442420,-0.06,-0.72,0.69,1.16,2.01,2.56,-4.38,44.80,-19.96,1
e,2022-11-01 17:21:40.442568,-0.06,-0.72,0.69,1.04,1.89,2.56,-4.38,44.80,-19.96,1
e,2022-11-01 17:21:40.442718,-0.06,-0.72,0.69,1.10,2.01,2.44,-4.28,45.14,-19.60,1
e,2022-11-01 17:21:40.442892,-0.06,-0.72,0.69,1.16,2.01,2.50,-4.28,45.14,-19.60,1
e,2022-11-01 17:21:40.443041,-0.06,-0.72,0.69,1.22,1.89,2.56,-4.28,45.14,-19.60,1
e,2022-11-01 17:21:40.443197,-0.06,-0.72,0.69,1.10,2.14,2.32,-4.64,45.06,-18.80,1
e,2022-11-01 17:21:40.443347,-0.06,-0.72,0.69,1.22,1.95,2.38,-4.64,45.06,-18.80,1
e,2022-11-01 17:21:40.443499,-0.06,-0.72,0.69,1.16,2.01,2.32,-3.83,45.24,-19.47,1
e,2022-11-01 17:21:40.443654,-0.06,-0.72,0.69,1.04,2.08,2.50,-3.83,45.24,-19.47,1
e,2022-11-01 17:21:40.443804,-0.06,-0.73,0.69,1.16,2.08,2.44,-3.83,45.24,-19.47,1
e,2022-11-01 17:21:40.443960,-0.06,-0.72,0.69,1.22,1.89,2.50,-4.10,45.25,-19.86,1
e,2022-11-01 17:21:40.444110,-0.06,-0.72,0.69,1.16,2.01,2.38,-4.10,45.25,-19.86,1
e,2022-11-01 17:21:40.444263,-0.06,-0.72,0.69,1.10,1.83,2.50,-4.10,45.25,-19.86,1
e,2022-11-01 17:21:40.444416,-0.06,-0.72,0.69,1.16,2.01,2.50,-3.67,44.81,-20.43,1
e,2022-11-01 17:21:40.444565,-0.06,-0.72,0.69,1.10,1.95,2.44,-3.67,44.81,-20.43,1
e,2022-11-01 17:21:40.444720,-0.06,-0.72,0.69,0.98,2.01,2.44,-3.67,44.81,-20.43,1
e,2022-11-01 17:21:40.444873,-0.06,-0.72,0.69,0.98,1.89,2.32,-4.08,45.01,-19.27,1
e,2022-11-01 17:21:40.445029,-0.06,-0.72,0.69,1.22,1.83,2.56,-4.08,45.01,-19.27,1
e,2022-11-01 17:21:40.445180,-0.06,-0.72,0.69,1.04,2.14,2.62,-4.25,45.04,-19.15,1
e,2022-11-01 17:21:40.445330,-0.06,-0.72,0.69,1.04,1.89,2.26,-4.25,45.04,-19.15,1
e,2022-11-01 17:21:40.445485,-0.06,-0.72,0.69,1.28,1.83,2.50,-4.25,45.04,-19.15,1
e,2022-11-01 17:21:40.445635,-0.06,-0.72,0.69,1.16,1.95,2.32,-4.44,45.37,-19.68,1
e,2022-11-01 17:21:40.445791,-0.06,-0.72,0.69,1.16,2.08,2.50,-4.44,45.37,-19.68,1
e,2022-11-01 17:21:40.445941,-0.06,-0.72,0.69,1.10,2.08,2.56,-4.44,45.37,-19.68,1
e,2022-11-01 17:21:40.446092,-0.06,-0.72,0.69,1.10,1.89,2.38,-4.30,45.01,-21.01,1
e,2022-11-01 17:21:40.446248,-0.06,-0.72,0.69,1.22,2.01,2.56,-4.30,45.01,-21.01,1
e,2022-11-01 17:21:40.446400,-0.06,-0.72,0.69,1.16,2.08,2.50,-4.30,45.01,-21.01,1
e,2022-11-01 17:21:40.446557,-0.06,-0.72,0.69,1.10,2.01,2.38,-4.31,44.82,-18.64,1
e,2022-11-01 17:21:40.446708,-0.06,-0.72,0.69,1.04,2.01,2.50,-4.31,44.82,-18.64,1
e,2022-11-01 17:21:40.446857,-0.06,-0.72,0.69,1.10,1.83,2.69,-3.80,45.31,-18.99,1
e,2022-11-01 17:21:40.447011,-0.06,-0.72,0.69,1.28,2.01,2.56,-3.80,45.31,-18.99,1
e,2022-11-01 17:21:40.447162,-0.06,-0.72,0.69,1.16,2.08,2.44,-3.80,45.31,-18.99,1
e,2022-11-01 17:21:40.447322,-0.06,-0.72,0.69,1.04,2.01,2.50,-3.50,45.36,-18.98,1
e,2022-11-01 17:21:40.447478,-0.06,-0.72,0.69,1.28,1.89,2.50,-3.50,45.36,-18.98,1
e,2022-11-01 17:21:40.447638,-0.06,-0.72,0.69,1.16,2.01,2.50,-3.50,45.36,-18.98,1
e,2022-11-01 17:21:40.447793,-0.06,-0.72,0.69,1.10,1.89,2.32,-3.55,44.60,-18.97,1
e,2022-11-01 17:21:40.447947,-0.06,-0.72,0.69,1.10,1.89,2.81,-3.55,44.60,-18.97,1
e,2022-11-01 17:21:40.448107,-0.06,-0.72,0.69,1.16,1.83,2.26,-3.55,44.60,-18.97,1
e,2022-11-01 17:21:40.448262,-0.06,-0.72,0.69,0.92,1.95,2.14,-4.19,44.92,-19.30,1
e,2022-11-01 17:21:40.448425,-0.06,-0.72,0.69,1.04,2.01,2.32,-4.19,44.92,-19.30,1
e,2022-11-01 17:21:40.448587,-0.06,-0.72,0.69,1.10,1.89,2.44,-4.11,44.56,-19.74,1
e,2022-11-01 17:21:40.448742,-0.06,-0.72,0.69,1.10,2.08,2.50,-4.11,44.56,-19.74,1
e,2022-11-01 17:21:40.448902,-0.06,-0.72,0.69,1.28,1.95,2.62,-4.11,44.56,-19.74,1
e,2022-11-01 17:21:40.449058,-0.06,-0.72,0.69,1.10,1.95,2.50,-4.11,44.75,-19.74,1
e,2022-11-01 17:21:40.449211,-0.06,-0.72,0.69,1.04,2.01,2.38,-4.11,44.75,-19.74,1
e,2022-11-01 17:21:40.449361,-0.06,-0.72,0.69,0.98,2.08,2.32,-4.11,44.75,-19.74,1
e,2022-11-01 17:21:40.449513,-0.06,-0.73,0.69,1.04,1.71,2.32,-4.11,44.54,-20.03,1
e,2022-11-01 17:21:40.449670,-0.06,-0.72,0.69,1.22,2.20,2.44,-4.11,44.54,-20.03,1
e,2022-11-01 17:21:40.449822,-0.06,-0.72,0.69,0.92,1.83,2.38,-4.11,44.54,-20.03,1
e,2022-11-01 17:21:40.449975,-0.06,-0.72,0.69,1.04,1.83,2.44,-4.13,44.85,-20.15,1
e,2022-11-01 17:21:40.450125,-0.06,-0.72,0.69,1.28,1.83,2.38,-4.13,44.85,-20.15,1
e,2022-11-01 17:21:40.450279,-0.06,-0.72,0.69,1.28,1.89,2.38,-3.89,44.80,-19.20,1
e,2022-11-01 17:21:40.450428,-0.06,-0.72,0.69,0.98,2.01,2.44,-3.89,44.80,-19.20,1
e,2022-11-01 17:21:40.450578,-0.06,-0.72,0.69,1.28,1.89,2.38,-3.89,44.80,-19.20,1
e,2022-11-01 17:21:40.450733,-0.06,-0.73,0.69,1.10,1.83,2.38,-3.86,44.69,-19.51,1
e,2022-11-01 17:21:40.450883,-0.06,-0.72,0.69,1.04,1.95,2.32,-3.86,44.69,-19.51,1
e,2022-11-01 17:21:40.451037,-0.06,-0.72,0.69,1.16,1.95,2.44,-3.86,44.69,-19.51,1
e,2022-11-01 17:21:40.451186,-0.06,-0.72,0.69,0.85,2.01,2.32,-4.37,44.37,-20.26,1
e,2022-11-01 17:21:40.451337,-0.06,-0.72,0.69,1.04,1.95,2.50,-4.37,44.37,-20.26,1
e,2022-11-01 17:21:40.451490,-0.06,-0.72,0.69,1.16,1.95,2.50,-4.37,44.37,-20.26,1
e,2022-11-01 17:21:40.451640,-0.06,-0.72,0.69,0.92,1.83,2.26,-4.02,44.80,-19.01,1
e,2022-11-01 17:21:40.451796,-0.06,-0.72,0.69,1.04,1.83,2.32,-4.02,44.80,-19.01,1
e,2022-11-01 17:21:40.451947,-0.06,-0.73,0.69,0.98,1.77,2.38,-3.80,45.03,-18.32,1
e,2022-11-01 17:21:40.452104,-0.06,-0.72,0.69,1.04,1.95,2.32,-3.80,45.03,-18.32,1
e,2022-11-01 17:21:40.452254,-0.06,-0.72,0.69,1.10,1.89,2.38,-3.80,45.03,-18.32,1
e,2022-11-01 17:21:40.452406,-0.06,-0.72,0.69,1.22,1.89,2.62,-3.99,44.48,-20.14,1
e,2022-11-01 17:21:40.452563,-0.06,-0.72,0.69,1.40,1.89,2.62,-3.99,44.48,-20.14,1
e,2022-11-01 17:21:40.452713,-0.06,-0.72,0.69,1.10,1.83,2.56,-3.99,44.48,-20.14,1
e,2022-11-01 17:21:40.452868,-0.06,-0.72,0.69,1.04,1.83,2.44,-4.21,44.78,-19.42,1
e,2022-11-01 17:21:40.453018,-0.06,-0.72,0.69,1.04,1.95,2.56,-4.21,44.78,-19.42,1
e,2022-11-01 17:21:40.453168,-0.06,-0.72,0.69,1.04,1.95,2.50,-4.21,44.78,-19.42,1
e,2022-11-01 17:21:40.453322,-0.06,-0.72,0.69,1.16,2.01,2.44,-3.92,44.96,-18.14,1
e,2022-11-01 17:21:40.453470,-0.06,-0.72,0.69,1.28,1.95,2.62,-3.92,44.96,-18.14,1
e,2022-11-01 17:21:40.453625,-0.06,-0.72,0.69,1.16,1.95,2.20,-3.93,45.04,-19.04,1
e,2022-11-01 17:21:40.453774,-0.06,-0.72,0.69,1.10,2.01,2.50,-3.93,45.04,-19.04,1
e,2022-11-01 17:21:40.453924,-0.06,-0.72,0.69,1.10,1.83,2.32,-3.93,45.04,-19.04,1
e,2022-11-01 17:21:40.454079,-0.06,-0.72,0.69,1.04,1.95,2.44,-3.52,44.38,-19.46,1
e,2022-11-01 17:21:40.454228,-0.06,-0.72,0.69,1.16,1.77,2.50,-3.52,44.38,-19.46,1
e,2022-11-01 17:21:40.454386,-0.06,-0.72,0.69,1.10,1.95,2.56,-3.52,44.38,-19.46,1
e,2022-11-01 17:21:40.454537,-0.06,-0.72,0.69,1.10,1.83,2.32,-4.32,44.98,-19.10,1
e,2022-11-01 17:21:40.454692,-0.06,-0.72,0.69,0.98,2.01,2.62,-4.32,44.98,-19.10,1
e,2022-11-01 17:21:40.454844,-0.06,-0.72,0.69,1.34,1.83,2.38,-4.32,44.98,-19.10,1
e,2022-11-01 17:21:40.454997,-0.06,-0.72,0.69,1.10,1.95,2.44,-3.99,44.65,-18.59,1
e,2022-11-01 17:21:40.455156,-0.06,-0.72,0.69,1.04,2.01,2.32,-3.99,44.65,-18.59,1
e,2022-11-01 17:21:40.455308,-0.06,-0.72,0.69,1.28,2.08,2.44,-3.97,44.78,-19.12,1
e,2022-11-01 17:21:40.455497,-0.06,-0.72,0.69,0.85,1.95,2.32,-3.97,44.78,-19.12,1
e,2022-11-01 17:21:40.455652,-0.06,-0.72,0.69,1.28,1.95,2.56,-3.97,44.78,-19.12,1
e,2022-11-01 17:21:40.455806,-0.06,-0.72,0.69,1.16,1.89,2.44,-4.47,44.87,-18.80,1
e,2022-11-01 17:21:40.455973,-0.06,-0.72,0.69,0.98,1.89,2.50,-4.47,44.87,-18.80,1
e,2022-11-01 17:21:40.456125,-0.06,-0.72,0.69,1.04,1.95,2.50,-4.47,44.87,-18.80,1
e,2022-11-01 17:21:40.456285,-0.06,-0.72,0.69,1.10,1.83,2.44,-4.08,45.17,-19.49,1
e,2022-11-01 17:21:40.456438,-0.06,-0.72,0.69,1.10,1.89,2.32,-4.08,45.17,-19.49,1
e,2022-11-01 17:21:40.456589,-0.06,-0.72,0.69,1.16,1.95,2.50,-4.08,45.17,-19.49,1
e,2022-11-01 17:21:40.456746,-0.06,-0.72,0.69,1.04,1.89,2.32,-4.06,44.58,-20.19,1
e,2022-11-01 17:21:40.456899,-0.06,-0.72,0.69,1.10,1.83,2.44,-4.06,44.58,-20.19,1
e,2022-11-01 17:21:40.457110,-0.06,-0.72,0.69,1.10,1.95,2.26,-4.11,45.07,-19.27,1
e,2022-11-01 17:21:40.457268,-0.06,-0.72,0.69,0.98,2.08,2.44,-4.11,45.07,-19.27,1
e,2022-11-01 17:21:40.457425,-0.06,-0.72,0.69,1.22,2.14,2.56,-4.11,45.07,-19.27,1
e,2022-11-01 17:21:40.457579,-0.06,-0.72,0.69,1.10,2.01,2.44,-4.20,45.25,-19.36,1
e,2022-11-01 17:21:40.457732,-0.06,-0.72,0.69,1.22,1.95,2.50,-4.20,45.25,-19.36,1
e,2022-11-01 17:21:40.457890,-0.06,-0.72,0.69,1.28,1.95,2.50,-4.20,45.25,-19.36,1
e,2022-11-01 17:21:40.458063,-0.06,-0.72,0.69,1.28,1.89,2.38,-4.21,45.23,-19.80,1
e,2022-11-01 17:21:40.458227,-0.06,-0.72,0.69,1.22,1.89,2.62,-4.21,45.23,-19.80,1
e,2022-11-01 17:21:40.458380,-0.06,-0.72,0.69,1.04,2.14,2.56,-4.21,45.23,-19.80,1
e,2022-11-01 17:21:40.458533,-0.06,-0.72,0.69,1.10,1.95,2.56,-3.94,45.42,-19.54,1
e,2022-11-01 17:21:40.458691,-0.06,-0.72,0.69,1.16,2.01,2.50,-3.94,45.42,-19.54,1
e,2022-11-01 17:21:40.458841,-0.06,-0.72,0.69,0.92,2.08,2.50,-4.42,44.97,-19.84,1
e,2022-11-01 17:21:40.458999,-0.06,-0.72,0.69,1.10,1.95,2.62,-4.42,44.97,-19.84,1
e,2022-11-01 17:21:40.459151,-0.06,-0.72,0.69,1.04,1.83,2.50,-4.42,44.97,-19.84,1
e,2022-11-01 17:21:40.459310,-0.06,-0.72,0.69,1.16,1.83,2.38,-4.10,44.73,-20.37,1
e,2022-11-01 17:21:40.459465,-0.06,-0.72,0.69,1.16,2.01,2.44,-4.10,44.73,-20.37,1
e,2022-11-01 17:21:40.459621,-0.06,-0.72,0.69,1.16,2.08,2.56,-4.10,44.73,-20.37,1
e,2022-11-01 17:21:40.459789,-0.06,-0.72,0.69,1.28,1.95,2.62,-4.08,44.98,-19.65,1
e,2022-11-01 17:21:40.459940,-0.06,-0.72,0.69,1.10,2.08,2.50,-4.08,44.98,-19.65,1
e,2022-11-01 17:21:40.460096,-0.06,-0.72,0.69,1.16,2.08,2.50,-4.08,44.98,-19.65,1
e,2022-11-01 17:21:40.460245,-0.06,-0.72,0.69,1.16,1.95,2.50,-4.53,44.89,-18.80,1
e,2022-11-01 17:21:40.460395,-0.06,-0.72,0.69,0.92,2.01,2.44,-4.53,44.89,-18.80,1
e,2022-11-01 17:21:40.460556,-0.06,-0.72,0.69,1.04,1.95,2.44,-4.08,44.95,-19.91,1
e,2022-11-01 17:21:40.460707,-0.06,-0.72,0.69,1.10,2.08,2.38,-4.08,44.95,-19.91,1
e,2022-11-01 17:21:40.460862,-0.06,-0.72,0.69,1.04,2.01,2.44,-4.08,44.95,-19.91,1
e,2022-11-01 17:21:40.461014,-0.06,-0.72,0.69,1.22,1.89,2.38,-4.03,45.00,-19.54,1
e,2022-11-01 17:21:40.461164,-0.06,-0.72,0.69,0.92,2.08,2.44,-4.03,45.00,-19.54,1
e,2022-11-01 17:21:40.461319,-0.06,-0.72,0.69,1.10,2.01,2.32,-4.03,45.00,-19.54,1
e,2022-11-01 17:21:40.461468,-0.06,-0.72,0.69,0.85,1.95,2.20,-4.41,44.92,-18.90,1
e,2022-11-01 17:21:40.461626,-0.06,-0.72,0.69,1.22,2.01,2.44,-4.41,44.92,-18.90,1
e,2022-11-01 17:21:40.461777,-0.06,-0.72,0.69,1.28,1.89,2.56,-4.41,44.92,-18.90,1
e,2022-11-01 17:21:40.461935,-0.06,-0.72,0.69,1.16,1.83,2.32,-4.37,44.97,-19.98,1
e,2022-11-01 17:21:40.462090,-0.06,-0.72,0.69,1.04,1.95,2.38,-4.37,44.97,-19.98,1
e,2022-11-01 17:21:40.462241,-0.06,-0.72,0.69,1.22,2.01,2.56,-4.00,45.08,-20.07,1
e,2022-11-01 17:21:40.462396,-0.06,-0.72,0.69,1.04,2.08,2.38,-4.00,45.08,-20.07,1
e,2022-11-01 17:21:40.462544,-0.06,-0.72,0.69,1.10,1.89,2.38,-4.00,45.08,-20.07,1
e,2022-11-01 17:21:40.462698,-0.06,-0.72,0.69,1.10,1.77,2.44,-4.03,44.97,-20.06,1
e,2022-11-01 17:21:40.462846,-0.06,-0.72,0.69,1.16,1.95,2.44,-4.03,44.97,-20.06,1
e,2022-11-01 17:21:40.462997,-0.06,-0.72,0.69,0.98,1.95,2.44,-4.03,44.97,-20.06,1
e,2022-11-01 17:21:40.463155,-0.06,-0.72,0.69,0.85,1.89,2.38,-4.17,44.78,-19.24,1
e,2022-11-01 17:21:40.463305,-0.06,-0.72,0.69,1.04,1.89,2.44,-4.17,44.78,-19.24,1
e,2022-11-01 17:21:40.463462,-0.06,-0.72,0.69,0.98,2.01,2.44,-4.17,44.78,-19.24,1
e,2022-11-01 17:21:40.463612,-0.06,-0.72,0.69,0.98,1.89,2.32,-4.52,45.17,-19.74,1
e,2022-11-01 17:21:40.463763,-0.06,-0.72,0.69,0.98,2.01,2.32,-4.52,45.17,-19.74,1
e,2022-11-01 17:21:40.463919,-0.06,-0.72,0.69,1.10,1.89,2.44,-4.19,45.08,-19.58,1
e,2022-11-01 17:21:40.464071,-0.06,-0.72,0.69,1.16,1.95,2.50,-4.19,45.08,-19.58,1
e,2022-11-01 17:21:40.464227,-0.06,-0.72,0.69,1.22,1.95,2.44,-4.19,45.08,-19.58,1
e,2022-11-01 17:21:40.464376,-0.06,-0.73,0.69,1.28,2.01,2.56,-4.49,44.90,-19.79,1
e,2022-11-01 17:21:40.464528,-0.06,-0.72,0.69,1.04,2.08,2.75,-4.49,44.90,-19.79,1
e,2022-11-01 17:21:40.464684,-0.06,-0.72,0.69,1.16,2.01,2.38,-4.49,44.90,-19.79,1
e,2022-11-01 17:21:40.464835,-0.06,-0.72,0.69,0.92,1.95,2.38,-4.39,45.08,-19.56,1
e,2022-11-01 17:21:40.464991,-0.06,-0.72,0.69,1.10,2.01,2.50,-4.39,45.08,-19.56,1
e,2022-11-01 17:21:40.465141,-0.06,-0.72,0.69,1.10,1.95,2.44,-4.39,45.08,-19.56,1
e,2022-11-01 17:21:40.465293,-0.06,-0.72,0.69,0.92,2.01,2.50,-3.76,45.17,-20.23,1
e,2022-11-01 17:21:40.465445,-0.06,-0.72,0.69,1.04,2.01,2.38,-3.76,45.17,-20.23,1
e,2022-11-01 17:21:40.465597,-0.06,-0.72,0.69,1.16,1.95,2.44,-4.35,44.78,-20.73,1
e,2022-11-01 17:21:40.465754,-0.06,-0.72,0.69,1.10,1.95,2.44,-4.35,44.78,-20.73,1
e,2022-11-01 17:21:40.465904,-0.06,-0.72,0.69,1.10,2.08,2.50,-4.35,44.78,-20.73,1
e,2022-11-01 17:21:40.466059,-0.06,-0.72,0.69,1.16,2.01,2.44,-4.65,45.23,-19.90,1
e,2022-11-01 17:21:40.466207,-0.06,-0.72,0.69,1.10,2.01,2.62,-4.65,45.23,-19.90,1
e,2022-11-01 17:21:40.466358,-0.06,-0.72,0.69,1.22,1.89,2.50,-4.65,45.23,-19.90,1
e,2022-11-01 17:21:40.466513,-0.06,-0.72,0.69,0.85,2.01,2.26,-4.36,44.97,-19.43,1
e,2022-11-01 17:21:40.466663,-0.06,-0.72,0.69,0.92,2.01,2.44,-4.36,44.97,-19.43,1
e,2022-11-01 17:21:40.466819,-0.06,-0.72,0.69,1.16,1.95,2.56,-4.36,44.97,-19.43,1
e,2022-11-01 17:21:40.466970,-0.06,-0.72,0.69,0.98,1.71,2.50,-3.80,45.04,-21.03,1
e,2022-11-01 17:21:40.467121,-0.06,-0.72,0.69,0.92,2.01,2.32,-3.80,45.04,-21.03,1
e,2022-11-01 17:21:40.467278,-0.06,-0.72,0.69,1.28,2.01,2.44,-3.72,44.47,-19.43,1
e,2022-11-01 17:21:40.467427,-0.06,-0.72,0.69,0.98,1.83,2.20,-3.72,44.47,-19.43,1
e,2022-11-01 17:21:40.467582,-0.06,-0.72,0.69,1.10,2.01,2.32,-3.72,44.47,-19.43,1
e,2022-11-01 17:21:40.467734,-0.06,-0.72,0.69,1.10,1.89,2.50,-4.60,45.23,-19.13,1
e,2022-11-01 17:21:40.467887,-0.06,-0.72,0.69,1.04,1.95,2.50,-4.60,45.23,-19.13,1
e,2022-11-01 17:21:40.468040,-0.06,-0.72,0.69,0.92,2.08,2.62,-4.60,45.23,-19.13,1
e,2022-11-01 17:21:40.468190,-0.06,-0.72,0.69,1.04,2.08,2.38,-4.37,44.64,-19.92,1
e,2022-11-01 17:21:40.468348,-0.06,-0.72,0.69,1.04,2.01,2.32,-4.37,44.64,-19.92,1
e,2022-11-01 17:21:40.468499,-0.06,-0.72,0.69,1.16,2.01,2.50,-4.37,44.64,-19.92,1
e,2022-11-01 17:21:40.468658,-0.06,-0.72,0.69,1.16,2.01,2.50,-4.42,44.80,-19.21,1
e,2022-11-01 17:21:40.468809,-0.06,-0.72,0.69,1.04,1.89,2.56,-4.42,44.80,-19.21,1
e,2022-11-01 17:21:40.468960,-0.06,-0.72,0.69,1.16,1.95,2.56,-4.21,44.30,-18.93,1
e,2022-11-01 17:21:40.469114,-0.06,-0.72,0.69,1.16,1.95,2.50,-4.21,44.30,-18.93,1
e,2022-11-01 17:21:40.469263,-0.06,-0.72,0.69,1.10,1.95,2.26,-4.21,44.30,-18.93,1
e,2022-11-01 17:21:40.469419,-0.06,-0.72,0.69,1.10,1.95,2.38,-4.64,44.89,-18.79,1
e,2022-11-01 17:21:40.469570,-0.06,-0.72,0.69,0.98,2.14,2.50,-4.64,44.89,-18.79,1
e,2022-11-01 17:21:40.469719,-0.06,-0.72,0.69,1.16,1.89,2.50,-4.64,44.89,-18.79,1
e,2022-11-01 17:21:40.469875,-0.06,-0.72,0.69,1.04,1.95,2.44,-4.08,45.07,-18.44,1
e,2022-11-01 17:21:40.470025,-0.06,-0.72,0.69,1.22,1.83,2.26,-4.08,45.07,-18.44,1
e,2022-11-01 17:21:40.470180,-0.06,-0.72,0.69,0.85,1.89,2.32,-4.08,45.07,-18.44,1
e,2022-11-01 17:21:40.470331,-0.06,-0.72,0.69,0.92,1.95,2.38,-4.48,44.73,-19.53,1
e,2022-11-01 17:21:40.470480,-0.06,-0.72,0.69,0.98,1.95,2.38,-4.48,44.73,-19.53,1
e,2022-11-01 17:21:40.470636,-0.06,-0.72,0.69,0.98,2.08,2.38,-4.59,44.42,-19.02,1
e,2022-11-01 17:21:40.470786,-0.06,-0.72,0.69,1.10,1.89,2.56,-4.59,44.42,-19.02,1
e,2022-11-01 17:21:40.470944,-0.06,-0.72,0.69,1.22,1.89,2.50,-4.59,44.42,-19.02,1
e,2022-11-01 17:21:40.471096,-0.06,-0.72,0.69,1.16,1.95,2.50,-3.96,43.68,-19.24,1
e,2022-11-01 17:21:40.471251,-0.06,-0.72,0.69,0.98,1.95,2.32,-3.96,43.68,-19.24,1
e,2022-11-01 17:21:40.471402,-0.06,-0.72,0.69,1.28,2.08,2.38,-3.96,43.68,-19.24,1
e,2022-11-01 17:21:40.471554,-0.06,-0.72,0.69,0.92,2.01,2.44,-3.82,44.84,-19.70,1
e,2022-11-01 17:21:40.471710,-0.06,-0.72,0.69,0.98,1.95,2.32,-3.82,44.84,-19.70,1
e,2022-11-01 17:21:40.471861,-0.06,-0.72,0.69,0.79,2.14,2.26,-3.82,44.84,-19.70,1
e,2022-11-01 17:21:40.472016,-0.06,-0.72,0.69,0.92,1.77,2.20,-3.87,44.36,-19.87,1
e,2022-11-01 17:21:40.472170,-0.06,-0.72,0.69,0.98,1.89,2.38,-3.87,44.36,-19.87,1
e,2022-11-01 17:21:40.472320,-0.06,-0.72,0.69,1.22,1.95,2.38,-4.38,44.29,-20.07,1
e,2022-11-01 17:21:40.472474,-0.06,-0.72,0.69,1.04,2.01,2.32,-4.38,44.29,-20.07,1
e,2022-11-01 17:21:40.472625,-0.06,-0.72,0.69,1.04,1.89,2.44,-4.38,44.29,-20.07,1
e,2022-11-01 17:21:40.472784,-0.06,-0.72,0.69,1.04,1.95,2.44,-4.20,44.92,-19.47,1
e,2022-11-01 17:21:40.472937,-0.06,-0.72,0.69,1.16,1.95,2.26,-4.20,44.92,-19.47,1
e,2022-11-01 17:21:40.473090,-0.06,-0.72,0.69,1.10,2.01,2.38,-4.20,44.92,-19.47,1
e,2022-11-01 17:21:40.473265,-0.06,-0.72,0.69,1.10,1.95,2.44,-4.59,45.00,-19.37,1
e,2022-11-01 17:21:40.473416,-0.06,-0.72,0.69,0.98,1.95,2.50,-4.59,45.00,-19.37,1
e,2022-11-01 17:21:40.473571,-0.06,-0.72,0.69,1.10,2.01,2.56,-4.25,45.07,-18.98,1
e,2022-11-01 17:21:40.473721,-0.06,-0.72,0.69,1.04,2.01,2.44,-4.25,45.07,-18.98,1
e,2022-11-01 17:21:40.473871,-0.06,-0.72,0.69,1.10,1.83,2.50,-4.25,45.07,-18.98,1
e,2022-11-01 17:21:40.474029,-0.06,-0.72,0.69,1.10,1.83,2.50,-4.49,45.10,-19.57,1
e,2022-11-01 17:21:40.474182,-0.06,-0.72,0.69,1.16,2.08,2.32,-4.49,45.10,-19.57,1
e,2022-11-01 17:21:40.474358,-0.06,-0.72,0.69,1.10,1.89,2.56,-4.49,45.10,-19.57,1
e,2022-11-01 17:21:40.474510,-0.06,-0.72,0.69,1.04,1.95,2.44,-3.89,44.90,-19.40,1
e,2022-11-01 17:21:40.474666,-0.06,-0.72,0.69,1.04,2.08,2.44,-3.89,44.90,-19.40,1
e,2022-11-01 17:21:40.474876,-0.06,-0.72,0.69,1.22,2.01,2.50,-3.89,44.90,-19.40,1
e,2022-11-01 17:21:40.475031,-0.06,-0.72,0.69,0.92,1.89,2.38,-4.54,44.41,-19.74,1
e,2022-11-01 17:21:40.475241,-0.06,-0.72,0.69,1.16,2.01,2.32,-4.54,44.41,-19.74,1
e,2022-11-01 17:21:40.475393,-0.06,-0.72,0.69,1.22,1.95,2.56,-4.39,44.74,-19.51,1
e,2022-11-01 17:21:40.475549,-0.06,-0.72,0.69,0.98,1.95,2.56,-4.39,44.74,-19.51,1
e,2022-11-01 17:21:40.475709,-0.06,-0.72,0.69,1.28,2.01,2.56,-4.39,44.74,-19.51,1
e,2022-11-01 17:21:40.475861,-0.06,-0.72,0.69,1.10,1.89,2.44,-3.96,44.74,-20.53,1
e,2022-11-01 17:21:40.476017,-0.06,-0.72,0.69,0.92,2.01,2.32,-3.96,44.74,-20.53,1
e,2022-11-01 17:21:40.476168,-0.06,-0.72,0.69,1.16,1.89,2.44,-3.96,44.74,-20.53,1
e,2022-11-01 17:21:40.476393,-0.06,-0.72,0.69,1.16,2.08,2.50,-4.20,44.17,-19.38,1
e,2022-11-01 17:21:40.476547,-0.06,-0.72,0.69,1.04,2.08,2.56,-4.20,44.17,-19.38,1
e,2022-11-01 17:21:40.476702,-0.06,-0.72,0.69,0.98,1.95,2.56,-4.20,44.17,-19.38,1
e,2022-11-01 17:21:40.476860,-0.06,-0.72,0.69,1.04,1.77,2.26,-4.08,44.12,-18.02,1
e,2022-11-01 17:21:40.477014,-0.06,-0.72,0.69,1.16,1.89,2.56,-4.08,44.12,-18.02,1
e,2022-11-01 17:21:40.477171,-0.06,-0.72,0.69,0.85,1.95,2.38,-3.81,44.79,-18.91,1
e,2022-11-01 17:21:40.477323,-0.06,-0.72,0.69,1.34,1.95,2.56,-3.81,44.79,-18.91,1
e,2022-11-01 17:21:40.477474,-0.06,-0.72,0.69,1.28,1.83,2.62,-3.81,44.79,-18.91,1
e,2022-11-01 17:21:40.477647,-0.06,-0.72,0.69,1.04,1.83,2.44,-3.97,44.07,-19.10,1
e,2022-11-01 17:21:40.477800,-0.06,-0.72,0.69,0.92,2.01,2.44,-3.97,44.07,-19.10,1
e,2022-11-01 17:21:40.477961,-0.06,-0.72,0.69,1.40,1.89,2.50,-3.97,44.07,-19.10,1
e,2022-11-01 17:21:40.478114,-0.06,-0.72,0.69,0.92,2.01,2.26,-4.19,44.65,-19.47,1
e,2022-11-01 17:21:40.478267,-0.06,-0.72,0.69,1.04,1.77,2.56,-4.19,44.65,-19.47,1
e,2022-11-01 17:21:40.478426,-0.06,-0.72,0.69,1.04,2.01,2.50,-4.19,44.65,-19.47,1
e,2022-11-01 17:21:40.478578,-0.06,-0.72,0.69,1.10,1.89,2.32,-4.22,44.52,-18.92,1
e,2022-11-01 17:21:40.478735,-0.06,-0.72,0.69,1.22,1.89,2.44,-4.22,44.52,-18.92,1
e,2022-11-01 17:21:40.478885,-0.06,-0.72,0.69,1.10,1.95,2.56,-4.20,44.52,-19.58,1
e,2022-11-01 17:21:40.479034,-0.06,-0.72,0.69,1.34,2.01,2.50,-4.20,44.52,-19.58,1
e,2022-11-01 17:21:40.479187,-0.06,-0.72,0.69,0.98,1.95,2.38,-4.20,44.52,-19.58,1
e,2022-11-01 17:21:40.479338,-0.06,-0.72,0.69,1.16,1.77,2.38,-4.50,44.82,-18.76,1
e,2022-11-01 17:21:40.479491,-0.06,-0.72,0.69,1.10,2.01,2.44,-4.50,44.82,-18.76,1
e,2022-11-01 17:21:40.479644,-0.06,-0.72,0.69,1.28,2.01,2.38,-4.50,44.82,-18.76,1
e,2022-11-01 17:21:40.479798,-0.06,-0.72,0.69,0.92,1.89,2.38,-4.19,45.14,-18.91,1
e,2022-11-01 17:21:40.479949,-0.06,-0.72,0.69,1.34,1.95,2.44,-4.19,45.14,-18.91,1
e,2022-11-01 17:21:40.480100,-0.06,-0.72,0.69,1.10,2.01,2.44,-4.19,45.14,-18.91,1
e,2022-11-01 17:21:40.480256,-0.06,-0.72,0.69,1.10,1.89,2.32,-4.48,44.56,-20.35,1
e,2022-11-01 17:21:40.480406,-0.06,-0.72,0.69,1.10,1.89,2.50,-4.48,44.56,-20.35,1
e,2022-11-01 17:21:40.480564,-0.06,-0.72,0.69,0.92,2.01,2.38,-4.50,44.85,-19.48,1
e,2022-11-01 17:21:40.480717,-0.06,-0.72,0.69,1.04,1.77,2.32,-4.50,44.85,-19.48,1
e,2022-11-01 17:21:40.480866,-0.06,-0.72,0.69,1.22,1.83,2.69,-4.50,44.85,-19.48,1
e,2022-11-01 17:21:40.481020,-0.06,-0.72,0.69,1.34,1.89,2.50,-4.27,44.97,-19.42,1
e,2022-11-01 17:21:40.481170,-0.06,-0.72,0.69,1.04,1.95,2.44,-4.27,44.97,-19.42,1
e,2022-11-01 17:21:40.481326,-0.06,-0.72,0.69,0.98,2.01,2.44,-4.27,44.97,-19.42,1
e,2022-11-01 17:21:40.481477,-0.06,-0.72,0.69,0.98,1.83,2.44,-4.71,44.78,-20.61,1
e,2022-11-01 17:21:40.481631,-0.06,-0.72,0.69,1.16,1.95,2.44,-4.71,44.78,-20.61,1
e,2022-11-01 17:21:40.481781,-0.06,-0.72,0.69,1.10,1.77,2.38,-4.71,44.78,-20.61,1
e,2022-11-01 17:21:40.481930,-0.06,-0.72,0.69,0.98,1.89,2.50,-4.28,44.80,-19.97,1
e,2022-11-01 17:21:40.482086,-0.06,-0.72,0.69,1.16,1.71,2.44,-4.28,44.80,-19.97,1
e,2022-11-01 17:21:40.482239,-0.06,-0.72,0.69,0.98,1.89,2.32,-3.87,45.46,-20.39,1
e,2022-11-01 17:21:40.482396,-0.06,-0.72,0.69,0.92,2.01,2.26,-3.87,45.46,-20.39,1
e,2022-11-01 17:21:40.482548,-0.06,-0.72,0.69,0.98,2.01,2.44,-3.87,45.46,-20.39,1
e,2022-11-01 17:21:40.482700,-0.06,-0.72,0.69,1.04,1.89,2.44,-3.97,45.14,-19.52,1
e,2022-11-01 17:21:40.482859,-0.06,-0.72,0.69,0.98,2.01,2.44,-3.97,45.14,-19.52,1
e,2022-11-01 17:21:40.483011,-0.06,-0.72,0.69,1.34,1.95,2.32,-3.97,45.14,-19.52,1
e,2022-11-01 17:21:40.483167,-0.06,-0.72,0.69,1.10,1.89,2.50,-4.20,45.35,-20.28,1
e,2022-11-01 17:21:40.483319,-0.06,-0.72,0.69,1.04,2.08,2.38,-4.20,45.35,-20.28,1
e,2022-11-01 17:21:40.483470,-0.06,-0.72,0.69,0.98,1.95,2.50,-4.20,45.35,-20.28,1
e,2022-11-01 17:21:40.483627,-0.06,-0.72,0.69,1.22,1.83,2.26,-3.16,45.00,-19.64,1
e,2022-11-01 17:21:40.483779,-0.06,-0.72,0.69,1.10,1.95,2.56,-3.16,45.00,-19.64,1
e,2022-11-01 17:21:40.483936,-0.06,-0.72,0.69,1.10,2.01,2.44,-4.05,44.43,-20.61,1
e,2022-11-01 17:21:40.484087,-0.06,-0.72,0.69,0.79,2.01,2.44,-4.05,44.43,-20.61,1
e,2022-11-01 17:21:40.484241,-0.06,-0.72,0.69,1.04,2.01,2.44,-4.05,44.43,-20.61,1
e,2022-11-01 17:21:40.484393,-0.06,-0.72,0.69,1.22,1.89,2.62,-4.33,44.74,-18.48,1
e,2022-11-01 17:21:40.484541,-0.06,-0.72,0.69,1.28,2.01,2.44,-4.33,44.74,-18.48,1
e,2022-11-01 17:21:40.484702,-0.06,-0.72,0.69,0.98,1.95,2.44,-4.33,44.74,-18.48,1
e,2022-11-01 17:21:40.484855,-0.06,-0.72,0.69,1.04,2.01,2.44,-4.43,44.86,-19.74,1
e,2022-11-01 17:21:40.485011,-0.06,-0.72,0.69,1.04,2.01,2.44,-4.43,44.86,-19.74,1
e,2022-11-01 17:21:40.485162,-0.06,-0.72,0.69,1.22,1.89,2.38,-4.43,44.86,-19.74,1
e,2022-11-01 17:21:40.485313,-0.06,-0.72,0.69,0.67,1.89,2.14,-4.10,45.20,-19.27,1
e,2022-11-01 17:21:40.485467,-0.06,-0.72,0.69,0.98,1.95,2.32,-4.10,45.20,-19.27,1
e,2022-11-01 17:21:40.485616,-0.06,-0.72,0.69,0.98,1.89,2.38,-4.57,44.65,-19.53,1
e,2022-11-01 17:21:40.485770,-0.06,-0.72,0.69,0.98,1.89,2.32,-4.57,44.65,-19.53,1
e,2022-11-01 17:21:40.485921,-0.06,-0.72,0.69,0.98,2.01,2.32,-4.57,44.65,-19.53,1
e,2022-11-01 17:21:40.486074,-0.06,-0.72,0.69,1.04,2.01,2.62,-4.22,44.97,-19.76,1
e,2022-11-01 17:21:40.486223,-0.06,-0.72,0.69,1.22,1.95,2.56,-4.22,44.97,-19.76,1
e,2022-11-01 17:21:40.486374,-0.06,-0.72,0.69,1.04,2.08,2.38,-4.22,44.97,-19.76,1
e,2022-11-01 17:21:40.486530,-0.06,-0.72,0.69,1.16,1.89,2.38,-3.96,44.46,-19.76,1
e,2022-11-01 17:21:40.486682,-0.06,-0.72,0.69,1.04,2.08,2.32,-3.96,44.46,-19.76,1
e,2022-11-01 17:21:40.486837,-0.06,-0.72,0.69,1.22,2.01,2.56,-3.96,44.46,-19.76,1
e,2022-11-01 17:21:40.486988,-0.06,-0.72,0.69,1.04,1.89,2.32,-4.05,44.82,-19.48,1
e,2022-11-01 17:21:40.487138,-0.06,-0.72,0.69,1.22,2.01,2.44,-4.05,44.82,-19.48,1
e,2022-11-01 17:21:40.487292,-0.06,-0.72,0.69,1.10,1.89,2.50,-3.72,44.91,-19.10,1
e,2022-11-01 17:21:40.487443,-0.06,-0.72,0.69,1.16,2.20,2.44,-3.72,44.91,-19.10,1
e,2022-11-01 17:21:40.487598,-0.06,-0.72,0.69,0.98,2.14,2.32,-3.72,44.91,-19.10,1
e,2022-11-01 17:21:40.487750,-0.06,-0.72,0.69,1.10,2.08,2.44,-4.00,44.51,-20.39,1
e,2022-11-01 17:21:40.487905,-0.06,-0.72,0.69,0.92,2.14,2.38,-4.00,44.51,-20.39,1
e,2022-11-01 17:21:40.488053,-0.06,-0.72,0.69,1.22,1.95,2.38,-4.00,44.51,-20.39,1
e,2022-11-01 17:21:40.488203,-0.06,-0.72,0.69,1.04,2.08,2.50,-3.53,44.95,-20.47,1
e,2022-11-01 17:21:40.488359,-0.06,-0.72,0.69,0.92,1.89,2.26,-3.53,44.95,-20.47,1
e,2022-11-01 17:21:40.488536,-0.06,-0.72,0.69,1.10,1.95,2.50,-3.53,44.95,-20.47,1
e,2022-11-01 17:21:40.488694,-0.06,-0.72,0.69,1.04,1.89,2.26,-4.50,44.86,-20.41,1
e,2022-11-01 17:21:40.488843,-0.06,-0.72,0.69,1.34,2.01,2.26,-4.50,44.86,-20.41,1
e,2022-11-01 17:21:40.488995,-0.06,-0.72,0.69,1.16,2.01,2.50,-3.88,44.89,-18.95,1
e,2022-11-01 17:21:40.489153,-0.06,-0.72,0.69,0.98,1.89,2.44,-3.88,44.89,-18.95,1
e,2022-11-01 17:21:40.489306,-0.06,-0.72,0.69,0.92,2.26,2.38,-3.88,44.89,-18.95,1
e,2022-11-01 17:21:40.489463,-0.06,-0.72,0.69,1.28,1.89,2.44,-4.16,44.95,-19.18,1
e,2022-11-01 17:21:40.489614,-0.06,-0.72,0.69,1.16,1.95,2.26,-4.16,44.95,-19.18,1
e,2022-11-01 17:21:40.489768,-0.06,-0.72,0.69,1.10,1.95,2.44,-4.16,44.95,-19.18,1
e,2022-11-01 17:21:40.489919,-0.06,-0.72,0.69,0.98,1.89,2.26,-4.13,44.89,-19.37,1
e,2022-11-01 17:21:40.490069,-0.06,-0.72,0.69,1.16,1.95,2.50,-4.13,44.89,-19.37,1
e,2022-11-01 17:21:40.490224,-0.06,-0.72,0.69,1.16,1.95,2.56,-4.13,44.89,-19.37,1
e,2022-11-01 17:21:40.490374,-0.06,-0.72,0.69,0.85,1.83,2.20,-4.41,44.38,-19.76,1
e,2022-11-01 17:21:40.490529,-0.06,-0.72,0.69,1.34,1.89,2.50,-4.41,44.38,-19.76,1
e,2022-11-01 17:21:40.490679,-0.06,-0.72,0.69,1.16,1.89,2.62,-4.98,45.15,-19.31,1
e,2022-11-01 17:21:40.490829,-0.06,-0.72,0.69,1.04,1.95,2.32,-4.98,45.15,-19.31,1
e,2022-11-01 17:21:40.490985,-0.06,-0.72,0.69,0.98,1.95,2.44,-4.98,45.15,-19.31,1
e,2022-11-01 17:21:40.491136,-0.06,-0.72,0.69,1.22,2.01,2.38,-4.61,44.90,-19.73,1
e,2022-11-01 17:21:40.491291,-0.06,-0.72,0.69,1.16,1.83,2.44,-4.61,44.90,-19.73,1
e,2022-11-01 17:21:40.491443,-0.06,-0.72,0.69,1.16,1.83,2.56,-4.61,44.90,-19.73,1
e,2022-11-01 17:21:40.491594,-0.06,-0.72,0.69,0.98,1.89,2.32,-3.72,44.54,-20.03,1
e,2022-11-01 17:21:40.491749,-0.06,-0.72,0.69,1.04,1.83,2.50,-3.72,44.54,-20.03,1
e,2022-11-01 17:21:40.491900,-0.06,-0.72,0.69,1.22,1.95,2.62,-3.72,44.54,-20.03,1
e,2022-11-01 17:21:40.492127,-0.06,-0.72,0.69,0.98,1.71,2.38,-3.93,45.00,-19.57,1
e,2022-11-01 17:21:40.492282,-0.06,-0.72,0.69,1.04,1.89,2.44,-3.93,45.00,-19.57,1
e,2022-11-01 17:21:40.492446,-0.06,-0.72,0.69,1.10,2.08,2.44,-4.06,45.07,-19.41,1
e,2022-11-01 17:21:40.492601,-0.06,-0.72,0.69,1.04,1.89,2.32,-4.06,45.07,-19.41,1
e,2022-11-01 17:21:40.492754,-0.06,-0.72,0.69,1.04,1.95,2.38,-4.06,45.07,-19.41,1
e,2022-11-01 17:21:40.492913,-0.06,-0.72,0.69,0.92,1.95,2.38,-4.32,44.91,-20.19,1
e,2022-11-01 17:21:40.493066,-0.06,-0.72,0.69,1.16,1.89,2.44,-4.32,44.91,-20.19,1
e,2022-11-01 17:21:40.493225,-0.06,-0.72,0.69,0.98,1.77,2.32,-4.32,44.91,-20.19,1
e,2022-11-01 17:21:40.493377,-0.06,-0.72,0.69,1.04,1.77,2.50,-4.79,44.74,-19.01,1
e,2022-11-01 17:21:40.493529,-0.06,-0.72,0.69,1.34,1.95,2.50,-4.79,44.74,-19.01,1
e,2022-11-01 17:21:40.493730,-0.06,-0.72,0.69,0.85,2.01,2.44,-4.79,44.74,-19.01,1
e,2022-11-01 17:21:40.493884,-0.06,-0.72,0.69,0.92,1.89,2.26,-4.39,45.09,-18.90,1
e,2022-11-01 17:21:40.494056,-0.06,-0.72,0.69,0.98,2.08,2.44,-4.39,45.09,-18.90,1
e,2022-11-01 17:21:40.494211,-0.06,-0.72,0.69,1.10,1.95,2.44,-4.11,44.78,-19.36,1
e,2022-11-01 17:21:40.494369,-0.06,-0.72,0.69,1.16,1.77,2.20,-4.11,44.78,-19.36,1
e,2022-11-01 17:21:40.494525,-0.06,-0.72,0.69,1.10,1.83,2.44,-4.11,44.78,-19.36,1
e,2022-11-01 17:21:40.494679,-0.06,-0.72,0.69,1.04,1.83,2.38,-4.50,44.73,-20.96,1
e,2022-11-01 17:21:40.494846,-0.06,-0.72,0.69,1.22,1.89,2.38,-4.50,44.73,-20.96,1
e,2022-11-01 17:21:40.494999,-0.06,-0.72,0.69,1.10,1.89,2.38,-4.50,44.73,-20.96,1
e,2022-11-01 17:21:40.495155,-0.06,-0.72,0.69,1.16,1.77,2.44,-4.22,44.65,-18.70,1
e,2022-11-01 17:21:40.495309,-0.06,-0.72,0.69,1.28,1.95,2.38,-4.22,44.65,-18.70,1
e,2022-11-01 17:21:40.495463,-0.06,-0.72,0.69,1.10,1.89,2.32,-4.22,44.65,-18.70,1
e,2022-11-01 17:21:40.495622,-0.06,-0.72,0.69,0.98,1.89,2.32,-4.25,45.41,-19.20,1
e,2022-11-01 17:21:40.495777,-0.06,-0.72,0.69,1.28,1.83,2.50,-4.25,45.41,-19.20,1
e,2022-11-01 17:21:40.495943,-0.06,-0.72,0.69,1.22,2.01,2.56,-4.47,45.01,-19.52,1
e,2022-11-01 17:21:40.496097,-0.06,-0.72,0.69,1.22,1.95,2.26,-4.47,45.01,-19.52,1
e,2022-11-01 17:21:40.496258,-0.06,-0.72,0.69,1.04,1.89,2.38,-4.47,45.01,-19.52,1
e,2022-11-01 17:21:40.496413,-0.06,-0.72,0.69,1.04,2.01,2.56,-4.43,44.92,-20.01,1
e,2022-11-01 17:21:40.496570,-0.06,-0.72,0.69,1.22,1.95,2.50,-4.43,44.92,-20.01,1
e,2022-11-01 17:21:40.496730,-0.06,-0.72,0.69,1.28,1.89,2.38,-4.43,44.92,-20.01,1
e,2022-11-01 17:21:40.496882,-0.06,-0.72,0.69,1.04,1.83,2.38,-4.00,44.49,-20.12,1
e,2022-11-01 17:21:40.497039,-0.06,-0.72,0.69,1.16,1.83,2.50,-4.00,44.49,-20.12,1
e,2022-11-01 17:21:40.497193,-0.06,-0.72,0.69,1.34,1.89,2.32,-4.00,44.49,-20.12,1
e,2022-11-01 17:21:40.497346,-0.06,-0.72,0.69,1.34,1.95,2.56,-4.74,45.39,-19.37,1
e,2022-11-01 17:21:40.497505,-0.06,-0.72,0.69,1.16,1.89,2.50,-4.74,45.39,-19.37,1
e,2022-11-01 17:21:40.497662,-0.06,-0.72,0.69,1.04,1.77,2.56,-5.47,45.04,-19.54,1
e,2022-11-01 17:21:40.497826,-0.06,-0.72,0.69,1.16,1.95,2.32,-5.47,45.04,-19.54,1
e,2022-11-01 17:21:40.497982,-0.06,-0.72,0.69,1.22,2.01,2.38,-5.47,45.04,-19.54,1
e,2022-11-01 17:21:40.498145,-0.06,-0.72,0.69,1.10,1.95,2.50,-4.87,44.91,-20.20,1
e,2022-11-01 17:21:40.498303,-0.06,-0.72,0.69,1.04,1.89,2.32,-4.87,44.91,-20.20,1
e,2022-11-01 17:21:40.498456,-0.06,-0.72,0.69,1.16,1.83,2.56,-4.87,44.91,-20.20,1
e,2022-11-01 17:21:40.498612,-0.06,-0.72,0.69,1.28,2.01,2.69,-4.43,45.02,-20.06,1
e,2022-11-01 17:21:40.498762,-0.06,-0.72,0.69,1.40,1.77,2.50,-4.43,45.02,-20.06,1
e,2022-11-01 17:21:40.498918,-0.06,-0.72,0.69,0.98,1.95,2.50,-4.43,45.02,-20.06,1
e,2022-11-01 17:21:40.499071,-0.06,-0.72,0.69,1.16,1.95,2.44,-4.81,45.12,-19.51,1
e,2022-11-01 17:21:40.499221,-0.06,-0.72,0.69,1.16,1.77,2.44,-4.81,45.12,-19.51,1
e,2022-11-01 17:21:40.499376,-0.06,-0.72,0.69,1.04,1.95,2.32,-4.43,44.91,-19.71,1
e,2022-11-01 17:21:40.499525,-0.06,-0.72,0.69,1.28,1.83,2.50,-4.43,44.91,-19.71,1
e,2022-11-01 17:21:40.499680,-0.06,-0.72,0.69,1.10,1.83,2.32,-4.43,44.91,-19.71,1
e,2022-11-01 17:21:40.499830,-0.06,-0.72,0.69,1.22,1.83,2.50,-4.31,44.79,-19.86,1
e,2022-11-01 17:21:40.499985,-0.06,-0.72,0.69,1.22,1.77,2.38,-4.31,44.79,-19.86,1
e,2022-11-01 17:21:40.500135,-0.06,-0.72,0.69,0.31,1.95,2.44,-4.31,44.79,-19.86,1
e,2022-11-01 17:21:40.500285,-0.06,-0.73,0.69,1.65,1.89,2.38,-4.19,44.65,-19.87,1
e,2022-11-01 17:21:40.500439,-0.06,-0.72,0.70,0.37,1.95,2.38,-4.19,44.65,-19.87,1
e,2022-11-01 17:21:40.500589,-0.06,-0.73,0.68,1.89,1.83,2.26,-4.19,44.65,-19.87,1
e,2022-11-01 17:21:40.500746,-0.06,-0.72,0.69,-0.49,1.77,2.38,-4.58,44.95,-18.74,1
e,2022-11-01 17:21:40.500895,-0.06,-0.72,0.69,1.28,1.89,2.26,-4.58,44.95,-18.74,1
e,2022-11-01 17:21:40.501045,-0.06,-0.72,0.69,1.53,2.01,2.44,-4.43,44.81,-18.87,1
e,2022-11-01 17:21:40.501197,-0.06,-0.73,0.69,1.28,2.14,2.32,-4.43,44.81,-18.87,1
e,2022-11-01 17:21:40.501345,-0.06,-0.72,0.69,1.04,1.89,2.50,-4.43,44.81,-18.87,1
e,2022-11-01 17:21:40.501499,-0.06,-0.72,0.69,0.12,1.83,2.38,-4.32,44.19,-18.57,1
e,2022-11-01 17:21:40.501648,-0.06,-0.72,0.69,0.92,1.89,2.38,-4.32,44.19,-18.57,1
e,2022-11-01 17:21:40.501802,-0.06,-0.72,0.69,1.28,1.83,2.32,-4.32,44.19,-18.57,1
e,2022-11-01 17:21:40.501952,-0.06,-0.72,0.69,1.95,1.83,2.38,-3.92,44.98,-19.34,1
e,2022-11-01 17:21:40.502102,-0.06,-0.73,0.69,1.10,1.89,2.50,-3.92,44.98,-19.34,1
e,2022-11-01 17:21:40.502256,-0.06,-0.72,0.69,0.37,1.77,2.26,-3.92,44.98,-19.34,1
e,2022-11-01 17:21:40.502406,-0.06,-0.72,0.69,0.61,1.89,2.20,-4.63,44.60,-19.57,1
e,2022-11-01 17:21:40.502560,-0.06,-0.72,0.69,1.10,1.77,2.44,-4.63,44.60,-19.57,1
e,2022-11-01 17:21:40.502710,-0.06,-0.72,0.69,1.59,2.08,2.56,-4.00,44.52,-19.02,1
e,2022-11-01 17:21:40.502860,-0.06,-0.72,0.69,1.34,1.83,2.32,-4.00,44.52,-19.02,1
e,2022-11-01 17:21:40.503013,-0.06,-0.72,0.69,1.28,1.89,2.44,-4.00,44.52,-19.02,1
e,2022-11-01 17:21:40.503163,-0.06,-0.72,0.69,0.85,1.83,2.50,-4.46,45.01,-19.32,1
e,2022-11-01 17:21:40.503315,-0.06,-0.72,0.69,0.79,1.83,2.62,-4.46,45.01,-19.32,1
e,2022-11-01 17:21:40.503464,-0.06,-0.72,0.69,1.46,1.89,2.50,-4.46,45.01,-19.32,1
e,2022-11-01 17:21:40.503618,-0.06,-0.72,0.69,0.92,2.01,2.44,-4.63,45.03,-18.48,1
e,2022-11-01 17:21:40.503787,-0.06,-0.72,0.69,1.53,2.01,2.38,-4.63,45.03,-18.48,1
e,2022-11-01 17:21:40.503942,-0.06,-0.72,0.69,1.04,2.01,2.50,-4.63,45.03,-18.48,1
e,2022-11-01 17:21:40.504097,-0.06,-0.72,0.69,1.10,1.77,2.38,-4.79,44.93,-18.30,1
e,2022-11-01 17:21:40.504245,-0.06,-0.72,0.69,1.16,2.01,2.50,-4.79,44.93,-18.30,1
e,2022-11-01 17:21:40.504400,-0.06,-0.72,0.69,0.98,1.83,2.26,-4.02,44.64,-18.42,1
e,2022-11-01 17:21:40.504551,-0.06,-0.72,0.69,1.16,1.95,2.38,-4.02,44.64,-18.42,1
e,2022-11-01 17:21:40.504700,-0.06,-0.72,0.69,1.34,2.01,2.44,-4.02,44.64,-18.42,1
e,2022-11-01 17:21:40.504853,-0.06,-0.72,0.69,1.22,1.95,2.50,-3.82,44.92,-20.21,1
e,2022-11-01 17:21:40.505003,-0.06,-0.72,0.69,1.28,1.89,2.50,-3.82,44.92,-20.21,1
e,2022-11-01 17:21:40.505158,-0.06,-0.72,0.69,1.10,1.95,2.44,-3.82,44.92,-20.21,1
e,2022-11-01 17:21:40.505309,-0.06,-0.72,0.69,0.79,1.89,2.44,-4.82,44.64,-18.82,1
e,2022-11-01 17:21:40.505463,-0.06,-0.72,0.69,1.40,1.95,2.32,-4.82,44.64,-18.82,1
e,2022-11-01 17:21:40.505613,-0.06,-0.72,0.69,1.22,1.95,2.44,-4.82,44.64,-18.82,1
e,2022-11-01 17:21:40.505764,-0.06,-0.72,0.69,1.40,1.77,2.62,-4.04,45.04,-18.29,1
e,2022-11-01 17:21:40.505919,-0.06,-0.72,0.69,0.85,1.77,2.56,-4.04,45.04,-18.29,1
e,2022-11-01 17:21:40.506072,-0.06,-0.72,0.69,1.16,1.77,2.62,-4.72,44.69,-19.12,1
e,2022-11-01 17:21:40.506228,-0.06,-0.72,0.69,1.04,1.95,2.26,-4.72,44.69,-19.12,1
e,2022-11-01 17:21:40.506380,-0.06,-0.72,0.69,1.46,1.95,2.50,-4.72,44.69,-19.12,1
e,2022-11-01 17:21:40.506531,-0.06,-0.72,0.69,1.16,1.95,2.50,-4.71,45.30,-18.58,1
e,2022-11-01 17:21:40.506686,-0.06,-0.72,0.69,1.16,1.89,2.32,-4.71,45.30,-18.58,1
e,2022-11-01 17:21:40.506839,-0.06,-0.72,0.69,1.10,1.89,2.50,-4.71,45.30,-18.58,1
e,2022-11-01 17:21:40.506998,-0.06,-0.72,0.69,1.16,1.83,2.50,-4.05,44.82,-19.91,1
e,2022-11-01 17:21:40.507150,-0.06,-0.72,0.69,1.28,2.01,2.50,-4.05,44.82,-19.91,1
e,2022-11-01 17:21:40.507306,-0.06,-0.72,0.69,1.16,2.01,2.50,-4.05,44.82,-19.91,1
e,2022-11-01 17:21:40.507458,-0.06,-0.72,0.69,1.10,1.83,2.32,-3.88,44.74,-18.54,1
e,2022-11-01 17:21:40.507608,-0.06,-0.72,0.69,1.22,1.89,2.56,-3.88,44.74,-18.54,1
e,2022-11-01 17:21:40.507764,-0.06,-0.72,0.69,1.22,1.83,2.50,-4.11,45.04,-20.06,1
e,2022-11-01 17:21:40.507913,-0.06,-0.72,0.69,1.34,1.95,2.38,-4.11,45.04,-20.06,1
e,2022-11-01 17:21:40.508070,-0.06,-0.72,0.69,1.28,1.95,2.50,-4.11,45.04,-20.06,1
e,2022-11-01 17:21:40.508222,-0.06,-0.72,0.69,1.28,1.89,2.56,-4.69,45.07,-19.40,1
e,2022-11-01 17:21:40.508374,-0.06,-0.72,0.69,1.28,2.08,2.56,-4.69,45.07,-19.40,1
e,2022-11-01 17:21:40.508528,-0.06,-0.72,0.69,1.04,2.08,2.44,-4.69,45.07,-19.40,1
e,2022-11-01 17:21:40.508678,-0.06,-0.72,0.69,1.16,1.89,2.44,-4.15,44.41,-19.43,1
e,2022-11-01 17:21:40.508830,-0.06,-0.72,0.69,1.34,2.08,2.56,-4.15,44.41,-19.43,1
e,2022-11-01 17:21:40.508980,-0.06,-0.72,0.69,1.34,1.95,2.62,-4.15,44.41,-19.43,1
e,2022-11-01 17:21:40.509133,-0.06,-0.72,0.69,0.85,1.95,2.38,-4.03,44.84,-18.84,1
e,2022-11-01 17:21:40.509286,-0.06,-0.72,0.69,1.16,1.89,2.56,-4.03,44.84,-18.84,1
e,2022-11-01 17:21:40.509438,-0.06,-0.72,0.69,1.16,2.01,2.56,-4.26,45.21,-19.25,1
e,2022-11-01 17:21:40.509594,-0.06,-0.72,0.69,1.16,1.95,2.44,-4.26,45.21,-19.25,1
e,2022-11-01 17:21:40.509745,-0.06,-0.72,0.69,1.28,2.01,2.38,-4.26,45.21,-19.25,1
e,2022-11-01 17:21:40.509898,-0.06,-0.72,0.69,1.10,1.89,2.56,-4.19,44.65,-18.95,1
e,2022-11-01 17:21:40.510048,-0.06,-0.72,0.69,1.28,1.89,2.44,-4.19,44.65,-18.95,1
e,2022-11-01 17:21:40.510201,-0.06,-0.72,0.69,1.22,1.89,2.44,-4.19,44.65,-18.95,1
e,2022-11-01 17:21:40.510353,-0.06,-0.72,0.69,0.98,1.89,2.56,-4.42,44.97,-19.13,1
e,2022-11-01 17:21:40.510504,-0.06,-0.72,0.69,1.22,2.01,2.44,-4.42,44.97,-19.13,1
e,2022-11-01 17:21:40.510661,-0.06,-0.72,0.69,1.28,2.01,2.38,-4.42,44.97,-19.13,1
e,2022-11-01 17:21:40.510813,-0.06,-0.72,0.69,1.04,1.89,2.44,-4.53,44.91,-18.76,1
e,2022-11-01 17:21:40.510971,-0.06,-0.72,0.69,0.98,2.01,2.26,-4.53,44.91,-18.76,1
e,2022-11-01 17:21:40.511123,-0.06,-0.72,0.69,1.28,2.08,2.50,-4.58,44.98,-18.62,1
e,2022-11-01 17:21:40.511273,-0.06,-0.72,0.69,1.22,1.77,2.38,-4.58,44.98,-18.62,1
e,2022-11-01 17:21:40.511430,-0.06,-0.72,0.69,1.04,2.01,2.50,-4.58,44.98,-18.62,1
e,2022-11-01 17:21:40.511580,-0.06,-0.72,0.69,1.10,2.08,2.56,-4.90,44.90,-19.56,1
e,2022-11-01 17:21:40.511738,-0.06,-0.72,0.69,1.04,1.95,2.50,-4.90,44.90,-19.56,1
e,2022-11-01 17:21:40.511890,-0.06,-0.72,0.69,1.16,2.14,2.69,-4.90,44.90,-19.56,1
e,2022-11-01 17:21:40.512042,-0.06,-0.72,0.69,1.28,1.89,2.44,-4.65,45.10,-20.06,1
e,2022-11-01 17:21:40.512206,-0.06,-0.72,0.69,1.28,1.95,2.50,-4.65,45.10,-20.06,1
e,2022-11-01 17:21:40.512358,-0.06,-0.72,0.69,1.16,1.95,2.44,-4.65,45.10,-20.06,1
e,2022-11-01 17:21:40.512529,-0.06,-0.72,0.69,0.98,1.71,2.20,-3.98,45.06,-18.46,1
e,2022-11-01 17:21:40.512679,-0.06,-0.72,0.69,1.16,1.95,2.56,-3.98,45.06,-18.46,1
e,2022-11-01 17:21:40.512856,-0.06,-0.72,0.69,1.22,1.95,2.50,-4.44,45.10,-18.73,1
e,2022-11-01 17:21:40.513008,-0.06,-0.72,0.69,1.28,1.95,2.62,-4.44,45.10,-18.73,1
e,2022-11-01 17:21:40.513158,-0.06,-0.72,0.69,1.28,1.89,2.56,-4.44,45.10,-18.73,1
e,2022-11-01 17:21:40.513315,-0.06,-0.72,0.69,1.16,2.01,2.50,-4.36,45.24,-18.76,1
e,2022-11-01 17:21:40.513465,-0.06,-0.72,0.69,1.34,1.89,2.44,-4.36,45.24,-18.76,1
e,2022-11-01 17:21:40.513637,-0.06,-0.72,0.69,1.28,2.01,2.56,-4.36,45.24,-18.76,1
e,2022-11-01 17:21:40.513790,-0.06,-0.72,0.69,0.98,1.83,2.44,-4.37,44.95,-19.31,1
e,2022-11-01 17:21:40.513941,-0.06,-0.72,0.69,1.16,1.89,2.32,-4.37,44.95,-19.31,1
e,2022-11-01 17:21:40.514097,-0.06,-0.72,0.69,1.22,1.89,2.32,-4.37,44.95,-19.31,1
e,2022-11-01 17:21:40.514249,-0.06,-0.72,0.69,1.10,1.83,2.32,-3.96,45.23,-19.48,1
e,2022-11-01 17:21:40.514408,-0.06,-0.72,0.69,1.40,1.95,2.44,-3.96,45.23,-19.48,1
e,2022-11-01 17:21:40.514559,-0.06,-0.72,0.69,1.34,2.08,2.50,-4.37,44.80,-17.77,1
e,2022-11-01 17:21:40.514717,-0.06,-0.72,0.69,1.16,1.89,2.32,-4.37,44.80,-17.77,1
e,2022-11-01 17:21:40.514871,-0.06,-0.72,0.69,1.16,1.83,2.38,-4.37,44.80,-17.77,1
e,2022-11-01 17:21:40.515022,-0.06,-0.72,0.69,1.10,1.95,2.56,-4.81,44.76,-20.23,1
e,2022-11-01 17:21:40.515175,-0.06,-0.72,0.69,1.22,1.95,2.38,-4.81,44.76,-20.23,1
e,2022-11-01 17:21:40.515324,-0.06,-0.72,0.69,1.22,1.89,2.38,-4.81,44.76,-20.23,1
e,2022-11-01 17:21:40.515480,-0.06,-0.72,0.69,1.04,1.83,2.32,-4.26,45.46,-18.97,1
e,2022-11-01 17:21:40.515631,-0.06,-0.72,0.69,1.16,1.95,2.50,-4.26,45.46,-18.97,1
e,2022-11-01 17:21:40.515781,-0.06,-0.72,0.69,1.16,2.01,2.44,-4.26,45.46,-18.97,1
e,2022-11-01 17:21:40.515939,-0.06,-0.72,0.69,1.16,1.77,2.32,-4.68,44.92,-18.49,1
e,2022-11-01 17:21:40.516088,-0.06,-0.72,0.69,1.28,1.89,2.56,-4.68,44.92,-18.49,1
e,2022-11-01 17:21:40.516243,-0.06,-0.72,0.69,1.16,2.01,2.50,-4.36,44.90,-19.96,1
e,2022-11-01 17:21:40.516391,-0.06,-0.72,0.69,0.98,2.14,2.38,-4.36,44.90,-19.96,1
e,2022-11-01 17:21:40.516539,-0.06,-0.72,0.69,1.28,1.95,2.50,-4.36,44.90,-19.96,1
e,2022-11-01 17:21:40.516694,-0.06,-0.72,0.69,1.22,1.77,2.50,-4.61,45.29,-19.74,1
e,2022-11-01 17:21:40.516844,-0.06,-0.72,0.69,1.10,1.83,2.32,-4.61,45.29,-19.74,1
e,2022-11-01 17:21:40.516999,-0.06,-0.72,0.69,1.34,1.77,2.38,-4.61,45.29,-19.74,1
e,2022-11-01 17:21:40.517151,-0.06,-0.72,0.69,1.16,1.77,2.44,-4.69,44.82,-20.04,1
e,2022-11-01 17:21:40.517304,-0.06,-0.72,0.69,1.28,1.95,2.32,-4.69,44.82,-20.04,1
e,2022-11-01 17:21:40.517456,-0.06,-0.72,0.69,1.16,1.95,2.38,-4.69,44.82,-20.04,1
e,2022-11-01 17:21:40.517605,-0.06,-0.72,0.69,1.16,1.83,2.32,-4.54,45.48,-20.04,1
e,2022-11-01 17:21:40.517760,-0.06,-0.72,0.69,1.28,1.95,2.56,-4.54,45.48,-20.04,1
e,2022-11-01 17:21:40.517913,-0.06,-0.72,0.69,1.22,2.08,2.38,-4.27,45.14,-18.32,1
e,2022-11-01 17:21:40.518069,-0.06,-0.72,0.69,0.92,1.95,2.38,-4.27,45.14,-18.32,1
e,2022-11-01 17:21:40.518220,-0.06,-0.72,0.69,1.16,1.71,2.50,-4.27,45.14,-18.32,1
e,2022-11-01 17:21:40.518371,-0.06,-0.72,0.69,1.16,1.77,2.32,-4.57,44.30,-20.12,1
e,2022-11-01 17:21:40.518527,-0.06,-0.72,0.69,1.16,1.89,2.38,-4.57,44.30,-20.12,1
e,2022-11-01 17:21:40.518676,-0.06,-0.72,0.69,1.10,2.01,2.32,-4.57,44.30,-20.12,1
e,2022-11-01 17:21:40.518829,-0.06,-0.72,0.69,0.98,1.77,2.20,-4.43,45.26,-19.52,1
e,2022-11-01 17:21:40.518994,-0.06,-0.72,0.69,1.16,1.89,2.26,-4.43,45.26,-19.52,1
e,2022-11-01 17:21:40.519144,-0.06,-0.72,0.69,1.10,2.01,2.44,-4.43,45.26,-19.52,1
e,2022-11-01 17:21:40.519299,-0.06,-0.72,0.69,1.10,1.77,2.50,-4.52,45.32,-18.66,1
e,2022-11-01 17:21:40.519450,-0.06,-0.72,0.69,0.98,2.01,2.44,-4.52,45.32,-18.66,1
e,2022-11-01 17:21:40.519603,-0.06,-0.72,0.69,1.22,1.89,2.38,-4.59,44.82,-19.32,1
e,2022-11-01 17:21:40.519751,-0.06,-0.72,0.69,0.98,2.08,2.38,-4.59,44.82,-19.32,1
e,2022-11-01 17:21:40.519905,-0.06,-0.72,0.69,1.16,2.20,2.44,-4.59,44.82,-19.32,1
e,2022-11-01 17:21:40.520053,-0.06,-0.72,0.69,1.10,1.89,2.44,-3.78,44.90,-18.37,1
e,2022-11-01 17:21:40.520202,-0.06,-0.72,0.69,1.34,1.89,2.44,-3.78,44.90,-18.37,1
e,2022-11-01 17:21:40.520355,-0.06,-0.72,0.69,0.98,1.83,2.26,-3.78,44.90,-18.37,1
e,2022-11-01 17:21:40.520504,-0.06,-0.72,0.69,0.98,2.01,2.32,-3.81,45.58,-18.81,1
e,2022-11-01 17:21:40.520658,-0.06,-0.72,0.69,1.10,2.08,2.44,-3.81,45.58,-18.81,1
e,2022-11-01 17:21:40.520810,-0.06,-0.72,0.69,1.22,1.95,2.56,-3.81,45.58,-18.81,1
e,2022-11-01 17:21:40.520960,-0.06,-0.72,0.69,1.28,1.89,2.38,-4.43,44.82,-19.81,1
e,2022-11-01 17:21:40.521114,-0.06,-0.72,0.69,1.28,1.89,2.62,-4.43,44.82,-19.81,1
e,2022-11-01 17:21:40.521263,-0.06,-0.72,0.69,1.04,2.01,2.44,-3.44,44.89,-19.59,1
e,2022-11-01 17:21:40.521419,-0.06,-0.72,0.69,0.92,1.95,2.38,-3.44,44.89,-19.59,1
e,2022-11-01 17:21:40.521570,-0.06,-0.72,0.69,1.10,2.01,2.38,-3.44,44.89,-19.59,1
e,2022-11-01 17:21:40.521725,-0.06,-0.72,0.69,1.28,1.83,2.50,-4.09,45.00,-19.48,1
e,2022-11-01 17:21:40.521876,-0.06,-0.72,0.69,0.98,1.95,2.50,-4.09,45.00,-19.48,1
e,2022-11-01 17:21:40.522027,-0.06,-0.72,0.69,1.10,1.83,2.44,-4.09,45.00,-19.48,1
e,2022-11-01 17:21:40.522181,-0.06,-0.72,0.69,1.04,2.01,2.38,-4.17,44.47,-19.17,1
e,2022-11-01 17:21:40.522334,-0.06,-0.72,0.69,1.10,1.95,2.44,-4.17,44.47,-19.17,1
e,2022-11-01 17:21:40.522494,-0.06,-0.72,0.69,1.16,2.14,2.44,-4.17,44.47,-19.17,1
e,2022-11-01 17:21:40.522648,-0.06,-0.72,0.69,1.16,2.01,2.32,-3.98,45.30,-19.80,1
e,2022-11-01 17:21:40.522804,-0.06,-0.72,0.69,1.16,2.08,2.50,-3.98,45.30,-19.80,1
e,2022-11-01 17:21:40.522966,-0.06,-0.72,0.69,1.28,2.08,2.62,-4.17,45.19,-18.66,1
e,2022-11-01 17:21:40.523118,-0.06,-0.72,0.69,1.04,2.01,2.50,-4.17,45.19,-18.66,1
e,2022-11-01 17:21:40.523274,-0.06,-0.72,0.69,1.10,1.83,2.44,-4.17,45.19,-18.66,1
e,2022-11-01 17:21:40.523426,-0.06,-0.72,0.69,0.98,1.89,2.38,-4.14,45.47,-19.45,1
e,2022-11-01 17:21:40.523582,-0.06,-0.72,0.69,1.22,1.95,2.44,-4.14,45.47,-19.45,1
e,2022-11-01 17:21:40.523734,-0.06,-0.72,0.69,1.22,1.89,2.50,-4.14,45.47,-19.45,1
e,2022-11-01 17:21:40.523885,-0.06,-0.72,0.69,1.16,1.77,2.50,-4.06,45.01,-19.23,1
e,2022-11-01 17:21:40.524043,-0.06,-0.72,0.69,1.16,1.83,2.38,-4.06,45.01,-19.23,1
e,2022-11-01 17:21:40.524195,-0.06,-0.72,0.69,1.04,2.01,2.50,-4.06,45.01,-19.23,1
e,2022-11-01 17:21:40.524352,-0.06,-0.72,0.69,0.85,1.89,2.14,-4.26,44.69,-18.51,1
e,2022-11-01 17:21:40.524502,-0.06,-0.72,0.69,0.98,2.14,2.50,-4.26,44.69,-18.51,1
e,2022-11-01 17:21:40.524652,-0.06,-0.72,0.69,1.10,1.95,2.56,-4.43,44.60,-19.45,1
e,2022-11-01 17:21:40.524810,-0.06,-0.72,0.69,0.92,2.08,2.32,-4.43,44.60,-19.45,1
e,2022-11-01 17:21:40.524960,-0.06,-0.72,0.69,0.98,2.20,2.44,-4.43,44.60,-19.45,1
e,2022-11-01 17:21:40.525119,-0.06,-0.72,0.69,0.98,1.89,2.38,-4.25,44.41,-18.52,1
e,2022-11-01 17:21:40.525270,-0.06,-0.72,0.69,1.16,1.83,2.38,-4.25,44.41,-18.52,1
e,2022-11-01 17:21:40.525419,-0.06,-0.72,0.69,1.22,2.01,2.50,-4.25,44.41,-18.52,1
e,2022-11-01 17:21:40.525578,-0.06,-0.72,0.69,0.98,2.01,2.38,-4.50,44.76,-18.87,1
e,2022-11-01 17:21:40.525730,-0.06,-0.72,0.69,1.16,1.83,2.38,-4.50,44.76,-18.87,1
e,2022-11-01 17:21:40.525890,-0.06,-0.72,0.69,1.28,2.01,2.50,-4.50,44.76,-18.87,1
e,2022-11-01 17:21:40.526043,-0.06,-0.72,0.69,0.98,1.95,2.32,-4.15,44.74,-18.95,1
e,2022-11-01 17:21:40.526196,-0.06,-0.72,0.69,1.22,1.95,2.50,-4.15,44.74,-18.95,1
e,2022-11-01 17:21:40.526351,-0.06,-0.72,0.69,1.16,1.95,2.44,-3.86,45.03,-17.43,1
e,2022-11-01 17:21:40.526504,-0.06,-0.72,0.69,0.98,1.95,2.32,-3.86,45.03,-17.43,1
e,2022-11-01 17:21:40.526661,-0.06,-0.72,0.69,1.34,1.89,2.56,-3.86,45.03,-17.43,1
e,2022-11-01 17:21:40.526813,-0.06,-0.72,0.69,1.28,1.95,2.44,-4.57,44.84,-19.17,1
e,2022-11-01 17:21:40.526967,-0.06,-0.72,0.69,1.34,1.89,2.56,-4.57,44.84,-19.17,1
e,2022-11-01 17:21:40.527118,-0.06,-0.72,0.69,1.16,2.01,2.69,-4.57,44.84,-19.17,1
e,2022-11-01 17:21:40.527269,-0.06,-0.72,0.69,1.10,1.89,2.26,-4.68,44.69,-19.19,1
e,2022-11-01 17:21:40.527424,-0.06,-0.72,0.69,1.22,2.01,2.44,-4.68,44.69,-19.19,1
e,2022-11-01 17:21:40.527574,-0.06,-0.72,0.69,1.10,1.95,2.44,-4.68,44.69,-19.19,1
e,2022-11-01 17:21:40.527729,-0.06,-0.72,0.69,1.04,1.77,2.44,-4.32,44.56,-18.41,1
e,2022-11-01 17:21:40.527880,-0.06,-0.72,0.69,1.28,1.83,2.44,-4.32,44.56,-18.41,1
e,2022-11-01 17:21:40.528030,-0.06,-0.72,0.69,1.22,1.95,2.44,-4.36,44.68,-20.08,1
e,2022-11-01 17:21:40.528186,-0.06,-0.72,0.69,1.10,1.95,2.44,-4.36,44.68,-20.08,1
e,2022-11-01 17:21:40.528337,-0.06,-0.72,0.69,1.04,1.83,2.44,-4.36,44.68,-20.08,1
e,2022-11-01 17:21:40.528497,-0.06,-0.72,0.69,1.34,1.95,2.32,-3.50,44.40,-18.73,1
e,2022-11-01 17:21:40.528649,-0.06,-0.72,0.69,1.04,1.95,2.38,-3.50,44.40,-18.73,1
e,2022-11-01 17:21:40.528800,-0.06,-0.72,0.69,0.98,1.95,2.50,-3.50,44.40,-18.73,1
e,2022-11-01 17:21:40.528956,-0.06,-0.72,0.69,0.92,1.95,2.38,-4.32,44.75,-18.37,1
e,2022-11-01 17:21:40.529106,-0.06,-0.72,0.69,1.10,1.77,2.44,-4.32,44.75,-18.37,1
e,2022-11-01 17:21:40.529274,-0.06,-0.72,0.69,1.10,1.95,2.44,-4.32,44.75,-18.37,1
e,2022-11-01 17:21:40.529426,-0.06,-0.72,0.69,1.16,1.95,2.38,-4.49,44.80,-18.46,1
e,2022-11-01 17:21:40.529580,-0.06,-0.72,0.69,1.16,1.89,2.38,-4.49,44.80,-18.46,1
e,2022-11-01 17:21:40.529735,-0.06,-0.72,0.69,1.16,2.08,2.62,-4.31,44.70,-20.19,1
e,2022-11-01 17:21:40.529888,-0.06,-0.72,0.69,1.16,1.95,2.32,-4.31,44.70,-20.19,1
e,2022-11-01 17:21:40.530047,-0.06,-0.72,0.69,1.04,1.83,2.50,-4.31,44.70,-20.19,1
e,2022-11-01 17:21:40.530200,-0.06,-0.72,0.69,1.34,1.77,2.44,-4.46,44.46,-18.58,1
e,2022-11-01 17:21:40.530356,-0.06,-0.72,0.69,1.22,1.95,2.62,-4.46,44.46,-18.58,1
e,2022-11-01 17:21:40.530507,-0.06,-0.72,0.69,1.16,1.89,2.38,-4.46,44.46,-18.58,1
e,2022-11-01 17:21:40.530661,-0.06,-0.72,0.69,0.92,1.83,2.32,-4.30,44.38,-19.18,1
e,2022-11-01 17:21:40.530837,-0.06,-0.72,0.69,1.28,1.95,2.56,-4.30,44.38,-19.18,1
e,2022-11-01 17:21:40.530990,-0.06,-0.72,0.69,1.16,2.01,2.38,-4.30,44.38,-19.18,1
e,2022-11-01 17:21:40.531151,-0.06,-0.72,0.69,0.85,1.95,2.38,-4.53,44.63,-19.26,1
e,2022-11-01 17:21:40.531303,-0.06,-0.72,0.69,1.04,1.95,2.50,-4.53,44.63,-19.26,1
e,2022-11-01 17:21:40.531455,-0.06,-0.72,0.69,1.10,1.89,2.44,-4.59,44.79,-18.70,1
e,2022-11-01 17:21:40.531613,-0.06,-0.72,0.69,0.98,1.71,2.26,-4.59,44.79,-18.70,1
e,2022-11-01 17:21:40.531766,-0.06,-0.72,0.69,1.10,1.83,2.50,-4.59,44.79,-18.70,1
e,2022-11-01 17:21:40.531923,-0.06,-0.72,0.69,1.04,1.83,2.38,-4.48,44.62,-20.06,1
e,2022-11-01 17:21:40.532075,-0.06,-0.72,0.69,1.04,2.01,2.44,-4.48,44.62,-20.06,1
e,2022-11-01 17:21:40.532236,-0.06,-0.72,0.69,1.22,1.77,2.50,-4.48,44.62,-20.06,1
e,2022-11-01 17:21:40.532388,-0.06,-0.72,0.69,1.28,2.01,2.50,-4.71,44.45,-18.63,1
e,2022-11-01 17:21:40.532539,-0.06,-0.72,0.69,1.16,1.89,2.44,-4.71,44.45,-18.63,1
e,2022-11-01 17:21:40.532700,-0.06,-0.72,0.69,1.28,1.89,2.38,-4.71,44.45,-18.63,1
e,2022-11-01 17:21:40.532852,-0.06,-0.72,0.69,0.98,1.89,2.26,-4.37,44.81,-18.95,1
e,2022-11-01 17:21:40.533011,-0.06,-0.72,0.69,1.10,1.83,2.44,-4.37,44.81,-18.95,1
e,2022-11-01 17:21:40.533162,-0.06,-0.72,0.69,1.28,1.95,2.50,-4.46,44.42,-19.71,1
e,2022-11-01 17:21:40.533314,-0.06,-0.72,0.69,1.16,2.01,2.44,-4.46,44.42,-19.71,1
e,2022-11-01 17:21:40.533471,-0.06,-0.72,0.69,1.10,1.95,2.32,-4.46,44.42,-19.71,1
e,2022-11-01 17:21:40.533622,-0.06,-0.72,0.69,1.22,2.14,2.50,-4.39,44.79,-19.32,1
e,2022-11-01 17:21:40.533777,-0.06,-0.72,0.69,0.98,1.83,2.44,-4.39,44.79,-19.32,1
e,2022-11-01 17:21:40.533928,-0.06,-0.72,0.69,1.16,2.01,2.38,-4.39,44.79,-19.32,1
e,2022-11-01 17:21:40.534080,-0.06,-0.72,0.69,1.16,1.83,2.56,-3.85,44.69,-19.41,1
e,2022-11-01 17:21:40.534254,-0.06,-0.72,0.69,1.16,2.14,2.44,-3.85,44.69,-19.41,1
e,2022-11-01 17:21:40.534408,-0.06,-0.72,0.69,1.16,1.83,2.56,-3.85,44.69,-19.41,1
e,2022-11-01 17:21:40.534565,-0.06,-0.72,0.69,1.04,1.77,2.20,-4.42,44.29,-19.43,1
e,2022-11-01 17:21:40.534716,-0.06,-0.72,0.69,0.85,1.83,2.44,-4.42,44.29,-19.43,1
e,2022-11-01 17:21:40.534873,-0.06,-0.72,0.69,1.04,2.01,2.38,-4.21,44.24,-20.36,1
e,2022-11-01 17:21:40.535024,-0.06,-0.72,0.69,1.28,1.95,2.38,-4.21,44.24,-20.36,1
e,2022-11-01 17:21:40.535174,-0.06,-0.72,0.69,1.16,1.95,2.38,-4.21,44.24,-20.36,1
e,2022-11-01 17:21:40.535331,-0.06,-0.72,0.69,1.10,2.08,2.38,-4.50,45.51,-19.54,1
e,2022-11-01 17:21:40.535483,-0.06,-0.72,0.69,1.16,1.95,2.62,-4.50,45.51,-19.54,1
e,2022-11-01 17:21:40.535641,-0.06,-0.72,0.69,1.04,2.08,2.56,-4.50,45.51,-19.54,1
e,2022-11-01 17:21:40.535792,-0.06,-0.72,0.69,0.98,1.89,2.26,-4.17,44.79,-19.87,1
e,2022-11-01 17:21:40.535943,-0.06,-0.72,0.69,1.04,2.01,2.56,-4.17,44.79,-19.87,1
e,2022-11-01 17:21:40.536098,-0.06,-0.72,0.69,1.22,1.95,2.69,-4.17,44.79,-19.87,1
e,2022-11-01 17:21:40.536248,-0.06,-0.72,0.69,0.92,1.89,2.56,-4.52,44.84,-20.06,1
e,2022-11-01 17:21:40.536402,-0.06,-0.72,0.69,1.04,2.01,2.38,-4.52,44.84,-20.06,1
e,2022-11-01 17:21:40.536553,-0.06,-0.72,0.69,0.85,2.01,2.32,-4.21,44.35,-19.82,1
e,2022-11-01 17:21:40.536703,-0.06,-0.72,0.69,1.10,1.95,2.32,-4.21,44.35,-19.82,1
e,2022-11-01 17:21:40.536862,-0.06,-0.72,0.69,1.16,1.89,2.44,-4.21,44.35,-19.82,1
e,2022-11-01 17:21:40.537012,-0.06,-0.72,0.69,1.10,2.01,2.44,-4.13,44.65,-20.09,1
e,2022-11-01 17:21:40.537172,-0.06,-0.72,0.69,1.16,2.08,2.38,-4.13,44.65,-20.09,1
e,2022-11-01 17:21:40.537322,-0.06,-0.72,0.69,1.22,2.01,2.50,-4.13,44.65,-20.09,1
e,2022-11-01 17:21:40.537476,-0.06,-0.72,0.69,0.85,2.01,2.38,-4.42,44.79,-18.90,1
e,2022-11-01 17:21:40.537630,-0.06,-0.72,0.69,1.10,1.95,2.50,-4.42,44.79,-18.90,1
e,2022-11-01 17:21:40.537783,-0.06,-0.72,0.69,1.10,1.89,2.50,-4.42,44.79,-18.90,1
e,2022-11-01 17:21:40.537942,-0.06,-0.72,0.69,0.98,1.89,2.20,-4.10,44.89,-19.31,1
e,2022-11-01 17:21:40.538097,-0.06,-0.72,0.69,1.16,1.89,2.62,-4.10,44.89,-19.31,1
e,2022-11-01 17:21:40.538255,-0.06,-0.72,0.69,1.22,1.89,2.62,-4.16,44.70,-20.01,1
e,2022-11-01 17:21:40.538407,-0.06,-0.72,0.69,1.04,2.01,2.20,-4.16,44.70,-20.01,1
e,2022-11-01 17:21:40.538558,-0.06,-0.72,0.69,1.16,1.89,2.62,-4.16,44.70,-20.01,1
e,2022-11-01 17:21:40.538715,-0.06,-0.72,0.69,1.10,2.01,2.50,-4.32,45.45,-20.69,1
e,2022-11-01 17:21:40.538865,-0.06,-0.72,0.69,0.98,2.01,2.38,-4.32,45.45,-20.69,1
e,2022-11-01 17:21:40.539020,-0.06,-0.72,0.69,1.04,1.83,2.32,-4.32,45.45,-20.69,1
e,2022-11-01 17:21:40.539172,-0.06,-0.72,0.69,0.79,1.95,2.32,-4.83,45.61,-19.89,1
e,2022-11-01 17:21:40.539323,-0.06,-0.72,0.69,1.04,1.95,2.50,-4.83,45.61,-19.89,1
e,2022-11-01 17:21:40.539481,-0.06,-0.72,0.69,1.22,2.01,2.38,-4.36,45.39,-19.41,1
e,2022-11-01 17:21:40.539632,-0.06,-0.72,0.69,1.22,1.77,2.50,-4.36,45.39,-19.41,1
e,2022-11-01 17:21:40.539786,-0.06,-0.72,0.69,1.28,1.89,2.50,-4.36,45.39,-19.41,1
e,2022-11-01 17:21:40.539936,-0.06,-0.72,0.69,1.16,1.89,2.50,-4.21,44.93,-20.02,1
e,2022-11-01 17:21:40.540087,-0.06,-0.72,0.69,1.04,1.89,2.50,-4.21,44.93,-20.02,1
e,2022-11-01 17:21:40.540241,-0.06,-0.72,0.69,1.16,1.83,2.56,-4.21,44.93,-20.02,1
e,2022-11-01 17:21:40.540391,-0.06,-0.72,0.69,1.10,1.83,2.44,-4.31,44.69,-20.61,1
e,2022-11-01 17:21:40.540547,-0.06,-0.72,0.69,1.22,1.83,2.38,-4.31,44.69,-20.61,1
e,2022-11-01 17:21:40.540698,-0.06,-0.72,0.69,1.34,1.89,2.56,-4.31,44.69,-20.61,1
e,2022-11-01 17:21:40.540854,-0.06,-0.72,0.69,1.04,1.71,2.38,-4.70,44.89,-19.95,1
e,2022-11-01 17:21:40.541003,-0.06,-0.72,0.69,1.16,1.83,2.38,-4.70,44.89,-19.95,1
e,2022-11-01 17:21:40.541152,-0.06,-0.72,0.69,1.04,1.89,2.32,-3.82,44.58,-20.62,1
e,2022-11-01 17:21:40.541311,-0.06,-0.72,0.69,1.10,1.89,2.44,-3.82,44.58,-20.62,1
e,2022-11-01 17:21:40.541465,-0.06,-0.72,0.69,1.46,1.71,2.44,-3.82,44.58,-20.62,1
e,2022-11-01 17:21:40.541622,-0.06,-0.72,0.69,1.22,1.83,2.50,-4.10,45.01,-18.99,1
e,2022-11-01 17:21:40.541773,-0.06,-0.72,0.69,1.22,1.83,2.44,-4.10,45.01,-18.99,1
e,2022-11-01 17:21:40.541925,-0.06,-0.72,0.69,1.10,1.83,2.32,-4.10,45.01,-18.99,1
e,2022-11-01 17:21:40.542083,-0.06,-0.72,0.69,1.16,1.59,2.38,-4.79,45.12,-19.23,1
e,2022-11-01 17:21:40.542234,-0.06,-0.72,0.69,0.98,1.95,2.44,-4.79,45.12,-19.23,1
e,2022-11-01 17:21:40.542389,-0.06,-0.72,0.69,1.16,1.83,2.44,-4.79,45.12,-19.23,1
e,2022-11-01 17:21:40.542539,-0.06,-0.72,0.69,0.92,1.77,2.14,-4.52,44.65,-19.80,1
e,2022-11-01 17:21:40.542690,-0.06,-0.72,0.69,1.16,1.77,2.38,-4.52,44.65,-19.80,1
e,2022-11-01 17:21:40.542848,-0.06,-0.72,0.69,1.22,1.77,2.44,-4.16,44.90,-19.24,1
e,2022-11-01 17:21:40.543000,-0.06,-0.72,0.69,1.16,1.71,2.26,-4.16,44.90,-19.24,1
e,2022-11-01 17:21:40.543153,-0.06,-0.72,0.69,0.98,1.83,2.50,-4.16,44.90,-19.24,1
e,2022-11-01 17:21:40.543305,-0.06,-0.72,0.69,1.22,1.77,2.50,-4.25,44.89,-20.24,1
e,2022-11-01 17:21:40.543456,-0.06,-0.72,0.69,1.04,1.83,2.38,-4.25,44.89,-20.24,1
e,2022-11-01 17:21:40.543612,-0.06,-0.72,0.69,1.22,1.95,2.32,-4.25,44.89,-20.24,1
e,2022-11-01 17:21:40.543762,-0.06,-0.72,0.69,1.10,1.65,2.26,-4.50,44.90,-19.46,1
e,2022-11-01 17:21:40.543919,-0.06,-0.72,0.69,1.04,1.89,2.38,-4.50,44.90,-19.46,1
e,2022-11-01 17:21:40.544069,-0.06,-0.72,0.69,1.16,1.77,2.44,-4.50,44.90,-19.46,1
e,2022-11-01 17:21:40.544227,-0.06,-0.72,0.69,1.10,1.77,2.38,-3.82,44.98,-19.60,1
e,2022-11-01 17:21:40.544378,-0.06,-0.72,0.69,1.16,1.83,2.38,-3.82,44.98,-19.60,1
e,2022-11-01 17:21:40.544528,-0.06,-0.72,0.69,1.22,1.83,2.44,-4.49,44.51,-17.98,1
e,2022-11-01 17:21:40.544685,-0.06,-0.72,0.69,0.92,1.77,2.32,-4.49,44.51,-17.98,1
e,2022-11-01 17:21:40.544834,-0.06,-0.72,0.69,1.28,1.77,2.44,-4.49,44.51,-17.98,1
e,2022-11-01 17:21:40.544989,-0.06,-0.72,0.69,1.10,1.89,2.26,-4.19,45.46,-19.79,1
e,2022-11-01 17:21:40.545140,-0.06,-0.72,0.69,0.79,1.95,2.32,-4.19,45.46,-19.79,1
e,2022-11-01 17:21:40.545293,-0.06,-0.72,0.69,0.92,2.08,2.38,-4.19,45.46,-19.79,1
e,2022-11-01 17:21:40.545448,-0.06,-0.72,0.69,1.22,1.65,2.32,-4.25,44.98,-19.62,1
e,2022-11-01 17:21:40.545598,-0.06,-0.72,0.69,1.04,2.01,2.20,-4.25,44.98,-19.62,1
e,2022-11-01 17:21:40.545754,-0.06,-0.72,0.69,1.28,1.89,2.50,-4.25,44.98,-19.62,1
e,2022-11-01 17:21:40.545905,-0.06,-0.72,0.69,1.04,1.83,2.32,-4.35,44.62,-20.12,1
e,2022-11-01 17:21:40.546055,-0.06,-0.72,0.69,1.04,1.65,2.32,-4.35,44.62,-20.12,1
e,2022-11-01 17:21:40.546210,-0.06,-0.72,0.69,1.22,1.83,2.50,-4.27,45.25,-19.74,1
e,2022-11-01 17:21:40.546357,-0.06,-0.72,0.69,0.85,1.89,2.26,-4.27,45.25,-19.74,1
e,2022-11-01 17:21:40.546512,-0.06,-0.72,0.69,1.04,1.95,2.38,-4.27,45.25,-19.74,1
e,2022-11-01 17:21:40.546663,-0.06,-0.72,0.69,1.10,1.83,2.38,-4.41,44.79,-19.68,1
e,2022-11-01 17:21:40.546818,-0.06,-0.72,0.69,1.28,1.95,2.56,-4.41,44.79,-19.68,1
e,2022-11-01 17:21:40.546971,-0.06,-0.72,0.69,0.98,1.83,2.38,-4.41,44.79,-19.68,1
e,2022-11-01 17:21:40.547123,-0.06,-0.72,0.69,1.10,1.89,2.32,-3.89,45.04,-19.51,1
e,2022-11-01 17:21:40.547284,-0.06,-0.72,0.69,1.16,1.89,2.38,-3.89,45.04,-19.51,1
e,2022-11-01 17:21:40.547436,-0.06,-0.72,0.69,1.04,1.83,2.50,-3.89,45.04,-19.51,1
e,2022-11-01 17:21:40.547592,-0.06,-0.72,0.69,1.10,1.83,2.20,-4.77,44.14,-19.74,1
e,2022-11-01 17:21:40.547745,-0.06,-0.72,0.69,1.34,1.89,2.50,-4.77,44.14,-19.74,1
e,2022-11-01 17:21:40.547898,-0.06,-0.72,0.69,1.10,1.89,2.44,-4.42,44.98,-19.73,1
e,2022-11-01 17:21:40.548057,-0.06,-0.72,0.69,0.92,1.95,2.20,-4.42,44.98,-19.73,1
e,2022-11-01 17:21:40.548209,-0.06,-0.72,0.69,1.10,1.89,2.38,-4.42,44.98,-19.73,1
e,2022-11-01 17:21:40.548367,-0.06,-0.72,0.69,1.10,1.89,2.44,-4.09,44.59,-20.32,1
e,2022-11-01 17:21:40.548520,-0.06,-0.72,0.69,1.04,1.77,2.38,-4.09,44.59,-20.32,1
e,2022-11-01 17:21:40.548673,-0.06,-0.72,0.69,1.16,1.95,2.50,-4.09,44.59,-20.32,1
e,2022-11-01 17:21:40.548843,-0.06,-0.72,0.69,1.10,2.01,2.32,-4.25,44.40,-20.17,1
e,2022-11-01 17:21:40.548996,-0.06,-0.72,0.69,1.04,2.01,2.26,-4.25,44.40,-20.17,1
e,2022-11-01 17:21:40.549154,-0.06,-0.72,0.69,1.22,1.83,2.44,-4.25,44.40,-20.17,1
e,2022-11-01 17:21:40.549323,-0.06,-0.72,0.69,0.92,1.83,2.32,-4.41,44.18,-19.71,1
e,2022-11-01 17:21:40.549473,-0.06,-0.72,0.69,1.10,1.89,2.38,-4.41,44.18,-19.71,1
e,2022-11-01 17:21:40.549630,-0.06,-0.72,0.69,1.16,1.83,2.44,-4.47,44.52,-20.19,1
e,2022-11-01 17:21:40.549781,-0.06,-0.72,0.69,1.16,1.77,2.38,-4.47,44.52,-20.19,1
e,2022-11-01 17:21:40.549943,-0.06,-0.72,0.69,1.40,1.77,2.32,-4.47,44.52,-20.19,1
e,2022-11-01 17:21:40.550096,-0.06,-0.72,0.69,1.04,1.89,2.38,-4.87,44.91,-19.96,1
e,2022-11-01 17:21:40.550253,-0.06,-0.72,0.69,1.22,1.95,2.32,-4.87,44.91,-19.96,1
e,2022-11-01 17:21:40.550407,-0.06,-0.72,0.69,1.10,1.83,2.56,-4.87,44.91,-19.96,1
e,2022-11-01 17:21:40.550559,-0.06,-0.72,0.69,0.85,1.77,2.50,-3.99,44.84,-19.95,1
e,2022-11-01 17:21:40.550729,-0.06,-0.72,0.69,1.28,1.71,2.38,-3.99,44.84,-19.95,1
e,2022-11-01 17:21:40.550897,-0.06,-0.72,0.69,1.22,1.83,2.38,-3.99,44.84,-19.95,1
e,2022-11-01 17:21:40.551063,-0.06,-0.72,0.69,0.85,1.89,2.20,-4.42,44.63,-19.24,1
e,2022-11-01 17:21:40.551218,-0.06,-0.72,0.69,1.04,1.95,2.32,-4.42,44.63,-19.24,1
e,2022-11-01 17:21:40.551371,-0.06,-0.72,0.69,1.22,1.89,2.38,-3.92,44.53,-19.93,1
e,2022-11-01 17:21:40.551543,-0.06,-0.72,0.69,1.04,1.95,2.44,-3.92,44.53,-19.93,1
e,2022-11-01 17:21:40.551698,-0.06,-0.72,0.69,1.16,1.77,2.56,-3.92,44.53,-19.93,1
e,2022-11-01 17:21:40.551859,-0.06,-0.72,0.69,1.16,1.77,2.44,-3.97,44.42,-20.12,1
e,2022-11-01 17:21:40.552014,-0.06,-0.72,0.69,1.04,1.83,2.38,-3.97,44.42,-20.12,1
e,2022-11-01 17:21:40.552167,-0.06,-0.72,0.69,1.22,2.01,2.62,-3.97,44.42,-20.12,1
e,2022-11-01 17:21:40.552328,-0.06,-0.72,0.69,1.28,1.89,2.38,-4.44,44.26,-20.15,1
e,2022-11-01 17:21:40.552484,-0.06,-0.72,0.69,1.10,1.95,2.32,-4.44,44.26,-20.15,1
e,2022-11-01 17:21:40.552644,-0.06,-0.72,0.69,1.22,1.95,2.44,-4.44,44.26,-20.15,1
e,2022-11-01 17:21:40.552799,-0.06,-0.72,0.69,1.10,1.65,2.32,-4.65,44.82,-18.87,1
e,2022-11-01 17:21:40.552952,-0.06,-0.72,0.69,1.16,1.89,2.38,-4.65,44.82,-18.87,1
e,2022-11-01 17:21:40.553108,-0.06,-0.72,0.69,1.22,1.83,2.32,-4.25,45.00,-19.29,1
e,2022-11-01 17:21:40.553263,-0.06,-0.72,0.69,1.16,1.83,2.44,-4.25,45.00,-19.29,1
e,2022-11-01 17:21:40.553423,-0.06,-0.72,0.69,1.10,1.89,2.56,-4.25,45.00,-19.29,1
e,2022-11-01 17:21:40.553578,-0.06,-0.72,0.69,1.34,1.89,2.62,-4.26,44.80,-20.56,1
e,2022-11-01 17:21:40.553735,-0.06,-0.72,0.69,0.98,1.77,2.38,-4.26,44.80,-20.56,1
e,2022-11-01 17:21:40.553888,-0.06,-0.72,0.69,1.04,2.01,2.56,-4.26,44.80,-20.56,1
e,2022-11-01 17:21:40.554042,-0.06,-0.72,0.69,1.40,1.77,2.44,-4.27,45.35,-19.42,1
e,2022-11-01 17:21:40.554202,-0.06,-0.72,0.69,1.28,1.95,2.62,-4.27,45.35,-19.42,1
e,2022-11-01 17:21:40.554356,-0.06,-0.72,0.69,1.22,1.83,2.38,-4.27,45.35,-19.42,1
e,2022-11-01 17:21:40.554514,-0.06,-0.72,0.69,1.10,1.77,2.26,-4.71,44.59,-18.81,1
e,2022-11-01 17:21:40.554668,-0.06,-0.72,0.69,0.98,1.95,2.50,-4.71,44.59,-18.81,1
e,2022-11-01 17:21:40.554820,-0.06,-0.72,0.69,1.28,1.77,2.50,-4.75,45.17,-18.58,1
e,2022-11-01 17:21:40.554976,-0.06,-0.72,0.69,1.16,1.95,2.44,-4.75,45.17,-18.58,1
e,2022-11-01 17:21:40.555128,-0.06,-0.72,0.69,1.22,2.01,2.50,-4.75,45.17,-18.58,1
e,2022-11-01 17:21:40.555284,-0.06,-0.72,0.69,1.10,1.95,2.44,-4.60,44.90,-20.42,1
e,2022-11-01 17:21:40.555439,-0.06,-0.72,0.69,1.22,1.89,2.56,-4.60,44.90,-20.42,1
e,2022-11-01 17:21:40.555596,-0.06,-0.72,0.69,1.10,1.89,2.44,-4.60,44.90,-20.42,1
e,2022-11-01 17:21:40.555753,-0.06,-0.72,0.69,1.28,1.77,2.44,-4.54,44.48,-20.15,1
e,2022-11-01 17:21:40.555908,-0.06,-0.72,0.69,1.22,1.95,2.50,-4.54,44.48,-20.15,1
e,2022-11-01 17:21:40.556070,-0.06,-0.72,0.69,0.98,1.95,2.38,-4.54,44.48,-20.15,1
e,2022-11-01 17:21:40.556227,-0.06,-0.72,0.69,1.16,1.89,2.38,-4.00,45.00,-19.60,1
e,2022-11-01 17:21:40.556385,-0.06,-0.72,0.69,1.16,1.89,2.50,-4.00,45.00,-19.60,1
e,2022-11-01 17:21:40.556539,-0.06,-0.72,0.69,1.28,1.89,2.50,-4.63,44.79,-20.40,1
e,2022-11-01 17:21:40.556693,-0.06,-0.72,0.69,1.16,1.95,2.44,-4.63,44.79,-20.40,1
e,2022-11-01 17:21:40.556850,-0.06,-0.72,0.69,1.22,1.95,2.50,-4.63,44.79,-20.40,1
e,2022-11-01 17:21:40.557004,-0.06,-0.72,0.69,1.22,1.89,2.50,-4.05,44.41,-19.63,1
e,2022-11-01 17:21:40.557163,-0.06,-0.72,0.69,1.10,1.89,2.44,-4.05,44.41,-19.63,1
e,2022-11-01 17:21:40.557316,-0.06,-0.72,0.69,1.10,1.95,2.32,-4.05,44.41,-19.63,1
e,2022-11-01 17:21:40.557471,-0.06,-0.72,0.69,0.98,1.89,2.50,-4.04,44.98,-20.29,1
e,2022-11-01 17:21:40.557626,-0.06,-0.72,0.69,1.10,1.95,2.32,-4.04,44.98,-20.29,1
e,2022-11-01 17:21:40.557779,-0.06,-0.72,0.69,0.98,1.95,2.44,-4.04,44.98,-20.29,1
e,2022-11-01 17:21:40.557939,-0.06,-0.72,0.69,1.10,1.89,2.50,-4.47,44.69,-19.07,1
e,2022-11-01 17:21:40.558096,-0.06,-0.72,0.69,1.22,1.77,2.50,-4.47,44.69,-19.07,1
e,2022-11-01 17:21:40.558256,-0.06,-0.72,0.69,1.28,1.95,2.38,-4.33,44.87,-19.65,1
e,2022-11-01 17:21:40.558414,-0.06,-0.72,0.69,1.04,1.89,2.44,-4.33,44.87,-19.65,1
e,2022-11-01 17:21:40.558569,-0.06,-0.72,0.69,1.16,1.77,2.44,-4.33,44.87,-19.65,1
e,2022-11-01 17:21:40.558729,-0.06,-0.72,0.69,1.28,1.89,2.56,-4.10,44.93,-19.82,1
e,2022-11-01 17:21:40.558884,-0.06,-0.72,0.69,1.28,1.95,2.38,-4.10,44.93,-19.82,1
e,2022-11-01 17:21:40.559045,-0.06,-0.72,0.69,1.16,1.77,2.38,-4.10,44.93,-19.82,1
e,2022-11-01 17:21:40.559200,-0.06,-0.72,0.69,1.04,1.83,2.50,-4.17,44.89,-18.99,1
e,2022-11-01 17:21:40.559354,-0.06,-0.72,0.69,1.22,1.83,2.44,-4.17,44.89,-18.99,1
e,2022-11-01 17:21:40.559513,-0.06,-0.72,0.69,1.10,1.83,2.50,-4.17,44.89,-18.99,1
e,2022-11-01 17:21:40.559667,-0.06,-0.72,0.69,1.10,2.01,2.32,-3.93,45.29,-19.75,1
e,2022-11-01 17:21:40.559826,-0.06,-0.72,0.69,1.34,1.95,2.62,-3.93,45.29,-19.75,1
e,2022-11-01 17:21:40.559979,-0.06,-0.72,0.69,1.16,1.89,2.44,-4.20,44.84,-19.01,1
e,2022-11-01 17:21:40.560131,-0.06,-0.72,0.69,0.85,1.89,2.32,-4.20,44.84,-19.01,1
e,2022-11-01 17:21:40.560288,-0.06,-0.72,0.69,1.28,1.89,2.44,-4.20,44.84,-19.01,1
e,2022-11-01 17:21:40.560440,-0.06,-0.72,0.69,1.10,1.83,2.32,-3.55,44.92,-20.41,1
e,2022-11-01 17:21:40.560597,-0.06,-0.72,0.69,1.22,1.95,2.44,-3.55,44.92,-20.41,1
e,2022-11-01 17:21:40.560751,-0.06,-0.72,0.69,1.28,1.95,2.50,-3.55,44.92,-20.41,1
e,2022-11-01 17:21:40.560910,-0.06,-0.72,0.69,1.22,1.89,2.44,-4.47,45.35,-20.06,1
e,2022-11-01 17:21:40.561061,-0.06,-0.72,0.69,1.16,2.01,2.56,-4.47,45.35,-20.06,1
e,2022-11-01 17:21:40.561213,-0.06,-0.72,0.69,1.10,1.95,2.50,-4.47,45.35,-20.06,1
e,2022-11-01 17:21:40.561373,-0.06,-0.72,0.69,1.04,2.01,2.32,-4.11,45.15,-18.66,1
e,2022-11-01 17:21:40.561525,-0.06,-0.72,0.69,1.10,2.01,2.26,-4.11,45.15,-18.66,1
e,2022-11-01 17:21:40.561683,-0.06,-0.72,0.69,1.22,2.01,2.38,-4.30,45.37,-19.36,1
e,2022-11-01 17:21:40.561836,-0.06,-0.72,0.69,0.98,1.95,2.50,-4.30,45.37,-19.36,1
e,2022-11-01 17:21:40.561988,-0.06,-0.75,0.69,1.10,2.01,2.44,-4.30,45.37,-19.36,1
e,2022-11-01 17:21:40.562147,-0.06,-0.72,0.69,1.04,1.89,2.50,-3.99,45.57,-20.10,1
e,2022-11-01 17:21:40.562299,-0.06,-0.72,0.69,1.04,2.01,2.38,-3.99,45.57,-20.10,1
e,2022-11-01 17:21:40.562462,-0.06,-0.72,0.69,1.28,2.01,2.44,-3.99,45.57,-20.10,1
e,2022-11-01 17:21:40.562613,-0.06,-0.72,0.69,1.34,1.71,2.44,-4.05,45.30,-18.96,1
e,2022-11-01 17:21:40.562767,-0.06,-0.69,0.69,1.46,1.95,2.44,-4.05,45.30,-18.96,1
e,2022-11-01 17:21:40.562924,-0.06,-0.72,0.69,1.10,2.08,2.50,-4.05,45.30,-18.96,1
e,2022-11-01 17:21:40.563078,-0.06,-0.72,0.69,1.04,1.95,2.20,-4.35,44.82,-18.49,1
e,2022-11-01 17:21:40.563237,-0.06,-0.72,0.69,1.16,1.83,2.44,-4.35,44.82,-18.49,1
e,2022-11-01 17:21:40.563391,-0.06,-0.72,0.69,1.22,1.89,2.62,-4.04,45.02,-20.36,1
e,2022-11-01 17:21:40.563545,-0.06,-0.72,0.69,1.28,1.77,2.32,-4.04,45.02,-20.36,1
e,2022-11-01 17:21:40.563706,-0.06,-0.72,0.69,1.22,1.83,2.50,-4.04,45.02,-20.36,1
e,2022-11-01 17:21:40.563860,-0.06,-0.72,0.69,1.16,1.89,2.50,-3.97,45.34,-20.19,1
e,2022-11-01 17:21:40.564019,-0.06,-0.72,0.69,1.16,1.89,2.38,-3.97,45.34,-20.19,1
e,2022-11-01 17:21:40.564174,-0.06,-0.72,0.69,1.16,2.01,2.44,-3.97,45.34,-20.19,1
e,2022-11-01 17:21:40.564334,-0.06,-0.72,0.69,1.04,1.71,2.26,-4.50,45.06,-20.50,1
e,2022-11-01 17:21:40.564490,-0.06,-0.72,0.69,1.22,1.89,2.44,-4.50,45.06,-20.50,1
e,2022-11-01 17:21:40.564644,-0.06,-0.72,0.69,1.16,1.89,2.44,-4.50,45.06,-20.50,1
e,2022-11-01 17:21:40.564833,-0.06,-0.72,0.69,1.04,1.89,2.38,-4.32,45.07,-18.15,1
e,2022-11-01 17:21:40.564986,-0.06,-0.72,0.69,1.10,2.08,2.44,-4.32,45.07,-18.15,1
e,2022-11-01 17:21:40.565147,-0.06,-0.72,0.69,1.10,1.89,2.50,-4.43,45.31,-19.56,1
e,2022-11-01 17:21:40.565300,-0.06,-0.72,0.69,1.04,1.95,2.38,-4.43,45.31,-19.56,1
e,2022-11-01 17:21:40.565454,-0.06,-0.72,0.69,1.22,1.83,2.50,-4.43,45.31,-19.56,1
e,2022-11-01 17:21:40.565613,-0.06,-0.72,0.70,1.10,1.89,2.38,-4.37,45.25,-19.68,1
e,2022-11-01 17:21:40.565769,-0.06,-0.72,0.69,0.98,2.08,2.32,-4.37,45.25,-19.68,1
e,2022-11-01 17:21:40.566024,-0.06,-0.72,0.69,1.22,1.77,2.38,-4.37,45.25,-19.68,1
e,2022-11-01 17:21:40.566179,-0.06,-0.72,0.69,0.98,1.83,2.44,-4.25,44.92,-19.63,1
e,2022-11-01 17:21:40.566332,-0.06,-0.72,0.69,1.16,1.77,2.50,-4.25,44.92,-19.63,1
e,2022-11-01 17:21:40.566495,-0.06,-0.72,0.69,1.10,2.01,2.32,-4.25,44.92,-19.63,1
e,2022-11-01 17:21:40.566646,-0.06,-0.72,0.69,1.04,1.83,2.32,-4.52,44.92,-19.04,1
e,2022-11-01 17:21:40.566802,-0.06,-0.72,0.69,1.28,1.95,2.50,-4.52,44.92,-19.04,1
e,2022-11-01 17:21:40.566956,-0.06,-0.72,0.69,1.28,1.95,2.50,-4.77,45.00,-19.95,1
e,2022-11-01 17:21:40.567111,-0.06,-0.72,0.69,1.04,1.83,2.38,-4.77,45.00,-19.95,1
e,2022-11-01 17:21:40.567263,-0.06,-0.72,0.69,1.16,2.01,2.56,-4.77,45.00,-19.95,1
e,2022-11-01 17:21:40.567416,-0.06,-0.72,0.69,1.10,2.01,2.56,-4.27,44.90,-20.41,1
e,2022-11-01 17:21:40.567574,-0.06,-0.72,0.69,1.22,1.95,2.26,-4.27,44.90,-20.41,1
e,2022-11-01 17:21:40.567729,-0.06,-0.72,0.69,1.04,1.89,2.44,-4.27,44.90,-20.41,1
e,2022-11-01 17:21:40.567886,-0.06,-0.72,0.69,0.98,1.77,2.38,-4.00,45.34,-19.20,1
e,2022-11-01 17:21:40.568038,-0.06,-0.72,0.69,1.16,1.83,2.50,-4.00,45.34,-19.20,1
e,2022-11-01 17:21:40.568189,-0.06,-0.72,0.69,1.04,1.71,2.32,-4.00,45.34,-19.20,1
e,2022-11-01 17:21:40.568346,-0.06,-0.72,0.69,1.10,1.83,2.44,-4.21,45.07,-18.77,1
e,2022-11-01 17:21:40.568499,-0.06,-0.72,0.69,1.22,1.89,2.50,-4.21,45.07,-18.77,1
e,2022-11-01 17:21:40.568660,-0.06,-0.72,0.69,1.16,1.95,2.38,-4.08,44.79,-20.15,1
e,2022-11-01 17:21:40.568813,-0.06,-0.72,0.69,1.04,1.95,2.20,-4.08,44.79,-20.15,1
e,2022-11-01 17:21:40.568967,-0.06,-0.72,0.69,1.10,1.89,2.50,-4.08,44.79,-20.15,1
e,2022-11-01 17:21:40.569125,-0.06,-0.72,0.69,1.22,1.89,2.38,-4.06,45.19,-19.91,1
e,2022-11-01 17:21:40.569277,-0.06,-0.72,0.69,1.22,2.01,2.38,-4.06,45.19,-19.91,1
e,2022-11-01 17:21:40.569435,-0.06,-0.72,0.69,1.10,2.08,2.44,-4.06,45.19,-19.91,1
e,2022-11-01 17:21:40.569588,-0.06,-0.72,0.69,1.16,1.65,2.38,-3.80,45.03,-20.70,1
e,2022-11-01 17:21:40.569745,-0.06,-0.72,0.69,1.04,2.01,2.38,-3.80,45.03,-20.70,1
e,2022-11-01 17:21:40.569899,-0.06,-0.72,0.69,1.22,1.95,2.38,-3.80,45.03,-20.70,1
e,2022-11-01 17:21:40.570051,-0.06,-0.72,0.69,1.04,1.89,2.44,-3.87,45.65,-20.43,1
e,2022-11-01 17:21:40.570208,-0.06,-0.72,0.69,1.16,2.01,2.62,-3.87,45.65,-20.43,1
e,2022-11-01 17:21:40.570357,-0.06,-0.72,0.69,1.16,1.83,2.38,-4.05,44.74,-19.98,1
e,2022-11-01 17:21:40.570514,-0.06,-0.72,0.69,1.28,1.89,2.32,-4.05,44.74,-19.98,1
e,2022-11-01 17:21:40.570666,-0.06,-0.72,0.69,1.22,1.77,2.38,-4.05,44.74,-19.98,1
e,2022-11-01 17:21:40.570816,-0.06,-0.72,0.69,1.28,1.83,2.44,-3.87,44.78,-20.15,1
e,2022-11-01 17:21:40.570971,-0.06,-0.72,0.69,1.16,1.89,2.56,-3.87,44.78,-20.15,1
e,2022-11-01 17:21:40.571122,-0.06,-0.72,0.69,1.16,1.95,2.44,-3.87,44.78,-20.15,1
e,2022-11-01 17:21:40.571279,-0.06,-0.72,0.69,1.28,1.89,2.38,-3.98,45.46,-20.48,1
e,2022-11-01 17:21:40.571431,-0.06,-0.72,0.69,1.34,1.77,2.38,-3.98,45.46,-20.48,1
e,2022-11-01 17:21:40.571581,-0.06,-0.72,0.69,1.22,1.83,2.50,-3.98,45.46,-20.48,1
e,2022-11-01 17:21:40.571737,-0.06,-0.72,0.69,1.34,1.89,2.44,-4.17,45.01,-19.68,1
e,2022-11-01 17:21:40.571889,-0.06,-0.72,0.69,1.16,2.01,2.50,-4.17,45.01,-19.68,1
e,2022-11-01 17:21:40.572045,-0.06,-0.72,0.69,1.16,1.95,2.32,-4.22,45.07,-19.84,1
e,2022-11-01 17:21:40.572194,-0.06,-0.72,0.69,1.04,2.01,2.44,-4.22,45.07,-19.84,1
e,2022-11-01 17:21:40.572347,-0.06,-0.72,0.69,1.16,2.01,2.44,-4.22,45.07,-19.84,1
e,2022-11-01 17:21:40.572502,-0.06,-0.72,0.69,1.16,1.95,2.50,-4.97,44.80,-20.13,1
e,2022-11-01 17:21:40.572654,-0.06,-0.72,0.69,1.04,1.95,2.50,-4.97,44.80,-20.13,1
e,2022-11-01 17:21:40.572814,-0.06,-0.72,0.69,1.10,1.77,2.50,-4.97,44.80,-20.13,1
e,2022-11-01 17:21:40.572966,-0.06,-0.72,0.69,1.10,2.08,2.44,-4.09,45.06,-19.93,1
e,2022-11-01 17:21:40.573117,-0.06,-0.72,0.69,1.28,2.01,2.62,-4.09,45.06,-19.93,1
e,2022-11-01 17:21:40.573279,-0.06,-0.72,0.69,1.16,1.89,2.50,-4.09,45.06,-19.93,1
e,2022-11-01 17:21:40.573432,-0.06,-0.72,0.69,1.16,1.83,2.38,-3.60,45.06,-19.21,1
e,2022-11-01 17:21:40.573588,-0.06,-0.72,0.69,0.98,1.95,2.32,-3.60,45.06,-19.21,1
e,2022-11-01 17:21:40.573739,-0.06,-0.72,0.69,1.16,1.83,2.50,-4.11,44.95,-19.07,1
e,2022-11-01 17:21:40.573891,-0.06,-0.72,0.69,1.22,1.95,2.50,-4.11,44.95,-19.07,1
e,2022-11-01 17:21:40.574045,-0.06,-0.72,0.69,1.10,1.89,2.50,-4.11,44.95,-19.07,1
e,2022-11-01 17:21:40.574196,-0.06,-0.72,0.69,1.10,1.95,2.44,-3.41,44.89,-19.64,1
e,2022-11-01 17:21:40.574353,-0.06,-0.72,0.69,1.16,1.95,2.56,-3.41,44.89,-19.64,1
e,2022-11-01 17:21:40.574504,-0.06,-0.72,0.69,0.92,1.83,2.44,-3.41,44.89,-19.64,1
e,2022-11-01 17:21:40.574661,-0.06,-0.72,0.69,1.22,1.89,2.56,-4.06,44.95,-20.41,1
e,2022-11-01 17:21:40.574812,-0.06,-0.72,0.69,1.04,1.83,2.44,-4.06,44.95,-20.41,1
e,2022-11-01 17:21:40.574966,-0.06,-0.72,0.69,0.98,1.95,2.44,-4.06,44.95,-20.41,1
e,2022-11-01 17:21:40.575126,-0.06,-0.72,0.69,1.16,1.95,2.32,-4.14,45.34,-19.63,1
e,2022-11-01 17:21:40.575277,-0.06,-0.72,0.69,1.34,1.83,2.38,-4.14,45.34,-19.63,1
e,2022-11-01 17:21:40.575434,-0.06,-0.72,0.69,1.10,1.95,2.50,-3.98,44.87,-19.80,1
e,2022-11-01 17:21:40.575587,-0.06,-0.72,0.69,1.04,1.89,2.38,-3.98,44.87,-19.80,1
e,2022-11-01 17:21:40.575738,-0.06,-0.72,0.69,1.04,1.95,2.50,-3.98,44.87,-19.80,1
e,2022-11-01 17:21:40.575896,-0.06,-0.72,0.69,1.22,1.83,2.56,-4.59,45.30,-20.30,1
e,2022-11-01 17:21:40.576050,-0.06,-0.72,0.69,1.04,1.83,2.38,-4.59,45.30,-20.30,1
e,2022-11-01 17:21:40.576206,-0.06,-0.72,0.69,0.98,1.77,2.44,-4.59,45.30,-20.30,1
e,2022-11-01 17:21:40.576355,-0.06,-0.72,0.69,1.28,1.77,2.44,-4.31,45.19,-20.31,1
e,2022-11-01 17:21:40.576506,-0.06,-0.72,0.69,1.10,1.89,2.44,-4.31,45.19,-20.31,1
e,2022-11-01 17:21:40.576661,-0.06,-0.72,0.69,1.16,1.83,2.32,-4.31,45.19,-20.31,1
e,2022-11-01 17:21:40.576812,-0.06,-0.72,0.69,0.92,1.89,2.32,-5.52,45.01,-18.97,1
e,2022-11-01 17:21:40.576970,-0.06,-0.72,0.69,1.04,1.71,2.44,-5.52,45.01,-18.97,1
e,2022-11-01 17:21:40.577123,-0.06,-0.72,0.69,1.16,1.89,2.56,-4.26,45.26,-20.06,1
e,2022-11-01 17:21:40.577277,-0.06,-0.72,0.69,1.04,1.89,2.38,-4.26,45.26,-20.06,1
e,2022-11-01 17:21:40.577427,-0.06,-0.72,0.69,1.28,2.01,2.62,-4.26,45.26,-20.06,1
e,2022-11-01 17:21:40.577579,-0.06,-0.72,0.70,1.28,1.89,2.50,-4.38,45.12,-20.08,1
e,2022-11-01 17:21:40.577737,-0.06,-0.72,0.69,1.22,1.95,2.44,-4.38,45.12,-20.08,1
e,2022-11-01 17:21:40.577886,-0.06,-0.72,0.69,1.16,1.83,2.32,-4.38,45.12,-20.08,1
e,2022-11-01 17:21:40.578040,-0.06,-0.72,0.69,1.10,1.77,2.32,-4.22,44.86,-20.30,1
e,2022-11-01 17:21:40.578189,-0.06,-0.72,0.69,1.16,1.89,2.44,-4.22,44.86,-20.30,1
e,2022-11-01 17:21:40.578339,-0.06,-0.72,0.69,0.98,1.83,2.26,-4.22,44.86,-20.30,1
e,2022-11-01 17:21:40.578494,-0.06,-0.72,0.69,1.16,1.83,2.44,-4.25,44.68,-21.11,1
e,2022-11-01 17:21:40.578644,-0.06,-0.72,0.69,1.16,1.95,2.44,-4.25,44.68,-21.11,1
e,2022-11-01 17:21:40.578800,-0.06,-0.72,0.70,1.28,1.77,2.38,-4.65,44.89,-20.80,1
e,2022-11-01 17:21:40.578949,-0.06,-0.72,0.69,0.98,2.01,2.50,-4.65,44.89,-20.80,1
e,2022-11-01 17:21:40.579100,-0.06,-0.72,0.69,1.28,2.08,2.38,-4.65,44.89,-20.80,1
e,2022-11-01 17:21:40.579257,-0.06,-0.72,0.69,1.10,1.89,2.50,-4.03,44.60,-20.08,1
e,2022-11-01 17:21:40.579407,-0.06,-0.72,0.69,1.16,1.89,2.56,-4.03,44.60,-20.08,1
e,2022-11-01 17:21:40.579563,-0.06,-0.72,0.69,1.16,1.83,2.38,-4.03,44.60,-20.08,1
e,2022-11-01 17:21:40.579712,-0.06,-0.72,0.69,1.22,1.77,2.38,-4.72,44.98,-20.01,1
e,2022-11-01 17:21:40.579862,-0.06,-0.72,0.69,1.22,1.95,2.38,-4.72,44.98,-20.01,1
e,2022-11-01 17:21:40.580041,-0.06,-0.72,0.69,1.28,1.77,2.50,-4.72,44.98,-20.01,1
e,2022-11-01 17:21:40.580192,-0.06,-0.72,0.69,1.04,1.83,2.26,-4.04,44.35,-19.38,1
e,2022-11-01 17:21:40.580347,-0.06,-0.72,0.69,1.16,2.01,2.50,-4.04,44.35,-19.38,1
e,2022-11-01 17:21:40.580497,-0.06,-0.72,0.70,1.34,2.14,2.56,-4.24,44.98,-19.40,1
e,2022-11-01 17:21:40.580652,-0.06,-0.72,0.69,1.10,1.95,2.26,-4.24,44.98,-19.40,1
e,2022-11-01 17:21:40.580802,-0.06,-0.72,0.69,1.04,1.89,2.38,-4.24,44.98,-19.40,1
e,2022-11-01 17:21:40.580952,-0.06,-0.72,0.69,1.22,1.89,2.38,-3.91,44.06,-21.28,1
e,2022-11-01 17:21:40.581108,-0.06,-0.72,0.69,1.34,1.95,2.38,-3.91,44.06,-21.28,1
e,2022-11-01 17:21:40.581259,-0.06,-0.72,0.69,0.98,2.01,2.50,-3.91,44.06,-21.28,1
e,2022-11-01 17:21:40.581413,-0.06,-0.72,0.69,0.92,1.77,2.32,-4.22,44.91,-20.21,1
e,2022-11-01 17:21:40.581564,-0.06,-0.72,0.69,1.22,1.89,2.50,-4.22,44.91,-20.21,1
e,2022-11-01 17:21:40.581714,-0.06,-0.72,0.69,1.04,1.95,2.50,-4.22,44.91,-20.21,1
e,2022-11-01 17:21:40.581869,-0.06,-0.72,0.69,1.16,1.83,2.32,-3.98,44.68,-19.76,1
e,2022-11-01 17:21:40.582018,-0.06,-0.72,0.69,1.16,1.95,2.44,-3.98,44.68,-19.76,1
e,2022-11-01 17:21:40.582174,-0.06,-0.72,0.69,0.98,1.95,2.38,-4.00,44.73,-19.26,1
e,2022-11-01 17:21:40.582325,-0.06,-0.72,0.69,0.98,1.89,2.38,-4.00,44.73,-19.26,1
e,2022-11-01 17:21:40.582476,-0.06,-0.72,0.69,1.04,2.01,2.50,-4.00,44.73,-19.26,1
e,2022-11-01 17:21:40.582631,-0.06,-0.72,0.69,1.04,1.89,2.38,-4.61,44.93,-20.24,1
e,2022-11-01 17:21:40.582780,-0.06,-0.72,0.69,1.16,1.89,2.38,-4.61,44.93,-20.24,1
e,2022-11-01 17:21:40.582936,-0.06,-0.72,0.69,1.10,1.89,2.50,-4.61,44.93,-20.24,1
e,2022-11-01 17:21:40.583085,-0.06,-0.72,0.69,1.10,1.89,2.56,-4.36,44.63,-21.02,1
e,2022-11-01 17:21:40.583236,-0.06,-0.72,0.69,1.22,1.95,2.69,-4.36,44.63,-21.02,1
e,2022-11-01 17:21:40.583390,-0.06,-0.72,0.69,1.10,2.08,2.26,-4.36,44.63,-21.02,1
e,2022-11-01 17:21:40.583543,-0.06,-0.72,0.69,1.04,1.83,2.20,-4.28,44.82,-19.92,1
e,2022-11-01 17:21:40.583696,-0.06,-0.72,0.70,1.22,1.89,2.44,-4.28,44.82,-19.92,1
e,2022-11-01 17:21:40.583845,-0.06,-0.72,0.69,1.16,1.89,2.44,-4.11,44.59,-19.91,1
e,2022-11-01 17:21:40.584016,-0.06,-0.72,0.69,1.16,1.65,2.32,-4.11,44.59,-19.91,1
e,2022-11-01 17:21:40.584227,-0.06,-0.72,0.69,1.22,2.01,2.38,-4.11,44.59,-19.91,1
e,2022-11-01 17:21:40.584383,-0.06,-0.72,0.69,1.22,1.77,2.32,-3.61,44.29,-20.91,1
e,2022-11-01 17:21:40.584542,-0.06,-0.72,0.69,1.16,1.77,2.20,-3.61,44.29,-20.91,1
e,2022-11-01 17:21:40.584696,-0.06,-0.72,0.69,1.16,1.89,2.38,-3.61,44.29,-20.91,1
e,2022-11-01 17:21:40.584871,-0.06,-0.72,0.70,1.10,1.77,2.32,-4.49,44.20,-20.06,1
e,2022-11-01 17:21:40.585027,-0.06,-0.72,0.69,1.10,1.89,2.38,-4.49,44.20,-20.06,1
e,2022-11-01 17:21:40.585181,-0.06,-0.72,0.69,1.22,1.77,2.32,-4.49,44.20,-20.06,1
e,2022-11-01 17:21:40.585339,-0.06,-0.72,0.69,0.98,1.83,2.38,-4.13,44.43,-19.56,1
e,2022-11-01 17:21:40.585495,-0.06,-0.72,0.69,1.22,1.89,2.56,-4.13,44.43,-19.56,1
e,2022-11-01 17:21:40.585659,-0.06,-0.72,0.69,1.22,1.95,2.50,-3.89,44.91,-20.46,1
e,2022-11-01 17:21:40.585813,-0.06,-0.72,0.69,1.16,1.95,2.26,-3.89,44.91,-20.46,1
e,2022-11-01 17:21:40.585969,-0.06,-0.72,0.69,1.22,1.71,2.44,-3.89,44.91,-20.46,1
e,2022-11-01 17:21:40.586132,-0.06,-0.72,0.69,1.04,1.65,2.26,-3.94,44.65,-20.07,1
e,2022-11-01 17:21:40.586289,-0.06,-0.72,0.69,1.10,1.89,2.26,-3.94,44.65,-20.07,1
e,2022-11-01 17:21:40.586451,-0.06,-0.72,0.69,1.16,2.01,2.32,-3.94,44.65,-20.07,1
e,2022-11-01 17:21:40.586605,-0.06,-0.72,0.69,1.16,1.53,2.38,-3.85,44.81,-20.69,1
e,2022-11-01 17:21:40.586767,-0.06,-0.72,0.69,1.10,1.83,2.44,-3.85,44.81,-20.69,1
e,2022-11-01 17:21:40.586924,-0.06,-0.72,0.69,1.04,1.83,2.56,-3.85,44.81,-20.69,1
e,2022-11-01 17:21:40.587078,-0.06,-0.72,0.69,1.16,1.95,2.32,-3.97,44.68,-19.75,1
e,2022-11-01 17:21:40.587242,-0.06,-0.72,0.69,1.16,1.89,2.50,-3.97,44.68,-19.75,1
e,2022-11-01 17:21:40.587398,-0.06,-0.72,0.69,1.16,1.95,2.44,-3.91,44.95,-20.64,1
e,2022-11-01 17:21:40.587559,-0.06,-0.72,0.69,1.28,1.77,2.32,-3.91,44.95,-20.64,1
e,2022-11-01 17:21:40.587713,-0.06,-0.72,0.69,1.10,1.71,2.38,-3.91,44.95,-20.64,1
e,2022-11-01 17:21:40.587867,-0.06,-0.72,0.69,1.22,1.65,2.50,-3.31,44.79,-20.01,1
e,2022-11-01 17:21:40.588057,-0.06,-0.72,0.69,1.28,1.83,2.50,-3.31,44.79,-20.01,1
e,2022-11-01 17:21:40.588210,-0.06,-0.72,0.70,1.28,1.83,2.38,-3.31,44.79,-20.01,1
e,2022-11-01 17:21:40.588366,-0.06,-0.72,0.69,1.22,1.77,2.32,-3.26,44.59,-20.26,1
e,2022-11-01 17:21:40.588517,-0.06,-0.72,0.69,1.34,1.83,2.38,-3.26,44.59,-20.26,1
e,2022-11-01 17:21:40.588669,-0.06,-0.72,0.69,1.16,1.83,2.50,-3.26,44.59,-20.26,1
e,2022-11-01 17:21:40.588823,-0.06,-0.72,0.69,1.04,1.71,2.32,-3.93,44.27,-18.87,1
e,2022-11-01 17:21:40.588973,-0.06,-0.72,0.69,1.22,1.77,2.38,-3.93,44.27,-18.87,1
e,2022-11-01 17:21:40.589127,-0.06,-0.72,0.69,1.16,1.77,2.50,-3.75,44.57,-19.04,1
e,2022-11-01 17:21:40.589279,-0.06,-0.72,0.69,1.28,1.77,2.32,-3.75,44.57,-19.04,1
e,2022-11-01 17:21:40.589438,-0.06,-0.72,0.69,1.28,1.83,2.38,-3.75,44.57,-19.04,1
e,2022-11-01 17:21:40.589590,-0.06,-0.72,0.70,1.34,1.89,2.44,-4.11,45.24,-19.48,1
e,2022-11-01 17:21:40.589743,-0.06,-0.72,0.69,0.98,2.01,2.32,-4.11,45.24,-19.48,1
e,2022-11-01 17:21:40.589902,-0.06,-0.72,0.69,1.16,1.77,2.38,-4.11,45.24,-19.48,1
e,2022-11-01 17:21:40.590054,-0.06,-0.72,0.69,1.16,1.77,2.50,-4.11,44.92,-20.92,1
e,2022-11-01 17:21:40.590210,-0.06,-0.72,0.69,1.22,1.77,2.56,-4.11,44.92,-20.92,1
e,2022-11-01 17:21:40.590362,-0.06,-0.72,0.69,1.10,1.83,2.38,-4.11,44.92,-20.92,1
e,2022-11-01 17:21:40.590513,-0.06,-0.72,0.70,1.16,1.77,2.38,-4.00,44.68,-19.01,1
e,2022-11-01 17:21:40.590670,-0.06,-0.72,0.69,1.04,1.71,2.38,-4.00,44.68,-19.01,1
e,2022-11-01 17:21:40.590822,-0.06,-0.72,0.70,1.16,1.89,2.38,-3.76,44.79,-20.58,1
e,2022-11-01 17:21:40.590978,-0.06,-0.72,0.69,1.04,1.95,2.26,-3.76,44.79,-20.58,1
e,2022-11-01 17:21:40.591128,-0.06,-0.72,0.69,1.10,1.83,2.62,-3.76,44.79,-20.58,1
e,2022-11-01 17:21:40.591282,-0.06,-0.72,0.70,1.10,1.95,2.38,-3.85,45.79,-20.07,1
e,2022-11-01 17:21:40.591436,-0.06,-0.72,0.69,1.22,1.89,2.20,-3.85,45.79,-20.07,1
e,2022-11-01 17:21:40.591585,-0.06,-0.72,0.69,1.04,1.89,2.20,-3.85,45.79,-20.07,1
e,2022-11-01 17:21:40.591746,-0.06,-0.72,0.70,1.04,1.89,2.44,-3.93,44.57,-19.75,1
e,2022-11-01 17:21:40.591899,-0.06,-0.72,0.69,1.10,1.95,2.44,-3.93,44.57,-19.75,1
e,2022-11-01 17:21:40.592056,-0.06,-0.72,0.69,1.28,1.83,2.32,-3.93,44.57,-19.75,1
e,2022-11-01 17:21:40.592208,-0.06,-0.72,0.69,0.73,1.83,2.56,-4.06,44.70,-19.21,1
e,2022-11-01 17:21:40.592359,-0.06,-0.72,0.69,1.10,1.89,2.32,-4.06,44.70,-19.21,1
e,2022-11-01 17:21:40.592521,-0.06,-0.72,0.70,1.22,1.83,2.62,-4.39,44.98,-20.07,1
e,2022-11-01 17:21:40.592672,-0.06,-0.72,0.69,1.04,1.95,2.26,-4.39,44.98,-20.07,1
e,2022-11-01 17:21:40.592830,-0.06,-0.72,0.69,0.98,1.89,2.50,-4.39,44.98,-20.07,1
e,2022-11-01 17:21:40.592984,-0.06,-0.72,0.69,1.34,1.71,2.32,-4.46,45.14,-19.93,1
e,2022-11-01 17:21:40.593137,-0.06,-0.72,0.69,1.10,1.83,2.32,-4.46,45.14,-19.93,1
e,2022-11-01 17:21:40.593292,-0.06,-0.72,0.69,1.22,1.95,2.38,-4.46,45.14,-19.93,1
e,2022-11-01 17:21:40.593444,-0.06,-0.72,0.69,1.16,1.89,2.38,-3.81,44.85,-19.07,1
e,2022-11-01 17:21:40.593601,-0.06,-0.72,0.69,1.10,1.71,2.38,-3.81,44.85,-19.07,1
e,2022-11-01 17:21:40.593753,-0.06,-0.72,0.69,1.28,1.95,2.50,-3.81,44.85,-19.07,1
e,2022-11-01 17:21:40.593903,-0.06,-0.72,0.69,1.16,1.89,2.50,-3.74,45.06,-19.69,1
e,2022-11-01 17:21:40.594058,-0.06,-0.72,0.69,1.22,1.89,2.44,-3.74,45.06,-19.69,1
e,2022-11-01 17:21:40.594210,-0.06,-0.72,0.69,1.22,1.89,2.44,-3.88,44.93,-19.01,1
e,2022-11-01 17:21:40.594365,-0.06,-0.72,0.69,1.22,1.89,2.44,-3.88,44.93,-19.01,1
e,2022-11-01 17:21:40.594515,-0.06,-0.72,0.69,1.40,1.89,2.50,-3.88,44.93,-19.01,1
e,2022-11-01 17:21:40.594673,-0.06,-0.72,0.69,1.22,1.89,2.38,-3.92,44.73,-20.04,1
e,2022-11-01 17:21:40.594824,-0.06,-0.72,0.69,1.22,1.95,2.32,-3.92,44.73,-20.04,1
e,2022-11-01 17:21:40.594977,-0.06,-0.72,0.69,1.22,1.89,2.38,-3.92,44.73,-20.04,1
e,2022-11-01 17:21:40.595133,-0.06,-0.72,0.69,1.22,1.95,2.56,-3.94,45.02,-18.30,1
e,2022-11-01 17:21:40.595283,-0.06,-0.72,0.70,1.22,1.83,2.38,-3.94,45.02,-18.30,1
e,2022-11-01 17:21:40.595465,-0.06,-0.72,0.69,1.22,1.83,2.38,-3.94,45.02,-18.30,1
e,2022-11-01 17:21:40.595616,-0.06,-0.72,0.69,0.85,1.95,2.38,-4.49,44.46,-18.68,1
e,2022-11-01 17:21:40.595766,-0.06,-0.72,0.69,1.04,1.83,2.50,-4.49,44.46,-18.68,1
e,2022-11-01 17:21:40.595923,-0.06,-0.72,0.69,1.22,1.95,2.56,-3.71,44.78,-19.69,1
e,2022-11-01 17:21:40.596072,-0.06,-0.72,0.69,1.10,1.95,2.44,-3.71,44.78,-19.69,1
e,2022-11-01 17:21:40.596228,-0.06,-0.72,0.69,0.92,1.83,2.32,-3.71,44.78,-19.69,1
e,2022-11-01 17:21:40.596378,-0.06,-0.72,0.69,0.98,2.01,2.50,-4.00,45.09,-20.52,1
e,2022-11-01 17:21:40.596528,-0.06,-0.72,0.69,0.92,2.01,2.50,-4.00,45.09,-20.52,1
e,2022-11-01 17:21:40.596686,-0.06,-0.72,0.69,1.22,2.01,2.56,-4.00,45.09,-20.52,1
e,2022-11-01 17:21:40.596839,-0.06,-0.72,0.69,1.04,1.95,2.38,-4.10,44.96,-19.98,1
e,2022-11-01 17:21:40.596995,-0.06,-0.72,0.69,1.04,2.01,2.38,-4.10,44.96,-19.98,1
e,2022-11-01 17:21:40.597146,-0.06,-0.72,0.69,1.22,1.77,2.44,-4.10,44.96,-19.98,1
e,2022-11-01 17:21:40.597302,-0.06,-0.72,0.69,0.92,1.71,2.44,-4.25,44.62,-17.86,1
e,2022-11-01 17:21:40.597457,-0.06,-0.72,0.69,1.16,1.83,2.44,-4.25,44.62,-17.86,1
e,2022-11-01 17:21:40.597608,-0.06,-0.72,0.69,0.98,1.83,2.32,-4.06,44.92,-19.69,1
e,2022-11-01 17:21:40.597764,-0.06,-0.72,0.70,1.04,1.89,2.38,-4.06,44.92,-19.69,1
e,2022-11-01 17:21:40.597915,-0.06,-0.72,0.69,0.98,1.89,2.26,-4.06,44.92,-19.69,1
e,2022-11-01 17:21:40.598070,-0.06,-0.72,0.69,0.98,1.89,2.44,-4.41,45.03,-18.86,1
e,2022-11-01 17:21:40.598220,-0.06,-0.72,0.70,1.34,1.83,2.32,-4.41,45.03,-18.86,1
e,2022-11-01 17:21:40.598371,-0.06,-0.72,0.69,1.34,1.89,2.44,-4.41,45.03,-18.86,1
e,2022-11-01 17:21:40.598526,-0.06,-0.72,0.69,1.10,1.77,2.32,-4.10,45.01,-18.62,1
e,2022-11-01 17:21:40.598677,-0.06,-0.72,0.70,0.98,2.01,2.44,-4.10,45.01,-18.62,1
e,2022-11-01 17:21:40.598834,-0.06,-0.72,0.69,1.04,1.83,2.50,-4.10,45.01,-18.62,1
e,2022-11-01 17:21:40.598984,-0.06,-0.72,0.69,1.16,1.71,2.20,-4.24,45.14,-18.69,1
e,2022-11-01 17:21:40.599134,-0.06,-0.72,0.69,1.16,1.77,2.38,-4.24,45.14,-18.69,1
e,2022-11-01 17:21:40.599289,-0.06,-0.72,0.69,1.22,1.71,2.32,-4.03,44.78,-20.08,1
e,2022-11-01 17:21:40.599440,-0.06,-0.72,0.70,1.22,2.01,2.50,-4.03,44.78,-20.08,1
e,2022-11-01 17:21:40.599595,-0.06,-0.72,0.69,0.98,1.83,2.44,-4.03,44.78,-20.08,1
e,2022-11-01 17:21:40.599747,-0.06,-0.72,0.69,0.92,1.95,2.56,-4.15,44.69,-20.68,1
e,2022-11-01 17:21:40.599902,-0.06,-0.72,0.69,1.04,1.95,2.38,-4.15,44.69,-20.68,1
e,2022-11-01 17:21:40.600053,-0.06,-0.72,0.69,0.98,1.71,2.44,-4.15,44.69,-20.68,1
e,2022-11-01 17:21:40.600203,-0.06,-0.72,0.69,1.04,1.77,2.38,-4.36,44.78,-20.03,1
e,2022-11-01 17:21:40.600358,-0.06,-0.72,0.70,1.04,2.01,2.26,-4.36,44.78,-20.03,1
e,2022-11-01 17:21:40.600508,-0.06,-0.72,0.70,1.22,1.95,2.38,-4.36,44.78,-20.03,1
e,2022-11-01 17:21:40.600663,-0.06,-0.72,0.69,1.04,1.89,2.38,-4.47,45.06,-19.56,1
e,2022-11-01 17:21:40.600813,-0.06,-0.72,0.69,1.10,1.89,2.50,-4.47,45.06,-19.56,1
e,2022-11-01 17:21:40.600964,-0.06,-0.72,0.70,1.22,1.89,2.38,-4.19,45.18,-20.04,1
e,2022-11-01 17:21:40.601120,-0.06,-0.72,0.70,1.10,1.83,2.50,-4.19,45.18,-20.04,1
e,2022-11-01 17:21:40.601271,-0.06,-0.72,0.69,1.16,2.01,2.32,-4.19,45.18,-20.04,1
e,2022-11-01 17:21:40.601429,-0.06,-0.72,0.70,1.10,1.89,2.38,-4.25,44.67,-20.31,1
e,2022-11-01 17:21:40.601581,-0.06,-0.72,0.69,1.10,1.95,2.44,-4.25,44.67,-20.31,1
e,2022-11-01 17:21:40.601732,-0.06,-0.72,0.70,1.22,1.83,2.50,-4.25,44.67,-20.31,1
e,2022-11-01 17:21:40.601889,-0.06,-0.72,0.69,1.16,1.71,2.26,-4.31,45.06,-18.70,1
e,2022-11-01 17:21:40.602041,-0.06,-0.72,0.69,1.22,1.83,2.44,-4.31,45.06,-18.70,1
e,2022-11-01 17:21:40.602198,-0.06,-0.72,0.69,1.16,1.89,2.38,-4.31,45.06,-18.70,1
e,2022-11-01 17:21:40.602348,-0.06,-0.72,0.69,1.04,1.65,2.14,-4.76,45.45,-19.57,1
e,2022-11-01 17:21:40.602499,-0.06,-0.72,0.69,1.22,1.83,2.44,-4.76,45.45,-19.57,1
e,2022-11-01 17:21:40.602655,-0.06,-0.72,0.70,1.16,2.08,2.32,-4.88,45.00,-20.09,1
e,2022-11-01 17:21:40.602808,-0.06,-0.72,0.69,1.04,1.89,2.32,-4.88,45.00,-20.09,1
e,2022-11-01 17:21:40.602966,-0.06,-0.72,0.69,1.10,1.83,2.38,-4.88,45.00,-20.09,1
e,2022-11-01 17:21:40.603117,-0.06,-0.72,0.70,1.04,1.89,2.50,-4.28,45.04,-21.61,1
e,2022-11-01 17:21:40.603273,-0.06,-0.72,0.69,1.10,1.89,2.32,-4.28,45.04,-21.61,1
e,2022-11-01 17:21:40.603424,-0.06,-0.72,0.69,1.16,2.08,2.32,-4.28,45.04,-21.61,1
e,2022-11-01 17:21:40.603574,-0.06,-0.72,0.69,0.85,2.01,2.26,-4.02,45.10,-19.62,1
e,2022-11-01 17:21:40.603734,-0.06,-0.72,0.70,1.10,1.89,2.38,-4.02,45.10,-19.62,1
e,2022-11-01 17:21:40.603886,-0.06,-0.72,0.70,1.22,1.95,2.44,-4.02,45.10,-19.62,1
e,2022-11-01 17:21:40.604046,-0.06,-0.72,0.69,1.04,1.95,2.50,-4.05,45.15,-19.78,1
e,2022-11-01 17:21:40.604199,-0.06,-0.72,0.69,1.22,1.89,2.56,-4.05,45.15,-19.78,1
e,2022-11-01 17:21:40.604351,-0.06,-0.72,0.70,1.28,1.83,2.38,-4.17,45.02,-19.84,1
e,2022-11-01 17:21:40.604510,-0.06,-0.72,0.69,1.16,1.83,2.44,-4.17,45.02,-19.84,1
e,2022-11-01 17:21:40.604661,-0.06,-0.72,0.69,1.16,1.95,2.44,-4.17,45.02,-19.84,1
e,2022-11-01 17:21:40.604819,-0.06,-0.72,0.70,0.98,1.77,2.14,-4.17,44.75,-20.09,1
e,2022-11-01 17:21:40.604972,-0.06,-0.72,0.69,1.16,1.83,2.50,-4.17,44.75,-20.09,1
e,2022-11-01 17:21:40.605127,-0.06,-0.72,0.69,1.22,2.08,2.38,-4.17,44.75,-20.09,1
e,2022-11-01 17:21:40.605357,-0.06,-0.72,0.69,1.22,1.77,2.50,-4.10,44.84,-20.61,1
e,2022-11-01 17:21:40.605513,-0.06,-0.72,0.70,0.98,1.83,2.32,-4.10,44.84,-20.61,1
e,2022-11-01 17:21:40.605681,-0.06,-0.72,0.70,1.28,1.95,2.62,-4.10,44.84,-20.61,1
e,2022-11-01 17:21:40.605837,-0.06,-0.72,0.70,1.22,1.77,2.44,-4.16,45.04,-19.24,1
e,2022-11-01 17:21:40.605994,-0.06,-0.72,0.70,1.22,1.83,2.50,-4.16,45.04,-19.24,1
e,2022-11-01 17:21:40.606169,-0.06,-0.72,0.69,1.10,1.89,2.50,-4.08,44.69,-20.45,1
e,2022-11-01 17:21:40.606326,-0.06,-0.72,0.70,1.04,1.95,2.44,-4.08,44.69,-20.45,1
e,2022-11-01 17:21:40.606490,-0.06,-0.72,0.70,1.10,1.89,2.44,-4.08,44.69,-20.45,1
e,2022-11-01 17:21:40.606647,-0.06,-0.72,0.69,1.10,1.77,2.44,-4.64,44.71,-19.71,1
e,2022-11-01 17:21:40.606808,-0.06,-0.72,0.69,1.16,1.95,2.38,-4.64,44.71,-19.71,1
e,2022-11-01 17:21:40.606964,-0.06,-0.72,0.70,1.22,1.95,2.38,-4.64,44.71,-19.71,1
e,2022-11-01 17:21:40.607119,-0.06,-0.72,0.69,1.16,1.77,2.32,-3.99,44.97,-19.38,1
e,2022-11-01 17:21:40.607277,-0.06,-0.72,0.70,1.28,1.95,2.62,-3.99,44.97,-19.38,1
e,2022-11-01 17:21:40.607435,-0.06,-0.72,0.70,1.22,1.83,2.38,-4.04,45.09,-19.48,1
e,2022-11-01 17:21:40.607598,-0.06,-0.72,0.69,0.98,2.01,2.38,-4.04,45.09,-19.48,1
e,2022-11-01 17:21:40.607754,-0.06,-0.72,0.69,1.10,1.83,2.50,-4.04,45.09,-19.48,1
e,2022-11-01 17:21:40.607911,-0.06,-0.72,0.70,1.16,2.01,2.44,-4.20,45.10,-20.57,1
e,2022-11-01 17:21:40.608073,-0.06,-0.72,0.70,1.28,1.83,2.44,-4.20,45.10,-20.57,1
e,2022-11-01 17:21:40.608229,-0.06,-0.72,0.70,1.34,1.89,2.50,-4.20,45.10,-20.57,1
e,2022-11-01 17:21:40.608393,-0.06,-0.72,0.69,1.10,1.83,2.38,-4.47,44.74,-20.23,1
e,2022-11-01 17:21:40.608546,-0.06,-0.72,0.70,1.16,2.01,2.44,-4.47,44.74,-20.23,1
e,2022-11-01 17:21:40.608702,-0.06,-0.72,0.70,1.22,1.83,2.56,-4.47,44.74,-20.23,1
e,2022-11-01 17:21:40.608863,-0.06,-0.72,0.70,1.10,2.08,2.32,-4.02,45.18,-19.62,1
e,2022-11-01 17:21:40.609018,-0.06,-0.72,0.69,1.16,2.01,2.50,-4.02,45.18,-19.62,1
e,2022-11-01 17:21:40.609179,-0.06,-0.72,0.70,1.10,1.83,2.32,-4.21,45.02,-20.03,1
e,2022-11-01 17:21:40.609336,-0.06,-0.72,0.69,0.98,1.71,2.38,-4.21,45.02,-20.03,1
e,2022-11-01 17:21:40.609494,-0.06,-0.72,0.70,1.28,1.95,2.38,-4.21,45.02,-20.03,1
e,2022-11-01 17:21:40.609659,-0.06,-0.72,0.70,1.28,1.89,2.44,-4.17,44.80,-19.68,1
e,2022-11-01 17:21:40.609815,-0.06,-0.72,0.69,1.10,1.95,2.38,-4.17,44.80,-19.68,1
e,2022-11-01 17:21:40.609978,-0.06,-0.72,0.69,1.16,1.95,2.32,-4.17,44.80,-19.68,1
e,2022-11-01 17:21:40.610133,-0.06,-0.72,0.69,1.04,1.95,2.50,-4.21,44.80,-21.07,1
e,2022-11-01 17:21:40.610292,-0.06,-0.72,0.69,1.16,1.89,2.44,-4.21,44.80,-21.07,1
e,2022-11-01 17:21:40.610448,-0.06,-0.72,0.70,1.16,2.01,2.56,-4.21,44.80,-21.07,1
e,2022-11-01 17:21:40.610603,-0.06,-0.72,0.70,1.16,1.95,2.44,-4.53,44.91,-20.20,1
e,2022-11-01 17:21:40.610786,-0.06,-0.72,0.70,1.22,1.89,2.44,-4.53,44.91,-20.20,1
e,2022-11-01 17:21:40.610940,-0.06,-0.72,0.70,1.10,1.95,2.44,-4.32,44.76,-19.97,1
e,2022-11-01 17:21:40.611098,-0.06,-0.72,0.70,1.04,1.89,2.50,-4.32,44.76,-19.97,1
e,2022-11-01 17:21:40.611251,-0.06,-0.72,0.69,0.98,2.01,2.44,-4.32,44.76,-19.97,1
e,2022-11-01 17:21:40.611401,-0.06,-0.72,0.70,1.16,2.01,2.56,-4.55,44.81,-19.43,1
e,2022-11-01 17:21:40.611559,-0.06,-0.72,0.70,1.04,1.95,2.38,-4.55,44.81,-19.43,1
e,2022-11-01 17:21:40.611709,-0.06,-0.72,0.69,1.10,1.89,2.38,-4.55,44.81,-19.43,1
e,2022-11-01 17:21:40.611864,-0.06,-0.71,0.70,1.04,2.01,2.56,-4.11,45.24,-19.41,1
e,2022-11-01 17:21:40.612016,-0.06,-0.72,0.69,1.34,1.83,2.44,-4.11,45.24,-19.41,1
e,2022-11-01 17:21:40.612166,-0.06,-0.72,0.70,1.16,2.01,2.56,-4.11,45.24,-19.41,1
e,2022-11-01 17:21:40.612322,-0.06,-0.72,0.69,0.92,1.83,2.14,-3.42,44.71,-19.25,1
e,2022-11-01 17:21:40.612474,-0.06,-0.72,0.70,1.22,1.89,2.44,-3.42,44.71,-19.25,1
e,2022-11-01 17:21:40.612631,-0.06,-0.72,0.69,1.04,1.95,2.50,-4.16,44.60,-18.88,1
e,2022-11-01 17:21:40.612784,-0.06,-0.72,0.70,0.92,1.89,2.38,-4.16,44.60,-18.88,1
e,2022-11-01 17:21:40.612935,-0.06,-0.72,0.69,1.28,1.95,2.56,-4.16,44.60,-18.88,1
e,2022-11-01 17:21:40.613093,-0.06,-0.72,0.70,0.92,1.77,2.32,-3.76,44.63,-21.25,1
e,2022-11-01 17:21:40.613244,-0.06,-0.72,0.70,1.10,1.95,2.38,-3.76,44.63,-21.25,1
e,2022-11-01 17:21:40.613403,-0.06,-0.72,0.69,1.04,2.08,2.44,-3.76,44.63,-21.25,1
e,2022-11-01 17:21:40.613556,-0.06,-0.72,0.70,0.98,1.95,2.20,-4.76,45.02,-19.97,1
e,2022-11-01 17:21:40.613710,-0.06,-0.72,0.70,1.16,1.89,2.56,-4.76,45.02,-19.97,1
e,2022-11-01 17:21:40.613867,-0.06,-0.72,0.70,1.04,1.83,2.50,-4.76,45.02,-19.97,1
e,2022-11-01 17:21:40.614018,-0.06,-0.72,0.70,1.10,1.77,2.32,-4.68,45.26,-19.91,1
e,2022-11-01 17:21:40.614171,-0.06,-0.72,0.70,0.92,2.20,2.32,-4.68,45.26,-19.91,1
e,2022-11-01 17:21:40.614325,-0.06,-0.72,0.69,0.92,2.08,2.38,-4.33,45.20,-19.57,1
e,2022-11-01 17:21:40.614482,-0.06,-0.72,0.70,1.10,2.01,2.44,-4.33,45.20,-19.57,1
e,2022-11-01 17:21:40.614634,-0.06,-0.72,0.70,1.10,2.01,2.44,-4.33,45.20,-19.57,1
e,2022-11-01 17:21:40.614786,-0.06,-0.72,0.70,1.10,1.95,2.38,-3.69,45.63,-20.03,1
e,2022-11-01 17:21:40.614944,-0.06,-0.72,0.69,1.16,2.01,2.38,-3.69,45.63,-20.03,1
e,2022-11-01 17:21:40.615095,-0.06,-0.72,0.70,1.22,1.83,2.44,-3.69,45.63,-20.03,1
e,2022-11-01 17:21:40.615260,-0.06,-0.72,0.70,1.28,1.95,2.44,-4.03,45.23,-20.59,1
e,2022-11-01 17:21:40.615414,-0.06,-0.72,0.70,1.34,1.95,2.50,-4.03,45.23,-20.59,1
e,2022-11-01 17:21:40.615564,-0.06,-0.72,0.70,1.28,1.95,2.38,-4.03,45.23,-20.59,1
e,2022-11-01 17:21:40.615721,-0.06,-0.72,0.70,1.04,1.65,2.32,-4.36,45.13,-20.32,1
e,2022-11-01 17:21:40.615872,-0.06,-0.72,0.70,1.28,1.95,2.44,-4.36,45.13,-20.32,1
e,2022-11-01 17:21:40.616029,-0.06,-0.72,0.70,1.16,2.08,2.44,-3.80,45.17,-20.23,1
e,2022-11-01 17:21:40.616180,-0.06,-0.72,0.70,1.16,1.95,2.38,-3.80,45.17,-20.23,1
e,2022-11-01 17:21:40.616331,-0.06,-0.72,0.70,1.22,2.01,2.56,-3.80,45.17,-20.23,1
e,2022-11-01 17:21:40.616488,-0.06,-0.72,0.70,1.16,2.01,2.56,-4.15,45.18,-20.75,1
e,2022-11-01 17:21:40.616640,-0.06,-0.72,0.69,1.16,1.95,2.44,-4.15,45.18,-20.75,1
e,2022-11-01 17:21:40.616797,-0.06,-0.72,0.70,1.04,2.08,2.56,-4.15,45.18,-20.75,1
e,2022-11-01 17:21:40.616947,-0.06,-0.72,0.70,1.16,1.77,2.44,-3.97,45.19,-21.08,1
e,2022-11-01 17:21:40.617099,-0.06,-0.72,0.70,1.16,2.01,2.50,-3.97,45.19,-21.08,1
e,2022-11-01 17:21:40.617256,-0.06,-0.72,0.70,1.10,2.01,2.50,-3.97,45.19,-21.08,1
e,2022-11-01 17:21:40.617407,-0.06,-0.72,0.70,1.16,1.95,2.32,-3.92,44.86,-20.13,1
e,2022-11-01 17:21:40.617563,-0.06,-0.72,0.70,1.22,1.89,2.50,-3.92,44.86,-20.13,1
e,2022-11-01 17:21:40.617712,-0.06,-0.72,0.70,1.22,2.01,2.56,-4.15,45.35,-20.96,1
e,2022-11-01 17:21:40.617871,-0.06,-0.72,0.70,1.10,1.89,2.20,-4.15,45.35,-20.96,1
e,2022-11-01 17:21:40.618021,-0.06,-0.72,0.70,1.04,2.01,2.32,-4.15,45.35,-20.96,1
e,2022-11-01 17:21:40.618172,-0.06,-0.72,0.70,1.04,1.95,2.38,-4.13,44.89,-20.80,1
e,2022-11-01 17:21:40.618327,-0.06,-0.72,0.70,1.28,1.77,2.38,-4.13,44.89,-20.80,1
e,2022-11-01 17:21:40.618478,-0.06,-0.72,0.70,1.16,2.01,2.50,-4.13,44.89,-20.80,1
e,2022-11-01 17:21:40.618634,-0.06,-0.72,0.70,1.28,1.83,2.32,-4.37,45.34,-20.08,1
e,2022-11-01 17:21:40.618785,-0.06,-0.72,0.69,1.22,1.89,2.38,-4.37,45.34,-20.08,1
e,2022-11-01 17:21:40.618936,-0.06,-0.72,0.70,1.10,1.95,2.38,-4.37,45.34,-20.08,1
e,2022-11-01 17:21:40.619092,-0.06,-0.72,0.70,1.28,1.95,2.62,-4.11,44.97,-19.74,1
e,2022-11-01 17:21:40.619245,-0.06,-0.72,0.70,1.04,2.01,2.44,-4.11,44.97,-19.74,1
e,2022-11-01 17:21:40.619403,-0.06,-0.72,0.70,1.16,2.01,2.32,-3.76,44.93,-19.84,1
e,2022-11-01 17:21:40.619553,-0.06,-0.72,0.70,0.98,1.83,2.20,-3.76,44.93,-19.84,1
e,2022-11-01 17:21:40.619704,-0.06,-0.72,0.70,1.04,1.83,2.50,-3.76,44.93,-19.84,1
e,2022-11-01 17:21:40.619859,-0.06,-0.71,0.69,1.10,1.95,2.50,-4.10,45.57,-19.71,1
e,2022-11-01 17:21:40.620010,-0.06,-0.72,0.70,1.10,1.95,2.50,-4.10,45.57,-19.71,1
e,2022-11-01 17:21:40.620170,-0.06,-0.72,0.70,1.10,2.01,2.50,-4.10,45.57,-19.71,1
e,2022-11-01 17:21:40.620322,-0.06,-0.72,0.70,1.04,2.01,2.44,-3.92,45.31,-20.17,1
e,2022-11-01 17:21:40.620477,-0.06,-0.72,0.69,0.98,2.01,2.56,-3.92,45.31,-20.17,1
e,2022-11-01 17:21:40.620688,-0.06,-0.72,0.70,1.10,2.01,2.32,-3.92,45.31,-20.17,1
e,2022-11-01 17:21:40.620840,-0.06,-0.72,0.69,1.46,1.89,2.44,-3.99,45.03,-20.20,1
e,2022-11-01 17:21:40.621002,-0.06,-0.72,0.70,1.28,1.95,2.56,-3.99,45.03,-20.20,1
e,2022-11-01 17:21:40.621156,-0.06,-0.72,0.70,1.16,1.83,2.44,-3.67,45.50,-19.01,1
e,2022-11-01 17:21:40.621307,-0.06,-0.72,0.69,1.04,1.77,2.26,-3.67,45.50,-19.01,1
e,2022-11-01 17:21:40.621464,-0.06,-0.72,0.70,1.04,1.95,2.44,-3.67,45.50,-19.01,1
e,2022-11-01 17:21:40.621618,-0.06,-0.72,0.70,1.10,1.83,2.44,-4.58,45.25,-19.92,1
e,2022-11-01 17:21:40.621781,-0.06,-0.72,0.70,1.22,1.89,2.32,-4.58,45.25,-19.92,1
e,2022-11-01 17:21:40.621934,-0.06,-0.72,0.70,1.10,1.95,2.50,-4.58,45.25,-19.92,1
e,2022-11-01 17:21:40.622092,-0.06,-0.72,0.69,1.04,1.95,2.44,-3.71,46.06,-20.02,1
e,2022-11-01 17:21:40.622245,-0.06,-0.72,0.70,1.10,2.08,2.38,-3.71,46.06,-20.02,1
e,2022-11-01 17:21:40.622398,-0.06,-0.72,0.70,0.98,2.01,2.50,-3.71,46.06,-20.02,1
e,2022-11-01 17:21:40.622559,-0.06,-0.72,0.69,1.10,1.83,2.26,-3.83,44.70,-19.31,1
e,2022-11-01 17:21:40.622714,-0.06,-0.72,0.70,1.10,1.89,2.50,-3.83,44.70,-19.31,1
e,2022-11-01 17:21:40.622876,-0.06,-0.72,0.70,1.16,1.89,2.56,-4.87,44.60,-18.55,1
e,2022-11-01 17:21:40.623028,-0.06,-0.72,0.69,1.10,1.89,2.32,-4.87,44.60,-18.55,1
e,2022-11-01 17:21:40.623181,-0.06,-0.72,0.70,1.16,1.95,2.44,-4.87,44.60,-18.55,1
e,2022-11-01 17:21:40.623341,-0.06,-0.72,0.70,1.22,1.95,2.38,-3.97,45.02,-19.47,1
e,2022-11-01 17:21:40.623495,-0.06,-0.72,0.70,1.16,2.01,2.50,-3.97,45.02,-19.47,1
e,2022-11-01 17:21:40.623651,-0.06,-0.72,0.70,1.04,2.01,2.38,-3.97,45.02,-19.47,1
e,2022-11-01 17:21:40.623802,-0.06,-0.72,0.69,1.10,1.77,2.32,-4.06,45.08,-19.36,1
e,2022-11-01 17:21:40.623953,-0.06,-0.72,0.70,1.22,1.83,2.38,-4.06,45.08,-19.36,1
e,2022-11-01 17:21:40.624110,-0.06,-0.72,0.70,1.59,1.95,2.44,-4.06,45.08,-19.36,1
e,2022-11-01 17:21:40.624259,-0.06,-0.72,0.70,1.28,1.95,2.44,-3.88,44.70,-17.85,1
e,2022-11-01 17:21:40.624415,-0.06,-0.72,0.69,1.22,2.01,2.56,-3.88,44.70,-17.85,1
e,2022-11-01 17:21:40.624567,-0.06,-0.72,0.70,1.28,2.14,2.50,-4.16,45.00,-19.97,1
e,2022-11-01 17:21:40.624722,-0.06,-0.72,0.70,1.16,2.01,2.20,-4.16,45.00,-19.97,1
e,2022-11-01 17:21:40.624873,-0.06,-0.72,0.70,1.16,2.01,2.38,-4.16,45.00,-19.97,1
e,2022-11-01 17:21:40.625024,-0.06,-0.72,0.70,1.10,1.77,2.38,-3.99,44.86,-20.63,1
e,2022-11-01 17:21:40.625181,-0.06,-0.72,0.70,1.16,2.01,2.44,-3.99,44.86,-20.63,1
e,2022-11-01 17:21:40.625332,-0.06,-0.72,0.70,1.04,1.83,2.50,-3.99,44.86,-20.63,1
e,2022-11-01 17:21:40.625498,-0.06,-0.71,0.69,1.28,1.89,2.56,-4.52,45.47,-20.47,1
e,2022-11-01 17:21:40.625648,-0.06,-0.72,0.70,1.16,1.95,2.62,-4.52,45.47,-20.47,1
e,2022-11-01 17:21:40.625799,-0.06,-0.72,0.70,1.16,1.89,2.44,-4.52,45.47,-20.47,1
e,2022-11-01 17:21:40.625956,-0.06,-0.72,0.70,1.04,1.95,2.56,-3.85,44.98,-19.87,1
e,2022-11-01 17:21:40.626127,-0.06,-0.72,0.70,0.92,1.89,2.38,-3.85,44.98,-19.87,1
e,2022-11-01 17:21:40.626285,-0.06,-0.72,0.70,1.10,2.08,2.38,-4.65,44.70,-20.87,1
e,2022-11-01 17:21:40.626436,-0.06,-0.72,0.70,1.16,1.95,2.56,-4.65,44.70,-20.87,1
e,2022-11-01 17:21:40.626592,-0.06,-0.72,0.70,0.98,1.83,2.44,-4.65,44.70,-20.87,1
e,2022-11-01 17:21:40.626744,-0.06,-0.72,0.70,1.10,1.89,2.38,-4.30,44.49,-19.49,1
e,2022-11-01 17:21:40.626895,-0.06,-0.72,0.70,1.10,1.95,2.50,-4.30,44.49,-19.49,1
e,2022-11-01 17:21:40.627050,-0.06,-0.72,0.70,1.22,1.95,2.38,-4.30,44.49,-19.49,1
e,2022-11-01 17:21:40.627200,-0.06,-0.72,0.70,1.10,1.89,2.20,-4.37,45.09,-20.12,1
e,2022-11-01 17:21:40.627357,-0.06,-0.72,0.69,1.04,2.01,2.44,-4.37,45.09,-20.12,1
e,2022-11-01 17:21:40.627507,-0.06,-0.72,0.70,1.16,1.89,2.50,-4.37,45.09,-20.12,1
e,2022-11-01 17:21:40.627658,-0.06,-0.72,0.70,0.85,1.83,2.20,-4.93,44.63,-20.10,1
e,2022-11-01 17:21:40.627815,-0.06,-0.72,0.70,0.98,1.95,2.44,-4.93,44.63,-20.10,1
e,2022-11-01 17:21:40.627966,-0.06,-0.72,0.70,1.22,1.83,2.44,-4.02,45.30,-19.97,1
e,2022-11-01 17:21:40.628122,-0.06,-0.72,0.70,1.28,2.01,2.50,-4.02,45.30,-19.97,1
e,2022-11-01 17:21:40.628273,-0.06,-0.72,0.70,1.34,1.95,2.50,-4.02,45.30,-19.97,1
e,2022-11-01 17:21:40.628425,-0.06,-0.72,0.70,1.10,1.95,2.44,-4.26,45.58,-19.82,1
e,2022-11-01 17:21:40.628580,-0.06,-0.72,0.70,1.22,1.77,2.32,-4.26,45.58,-19.82,1
e,2022-11-01 17:21:40.628730,-0.06,-0.72,0.70,1.16,1.89,2.14,-4.26,45.58,-19.82,1
e,2022-11-01 17:21:40.628886,-0.06,-0.72,0.70,1.10,1.77,2.38,-4.20,44.90,-19.48,1
e,2022-11-01 17:21:40.629038,-0.06,-0.72,0.70,1.16,1.83,2.44,-4.20,44.90,-19.48,1
e,2022-11-01 17:21:40.629191,-0.06,-0.72,0.70,1.04,2.01,2.44,-4.20,44.90,-19.48,1
e,2022-11-01 17:21:40.629342,-0.06,-0.72,0.70,1.10,1.77,2.32,-4.24,45.00,-20.10,1
e,2022-11-01 17:21:40.629492,-0.06,-0.72,0.70,1.16,1.89,2.38,-4.24,45.00,-20.10,1
e,2022-11-01 17:21:40.629649,-0.06,-0.72,0.70,1.22,1.95,2.56,-3.80,45.03,-20.62,1
e,2022-11-01 17:21:40.629800,-0.06,-0.72,0.70,0.92,1.83,2.38,-3.80,45.03,-20.62,1
e,2022-11-01 17:21:40.629955,-0.06,-0.72,0.69,1.04,2.01,2.26,-3.80,45.03,-20.62,1
e,2022-11-01 17:21:40.630105,-0.06,-0.72,0.70,1.04,1.95,2.44,-3.69,44.80,-20.32,1
e,2022-11-01 17:21:40.630256,-0.06,-0.72,0.70,0.92,2.01,2.50,-3.69,44.80,-20.32,1
e,2022-11-01 17:21:40.630410,-0.06,-0.72,0.70,1.10,2.01,2.38,-3.69,44.80,-20.32,1
e,2022-11-01 17:21:40.630564,-0.06,-0.72,0.70,1.04,1.83,2.32,-3.96,45.09,-20.58,1
e,2022-11-01 17:21:40.630722,-0.06,-0.72,0.70,1.16,1.83,2.38,-3.96,45.09,-20.58,1
e,2022-11-01 17:21:40.630874,-0.06,-0.72,0.70,1.16,1.71,2.38,-3.96,45.09,-20.58,1
e,2022-11-01 17:21:40.631027,-0.06,-0.71,0.70,1.04,1.89,2.44,-4.48,45.18,-19.04,1
e,2022-11-01 17:21:40.631184,-0.06,-0.72,0.70,1.22,1.89,2.38,-4.48,45.18,-19.04,1
e,2022-11-01 17:21:40.631335,-0.06,-0.72,0.70,0.92,1.89,2.50,-4.36,45.35,-20.29,1
e,2022-11-01 17:21:40.631489,-0.06,-0.72,0.70,0.98,1.77,2.32,-4.36,45.35,-20.29,1
e,2022-11-01 17:21:40.631638,-0.06,-0.72,0.70,1.16,2.01,2.44,-4.36,45.35,-20.29,1
e,2022-11-01 17:21:40.631790,-0.06,-0.72,0.69,1.10,1.89,2.38,-4.00,44.87,-20.59,1
e,2022-11-01 17:21:40.631943,-0.06,-0.72,0.70,1.04,2.01,2.50,-4.00,44.87,-20.59,1
e,2022-11-01 17:21:40.632093,-0.06,-0.72,0.70,1.16,1.95,2.50,-4.00,44.87,-20.59,1
e,2022-11-01 17:21:40.632249,-0.06,-0.72,0.70,1.10,1.77,2.20,-4.31,45.21,-19.13,1
e,2022-11-01 17:21:40.632402,-0.06,-0.72,0.70,1.22,1.77,2.44,-4.31,45.21,-19.13,1
e,2022-11-01 17:21:40.632562,-0.06,-0.72,0.70,1.28,1.95,2.50,-4.31,45.21,-19.13,1
e,2022-11-01 17:21:40.632714,-0.06,-0.72,0.70,0.98,2.01,2.44,-4.27,45.14,-20.86,1
e,2022-11-01 17:21:40.632864,-0.06,-0.72,0.70,1.04,1.89,2.44,-4.27,45.14,-20.86,1
e,2022-11-01 17:21:40.633023,-0.06,-0.72,0.70,1.16,1.89,2.44,-4.27,45.09,-20.91,1
e,2022-11-01 17:21:40.633175,-0.06,-0.72,0.70,0.92,1.89,2.32,-4.27,45.09,-20.91,1
e,2022-11-01 17:21:40.633332,-0.06,-0.72,0.70,1.16,1.95,2.56,-4.27,45.09,-20.91,1
e,2022-11-01 17:21:40.633484,-0.06,-0.72,0.70,0.98,1.89,2.38,-3.80,45.26,-19.68,1
e,2022-11-01 17:21:40.633637,-0.06,-0.72,0.70,1.22,1.77,2.50,-3.80,45.26,-19.68,1
e,2022-11-01 17:21:40.633794,-0.06,-0.72,0.70,1.16,2.01,2.26,-3.80,45.26,-19.68,1
e,2022-11-01 17:21:40.633944,-0.06,-0.72,0.70,0.92,1.95,2.38,-3.76,44.81,-20.58,1
e,2022-11-01 17:21:40.634101,-0.06,-0.72,0.70,1.10,2.01,2.44,-3.76,44.81,-20.58,1
e,2022-11-01 17:21:40.634253,-0.06,-0.72,0.70,1.22,1.95,2.56,-3.76,44.81,-20.58,1
e,2022-11-01 17:21:40.634404,-0.06,-0.72,0.70,0.98,1.77,2.26,-4.31,44.73,-20.37,1
e,2022-11-01 17:21:40.634559,-0.06,-0.72,0.70,1.16,2.08,2.69,-4.31,44.73,-20.37,1
e,2022-11-01 17:21:40.634708,-0.06,-0.72,0.70,1.04,1.89,2.38,-4.36,44.86,-19.59,1
e,2022-11-01 17:21:40.634864,-0.06,-0.72,0.70,0.98,1.83,2.26,-4.36,44.86,-19.59,1
e,2022-11-01 17:21:40.635015,-0.06,-0.71,0.70,1.40,1.83,2.50,-4.36,44.86,-19.59,1
e,2022-11-01 17:21:40.635169,-0.06,-0.72,0.70,1.10,1.95,2.32,-3.80,45.00,-19.25,1
e,2022-11-01 17:21:40.635323,-0.06,-0.72,0.70,1.10,2.01,2.38,-3.80,45.00,-19.25,1
e,2022-11-01 17:21:40.635475,-0.06,-0.71,0.70,1.16,1.95,2.50,-3.80,45.00,-19.25,1
e,2022-11-01 17:21:40.635630,-0.06,-0.71,0.70,1.16,1.83,2.44,-4.42,45.30,-20.15,1
e,2022-11-01 17:21:40.635778,-0.06,-0.72,0.70,0.98,1.89,2.50,-4.42,45.30,-20.15,1
e,2022-11-01 17:21:40.635934,-0.06,-0.72,0.70,1.40,2.01,2.44,-4.42,45.30,-20.15,1
e,2022-11-01 17:21:40.636084,-0.06,-0.72,0.70,0.98,1.95,2.38,-4.33,45.36,-20.51,1
e,2022-11-01 17:21:40.636234,-0.06,-0.72,0.70,0.98,2.01,2.32,-4.33,45.36,-20.51,1
e,2022-11-01 17:21:40.636390,-0.06,-0.72,0.70,1.22,1.77,2.44,-3.72,45.01,-19.24,1
e,2022-11-01 17:21:40.636539,-0.06,-0.72,0.70,0.98,1.83,2.44,-3.72,45.01,-19.24,1
e,2022-11-01 17:21:40.636695,-0.06,-0.72,0.70,1.22,1.89,2.56,-3.72,45.01,-19.24,1
e,2022-11-01 17:21:40.636846,-0.06,-0.71,0.70,1.10,1.95,2.38,-4.17,44.34,-20.42,1
e,2022-11-01 17:21:40.636998,-0.06,-0.72,0.70,1.22,1.89,2.50,-4.17,44.34,-20.42,1
e,2022-11-01 17:21:40.637152,-0.06,-0.72,0.70,1.10,1.83,2.50,-4.17,44.34,-20.42,1
e,2022-11-01 17:21:40.637301,-0.06,-0.71,0.69,0.92,1.77,2.38,-3.88,44.96,-20.17,1
e,2022-11-01 17:21:40.637458,-0.06,-0.72,0.70,1.22,1.89,2.50,-3.88,44.96,-20.17,1
e,2022-11-01 17:21:40.637606,-0.06,-0.72,0.70,1.16,2.20,2.44,-3.88,44.96,-20.17,1
e,2022-11-01 17:21:40.637755,-0.06,-0.72,0.70,1.16,1.83,2.44,-3.99,45.09,-19.80,1
e,2022-11-01 17:21:40.637910,-0.06,-0.72,0.70,1.10,1.89,2.56,-3.99,45.09,-19.80,1
e,2022-11-01 17:21:40.638061,-0.06,-0.72,0.70,0.98,1.95,2.44,-3.93,44.89,-18.71,1
e,2022-11-01 17:21:40.638216,-0.06,-0.72,0.70,1.28,1.89,2.50,-3.93,44.89,-18.71,1
e,2022-11-01 17:21:40.638367,-0.06,-0.72,0.70,0.98,2.08,2.38,-3.93,44.89,-18.71,1
e,2022-11-01 17:21:40.638524,-0.06,-0.72,0.70,0.92,1.89,2.56,-4.43,45.21,-19.86,1
e,2022-11-01 17:21:40.638675,-0.06,-0.72,0.70,1.04,2.08,2.56,-4.43,45.21,-19.86,1
e,2022-11-01 17:21:40.638828,-0.06,-0.72,0.70,1.22,1.89,2.50,-4.43,45.21,-19.86,1
e,2022-11-01 17:21:40.638988,-0.06,-0.72,0.70,0.85,1.89,2.14,-3.75,44.86,-20.35,1
e,2022-11-01 17:21:40.639142,-0.06,-0.72,0.70,0.92,1.89,2.38,-3.75,44.86,-20.35,1
e,2022-11-01 17:21:40.639300,-0.06,-0.72,0.70,1.10,2.14,2.56,-3.75,44.86,-20.35,1
e,2022-11-01 17:21:40.639454,-0.06,-0.72,0.70,0.92,1.83,2.26,-4.58,45.56,-19.64,1
e,2022-11-01 17:21:40.639607,-0.06,-0.72,0.70,1.10,1.89,2.44,-4.58,45.56,-19.64,1
e,2022-11-01 17:21:40.639766,-0.06,-0.72,0.70,1.10,1.89,2.56,-3.85,44.85,-19.13,1
e,2022-11-01 17:21:40.639917,-0.06,-0.72,0.70,1.28,1.89,2.44,-3.85,44.85,-19.13,1
e,2022-11-01 17:21:40.640093,-0.06,-0.72,0.70,0.98,1.95,2.38,-3.85,44.85,-19.13,1
e,2022-11-01 17:21:40.640246,-0.06,-0.72,0.70,0.98,2.01,2.44,-4.48,45.10,-20.54,1
e,2022-11-01 17:21:40.640397,-0.06,-0.72,0.70,1.10,2.01,2.50,-4.48,45.10,-20.54,1
e,2022-11-01 17:21:40.640554,-0.06,-0.72,0.70,0.85,1.77,2.50,-4.48,45.10,-20.54,1
e,2022-11-01 17:21:40.640705,-0.06,-0.72,0.69,0.92,2.01,2.20,-4.16,45.09,-20.67,1
e,2022-11-01 17:21:40.640866,-0.06,-0.72,0.70,0.92,1.95,2.50,-4.16,45.09,-20.67,1
e,2022-11-01 17:21:40.641017,-0.06,-0.72,0.70,0.98,1.89,2.38,-4.16,45.09,-20.67,1
e,2022-11-01 17:21:40.641207,-0.06,-0.72,0.70,0.92,1.83,2.20,-3.99,45.23,-19.58,1
e,2022-11-01 17:21:40.641360,-0.06,-0.72,0.70,1.10,2.01,2.44,-3.99,45.23,-19.58,1
e,2022-11-01 17:21:40.641514,-0.06,-0.72,0.70,1.16,1.77,2.56,-3.45,44.98,-19.52,1
e,2022-11-01 17:21:40.641673,-0.06,-0.71,0.70,0.98,2.01,2.32,-3.45,44.98,-19.52,1
e,2022-11-01 17:21:40.641827,-0.06,-0.72,0.70,0.92,2.01,2.38,-3.45,44.98,-19.52,1
e,2022-11-01 17:21:40.641988,-0.06,-0.72,0.70,1.28,1.95,2.44,-3.54,44.96,-20.10,1
e,2022-11-01 17:21:40.642139,-0.06,-0.72,0.70,1.04,1.83,2.50,-3.54,44.96,-20.10,1
e,2022-11-01 17:21:40.642290,-0.06,-0.71,0.70,1.04,2.01,2.50,-3.54,44.96,-20.10,1
e,2022-11-01 17:21:40.642448,-0.06,-0.72,0.70,0.73,1.95,2.32,-4.06,45.18,-19.19,1
e,2022-11-01 17:21:40.642602,-0.06,-0.72,0.70,1.16,2.08,2.44,-4.06,45.18,-19.19,1
e,2022-11-01 17:21:40.642762,-0.06,-0.72,0.70,1.16,1.89,2.26,-4.06,45.18,-19.19,1
e,2022-11-01 17:21:40.642915,-0.06,-0.71,0.70,0.85,1.83,2.26,-3.97,45.39,-20.02,1
e,2022-11-01 17:21:40.643067,-0.06,-0.71,0.70,1.16,2.08,2.44,-3.97,45.39,-20.02,1
e,2022-11-01 17:21:40.643226,-0.06,-0.71,0.70,1.10,2.08,2.56,-3.99,44.97,-19.45,1
e,2022-11-01 17:21:40.643376,-0.06,-0.72,0.70,1.04,1.89,2.50,-3.99,44.97,-19.45,1
e,2022-11-01 17:21:40.643531,-0.06,-0.72,0.70,1.16,1.95,2.44,-3.99,44.97,-19.45,1
e,2022-11-01 17:21:40.643684,-0.06,-0.72,0.70,1.10,1.89,2.56,-4.54,44.38,-20.19,1
e,2022-11-01 17:21:40.643836,-0.06,-0.71,0.70,1.16,2.01,2.38,-4.54,44.38,-20.19,1
e,2022-11-01 17:21:40.643994,-0.06,-0.72,0.70,1.04,1.95,2.56,-4.54,44.38,-20.19,1
e,2022-11-01 17:21:40.644146,-0.06,-0.72,0.70,1.10,1.77,2.50,-4.32,45.04,-20.13,1
e,2022-11-01 17:21:40.644302,-0.06,-0.72,0.70,1.16,1.95,2.62,-4.32,45.04,-20.13,1
e,2022-11-01 17:21:40.644454,-0.06,-0.72,0.70,1.04,2.01,2.32,-4.32,45.04,-20.13,1
e,2022-11-01 17:21:40.644611,-0.06,-0.72,0.70,1.16,1.95,2.44,-4.41,44.82,-19.19,1
e,2022-11-01 17:21:40.644761,-0.06,-0.72,0.70,0.98,2.01,2.62,-4.41,44.82,-19.19,1
e,2022-11-01 17:21:40.644911,-0.06,-0.72,0.70,1.04,2.01,2.32,-4.00,44.80,-20.76,1
e,2022-11-01 17:21:40.645070,-0.06,-0.72,0.70,1.10,1.83,2.44,-4.00,44.80,-20.76,1
e,2022-11-01 17:21:40.645220,-0.06,-0.71,0.70,0.98,1.89,2.14,-4.00,44.80,-20.76,1
e,2022-11-01 17:21:40.645377,-0.06,-0.71,0.70,1.28,1.89,2.44,-3.97,44.64,-20.31,1
e,2022-11-01 17:21:40.645528,-0.06,-0.71,0.70,1.34,1.95,2.44,-3.97,44.64,-20.31,1
e,2022-11-01 17:21:40.645678,-0.06,-0.72,0.70,0.92,1.95,2.44,-3.97,44.64,-20.31,1
e,2022-11-01 17:21:40.645831,-0.06,-0.72,0.70,1.16,1.83,2.44,-4.05,45.01,-21.50,1
e,2022-11-01 17:21:40.645983,-0.06,-0.72,0.70,1.04,1.89,2.32,-4.05,45.01,-21.50,1
e,2022-11-01 17:21:40.646149,-0.06,-0.72,0.70,1.22,2.08,2.50,-4.05,45.01,-21.50,1
e,2022-11-01 17:21:40.646303,-0.06,-0.72,0.70,0.92,1.89,2.20,-4.02,44.92,-20.68,1
e,2022-11-01 17:21:40.646454,-0.06,-0.71,0.70,0.98,2.01,2.50,-4.02,44.92,-20.68,1
e,2022-11-01 17:21:40.646611,-0.06,-0.72,0.70,1.04,1.83,2.56,-4.21,45.23,-20.34,1
e,2022-11-01 17:21:40.646762,-0.06,-0.72,0.70,0.85,1.83,2.20,-4.21,45.23,-20.34,1
e,2022-11-01 17:21:40.646918,-0.06,-0.72,0.70,1.22,1.89,2.50,-4.21,45.23,-20.34,1
e,2022-11-01 17:21:40.647069,-0.06,-0.71,0.70,0.85,1.83,2.32,-4.05,45.20,-20.12,1
e,2022-11-01 17:21:40.647226,-0.06,-0.72,0.70,1.28,1.95,2.44,-4.05,45.20,-20.12,1
e,2022-11-01 17:21:40.647381,-0.06,-0.72,0.70,1.16,2.01,2.50,-4.05,45.20,-20.12,1
e,2022-11-01 17:21:40.647531,-0.06,-0.71,0.70,0.98,2.01,2.38,-4.03,44.97,-19.57,1
e,2022-11-01 17:21:40.647689,-0.06,-0.72,0.70,1.16,2.08,2.38,-4.03,44.97,-19.57,1
e,2022-11-01 17:21:40.647838,-0.06,-0.72,0.70,1.28,1.89,2.56,-4.03,44.97,-19.57,1
e,2022-11-01 17:21:40.647993,-0.06,-0.71,0.70,1.10,1.83,2.32,-4.27,44.69,-20.50,1
e,2022-11-01 17:21:40.648142,-0.06,-0.71,0.70,1.16,1.83,2.44,-4.27,44.69,-20.50,1
e,2022-11-01 17:21:40.648294,-0.06,-0.72,0.70,1.10,1.83,2.38,-3.85,44.92,-19.40,1
e,2022-11-01 17:21:40.648450,-0.06,-0.72,0.70,1.22,2.08,2.44,-3.85,44.92,-19.40,1
e,2022-11-01 17:21:40.648603,-0.06,-0.72,0.70,1.22,1.89,2.44,-3.85,44.92,-19.40,1
e,2022-11-01 17:21:40.648759,-0.06,-0.71,0.70,1.04,1.89,2.50,-4.03,45.01,-19.27,1
e,2022-11-01 17:21:40.648910,-0.06,-0.71,0.70,1.04,1.89,2.56,-4.03,45.01,-19.27,1
e,2022-11-01 17:21:40.649059,-0.06,-0.72,0.70,0.92,2.08,2.44,-4.03,45.01,-19.27,1
e,2022-11-01 17:21:40.649216,-0.06,-0.71,0.70,1.04,1.83,2.44,-4.00,45.29,-20.24,1
e,2022-11-01 17:21:40.649368,-0.06,-0.72,0.70,1.16,1.77,2.38,-4.00,45.29,-20.24,1
e,2022-11-01 17:21:40.649524,-0.06,-0.72,0.70,1.22,2.08,2.32,-4.00,45.29,-20.24,1
e,2022-11-01 17:21:40.649676,-0.06,-0.72,0.70,1.04,1.83,2.32,-3.30,45.52,-19.79,1
e,2022-11-01 17:21:40.649832,-0.06,-0.72,0.70,1.16,1.95,2.44,-3.30,45.52,-19.79,1
e,2022-11-01 17:21:40.649984,-0.06,-0.71,0.70,1.10,1.89,2.56,-4.52,44.96,-20.94,1
e,2022-11-01 17:21:40.650136,-0.06,-0.72,0.70,1.10,1.89,2.44,-4.52,44.96,-20.94,1
e,2022-11-01 17:21:40.650293,-0.06,-0.72,0.70,1.10,2.08,2.32,-4.52,44.96,-20.94,1
e,2022-11-01 17:21:40.650444,-0.06,-0.71,0.70,1.10,1.89,2.26,-4.15,45.23,-20.09,1
e,2022-11-01 17:21:40.650599,-0.06,-0.71,0.70,0.98,1.95,2.32,-4.15,45.23,-20.09,1
e,2022-11-01 17:21:40.650751,-0.06,-0.72,0.70,1.04,1.95,2.38,-4.15,45.23,-20.09,1
e,2022-11-01 17:21:40.650901,-0.06,-0.72,0.70,1.04,2.01,2.44,-4.63,44.93,-19.38,1
e,2022-11-01 17:21:40.651053,-0.06,-0.71,0.70,1.16,2.01,2.38,-4.63,44.93,-19.38,1
e,2022-11-01 17:21:40.651204,-0.06,-0.71,0.70,1.16,2.01,2.44,-4.63,44.93,-19.38,1
e,2022-11-01 17:21:40.651361,-0.06,-0.72,0.70,0.85,1.83,2.38,-4.10,44.54,-18.74,1
e,2022-11-01 17:21:40.651512,-0.06,-0.71,0.70,1.10,1.95,2.44,-4.10,44.54,-18.74,1
e,2022-11-01 17:21:40.651662,-0.06,-0.72,0.70,1.10,1.95,2.56,-4.48,45.45,-19.02,1
e,2022-11-01 17:21:40.651818,-0.06,-0.71,0.70,0.98,2.20,2.38,-4.48,45.45,-19.02,1
e,2022-11-01 17:21:40.651968,-0.06,-0.71,0.70,1.16,1.95,2.38,-4.48,45.45,-19.02,1
e,2022-11-01 17:21:40.652123,-0.06,-0.72,0.70,1.04,1.89,2.32,-4.05,45.62,-20.36,1
e,2022-11-01 17:21:40.652274,-0.06,-0.71,0.70,1.34,1.89,2.44,-4.05,45.62,-20.36,1
e,2022-11-01 17:21:40.652425,-0.06,-0.71,0.70,1.16,1.95,2.38,-4.05,45.62,-20.36,1
e,2022-11-01 17:21:40.652580,-0.06,-0.72,0.70,0.79,1.83,2.08,-3.97,44.90,-20.61,1
e,2022-11-01 17:21:40.652731,-0.06,-0.72,0.70,0.98,1.77,2.38,-3.97,44.90,-20.61,1
e,2022-11-01 17:21:40.652889,-0.06,-0.72,0.70,1.10,2.01,2.32,-3.97,44.90,-20.61,1
e,2022-11-01 17:21:40.653039,-0.06,-0.71,0.70,0.98,1.89,2.32,-4.33,44.81,-19.81,1
e,2022-11-01 17:21:40.653188,-0.06,-0.71,0.70,1.04,1.83,2.44,-4.33,44.81,-19.81,1
e,2022-11-01 17:21:40.653345,-0.06,-0.72,0.70,1.40,1.95,2.50,-4.44,44.87,-18.66,1
e,2022-11-01 17:21:40.653498,-0.06,-0.72,0.70,1.10,1.89,2.50,-4.44,44.87,-18.66,1
e,2022-11-01 17:21:40.653654,-0.06,-0.72,0.70,1.22,1.95,2.50,-4.44,44.87,-18.66,1
e,2022-11-01 17:21:40.653805,-0.06,-0.72,0.70,1.10,2.01,2.44,-4.50,44.67,-19.43,1
e,2022-11-01 17:21:40.653956,-0.06,-0.72,0.70,0.98,2.08,2.44,-4.50,44.67,-19.43,1
e,2022-11-01 17:21:40.654112,-0.06,-0.71,0.70,0.85,2.08,2.32,-4.50,44.67,-19.43,1
e,2022-11-01 17:21:40.654265,-0.06,-0.71,0.70,0.73,1.95,2.38,-4.43,45.31,-20.35,1
e,2022-11-01 17:21:40.654422,-0.06,-0.71,0.70,0.98,1.95,2.50,-4.43,45.31,-20.35,1
e,2022-11-01 17:21:40.654572,-0.06,-0.72,0.70,0.98,1.95,2.32,-4.43,45.31,-20.35,1
e,2022-11-01 17:21:40.654726,-0.06,-0.71,0.70,0.92,1.77,2.32,-4.48,45.42,-20.17,1
e,2022-11-01 17:21:40.654880,-0.06,-0.72,0.70,1.10,1.95,2.44,-4.48,45.42,-20.17,1
e,2022-11-01 17:21:40.655031,-0.06,-0.71,0.70,0.98,2.01,2.38,-4.27,44.85,-20.74,1
e,2022-11-01 17:21:40.655188,-0.06,-0.71,0.70,0.98,2.01,2.26,-4.27,44.85,-20.74,1
e,2022-11-01 17:21:40.655338,-0.06,-0.71,0.70,0.79,2.01,2.50,-4.27,44.85,-20.74,1
e,2022-11-01 17:21:40.655490,-0.06,-0.72,0.70,1.16,1.95,2.44,-4.26,45.07,-19.82,1
e,2022-11-01 17:21:40.655649,-0.06,-0.71,0.70,0.98,2.01,2.38,-4.26,45.07,-19.82,1
e,2022-11-01 17:21:40.655800,-0.06,-0.71,0.70,1.16,2.01,2.56,-4.26,45.07,-19.82,1
e,2022-11-01 17:21:40.655964,-0.06,-0.71,0.70,0.85,1.83,2.26,-3.97,44.96,-20.57,1
e,2022-11-01 17:21:40.656116,-0.06,-0.72,0.70,1.16,2.01,2.44,-3.97,44.96,-20.57,1
e,2022-11-01 17:21:40.656272,-0.06,-0.72,0.70,0.92,2.01,2.32,-3.97,44.96,-20.57,1
e,2022-11-01 17:21:40.656448,-0.06,-0.71,0.70,1.04,2.01,2.38,-3.87,44.89,-18.65,1
e,2022-11-01 17:21:40.656599,-0.06,-0.72,0.70,1.10,2.08,2.32,-3.87,44.89,-18.65,1
e,2022-11-01 17:21:40.656756,-0.06,-0.71,0.70,0.98,2.01,2.50,-4.43,44.93,-20.18,1
e,2022-11-01 17:21:40.656906,-0.06,-0.71,0.70,0.98,2.08,2.38,-4.43,44.93,-20.18,1
e,2022-11-01 17:21:40.657060,-0.06,-0.72,0.70,1.28,1.83,2.56,-4.43,44.93,-20.18,1
e,2022-11-01 17:21:40.657212,-0.06,-0.71,0.70,1.04,1.95,2.56,-4.33,45.20,-20.26,1
e,2022-11-01 17:21:40.657362,-0.06,-0.71,0.70,0.98,2.01,2.38,-4.33,45.20,-20.26,1
e,2022-11-01 17:21:40.657519,-0.06,-0.71,0.70,0.92,2.01,2.32,-4.33,45.20,-20.26,1
e,2022-11-01 17:21:40.657669,-0.06,-0.71,0.70,0.92,1.95,2.50,-3.78,44.81,-19.04,1
e,2022-11-01 17:21:40.657830,-0.06,-0.71,0.70,0.85,1.95,2.26,-3.78,44.81,-19.04,1
e,2022-11-01 17:21:40.657984,-0.06,-0.71,0.70,1.16,2.01,2.50,-3.78,44.81,-19.04,1
e,2022-11-01 17:21:40.658135,-0.06,-0.72,0.70,0.98,1.95,2.38,-4.09,44.78,-19.26,1
e,2022-11-01 17:21:40.658291,-0.06,-0.71,0.70,1.04,2.14,2.32,-4.09,44.78,-19.26,1
e,2022-11-01 17:21:40.658443,-0.06,-0.72,0.70,0.98,1.83,2.32,-3.85,44.52,-19.64,1
e,2022-11-01 17:21:40.658601,-0.06,-0.71,0.70,0.85,1.95,2.38,-3.85,44.52,-19.64,1
e,2022-11-01 17:21:40.658757,-0.06,-0.72,0.70,0.85,1.95,2.56,-3.85,44.52,-19.64,1
e,2022-11-01 17:21:40.658911,-0.06,-0.71,0.70,0.92,2.01,2.32,-3.74,45.13,-20.52,1
e,2022-11-01 17:21:40.659075,-0.06,-0.71,0.70,1.04,1.95,2.44,-3.74,45.13,-20.52,1
e,2022-11-01 17:21:40.659229,-0.06,-0.71,0.70,0.98,1.89,2.44,-3.74,45.13,-20.52,1
e,2022-11-01 17:21:40.659385,-0.06,-0.71,0.70,0.85,1.95,2.32,-3.66,44.91,-19.90,1
e,2022-11-01 17:21:40.659537,-0.06,-0.71,0.70,1.10,1.95,2.32,-3.66,44.91,-19.90,1
e,2022-11-01 17:21:40.659693,-0.06,-0.71,0.70,1.22,2.01,2.44,-3.66,44.91,-19.90,1
e,2022-11-01 17:21:40.659845,-0.06,-0.71,0.70,0.85,1.89,2.26,-3.76,44.89,-19.15,1
e,2022-11-01 17:21:40.659999,-0.06,-0.71,0.70,1.16,1.89,2.32,-3.76,44.89,-19.15,1
e,2022-11-01 17:21:40.660160,-0.06,-0.71,0.70,1.10,1.83,2.50,-4.54,44.73,-19.67,1
e,2022-11-01 17:21:40.660313,-0.06,-0.72,0.70,0.85,2.20,2.56,-4.54,44.73,-19.67,1
e,2022-11-01 17:21:40.660470,-0.06,-0.71,0.70,1.04,2.08,2.62,-4.54,44.73,-19.67,1
e,2022-11-01 17:21:40.660625,-0.06,-0.71,0.70,1.10,1.83,2.44,-4.11,44.51,-20.72,1
e,2022-11-01 17:21:40.660783,-0.06,-0.71,0.70,1.16,2.08,2.44,-4.11,44.51,-20.72,1
e,2022-11-01 17:21:40.660936,-0.06,-0.71,0.70,0.92,1.95,2.38,-4.11,44.51,-20.72,1
e,2022-11-01 17:21:40.661089,-0.06,-0.71,0.70,1.16,1.83,2.38,-4.20,44.75,-19.64,1
e,2022-11-01 17:21:40.661247,-0.06,-0.71,0.70,0.85,1.89,2.32,-4.20,44.75,-19.64,1
e,2022-11-01 17:21:40.661399,-0.06,-0.71,0.70,1.10,2.01,2.62,-4.20,44.75,-19.64,1
e,2022-11-01 17:21:40.661557,-0.06,-0.72,0.70,0.92,1.89,2.32,-4.55,45.23,-20.09,1
e,2022-11-01 17:21:40.661710,-0.06,-0.71,0.70,1.04,1.89,2.44,-4.55,45.23,-20.09,1
e,2022-11-01 17:21:40.661860,-0.06,-0.71,0.70,1.16,1.95,2.44,-3.91,44.78,-20.46,1
e,2022-11-01 17:21:40.662016,-0.06,-0.71,0.70,1.10,1.89,2.38,-3.91,44.78,-20.46,1
e,2022-11-01 17:21:40.662167,-0.06,-0.71,0.70,1.10,1.83,2.32,-3.91,44.78,-20.46,1
e,2022-11-01 17:21:40.662322,-0.06,-0.71,0.70,0.85,1.95,2.38,-3.97,45.12,-20.69,1
e,2022-11-01 17:21:40.662475,-0.06,-0.71,0.70,0.98,1.89,2.38,-3.97,45.12,-20.69,1
e,2022-11-01 17:21:40.662627,-0.06,-0.71,0.70,1.10,1.89,2.50,-3.97,45.12,-20.69,1
e,2022-11-01 17:21:40.662786,-0.06,-0.71,0.70,0.92,1.77,2.32,-3.61,45.04,-19.30,1
e,2022-11-01 17:21:40.662937,-0.06,-0.71,0.70,1.04,1.89,2.44,-3.61,45.04,-19.30,1
e,2022-11-01 17:21:40.663095,-0.06,-0.71,0.70,0.92,1.89,2.50,-3.61,45.04,-19.30,1
e,2022-11-01 17:21:40.663246,-0.06,-0.72,0.70,1.04,1.83,2.44,-4.26,45.36,-20.21,1
e,2022-11-01 17:21:40.663401,-0.06,-0.71,0.70,0.85,1.89,2.44,-4.26,45.36,-20.21,1
e,2022-11-01 17:21:40.663552,-0.06,-0.71,0.70,1.16,1.83,2.44,-4.30,45.06,-19.48,1
e,2022-11-01 17:21:40.663701,-0.06,-0.71,0.70,0.92,1.95,2.50,-4.30,45.06,-19.48,1
e,2022-11-01 17:21:40.663856,-0.06,-0.71,0.70,0.85,2.01,2.38,-4.30,45.06,-19.48,1
e,2022-11-01 17:21:40.664010,-0.06,-0.72,0.70,1.04,1.83,2.38,-4.28,44.92,-20.02,1
e,2022-11-01 17:21:40.664164,-0.06,-0.71,0.70,0.92,1.95,2.44,-4.28,44.92,-20.02,1
e,2022-11-01 17:21:40.664313,-0.06,-0.71,0.70,1.04,1.83,2.32,-4.28,44.92,-20.02,1
e,2022-11-01 17:21:40.664462,-0.06,-0.71,0.70,1.22,1.83,2.44,-3.92,44.87,-19.96,1
e,2022-11-01 17:21:40.664617,-0.06,-0.72,0.70,0.92,1.83,2.50,-3.92,44.87,-19.96,1
e,2022-11-01 17:21:40.664769,-0.06,-0.71,0.70,0.85,1.83,2.44,-3.92,44.87,-19.96,1
e,2022-11-01 17:21:40.664926,-0.06,-0.71,0.70,0.92,1.95,2.20,-3.93,45.18,-20.62,1
e,2022-11-01 17:21:40.665077,-0.06,-0.71,0.70,0.98,1.95,2.38,-3.93,45.18,-20.62,1
e,2022-11-01 17:21:40.665227,-0.06,-0.72,0.70,1.04,2.01,2.44,-4.14,44.81,-20.72,1
e,2022-11-01 17:21:40.665385,-0.06,-0.71,0.70,0.85,1.95,2.32,-4.14,44.81,-20.72,1
e,2022-11-01 17:21:40.665535,-0.06,-0.71,0.70,1.16,2.01,2.44,-4.14,44.81,-20.72,1
e,2022-11-01 17:21:40.665692,-0.06,-0.72,0.70,1.04,1.83,2.38,-3.69,45.08,-21.35,1
e,2022-11-01 17:21:40.665845,-0.06,-0.71,0.70,0.92,2.38,2.38,-3.69,45.08,-21.35,1
e,2022-11-01 17:21:40.665999,-0.06,-0.71,0.70,1.04,1.89,2.26,-3.69,45.08,-21.35,1
e,2022-11-01 17:21:40.666154,-0.06,-0.71,0.70,1.10,1.89,2.56,-4.48,44.48,-19.91,1
e,2022-11-01 17:21:40.666307,-0.06,-0.72,0.70,1.10,2.01,2.50,-4.48,44.48,-19.91,1
e,2022-11-01 17:21:40.666468,-0.06,-0.71,0.70,0.85,1.95,2.32,-4.48,44.48,-19.91,1
e,2022-11-01 17:21:40.666620,-0.06,-0.71,0.70,1.04,1.89,2.38,-3.74,44.65,-19.46,1
e,2022-11-01 17:21:40.666775,-0.06,-0.71,0.70,1.16,2.01,2.38,-3.74,44.65,-19.46,1
e,2022-11-01 17:21:40.666928,-0.06,-0.72,0.70,1.04,1.95,2.32,-3.85,45.00,-19.92,1
e,2022-11-01 17:21:40.667078,-0.06,-0.72,0.70,1.04,1.89,2.38,-3.85,45.00,-19.92,1
e,2022-11-01 17:21:40.667235,-0.06,-0.71,0.70,1.04,2.01,2.44,-3.85,45.00,-19.92,1
e,2022-11-01 17:21:40.667386,-0.06,-0.71,0.70,1.10,1.83,2.50,-3.97,45.12,-20.72,1
e,2022-11-01 17:21:40.667543,-0.06,-0.71,0.70,1.16,2.01,2.50,-3.97,45.12,-20.72,1
e,2022-11-01 17:21:40.667694,-0.06,-0.71,0.70,0.92,2.01,2.38,-3.97,45.12,-20.72,1
e,2022-11-01 17:21:40.667845,-0.06,-0.71,0.70,0.73,1.71,2.14,-4.65,45.08,-20.92,1
e,2022-11-01 17:21:40.668001,-0.06,-0.71,0.70,1.10,2.08,2.44,-4.65,45.08,-20.92,1
e,2022-11-01 17:21:40.668152,-0.06,-0.71,0.70,0.92,1.95,2.44,-4.65,45.08,-20.92,1
e,2022-11-01 17:21:40.668307,-0.06,-0.71,0.70,0.85,2.01,2.26,-4.16,45.31,-19.45,1
e,2022-11-01 17:21:40.668459,-0.06,-0.71,0.70,0.98,1.89,2.38,-4.16,45.31,-19.45,1
e,2022-11-01 17:21:40.668610,-0.06,-0.71,0.70,1.16,1.89,2.50,-4.30,44.91,-20.42,1
e,2022-11-01 17:21:40.668765,-0.06,-0.72,0.70,0.98,1.77,2.26,-4.30,44.91,-20.42,1
e,2022-11-01 17:21:40.668917,-0.06,-0.71,0.70,1.04,2.01,2.38,-4.30,44.91,-20.42,1
e,2022-11-01 17:21:40.669072,-0.06,-0.71,0.70,0.98,1.71,2.20,-3.85,44.13,-20.34,1
e,2022-11-01 17:21:40.669222,-0.06,-0.72,0.70,1.04,2.01,2.50,-3.85,44.13,-20.34,1
e,2022-11-01 17:21:40.669374,-0.06,-0.71,0.70,0.92,1.95,2.38,-3.85,44.13,-20.34,1
e,2022-11-01 17:21:40.669531,-0.06,-0.71,0.70,0.92,1.89,2.32,-3.93,45.06,-20.81,1
e,2022-11-01 17:21:40.669681,-0.06,-0.71,0.70,1.04,1.95,2.50,-3.93,45.06,-20.81,1
e,2022-11-01 17:21:40.669837,-0.06,-0.71,0.70,1.16,1.83,2.50,-4.24,44.71,-19.79,1
e,2022-11-01 17:21:40.669987,-0.06,-0.71,0.70,0.73,1.95,2.20,-4.24,44.71,-19.79,1
e,2022-11-01 17:21:40.670141,-0.06,-0.71,0.70,1.16,1.95,2.50,-4.24,44.71,-19.79,1
e,2022-11-01 17:21:40.670294,-0.06,-0.72,0.70,0.92,1.95,2.38,-4.03,44.80,-20.20,1
e,2022-11-01 17:21:40.670445,-0.06,-0.71,0.70,0.79,2.08,2.26,-4.03,44.80,-20.20,1
e,2022-11-01 17:21:40.670603,-0.06,-0.71,0.70,0.92,1.89,2.26,-4.03,44.80,-20.20,1
e,2022-11-01 17:21:40.670752,-0.06,-0.71,0.70,0.92,1.95,2.32,-3.55,44.80,-19.97,1
e,2022-11-01 17:21:40.670908,-0.06,-0.71,0.70,0.92,2.01,2.44,-3.55,44.80,-19.97,1
e,2022-11-01 17:21:40.671058,-0.06,-0.71,0.70,0.92,2.01,2.32,-3.55,44.80,-19.97,1
e,2022-11-01 17:21:40.671206,-0.06,-0.71,0.70,0.98,2.08,2.38,-3.86,44.65,-19.78,1
e,2022-11-01 17:21:40.671361,-0.06,-0.71,0.70,0.98,2.01,2.50,-3.86,44.65,-19.78,1
e,2022-11-01 17:21:40.671530,-0.06,-0.71,0.70,0.85,1.89,2.26,-4.25,45.21,-20.09,1
e,2022-11-01 17:21:40.671685,-0.06,-0.71,0.70,0.92,2.01,2.56,-4.25,45.21,-20.09,1
e,2022-11-01 17:21:40.671836,-0.06,-0.71,0.70,1.04,1.83,2.56,-4.25,45.21,-20.09,1
e,2022-11-01 17:21:40.671986,-0.06,-0.71,0.70,0.98,1.89,2.38,-4.02,45.04,-19.95,1
e,2022-11-01 17:21:40.672143,-0.06,-0.71,0.70,1.16,2.01,2.32,-4.02,45.04,-19.95,1
e,2022-11-01 17:21:40.672296,-0.06,-0.71,0.70,1.34,2.08,2.50,-4.02,45.04,-19.95,1
e,2022-11-01 17:21:40.672454,-0.06,-0.71,0.70,0.79,1.89,2.38,-3.69,44.82,-20.45,1
e,2022-11-01 17:21:40.672606,-0.06,-0.71,0.70,0.73,1.89,2.38,-3.69,44.82,-20.45,1
e,2022-11-01 17:21:40.672766,-0.06,-0.71,0.70,1.04,1.83,2.50,-3.69,44.82,-20.45,1
e,2022-11-01 17:21:40.672916,-0.06,-0.71,0.70,1.16,1.95,2.44,-3.67,45.09,-20.09,1
e,2022-11-01 17:21:40.673067,-0.06,-0.71,0.70,1.04,2.01,2.44,-3.67,45.09,-20.09,1
e,2022-11-01 17:21:40.673224,-0.06,-0.71,0.70,1.04,1.89,2.38,-3.44,44.41,-20.45,1
e,2022-11-01 17:21:40.673374,-0.06,-0.71,0.70,0.85,1.89,2.20,-3.44,44.41,-20.45,1
e,2022-11-01 17:21:40.673530,-0.06,-0.71,0.70,0.92,2.08,2.44,-3.44,44.41,-20.45,1
e,2022-11-01 17:21:40.673681,-0.06,-0.71,0.70,1.16,1.89,2.38,-4.03,45.03,-19.76,1
e,2022-11-01 17:21:40.673833,-0.06,-0.71,0.70,1.10,2.01,2.50,-4.03,45.03,-19.76,1
e,2022-11-01 17:21:40.673988,-0.06,-0.71,0.70,0.92,2.08,2.56,-4.03,45.03,-19.76,1
e,2022-11-01 17:21:40.674139,-0.06,-0.71,0.70,1.10,1.95,2.56,-4.08,44.42,-20.76,1
e,2022-11-01 17:21:40.674296,-0.06,-0.71,0.70,0.98,2.14,2.50,-4.08,44.42,-20.76,1
e,2022-11-01 17:21:40.674448,-0.06,-0.72,0.70,1.04,1.95,2.56,-4.08,44.42,-20.76,1
e,2022-11-01 17:21:40.674598,-0.06,-0.71,0.70,0.92,1.95,2.38,-3.65,44.86,-20.30,1
e,2022-11-01 17:21:40.674756,-0.06,-0.71,0.70,1.04,2.08,2.56,-3.65,44.86,-20.30,1
e,2022-11-01 17:21:40.674907,-0.06,-0.71,0.70,0.92,2.01,2.26,-3.66,44.65,-19.91,1
e,2022-11-01 17:21:40.675064,-0.06,-0.71,0.70,0.73,1.89,2.38,-3.66,44.65,-19.91,1
e,2022-11-01 17:21:40.675214,-0.06,-0.71,0.70,0.92,2.08,2.50,-3.66,44.65,-19.91,1
e,2022-11-01 17:21:40.675368,-0.06,-0.71,0.70,0.98,1.89,2.56,-3.63,44.93,-21.07,1
e,2022-11-01 17:21:40.675520,-0.06,-0.71,0.70,1.04,1.95,2.56,-3.63,44.93,-21.07,1
e,2022-11-01 17:21:40.675672,-0.06,-0.71,0.70,0.98,2.01,2.38,-3.63,44.93,-21.07,1
e,2022-11-01 17:21:40.675830,-0.06,-0.71,0.70,0.98,1.83,2.50,-3.88,44.86,-20.67,1
e,2022-11-01 17:21:40.675985,-0.06,-0.71,0.70,1.10,1.95,2.56,-3.88,44.86,-20.67,1
e,2022-11-01 17:21:40.676148,-0.06,-0.71,0.70,0.98,2.08,2.32,-3.88,44.86,-20.67,1
e,2022-11-01 17:21:40.676302,-0.06,-0.71,0.70,1.04,1.83,2.38,-4.05,44.73,-20.87,1
e,2022-11-01 17:21:40.676456,-0.06,-0.71,0.70,0.98,2.14,2.62,-4.05,44.73,-20.87,1
e,2022-11-01 17:21:40.676621,-0.06,-0.71,0.70,1.22,1.71,2.50,-3.61,44.38,-19.57,1
e,2022-11-01 17:21:40.676774,-0.06,-0.71,0.70,0.92,1.71,2.32,-3.61,44.38,-19.57,1
e,2022-11-01 17:21:40.676933,-0.06,-0.71,0.70,1.22,1.77,2.56,-3.61,44.38,-19.57,1
e,2022-11-01 17:21:40.677085,-0.06,-0.71,0.70,1.22,1.89,2.62,-3.65,44.95,-19.40,1
e,2022-11-01 17:21:40.677238,-0.06,-0.71,0.70,0.98,1.95,2.26,-3.65,44.95,-19.40,1
e,2022-11-01 17:21:40.677398,-0.06,-0.71,0.70,0.85,2.01,2.50,-3.65,44.95,-19.40,1
e,2022-11-01 17:21:40.677550,-0.06,-0.71,0.70,0.92,2.08,2.44,-3.52,44.76,-20.50,1
e,2022-11-01 17:21:40.677708,-0.06,-0.71,0.70,1.04,1.95,2.44,-3.52,44.76,-20.50,1
e,2022-11-01 17:21:40.677860,-0.06,-0.71,0.70,1.04,1.83,2.44,-3.52,44.76,-20.50,1
e,2022-11-01 17:21:40.678010,-0.06,-0.71,0.70,0.85,1.89,2.32,-3.43,44.98,-19.46,1
e,2022-11-01 17:21:40.678169,-0.06,-0.71,0.70,1.22,1.95,2.50,-3.43,44.98,-19.46,1
e,2022-11-01 17:21:40.678322,-0.06,-0.71,0.70,1.16,1.83,2.38,-3.69,44.97,-19.20,1
e,2022-11-01 17:21:40.678480,-0.06,-0.71,0.70,0.92,1.95,2.44,-3.69,44.97,-19.20,1
e,2022-11-01 17:21:40.678634,-0.06,-0.71,0.70,1.04,1.95,2.50,-3.69,44.97,-19.20,1
e,2022-11-01 17:21:40.678791,-0.06,-0.72,0.70,0.92,2.01,2.26,-3.47,44.62,-20.23,1
e,2022-11-01 17:21:40.678947,-0.06,-0.71,0.70,1.04,1.95,2.56,-3.47,44.62,-20.23,1
e,2022-11-01 17:21:40.679100,-0.06,-0.71,0.70,0.98,1.89,2.44,-3.47,44.62,-20.23,1
e,2022-11-01 17:21:40.679258,-0.06,-0.72,0.70,1.10,1.71,2.32,-4.49,44.80,-19.86,1
e,2022-11-01 17:21:40.679411,-0.06,-0.71,0.70,1.16,1.89,2.44,-4.49,44.80,-19.86,1
e,2022-11-01 17:21:40.679567,-0.06,-0.71,0.70,1.28,1.89,2.44,-4.49,44.80,-19.86,1
e,2022-11-01 17:21:40.679720,-0.06,-0.71,0.70,0.85,1.77,2.50,-4.46,44.62,-19.62,1
e,2022-11-01 17:21:40.679873,-0.06,-0.71,0.70,1.22,1.83,2.56,-4.46,44.62,-19.62,1
e,2022-11-01 17:21:40.680046,-0.06,-0.71,0.70,1.04,1.95,2.38,-4.36,45.45,-19.14,1
e,2022-11-01 17:21:40.680199,-0.06,-0.71,0.70,1.04,2.01,2.56,-4.36,45.45,-19.14,1
e,2022-11-01 17:21:40.680363,-0.06,-0.71,0.70,1.28,2.01,2.38,-4.36,45.45,-19.14,1
e,2022-11-01 17:21:40.680519,-0.06,-0.71,0.70,0.98,1.95,2.38,-4.06,44.93,-20.02,1
e,2022-11-01 17:21:40.680669,-0.06,-0.71,0.70,0.92,1.89,2.32,-4.06,44.93,-20.02,1
e,2022-11-01 17:21:40.680825,-0.06,-0.71,0.70,1.16,2.01,2.50,-4.06,44.93,-20.02,1
e,2022-11-01 17:21:40.680974,-0.06,-0.71,0.70,1.04,1.89,2.20,-4.06,44.67,-20.42,1
e,2022-11-01 17:21:40.681129,-0.06,-0.71,0.70,1.22,1.95,2.38,-4.06,44.67,-20.42,1
e,2022-11-01 17:21:40.681279,-0.06,-0.71,0.70,0.98,1.89,2.32,-4.06,44.67,-20.42,1
e,2022-11-01 17:21:40.681433,-0.06,-0.71,0.70,1.04,1.95,2.50,-3.82,44.64,-19.17,1
e,2022-11-01 17:21:40.681584,-0.06,-0.71,0.70,1.04,1.95,2.56,-3.82,44.64,-19.17,1
e,2022-11-01 17:21:40.681736,-0.06,-0.71,0.70,1.04,1.89,2.50,-4.03,44.87,-20.08,1
e,2022-11-01 17:21:40.681895,-0.06,-0.71,0.70,1.04,1.71,2.32,-4.03,44.87,-20.08,1
e,2022-11-01 17:21:40.682047,-0.06,-0.71,0.70,0.98,2.01,2.44,-4.03,44.87,-20.08,1
e,2022-11-01 17:21:40.682203,-0.06,-0.71,0.70,1.10,1.89,2.32,-3.63,45.24,-20.53,1
e,2022-11-01 17:21:40.682351,-0.06,-0.71,0.70,0.98,1.95,2.44,-3.63,45.24,-20.53,1
e,2022-11-01 17:21:40.682501,-0.06,-0.71,0.70,1.28,1.89,2.62,-3.63,45.24,-20.53,1
e,2022-11-01 17:21:40.682657,-0.06,-0.71,0.70,1.04,1.71,2.26,-4.03,45.08,-19.97,1
e,2022-11-01 17:21:40.682808,-0.06,-0.71,0.70,1.34,1.83,2.50,-4.03,45.08,-19.97,1
e,2022-11-01 17:21:40.682963,-0.06,-0.71,0.70,1.04,1.95,2.44,-4.03,45.08,-19.97,1
e,2022-11-01 17:21:40.683114,-0.06,-0.71,0.70,1.16,1.83,2.38,-4.17,44.56,-19.71,1
e,2022-11-01 17:21:40.683265,-0.06,-0.71,0.70,1.10,1.83,2.44,-4.17,44.56,-19.71,1
e,2022-11-01 17:21:40.683420,-0.06,-0.71,0.70,0.98,2.08,2.38,-3.81,44.91,-19.27,1
e,2022-11-01 17:21:40.683570,-0.06,-0.71,0.70,1.10,1.89,2.44,-3.81,44.91,-19.27,1
e,2022-11-01 17:21:40.683726,-0.06,-0.71,0.70,1.16,1.95,2.56,-3.81,44.91,-19.27,1
e,2022-11-01 17:21:40.683877,-0.06,-0.71,0.70,1.04,1.89,2.38,-3.94,45.26,-19.71,1
e,2022-11-01 17:21:40.684033,-0.06,-0.71,0.70,1.10,1.95,2.26,-3.94,45.26,-19.71,1
e,2022-11-01 17:21:40.684184,-0.06,-0.71,0.70,1.10,1.95,2.62,-3.94,45.26,-19.71,1
e,2022-11-01 17:21:40.684335,-0.06,-0.71,0.70,0.98,2.08,2.26,-4.15,44.90,-20.58,1
e,2022-11-01 17:21:40.684490,-0.06,-0.71,0.70,1.10,2.01,2.38,-4.15,44.90,-20.58,1
e,2022-11-01 17:21:40.684642,-0.06,-0.71,0.70,1.10,1.77,2.32,-4.15,44.90,-20.58,1
e,2022-11-01 17:21:40.684798,-0.06,-0.71,0.70,1.22,2.01,2.32,-4.19,44.97,-19.12,1
e,2022-11-01 17:21:40.684948,-0.06,-0.71,0.70,1.10,1.95,2.44,-4.19,44.97,-19.12,1
e,2022-11-01 17:21:40.685100,-0.06,-0.71,0.70,1.04,2.01,2.44,-3.81,45.39,-19.53,1
e,2022-11-01 17:21:40.685255,-0.06,-0.71,0.70,0.92,1.95,2.32,-3.81,45.39,-19.53,1
e,2022-11-01 17:21:40.685405,-0.06,-0.71,0.70,1.16,1.89,2.44,-3.81,45.39,-19.53,1
e,2022-11-01 17:21:40.685558,-0.06,-0.71,0.70,1.16,1.89,2.44,-4.32,44.59,-20.46,1
e,2022-11-01 17:21:40.685709,-0.06,-0.71,0.70,1.16,1.95,2.62,-4.32,44.59,-20.46,1
e,2022-11-01 17:21:40.685860,-0.06,-0.71,0.70,1.28,1.83,2.50,-4.32,44.59,-20.46,1
e,2022-11-01 17:21:40.686018,-0.06,-0.71,0.70,1.04,1.83,2.44,-3.94,44.76,-20.20,1
e,2022-11-01 17:21:40.686168,-0.06,-0.71,0.70,0.98,1.89,2.32,-3.94,44.76,-20.20,1
e,2022-11-01 17:21:40.686325,-0.06,-0.71,0.70,1.22,1.95,2.44,-3.94,44.76,-20.20,1
e,2022-11-01 17:21:40.686475,-0.06,-0.71,0.70,0.92,1.83,2.32,-3.99,44.74,-19.26,1
e,2022-11-01 17:21:40.686634,-0.06,-0.71,0.70,1.16,1.95,2.38,-3.99,44.74,-19.26,1
e,2022-11-01 17:21:40.686805,-0.06,-0.71,0.70,1.10,1.95,2.26,-4.06,44.60,-19.10,1
e,2022-11-01 17:21:40.686955,-0.06,-0.71,0.70,0.79,2.14,2.44,-4.06,44.60,-19.10,1
e,2022-11-01 17:21:40.687112,-0.06,-0.71,0.70,1.16,2.01,2.56,-4.06,44.60,-19.10,1
e,2022-11-01 17:21:40.687263,-0.06,-0.71,0.70,1.10,1.89,2.56,-4.30,45.42,-19.75,1
e,2022-11-01 17:21:40.687419,-0.06,-0.71,0.70,1.10,2.01,2.44,-4.30,45.42,-19.75,1
e,2022-11-01 17:21:40.687570,-0.06,-0.71,0.70,1.10,1.89,2.50,-4.30,45.42,-19.75,1
e,2022-11-01 17:21:40.687719,-0.06,-0.71,0.70,1.22,1.83,2.38,-4.11,45.31,-20.02,1
e,2022-11-01 17:21:40.687875,-0.06,-0.71,0.70,1.10,1.89,2.44,-4.11,45.31,-20.02,1
e,2022-11-01 17:21:40.688025,-0.06,-0.71,0.70,1.10,2.08,2.44,-4.11,45.31,-20.02,1
e,2022-11-01 17:21:40.688180,-0.06,-0.71,0.70,0.92,1.95,2.50,-3.94,45.21,-20.91,1
e,2022-11-01 17:21:40.688331,-0.06,-0.71,0.70,1.10,2.01,2.56,-3.94,45.21,-20.91,1
e,2022-11-01 17:21:40.688484,-0.06,-0.71,0.70,1.04,1.89,2.32,-4.03,44.84,-19.80,1
e,2022-11-01 17:21:40.688646,-0.06,-0.71,0.70,1.10,2.01,2.32,-4.03,44.84,-19.80,1
e,2022-11-01 17:21:40.688798,-0.06,-0.71,0.70,1.16,1.95,2.26,-4.03,44.84,-19.80,1
e,2022-11-01 17:21:40.688960,-0.06,-0.71,0.70,0.98,2.08,2.50,-4.03,44.90,-20.41,1
e,2022-11-01 17:21:40.689113,-0.06,-0.71,0.70,0.85,2.01,2.32,-4.03,44.90,-20.41,1
e,2022-11-01 17:21:40.689270,-0.06,-0.71,0.70,1.10,1.77,2.26,-4.03,44.90,-20.41,1
e,2022-11-01 17:21:40.689425,-0.06,-0.71,0.70,0.92,1.89,2.44,-3.92,44.90,-19.54,1
e,2022-11-01 17:21:40.689576,-0.06,-0.71,0.70,0.98,1.95,2.38,-3.92,44.90,-19.54,1
e,2022-11-01 17:21:40.689733,-0.06,-0.71,0.70,0.92,1.95,2.44,-3.92,44.90,-19.54,1
e,2022-11-01 17:21:40.689883,-0.06,-0.71,0.70,0.79,1.95,2.26,-4.53,45.72,-18.82,1
e,2022-11-01 17:21:40.690044,-0.06,-0.71,0.70,0.98,1.89,2.32,-4.53,45.72,-18.82,1
e,2022-11-01 17:21:40.690196,-0.06,-0.71,0.70,0.98,1.89,2.38,-3.96,44.41,-19.40,1
e,2022-11-01 17:21:40.690348,-0.06,-0.71,0.70,0.98,1.89,2.38,-3.96,44.41,-19.40,1
e,2022-11-01 17:21:40.690506,-0.06,-0.71,0.70,1.04,2.01,2.38,-3.96,44.41,-19.40,1
e,2022-11-01 17:21:40.690659,-0.06,-0.71,0.70,1.10,1.89,2.38,-4.28,44.78,-20.72,1
e,2022-11-01 17:21:40.690814,-0.06,-0.71,0.70,1.04,1.89,2.44,-4.28,44.78,-20.72,1
e,2022-11-01 17:21:40.690967,-0.06,-0.71,0.70,1.10,1.95,2.38,-4.28,44.78,-20.72,1
e,2022-11-01 17:21:40.691120,-0.06,-0.71,0.70,1.10,1.77,2.14,-4.11,44.80,-19.56,1
e,2022-11-01 17:21:40.691277,-0.06,-0.71,0.70,1.04,1.71,2.44,-4.11,44.80,-19.56,1
e,2022-11-01 17:21:40.691428,-0.06,-0.71,0.70,1.22,1.89,2.56,-4.11,44.80,-19.56,1
e,2022-11-01 17:21:40.691586,-0.06,-0.71,0.70,0.85,1.83,2.14,-4.32,45.03,-19.51,1
e,2022-11-01 17:21:40.691739,-0.06,-0.71,0.70,1.28,1.89,2.44,-4.32,45.03,-19.51,1
e,2022-11-01 17:21:40.691891,-0.06,-0.71,0.70,1.16,1.77,2.50,-4.33,44.59,-18.98,1
e,2022-11-01 17:21:40.692050,-0.06,-0.71,0.70,1.16,2.08,2.56,-4.33,44.59,-18.98,1
e,2022-11-01 17:21:40.692202,-0.06,-0.71,0.70,0.98,1.89,2.44,-4.33,44.59,-18.98,1
e,2022-11-01 17:21:40.692360,-0.06,-0.71,0.70,1.16,1.95,2.44,-4.19,44.69,-21.36,1
e,2022-11-01 17:21:40.692513,-0.06,-0.71,0.70,1.10,2.14,2.38,-4.19,44.69,-21.36,1
e,2022-11-01 17:21:40.692668,-0.06,-0.71,0.70,1.22,2.14,2.38,-4.19,44.69,-21.36,1
e,2022-11-01 17:21:40.692822,-0.06,-0.71,0.70,1.04,1.83,2.32,-3.85,44.93,-20.31,1
e,2022-11-01 17:21:40.692971,-0.06,-0.71,0.70,1.10,1.83,2.32,-3.85,44.93,-20.31,1
e,2022-11-01 17:21:40.693130,-0.06,-0.71,0.70,1.28,1.89,2.44,-3.85,44.93,-20.31,1
e,2022-11-01 17:21:40.693282,-0.06,-0.71,0.70,0.98,1.83,2.32,-4.19,44.62,-19.97,1
e,2022-11-01 17:21:40.693436,-0.06,-0.71,0.70,1.10,1.83,2.44,-4.19,44.62,-19.97,1
e,2022-11-01 17:21:40.693586,-0.06,-0.71,0.70,1.16,2.01,2.62,-3.98,45.56,-20.04,1
e,2022-11-01 17:21:40.693738,-0.06,-0.71,0.70,1.16,2.01,2.38,-3.98,45.56,-20.04,1
e,2022-11-01 17:21:40.693893,-0.06,-0.71,0.70,1.22,2.01,2.44,-3.98,45.56,-20.04,1
e,2022-11-01 17:21:40.694046,-0.06,-0.71,0.70,1.22,2.08,2.62,-3.98,45.20,-20.09,1
e,2022-11-01 17:21:40.694203,-0.06,-0.71,0.70,0.98,1.77,2.38,-3.98,45.20,-20.09,1
e,2022-11-01 17:21:40.694356,-0.06,-0.71,0.70,0.79,1.95,2.32,-3.98,45.20,-20.09,1
e,2022-11-01 17:21:40.694511,-0.06,-0.71,0.70,1.16,1.95,2.44,-4.16,44.95,-19.38,1
e,2022-11-01 17:21:40.694663,-0.06,-0.71,0.70,1.04,2.01,2.44,-4.16,44.95,-19.38,1
e,2022-11-01 17:21:40.694815,-0.06,-0.71,0.70,0.92,2.01,2.50,-4.16,44.95,-19.38,1
e,2022-11-01 17:21:40.694970,-0.06,-0.71,0.70,0.92,1.83,2.32,-4.38,44.60,-19.60,1
e,2022-11-01 17:21:40.695122,-0.06,-0.71,0.70,1.16,1.83,2.50,-4.38,44.60,-19.60,1
e,2022-11-01 17:21:40.695276,-0.06,-0.71,0.70,1.16,2.01,2.56,-3.63,45.00,-21.00,1
e,2022-11-01 17:21:40.695426,-0.06,-0.71,0.70,0.98,1.83,2.26,-3.63,45.00,-21.00,1
e,2022-11-01 17:21:40.695578,-0.06,-0.71,0.70,1.16,1.89,2.50,-3.63,45.00,-21.00,1
e,2022-11-01 17:21:40.695734,-0.06,-0.71,0.70,0.98,2.08,2.50,-3.70,45.03,-19.85,1
e,2022-11-01 17:21:40.695885,-0.06,-0.71,0.70,1.22,1.89,2.38,-3.70,45.03,-19.85,1
e,2022-11-01 17:21:40.696053,-0.06,-0.71,0.70,1.10,2.01,2.62,-3.70,45.03,-19.85,1
e,2022-11-01 17:21:40.696205,-0.06,-0.71,0.70,1.16,2.01,2.44,-3.78,45.10,-20.45,1
e,2022-11-01 17:21:40.696362,-0.06,-0.71,0.70,1.04,1.83,2.44,-3.78,45.10,-20.45,1
e,2022-11-01 17:21:40.696516,-0.06,-0.71,0.70,1.16,1.95,2.56,-3.78,45.10,-20.45,1
e,2022-11-01 17:21:40.696671,-0.06,-0.71,0.70,1.04,2.01,2.26,-4.00,44.54,-20.57,1
e,2022-11-01 17:21:40.696831,-0.06,-0.71,0.70,1.10,2.01,2.50,-4.00,44.54,-20.57,1
e,2022-11-01 17:21:40.696984,-0.06,-0.71,0.70,0.92,1.89,2.32,-4.74,45.03,-20.25,1
e,2022-11-01 17:21:40.697141,-0.06,-0.71,0.70,0.85,1.89,2.38,-4.74,45.03,-20.25,1
e,2022-11-01 17:21:40.697293,-0.06,-0.71,0.70,1.22,1.89,2.44,-4.74,45.03,-20.25,1
e,2022-11-01 17:21:40.697445,-0.06,-0.71,0.70,0.98,1.95,2.38,-4.16,45.02,-22.12,1
e,2022-11-01 17:21:40.697604,-0.06,-0.71,0.70,1.34,1.95,2.44,-4.16,45.02,-22.12,1
e,2022-11-01 17:21:40.697756,-0.06,-0.71,0.70,1.04,1.83,2.50,-4.16,45.02,-22.12,1
e,2022-11-01 17:21:40.697921,-0.06,-0.71,0.70,1.04,2.01,2.50,-4.41,45.00,-20.04,1
e,2022-11-01 17:21:40.698073,-0.06,-0.71,0.70,0.92,1.89,2.32,-4.41,45.00,-20.04,1
e,2022-11-01 17:21:40.698223,-0.06,-0.71,0.70,1.22,1.95,2.32,-4.41,45.00,-20.04,1
e,2022-11-01 17:21:40.698381,-0.06,-0.71,0.70,1.10,1.89,2.38,-4.20,44.51,-18.80,1
e,2022-11-01 17:21:40.698533,-0.06,-0.71,0.70,1.28,1.89,2.69,-4.20,44.51,-18.80,1
e,2022-11-01 17:21:40.698701,-0.06,-0.71,0.70,1.10,1.83,2.56,-4.16,44.74,-19.10,1
e,2022-11-01 17:21:40.698850,-0.06,-0.71,0.70,1.04,1.89,2.50,-4.16,44.74,-19.10,1
e,2022-11-01 17:21:40.699006,-0.06,-0.71,0.70,1.34,1.83,2.50,-4.16,44.74,-19.10,1
e,2022-11-01 17:21:40.699156,-0.06,-0.71,0.70,0.98,2.01,2.32,-4.49,45.31,-21.12,1
e,2022-11-01 17:21:40.699306,-0.06,-0.71,0.70,1.16,1.89,2.44,-4.49,45.31,-21.12,1
e,2022-11-01 17:21:40.699461,-0.06,-0.71,0.70,1.04,1.95,2.38,-4.49,45.31,-21.12,1
e,2022-11-01 17:21:40.699611,-0.06,-0.71,0.70,0.79,1.95,2.32,-4.28,44.82,-19.40,1
e,2022-11-01 17:21:40.699768,-0.06,-0.71,0.70,1.04,2.08,2.56,-4.28,44.82,-19.40,1
e,2022-11-01 17:21:40.699919,-0.06,-0.71,0.70,1.04,1.95,2.38,-4.28,44.82,-19.40,1
e,2022-11-01 17:21:40.700073,-0.06,-0.71,0.70,0.85,1.95,2.26,-4.02,45.17,-20.50,1
e,2022-11-01 17:21:40.700232,-0.06,-0.71,0.70,0.98,1.89,2.32,-4.02,45.17,-20.50,1
e,2022-11-01 17:21:40.700385,-0.06,-0.71,0.70,1.10,1.83,2.44,-4.54,45.02,-19.52,1
e,2022-11-01 17:21:40.700543,-0.06,-0.71,0.70,1.28,1.95,2.44,-4.54,45.02,-19.52,1
e,2022-11-01 17:21:40.700694,-0.06,-0.71,0.70,1.04,1.89,2.44,-4.54,45.02,-19.52,1
e,2022-11-01 17:21:40.700843,-0.06,-0.71,0.70,1.16,1.95,2.32,-4.30,45.31,-20.67,1
e,2022-11-01 17:21:40.700997,-0.06,-0.71,0.70,0.98,1.89,2.44,-4.30,45.31,-20.67,1
e,2022-11-01 17:21:40.701146,-0.06,-0.71,0.70,1.04,1.95,2.38,-4.30,45.31,-20.67,1
e,2022-11-01 17:21:40.701304,-0.06,-0.71,0.70,1.22,1.83,2.38,-5.41,45.39,-20.30,1
e,2022-11-01 17:21:40.701456,-0.06,-0.71,0.70,1.10,1.89,2.38,-5.41,45.39,-20.30,1
e,2022-11-01 17:21:40.701614,-0.06,-0.71,0.70,1.16,2.14,2.44,-5.41,45.39,-20.30,1
e,2022-11-01 17:21:40.701768,-0.06,-0.71,0.70,1.10,1.83,2.32,-4.52,44.90,-19.98,1
e,2022-11-01 17:21:40.701938,-0.06,-0.71,0.70,1.16,2.14,2.50,-4.52,44.90,-19.98,1
e,2022-11-01 17:21:40.702096,-0.06,-0.71,0.70,1.22,1.89,2.50,-4.21,45.47,-20.46,1
e,2022-11-01 17:21:40.702248,-0.06,-0.71,0.70,0.98,2.08,2.32,-4.21,45.47,-20.46,1
e,2022-11-01 17:21:40.702406,-0.06,-0.71,0.70,0.92,2.01,2.32,-4.21,45.47,-20.46,1
e,2022-11-01 17:21:40.702556,-0.06,-0.71,0.70,0.98,1.95,2.32,-4.26,44.98,-19.69,1
e,2022-11-01 17:21:40.702705,-0.06,-0.71,0.70,1.04,1.95,2.32,-4.26,44.98,-19.69,1
e,2022-11-01 17:21:40.702861,-0.06,-0.71,0.70,1.10,1.89,2.38,-4.26,44.98,-19.69,1
e,2022-11-01 17:21:40.703010,-0.06,-0.71,0.70,0.92,1.89,2.32,-5.20,44.86,-20.17,1
e,2022-11-01 17:21:40.703165,-0.06,-0.71,0.70,0.92,2.01,2.56,-5.20,44.86,-20.17,1
e,2022-11-01 17:21:40.703315,-0.06,-0.71,0.70,1.04,1.83,2.50,-5.20,44.86,-20.17,1
e,2022-11-01 17:21:40.703464,-0.06,-0.71,0.70,1.04,1.77,2.38,-4.86,44.75,-20.47,1
e,2022-11-01 17:21:40.703618,-0.06,-0.71,0.70,1.10,1.95,2.50,-4.86,44.75,-20.47,1
e,2022-11-01 17:21:40.703767,-0.06,-0.71,0.70,1.04,1.89,2.38,-4.49,44.78,-20.19,1
e,2022-11-01 17:21:40.703922,-0.06,-0.71,0.70,1.04,1.95,2.32,-4.49,44.78,-20.19,1
e,2022-11-01 17:21:40.704072,-0.06,-0.71,0.70,0.98,1.89,2.44,-4.49,44.78,-20.19,1
e,2022-11-01 17:21:40.704223,-0.06,-0.72,0.70,1.04,1.89,2.38,-4.70,45.41,-21.11,1
e,2022-11-01 17:21:40.704383,-0.06,-0.71,0.70,0.67,2.01,2.38,-4.70,45.41,-21.11,1
e,2022-11-01 17:21:40.704534,-0.06,-0.71,0.70,1.16,1.95,2.50,-4.70,45.41,-21.11,1
e,2022-11-01 17:21:40.704690,-0.06,-0.71,0.70,0.98,1.95,2.38,-4.09,44.78,-20.81,1
e,2022-11-01 17:21:40.704842,-0.06,-0.71,0.70,0.92,2.14,2.50,-4.09,44.78,-20.81,1
e,2022-11-01 17:21:40.704996,-0.06,-0.71,0.70,1.16,1.95,2.44,-4.09,44.78,-20.81,1
e,2022-11-01 17:21:40.705151,-0.06,-0.71,0.70,1.04,1.89,2.26,-4.83,45.26,-20.48,1
e,2022-11-01 17:21:40.705304,-0.06,-0.71,0.70,1.04,2.01,2.44,-4.83,45.26,-20.48,1
e,2022-11-01 17:21:40.705462,-0.06,-0.71,0.70,1.10,1.89,2.26,-4.47,45.19,-19.07,1
e,2022-11-01 17:21:40.705616,-0.06,-0.71,0.70,1.10,1.77,2.32,-4.47,45.19,-19.07,1
e,2022-11-01 17:21:40.705775,-0.06,-0.71,0.70,1.04,1.95,2.50,-4.47,45.19,-19.07,1
e,2022-11-01 17:21:40.705929,-0.06,-0.71,0.70,1.04,1.89,2.50,-4.65,45.03,-19.38,1
e,2022-11-01 17:21:40.706082,-0.06,-0.71,0.70,0.92,1.77,2.32,-4.65,45.03,-19.38,1
e,2022-11-01 17:21:40.706239,-0.06,-0.71,0.70,0.92,1.95,2.32,-4.65,45.03,-19.38,1
e,2022-11-01 17:21:40.706390,-0.06,-0.71,0.70,1.04,1.95,2.38,-3.52,45.12,-19.75,1
e,2022-11-01 17:21:40.706545,-0.06,-0.71,0.70,1.10,1.95,2.44,-3.52,45.12,-19.75,1
e,2022-11-01 17:21:40.706697,-0.06,-0.71,0.70,0.98,2.01,2.56,-3.52,45.12,-19.75,1
e,2022-11-01 17:21:40.706849,-0.06,-0.71,0.70,1.04,1.83,2.56,-4.37,45.09,-19.86,1
e,2022-11-01 17:21:40.707005,-0.06,-0.71,0.70,0.79,2.01,2.44,-4.37,45.09,-19.86,1
e,2022-11-01 17:21:40.707156,-0.06,-0.71,0.70,1.10,1.89,2.38,-4.05,45.07,-19.59,1
e,2022-11-01 17:21:40.707313,-0.06,-0.71,0.70,1.04,1.95,2.38,-4.05,45.07,-19.59,1
e,2022-11-01 17:21:40.707464,-0.06,-0.71,0.70,1.28,1.77,2.50,-4.05,45.07,-19.59,1
e,2022-11-01 17:21:40.707615,-0.06,-0.71,0.70,1.10,2.08,2.32,-3.88,45.35,-20.96,1
e,2022-11-01 17:21:40.707771,-0.06,-0.71,0.70,1.34,2.01,2.50,-3.88,45.35,-20.96,1
e,2022-11-01 17:21:40.707922,-0.06,-0.71,0.70,1.16,1.89,2.44,-3.88,45.35,-20.96,1
e,2022-11-01 17:21:40.708085,-0.06,-0.71,0.70,1.10,2.08,2.20,-4.53,44.63,-20.24,1
e,2022-11-01 17:21:40.708237,-0.06,-0.71,0.70,0.92,1.95,2.56,-4.53,44.63,-20.24,1
e,2022-11-01 17:21:40.708390,-0.06,-0.71,0.70,0.79,1.95,2.38,-4.53,44.63,-20.24,1
e,2022-11-01 17:21:40.708552,-0.06,-0.71,0.70,1.10,1.89,2.32,-4.31,44.82,-20.29,1
e,2022-11-01 17:21:40.708705,-0.06,-0.71,0.70,0.98,2.20,2.38,-4.31,44.82,-20.29,1
e,2022-11-01 17:21:40.708862,-0.06,-0.71,0.70,1.16,1.95,2.44,-4.11,45.45,-20.52,1
e,2022-11-01 17:21:40.709014,-0.06,-0.71,0.70,1.04,1.95,2.38,-4.11,45.45,-20.52,1
e,2022-11-01 17:21:40.709175,-0.06,-0.71,0.70,0.98,2.01,2.44,-4.11,45.45,-20.52,1
e,2022-11-01 17:21:40.709329,-0.06,-0.71,0.70,1.10,1.95,2.50,-4.36,44.80,-20.34,1
e,2022-11-01 17:21:40.709485,-0.06,-0.71,0.70,1.16,1.95,2.50,-4.36,44.80,-20.34,1
e,2022-11-01 17:21:40.709645,-0.06,-0.71,0.70,1.16,2.14,2.44,-4.36,44.80,-20.34,1
e,2022-11-01 17:21:40.709799,-0.06,-0.71,0.70,0.73,1.95,2.26,-4.50,45.12,-21.98,1
e,2022-11-01 17:21:40.709957,-0.06,-0.71,0.70,0.98,1.95,2.50,-4.50,45.12,-21.98,1
e,2022-11-01 17:21:40.710110,-0.06,-0.71,0.70,1.10,1.95,2.50,-4.50,45.12,-21.98,1
e,2022-11-01 17:21:40.710261,-0.06,-0.71,0.70,0.73,1.89,2.26,-4.27,44.75,-19.21,1
e,2022-11-01 17:21:40.710418,-0.06,-0.71,0.70,0.98,1.95,2.44,-4.27,44.75,-19.21,1
e,2022-11-01 17:21:40.710568,-0.06,-0.71,0.70,1.16,1.83,2.32,-4.19,44.81,-18.86,1
e,2022-11-01 17:21:40.710726,-0.06,-0.71,0.70,1.28,1.89,2.50,-4.19,44.81,-18.86,1
e,2022-11-01 17:21:40.710877,-0.06,-0.71,0.70,1.10,1.89,2.44,-4.19,44.81,-18.86,1
e,2022-11-01 17:21:40.711028,-0.06,-0.71,0.70,1.10,1.89,2.32,-4.37,43.97,-20.28,1
e,2022-11-01 17:21:40.711187,-0.06,-0.71,0.70,1.04,1.83,2.44,-4.37,43.97,-20.28,1
e,2022-11-01 17:21:40.711338,-0.06,-0.71,0.70,0.98,1.89,2.44,-4.37,43.97,-20.28,1
e,2022-11-01 17:21:40.711495,-0.06,-0.71,0.70,1.04,1.95,2.44,-4.13,44.23,-20.01,1
e,2022-11-01 17:21:40.711647,-0.06,-0.71,0.70,1.28,1.83,2.50,-4.13,44.23,-20.01,1
e,2022-11-01 17:21:40.711799,-0.06,-0.71,0.70,1.10,2.14,2.44,-4.13,44.23,-20.01,1
e,2022-11-01 17:21:40.711954,-0.06,-0.71,0.70,1.22,1.77,2.26,-3.77,44.68,-20.26,1
e,2022-11-01 17:21:40.712109,-0.06,-0.71,0.70,1.16,1.95,2.26,-3.77,44.68,-20.26,1
e,2022-11-01 17:21:40.712275,-0.06,-0.71,0.70,1.10,1.89,2.50,-4.10,44.56,-19.80,1
e,2022-11-01 17:21:40.712426,-0.06,-0.71,0.70,1.16,2.01,2.62,-4.10,44.56,-19.80,1
e,2022-11-01 17:21:40.712584,-0.06,-0.71,0.70,1.10,1.95,2.50,-4.10,44.56,-19.80,1
e,2022-11-01 17:21:40.712736,-0.06,-0.71,0.70,1.16,2.01,2.44,-4.10,44.78,-20.37,1
e,2022-11-01 17:21:40.712887,-0.06,-0.71,0.70,1.22,1.95,2.38,-4.10,44.78,-20.37,1
e,2022-11-01 17:21:40.713045,-0.06,-0.71,0.70,1.10,2.01,2.44,-4.10,44.78,-20.37,1
e,2022-11-01 17:21:40.713197,-0.06,-0.71,0.70,1.22,1.95,2.38,-4.22,44.80,-20.23,1
e,2022-11-01 17:21:40.713355,-0.06,-0.71,0.70,1.16,1.89,2.50,-4.22,44.80,-20.23,1
e,2022-11-01 17:21:40.713508,-0.06,-0.71,0.70,1.10,2.01,2.62,-4.22,44.80,-20.23,1
e,2022-11-01 17:21:40.713659,-0.06,-0.71,0.70,1.10,1.83,2.38,-3.91,44.24,-19.81,1
e,2022-11-01 17:21:40.713816,-0.06,-0.71,0.70,1.04,2.08,2.32,-3.91,44.24,-19.81,1
e,2022-11-01 17:21:40.713969,-0.06,-0.71,0.70,1.04,1.77,2.38,-3.93,44.92,-19.90,1
e,2022-11-01 17:21:40.714126,-0.06,-0.71,0.70,1.16,1.83,2.38,-3.93,44.92,-19.90,1
e,2022-11-01 17:21:40.714280,-0.06,-0.71,0.70,0.98,2.08,2.38,-3.93,44.92,-19.90,1
e,2022-11-01 17:21:40.714430,-0.06,-0.71,0.70,1.22,2.14,2.50,-4.88,44.78,-20.40,1
e,2022-11-01 17:21:40.714598,-0.06,-0.71,0.70,0.98,1.83,2.62,-4.88,44.78,-20.40,1
e,2022-11-01 17:21:40.714752,-0.06,-0.71,0.70,1.16,2.08,2.44,-4.88,44.78,-20.40,1
e,2022-11-01 17:21:40.714928,-0.06,-0.71,0.70,1.04,2.01,2.26,-4.39,44.87,-20.41,1
e,2022-11-01 17:21:40.715080,-0.06,-0.71,0.70,1.22,2.08,2.50,-4.39,44.87,-20.41,1
e,2022-11-01 17:21:40.715236,-0.06,-0.71,0.70,1.10,2.01,2.32,-4.39,44.87,-20.41,1
e,2022-11-01 17:21:40.715386,-0.06,-0.71,0.70,0.92,1.95,2.38,-3.72,44.90,-20.76,1
e,2022-11-01 17:21:40.715538,-0.06,-0.71,0.70,1.04,1.95,2.32,-3.72,44.90,-20.76,1
e,2022-11-01 17:21:40.715698,-0.06,-0.71,0.70,1.10,1.95,2.44,-4.48,44.17,-20.57,1
e,2022-11-01 17:21:40.715853,-0.06,-0.71,0.70,1.34,1.95,2.50,-4.48,44.17,-20.57,1
e,2022-11-01 17:21:40.716020,-0.06,-0.71,0.70,1.04,2.01,2.38,-4.48,44.17,-20.57,1
e,2022-11-01 17:21:40.716172,-0.06,-0.71,0.70,0.79,1.95,2.44,-3.92,44.43,-20.68,1
e,2022-11-01 17:21:40.716323,-0.06,-0.71,0.70,1.04,2.01,2.50,-3.92,44.43,-20.68,1
e,2022-11-01 17:21:40.716489,-0.06,-0.71,0.70,1.16,1.89,2.44,-3.92,44.43,-20.68,1
e,2022-11-01 17:21:40.716640,-0.06,-0.71,0.70,1.22,1.77,2.50,-4.19,44.31,-20.06,1
e,2022-11-01 17:21:40.716794,-0.06,-0.71,0.70,1.16,2.01,2.50,-4.19,44.31,-20.06,1
e,2022-11-01 17:21:40.716943,-0.06,-0.71,0.70,1.04,2.14,2.44,-4.19,44.31,-20.06,1
e,2022-11-01 17:21:40.717100,-0.06,-0.71,0.70,0.79,1.95,2.38,-4.10,44.65,-19.63,1
e,2022-11-01 17:21:40.717269,-0.06,-0.71,0.70,0.85,1.95,2.50,-4.10,44.65,-19.63,1
e,2022-11-01 17:21:40.717419,-0.06,-0.71,0.70,1.16,2.08,2.50,-4.06,44.40,-20.48,1
e,2022-11-01 17:21:40.717575,-0.06,-0.71,0.70,1.04,1.77,2.26,-4.06,44.40,-20.48,1
e,2022-11-01 17:21:40.717725,-0.06,-0.71,0.70,1.10,1.77,2.38,-4.06,44.40,-20.48,1
e,2022-11-01 17:21:40.717883,-0.06,-0.71,0.70,0.98,1.95,2.50,-4.24,44.95,-21.50,1
e,2022-11-01 17:21:40.718034,-0.06,-0.71,0.70,1.10,2.01,2.44,-4.24,44.95,-21.50,1
e,2022-11-01 17:21:40.718186,-0.06,-0.71,0.70,1.10,1.89,2.44,-4.24,44.95,-21.50,1
e,2022-11-01 17:21:40.718342,-0.06,-0.71,0.70,0.85,1.89,2.20,-4.36,44.25,-21.11,1
e,2022-11-01 17:21:40.718491,-0.06,-0.71,0.70,0.92,2.01,2.50,-4.36,44.25,-21.11,1
e,2022-11-01 17:21:40.718647,-0.06,-0.71,0.70,0.98,1.89,2.32,-4.36,44.25,-21.11,1
e,2022-11-01 17:21:40.718797,-0.06,-0.71,0.70,1.16,2.01,2.38,-3.89,44.19,-19.70,1
e,2022-11-01 17:21:40.718946,-0.06,-0.71,0.70,1.10,2.01,2.50,-3.89,44.19,-19.70,1
e,2022-11-01 17:21:40.719100,-0.06,-0.71,0.70,0.92,1.95,2.32,-3.66,44.69,-20.97,1
e,2022-11-01 17:21:40.719250,-0.06,-0.71,0.70,1.10,2.01,2.56,-3.66,44.69,-20.97,1
e,2022-11-01 17:21:40.719404,-0.06,-0.71,0.70,0.73,2.08,2.44,-3.66,44.69,-20.97,1
e,2022-11-01 17:21:40.719554,-0.06,-0.71,0.70,1.22,1.83,2.44,-3.97,44.20,-21.47,1
e,2022-11-01 17:21:40.719709,-0.06,-0.71,0.70,1.16,1.95,2.50,-3.97,44.20,-21.47,1
e,2022-11-01 17:21:40.719863,-0.06,-0.71,0.70,1.16,1.89,2.56,-3.97,44.20,-21.47,1
e,2022-11-01 17:21:40.720013,-0.06,-0.71,0.70,1.16,1.89,2.56,-4.28,44.71,-20.62,1
e,2022-11-01 17:21:40.720170,-0.06,-0.71,0.70,0.98,1.89,2.32,-4.28,44.71,-20.62,1
e,2022-11-01 17:21:40.720321,-0.06,-0.71,0.70,1.34,1.89,2.44,-4.28,44.71,-20.62,1
e,2022-11-01 17:21:40.720478,-0.06,-0.71,0.70,1.04,1.89,2.44,-4.47,44.67,-19.86,1
e,2022-11-01 17:21:40.720630,-0.06,-0.71,0.70,1.10,2.08,2.38,-4.47,44.67,-19.86,1
e,2022-11-01 17:21:40.720783,-0.06,-0.71,0.70,1.04,1.89,2.32,-4.21,44.53,-20.97,1
e,2022-11-01 17:21:40.720938,-0.06,-0.71,0.70,0.92,2.01,2.26,-4.21,44.53,-20.97,1
e,2022-11-01 17:21:40.721086,-0.06,-0.71,0.70,1.16,1.95,2.38,-4.21,44.53,-20.97,1
e,2022-11-01 17:21:40.721239,-0.06,-0.71,0.70,0.98,1.95,2.50,-4.04,44.47,-20.78,1
e,2022-11-01 17:21:40.721388,-0.06,-0.71,0.70,1.16,2.08,2.44,-4.04,44.47,-20.78,1
e,2022-11-01 17:21:40.721537,-0.06,-0.71,0.70,1.04,1.89,2.38,-4.04,44.47,-20.78,1
e,2022-11-01 17:21:40.721689,-0.06,-0.71,0.70,1.10,1.89,2.44,-4.00,44.91,-21.22,1
e,2022-11-01 17:21:40.721839,-0.06,-0.71,0.70,1.10,2.08,2.56,-4.00,44.91,-21.22,1
e,2022-11-01 17:21:40.721996,-0.06,-0.71,0.70,0.92,2.01,2.44,-4.00,44.91,-21.22,1
e,2022-11-01 17:21:40.722148,-0.06,-0.71,0.70,1.10,1.83,2.38,-4.25,44.41,-19.81,1
e,2022-11-01 17:21:40.722305,-0.06,-0.71,0.70,1.28,1.95,2.50,-4.25,44.41,-19.81,1
e,2022-11-01 17:21:40.722456,-0.06,-0.71,0.70,1.28,1.95,2.32,-4.17,44.17,-19.90,1
e,2022-11-01 17:21:40.722608,-0.06,-0.71,0.70,0.98,2.01,2.44,-4.17,44.17,-19.90,1
e,2022-11-01 17:21:40.722765,-0.06,-0.71,0.70,1.10,1.89,2.38,-4.17,44.17,-19.90,1
e,2022-11-01 17:21:40.722920,-0.06,-0.71,0.70,0.98,1.95,2.32,-3.70,43.88,-19.57,1
e,2022-11-01 17:21:40.723076,-0.06,-0.71,0.70,1.22,1.83,2.44,-3.70,43.88,-19.57,1
e,2022-11-01 17:21:40.723227,-0.06,-0.71,0.70,0.92,2.01,2.38,-3.70,43.88,-19.57,1
e,2022-11-01 17:21:40.723382,-0.06,-0.71,0.70,0.98,2.01,2.50,-4.00,44.57,-20.57,1
e,2022-11-01 17:21:40.723532,-0.06,-0.71,0.70,1.22,1.83,2.50,-4.00,44.57,-20.57,1
e,2022-11-01 17:21:40.723684,-0.06,-0.71,0.70,1.16,1.89,2.32,-4.00,44.57,-20.57,1
e,2022-11-01 17:21:40.723844,-0.06,-0.71,0.70,1.16,1.83,2.56,-4.02,44.35,-20.32,1
e,2022-11-01 17:21:40.723997,-0.06,-0.71,0.70,1.22,1.77,2.56,-4.02,44.35,-20.32,1
e,2022-11-01 17:21:40.724155,-0.06,-0.71,0.70,1.22,1.95,2.56,-3.89,44.53,-21.00,1
e,2022-11-01 17:21:40.724306,-0.06,-0.71,0.70,1.28,1.77,2.44,-3.89,44.53,-21.00,1
e,2022-11-01 17:21:40.724456,-0.06,-0.71,0.70,1.04,1.89,2.56,-3.89,44.53,-21.00,1
e,2022-11-01 17:21:40.724616,-0.06,-0.71,0.70,1.16,1.89,2.62,-4.55,44.67,-20.20,1
e,2022-11-01 17:21:40.724769,-0.06,-0.71,0.70,1.28,1.83,2.50,-4.55,44.67,-20.20,1
e,2022-11-01 17:21:40.724933,-0.06,-0.71,0.70,1.04,1.89,2.44,-4.55,44.67,-20.20,1
e,2022-11-01 17:21:40.725084,-0.06,-0.71,0.70,0.98,1.83,2.32,-4.33,44.52,-20.80,1
e,2022-11-01 17:21:40.725240,-0.06,-0.71,0.70,1.28,1.95,2.38,-4.33,44.52,-20.80,1
e,2022-11-01 17:21:40.725399,-0.06,-0.71,0.70,1.34,1.95,2.44,-4.33,44.52,-20.80,1
e,2022-11-01 17:21:40.725554,-0.06,-0.71,0.70,0.85,1.83,2.38,-3.97,44.32,-20.20,1
e,2022-11-01 17:21:40.725713,-0.06,-0.71,0.70,1.10,2.01,2.38,-3.97,44.32,-20.20,1
e,2022-11-01 17:21:40.725866,-0.06,-0.71,0.70,1.28,1.89,2.62,-4.17,44.25,-20.25,1
e,2022-11-01 17:21:40.726020,-0.06,-0.71,0.70,1.04,1.95,2.44,-4.17,44.25,-20.25,1
e,2022-11-01 17:21:40.726177,-0.06,-0.71,0.70,1.04,2.01,2.44,-4.17,44.25,-20.25,1
e,2022-11-01 17:21:40.726328,-0.06,-0.71,0.70,1.16,1.95,2.32,-3.92,44.98,-20.25,1
e,2022-11-01 17:21:40.726484,-0.06,-0.71,0.70,1.16,1.77,2.44,-3.92,44.98,-20.25,1
e,2022-11-01 17:21:40.726635,-0.06,-0.71,0.70,1.34,1.83,2.50,-3.92,44.98,-20.25,1
e,2022-11-01 17:21:40.726786,-0.06,-0.71,0.70,1.10,1.83,2.38,-3.88,44.31,-19.59,1
e,2022-11-01 17:21:40.726942,-0.06,-0.71,0.70,1.04,1.95,2.44,-3.88,44.31,-19.59,1
e,2022-11-01 17:21:40.727093,-0.06,-0.71,0.70,1.04,2.01,2.44,-3.88,44.31,-19.59,1
e,2022-11-01 17:21:40.727248,-0.06,-0.71,0.70,0.79,2.01,2.32,-3.93,44.65,-18.84,1
e,2022-11-01 17:21:40.727399,-0.06,-0.71,0.70,1.04,1.89,2.44,-3.93,44.65,-18.84,1
e,2022-11-01 17:21:40.727553,-0.06,-0.71,0.70,1.10,1.95,2.50,-3.42,44.35,-19.98,1
e,2022-11-01 17:21:40.727702,-0.06,-0.71,0.70,1.10,1.89,2.44,-3.42,44.35,-19.98,1
e,2022-11-01 17:21:40.727853,-0.06,-0.71,0.70,1.22,1.89,2.26,-3.42,44.35,-19.98,1
e,2022-11-01 17:21:40.728010,-0.06,-0.71,0.70,1.34,1.77,2.38,-4.24,44.60,-20.78,1
e,2022-11-01 17:21:40.728160,-0.06,-0.71,0.70,1.40,1.83,2.38,-4.24,44.60,-20.78,1
e,2022-11-01 17:21:40.728315,-0.06,-0.71,0.70,1.10,1.89,2.50,-4.24,44.60,-20.78,1
e,2022-11-01 17:21:40.728465,-0.06,-0.71,0.70,0.85,1.83,2.32,-4.02,44.63,-20.56,1
e,2022-11-01 17:21:40.728617,-0.06,-0.71,0.70,1.10,2.01,2.50,-4.02,44.63,-20.56,1
e,2022-11-01 17:21:40.728772,-0.06,-0.71,0.70,0.98,1.95,2.32,-4.02,44.63,-20.56,1
e,2022-11-01 17:21:40.728922,-0.06,-0.71,0.70,1.22,1.83,2.32,-4.49,44.41,-19.60,1
e,2022-11-01 17:21:40.729076,-0.06,-0.71,0.70,1.34,1.95,2.50,-4.49,44.41,-19.60,1
e,2022-11-01 17:21:40.729227,-0.06,-0.71,0.70,1.16,1.89,2.50,-3.78,44.31,-20.89,1
e,2022-11-01 17:21:40.729380,-0.06,-0.71,0.70,1.16,1.95,2.50,-3.78,44.31,-20.89,1
e,2022-11-01 17:21:40.729530,-0.06,-0.71,0.70,1.16,1.83,2.44,-3.78,44.31,-20.89,1
e,2022-11-01 17:21:40.729680,-0.06,-0.71,0.70,1.22,1.89,2.50,-4.26,44.89,-20.74,1
e,2022-11-01 17:21:40.729834,-0.06,-0.71,0.70,1.10,2.01,2.38,-4.26,44.89,-20.74,1
e,2022-11-01 17:21:40.729983,-0.06,-0.71,0.70,1.28,1.89,2.50,-4.26,44.89,-20.74,1
e,2022-11-01 17:21:40.730137,-0.06,-0.71,0.70,1.28,1.77,2.38,-4.21,44.69,-20.70,1
e,2022-11-01 17:21:40.730286,-0.06,-0.71,0.70,1.22,1.83,2.50,-4.21,44.69,-20.70,1
e,2022-11-01 17:21:40.730435,-0.06,-0.71,0.70,1.10,1.89,2.32,-4.21,44.69,-20.70,1
e,2022-11-01 17:21:40.730589,-0.06,-0.71,0.70,0.98,1.95,2.32,-4.00,45.07,-20.08,1
e,2022-11-01 17:21:40.730737,-0.06,-0.71,0.70,1.16,2.08,2.44,-4.00,45.07,-20.08,1
e,2022-11-01 17:21:40.730890,-0.06,-0.71,0.70,1.10,1.77,2.38,-4.14,44.67,-20.84,1
e,2022-11-01 17:21:40.731040,-0.06,-0.71,0.70,1.28,1.77,2.44,-4.14,44.67,-20.84,1
e,2022-11-01 17:21:40.731192,-0.06,-0.71,0.70,1.16,1.89,2.44,-4.14,44.67,-20.84,1
e,2022-11-01 17:21:40.731342,-0.06,-0.71,0.70,1.04,1.77,2.38,-4.47,44.45,-20.84,1
e,2022-11-01 17:21:40.731491,-0.06,-0.71,0.70,0.98,2.01,2.32,-4.47,44.45,-20.84,1
e,2022-11-01 17:21:40.731644,-0.06,-0.71,0.70,0.92,2.01,2.44,-4.47,44.45,-20.84,1
e,2022-11-01 17:21:40.731796,-0.06,-0.71,0.70,0.98,1.77,2.50,-4.00,44.24,-20.24,1
e,2022-11-01 17:21:40.731952,-0.06,-0.71,0.70,1.16,1.89,2.50,-4.00,44.24,-20.24,1
e,2022-11-01 17:21:40.732103,-0.06,-0.71,0.70,1.04,1.95,2.50,-4.00,44.24,-20.24,1
e,2022-11-01 17:21:40.732266,-0.06,-0.71,0.70,1.22,1.83,2.44,-4.02,44.56,-20.28,1
e,2022-11-01 17:21:40.732421,-0.06,-0.71,0.70,0.98,1.89,2.38,-4.02,44.56,-20.28,1
e,2022-11-01 17:21:40.732575,-0.06,-0.71,0.70,1.10,1.95,2.32,-4.25,44.53,-21.03,1
e,2022-11-01 17:21:40.732732,-0.06,-0.71,0.70,1.04,1.89,2.38,-4.25,44.53,-21.03,1
e,2022-11-01 17:21:40.732885,-0.06,-0.71,0.70,0.98,1.95,2.50,-4.25,44.53,-21.03,1
e,2022-11-01 17:21:40.733041,-0.06,-0.71,0.70,1.16,1.77,2.32,-4.16,44.45,-21.04,1
e,2022-11-01 17:21:40.733196,-0.06,-0.71,0.70,1.16,1.83,2.56,-4.16,44.45,-21.04,1
e,2022-11-01 17:21:40.733350,-0.06,-0.71,0.70,1.28,1.83,2.38,-4.16,44.45,-21.04,1
e,2022-11-01 17:21:40.733505,-0.06,-0.71,0.70,0.98,1.77,2.56,-3.83,44.01,-19.47,1
e,2022-11-01 17:21:40.733658,-0.06,-0.71,0.70,1.10,1.89,2.38,-3.83,44.01,-19.47,1
e,2022-11-01 17:21:40.733817,-0.06,-0.71,0.70,1.10,1.95,2.50,-3.83,44.01,-19.47,1
e,2022-11-01 17:21:40.733969,-0.06,-0.71,0.70,1.04,1.95,2.32,-4.22,44.54,-19.52,1
e,2022-11-01 17:21:40.734121,-0.06,-0.71,0.70,1.10,1.83,2.50,-4.22,44.54,-19.52,1
e,2022-11-01 17:21:40.734280,-0.06,-0.71,0.70,1.28,1.89,2.32,-4.16,44.49,-19.92,1
e,2022-11-01 17:21:40.734430,-0.06,-0.71,0.70,1.16,1.89,2.44,-4.16,44.49,-19.92,1
e,2022-11-01 17:21:40.734589,-0.06,-0.71,0.70,1.16,1.89,2.50,-4.16,44.49,-19.92,1
e,2022-11-01 17:21:40.734742,-0.06,-0.71,0.70,1.04,2.08,2.44,-3.99,44.10,-20.31,1
e,2022-11-01 17:21:40.734895,-0.06,-0.71,0.70,1.22,2.01,2.50,-3.99,44.10,-20.31,1
e,2022-11-01 17:21:40.735053,-0.06,-0.71,0.70,1.22,1.83,2.50,-3.99,44.10,-20.31,1
e,2022-11-01 17:21:40.735205,-0.06,-0.71,0.70,1.34,1.83,2.50,-4.25,44.67,-21.44,1
e,2022-11-01 17:21:40.735366,-0.06,-0.71,0.70,1.28,1.89,2.32,-4.25,44.67,-21.44,1
e,2022-11-01 17:21:40.735519,-0.06,-0.71,0.70,1.16,1.83,2.32,-4.25,44.67,-21.44,1
e,2022-11-01 17:21:40.735671,-0.06,-0.71,0.70,1.10,1.89,2.38,-4.27,44.54,-19.64,1
e,2022-11-01 17:21:40.735828,-0.06,-0.71,0.70,1.28,1.89,2.32,-4.27,44.54,-19.64,1
e,2022-11-01 17:21:40.735979,-0.06,-0.71,0.70,1.16,1.89,2.38,-4.20,44.37,-21.03,1
e,2022-11-01 17:21:40.736137,-0.06,-0.71,0.70,1.16,1.95,2.69,-4.20,44.37,-21.03,1
e,2022-11-01 17:21:40.736287,-0.06,-0.71,0.70,1.34,1.95,2.62,-4.20,44.37,-21.03,1
e,2022-11-01 17:21:40.736443,-0.06,-0.71,0.70,1.22,1.95,2.50,-3.81,44.15,-20.25,1
e,2022-11-01 17:21:40.736599,-0.06,-0.71,0.70,1.22,1.95,2.44,-3.81,44.15,-20.25,1
e,2022-11-01 17:21:40.736749,-0.06,-0.71,0.70,1.10,2.01,2.50,-3.81,44.15,-20.25,1
e,2022-11-01 17:21:40.736903,-0.06,-0.71,0.70,1.22,1.89,2.38,-4.32,44.93,-20.28,1
e,2022-11-01 17:21:40.737053,-0.06,-0.71,0.70,0.98,2.01,2.20,-4.32,44.93,-20.28,1
e,2022-11-01 17:21:40.737209,-0.06,-0.71,0.70,1.16,1.89,2.50,-4.32,44.93,-20.28,1
e,2022-11-01 17:21:40.737361,-0.06,-0.71,0.70,1.10,2.01,2.44,-4.04,44.57,-19.85,1
e,2022-11-01 17:21:40.737513,-0.06,-0.71,0.70,1.10,1.83,2.38,-4.04,44.57,-19.85,1
e,2022-11-01 17:21:40.737668,-0.06,-0.71,0.70,1.28,1.71,2.50,-4.43,44.31,-21.63,1
e,2022-11-01 17:21:40.737819,-0.06,-0.71,0.70,1.04,2.08,2.44,-4.43,44.31,-21.63,1
e,2022-11-01 17:21:40.737975,-0.06,-0.71,0.70,1.22,1.95,2.50,-4.43,44.31,-21.63,1
e,2022-11-01 17:21:40.738125,-0.06,-0.71,0.70,1.10,1.89,2.38,-4.57,44.57,-21.45,1
e,2022-11-01 17:21:40.738275,-0.06,-0.71,0.70,1.10,1.89,2.56,-4.57,44.57,-21.45,1
e,2022-11-01 17:21:40.738430,-0.06,-0.71,0.70,1.28,1.89,2.56,-4.57,44.57,-21.45,1
e,2022-11-01 17:21:40.738579,-0.06,-0.71,0.70,1.22,2.01,2.38,-4.70,44.90,-19.93,1
e,2022-11-01 17:21:40.738735,-0.06,-0.71,0.70,1.10,2.01,2.44,-4.70,44.90,-19.93,1
e,2022-11-01 17:21:40.738886,-0.06,-0.71,0.70,1.10,1.83,2.44,-4.70,44.90,-19.93,1
e,2022-11-01 17:21:40.739043,-0.06,-0.71,0.70,0.92,1.83,2.26,-4.60,44.51,-20.89,1
e,2022-11-01 17:21:40.739198,-0.06,-0.71,0.70,1.28,1.89,2.56,-4.60,44.51,-20.89,1
e,2022-11-01 17:21:40.739350,-0.06,-0.71,0.70,1.22,1.89,2.62,-4.08,44.78,-21.30,1
e,2022-11-01 17:21:40.739512,-0.06,-0.71,0.70,1.04,1.83,2.32,-4.08,44.78,-21.30,1
e,2022-11-01 17:21:40.739664,-0.06,-0.71,0.70,0.92,1.89,2.38,-4.08,44.78,-21.30,1
e,2022-11-01 17:21:40.739821,-0.06,-0.71,0.70,1.34,1.83,2.44,-4.03,45.25,-20.75,1
e,2022-11-01 17:21:40.739974,-0.06,-0.71,0.70,1.16,1.83,2.44,-4.03,45.25,-20.75,1
e,2022-11-01 17:21:40.740124,-0.06,-0.71,0.70,1.10,1.89,2.44,-4.03,45.25,-20.75,1
e,2022-11-01 17:21:40.740279,-0.06,-0.71,0.70,1.22,1.89,2.44,-4.35,45.19,-20.32,1
e,2022-11-01 17:21:40.740431,-0.06,-0.71,0.70,1.04,1.77,2.50,-4.35,45.19,-20.32,1
e,2022-11-01 17:21:40.740589,-0.06,-0.71,0.70,1.10,1.95,2.44,-4.35,45.19,-20.32,1
e,2022-11-01 17:21:40.740738,-0.06,-0.71,0.70,1.10,1.77,2.38,-4.43,44.92,-19.21,1
e,2022-11-01 17:21:40.740887,-0.06,-0.71,0.70,1.28,1.89,2.50,-4.43,44.92,-19.21,1
e,2022-11-01 17:21:40.741046,-0.06,-0.71,0.70,1.10,1.89,2.44,-4.80,45.21,-19.95,1
e,2022-11-01 17:21:40.741196,-0.06,-0.71,0.70,1.22,1.89,2.44,-4.80,45.21,-19.95,1
e,2022-11-01 17:21:40.741353,-0.06,-0.71,0.70,1.04,1.89,2.38,-4.80,45.21,-19.95,1
e,2022-11-01 17:21:40.741505,-0.06,-0.71,0.70,1.04,1.95,2.44,-4.68,45.09,-20.24,1
e,2022-11-01 17:21:40.741664,-0.06,-0.71,0.70,1.22,1.95,2.50,-4.68,45.09,-20.24,1
e,2022-11-01 17:21:40.741820,-0.06,-0.71,0.70,1.16,1.89,2.50,-4.68,45.09,-20.24,1
e,2022-11-01 17:21:40.741971,-0.06,-0.71,0.70,1.16,1.83,2.20,-4.37,44.87,-20.34,1
e,2022-11-01 17:21:40.742128,-0.06,-0.71,0.70,1.04,1.83,2.38,-4.37,44.87,-20.34,1
e,2022-11-01 17:21:40.742280,-0.06,-0.71,0.70,1.16,1.77,2.50,-4.37,44.87,-20.34,1
e,2022-11-01 17:21:40.742440,-0.06,-0.71,0.70,0.79,1.77,2.38,-3.99,45.13,-20.13,1
e,2022-11-01 17:21:40.742593,-0.06,-0.71,0.70,1.22,1.89,2.44,-3.99,45.13,-20.13,1
e,2022-11-01 17:21:40.742751,-0.06,-0.71,0.70,1.10,1.89,2.44,-5.16,45.23,-19.78,1
e,2022-11-01 17:21:40.742911,-0.06,-0.71,0.70,1.16,1.89,2.38,-5.16,45.23,-19.78,1
e,2022-11-01 17:21:40.743065,-0.06,-0.71,0.70,1.22,1.83,2.50,-5.16,45.23,-19.78,1
e,2022-11-01 17:21:40.743223,-0.06,-0.71,0.70,1.10,1.89,2.56,-4.42,44.92,-20.36,1
e,2022-11-01 17:21:40.743375,-0.06,-0.71,0.70,1.53,1.95,2.69,-4.42,44.92,-20.36,1
e,2022-11-01 17:21:40.743525,-0.06,-0.71,0.70,1.16,1.95,2.44,-4.42,44.92,-20.36,1
e,2022-11-01 17:21:40.743690,-0.06,-0.71,0.70,0.98,1.83,2.44,-4.28,45.15,-20.51,1
e,2022-11-01 17:21:40.743843,-0.06,-0.71,0.70,1.22,2.01,2.56,-4.28,45.15,-20.51,1
e,2022-11-01 17:21:40.744002,-0.06,-0.71,0.70,1.22,1.77,2.50,-4.28,45.15,-20.51,1
e,2022-11-01 17:21:40.744154,-0.06,-0.71,0.70,1.22,1.89,2.26,-4.22,44.97,-20.63,1
e,2022-11-01 17:21:40.744306,-0.06,-0.71,0.70,1.16,1.95,2.44,-4.22,44.97,-20.63,1
e,2022-11-01 17:21:40.744461,-0.06,-0.71,0.70,1.16,2.01,2.38,-4.41,44.51,-21.25,1
e,2022-11-01 17:21:40.744613,-0.06,-0.71,0.70,1.16,1.77,2.26,-4.41,44.51,-21.25,1
e,2022-11-01 17:21:40.744769,-0.06,-0.71,0.70,1.22,1.71,2.56,-4.41,44.51,-21.25,1
e,2022-11-01 17:21:40.744921,-0.06,-0.71,0.70,1.04,1.95,2.38,-4.44,44.68,-19.51,1
e,2022-11-01 17:21:40.745085,-0.06,-0.71,0.70,1.16,1.83,2.50,-4.44,44.68,-19.51,1
e,2022-11-01 17:21:40.745236,-0.06,-0.71,0.70,1.28,1.89,2.50,-4.44,44.68,-19.51,1
e,2022-11-01 17:21:40.745387,-0.06,-0.71,0.70,1.10,1.77,2.32,-3.96,44.49,-19.71,1
e,2022-11-01 17:21:40.745544,-0.06,-0.71,0.70,1.22,1.89,2.44,-3.96,44.49,-19.71,1
e,2022-11-01 17:21:40.745694,-0.06,-0.71,0.70,1.10,1.95,2.44,-3.96,44.49,-19.71,1
e,2022-11-01 17:21:40.745849,-0.06,-0.71,0.70,1.22,1.77,2.38,-4.65,44.98,-20.28,1
e,2022-11-01 17:21:40.745998,-0.06,-0.71,0.70,1.10,2.01,2.38,-4.65,44.98,-20.28,1
e,2022-11-01 17:21:40.746147,-0.06,-0.71,0.70,1.10,1.89,2.44,-4.33,44.70,-21.84,1
e,2022-11-01 17:21:40.746301,-0.06,-0.71,0.70,1.04,1.95,2.50,-4.33,44.70,-21.84,1
e,2022-11-01 17:21:40.746451,-0.06,-0.71,0.70,1.28,1.89,2.50,-4.33,44.70,-21.84,1
e,2022-11-01 17:21:40.746608,-0.06,-0.71,0.70,1.22,1.83,2.56,-3.97,44.96,-20.19,1
e,2022-11-01 17:21:40.746757,-0.06,-0.71,0.70,0.92,1.89,2.44,-3.97,44.96,-20.19,1
e,2022-11-01 17:21:40.746906,-0.06,-0.71,0.70,1.22,1.89,2.38,-3.97,44.96,-20.19,1
e,2022-11-01 17:21:40.747064,-0.06,-0.71,0.70,1.22,2.01,2.50,-4.41,44.17,-20.06,1
e,2022-11-01 17:21:40.747216,-0.06,-0.71,0.70,1.16,1.83,2.44,-4.41,44.17,-20.06,1
e,2022-11-01 17:21:40.747370,-0.06,-0.71,0.70,1.34,1.77,2.44,-4.41,44.17,-20.06,1
e,2022-11-01 17:21:40.747532,-0.06,-0.71,0.70,0.98,1.77,2.26,-4.28,44.49,-20.59,1
e,2022-11-01 17:21:40.747686,-0.06,-0.71,0.70,1.10,1.83,2.38,-4.28,44.49,-20.59,1
e,2022-11-01 17:21:40.747841,-0.06,-0.71,0.70,1.10,2.01,2.50,-4.06,45.32,-20.40,1
e,2022-11-01 17:21:40.747992,-0.06,-0.71,0.70,1.22,1.83,2.56,-4.06,45.32,-20.40,1
e,2022-11-01 17:21:40.748150,-0.06,-0.71,0.70,1.10,1.95,2.32,-4.06,45.32,-20.40,1
e,2022-11-01 17:21:40.748300,-0.06,-0.71,0.70,1.22,1.89,2.56,-4.54,45.13,-21.09,1
e,2022-11-01 17:21:40.748462,-0.06,-0.71,0.70,1.22,1.89,2.38,-4.54,45.13,-21.09,1
e,2022-11-01 17:21:40.748613,-0.06,-0.71,0.70,1.40,1.89,2.50,-4.54,45.13,-21.09,1
e,2022-11-01 17:21:40.748763,-0.06,-0.71,0.70,1.10,1.71,2.38,-4.13,44.69,-21.07,1
e,2022-11-01 17:21:40.748922,-0.06,-0.71,0.70,1.40,1.89,2.38,-4.13,44.69,-21.07,1
e,2022-11-01 17:21:40.749078,-0.06,-0.71,0.70,1.10,1.83,2.56,-4.13,44.69,-21.07,1
e,2022-11-01 17:21:40.749307,-0.06,-0.71,0.70,0.92,1.71,2.20,-4.09,45.13,-21.22,1
e,2022-11-01 17:21:40.749462,-0.06,-0.71,0.70,1.10,1.89,2.32,-4.09,45.13,-21.22,1
e,2022-11-01 17:21:40.749616,-0.06,-0.71,0.70,1.10,1.77,2.44,-4.15,45.81,-20.37,1
e,2022-11-01 17:21:40.749776,-0.06,-0.71,0.70,1.22,1.95,2.44,-4.15,45.81,-20.37,1
e,2022-11-01 17:21:40.749928,-0.06,-0.71,0.70,1.16,1.89,2.50,-4.15,45.81,-20.37,1
e,2022-11-01 17:21:40.750085,-0.06,-0.71,0.70,1.22,1.83,2.50,-4.09,45.24,-20.40,1
e,2022-11-01 17:21:40.750237,-0.06,-0.71,0.70,1.28,1.71,2.32,-4.09,45.24,-20.40,1
e,2022-11-01 17:21:40.750389,-0.06,-0.71,0.70,1.22,1.89,2.56,-4.09,45.24,-20.40,1
e,2022-11-01 17:21:40.750547,-0.06,-0.71,0.70,1.04,1.71,2.38,-4.00,45.17,-19.76,1
e,2022-11-01 17:21:40.750698,-0.06,-0.71,0.70,1.16,1.83,2.38,-4.00,45.17,-19.76,1
e,2022-11-01 17:21:40.750891,-0.06,-0.71,0.70,0.98,2.01,2.32,-4.00,45.17,-19.76,1
e,2022-11-01 17:21:40.751044,-0.06,-0.71,0.70,0.79,1.83,2.14,-3.93,45.00,-19.47,1
e,2022-11-01 17:21:40.751197,-0.06,-0.71,0.70,1.10,1.89,2.56,-3.93,45.00,-19.47,1
e,2022-11-01 17:21:40.751356,-0.06,-0.71,0.70,1.22,1.77,2.38,-3.65,44.93,-20.45,1
e,2022-11-01 17:21:40.751508,-0.06,-0.71,0.70,1.16,1.77,2.26,-3.65,44.93,-20.45,1
e,2022-11-01 17:21:40.751665,-0.06,-0.71,0.70,1.16,1.77,2.44,-3.65,44.93,-20.45,1
e,2022-11-01 17:21:40.751816,-0.06,-0.71,0.70,1.28,1.89,2.56,-4.32,45.07,-19.30,1
e,2022-11-01 17:21:40.751968,-0.06,-0.71,0.70,1.22,1.77,2.44,-4.32,45.07,-19.30,1
e,2022-11-01 17:21:40.752125,-0.06,-0.71,0.70,1.28,1.83,2.50,-4.32,45.07,-19.30,1
e,2022-11-01 17:21:40.752278,-0.06,-0.71,0.70,1.28,1.71,2.38,-4.09,44.69,-20.76,1
e,2022-11-01 17:21:40.752437,-0.06,-0.71,0.70,1.16,2.01,2.50,-4.09,44.69,-20.76,1
e,2022-11-01 17:21:40.752590,-0.06,-0.71,0.70,1.22,1.95,2.44,-4.09,44.69,-20.76,1
e,2022-11-01 17:21:40.752750,-0.06,-0.71,0.70,0.85,2.01,2.38,-4.27,45.19,-20.67,1
e,2022-11-01 17:21:40.752904,-0.06,-0.71,0.70,1.16,1.89,2.38,-4.27,45.19,-20.67,1
e,2022-11-01 17:21:40.753057,-0.06,-0.71,0.70,1.10,1.95,2.44,-3.49,44.70,-21.77,1
e,2022-11-01 17:21:40.753272,-0.06,-0.71,0.70,1.10,1.89,2.26,-3.49,44.70,-21.77,1
e,2022-11-01 17:21:40.753426,-0.06,-0.71,0.70,1.04,1.95,2.50,-3.49,44.70,-21.77,1
e,2022-11-01 17:21:40.753583,-0.06,-0.71,0.70,1.34,1.83,2.44,-4.02,45.10,-20.78,1
e,2022-11-01 17:21:40.753734,-0.06,-0.71,0.70,1.16,1.95,2.62,-4.02,45.10,-20.78,1
e,2022-11-01 17:21:40.753883,-0.06,-0.71,0.70,1.16,1.89,2.38,-4.02,45.10,-20.78,1
e,2022-11-01 17:21:40.754040,-0.06,-0.71,0.70,1.04,1.83,2.32,-4.25,45.17,-21.00,1
e,2022-11-01 17:21:40.754190,-0.06,-0.71,0.70,1.04,1.95,2.32,-4.25,45.17,-21.00,1
e,2022-11-01 17:21:40.754346,-0.06,-0.71,0.70,1.22,1.83,2.56,-4.36,44.38,-20.39,1
e,2022-11-01 17:21:40.754498,-0.06,-0.71,0.70,1.16,1.83,2.44,-4.36,44.38,-20.39,1
e,2022-11-01 17:21:40.754650,-0.06,-0.71,0.70,1.10,1.89,2.38,-4.36,44.38,-20.39,1
e,2022-11-01 17:21:40.754806,-0.06,-0.71,0.70,1.16,2.01,2.50,-4.48,45.00,-19.65,1
e,2022-11-01 17:21:40.754958,-0.06,-0.71,0.70,1.22,1.77,2.14,-4.48,45.00,-19.65,1
e,2022-11-01 17:21:40.755114,-0.06,-0.71,0.70,1.22,1.89,2.32,-4.48,45.00,-19.65,1
e,2022-11-01 17:21:40.755265,-0.06,-0.71,0.70,1.28,1.65,2.32,-4.26,45.28,-20.86,1
e,2022-11-01 17:21:40.755415,-0.06,-0.71,0.70,1.10,1.77,2.44,-4.26,45.28,-20.86,1
e,2022-11-01 17:21:40.755571,-0.06,-0.71,0.70,1.22,2.08,2.44,-4.26,45.28,-20.86,1
e,2022-11-01 17:21:40.755724,-0.06,-0.71,0.70,1.34,1.89,2.56,-4.47,44.65,-20.32,1
e,2022-11-01 17:21:40.755879,-0.06,-0.71,0.70,1.28,2.01,2.44,-4.47,44.65,-20.32,1
e,2022-11-01 17:21:40.756034,-0.06,-0.71,0.70,1.22,2.08,2.44,-3.99,44.75,-19.67,1
e,2022-11-01 17:21:40.756191,-0.06,-0.71,0.70,0.98,1.83,2.01,-3.99,44.75,-19.67,1
e,2022-11-01 17:21:40.756344,-0.06,-0.71,0.70,1.22,1.77,2.50,-3.99,44.75,-19.67,1
e,2022-11-01 17:21:40.756496,-0.06,-0.71,0.70,1.10,1.77,2.38,-4.27,45.04,-20.73,1
e,2022-11-01 17:21:40.756652,-0.06,-0.71,0.70,1.04,1.83,2.38,-4.27,45.04,-20.73,1
e,2022-11-01 17:21:40.756802,-0.06,-0.71,0.70,1.10,1.89,2.32,-4.27,45.04,-20.73,1
e,2022-11-01 17:21:40.756959,-0.06,-0.71,0.70,1.16,1.77,2.32,-3.65,45.36,-20.91,1
e,2022-11-01 17:21:40.757109,-0.06,-0.71,0.70,1.22,1.83,2.50,-3.65,45.36,-20.91,1
e,2022-11-01 17:21:40.757261,-0.06,-0.71,0.70,1.16,1.89,2.50,-3.65,45.36,-20.91,1
e,2022-11-01 17:21:40.757415,-0.06,-0.71,0.70,1.10,2.01,2.50,-4.39,44.58,-20.25,1
e,2022-11-01 17:21:40.757565,-0.06,-0.71,0.70,1.04,1.89,2.50,-4.39,44.58,-20.25,1
e,2022-11-01 17:21:40.757722,-0.06,-0.71,0.70,1.34,1.83,2.50,-4.58,44.93,-18.74,1
e,2022-11-01 17:21:40.757873,-0.06,-0.71,0.70,1.16,1.89,2.38,-4.58,44.93,-18.74,1
e,2022-11-01 17:21:40.758026,-0.06,-0.71,0.70,1.10,1.83,2.50,-4.58,44.93,-18.74,1
e,2022-11-01 17:21:40.758185,-0.06,-0.71,0.70,0.92,1.89,2.50,-4.25,45.17,-20.89,1
e,2022-11-01 17:21:40.758335,-0.06,-0.71,0.70,1.10,1.83,2.32,-4.25,45.17,-20.89,1
e,2022-11-01 17:21:40.758492,-0.06,-0.71,0.70,1.04,1.89,2.38,-4.25,45.17,-20.89,1
e,2022-11-01 17:21:40.758643,-0.06,-0.71,0.70,1.04,1.89,2.56,-4.21,44.60,-21.12,1
e,2022-11-01 17:21:40.758796,-0.06,-0.71,0.70,0.98,1.89,2.38,-4.21,44.60,-21.12,1
e,2022-11-01 17:21:40.758953,-0.06,-0.71,0.70,1.10,1.89,2.38,-4.21,44.60,-21.12,1
e,2022-11-01 17:21:40.759104,-0.06,-0.71,0.70,0.92,1.71,2.38,-3.83,44.92,-20.35,1
e,2022-11-01 17:21:40.759264,-0.06,-0.71,0.70,1.10,1.95,2.56,-3.83,44.92,-20.35,1
e,2022-11-01 17:21:40.759416,-0.06,-0.71,0.70,0.98,1.95,2.38,-3.88,44.64,-20.69,1
e,2022-11-01 17:21:40.759572,-0.06,-0.71,0.70,0.85,1.95,2.32,-3.88,44.64,-20.69,1
e,2022-11-01 17:21:40.759727,-0.06,-0.71,0.70,1.28,2.01,2.32,-3.88,44.64,-20.69,1
e,2022-11-01 17:21:40.759880,-0.06,-0.71,0.70,0.98,1.89,2.38,-3.97,45.25,-19.48,1
e,2022-11-01 17:21:40.760036,-0.06,-0.71,0.70,1.28,2.01,2.56,-3.97,45.25,-19.48,1
e,2022-11-01 17:21:40.760187,-0.06,-0.71,0.70,1.22,2.01,2.50,-3.97,45.25,-19.48,1
e,2022-11-01 17:21:40.760342,-0.06,-0.71,0.70,1.22,1.83,2.50,-3.52,44.93,-19.42,1
e,2022-11-01 17:21:40.760494,-0.06,-0.71,0.70,1.04,2.14,2.26,-3.52,44.93,-19.42,1
e,2022-11-01 17:21:40.760643,-0.06,-0.71,0.70,1.16,1.89,2.50,-3.52,44.93,-19.42,1
e,2022-11-01 17:21:40.760800,-0.06,-0.71,0.70,1.10,2.08,2.44,-3.91,44.43,-19.93,1
e,2022-11-01 17:21:40.760950,-0.06,-0.71,0.70,1.28,2.01,2.56,-3.91,44.43,-19.93,1
e,2022-11-01 17:21:40.761104,-0.06,-0.71,0.70,1.10,1.95,2.56,-4.16,44.54,-20.41,1
e,2022-11-01 17:21:40.761257,-0.06,-0.71,0.70,1.04,1.65,2.26,-4.16,44.54,-20.41,1
e,2022-11-01 17:21:40.761407,-0.06,-0.71,0.70,1.22,1.83,2.56,-4.16,44.54,-20.41,1
e,2022-11-01 17:21:40.761562,-0.06,-0.71,0.70,1.34,1.77,2.62,-3.98,44.49,-20.08,1
e,2022-11-01 17:21:40.761712,-0.06,-0.71,0.70,1.22,1.77,2.32,-3.98,44.49,-20.08,1
e,2022-11-01 17:21:40.761867,-0.06,-0.71,0.70,1.34,2.08,2.56,-3.98,44.49,-20.08,1
e,2022-11-01 17:21:40.762018,-0.06,-0.71,0.70,1.16,1.71,2.50,-4.33,44.41,-20.17,1
e,2022-11-01 17:21:40.762181,-0.06,-0.71,0.70,1.16,1.89,2.44,-4.33,44.41,-20.17,1
e,2022-11-01 17:21:40.762332,-0.06,-0.71,0.70,1.16,1.89,2.38,-4.33,44.41,-20.17,1
e,2022-11-01 17:21:40.762483,-0.06,-0.71,0.70,0.85,1.95,2.38,-4.24,44.97,-19.46,1
e,2022-11-01 17:21:40.762640,-0.06,-0.71,0.70,1.22,1.89,2.50,-4.24,44.97,-19.46,1
e,2022-11-01 17:21:40.762804,-0.06,-0.71,0.70,1.16,1.95,2.38,-3.78,44.59,-19.04,1
e,2022-11-01 17:21:40.762960,-0.06,-0.71,0.70,0.92,2.01,2.44,-3.78,44.59,-19.04,1
e,2022-11-01 17:21:40.763108,-0.06,-0.71,0.70,0.98,1.95,2.38,-3.78,44.59,-19.04,1
e,2022-11-01 17:21:40.763260,-0.06,-0.71,0.70,1.10,2.01,2.32,-4.20,45.12,-20.74,1
e,2022-11-01 17:21:40.763417,-0.06,-0.71,0.70,1.10,2.14,2.62,-4.20,45.12,-20.74,1
e,2022-11-01 17:21:40.763568,-0.06,-0.71,0.70,1.16,1.95,2.50,-4.20,45.12,-20.74,1
e,2022-11-01 17:21:40.763724,-0.06,-0.71,0.70,1.16,2.01,2.44,-4.49,44.96,-20.90,1
e,2022-11-01 17:21:40.763877,-0.06,-0.71,0.70,1.22,2.01,2.38,-4.49,44.96,-20.90,1
e,2022-11-01 17:21:40.764027,-0.06,-0.71,0.70,1.04,2.08,2.38,-4.49,44.96,-20.90,1
e,2022-11-01 17:21:40.764181,-0.06,-0.71,0.70,1.10,1.95,2.38,-4.05,44.68,-19.89,1
e,2022-11-01 17:21:40.764332,-0.06,-0.71,0.70,1.10,1.95,2.44,-4.05,44.68,-19.89,1
e,2022-11-01 17:21:40.764488,-0.06,-0.71,0.70,1.16,2.01,2.50,-4.02,44.81,-20.47,1
e,2022-11-01 17:21:40.764638,-0.06,-0.71,0.70,1.10,1.83,2.26,-4.02,44.81,-20.47,1
e,2022-11-01 17:21:40.764794,-0.06,-0.71,0.70,1.22,2.01,2.50,-4.02,44.81,-20.47,1
e,2022-11-01 17:21:40.764946,-0.06,-0.71,0.70,1.10,2.01,2.50,-4.26,44.74,-19.59,1
e,2022-11-01 17:21:40.765097,-0.06,-0.71,0.70,1.04,1.95,2.44,-4.26,44.74,-19.59,1
e,2022-11-01 17:21:40.765256,-0.06,-0.71,0.70,1.34,2.08,2.50,-4.26,44.74,-19.59,1
e,2022-11-01 17:21:40.765409,-0.06,-0.71,0.70,0.98,1.89,2.20,-4.19,44.76,-21.29,1
e,2022-11-01 17:21:40.765564,-0.06,-0.71,0.70,1.04,2.01,2.44,-4.19,44.76,-21.29,1
e,2022-11-01 17:21:40.765716,-0.06,-0.71,0.70,1.16,1.95,2.44,-4.19,44.76,-21.29,1
e,2022-11-01 17:21:40.765870,-0.06,-0.71,0.70,1.10,1.89,2.32,-4.03,45.13,-19.64,1
e,2022-11-01 17:21:40.766028,-0.06,-0.71,0.70,1.22,1.95,2.44,-4.03,45.13,-19.64,1
e,2022-11-01 17:21:40.766179,-0.06,-0.71,0.70,1.04,1.95,2.38,-4.20,45.20,-19.51,1
e,2022-11-01 17:21:40.766339,-0.06,-0.71,0.70,0.92,1.89,2.50,-4.20,45.20,-19.51,1
e,2022-11-01 17:21:40.766491,-0.06,-0.71,0.70,0.92,2.08,2.44,-4.20,45.20,-19.51,1
e,2022-11-01 17:21:40.766643,-0.06,-0.71,0.70,0.98,1.89,2.38,-3.54,45.50,-20.83,1
e,2022-11-01 17:21:40.766799,-0.06,-0.71,0.70,0.92,1.83,2.32,-3.54,45.50,-20.83,1
e,2022-11-01 17:21:40.766953,-0.06,-0.71,0.70,1.16,1.83,2.38,-3.54,45.50,-20.83,1
e,2022-11-01 17:21:40.767111,-0.06,-0.71,0.70,0.98,1.83,2.50,-3.93,44.93,-20.73,1
e,2022-11-01 17:21:40.767264,-0.06,-0.71,0.70,1.22,1.89,2.50,-3.93,44.93,-20.73,1
e,2022-11-01 17:21:40.767420,-0.06,-0.71,0.70,1.16,1.83,2.20,-3.93,44.93,-20.73,1
e,2022-11-01 17:21:40.767576,-0.06,-0.71,0.70,1.04,1.77,2.26,-4.42,45.07,-19.43,1
e,2022-11-01 17:21:40.767729,-0.06,-0.71,0.70,1.10,2.14,2.50,-4.42,45.07,-19.43,1
e,2022-11-01 17:21:40.767898,-0.06,-0.71,0.70,1.10,1.89,2.56,-3.72,44.90,-19.51,1
e,2022-11-01 17:21:40.768052,-0.06,-0.71,0.70,0.98,1.89,2.50,-3.72,44.90,-19.51,1
e,2022-11-01 17:21:40.768209,-0.06,-0.71,0.70,1.28,1.95,2.62,-3.72,44.90,-19.51,1
e,2022-11-01 17:21:40.768360,-0.06,-0.71,0.70,1.04,1.95,2.44,-4.27,45.28,-20.00,1
e,2022-11-01 17:21:40.768513,-0.06,-0.71,0.70,1.16,1.95,2.44,-4.27,45.28,-20.00,1
e,2022-11-01 17:21:40.768671,-0.06,-0.71,0.70,1.28,1.89,2.56,-4.27,45.28,-20.00,1
e,2022-11-01 17:21:40.768824,-0.06,-0.71,0.70,1.04,1.83,2.44,-4.66,44.68,-20.91,1
e,2022-11-01 17:21:40.768981,-0.06,-0.71,0.70,1.28,1.77,2.38,-4.66,44.68,-20.91,1
e,2022-11-01 17:21:40.769135,-0.06,-0.71,0.70,1.34,1.95,2.50,-4.66,44.68,-20.91,1
e,2022-11-01 17:21:40.769287,-0.06,-0.71,0.70,1.16,1.83,2.20,-4.42,44.64,-19.59,1
e,2022-11-01 17:21:40.769447,-0.06,-0.71,0.70,1.16,1.83,2.44,-4.42,44.64,-19.59,1
e,2022-11-01 17:21:40.769599,-0.06,-0.71,0.70,1.10,1.89,2.32,-4.42,44.91,-20.81,1
e,2022-11-01 17:21:40.769760,-0.06,-0.71,0.70,0.79,2.01,2.32,-4.42,44.91,-20.81,1
e,2022-11-01 17:21:40.769910,-0.06,-0.71,0.70,1.22,1.83,2.56,-4.42,44.91,-20.81,1
e,2022-11-01 17:21:40.770062,-0.06,-0.71,0.70,1.22,1.83,2.44,-4.03,45.12,-20.58,1
e,2022-11-01 17:21:40.770244,-0.06,-0.71,0.70,1.28,1.77,2.50,-4.03,45.12,-20.58,1
e,2022-11-01 17:21:40.770395,-0.06,-0.71,0.70,1.34,1.95,2.50,-4.03,45.12,-20.58,1
e,2022-11-01 17:21:40.770553,-0.06,-0.71,0.70,0.98,1.95,2.38,-4.66,45.48,-20.09,1
e,2022-11-01 17:21:40.770706,-0.06,-0.71,0.70,1.10,1.83,2.44,-4.66,45.48,-20.09,1
e,2022-11-01 17:21:40.770868,-0.06,-0.71,0.70,1.28,1.77,2.38,-4.66,45.48,-20.09,1
e,2022-11-01 17:21:40.771021,-0.06,-0.71,0.70,1.10,1.89,2.38,-4.16,45.12,-19.31,1
e,2022-11-01 17:21:40.771173,-0.06,-0.71,0.70,1.16,1.83,2.44,-4.16,45.12,-19.31,1
e,2022-11-01 17:21:40.771333,-0.06,-0.71,0.70,1.16,1.89,2.50,-4.41,45.08,-20.31,1
e,2022-11-01 17:21:40.771489,-0.06,-0.71,0.70,1.16,1.83,2.32,-4.41,45.08,-20.31,1
e,2022-11-01 17:21:40.771647,-0.06,-0.71,0.70,1.04,1.89,2.44,-4.41,45.08,-20.31,1
e,2022-11-01 17:21:40.771801,-0.06,-0.71,0.70,1.10,1.89,2.44,-4.26,45.24,-21.37,1
e,2022-11-01 17:21:40.771953,-0.06,-0.71,0.70,1.22,2.01,2.44,-4.26,45.24,-21.37,1
e,2022-11-01 17:21:40.772111,-0.06,-0.71,0.70,1.28,1.77,2.38,-4.26,45.24,-21.37,1
e,2022-11-01 17:21:40.772264,-0.06,-0.71,0.70,0.92,1.89,2.38,-3.69,44.86,-19.70,1
e,2022-11-01 17:21:40.772426,-0.06,-0.71,0.70,1.40,1.89,2.50,-3.69,44.86,-19.70,1
e,2022-11-01 17:21:40.772578,-0.06,-0.71,0.70,1.22,1.89,2.38,-3.69,44.86,-19.70,1
e,2022-11-01 17:21:40.772732,-0.06,-0.71,0.70,0.85,1.89,2.38,-4.52,45.14,-20.09,1
e,2022-11-01 17:21:40.772891,-0.06,-0.71,0.70,1.10,1.89,2.38,-4.52,45.14,-20.09,1
e,2022-11-01 17:21:40.773042,-0.06,-0.71,0.70,1.22,1.89,2.44,-4.16,44.86,-19.58,1
e,2022-11-01 17:21:40.773200,-0.06,-0.71,0.70,1.10,1.83,2.50,-4.16,44.86,-19.58,1
e,2022-11-01 17:21:40.773353,-0.06,-0.71,0.70,1.34,1.89,2.56,-4.16,44.86,-19.58,1
e,2022-11-01 17:21:40.773507,-0.06,-0.71,0.70,1.22,1.95,2.38,-4.87,44.69,-20.56,1
e,2022-11-01 17:21:40.773664,-0.06,-0.71,0.70,0.92,2.08,2.26,-4.87,44.69,-20.56,1
e,2022-11-01 17:21:40.773818,-0.06,-0.71,0.70,1.16,1.83,2.50,-4.87,44.69,-20.56,1
e,2022-11-01 17:21:40.773974,-0.06,-0.71,0.70,1.22,1.83,2.38,-4.09,45.18,-20.48,1
e,2022-11-01 17:21:40.774128,-0.06,-0.71,0.70,1.10,1.89,2.62,-4.09,45.18,-20.48,1
e,2022-11-01 17:21:40.774284,-0.06,-0.71,0.70,1.28,1.89,2.56,-4.09,45.18,-20.48,1
e,2022-11-01 17:21:40.774435,-0.06,-0.71,0.70,0.85,1.83,2.26,-4.22,44.71,-19.38,1
e,2022-11-01 17:21:40.774587,-0.06,-0.71,0.70,1.10,1.89,2.32,-4.22,44.71,-19.38,1
e,2022-11-01 17:21:40.774745,-0.06,-0.71,0.70,1.10,1.89,2.32,-4.03,44.43,-21.18,1
e,2022-11-01 17:21:40.774899,-0.06,-0.71,0.70,1.10,2.01,2.44,-4.03,44.43,-21.18,1
e,2022-11-01 17:21:40.775056,-0.06,-0.71,0.70,1.22,1.89,2.50,-4.03,44.43,-21.18,1
e,2022-11-01 17:21:40.775208,-0.06,-0.71,0.70,1.16,1.83,2.50,-4.03,45.02,-20.20,1
e,2022-11-01 17:21:40.775362,-0.06,-0.71,0.70,0.98,1.89,2.38,-4.03,45.02,-20.20,1
e,2022-11-01 17:21:40.775519,-0.06,-0.71,0.70,1.28,1.89,2.38,-4.03,45.02,-20.20,1
e,2022-11-01 17:21:40.775671,-0.06,-0.71,0.70,1.04,2.01,2.38,-4.26,44.82,-20.91,1
e,2022-11-01 17:21:40.775832,-0.06,-0.71,0.70,1.16,2.01,2.50,-4.26,44.82,-20.91,1
e,2022-11-01 17:21:40.775985,-0.06,-0.71,0.70,1.10,1.89,2.38,-4.26,44.82,-20.91,1
e,2022-11-01 17:21:40.776142,-0.06,-0.71,0.70,1.04,1.77,2.44,-4.53,44.89,-20.17,1
e,2022-11-01 17:21:40.776310,-0.06,-0.71,0.70,1.22,1.83,2.50,-4.53,44.89,-20.17,1
e,2022-11-01 17:21:40.776465,-0.06,-0.71,0.70,1.16,1.89,2.50,-4.44,44.71,-19.36,1
e,2022-11-01 17:21:40.776622,-0.06,-0.71,0.70,1.22,1.83,2.69,-4.44,44.71,-19.36,1
e,2022-11-01 17:21:40.776773,-0.06,-0.71,0.70,1.22,1.89,2.44,-4.44,44.71,-19.36,1
e,2022-11-01 17:21:40.776928,-0.06,-0.71,0.70,1.28,1.83,2.62,-4.31,44.64,-20.00,1
e,2022-11-01 17:21:40.777079,-0.06,-0.71,0.70,1.34,1.89,2.44,-4.31,44.64,-20.00,1
e,2022-11-01 17:21:40.777232,-0.06,-0.71,0.70,1.16,1.83,2.44,-4.31,44.64,-20.00,1
e,2022-11-01 17:21:40.777389,-0.06,-0.71,0.70,1.16,1.83,2.44,-4.04,44.82,-20.32,1
e,2022-11-01 17:21:40.777540,-0.06,-0.71,0.70,1.28,1.95,2.50,-4.04,44.82,-20.32,1
e,2022-11-01 17:21:40.777697,-0.06,-0.71,0.70,1.16,1.89,2.44,-4.04,44.82,-20.32,1
e,2022-11-01 17:21:40.777847,-0.06,-0.71,0.70,1.10,1.83,2.44,-4.99,44.73,-20.79,1
e,2022-11-01 17:21:40.777997,-0.06,-0.71,0.70,1.34,1.89,2.44,-4.99,44.73,-20.79,1
e,2022-11-01 17:21:40.778166,-0.06,-0.71,0.70,1.28,1.89,2.50,-4.32,45.01,-20.08,1
e,2022-11-01 17:21:40.778316,-0.06,-0.71,0.70,1.16,1.89,2.50,-4.32,45.01,-20.08,1
e,2022-11-01 17:21:40.778474,-0.06,-0.71,0.70,1.16,1.95,2.38,-4.32,45.01,-20.08,1
e,2022-11-01 17:21:40.778624,-0.06,-0.71,0.70,1.28,2.01,2.50,-4.02,44.26,-21.66,1
e,2022-11-01 17:21:40.778775,-0.06,-0.71,0.70,1.16,1.89,2.38,-4.02,44.26,-21.66,1
e,2022-11-01 17:21:40.778931,-0.06,-0.71,0.70,1.22,1.95,2.62,-4.02,44.26,-21.66,1
e,2022-11-01 17:21:40.779085,-0.06,-0.71,0.70,0.98,1.89,2.44,-3.72,44.60,-21.33,1
e,2022-11-01 17:21:40.779241,-0.06,-0.71,0.70,1.04,1.95,2.32,-3.72,44.60,-21.33,1
e,2022-11-01 17:21:40.779392,-0.06,-0.71,0.70,1.34,1.95,2.50,-3.72,44.60,-21.33,1
e,2022-11-01 17:21:40.779549,-0.06,-0.71,0.70,0.79,1.95,2.26,-4.44,44.64,-20.92,1
e,2022-11-01 17:21:40.779701,-0.06,-0.71,0.70,1.10,2.01,2.44,-4.44,44.64,-20.92,1
e,2022-11-01 17:21:40.779851,-0.06,-0.71,0.70,0.98,1.95,2.26,-4.24,44.01,-21.13,1
e,2022-11-01 17:21:40.780007,-0.06,-0.71,0.70,1.22,2.01,2.44,-4.24,44.01,-21.13,1
e,2022-11-01 17:21:40.780161,-0.06,-0.71,0.70,1.04,2.14,2.50,-4.24,44.01,-21.13,1
e,2022-11-01 17:21:40.780318,-0.06,-0.71,0.70,1.10,1.83,2.38,-4.28,44.84,-21.18,1
e,2022-11-01 17:21:40.780470,-0.06,-0.71,0.70,1.28,1.83,2.44,-4.28,44.84,-21.18,1
e,2022-11-01 17:21:40.780625,-0.06,-0.71,0.70,1.10,1.89,2.44,-4.28,44.84,-21.18,1
e,2022-11-01 17:21:40.780783,-0.06,-0.71,0.70,1.28,1.77,2.50,-4.22,44.63,-20.94,1
e,2022-11-01 17:21:40.780934,-0.06,-0.71,0.70,1.10,2.01,2.56,-4.22,44.63,-20.94,1
e,2022-11-01 17:21:40.781093,-0.06,-0.71,0.70,1.28,1.89,2.44,-4.22,44.63,-20.94,1
e,2022-11-01 17:21:40.781243,-0.06,-0.71,0.70,1.16,1.77,2.50,-4.79,45.06,-20.45,1
e,2022-11-01 17:21:40.781393,-0.06,-0.71,0.70,1.16,1.89,2.20,-4.79,45.06,-20.45,1
e,2022-11-01 17:21:40.781549,-0.06,-0.71,0.70,1.10,1.89,2.38,-4.44,44.73,-20.79,1
e,2022-11-01 17:21:40.781700,-0.06,-0.71,0.70,0.92,1.77,2.38,-4.44,44.73,-20.79,1
e,2022-11-01 17:21:40.781859,-0.06,-0.71,0.70,0.92,2.01,2.44,-4.44,44.73,-20.79,1
e,2022-11-01 17:21:40.782011,-0.06,-0.71,0.70,0.98,1.95,2.38,-4.25,44.54,-20.51,1
e,2022-11-01 17:21:40.782169,-0.06,-0.71,0.70,1.22,2.01,2.32,-4.25,44.54,-20.51,1
e,2022-11-01 17:21:40.782323,-0.06,-0.71,0.70,1.16,2.01,2.44,-4.25,44.54,-20.51,1
e,2022-11-01 17:21:40.782476,-0.06,-0.71,0.70,1.10,1.95,2.38,-4.00,45.10,-20.89,1
e,2022-11-01 17:21:40.782634,-0.06,-0.71,0.70,1.04,1.95,2.38,-4.00,45.10,-20.89,1
e,2022-11-01 17:21:40.782785,-0.06,-0.71,0.70,0.98,2.01,2.50,-4.00,45.10,-20.89,1
e,2022-11-01 17:21:40.782941,-0.06,-0.71,0.70,0.92,2.08,2.38,-4.46,45.13,-18.71,1
e,2022-11-01 17:21:40.783093,-0.06,-0.71,0.70,1.16,1.89,2.50,-4.46,45.13,-18.71,1
e,2022-11-01 17:21:40.783244,-0.06,-0.71,0.70,1.22,1.83,2.50,-4.28,45.50,-20.86,1
e,2022-11-01 17:21:40.783402,-0.06,-0.71,0.70,1.10,1.95,2.26,-4.28,45.50,-20.86,1
e,2022-11-01 17:21:40.783554,-0.06,-0.71,0.70,1.10,1.89,2.44,-4.28,45.50,-20.86,1
e,2022-11-01 17:21:40.783711,-0.06,-0.71,0.70,1.10,1.83,2.50,-4.04,45.01,-20.09,1
e,2022-11-01 17:21:40.783864,-0.06,-0.71,0.70,1.04,1.89,2.44,-4.04,45.01,-20.09,1
e,2022-11-01 17:21:40.784016,-0.06,-0.71,0.70,0.98,1.89,2.32,-4.04,45.01,-20.09,1
e,2022-11-01 17:21:40.784173,-0.06,-0.71,0.70,0.98,1.89,2.38,-4.11,44.92,-20.64,1
e,2022-11-01 17:21:40.784324,-0.06,-0.71,0.70,1.04,2.08,2.38,-4.11,44.92,-20.64,1
e,2022-11-01 17:21:40.784480,-0.06,-0.71,0.70,1.04,2.01,2.44,-4.11,44.92,-20.64,1
e,2022-11-01 17:21:40.784631,-0.06,-0.71,0.70,0.92,1.89,2.38,-4.55,45.01,-20.15,1
e,2022-11-01 17:21:40.784785,-0.06,-0.71,0.70,1.16,1.95,2.56,-4.55,45.01,-20.15,1
e,2022-11-01 17:21:40.784940,-0.06,-0.71,0.70,1.10,1.77,2.38,-4.30,44.75,-19.34,1
e,2022-11-01 17:21:40.785093,-0.06,-0.71,0.70,1.04,1.83,2.32,-4.30,44.75,-19.34,1
e,2022-11-01 17:21:40.785248,-0.06,-0.71,0.70,1.10,2.08,2.44,-4.30,44.75,-19.34,1
e,2022-11-01 17:21:40.785400,-0.06,-0.71,0.70,0.98,2.01,2.62,-3.85,45.19,-20.95,1
e,2022-11-01 17:21:40.785557,-0.06,-0.71,0.70,1.16,1.95,2.44,-3.85,45.19,-20.95,1
e,2022-11-01 17:21:40.785706,-0.06,-0.71,0.70,1.10,2.01,2.38,-3.85,45.19,-20.95,1
e,2022-11-01 17:21:40.785858,-0.06,-0.71,0.70,0.98,2.08,2.38,-4.32,45.31,-19.49,1
e,2022-11-01 17:21:40.786100,-0.06,-0.71,0.70,1.28,1.77,2.50,-4.32,45.31,-19.49,1
e,2022-11-01 17:21:40.786253,-0.06,-0.71,0.70,1.16,1.83,2.62,-4.32,45.31,-19.49,1
e,2022-11-01 17:21:40.786411,-0.06,-0.71,0.70,1.04,1.83,2.44,-4.10,44.82,-18.82,1
e,2022-11-01 17:21:40.786564,-0.06,-0.71,0.70,1.22,1.89,2.50,-4.10,44.82,-18.82,1
e,2022-11-01 17:21:40.786716,-0.06,-0.71,0.70,0.98,1.95,2.50,-4.69,45.08,-19.01,1
e,2022-11-01 17:21:40.786882,-0.06,-0.71,0.70,1.10,2.01,2.50,-4.69,45.08,-19.01,1
e,2022-11-01 17:21:40.787036,-0.06,-0.71,0.70,0.98,2.08,2.38,-4.69,45.08,-19.01,1
e,2022-11-01 17:21:40.787195,-0.06,-0.71,0.70,1.16,1.77,2.50,-4.08,45.06,-21.30,1
e,2022-11-01 17:21:40.787349,-0.06,-0.71,0.70,1.16,1.83,2.56,-4.08,45.06,-21.30,1
e,2022-11-01 17:21:40.787499,-0.06,-0.71,0.70,1.16,2.01,2.50,-4.08,45.06,-21.30,1
e,2022-11-01 17:21:40.787695,-0.06,-0.71,0.70,1.04,1.77,2.38,-3.70,44.69,-20.92,1
e,2022-11-01 17:21:40.787849,-0.06,-0.71,0.70,1.22,1.95,2.56,-3.70,44.69,-20.92,1
e,2022-11-01 17:21:40.788006,-0.06,-0.71,0.70,1.16,1.89,2.44,-3.70,44.69,-20.92,1
e,2022-11-01 17:21:40.788159,-0.06,-0.71,0.70,1.10,1.89,2.38,-3.98,44.87,-20.34,1
e,2022-11-01 17:21:40.788315,-0.06,-0.71,0.70,1.34,1.83,2.50,-3.98,44.87,-20.34,1
e,2022-11-01 17:21:40.788473,-0.06,-0.71,0.70,1.16,1.89,2.56,-4.14,45.18,-20.01,1
e,2022-11-01 17:21:40.788627,-0.06,-0.71,0.70,1.40,1.95,2.56,-4.14,45.18,-20.01,1
e,2022-11-01 17:21:40.788784,-0.06,-0.71,0.70,1.16,1.95,2.50,-4.14,45.18,-20.01,1
e,2022-11-01 17:21:40.788939,-0.06,-0.71,0.70,1.22,2.14,2.50,-3.61,44.76,-22.11,1
e,2022-11-01 17:21:40.789115,-0.06,-0.71,0.70,1.10,1.95,2.44,-3.61,44.76,-22.11,1
e,2022-11-01 17:21:40.789269,-0.06,-0.71,0.70,1.16,2.01,2.44,-3.61,44.76,-22.11,1
e,2022-11-01 17:21:40.789422,-0.06,-0.71,0.70,0.92,1.95,2.44,-4.46,44.71,-19.81,1
e,2022-11-01 17:21:40.789594,-0.06,-0.71,0.70,1.22,1.89,2.50,-4.46,44.71,-19.81,1
e,2022-11-01 17:21:40.789745,-0.06,-0.71,0.70,1.22,1.89,2.32,-4.46,44.71,-19.81,1
e,2022-11-01 17:21:40.789907,-0.06,-0.71,0.70,1.10,1.89,2.50,-4.31,45.13,-20.63,1
e,2022-11-01 17:21:40.790059,-0.06,-0.71,0.70,1.16,1.83,2.26,-4.31,45.13,-20.63,1
e,2022-11-01 17:21:40.790210,-0.06,-0.71,0.70,1.46,1.71,2.44,-4.00,45.18,-20.35,1
e,2022-11-01 17:21:40.790368,-0.06,-0.71,0.70,1.10,1.95,2.38,-4.00,45.18,-20.35,1
e,2022-11-01 17:21:40.790522,-0.06,-0.71,0.70,1.34,1.77,2.32,-4.00,45.18,-20.35,1
e,2022-11-01 17:21:40.790677,-0.06,-0.71,0.70,1.10,1.83,2.44,-3.87,45.03,-20.21,1
e,2022-11-01 17:21:40.790828,-0.06,-0.71,0.70,1.16,1.89,2.44,-3.87,45.03,-20.21,1
e,2022-11-01 17:21:40.790979,-0.06,-0.71,0.70,1.22,1.95,2.38,-3.87,45.03,-20.21,1
e,2022-11-01 17:21:40.791137,-0.06,-0.71,0.70,0.92,1.83,2.26,-4.38,45.34,-20.25,1
e,2022-11-01 17:21:40.791288,-0.06,-0.71,0.70,1.10,1.83,2.44,-4.38,45.34,-20.25,1
e,2022-11-01 17:21:40.791447,-0.06,-0.71,0.70,1.16,2.01,2.44,-4.38,45.34,-20.25,1
e,2022-11-01 17:21:40.791598,-0.06,-0.71,0.70,0.98,1.89,2.26,-4.28,44.79,-19.68,1
e,2022-11-01 17:21:40.791757,-0.06,-0.71,0.70,1.16,2.08,2.62,-4.28,44.79,-19.68,1
e,2022-11-01 17:21:40.791910,-0.06,-0.71,0.70,0.85,2.01,2.38,-4.49,44.52,-20.42,1
e,2022-11-01 17:21:40.792060,-0.06,-0.71,0.70,1.04,1.89,2.44,-4.49,44.52,-20.42,1
e,2022-11-01 17:21:40.792216,-0.06,-0.71,0.70,1.16,1.83,2.44,-4.49,44.52,-20.42,1
e,2022-11-01 17:21:40.792370,-0.06,-0.71,0.70,1.34,1.95,2.32,-4.09,44.81,-20.06,1
e,2022-11-01 17:21:40.792528,-0.06,-0.71,0.70,1.22,1.95,2.56,-4.09,44.81,-20.06,1
e,2022-11-01 17:21:40.792678,-0.06,-0.71,0.70,1.28,1.77,2.56,-4.09,44.81,-20.06,1
e,2022-11-01 17:21:40.792828,-0.06,-0.71,0.70,0.98,1.71,2.38,-3.94,45.06,-19.84,1
e,2022-11-01 17:21:40.792982,-0.06,-0.71,0.70,1.22,1.95,2.50,-3.94,45.06,-19.84,1
e,2022-11-01 17:21:40.793131,-0.06,-0.71,0.70,1.10,1.95,2.56,-3.94,45.06,-19.84,1
e,2022-11-01 17:21:40.793287,-0.06,-0.71,0.70,1.04,1.89,2.44,-3.99,44.67,-19.62,1
e,2022-11-01 17:21:40.793450,-0.06,-0.71,0.70,1.16,2.08,2.44,-3.99,44.67,-19.62,1
e,2022-11-01 17:21:40.793601,-0.06,-0.71,0.70,1.16,1.95,2.44,-3.98,44.73,-20.40,1
e,2022-11-01 17:21:40.793759,-0.06,-0.71,0.70,0.98,1.89,2.32,-3.98,44.73,-20.40,1
e,2022-11-01 17:21:40.793911,-0.06,-0.71,0.70,1.04,1.89,2.50,-3.98,44.73,-20.40,1
e,2022-11-01 17:21:40.794068,-0.06,-0.71,0.70,1.10,1.89,2.44,-4.00,45.08,-19.41,1
e,2022-11-01 17:21:40.794217,-0.06,-0.71,0.70,1.22,2.01,2.32,-4.00,45.08,-19.41,1
e,2022-11-01 17:21:40.794372,-0.06,-0.71,0.70,1.10,1.95,2.38,-4.00,45.08,-19.41,1
e,2022-11-01 17:21:40.794523,-0.06,-0.71,0.70,1.10,1.83,2.44,-3.98,45.47,-20.13,1
e,2022-11-01 17:21:40.794674,-0.06,-0.71,0.70,1.16,1.95,2.44,-3.98,45.47,-20.13,1
e,2022-11-01 17:21:40.794831,-0.06,-0.71,0.70,1.22,1.89,2.32,-3.98,45.47,-20.13,1
e,2022-11-01 17:21:40.794983,-0.06,-0.71,0.70,1.28,1.95,2.32,-4.24,45.39,-18.63,1
e,2022-11-01 17:21:40.795140,-0.06,-0.71,0.70,1.22,1.89,2.44,-4.24,45.39,-18.63,1
e,2022-11-01 17:21:40.795291,-0.06,-0.71,0.70,1.10,1.83,2.50,-4.36,45.03,-20.56,1
e,2022-11-01 17:21:40.795442,-0.06,-0.71,0.70,0.92,1.83,2.26,-4.36,45.03,-20.56,1
e,2022-11-01 17:21:40.795597,-0.06,-0.71,0.70,0.92,1.89,2.44,-4.36,45.03,-20.56,1
e,2022-11-01 17:21:40.795747,-0.06,-0.71,0.70,1.16,2.14,2.50,-4.14,44.65,-20.32,1
e,2022-11-01 17:21:40.795900,-0.06,-0.71,0.70,1.22,1.89,2.44,-4.14,44.65,-20.32,1
e,2022-11-01 17:21:40.796049,-0.06,-0.71,0.70,0.92,1.95,2.50,-4.14,44.65,-20.32,1
e,2022-11-01 17:21:40.796198,-0.06,-0.71,0.70,0.98,1.95,2.38,-4.13,44.92,-19.57,1
e,2022-11-01 17:21:40.796354,-0.06,-0.71,0.70,1.22,1.83,2.50,-4.13,44.92,-19.57,1
e,2022-11-01 17:21:40.796503,-0.06,-0.71,0.70,1.10,1.83,2.44,-4.13,44.92,-19.57,1
e,2022-11-01 17:21:40.796658,-0.06,-0.71,0.70,0.85,1.83,2.26,-4.43,45.01,-19.63,1
e,2022-11-01 17:21:40.796807,-0.06,-0.71,0.70,1.28,1.89,2.44,-4.43,45.01,-19.63,1
e,2022-11-01 17:21:40.796961,-0.06,-0.71,0.70,1.16,1.95,2.50,-4.36,44.49,-19.42,1
e,2022-11-01 17:21:40.797110,-0.06,-0.71,0.70,0.85,2.08,2.50,-4.36,44.49,-19.42,1
e,2022-11-01 17:21:40.797262,-0.06,-0.71,0.70,1.10,1.83,2.62,-4.36,44.49,-19.42,1
e,2022-11-01 17:21:40.797416,-0.06,-0.71,0.70,1.16,1.95,2.44,-4.33,45.06,-21.04,1
e,2022-11-01 17:21:40.797568,-0.06,-0.71,0.70,1.16,1.95,2.26,-4.33,45.06,-21.04,1
e,2022-11-01 17:21:40.797723,-0.06,-0.71,0.70,1.16,1.89,2.56,-4.33,45.06,-21.04,1
e,2022-11-01 17:21:40.797874,-0.06,-0.71,0.70,0.98,1.89,2.44,-3.83,44.98,-19.40,1
e,2022-11-01 17:21:40.798025,-0.06,-0.71,0.70,1.16,2.01,2.50,-3.83,44.98,-19.40,1
e,2022-11-01 17:21:40.798180,-0.06,-0.71,0.70,1.22,1.95,2.50,-3.83,44.98,-19.40,1
e,2022-11-01 17:21:40.798333,-0.06,-0.71,0.70,1.04,1.89,2.26,-4.49,44.62,-20.97,1
e,2022-11-01 17:21:40.798488,-0.06,-0.71,0.70,1.28,1.89,2.44,-4.49,44.62,-20.97,1
e,2022-11-01 17:21:40.798639,-0.06,-0.71,0.70,1.04,1.83,2.26,-3.93,45.13,-19.37,1
e,2022-11-01 17:21:40.798796,-0.06,-0.71,0.70,1.10,1.89,2.32,-3.93,45.13,-19.37,1
e,2022-11-01 17:21:40.798945,-0.06,-0.71,0.70,1.04,1.89,2.32,-3.93,45.13,-19.37,1
e,2022-11-01 17:21:40.799097,-0.06,-0.71,0.70,1.22,1.83,2.44,-4.11,44.87,-20.20,1
e,2022-11-01 17:21:40.799252,-0.06,-0.71,0.70,1.10,2.08,2.56,-4.11,44.87,-20.20,1
e,2022-11-01 17:21:40.799405,-0.06,-0.71,0.70,1.22,1.89,2.38,-4.11,44.87,-20.20,1
e,2022-11-01 17:21:40.799562,-0.06,-0.71,0.70,1.16,1.83,2.32,-3.72,44.95,-20.06,1
e,2022-11-01 17:21:40.799713,-0.06,-0.71,0.70,1.16,1.71,2.44,-3.72,44.95,-20.06,1
e,2022-11-01 17:21:40.799863,-0.06,-0.71,0.70,1.10,1.95,2.56,-3.72,44.95,-20.06,1
e,2022-11-01 17:21:40.800021,-0.06,-0.71,0.70,1.04,1.83,2.32,-4.28,45.26,-19.26,1
e,2022-11-01 17:21:40.800172,-0.06,-0.71,0.70,1.40,1.77,2.50,-4.28,45.26,-19.26,1
e,2022-11-01 17:21:40.800329,-0.06,-0.71,0.70,1.04,1.83,2.38,-3.64,45.06,-20.14,1
e,2022-11-01 17:21:40.800480,-0.06,-0.71,0.70,1.04,1.89,2.44,-3.64,45.06,-20.14,1
e,2022-11-01 17:21:40.800630,-0.06,-0.71,0.70,1.28,1.83,2.56,-3.64,45.06,-20.14,1
e,2022-11-01 17:21:40.800781,-0.06,-0.71,0.70,0.92,2.01,2.38,-3.31,44.78,-19.78,1
e,2022-11-01 17:21:40.800930,-0.06,-0.71,0.70,0.92,1.95,2.44,-3.31,44.78,-19.78,1
e,2022-11-01 17:21:40.801087,-0.06,-0.71,0.70,0.98,1.89,2.44,-3.31,44.78,-19.78,1
e,2022-11-01 17:21:40.801238,-0.06,-0.71,0.70,1.10,2.01,2.50,-4.17,45.08,-20.76,1
e,2022-11-01 17:21:40.801391,-0.06,-0.71,0.70,1.10,2.01,2.26,-4.17,45.08,-20.76,1
e,2022-11-01 17:21:40.801542,-0.06,-0.71,0.70,1.40,1.83,2.44,-4.17,45.08,-20.76,1
e,2022-11-01 17:21:40.801692,-0.06,-0.71,0.70,1.04,1.89,2.26,-4.11,45.36,-18.90,1
e,2022-11-01 17:21:40.801849,-0.06,-0.71,0.70,1.16,1.83,2.38,-4.11,45.36,-18.90,1
e,2022-11-01 17:21:40.801999,-0.06,-0.71,0.70,1.22,1.77,2.38,-3.91,45.07,-20.42,1
e,2022-11-01 17:21:40.802151,-0.06,-0.71,0.70,1.04,1.89,2.50,-3.91,45.07,-20.42,1
e,2022-11-01 17:21:40.802301,-0.06,-0.71,0.70,1.28,1.95,2.32,-3.91,45.07,-20.42,1
e,2022-11-01 17:21:40.802450,-0.06,-0.71,0.70,0.92,1.89,2.38,-4.02,44.65,-20.57,1
e,2022-11-01 17:21:40.802607,-0.06,-0.71,0.70,0.92,1.89,2.44,-4.02,44.65,-20.57,1
e,2022-11-01 17:21:40.802758,-0.06,-0.71,0.70,0.98,1.77,2.38,-4.02,44.65,-20.57,1
e,2022-11-01 17:21:40.802914,-0.06,-0.71,0.70,1.16,1.77,2.38,-4.09,44.87,-20.81,1
e,2022-11-01 17:21:40.803065,-0.06,-0.71,0.70,1.10,1.95,2.44,-4.09,44.87,-20.81,1
e,2022-11-01 17:21:40.803214,-0.06,-0.71,0.70,0.98,1.83,2.44,-4.09,44.87,-20.81,1
e,2022-11-01 17:21:40.803368,-0.06,-0.71,0.70,0.73,2.01,2.32,-3.82,44.79,-20.70,1
e,2022-11-01 17:21:40.803517,-0.06,-0.71,0.70,0.98,2.01,2.32,-3.82,44.79,-20.70,1
e,2022-11-01 17:21:40.803675,-0.06,-0.71,0.70,1.22,2.01,2.50,-4.44,45.42,-20.85,1
e,2022-11-01 17:21:40.803825,-0.06,-0.71,0.70,1.10,1.89,2.44,-4.44,45.42,-20.85,1
e,2022-11-01 17:21:40.803981,-0.06,-0.71,0.70,1.10,1.83,2.44,-4.44,45.42,-20.85,1
e,2022-11-01 17:21:40.804134,-0.06,-0.71,0.70,1.10,1.95,2.38,-3.99,44.93,-20.62,1
e,2022-11-01 17:21:40.804285,-0.06,-0.71,0.70,1.22,2.01,2.32,-3.99,44.93,-20.62,1
e,2022-11-01 17:21:40.804442,-0.06,-0.71,0.70,1.16,1.95,2.44,-3.99,44.93,-20.62,1
e,2022-11-01 17:21:40.804595,-0.06,-0.71,0.70,0.92,2.01,2.26,-4.13,45.06,-19.81,1
e,2022-11-01 17:21:40.804751,-0.06,-0.71,0.70,1.16,2.01,2.50,-4.13,45.06,-19.81,1
e,2022-11-01 17:21:40.804902,-0.06,-0.71,0.70,1.22,1.89,2.56,-4.13,45.06,-19.81,1
e,2022-11-01 17:21:40.805056,-0.06,-0.71,0.70,1.10,2.14,2.38,-3.80,44.85,-20.36,1
e,2022-11-01 17:21:40.805213,-0.06,-0.71,0.70,1.22,1.95,2.26,-3.80,44.85,-20.36,1
e,2022-11-01 17:21:40.805365,-0.06,-0.71,0.70,1.10,1.95,2.38,-4.39,44.96,-20.52,1
e,2022-11-01 17:21:40.805522,-0.06,-0.71,0.70,0.85,1.89,2.44,-4.39,44.96,-20.52,1
e,2022-11-01 17:21:40.805675,-0.06,-0.71,0.70,1.22,2.01,2.44,-4.39,44.96,-20.52,1
e,2022-11-01 17:21:40.805829,-0.06,-0.71,0.70,1.04,1.89,2.32,-4.28,44.38,-20.87,1
e,2022-11-01 17:21:40.805994,-0.06,-0.71,0.70,1.16,1.95,2.38,-4.28,44.38,-20.87,1
e,2022-11-01 17:21:40.806147,-0.06,-0.71,0.70,1.04,1.77,2.38,-4.28,44.38,-20.87,1
e,2022-11-01 17:21:40.806309,-0.06,-0.71,0.70,0.98,1.83,2.44,-4.48,44.15,-20.31,1
e,2022-11-01 17:21:40.806463,-0.06,-0.71,0.70,1.04,1.89,2.38,-4.48,44.15,-20.31,1
e,2022-11-01 17:21:40.806614,-0.06,-0.71,0.70,1.22,1.89,2.62,-4.48,44.15,-20.31,1
e,2022-11-01 17:21:40.806773,-0.06,-0.71,0.70,0.92,1.83,2.38,-4.16,44.78,-20.37,1
e,2022-11-01 17:21:40.806926,-0.06,-0.71,0.70,0.92,2.01,2.26,-4.16,44.78,-20.37,1
e,2022-11-01 17:21:40.807083,-0.06,-0.71,0.70,1.10,1.95,2.44,-4.57,44.98,-19.74,1
e,2022-11-01 17:21:40.807234,-0.06,-0.71,0.70,0.92,1.83,2.32,-4.57,44.98,-19.74,1
e,2022-11-01 17:21:40.807390,-0.06,-0.71,0.70,1.16,1.89,2.50,-4.57,44.98,-19.74,1
e,2022-11-01 17:21:40.807547,-0.06,-0.71,0.70,1.04,1.89,2.44,-4.90,44.93,-19.59,1
e,2022-11-01 17:21:40.807701,-0.06,-0.71,0.70,1.16,1.95,2.56,-4.90,44.93,-19.59,1
e,2022-11-01 17:21:40.807863,-0.06,-0.71,0.70,1.22,1.89,2.38,-4.90,44.93,-19.59,1
e,2022-11-01 17:21:40.808016,-0.06,-0.71,0.70,1.04,2.08,2.56,-4.44,44.36,-20.95,1
e,2022-11-01 17:21:40.808209,-0.06,-0.71,0.70,1.28,1.83,2.32,-4.44,44.36,-20.95,1
e,2022-11-01 17:21:40.808363,-0.06,-0.71,0.70,1.22,1.83,2.44,-4.44,44.36,-20.95,1
e,2022-11-01 17:21:40.808515,-0.06,-0.71,0.70,1.34,1.89,2.44,-3.92,45.12,-20.92,1
e,2022-11-01 17:21:40.808690,-0.06,-0.71,0.70,1.10,1.89,2.44,-3.92,45.12,-20.92,1
e,2022-11-01 17:21:40.808843,-0.06,-0.71,0.70,1.04,2.01,2.38,-4.48,44.65,-21.63,1
e,2022-11-01 17:21:40.809005,-0.06,-0.71,0.70,0.92,1.89,2.32,-4.48,44.65,-21.63,1
e,2022-11-01 17:21:40.809159,-0.06,-0.71,0.70,1.16,2.08,2.50,-4.48,44.65,-21.63,1
e,2022-11-01 17:21:40.809310,-0.06,-0.71,0.70,1.28,1.83,2.44,-4.31,44.75,-19.68,1
e,2022-11-01 17:21:40.809476,-0.06,-0.71,0.70,1.22,1.89,2.38,-4.31,44.75,-19.68,1
e,2022-11-01 17:21:40.809631,-0.06,-0.71,0.70,1.10,2.08,2.62,-4.31,44.75,-19.68,1
e,2022-11-01 17:21:40.809787,-0.06,-0.71,0.70,1.10,1.95,2.50,-4.42,45.08,-20.20,1
e,2022-11-01 17:21:40.809938,-0.06,-0.71,0.70,1.16,1.95,2.44,-4.42,45.08,-20.20,1
e,2022-11-01 17:21:40.810093,-0.06,-0.71,0.70,1.04,1.89,2.44,-4.42,45.08,-20.20,1
e,2022-11-01 17:21:40.810251,-0.06,-0.71,0.70,1.04,1.83,2.26,-4.15,45.12,-20.57,1
e,2022-11-01 17:21:40.810402,-0.06,-0.71,0.70,1.16,1.95,2.44,-4.15,45.12,-20.57,1
e,2022-11-01 17:21:40.810560,-0.06,-0.71,0.70,1.22,1.89,2.56,-3.59,44.74,-20.98,1
e,2022-11-01 17:21:40.810712,-0.06,-0.71,0.70,1.28,1.95,2.56,-3.59,44.74,-20.98,1
e,2022-11-01 17:21:40.810863,-0.06,-0.71,0.70,1.04,1.95,2.44,-3.59,44.74,-20.98,1
e,2022-11-01 17:21:40.811019,-0.06,-0.71,0.70,1.10,1.95,2.44,-4.37,44.71,-19.73,1
e,2022-11-01 17:21:40.811169,-0.06,-0.71,0.70,1.04,1.95,2.44,-4.37,44.71,-19.73,1
e,2022-11-01 17:21:40.811327,-0.06,-0.71,0.70,0.98,2.08,2.38,-4.37,44.71,-19.73,1
e,2022-11-01 17:21:40.811478,-0.06,-0.71,0.70,1.16,2.08,2.32,-3.76,45.04,-19.69,1
e,2022-11-01 17:21:40.811634,-0.06,-0.71,0.70,1.10,1.95,2.38,-3.76,45.04,-19.69,1
e,2022-11-01 17:21:40.811787,-0.06,-0.71,0.70,1.28,1.95,2.50,-3.76,45.04,-19.69,1
e,2022-11-01 17:21:40.811939,-0.06,-0.71,0.70,0.85,2.01,2.32,-4.31,45.03,-20.18,1
e,2022-11-01 17:21:40.812094,-0.06,-0.71,0.70,1.04,2.08,2.56,-4.31,45.03,-20.18,1
e,2022-11-01 17:21:40.812243,-0.06,-0.71,0.70,0.98,2.08,2.38,-4.21,44.92,-20.43,1
e,2022-11-01 17:21:40.812398,-0.06,-0.71,0.70,1.16,1.89,2.32,-4.21,44.92,-20.43,1
e,2022-11-01 17:21:40.812547,-0.06,-0.71,0.70,1.10,1.95,2.44,-4.21,44.92,-20.43,1
e,2022-11-01 17:21:40.812697,-0.06,-0.71,0.70,1.10,1.95,2.56,-3.89,45.39,-19.95,1
e,2022-11-01 17:21:40.812853,-0.06,-0.71,0.70,1.16,2.01,2.50,-3.89,45.39,-19.95,1
e,2022-11-01 17:21:40.813001,-0.06,-0.71,0.70,1.04,1.95,2.44,-3.89,45.39,-19.95,1
e,2022-11-01 17:21:40.813158,-0.06,-0.71,0.70,0.85,1.83,2.20,-3.94,45.45,-19.84,1
e,2022-11-01 17:21:40.813308,-0.06,-0.71,0.70,1.22,1.83,2.56,-3.94,45.45,-19.84,1
e,2022-11-01 17:21:40.813456,-0.06,-0.71,0.70,1.28,1.89,2.38,-3.94,45.45,-19.84,1
e,2022-11-01 17:21:40.813612,-0.06,-0.71,0.70,1.16,1.83,2.50,-4.17,44.93,-19.93,1
e,2022-11-01 17:21:40.813762,-0.06,-0.71,0.70,0.92,1.83,2.32,-4.17,44.93,-19.93,1
e,2022-11-01 17:21:40.813918,-0.06,-0.71,0.70,1.16,1.95,2.50,-3.55,44.62,-20.42,1
e,2022-11-01 17:21:40.814068,-0.06,-0.71,0.70,1.16,1.89,2.38,-3.55,44.62,-20.42,1
e,2022-11-01 17:21:40.814219,-0.06,-0.71,0.70,1.22,2.08,2.38,-3.55,44.62,-20.42,1
e,2022-11-01 17:21:40.814374,-0.06,-0.71,0.70,1.22,1.95,2.44,-4.28,45.06,-20.52,1
e,2022-11-01 17:21:40.814526,-0.06,-0.71,0.70,1.22,2.01,2.38,-4.28,45.06,-20.52,1
e,2022-11-01 17:21:40.814684,-0.06,-0.71,0.70,1.28,1.89,2.62,-4.28,45.06,-20.52,1
e,2022-11-01 17:21:40.814835,-0.06,-0.71,0.70,1.16,1.95,2.26,-4.32,44.64,-20.08,1
e,2022-11-01 17:21:40.814990,-0.06,-0.71,0.70,1.16,1.89,2.26,-4.32,44.64,-20.08,1
e,2022-11-01 17:21:40.815141,-0.06,-0.71,0.70,1.16,2.01,2.44,-4.32,44.64,-20.08,1
e,2022-11-01 17:21:40.815292,-0.06,-0.71,0.70,1.04,1.77,2.32,-4.16,44.97,-20.45,1
e,2022-11-01 17:21:40.815448,-0.06,-0.71,0.70,1.10,2.08,2.56,-4.16,44.97,-20.45,1
e,2022-11-01 17:21:40.815598,-0.06,-0.71,0.70,1.22,1.89,2.44,-4.49,44.65,-20.30,1
e,2022-11-01 17:21:40.815752,-0.06,-0.71,0.70,1.10,1.77,2.32,-4.49,44.65,-20.30,1
e,2022-11-01 17:21:40.815904,-0.06,-0.71,0.70,0.98,1.89,2.38,-4.49,44.65,-20.30,1
e,2022-11-01 17:21:40.816053,-0.06,-0.71,0.70,1.04,1.89,2.44,-4.50,44.74,-20.48,1
e,2022-11-01 17:21:40.816208,-0.06,-0.71,0.70,1.16,2.01,2.38,-4.50,44.74,-20.48,1
e,2022-11-01 17:21:40.816356,-0.06,-0.71,0.70,1.22,2.01,2.38,-4.50,44.74,-20.48,1
e,2022-11-01 17:21:40.816513,-0.06,-0.71,0.70,0.85,1.95,2.38,-4.09,44.65,-19.85,1
e,2022-11-01 17:21:40.816665,-0.06,-0.71,0.70,1.10,1.89,2.50,-4.09,44.65,-19.85,1
e,2022-11-01 17:21:40.816815,-0.06,-0.71,0.70,1.16,1.95,2.44,-4.09,44.65,-19.85,1
e,2022-11-01 17:21:40.816972,-0.06,-0.71,0.70,1.22,1.89,2.50,-4.58,44.79,-20.26,1
e,2022-11-01 17:21:40.817123,-0.06,-0.71,0.70,1.04,1.89,2.50,-4.58,44.79,-20.26,1
e,2022-11-01 17:21:40.817281,-0.06,-0.71,0.70,1.04,2.14,2.38,-3.76,45.19,-20.21,1
e,2022-11-01 17:21:40.817431,-0.06,-0.71,0.70,1.10,1.83,2.50,-3.76,45.19,-20.21,1
e,2022-11-01 17:21:40.817585,-0.06,-0.71,0.70,1.04,1.89,2.62,-3.76,45.19,-20.21,1
e,2022-11-01 17:21:40.817736,-0.06,-0.71,0.70,1.10,1.89,2.44,-4.06,45.35,-20.01,1
e,2022-11-01 17:21:40.817886,-0.06,-0.71,0.70,1.04,2.01,2.38,-4.06,45.35,-20.01,1
e,2022-11-01 17:21:40.818044,-0.06,-0.71,0.70,1.10,1.89,2.38,-4.06,45.35,-20.01,1
e,2022-11-01 17:21:40.818198,-0.06,-0.71,0.70,1.16,1.71,2.32,-4.05,44.65,-21.50,1
e,2022-11-01 17:21:40.818353,-0.06,-0.71,0.70,1.28,1.89,2.38,-4.05,44.65,-21.50,1
e,2022-11-01 17:21:40.818503,-0.06,-0.71,0.70,1.16,1.95,2.62,-4.05,44.65,-21.50,1
e,2022-11-01 17:21:40.818653,-0.06,-0.71,0.70,1.04,1.89,2.44,-4.02,44.67,-20.91,1
e,2022-11-01 17:21:40.818810,-0.06,-0.71,0.70,1.22,1.95,2.38,-4.02,44.67,-20.91,1
e,2022-11-01 17:21:40.818962,-0.06,-0.71,0.70,1.22,1.89,2.32,-3.69,44.67,-20.62,1
e,2022-11-01 17:21:40.819117,-0.06,-0.71,0.70,1.16,1.95,2.44,-3.69,44.67,-20.62,1
e,2022-11-01 17:21:40.819269,-0.06,-0.71,0.70,1.28,1.89,2.56,-3.69,44.67,-20.62,1
e,2022-11-01 17:21:40.819418,-0.06,-0.71,0.70,0.92,1.71,2.38,-3.94,44.84,-20.61,1
e,2022-11-01 17:21:40.819574,-0.06,-0.71,0.70,0.98,2.01,2.44,-3.94,44.84,-20.61,1
e,2022-11-01 17:21:40.819723,-0.06,-0.71,0.70,0.98,2.01,2.44,-3.94,44.84,-20.61,1
e,2022-11-01 17:21:40.819879,-0.06,-0.71,0.70,1.04,1.95,2.14,-4.06,45.04,-20.34,1
e,2022-11-01 17:21:40.820028,-0.06,-0.71,0.70,1.16,1.83,2.62,-4.06,45.04,-20.34,1
e,2022-11-01 17:21:40.820183,-0.06,-0.71,0.70,1.28,1.89,2.50,-4.06,45.04,-20.34,1
e,2022-11-01 17:21:40.820340,-0.06,-0.71,0.70,0.92,1.71,2.44,-3.82,44.58,-20.87,1
e,2022-11-01 17:21:40.820491,-0.06,-0.71,0.70,1.04,2.08,2.44,-3.82,44.58,-20.87,1
e,2022-11-01 17:21:40.820647,-0.06,-0.71,0.70,1.04,1.95,2.38,-4.41,45.00,-21.07,1
e,2022-11-01 17:21:40.820798,-0.06,-0.71,0.70,1.34,1.77,2.44,-4.41,45.00,-21.07,1
e,2022-11-01 17:21:40.820953,-0.06,-0.71,0.70,0.98,2.14,2.38,-4.41,45.00,-21.07,1
e,2022-11-01 17:21:40.821104,-0.06,-0.71,0.70,0.85,1.89,2.44,-4.21,44.82,-21.61,1
e,2022-11-01 17:21:40.821255,-0.06,-0.71,0.70,1.10,2.01,2.38,-4.21,44.82,-21.61,1
e,2022-11-01 17:21:40.821413,-0.06,-0.71,0.70,1.16,2.01,2.44,-4.21,44.82,-21.61,1
e,2022-11-01 17:21:40.821565,-0.06,-0.71,0.70,1.16,1.89,2.26,-3.98,44.70,-20.53,1
e,2022-11-01 17:21:40.821721,-0.06,-0.71,0.70,1.46,2.01,2.75,-3.98,44.70,-20.53,1
e,2022-11-01 17:21:40.821874,-0.06,-0.71,0.70,1.10,1.83,2.26,-4.15,44.91,-19.91,1
e,2022-11-01 17:21:40.822027,-0.06,-0.71,0.70,0.85,1.89,2.26,-4.15,44.91,-19.91,1
e,2022-11-01 17:21:40.822188,-0.06,-0.71,0.70,1.10,1.95,2.38,-4.15,44.91,-19.91,1
e,2022-11-01 17:21:40.822341,-0.06,-0.71,0.70,1.04,1.83,2.44,-4.05,44.85,-20.13,1
e,2022-11-01 17:21:40.822512,-0.06,-0.71,0.70,1.34,1.95,2.44,-4.05,44.85,-20.13,1
e,2022-11-01 17:21:40.822667,-0.06,-0.71,0.70,1.16,1.95,2.62,-4.05,44.85,-20.13,1
e,2022-11-01 17:21:40.822823,-0.06,-0.71,0.70,0.98,1.89,2.38,-4.15,44.86,-20.65,1
e,2022-11-01 17:21:40.822978,-0.06,-0.71,0.70,1.10,1.95,2.44,-4.15,44.86,-20.65,1
e,2022-11-01 17:21:40.823130,-0.06,-0.71,0.70,1.28,1.89,2.44,-4.15,44.86,-20.65,1
e,2022-11-01 17:21:40.823288,-0.06,-0.71,0.70,1.04,1.89,2.32,-4.54,45.36,-19.43,1
e,2022-11-01 17:21:40.823440,-0.06,-0.71,0.70,0.98,1.95,2.32,-4.54,45.36,-19.43,1
e,2022-11-01 17:21:40.823599,-0.06,-0.71,0.70,1.04,2.01,2.62,-4.14,44.82,-20.68,1
e,2022-11-01 17:21:40.823761,-0.06,-0.71,0.70,1.28,1.89,2.20,-4.14,44.82,-20.68,1
e,2022-11-01 17:21:40.823915,-0.06,-0.71,0.70,1.10,2.08,2.38,-4.14,44.82,-20.68,1
e,2022-11-01 17:21:40.824075,-0.06,-0.71,0.70,1.16,1.95,2.69,-3.82,45.15,-19.79,1
e,2022-11-01 17:21:40.824229,-0.06,-0.71,0.70,1.28,1.95,2.32,-3.82,45.15,-19.79,1
e,2022-11-01 17:21:40.824410,-0.06,-0.71,0.70,1.04,2.01,2.62,-3.82,45.15,-19.79,1
e,2022-11-01 17:21:40.824565,-0.06,-0.71,0.70,1.10,1.83,2.32,-4.24,44.87,-20.74,1
e,2022-11-01 17:21:40.824719,-0.06,-0.71,0.70,1.16,2.08,2.50,-4.24,44.87,-20.74,1
e,2022-11-01 17:21:40.824876,-0.06,-0.71,0.70,1.10,2.01,2.44,-4.24,44.87,-20.74,1
e,2022-11-01 17:21:40.825029,-0.06,-0.71,0.70,1.10,1.89,2.32,-4.74,44.81,-20.07,1
e,2022-11-01 17:21:40.825187,-0.06,-0.71,0.70,1.16,1.89,2.44,-4.74,44.81,-20.07,1
e,2022-11-01 17:21:40.825338,-0.06,-0.71,0.70,1.16,2.01,2.56,-4.24,44.53,-19.97,1
e,2022-11-01 17:21:40.825545,-0.06,-0.71,0.70,1.04,2.01,2.38,-4.24,44.53,-19.97,1
e,2022-11-01 17:21:40.825700,-0.06,-0.71,0.70,1.10,2.08,2.26,-4.24,44.53,-19.97,1
e,2022-11-01 17:21:40.825854,-0.06,-0.71,0.70,1.04,1.95,2.50,-4.10,45.09,-21.12,1
e,2022-11-01 17:21:40.826013,-0.06,-0.71,0.70,1.16,1.89,2.44,-4.10,45.09,-21.12,1
e,2022-11-01 17:21:40.826167,-0.06,-0.71,0.70,1.10,1.89,2.50,-4.10,45.09,-21.12,1
e,2022-11-01 17:21:40.826330,-0.06,-0.71,0.70,1.28,1.95,2.38,-4.02,44.73,-20.81,1
e,2022-11-01 17:21:40.826482,-0.06,-0.71,0.70,1.04,1.95,2.44,-4.02,44.73,-20.81,1
e,2022-11-01 17:21:40.826637,-0.06,-0.71,0.70,1.04,1.89,2.44,-4.02,44.73,-20.81,1
e,2022-11-01 17:21:40.826794,-0.06,-0.71,0.70,0.98,2.01,2.32,-3.63,44.92,-19.15,1
e,2022-11-01 17:21:40.826946,-0.06,-0.71,0.70,1.16,1.83,2.32,-3.63,44.92,-19.15,1
e,2022-11-01 17:21:40.827101,-0.06,-0.71,0.70,1.34,1.89,2.69,-4.05,44.85,-20.61,1
e,2022-11-01 17:21:40.827251,-0.06,-0.71,0.70,0.98,2.01,2.32,-4.05,44.85,-20.61,1
e,2022-11-01 17:21:40.827401,-0.06,-0.71,0.70,1.16,1.95,2.44,-4.05,44.85,-20.61,1
e,2022-11-01 17:21:40.827554,-0.06,-0.71,0.70,1.04,1.95,2.44,-4.17,44.93,-20.34,1
e,2022-11-01 17:21:40.827704,-0.06,-0.71,0.70,0.92,1.95,2.26,-4.17,44.93,-20.34,1
e,2022-11-01 17:21:40.827861,-0.06,-0.71,0.70,1.10,1.95,2.38,-4.17,44.93,-20.34,1
e,2022-11-01 17:21:40.828013,-0.06,-0.71,0.70,1.04,2.01,2.32,-3.94,44.57,-20.74,1
e,2022-11-01 17:21:40.828168,-0.06,-0.71,0.70,0.85,2.01,2.38,-3.94,44.57,-20.74,1
e,2022-11-01 17:21:40.828320,-0.06,-0.71,0.70,1.16,1.95,2.56,-3.94,44.57,-20.74,1
e,2022-11-01 17:21:40.828471,-0.06,-0.71,0.70,0.92,1.83,2.32,-4.52,44.65,-20.85,1
e,2022-11-01 17:21:40.828626,-0.06,-0.71,0.70,1.22,2.01,2.50,-4.52,44.65,-20.85,1
e,2022-11-01 17:21:40.828776,-0.06,-0.71,0.70,1.16,1.83,2.50,-4.13,44.91,-20.14,1
e,2022-11-01 17:21:40.828932,-0.06,-0.71,0.70,1.10,1.89,2.38,-4.13,44.91,-20.14,1
e,2022-11-01 17:21:40.829082,-0.06,-0.71,0.70,1.28,1.83,2.44,-4.13,44.91,-20.14,1
e,2022-11-01 17:21:40.829234,-0.06,-0.71,0.70,1.10,1.89,2.44,-4.00,43.90,-20.67,1
e,2022-11-01 17:21:40.829389,-0.06,-0.71,0.70,0.98,1.89,2.32,-4.00,43.90,-20.67,1
e,2022-11-01 17:21:40.829540,-0.06,-0.71,0.70,0.98,2.01,2.26,-4.00,43.90,-20.67,1
e,2022-11-01 17:21:40.829697,-0.06,-0.71,0.70,0.85,1.83,2.26,-4.24,44.84,-19.29,1
e,2022-11-01 17:21:40.829848,-0.06,-0.71,0.70,0.98,1.77,2.32,-4.24,44.84,-19.29,1
e,2022-11-01 17:21:40.829998,-0.06,-0.71,0.70,0.98,1.89,2.32,-4.24,44.84,-19.29,1
e,2022-11-01 17:21:40.830151,-0.06,-0.71,0.70,1.04,1.77,2.26,-4.08,44.82,-20.03,1
e,2022-11-01 17:21:40.830301,-0.06,-0.71,0.70,1.22,1.83,2.26,-4.08,44.82,-20.03,1
e,2022-11-01 17:21:40.830456,-0.06,-0.71,0.70,1.04,1.95,2.44,-3.89,44.19,-20.31,1
e,2022-11-01 17:21:40.830608,-0.06,-0.71,0.70,0.98,2.01,2.38,-3.89,44.19,-20.31,1
e,2022-11-01 17:21:40.830762,-0.06,-0.71,0.70,1.34,1.83,2.44,-3.89,44.19,-20.31,1
e,2022-11-01 17:21:40.830915,-0.06,-0.71,0.70,1.10,2.20,2.38,-4.75,44.87,-22.09,1
e,2022-11-01 17:21:40.831065,-0.06,-0.71,0.70,1.04,1.83,2.44,-4.75,44.87,-22.09,1
e,2022-11-01 17:21:40.831222,-0.06,-0.71,0.70,1.10,1.89,2.56,-4.75,44.87,-22.09,1
e,2022-11-01 17:21:40.831372,-0.06,-0.71,0.70,1.22,1.71,2.38,-4.26,44.87,-21.06,1
e,2022-11-01 17:21:40.831528,-0.06,-0.71,0.70,1.10,2.01,2.32,-4.26,44.87,-21.06,1
e,2022-11-01 17:21:40.831678,-0.06,-0.71,0.70,1.22,2.08,2.44,-4.26,44.87,-21.06,1
e,2022-11-01 17:21:40.831829,-0.06,-0.71,0.70,1.04,1.71,2.32,-3.98,44.82,-20.46,1
e,2022-11-01 17:21:40.831986,-0.06,-0.71,0.70,1.28,1.77,2.62,-3.98,44.82,-20.46,1
e,2022-11-01 17:21:40.832135,-0.06,-0.71,0.70,0.98,1.83,2.50,-3.86,44.65,-20.56,1
e,2022-11-01 17:21:40.832292,-0.06,-0.71,0.70,1.16,2.01,2.20,-3.86,44.65,-20.56,1
e,2022-11-01 17:21:40.832442,-0.06,-0.71,0.70,0.92,1.95,2.38,-3.86,44.65,-20.56,1
e,2022-11-01 17:21:40.832593,-0.06,-0.71,0.70,1.22,1.95,2.38,-3.89,44.42,-21.26,1
e,2022-11-01 17:21:40.832751,-0.06,-0.71,0.70,1.04,1.83,2.38,-3.89,44.42,-21.26,1
e,2022-11-01 17:21:40.832902,-0.06,-0.71,0.70,1.16,1.89,2.38,-3.89,44.42,-21.26,1
e,2022-11-01 17:21:40.833057,-0.06,-0.71,0.70,0.92,1.89,2.38,-4.32,44.38,-21.85,1
e,2022-11-01 17:21:40.833208,-0.06,-0.71,0.70,1.04,1.95,2.32,-4.32,44.38,-21.85,1
e,2022-11-01 17:21:40.833358,-0.06,-0.71,0.70,0.85,1.95,2.38,-4.32,44.38,-21.85,1
e,2022-11-01 17:21:40.833510,-0.06,-0.71,0.70,0.98,1.83,2.26,-4.38,44.56,-19.51,1
e,2022-11-01 17:21:40.833658,-0.06,-0.71,0.70,1.10,2.01,2.50,-4.38,44.56,-19.51,1
e,2022-11-01 17:21:40.833810,-0.06,-0.71,0.70,1.16,2.14,2.38,-3.88,44.63,-20.37,1
e,2022-11-01 17:21:40.833959,-0.06,-0.71,0.70,0.85,1.95,2.38,-3.88,44.63,-20.37,1
e,2022-11-01 17:21:40.834113,-0.06,-0.71,0.70,1.34,1.95,2.50,-3.88,44.63,-20.37,1
e,2022-11-01 17:21:40.834263,-0.06,-0.71,0.70,1.10,2.01,2.62,-4.22,44.49,-20.73,1
e,2022-11-01 17:21:40.834414,-0.06,-0.71,0.70,0.98,2.08,2.32,-4.22,44.49,-20.73,1
e,2022-11-01 17:21:40.834571,-0.06,-0.71,0.70,1.28,2.14,2.44,-4.22,44.49,-20.73,1
e,2022-11-01 17:21:40.834720,-0.06,-0.71,0.70,1.22,1.89,2.38,-4.74,44.41,-20.25,1
e,2022-11-01 17:21:40.834881,-0.06,-0.71,0.70,1.22,1.89,2.44,-4.74,44.41,-20.25,1
e,2022-11-01 17:21:40.835032,-0.06,-0.71,0.70,0.79,2.08,2.38,-4.74,44.41,-20.25,1
e,2022-11-01 17:21:40.835183,-0.06,-0.71,0.70,0.98,1.89,2.32,-4.46,44.97,-19.74,1
e,2022-11-01 17:21:40.835338,-0.06,-0.71,0.70,1.04,2.01,2.38,-4.46,44.97,-19.74,1
e,2022-11-01 17:21:40.835488,-0.06,-0.71,0.70,1.04,2.08,2.44,-4.13,44.91,-20.03,1
e,2022-11-01 17:21:40.835645,-0.06,-0.71,0.70,0.92,1.83,2.20,-4.13,44.91,-20.03,1
e,2022-11-01 17:21:40.835796,-0.06,-0.71,0.70,1.10,2.01,2.44,-4.13,44.91,-20.03,1
e,2022-11-01 17:21:40.835958,-0.06,-0.71,0.70,0.98,1.95,2.50,-3.99,45.19,-21.07,1
e,2022-11-01 17:21:40.836108,-0.06,-0.71,0.70,1.16,2.08,2.44,-3.99,45.19,-21.07,1
e,2022-11-01 17:21:40.836259,-0.06,-0.71,0.70,1.16,1.89,2.44,-3.99,45.19,-21.07,1
e,2022-11-01 17:21:40.836412,-0.06,-0.71,0.70,0.98,1.89,2.56,-4.02,45.08,-19.95,1
e,2022-11-01 17:21:40.836563,-0.06,-0.71,0.70,0.92,2.01,2.50,-4.02,45.08,-19.95,1
e,2022-11-01 17:21:40.836718,-0.06,-0.71,0.70,0.98,1.89,2.38,-4.02,45.08,-19.95,1
e,2022-11-01 17:21:40.836867,-0.06,-0.71,0.70,0.98,1.89,2.32,-3.83,44.58,-20.94,1
e,2022-11-01 17:21:40.837017,-0.06,-0.71,0.70,0.98,2.01,2.38,-3.83,44.58,-20.94,1
e,2022-11-01 17:21:40.837173,-0.06,-0.71,0.70,0.98,2.01,2.50,-3.72,44.62,-19.10,1
e,2022-11-01 17:21:40.837324,-0.06,-0.71,0.70,1.10,1.77,2.32,-3.72,44.62,-19.10,1
e,2022-11-01 17:21:40.837479,-0.06,-0.71,0.70,1.10,1.89,2.44,-3.72,44.62,-19.10,1
e,2022-11-01 17:21:40.837628,-0.06,-0.71,0.70,1.22,1.95,2.44,-3.89,44.48,-21.52,1
e,2022-11-01 17:21:40.837778,-0.06,-0.71,0.70,1.04,1.95,2.38,-3.89,44.48,-21.52,1
e,2022-11-01 17:21:40.837934,-0.06,-0.71,0.70,1.16,1.89,2.50,-3.89,44.48,-21.52,1
e,2022-11-01 17:21:40.838083,-0.06,-0.71,0.70,1.16,2.01,2.38,-3.99,44.31,-19.84,1
e,2022-11-01 17:21:40.838239,-0.06,-0.71,0.70,0.98,2.01,2.62,-3.99,44.31,-19.84,1
e,2022-11-01 17:21:40.838389,-0.06,-0.71,0.70,1.04,1.89,2.44,-3.99,44.31,-19.84,1
e,2022-11-01 17:21:40.838543,-0.06,-0.71,0.70,1.10,1.71,2.38,-4.03,44.32,-20.25,1
e,2022-11-01 17:21:40.838693,-0.06,-0.71,0.70,0.98,1.95,2.26,-4.03,44.32,-20.25,1
e,2022-11-01 17:21:40.838846,-0.06,-0.71,0.70,1.28,1.71,2.38,-3.31,44.35,-20.40,1
e,2022-11-01 17:21:40.839029,-0.06,-0.71,0.70,1.10,1.89,2.44,-3.31,44.35,-20.40,1
e,2022-11-01 17:21:40.839181,-0.06,-0.71,0.70,1.28,1.95,2.50,-3.31,44.35,-20.40,1
e,2022-11-01 17:21:40.839342,-0.06,-0.71,0.71,1.10,2.01,2.50,-3.52,44.47,-20.21,1
e,2022-11-01 17:21:40.839496,-0.06,-0.71,0.70,1.22,1.95,2.38,-3.52,44.47,-20.21,1
e,2022-11-01 17:21:40.839647,-0.06,-0.71,0.70,0.85,1.89,2.26,-3.52,44.47,-20.21,1
e,2022-11-01 17:21:40.839803,-0.06,-0.71,0.70,1.04,1.89,2.44,-3.78,44.40,-19.62,1
e,2022-11-01 17:21:40.839953,-0.06,-0.71,0.70,1.28,2.08,2.50,-3.78,44.40,-19.62,1
e,2022-11-01 17:21:40.840109,-0.06,-0.71,0.70,1.16,1.95,2.44,-3.78,44.40,-19.62,1
e,2022-11-01 17:21:40.840261,-0.06,-0.71,0.70,0.79,1.95,2.32,-3.88,44.87,-19.46,1
e,2022-11-01 17:21:40.840411,-0.06,-0.71,0.70,1.28,1.95,2.38,-3.88,44.87,-19.46,1
e,2022-11-01 17:21:40.840569,-0.06,-0.71,0.70,1.04,2.01,2.50,-3.98,44.75,-21.31,1
e,2022-11-01 17:21:40.840721,-0.06,-0.71,0.70,1.16,1.83,2.38,-3.98,44.75,-21.31,1
e,2022-11-01 17:21:40.840883,-0.06,-0.71,0.70,1.22,1.89,2.38,-3.98,44.75,-21.31,1
e,2022-11-01 17:21:40.841035,-0.06,-0.71,0.71,1.04,1.95,2.44,-3.72,44.27,-20.50,1
e,2022-11-01 17:21:40.841188,-0.06,-0.71,0.70,1.04,2.08,2.26,-3.72,44.27,-20.50,1
e,2022-11-01 17:21:40.841347,-0.06,-0.71,0.70,1.34,1.95,2.69,-3.72,44.27,-20.50,1
e,2022-11-01 17:21:40.841499,-0.06,-0.71,0.70,1.10,1.83,2.38,-3.83,44.87,-20.41,1
e,2022-11-01 17:21:40.841669,-0.06,-0.71,0.70,1.04,1.95,2.56,-3.83,44.87,-20.41,1
e,2022-11-01 17:21:40.841821,-0.06,-0.71,0.70,1.04,1.95,2.32,-3.83,44.87,-20.41,1
e,2022-11-01 17:21:40.841983,-0.06,-0.71,0.70,0.98,1.89,2.38,-4.31,44.70,-20.34,1
e,2022-11-01 17:21:40.842136,-0.06,-0.71,0.70,1.28,1.89,2.44,-4.31,44.70,-20.34,1
e,2022-11-01 17:21:40.842289,-0.06,-0.71,0.70,1.22,1.89,2.26,-4.02,44.51,-18.51,1
e,2022-11-01 17:21:40.842450,-0.06,-0.71,0.70,1.10,1.95,2.44,-4.02,44.51,-18.51,1
e,2022-11-01 17:21:40.842605,-0.06,-0.71,0.70,1.16,2.01,2.50,-4.02,44.51,-18.51,1
e,2022-11-01 17:21:40.842767,-0.06,-0.71,0.70,1.04,2.08,2.44,-4.03,44.53,-20.70,1
e,2022-11-01 17:21:40.842922,-0.06,-0.71,0.70,1.10,1.83,2.50,-4.03,44.53,-20.70,1
e,2022-11-01 17:21:40.843075,-0.06,-0.71,0.70,1.16,1.95,2.44,-4.03,44.53,-20.70,1
e,2022-11-01 17:21:40.843253,-0.06,-0.71,0.70,1.22,1.77,2.44,-3.96,44.41,-20.40,1
e,2022-11-01 17:21:40.843405,-0.06,-0.71,0.70,1.10,2.08,2.56,-3.96,44.41,-20.40,1
e,2022-11-01 17:21:40.843568,-0.06,-0.71,0.70,1.22,2.08,2.32,-3.96,44.41,-20.40,1
e,2022-11-01 17:21:40.843723,-0.06,-0.71,0.70,1.16,2.01,2.32,-4.14,44.68,-20.14,1
e,2022-11-01 17:21:40.843875,-0.06,-0.71,0.70,1.16,2.01,2.56,-4.14,44.68,-20.14,1
e,2022-11-01 17:21:40.844041,-0.06,-0.71,0.70,1.28,1.89,2.50,-3.97,44.81,-20.24,1
e,2022-11-01 17:21:40.844194,-0.06,-0.71,0.70,0.73,2.26,2.38,-3.97,44.81,-20.24,1
e,2022-11-01 17:21:40.844352,-0.06,-0.71,0.70,1.22,1.95,2.44,-3.97,44.81,-20.24,1
e,2022-11-01 17:21:40.844504,-0.06,-0.71,0.70,1.04,2.08,2.44,-3.98,44.74,-20.21,1
e,2022-11-01 17:21:40.844665,-0.06,-0.71,0.70,1.10,1.95,2.44,-3.98,44.74,-20.21,1
e,2022-11-01 17:21:40.844817,-0.06,-0.71,0.70,1.10,2.14,2.44,-3.98,44.74,-20.21,1
e,2022-11-01 17:21:40.844970,-0.06,-0.71,0.70,1.16,1.95,2.38,-4.00,44.81,-20.25,1
e,2022-11-01 17:21:40.845128,-0.06,-0.71,0.70,1.22,1.89,2.44,-4.00,44.81,-20.25,1
e,2022-11-01 17:21:40.845281,-0.06,-0.71,0.70,1.16,2.01,2.62,-4.00,44.81,-20.25,1
e,2022-11-01 17:21:40.845440,-0.06,-0.71,0.70,0.85,1.95,2.26,-3.74,44.48,-19.64,1
e,2022-11-01 17:21:40.845592,-0.06,-0.71,0.70,1.28,1.89,2.44,-3.74,44.48,-19.64,1
e,2022-11-01 17:21:40.845743,-0.06,-0.71,0.70,0.98,2.01,2.50,-3.88,45.09,-20.02,1
e,2022-11-01 17:21:40.845901,-0.06,-0.71,0.70,1.10,1.89,2.32,-3.88,45.09,-20.02,1
e,2022-11-01 17:21:40.846052,-0.06,-0.71,0.70,1.04,1.95,2.38,-3.88,45.09,-20.02,1
e,2022-11-01 17:21:40.846209,-0.06,-0.71,0.70,0.85,2.01,2.44,-4.59,45.14,-20.80,1
e,2022-11-01 17:21:40.846359,-0.06,-0.71,0.70,1.10,1.89,2.38,-4.59,45.14,-20.80,1
e,2022-11-01 17:21:40.846508,-0.06,-0.71,0.70,1.10,2.01,2.38,-4.59,45.14,-20.80,1
e,2022-11-01 17:21:40.846665,-0.06,-0.71,0.70,1.10,1.71,2.32,-3.99,44.97,-19.56,1
e,2022-11-01 17:21:40.846816,-0.06,-0.71,0.70,1.22,1.83,2.50,-3.99,44.97,-19.56,1
e,2022-11-01 17:21:40.846972,-0.06,-0.71,0.70,1.34,1.71,2.50,-3.99,44.97,-19.56,1
e,2022-11-01 17:21:40.847124,-0.06,-0.71,0.70,0.98,1.89,2.32,-4.17,45.12,-20.83,1
e,2022-11-01 17:21:40.847283,-0.06,-0.71,0.70,1.10,1.83,2.26,-4.17,45.12,-20.83,1
e,2022-11-01 17:21:40.847436,-0.06,-0.71,0.70,1.16,1.89,2.38,-4.08,44.38,-20.52,1
e,2022-11-01 17:21:40.847587,-0.06,-0.71,0.70,0.92,1.83,2.26,-4.08,44.38,-20.52,1
e,2022-11-01 17:21:40.847741,-0.06,-0.71,0.70,1.04,1.95,2.62,-4.08,44.38,-20.52,1
e,2022-11-01 17:21:40.847892,-0.06,-0.71,0.70,1.10,1.83,2.44,-4.55,44.79,-20.12,1
e,2022-11-01 17:21:40.848048,-0.06,-0.71,0.70,1.34,2.01,2.38,-4.55,44.79,-20.12,1
e,2022-11-01 17:21:40.848200,-0.06,-0.71,0.70,1.04,2.14,2.62,-4.55,44.79,-20.12,1
e,2022-11-01 17:21:40.848349,-0.06,-0.71,0.70,1.16,1.95,2.44,-3.99,45.21,-18.96,1
e,2022-11-01 17:21:40.848506,-0.06,-0.71,0.70,1.16,1.89,2.50,-3.99,45.21,-18.96,1
e,2022-11-01 17:21:40.848656,-0.06,-0.71,0.70,1.16,1.83,2.44,-3.99,45.21,-18.96,1
e,2022-11-01 17:21:40.848811,-0.06,-0.71,0.70,0.98,1.83,2.38,-3.88,45.04,-20.13,1
e,2022-11-01 17:21:40.848961,-0.06,-0.71,0.70,1.22,2.08,2.38,-3.88,45.04,-20.13,1
e,2022-11-01 17:21:40.849114,-0.06,-0.71,0.70,1.04,1.95,2.26,-4.25,45.45,-19.86,1
e,2022-11-01 17:21:40.849269,-0.06,-0.71,0.70,1.04,2.01,2.50,-4.25,45.45,-19.86,1
e,2022-11-01 17:21:40.849420,-0.06,-0.71,0.70,1.40,1.89,2.56,-4.25,45.45,-19.86,1
e,2022-11-01 17:21:40.849577,-0.06,-0.71,0.70,1.28,1.89,2.50,-3.55,45.23,-19.62,1
e,2022-11-01 17:21:40.849726,-0.06,-0.71,0.70,1.22,2.14,2.56,-3.55,45.23,-19.62,1
e,2022-11-01 17:21:40.849879,-0.06,-0.71,0.70,1.16,2.01,2.44,-3.55,45.23,-19.62,1
e,2022-11-01 17:21:40.850030,-0.06,-0.71,0.70,1.22,1.95,2.62,-3.55,45.04,-19.31,1
e,2022-11-01 17:21:40.850182,-0.06,-0.71,0.70,1.34,2.01,2.50,-3.55,45.04,-19.31,1
e,2022-11-01 17:21:40.850340,-0.06,-0.71,0.70,1.10,2.01,2.50,-3.55,45.04,-19.31,1
e,2022-11-01 17:21:40.850493,-0.06,-0.71,0.70,1.22,1.77,2.38,-4.24,45.09,-20.02,1
e,2022-11-01 17:21:40.850650,-0.06,-0.71,0.70,1.22,1.77,2.56,-4.24,45.09,-20.02,1
e,2022-11-01 17:21:40.850801,-0.06,-0.71,0.70,1.10,2.08,2.44,-3.75,45.21,-18.65,1
e,2022-11-01 17:21:40.850951,-0.06,-0.71,0.70,1.34,1.77,2.38,-3.75,45.21,-18.65,1
e,2022-11-01 17:21:40.851108,-0.06,-0.71,0.70,1.28,1.95,2.50,-3.75,45.21,-18.65,1
e,2022-11-01 17:21:40.851258,-0.06,-0.71,0.70,1.22,1.95,2.56,-4.17,44.46,-20.83,1
e,2022-11-01 17:21:40.851415,-0.06,-0.71,0.70,1.22,1.83,2.44,-4.17,44.46,-20.83,1
e,2022-11-01 17:21:40.851568,-0.06,-0.71,0.70,1.28,1.95,2.38,-4.17,44.46,-20.83,1
e,2022-11-01 17:21:40.851718,-0.06,-0.71,0.70,1.16,1.77,2.38,-4.44,45.13,-21.06,1
e,2022-11-01 17:21:40.851875,-0.06,-0.71,0.70,1.22,1.95,2.44,-4.44,45.13,-21.06,1
e,2022-11-01 17:21:40.852026,-0.06,-0.71,0.70,1.28,1.83,2.56,-4.44,45.13,-21.06,1
e,2022-11-01 17:21:40.852181,-0.06,-0.71,0.70,1.16,1.83,2.32,-4.10,44.49,-19.03,1
e,2022-11-01 17:21:40.852331,-0.06,-0.71,0.70,1.28,1.83,2.56,-4.10,44.49,-19.03,1
e,2022-11-01 17:21:40.852481,-0.06,-0.71,0.70,1.10,1.89,2.44,-4.79,44.64,-20.25,1
e,2022-11-01 17:21:40.852637,-0.06,-0.71,0.70,1.22,2.01,2.32,-4.79,44.64,-20.25,1
e,2022-11-01 17:21:40.852788,-0.06,-0.71,0.70,1.34,1.89,2.44,-4.79,44.64,-20.25,1
e,2022-11-01 17:21:40.852945,-0.06,-0.71,0.71,1.16,1.95,2.44,-4.37,44.46,-19.79,1
e,2022-11-01 17:21:40.853096,-0.06,-0.71,0.70,1.04,1.89,2.44,-4.37,44.46,-19.79,1
e,2022-11-01 17:21:40.853250,-0.06,-0.71,0.70,1.10,1.83,2.50,-4.37,44.46,-19.79,1
e,2022-11-01 17:21:40.853400,-0.06,-0.71,0.70,0.98,1.83,2.38,-3.74,45.18,-20.15,1
e,2022-11-01 17:21:40.853550,-0.06,-0.71,0.70,1.34,1.95,2.38,-3.74,45.18,-20.15,1
e,2022-11-01 17:21:40.853705,-0.06,-0.71,0.70,1.34,1.89,2.56,-3.74,45.18,-20.15,1
e,2022-11-01 17:21:40.853854,-0.06,-0.71,0.70,1.10,1.77,2.20,-3.81,45.21,-19.60,1
e,2022-11-01 17:21:40.854014,-0.06,-0.71,0.70,1.22,1.89,2.62,-3.81,45.21,-19.60,1
e,2022-11-01 17:21:40.854175,-0.06,-0.71,0.70,1.16,1.95,2.62,-4.31,44.93,-19.41,1
e,2022-11-01 17:21:40.854328,-0.06,-0.71,0.70,1.10,1.89,2.44,-4.31,44.93,-19.41,1
e,2022-11-01 17:21:40.854483,-0.06,-0.71,0.70,1.28,1.95,2.44,-4.31,44.93,-19.41,1
e,2022-11-01 17:21:40.854633,-0.06,-0.71,0.70,1.34,1.89,2.62,-3.74,45.17,-20.59,1
e,2022-11-01 17:21:40.854789,-0.06,-0.71,0.70,1.16,2.14,2.62,-3.74,45.17,-20.59,1
e,2022-11-01 17:21:40.854938,-0.06,-0.71,0.70,1.34,1.89,2.44,-3.74,45.17,-20.59,1
e,2022-11-01 17:21:40.855089,-0.06,-0.71,0.70,1.10,1.77,2.44,-3.93,45.13,-20.72,1
e,2022-11-01 17:21:40.855247,-0.06,-0.71,0.70,1.16,2.01,2.50,-3.93,45.13,-20.72,1
e,2022-11-01 17:21:40.855398,-0.06,-0.71,0.70,1.04,1.89,2.44,-3.93,45.13,-20.72,1
e,2022-11-01 17:21:40.855558,-0.06,-0.71,0.70,1.22,1.89,2.62,-3.75,45.74,-19.56,1
e,2022-11-01 17:21:40.855712,-0.06,-0.71,0.70,1.04,1.83,2.38,-3.75,45.74,-19.56,1
e,2022-11-01 17:21:40.855870,-0.06,-0.71,0.70,1.28,1.83,2.44,-3.83,45.18,-19.40,1
e,2022-11-01 17:21:40.856026,-0.06,-0.71,0.70,1.22,1.83,2.44,-3.83,45.18,-19.40,1
e,2022-11-01 17:21:40.856177,-0.06,-0.71,0.70,1.04,2.08,2.44,-3.83,45.18,-19.40,1
e,2022-11-01 17:21:40.856335,-0.06,-0.71,0.70,0.98,2.01,2.38,-4.11,45.25,-20.00,1
e,2022-11-01 17:21:40.856487,-0.06,-0.71,0.70,1.28,1.83,2.44,-4.11,45.25,-20.00,1
e,2022-11-01 17:21:40.856647,-0.06,-0.71,0.70,1.16,2.14,2.44,-4.11,45.25,-20.00,1
e,2022-11-01 17:21:40.856797,-0.06,-0.71,0.70,1.16,1.83,2.38,-4.32,44.52,-20.50,1
e,2022-11-01 17:21:40.856948,-0.06,-0.71,0.70,1.34,1.89,2.38,-4.32,44.52,-20.50,1
e,2022-11-01 17:21:40.857102,-0.06,-0.71,0.70,1.40,1.95,2.50,-4.32,44.52,-20.50,1
e,2022-11-01 17:21:40.857254,-0.06,-0.71,0.70,1.28,1.89,2.38,-4.42,44.78,-19.69,1
e,2022-11-01 17:21:40.857411,-0.06,-0.71,0.70,1.22,1.83,2.50,-4.42,44.78,-19.69,1
e,2022-11-01 17:21:40.857561,-0.06,-0.71,0.70,1.22,1.89,2.38,-4.19,45.02,-20.95,1
e,2022-11-01 17:21:40.857713,-0.06,-0.71,0.70,1.10,1.89,2.14,-4.19,45.02,-20.95,1
e,2022-11-01 17:21:40.857869,-0.06,-0.71,0.70,1.22,1.89,2.62,-4.19,45.02,-20.95,1
e,2022-11-01 17:21:40.858023,-0.06,-0.71,0.70,1.10,1.83,2.32,-4.57,45.12,-19.37,1
e,2022-11-01 17:21:40.858183,-0.06,-0.71,0.70,1.10,1.95,2.32,-4.57,45.12,-19.37,1
e,2022-11-01 17:21:40.858335,-0.06,-0.71,0.70,0.98,2.01,2.44,-4.57,45.12,-19.37,1
e,2022-11-01 17:21:40.858486,-0.06,-0.71,0.70,1.16,1.95,2.44,-4.11,44.87,-20.37,1
e,2022-11-01 17:21:40.858641,-0.06,-0.71,0.70,1.10,1.89,2.44,-4.11,44.87,-20.37,1
e,2022-11-01 17:21:40.858795,-0.06,-0.71,0.70,1.04,1.77,2.26,-4.11,44.87,-20.37,1
e,2022-11-01 17:21:40.859022,-0.06,-0.71,0.70,0.98,1.89,2.38,-4.52,44.95,-20.62,1
e,2022-11-01 17:21:40.859176,-0.06,-0.71,0.70,1.10,1.89,2.50,-4.52,44.95,-20.62,1
e,2022-11-01 17:21:40.859405,-0.06,-0.71,0.70,1.16,1.89,2.44,-4.37,44.98,-21.44,1
e,2022-11-01 17:21:40.859557,-0.06,-0.71,0.70,1.04,1.89,2.38,-4.37,44.98,-21.44,1
e,2022-11-01 17:21:40.859710,-0.06,-0.71,0.70,1.16,1.89,2.44,-4.37,44.98,-21.44,1
e,2022-11-01 17:21:40.859867,-0.06,-0.71,0.70,1.22,1.83,2.50,-4.17,44.60,-20.52,1
e,2022-11-01 17:21:40.860021,-0.06,-0.71,0.70,1.10,1.89,2.50,-4.17,44.60,-20.52,1
e,2022-11-01 17:21:40.860180,-0.06,-0.71,0.70,0.92,2.08,2.50,-4.17,44.60,-20.52,1
e,2022-11-01 17:21:40.860333,-0.06,-0.71,0.70,0.98,2.08,2.32,-4.04,44.79,-20.46,1
e,2022-11-01 17:21:40.860484,-0.06,-0.71,0.70,1.22,1.95,2.50,-4.04,44.79,-20.46,1
e,2022-11-01 17:21:40.860678,-0.06,-0.71,0.70,1.22,1.95,2.50,-4.04,44.79,-20.46,1
e,2022-11-01 17:21:40.860833,-0.06,-0.71,0.70,1.04,1.77,2.44,-3.91,44.85,-19.92,1
e,2022-11-01 17:21:40.860993,-0.06,-0.71,0.70,1.34,1.83,2.50,-3.91,44.85,-19.92,1
e,2022-11-01 17:21:40.861147,-0.06,-0.71,0.70,1.28,1.83,2.32,-4.28,45.42,-19.46,1
e,2022-11-01 17:21:40.861300,-0.06,-0.71,0.70,1.40,1.83,2.56,-4.28,45.42,-19.46,1
e,2022-11-01 17:21:40.861458,-0.06,-0.71,0.70,1.04,2.14,2.56,-4.28,45.42,-19.46,1
e,2022-11-01 17:21:40.861610,-0.06,-0.71,0.70,1.22,1.95,2.32,-3.77,45.12,-20.24,1
e,2022-11-01 17:21:40.861778,-0.06,-0.71,0.70,1.16,2.01,2.38,-3.77,45.12,-20.24,1
e,2022-11-01 17:21:40.861930,-0.06,-0.71,0.70,1.10,1.89,2.50,-3.77,45.12,-20.24,1
e,2022-11-01 17:21:40.862105,-0.06,-0.71,0.70,1.22,1.77,2.32,-4.06,45.24,-19.51,1
e,2022-11-01 17:21:40.862258,-0.06,-0.71,0.70,1.22,1.95,2.44,-4.06,45.24,-19.51,1
e,2022-11-01 17:21:40.862410,-0.06,-0.71,0.70,1.16,1.89,2.50,-4.06,45.24,-19.51,1
e,2022-11-01 17:21:40.862592,-0.06,-0.71,0.70,1.04,1.77,2.26,-4.13,44.64,-19.52,1
e,2022-11-01 17:21:40.862744,-0.06,-0.71,0.70,1.10,1.83,2.38,-4.13,44.64,-19.52,1
e,2022-11-01 17:21:40.862909,-0.06,-0.71,0.70,1.28,2.01,2.38,-3.65,44.85,-19.84,1
e,2022-11-01 17:21:40.863061,-0.06,-0.71,0.70,1.34,1.89,2.44,-3.65,44.85,-19.84,1
e,2022-11-01 17:21:40.863214,-0.06,-0.71,0.70,1.22,1.95,2.50,-3.65,44.85,-19.84,1
e,2022-11-01 17:21:40.863371,-0.06,-0.71,0.70,1.22,1.83,2.38,-4.05,45.25,-20.91,1
e,2022-11-01 17:21:40.863522,-0.06,-0.71,0.70,1.28,1.83,2.44,-4.05,45.25,-20.91,1
e,2022-11-01 17:21:40.863677,-0.06,-0.71,0.70,1.22,2.01,2.32,-4.05,45.25,-20.91,1
e,2022-11-01 17:21:40.863831,-0.06,-0.71,0.70,1.10,1.83,2.38,-3.87,45.23,-19.86,1
e,2022-11-01 17:21:40.863981,-0.06,-0.71,0.70,1.22,2.01,2.56,-3.87,45.23,-19.86,1
e,2022-11-01 17:21:40.864137,-0.06,-0.71,0.70,1.16,2.01,2.56,-3.87,45.23,-19.86,1
e,2022-11-01 17:21:40.864289,-0.06,-0.71,0.70,1.28,1.71,2.26,-4.10,45.03,-20.24,1
e,2022-11-01 17:21:40.864444,-0.06,-0.71,0.70,1.16,1.95,2.44,-4.10,45.03,-20.24,1
e,2022-11-01 17:21:40.864594,-0.06,-0.71,0.70,1.16,1.89,2.50,-4.11,44.75,-20.32,1
e,2022-11-01 17:21:40.864749,-0.06,-0.71,0.70,1.16,2.01,2.32,-4.11,44.75,-20.32,1
e,2022-11-01 17:21:40.864897,-0.06,-0.71,0.70,1.22,1.83,2.38,-4.11,44.75,-20.32,1
e,2022-11-01 17:21:40.865047,-0.06,-0.71,0.70,0.98,1.95,2.44,-4.25,44.90,-20.54,1
e,2022-11-01 17:21:40.865204,-0.06,-0.71,0.70,1.22,1.77,2.44,-4.25,44.90,-20.54,1
e,2022-11-01 17:21:40.865354,-0.06,-0.71,0.70,1.34,1.83,2.38,-4.25,44.90,-20.54,1
e,2022-11-01 17:21:40.865508,-0.06,-0.71,0.70,1.04,1.83,2.50,-4.08,45.13,-19.54,1
e,2022-11-01 17:21:40.865657,-0.06,-0.71,0.70,1.34,1.83,2.26,-4.08,45.13,-19.54,1
e,2022-11-01 17:21:40.865809,-0.06,-0.71,0.70,1.10,2.01,2.44,-4.08,45.13,-19.54,1
e,2022-11-01 17:21:40.865967,-0.06,-0.71,0.70,1.10,1.95,2.20,-3.94,45.03,-19.58,1
e,2022-11-01 17:21:40.866118,-0.06,-0.71,0.70,0.92,2.08,2.50,-3.94,45.03,-19.58,1
e,2022-11-01 17:21:40.866274,-0.06,-0.71,0.70,1.16,1.89,2.32,-4.16,44.84,-20.47,1
e,2022-11-01 17:21:40.866425,-0.06,-0.71,0.70,0.92,1.89,2.32,-4.16,44.84,-20.47,1
e,2022-11-01 17:21:40.866575,-0.06,-0.71,0.70,1.04,1.89,2.26,-4.16,44.84,-20.47,1
e,2022-11-01 17:21:40.866731,-0.06,-0.71,0.70,1.16,1.89,2.50,-4.03,44.81,-19.53,1
e,2022-11-01 17:21:40.866880,-0.06,-0.71,0.70,1.28,1.95,2.50,-4.03,44.81,-19.53,1
e,2022-11-01 17:21:40.867037,-0.06,-0.71,0.70,1.16,1.95,2.56,-4.03,44.81,-19.53,1
e,2022-11-01 17:21:40.867187,-0.06,-0.71,0.70,0.92,1.83,2.32,-4.15,44.70,-20.85,1
e,2022-11-01 17:21:40.867342,-0.06,-0.71,0.70,1.16,2.01,2.38,-4.15,44.70,-20.85,1
e,2022-11-01 17:21:40.867497,-0.06,-0.71,0.70,1.28,1.77,2.44,-4.15,44.70,-20.85,1
e,2022-11-01 17:21:40.867645,-0.06,-0.71,0.70,1.04,2.08,2.38,-4.36,44.75,-19.58,1
e,2022-11-01 17:21:40.867799,-0.06,-0.71,0.70,1.10,1.89,2.50,-4.36,44.75,-19.58,1
e,2022-11-01 17:21:40.867949,-0.06,-0.71,0.70,0.92,1.95,2.32,-4.08,44.74,-20.01,1
e,2022-11-01 17:21:40.868104,-0.06,-0.71,0.70,1.10,2.20,2.50,-4.08,44.74,-20.01,1
e,2022-11-01 17:21:40.868255,-0.06,-0.71,0.70,1.10,1.89,2.38,-4.08,44.74,-20.01,1
e,2022-11-01 17:21:40.868404,-0.06,-0.71,0.70,1.10,2.14,2.32,-3.76,45.64,-19.69,1
e,2022-11-01 17:21:40.868559,-0.06,-0.71,0.70,1.28,2.14,2.44,-3.76,45.64,-19.69,1
e,2022-11-01 17:21:40.868707,-0.06,-0.71,0.70,1.28,2.01,2.50,-3.76,45.64,-19.69,1
e,2022-11-01 17:21:40.868860,-0.06,-0.71,0.70,1.10,1.95,2.26,-3.49,44.89,-19.32,1
e,2022-11-01 17:21:40.869009,-0.06,-0.71,0.70,1.10,1.77,2.56,-3.49,44.89,-19.32,1
e,2022-11-01 17:21:40.869164,-0.06,-0.71,0.70,1.22,1.89,2.44,-3.49,44.89,-19.32,1
e,2022-11-01 17:21:40.869316,-0.06,-0.71,0.70,1.34,1.83,2.44,-3.87,44.96,-20.21,1
e,2022-11-01 17:21:40.869466,-0.06,-0.71,0.70,1.22,1.95,2.50,-3.87,44.96,-20.21,1
e,2022-11-01 17:21:40.869632,-0.06,-0.71,0.70,1.10,2.08,2.26,-3.50,45.06,-19.68,1
e,2022-11-01 17:21:40.869784,-0.06,-0.71,0.70,1.10,1.83,2.32,-3.50,45.06,-19.68,1
e,2022-11-01 17:21:40.869940,-0.06,-0.71,0.70,1.34,1.95,2.44,-3.50,45.06,-19.68,1
e,2022-11-01 17:21:40.870090,-0.06,-0.71,0.70,0.98,2.08,2.44,-3.71,44.49,-20.26,1
e,2022-11-01 17:21:40.870242,-0.06,-0.71,0.70,1.10,1.89,2.56,-3.71,44.49,-20.26,1
e,2022-11-01 17:21:40.870399,-0.06,-0.71,0.70,1.10,2.01,2.50,-3.71,44.49,-20.26,1
e,2022-11-01 17:21:40.870550,-0.06,-0.71,0.70,1.16,1.83,2.32,-4.13,45.17,-20.30,1
e,2022-11-01 17:21:40.870705,-0.06,-0.71,0.70,1.22,1.95,2.44,-4.13,45.17,-20.30,1
e,2022-11-01 17:21:40.870855,-0.06,-0.71,0.70,1.28,1.95,2.56,-4.13,45.17,-20.30,1
e,2022-11-01 17:21:40.871006,-0.06,-0.71,0.70,1.22,1.83,2.14,-4.09,44.69,-19.69,1
e,2022-11-01 17:21:40.871161,-0.06,-0.71,0.70,1.16,1.89,2.50,-4.09,44.69,-19.69,1
e,2022-11-01 17:21:40.871310,-0.06,-0.71,0.70,0.98,1.65,2.32,-3.81,44.91,-19.20,1
e,2022-11-01 17:21:40.871467,-0.06,-0.71,0.70,0.85,1.89,2.26,-3.81,44.91,-19.20,1
e,2022-11-01 17:21:40.871617,-0.06,-0.71,0.70,1.10,1.89,2.50,-3.81,44.91,-19.20,1
e,2022-11-01 17:21:40.871775,-0.06,-0.71,0.70,1.22,1.71,2.44,-4.08,45.13,-19.97,1
e,2022-11-01 17:21:40.871926,-0.06,-0.71,0.70,0.98,1.89,2.20,-4.08,45.13,-19.97,1
e,2022-11-01 17:21:40.872077,-0.06,-0.71,0.70,0.98,1.95,2.20,-4.08,45.13,-19.97,1
e,2022-11-01 17:21:40.872236,-0.06,-0.71,0.70,0.98,1.95,2.44,-3.93,45.09,-20.57,1
e,2022-11-01 17:21:40.872388,-0.06,-0.71,0.70,1.10,1.83,2.44,-3.93,45.09,-20.57,1
e,2022-11-01 17:21:40.872549,-0.06,-0.71,0.70,1.40,2.08,2.50,-3.93,45.09,-20.57,1
e,2022-11-01 17:21:40.872703,-0.06,-0.71,0.70,1.10,1.77,2.32,-4.08,44.80,-19.98,1
e,2022-11-01 17:21:40.872857,-0.06,-0.71,0.70,1.22,2.01,2.44,-4.08,44.80,-19.98,1
e,2022-11-01 17:21:40.873013,-0.06,-0.71,0.70,1.16,1.95,2.44,-3.89,44.80,-21.12,1
e,2022-11-01 17:21:40.873165,-0.06,-0.71,0.70,1.22,1.89,2.50,-3.89,44.80,-21.12,1
e,2022-11-01 17:21:40.873321,-0.06,-0.71,0.70,1.10,1.95,2.44,-3.89,44.80,-21.12,1
e,2022-11-01 17:21:40.873470,-0.06,-0.71,0.70,1.04,1.83,2.38,-3.94,44.87,-19.97,1
e,2022-11-01 17:21:40.873621,-0.06,-0.71,0.70,0.98,2.08,2.38,-3.94,44.87,-19.97,1
e,2022-11-01 17:21:40.873777,-0.06,-0.71,0.70,1.28,2.08,2.44,-3.94,44.87,-19.97,1
e,2022-11-01 17:21:40.873928,-0.06,-0.71,0.70,0.98,2.01,2.38,-3.82,45.39,-20.73,1
e,2022-11-01 17:21:40.874084,-0.06,-0.71,0.70,0.98,1.95,2.50,-3.82,45.39,-20.73,1
e,2022-11-01 17:21:40.874236,-0.06,-0.71,0.70,1.10,1.89,2.50,-3.82,45.39,-20.73,1
e,2022-11-01 17:21:40.874386,-0.06,-0.71,0.70,0.98,1.65,2.20,-4.14,44.67,-21.14,1
e,2022-11-01 17:21:40.874540,-0.06,-0.71,0.70,1.22,1.89,2.44,-4.14,44.67,-21.14,1
e,2022-11-01 17:21:40.874691,-0.06,-0.71,0.70,1.22,1.89,2.50,-4.42,45.19,-21.20,1
e,2022-11-01 17:21:40.874846,-0.06,-0.71,0.70,1.22,1.83,2.50,-4.42,45.19,-21.20,1
e,2022-11-01 17:21:40.874996,-0.06,-0.71,0.70,1.16,1.89,2.44,-4.42,45.19,-21.20,1
e,2022-11-01 17:21:40.875151,-0.06,-0.71,0.70,1.34,1.89,2.44,-3.87,44.79,-20.81,1
e,2022-11-01 17:21:40.875301,-0.06,-0.71,0.70,1.10,1.83,2.32,-3.87,44.79,-20.81,1
e,2022-11-01 17:21:40.875450,-0.06,-0.71,0.70,0.92,2.01,2.50,-3.87,44.79,-20.81,1
e,2022-11-01 17:21:40.875607,-0.06,-0.71,0.70,0.79,1.83,2.32,-3.76,45.08,-20.31,1
e,2022-11-01 17:21:40.875759,-0.06,-0.71,0.70,1.10,2.01,2.38,-3.76,45.08,-20.31,1
e,2022-11-01 17:21:40.875916,-0.06,-0.71,0.70,1.22,1.89,2.50,-3.76,45.08,-20.31,1
e,2022-11-01 17:21:40.876072,-0.06,-0.71,0.70,1.10,1.71,2.26,-3.85,44.78,-19.93,1
e,2022-11-01 17:21:40.876225,-0.06,-0.71,0.70,1.22,1.95,2.44,-3.85,44.78,-19.93,1
e,2022-11-01 17:21:40.876383,-0.06,-0.71,0.70,1.22,1.95,2.50,-3.77,44.74,-20.00,1
e,2022-11-01 17:21:40.876534,-0.06,-0.71,0.70,1.10,1.83,2.38,-3.77,44.74,-20.00,1
e,2022-11-01 17:21:40.876691,-0.06,-0.71,0.70,1.34,2.01,2.62,-3.77,44.74,-20.00,1
e,2022-11-01 17:21:40.876841,-0.06,-0.71,0.71,1.16,1.89,2.32,-3.64,44.35,-20.96,1
e,2022-11-01 17:21:40.876991,-0.06,-0.71,0.70,1.22,1.83,2.50,-3.64,44.35,-20.96,1
e,2022-11-01 17:21:40.877148,-0.06,-0.71,0.70,1.34,1.77,2.44,-3.64,44.35,-20.96,1
e,2022-11-01 17:21:40.877299,-0.06,-0.71,0.70,1.28,1.71,2.38,-4.22,44.41,-20.91,1
e,2022-11-01 17:21:40.877459,-0.06,-0.71,0.70,1.10,1.83,2.50,-4.22,44.41,-20.91,1
e,2022-11-01 17:21:40.877613,-0.06,-0.71,0.70,1.10,1.89,2.38,-4.22,44.41,-20.91,1
e,2022-11-01 17:21:40.877768,-0.06,-0.71,0.70,1.16,1.89,2.32,-3.87,44.89,-20.62,1
e,2022-11-01 17:21:40.877923,-0.06,-0.71,0.70,1.10,1.83,2.50,-3.87,44.89,-20.62,1
e,2022-11-01 17:21:40.878076,-0.06,-0.71,0.71,1.04,2.08,2.56,-3.99,44.90,-20.95,1
e,2022-11-01 17:21:40.878235,-0.06,-0.71,0.70,0.92,2.01,2.08,-3.99,44.90,-20.95,1
e,2022-11-01 17:21:40.878388,-0.06,-0.71,0.70,0.92,2.01,2.32,-3.99,44.90,-20.95,1
e,2022-11-01 17:21:40.878551,-0.06,-0.71,0.70,1.28,1.95,2.38,-3.91,44.95,-20.51,1
e,2022-11-01 17:21:40.878705,-0.06,-0.71,0.70,1.16,1.77,2.44,-3.91,44.95,-20.51,1
e,2022-11-01 17:21:40.878856,-0.06,-0.71,0.70,1.22,1.95,2.50,-3.91,44.95,-20.51,1
e,2022-11-01 17:21:40.879026,-0.06,-0.71,0.70,1.04,1.83,2.32,-3.83,44.58,-20.80,1
e,2022-11-01 17:21:40.879176,-0.06,-0.71,0.70,1.04,1.77,2.44,-3.83,44.58,-20.80,1
e,2022-11-01 17:21:40.879341,-0.06,-0.71,0.70,1.10,1.83,2.26,-3.83,44.58,-20.80,1
e,2022-11-01 17:21:40.879491,-0.06,-0.71,0.70,0.98,1.59,2.32,-4.21,44.70,-20.14,1
e,2022-11-01 17:21:40.879642,-0.06,-0.71,0.70,1.28,1.89,2.50,-4.21,44.70,-20.14,1
e,2022-11-01 17:21:40.879799,-0.06,-0.71,0.70,0.98,1.95,2.32,-4.21,45.07,-19.78,1
e,2022-11-01 17:21:40.879950,-0.06,-0.71,0.70,1.10,1.83,2.38,-4.21,45.07,-19.78,1
e,2022-11-01 17:21:40.880106,-0.06,-0.71,0.70,1.16,1.95,2.50,-4.21,45.07,-19.78,1
e,2022-11-01 17:21:40.880258,-0.06,-0.71,0.70,1.04,1.83,2.50,-3.91,44.84,-19.53,1
e,2022-11-01 17:21:40.880428,-0.06,-0.71,0.70,1.28,1.95,2.56,-3.91,44.84,-19.53,1
e,2022-11-01 17:21:40.880580,-0.06,-0.71,0.70,1.16,1.83,2.38,-3.91,44.84,-19.53,1
e,2022-11-01 17:21:40.880731,-0.06,-0.71,0.70,1.10,1.77,2.20,-3.93,44.80,-19.64,1
e,2022-11-01 17:21:40.880886,-0.06,-0.71,0.70,1.34,1.89,2.44,-3.93,44.80,-19.64,1
e,2022-11-01 17:21:40.881038,-0.06,-0.71,0.70,1.28,1.77,2.38,-3.93,44.80,-19.64,1
e,2022-11-01 17:21:40.881196,-0.06,-0.71,0.70,1.34,1.71,2.56,-3.88,44.71,-20.59,1
e,2022-11-01 17:21:40.881348,-0.06,-0.71,0.71,0.92,1.95,2.26,-3.88,44.71,-20.59,1
e,2022-11-01 17:21:40.881501,-0.06,-0.71,0.70,1.10,1.77,2.32,-3.80,44.82,-20.14,1
e,2022-11-01 17:21:40.881657,-0.06,-0.71,0.70,1.04,1.95,2.38,-3.80,44.82,-20.14,1
e,2022-11-01 17:21:40.881808,-0.06,-0.71,0.70,1.28,1.83,2.38,-3.80,44.82,-20.14,1
e,2022-11-01 17:21:40.881966,-0.06,-0.71,0.70,1.22,1.71,2.38,-4.02,44.81,-20.31,1
e,2022-11-01 17:21:40.882118,-0.06,-0.71,0.70,1.40,1.71,2.38,-4.02,44.81,-20.31,1
e,2022-11-01 17:21:40.882269,-0.06,-0.71,0.70,1.22,1.71,2.50,-4.02,44.81,-20.31,1
e,2022-11-01 17:21:40.882426,-0.06,-0.71,0.70,0.98,1.83,2.32,-4.04,44.29,-19.41,1
e,2022-11-01 17:21:40.882578,-0.06,-0.71,0.70,1.28,1.89,2.32,-4.04,44.29,-19.41,1
e,2022-11-01 17:21:40.882737,-0.06,-0.71,0.70,1.28,1.83,2.38,-4.04,44.29,-19.41,1
e,2022-11-01 17:21:40.882885,-0.06,-0.71,0.70,1.10,1.95,2.38,-4.10,44.86,-20.13,1
e,2022-11-01 17:21:40.883041,-0.06,-0.71,0.70,0.92,2.01,2.38,-4.10,44.86,-20.13,1
e,2022-11-01 17:21:40.883193,-0.06,-0.71,0.70,1.22,2.01,2.62,-3.97,44.35,-21.36,1
e,2022-11-01 17:21:40.883343,-0.06,-0.71,0.70,0.98,1.83,2.62,-3.97,44.35,-21.36,1
e,2022-11-01 17:21:40.883501,-0.06,-0.71,0.70,1.16,1.95,2.38,-3.97,44.35,-21.36,1
e,2022-11-01 17:21:40.883652,-0.06,-0.71,0.70,1.16,1.89,2.44,-4.97,45.14,-19.19,1
e,2022-11-01 17:21:40.883808,-0.06,-0.71,0.70,1.28,1.95,2.44,-4.97,45.14,-19.19,1
e,2022-11-01 17:21:40.883960,-0.06,-0.71,0.70,1.16,1.95,2.69,-4.97,45.14,-19.19,1
e,2022-11-01 17:21:40.884111,-0.06,-0.71,0.70,1.40,1.89,2.50,-3.56,45.12,-20.35,1
e,2022-11-01 17:21:40.884267,-0.06,-0.71,0.70,1.16,1.77,2.50,-3.56,45.12,-20.35,1
e,2022-11-01 17:21:40.884418,-0.06,-0.71,0.70,1.10,1.77,2.44,-3.56,45.12,-20.35,1
e,2022-11-01 17:21:40.884575,-0.06,-0.71,0.70,1.04,1.77,2.32,-4.16,44.85,-20.39,1
e,2022-11-01 17:21:40.884737,-0.06,-0.71,0.70,1.22,1.95,2.56,-4.16,44.85,-20.39,1
e,2022-11-01 17:21:40.884888,-0.06,-0.71,0.70,1.28,1.95,2.32,-3.64,44.87,-20.04,1
e,2022-11-01 17:21:40.885044,-0.06,-0.71,0.70,1.40,1.83,2.44,-3.64,44.87,-20.04,1
e,2022-11-01 17:21:40.885194,-0.06,-0.71,0.70,1.22,2.08,2.50,-3.64,44.87,-20.04,1
e,2022-11-01 17:21:40.885352,-0.06,-0.71,0.70,1.22,1.89,2.38,-4.06,44.59,-20.95,1
e,2022-11-01 17:21:40.885502,-0.06,-0.71,0.70,1.04,1.83,2.44,-4.06,44.59,-20.95,1
e,2022-11-01 17:21:40.885652,-0.06,-0.71,0.70,1.16,1.95,2.44,-4.06,44.59,-20.95,1
e,2022-11-01 17:21:40.885807,-0.06,-0.71,0.70,1.28,1.83,2.38,-4.21,44.90,-19.58,1
e,2022-11-01 17:21:40.885957,-0.06,-0.71,0.70,1.22,1.95,2.44,-4.21,44.90,-19.58,1
e,2022-11-01 17:21:40.886113,-0.06,-0.71,0.70,1.10,1.89,2.56,-4.21,44.90,-19.58,1
e,2022-11-01 17:21:40.886264,-0.06,-0.71,0.70,1.04,1.83,2.20,-4.24,44.80,-20.19,1
e,2022-11-01 17:21:40.886419,-0.06,-0.71,0.70,1.22,1.77,2.38,-4.24,44.80,-20.19,1
e,2022-11-01 17:21:40.886571,-0.06,-0.71,0.70,1.16,2.01,2.44,-3.67,44.87,-19.58,1
e,2022-11-01 17:21:40.886721,-0.06,-0.71,0.70,1.10,1.95,2.50,-3.67,44.87,-19.58,1
e,2022-11-01 17:21:40.886877,-0.06,-0.71,0.70,1.28,1.89,2.50,-3.67,44.87,-19.58,1
e,2022-11-01 17:21:40.887027,-0.06,-0.71,0.70,1.10,1.95,2.44,-4.41,44.52,-20.25,1
e,2022-11-01 17:21:40.887181,-0.06,-0.71,0.70,1.22,1.77,2.32,-4.41,44.52,-20.25,1
e,2022-11-01 17:21:40.887331,-0.06,-0.71,0.70,1.34,1.95,2.50,-4.41,44.52,-20.25,1
e,2022-11-01 17:21:40.887481,-0.06,-0.71,0.70,1.04,1.71,2.32,-4.43,44.74,-20.37,1
e,2022-11-01 17:21:40.887637,-0.06,-0.71,0.70,1.22,1.89,2.50,-4.43,44.74,-20.37,1
e,2022-11-01 17:21:40.887787,-0.06,-0.71,0.70,1.10,1.83,2.38,-4.43,44.74,-20.37,1
e,2022-11-01 17:21:40.887945,-0.06,-0.71,0.70,0.98,2.01,2.32,-3.81,44.57,-19.82,1
e,2022-11-01 17:21:40.888096,-0.06,-0.71,0.70,1.22,1.95,2.44,-3.81,44.57,-19.82,1
e,2022-11-01 17:21:40.888249,-0.06,-0.71,0.70,1.16,1.89,2.50,-4.17,44.76,-20.74,1
e,2022-11-01 17:21:40.888404,-0.06,-0.71,0.70,1.34,1.95,2.44,-4.17,44.76,-20.74,1
e,2022-11-01 17:21:40.888555,-0.06,-0.71,0.70,1.16,2.01,2.56,-4.17,44.76,-20.74,1
e,2022-11-01 17:21:40.888710,-0.06,-0.71,0.71,1.16,1.77,2.50,-3.88,44.84,-21.56,1
e,2022-11-01 17:21:40.888863,-0.06,-0.71,0.70,1.34,2.01,2.44,-3.88,44.84,-21.56,1
e,2022-11-01 17:21:40.889019,-0.06,-0.71,0.70,1.22,1.89,2.44,-3.88,44.84,-21.56,1
e,2022-11-01 17:21:40.889176,-0.06,-0.71,0.70,1.10,1.65,2.38,-4.55,45.06,-20.43,1
e,2022-11-01 17:21:40.889330,-0.06,-0.71,0.70,1.16,1.89,2.44,-4.55,45.06,-20.43,1
e,2022-11-01 17:21:40.889487,-0.06,-0.71,0.70,1.04,1.95,2.44,-4.55,45.06,-20.43,1
e,2022-11-01 17:21:40.889639,-0.06,-0.71,0.70,1.28,1.83,2.44,-4.39,44.67,-20.50,1
e,2022-11-01 17:21:40.889796,-0.06,-0.71,0.70,1.22,1.95,2.50,-4.39,44.67,-20.50,1
e,2022-11-01 17:21:40.889946,-0.06,-0.71,0.71,1.04,1.95,2.50,-3.99,44.73,-21.59,1
e,2022-11-01 17:21:40.890097,-0.06,-0.71,0.70,1.10,1.95,2.50,-3.99,44.73,-21.59,1
e,2022-11-01 17:21:40.890255,-0.06,-0.71,0.70,1.34,1.77,2.50,-3.99,44.73,-21.59,1
e,2022-11-01 17:21:40.890406,-0.06,-0.71,0.70,1.16,1.89,2.62,-4.20,44.85,-21.35,1
e,2022-11-01 17:21:40.890564,-0.06,-0.71,0.70,1.34,1.89,2.38,-4.20,44.85,-21.35,1
e,2022-11-01 17:21:40.890716,-0.06,-0.71,0.71,1.40,1.89,2.56,-4.20,44.85,-21.35,1
e,2022-11-01 17:21:40.890867,-0.06,-0.71,0.70,1.22,1.83,2.44,-4.03,45.29,-20.36,1
e,2022-11-01 17:21:40.891026,-0.06,-0.71,0.70,1.40,1.89,2.38,-4.03,45.29,-20.36,1
e,2022-11-01 17:21:40.891177,-0.06,-0.71,0.70,1.28,1.77,2.50,-4.03,45.29,-20.36,1
e,2022-11-01 17:21:40.891338,-0.06,-0.71,0.70,1.40,1.89,2.38,-3.97,44.89,-20.47,1
e,2022-11-01 17:21:40.891492,-0.06,-0.71,0.70,1.22,2.01,2.56,-3.97,44.89,-20.47,1
e,2022-11-01 17:21:40.891644,-0.06,-0.71,0.70,1.40,1.89,2.56,-3.63,45.04,-20.80,1
e,2022-11-01 17:21:40.891799,-0.06,-0.71,0.71,1.22,2.08,2.50,-3.63,45.04,-20.80,1
e,2022-11-01 17:21:40.891953,-0.06,-0.71,0.70,1.10,1.77,2.38,-3.63,45.04,-20.80,1
e,2022-11-01 17:21:40.892113,-0.06,-0.71,0.70,0.92,1.89,2.38,-3.61,45.09,-19.78,1
e,2022-11-01 17:21:40.892268,-0.06,-0.71,0.70,1.28,1.95,2.38,-3.61,45.09,-19.78,1
e,2022-11-01 17:21:40.892419,-0.06,-0.71,0.70,1.16,2.01,2.38,-3.61,45.09,-19.78,1
e,2022-11-01 17:21:40.892577,-0.06,-0.71,0.70,0.98,1.89,2.38,-4.14,45.13,-19.65,1
e,2022-11-01 17:21:40.892728,-0.06,-0.71,0.70,1.28,1.83,2.44,-4.14,45.13,-19.65,1
e,2022-11-01 17:21:40.892883,-0.06,-0.71,0.70,1.04,2.01,2.38,-4.14,45.13,-19.65,1
e,2022-11-01 17:21:40.893037,-0.06,-0.71,0.70,1.10,1.95,2.26,-3.52,44.79,-19.63,1
e,2022-11-01 17:21:40.893193,-0.06,-0.71,0.70,1.16,1.77,2.32,-3.52,44.79,-19.63,1
e,2022-11-01 17:21:40.893346,-0.06,-0.71,0.70,1.46,1.77,2.50,-4.16,45.03,-19.58,1
e,2022-11-01 17:21:40.893506,-0.06,-0.71,0.70,0.98,1.95,2.26,-4.16,45.03,-19.58,1
e,2022-11-01 17:21:40.893670,-0.06,-0.71,0.70,1.28,1.95,2.38,-4.16,45.03,-19.58,1
e,2022-11-01 17:21:40.893821,-0.06,-0.71,0.70,1.22,1.83,2.56,-3.12,44.87,-20.89,1
e,2022-11-01 17:21:40.893975,-0.06,-0.71,0.70,1.28,1.83,2.38,-3.12,44.87,-20.89,1
e,2022-11-01 17:21:40.894125,-0.06,-0.71,0.70,1.04,1.89,2.44,-3.12,44.87,-20.89,1
e,2022-11-01 17:21:40.894274,-0.06,-0.71,0.70,1.10,1.83,2.38,-3.94,44.95,-20.63,1
e,2022-11-01 17:21:40.894432,-0.06,-0.71,0.71,1.16,1.77,2.50,-3.94,44.95,-20.63,1
e,2022-11-01 17:21:40.894590,-0.06,-0.71,0.70,1.22,1.83,2.38,-3.94,44.95,-20.63,1
e,2022-11-01 17:21:40.894758,-0.06,-0.71,0.70,1.28,1.83,2.32,-3.85,44.56,-19.19,1
e,2022-11-01 17:21:40.894913,-0.06,-0.71,0.70,1.40,1.83,2.50,-3.85,44.56,-19.19,1
e,2022-11-01 17:21:40.895065,-0.06,-0.71,0.70,1.22,1.95,2.50,-4.19,45.26,-20.32,1
e,2022-11-01 17:21:40.895222,-0.06,-0.71,0.70,1.10,1.77,2.44,-4.19,45.26,-20.32,1
e,2022-11-01 17:21:40.895374,-0.06,-0.71,0.70,1.16,1.77,2.32,-4.19,45.26,-20.32,1
e,2022-11-01 17:21:40.895529,-0.06,-0.71,0.70,1.04,1.77,2.44,-4.02,44.47,-21.18,1
e,2022-11-01 17:21:40.895678,-0.06,-0.71,0.70,1.28,1.89,2.56,-4.02,44.47,-21.18,1
e,2022-11-01 17:21:40.895832,-0.06,-0.71,0.70,1.28,1.65,2.62,-4.02,44.47,-21.18,1
e,2022-11-01 17:21:40.895985,-0.06,-0.71,0.70,1.16,1.83,2.50,-3.54,44.95,-19.68,1
e,2022-11-01 17:21:40.896136,-0.06,-0.71,0.71,1.16,1.95,2.32,-3.54,44.95,-19.68,1
e,2022-11-01 17:21:40.896296,-0.06,-0.71,0.70,1.10,1.95,2.56,-3.54,44.95,-19.68,1
e,2022-11-01 17:21:40.896446,-0.06,-0.71,0.70,1.04,1.65,2.26,-3.89,44.79,-20.21,1
e,2022-11-01 17:21:40.896605,-0.06,-0.71,0.70,1.22,1.83,2.50,-3.89,44.79,-20.21,1
e,2022-11-01 17:21:40.896756,-0.06,-0.71,0.70,1.04,1.83,2.32,-3.97,45.25,-21.09,1
e,2022-11-01 17:21:40.896907,-0.06,-0.71,0.70,1.10,1.83,2.44,-3.97,45.25,-21.09,1
e,2022-11-01 17:21:40.897064,-0.06,-0.71,0.71,1.16,1.89,2.32,-3.97,45.25,-21.09,1
e,2022-11-01 17:21:40.897214,-0.06,-0.71,0.70,0.98,1.83,2.44,-3.96,45.42,-20.41,1
e,2022-11-01 17:21:40.897371,-0.06,-0.71,0.70,1.22,1.83,2.62,-3.96,45.42,-20.41,1
e,2022-11-01 17:21:40.897522,-0.06,-0.71,0.70,1.22,1.89,2.50,-3.96,45.42,-20.41,1
e,2022-11-01 17:21:40.897675,-0.06,-0.71,0.70,1.04,1.83,2.20,-4.06,45.53,-20.15,1
e,2022-11-01 17:21:40.897837,-0.06,-0.71,0.70,1.10,2.01,2.44,-4.06,45.53,-20.15,1
e,2022-11-01 17:21:40.897994,-0.06,-0.71,0.70,1.16,1.95,2.44,-4.06,45.53,-20.15,1
e,2022-11-01 17:21:40.898154,-0.06,-0.71,0.70,0.85,1.71,2.26,-3.56,44.60,-20.17,1
e,2022-11-01 17:21:40.898310,-0.06,-0.71,0.70,1.22,1.89,2.56,-3.56,44.60,-20.17,1
e,2022-11-01 17:21:40.898468,-0.06,-0.71,0.70,1.34,1.89,2.62,-3.70,45.00,-19.89,1
e,2022-11-01 17:21:40.898631,-0.06,-0.71,0.70,1.34,1.95,2.56,-3.70,45.00,-19.89,1
e,2022-11-01 17:21:40.898791,-0.06,-0.71,0.70,1.40,1.77,2.56,-3.70,45.00,-19.89,1
e,2022-11-01 17:21:40.898954,-0.06,-0.71,0.70,1.28,1.83,2.44,-3.56,45.21,-19.84,1
e,2022-11-01 17:21:40.899111,-0.06,-0.71,0.71,1.04,1.95,2.38,-3.56,45.21,-19.84,1
e,2022-11-01 17:21:40.899276,-0.06,-0.71,0.71,1.10,1.95,2.50,-3.56,45.21,-19.84,1
e,2022-11-01 17:21:40.899435,-0.06,-0.71,0.70,1.16,1.83,2.44,-4.14,45.19,-20.53,1
e,2022-11-01 17:21:40.899593,-0.06,-0.71,0.70,1.10,1.77,2.44,-4.14,45.19,-20.53,1
e,2022-11-01 17:21:40.899763,-0.06,-0.71,0.70,1.22,2.01,2.38,-4.14,45.19,-20.53,1
e,2022-11-01 17:21:40.899917,-0.06,-0.71,0.71,0.98,1.89,2.44,-4.06,44.98,-20.25,1
e,2022-11-01 17:21:40.902846,-0.06,-0.71,0.70,1.22,1.95,2.56,-4.06,44.98,-20.25,1
e,2022-11-01 17:21:40.903004,-0.06,-0.71,0.71,1.10,1.89,2.62,-3.58,44.73,-19.62,1
e,2022-11-01 17:21:40.903159,-0.06,-0.71,0.70,1.10,1.95,2.38,-3.58,44.73,-19.62,1
e,2022-11-01 17:21:40.903317,-0.06,-0.71,0.70,1.28,2.01,2.56,-3.58,44.73,-19.62,1
e,2022-11-01 17:21:40.903471,-0.06,-0.71,0.71,1.28,1.89,2.56,-3.67,44.67,-20.17,1
e,2022-11-01 17:21:40.903631,-0.06,-0.71,0.70,1.16,1.71,2.44,-3.67,44.67,-20.17,1
e,2022-11-01 17:21:40.903785,-0.06,-0.71,0.70,1.22,1.77,2.50,-3.67,44.67,-20.17,1
e,2022-11-01 17:21:40.903942,-0.06,-0.71,0.70,0.98,1.77,2.32,-3.32,44.82,-19.62,1
e,2022-11-01 17:21:40.904096,-0.06,-0.71,0.71,1.22,2.08,2.50,-3.32,44.82,-19.62,1
e,2022-11-01 17:21:40.904250,-0.06,-0.71,0.71,0.98,2.01,2.32,-3.32,44.82,-19.62,1
e,2022-11-01 17:21:40.904407,-0.06,-0.71,0.70,1.10,1.83,2.26,-3.45,45.02,-19.87,1
e,2022-11-01 17:21:40.904559,-0.06,-0.71,0.70,1.28,2.01,2.50,-3.45,45.02,-19.87,1
e,2022-11-01 17:21:40.904715,-0.06,-0.71,0.71,1.34,2.01,2.44,-3.70,44.62,-20.20,1
e,2022-11-01 17:21:40.904868,-0.06,-0.71,0.70,1.04,1.89,2.44,-3.70,44.62,-20.20,1
e,2022-11-01 17:21:40.905022,-0.06,-0.71,0.70,1.22,1.83,2.38,-3.70,44.62,-20.20,1
e,2022-11-01 17:21:40.905184,-0.06,-0.71,0.71,1.16,1.89,2.38,-3.83,44.42,-20.62,1
e,2022-11-01 17:21:40.905340,-0.06,-0.71,0.71,1.16,2.01,2.56,-3.83,44.42,-20.62,1
e,2022-11-01 17:21:40.905500,-0.06,-0.71,0.70,1.34,1.95,2.50,-3.83,44.42,-20.62,1
e,2022-11-01 17:21:40.905654,-0.06,-0.71,0.70,0.85,1.83,2.32,-3.94,44.97,-19.98,1
e,2022-11-01 17:21:40.905809,-0.06,-0.71,0.71,1.28,1.89,2.44,-3.94,44.97,-19.98,1
e,2022-11-01 17:21:40.905968,-0.06,-0.71,0.70,1.22,2.08,2.32,-3.82,44.84,-19.65,1
e,2022-11-01 17:21:40.906123,-0.06,-0.71,0.71,1.22,1.89,2.50,-3.82,44.84,-19.65,1
e,2022-11-01 17:21:40.906284,-0.06,-0.71,0.71,1.22,1.89,2.44,-3.82,44.84,-19.65,1
e,2022-11-01 17:21:40.906438,-0.06,-0.71,0.71,1.28,1.83,2.26,-3.56,44.93,-19.81,1
e,2022-11-01 17:21:40.906596,-0.06,-0.71,0.70,0.98,2.01,2.56,-3.56,44.93,-19.81,1
e,2022-11-01 17:21:40.906753,-0.06,-0.71,0.70,1.16,1.89,2.38,-3.56,44.93,-19.81,1
e,2022-11-01 17:21:40.906905,-0.06,-0.71,0.71,1.10,1.95,2.38,-3.50,44.93,-19.95,1
e,2022-11-01 17:21:40.907065,-0.06,-0.71,0.70,1.22,1.95,2.50,-3.50,44.93,-19.95,1
e,2022-11-01 17:21:40.907219,-0.06,-0.71,0.70,1.28,1.89,2.50,-3.50,44.93,-19.95,1
e,2022-11-01 17:21:40.907378,-0.06,-0.71,0.70,1.16,1.77,2.32,-3.89,45.06,-19.87,1
e,2022-11-01 17:21:40.907533,-0.06,-0.71,0.70,1.22,1.95,2.56,-3.89,45.06,-19.87,1
e,2022-11-01 17:21:40.907690,-0.06,-0.71,0.70,1.34,2.01,2.62,-3.64,44.82,-19.67,1
e,2022-11-01 17:21:40.907855,-0.06,-0.71,0.71,1.10,1.77,2.32,-3.64,44.82,-19.67,1
e,2022-11-01 17:21:40.908010,-0.06,-0.71,0.70,1.28,1.89,2.56,-3.64,44.82,-19.67,1
e,2022-11-01 17:21:40.908169,-0.06,-0.71,0.70,1.22,2.01,2.32,-3.22,44.90,-19.98,1
e,2022-11-01 17:21:40.908323,-0.06,-0.71,0.70,1.10,1.77,2.44,-3.22,44.90,-19.98,1
e,2022-11-01 17:21:40.908477,-0.06,-0.71,0.70,1.04,1.89,2.26,-3.22,44.90,-19.98,1
e,2022-11-01 17:21:40.908638,-0.06,-0.71,0.70,0.92,1.83,2.32,-3.81,45.25,-19.35,1
e,2022-11-01 17:21:40.908794,-0.06,-0.71,0.70,1.22,1.83,2.26,-3.81,45.25,-19.35,1
e,2022-11-01 17:21:40.908954,-0.06,-0.71,0.70,1.16,1.77,2.50,-3.81,45.25,-19.35,1
e,2022-11-01 17:21:40.909110,-0.06,-0.71,0.70,1.40,1.77,2.44,-3.82,45.23,-19.36,1
e,2022-11-01 17:21:40.909271,-0.06,-0.71,0.70,1.28,1.89,2.38,-3.82,45.23,-19.36,1
e,2022-11-01 17:21:40.909432,-0.06,-0.71,0.71,1.04,1.95,2.38,-3.56,44.42,-21.20,1
e,2022-11-01 17:21:40.909587,-0.06,-0.71,0.71,0.92,1.89,2.32,-3.56,44.42,-21.20,1
e,2022-11-01 17:21:40.909747,-0.06,-0.71,0.70,1.34,1.89,2.50,-3.56,44.42,-21.20,1
e,2022-11-01 17:21:40.909902,-0.06,-0.71,0.71,1.10,1.95,2.62,-2.77,44.87,-19.09,1
e,2022-11-01 17:21:40.910058,-0.06,-0.71,0.70,1.22,2.08,2.56,-2.77,44.87,-19.09,1
e,2022-11-01 17:21:40.910212,-0.06,-0.71,0.70,1.10,1.95,2.50,-2.77,44.87,-19.09,1
e,2022-11-01 17:21:40.910368,-0.06,-0.71,0.70,1.10,2.08,2.38,-3.16,44.98,-20.52,1
e,2022-11-01 17:21:40.910532,-0.06,-0.71,0.70,1.16,2.01,2.50,-3.16,44.98,-20.52,1
e,2022-11-01 17:21:40.910692,-0.06,-0.71,0.70,1.16,1.95,2.50,-3.16,44.98,-20.52,1
e,2022-11-01 17:21:40.910856,-0.06,-0.70,0.71,1.16,1.95,2.44,-3.70,45.15,-19.90,1
e,2022-11-01 17:21:40.911012,-0.06,-0.71,0.71,1.22,1.95,2.56,-3.70,45.15,-19.90,1
e,2022-11-01 17:21:40.911166,-0.06,-0.71,0.70,1.22,2.01,2.38,-3.78,44.53,-20.96,1
e,2022-11-01 17:21:40.911325,-0.06,-0.71,0.71,0.98,2.01,2.38,-3.78,44.53,-20.96,1
e,2022-11-01 17:21:40.911491,-0.06,-0.71,0.70,1.04,1.83,2.38,-3.78,44.53,-20.96,1
e,2022-11-01 17:21:40.911651,-0.06,-0.71,0.71,1.22,1.83,2.56,-3.58,45.00,-20.35,1
e,2022-11-01 17:21:40.911805,-0.06,-0.71,0.70,1.04,1.89,2.38,-3.58,45.00,-20.35,1
e,2022-11-01 17:21:40.911965,-0.06,-0.71,0.70,1.22,1.89,2.38,-3.58,45.00,-20.35,1
e,2022-11-01 17:21:40.912122,-0.06,-0.71,0.70,1.22,2.01,2.56,-4.21,44.82,-19.43,1
e,2022-11-01 17:21:40.912276,-0.06,-0.71,0.71,0.98,1.89,2.32,-4.21,44.82,-19.43,1
e,2022-11-01 17:21:40.912434,-0.06,-0.70,0.70,1.34,2.01,2.38,-4.21,44.82,-19.43,1
e,2022-11-01 17:21:40.912587,-0.06,-0.71,0.71,1.40,1.77,2.50,-4.35,44.64,-17.98,1
e,2022-11-01 17:21:40.912747,-0.06,-0.71,0.71,1.04,1.95,2.56,-4.35,44.64,-17.98,1
e,2022-11-01 17:21:40.912902,-0.06,-0.71,0.71,1.04,2.08,2.50,-4.32,44.71,-19.45,1
e,2022-11-01 17:21:40.913056,-0.06,-0.71,0.70,1.10,1.83,2.26,-4.32,44.71,-19.45,1
e,2022-11-01 17:21:40.913214,-0.06,-0.71,0.70,1.34,1.95,2.38,-4.32,44.71,-19.45,1
e,2022-11-01 17:21:40.913366,-0.06,-0.71,0.70,1.34,1.77,2.38,-4.19,45.15,-19.93,1
e,2022-11-01 17:21:40.913523,-0.06,-0.71,0.70,1.16,1.95,2.50,-4.19,45.15,-19.93,1
e,2022-11-01 17:21:40.913677,-0.06,-0.71,0.71,1.16,2.08,2.44,-4.19,45.15,-19.93,1
e,2022-11-01 17:21:40.913832,-0.06,-0.71,0.70,1.16,2.01,2.62,-3.98,44.63,-19.97,1
e,2022-11-01 17:21:40.913996,-0.06,-0.71,0.70,1.10,2.01,2.44,-3.98,44.63,-19.97,1
e,2022-11-01 17:21:40.914151,-0.06,-0.71,0.71,1.22,1.83,2.50,-3.98,44.63,-19.97,1
e,2022-11-01 17:21:40.914323,-0.06,-0.71,0.71,1.10,1.89,2.26,-4.66,45.21,-20.19,1
e,2022-11-01 17:21:40.914476,-0.06,-0.71,0.71,1.40,2.01,2.56,-4.66,45.21,-20.19,1
e,2022-11-01 17:21:40.914633,-0.06,-0.71,0.71,1.10,2.01,2.56,-3.81,45.24,-19.95,1
e,2022-11-01 17:21:40.914791,-0.06,-0.71,0.70,0.92,2.01,2.38,-3.81,45.24,-19.95,1
e,2022-11-01 17:21:40.914946,-0.06,-0.71,0.70,1.04,1.95,2.38,-3.81,45.24,-19.95,1
e,2022-11-01 17:21:40.915107,-0.06,-0.71,0.71,1.04,2.08,2.32,-3.64,44.54,-20.47,1
e,2022-11-01 17:21:40.915261,-0.06,-0.71,0.70,1.10,2.08,2.38,-3.64,44.54,-20.47,1
e,2022-11-01 17:21:40.915416,-0.06,-0.71,0.71,1.16,1.95,2.62,-3.64,44.54,-20.47,1
e,2022-11-01 17:21:40.915576,-0.06,-0.71,0.71,1.40,1.95,2.44,-3.12,44.68,-20.92,1
e,2022-11-01 17:21:40.915732,-0.06,-0.71,0.70,1.04,2.01,2.44,-3.12,44.68,-20.92,1
e,2022-11-01 17:21:40.915893,-0.06,-0.71,0.71,1.16,1.83,2.44,-3.12,44.68,-20.92,1
e,2022-11-01 17:21:40.916048,-0.06,-0.71,0.71,1.04,1.89,2.38,-4.03,45.23,-20.72,1
e,2022-11-01 17:21:40.916213,-0.06,-0.71,0.70,1.28,1.77,2.38,-4.03,45.23,-20.72,1
e,2022-11-01 17:21:40.916371,-0.06,-0.71,0.70,1.22,2.01,2.50,-3.70,45.24,-19.27,1
e,2022-11-01 17:21:40.916524,-0.06,-0.71,0.70,1.10,1.89,2.50,-3.70,45.24,-19.27,1
e,2022-11-01 17:21:40.916693,-0.06,-0.71,0.70,1.16,1.83,2.32,-3.70,45.24,-19.27,1
e,2022-11-01 17:21:40.916852,-0.06,-0.71,0.71,1.34,1.83,2.38,-3.64,44.91,-19.85,1
e,2022-11-01 17:21:40.917020,-0.06,-0.71,0.70,1.10,1.89,2.44,-3.64,44.91,-19.85,1
e,2022-11-01 17:21:40.917175,-0.06,-0.71,0.70,1.22,2.08,2.56,-3.64,44.91,-19.85,1
e,2022-11-01 17:21:40.917335,-0.06,-0.71,0.71,1.22,1.83,2.50,-3.74,44.73,-19.51,1
e,2022-11-01 17:21:40.917493,-0.06,-0.71,0.71,1.28,1.89,2.50,-3.74,44.73,-19.51,1
e,2022-11-01 17:21:40.917655,-0.06,-0.71,0.70,1.16,1.89,2.38,-3.74,44.73,-19.51,1
e,2022-11-01 17:21:40.917816,-0.06,-0.71,0.70,1.28,1.83,2.38,-3.37,44.85,-19.25,1
e,2022-11-01 17:21:40.917969,-0.06,-0.71,0.71,1.10,1.95,2.26,-3.37,44.85,-19.25,1
e,2022-11-01 17:21:40.918162,-0.06,-0.71,0.70,1.04,1.95,2.62,-3.36,44.53,-18.47,1
e,2022-11-01 17:21:40.918332,-0.06,-0.71,0.71,1.22,1.95,2.50,-3.36,44.53,-18.47,1
e,2022-11-01 17:21:40.918485,-0.06,-0.71,0.70,1.34,1.95,2.38,-3.36,44.53,-18.47,1
e,2022-11-01 17:21:40.918642,-0.06,-0.71,0.71,1.28,1.95,2.38,-3.98,45.03,-19.46,1
e,2022-11-01 17:21:40.918795,-0.06,-0.71,0.70,1.10,1.95,2.38,-3.98,45.03,-19.46,1
e,2022-11-01 17:21:40.918956,-0.06,-0.71,0.71,0.98,1.83,2.62,-3.98,45.03,-19.46,1
e,2022-11-01 17:21:40.919107,-0.06,-0.71,0.70,1.10,1.53,2.32,-3.49,44.92,-20.43,1
e,2022-11-01 17:21:40.919256,-0.06,-0.71,0.70,1.10,2.01,2.56,-3.49,44.92,-20.43,1
e,2022-11-01 17:21:40.919411,-0.06,-0.71,0.70,1.10,1.89,2.44,-3.49,44.92,-20.43,1
e,2022-11-01 17:21:40.919562,-0.06,-0.71,0.71,1.10,1.83,2.38,-3.60,44.47,-20.42,1
e,2022-11-01 17:21:40.919716,-0.06,-0.71,0.70,1.28,1.95,2.69,-3.60,44.47,-20.42,1
e,2022-11-01 17:21:40.919866,-0.06,-0.71,0.71,1.22,1.89,2.50,-3.77,44.96,-20.10,1
e,2022-11-01 17:21:40.920022,-0.06,-0.71,0.70,1.22,1.83,2.38,-3.77,44.96,-20.10,1
e,2022-11-01 17:21:40.920172,-0.06,-0.71,0.71,1.10,1.89,2.50,-3.77,44.96,-20.10,1
e,2022-11-01 17:21:40.920321,-0.06,-0.71,0.70,1.16,1.95,2.32,-4.28,45.07,-19.43,1
e,2022-11-01 17:21:40.920478,-0.06,-0.71,0.71,1.16,1.83,2.38,-4.28,45.07,-19.43,1
e,2022-11-01 17:21:40.920630,-0.06,-0.71,0.71,1.53,1.89,2.56,-4.28,45.07,-19.43,1
e,2022-11-01 17:21:40.920787,-0.06,-0.71,0.70,1.28,1.71,2.44,-3.87,44.68,-20.84,1
e,2022-11-01 17:21:40.920940,-0.06,-0.71,0.71,1.04,1.95,2.44,-3.87,44.68,-20.84,1
e,2022-11-01 17:21:40.921091,-0.06,-0.71,0.71,1.16,1.95,2.50,-3.87,44.68,-20.84,1
e,2022-11-01 17:21:40.921250,-0.06,-0.71,0.70,1.04,1.95,2.32,-4.10,44.75,-19.69,1
e,2022-11-01 17:21:40.921405,-0.06,-0.71,0.71,1.10,1.95,2.50,-4.10,44.75,-19.69,1
e,2022-11-01 17:21:40.921558,-0.06,-0.71,0.71,1.10,1.89,2.38,-3.93,44.87,-19.19,1
e,2022-11-01 17:21:40.921706,-0.06,-0.71,0.71,1.16,1.71,2.32,-3.93,44.87,-19.19,1
e,2022-11-01 17:21:40.921859,-0.06,-0.71,0.70,1.28,1.95,2.62,-3.93,44.87,-19.19,1
e,2022-11-01 17:21:40.922009,-0.06,-0.71,0.71,1.34,1.95,2.56,-4.05,44.57,-19.56,1
e,2022-11-01 17:21:40.922160,-0.06,-0.71,0.71,1.34,1.83,2.32,-4.05,44.57,-19.56,1
e,2022-11-01 17:21:40.922315,-0.06,-0.71,0.71,1.28,1.95,2.50,-4.05,44.57,-19.56,1
e,2022-11-01 17:21:40.922466,-0.06,-0.71,0.70,1.22,1.71,2.38,-3.58,44.69,-20.41,1
e,2022-11-01 17:21:40.922624,-0.06,-0.71,0.70,1.22,2.01,2.38,-3.58,44.69,-20.41,1
e,2022-11-01 17:21:40.922775,-0.06,-0.71,0.71,1.16,1.83,2.50,-3.58,44.69,-20.41,1
e,2022-11-01 17:21:40.922925,-0.06,-0.71,0.70,1.10,1.89,2.38,-3.23,44.71,-19.07,1
e,2022-11-01 17:21:40.923077,-0.06,-0.71,0.71,1.28,1.89,2.56,-3.23,44.71,-19.07,1
e,2022-11-01 17:21:40.923227,-0.06,-0.71,0.70,1.10,1.83,2.38,-4.25,45.00,-19.91,1
e,2022-11-01 17:21:40.923381,-0.06,-0.71,0.71,0.98,1.95,2.32,-4.25,45.00,-19.91,1
e,2022-11-01 17:21:40.923531,-0.06,-0.71,0.71,1.10,1.95,2.44,-4.25,45.00,-19.91,1
e,2022-11-01 17:21:40.923687,-0.06,-0.71,0.71,1.16,1.95,2.38,-3.41,45.07,-19.64,1
e,2022-11-01 17:21:40.923837,-0.06,-0.71,0.71,1.04,1.89,2.38,-3.41,45.07,-19.64,1
e,2022-11-01 17:21:40.923990,-0.06,-0.71,0.70,1.22,1.89,2.62,-3.41,45.07,-19.64,1
e,2022-11-01 17:21:40.924149,-0.06,-0.70,0.71,1.10,2.01,2.44,-4.21,44.91,-19.30,1
e,2022-11-01 17:21:40.924299,-0.06,-0.71,0.71,1.04,1.83,2.38,-4.21,44.91,-19.30,1
e,2022-11-01 17:21:40.924454,-0.06,-0.71,0.71,1.16,1.77,2.44,-4.21,44.91,-19.30,1
e,2022-11-01 17:21:40.924606,-0.06,-0.71,0.70,1.22,1.77,2.50,-3.98,44.49,-18.26,1
e,2022-11-01 17:21:40.924761,-0.06,-0.71,0.71,1.16,1.83,2.50,-3.98,44.49,-18.26,1
e,2022-11-01 17:21:40.924919,-0.06,-0.71,0.70,1.16,2.01,2.56,-2.97,44.25,-18.38,1
e,2022-11-01 17:21:40.925073,-0.06,-0.71,0.71,1.10,1.65,2.44,-2.97,44.25,-18.38,1
e,2022-11-01 17:21:40.925233,-0.06,-0.71,0.71,1.28,1.95,2.50,-2.97,44.25,-18.38,1
e,2022-11-01 17:21:40.925414,-0.06,-0.71,0.70,1.16,1.89,2.56,-3.67,44.89,-19.96,1
e,2022-11-01 17:21:40.925577,-0.06,-0.71,0.71,0.98,1.95,2.44,-3.67,44.89,-19.96,1
e,2022-11-01 17:21:40.925727,-0.06,-0.71,0.71,1.22,2.08,2.50,-3.67,44.89,-19.96,1
e,2022-11-01 17:21:40.925881,-0.06,-0.71,0.70,1.28,1.89,2.62,-4.09,44.85,-20.92,1
e,2022-11-01 17:21:40.926037,-0.06,-0.71,0.70,1.16,1.95,2.50,-4.09,44.85,-20.92,1
e,2022-11-01 17:21:40.926187,-0.06,-0.71,0.71,1.22,1.83,2.56,-4.09,44.85,-20.92,1
e,2022-11-01 17:21:40.926342,-0.06,-0.70,0.71,1.16,1.95,2.44,-3.80,44.80,-19.63,1
e,2022-11-01 17:21:40.926492,-0.06,-0.71,0.71,1.10,2.01,2.50,-3.80,44.80,-19.63,1
e,2022-11-01 17:21:40.926644,-0.06,-0.71,0.71,1.34,1.77,2.50,-4.20,45.12,-19.81,1
e,2022-11-01 17:21:40.926803,-0.06,-0.71,0.70,0.98,1.95,2.56,-4.20,45.12,-19.81,1
e,2022-11-01 17:21:40.926955,-0.06,-0.71,0.71,1.16,1.89,2.50,-4.20,45.12,-19.81,1
e,2022-11-01 17:21:40.927109,-0.06,-0.71,0.71,1.16,2.14,2.44,-3.87,45.13,-20.56,1
e,2022-11-01 17:21:40.927265,-0.06,-0.71,0.70,1.22,1.89,2.44,-3.87,45.13,-20.56,1
e,2022-11-01 17:21:40.927426,-0.06,-0.71,0.70,1.16,1.95,2.62,-3.87,45.13,-20.56,1
e,2022-11-01 17:21:40.927587,-0.06,-0.71,0.71,1.16,1.83,2.38,-4.14,44.90,-20.34,1
e,2022-11-01 17:21:40.927747,-0.06,-0.71,0.71,1.16,1.83,2.50,-4.14,44.90,-20.34,1
e,2022-11-01 17:21:40.927903,-0.06,-0.71,0.70,1.04,2.01,2.44,-4.14,44.90,-20.34,1
e,2022-11-01 17:21:40.928078,-0.06,-0.71,0.70,1.10,1.83,2.26,-4.11,44.78,-19.04,1
e,2022-11-01 17:21:40.928241,-0.06,-0.71,0.70,1.04,2.01,2.32,-4.11,44.78,-19.04,1
e,2022-11-01 17:21:40.928411,-0.06,-0.71,0.70,0.92,1.95,2.38,-3.97,44.68,-19.04,1
e,2022-11-01 17:21:40.928567,-0.06,-0.71,0.70,1.16,1.77,2.26,-3.97,44.68,-19.04,1
e,2022-11-01 17:21:40.928739,-0.06,-0.71,0.71,0.98,1.89,2.38,-3.97,44.68,-19.04,1
e,2022-11-01 17:21:40.928892,-0.06,-0.71,0.71,1.22,2.01,2.44,-4.02,44.92,-20.21,1
e,2022-11-01 17:21:40.929067,-0.06,-0.71,0.71,0.98,1.83,2.38,-4.02,44.92,-20.21,1
e,2022-11-01 17:21:40.929225,-0.06,-0.71,0.71,1.16,1.83,2.50,-4.02,44.92,-20.21,1
e,2022-11-01 17:21:40.929381,-0.06,-0.71,0.71,1.10,1.83,2.38,-4.17,44.76,-18.57,1
e,2022-11-01 17:21:40.929547,-0.06,-0.71,0.71,1.04,1.89,2.38,-4.17,44.76,-18.57,1
e,2022-11-01 17:21:40.929701,-0.06,-0.71,0.71,1.22,1.89,2.38,-4.17,44.76,-18.57,1
e,2022-11-01 17:21:40.929858,-0.06,-0.71,0.70,0.98,1.89,2.38,-3.83,44.70,-20.40,1
e,2022-11-01 17:21:40.930013,-0.06,-0.71,0.70,1.16,2.01,2.44,-3.83,44.70,-20.40,1
e,2022-11-01 17:21:40.930180,-0.06,-0.71,0.71,1.10,2.01,2.44,-3.91,45.01,-19.91,1
e,2022-11-01 17:21:40.930339,-0.06,-0.71,0.71,0.85,2.08,2.44,-3.91,45.01,-19.91,1
e,2022-11-01 17:21:40.930490,-0.06,-0.71,0.71,1.04,2.08,2.56,-3.91,45.01,-19.91,1
e,2022-11-01 17:21:40.930644,-0.06,-0.71,0.71,0.98,1.95,2.50,-3.83,44.86,-19.30,1
e,2022-11-01 17:21:40.930812,-0.06,-0.71,0.71,0.98,1.83,2.32,-3.83,44.86,-19.30,1
e,2022-11-01 17:21:40.930972,-0.06,-0.71,0.70,1.04,1.95,2.44,-3.83,44.86,-19.30,1
e,2022-11-01 17:21:40.931147,-0.06,-0.71,0.71,0.85,1.95,2.32,-3.50,44.75,-20.12,1
e,2022-11-01 17:21:40.931308,-0.06,-0.71,0.70,0.98,1.95,2.38,-3.50,44.75,-20.12,1
e,2022-11-01 17:21:40.931477,-0.06,-0.71,0.71,1.04,2.01,2.50,-3.50,44.75,-20.12,1
e,2022-11-01 17:21:40.931638,-0.06,-0.71,0.70,1.16,1.83,2.44,-3.80,44.68,-19.46,1
e,2022-11-01 17:21:40.931808,-0.06,-0.71,0.71,1.22,1.95,2.44,-3.80,44.68,-19.46,1
e,2022-11-01 17:21:40.931961,-0.06,-0.71,0.70,1.22,2.01,2.62,-4.44,45.09,-19.19,1
e,2022-11-01 17:21:40.932119,-0.06,-0.71,0.71,0.98,1.83,2.26,-4.44,45.09,-19.19,1
e,2022-11-01 17:21:40.932272,-0.06,-0.71,0.71,0.98,2.14,2.44,-4.44,45.09,-19.19,1
e,2022-11-01 17:21:40.932439,-0.06,-0.71,0.71,1.28,1.89,2.44,-4.14,45.01,-20.56,1
e,2022-11-01 17:21:40.932600,-0.06,-0.71,0.71,1.22,2.01,2.62,-4.14,45.01,-20.56,1
e,2022-11-01 17:21:40.932766,-0.06,-0.71,0.70,1.34,1.95,2.44,-4.14,45.01,-20.56,1
e,2022-11-01 17:21:40.932925,-0.06,-0.71,0.70,1.10,1.89,2.32,-3.43,44.95,-20.26,1
e,2022-11-01 17:21:40.933076,-0.06,-0.71,0.71,1.16,1.83,2.44,-3.43,44.95,-20.26,1
e,2022-11-01 17:21:40.933233,-0.06,-0.70,0.71,1.16,2.01,2.56,-3.43,44.95,-20.26,1
e,2022-11-01 17:21:40.933388,-0.06,-0.70,0.71,1.04,1.95,2.32,-4.24,44.59,-19.54,1
e,2022-11-01 17:21:40.933546,-0.06,-0.71,0.71,1.16,1.89,2.32,-4.24,44.59,-19.54,1
e,2022-11-01 17:21:40.933706,-0.06,-0.71,0.71,1.22,1.89,2.50,-4.11,45.06,-19.70,1
e,2022-11-01 17:21:40.933894,-0.06,-0.71,0.71,0.98,1.89,2.32,-4.11,45.06,-19.70,1
e,2022-11-01 17:21:40.934068,-0.06,-0.71,0.71,1.16,1.95,2.50,-4.11,45.06,-19.70,1
e,2022-11-01 17:21:40.934224,-0.06,-0.71,0.70,1.28,1.95,2.56,-3.96,44.37,-19.12,1
e,2022-11-01 17:21:40.934377,-0.06,-0.71,0.71,1.22,1.77,2.56,-3.96,44.37,-19.12,1
e,2022-11-01 17:21:40.934537,-0.06,-0.71,0.71,1.22,1.77,2.56,-3.96,44.37,-19.12,1
e,2022-11-01 17:21:40.934707,-0.06,-0.70,0.71,0.92,2.08,2.44,-3.72,44.67,-19.24,1
e,2022-11-01 17:21:40.934877,-0.06,-0.71,0.71,1.10,1.83,2.50,-3.72,44.67,-19.24,1
e,2022-11-01 17:21:40.935049,-0.06,-0.71,0.71,1.34,1.95,2.44,-3.72,44.67,-19.24,1
e,2022-11-01 17:21:40.935210,-0.06,-0.71,0.71,1.10,1.83,2.50,-4.27,45.17,-20.54,1
e,2022-11-01 17:21:40.935384,-0.06,-0.71,0.71,1.16,1.77,2.50,-4.27,45.17,-20.54,1
e,2022-11-01 17:21:40.935541,-0.06,-0.70,0.71,1.16,1.95,2.50,-3.21,44.91,-21.02,1
e,2022-11-01 17:21:40.935717,-0.06,-0.71,0.71,1.10,1.95,2.32,-3.21,44.91,-21.02,1
e,2022-11-01 17:21:40.935872,-0.06,-0.71,0.71,1.10,1.95,2.32,-3.21,44.91,-21.02,1
e,2022-11-01 17:21:40.936033,-0.06,-0.71,0.71,1.04,1.89,2.44,-3.88,44.96,-20.52,1
e,2022-11-01 17:21:40.936192,-0.06,-0.71,0.71,1.22,1.89,2.20,-3.88,44.96,-20.52,1
e,2022-11-01 17:21:40.936361,-0.06,-0.71,0.71,1.04,2.01,2.38,-3.88,44.96,-20.52,1
e,2022-11-01 17:21:40.936523,-0.06,-0.70,0.70,1.10,1.83,2.26,-3.74,44.97,-19.56,1
e,2022-11-01 17:21:40.936692,-0.06,-0.71,0.71,1.04,1.95,2.38,-3.74,44.97,-19.56,1
e,2022-11-01 17:21:40.936853,-0.06,-0.70,0.71,1.10,1.89,2.56,-3.74,44.97,-19.56,1
e,2022-11-01 17:21:40.937008,-0.06,-0.71,0.71,1.22,1.95,2.20,-3.75,44.46,-19.38,1
e,2022-11-01 17:21:40.937164,-0.06,-0.71,0.71,1.28,1.89,2.44,-3.75,44.46,-19.38,1
e,2022-11-01 17:21:40.937320,-0.06,-0.70,0.71,1.16,1.89,2.50,-3.33,45.29,-20.32,1
e,2022-11-01 17:21:40.937474,-0.06,-0.71,0.71,1.10,1.89,2.38,-3.33,45.29,-20.32,1
e,2022-11-01 17:21:40.937803,-0.06,-0.71,0.71,1.22,1.77,2.44,-3.33,45.29,-20.32,1
e,2022-11-01 17:21:40.937966,-0.06,-0.71,0.71,1.10,1.83,2.44,-4.14,44.67,-20.58,1
e,2022-11-01 17:21:40.938122,-0.06,-0.71,0.70,0.98,1.89,2.44,-4.14,44.67,-20.58,1
e,2022-11-01 17:21:40.938274,-0.06,-0.71,0.71,1.04,1.95,2.44,-4.14,44.67,-20.58,1
e,2022-11-01 17:21:40.938431,-0.06,-0.71,0.71,1.22,1.89,2.38,-3.16,44.91,-20.92,1
e,2022-11-01 17:21:40.938607,-0.06,-0.70,0.71,1.10,1.89,2.44,-3.16,44.91,-20.92,1
e,2022-11-01 17:21:40.938871,-0.06,-0.71,0.71,1.28,1.95,2.38,-3.16,44.91,-20.92,1
e,2022-11-01 17:21:40.939033,-0.06,-0.71,0.71,1.10,1.89,2.38,-3.83,45.14,-19.15,1
e,2022-11-01 17:21:40.939215,-0.06,-0.71,0.71,1.34,1.95,2.44,-3.83,45.14,-19.15,1
e,2022-11-01 17:21:40.939393,-0.06,-0.71,0.71,1.10,1.89,2.50,-3.71,44.89,-19.82,1
e,2022-11-01 17:21:40.939549,-0.06,-0.70,0.71,1.04,1.89,2.38,-3.71,44.89,-19.82,1
e,2022-11-01 17:21:40.939716,-0.06,-0.71,0.71,1.28,1.89,2.50,-3.71,44.89,-19.82,1
e,2022-11-01 17:21:40.939892,-0.06,-0.71,0.71,1.40,2.01,2.62,-3.85,45.40,-19.74,1
e,2022-11-01 17:21:40.940098,-0.06,-0.71,0.70,1.22,1.95,2.62,-3.85,45.40,-19.74,1
e,2022-11-01 17:21:40.940259,-0.06,-0.71,0.71,1.10,1.83,2.32,-3.85,45.40,-19.74,1
e,2022-11-01 17:21:40.940411,-0.06,-0.71,0.71,1.04,1.83,2.38,-3.42,44.53,-20.04,1
e,2022-11-01 17:21:40.940567,-0.06,-0.71,0.70,1.28,2.01,2.50,-3.42,44.53,-20.04,1
e,2022-11-01 17:21:40.940720,-0.06,-0.71,0.71,1.34,1.89,2.56,-3.42,44.53,-20.04,1
e,2022-11-01 17:21:40.940874,-0.06,-0.71,0.71,1.04,1.77,2.26,-3.58,45.08,-20.04,1
e,2022-11-01 17:21:40.941031,-0.06,-0.71,0.70,0.98,2.01,2.14,-3.58,45.08,-20.04,1
e,2022-11-01 17:21:40.941185,-0.06,-0.71,0.71,1.16,1.83,2.38,-3.86,44.81,-19.36,1
e,2022-11-01 17:21:40.941344,-0.06,-0.71,0.71,1.10,1.89,2.32,-3.86,44.81,-19.36,1
e,2022-11-01 17:21:40.941496,-0.06,-0.71,0.71,1.34,1.89,2.50,-3.86,44.81,-19.36,1
e,2022-11-01 17:21:40.941647,-0.06,-0.71,0.71,1.10,1.89,2.44,-3.55,44.86,-20.37,1
e,2022-11-01 17:21:40.941805,-0.06,-0.71,0.70,1.04,1.89,2.32,-3.55,44.86,-20.37,1
e,2022-11-01 17:21:40.941956,-0.06,-0.71,0.71,1.16,1.95,2.50,-3.55,44.86,-20.37,1
e,2022-11-01 17:21:40.942112,-0.06,-0.71,0.71,1.04,2.01,2.56,-4.13,44.09,-21.29,1
e,2022-11-01 17:21:40.942264,-0.06,-0.71,0.71,1.16,1.89,2.56,-4.13,44.09,-21.29,1
e,2022-11-01 17:21:40.942421,-0.06,-0.71,0.71,1.22,1.77,2.44,-4.13,44.09,-21.29,1
e,2022-11-01 17:21:40.942572,-0.06,-0.71,0.71,0.79,1.95,2.32,-4.53,44.67,-20.35,1
e,2022-11-01 17:21:40.942723,-0.06,-0.71,0.71,1.22,1.83,2.44,-4.53,44.67,-20.35,1
e,2022-11-01 17:21:40.942880,-0.06,-0.71,0.71,1.16,1.89,2.56,-4.28,44.79,-20.95,1
e,2022-11-01 17:21:40.943033,-0.06,-0.71,0.71,0.92,1.95,2.38,-4.28,44.79,-20.95,1
e,2022-11-01 17:21:40.943193,-0.06,-0.71,0.71,1.16,1.95,2.26,-4.28,44.79,-20.95,1
e,2022-11-01 17:21:40.943369,-0.06,-0.71,0.71,1.34,1.83,2.50,-4.20,44.93,-20.76,1
e,2022-11-01 17:21:40.943536,-0.06,-0.71,0.71,1.04,1.89,2.38,-4.20,44.93,-20.76,1
e,2022-11-01 17:21:40.943693,-0.06,-0.71,0.71,1.28,1.77,2.50,-4.20,44.93,-20.76,1
e,2022-11-01 17:21:40.943866,-0.06,-0.71,0.71,1.10,1.95,2.44,-3.63,44.03,-20.84,1
e,2022-11-01 17:21:40.944025,-0.06,-0.71,0.71,1.10,2.01,2.44,-3.63,44.03,-20.84,1
e,2022-11-01 17:21:40.944192,-0.06,-0.70,0.71,1.04,1.89,2.38,-3.63,44.03,-20.84,1
e,2022-11-01 17:21:40.944349,-0.06,-0.71,0.70,0.98,1.77,2.32,-4.08,44.64,-20.32,1
e,2022-11-01 17:21:40.944517,-0.06,-0.71,0.71,1.22,1.83,2.56,-4.08,44.64,-20.32,1
e,2022-11-01 17:21:40.944681,-0.06,-0.71,0.71,1.34,1.95,2.44,-3.66,45.15,-20.67,1
e,2022-11-01 17:21:40.944848,-0.06,-0.71,0.71,1.10,2.01,2.26,-3.66,45.15,-20.67,1
e,2022-11-01 17:21:40.945000,-0.06,-0.71,0.71,1.22,1.89,2.44,-3.66,45.15,-20.67,1
e,2022-11-01 17:21:40.945159,-0.06,-0.70,0.71,1.04,1.89,2.38,-3.47,44.76,-21.06,1
e,2022-11-01 17:21:40.945313,-0.06,-0.71,0.71,1.28,1.95,2.44,-3.47,44.76,-21.06,1
e,2022-11-01 17:21:40.945467,-0.06,-0.71,0.71,1.22,1.95,2.44,-3.47,44.76,-21.06,1
e,2022-11-01 17:21:40.945626,-0.06,-0.71,0.71,1.10,1.83,2.50,-4.13,45.02,-21.29,1
e,2022-11-01 17:21:40.945780,-0.06,-0.71,0.71,1.10,1.77,2.50,-4.13,45.02,-21.29,1
e,2022-11-01 17:21:40.945937,-0.06,-0.71,0.71,0.92,2.08,2.44,-4.13,45.02,-21.29,1
e,2022-11-01 17:21:40.946089,-0.06,-0.70,0.70,0.98,1.77,2.32,-3.31,44.82,-21.31,1
e,2022-11-01 17:21:40.946244,-0.06,-0.71,0.71,1.04,1.77,2.38,-3.31,44.82,-21.31,1
e,2022-11-01 17:21:40.946395,-0.06,-0.70,0.71,1.28,2.01,2.50,-3.77,45.07,-20.58,1
e,2022-11-01 17:21:40.946547,-0.06,-0.70,0.71,1.10,1.89,2.38,-3.77,45.07,-20.58,1
e,2022-11-01 17:21:40.946703,-0.06,-0.71,0.70,1.22,1.95,2.44,-3.77,45.07,-20.58,1
e,2022-11-01 17:21:40.946856,-0.06,-0.71,0.71,1.34,1.89,2.50,-4.19,44.91,-19.13,1
e,2022-11-01 17:21:40.947009,-0.06,-0.71,0.71,1.46,2.01,2.62,-4.19,44.91,-19.13,1
e,2022-11-01 17:21:40.947160,-0.06,-0.70,0.71,1.22,1.89,2.56,-4.19,44.91,-19.13,1
e,2022-11-01 17:21:40.947310,-0.06,-0.70,0.71,0.98,1.95,2.50,-4.04,45.17,-20.53,1
e,2022-11-01 17:21:40.947465,-0.06,-0.71,0.71,0.98,1.89,2.50,-4.04,45.17,-20.53,1
e,2022-11-01 17:21:40.947616,-0.06,-0.70,0.71,1.16,1.95,2.32,-4.04,45.17,-20.53,1
e,2022-11-01 17:21:40.947771,-0.06,-0.70,0.71,1.28,1.89,2.50,-4.19,44.96,-20.73,1
e,2022-11-01 17:21:40.947923,-0.06,-0.71,0.71,0.85,2.01,2.32,-4.19,44.96,-20.73,1
e,2022-11-01 17:21:40.948077,-0.06,-0.71,0.71,1.16,1.95,2.50,-3.82,44.92,-19.13,1
e,2022-11-01 17:21:40.948232,-0.06,-0.71,0.71,1.04,1.83,2.38,-3.82,44.92,-19.13,1
e,2022-11-01 17:21:40.948384,-0.06,-0.70,0.70,1.16,1.95,2.32,-3.82,44.92,-19.13,1
e,2022-11-01 17:21:40.948538,-0.06,-0.71,0.71,1.16,1.77,2.56,-3.32,44.86,-21.07,1
e,2022-11-01 17:21:40.948692,-0.06,-0.71,0.71,1.22,2.01,2.50,-3.32,44.86,-21.07,1
e,2022-11-01 17:21:40.948849,-0.06,-0.71,0.70,1.04,1.95,2.50,-3.32,44.86,-21.07,1
e,2022-11-01 17:21:40.949000,-0.06,-0.71,0.71,1.10,1.89,2.44,-3.39,45.02,-20.51,1
e,2022-11-01 17:21:40.949152,-0.06,-0.71,0.71,1.04,1.95,2.38,-3.39,45.02,-20.51,1
e,2022-11-01 17:21:40.949306,-0.06,-0.71,0.71,0.85,1.83,2.32,-3.39,45.02,-20.51,1
e,2022-11-01 17:21:40.949455,-0.06,-0.70,0.71,1.22,1.77,2.50,-3.77,44.54,-18.90,1
e,2022-11-01 17:21:40.949610,-0.06,-0.71,0.71,1.22,1.89,2.50,-3.77,44.54,-18.90,1
e,2022-11-01 17:21:40.949799,-0.06,-0.70,0.71,1.16,2.08,2.32,-3.99,45.39,-19.58,1
e,2022-11-01 17:21:40.949953,-0.06,-0.70,0.71,1.04,1.89,2.44,-3.99,45.39,-19.58,1
e,2022-11-01 17:21:40.950104,-0.06,-0.70,0.71,1.22,1.89,2.44,-3.99,45.39,-19.58,1
e,2022-11-01 17:21:40.950253,-0.06,-0.70,0.70,0.98,1.95,2.50,-3.76,44.96,-19.51,1
e,2022-11-01 17:21:40.950409,-0.06,-0.71,0.71,1.28,2.08,2.38,-3.76,44.96,-19.51,1
e,2022-11-01 17:21:40.950562,-0.06,-0.71,0.71,1.34,1.89,2.50,-3.76,44.96,-19.51,1
e,2022-11-01 17:21:40.950715,-0.06,-0.70,0.71,1.16,1.89,2.38,-3.66,44.76,-19.98,1
e,2022-11-01 17:21:40.950866,-0.06,-0.70,0.71,1.22,1.95,2.44,-3.66,44.76,-19.98,1
e,2022-11-01 17:21:40.951021,-0.06,-0.71,0.71,1.16,2.08,2.38,-3.66,44.76,-19.98,1
e,2022-11-01 17:21:40.951174,-0.06,-0.71,0.71,0.98,1.77,2.32,-3.91,44.91,-18.65,1
e,2022-11-01 17:21:40.951325,-0.06,-0.71,0.71,1.16,2.14,2.44,-3.91,44.91,-18.65,1
e,2022-11-01 17:21:40.951481,-0.06,-0.70,0.71,1.16,1.89,2.50,-3.47,44.95,-19.12,1
e,2022-11-01 17:21:40.951633,-0.06,-0.71,0.71,1.28,1.95,2.62,-3.47,44.95,-19.12,1
e,2022-11-01 17:21:40.951789,-0.06,-0.70,0.71,1.16,2.01,2.50,-3.47,44.95,-19.12,1
e,2022-11-01 17:21:40.951940,-0.06,-0.71,0.70,1.22,1.95,2.38,-3.83,45.25,-20.83,1
e,2022-11-01 17:21:40.952091,-0.06,-0.71,0.71,1.28,2.08,2.44,-3.83,45.25,-20.83,1
e,2022-11-01 17:21:40.952245,-0.06,-0.71,0.70,1.22,1.89,2.38,-3.83,45.25,-20.83,1
e,2022-11-01 17:21:40.952396,-0.06,-0.71,0.71,1.10,1.95,2.62,-3.52,45.01,-20.24,1
e,2022-11-01 17:21:40.952554,-0.06,-0.71,0.71,1.34,1.95,2.32,-3.52,45.01,-20.24,1
e,2022-11-01 17:21:40.952708,-0.06,-0.70,0.71,1.16,1.83,2.44,-3.52,45.01,-20.24,1
e,2022-11-01 17:21:40.952867,-0.06,-0.70,0.71,1.16,1.83,2.26,-3.58,45.02,-19.73,1
e,2022-11-01 17:21:40.953019,-0.06,-0.71,0.71,0.85,1.95,2.44,-3.58,45.02,-19.73,1
e,2022-11-01 17:21:40.953172,-0.06,-0.71,0.71,1.28,1.83,2.56,-3.76,44.95,-19.76,1
e,2022-11-01 17:21:40.953388,-0.06,-0.71,0.71,1.46,1.83,2.56,-3.76,44.95,-19.76,1
e,2022-11-01 17:21:40.953545,-0.06,-0.71,0.71,1.22,1.95,2.56,-3.76,44.95,-19.76,1
e,2022-11-01 17:21:40.953705,-0.06,-0.71,0.71,1.22,1.77,2.44,-3.67,44.81,-20.25,1
e,2022-11-01 17:21:40.953860,-0.06,-0.71,0.71,1.10,1.89,2.44,-3.67,44.81,-20.25,1
e,2022-11-01 17:21:40.954018,-0.06,-0.71,0.71,1.46,2.08,2.56,-3.67,44.81,-20.25,1
e,2022-11-01 17:21:40.954180,-0.06,-0.71,0.71,0.98,1.89,2.26,-3.98,44.48,-20.14,1
e,2022-11-01 17:21:40.954336,-0.06,-0.71,0.71,1.34,1.77,2.50,-3.98,44.48,-20.14,1
e,2022-11-01 17:21:40.954501,-0.06,-0.71,0.71,1.10,1.89,2.38,-3.98,44.48,-20.14,1
e,2022-11-01 17:21:40.954656,-0.06,-0.70,0.71,1.04,1.83,2.50,-3.98,44.70,-20.31,1
e,2022-11-01 17:21:40.954813,-0.06,-0.70,0.71,1.34,1.77,2.50,-3.98,44.70,-20.31,1
e,2022-11-01 17:21:40.954977,-0.06,-0.70,0.71,1.28,1.83,2.44,-3.83,44.48,-19.43,1
e,2022-11-01 17:21:40.955131,-0.06,-0.70,0.71,1.16,1.77,2.50,-3.83,44.48,-19.43,1
e,2022-11-01 17:21:40.955302,-0.06,-0.70,0.71,0.98,2.08,2.32,-3.83,44.48,-19.43,1
e,2022-11-01 17:21:40.955459,-0.06,-0.71,0.71,1.10,1.89,2.38,-3.98,45.00,-20.70,1
e,2022-11-01 17:21:40.955610,-0.06,-0.70,0.71,1.28,1.89,2.69,-3.98,45.00,-20.70,1
e,2022-11-01 17:21:40.955858,-0.06,-0.71,0.71,1.22,1.95,2.44,-3.98,45.00,-20.70,1
e,2022-11-01 17:21:40.956019,-0.06,-0.70,0.71,1.22,1.95,2.44,-4.10,45.12,-19.31,1
e,2022-11-01 17:21:40.956179,-0.06,-0.71,0.71,1.28,1.95,2.50,-4.10,45.12,-19.31,1
e,2022-11-01 17:21:40.956331,-0.06,-0.70,0.71,1.16,2.01,2.44,-4.10,45.12,-19.31,1
e,2022-11-01 17:21:40.956489,-0.06,-0.71,0.71,1.10,1.89,2.44,-3.81,44.56,-19.40,1
e,2022-11-01 17:21:40.956643,-0.06,-0.70,0.71,1.10,1.95,2.62,-3.81,44.56,-19.40,1
e,2022-11-01 17:21:40.956843,-0.06,-0.71,0.71,0.92,2.01,2.44,-3.76,44.98,-19.95,1
e,2022-11-01 17:21:40.957045,-0.06,-0.70,0.71,1.16,1.89,2.56,-3.76,44.98,-19.95,1
e,2022-11-01 17:21:40.957201,-0.06,-0.71,0.71,1.22,1.89,2.56,-3.76,44.98,-19.95,1
e,2022-11-01 17:21:40.957361,-0.06,-0.70,0.71,1.28,2.01,2.44,-4.25,45.21,-20.98,1
e,2022-11-01 17:21:40.957514,-0.06,-0.70,0.71,1.04,1.83,2.38,-4.25,45.21,-20.98,1
e,2022-11-01 17:21:40.957694,-0.06,-0.70,0.70,1.22,2.01,2.50,-4.25,45.21,-20.98,1
e,2022-11-01 17:21:40.957854,-0.06,-0.70,0.70,1.22,1.77,2.32,-3.74,44.93,-19.18,1
e,2022-11-01 17:21:40.958010,-0.06,-0.70,0.71,1.22,1.89,2.38,-3.74,44.93,-19.18,1
e,2022-11-01 17:21:40.958169,-0.06,-0.71,0.71,1.22,1.83,2.50,-3.74,44.93,-19.18,1
e,2022-11-01 17:21:40.958323,-0.06,-0.70,0.71,1.16,1.83,2.50,-4.49,44.98,-20.00,1
e,2022-11-01 17:21:40.958483,-0.06,-0.71,0.71,1.28,1.95,2.50,-4.49,44.98,-20.00,1
e,2022-11-01 17:21:40.958636,-0.06,-0.70,0.71,1.22,1.95,2.44,-4.03,45.48,-20.83,1
e,2022-11-01 17:21:40.958789,-0.06,-0.71,0.71,0.85,2.08,2.26,-4.03,45.48,-20.83,1
e,2022-11-01 17:21:40.958948,-0.06,-0.71,0.71,1.04,2.01,2.44,-4.03,45.48,-20.83,1
e,2022-11-01 17:21:40.959104,-0.06,-0.71,0.71,1.28,1.89,2.38,-3.98,45.06,-20.30,1
e,2022-11-01 17:21:40.959267,-0.06,-0.71,0.71,1.34,1.95,2.50,-3.98,45.06,-20.30,1
e,2022-11-01 17:21:40.959420,-0.06,-0.70,0.71,1.28,1.95,2.50,-3.98,45.06,-20.30,1
e,2022-11-01 17:21:40.959579,-0.06,-0.71,0.71,1.22,1.89,2.50,-3.99,45.39,-20.41,1
e,2022-11-01 17:21:40.959732,-0.06,-0.70,0.71,1.22,1.89,2.50,-3.99,45.39,-20.41,1
e,2022-11-01 17:21:40.959886,-0.06,-0.71,0.71,1.28,1.95,2.56,-3.99,45.39,-20.41,1
e,2022-11-01 17:21:40.960045,-0.06,-0.71,0.71,1.16,1.83,2.32,-4.09,45.23,-19.31,1
e,2022-11-01 17:21:40.960198,-0.06,-0.71,0.71,1.04,1.89,2.32,-4.09,45.23,-19.31,1
e,2022-11-01 17:21:40.960356,-0.06,-0.71,0.71,1.22,1.95,2.50,-3.86,44.85,-19.78,1
e,2022-11-01 17:21:40.960508,-0.06,-0.71,0.71,1.10,2.01,2.32,-3.86,44.85,-19.78,1
e,2022-11-01 17:21:40.960660,-0.06,-0.71,0.71,1.10,1.89,2.50,-3.86,44.85,-19.78,1
e,2022-11-01 17:21:40.960816,-0.06,-0.71,0.71,1.22,1.95,2.50,-4.17,44.54,-20.20,1
e,2022-11-01 17:21:40.960968,-0.06,-0.70,0.70,1.28,2.01,2.62,-4.17,44.54,-20.20,1
e,2022-11-01 17:21:40.961124,-0.06,-0.71,0.71,1.16,2.08,2.38,-4.17,44.54,-20.20,1
e,2022-11-01 17:21:40.961277,-0.06,-0.70,0.71,1.28,1.95,2.56,-3.58,45.35,-20.12,1
e,2022-11-01 17:21:40.961435,-0.06,-0.70,0.71,1.22,1.89,2.50,-3.58,45.35,-20.12,1
e,2022-11-01 17:21:40.961589,-0.06,-0.71,0.71,1.34,2.01,2.50,-3.58,45.35,-20.12,1
e,2022-11-01 17:21:40.961741,-0.06,-0.71,0.71,1.10,1.89,2.32,-4.08,45.12,-18.66,1
e,2022-11-01 17:21:40.961898,-0.06,-0.71,0.71,1.16,1.95,2.50,-4.08,45.12,-18.66,1
e,2022-11-01 17:21:40.962053,-0.06,-0.71,0.71,1.22,2.01,2.50,-3.78,44.56,-18.92,1
e,2022-11-01 17:21:40.962210,-0.06,-0.71,0.71,1.04,2.01,2.26,-3.78,44.56,-18.92,1
e,2022-11-01 17:21:40.962362,-0.06,-0.71,0.71,1.22,1.89,2.44,-3.78,44.56,-18.92,1
e,2022-11-01 17:21:40.962514,-0.06,-0.70,0.70,1.04,1.83,2.62,-3.39,45.51,-20.40,1
e,2022-11-01 17:21:40.962670,-0.06,-0.71,0.71,1.40,1.89,2.44,-3.39,45.51,-20.40,1
e,2022-11-01 17:21:40.962823,-0.06,-0.70,0.71,1.34,1.83,2.62,-3.39,45.51,-20.40,1
e,2022-11-01 17:21:40.962980,-0.06,-0.70,0.71,1.16,1.95,2.50,-3.59,44.68,-19.74,1
e,2022-11-01 17:21:40.963132,-0.06,-0.71,0.71,1.28,1.95,2.38,-3.59,44.68,-19.74,1
e,2022-11-01 17:21:40.963288,-0.06,-0.70,0.71,1.10,1.89,2.50,-3.59,44.68,-19.74,1
e,2022-11-01 17:21:40.963443,-0.06,-0.71,0.71,1.10,1.77,2.20,-3.96,45.13,-19.17,1
e,2022-11-01 17:21:40.963596,-0.06,-0.70,0.71,1.22,2.01,2.38,-3.96,45.13,-19.17,1
e,2022-11-01 17:21:40.963753,-0.06,-0.71,0.71,0.98,1.83,2.38,-3.47,45.25,-20.02,1
e,2022-11-01 17:21:40.963908,-0.06,-0.71,0.71,1.34,1.83,2.38,-3.47,45.25,-20.02,1
e,2022-11-01 17:21:40.964066,-0.06,-0.71,0.71,1.46,2.01,2.50,-3.47,45.25,-20.02,1
e,2022-11-01 17:21:40.964218,-0.06,-0.70,0.71,1.28,1.83,2.50,-3.80,45.62,-19.48,1
e,2022-11-01 17:21:40.964379,-0.06,-0.71,0.71,1.40,1.77,2.56,-3.80,45.62,-19.48,1
e,2022-11-01 17:21:40.964533,-0.06,-0.71,0.71,1.16,1.83,2.56,-3.80,45.62,-19.48,1
e,2022-11-01 17:21:40.964685,-0.06,-0.70,0.71,1.46,2.08,2.44,-4.24,45.18,-19.78,1
e,2022-11-01 17:21:40.964843,-0.06,-0.70,0.71,1.16,1.89,2.56,-4.24,45.18,-19.78,1
e,2022-11-01 17:21:40.964997,-0.06,-0.70,0.71,1.34,1.95,2.50,-4.24,45.18,-19.78,1
e,2022-11-01 17:21:40.965155,-0.06,-0.71,0.71,0.98,1.83,2.32,-3.97,44.79,-20.07,1
e,2022-11-01 17:21:40.965309,-0.06,-0.70,0.71,1.28,1.83,2.50,-3.97,44.79,-20.07,1
e,2022-11-01 17:21:40.965514,-0.06,-0.71,0.71,1.28,1.83,2.50,-4.13,44.73,-19.20,1
e,2022-11-01 17:21:40.965672,-0.06,-0.70,0.71,1.22,2.01,2.62,-4.13,44.73,-19.20,1
e,2022-11-01 17:21:40.965828,-0.06,-0.70,0.71,1.22,1.83,2.44,-4.13,44.73,-19.20,1
e,2022-11-01 17:21:40.965990,-0.06,-0.70,0.71,1.10,2.01,2.44,-4.03,45.19,-19.75,1
e,2022-11-01 17:21:40.966146,-0.06,-0.70,0.71,1.22,2.01,2.44,-4.03,45.19,-19.75,1
e,2022-11-01 17:21:40.966301,-0.06,-0.70,0.71,1.10,1.89,2.38,-4.03,45.19,-19.75,1
e,2022-11-01 17:21:40.966462,-0.06,-0.71,0.71,1.34,1.83,2.50,-4.20,45.12,-19.26,1
e,2022-11-01 17:21:40.966614,-0.06,-0.70,0.71,1.04,2.01,2.44,-4.20,45.12,-19.26,1
e,2022-11-01 17:21:40.966773,-0.06,-0.70,0.71,1.28,1.95,2.50,-4.20,45.12,-19.26,1
e,2022-11-01 17:21:40.966926,-0.06,-0.70,0.71,0.98,1.77,2.32,-3.89,45.01,-19.34,1
e,2022-11-01 17:21:40.967083,-0.06,-0.70,0.71,1.04,1.95,2.44,-3.89,45.01,-19.34,1
e,2022-11-01 17:21:40.967239,-0.06,-0.70,0.71,1.10,2.01,2.50,-4.04,45.75,-19.76,1
e,2022-11-01 17:21:40.967390,-0.06,-0.71,0.71,1.22,2.08,2.50,-4.04,45.75,-19.76,1
e,2022-11-01 17:21:40.967550,-0.06,-0.70,0.71,1.34,1.89,2.62,-4.04,45.75,-19.76,1
e,2022-11-01 17:21:40.967703,-0.06,-0.71,0.71,1.28,1.89,2.44,-3.37,45.21,-19.82,1
e,2022-11-01 17:21:40.967861,-0.06,-0.71,0.71,1.28,1.83,2.44,-3.37,45.21,-19.82,1
e,2022-11-01 17:21:40.968014,-0.06,-0.70,0.71,1.16,1.95,2.50,-3.37,45.21,-19.82,1
e,2022-11-01 17:21:40.968169,-0.06,-0.70,0.71,0.92,1.77,2.32,-3.80,45.14,-18.98,1
e,2022-11-01 17:21:40.968334,-0.06,-0.71,0.71,1.10,1.89,2.32,-3.80,45.14,-18.98,1
e,2022-11-01 17:21:40.968489,-0.06,-0.70,0.71,1.16,1.89,2.38,-3.80,45.14,-18.98,1
e,2022-11-01 17:21:40.968645,-0.06,-0.70,0.71,1.22,1.65,2.44,-3.72,45.19,-20.13,1
e,2022-11-01 17:21:40.968798,-0.06,-0.70,0.71,1.04,1.95,2.38,-3.72,45.19,-20.13,1
e,2022-11-01 17:21:40.968954,-0.06,-0.71,0.71,1.16,1.89,2.50,-3.93,45.26,-20.37,1
e,2022-11-01 17:21:40.969125,-0.06,-0.71,0.71,1.10,1.89,2.44,-3.93,45.26,-20.37,1
e,2022-11-01 17:21:40.969279,-0.06,-0.70,0.71,1.16,1.95,2.32,-3.93,45.26,-20.37,1
e,2022-11-01 17:21:40.969479,-0.06,-0.71,0.71,1.22,1.71,2.38,-3.69,44.86,-20.85,1
e,2022-11-01 17:21:40.969635,-0.06,-0.71,0.71,1.16,1.95,2.38,-3.69,44.86,-20.85,1
e,2022-11-01 17:21:40.969791,-0.06,-0.71,0.71,1.28,1.89,2.50,-3.69,44.86,-20.85,1
e,2022-11-01 17:21:40.969962,-0.06,-0.70,0.71,0.98,1.71,2.26,-3.99,45.21,-20.78,1
e,2022-11-01 17:21:40.970115,-0.06,-0.71,0.71,1.40,1.95,2.50,-3.99,45.21,-20.78,1
e,2022-11-01 17:21:40.970279,-0.06,-0.71,0.71,1.22,1.89,2.38,-3.99,45.21,-20.78,1
e,2022-11-01 17:21:40.970431,-0.06,-0.70,0.71,1.16,2.01,2.56,-3.70,45.30,-20.20,1
e,2022-11-01 17:21:40.970589,-0.06,-0.71,0.71,1.28,1.95,2.50,-3.70,45.30,-20.20,1
e,2022-11-01 17:21:40.970741,-0.06,-0.71,0.71,1.28,1.89,2.44,-4.08,45.34,-20.58,1
e,2022-11-01 17:21:40.970891,-0.06,-0.70,0.71,0.98,1.89,2.26,-4.08,45.34,-20.58,1
e,2022-11-01 17:21:40.971069,-0.06,-0.70,0.71,1.10,1.83,2.26,-4.08,45.34,-20.58,1
e,2022-11-01 17:21:40.971223,-0.06,-0.70,0.71,1.28,1.95,2.44,-3.74,44.82,-20.59,1
e,2022-11-01 17:21:40.971382,-0.06,-0.70,0.71,1.22,1.95,2.56,-3.74,44.82,-20.59,1
e,2022-11-01 17:21:40.971533,-0.06,-0.70,0.71,1.16,1.95,2.44,-3.74,44.82,-20.59,1
e,2022-11-01 17:21:40.971686,-0.06,-0.70,0.71,0.92,1.95,2.44,-4.24,45.45,-20.68,1
e,2022-11-01 17:21:40.971841,-0.06,-0.71,0.71,1.16,2.08,2.44,-4.24,45.45,-20.68,1
e,2022-11-01 17:21:40.971991,-0.06,-0.70,0.71,1.04,2.01,2.44,-4.24,45.45,-20.68,1
e,2022-11-01 17:21:40.972149,-0.06,-0.70,0.71,1.16,1.95,2.44,-3.60,45.53,-19.78,1
e,2022-11-01 17:21:40.972302,-0.06,-0.70,0.71,1.04,1.89,2.44,-3.60,45.53,-19.78,1
e,2022-11-01 17:21:40.972467,-0.06,-0.71,0.71,1.04,2.08,2.44,-3.74,44.84,-20.72,1
e,2022-11-01 17:21:40.972626,-0.06,-0.70,0.71,1.16,1.89,2.50,-3.74,44.84,-20.72,1
e,2022-11-01 17:21:40.972782,-0.06,-0.71,0.71,1.28,1.95,2.56,-3.74,44.84,-20.72,1
e,2022-11-01 17:21:40.973022,-0.06,-0.70,0.71,1.16,1.71,2.32,-3.86,45.00,-20.18,1
e,2022-11-01 17:21:40.973177,-0.06,-0.70,0.71,1.22,1.83,2.26,-3.86,45.00,-20.18,1
e,2022-11-01 17:21:40.973332,-0.06,-0.70,0.71,1.28,1.77,2.38,-3.86,45.00,-20.18,1
e,2022-11-01 17:21:40.973622,-0.06,-0.70,0.71,1.22,1.77,2.44,-3.87,45.76,-20.79,1
e,2022-11-01 17:21:40.973786,-0.06,-0.70,0.71,1.16,1.89,2.56,-3.87,45.76,-20.79,1
e,2022-11-01 17:21:40.973945,-0.06,-0.70,0.71,1.22,2.01,2.56,-3.87,45.76,-20.79,1
e,2022-11-01 17:21:40.974097,-0.06,-0.71,0.71,1.28,1.83,2.50,-3.99,45.59,-19.12,1
e,2022-11-01 17:21:40.974254,-0.06,-0.71,0.71,1.16,1.83,2.38,-3.99,45.59,-19.12,1
e,2022-11-01 17:21:40.974408,-0.06,-0.70,0.71,1.28,1.95,2.38,-3.93,45.09,-19.64,1
e,2022-11-01 17:21:40.974565,-0.06,-0.71,0.71,1.10,1.89,2.38,-3.93,45.09,-19.64,1
e,2022-11-01 17:21:40.974718,-0.06,-0.71,0.71,1.22,1.83,2.44,-3.93,45.09,-19.64,1
e,2022-11-01 17:21:40.974872,-0.06,-0.70,0.71,1.10,1.89,2.32,-4.54,45.24,-21.24,1
e,2022-11-01 17:21:40.975027,-0.06,-0.70,0.71,1.22,1.83,2.44,-4.54,45.24,-21.24,1
e,2022-11-01 17:21:40.975178,-0.06,-0.70,0.71,1.16,2.08,2.44,-4.54,45.24,-21.24,1
e,2022-11-01 17:21:40.975333,-0.06,-0.70,0.71,0.98,1.89,2.32,-3.42,45.40,-19.84,1
e,2022-11-01 17:21:40.975484,-0.06,-0.70,0.71,1.28,1.89,2.32,-3.42,45.40,-19.84,1
e,2022-11-01 17:21:40.975637,-0.06,-0.70,0.71,1.22,2.01,2.50,-3.42,45.40,-19.84,1
e,2022-11-01 17:21:40.975794,-0.06,-0.70,0.71,1.16,1.89,2.26,-3.93,45.31,-20.52,1
e,2022-11-01 17:21:40.975945,-0.06,-0.70,0.71,1.16,2.01,2.50,-3.93,45.31,-20.52,1
e,2022-11-01 17:21:40.976100,-0.06,-0.70,0.71,1.04,2.01,2.38,-3.70,44.81,-20.50,1
e,2022-11-01 17:21:40.976251,-0.06,-0.70,0.71,1.28,1.83,2.38,-3.70,44.81,-20.50,1
e,2022-11-01 17:21:40.976407,-0.06,-0.70,0.71,1.22,2.01,2.44,-3.70,44.81,-20.50,1
e,2022-11-01 17:21:40.976557,-0.06,-0.70,0.71,0.98,2.01,2.44,-4.09,45.24,-19.52,1
e,2022-11-01 17:21:40.976707,-0.06,-0.70,0.71,1.22,2.01,2.38,-4.09,45.24,-19.52,1
e,2022-11-01 17:21:40.976862,-0.06,-0.70,0.71,1.22,1.89,2.38,-4.09,45.24,-19.52,1
e,2022-11-01 17:21:40.977013,-0.06,-0.70,0.71,0.98,1.71,2.44,-4.06,45.03,-20.30,1
e,2022-11-01 17:21:40.977170,-0.06,-0.70,0.71,1.16,2.08,2.56,-4.06,45.03,-20.30,1
e,2022-11-01 17:21:40.977321,-0.06,-0.70,0.71,1.34,1.83,2.50,-4.06,45.03,-20.30,1
e,2022-11-01 17:21:40.977474,-0.06,-0.70,0.71,0.92,1.77,2.20,-3.94,44.84,-18.90,1
e,2022-11-01 17:21:40.977630,-0.06,-0.71,0.71,1.10,1.89,2.56,-3.94,44.84,-18.90,1
e,2022-11-01 17:21:40.977785,-0.06,-0.70,0.71,1.16,1.71,2.44,-4.33,44.95,-19.92,1
e,2022-11-01 17:21:40.977951,-0.06,-0.71,0.71,1.16,1.89,2.62,-4.33,44.95,-19.92,1
e,2022-11-01 17:21:40.978105,-0.06,-0.70,0.71,1.16,1.89,2.44,-4.33,44.95,-19.92,1
e,2022-11-01 17:21:40.978262,-0.06,-0.70,0.71,1.28,1.89,2.50,-3.36,45.19,-20.37,1
e,2022-11-01 17:21:40.978412,-0.06,-0.70,0.71,1.16,1.77,2.38,-3.36,45.19,-20.37,1
e,2022-11-01 17:21:40.978564,-0.06,-0.71,0.71,1.34,2.01,2.50,-3.36,45.19,-20.37,1
e,2022-11-01 17:21:40.978720,-0.06,-0.70,0.71,0.98,1.77,2.38,-3.76,45.14,-19.73,1
e,2022-11-01 17:21:40.978873,-0.06,-0.71,0.71,1.10,2.01,2.62,-3.76,45.14,-19.73,1
e,2022-11-01 17:21:40.979028,-0.06,-0.70,0.71,1.10,1.89,2.44,-3.76,45.14,-19.73,1
e,2022-11-01 17:21:40.979179,-0.06,-0.70,0.71,1.16,1.89,2.38,-4.17,44.81,-19.36,1
e,2022-11-01 17:21:40.979330,-0.06,-0.70,0.71,1.16,1.83,2.44,-4.17,44.81,-19.36,1
e,2022-11-01 17:21:40.979486,-0.06,-0.71,0.71,1.28,1.89,2.69,-4.06,44.91,-20.18,1
e,2022-11-01 17:21:40.979639,-0.06,-0.70,0.71,1.34,1.89,2.50,-4.06,44.91,-20.18,1
e,2022-11-01 17:21:40.979794,-0.06,-0.71,0.71,1.22,1.89,2.44,-4.06,44.91,-20.18,1
e,2022-11-01 17:21:40.979946,-0.06,-0.71,0.71,1.22,1.89,2.69,-4.10,45.20,-20.41,1
e,2022-11-01 17:21:40.980097,-0.06,-0.70,0.71,1.28,1.89,2.62,-4.10,45.20,-20.41,1
e,2022-11-01 17:21:40.980251,-0.06,-0.70,0.71,1.34,1.89,2.38,-4.10,45.20,-20.41,1
e,2022-11-01 17:21:40.980402,-0.06,-0.70,0.71,0.98,1.89,2.32,-4.28,45.01,-19.35,1
e,2022-11-01 17:21:40.980562,-0.06,-0.70,0.71,1.16,1.95,2.32,-4.28,45.01,-19.35,1
e,2022-11-01 17:21:40.980714,-0.06,-0.71,0.71,1.34,1.83,2.44,-4.28,45.01,-19.35,1
e,2022-11-01 17:21:40.980874,-0.06,-0.70,0.71,1.16,1.65,2.26,-3.59,45.09,-18.80,1
e,2022-11-01 17:21:40.981053,-0.06,-0.70,0.71,1.22,1.89,2.44,-3.59,45.09,-18.80,1
e,2022-11-01 17:21:40.981208,-0.06,-0.71,0.71,1.22,1.83,2.44,-3.56,45.39,-20.09,1
e,2022-11-01 17:21:40.981365,-0.06,-0.70,0.71,1.10,1.83,2.32,-3.56,45.39,-20.09,1
e,2022-11-01 17:21:40.981518,-0.06,-0.70,0.71,1.16,1.71,2.32,-3.56,45.39,-20.09,1
e,2022-11-01 17:21:40.981674,-0.06,-0.71,0.71,1.04,1.77,2.26,-4.13,45.19,-21.42,1
e,2022-11-01 17:21:40.981826,-0.06,-0.71,0.71,1.16,1.95,2.44,-4.13,45.19,-21.42,1
e,2022-11-01 17:21:40.981980,-0.06,-0.70,0.71,1.16,1.89,2.20,-4.13,45.19,-21.42,1
e,2022-11-01 17:21:40.982137,-0.06,-0.70,0.71,0.98,1.83,2.20,-3.28,44.63,-19.52,1
e,2022-11-01 17:21:40.982288,-0.06,-0.70,0.71,1.04,1.95,2.38,-3.28,44.63,-19.52,1
e,2022-11-01 17:21:40.982444,-0.06,-0.70,0.71,1.34,1.77,2.62,-3.28,44.63,-19.52,1
e,2022-11-01 17:21:40.982595,-0.06,-0.70,0.71,1.46,1.71,2.56,-3.93,45.09,-21.12,1
e,2022-11-01 17:21:40.982749,-0.06,-0.70,0.71,1.28,1.89,2.44,-3.93,45.09,-21.12,1
e,2022-11-01 17:21:40.982902,-0.06,-0.71,0.71,1.28,1.89,2.44,-4.14,45.75,-19.79,1
e,2022-11-01 17:21:40.983055,-0.06,-0.70,0.71,0.98,1.83,2.26,-4.14,45.75,-19.79,1
e,2022-11-01 17:21:40.983212,-0.06,-0.70,0.71,1.22,1.95,2.44,-4.14,45.75,-19.79,1
e,2022-11-01 17:21:40.983363,-0.06,-0.70,0.71,1.22,1.83,2.44,-3.74,44.78,-18.71,1
e,2022-11-01 17:21:40.983519,-0.06,-0.70,0.71,1.22,1.95,2.50,-3.74,44.78,-18.71,1
e,2022-11-01 17:21:40.983669,-0.06,-0.70,0.71,1.34,1.83,2.44,-3.74,44.78,-18.71,1
e,2022-11-01 17:21:40.983822,-0.06,-0.70,0.71,1.16,1.89,2.32,-4.33,44.93,-19.14,1
e,2022-11-01 17:21:40.983979,-0.06,-0.70,0.71,1.22,1.89,2.56,-4.33,44.93,-19.14,1
e,2022-11-01 17:21:40.984131,-0.06,-0.70,0.71,1.10,2.01,2.44,-4.33,44.93,-19.14,1
e,2022-11-01 17:21:40.984290,-0.06,-0.70,0.71,1.16,1.83,2.38,-4.17,44.93,-20.01,1
e,2022-11-01 17:21:40.984441,-0.06,-0.70,0.71,1.10,1.95,2.44,-4.17,44.93,-20.01,1
e,2022-11-01 17:21:40.984598,-0.06,-0.70,0.71,1.28,1.95,2.50,-4.10,45.01,-20.95,1
e,2022-11-01 17:21:40.984750,-0.06,-0.70,0.71,1.10,1.95,2.38,-4.10,45.01,-20.95,1
e,2022-11-01 17:21:40.984901,-0.06,-0.70,0.71,1.10,1.89,2.38,-4.10,45.01,-20.95,1
e,2022-11-01 17:21:40.985058,-0.06,-0.70,0.71,1.16,1.89,2.32,-3.38,45.42,-19.20,1
e,2022-11-01 17:21:40.985211,-0.06,-0.70,0.71,1.22,1.83,2.56,-3.38,45.42,-19.20,1
e,2022-11-01 17:21:40.985367,-0.06,-0.70,0.71,0.98,1.89,2.32,-3.38,45.42,-19.20,1
e,2022-11-01 17:21:40.985519,-0.06,-0.70,0.71,1.28,1.89,2.38,-4.16,45.02,-19.60,1
e,2022-11-01 17:21:40.985672,-0.06,-0.70,0.71,1.22,2.01,2.50,-4.16,45.02,-19.60,1
e,2022-11-01 17:21:40.985825,-0.06,-0.70,0.71,1.16,1.95,2.44,-4.16,45.02,-19.60,1
e,2022-11-01 17:21:40.985975,-0.06,-0.70,0.71,1.10,1.83,2.44,-4.26,44.91,-20.76,1
e,2022-11-01 17:21:40.986130,-0.06,-0.70,0.71,1.16,1.89,2.56,-4.26,44.91,-20.76,1
e,2022-11-01 17:21:40.986280,-0.06,-0.71,0.71,1.04,1.95,2.44,-4.06,45.06,-21.33,1
e,2022-11-01 17:21:40.986436,-0.06,-0.70,0.71,0.98,1.89,2.44,-4.06,45.06,-21.33,1
e,2022-11-01 17:21:40.986586,-0.06,-0.70,0.71,0.98,2.08,2.32,-4.06,45.06,-21.33,1
e,2022-11-01 17:21:40.986735,-0.06,-0.70,0.71,1.04,1.83,2.44,-3.74,45.32,-20.56,1
e,2022-11-01 17:21:40.986890,-0.06,-0.70,0.71,1.22,1.89,2.44,-3.74,45.32,-20.56,1
e,2022-11-01 17:21:40.987041,-0.06,-0.71,0.71,1.16,1.89,2.32,-3.74,45.32,-20.56,1
e,2022-11-01 17:21:40.987198,-0.06,-0.70,0.71,1.16,1.71,2.56,-4.37,45.17,-20.41,1
e,2022-11-01 17:21:40.987350,-0.06,-0.70,0.71,1.10,1.89,2.32,-4.37,45.17,-20.41,1
e,2022-11-01 17:21:40.987502,-0.06,-0.70,0.71,1.34,1.89,2.56,-4.37,45.17,-20.41,1
e,2022-11-01 17:21:40.987657,-0.06,-0.70,0.71,0.98,1.89,2.20,-3.66,44.92,-19.76,1
e,2022-11-01 17:21:40.987808,-0.06,-0.70,0.71,1.28,1.65,2.50,-3.66,44.92,-19.76,1
e,2022-11-01 17:21:40.987965,-0.06,-0.71,0.71,1.10,1.89,2.44,-4.20,44.59,-19.46,1
e,2022-11-01 17:21:40.988119,-0.06,-0.70,0.71,1.22,1.77,2.50,-4.20,44.59,-19.46,1
e,2022-11-01 17:21:40.988274,-0.06,-0.70,0.71,1.22,1.89,2.26,-4.20,44.59,-19.46,1
e,2022-11-01 17:21:40.988430,-0.06,-0.70,0.71,1.22,1.83,2.38,-4.00,45.14,-20.00,1
e,2022-11-01 17:21:40.988585,-0.06,-0.70,0.71,1.28,2.01,2.38,-4.00,45.14,-20.00,1
e,2022-11-01 17:21:40.988745,-0.06,-0.70,0.71,1.28,2.14,2.50,-4.00,45.14,-20.00,1
e,2022-11-01 17:21:40.988897,-0.06,-0.70,0.71,1.16,1.89,2.44,-4.41,44.85,-20.67,1
e,2022-11-01 17:21:40.989053,-0.06,-0.70,0.71,1.22,2.14,2.56,-4.41,44.85,-20.67,1
e,2022-11-01 17:21:40.989207,-0.06,-0.70,0.71,1.16,1.95,2.50,-4.41,44.85,-20.67,1
e,2022-11-01 17:21:40.989360,-0.06,-0.70,0.71,1.10,1.95,2.38,-3.96,44.53,-19.97,1
e,2022-11-01 17:21:40.989523,-0.06,-0.70,0.71,1.10,2.20,2.50,-3.96,44.53,-19.97,1
e,2022-11-01 17:21:40.989674,-0.06,-0.70,0.71,1.10,1.95,2.56,-4.06,45.12,-21.41,1
e,2022-11-01 17:21:40.989832,-0.06,-0.70,0.71,1.10,1.83,2.44,-4.06,45.12,-21.41,1
e,2022-11-01 17:21:40.989985,-0.06,-0.71,0.71,1.28,1.77,2.50,-4.06,45.12,-21.41,1
e,2022-11-01 17:21:40.990142,-0.06,-0.70,0.71,1.04,1.89,2.32,-4.03,45.10,-20.58,1
e,2022-11-01 17:21:40.990297,-0.06,-0.71,0.71,1.16,1.95,2.38,-4.03,45.10,-20.58,1
e,2022-11-01 17:21:40.990450,-0.06,-0.70,0.71,1.28,2.01,2.50,-4.03,45.10,-20.58,1
e,2022-11-01 17:21:40.990608,-0.06,-0.70,0.71,1.10,1.95,2.26,-4.22,45.20,-20.86,1
e,2022-11-01 17:21:40.990762,-0.06,-0.70,0.71,1.16,1.95,2.56,-4.22,45.20,-20.86,1
e,2022-11-01 17:21:40.990919,-0.06,-0.70,0.71,1.34,1.89,2.44,-4.22,45.20,-20.86,1
e,2022-11-01 17:21:40.991073,-0.06,-0.71,0.71,0.98,1.77,2.32,-4.08,44.82,-19.49,1
e,2022-11-01 17:21:40.991227,-0.06,-0.70,0.71,1.34,1.95,2.50,-4.08,44.82,-19.49,1
e,2022-11-01 17:21:40.991387,-0.06,-0.70,0.71,1.04,2.14,2.44,-4.11,44.54,-19.92,1
e,2022-11-01 17:21:40.991541,-0.06,-0.70,0.71,1.10,1.95,2.38,-4.11,44.54,-19.92,1
e,2022-11-01 17:21:40.991700,-0.06,-0.70,0.71,1.28,2.08,2.56,-4.11,44.54,-19.92,1
e,2022-11-01 17:21:40.991855,-0.06,-0.71,0.71,1.10,1.89,2.44,-4.26,45.14,-20.73,1
e,2022-11-01 17:21:40.992017,-0.06,-0.70,0.71,1.40,1.89,2.56,-4.26,45.14,-20.73,1
e,2022-11-01 17:21:40.992174,-0.06,-0.70,0.71,1.34,1.95,2.69,-4.26,45.14,-20.73,1
e,2022-11-01 17:21:40.992326,-0.06,-0.70,0.71,0.73,1.89,2.20,-4.08,45.02,-20.09,1
e,2022-11-01 17:21:40.992483,-0.06,-0.70,0.71,1.28,1.95,2.56,-4.08,45.02,-20.09,1
e,2022-11-01 17:21:40.992635,-0.06,-0.70,0.71,1.34,2.26,2.50,-4.28,45.03,-19.57,1
e,2022-11-01 17:21:40.992793,-0.06,-0.70,0.71,1.28,1.95,2.50,-4.28,45.03,-19.57,1
e,2022-11-01 17:21:40.992945,-0.06,-0.70,0.71,1.28,2.01,2.50,-4.28,45.03,-19.57,1
e,2022-11-01 17:21:40.993096,-0.06,-0.71,0.71,1.28,1.95,2.50,-3.75,44.78,-20.14,1
e,2022-11-01 17:21:40.993250,-0.06,-0.70,0.71,1.28,2.01,2.44,-3.75,44.78,-20.14,1
e,2022-11-01 17:21:40.993401,-0.06,-0.70,0.71,1.34,1.83,2.50,-3.75,44.78,-20.14,1
e,2022-11-01 17:21:40.993558,-0.06,-0.71,0.71,1.22,2.01,2.50,-3.96,45.84,-20.53,1
e,2022-11-01 17:21:40.993710,-0.06,-0.70,0.71,1.16,2.01,2.56,-3.96,45.84,-20.53,1
e,2022-11-01 17:21:40.993865,-0.06,-0.70,0.71,1.28,2.08,2.50,-3.96,45.84,-20.53,1
e,2022-11-01 17:21:40.994019,-0.06,-0.70,0.71,1.04,1.77,2.32,-4.03,44.95,-20.42,1
e,2022-11-01 17:21:40.994170,-0.06,-0.70,0.71,1.10,1.95,2.44,-4.03,44.95,-20.42,1
e,2022-11-01 17:21:40.994367,-0.06,-0.70,0.71,1.10,1.95,2.56,-3.80,44.95,-20.25,1
e,2022-11-01 17:21:40.994520,-0.06,-0.70,0.71,1.22,1.83,2.50,-3.80,44.95,-20.25,1
e,2022-11-01 17:21:40.994675,-0.06,-0.71,0.71,1.22,2.08,2.50,-3.80,44.95,-20.25,1
e,2022-11-01 17:21:40.994826,-0.06,-0.70,0.71,1.22,1.77,2.50,-4.31,44.86,-20.68,1
e,2022-11-01 17:21:40.994977,-0.06,-0.70,0.71,1.28,1.95,2.50,-4.31,44.86,-20.68,1
e,2022-11-01 17:21:40.995131,-0.06,-0.70,0.71,1.40,1.89,2.38,-4.31,44.86,-20.68,1
e,2022-11-01 17:21:40.995284,-0.06,-0.70,0.71,1.28,1.89,2.56,-3.44,45.01,-20.96,1
e,2022-11-01 17:21:40.995438,-0.06,-0.70,0.71,1.16,1.89,2.32,-3.44,45.01,-20.96,1
e,2022-11-01 17:21:40.995588,-0.06,-0.70,0.71,1.04,1.89,2.32,-3.44,45.01,-20.96,1
e,2022-11-01 17:21:40.995741,-0.06,-0.70,0.71,0.98,1.89,2.56,-3.78,44.68,-18.93,1
e,2022-11-01 17:21:40.995890,-0.06,-0.71,0.71,1.40,2.08,2.62,-3.78,44.68,-18.93,1
e,2022-11-01 17:21:40.996040,-0.06,-0.70,0.71,1.10,2.01,2.38,-4.25,44.96,-20.39,1
e,2022-11-01 17:21:40.996193,-0.06,-0.70,0.71,1.22,1.89,2.56,-4.25,44.96,-20.39,1
e,2022-11-01 17:21:40.996362,-0.06,-0.70,0.71,1.16,1.83,2.50,-4.25,44.96,-20.39,1
e,2022-11-01 17:21:40.996515,-0.06,-0.70,0.71,1.04,2.08,2.44,-3.89,45.07,-20.40,1
e,2022-11-01 17:21:40.996665,-0.06,-0.70,0.71,1.22,2.01,2.44,-3.89,45.07,-20.40,1
e,2022-11-01 17:21:40.996816,-0.06,-0.70,0.71,1.16,1.89,2.38,-3.89,45.07,-20.40,1
e,2022-11-01 17:21:40.996969,-0.06,-0.70,0.71,1.10,1.83,2.44,-3.44,44.85,-21.12,1
e,2022-11-01 17:21:40.997120,-0.06,-0.70,0.71,1.10,1.83,2.44,-3.44,44.85,-21.12,1
e,2022-11-01 17:21:40.997273,-0.06,-0.70,0.71,1.16,2.01,2.50,-3.44,44.85,-21.12,1
e,2022-11-01 17:21:40.997423,-0.06,-0.70,0.71,0.98,2.01,2.44,-3.49,44.48,-20.51,1
e,2022-11-01 17:21:40.997577,-0.06,-0.70,0.71,1.22,1.89,2.44,-3.49,44.48,-20.51,1
e,2022-11-01 17:21:40.997726,-0.06,-0.70,0.71,1.28,1.95,2.56,-3.96,44.46,-20.67,1
e,2022-11-01 17:21:40.997875,-0.06,-0.70,0.71,1.10,1.77,2.38,-3.96,44.46,-20.67,1
e,2022-11-01 17:21:40.998029,-0.06,-0.70,0.71,0.98,1.89,2.44,-3.96,44.46,-20.67,1
e,2022-11-01 17:21:40.998178,-0.06,-0.70,0.71,1.28,1.89,2.62,-3.87,44.93,-20.18,1
e,2022-11-01 17:21:40.998331,-0.06,-0.70,0.71,1.28,1.95,2.56,-3.87,44.93,-20.18,1
e,2022-11-01 17:21:40.998479,-0.06,-0.70,0.71,1.34,1.95,2.56,-3.87,44.93,-20.18,1
e,2022-11-01 17:21:40.998628,-0.06,-0.70,0.71,1.10,1.71,2.32,-3.88,44.82,-20.08,1
e,2022-11-01 17:21:40.998783,-0.06,-0.70,0.71,1.22,2.01,2.38,-3.88,44.82,-20.08,1
e,2022-11-01 17:21:40.998933,-0.06,-0.70,0.71,1.16,2.08,2.26,-3.88,44.82,-20.08,1
e,2022-11-01 17:21:40.999089,-0.06,-0.70,0.71,1.10,1.83,2.32,-4.05,45.02,-20.06,1
e,2022-11-01 17:21:40.999240,-0.06,-0.70,0.71,1.34,1.89,2.56,-4.05,45.02,-20.06,1
e,2022-11-01 17:21:40.999396,-0.06,-0.70,0.71,1.10,2.01,2.56,-4.05,44.67,-20.50,1
e,2022-11-01 17:21:40.999545,-0.06,-0.70,0.71,0.98,1.83,2.32,-4.05,44.67,-20.50,1
e,2022-11-01 17:21:40.999694,-0.06,-0.70,0.71,1.10,1.83,2.56,-4.05,44.67,-20.50,1
e,2022-11-01 17:21:40.999849,-0.06,-0.70,0.71,1.34,2.01,2.56,-3.98,44.12,-20.75,1
e,2022-11-01 17:21:40.999998,-0.06,-0.70,0.71,1.28,1.89,2.50,-3.98,44.12,-20.75,1
e,2022-11-01 17:21:41.000152,-0.06,-0.70,0.71,1.34,1.89,2.50,-3.98,44.12,-20.75,1
e,2022-11-01 17:21:41.000300,-0.06,-0.70,0.71,1.16,1.71,2.32,-4.03,45.18,-21.20,1
e,2022-11-01 17:21:41.000451,-0.06,-0.70,0.71,1.22,2.01,2.50,-4.03,45.18,-21.20,1
e,2022-11-01 17:21:41.000605,-0.06,-0.70,0.71,1.22,1.83,2.32,-4.03,45.18,-21.20,1
e,2022-11-01 17:21:41.000755,-0.06,-0.70,0.71,0.98,2.08,2.32,-3.96,45.01,-19.86,1
e,2022-11-01 17:21:41.000909,-0.06,-0.70,0.71,1.16,2.01,2.44,-3.96,45.01,-19.86,1
e,2022-11-01 17:21:41.001058,-0.06,-0.70,0.71,1.22,1.89,2.62,-4.17,45.13,-20.24,1
e,2022-11-01 17:21:41.001213,-0.06,-0.70,0.71,0.98,1.95,2.32,-4.17,45.13,-20.24,1
e,2022-11-01 17:21:41.001364,-0.06,-0.70,0.71,1.16,1.95,2.38,-4.17,45.13,-20.24,1
e,2022-11-01 17:21:41.001513,-0.06,-0.70,0.71,1.22,1.95,2.56,-4.60,45.17,-20.86,1
e,2022-11-01 17:21:41.001667,-0.06,-0.70,0.71,1.34,2.01,2.56,-4.60,45.17,-20.86,1
e,2022-11-01 17:21:41.001817,-0.06,-0.70,0.71,1.34,1.89,2.56,-4.60,45.17,-20.86,1
e,2022-11-01 17:21:41.001973,-0.06,-0.70,0.71,1.28,1.89,2.50,-4.26,44.67,-20.91,1
e,2022-11-01 17:21:41.002124,-0.06,-0.70,0.71,1.16,1.95,2.50,-4.26,44.67,-20.91,1
e,2022-11-01 17:21:41.002276,-0.06,-0.70,0.71,1.59,1.95,2.56,-4.26,44.67,-20.91,1
e,2022-11-01 17:21:41.002431,-0.06,-0.70,0.71,1.28,1.83,2.50,-3.89,44.78,-20.41,1
e,2022-11-01 17:21:41.002582,-0.06,-0.70,0.71,0.98,1.83,2.26,-3.89,44.78,-20.41,1
e,2022-11-01 17:21:41.002736,-0.06,-0.70,0.71,1.04,1.95,2.38,-4.10,45.08,-21.55,1
e,2022-11-01 17:21:41.002888,-0.06,-0.70,0.71,0.98,2.01,2.50,-4.10,45.08,-21.55,1
e,2022-11-01 17:21:41.003038,-0.06,-0.70,0.71,1.46,1.89,2.69,-4.10,45.08,-21.55,1
e,2022-11-01 17:21:41.003196,-0.06,-0.70,0.71,1.40,1.77,2.56,-3.31,44.96,-20.61,1
e,2022-11-01 17:21:41.003347,-0.06,-0.70,0.71,1.28,1.89,2.62,-3.31,44.96,-20.61,1
e,2022-11-01 17:21:41.003506,-0.06,-0.70,0.71,1.22,2.01,2.38,-3.31,44.96,-20.61,1
e,2022-11-01 17:21:41.003657,-0.06,-0.70,0.71,1.04,1.95,2.38,-3.94,44.76,-21.59,1
e,2022-11-01 17:21:41.003812,-0.06,-0.70,0.71,1.28,1.95,2.56,-3.94,44.76,-21.59,1
e,2022-11-01 17:21:41.003962,-0.06,-0.70,0.71,1.10,2.01,2.38,-3.94,44.76,-21.59,1
e,2022-11-01 17:21:41.004113,-0.06,-0.70,0.71,1.34,1.77,2.38,-4.43,45.00,-20.56,1
e,2022-11-01 17:21:41.004274,-0.06,-0.70,0.71,1.53,1.89,2.56,-4.43,45.00,-20.56,1
e,2022-11-01 17:21:41.004425,-0.06,-0.70,0.71,1.28,1.89,2.56,-4.36,44.81,-20.65,1
e,2022-11-01 17:21:41.004579,-0.06,-0.70,0.71,1.22,1.77,2.44,-4.36,44.81,-20.65,1
e,2022-11-01 17:21:41.004730,-0.06,-0.70,0.71,1.34,2.01,2.44,-4.36,44.81,-20.65,1
e,2022-11-01 17:21:41.004881,-0.06,-0.70,0.71,1.10,2.01,2.50,-3.89,45.06,-20.20,1
e,2022-11-01 17:21:41.005036,-0.06,-0.70,0.71,1.46,1.83,2.38,-3.89,45.06,-20.20,1
e,2022-11-01 17:21:41.005188,-0.06,-0.70,0.71,1.22,1.83,2.38,-3.89,45.06,-20.20,1
e,2022-11-01 17:21:41.005341,-0.06,-0.70,0.71,1.16,2.01,2.56,-4.19,44.59,-20.30,1
e,2022-11-01 17:21:41.005492,-0.06,-0.70,0.71,1.16,1.83,2.56,-4.19,44.59,-20.30,1
e,2022-11-01 17:21:41.005642,-0.06,-0.70,0.71,1.22,1.95,2.50,-4.19,44.59,-20.30,1
e,2022-11-01 17:21:41.005798,-0.06,-0.70,0.71,1.16,1.83,2.38,-4.05,44.98,-19.40,1
e,2022-11-01 17:21:41.005949,-0.06,-0.70,0.71,1.22,2.01,2.44,-4.05,44.98,-19.40,1
e,2022-11-01 17:21:41.006109,-0.06,-0.70,0.71,1.34,1.89,2.56,-4.19,44.79,-20.36,1
e,2022-11-01 17:21:41.006260,-0.06,-0.70,0.71,1.40,1.89,2.56,-4.19,44.79,-20.36,1
e,2022-11-01 17:21:41.006416,-0.06,-0.70,0.71,1.28,1.95,2.56,-4.19,44.79,-20.36,1
e,2022-11-01 17:21:41.006569,-0.06,-0.70,0.71,1.10,1.95,2.38,-4.44,45.46,-20.57,1
e,2022-11-01 17:21:41.006721,-0.06,-0.70,0.71,1.28,1.89,2.50,-4.44,45.46,-20.57,1
e,2022-11-01 17:21:41.006877,-0.06,-0.70,0.71,1.34,1.77,2.50,-4.44,45.46,-20.57,1
e,2022-11-01 17:21:41.007029,-0.06,-0.70,0.71,1.10,1.71,2.38,-4.14,45.42,-20.58,1
e,2022-11-01 17:21:41.007187,-0.06,-0.70,0.71,1.34,1.89,2.44,-4.14,45.42,-20.58,1
e,2022-11-01 17:21:41.007339,-0.06,-0.70,0.71,1.28,2.01,2.44,-4.14,45.42,-20.58,1
e,2022-11-01 17:21:41.007492,-0.06,-0.70,0.71,1.22,1.95,2.44,-4.08,45.12,-19.92,1
e,2022-11-01 17:21:41.007654,-0.06,-0.70,0.71,1.16,1.71,2.56,-4.08,45.12,-19.92,1
e,2022-11-01 17:21:41.007806,-0.06,-0.70,0.71,1.22,2.14,2.56,-4.22,44.81,-20.92,1
e,2022-11-01 17:21:41.007962,-0.06,-0.70,0.71,0.98,1.89,2.32,-4.22,44.81,-20.92,1
e,2022-11-01 17:21:41.008114,-0.06,-0.70,0.71,1.34,1.89,2.62,-4.22,44.81,-20.92,1
e,2022-11-01 17:21:41.008269,-0.06,-0.70,0.71,1.34,2.01,2.50,-4.15,45.32,-20.89,1
e,2022-11-01 17:21:41.008421,-0.06,-0.70,0.71,1.16,1.83,2.44,-4.15,45.32,-20.89,1
e,2022-11-01 17:21:41.008570,-0.06,-0.70,0.71,1.16,1.95,2.44,-4.15,45.32,-20.89,1
e,2022-11-01 17:21:41.008722,-0.06,-0.70,0.71,1.10,1.95,2.50,-3.87,44.98,-20.03,1
e,2022-11-01 17:21:41.008872,-0.06,-0.70,0.71,1.22,2.01,2.62,-3.87,44.98,-20.03,1
e,2022-11-01 17:21:41.009029,-0.06,-0.70,0.71,1.16,1.95,2.50,-3.87,44.98,-20.03,1
e,2022-11-01 17:21:41.009180,-0.06,-0.70,0.71,1.28,1.65,2.32,-4.22,45.06,-20.00,1
e,2022-11-01 17:21:41.009332,-0.06,-0.70,0.71,1.28,1.77,2.44,-4.22,45.06,-20.00,1
e,2022-11-01 17:21:41.009496,-0.06,-0.70,0.71,1.34,2.14,2.75,-4.64,44.87,-19.92,1
e,2022-11-01 17:21:41.009647,-0.06,-0.70,0.71,1.10,1.95,2.50,-4.64,44.87,-19.92,1
e,2022-11-01 17:21:41.009803,-0.06,-0.70,0.71,1.34,1.77,2.38,-4.64,44.87,-19.92,1
e,2022-11-01 17:21:41.009954,-0.06,-0.70,0.71,1.34,2.08,2.56,-4.65,44.86,-19.69,1
e,2022-11-01 17:21:41.010110,-0.06,-0.70,0.71,1.22,1.95,2.56,-4.65,44.86,-19.69,1
e,2022-11-01 17:21:41.010259,-0.06,-0.70,0.71,1.22,1.89,2.50,-4.65,44.86,-19.69,1
e,2022-11-01 17:21:41.010409,-0.06,-0.70,0.71,1.40,1.95,2.56,-3.71,44.31,-21.12,1
e,2022-11-01 17:21:41.010564,-0.06,-0.70,0.71,1.22,1.77,2.44,-3.71,44.31,-21.12,1
e,2022-11-01 17:21:41.010715,-0.06,-0.70,0.71,1.28,1.77,2.50,-3.71,44.31,-21.12,1
e,2022-11-01 17:21:41.010869,-0.06,-0.70,0.71,1.10,1.89,2.26,-4.76,44.95,-19.06,1
e,2022-11-01 17:21:41.011021,-0.06,-0.70,0.71,1.40,1.89,2.50,-4.76,44.95,-19.06,1
e,2022-11-01 17:21:41.011174,-0.06,-0.70,0.71,1.16,1.89,2.44,-3.69,44.43,-20.87,1
e,2022-11-01 17:21:41.011342,-0.06,-0.70,0.71,0.85,1.95,2.50,-3.69,44.43,-20.87,1
e,2022-11-01 17:21:41.011493,-0.06,-0.70,0.71,1.34,1.83,2.50,-3.69,44.43,-20.87,1
e,2022-11-01 17:21:41.011648,-0.06,-0.70,0.71,1.22,1.83,2.32,-3.71,45.15,-21.51,1
e,2022-11-01 17:21:41.011798,-0.06,-0.70,0.71,1.22,1.77,2.44,-3.71,45.15,-21.51,1
e,2022-11-01 17:21:41.011954,-0.06,-0.70,0.71,1.10,1.83,2.44,-3.71,45.15,-21.51,1
e,2022-11-01 17:21:41.012105,-0.06,-0.70,0.71,1.40,1.65,2.50,-4.70,45.28,-20.87,1
e,2022-11-01 17:21:41.012255,-0.06,-0.70,0.71,1.22,1.95,2.38,-4.70,45.28,-20.87,1
e,2022-11-01 17:21:41.012414,-0.06,-0.70,0.71,1.16,1.77,2.44,-4.70,45.28,-20.87,1
e,2022-11-01 17:21:41.012572,-0.06,-0.70,0.71,1.22,1.95,2.50,-4.06,44.53,-19.49,1
e,2022-11-01 17:21:41.012769,-0.06,-0.70,0.71,1.34,1.83,2.38,-4.06,44.53,-19.49,1
e,2022-11-01 17:21:41.012943,-0.06,-0.70,0.71,1.16,1.95,2.44,-3.77,45.14,-21.01,1
e,2022-11-01 17:21:41.013123,-0.06,-0.70,0.71,0.98,1.95,2.26,-3.77,45.14,-21.01,1
e,2022-11-01 17:21:41.013298,-0.06,-0.70,0.71,1.16,1.77,2.38,-3.77,45.14,-21.01,1
e,2022-11-01 17:21:41.013473,-0.06,-0.70,0.71,1.40,1.89,2.50,-3.81,44.90,-19.98,1
e,2022-11-01 17:21:41.013651,-0.06,-0.70,0.71,1.28,1.71,2.38,-3.81,44.90,-19.98,1
e,2022-11-01 17:21:41.013824,-0.06,-0.70,0.71,1.28,1.83,2.50,-3.81,44.90,-19.98,1
e,2022-11-01 17:21:41.014002,-0.06,-0.70,0.71,1.34,1.89,2.62,-4.28,44.85,-20.09,1
e,2022-11-01 17:21:41.014176,-0.06,-0.70,0.71,1.16,1.95,2.69,-4.28,44.85,-20.09,1
e,2022-11-01 17:21:41.014338,-0.06,-0.70,0.71,1.10,1.83,2.38,-4.28,44.85,-20.09,1
e,2022-11-01 17:21:41.014507,-0.06,-0.70,0.71,1.04,2.14,2.32,-3.89,44.93,-21.59,1
e,2022-11-01 17:21:41.014665,-0.06,-0.70,0.71,1.34,1.89,2.44,-3.89,44.93,-21.59,1
e,2022-11-01 17:21:41.014828,-0.06,-0.70,0.71,1.16,1.89,2.56,-4.03,44.90,-18.98,1
e,2022-11-01 17:21:41.014988,-0.06,-0.70,0.71,1.10,1.95,2.62,-4.03,44.90,-18.98,1
e,2022-11-01 17:21:41.015154,-0.06,-0.70,0.71,1.40,1.95,2.56,-4.03,44.90,-18.98,1
e,2022-11-01 17:21:41.015309,-0.06,-0.70,0.71,1.22,1.89,2.50,-4.76,45.31,-21.04,1
e,2022-11-01 17:21:41.015466,-0.06,-0.70,0.71,1.10,1.95,2.56,-4.76,45.31,-21.04,1
e,2022-11-01 17:21:41.015628,-0.06,-0.70,0.71,1.34,1.95,2.44,-4.76,45.31,-21.04,1
e,2022-11-01 17:21:41.015787,-0.06,-0.70,0.71,1.22,1.95,2.44,-4.06,45.32,-20.14,1
e,2022-11-01 17:21:41.015950,-0.06,-0.70,0.71,1.22,1.65,2.44,-4.06,45.32,-20.14,1
e,2022-11-01 17:21:41.016111,-0.06,-0.70,0.71,1.34,1.89,2.62,-4.06,45.32,-20.14,1
e,2022-11-01 17:21:41.016270,-0.06,-0.70,0.71,1.16,1.95,2.56,-4.00,45.23,-21.14,1
e,2022-11-01 17:21:41.016430,-0.06,-0.70,0.71,1.40,1.83,2.50,-4.00,45.23,-21.14,1
e,2022-11-01 17:21:41.016589,-0.06,-0.70,0.71,1.34,1.71,2.44,-3.98,45.40,-21.25,1
e,2022-11-01 17:21:41.016751,-0.06,-0.70,0.71,1.34,1.89,2.62,-3.98,45.40,-21.25,1
e,2022-11-01 17:21:41.016906,-0.06,-0.70,0.71,1.16,1.89,2.38,-3.98,45.40,-21.25,1
e,2022-11-01 17:21:41.017065,-0.06,-0.70,0.71,1.22,1.77,2.56,-3.87,45.48,-20.29,1
e,2022-11-01 17:21:41.017220,-0.06,-0.70,0.71,1.34,1.89,2.44,-3.87,45.48,-20.29,1
e,2022-11-01 17:21:41.017375,-0.06,-0.70,0.71,1.28,1.95,2.44,-3.87,45.48,-20.29,1
e,2022-11-01 17:21:41.017532,-0.06,-0.70,0.71,1.10,1.95,2.44,-4.02,45.09,-20.10,1
e,2022-11-01 17:21:41.017683,-0.06,-0.70,0.71,1.28,1.83,2.38,-4.02,45.09,-20.10,1
e,2022-11-01 17:21:41.017838,-0.06,-0.70,0.71,1.16,1.77,2.32,-4.02,45.09,-20.10,1
e,2022-11-01 17:21:41.017988,-0.06,-0.70,0.71,1.10,1.89,2.32,-4.14,45.57,-19.69,1
e,2022-11-01 17:21:41.018142,-0.06,-0.70,0.71,1.22,1.89,2.44,-4.14,45.57,-19.69,1
e,2022-11-01 17:21:41.018298,-0.06,-0.70,0.71,1.46,1.71,2.50,-4.54,44.98,-20.07,1
e,2022-11-01 17:21:41.018449,-0.06,-0.70,0.71,1.40,1.89,2.44,-4.54,44.98,-20.07,1
e,2022-11-01 17:21:41.018604,-0.06,-0.70,0.71,1.46,1.89,2.56,-4.54,44.98,-20.07,1
e,2022-11-01 17:21:41.018758,-0.06,-0.70,0.71,1.22,1.77,2.62,-3.43,45.46,-18.37,1
e,2022-11-01 17:21:41.018914,-0.06,-0.70,0.71,1.16,1.89,2.32,-3.43,45.46,-18.37,1
e,2022-11-01 17:21:41.019065,-0.06,-0.70,0.71,1.34,1.83,2.56,-3.43,45.46,-18.37,1
e,2022-11-01 17:21:41.019214,-0.06,-0.70,0.71,1.22,1.83,2.38,-4.31,45.59,-21.17,1
e,2022-11-01 17:21:41.019369,-0.06,-0.70,0.71,1.22,1.95,2.50,-4.31,45.59,-21.17,1
e,2022-11-01 17:21:41.019519,-0.06,-0.70,0.71,1.22,2.08,2.44,-4.31,45.59,-21.17,1
e,2022-11-01 17:21:41.019673,-0.06,-0.70,0.71,1.16,1.77,2.38,-3.92,44.91,-20.57,1
e,2022-11-01 17:21:41.019822,-0.06,-0.70,0.71,1.28,1.89,2.62,-3.92,44.91,-20.57,1
e,2022-11-01 17:21:41.019972,-0.06,-0.70,0.71,1.28,1.83,2.32,-4.20,45.26,-20.31,1
e,2022-11-01 17:21:41.020126,-0.06,-0.70,0.71,1.16,1.89,2.44,-4.20,45.26,-20.31,1
e,2022-11-01 17:21:41.020277,-0.06,-0.70,0.71,1.22,1.89,2.38,-4.20,45.26,-20.31,1
e,2022-11-01 17:21:41.020433,-0.06,-0.70,0.71,1.28,2.01,2.56,-4.27,45.14,-20.04,1
e,2022-11-01 17:21:41.020584,-0.06,-0.70,0.71,1.53,1.89,2.62,-4.27,45.14,-20.04,1
e,2022-11-01 17:21:41.020739,-0.06,-0.70,0.71,1.22,1.89,2.44,-4.27,45.14,-20.04,1
e,2022-11-01 17:21:41.020888,-0.06,-0.70,0.71,1.34,1.71,2.50,-3.52,45.23,-20.04,1
e,2022-11-01 17:21:41.021037,-0.06,-0.70,0.71,1.04,1.89,2.50,-3.52,45.23,-20.04,1
e,2022-11-01 17:21:41.021190,-0.06,-0.70,0.71,1.16,2.01,2.44,-3.52,45.23,-20.04,1
e,2022-11-01 17:21:41.021340,-0.06,-0.70,0.71,1.22,1.83,2.44,-3.93,44.90,-18.75,1
e,2022-11-01 17:21:41.021494,-0.06,-0.70,0.71,1.28,1.83,2.38,-3.93,44.90,-18.75,1
e,2022-11-01 17:21:41.021645,-0.06,-0.70,0.71,1.16,2.08,2.50,-3.93,45.46,-20.10,1
e,2022-11-01 17:21:41.021799,-0.06,-0.70,0.71,1.28,1.89,2.38,-3.93,45.46,-20.10,1
e,2022-11-01 17:21:41.021955,-0.06,-0.70,0.71,0.98,1.89,2.50,-3.93,45.46,-20.10,1
e,2022-11-01 17:21:41.022106,-0.06,-0.70,0.71,1.28,1.89,2.50,-4.16,45.36,-20.06,1
e,2022-11-01 17:21:41.022261,-0.06,-0.70,0.71,1.22,1.95,2.50,-4.16,45.36,-20.06,1
e,2022-11-01 17:21:41.022415,-0.06,-0.70,0.71,1.28,1.83,2.56,-4.16,45.36,-20.06,1
e,2022-11-01 17:21:41.022576,-0.06,-0.70,0.71,1.28,1.83,2.44,-3.34,45.13,-19.64,1
e,2022-11-01 17:21:41.022733,-0.06,-0.70,0.71,1.28,2.01,2.56,-3.34,45.13,-19.64,1
e,2022-11-01 17:21:41.022886,-0.06,-0.70,0.71,1.34,1.83,2.50,-3.34,45.13,-19.64,1
e,2022-11-01 17:21:41.023045,-0.06,-0.70,0.71,1.22,1.77,2.32,-3.99,44.74,-19.51,1
e,2022-11-01 17:21:41.023197,-0.06,-0.70,0.71,1.28,1.83,2.69,-3.99,44.74,-19.51,1
e,2022-11-01 17:21:41.023352,-0.06,-0.70,0.71,1.28,1.89,2.44,-4.21,45.06,-18.01,1
e,2022-11-01 17:21:41.023503,-0.06,-0.70,0.71,1.34,1.89,2.38,-4.21,45.06,-18.01,1
e,2022-11-01 17:21:41.023656,-0.06,-0.70,0.71,1.40,2.08,2.44,-4.21,45.06,-18.01,1
e,2022-11-01 17:21:41.023813,-0.06,-0.70,0.71,1.16,1.89,2.56,-3.66,44.68,-20.19,1
e,2022-11-01 17:21:41.023966,-0.06,-0.70,0.71,1.34,1.95,2.56,-3.66,44.68,-20.19,1
e,2022-11-01 17:21:41.024157,-0.06,-0.70,0.71,1.34,1.95,2.50,-3.66,44.68,-20.19,1
e,2022-11-01 17:21:41.024309,-0.06,-0.70,0.71,1.34,1.83,2.56,-3.87,44.91,-21.00,1
e,2022-11-01 17:21:41.024530,-0.06,-0.70,0.71,1.34,1.95,2.62,-3.87,44.91,-21.00,1
e,2022-11-01 17:21:41.024684,-0.06,-0.70,0.71,1.46,2.01,2.50,-3.87,44.91,-21.00,1
e,2022-11-01 17:21:41.024837,-0.06,-0.70,0.71,1.10,1.77,2.38,-4.41,44.52,-20.17,1
e,2022-11-01 17:21:41.025020,-0.06,-0.70,0.71,1.40,1.95,2.56,-4.41,44.52,-20.17,1
e,2022-11-01 17:21:41.025173,-0.06,-0.70,0.71,1.10,1.89,2.56,-3.49,44.93,-19.31,1
e,2022-11-01 17:21:41.025352,-0.06,-0.70,0.71,1.10,1.89,2.38,-3.49,44.93,-19.31,1
e,2022-11-01 17:21:41.025504,-0.06,-0.70,0.71,1.40,1.95,2.50,-3.49,44.93,-19.31,1
e,2022-11-01 17:21:41.025659,-0.06,-0.70,0.71,1.46,1.71,2.69,-4.11,44.84,-20.42,1
e,2022-11-01 17:21:41.025816,-0.06,-0.70,0.71,1.22,1.95,2.50,-4.11,44.84,-20.42,1
e,2022-11-01 17:21:41.025969,-0.06,-0.70,0.71,1.28,1.95,2.44,-4.11,44.84,-20.42,1
e,2022-11-01 17:21:41.026131,-0.06,-0.70,0.71,1.28,1.95,2.56,-3.67,44.76,-20.15,1
e,2022-11-01 17:21:41.026285,-0.06,-0.70,0.71,1.34,1.89,2.56,-3.67,44.76,-20.15,1
e,2022-11-01 17:21:41.026447,-0.06,-0.70,0.71,1.34,1.77,2.69,-3.67,44.76,-20.15,1
e,2022-11-01 17:21:41.026601,-0.06,-0.70,0.71,1.16,1.71,2.20,-4.05,44.82,-19.90,1
e,2022-11-01 17:21:41.026754,-0.06,-0.70,0.71,1.40,1.83,2.38,-4.05,44.82,-19.90,1
e,2022-11-01 17:21:41.026931,-0.06,-0.70,0.71,1.22,1.89,2.44,-4.37,44.62,-20.47,1
e,2022-11-01 17:21:41.027106,-0.06,-0.70,0.71,1.22,1.83,2.32,-4.37,44.62,-20.47,1
e,2022-11-01 17:21:41.027266,-0.06,-0.70,0.71,1.16,1.77,2.38,-4.37,44.62,-20.47,1
e,2022-11-01 17:21:41.027418,-0.06,-0.70,0.71,1.16,1.83,2.38,-4.09,45.46,-20.03,1
e,2022-11-01 17:21:41.027569,-0.06,-0.70,0.71,1.40,1.71,2.62,-4.09,45.46,-20.03,1
e,2022-11-01 17:21:41.027736,-0.06,-0.70,0.71,1.22,1.89,2.62,-4.09,45.46,-20.03,1
e,2022-11-01 17:21:41.027888,-0.06,-0.70,0.71,1.53,1.77,2.50,-3.77,45.19,-19.13,1
e,2022-11-01 17:21:41.028044,-0.06,-0.70,0.71,1.28,1.95,2.50,-3.77,45.19,-19.13,1
e,2022-11-01 17:21:41.028195,-0.06,-0.70,0.71,1.34,1.95,2.44,-3.77,45.19,-19.13,1
e,2022-11-01 17:21:41.028350,-0.06,-0.70,0.71,1.22,1.77,2.44,-4.30,45.24,-19.07,1
e,2022-11-01 17:21:41.028502,-0.06,-0.70,0.71,1.10,1.83,2.50,-4.30,45.24,-19.07,1
e,2022-11-01 17:21:41.028654,-0.06,-0.70,0.71,1.46,2.01,2.38,-3.96,44.96,-20.98,1
e,2022-11-01 17:21:41.028809,-0.06,-0.70,0.71,1.10,1.95,2.38,-3.96,44.96,-20.98,1
e,2022-11-01 17:21:41.028959,-0.06,-0.70,0.71,1.40,1.77,2.56,-3.96,44.96,-20.98,1
e,2022-11-01 17:21:41.029114,-0.06,-0.71,0.71,1.28,1.89,2.32,-4.06,45.29,-19.45,1
e,2022-11-01 17:21:41.029266,-0.06,-0.70,0.71,1.28,1.95,2.38,-4.06,45.29,-19.45,1
e,2022-11-01 17:21:41.029415,-0.06,-0.70,0.71,1.22,2.08,2.56,-4.06,45.29,-19.45,1
e,2022-11-01 17:21:41.029570,-0.06,-0.70,0.71,1.16,2.01,2.44,-3.82,44.38,-18.92,1
e,2022-11-01 17:21:41.029721,-0.06,-0.70,0.71,1.53,1.95,2.50,-3.82,44.38,-18.92,1
e,2022-11-01 17:21:41.029874,-0.06,-0.70,0.71,1.34,1.95,2.50,-3.82,44.38,-18.92,1
e,2022-11-01 17:21:41.030026,-0.06,-0.70,0.71,1.22,1.83,2.32,-3.80,44.63,-18.70,1
e,2022-11-01 17:21:41.030178,-0.06,-0.70,0.71,1.34,2.14,2.50,-3.80,44.63,-18.70,1
e,2022-11-01 17:21:41.030328,-0.06,-0.70,0.71,1.22,1.89,2.56,-3.66,45.14,-19.89,1
e,2022-11-01 17:21:41.030478,-0.06,-0.70,0.71,1.46,2.01,2.69,-3.66,45.14,-19.89,1
e,2022-11-01 17:21:41.030631,-0.06,-0.70,0.71,1.40,1.89,2.75,-3.66,45.14,-19.89,1
e,2022-11-01 17:21:41.030782,-0.06,-0.71,0.71,1.34,1.77,2.50,-3.42,44.75,-19.70,1
e,2022-11-01 17:21:41.030936,-0.06,-0.70,0.71,1.40,1.83,2.38,-3.42,44.75,-19.70,1
e,2022-11-01 17:21:41.031086,-0.06,-0.70,0.71,1.34,2.01,2.44,-3.42,44.75,-19.70,1
e,2022-11-01 17:21:41.031239,-0.06,-0.70,0.71,1.16,1.95,2.38,-3.85,44.89,-19.03,1
e,2022-11-01 17:21:41.031393,-0.06,-0.70,0.71,1.22,1.89,2.44,-3.85,44.89,-19.03,1
e,2022-11-01 17:21:41.031543,-0.06,-0.70,0.71,1.22,1.83,2.50,-3.85,44.89,-19.03,1
e,2022-11-01 17:21:41.031697,-0.06,-0.70,0.71,1.34,1.77,2.56,-3.66,45.01,-19.81,1
e,2022-11-01 17:21:41.031847,-0.06,-0.70,0.71,1.40,1.77,2.38,-3.66,45.01,-19.81,1
e,2022-11-01 17:21:41.032002,-0.06,-0.70,0.71,1.22,1.95,2.50,-4.03,44.63,-19.10,1
e,2022-11-01 17:21:41.032152,-0.06,-0.70,0.71,1.22,1.89,2.44,-4.03,44.63,-19.10,1
e,2022-11-01 17:21:41.032301,-0.06,-0.70,0.71,1.34,1.89,2.56,-4.03,44.63,-19.10,1
e,2022-11-01 17:21:41.032454,-0.06,-0.70,0.71,1.46,1.89,2.44,-3.99,44.24,-19.73,1
e,2022-11-01 17:21:41.032605,-0.06,-0.70,0.71,1.53,1.89,2.50,-3.99,44.24,-19.73,1
e,2022-11-01 17:21:41.032759,-0.06,-0.70,0.71,1.46,1.71,2.56,-3.99,44.24,-19.73,1
e,2022-11-01 17:21:41.032911,-0.06,-0.70,0.71,1.16,1.65,2.62,-3.55,44.24,-19.41,1
e,2022-11-01 17:21:41.033061,-0.06,-0.70,0.71,1.40,1.89,2.56,-3.55,44.24,-19.41,1
e,2022-11-01 17:21:41.033215,-0.06,-0.70,0.71,1.40,1.71,2.56,-3.55,44.24,-19.41,1
e,2022-11-01 17:21:41.033365,-0.06,-0.70,0.71,1.40,1.71,2.44,-4.26,44.68,-19.79,1
e,2022-11-01 17:21:41.033520,-0.06,-0.70,0.71,1.53,1.95,2.62,-4.26,44.68,-19.79,1
e,2022-11-01 17:21:41.033671,-0.06,-0.70,0.71,1.22,1.89,2.38,-3.83,44.48,-20.13,1
e,2022-11-01 17:21:41.033822,-0.06,-0.70,0.71,1.53,1.77,2.50,-3.83,44.48,-20.13,1
e,2022-11-01 17:21:41.033976,-0.06,-0.70,0.71,1.34,1.83,2.44,-3.83,44.48,-20.13,1
e,2022-11-01 17:21:41.034125,-0.06,-0.70,0.71,1.28,2.08,2.44,-4.10,45.01,-20.68,1
e,2022-11-01 17:21:41.034279,-0.06,-0.70,0.71,1.40,1.77,2.50,-4.10,45.01,-20.68,1
e,2022-11-01 17:21:41.034427,-0.06,-0.70,0.71,1.22,1.83,2.50,-4.10,45.01,-20.68,1
e,2022-11-01 17:21:41.034584,-0.06,-0.70,0.71,1.28,1.77,2.50,-4.42,44.84,-21.01,1
e,2022-11-01 17:21:41.034735,-0.06,-0.70,0.71,1.40,1.89,2.56,-4.42,44.84,-21.01,1
e,2022-11-01 17:21:41.034886,-0.06,-0.70,0.71,1.22,1.95,2.50,-4.42,44.84,-21.01,1
e,2022-11-01 17:21:41.035042,-0.06,-0.70,0.71,1.16,1.95,2.50,-3.61,44.42,-21.06,1
e,2022-11-01 17:21:41.035194,-0.06,-0.70,0.71,1.28,1.71,2.38,-3.61,44.42,-21.06,1
e,2022-11-01 17:21:41.035350,-0.06,-0.70,0.71,1.16,1.89,2.50,-3.63,44.84,-20.19,1
e,2022-11-01 17:21:41.035500,-0.06,-0.70,0.71,1.04,1.77,2.26,-3.63,44.84,-20.19,1
e,2022-11-01 17:21:41.035649,-0.06,-0.70,0.71,1.28,1.95,2.44,-3.63,44.84,-20.19,1
e,2022-11-01 17:21:41.035806,-0.06,-0.70,0.71,1.22,1.71,2.38,-4.21,44.75,-19.91,1
e,2022-11-01 17:21:41.035959,-0.06,-0.70,0.71,1.28,1.77,2.38,-4.21,44.75,-19.91,1
e,2022-11-01 17:21:41.036114,-0.06,-0.70,0.71,1.22,1.83,2.44,-4.21,44.75,-19.91,1
e,2022-11-01 17:21:41.036265,-0.06,-0.70,0.71,1.34,1.83,2.56,-3.91,45.20,-19.29,1
e,2022-11-01 17:21:41.036419,-0.06,-0.70,0.71,1.28,1.83,2.38,-3.91,45.20,-19.29,1
e,2022-11-01 17:21:41.036573,-0.06,-0.70,0.71,1.40,1.65,2.44,-3.91,45.20,-19.29,1
e,2022-11-01 17:21:41.036725,-0.06,-0.70,0.71,1.34,1.83,2.50,-4.26,44.74,-20.54,1
e,2022-11-01 17:21:41.036883,-0.06,-0.70,0.71,1.46,1.71,2.38,-4.26,44.74,-20.54,1
e,2022-11-01 17:21:41.037037,-0.06,-0.70,0.71,1.53,1.59,2.50,-3.97,44.40,-19.67,1
e,2022-11-01 17:21:41.037198,-0.06,-0.70,0.71,1.22,1.83,2.38,-3.97,44.40,-19.67,1
e,2022-11-01 17:21:41.037349,-0.06,-0.70,0.71,1.34,1.89,2.56,-3.97,44.40,-19.67,1
e,2022-11-01 17:21:41.037498,-0.06,-0.70,0.71,1.22,1.83,2.62,-4.33,44.86,-20.18,1
e,2022-11-01 17:21:41.037653,-0.06,-0.70,0.71,1.34,1.77,2.50,-4.33,44.86,-20.18,1
e,2022-11-01 17:21:41.037803,-0.06,-0.70,0.71,1.34,1.95,2.32,-4.33,44.86,-20.18,1
e,2022-11-01 17:21:41.037959,-0.06,-0.70,0.71,1.10,1.89,2.44,-3.85,45.41,-19.10,1
e,2022-11-01 17:21:41.038109,-0.06,-0.70,0.71,1.28,1.83,2.50,-3.85,45.41,-19.10,1
e,2022-11-01 17:21:41.038260,-0.06,-0.70,0.71,1.22,1.77,2.44,-3.85,45.41,-19.10,1
e,2022-11-01 17:21:41.038418,-0.06,-0.70,0.71,1.16,1.83,2.32,-4.15,44.62,-20.35,1
e,2022-11-01 17:21:41.038569,-0.06,-0.70,0.71,1.34,1.83,2.56,-4.15,44.62,-20.35,1
e,2022-11-01 17:21:41.038725,-0.06,-0.70,0.71,1.34,1.89,2.56,-3.66,45.26,-20.53,1
e,2022-11-01 17:21:41.038876,-0.06,-0.70,0.71,1.40,1.77,2.50,-3.66,45.26,-20.53,1
e,2022-11-01 17:21:41.039028,-0.06,-0.70,0.71,1.46,1.71,2.44,-3.66,45.26,-20.53,1
e,2022-11-01 17:21:41.039186,-0.06,-0.70,0.71,1.04,1.83,2.32,-3.80,45.00,-20.79,1
e,2022-11-01 17:21:41.039338,-0.06,-0.70,0.71,1.22,1.71,2.38,-3.80,45.00,-20.79,1
e,2022-11-01 17:21:41.039497,-0.06,-0.70,0.71,1.22,1.95,2.44,-3.80,45.00,-20.79,1
e,2022-11-01 17:21:41.039649,-0.06,-0.70,0.71,1.22,1.83,2.38,-4.26,45.56,-21.13,1
e,2022-11-01 17:21:41.039806,-0.06,-0.70,0.71,1.28,1.77,2.38,-4.26,45.56,-21.13,1
e,2022-11-01 17:21:41.039955,-0.06,-0.70,0.71,1.34,1.95,2.62,-4.26,45.56,-21.13,1
e,2022-11-01 17:21:41.040106,-0.06,-0.70,0.71,1.16,1.71,2.26,-4.10,45.29,-19.13,1
e,2022-11-01 17:21:41.040265,-0.06,-0.70,0.71,1.40,1.89,2.38,-4.10,45.29,-19.13,1
e,2022-11-01 17:21:41.040418,-0.06,-0.70,0.71,1.40,1.77,2.50,-4.11,44.93,-19.52,1
e,2022-11-01 17:21:41.040575,-0.06,-0.70,0.71,1.53,1.95,2.50,-4.11,44.93,-19.52,1
e,2022-11-01 17:21:41.040728,-0.06,-0.70,0.71,1.22,1.89,2.62,-4.11,44.93,-19.52,1
e,2022-11-01 17:21:41.040886,-0.06,-0.70,0.71,1.16,1.83,2.38,-4.06,44.90,-21.46,1
e,2022-11-01 17:21:41.041044,-0.06,-0.70,0.71,1.28,1.77,2.38,-4.06,44.90,-21.46,1
e,2022-11-01 17:21:41.041197,-0.06,-0.70,0.71,1.10,1.83,2.38,-4.06,44.90,-21.46,1
e,2022-11-01 17:21:41.041356,-0.06,-0.70,0.71,1.10,1.89,2.32,-4.46,44.35,-20.37,1
e,2022-11-01 17:21:41.041507,-0.06,-0.70,0.71,1.28,1.95,2.44,-4.46,44.35,-20.37,1
e,2022-11-01 17:21:41.041659,-0.06,-0.70,0.71,1.28,1.83,2.38,-4.46,44.35,-20.37,1
e,2022-11-01 17:21:41.041815,-0.06,-0.70,0.71,1.10,1.59,2.32,-4.11,44.90,-20.19,1
e,2022-11-01 17:21:41.041968,-0.06,-0.70,0.71,1.34,1.89,2.69,-4.11,44.90,-20.19,1
e,2022-11-01 17:21:41.042137,-0.06,-0.70,0.71,1.22,1.95,2.44,-4.37,44.96,-20.03,1
e,2022-11-01 17:21:41.042290,-0.06,-0.70,0.71,1.34,1.95,2.56,-4.37,44.96,-20.03,1
e,2022-11-01 17:21:41.042445,-0.06,-0.70,0.71,1.28,2.01,2.56,-4.37,44.96,-20.03,1
e,2022-11-01 17:21:41.042599,-0.06,-0.70,0.71,1.34,1.89,2.56,-4.20,45.25,-21.17,1
e,2022-11-01 17:21:41.042751,-0.06,-0.70,0.71,0.98,2.14,2.50,-4.20,45.25,-21.17,1
e,2022-11-01 17:21:41.042913,-0.06,-0.70,0.71,1.28,2.01,2.50,-4.20,45.25,-21.17,1
e,2022-11-01 17:21:41.043068,-0.06,-0.70,0.71,1.04,1.83,2.38,-4.06,45.56,-19.86,1
e,2022-11-01 17:21:41.043234,-0.06,-0.70,0.71,1.34,1.89,2.50,-4.06,45.56,-19.86,1
e,2022-11-01 17:21:41.043387,-0.06,-0.70,0.71,1.28,1.83,2.56,-4.06,45.56,-19.86,1
e,2022-11-01 17:21:41.043538,-0.06,-0.70,0.71,1.22,1.89,2.38,-3.97,44.97,-20.96,1
e,2022-11-01 17:21:41.043693,-0.06,-0.70,0.71,1.28,1.95,2.44,-3.97,44.97,-20.96,1
e,2022-11-01 17:21:41.043845,-0.06,-0.70,0.71,1.10,1.89,2.50,-3.71,45.36,-20.67,1
e,2022-11-01 17:21:41.044054,-0.06,-0.70,0.71,1.28,1.95,2.44,-3.71,45.36,-20.67,1
e,2022-11-01 17:21:41.044208,-0.06,-0.70,0.71,1.22,1.83,2.56,-3.71,45.36,-20.67,1
e,2022-11-01 17:21:41.044363,-0.06,-0.70,0.71,1.22,1.95,2.44,-3.93,45.34,-20.68,1
e,2022-11-01 17:21:41.044519,-0.06,-0.70,0.71,1.40,1.65,2.44,-3.93,45.34,-20.68,1
e,2022-11-01 17:21:41.044673,-0.06,-0.70,0.71,1.28,2.01,2.38,-3.93,45.34,-20.68,1
e,2022-11-01 17:21:41.044829,-0.06,-0.70,0.71,1.16,1.95,2.32,-3.38,45.40,-20.96,1
e,2022-11-01 17:21:41.044981,-0.06,-0.70,0.71,1.40,1.89,2.44,-3.38,45.40,-20.96,1
e,2022-11-01 17:21:41.045139,-0.06,-0.70,0.71,1.34,1.83,2.56,-3.38,45.40,-20.96,1
e,2022-11-01 17:21:41.045291,-0.06,-0.70,0.71,1.22,1.83,2.56,-4.44,44.85,-20.01,1
e,2022-11-01 17:21:41.045443,-0.06,-0.70,0.71,1.46,1.77,2.44,-4.44,44.85,-20.01,1
e,2022-11-01 17:21:41.045598,-0.06,-0.70,0.71,1.34,2.01,2.50,-3.72,45.14,-21.01,1
e,2022-11-01 17:21:41.045750,-0.06,-0.70,0.71,1.16,1.83,2.50,-3.72,45.14,-21.01,1
e,2022-11-01 17:21:41.045907,-0.06,-0.70,0.71,1.16,1.71,2.56,-3.72,45.14,-21.01,1
e,2022-11-01 17:21:41.046058,-0.06,-0.70,0.71,1.40,1.89,2.50,-3.83,44.57,-20.54,1
e,2022-11-01 17:21:41.046209,-0.06,-0.70,0.71,1.16,1.83,2.44,-3.83,44.57,-20.54,1
e,2022-11-01 17:21:41.046364,-0.06,-0.70,0.71,1.28,2.01,2.50,-3.83,44.57,-20.54,1
e,2022-11-01 17:21:41.046514,-0.06,-0.70,0.71,1.16,1.89,2.38,-3.32,45.42,-19.69,1
e,2022-11-01 17:21:41.046670,-0.06,-0.70,0.71,1.34,1.83,2.44,-3.32,45.42,-19.69,1
e,2022-11-01 17:21:41.046822,-0.06,-0.70,0.71,1.34,1.77,2.50,-3.32,45.42,-19.69,1
e,2022-11-01 17:21:41.046979,-0.06,-0.70,0.71,1.40,1.71,2.50,-4.17,44.70,-20.00,1
e,2022-11-01 17:21:41.047134,-0.06,-0.70,0.71,1.22,2.01,2.50,-4.17,44.70,-20.00,1
e,2022-11-01 17:21:41.047286,-0.06,-0.70,0.71,1.28,2.01,2.44,-4.03,44.46,-20.10,1
e,2022-11-01 17:21:41.047449,-0.06,-0.70,0.71,1.22,1.95,2.50,-4.03,44.46,-20.10,1
e,2022-11-01 17:21:41.047601,-0.06,-0.70,0.71,1.04,2.14,2.38,-4.03,44.46,-20.10,1
e,2022-11-01 17:21:41.047774,-0.06,-0.70,0.71,1.22,1.77,2.38,-3.82,45.12,-20.36,1
e,2022-11-01 17:21:41.047925,-0.06,-0.70,0.71,1.28,1.71,2.44,-3.82,45.12,-20.36,1
e,2022-11-01 17:21:41.048075,-0.06,-0.70,0.71,1.22,1.83,2.32,-3.82,45.12,-20.36,1
e,2022-11-01 17:21:41.048231,-0.06,-0.70,0.71,1.34,1.83,2.32,-4.11,45.40,-20.32,1
e,2022-11-01 17:21:41.048380,-0.06,-0.70,0.71,1.40,1.71,2.62,-4.11,45.40,-20.32,1
e,2022-11-01 17:21:41.048535,-0.06,-0.70,0.71,1.34,1.83,2.56,-4.11,45.40,-20.32,1
e,2022-11-01 17:21:41.048686,-0.06,-0.70,0.71,1.16,1.89,2.50,-4.10,44.92,-19.26,1
e,2022-11-01 17:21:41.048842,-0.06,-0.70,0.71,1.16,1.89,2.50,-4.10,44.92,-19.26,1
e,2022-11-01 17:21:41.048993,-0.06,-0.70,0.71,1.40,1.83,2.32,-4.25,44.85,-19.79,1
e,2022-11-01 17:21:41.049146,-0.06,-0.70,0.71,1.22,1.77,2.44,-4.25,44.85,-19.79,1
e,2022-11-01 17:21:41.049302,-0.06,-0.70,0.71,1.16,2.01,2.38,-4.25,44.85,-19.79,1
e,2022-11-01 17:21:41.049453,-0.06,-0.70,0.71,1.22,1.89,2.50,-3.86,45.29,-19.52,1
e,2022-11-01 17:21:41.049608,-0.06,-0.70,0.71,0.98,1.95,2.38,-3.86,45.29,-19.52,1
e,2022-11-01 17:21:41.049758,-0.06,-0.70,0.71,1.22,1.95,2.38,-3.86,45.29,-19.52,1
e,2022-11-01 17:21:41.049910,-0.06,-0.70,0.71,1.10,1.77,2.38,-3.69,44.95,-21.01,1
e,2022-11-01 17:21:41.050068,-0.06,-0.70,0.71,1.40,1.89,2.26,-3.69,44.95,-21.01,1
e,2022-11-01 17:21:41.050218,-0.06,-0.70,0.71,1.40,1.71,2.56,-3.69,44.95,-21.01,1
e,2022-11-01 17:21:41.050374,-0.06,-0.70,0.71,1.40,2.01,2.50,-3.91,45.07,-18.64,1
e,2022-11-01 17:21:41.050526,-0.06,-0.70,0.71,0.98,1.89,2.44,-3.91,45.07,-18.64,1
e,2022-11-01 17:21:41.050676,-0.06,-0.70,0.71,1.40,1.77,2.32,-3.83,44.75,-20.36,1
e,2022-11-01 17:21:41.050833,-0.06,-0.70,0.71,1.34,1.77,2.32,-3.83,44.75,-20.36,1
e,2022-11-01 17:21:41.050984,-0.06,-0.70,0.71,1.40,2.01,2.69,-3.83,44.75,-20.36,1
e,2022-11-01 17:21:41.051139,-0.06,-0.70,0.71,1.22,1.77,2.44,-3.87,44.87,-20.00,1
e,2022-11-01 17:21:41.051288,-0.06,-0.70,0.71,1.34,2.08,2.62,-3.87,44.87,-20.00,1
e,2022-11-01 17:21:41.051442,-0.06,-0.70,0.71,1.22,1.89,2.44,-3.87,44.87,-20.00,1
e,2022-11-01 17:21:41.051594,-0.06,-0.70,0.71,1.28,1.65,2.44,-3.54,44.69,-20.15,1
e,2022-11-01 17:21:41.051742,-0.06,-0.70,0.71,1.46,1.83,2.44,-3.54,44.69,-20.15,1
e,2022-11-01 17:21:41.051896,-0.06,-0.70,0.71,1.22,1.95,2.44,-3.54,44.69,-20.15,1
e,2022-11-01 17:21:41.052046,-0.06,-0.70,0.71,1.16,1.95,2.56,-3.72,45.35,-20.58,1
e,2022-11-01 17:21:41.052201,-0.06,-0.70,0.71,1.10,1.95,2.50,-3.72,45.35,-20.58,1
e,2022-11-01 17:21:41.052351,-0.06,-0.70,0.71,1.10,1.77,2.50,-3.97,45.04,-19.82,1
e,2022-11-01 17:21:41.052502,-0.06,-0.70,0.71,1.16,1.83,2.44,-3.97,45.04,-19.82,1
e,2022-11-01 17:21:41.052658,-0.06,-0.70,0.71,1.40,1.77,2.62,-3.97,45.04,-19.82,1
e,2022-11-01 17:21:41.052808,-0.06,-0.70,0.71,1.16,2.01,2.62,-3.77,44.73,-21.03,1
e,2022-11-01 17:21:41.052963,-0.06,-0.70,0.71,1.34,1.77,2.50,-3.77,44.73,-21.03,1
e,2022-11-01 17:21:41.053114,-0.06,-0.70,0.71,1.10,1.89,2.44,-3.77,44.73,-21.03,1
e,2022-11-01 17:21:41.053263,-0.06,-0.70,0.71,1.34,1.77,2.50,-3.93,44.90,-19.71,1
e,2022-11-01 17:21:41.053418,-0.06,-0.70,0.71,1.34,1.89,2.50,-3.93,44.90,-19.71,1
e,2022-11-01 17:21:41.053568,-0.06,-0.70,0.71,1.16,1.89,2.38,-3.93,44.90,-19.71,1
e,2022-11-01 17:21:41.053723,-0.06,-0.70,0.71,1.22,1.89,2.26,-4.19,45.30,-20.29,1
e,2022-11-01 17:21:41.053872,-0.06,-0.70,0.71,0.98,1.89,2.56,-4.19,45.30,-20.29,1
e,2022-11-01 17:21:41.054026,-0.06,-0.70,0.71,1.46,1.77,2.56,-4.41,45.07,-20.23,1
e,2022-11-01 17:21:41.054182,-0.06,-0.70,0.71,1.22,1.83,2.38,-4.41,45.07,-20.23,1
e,2022-11-01 17:21:41.054332,-0.06,-0.70,0.71,1.22,1.89,2.44,-4.41,45.07,-20.23,1
e,2022-11-01 17:21:41.054488,-0.06,-0.70,0.71,1.34,1.95,2.44,-3.64,44.62,-20.52,1
e,2022-11-01 17:21:41.054637,-0.06,-0.70,0.71,1.16,1.95,2.32,-3.64,44.62,-20.52,1
e,2022-11-01 17:21:41.054794,-0.06,-0.70,0.71,1.22,1.89,2.44,-3.64,44.62,-20.52,1
e,2022-11-01 17:21:41.054946,-0.06,-0.70,0.71,1.10,1.71,2.38,-4.15,45.18,-19.70,1
e,2022-11-01 17:21:41.055098,-0.06,-0.70,0.71,1.22,1.83,2.38,-4.15,45.18,-19.70,1
e,2022-11-01 17:21:41.055252,-0.06,-0.70,0.71,1.10,1.83,2.44,-4.15,45.18,-19.70,1
e,2022-11-01 17:21:41.055401,-0.06,-0.70,0.71,1.16,1.65,2.44,-3.48,45.37,-20.35,1
e,2022-11-01 17:21:41.055555,-0.06,-0.70,0.71,1.28,1.89,2.44,-3.48,45.37,-20.35,1
e,2022-11-01 17:21:41.055708,-0.06,-0.70,0.71,1.22,1.89,2.44,-3.66,45.18,-19.46,1
e,2022-11-01 17:21:41.055862,-0.06,-0.70,0.71,1.22,1.83,2.38,-3.66,45.18,-19.46,1
e,2022-11-01 17:21:41.056027,-0.06,-0.70,0.71,0.98,1.89,2.32,-3.66,45.18,-19.46,1
e,2022-11-01 17:21:41.056178,-0.06,-0.70,0.71,1.22,2.01,2.44,-4.22,44.78,-20.12,1
e,2022-11-01 17:21:41.056337,-0.06,-0.70,0.71,1.16,1.89,2.32,-4.22,44.78,-20.12,1
e,2022-11-01 17:21:41.056488,-0.06,-0.70,0.71,0.98,1.89,2.50,-4.22,44.78,-20.12,1
e,2022-11-01 17:21:41.056638,-0.06,-0.70,0.71,1.10,1.77,2.32,-4.05,44.42,-20.07,1
e,2022-11-01 17:21:41.056794,-0.06,-0.70,0.71,1.16,1.89,2.32,-4.05,44.42,-20.07,1
e,2022-11-01 17:21:41.056946,-0.06,-0.70,0.71,1.04,1.83,2.44,-4.05,44.42,-20.07,1
e,2022-11-01 17:21:41.057103,-0.06,-0.70,0.71,1.28,1.89,2.32,-3.75,44.57,-19.35,1
e,2022-11-01 17:21:41.057254,-0.06,-0.70,0.71,1.46,1.83,2.50,-3.75,44.57,-19.35,1
e,2022-11-01 17:21:41.057424,-0.06,-0.70,0.71,1.10,1.83,2.50,-3.86,44.26,-18.26,1
e,2022-11-01 17:21:41.057583,-0.06,-0.70,0.71,1.10,1.83,2.20,-3.86,44.26,-18.26,1
e,2022-11-01 17:21:41.057734,-0.06,-0.70,0.71,1.22,1.77,2.44,-3.86,44.26,-18.26,1
e,2022-11-01 17:21:41.057891,-0.06,-0.70,0.71,1.22,1.71,2.50,-4.11,44.69,-19.71,1
e,2022-11-01 17:21:41.058043,-0.06,-0.70,0.71,1.34,1.83,2.50,-4.11,44.69,-19.71,1
e,2022-11-01 17:21:41.058201,-0.06,-0.70,0.71,1.34,1.77,2.56,-4.11,44.69,-19.71,1
e,2022-11-01 17:21:41.058357,-0.06,-0.70,0.71,1.10,1.83,2.50,-4.41,44.86,-19.79,1
e,2022-11-01 17:21:41.058509,-0.06,-0.70,0.71,1.34,1.83,2.75,-4.41,44.86,-19.79,1
e,2022-11-01 17:21:41.058672,-0.06,-0.70,0.71,1.16,1.89,2.50,-4.41,44.86,-19.79,1
e,2022-11-01 17:21:41.058830,-0.06,-0.70,0.71,1.16,1.95,2.50,-4.00,44.89,-19.59,1
e,2022-11-01 17:21:41.058989,-0.06,-0.70,0.71,0.98,2.08,2.62,-4.00,44.89,-19.59,1
e,2022-11-01 17:21:41.059144,-0.06,-0.70,0.71,1.22,1.95,2.56,-4.42,45.04,-20.57,1
e,2022-11-01 17:21:41.059300,-0.06,-0.70,0.71,0.98,1.89,2.26,-4.42,45.04,-20.57,1
e,2022-11-01 17:21:41.059460,-0.06,-0.70,0.71,1.40,1.83,2.44,-4.42,45.04,-20.57,1
e,2022-11-01 17:21:41.059615,-0.06,-0.70,0.71,1.04,1.89,2.50,-3.64,44.35,-20.74,1
e,2022-11-01 17:21:41.059774,-0.06,-0.70,0.71,1.22,2.01,2.62,-3.64,44.35,-20.74,1
e,2022-11-01 17:21:41.059926,-0.06,-0.70,0.71,1.22,1.89,2.44,-3.64,44.35,-20.74,1
e,2022-11-01 17:21:41.060077,-0.06,-0.70,0.71,1.22,1.95,2.50,-4.28,44.90,-21.01,1
e,2022-11-01 17:21:41.060233,-0.06,-0.70,0.71,1.28,2.01,2.56,-4.28,44.90,-21.01,1
e,2022-11-01 17:21:41.060385,-0.06,-0.70,0.71,1.16,2.08,2.44,-4.28,44.90,-21.01,1
e,2022-11-01 17:21:41.060541,-0.06,-0.70,0.71,1.28,1.95,2.38,-4.30,45.26,-20.61,1
e,2022-11-01 17:21:41.060691,-0.06,-0.70,0.71,1.28,2.01,2.56,-4.30,45.26,-20.61,1
e,2022-11-01 17:21:41.060843,-0.06,-0.70,0.71,1.10,1.95,2.44,-4.87,45.24,-18.90,1
e,2022-11-01 17:21:41.061015,-0.06,-0.70,0.71,1.16,1.95,2.32,-4.87,45.24,-18.90,1
e,2022-11-01 17:21:41.061167,-0.06,-0.70,0.71,1.22,1.95,2.38,-4.87,45.24,-18.90,1
e,2022-11-01 17:21:41.061324,-0.06,-0.70,0.71,1.10,1.95,2.50,-4.36,44.84,-20.74,1
e,2022-11-01 17:21:41.061475,-0.06,-0.70,0.71,1.22,2.08,2.50,-4.36,44.84,-20.74,1
e,2022-11-01 17:21:41.061628,-0.06,-0.70,0.71,1.22,2.01,2.56,-4.36,44.84,-20.74,1
e,2022-11-01 17:21:41.061786,-0.06,-0.70,0.71,1.10,1.89,2.44,-4.17,44.70,-20.08,1
e,2022-11-01 17:21:41.061939,-0.06,-0.70,0.71,1.22,1.77,2.56,-4.17,44.70,-20.08,1
e,2022-11-01 17:21:41.062153,-0.06,-0.70,0.71,0.98,1.95,2.38,-4.17,44.70,-20.08,1
e,2022-11-01 17:21:41.062307,-0.06,-0.70,0.71,0.98,2.01,2.32,-4.58,44.86,-19.91,1
e,2022-11-01 17:21:41.062460,-0.06,-0.70,0.71,1.22,1.95,2.50,-4.58,44.86,-19.91,1
e,2022-11-01 17:21:41.062619,-0.06,-0.70,0.71,1.16,1.77,2.62,-4.42,44.80,-20.00,1
e,2022-11-01 17:21:41.062771,-0.06,-0.70,0.71,1.40,1.95,2.62,-4.42,44.80,-20.00,1
e,2022-11-01 17:21:41.062927,-0.06,-0.70,0.71,1.16,1.89,2.32,-4.42,44.80,-20.00,1
e,2022-11-01 17:21:41.063079,-0.06,-0.70,0.71,1.10,1.95,2.44,-3.91,44.32,-19.31,1
e,2022-11-01 17:21:41.063231,-0.06,-0.70,0.71,1.10,1.95,2.38,-3.91,44.32,-19.31,1
e,2022-11-01 17:21:41.063395,-0.06,-0.70,0.71,1.28,1.89,2.50,-3.91,44.32,-19.31,1
e,2022-11-01 17:21:41.063547,-0.06,-0.70,0.71,1.10,1.89,2.32,-3.99,44.74,-20.64,1
e,2022-11-01 17:21:41.063704,-0.06,-0.70,0.71,1.16,1.83,2.38,-3.99,44.74,-20.64,1
e,2022-11-01 17:21:41.063859,-0.06,-0.70,0.71,1.22,1.83,2.32,-3.99,44.74,-20.64,1
e,2022-11-01 17:21:41.064045,-0.06,-0.70,0.71,0.92,1.95,2.44,-4.38,44.68,-20.68,1
e,2022-11-01 17:21:41.064200,-0.06,-0.70,0.71,1.28,2.01,2.50,-4.38,44.68,-20.68,1
e,2022-11-01 17:21:41.064354,-0.06,-0.70,0.71,1.28,1.89,2.50,-4.28,44.56,-19.82,1
e,2022-11-01 17:21:41.064511,-0.06,-0.70,0.71,1.28,1.89,2.62,-4.28,44.56,-19.82,1
e,2022-11-01 17:21:41.064663,-0.06,-0.70,0.71,1.10,1.95,2.44,-4.28,44.56,-19.82,1
e,2022-11-01 17:21:41.064824,-0.06,-0.70,0.71,1.10,1.83,2.44,-4.13,44.62,-19.85,1
e,2022-11-01 17:21:41.064977,-0.06,-0.70,0.71,1.16,1.83,2.32,-4.13,44.62,-19.85,1
e,2022-11-01 17:21:41.065128,-0.06,-0.70,0.71,1.22,1.77,2.56,-4.13,44.62,-19.85,1
e,2022-11-01 17:21:41.065286,-0.06,-0.70,0.71,1.04,1.77,2.44,-3.74,44.97,-19.35,1
e,2022-11-01 17:21:41.065439,-0.06,-0.70,0.71,1.28,1.83,2.44,-3.74,44.97,-19.35,1
e,2022-11-01 17:21:41.065596,-0.06,-0.70,0.71,1.34,1.89,2.62,-3.74,44.97,-19.35,1
e,2022-11-01 17:21:41.065747,-0.06,-0.70,0.71,0.92,1.83,2.44,-4.03,44.73,-20.00,1
e,2022-11-01 17:21:41.065900,-0.06,-0.70,0.71,1.04,1.83,2.50,-4.03,44.73,-20.00,1
e,2022-11-01 17:21:41.066056,-0.06,-0.70,0.71,1.16,1.83,2.62,-3.75,44.40,-20.28,1
e,2022-11-01 17:21:41.066209,-0.06,-0.70,0.71,1.28,1.89,2.26,-3.75,44.40,-20.28,1
e,2022-11-01 17:21:41.066369,-0.06,-0.70,0.71,1.16,2.08,2.44,-3.75,44.40,-20.28,1
e,2022-11-01 17:21:41.066519,-0.06,-0.70,0.71,1.28,1.95,2.44,-4.09,44.93,-20.01,1
e,2022-11-01 17:21:41.066668,-0.06,-0.70,0.71,1.16,1.89,2.44,-4.09,44.93,-20.01,1
e,2022-11-01 17:21:41.066823,-0.06,-0.70,0.71,1.34,2.08,2.38,-4.09,44.93,-20.01,1
e,2022-11-01 17:21:41.066974,-0.06,-0.70,0.71,0.85,1.77,2.20,-4.50,45.08,-19.89,1
e,2022-11-01 17:21:41.067130,-0.06,-0.70,0.71,1.16,1.95,2.32,-4.50,45.08,-19.89,1
e,2022-11-01 17:21:41.067280,-0.06,-0.70,0.71,1.10,1.95,2.38,-4.50,45.08,-19.89,1
e,2022-11-01 17:21:41.067435,-0.06,-0.70,0.71,1.10,1.83,2.56,-4.63,44.93,-20.32,1
e,2022-11-01 17:21:41.067585,-0.06,-0.70,0.71,1.22,1.95,2.56,-4.63,44.93,-20.32,1
e,2022-11-01 17:21:41.067735,-0.06,-0.70,0.71,1.22,2.01,2.38,-4.02,45.40,-20.69,1
e,2022-11-01 17:21:41.067893,-0.06,-0.70,0.71,1.04,1.77,2.14,-4.02,45.40,-20.69,1
e,2022-11-01 17:21:41.068043,-0.06,-0.70,0.71,1.04,1.95,2.38,-4.02,45.40,-20.69,1
e,2022-11-01 17:21:41.068198,-0.06,-0.70,0.71,1.22,1.83,2.44,-3.61,44.64,-20.67,1
e,2022-11-01 17:21:41.068348,-0.06,-0.70,0.71,1.16,1.95,2.50,-3.61,44.64,-20.67,1
e,2022-11-01 17:21:41.068499,-0.06,-0.70,0.71,1.04,1.83,2.32,-3.61,44.64,-20.67,1
e,2022-11-01 17:21:41.068654,-0.06,-0.70,0.71,1.16,1.71,2.38,-3.92,44.74,-20.40,1
e,2022-11-01 17:21:41.068805,-0.06,-0.70,0.71,1.04,1.89,2.56,-3.92,44.74,-20.40,1
e,2022-11-01 17:21:41.068963,-0.06,-0.70,0.71,1.16,1.95,2.38,-3.92,44.74,-20.40,1
e,2022-11-01 17:21:41.069113,-0.06,-0.70,0.71,1.16,2.01,2.44,-4.24,44.85,-20.32,1
e,2022-11-01 17:21:41.069263,-0.06,-0.70,0.71,1.22,2.01,2.62,-4.24,44.85,-20.32,1
e,2022-11-01 17:21:41.069420,-0.06,-0.70,0.71,1.16,1.95,2.50,-3.98,44.93,-20.57,1
e,2022-11-01 17:21:41.069569,-0.06,-0.70,0.71,1.04,1.77,2.32,-3.98,44.93,-20.57,1
e,2022-11-01 17:21:41.069725,-0.06,-0.70,0.71,1.10,1.95,2.38,-3.98,44.93,-20.57,1
e,2022-11-01 17:21:41.069875,-0.06,-0.70,0.71,1.04,1.83,2.38,-4.14,44.92,-21.00,1
e,2022-11-01 17:21:41.070030,-0.06,-0.70,0.71,1.16,1.77,2.38,-4.14,44.92,-21.00,1
e,2022-11-01 17:21:41.070186,-0.06,-0.70,0.71,1.16,1.89,2.32,-4.14,44.92,-21.00,1
e,2022-11-01 17:21:41.070336,-0.06,-0.70,0.71,0.98,1.77,2.26,-3.71,45.06,-19.43,1
e,2022-11-01 17:21:41.070491,-0.06,-0.70,0.71,1.22,2.01,2.44,-3.71,45.06,-19.43,1
e,2022-11-01 17:21:41.070644,-0.06,-0.70,0.71,1.28,2.01,2.62,-3.71,45.06,-19.43,1
e,2022-11-01 17:21:41.070800,-0.06,-0.70,0.71,1.16,1.95,2.38,-4.47,44.92,-19.41,1
e,2022-11-01 17:21:41.070955,-0.06,-0.70,0.71,1.22,1.83,2.62,-4.47,44.92,-19.41,1
e,2022-11-01 17:21:41.071111,-0.06,-0.70,0.71,1.34,1.89,2.50,-3.83,44.51,-21.24,1
e,2022-11-01 17:21:41.071270,-0.06,-0.70,0.71,1.04,1.83,2.44,-3.83,44.51,-21.24,1
e,2022-11-01 17:21:41.071421,-0.06,-0.70,0.71,1.16,1.89,2.50,-3.83,44.51,-21.24,1
e,2022-11-01 17:21:41.071577,-0.06,-0.70,0.71,1.10,1.83,2.44,-4.05,45.09,-19.81,1
e,2022-11-01 17:21:41.071728,-0.06,-0.70,0.71,1.28,1.89,2.38,-4.05,45.09,-19.81,1
e,2022-11-01 17:21:41.071880,-0.06,-0.70,0.71,1.10,2.01,2.38,-4.05,45.09,-19.81,1
e,2022-11-01 17:21:41.072036,-0.06,-0.70,0.71,1.04,1.65,2.44,-3.93,44.82,-20.89,1
e,2022-11-01 17:21:41.072190,-0.06,-0.70,0.71,1.16,1.89,2.38,-3.93,44.82,-20.89,1
e,2022-11-01 17:21:41.072347,-0.06,-0.70,0.71,1.34,1.95,2.56,-3.93,44.82,-20.89,1
e,2022-11-01 17:21:41.072500,-0.06,-0.70,0.71,1.10,1.83,2.32,-4.14,45.18,-18.91,1
e,2022-11-01 17:21:41.072668,-0.06,-0.70,0.71,1.22,1.71,2.38,-4.14,45.18,-18.91,1
e,2022-11-01 17:21:41.072821,-0.06,-0.70,0.71,1.16,1.95,2.44,-4.55,45.15,-19.24,1
e,2022-11-01 17:21:41.072972,-0.06,-0.70,0.71,1.34,1.77,2.32,-4.55,45.15,-19.24,1
e,2022-11-01 17:21:41.073127,-0.06,-0.70,0.71,1.10,1.83,2.44,-4.55,45.15,-19.24,1
e,2022-11-01 17:21:41.073277,-0.06,-0.70,0.71,1.28,1.89,2.32,-4.06,45.26,-20.63,1
e,2022-11-01 17:21:41.073435,-0.06,-0.70,0.71,1.10,1.83,2.38,-4.06,45.26,-20.63,1
e,2022-11-01 17:21:41.073587,-0.06,-0.70,0.71,1.34,1.83,2.44,-4.06,45.26,-20.63,1
e,2022-11-01 17:21:41.073737,-0.06,-0.70,0.71,1.28,1.77,2.32,-4.04,45.61,-20.59,1
e,2022-11-01 17:21:41.073894,-0.06,-0.70,0.71,1.22,1.95,2.56,-4.04,45.61,-20.59,1
e,2022-11-01 17:21:41.074051,-0.06,-0.70,0.71,1.16,1.89,2.50,-4.04,45.61,-20.59,1
e,2022-11-01 17:21:41.074210,-0.06,-0.70,0.71,1.16,1.89,2.32,-4.03,44.97,-20.76,1
e,2022-11-01 17:21:41.074361,-0.06,-0.70,0.71,1.46,1.89,2.44,-4.03,44.97,-20.76,1
e,2022-11-01 17:21:41.074511,-0.06,-0.70,0.71,1.28,1.95,2.44,-3.83,44.47,-20.52,1
e,2022-11-01 17:21:41.074669,-0.06,-0.70,0.71,1.34,1.89,2.38,-3.83,44.47,-20.52,1
e,2022-11-01 17:21:41.074820,-0.06,-0.70,0.71,1.22,2.01,2.56,-3.83,44.47,-20.52,1
e,2022-11-01 17:21:41.074977,-0.06,-0.70,0.71,1.28,1.71,2.56,-3.99,44.98,-19.26,1
e,2022-11-01 17:21:41.075131,-0.06,-0.70,0.71,1.22,1.83,2.38,-3.99,44.98,-19.26,1
e,2022-11-01 17:21:41.075284,-0.06,-0.70,0.71,1.22,1.83,2.38,-3.99,44.98,-19.26,1
e,2022-11-01 17:21:41.075443,-0.06,-0.70,0.71,1.16,1.59,2.38,-4.53,44.32,-20.48,1
e,2022-11-01 17:21:41.075596,-0.06,-0.70,0.71,1.22,1.89,2.26,-4.53,44.32,-20.48,1
e,2022-11-01 17:21:41.075755,-0.06,-0.70,0.71,1.28,1.89,2.44,-4.53,44.32,-20.48,1
e,2022-11-01 17:21:41.075907,-0.06,-0.70,0.71,1.28,1.71,2.32,-4.17,44.91,-18.87,1
e,2022-11-01 17:21:41.076061,-0.06,-0.70,0.71,1.34,1.71,2.56,-4.17,44.91,-18.87,1
e,2022-11-01 17:21:41.076221,-0.06,-0.70,0.71,1.28,1.71,2.44,-4.44,44.79,-20.18,1
e,2022-11-01 17:21:41.076374,-0.06,-0.70,0.71,1.10,1.89,2.44,-4.44,44.79,-20.18,1
e,2022-11-01 17:21:41.076533,-0.06,-0.70,0.71,1.22,1.71,2.32,-4.44,44.79,-20.18,1
e,2022-11-01 17:21:41.076683,-0.06,-0.70,0.71,1.16,1.83,2.38,-4.30,44.27,-20.98,1
e,2022-11-01 17:21:41.076839,-0.06,-0.70,0.71,1.34,2.01,2.38,-4.30,44.27,-20.98,1
e,2022-11-01 17:21:41.076989,-0.06,-0.70,0.71,1.34,2.01,2.50,-4.30,44.27,-20.98,1
e,2022-11-01 17:21:41.077139,-0.06,-0.70,0.71,1.04,1.89,2.20,-4.16,44.60,-20.14,1
e,2022-11-01 17:21:41.077295,-0.06,-0.70,0.71,1.28,1.83,2.26,-4.16,44.60,-20.14,1
e,2022-11-01 17:21:41.077445,-0.06,-0.70,0.71,1.22,1.89,2.56,-4.16,44.60,-20.14,1
e,2022-11-01 17:21:41.077602,-0.06,-0.70,0.71,1.22,1.83,2.38,-4.59,45.15,-19.73,1
e,2022-11-01 17:21:41.077754,-0.06,-0.70,0.71,1.46,1.83,2.44,-4.59,45.15,-19.73,1
e,2022-11-01 17:21:41.077904,-0.06,-0.70,0.71,1.28,1.95,2.50,-4.65,44.59,-19.91,1
e,2022-11-01 17:21:41.078059,-0.06,-0.70,0.71,1.34,1.65,2.44,-4.65,44.59,-19.91,1
e,2022-11-01 17:21:41.078208,-0.06,-0.70,0.71,1.40,1.71,2.50,-4.65,44.59,-19.91,1
e,2022-11-01 17:21:41.078364,-0.06,-0.70,0.71,1.34,1.95,2.38,-4.59,44.35,-20.54,1
e,2022-11-01 17:21:41.078517,-0.06,-0.70,0.71,1.10,1.95,2.38,-4.59,44.35,-20.54,1
e,2022-11-01 17:21:41.078668,-0.06,-0.70,0.71,1.40,1.83,2.38,-4.59,44.35,-20.54,1
e,2022-11-01 17:21:41.078821,-0.06,-0.70,0.71,1.04,1.77,2.32,-4.16,44.85,-19.32,1
e,2022-11-01 17:21:41.078970,-0.06,-0.70,0.71,1.22,1.83,2.32,-4.16,44.85,-19.32,1
e,2022-11-01 17:21:41.079126,-0.06,-0.70,0.71,1.28,1.89,2.56,-4.16,44.85,-19.32,1
e,2022-11-01 17:21:41.079276,-0.06,-0.70,0.71,0.92,1.71,2.38,-4.46,44.89,-18.85,1
e,2022-11-01 17:21:41.079430,-0.06,-0.70,0.71,1.46,1.71,2.50,-4.46,44.89,-18.85,1
e,2022-11-01 17:21:41.079579,-0.06,-0.70,0.71,1.46,1.71,2.44,-3.87,45.36,-20.80,1
e,2022-11-01 17:21:41.079729,-0.06,-0.70,0.71,1.28,1.71,2.38,-3.87,45.36,-20.80,1
e,2022-11-01 17:21:41.079895,-0.06,-0.70,0.71,1.16,1.77,2.38,-3.87,45.36,-20.80,1
e,2022-11-01 17:21:41.080047,-0.06,-0.70,0.71,1.22,1.83,2.32,-4.22,44.67,-18.68,1
e,2022-11-01 17:21:41.080203,-0.06,-0.70,0.71,1.34,1.83,2.50,-4.22,44.67,-18.68,1
e,2022-11-01 17:21:41.080354,-0.06,-0.70,0.71,1.34,1.65,2.44,-4.22,44.67,-18.68,1
e,2022-11-01 17:21:41.080505,-0.06,-0.70,0.71,1.16,1.71,2.38,-3.83,44.84,-19.53,1
e,2022-11-01 17:21:41.080659,-0.06,-0.70,0.71,1.22,1.77,2.62,-3.83,44.84,-19.53,1
e,2022-11-01 17:21:41.080810,-0.06,-0.70,0.71,1.04,1.83,2.56,-3.83,44.84,-19.53,1
e,2022-11-01 17:21:41.080966,-0.06,-0.70,0.71,1.16,1.83,2.26,-3.97,44.78,-20.17,1
e,2022-11-01 17:21:41.081118,-0.06,-0.70,0.71,1.16,1.83,2.44,-3.97,44.78,-20.17,1
e,2022-11-01 17:21:41.081274,-0.06,-0.70,0.71,1.28,1.83,2.50,-4.41,44.87,-21.08,1
e,2022-11-01 17:21:41.081425,-0.06,-0.70,0.71,1.04,2.08,2.20,-4.41,44.87,-21.08,1
e,2022-11-01 17:21:41.081576,-0.06,-0.70,0.71,1.34,1.83,2.32,-4.41,44.87,-21.08,1
e,2022-11-01 17:21:41.081731,-0.06,-0.70,0.71,1.34,1.59,2.44,-4.05,44.89,-19.42,1
e,2022-11-01 17:21:41.081881,-0.06,-0.70,0.71,1.16,1.95,2.44,-4.05,44.89,-19.42,1
e,2022-11-01 17:21:41.082035,-0.06,-0.70,0.71,1.22,1.89,2.50,-4.05,44.89,-19.42,1
e,2022-11-01 17:21:41.082186,-0.06,-0.70,0.71,1.28,1.83,2.44,-3.91,44.47,-20.62,1
e,2022-11-01 17:21:41.082349,-0.06,-0.70,0.71,1.16,1.89,2.32,-3.91,44.47,-20.62,1
e,2022-11-01 17:21:41.082501,-0.06,-0.70,0.71,1.22,1.89,2.32,-3.91,44.47,-20.62,1
e,2022-11-01 17:21:41.082651,-0.06,-0.70,0.71,1.22,1.77,2.38,-4.28,45.06,-19.42,1
e,2022-11-01 17:21:41.082807,-0.06,-0.70,0.71,1.28,1.77,2.38,-4.28,45.06,-19.42,1
e,2022-11-01 17:21:41.082958,-0.06,-0.70,0.71,1.22,1.77,2.32,-4.05,44.92,-20.65,1
e,2022-11-01 17:21:41.083257,-0.06,-0.70,0.71,1.10,1.89,2.38,-4.05,44.92,-20.65,1
e,2022-11-01 17:21:41.083410,-0.06,-0.70,0.71,1.34,1.77,2.50,-4.05,44.92,-20.65,1
e,2022-11-01 17:21:41.083562,-0.06,-0.70,0.71,1.10,1.89,2.32,-4.04,44.60,-19.34,1
e,2022-11-01 17:21:41.083719,-0.06,-0.70,0.71,1.22,1.83,2.38,-4.04,44.60,-19.34,1
e,2022-11-01 17:21:41.083871,-0.06,-0.70,0.71,1.04,1.83,2.44,-4.04,44.60,-19.34,1
e,2022-11-01 17:21:41.084027,-0.06,-0.70,0.71,1.10,1.83,2.38,-4.35,44.48,-19.02,1
e,2022-11-01 17:21:41.084179,-0.06,-0.70,0.71,1.28,1.71,2.44,-4.35,44.48,-19.02,1
e,2022-11-01 17:21:41.084332,-0.06,-0.70,0.71,1.16,1.83,2.56,-4.35,44.48,-19.02,1
e,2022-11-01 17:21:41.084507,-0.06,-0.70,0.71,1.16,1.65,2.32,-4.75,45.29,-18.38,1
e,2022-11-01 17:21:41.084657,-0.06,-0.70,0.71,1.22,1.71,2.50,-4.75,45.29,-18.38,1
e,2022-11-01 17:21:41.084812,-0.06,-0.70,0.71,1.16,1.71,2.44,-4.42,45.02,-20.91,1
e,2022-11-01 17:21:41.084962,-0.06,-0.70,0.71,1.22,1.89,2.50,-4.42,45.02,-20.91,1
e,2022-11-01 17:21:41.085113,-0.06,-0.70,0.71,1.22,1.89,2.38,-4.42,45.02,-20.91,1
e,2022-11-01 17:21:41.085268,-0.06,-0.70,0.71,1.04,1.95,2.44,-4.22,44.79,-20.80,1
e,2022-11-01 17:21:41.085418,-0.06,-0.70,0.71,1.28,2.01,2.38,-4.22,44.79,-20.80,1
e,2022-11-01 17:21:41.085575,-0.06,-0.70,0.71,1.10,1.95,2.38,-4.22,44.79,-20.80,1
e,2022-11-01 17:21:41.085726,-0.06,-0.70,0.71,1.22,1.83,2.38,-3.78,45.20,-19.21,1
e,2022-11-01 17:21:41.085880,-0.06,-0.70,0.71,1.04,1.89,2.44,-3.78,45.20,-19.21,1
e,2022-11-01 17:21:41.086031,-0.06,-0.70,0.71,1.34,1.71,2.44,-4.48,44.97,-19.79,1
e,2022-11-01 17:21:41.086182,-0.06,-0.70,0.71,1.04,1.77,2.26,-4.48,44.97,-19.79,1
e,2022-11-01 17:21:41.086337,-0.06,-0.70,0.71,1.04,1.77,2.32,-4.48,44.97,-19.79,1
e,2022-11-01 17:21:41.086488,-0.06,-0.70,0.71,1.28,1.77,2.38,-3.93,45.25,-20.84,1
e,2022-11-01 17:21:41.086643,-0.06,-0.70,0.71,1.04,1.83,2.44,-3.93,45.25,-20.84,1
e,2022-11-01 17:21:41.086795,-0.06,-0.70,0.71,1.28,1.89,2.44,-3.93,45.25,-20.84,1
e,2022-11-01 17:21:41.086946,-0.06,-0.70,0.71,1.28,1.77,2.38,-3.91,44.86,-20.56,1
e,2022-11-01 17:21:41.087102,-0.06,-0.70,0.71,0.98,1.83,2.38,-3.91,44.86,-20.56,1
e,2022-11-01 17:21:41.087252,-0.06,-0.70,0.71,1.28,1.77,2.44,-3.91,44.86,-20.56,1
e,2022-11-01 17:21:41.087407,-0.06,-0.70,0.71,1.16,1.71,2.38,-3.96,44.60,-20.03,1
e,2022-11-01 17:21:41.087557,-0.06,-0.70,0.71,1.34,1.71,2.44,-3.96,44.60,-20.03,1
e,2022-11-01 17:21:41.087706,-0.06,-0.70,0.71,1.22,1.77,2.50,-4.05,44.52,-20.21,1
e,2022-11-01 17:21:41.087861,-0.06,-0.70,0.71,0.79,1.77,2.14,-4.05,44.52,-20.21,1
e,2022-11-01 17:21:41.088042,-0.06,-0.70,0.71,0.92,1.89,2.44,-4.05,44.52,-20.21,1
e,2022-11-01 17:21:41.088200,-0.06,-0.70,0.71,1.16,1.77,2.32,-4.37,44.98,-21.46,1
e,2022-11-01 17:21:41.088351,-0.06,-0.70,0.71,1.22,1.83,2.44,-4.37,44.98,-21.46,1
e,2022-11-01 17:21:41.088504,-0.06,-0.70,0.71,1.28,1.89,2.44,-4.37,44.98,-21.46,1
e,2022-11-01 17:21:41.088659,-0.06,-0.70,0.71,1.04,1.89,2.32,-4.11,44.42,-20.68,1
e,2022-11-01 17:21:41.088813,-0.06,-0.70,0.71,1.16,1.77,2.62,-4.11,44.42,-20.68,1
e,2022-11-01 17:21:41.088969,-0.06,-0.70,0.71,1.04,1.89,2.32,-4.11,44.42,-20.68,1
e,2022-11-01 17:21:41.089122,-0.06,-0.70,0.71,1.34,1.77,2.38,-4.17,44.43,-20.01,1
e,2022-11-01 17:21:41.089281,-0.06,-0.70,0.71,1.04,1.83,2.38,-4.17,44.43,-20.01,1
e,2022-11-01 17:21:41.089436,-0.06,-0.70,0.71,1.34,1.83,2.56,-4.36,44.65,-18.91,1
e,2022-11-01 17:21:41.089587,-0.06,-0.70,0.71,0.98,1.83,2.38,-4.36,44.65,-18.91,1
e,2022-11-01 17:21:41.089744,-0.06,-0.70,0.71,1.16,1.77,2.32,-4.36,44.65,-18.91,1
e,2022-11-01 17:21:41.089897,-0.06,-0.70,0.71,1.40,1.83,2.56,-4.00,44.65,-19.91,1
e,2022-11-01 17:21:41.090053,-0.06,-0.70,0.71,1.16,2.01,2.44,-4.00,44.65,-19.91,1
e,2022-11-01 17:21:41.090202,-0.06,-0.70,0.71,1.22,1.83,2.56,-4.00,44.65,-19.91,1
e,2022-11-01 17:21:41.090351,-0.06,-0.70,0.71,1.10,1.77,2.32,-4.10,44.48,-20.63,1
e,2022-11-01 17:21:41.090508,-0.06,-0.70,0.71,1.28,1.83,2.44,-4.10,44.48,-20.63,1
e,2022-11-01 17:21:41.090659,-0.06,-0.70,0.71,1.28,1.77,2.50,-4.10,44.48,-20.63,1
e,2022-11-01 17:21:41.090816,-0.06,-0.70,0.71,1.28,1.71,2.44,-4.04,44.52,-19.10,1
e,2022-11-01 17:21:41.090969,-0.06,-0.70,0.71,1.16,1.83,2.32,-4.04,44.52,-19.10,1
e,2022-11-01 17:21:41.091118,-0.06,-0.70,0.71,1.22,1.95,2.26,-4.50,44.80,-19.41,1
e,2022-11-01 17:21:41.091278,-0.06,-0.70,0.71,1.22,1.89,2.26,-4.50,44.80,-19.41,1
e,2022-11-01 17:21:41.091430,-0.06,-0.70,0.71,1.22,1.89,2.56,-4.50,44.80,-19.41,1
e,2022-11-01 17:21:41.091586,-0.06,-0.70,0.71,1.28,1.77,2.50,-4.49,45.04,-20.90,1
e,2022-11-01 17:21:41.091738,-0.06,-0.70,0.71,1.34,1.65,2.32,-4.49,45.04,-20.90,1
e,2022-11-01 17:21:41.091900,-0.06,-0.70,0.71,1.16,1.83,2.32,-4.49,45.04,-20.90,1
e,2022-11-01 17:21:41.092054,-0.06,-0.70,0.71,1.28,1.83,2.44,-4.75,44.97,-20.53,1
e,2022-11-01 17:21:41.092209,-0.06,-0.70,0.71,1.10,1.77,2.50,-4.75,44.97,-20.53,1
e,2022-11-01 17:21:41.092369,-0.06,-0.70,0.71,1.28,1.89,2.44,-4.75,44.97,-20.53,1
e,2022-11-01 17:21:41.092522,-0.06,-0.70,0.71,1.04,1.83,2.44,-3.66,45.29,-19.06,1
e,2022-11-01 17:21:41.092680,-0.06,-0.70,0.71,1.34,1.95,2.44,-3.66,45.29,-19.06,1
e,2022-11-01 17:21:41.092832,-0.06,-0.70,0.71,1.34,1.89,2.44,-4.19,44.90,-19.89,1
e,2022-11-01 17:21:41.092984,-0.06,-0.70,0.71,1.22,1.89,2.56,-4.19,44.90,-19.89,1
e,2022-11-01 17:21:41.093142,-0.06,-0.70,0.71,1.34,1.71,2.38,-4.19,44.90,-19.89,1
e,2022-11-01 17:21:41.093297,-0.06,-0.70,0.71,1.10,1.83,2.32,-4.00,45.28,-18.85,1
e,2022-11-01 17:21:41.093456,-0.06,-0.70,0.71,1.10,1.83,2.38,-4.00,45.28,-18.85,1
e,2022-11-01 17:21:41.093608,-0.06,-0.70,0.71,1.16,1.77,2.32,-4.00,45.28,-18.85,1
e,2022-11-01 17:21:41.093760,-0.06,-0.70,0.71,0.98,1.65,2.38,-4.26,44.74,-19.80,1
e,2022-11-01 17:21:41.093913,-0.06,-0.70,0.71,1.28,1.83,2.38,-4.26,44.74,-19.80,1
e,2022-11-01 17:21:41.094064,-0.06,-0.70,0.71,1.10,1.83,2.38,-4.26,44.74,-19.80,1
e,2022-11-01 17:21:41.094219,-0.06,-0.70,0.71,1.04,1.83,2.32,-4.06,44.67,-20.21,1
e,2022-11-01 17:21:41.094370,-0.06,-0.70,0.71,1.40,1.95,2.56,-4.06,44.67,-20.21,1
e,2022-11-01 17:21:41.094520,-0.06,-0.70,0.71,1.40,1.89,2.50,-4.27,45.53,-18.63,1
e,2022-11-01 17:21:41.094675,-0.06,-0.70,0.71,1.10,1.83,2.44,-4.27,45.53,-18.63,1
e,2022-11-01 17:21:41.094824,-0.06,-0.70,0.71,1.10,1.83,2.38,-4.27,45.53,-18.63,1
e,2022-11-01 17:21:41.094980,-0.06,-0.70,0.71,1.16,1.77,2.44,-4.05,45.08,-19.07,1
e,2022-11-01 17:21:41.095131,-0.06,-0.70,0.71,1.10,1.77,2.50,-4.05,45.08,-19.07,1
e,2022-11-01 17:21:41.095287,-0.06,-0.70,0.71,1.28,1.83,2.56,-4.05,45.08,-19.07,1
e,2022-11-01 17:21:41.095438,-0.06,-0.70,0.71,1.10,1.77,2.32,-4.06,44.85,-20.14,1
e,2022-11-01 17:21:41.095589,-0.06,-0.70,0.71,1.16,1.83,2.32,-4.06,44.85,-20.14,1
e,2022-11-01 17:21:41.095744,-0.06,-0.70,0.71,1.22,1.65,2.62,-4.06,44.85,-20.14,1
e,2022-11-01 17:21:41.095896,-0.06,-0.70,0.71,1.10,1.89,2.32,-3.91,45.46,-20.43,1
e,2022-11-01 17:21:41.096054,-0.06,-0.70,0.71,1.34,1.89,2.50,-3.91,45.46,-20.43,1
e,2022-11-01 17:21:41.096205,-0.06,-0.70,0.71,1.34,1.95,2.38,-4.09,45.21,-20.41,1
e,2022-11-01 17:21:41.096356,-0.06,-0.70,0.71,1.04,1.65,2.32,-4.09,45.21,-20.41,1
e,2022-11-01 17:21:41.096512,-0.06,-0.70,0.71,1.04,1.77,2.44,-4.09,45.21,-20.41,1
e,2022-11-01 17:21:41.096667,-0.06,-0.70,0.71,0.98,1.95,2.32,-3.50,45.02,-21.06,1
e,2022-11-01 17:21:41.096826,-0.06,-0.70,0.71,1.28,1.95,2.38,-3.50,45.02,-21.06,1
e,2022-11-01 17:21:41.096981,-0.06,-0.70,0.71,1.10,1.77,2.38,-3.50,45.02,-21.06,1
e,2022-11-01 17:21:41.097135,-0.06,-0.70,0.71,1.16,1.71,2.26,-4.28,44.93,-20.31,1
e,2022-11-01 17:21:41.097297,-0.06,-0.70,0.71,1.22,1.77,2.38,-4.28,44.93,-20.31,1
e,2022-11-01 17:21:41.097452,-0.06,-0.70,0.71,1.16,1.83,2.38,-4.28,44.93,-20.31,1
e,2022-11-01 17:21:41.097612,-0.06,-0.70,0.71,1.04,1.77,2.20,-3.98,44.75,-19.32,1
e,2022-11-01 17:21:41.097766,-0.06,-0.70,0.71,1.34,1.77,2.38,-3.98,44.75,-19.32,1
e,2022-11-01 17:21:41.097918,-0.06,-0.70,0.71,1.10,1.95,2.50,-4.59,44.71,-19.76,1
e,2022-11-01 17:21:41.098147,-0.06,-0.70,0.71,0.92,1.71,2.32,-4.59,44.71,-19.76,1
e,2022-11-01 17:21:41.098300,-0.06,-0.70,0.71,1.04,2.14,2.50,-4.59,44.71,-19.76,1
e,2022-11-01 17:21:41.098459,-0.06,-0.70,0.71,1.28,1.83,2.38,-3.59,45.14,-20.10,1
e,2022-11-01 17:21:41.098613,-0.06,-0.70,0.71,1.22,2.01,2.50,-3.59,45.14,-20.10,1
e,2022-11-01 17:21:41.098766,-0.06,-0.70,0.71,1.40,1.89,2.38,-3.59,45.14,-20.10,1
e,2022-11-01 17:21:41.098923,-0.06,-0.70,0.71,1.34,1.77,2.38,-4.11,45.35,-18.69,1
e,2022-11-01 17:21:41.099077,-0.06,-0.70,0.71,1.16,1.95,2.38,-4.11,45.35,-18.69,1
e,2022-11-01 17:21:41.099233,-0.06,-0.70,0.71,1.28,1.83,2.32,-4.11,45.35,-18.69,1
e,2022-11-01 17:21:41.099385,-0.06,-0.70,0.71,0.98,1.77,2.32,-4.16,45.09,-21.31,1
e,2022-11-01 17:21:41.099548,-0.06,-0.70,0.71,1.16,1.83,2.44,-4.16,45.09,-21.31,1
e,2022-11-01 17:21:41.099701,-0.06,-0.70,0.71,1.04,2.01,2.44,-4.36,44.64,-19.76,1
e,2022-11-01 17:21:41.099853,-0.06,-0.70,0.71,0.92,1.83,2.26,-4.36,44.64,-19.76,1
e,2022-11-01 17:21:41.100011,-0.06,-0.70,0.71,1.22,1.95,2.50,-4.36,44.64,-19.76,1
e,2022-11-01 17:21:41.100164,-0.06,-0.70,0.71,1.10,1.71,2.62,-4.10,45.08,-19.98,1
e,2022-11-01 17:21:41.100324,-0.06,-0.70,0.71,1.04,1.95,2.38,-4.10,45.08,-19.98,1
e,2022-11-01 17:21:41.100477,-0.06,-0.70,0.71,1.04,1.95,2.50,-4.10,45.08,-19.98,1
e,2022-11-01 17:21:41.100629,-0.06,-0.70,0.71,1.16,1.89,2.62,-3.85,44.85,-20.04,1
e,2022-11-01 17:21:41.100789,-0.06,-0.70,0.71,1.04,1.95,2.38,-3.85,44.85,-20.04,1
e,2022-11-01 17:21:41.100940,-0.06,-0.70,0.71,1.16,2.08,2.38,-3.85,44.85,-20.04,1
e,2022-11-01 17:21:41.101097,-0.06,-0.70,0.71,0.98,1.83,2.26,-3.82,45.19,-20.01,1
e,2022-11-01 17:21:41.101249,-0.06,-0.70,0.71,1.10,1.89,2.44,-3.82,45.19,-20.01,1
e,2022-11-01 17:21:41.101399,-0.06,-0.70,0.71,1.28,1.95,2.44,-3.86,44.70,-20.12,1
e,2022-11-01 17:21:41.101570,-0.06,-0.70,0.71,1.28,1.65,2.38,-3.86,44.70,-20.12,1
e,2022-11-01 17:21:41.101720,-0.06,-0.70,0.71,1.40,1.83,2.56,-3.86,44.70,-20.12,1
e,2022-11-01 17:21:41.101879,-0.06,-0.70,0.71,1.16,1.83,2.50,-4.38,45.48,-20.85,1
e,2022-11-01 17:21:41.102030,-0.06,-0.70,0.71,1.46,1.89,2.50,-4.38,45.48,-20.85,1
e,2022-11-01 17:21:41.102182,-0.06,-0.70,0.71,1.04,1.77,2.38,-4.38,45.48,-20.85,1
e,2022-11-01 17:21:41.102356,-0.06,-0.70,0.71,1.34,1.83,2.50,-4.25,44.70,-19.38,1
e,2022-11-01 17:21:41.102508,-0.06,-0.70,0.71,0.92,1.77,2.38,-4.25,44.70,-19.38,1
e,2022-11-01 17:21:41.102669,-0.06,-0.70,0.71,1.16,1.77,2.38,-4.25,44.70,-19.38,1
e,2022-11-01 17:21:41.102819,-0.06,-0.70,0.71,1.04,1.71,2.14,-4.52,44.63,-19.81,1
e,2022-11-01 17:21:41.102972,-0.06,-0.70,0.71,1.04,1.77,2.44,-4.52,44.63,-19.81,1
e,2022-11-01 17:21:41.103124,-0.06,-0.70,0.71,1.16,1.77,2.20,-4.43,44.98,-19.82,1
e,2022-11-01 17:21:41.103286,-0.06,-0.70,0.71,0.98,2.01,2.32,-4.43,44.98,-19.82,1
e,2022-11-01 17:21:41.103441,-0.06,-0.70,0.71,1.34,1.83,2.62,-4.43,44.98,-19.82,1
e,2022-11-01 17:21:41.103592,-0.06,-0.70,0.71,1.16,1.83,2.26,-4.44,44.85,-19.93,1
e,2022-11-01 17:21:41.103747,-0.06,-0.70,0.71,1.22,1.95,2.26,-4.44,44.85,-19.93,1
e,2022-11-01 17:21:41.103897,-0.06,-0.70,0.71,1.16,1.95,2.44,-4.44,44.85,-19.93,1
e,2022-11-01 17:21:41.104047,-0.06,-0.70,0.71,1.16,1.71,2.44,-3.99,44.34,-19.81,1
e,2022-11-01 17:21:41.104204,-0.06,-0.70,0.71,0.98,1.83,2.26,-3.99,44.34,-19.81,1
e,2022-11-01 17:21:41.104353,-0.06,-0.70,0.71,1.16,1.71,2.38,-3.99,44.34,-19.81,1
e,2022-11-01 17:21:41.104508,-0.06,-0.70,0.71,0.92,1.77,2.44,-3.89,45.02,-19.71,1
e,2022-11-01 17:21:41.104657,-0.06,-0.70,0.71,1.10,1.77,2.44,-3.89,45.02,-19.71,1
e,2022-11-01 17:21:41.104806,-0.06,-0.70,0.71,1.16,2.01,2.50,-4.30,44.74,-20.03,1
e,2022-11-01 17:21:41.104962,-0.06,-0.70,0.71,1.04,1.95,2.56,-4.30,44.74,-20.03,1
e,2022-11-01 17:21:41.105111,-0.06,-0.70,0.71,1.40,1.77,2.69,-4.30,44.74,-20.03,1
e,2022-11-01 17:21:41.105267,-0.06,-0.70,0.71,1.28,1.83,2.50,-4.21,44.71,-21.33,1
e,2022-11-01 17:21:41.105418,-0.06,-0.70,0.71,1.10,1.83,2.38,-4.21,44.71,-21.33,1
e,2022-11-01 17:21:41.105568,-0.06,-0.70,0.71,1.34,1.83,2.38,-4.21,44.71,-21.33,1
e,2022-11-01 17:21:41.105724,-0.06,-0.70,0.71,0.85,1.77,2.26,-3.91,44.91,-19.71,1
e,2022-11-01 17:21:41.105877,-0.06,-0.70,0.71,1.10,1.83,2.38,-3.91,44.91,-19.71,1
e,2022-11-01 17:21:41.106034,-0.06,-0.70,0.71,1.10,1.83,2.44,-3.91,44.91,-19.71,1
e,2022-11-01 17:21:41.106189,-0.06,-0.70,0.71,0.98,1.77,2.38,-4.03,44.47,-20.32,1
e,2022-11-01 17:21:41.106342,-0.06,-0.70,0.71,1.46,1.95,2.50,-4.03,44.47,-20.32,1
e,2022-11-01 17:21:41.106495,-0.06,-0.70,0.71,1.16,1.77,2.50,-4.19,44.84,-19.04,1
e,2022-11-01 17:21:41.106646,-0.06,-0.70,0.71,0.92,1.83,2.50,-4.19,44.84,-19.04,1
e,2022-11-01 17:21:41.106803,-0.06,-0.70,0.71,1.16,1.95,2.44,-4.19,44.84,-19.04,1
e,2022-11-01 17:21:41.106952,-0.06,-0.70,0.71,1.22,1.77,2.50,-4.17,44.84,-20.40,1
e,2022-11-01 17:21:41.107109,-0.06,-0.70,0.71,1.28,1.71,2.32,-4.17,44.84,-20.40,1
e,2022-11-01 17:21:41.107259,-0.06,-0.70,0.71,1.10,1.89,2.38,-4.17,44.84,-20.40,1
e,2022-11-01 17:21:41.107412,-0.06,-0.70,0.71,1.04,1.95,2.26,-3.87,45.07,-20.45,1
e,2022-11-01 17:21:41.107568,-0.06,-0.70,0.71,0.98,1.89,2.32,-3.87,45.07,-20.45,1
e,2022-11-01 17:21:41.107720,-0.06,-0.70,0.71,1.22,1.77,2.56,-3.87,45.07,-20.45,1
e,2022-11-01 17:21:41.107879,-0.06,-0.70,0.71,1.04,1.89,2.26,-4.19,45.25,-20.47,1
e,2022-11-01 17:21:41.108033,-0.06,-0.70,0.71,1.04,1.83,2.44,-4.19,45.25,-20.47,1
e,2022-11-01 17:21:41.108187,-0.06,-0.70,0.71,1.34,1.83,2.44,-4.33,44.89,-20.47,1
e,2022-11-01 17:21:41.108344,-0.06,-0.70,0.71,1.04,1.89,2.26,-4.33,44.89,-20.47,1
e,2022-11-01 17:21:41.108495,-0.06,-0.70,0.71,0.98,1.89,2.44,-4.33,44.89,-20.47,1
e,2022-11-01 17:21:41.108652,-0.06,-0.70,0.71,1.22,1.89,2.44,-3.98,44.97,-19.96,1
e,2022-11-01 17:21:41.108803,-0.06,-0.70,0.71,1.40,1.89,2.44,-3.98,44.97,-19.96,1
e,2022-11-01 17:21:41.108957,-0.06,-0.70,0.71,1.16,1.83,2.50,-3.98,44.97,-19.96,1
e,2022-11-01 17:21:41.109110,-0.06,-0.70,0.71,1.04,1.83,2.38,-3.96,45.09,-20.59,1
e,2022-11-01 17:21:41.109262,-0.06,-0.70,0.71,1.10,1.95,2.44,-3.96,45.09,-20.59,1
e,2022-11-01 17:21:41.109416,-0.06,-0.70,0.71,1.16,1.83,2.62,-3.96,45.09,-20.59,1
e,2022-11-01 17:21:41.109569,-0.06,-0.70,0.71,1.04,1.95,2.44,-4.25,44.62,-20.61,1
e,2022-11-01 17:21:41.109724,-0.06,-0.70,0.71,1.04,1.83,2.38,-4.25,44.62,-20.61,1
e,2022-11-01 17:21:41.109876,-0.06,-0.70,0.71,0.98,1.83,2.38,-3.66,44.89,-19.32,1
e,2022-11-01 17:21:41.110027,-0.06,-0.70,0.71,1.04,1.83,2.20,-3.66,44.89,-19.32,1
e,2022-11-01 17:21:41.110185,-0.06,-0.70,0.71,1.04,1.83,2.38,-3.66,44.89,-19.32,1
e,2022-11-01 17:21:41.110335,-0.06,-0.70,0.71,1.28,1.71,2.44,-4.43,45.02,-19.89,1
e,2022-11-01 17:21:41.110492,-0.06,-0.70,0.71,1.34,1.83,2.56,-4.43,45.02,-19.89,1
e,2022-11-01 17:21:41.110645,-0.06,-0.70,0.71,1.16,1.95,2.38,-4.43,45.02,-19.89,1
e,2022-11-01 17:21:41.110796,-0.06,-0.70,0.71,1.34,1.71,2.50,-3.86,44.95,-20.56,1
e,2022-11-01 17:21:41.110953,-0.06,-0.70,0.71,1.22,1.77,2.50,-3.86,44.95,-20.56,1
e,2022-11-01 17:21:41.111104,-0.06,-0.70,0.71,1.16,1.83,2.50,-3.86,44.95,-20.56,1
e,2022-11-01 17:21:41.111261,-0.06,-0.70,0.71,1.22,1.83,2.44,-4.17,44.76,-19.47,1
e,2022-11-01 17:21:41.111411,-0.06,-0.70,0.71,1.28,1.95,2.44,-4.17,44.76,-19.47,1
e,2022-11-01 17:21:41.111562,-0.06,-0.70,0.71,1.04,1.89,2.32,-4.30,44.73,-20.08,1
e,2022-11-01 17:21:41.111718,-0.06,-0.70,0.71,0.98,1.83,2.26,-4.30,44.73,-20.08,1
e,2022-11-01 17:21:41.111868,-0.06,-0.70,0.71,1.22,1.83,2.38,-4.30,44.73,-20.08,1
e,2022-11-01 17:21:41.112024,-0.06,-0.70,0.71,1.22,1.83,2.50,-3.97,44.85,-20.21,1
e,2022-11-01 17:21:41.112176,-0.06,-0.70,0.71,1.04,1.77,2.56,-3.97,44.85,-20.21,1
e,2022-11-01 17:21:41.112335,-0.06,-0.70,0.71,1.22,1.83,2.38,-3.97,44.85,-20.21,1
e,2022-11-01 17:21:41.112488,-0.06,-0.70,0.71,1.34,1.89,2.50,-4.04,44.96,-20.68,1
e,2022-11-01 17:21:41.112641,-0.06,-0.70,0.71,1.28,2.01,2.56,-4.04,44.96,-20.68,1
e,2022-11-01 17:21:41.112797,-0.06,-0.70,0.71,1.40,1.77,2.56,-4.04,44.96,-20.68,1
e,2022-11-01 17:21:41.112949,-0.06,-0.70,0.71,1.16,1.71,2.26,-4.15,44.98,-20.48,1
e,2022-11-01 17:21:41.113104,-0.06,-0.70,0.71,1.16,1.77,2.32,-4.15,44.98,-20.48,1
e,2022-11-01 17:21:41.113254,-0.06,-0.70,0.71,1.22,1.83,2.44,-3.86,45.14,-20.21,1
e,2022-11-01 17:21:41.113403,-0.06,-0.70,0.71,1.16,1.95,2.38,-3.86,45.14,-20.21,1
e,2022-11-01 17:21:41.113558,-0.06,-0.70,0.71,1.16,1.95,2.50,-3.86,45.14,-20.21,1
e,2022-11-01 17:21:41.113708,-0.06,-0.70,0.71,1.04,1.83,2.44,-3.94,44.60,-19.67,1
e,2022-11-01 17:21:41.113864,-0.06,-0.70,0.71,1.28,1.71,2.38,-3.94,44.60,-19.67,1
e,2022-11-01 17:21:41.114014,-0.06,-0.70,0.71,1.40,1.71,2.44,-3.94,44.60,-19.67,1
e,2022-11-01 17:21:41.114165,-0.06,-0.70,0.71,0.92,1.83,2.44,-4.53,45.14,-21.58,1
e,2022-11-01 17:21:41.114323,-0.06,-0.70,0.71,1.28,1.77,2.44,-4.53,45.14,-21.58,1
e,2022-11-01 17:21:41.114476,-0.06,-0.70,0.71,1.34,1.83,2.32,-4.53,45.14,-21.58,1
e,2022-11-01 17:21:41.114633,-0.06,-0.70,0.71,0.98,1.71,2.26,-4.09,44.81,-20.00,1
e,2022-11-01 17:21:41.114783,-0.06,-0.70,0.71,1.28,1.77,2.44,-4.09,44.81,-20.00,1
e,2022-11-01 17:21:41.114939,-0.06,-0.70,0.71,1.10,1.89,2.38,-4.25,45.45,-19.90,1
e,2022-11-01 17:21:41.115090,-0.06,-0.70,0.71,1.40,1.89,2.32,-4.25,45.45,-19.90,1
e,2022-11-01 17:21:41.115241,-0.06,-0.70,0.71,1.22,1.95,2.38,-4.25,45.45,-19.90,1
e,2022-11-01 17:21:41.115396,-0.06,-0.70,0.71,1.16,1.95,2.38,-3.74,44.85,-20.59,1
e,2022-11-01 17:21:41.115547,-0.06,-0.70,0.71,1.04,1.83,2.26,-3.74,44.85,-20.59,1
e,2022-11-01 17:21:41.115704,-0.06,-0.70,0.71,1.28,1.89,2.38,-3.74,44.85,-20.59,1
e,2022-11-01 17:21:41.115857,-0.06,-0.70,0.71,0.85,1.77,2.14,-4.15,45.28,-20.40,1
e,2022-11-01 17:21:41.116010,-0.06,-0.70,0.71,1.10,1.83,2.38,-4.15,45.28,-20.40,1
e,2022-11-01 17:21:41.116173,-0.06,-0.70,0.71,1.28,1.83,2.44,-4.15,45.28,-20.40,1
e,2022-11-01 17:21:41.116328,-0.06,-0.70,0.71,0.85,1.77,2.26,-3.32,44.74,-19.21,1
e,2022-11-01 17:21:41.116490,-0.06,-0.70,0.71,1.28,1.95,2.38,-3.32,44.74,-19.21,1
e,2022-11-01 17:21:41.116641,-0.06,-0.70,0.71,1.16,1.89,2.50,-4.46,44.93,-21.26,1
e,2022-11-01 17:21:41.116793,-0.06,-0.70,0.71,1.16,1.77,2.32,-4.46,44.93,-21.26,1
e,2022-11-01 17:21:41.116949,-0.06,-0.70,0.71,1.16,1.89,2.50,-4.46,44.93,-21.26,1
e,2022-11-01 17:21:41.117099,-0.06,-0.70,0.71,1.10,1.77,2.38,-4.36,44.81,-19.85,1
e,2022-11-01 17:21:41.117254,-0.06,-0.70,0.71,1.04,1.83,2.56,-4.36,44.81,-19.85,1
e,2022-11-01 17:21:41.117405,-0.06,-0.70,0.71,1.28,1.83,2.56,-4.36,44.81,-19.85,1
e,2022-11-01 17:21:41.117560,-0.06,-0.70,0.71,1.28,1.65,2.20,-4.13,44.64,-20.47,1
e,2022-11-01 17:21:41.117711,-0.06,-0.70,0.71,1.28,1.77,2.56,-4.13,44.64,-20.47,1
e,2022-11-01 17:21:41.117863,-0.06,-0.70,0.71,1.22,1.89,2.44,-4.13,44.64,-20.47,1
e,2022-11-01 17:21:41.118036,-0.06,-0.70,0.71,1.22,1.59,2.44,-3.88,44.78,-20.53,1
e,2022-11-01 17:21:41.118201,-0.06,-0.70,0.71,1.22,1.71,2.44,-3.88,44.78,-20.53,1
e,2022-11-01 17:21:41.118364,-0.06,-0.70,0.71,1.04,1.95,2.44,-4.16,44.82,-19.34,1
e,2022-11-01 17:21:41.118538,-0.06,-0.70,0.71,1.16,1.77,2.32,-4.16,44.82,-19.34,1
e,2022-11-01 17:21:41.118692,-0.06,-0.70,0.71,1.22,1.65,2.50,-4.16,44.82,-19.34,1
e,2022-11-01 17:21:41.118852,-0.06,-0.70,0.71,1.10,1.83,2.38,-4.04,44.78,-20.36,1
e,2022-11-01 17:21:41.119006,-0.06,-0.70,0.71,1.16,1.95,2.38,-4.04,44.78,-20.36,1
e,2022-11-01 17:21:41.119166,-0.06,-0.70,0.71,1.22,1.89,2.26,-4.04,44.78,-20.36,1
e,2022-11-01 17:21:41.119321,-0.06,-0.70,0.71,1.10,1.71,2.20,-3.76,44.91,-19.38,1
e,2022-11-01 17:21:41.119473,-0.06,-0.70,0.71,1.34,1.83,2.50,-3.76,44.91,-19.38,1
e,2022-11-01 17:21:41.119634,-0.06,-0.70,0.71,1.28,1.77,2.44,-3.76,44.91,-19.38,1
e,2022-11-01 17:21:41.119789,-0.06,-0.70,0.71,1.40,1.65,2.38,-3.72,44.21,-19.84,1
e,2022-11-01 17:21:41.119956,-0.06,-0.70,0.71,1.04,1.77,2.32,-3.72,44.21,-19.84,1
e,2022-11-01 17:21:41.120113,-0.06,-0.70,0.71,1.22,1.83,2.50,-3.99,44.95,-21.08,1
e,2022-11-01 17:21:41.120273,-0.06,-0.70,0.71,0.98,1.77,2.32,-3.99,44.95,-21.08,1
e,2022-11-01 17:21:41.120429,-0.06,-0.70,0.71,1.04,2.01,2.38,-3.99,44.95,-21.08,1
e,2022-11-01 17:21:41.120583,-0.06,-0.70,0.71,1.34,1.83,2.38,-4.24,44.56,-20.23,1
e,2022-11-01 17:21:41.120741,-0.06,-0.70,0.71,1.16,1.95,2.50,-4.24,44.56,-20.23,1
e,2022-11-01 17:21:41.120894,-0.06,-0.70,0.71,1.34,1.77,2.38,-4.24,44.56,-20.23,1
e,2022-11-01 17:21:41.121052,-0.06,-0.70,0.71,1.10,1.77,2.26,-4.20,44.34,-22.09,1
e,2022-11-01 17:21:41.121205,-0.06,-0.70,0.71,1.16,1.83,2.44,-4.20,44.34,-22.09,1
e,2022-11-01 17:21:41.121358,-0.06,-0.70,0.71,1.10,1.83,2.50,-4.20,44.34,-22.09,1
e,2022-11-01 17:21:41.121518,-0.06,-0.70,0.71,0.98,1.77,2.26,-4.30,44.42,-20.25,1
e,2022-11-01 17:21:41.121671,-0.06,-0.70,0.71,1.04,1.83,2.32,-4.30,44.42,-20.25,1
e,2022-11-01 17:21:41.121838,-0.06,-0.70,0.71,1.34,1.89,2.50,-4.36,44.42,-19.54,1
e,2022-11-01 17:21:41.121992,-0.06,-0.70,0.71,1.16,1.71,2.20,-4.36,44.42,-19.54,1
e,2022-11-01 17:21:41.122148,-0.06,-0.70,0.71,1.46,1.83,2.44,-4.36,44.42,-19.54,1
e,2022-11-01 17:21:41.122307,-0.06,-0.70,0.71,1.34,1.83,2.50,-4.20,44.14,-20.78,1
e,2022-11-01 17:21:41.122466,-0.06,-0.70,0.71,1.28,1.83,2.32,-4.20,44.14,-20.78,1
e,2022-11-01 17:21:41.122634,-0.06,-0.70,0.71,1.28,1.77,2.44,-4.20,44.14,-20.78,1
e,2022-11-01 17:21:41.122790,-0.06,-0.70,0.71,1.10,1.65,2.56,-3.66,44.92,-20.53,1
e,2022-11-01 17:21:41.122949,-0.06,-0.70,0.71,1.10,1.95,2.32,-3.66,44.92,-20.53,1
e,2022-11-01 17:21:41.123105,-0.06,-0.70,0.71,1.16,1.71,2.44,-3.66,44.92,-20.53,1
e,2022-11-01 17:21:41.123259,-0.06,-0.70,0.71,1.10,1.59,2.38,-4.55,44.87,-21.72,1
e,2022-11-01 17:21:41.123418,-0.06,-0.70,0.71,1.04,1.83,2.38,-4.55,44.87,-21.72,1
e,2022-11-01 17:21:41.123572,-0.06,-0.70,0.71,1.16,1.77,2.32,-3.82,44.75,-20.89,1
e,2022-11-01 17:21:41.123732,-0.06,-0.70,0.71,0.98,1.89,2.32,-3.82,44.75,-20.89,1
e,2022-11-01 17:21:41.123884,-0.06,-0.70,0.71,1.16,1.71,2.44,-3.82,44.75,-20.89,1
e,2022-11-01 17:21:41.124037,-0.06,-0.70,0.71,1.22,1.77,2.50,-3.87,44.82,-20.81,1
e,2022-11-01 17:21:41.124197,-0.06,-0.70,0.71,1.22,1.95,2.50,-3.87,44.82,-20.81,1
e,2022-11-01 17:21:41.124352,-0.06,-0.70,0.71,0.98,1.95,2.38,-3.87,44.82,-20.81,1
e,2022-11-01 17:21:41.124512,-0.06,-0.70,0.71,1.04,1.83,2.38,-4.16,45.06,-20.51,1
e,2022-11-01 17:21:41.124666,-0.06,-0.70,0.71,1.16,1.89,2.26,-4.16,45.06,-20.51,1
e,2022-11-01 17:21:41.124821,-0.06,-0.70,0.71,1.22,1.89,2.56,-4.16,45.06,-20.51,1
e,2022-11-01 17:21:41.124980,-0.06,-0.70,0.71,1.16,1.77,2.32,-4.46,45.15,-20.40,1
e,2022-11-01 17:21:41.125133,-0.06,-0.70,0.71,1.16,1.95,2.44,-4.46,45.15,-20.40,1
e,2022-11-01 17:21:41.125293,-0.06,-0.70,0.71,1.10,1.89,2.50,-3.91,44.95,-20.31,1
e,2022-11-01 17:21:41.125455,-0.06,-0.70,0.71,1.10,1.83,2.38,-3.91,44.95,-20.31,1
e,2022-11-01 17:21:41.125610,-0.06,-0.70,0.71,1.28,1.83,2.50,-3.91,44.95,-20.31,1
e,2022-11-01 17:21:41.125769,-0.06,-0.70,0.71,1.28,1.83,2.38,-4.03,44.87,-20.69,1
e,2022-11-01 17:21:41.125926,-0.06,-0.70,0.71,1.10,1.95,2.50,-4.03,44.87,-20.69,1
e,2022-11-01 17:21:41.126084,-0.06,-0.70,0.71,1.28,1.83,2.32,-4.03,44.87,-20.69,1
e,2022-11-01 17:21:41.126238,-0.06,-0.70,0.71,1.22,1.77,2.26,-4.24,44.59,-20.13,1
e,2022-11-01 17:21:41.126397,-0.06,-0.70,0.71,1.28,1.65,2.50,-4.24,44.59,-20.13,1
e,2022-11-01 17:21:41.126550,-0.06,-0.70,0.71,1.10,1.95,2.32,-4.24,44.59,-20.13,1
e,2022-11-01 17:21:41.126706,-0.06,-0.70,0.71,0.92,1.89,2.38,-4.16,45.08,-20.30,1
e,2022-11-01 17:21:41.126866,-0.06,-0.70,0.71,1.10,1.89,2.50,-4.16,45.08,-20.30,1
e,2022-11-01 17:21:41.127018,-0.06,-0.70,0.71,1.16,1.89,2.56,-3.91,44.68,-20.86,1
e,2022-11-01 17:21:41.127177,-0.06,-0.70,0.71,1.16,1.83,2.44,-3.91,44.68,-20.86,1
e,2022-11-01 17:21:41.127330,-0.06,-0.70,0.71,1.16,1.83,2.38,-3.91,44.68,-20.86,1
e,2022-11-01 17:21:41.127483,-0.06,-0.70,0.71,1.04,1.83,2.44,-4.15,44.84,-21.46,1
e,2022-11-01 17:21:41.127641,-0.06,-0.70,0.71,1.04,2.01,2.44,-4.15,44.84,-21.46,1
e,2022-11-01 17:21:41.127792,-0.06,-0.70,0.71,1.04,1.89,2.50,-4.15,44.84,-21.46,1
e,2022-11-01 17:21:41.127952,-0.06,-0.70,0.71,0.92,1.89,2.14,-4.26,44.52,-20.90,1
e,2022-11-01 17:21:41.128108,-0.06,-0.70,0.71,1.34,1.77,2.56,-4.26,44.52,-20.90,1
e,2022-11-01 17:21:41.128260,-0.06,-0.70,0.71,1.28,1.77,2.26,-4.26,44.52,-20.90,1
e,2022-11-01 17:21:41.128419,-0.06,-0.70,0.71,1.04,1.77,2.26,-4.06,45.06,-20.75,1
e,2022-11-01 17:21:41.128570,-0.06,-0.70,0.71,1.10,1.95,2.38,-4.06,45.06,-20.75,1
e,2022-11-01 17:21:41.128728,-0.06,-0.70,0.71,1.22,2.01,2.50,-4.42,44.98,-19.96,1
e,2022-11-01 17:21:41.128883,-0.06,-0.70,0.71,1.04,1.83,2.50,-4.42,44.98,-19.96,1
e,2022-11-01 17:21:41.129040,-0.06,-0.70,0.71,1.28,1.83,2.32,-4.42,44.98,-19.96,1
e,2022-11-01 17:21:41.129195,-0.06,-0.70,0.71,0.98,1.83,2.38,-4.48,44.96,-20.59,1
e,2022-11-01 17:21:41.129348,-0.06,-0.70,0.71,1.04,2.08,2.44,-4.48,44.96,-20.59,1
e,2022-11-01 17:21:41.129506,-0.06,-0.70,0.71,1.34,1.83,2.44,-4.48,44.96,-20.59,1
e,2022-11-01 17:21:41.129659,-0.06,-0.70,0.71,1.04,1.83,2.38,-3.63,45.12,-19.65,1
e,2022-11-01 17:21:41.129819,-0.06,-0.70,0.71,1.16,1.83,2.44,-3.63,45.12,-19.65,1
e,2022-11-01 17:21:41.129973,-0.06,-0.70,0.71,1.28,1.71,2.32,-3.63,45.12,-19.65,1
e,2022-11-01 17:21:41.130127,-0.06,-0.70,0.71,1.04,1.65,2.26,-4.21,45.25,-20.02,1
e,2022-11-01 17:21:41.130285,-0.06,-0.70,0.71,1.04,1.83,2.32,-4.21,45.25,-20.02,1
e,2022-11-01 17:21:41.130439,-0.06,-0.70,0.71,1.10,1.77,2.32,-4.21,45.06,-20.30,1
e,2022-11-01 17:21:41.130600,-0.06,-0.70,0.71,1.10,1.95,2.32,-4.21,45.06,-20.30,1
e,2022-11-01 17:21:41.130755,-0.06,-0.70,0.71,1.10,1.89,2.38,-4.21,45.06,-20.30,1
e,2022-11-01 17:21:41.130908,-0.06,-0.70,0.71,1.34,1.83,2.50,-4.11,45.23,-20.89,1
e,2022-11-01 17:21:41.131068,-0.06,-0.70,0.71,1.22,1.89,2.38,-4.11,45.23,-20.89,1
e,2022-11-01 17:21:41.131220,-0.06,-0.70,0.71,1.16,1.71,2.44,-4.11,45.23,-20.89,1
e,2022-11-01 17:21:41.131382,-0.06,-0.70,0.71,1.10,1.83,2.50,-4.50,45.18,-21.00,1
e,2022-11-01 17:21:41.131538,-0.06,-0.70,0.71,0.98,1.95,2.56,-4.50,45.18,-21.00,1
e,2022-11-01 17:21:41.131692,-0.06,-0.70,0.71,1.34,1.95,2.38,-4.50,45.18,-21.00,1
e,2022-11-01 17:21:41.131853,-0.06,-0.70,0.71,1.04,1.83,2.38,-3.87,45.51,-19.34,1
e,2022-11-01 17:21:41.132007,-0.06,-0.70,0.71,1.16,1.89,2.44,-3.87,45.51,-19.34,1
e,2022-11-01 17:21:41.132172,-0.06,-0.70,0.71,1.10,1.89,2.32,-4.41,45.24,-18.66,1
e,2022-11-01 17:21:41.132331,-0.06,-0.70,0.71,1.16,1.71,2.44,-4.41,45.24,-18.66,1
e,2022-11-01 17:21:41.132488,-0.06,-0.70,0.71,1.10,1.95,2.44,-4.41,45.24,-18.66,1
e,2022-11-01 17:21:41.132648,-0.06,-0.70,0.71,1.34,2.01,2.50,-3.86,45.47,-20.86,1
e,2022-11-01 17:21:41.132803,-0.06,-0.70,0.71,1.22,1.77,2.50,-3.86,45.47,-20.86,1
e,2022-11-01 17:21:41.132968,-0.06,-0.70,0.71,1.16,1.77,2.38,-3.86,45.47,-20.86,1
e,2022-11-01 17:21:41.133123,-0.06,-0.70,0.71,1.04,1.89,2.20,-4.24,45.56,-19.78,1
e,2022-11-01 17:21:41.133277,-0.06,-0.70,0.71,1.16,1.95,2.50,-4.24,45.56,-19.78,1
e,2022-11-01 17:21:41.133438,-0.06,-0.70,0.71,1.22,1.83,2.38,-4.24,45.56,-19.78,1
e,2022-11-01 17:21:41.133594,-0.06,-0.70,0.71,1.16,1.83,2.32,-4.02,45.45,-20.51,1
e,2022-11-01 17:21:41.133753,-0.06,-0.70,0.71,0.98,1.89,2.44,-4.02,45.45,-20.51,1
e,2022-11-01 17:21:41.133923,-0.06,-0.70,0.71,0.98,1.89,2.50,-3.96,45.43,-19.35,1
e,2022-11-01 17:21:41.134081,-0.06,-0.70,0.71,1.04,1.77,2.50,-3.96,45.43,-19.35,1
e,2022-11-01 17:21:41.134243,-0.06,-0.70,0.71,1.04,1.83,2.50,-3.96,45.43,-19.35,1
e,2022-11-01 17:21:41.134399,-0.06,-0.70,0.71,1.10,1.77,2.50,-4.22,45.36,-21.42,1
e,2022-11-01 17:21:41.134561,-0.06,-0.70,0.71,1.34,1.65,2.44,-4.22,45.36,-21.42,1
e,2022-11-01 17:21:41.134716,-0.06,-0.70,0.71,1.10,1.77,2.44,-4.22,45.36,-21.42,1
e,2022-11-01 17:21:41.134878,-0.06,-0.70,0.71,1.22,1.65,2.26,-3.80,45.02,-20.65,1
e,2022-11-01 17:21:41.135052,-0.06,-0.70,0.71,1.16,1.83,2.50,-3.80,45.02,-20.65,1
e,2022-11-01 17:21:41.135218,-0.06,-0.70,0.71,1.28,1.89,2.32,-3.80,45.02,-20.65,1
e,2022-11-01 17:21:41.135386,-0.06,-0.70,0.71,0.98,1.95,2.44,-3.86,45.17,-19.98,1
e,2022-11-01 17:21:41.135542,-0.06,-0.70,0.71,1.16,1.83,2.32,-3.86,45.17,-19.98,1
e,2022-11-01 17:21:41.135706,-0.06,-0.70,0.71,1.16,1.95,2.38,-4.05,45.24,-20.76,1
e,2022-11-01 17:21:41.135868,-0.06,-0.70,0.71,0.92,1.95,2.20,-4.05,45.24,-20.76,1
e,2022-11-01 17:21:41.136028,-0.06,-0.70,0.71,1.34,1.77,2.56,-4.05,45.24,-20.76,1
e,2022-11-01 17:21:41.136200,-0.06,-0.70,0.71,1.10,1.89,2.44,-4.20,45.14,-19.48,1
e,2022-11-01 17:21:41.136358,-0.06,-0.70,0.71,1.34,1.83,2.50,-4.20,45.14,-19.48,1
e,2022-11-01 17:21:41.136520,-0.06,-0.70,0.71,1.28,1.95,2.44,-4.20,45.14,-19.48,1
e,2022-11-01 17:21:41.136676,-0.06,-0.70,0.71,1.28,1.77,2.44,-4.43,45.19,-21.17,1
e,2022-11-01 17:21:41.136832,-0.06,-0.70,0.71,1.16,1.95,2.32,-4.43,45.19,-21.17,1
e,2022-11-01 17:21:41.136993,-0.06,-0.70,0.71,1.16,1.77,2.20,-4.43,45.19,-21.17,1
e,2022-11-01 17:21:41.137146,-0.06,-0.70,0.71,0.79,1.77,2.32,-3.96,45.14,-20.19,1
e,2022-11-01 17:21:41.137307,-0.06,-0.70,0.71,1.22,1.89,2.38,-3.96,45.14,-20.19,1
e,2022-11-01 17:21:41.137461,-0.06,-0.70,0.71,1.10,1.89,2.44,-3.86,45.37,-19.47,1
e,2022-11-01 17:21:41.137626,-0.06,-0.70,0.71,1.28,1.77,2.56,-3.86,45.37,-19.47,1
e,2022-11-01 17:21:41.137783,-0.06,-0.70,0.71,1.22,1.83,2.38,-3.86,45.37,-19.47,1
e,2022-11-01 17:21:41.137939,-0.06,-0.70,0.71,1.04,2.01,2.26,-4.43,44.91,-20.85,1
e,2022-11-01 17:21:41.138103,-0.06,-0.70,0.71,0.98,1.71,2.38,-4.43,44.91,-20.85,1
e,2022-11-01 17:21:41.138258,-0.06,-0.70,0.71,1.16,1.83,2.44,-4.43,44.91,-20.85,1
e,2022-11-01 17:21:41.138419,-0.06,-0.70,0.71,1.16,1.71,2.38,-4.39,45.37,-20.58,1
e,2022-11-01 17:21:41.138578,-0.06,-0.70,0.71,1.04,1.89,2.26,-4.39,45.37,-20.58,1
e,2022-11-01 17:21:41.138734,-0.06,-0.70,0.71,1.22,1.77,2.50,-4.39,45.37,-20.58,1
e,2022-11-01 17:21:41.138911,-0.06,-0.70,0.71,1.16,1.71,2.20,-3.83,45.78,-20.51,1
e,2022-11-01 17:21:41.139068,-0.06,-0.70,0.71,1.22,1.77,2.38,-3.83,45.78,-20.51,1
e,2022-11-01 17:21:41.139234,-0.06,-0.70,0.71,1.10,1.77,2.14,-4.41,45.00,-20.78,1
e,2022-11-01 17:21:41.139391,-0.06,-0.70,0.71,1.04,1.77,2.56,-4.41,45.00,-20.78,1
e,2022-11-01 17:21:41.139547,-0.06,-0.70,0.71,1.16,2.01,2.44,-4.41,45.00,-20.78,1
e,2022-11-01 17:21:41.139711,-0.06,-0.70,0.71,1.10,1.83,2.38,-4.61,44.78,-19.48,1
e,2022-11-01 17:21:41.139868,-0.06,-0.70,0.71,1.34,1.77,2.38,-4.61,44.78,-19.48,1
e,2022-11-01 17:21:41.140030,-0.06,-0.70,0.71,1.10,1.77,2.32,-4.61,44.78,-19.48,1
e,2022-11-01 17:21:41.140185,-0.06,-0.70,0.71,1.10,1.77,2.26,-4.00,44.41,-20.69,1
e,2022-11-01 17:21:41.140342,-0.06,-0.70,0.71,1.34,1.65,2.26,-4.00,44.41,-20.69,1
e,2022-11-01 17:21:41.140499,-0.06,-0.70,0.71,1.04,1.77,2.32,-4.00,44.41,-20.69,1
e,2022-11-01 17:21:41.140653,-0.06,-0.70,0.71,1.10,1.77,2.32,-4.04,44.86,-20.69,1
e,2022-11-01 17:21:41.140812,-0.06,-0.70,0.71,1.22,1.83,2.32,-4.04,44.86,-20.69,1
e,2022-11-01 17:21:41.140967,-0.06,-0.70,0.71,1.10,1.77,2.44,-4.55,44.75,-20.42,1
e,2022-11-01 17:21:41.141125,-0.06,-0.70,0.71,1.16,1.71,2.38,-4.55,44.75,-20.42,1
e,2022-11-01 17:21:41.141280,-0.06,-0.70,0.71,1.22,1.77,2.38,-4.55,44.75,-20.42,1
e,2022-11-01 17:21:41.141434,-0.06,-0.70,0.71,1.22,1.83,2.26,-3.93,45.04,-20.56,1
e,2022-11-01 17:21:41.141594,-0.06,-0.70,0.71,1.34,1.65,2.32,-3.93,45.04,-20.56,1
e,2022-11-01 17:21:41.141750,-0.06,-0.70,0.71,1.28,1.83,2.44,-3.93,45.04,-20.56,1
e,2022-11-01 17:21:41.141909,-0.06,-0.70,0.71,1.10,1.83,2.32,-3.97,44.53,-20.37,1
e,2022-11-01 17:21:41.142064,-0.06,-0.70,0.71,1.16,1.83,2.38,-3.97,44.53,-20.37,1
e,2022-11-01 17:21:41.142220,-0.06,-0.70,0.71,1.10,1.71,2.56,-3.97,44.53,-20.37,1
e,2022-11-01 17:21:41.142380,-0.06,-0.70,0.71,1.10,1.65,2.26,-4.06,44.62,-19.85,1
e,2022-11-01 17:21:41.142533,-0.06,-0.70,0.71,1.22,1.89,2.50,-4.06,44.62,-19.85,1
e,2022-11-01 17:21:41.142693,-0.06,-0.70,0.71,1.28,1.89,2.56,-4.52,45.02,-19.73,1
e,2022-11-01 17:21:41.142848,-0.06,-0.70,0.71,0.92,2.01,2.32,-4.52,45.02,-19.73,1
e,2022-11-01 17:21:41.143005,-0.06,-0.70,0.71,1.22,1.77,2.44,-4.52,45.02,-19.73,1
e,2022-11-01 17:21:41.143166,-0.06,-0.70,0.71,1.28,1.83,2.56,-4.46,44.90,-21.15,1
e,2022-11-01 17:21:41.143322,-0.06,-0.70,0.71,1.28,1.77,2.38,-4.46,44.90,-21.15,1
e,2022-11-01 17:21:41.143484,-0.06,-0.70,0.71,1.22,1.83,2.32,-4.46,44.90,-21.15,1
e,2022-11-01 17:21:41.143636,-0.06,-0.70,0.71,0.98,1.89,2.38,-4.46,44.36,-19.07,1
e,2022-11-01 17:21:41.143794,-0.06,-0.70,0.71,1.10,1.89,2.32,-4.46,44.36,-19.07,1
e,2022-11-01 17:21:41.143949,-0.06,-0.70,0.71,0.98,1.89,2.44,-4.46,44.36,-19.07,1
e,2022-11-01 17:21:41.144102,-0.06,-0.70,0.71,1.34,1.89,2.44,-4.25,44.97,-21.04,1
e,2022-11-01 17:21:41.144262,-0.06,-0.70,0.71,1.22,1.95,2.56,-4.25,44.97,-21.04,1
e,2022-11-01 17:21:41.144415,-0.06,-0.70,0.71,1.04,1.89,2.38,-4.04,44.56,-20.32,1
e,2022-11-01 17:21:41.144573,-0.06,-0.70,0.71,0.85,1.89,2.44,-4.04,44.56,-20.32,1
e,2022-11-01 17:21:41.144725,-0.06,-0.70,0.71,1.04,1.95,2.32,-4.04,44.56,-20.32,1
e,2022-11-01 17:21:41.144876,-0.06,-0.70,0.71,0.98,1.71,2.08,-4.41,44.52,-20.13,1
e,2022-11-01 17:21:41.145034,-0.06,-0.70,0.71,1.10,1.89,2.44,-4.41,44.52,-20.13,1
e,2022-11-01 17:21:41.145186,-0.06,-0.70,0.71,1.04,1.83,2.38,-4.41,44.52,-20.13,1
e,2022-11-01 17:21:41.145345,-0.06,-0.70,0.71,0.98,1.71,2.26,-4.24,45.14,-21.02,1
e,2022-11-01 17:21:41.145496,-0.06,-0.70,0.71,1.16,1.89,2.56,-4.24,45.14,-21.02,1
e,2022-11-01 17:21:41.145653,-0.06,-0.70,0.71,0.98,1.89,2.32,-4.24,45.14,-21.02,1
e,2022-11-01 17:21:41.145809,-0.06,-0.70,0.71,1.04,1.77,2.14,-4.25,45.02,-20.08,1
e,2022-11-01 17:21:41.145962,-0.06,-0.70,0.71,1.22,1.95,2.56,-4.25,45.02,-20.08,1
e,2022-11-01 17:21:41.146122,-0.06,-0.70,0.71,1.10,1.95,2.50,-4.35,45.31,-21.07,1
e,2022-11-01 17:21:41.146276,-0.06,-0.70,0.71,1.22,1.77,2.38,-4.35,45.31,-21.07,1
e,2022-11-01 17:21:41.146433,-0.06,-0.70,0.71,1.34,1.89,2.62,-4.35,45.31,-21.07,1
e,2022-11-01 17:21:41.146586,-0.06,-0.70,0.71,1.16,1.71,2.38,-4.02,45.31,-19.98,1
e,2022-11-01 17:21:41.146739,-0.06,-0.70,0.71,1.10,1.83,2.44,-4.02,45.31,-19.98,1
e,2022-11-01 17:21:41.146900,-0.06,-0.70,0.71,1.16,1.83,2.44,-4.02,45.31,-19.98,1
e,2022-11-01 17:21:41.147054,-0.06,-0.70,0.71,1.04,1.95,2.26,-4.36,44.74,-20.12,1
e,2022-11-01 17:21:41.147216,-0.06,-0.70,0.71,1.04,2.01,2.38,-4.36,44.74,-20.12,1
e,2022-11-01 17:21:41.147371,-0.06,-0.70,0.71,1.10,1.83,2.50,-4.36,44.74,-20.12,1
e,2022-11-01 17:21:41.147525,-0.06,-0.70,0.71,1.10,1.83,2.32,-4.71,45.32,-19.73,1
e,2022-11-01 17:21:41.147685,-0.06,-0.70,0.71,0.98,1.89,2.44,-4.71,45.32,-19.73,1
e,2022-11-01 17:21:41.147838,-0.06,-0.70,0.71,1.10,1.65,2.32,-3.83,45.43,-20.72,1
e,2022-11-01 17:21:41.147999,-0.06,-0.70,0.71,1.28,1.83,2.50,-3.83,45.43,-20.72,1
e,2022-11-01 17:21:41.148152,-0.06,-0.70,0.71,1.22,1.71,2.50,-3.83,45.43,-20.72,1
e,2022-11-01 17:21:41.148305,-0.06,-0.70,0.71,1.10,1.89,2.38,-3.94,45.08,-21.50,1
e,2022-11-01 17:21:41.148464,-0.06,-0.70,0.71,1.16,1.89,2.32,-3.94,45.08,-21.50,1
e,2022-11-01 17:21:41.148618,-0.06,-0.70,0.71,1.16,1.89,2.38,-3.94,45.08,-21.50,1
e,2022-11-01 17:21:41.148780,-0.06,-0.70,0.71,1.04,1.77,2.50,-4.55,45.42,-20.26,1
e,2022-11-01 17:21:41.148934,-0.06,-0.70,0.71,1.28,1.89,2.38,-4.55,45.42,-20.26,1
e,2022-11-01 17:21:41.149090,-0.06,-0.70,0.71,1.16,1.83,2.44,-4.55,45.42,-20.26,1
e,2022-11-01 17:21:41.149243,-0.06,-0.70,0.71,1.10,1.83,2.26,-3.76,45.03,-19.24,1
e,2022-11-01 17:21:41.149396,-0.06,-0.70,0.71,1.10,1.77,2.38,-3.76,45.03,-19.24,1
e,2022-11-01 17:21:41.149566,-0.06,-0.70,0.71,1.10,1.89,2.50,-4.15,45.54,-20.94,1
e,2022-11-01 17:21:41.149720,-0.06,-0.70,0.71,1.28,1.83,2.38,-4.15,45.54,-20.94,1
e,2022-11-01 17:21:41.149880,-0.06,-0.70,0.71,1.16,1.95,2.38,-4.15,45.54,-20.94,1
e,2022-11-01 17:21:41.150034,-0.06,-0.70,0.71,1.04,1.89,2.44,-4.37,44.53,-20.65,1
e,2022-11-01 17:21:41.150188,-0.06,-0.70,0.71,1.28,1.95,2.38,-4.37,44.53,-20.65,1
e,2022-11-01 17:21:41.150344,-0.06,-0.70,0.71,1.34,1.77,2.50,-4.37,44.53,-20.65,1
e,2022-11-01 17:21:41.150499,-0.06,-0.70,0.71,0.98,1.83,2.20,-4.28,44.82,-20.50,1
e,2022-11-01 17:21:41.150657,-0.06,-0.70,0.71,1.10,1.89,2.50,-4.28,44.82,-20.50,1
e,2022-11-01 17:21:41.150810,-0.06,-0.70,0.71,1.34,1.77,2.44,-4.28,44.82,-20.50,1
e,2022-11-01 17:21:41.150962,-0.06,-0.70,0.71,1.16,1.83,2.32,-4.82,45.17,-20.37,1
e,2022-11-01 17:21:41.151119,-0.06,-0.70,0.71,0.98,1.89,2.38,-4.82,45.17,-20.37,1
e,2022-11-01 17:21:41.151271,-0.06,-0.70,0.71,1.22,1.83,2.20,-4.91,44.81,-20.67,1
e,2022-11-01 17:21:41.151429,-0.06,-0.70,0.71,1.10,1.95,2.62,-4.91,44.81,-20.67,1
e,2022-11-01 17:21:41.151583,-0.06,-0.70,0.71,1.16,1.89,2.32,-4.91,44.81,-20.67,1
e,2022-11-01 17:21:41.151741,-0.06,-0.70,0.71,0.98,1.89,2.50,-4.58,45.13,-20.86,1
e,2022-11-01 17:21:41.151894,-0.06,-0.70,0.71,1.04,1.77,2.20,-4.58,45.13,-20.86,1
e,2022-11-01 17:21:41.152046,-0.06,-0.70,0.71,1.04,1.83,2.38,-4.58,45.13,-20.86,1
e,2022-11-01 17:21:41.152203,-0.06,-0.70,0.71,0.92,1.95,2.26,-4.19,45.52,-20.17,1
e,2022-11-01 17:21:41.152354,-0.06,-0.70,0.71,1.22,1.89,2.50,-4.19,45.52,-20.17,1
e,2022-11-01 17:21:41.152516,-0.06,-0.70,0.71,1.10,1.77,2.50,-4.19,45.52,-20.17,1
e,2022-11-01 17:21:41.152667,-0.06,-0.70,0.71,1.04,1.77,2.20,-4.48,45.40,-20.95,1
e,2022-11-01 17:21:41.152822,-0.06,-0.70,0.71,1.28,1.83,2.56,-4.48,45.40,-20.95,1
e,2022-11-01 17:21:41.152984,-0.06,-0.70,0.71,1.28,1.89,2.38,-4.38,45.09,-21.28,1
e,2022-11-01 17:21:41.153140,-0.06,-0.70,0.71,1.16,1.77,2.32,-4.38,45.09,-21.28,1
e,2022-11-01 17:21:41.153303,-0.06,-0.70,0.71,1.22,2.01,2.32,-4.38,45.09,-21.28,1
e,2022-11-01 17:21:41.153458,-0.06,-0.70,0.71,1.22,1.83,2.56,-4.26,45.03,-20.75,1
e,2022-11-01 17:21:41.153612,-0.06,-0.70,0.71,1.34,1.89,2.56,-4.26,45.03,-20.75,1
e,2022-11-01 17:21:41.153773,-0.06,-0.70,0.71,1.10,1.83,2.32,-4.26,45.03,-20.75,1
e,2022-11-01 17:21:41.153926,-0.06,-0.70,0.71,1.10,1.71,2.26,-4.20,44.97,-19.41,1
e,2022-11-01 17:21:41.154096,-0.06,-0.70,0.71,1.10,1.77,2.26,-4.20,44.97,-19.41,1
e,2022-11-01 17:21:41.154251,-0.06,-0.70,0.71,1.04,1.89,2.38,-4.20,44.97,-19.41,1
e,2022-11-01 17:21:41.154408,-0.06,-0.70,0.71,1.04,1.83,2.32,-3.91,45.03,-20.04,1
e,2022-11-01 17:21:41.154565,-0.06,-0.70,0.71,1.10,1.71,2.56,-3.91,45.03,-20.04,1
e,2022-11-01 17:21:41.154719,-0.06,-0.70,0.71,1.22,1.77,2.44,-5.15,45.64,-20.73,1
e,2022-11-01 17:21:41.154881,-0.06,-0.70,0.71,1.10,1.77,2.38,-5.15,45.64,-20.73,1
e,2022-11-01 17:21:41.155041,-0.06,-0.70,0.71,1.04,1.83,2.44,-5.15,45.64,-20.73,1
e,2022-11-01 17:21:41.155202,-0.06,-0.70,0.71,1.10,1.71,2.38,-4.32,45.36,-20.23,1
e,2022-11-01 17:21:41.155358,-0.06,-0.70,0.71,1.28,1.71,2.44,-4.32,45.36,-20.23,1
e,2022-11-01 17:21:41.155514,-0.06,-0.70,0.71,0.98,1.89,2.56,-4.32,45.36,-20.23,1
e,2022-11-01 17:21:41.155677,-0.06,-0.70,0.71,1.22,1.77,2.44,-4.37,45.12,-19.67,1
e,2022-11-01 17:21:41.155833,-0.06,-0.70,0.71,1.28,1.77,2.32,-4.37,45.12,-19.67,1
e,2022-11-01 17:21:41.156002,-0.06,-0.70,0.71,1.16,1.83,2.44,-4.37,45.12,-19.67,1
e,2022-11-01 17:21:41.156159,-0.06,-0.70,0.71,1.16,1.89,2.38,-4.64,45.35,-21.07,1
e,2022-11-01 17:21:41.156318,-0.06,-0.70,0.71,0.98,1.95,2.38,-4.64,45.35,-21.07,1
e,2022-11-01 17:21:41.156479,-0.06,-0.70,0.71,1.40,1.89,2.38,-4.27,45.03,-20.85,1
e,2022-11-01 17:21:41.156636,-0.06,-0.70,0.71,1.04,1.83,2.32,-4.27,45.03,-20.85,1
e,2022-11-01 17:21:41.156808,-0.06,-0.70,0.71,1.34,1.77,2.44,-4.27,45.03,-20.85,1
e,2022-11-01 17:21:41.156967,-0.06,-0.70,0.71,1.10,1.77,2.38,-3.98,44.98,-21.17,1
e,2022-11-01 17:21:41.157128,-0.06,-0.70,0.71,1.22,1.77,2.38,-3.98,44.98,-21.17,1
e,2022-11-01 17:21:41.157292,-0.06,-0.70,0.71,1.10,2.01,2.32,-3.98,44.98,-21.17,1
e,2022-11-01 17:21:41.157449,-0.06,-0.70,0.71,1.04,1.71,2.38,-4.03,44.91,-20.30,1
e,2022-11-01 17:21:41.157617,-0.06,-0.70,0.71,1.04,1.89,2.44,-4.03,44.91,-20.30,1
e,2022-11-01 17:21:41.157776,-0.06,-0.70,0.71,1.16,1.83,2.44,-4.31,44.78,-21.42,1
e,2022-11-01 17:21:41.157937,-0.06,-0.70,0.71,1.28,1.77,2.44,-4.31,44.78,-21.42,1
e,2022-11-01 17:21:41.158093,-0.06,-0.70,0.71,1.28,1.77,2.38,-4.31,44.78,-21.42,1
e,2022-11-01 17:21:41.158246,-0.06,-0.70,0.71,1.34,1.83,2.32,-4.15,44.45,-21.64,1
e,2022-11-01 17:21:41.158409,-0.06,-0.70,0.71,1.28,1.89,2.44,-4.15,44.45,-21.64,1
e,2022-11-01 17:21:41.158563,-0.06,-0.70,0.71,1.34,1.89,2.44,-4.15,44.45,-21.64,1
e,2022-11-01 17:21:41.158720,-0.06,-0.70,0.71,1.28,1.77,2.50,-3.98,45.74,-20.97,1
e,2022-11-01 17:21:41.158877,-0.06,-0.70,0.71,1.22,1.89,2.56,-3.98,45.74,-20.97,1
e,2022-11-01 17:21:41.159035,-0.06,-0.70,0.71,1.10,1.83,2.38,-3.98,45.74,-20.97,1
e,2022-11-01 17:21:41.159196,-0.06,-0.70,0.71,1.04,1.71,2.44,-4.09,45.01,-20.26,1
e,2022-11-01 17:21:41.159352,-0.06,-0.70,0.71,1.22,1.89,2.56,-4.09,45.01,-20.26,1
e,2022-11-01 17:21:41.159513,-0.06,-0.70,0.71,1.04,1.83,2.26,-4.26,45.07,-20.59,1
e,2022-11-01 17:21:41.159668,-0.06,-0.70,0.71,1.16,1.77,2.44,-4.26,45.07,-20.59,1
e,2022-11-01 17:21:41.159824,-0.06,-0.70,0.71,1.34,1.83,2.44,-4.26,45.07,-20.59,1
e,2022-11-01 17:21:41.159984,-0.06,-0.70,0.71,1.40,1.89,2.26,-3.59,45.23,-20.67,1
e,2022-11-01 17:21:41.160142,-0.06,-0.70,0.71,1.16,1.89,2.38,-3.59,45.23,-20.67,1
e,2022-11-01 17:21:41.160301,-0.06,-0.70,0.71,1.40,1.77,2.38,-3.59,45.23,-20.67,1
e,2022-11-01 17:21:41.160455,-0.06,-0.70,0.71,1.16,1.83,2.44,-4.25,45.03,-20.59,1
e,2022-11-01 17:21:41.160617,-0.06,-0.70,0.71,1.34,1.71,2.44,-4.25,45.03,-20.59,1
e,2022-11-01 17:21:41.160772,-0.06,-0.70,0.71,1.22,1.71,2.38,-4.25,45.03,-20.59,1
e,2022-11-01 17:21:41.160926,-0.06,-0.70,0.71,1.22,1.71,2.38,-4.14,44.63,-20.87,1
e,2022-11-01 17:21:41.161086,-0.06,-0.70,0.71,1.34,1.77,2.26,-4.14,44.63,-20.87,1
e,2022-11-01 17:21:41.161241,-0.06,-0.70,0.71,1.22,1.83,2.56,-4.11,45.36,-20.81,1
e,2022-11-01 17:21:41.161408,-0.06,-0.70,0.71,1.16,1.65,2.44,-4.11,45.36,-20.81,1
e,2022-11-01 17:21:41.161564,-0.06,-0.70,0.71,1.40,1.89,2.38,-4.11,45.36,-20.81,1
e,2022-11-01 17:21:41.161718,-0.06,-0.70,0.71,1.28,1.71,2.56,-4.33,44.85,-19.01,1
e,2022-11-01 17:21:41.161878,-0.06,-0.70,0.71,1.16,1.77,2.44,-4.33,44.85,-19.01,1
e,2022-11-01 17:21:41.162031,-0.06,-0.70,0.71,1.16,1.89,2.56,-4.33,44.85,-19.01,1
e,2022-11-01 17:21:41.162189,-0.06,-0.70,0.71,1.22,1.65,2.44,-4.10,45.24,-20.25,1
e,2022-11-01 17:21:41.162342,-0.06,-0.70,0.71,1.28,1.83,2.38,-4.10,45.24,-20.25,1
e,2022-11-01 17:21:41.162495,-0.06,-0.70,0.71,1.10,1.89,2.50,-4.10,45.24,-20.25,1
e,2022-11-01 17:21:41.162655,-0.06,-0.70,0.71,0.98,1.71,2.38,-4.19,45.14,-21.20,1
e,2022-11-01 17:21:41.162808,-0.06,-0.70,0.71,1.34,1.89,2.50,-4.19,45.14,-21.20,1
e,2022-11-01 17:21:41.162966,-0.06,-0.70,0.71,1.40,1.95,2.50,-3.98,45.07,-20.03,1
e,2022-11-01 17:21:41.163118,-0.06,-0.70,0.71,1.16,1.65,2.44,-3.98,45.07,-20.03,1
e,2022-11-01 17:21:41.163273,-0.06,-0.70,0.71,1.04,1.77,2.44,-3.98,45.07,-20.03,1
e,2022-11-01 17:21:41.163426,-0.06,-0.70,0.71,1.10,1.77,2.38,-4.08,44.60,-21.40,1
e,2022-11-01 17:21:41.163581,-0.06,-0.70,0.71,1.40,1.89,2.56,-4.08,44.60,-21.40,1
e,2022-11-01 17:21:41.163742,-0.06,-0.70,0.71,1.34,1.83,2.50,-4.08,44.60,-21.40,1
e,2022-11-01 17:21:41.163898,-0.06,-0.70,0.71,1.10,1.89,2.44,-4.37,45.46,-21.00,1
e,2022-11-01 17:21:41.164057,-0.06,-0.70,0.71,1.28,1.71,2.26,-4.37,45.46,-21.00,1
e,2022-11-01 17:21:41.164210,-0.06,-0.70,0.71,1.22,2.01,2.38,-4.37,45.46,-21.00,1
e,2022-11-01 17:21:41.164365,-0.06,-0.70,0.71,1.22,1.89,2.38,-4.32,44.93,-20.59,1
e,2022-11-01 17:21:41.164525,-0.06,-0.70,0.71,1.16,2.01,2.38,-4.32,44.93,-20.59,1
e,2022-11-01 17:21:41.164679,-0.06,-0.70,0.71,0.92,1.95,2.50,-4.47,45.47,-20.91,1
e,2022-11-01 17:21:41.164839,-0.06,-0.70,0.71,1.10,1.71,2.32,-4.47,45.47,-20.91,1
e,2022-11-01 17:21:41.165006,-0.06,-0.70,0.71,1.22,1.95,2.38,-4.47,45.47,-20.91,1
e,2022-11-01 17:21:41.165159,-0.06,-0.70,0.71,1.16,2.01,2.32,-4.61,44.48,-20.03,1
e,2022-11-01 17:21:41.165317,-0.06,-0.70,0.71,1.22,1.83,2.44,-4.61,44.48,-20.03,1
e,2022-11-01 17:21:41.165470,-0.06,-0.70,0.71,1.16,1.77,2.26,-4.61,44.48,-20.03,1
e,2022-11-01 17:21:41.165628,-0.06,-0.70,0.71,1.10,1.89,2.56,-4.60,45.24,-21.68,1
e,2022-11-01 17:21:41.165784,-0.06,-0.70,0.71,1.04,1.95,2.38,-4.60,45.24,-21.68,1
e,2022-11-01 17:21:41.165938,-0.06,-0.70,0.71,1.40,1.77,2.44,-4.60,45.24,-21.68,1
e,2022-11-01 17:21:41.166095,-0.06,-0.70,0.71,1.10,1.83,2.38,-4.57,44.70,-20.51,1
e,2022-11-01 17:21:41.166246,-0.06,-0.70,0.71,1.10,1.83,2.44,-4.57,44.70,-20.51,1
e,2022-11-01 17:21:41.166404,-0.06,-0.70,0.71,1.10,1.89,2.50,-4.16,45.12,-19.91,1
e,2022-11-01 17:21:41.166558,-0.06,-0.70,0.71,1.34,1.83,2.44,-4.16,45.12,-19.91,1
e,2022-11-01 17:21:41.166716,-0.06,-0.70,0.71,1.22,1.89,2.50,-4.16,45.12,-19.91,1
e,2022-11-01 17:21:41.166870,-0.06,-0.70,0.71,1.22,1.89,2.38,-4.64,45.04,-20.47,1
e,2022-11-01 17:21:41.167024,-0.06,-0.70,0.71,1.10,1.83,2.32,-4.64,45.04,-20.47,1
e,2022-11-01 17:21:41.167183,-0.06,-0.70,0.71,1.28,1.89,2.62,-4.64,45.04,-20.47,1
e,2022-11-01 17:21:41.167336,-0.06,-0.70,0.71,1.22,1.89,2.38,-4.28,44.30,-20.61,1
e,2022-11-01 17:21:41.167496,-0.06,-0.70,0.71,1.16,1.89,2.32,-4.28,44.30,-20.61,1
e,2022-11-01 17:21:41.167651,-0.06,-0.70,0.71,1.22,1.89,2.56,-4.28,44.30,-20.61,1
e,2022-11-01 17:21:41.167805,-0.06,-0.70,0.71,0.98,1.83,2.32,-4.35,45.00,-19.20,1
e,2022-11-01 17:21:41.167965,-0.06,-0.70,0.71,1.10,1.83,2.38,-4.35,45.00,-19.20,1
e,2022-11-01 17:21:41.168121,-0.06,-0.70,0.71,1.04,1.77,2.50,-4.21,45.01,-20.67,1
e,2022-11-01 17:21:41.168279,-0.06,-0.70,0.71,1.28,1.77,2.32,-4.21,45.01,-20.67,1
e,2022-11-01 17:21:41.168432,-0.06,-0.70,0.71,1.22,1.83,2.50,-4.21,45.01,-20.67,1
e,2022-11-01 17:21:41.168586,-0.06,-0.70,0.71,1.10,1.89,2.44,-4.20,44.91,-21.19,1
e,2022-11-01 17:21:41.168743,-0.06,-0.70,0.71,1.16,2.01,2.44,-4.20,44.91,-21.19,1
e,2022-11-01 17:21:41.168897,-0.06,-0.70,0.71,1.04,1.77,2.50,-4.20,44.91,-21.19,1
e,2022-11-01 17:21:41.169057,-0.06,-0.70,0.71,1.34,1.71,2.50,-4.43,45.00,-20.45,1
e,2022-11-01 17:21:41.169209,-0.06,-0.70,0.71,1.16,1.83,2.44,-4.43,45.00,-20.45,1
e,2022-11-01 17:21:41.169366,-0.06,-0.70,0.71,1.22,1.83,2.50,-4.43,45.00,-20.45,1
e,2022-11-01 17:21:41.169520,-0.06,-0.70,0.71,0.98,1.83,2.38,-4.41,44.98,-19.70,1
e,2022-11-01 17:21:41.169675,-0.06,-0.70,0.71,1.10,1.83,2.56,-4.41,44.98,-19.70,1
e,2022-11-01 17:21:41.169833,-0.06,-0.70,0.71,1.04,1.89,2.50,-4.52,45.59,-19.87,1
e,2022-11-01 17:21:41.169986,-0.06,-0.70,0.71,1.04,1.89,2.44,-4.52,45.59,-19.87,1
e,2022-11-01 17:21:41.170145,-0.06,-0.70,0.71,0.98,1.89,2.38,-4.52,45.59,-19.87,1
e,2022-11-01 17:21:41.170297,-0.06,-0.70,0.71,1.22,1.83,2.44,-3.74,45.19,-20.72,1
e,2022-11-01 17:21:41.170451,-0.06,-0.70,0.71,1.22,1.83,2.50,-3.74,45.19,-20.72,1
e,2022-11-01 17:21:41.170609,-0.06,-0.70,0.71,1.22,1.89,2.32,-3.74,45.19,-20.72,1
e,2022-11-01 17:21:41.170763,-0.06,-0.70,0.71,0.92,1.89,2.08,-4.54,45.41,-20.19,1
e,2022-11-01 17:21:41.170923,-0.06,-0.70,0.71,1.22,1.83,2.38,-4.54,45.41,-20.19,1
e,2022-11-01 17:21:41.171078,-0.06,-0.70,0.71,0.92,1.83,2.38,-4.54,45.41,-20.19,1
e,2022-11-01 17:21:41.171233,-0.06,-0.70,0.71,1.22,1.59,2.38,-3.74,44.56,-21.97,1
e,2022-11-01 17:21:41.171393,-0.06,-0.70,0.71,1.22,1.77,2.50,-3.74,44.56,-21.97,1
e,2022-11-01 17:21:41.171551,-0.06,-0.70,0.71,1.22,1.89,2.44,-4.35,44.81,-20.87,1
e,2022-11-01 17:21:41.171717,-0.06,-0.70,0.71,0.98,1.71,2.38,-4.35,44.81,-20.87,1
e,2022-11-01 17:21:41.171875,-0.06,-0.70,0.71,1.28,1.77,2.50,-4.35,44.81,-20.87,1
e,2022-11-01 17:21:41.172039,-0.06,-0.70,0.71,1.28,1.83,2.32,-3.81,45.09,-21.13,1
e,2022-11-01 17:21:41.172198,-0.06,-0.70,0.71,1.34,1.83,2.44,-3.81,45.09,-21.13,1
e,2022-11-01 17:21:41.172355,-0.06,-0.70,0.71,1.10,1.77,2.50,-3.81,45.09,-21.13,1
e,2022-11-01 17:21:41.172563,-0.06,-0.70,0.71,1.16,1.89,2.38,-3.67,44.85,-20.64,1
e,2022-11-01 17:21:41.172717,-0.06,-0.70,0.71,1.22,1.77,2.44,-3.67,44.85,-20.64,1
e,2022-11-01 17:21:41.172888,-0.06,-0.70,0.71,1.10,1.77,2.44,-3.67,44.85,-20.64,1
e,2022-11-01 17:21:41.173040,-0.06,-0.70,0.71,1.34,1.83,2.50,-3.92,44.46,-21.12,1
e,2022-11-01 17:21:41.173192,-0.06,-0.70,0.71,1.34,1.77,2.32,-3.92,44.46,-21.12,1
e,2022-11-01 17:21:41.173358,-0.06,-0.70,0.71,1.28,1.89,2.44,-3.54,45.17,-20.37,1
e,2022-11-01 17:21:41.173514,-0.06,-0.70,0.71,1.16,1.77,2.26,-3.54,45.17,-20.37,1
e,2022-11-01 17:21:41.173678,-0.06,-0.70,0.71,1.28,1.83,2.44,-3.54,45.17,-20.37,1
e,2022-11-01 17:21:41.173831,-0.06,-0.70,0.71,1.10,1.71,2.50,-4.11,44.59,-21.81,1
e,2022-11-01 17:21:41.173983,-0.06,-0.70,0.71,1.10,1.89,2.50,-4.11,44.59,-21.81,1
e,2022-11-01 17:21:41.174142,-0.06,-0.70,0.71,1.04,1.83,2.38,-4.11,44.59,-21.81,1
e,2022-11-01 17:21:41.174297,-0.06,-0.70,0.71,1.04,1.71,2.32,-3.56,45.12,-20.34,1
e,2022-11-01 17:21:41.174455,-0.06,-0.70,0.71,1.10,1.77,2.38,-3.56,45.12,-20.34,1
e,2022-11-01 17:21:41.174609,-0.06,-0.70,0.71,1.28,1.77,2.38,-3.56,45.12,-20.34,1
e,2022-11-01 17:21:41.174767,-0.06,-0.70,0.71,0.92,1.77,2.32,-4.53,45.46,-20.19,1
e,2022-11-01 17:21:41.174920,-0.06,-0.70,0.71,1.28,1.59,2.26,-4.53,45.46,-20.19,1
e,2022-11-01 17:21:41.175073,-0.06,-0.70,0.71,1.28,1.77,2.69,-4.44,45.03,-20.59,1
e,2022-11-01 17:21:41.175231,-0.06,-0.70,0.71,0.85,1.77,2.20,-4.44,45.03,-20.59,1
e,2022-11-01 17:21:41.175383,-0.06,-0.70,0.71,1.10,1.83,2.38,-4.44,45.03,-20.59,1
e,2022-11-01 17:21:41.175543,-0.06,-0.70,0.71,0.98,1.65,2.50,-3.80,44.69,-21.18,1
e,2022-11-01 17:21:41.175697,-0.06,-0.70,0.71,1.10,1.77,2.50,-3.80,44.69,-21.18,1
e,2022-11-01 17:21:41.175849,-0.06,-0.70,0.71,1.34,1.77,2.69,-3.80,44.69,-21.18,1
e,2022-11-01 17:21:41.176009,-0.06,-0.70,0.71,1.10,1.65,2.44,-4.13,44.97,-20.97,1
e,2022-11-01 17:21:41.176161,-0.06,-0.70,0.71,1.16,1.71,2.38,-4.13,44.97,-20.97,1
e,2022-11-01 17:21:41.176316,-0.06,-0.70,0.71,1.34,1.77,2.44,-4.13,44.97,-20.97,1
e,2022-11-01 17:21:41.176468,-0.06,-0.70,0.71,1.10,1.77,2.44,-4.25,44.82,-21.03,1
e,2022-11-01 17:21:41.176621,-0.06,-0.70,0.71,1.16,1.83,2.38,-4.25,44.82,-21.03,1
e,2022-11-01 17:21:41.176778,-0.06,-0.70,0.71,1.28,1.71,2.56,-4.05,44.70,-20.48,1
e,2022-11-01 17:21:41.176929,-0.06,-0.70,0.71,1.16,1.95,2.56,-4.05,44.70,-20.48,1
e,2022-11-01 17:21:41.177084,-0.06,-0.70,0.71,1.40,1.83,2.50,-4.05,44.70,-20.48,1
e,2022-11-01 17:21:41.177236,-0.06,-0.70,0.71,1.10,1.83,2.56,-4.53,44.46,-20.72,1
e,2022-11-01 17:21:41.177387,-0.06,-0.70,0.71,1.28,1.77,2.44,-4.53,44.46,-20.72,1
e,2022-11-01 17:21:41.177545,-0.06,-0.70,0.71,1.28,1.77,2.14,-4.53,44.46,-20.72,1
e,2022-11-01 17:21:41.177696,-0.06,-0.70,0.71,0.98,2.08,2.44,-4.03,44.92,-19.64,1
e,2022-11-01 17:21:41.177852,-0.06,-0.70,0.71,1.16,1.77,2.38,-4.03,44.92,-19.64,1
e,2022-11-01 17:21:41.178003,-0.06,-0.70,0.71,1.34,1.77,2.44,-4.03,44.92,-19.64,1
e,2022-11-01 17:21:41.178155,-0.06,-0.70,0.71,1.04,1.71,2.26,-3.94,44.87,-19.60,1
e,2022-11-01 17:21:41.178313,-0.06,-0.70,0.71,1.16,1.95,2.44,-3.94,44.87,-19.60,1
e,2022-11-01 17:21:41.178465,-0.06,-0.70,0.71,1.22,1.71,2.26,-4.16,44.45,-19.52,1
e,2022-11-01 17:21:41.178621,-0.06,-0.70,0.71,1.16,1.77,2.50,-4.16,44.45,-19.52,1
e,2022-11-01 17:21:41.178772,-0.06,-0.70,0.71,1.28,1.95,2.44,-4.16,44.45,-19.52,1
e,2022-11-01 17:21:41.178927,-0.06,-0.70,0.71,1.28,1.83,2.38,-3.99,44.87,-20.30,1
e,2022-11-01 17:21:41.179077,-0.06,-0.70,0.71,1.16,1.71,2.44,-3.99,44.87,-20.30,1
e,2022-11-01 17:21:41.179228,-0.06,-0.70,0.71,1.28,1.83,2.38,-3.99,44.87,-20.30,1
e,2022-11-01 17:21:41.179384,-0.06,-0.70,0.71,1.04,1.83,2.38,-3.47,44.40,-20.72,1
e,2022-11-01 17:21:41.179534,-0.06,-0.70,0.71,1.40,1.83,2.56,-3.47,44.40,-20.72,1
e,2022-11-01 17:21:41.179690,-0.06,-0.70,0.71,1.22,1.83,2.32,-3.47,44.40,-20.72,1
e,2022-11-01 17:21:41.179842,-0.06,-0.70,0.71,1.22,1.83,2.26,-3.41,44.59,-19.45,1
e,2022-11-01 17:21:41.179994,-0.06,-0.70,0.71,1.10,1.65,2.20,-3.41,44.59,-19.45,1
e,2022-11-01 17:21:41.180152,-0.06,-0.70,0.71,1.53,1.89,2.62,-3.88,44.92,-20.25,1
e,2022-11-01 17:21:41.180304,-0.06,-0.70,0.71,1.22,1.83,2.32,-3.88,44.92,-20.25,1
e,2022-11-01 17:21:41.180477,-0.06,-0.70,0.71,1.34,1.83,2.50,-3.88,44.92,-20.25,1
e,2022-11-01 17:21:41.180628,-0.06,-0.70,0.71,1.16,1.83,2.44,-3.92,45.07,-21.29,1
e,2022-11-01 17:21:41.180778,-0.06,-0.70,0.71,1.22,1.83,2.44,-3.92,45.07,-21.29,1
e,2022-11-01 17:21:41.180933,-0.06,-0.70,0.71,1.22,1.83,2.26,-3.92,45.07,-21.29,1
e,2022-11-01 17:21:41.181083,-0.06,-0.70,0.71,1.10,1.65,2.38,-3.89,45.30,-21.26,1
e,2022-11-01 17:21:41.181241,-0.06,-0.70,0.71,1.28,1.95,2.38,-3.89,45.30,-21.26,1
e,2022-11-01 17:21:41.181394,-0.06,-0.70,0.71,1.16,2.01,2.56,-3.89,45.30,-21.26,1
e,2022-11-01 17:21:41.181548,-0.06,-0.70,0.71,1.16,1.65,2.26,-3.85,44.96,-19.37,1
e,2022-11-01 17:21:41.181699,-0.06,-0.70,0.71,1.46,1.77,2.38,-3.85,44.96,-19.37,1
e,2022-11-01 17:21:41.181849,-0.06,-0.70,0.71,1.28,1.83,2.56,-3.39,45.06,-20.81,1
e,2022-11-01 17:21:41.182004,-0.06,-0.70,0.71,1.28,1.83,2.38,-3.39,45.06,-20.81,1
e,2022-11-01 17:21:41.182154,-0.06,-0.70,0.71,1.16,2.01,2.44,-3.39,45.06,-20.81,1
e,2022-11-01 17:21:41.182309,-0.06,-0.70,0.71,1.28,1.77,2.50,-3.33,44.60,-20.76,1
e,2022-11-01 17:21:41.182460,-0.06,-0.70,0.71,1.28,1.89,2.32,-3.33,44.60,-20.76,1
e,2022-11-01 17:21:41.182609,-0.06,-0.70,0.71,1.28,1.95,2.50,-3.33,44.60,-20.76,1
e,2022-11-01 17:21:41.182762,-0.06,-0.70,0.71,1.22,1.71,2.56,-3.61,45.62,-20.30,1
e,2022-11-01 17:21:41.182912,-0.06,-0.70,0.71,1.34,1.83,2.44,-3.61,45.62,-20.30,1
e,2022-11-01 17:21:41.183066,-0.06,-0.70,0.71,1.22,1.77,2.50,-3.61,45.62,-20.30,1
e,2022-11-01 17:21:41.183218,-0.06,-0.70,0.71,1.16,1.83,2.44,-3.78,45.34,-19.86,1
e,2022-11-01 17:21:41.183370,-0.06,-0.70,0.71,1.46,1.77,2.38,-3.78,45.34,-19.86,1
e,2022-11-01 17:21:41.183526,-0.06,-0.70,0.71,1.28,1.77,2.38,-3.55,44.82,-20.09,1
e,2022-11-01 17:21:41.183675,-0.06,-0.70,0.71,1.28,1.65,2.38,-3.55,44.82,-20.09,1
e,2022-11-01 17:21:41.183833,-0.06,-0.70,0.71,1.46,1.95,2.50,-3.55,44.82,-20.09,1
e,2022-11-01 17:21:41.183984,-0.06,-0.70,0.71,1.10,2.01,2.50,-3.77,45.00,-19.82,1
e,2022-11-01 17:21:41.184136,-0.06,-0.70,0.71,1.22,1.77,2.50,-3.77,45.00,-19.82,1
e,2022-11-01 17:21:41.184289,-0.06,-0.70,0.71,1.46,1.77,2.62,-3.77,45.00,-19.82,1
e,2022-11-01 17:21:41.184441,-0.06,-0.70,0.71,1.34,1.83,2.44,-4.24,44.48,-20.94,1
e,2022-11-01 17:21:41.184599,-0.06,-0.70,0.71,1.04,2.01,2.50,-4.24,44.48,-20.94,1
e,2022-11-01 17:21:41.184750,-0.06,-0.70,0.71,1.28,1.83,2.44,-4.24,44.48,-20.94,1
e,2022-11-01 17:21:41.184905,-0.06,-0.70,0.71,1.22,1.77,2.50,-3.96,44.25,-20.32,1
e,2022-11-01 17:21:41.185056,-0.06,-0.70,0.71,1.28,1.71,2.44,-3.96,44.25,-20.32,1
e,2022-11-01 17:21:41.185208,-0.06,-0.70,0.71,1.28,1.83,2.38,-4.39,44.93,-20.19,1
e,2022-11-01 17:21:41.185363,-0.06,-0.70,0.71,1.04,1.83,2.26,-4.39,44.93,-20.19,1
e,2022-11-01 17:21:41.185514,-0.06,-0.70,0.71,1.28,1.71,2.50,-4.39,44.93,-20.19,1
e,2022-11-01 17:21:41.185671,-0.06,-0.70,0.71,1.22,1.89,2.44,-3.41,45.31,-20.72,1
e,2022-11-01 17:21:41.185822,-0.06,-0.70,0.71,1.16,1.83,2.44,-3.41,45.31,-20.72,1
e,2022-11-01 17:21:41.185973,-0.06,-0.70,0.71,1.34,1.77,2.50,-3.41,45.31,-20.72,1
e,2022-11-01 17:21:41.186129,-0.06,-0.70,0.71,1.28,1.89,2.62,-4.10,45.12,-20.24,1
e,2022-11-01 17:21:41.186279,-0.06,-0.70,0.71,1.34,1.77,2.38,-4.10,45.12,-20.24,1
e,2022-11-01 17:21:41.186438,-0.06,-0.70,0.71,1.28,1.65,2.26,-4.10,45.12,-20.24,1
e,2022-11-01 17:21:41.186591,-0.06,-0.70,0.71,1.28,1.71,2.32,-3.94,44.53,-20.28,1
e,2022-11-01 17:21:41.186741,-0.06,-0.70,0.71,1.40,1.89,2.44,-3.94,44.53,-20.28,1
e,2022-11-01 17:21:41.186895,-0.06,-0.70,0.71,1.34,1.89,2.62,-3.93,44.71,-20.17,1
e,2022-11-01 17:21:41.187044,-0.06,-0.70,0.71,0.79,1.95,2.44,-3.93,44.71,-20.17,1
e,2022-11-01 17:21:41.187199,-0.06,-0.70,0.71,1.16,1.77,2.38,-3.93,44.71,-20.17,1
e,2022-11-01 17:21:41.187348,-0.06,-0.70,0.71,1.22,1.77,2.50,-4.16,44.87,-20.46,1
e,2022-11-01 17:21:41.187498,-0.06,-0.70,0.71,1.28,1.83,2.50,-4.16,44.87,-20.46,1
e,2022-11-01 17:21:41.187655,-0.06,-0.70,0.71,1.46,1.65,2.38,-4.16,44.87,-20.46,1
e,2022-11-01 17:21:41.187805,-0.06,-0.70,0.71,1.22,1.71,2.44,-4.22,45.06,-20.63,1
e,2022-11-01 17:21:41.188107,-0.06,-0.70,0.71,1.16,1.77,2.44,-4.22,45.06,-20.63,1
e,2022-11-01 17:21:41.188258,-0.06,-0.70,0.71,1.16,1.89,2.50,-4.22,45.06,-20.63,1
e,2022-11-01 17:21:41.188408,-0.06,-0.70,0.71,0.98,2.01,2.32,-3.75,44.65,-20.89,1
e,2022-11-01 17:21:41.188565,-0.06,-0.70,0.71,1.40,1.89,2.50,-3.75,44.65,-20.89,1
e,2022-11-01 17:21:41.188717,-0.06,-0.70,0.71,1.16,1.89,2.44,-3.77,45.10,-20.29,1
e,2022-11-01 17:21:41.188874,-0.06,-0.70,0.71,1.22,1.89,2.32,-3.77,45.10,-20.29,1
e,2022-11-01 17:21:41.189026,-0.06,-0.70,0.71,1.28,1.77,2.38,-3.77,45.10,-20.29,1
e,2022-11-01 17:21:41.189179,-0.06,-0.70,0.71,1.10,1.77,2.38,-4.08,44.59,-21.03,1
e,2022-11-01 17:21:41.189341,-0.06,-0.70,0.71,1.16,1.89,2.44,-4.08,44.59,-21.03,1
e,2022-11-01 17:21:41.189494,-0.06,-0.70,0.71,1.16,1.89,2.38,-4.08,44.59,-21.03,1
e,2022-11-01 17:21:41.189655,-0.06,-0.70,0.71,1.16,1.77,2.38,-4.32,45.39,-20.62,1
e,2022-11-01 17:21:41.189807,-0.06,-0.70,0.71,1.34,1.95,2.38,-4.32,45.39,-20.62,1
e,2022-11-01 17:21:41.190022,-0.06,-0.70,0.71,1.16,1.77,2.56,-4.32,45.39,-20.62,1
e,2022-11-01 17:21:41.190177,-0.06,-0.70,0.71,1.28,1.77,2.32,-4.05,45.09,-19.80,1
e,2022-11-01 17:21:41.190329,-0.06,-0.70,0.71,1.34,1.83,2.44,-4.05,45.09,-19.80,1
e,2022-11-01 17:21:41.190505,-0.06,-0.70,0.71,1.46,1.71,2.32,-4.44,44.78,-20.13,1
e,2022-11-01 17:21:41.190659,-0.06,-0.70,0.71,1.40,1.89,2.50,-4.44,44.78,-20.13,1
e,2022-11-01 17:21:41.190816,-0.06,-0.70,0.71,1.16,1.83,2.38,-4.44,44.78,-20.13,1
e,2022-11-01 17:21:41.190967,-0.06,-0.70,0.71,1.22,1.83,2.44,-4.27,44.95,-20.09,1
e,2022-11-01 17:21:41.191119,-0.06,-0.70,0.71,1.04,1.77,2.50,-4.27,44.95,-20.09,1
e,2022-11-01 17:21:41.191285,-0.06,-0.70,0.71,1.34,1.77,2.44,-4.27,44.95,-20.09,1
e,2022-11-01 17:21:41.191439,-0.06,-0.70,0.71,1.28,1.59,2.38,-4.33,44.54,-20.59,1
e,2022-11-01 17:21:41.191602,-0.06,-0.70,0.71,1.04,1.89,2.44,-4.33,44.54,-20.59,1
e,2022-11-01 17:21:41.191754,-0.06,-0.70,0.71,1.53,1.71,2.56,-4.33,44.54,-20.59,1
e,2022-11-01 17:21:41.191909,-0.06,-0.70,0.71,1.04,1.65,2.32,-4.33,45.10,-19.97,1
e,2022-11-01 17:21:41.192131,-0.06,-0.70,0.71,1.10,1.77,2.56,-4.33,45.10,-19.97,1
e,2022-11-01 17:21:41.192284,-0.06,-0.70,0.71,1.16,1.77,2.38,-3.98,44.80,-19.51,1
e,2022-11-01 17:21:41.192455,-0.06,-0.70,0.71,1.40,1.77,2.44,-3.98,44.80,-19.51,1
e,2022-11-01 17:21:41.192608,-0.06,-0.70,0.71,1.40,1.89,2.50,-3.98,44.80,-19.51,1
e,2022-11-01 17:21:41.192761,-0.06,-0.70,0.71,1.40,1.77,2.38,-3.92,45.21,-20.61,1
e,2022-11-01 17:21:41.192921,-0.06,-0.70,0.71,1.04,1.95,2.32,-3.92,45.21,-20.61,1
e,2022-11-01 17:21:41.193073,-0.06,-0.70,0.71,1.22,1.95,2.50,-3.92,45.21,-20.61,1
e,2022-11-01 17:21:41.193231,-0.06,-0.70,0.71,1.34,1.59,2.38,-3.87,45.17,-19.52,1
e,2022-11-01 17:21:41.193386,-0.06,-0.70,0.71,1.28,1.83,2.50,-3.87,45.17,-19.52,1
e,2022-11-01 17:21:41.193544,-0.06,-0.70,0.71,1.22,1.77,2.44,-3.87,45.17,-19.52,1
e,2022-11-01 17:21:41.193699,-0.06,-0.70,0.71,1.22,1.71,2.38,-3.93,44.74,-19.92,1
e,2022-11-01 17:21:41.193854,-0.06,-0.70,0.71,1.28,1.89,2.44,-3.93,44.74,-19.92,1
e,2022-11-01 17:21:41.194017,-0.06,-0.70,0.71,1.16,1.83,2.38,-3.81,45.50,-21.47,1
e,2022-11-01 17:21:41.194170,-0.06,-0.70,0.71,1.34,1.83,2.44,-3.81,45.50,-21.47,1
e,2022-11-01 17:21:41.194327,-0.06,-0.70,0.71,1.04,1.89,2.32,-3.81,45.50,-21.47,1
e,2022-11-01 17:21:41.194477,-0.06,-0.70,0.71,1.16,1.77,2.44,-4.61,45.15,-21.62,1
e,2022-11-01 17:21:41.194626,-0.06,-0.70,0.71,1.40,1.77,2.56,-4.61,45.15,-21.62,1
e,2022-11-01 17:21:41.194783,-0.06,-0.70,0.71,1.28,1.89,2.38,-4.61,45.15,-21.62,1
e,2022-11-01 17:21:41.194932,-0.06,-0.70,0.71,1.10,1.83,2.32,-3.78,45.04,-21.45,1
e,2022-11-01 17:21:41.195088,-0.06,-0.70,0.71,1.16,1.83,2.50,-3.78,45.04,-21.45,1
e,2022-11-01 17:21:41.195239,-0.06,-0.70,0.71,0.92,1.89,2.32,-3.78,45.04,-21.45,1
e,2022-11-01 17:21:41.195391,-0.06,-0.70,0.71,1.16,1.83,2.50,-4.50,44.48,-20.59,1
e,2022-11-01 17:21:41.195547,-0.06,-0.70,0.71,1.34,1.95,2.44,-4.50,44.48,-20.59,1
e,2022-11-01 17:21:41.195697,-0.06,-0.70,0.71,1.16,1.89,2.32,-4.47,45.31,-19.85,1
e,2022-11-01 17:21:41.195867,-0.06,-0.70,0.71,1.10,1.89,2.32,-4.47,45.31,-19.85,1
e,2022-11-01 17:21:41.196018,-0.06,-0.70,0.71,1.28,1.71,2.32,-4.47,45.31,-19.85,1
e,2022-11-01 17:21:41.196171,-0.06,-0.70,0.71,1.16,1.77,2.38,-4.20,45.90,-21.37,1
e,2022-11-01 17:21:41.196327,-0.06,-0.70,0.71,1.34,1.65,2.44,-4.20,45.90,-21.37,1
e,2022-11-01 17:21:41.196479,-0.06,-0.70,0.71,1.34,1.83,2.44,-4.20,45.90,-21.37,1
e,2022-11-01 17:21:41.196635,-0.06,-0.70,0.71,1.22,1.83,2.50,-4.80,45.24,-21.24,1
e,2022-11-01 17:21:41.196785,-0.06,-0.70,0.71,1.22,1.83,2.38,-4.80,45.24,-21.24,1
e,2022-11-01 17:21:41.196941,-0.06,-0.70,0.71,1.22,1.83,2.50,-4.80,45.24,-21.24,1
e,2022-11-01 17:21:41.197094,-0.06,-0.70,0.71,1.10,1.77,2.44,-4.72,45.00,-19.19,1
e,2022-11-01 17:21:41.197247,-0.06,-0.70,0.71,0.98,2.01,2.38,-4.72,45.00,-19.19,1
e,2022-11-01 17:21:41.197403,-0.06,-0.70,0.71,1.34,1.89,2.32,-3.96,45.30,-21.07,1
e,2022-11-01 17:21:41.197555,-0.06,-0.70,0.71,1.16,1.77,2.44,-3.96,45.30,-21.07,1
e,2022-11-01 17:21:41.197712,-0.06,-0.70,0.71,1.40,1.89,2.38,-3.96,45.30,-21.07,1
e,2022-11-01 17:21:41.197863,-0.06,-0.70,0.71,1.40,1.65,2.38,-4.16,44.98,-20.86,1
e,2022-11-01 17:21:41.198016,-0.06,-0.70,0.71,1.22,1.83,2.32,-4.16,44.98,-20.86,1
e,2022-11-01 17:21:41.198172,-0.06,-0.70,0.71,1.16,1.83,2.44,-4.16,44.98,-20.86,1
e,2022-11-01 17:21:41.198325,-0.06,-0.70,0.71,0.92,1.71,2.26,-4.39,45.34,-20.65,1
e,2022-11-01 17:21:41.198486,-0.06,-0.70,0.71,1.10,1.89,2.50,-4.39,45.34,-20.65,1
e,2022-11-01 17:21:41.198637,-0.06,-0.70,0.71,1.22,1.95,2.44,-4.39,45.34,-20.65,1
e,2022-11-01 17:21:41.198795,-0.06,-0.70,0.71,1.28,1.83,2.56,-3.98,45.39,-21.74,1
e,2022-11-01 17:21:41.198949,-0.06,-0.70,0.71,1.10,2.01,2.44,-3.98,45.39,-21.74,1
e,2022-11-01 17:21:41.199099,-0.06,-0.70,0.71,1.46,1.77,2.56,-4.08,45.10,-21.90,1
e,2022-11-01 17:21:41.199259,-0.06,-0.70,0.71,1.22,1.77,2.56,-4.08,45.10,-21.90,1
e,2022-11-01 17:21:41.199411,-0.06,-0.70,0.71,1.16,1.95,2.38,-4.08,45.10,-21.90,1
e,2022-11-01 17:21:41.199570,-0.06,-0.70,0.71,1.28,1.71,2.50,-3.98,45.41,-20.25,1
e,2022-11-01 17:21:41.199722,-0.06,-0.70,0.71,1.40,1.77,2.56,-3.98,45.41,-20.25,1
e,2022-11-01 17:21:41.199871,-0.06,-0.70,0.71,1.28,1.65,2.44,-3.98,45.41,-20.25,1
e,2022-11-01 17:21:41.200030,-0.06,-0.70,0.71,1.10,1.77,2.32,-4.75,45.35,-19.86,1
e,2022-11-01 17:21:41.200179,-0.06,-0.70,0.71,1.34,1.77,2.44,-4.75,45.35,-19.86,1
e,2022-11-01 17:21:41.200334,-0.06,-0.70,0.71,1.34,1.83,2.50,-4.46,44.56,-20.42,1
e,2022-11-01 17:21:41.200484,-0.06,-0.70,0.71,0.98,1.65,2.26,-4.46,44.56,-20.42,1
e,2022-11-01 17:21:41.200635,-0.06,-0.70,0.71,1.22,1.77,2.44,-4.46,44.56,-20.42,1
e,2022-11-01 17:21:41.200793,-0.06,-0.70,0.71,1.40,1.77,2.26,-4.80,44.97,-21.36,1
e,2022-11-01 17:21:41.200943,-0.06,-0.70,0.71,1.34,1.71,2.44,-4.80,44.97,-21.36,1
e,2022-11-01 17:21:41.201103,-0.06,-0.70,0.71,1.22,1.77,2.50,-4.80,44.97,-21.36,1
e,2022-11-01 17:21:41.201255,-0.06,-0.70,0.71,1.10,1.77,2.32,-4.33,45.34,-21.01,1
e,2022-11-01 17:21:41.201406,-0.06,-0.70,0.71,1.28,1.77,2.50,-4.33,45.34,-21.01,1
e,2022-11-01 17:21:41.201561,-0.06,-0.70,0.71,1.10,1.89,2.62,-4.33,45.34,-21.01,1
e,2022-11-01 17:21:41.201712,-0.06,-0.70,0.71,1.16,1.89,2.26,-4.42,45.12,-20.00,1
e,2022-11-01 17:21:41.201867,-0.06,-0.70,0.71,1.22,1.89,2.32,-4.42,45.12,-20.00,1
e,2022-11-01 17:21:41.202022,-0.06,-0.70,0.71,1.28,1.95,2.56,-3.91,45.56,-20.62,1
e,2022-11-01 17:21:41.202175,-0.06,-0.70,0.71,1.22,1.83,2.44,-3.91,45.56,-20.62,1
e,2022-11-01 17:21:41.202326,-0.06,-0.70,0.71,1.40,1.77,2.44,-3.91,45.56,-20.62,1
e,2022-11-01 17:21:41.202477,-0.06,-0.70,0.71,1.28,1.83,2.26,-4.21,45.36,-21.45,1
e,2022-11-01 17:21:41.202633,-0.06,-0.70,0.71,1.16,1.89,2.50,-4.21,45.36,-21.45,1
e,2022-11-01 17:21:41.202783,-0.06,-0.70,0.71,1.28,1.89,2.50,-4.21,45.36,-21.45,1
e,2022-11-01 17:21:41.202938,-0.06,-0.70,0.71,1.22,1.89,2.38,-4.17,44.74,-19.43,1
e,2022-11-01 17:21:41.203087,-0.06,-0.70,0.71,1.22,1.95,2.50,-4.17,44.74,-19.43,1
e,2022-11-01 17:21:41.203238,-0.06,-0.70,0.71,1.34,1.59,2.44,-4.17,44.74,-19.43,1
e,2022-11-01 17:21:41.203396,-0.06,-0.70,0.71,1.10,1.83,2.44,-4.06,45.29,-20.36,1
e,2022-11-01 17:21:41.203545,-0.06,-0.70,0.71,1.10,1.77,2.38,-4.06,45.29,-20.36,1
e,2022-11-01 17:21:41.203702,-0.06,-0.70,0.71,1.22,1.83,2.50,-4.04,44.81,-20.45,1
e,2022-11-01 17:21:41.203853,-0.06,-0.70,0.71,1.10,1.83,2.44,-4.04,44.81,-20.45,1
e,2022-11-01 17:21:41.204005,-0.06,-0.70,0.71,1.10,1.77,2.44,-4.04,44.81,-20.45,1
e,2022-11-01 17:21:41.204162,-0.06,-0.70,0.71,1.34,1.77,2.62,-4.32,44.89,-21.01,1
e,2022-11-01 17:21:41.204312,-0.06,-0.70,0.71,1.28,1.65,2.44,-4.32,44.89,-21.01,1
e,2022-11-01 17:21:41.204468,-0.06,-0.70,0.71,1.28,1.89,2.56,-4.32,44.89,-21.01,1
e,2022-11-01 17:21:41.204618,-0.06,-0.70,0.71,1.16,1.71,2.38,-4.28,45.00,-20.23,1
e,2022-11-01 17:21:41.204771,-0.06,-0.70,0.71,1.22,1.83,2.32,-4.28,45.00,-20.23,1
e,2022-11-01 17:21:41.204922,-0.06,-0.70,0.71,1.22,1.77,2.50,-4.28,45.00,-20.23,1
e,2022-11-01 17:21:41.205071,-0.06,-0.70,0.71,1.10,1.71,2.32,-3.98,45.48,-19.42,1
e,2022-11-01 17:21:41.205231,-0.06,-0.70,0.71,1.10,1.77,2.44,-3.98,45.48,-19.42,1
e,2022-11-01 17:21:41.205383,-0.06,-0.70,0.71,1.16,1.77,2.50,-4.22,45.42,-19.91,1
e,2022-11-01 17:21:41.205537,-0.06,-0.70,0.71,1.10,1.77,2.50,-4.22,45.42,-19.91,1
e,2022-11-01 17:21:41.205688,-0.06,-0.70,0.71,1.46,1.83,2.44,-4.22,45.42,-19.91,1
e,2022-11-01 17:21:41.205840,-0.06,-0.70,0.71,1.10,1.77,2.50,-4.38,45.42,-20.62,1
e,2022-11-01 17:21:41.205998,-0.06,-0.70,0.71,1.40,1.59,2.44,-4.38,45.42,-20.62,1
e,2022-11-01 17:21:41.206150,-0.06,-0.70,0.71,1.28,1.71,2.56,-4.38,45.42,-20.62,1
e,2022-11-01 17:21:41.206306,-0.06,-0.70,0.71,1.28,1.71,2.26,-3.98,44.74,-20.83,1
e,2022-11-01 17:21:41.206460,-0.06,-0.70,0.71,1.28,1.89,2.50,-3.98,44.74,-20.83,1
e,2022-11-01 17:21:41.206611,-0.06,-0.70,0.71,1.22,1.83,2.44,-3.98,44.74,-20.83,1
e,2022-11-01 17:21:41.206767,-0.06,-0.70,0.71,1.22,1.77,2.50,-4.21,45.10,-20.08,1
e,2022-11-01 17:21:41.206919,-0.06,-0.70,0.71,1.40,1.89,2.56,-4.21,45.10,-20.08,1
e,2022-11-01 17:21:41.207079,-0.06,-0.70,0.71,1.10,1.83,2.38,-3.99,44.49,-19.87,1
e,2022-11-01 17:21:41.207228,-0.06,-0.70,0.71,1.16,1.77,2.50,-3.99,44.49,-19.87,1
e,2022-11-01 17:21:41.207382,-0.06,-0.70,0.71,1.10,1.77,2.50,-3.99,44.49,-19.87,1
e,2022-11-01 17:21:41.207536,-0.06,-0.70,0.71,1.34,1.65,2.26,-3.76,45.10,-20.53,1
e,2022-11-01 17:21:41.207688,-0.06,-0.70,0.71,1.40,1.89,2.56,-3.76,45.10,-20.53,1
e,2022-11-01 17:21:41.207944,-0.06,-0.70,0.71,1.16,1.83,2.38,-3.76,45.10,-20.53,1
e,2022-11-01 17:21:41.208097,-0.06,-0.70,0.71,1.10,1.77,2.38,-3.70,44.95,-20.47,1
e,2022-11-01 17:21:41.208260,-0.06,-0.70,0.71,1.28,1.83,2.32,-3.70,44.95,-20.47,1
e,2022-11-01 17:21:41.208413,-0.06,-0.70,0.71,1.22,1.89,2.26,-3.70,44.95,-20.47,1
e,2022-11-01 17:21:41.208565,-0.06,-0.70,0.71,1.28,1.71,2.44,-3.66,44.97,-19.71,1
e,2022-11-01 17:21:41.208727,-0.06,-0.70,0.71,1.40,1.71,2.50,-3.66,44.97,-19.71,1
e,2022-11-01 17:21:41.208882,-0.06,-0.70,0.71,1.34,1.77,2.56,-3.65,45.37,-20.63,1
e,2022-11-01 17:21:41.209043,-0.06,-0.70,0.71,1.40,1.65,2.32,-3.65,45.37,-20.63,1
e,2022-11-01 17:21:41.209197,-0.06,-0.70,0.71,1.22,1.95,2.50,-3.65,45.37,-20.63,1
e,2022-11-01 17:21:41.209349,-0.06,-0.70,0.71,1.28,1.83,2.44,-4.05,45.15,-20.65,1
e,2022-11-01 17:21:41.209518,-0.06,-0.70,0.71,1.28,1.83,2.50,-4.05,45.15,-20.65,1
e,2022-11-01 17:21:41.209672,-0.06,-0.70,0.71,1.40,1.95,2.44,-4.05,45.15,-20.65,1
e,2022-11-01 17:21:41.209832,-0.06,-0.70,0.71,1.28,1.83,2.50,-3.96,45.24,-21.08,1
e,2022-11-01 17:21:41.209986,-0.06,-0.70,0.71,1.22,1.83,2.38,-3.96,45.24,-21.08,1
e,2022-11-01 17:21:41.210142,-0.06,-0.70,0.71,1.28,1.77,2.44,-3.96,45.24,-21.08,1
e,2022-11-01 17:21:41.210301,-0.06,-0.70,0.71,1.16,1.77,2.38,-4.48,44.47,-19.37,1
e,2022-11-01 17:21:41.210453,-0.06,-0.70,0.71,1.28,1.89,2.62,-4.48,44.47,-19.37,1
e,2022-11-01 17:21:41.210627,-0.06,-0.70,0.71,1.28,1.95,2.56,-4.49,45.28,-20.78,1
e,2022-11-01 17:21:41.210781,-0.06,-0.70,0.71,1.04,1.77,2.26,-4.49,45.28,-20.78,1
e,2022-11-01 17:21:41.210931,-0.06,-0.70,0.71,1.22,1.77,2.50,-4.49,45.28,-20.78,1
e,2022-11-01 17:21:41.211088,-0.06,-0.70,0.71,1.22,1.77,2.38,-3.99,45.17,-22.62,1
e,2022-11-01 17:21:41.211267,-0.06,-0.70,0.71,1.22,1.77,2.44,-3.99,45.17,-22.62,1
e,2022-11-01 17:21:41.211427,-0.06,-0.70,0.71,1.16,1.89,2.56,-3.99,45.17,-22.62,1
e,2022-11-01 17:21:41.211579,-0.06,-0.70,0.71,1.10,1.77,2.44,-3.60,45.40,-20.98,1
e,2022-11-01 17:21:41.211735,-0.06,-0.70,0.71,1.10,2.01,2.44,-3.60,45.40,-20.98,1
e,2022-11-01 17:21:41.211890,-0.06,-0.70,0.71,1.34,1.89,2.44,-3.60,45.40,-20.98,1
e,2022-11-01 17:21:41.212043,-0.06,-0.70,0.71,1.16,1.89,2.32,-4.06,44.46,-20.37,1
e,2022-11-01 17:21:41.212201,-0.06,-0.70,0.71,1.34,1.71,2.56,-4.06,44.46,-20.37,1
e,2022-11-01 17:21:41.212352,-0.06,-0.70,0.71,1.40,1.77,2.62,-4.03,45.39,-20.84,1
e,2022-11-01 17:21:41.212509,-0.06,-0.70,0.71,1.04,1.65,2.26,-4.03,45.39,-20.84,1
e,2022-11-01 17:21:41.212663,-0.06,-0.70,0.71,1.28,1.89,2.26,-4.03,45.39,-20.84,1
e,2022-11-01 17:21:41.212814,-0.06,-0.70,0.71,1.28,1.77,2.50,-4.48,44.80,-21.13,1
e,2022-11-01 17:21:41.212971,-0.06,-0.70,0.71,1.34,1.89,2.44,-4.48,44.80,-21.13,1
e,2022-11-01 17:21:41.213123,-0.06,-0.70,0.71,1.28,1.77,2.56,-4.48,44.80,-21.13,1
e,2022-11-01 17:21:41.213280,-0.06,-0.70,0.71,1.28,1.65,2.32,-3.26,45.15,-20.37,1
e,2022-11-01 17:21:41.213432,-0.06,-0.70,0.71,1.46,1.89,2.44,-3.26,45.15,-20.37,1
e,2022-11-01 17:21:41.213583,-0.06,-0.70,0.71,1.34,1.77,2.38,-3.26,45.15,-20.37,1
e,2022-11-01 17:21:41.213741,-0.06,-0.70,0.71,1.22,1.65,2.44,-4.06,45.19,-20.17,1
e,2022-11-01 17:21:41.213892,-0.06,-0.70,0.71,1.22,1.77,2.50,-4.06,45.19,-20.17,1
e,2022-11-01 17:21:41.214050,-0.06,-0.70,0.71,1.22,1.71,2.44,-4.55,44.74,-20.89,1
e,2022-11-01 17:21:41.214201,-0.06,-0.70,0.71,1.34,1.89,2.38,-4.55,44.74,-20.89,1
e,2022-11-01 17:21:41.214352,-0.06,-0.70,0.71,1.28,1.77,2.50,-4.55,44.74,-20.89,1
e,2022-11-01 17:21:41.214505,-0.06,-0.70,0.71,1.16,1.83,2.44,-3.89,45.15,-21.31,1
e,2022-11-01 17:21:41.214657,-0.06,-0.70,0.71,1.22,1.77,2.44,-3.89,45.15,-21.31,1
e,2022-11-01 17:21:41.214812,-0.06,-0.70,0.71,1.28,1.83,2.38,-3.89,45.15,-21.31,1
e,2022-11-01 17:21:41.214963,-0.06,-0.70,0.71,1.28,1.83,2.50,-4.37,45.00,-21.17,1
e,2022-11-01 17:21:41.215121,-0.06,-0.70,0.71,1.22,1.77,2.38,-4.37,45.00,-21.17,1
e,2022-11-01 17:21:41.215272,-0.06,-0.70,0.71,1.22,1.77,2.56,-4.37,45.00,-21.17,1
e,2022-11-01 17:21:41.215422,-0.06,-0.70,0.71,1.22,1.77,2.50,-4.79,45.17,-20.32,1
e,2022-11-01 17:21:41.215577,-0.06,-0.70,0.71,1.28,1.77,2.44,-4.79,45.17,-20.32,1
e,2022-11-01 17:21:41.215727,-0.06,-0.70,0.71,1.46,1.71,2.50,-4.88,44.80,-20.92,1
e,2022-11-01 17:21:41.215885,-0.06,-0.70,0.71,1.40,1.65,2.50,-4.88,44.80,-20.92,1
e,2022-11-01 17:21:41.216035,-0.06,-0.70,0.71,1.28,1.77,2.50,-4.88,44.80,-20.92,1
e,2022-11-01 17:21:41.216186,-0.06,-0.70,0.71,1.10,1.83,2.38,-3.94,44.45,-19.80,1
e,2022-11-01 17:21:41.216340,-0.06,-0.70,0.71,1.22,1.65,2.50,-3.94,44.45,-19.80,1
e,2022-11-01 17:21:41.216491,-0.06,-0.70,0.71,1.10,2.01,2.44,-3.94,44.45,-19.80,1
e,2022-11-01 17:21:41.216646,-0.06,-0.70,0.72,1.16,1.77,2.38,-4.53,44.49,-20.28,1
e,2022-11-01 17:21:41.216796,-0.06,-0.70,0.71,1.16,1.83,2.44,-4.53,44.49,-20.28,1
e,2022-11-01 17:21:41.216946,-0.06,-0.70,0.71,1.40,1.83,2.56,-4.53,44.49,-20.28,1
e,2022-11-01 17:21:41.217102,-0.06,-0.70,0.71,1.04,1.59,2.26,-4.28,44.70,-20.14,1
e,2022-11-01 17:21:41.217252,-0.06,-0.70,0.71,1.40,1.83,2.44,-4.28,44.70,-20.14,1
e,2022-11-01 17:21:41.217408,-0.06,-0.70,0.71,1.28,1.83,2.38,-4.76,44.91,-20.84,1
e,2022-11-01 17:21:41.217560,-0.06,-0.70,0.71,1.28,1.89,2.56,-4.76,44.91,-20.84,1
e,2022-11-01 17:21:41.217715,-0.06,-0.70,0.71,1.22,1.83,2.38,-4.76,44.91,-20.84,1
e,2022-11-01 17:21:41.217868,-0.06,-0.70,0.71,1.28,1.89,2.50,-4.47,44.89,-20.15,1
e,2022-11-01 17:21:41.218016,-0.06,-0.70,0.71,1.28,1.77,2.38,-4.47,44.89,-20.15,1
e,2022-11-01 17:21:41.218171,-0.06,-0.70,0.71,1.34,1.95,2.56,-4.47,44.89,-20.15,1
e,2022-11-01 17:21:41.218321,-0.06,-0.70,0.71,1.04,1.77,2.32,-4.06,44.95,-21.45,1
e,2022-11-01 17:21:41.218475,-0.06,-0.70,0.71,1.34,1.71,2.38,-4.06,44.95,-21.45,1
e,2022-11-01 17:21:41.218623,-0.06,-0.70,0.71,1.34,1.89,2.50,-4.06,44.95,-21.45,1
e,2022-11-01 17:21:41.218776,-0.06,-0.70,0.71,1.10,1.83,2.20,-4.36,44.07,-20.68,1
e,2022-11-01 17:21:41.218933,-0.06,-0.70,0.71,1.46,1.89,2.56,-4.36,44.07,-20.68,1
e,2022-11-01 17:21:41.219084,-0.06,-0.70,0.71,1.16,1.83,2.32,-4.22,44.91,-18.53,1
e,2022-11-01 17:21:41.219237,-0.06,-0.70,0.71,1.28,1.83,2.38,-4.22,44.91,-18.53,1
e,2022-11-01 17:21:41.219386,-0.06,-0.70,0.71,1.34,1.71,2.69,-4.22,44.91,-18.53,1
e,2022-11-01 17:21:41.219536,-0.06,-0.70,0.71,1.16,1.95,2.44,-4.26,45.30,-20.73,1
e,2022-11-01 17:21:41.219691,-0.06,-0.70,0.71,1.28,1.83,2.50,-4.26,45.30,-20.73,1
e,2022-11-01 17:21:41.219841,-0.06,-0.70,0.71,1.34,1.83,2.44,-4.26,45.30,-20.73,1
e,2022-11-01 17:21:41.219994,-0.06,-0.70,0.71,1.10,1.77,2.50,-3.83,44.70,-20.68,1
e,2022-11-01 17:21:41.220145,-0.06,-0.70,0.71,1.22,1.89,2.44,-3.83,44.70,-20.68,1
e,2022-11-01 17:21:41.220299,-0.06,-0.70,0.71,1.16,1.83,2.32,-3.83,44.70,-20.68,1
e,2022-11-01 17:21:41.220448,-0.06,-0.70,0.71,1.10,1.77,2.44,-4.11,44.93,-19.67,1
e,2022-11-01 17:21:41.220598,-0.06,-0.70,0.71,1.22,1.89,2.50,-4.11,44.93,-19.67,1
e,2022-11-01 17:21:41.220754,-0.06,-0.70,0.71,1.40,1.83,2.50,-3.89,45.14,-20.25,1
e,2022-11-01 17:21:41.220907,-0.06,-0.70,0.71,1.16,1.77,2.26,-3.89,45.14,-20.25,1
e,2022-11-01 17:21:41.221064,-0.06,-0.70,0.71,1.40,1.77,2.44,-3.89,45.14,-20.25,1
e,2022-11-01 17:21:41.221217,-0.06,-0.70,0.71,1.46,1.77,2.56,-3.92,44.87,-20.08,1
e,2022-11-01 17:21:41.221373,-0.06,-0.70,0.71,1.28,1.89,2.44,-3.92,44.87,-20.08,1
e,2022-11-01 17:21:41.221526,-0.06,-0.70,0.71,1.28,1.83,2.50,-3.92,44.87,-20.08,1
e,2022-11-01 17:21:41.221679,-0.06,-0.70,0.71,1.16,1.83,2.26,-4.17,44.82,-20.31,1
e,2022-11-01 17:21:41.221837,-0.06,-0.70,0.71,1.16,1.83,2.44,-4.17,44.82,-20.31,1
e,2022-11-01 17:21:41.221990,-0.06,-0.70,0.71,0.98,1.83,2.50,-4.17,44.82,-20.31,1
e,2022-11-01 17:21:41.222145,-0.06,-0.70,0.71,1.34,1.71,2.38,-4.26,45.35,-21.37,1
e,2022-11-01 17:21:41.222298,-0.06,-0.70,0.71,1.34,1.83,2.44,-4.26,45.35,-21.37,1
e,2022-11-01 17:21:41.222452,-0.06,-0.70,0.71,1.34,1.77,2.44,-4.14,44.95,-20.18,1
e,2022-11-01 17:21:41.222612,-0.06,-0.70,0.71,1.34,1.89,2.38,-4.14,44.95,-20.18,1
e,2022-11-01 17:21:41.222765,-0.06,-0.70,0.71,1.22,1.77,2.44,-4.14,44.95,-20.18,1
e,2022-11-01 17:21:41.222926,-0.06,-0.70,0.71,1.34,1.77,2.62,-3.99,44.91,-19.95,1
e,2022-11-01 17:21:41.223075,-0.06,-0.70,0.71,1.28,1.89,2.56,-3.99,44.91,-19.95,1
e,2022-11-01 17:21:41.223226,-0.06,-0.70,0.71,1.22,1.95,2.32,-3.99,44.91,-19.95,1
e,2022-11-01 17:21:41.223380,-0.06,-0.70,0.71,1.22,1.89,2.32,-4.35,45.08,-20.62,1
e,2022-11-01 17:21:41.223531,-0.06,-0.70,0.71,1.40,1.77,2.44,-4.35,45.08,-20.62,1
e,2022-11-01 17:21:41.223687,-0.06,-0.70,0.71,1.40,1.89,2.44,-4.35,45.08,-20.62,1
e,2022-11-01 17:21:41.223840,-0.06,-0.70,0.71,1.22,1.83,2.20,-3.83,45.06,-20.80,1
e,2022-11-01 17:21:41.223995,-0.06,-0.70,0.71,1.22,1.71,2.44,-3.83,45.06,-20.80,1
e,2022-11-01 17:21:41.224148,-0.06,-0.70,0.71,1.16,1.83,2.44,-3.97,45.13,-20.47,1
e,2022-11-01 17:21:41.224301,-0.06,-0.70,0.71,1.04,1.77,2.38,-3.97,45.13,-20.47,1
e,2022-11-01 17:21:41.224458,-0.06,-0.70,0.71,1.40,1.83,2.50,-3.97,45.13,-20.47,1
e,2022-11-01 17:21:41.224611,-0.06,-0.70,0.71,1.46,1.77,2.32,-4.14,45.26,-21.20,1
e,2022-11-01 17:21:41.224771,-0.06,-0.70,0.71,1.16,1.65,2.38,-4.14,45.26,-21.20,1
e,2022-11-01 17:21:41.224925,-0.06,-0.70,0.71,1.28,1.89,2.38,-4.14,45.26,-21.20,1
e,2022-11-01 17:21:41.225077,-0.06,-0.70,0.71,1.10,1.89,2.38,-4.35,44.76,-21.14,1
e,2022-11-01 17:21:41.225232,-0.06,-0.70,0.71,1.22,1.71,2.56,-4.35,44.76,-21.14,1
e,2022-11-01 17:21:41.225382,-0.06,-0.70,0.71,1.22,2.08,2.44,-4.35,44.76,-21.14,1
e,2022-11-01 17:21:41.225541,-0.06,-0.70,0.71,1.22,1.83,2.50,-4.30,45.07,-20.70,1
e,2022-11-01 17:21:41.225692,-0.06,-0.70,0.71,1.16,1.89,2.50,-4.30,45.07,-20.70,1
e,2022-11-01 17:21:41.225844,-0.06,-0.70,0.71,1.34,1.95,2.44,-3.81,45.10,-19.85,1
e,2022-11-01 17:21:41.226015,-0.06,-0.70,0.71,1.10,2.01,2.32,-3.81,45.10,-19.85,1
e,2022-11-01 17:21:41.226169,-0.06,-0.70,0.71,1.22,1.83,2.38,-3.81,45.10,-19.85,1
e,2022-11-01 17:21:41.226343,-0.06,-0.70,0.71,1.28,1.95,2.50,-3.97,44.75,-21.64,1
e,2022-11-01 17:21:41.226495,-0.06,-0.70,0.71,1.34,1.77,2.50,-3.97,44.75,-21.64,1
e,2022-11-01 17:21:41.226660,-0.06,-0.70,0.71,1.34,1.95,2.62,-3.97,44.75,-21.64,1
e,2022-11-01 17:21:41.226814,-0.06,-0.70,0.71,1.16,2.08,2.44,-3.63,45.37,-21.18,1
e,2022-11-01 17:21:41.226967,-0.06,-0.70,0.71,1.34,1.83,2.69,-3.63,45.37,-21.18,1
e,2022-11-01 17:21:41.227130,-0.06,-0.70,0.71,1.28,1.89,2.50,-3.63,45.37,-21.18,1
e,2022-11-01 17:21:41.227282,-0.06,-0.70,0.71,1.16,1.83,2.38,-4.64,44.93,-19.79,1
e,2022-11-01 17:21:41.227440,-0.06,-0.70,0.71,1.34,1.89,2.50,-4.64,44.93,-19.79,1
e,2022-11-01 17:21:41.227592,-0.06,-0.70,0.71,1.28,1.89,2.50,-3.91,44.68,-20.21,1
e,2022-11-01 17:21:41.227745,-0.06,-0.70,0.71,1.22,1.89,2.44,-3.91,44.68,-20.21,1
e,2022-11-01 17:21:41.227908,-0.06,-0.70,0.71,1.22,1.83,2.56,-3.91,44.68,-20.21,1
e,2022-11-01 17:21:41.228062,-0.06,-0.70,0.71,1.28,1.89,2.38,-3.53,44.76,-21.81,1
e,2022-11-01 17:21:41.228230,-0.06,-0.70,0.71,1.16,1.83,2.26,-3.53,44.76,-21.81,1
e,2022-11-01 17:21:41.228385,-0.06,-0.70,0.71,1.28,1.83,2.44,-3.53,44.76,-21.81,1
e,2022-11-01 17:21:41.228545,-0.06,-0.70,0.71,1.16,1.71,2.44,-3.82,44.85,-20.15,1
e,2022-11-01 17:21:41.228698,-0.06,-0.70,0.71,1.46,1.71,2.50,-3.82,44.85,-20.15,1
e,2022-11-01 17:21:41.228852,-0.06,-0.70,0.71,1.34,1.83,2.44,-3.82,44.85,-20.15,1
e,2022-11-01 17:21:41.229010,-0.06,-0.70,0.71,0.85,1.77,2.32,-3.76,45.21,-21.12,1
e,2022-11-01 17:21:41.229163,-0.06,-0.70,0.71,1.40,1.71,2.56,-3.76,45.21,-21.12,1
e,2022-11-01 17:21:41.229326,-0.06,-0.70,0.71,1.40,1.83,2.56,-3.69,45.43,-20.53,1
e,2022-11-01 17:21:41.229481,-0.06,-0.70,0.71,1.22,1.71,2.56,-3.69,45.43,-20.53,1
e,2022-11-01 17:21:41.229638,-0.06,-0.70,0.71,1.28,1.71,2.69,-3.69,45.43,-20.53,1
e,2022-11-01 17:21:41.229797,-0.06,-0.70,0.71,1.34,1.77,2.44,-3.93,45.03,-21.63,1
e,2022-11-01 17:21:41.229950,-0.06,-0.70,0.71,0.85,1.83,2.44,-3.93,45.03,-21.63,1
e,2022-11-01 17:21:41.230104,-0.06,-0.70,0.71,1.28,1.83,2.56,-3.93,45.03,-21.63,1
e,2022-11-01 17:21:41.230256,-0.06,-0.70,0.71,1.46,1.71,2.44,-3.75,44.86,-21.29,1
e,2022-11-01 17:21:41.230413,-0.06,-0.70,0.71,1.22,1.89,2.32,-3.75,44.86,-21.29,1
e,2022-11-01 17:21:41.230563,-0.06,-0.70,0.71,1.22,1.83,2.44,-3.75,44.86,-21.29,1
e,2022-11-01 17:21:41.230713,-0.06,-0.70,0.71,0.98,1.83,2.26,-3.74,45.20,-20.46,1
e,2022-11-01 17:21:41.230869,-0.06,-0.70,0.71,1.22,1.83,2.44,-3.74,45.20,-20.46,1
e,2022-11-01 17:21:41.231020,-0.06,-0.70,0.71,1.22,1.95,2.44,-3.89,44.89,-20.84,1
e,2022-11-01 17:21:41.231176,-0.06,-0.70,0.71,1.28,1.89,2.50,-3.89,44.89,-20.84,1
e,2022-11-01 17:21:41.231326,-0.06,-0.70,0.71,1.16,2.01,2.50,-3.89,44.89,-20.84,1
e,2022-11-01 17:21:41.231477,-0.06,-0.70,0.71,1.34,1.71,2.38,-3.75,44.43,-20.95,1
e,2022-11-01 17:21:41.231634,-0.06,-0.70,0.71,1.34,1.77,2.38,-3.75,44.43,-20.95,1
e,2022-11-01 17:21:41.231784,-0.06,-0.70,0.71,1.10,1.83,2.38,-3.75,44.43,-20.95,1
e,2022-11-01 17:21:41.231942,-0.06,-0.70,0.71,1.28,1.59,2.32,-3.89,45.35,-20.53,1
e,2022-11-01 17:21:41.232092,-0.06,-0.70,0.71,1.34,1.83,2.56,-3.89,45.35,-20.53,1
e,2022-11-01 17:21:41.232245,-0.06,-0.70,0.71,1.46,1.71,2.50,-3.89,45.35,-20.53,1
e,2022-11-01 17:21:41.232402,-0.06,-0.70,0.71,1.34,1.65,2.38,-4.30,45.62,-20.09,1
e,2022-11-01 17:21:41.232552,-0.06,-0.70,0.71,1.40,1.83,2.56,-4.30,45.62,-20.09,1
e,2022-11-01 17:21:41.232709,-0.06,-0.70,0.71,1.22,1.89,2.50,-4.17,45.03,-19.49,1
e,2022-11-01 17:21:41.232859,-0.06,-0.70,0.71,1.16,1.83,2.26,-4.17,45.03,-19.49,1
e,2022-11-01 17:21:41.233013,-0.06,-0.70,0.71,1.22,1.83,2.44,-4.17,45.03,-19.49,1
e,2022-11-01 17:21:41.233162,-0.06,-0.70,0.71,1.16,1.71,2.50,-4.15,45.53,-20.02,1
e,2022-11-01 17:21:41.233311,-0.06,-0.70,0.71,1.22,1.95,2.44,-4.15,45.53,-20.02,1
e,2022-11-01 17:21:41.233469,-0.06,-0.70,0.71,1.28,1.89,2.44,-4.15,45.53,-20.02,1
e,2022-11-01 17:21:41.233619,-0.06,-0.70,0.71,1.34,1.71,2.32,-4.20,44.79,-20.72,1
e,2022-11-01 17:21:41.233773,-0.06,-0.70,0.71,1.16,1.77,2.26,-4.20,44.79,-20.72,1
e,2022-11-01 17:21:41.233925,-0.06,-0.70,0.71,1.40,1.89,2.44,-4.20,44.79,-20.72,1
e,2022-11-01 17:21:41.234076,-0.06,-0.70,0.71,1.22,1.95,2.38,-3.69,45.73,-20.08,1
e,2022-11-01 17:21:41.234231,-0.06,-0.70,0.71,1.28,1.89,2.50,-3.69,45.73,-20.08,1
e,2022-11-01 17:21:41.234383,-0.06,-0.70,0.71,1.34,1.71,2.44,-4.24,45.76,-19.59,1
e,2022-11-01 17:21:41.234542,-0.06,-0.70,0.71,1.16,2.08,2.32,-4.24,45.76,-19.59,1
e,2022-11-01 17:21:41.234696,-0.06,-0.70,0.71,1.10,1.83,2.56,-4.24,45.76,-19.59,1
e,2022-11-01 17:21:41.234851,-0.06,-0.70,0.71,1.10,1.77,2.26,-4.14,45.43,-20.89,1
e,2022-11-01 17:21:41.235009,-0.06,-0.70,0.71,1.40,1.83,2.44,-4.14,45.43,-20.89,1
e,2022-11-01 17:21:41.235160,-0.06,-0.70,0.71,1.28,1.83,2.50,-4.14,45.43,-20.89,1
e,2022-11-01 17:21:41.235316,-0.06,-0.70,0.71,1.22,1.65,2.32,-4.13,45.03,-21.47,1
e,2022-11-01 17:21:41.235467,-0.06,-0.70,0.71,1.22,1.83,2.62,-4.13,45.03,-21.47,1
e,2022-11-01 17:21:41.235620,-0.06,-0.70,0.71,1.46,1.77,2.44,-4.13,45.03,-21.47,1
e,2022-11-01 17:21:41.235771,-0.06,-0.70,0.71,1.22,1.71,2.38,-3.96,44.91,-21.39,1
e,2022-11-01 17:21:41.235924,-0.06,-0.70,0.71,1.28,1.77,2.44,-3.96,44.91,-21.39,1
e,2022-11-01 17:21:41.236080,-0.06,-0.70,0.71,1.28,1.65,2.44,-3.83,45.26,-19.32,1
e,2022-11-01 17:21:41.236231,-0.06,-0.70,0.71,1.16,1.71,2.44,-3.83,45.26,-19.32,1
e,2022-11-01 17:21:41.236389,-0.06,-0.70,0.71,1.22,1.77,2.50,-3.83,45.26,-19.32,1
e,2022-11-01 17:21:41.236541,-0.06,-0.70,0.71,1.16,1.89,2.44,-3.94,45.12,-20.29,1
e,2022-11-01 17:21:41.236691,-0.06,-0.70,0.71,1.28,1.95,2.44,-3.94,45.12,-20.29,1
e,2022-11-01 17:21:41.236848,-0.06,-0.70,0.71,1.16,1.77,2.38,-3.94,45.12,-20.29,1
e,2022-11-01 17:21:41.237001,-0.06,-0.70,0.71,1.28,1.89,2.38,-4.00,45.13,-20.76,1
e,2022-11-01 17:21:41.237156,-0.06,-0.70,0.71,1.28,2.01,2.44,-4.00,45.13,-20.76,1
e,2022-11-01 17:21:41.237306,-0.06,-0.70,0.71,1.28,1.89,2.44,-4.00,45.13,-20.76,1
e,2022-11-01 17:21:41.237457,-0.06,-0.70,0.71,1.16,1.89,2.44,-4.38,45.29,-20.37,1
e,2022-11-01 17:21:41.237612,-0.06,-0.70,0.71,1.34,1.83,2.56,-4.38,45.29,-20.37,1
e,2022-11-01 17:21:41.237763,-0.06,-0.70,0.71,1.16,1.95,2.44,-3.91,45.12,-19.73,1
e,2022-11-01 17:21:41.237920,-0.06,-0.70,0.71,1.28,1.89,2.44,-3.91,45.12,-19.73,1
e,2022-11-01 17:21:41.238071,-0.06,-0.70,0.71,1.28,1.77,2.38,-3.91,45.12,-19.73,1
e,2022-11-01 17:21:41.238224,-0.06,-0.70,0.71,1.16,1.77,2.44,-4.13,44.98,-19.87,1
e,2022-11-01 17:21:41.238377,-0.06,-0.70,0.71,1.40,1.83,2.44,-4.13,44.98,-19.87,1
e,2022-11-01 17:21:41.238529,-0.06,-0.70,0.71,1.28,1.83,2.50,-4.13,44.98,-19.87,1
e,2022-11-01 17:21:41.238684,-0.06,-0.70,0.71,1.16,1.77,2.38,-3.70,44.67,-19.74,1
e,2022-11-01 17:21:41.238835,-0.06,-0.70,0.71,1.40,1.89,2.32,-3.70,44.67,-19.74,1
e,2022-11-01 17:21:41.239001,-0.06,-0.70,0.71,1.22,2.01,2.44,-3.70,44.67,-19.74,1
e,2022-11-01 17:21:41.239153,-0.06,-0.70,0.71,1.22,1.83,2.44,-3.38,44.51,-20.64,1
e,2022-11-01 17:21:41.239306,-0.06,-0.70,0.71,1.34,1.83,2.38,-3.38,44.51,-20.64,1
e,2022-11-01 17:21:41.239463,-0.06,-0.70,0.71,1.28,1.89,2.38,-3.38,45.06,-20.75,1
e,2022-11-01 17:21:41.239615,-0.06,-0.70,0.71,1.22,1.83,2.32,-3.38,45.06,-20.75,1
e,2022-11-01 17:21:41.239773,-0.06,-0.70,0.71,1.28,1.89,2.44,-3.38,45.06,-20.75,1
e,2022-11-01 17:21:41.239926,-0.06,-0.70,0.71,1.16,1.89,2.44,-3.74,44.87,-20.10,1
e,2022-11-01 17:21:41.240079,-0.06,-0.70,0.71,1.22,1.89,2.44,-3.74,44.87,-20.10,1
e,2022-11-01 17:21:41.240237,-0.06,-0.70,0.71,1.28,1.77,2.38,-3.74,44.87,-20.10,1
e,2022-11-01 17:21:41.240386,-0.06,-0.70,0.71,1.10,1.83,2.32,-4.32,44.70,-19.79,1
e,2022-11-01 17:21:41.240545,-0.06,-0.70,0.71,1.34,1.89,2.32,-4.32,44.70,-19.79,1
e,2022-11-01 17:21:41.240697,-0.06,-0.70,0.71,1.16,1.71,2.32,-4.32,44.70,-19.79,1
e,2022-11-01 17:21:41.240851,-0.06,-0.70,0.71,1.16,1.77,2.20,-4.24,44.60,-19.48,1
e,2022-11-01 17:21:41.241013,-0.06,-0.70,0.71,1.22,1.83,2.38,-4.24,44.60,-19.48,1
e,2022-11-01 17:21:41.241166,-0.06,-0.70,0.71,1.16,1.89,2.50,-3.65,44.42,-21.13,1
e,2022-11-01 17:21:41.241322,-0.06,-0.70,0.71,1.28,1.83,2.38,-3.65,44.42,-21.13,1
e,2022-11-01 17:21:41.241474,-0.06,-0.70,0.71,1.16,1.71,2.44,-3.65,44.42,-21.13,1
e,2022-11-01 17:21:41.246636,-0.06,-0.70,0.71,1.28,1.95,2.32,-4.16,45.01,-20.61,1
e,2022-11-01 17:21:41.246796,-0.06,-0.70,0.71,1.10,1.89,2.50,-4.16,45.01,-20.61,1
e,2022-11-01 17:21:41.246948,-0.06,-0.70,0.71,1.34,1.89,2.44,-4.16,45.01,-20.61,1
e,2022-11-01 17:21:41.247111,-0.06,-0.70,0.71,1.22,2.01,2.26,-3.99,44.45,-19.37,1
e,2022-11-01 17:21:41.247264,-0.06,-0.70,0.71,1.40,1.77,2.56,-3.99,44.45,-19.37,1
e,2022-11-01 17:21:41.247418,-0.06,-0.70,0.71,1.22,1.89,2.38,-3.99,44.45,-19.37,1
e,2022-11-01 17:21:41.247579,-0.06,-0.70,0.71,1.04,1.71,2.32,-3.77,44.76,-20.75,1
e,2022-11-01 17:21:41.247732,-0.06,-0.70,0.71,1.34,1.95,2.44,-3.77,44.76,-20.75,1
e,2022-11-01 17:21:41.247898,-0.06,-0.70,0.71,1.40,1.95,2.50,-3.76,45.36,-20.57,1
e,2022-11-01 17:21:41.248052,-0.06,-0.70,0.71,1.04,1.89,2.32,-3.76,45.36,-20.57,1
e,2022-11-01 17:21:41.248215,-0.06,-0.70,0.71,1.34,1.95,2.50,-3.76,45.36,-20.57,1
e,2022-11-01 17:21:41.248370,-0.06,-0.70,0.71,1.22,2.08,2.50,-3.37,45.34,-19.35,1
e,2022-11-01 17:21:41.248526,-0.06,-0.70,0.71,1.34,1.83,2.50,-3.37,45.34,-19.35,1
e,2022-11-01 17:21:41.248684,-0.06,-0.70,0.71,1.22,1.95,2.50,-3.37,45.34,-19.35,1
e,2022-11-01 17:21:41.248836,-0.06,-0.70,0.71,1.22,1.89,2.50,-3.71,45.36,-21.02,1
e,2022-11-01 17:21:41.249003,-0.06,-0.70,0.71,1.28,2.01,2.56,-3.71,45.36,-21.02,1
e,2022-11-01 17:21:41.249156,-0.06,-0.70,0.71,1.40,1.89,2.50,-3.71,45.36,-21.02,1
e,2022-11-01 17:21:41.249308,-0.06,-0.70,0.71,1.28,1.77,2.44,-3.89,45.24,-20.86,1
e,2022-11-01 17:21:41.249466,-0.06,-0.70,0.71,1.34,2.01,2.56,-3.89,45.24,-20.86,1
e,2022-11-01 17:21:41.249620,-0.06,-0.70,0.71,1.34,1.83,2.44,-4.13,44.97,-19.96,1
e,2022-11-01 17:21:41.249779,-0.06,-0.70,0.71,1.16,1.89,2.38,-4.13,44.97,-19.96,1
e,2022-11-01 17:21:41.249930,-0.06,-0.70,0.71,1.34,2.01,2.32,-4.13,44.97,-19.96,1
e,2022-11-01 17:21:41.250082,-0.06,-0.70,0.71,1.28,1.71,2.44,-3.38,45.37,-19.82,1
e,2022-11-01 17:21:41.250237,-0.06,-0.70,0.71,1.28,1.95,2.56,-3.38,45.37,-19.82,1
e,2022-11-01 17:21:41.250391,-0.06,-0.70,0.71,1.22,2.01,2.56,-3.38,45.37,-19.82,1
e,2022-11-01 17:21:41.250547,-0.06,-0.70,0.71,1.28,1.95,2.38,-3.21,44.59,-19.42,1
e,2022-11-01 17:21:41.250701,-0.06,-0.70,0.71,1.10,1.95,2.38,-3.21,44.59,-19.42,1
e,2022-11-01 17:21:41.250858,-0.06,-0.70,0.71,1.28,1.83,2.44,-3.21,44.59,-19.42,1
e,2022-11-01 17:21:41.251008,-0.06,-0.70,0.71,0.92,1.89,2.38,-3.33,45.07,-20.02,1
e,2022-11-01 17:21:41.251159,-0.06,-0.70,0.71,1.22,1.89,2.44,-3.33,45.07,-20.02,1
e,2022-11-01 17:21:41.251315,-0.06,-0.70,0.71,1.10,1.89,2.32,-4.16,44.40,-20.69,1
e,2022-11-01 17:21:41.251464,-0.06,-0.70,0.71,1.10,1.95,2.56,-4.16,44.40,-20.69,1
e,2022-11-01 17:21:41.251620,-0.06,-0.70,0.71,1.28,1.95,2.32,-4.16,44.40,-20.69,1
e,2022-11-01 17:21:41.251771,-0.06,-0.70,0.71,1.16,1.95,2.32,-3.76,45.02,-19.90,1
e,2022-11-01 17:21:41.251922,-0.06,-0.70,0.71,1.28,1.77,2.38,-3.76,45.02,-19.90,1
e,2022-11-01 17:21:41.252079,-0.06,-0.70,0.71,1.28,1.95,2.50,-3.76,45.02,-19.90,1
e,2022-11-01 17:21:41.252229,-0.06,-0.70,0.71,1.22,1.83,2.50,-3.98,45.31,-20.56,1
e,2022-11-01 17:21:41.252385,-0.06,-0.70,0.71,1.16,1.83,2.38,-3.98,45.31,-20.56,1
e,2022-11-01 17:21:41.252537,-0.06,-0.70,0.71,1.28,1.77,2.38,-3.98,45.31,-20.56,1
e,2022-11-01 17:21:41.252689,-0.06,-0.70,0.71,1.04,1.95,2.20,-4.00,45.43,-19.47,1
e,2022-11-01 17:21:41.252845,-0.06,-0.70,0.71,1.28,2.01,2.50,-4.00,45.43,-19.47,1
e,2022-11-01 17:21:41.252995,-0.06,-0.70,0.71,1.22,1.89,2.50,-3.50,44.70,-19.45,1
e,2022-11-01 17:21:41.253152,-0.06,-0.70,0.71,1.34,1.95,2.56,-3.50,44.70,-19.45,1
e,2022-11-01 17:21:41.253306,-0.06,-0.70,0.71,1.10,1.95,2.38,-3.50,44.70,-19.45,1
e,2022-11-01 17:21:41.253463,-0.06,-0.70,0.71,1.04,2.01,2.50,-3.43,44.63,-20.63,1
e,2022-11-01 17:21:41.253615,-0.06,-0.70,0.71,1.10,1.83,2.32,-3.43,44.63,-20.63,1
e,2022-11-01 17:21:41.253763,-0.06,-0.70,0.71,1.28,1.89,2.56,-3.43,44.63,-20.63,1
e,2022-11-01 17:21:41.253921,-0.06,-0.70,0.71,1.10,2.08,2.44,-3.44,44.63,-19.41,1
e,2022-11-01 17:21:41.254072,-0.06,-0.70,0.71,1.16,1.77,2.50,-3.44,44.63,-19.41,1
e,2022-11-01 17:21:41.254225,-0.06,-0.70,0.71,1.10,1.83,2.50,-3.44,44.63,-19.41,1
e,2022-11-01 17:21:41.254376,-0.06,-0.70,0.71,1.34,1.83,2.26,-3.92,44.48,-20.00,1
e,2022-11-01 17:21:41.254526,-0.06,-0.70,0.71,1.16,2.08,2.38,-3.92,44.48,-20.00,1
e,2022-11-01 17:21:41.254679,-0.06,-0.70,0.71,1.04,1.89,2.56,-3.67,44.82,-20.61,1
e,2022-11-01 17:21:41.254830,-0.06,-0.70,0.71,1.16,1.95,2.32,-3.67,44.82,-20.61,1
e,2022-11-01 17:21:41.254984,-0.06,-0.70,0.71,1.22,1.95,2.32,-3.67,44.82,-20.61,1
e,2022-11-01 17:21:41.255137,-0.06,-0.70,0.71,1.22,1.95,2.50,-3.56,44.90,-20.90,1
e,2022-11-01 17:21:41.255298,-0.06,-0.70,0.71,1.10,1.83,2.32,-3.56,44.90,-20.90,1
e,2022-11-01 17:21:41.255453,-0.06,-0.70,0.71,1.16,1.95,2.38,-3.56,44.90,-20.90,1
e,2022-11-01 17:21:41.255613,-0.06,-0.70,0.71,1.22,1.71,2.50,-3.72,44.46,-20.70,1
e,2022-11-01 17:21:41.255773,-0.06,-0.70,0.71,1.16,1.95,2.38,-3.72,44.46,-20.70,1
e,2022-11-01 17:21:41.255929,-0.06,-0.70,0.71,1.28,1.83,2.56,-3.72,44.46,-20.70,1
e,2022-11-01 17:21:41.256090,-0.06,-0.70,0.71,1.04,1.83,2.44,-3.26,44.63,-20.10,1
e,2022-11-01 17:21:41.256247,-0.06,-0.70,0.71,1.16,1.89,2.38,-3.26,44.63,-20.10,1
e,2022-11-01 17:21:41.256401,-0.06,-0.70,0.71,1.34,1.95,2.62,-3.42,44.96,-19.95,1
e,2022-11-01 17:21:41.256557,-0.06,-0.70,0.71,1.28,1.83,2.56,-3.42,44.96,-19.95,1
e,2022-11-01 17:21:41.256707,-0.06,-0.70,0.71,1.22,1.89,2.38,-3.42,44.96,-19.95,1
e,2022-11-01 17:21:41.256863,-0.06,-0.70,0.71,1.28,1.83,2.44,-3.60,44.87,-20.64,1
e,2022-11-01 17:21:41.257015,-0.06,-0.70,0.71,1.10,1.83,2.50,-3.60,44.87,-20.64,1
e,2022-11-01 17:21:41.257169,-0.06,-0.70,0.71,1.10,2.01,2.50,-3.60,44.87,-20.64,1
e,2022-11-01 17:21:41.257323,-0.06,-0.70,0.71,1.10,1.77,2.44,-3.93,45.03,-22.11,1
e,2022-11-01 17:21:41.257473,-0.06,-0.70,0.71,1.10,1.95,2.50,-3.93,45.03,-22.11,1
e,2022-11-01 17:21:41.257632,-0.06,-0.70,0.71,1.16,1.95,2.32,-3.93,45.03,-22.11,1
e,2022-11-01 17:21:41.257786,-0.06,-0.70,0.71,1.04,1.95,2.38,-3.53,44.79,-20.89,1
e,2022-11-01 17:21:41.257945,-0.06,-0.70,0.71,1.16,2.01,2.50,-3.53,44.79,-20.89,1
e,2022-11-01 17:21:41.258098,-0.06,-0.70,0.71,1.16,1.89,2.38,-4.25,44.52,-21.85,1
e,2022-11-01 17:21:41.258249,-0.06,-0.70,0.71,1.28,2.01,2.56,-4.25,44.52,-21.85,1
e,2022-11-01 17:21:41.258412,-0.06,-0.70,0.71,1.28,1.77,2.32,-4.25,44.52,-21.85,1
e,2022-11-01 17:21:41.258568,-0.06,-0.70,0.72,1.16,1.83,2.62,-4.10,44.74,-21.17,1
e,2022-11-01 17:21:41.258728,-0.06,-0.70,0.71,1.22,1.83,2.38,-4.10,44.74,-21.17,1
e,2022-11-01 17:21:41.258880,-0.06,-0.70,0.71,1.28,1.95,2.44,-4.10,44.74,-21.17,1
e,2022-11-01 17:21:41.259030,-0.06,-0.70,0.71,0.92,1.89,2.38,-3.88,44.31,-20.74,1
e,2022-11-01 17:21:41.259190,-0.06,-0.70,0.71,1.04,1.83,2.44,-3.88,44.31,-20.74,1
e,2022-11-01 17:21:41.259343,-0.06,-0.70,0.71,1.34,1.95,2.56,-3.88,44.31,-20.74,1
e,2022-11-01 17:21:41.259502,-0.06,-0.70,0.71,1.22,1.65,2.32,-3.36,44.52,-21.53,1
e,2022-11-01 17:21:41.259653,-0.06,-0.70,0.71,1.22,1.71,2.44,-3.36,44.52,-21.53,1
e,2022-11-01 17:21:41.259803,-0.06,-0.70,0.71,1.22,1.83,2.38,-3.65,44.93,-20.46,1
e,2022-11-01 17:21:41.259960,-0.06,-0.70,0.71,0.98,2.08,2.32,-3.65,44.93,-20.46,1
e,2022-11-01 17:21:41.260110,-0.06,-0.70,0.71,1.28,1.89,2.56,-3.65,44.93,-20.46,1
e,2022-11-01 17:21:41.260268,-0.06,-0.70,0.71,1.40,1.83,2.38,-3.55,45.00,-20.31,1
e,2022-11-01 17:21:41.260419,-0.06,-0.70,0.71,1.10,1.95,2.32,-3.55,45.00,-20.31,1
e,2022-11-01 17:21:41.260571,-0.06,-0.70,0.71,1.10,1.95,2.32,-3.55,45.00,-20.31,1
e,2022-11-01 17:21:41.260731,-0.06,-0.70,0.71,1.16,1.95,2.32,-3.63,45.14,-20.76,1
e,2022-11-01 17:21:41.260886,-0.06,-0.70,0.71,1.16,1.95,2.44,-3.63,45.14,-20.76,1
e,2022-11-01 17:21:41.261047,-0.06,-0.70,0.71,1.22,1.95,2.56,-3.63,45.14,-20.76,1
e,2022-11-01 17:21:41.261201,-0.06,-0.70,0.71,1.16,1.89,2.38,-4.17,45.21,-20.75,1
e,2022-11-01 17:21:41.261358,-0.06,-0.70,0.71,1.28,1.83,2.50,-4.17,45.21,-20.75,1
e,2022-11-01 17:21:41.261510,-0.06,-0.70,0.71,1.16,1.89,2.50,-3.89,45.42,-20.43,1
e,2022-11-01 17:21:41.261662,-0.06,-0.70,0.71,1.04,2.01,2.32,-3.89,45.42,-20.43,1
e,2022-11-01 17:21:41.261830,-0.06,-0.70,0.71,1.34,1.83,2.56,-3.89,45.42,-20.43,1
e,2022-11-01 17:21:41.261982,-0.06,-0.70,0.71,1.04,1.83,2.44,-3.87,45.45,-21.08,1
e,2022-11-01 17:21:41.262140,-0.06,-0.70,0.71,1.28,1.83,2.38,-3.87,45.45,-21.08,1
e,2022-11-01 17:21:41.262291,-0.06,-0.70,0.71,1.28,1.65,2.38,-3.87,45.45,-21.08,1
e,2022-11-01 17:21:41.262442,-0.06,-0.70,0.71,1.04,1.89,2.20,-3.93,45.24,-20.08,1
e,2022-11-01 17:21:41.262599,-0.06,-0.70,0.71,1.28,1.77,2.38,-3.93,45.24,-20.08,1
e,2022-11-01 17:21:41.262750,-0.06,-0.70,0.71,1.34,1.83,2.56,-3.93,45.24,-20.08,1
e,2022-11-01 17:21:41.262913,-0.06,-0.70,0.71,1.10,2.01,2.50,-3.53,45.56,-21.11,1
e,2022-11-01 17:21:41.263068,-0.06,-0.70,0.71,1.10,1.89,2.56,-3.53,45.56,-21.11,1
e,2022-11-01 17:21:41.263221,-0.06,-0.70,0.71,1.22,1.83,2.50,-3.45,46.08,-20.67,1
e,2022-11-01 17:21:41.263379,-0.06,-0.70,0.71,1.04,1.83,2.32,-3.45,46.08,-20.67,1
e,2022-11-01 17:21:41.263534,-0.06,-0.70,0.71,1.22,1.89,2.44,-3.45,46.08,-20.67,1
e,2022-11-01 17:21:41.263714,-0.06,-0.70,0.71,1.10,1.77,2.44,-3.96,45.31,-20.48,1
e,2022-11-01 17:21:41.263865,-0.06,-0.70,0.71,1.28,1.77,2.44,-3.96,45.31,-20.48,1
e,2022-11-01 17:21:41.264021,-0.06,-0.70,0.71,1.22,1.83,2.50,-3.96,45.31,-20.48,1
e,2022-11-01 17:21:41.264176,-0.06,-0.70,0.71,1.16,1.83,2.44,-3.74,44.97,-20.54,1
e,2022-11-01 17:21:41.264327,-0.06,-0.70,0.71,1.34,1.77,2.32,-3.74,44.97,-20.54,1
e,2022-11-01 17:21:41.264492,-0.06,-0.70,0.71,1.10,1.95,2.38,-3.74,44.97,-20.54,1
e,2022-11-01 17:21:41.264646,-0.06,-0.70,0.71,1.04,1.89,2.26,-4.13,45.28,-19.92,1
e,2022-11-01 17:21:41.264804,-0.06,-0.70,0.71,1.22,1.83,2.50,-4.13,45.28,-19.92,1
e,2022-11-01 17:21:41.264955,-0.06,-0.70,0.71,1.34,2.01,2.44,-4.31,45.20,-20.89,1
e,2022-11-01 17:21:41.265105,-0.06,-0.70,0.71,1.10,2.01,2.44,-4.31,45.20,-20.89,1
e,2022-11-01 17:21:41.265264,-0.06,-0.70,0.71,1.40,1.89,2.44,-4.31,45.20,-20.89,1
e,2022-11-01 17:21:41.265416,-0.06,-0.70,0.71,1.34,1.77,2.50,-4.42,45.12,-21.61,1
e,2022-11-01 17:21:41.265575,-0.06,-0.70,0.71,1.10,1.89,2.38,-4.42,45.12,-21.61,1
e,2022-11-01 17:21:41.265729,-0.06,-0.70,0.71,1.16,1.95,2.44,-4.42,45.12,-21.61,1
e,2022-11-01 17:21:41.265882,-0.06,-0.70,0.71,1.16,1.83,2.56,-4.03,45.08,-20.54,1
e,2022-11-01 17:21:41.266040,-0.06,-0.70,0.71,1.34,1.89,2.44,-4.03,45.08,-20.54,1
e,2022-11-01 17:21:41.266194,-0.06,-0.70,0.71,1.40,1.83,2.50,-4.03,45.08,-20.54,1
e,2022-11-01 17:21:41.266361,-0.06,-0.70,0.71,1.28,1.65,2.32,-3.61,45.36,-20.86,1
e,2022-11-01 17:21:41.266511,-0.06,-0.70,0.71,1.22,1.83,2.32,-3.61,45.36,-20.86,1
e,2022-11-01 17:21:41.266668,-0.06,-0.70,0.71,1.10,1.95,2.50,-3.91,45.26,-20.69,1
e,2022-11-01 17:21:41.266822,-0.06,-0.70,0.71,1.28,1.89,2.38,-3.91,45.26,-20.69,1
e,2022-11-01 17:21:41.266973,-0.06,-0.70,0.71,1.28,1.89,2.44,-3.91,45.26,-20.69,1
e,2022-11-01 17:21:41.267130,-0.06,-0.70,0.71,1.16,1.83,2.62,-3.66,45.02,-20.20,1
e,2022-11-01 17:21:41.267283,-0.06,-0.70,0.71,1.16,1.95,2.44,-3.66,45.02,-20.20,1
e,2022-11-01 17:21:41.267445,-0.06,-0.70,0.71,1.10,1.95,2.50,-3.66,45.02,-20.20,1
e,2022-11-01 17:21:41.267598,-0.06,-0.70,0.71,1.28,1.77,2.44,-3.64,45.31,-19.30,1
e,2022-11-01 17:21:41.267748,-0.06,-0.70,0.71,1.04,1.89,2.32,-3.64,45.31,-19.30,1
e,2022-11-01 17:21:41.267904,-0.06,-0.70,0.71,1.28,2.01,2.56,-3.64,45.31,-19.30,1
e,2022-11-01 17:21:41.268055,-0.06,-0.70,0.71,0.98,2.01,2.44,-3.93,44.62,-20.46,1
e,2022-11-01 17:21:41.268211,-0.06,-0.70,0.71,1.22,1.83,2.50,-3.93,44.62,-20.46,1
e,2022-11-01 17:21:41.268362,-0.06,-0.70,0.71,1.22,1.77,2.38,-4.60,44.81,-20.20,1
e,2022-11-01 17:21:41.268513,-0.06,-0.70,0.71,1.34,1.89,2.62,-4.60,44.81,-20.20,1
e,2022-11-01 17:21:41.268669,-0.06,-0.70,0.71,1.22,1.83,2.44,-4.60,44.81,-20.20,1
e,2022-11-01 17:21:41.268819,-0.06,-0.70,0.71,1.40,1.77,2.56,-3.94,44.49,-20.78,1
e,2022-11-01 17:21:41.268974,-0.06,-0.70,0.71,1.10,1.95,2.38,-3.94,44.49,-20.78,1
e,2022-11-01 17:21:41.269123,-0.06,-0.70,0.71,1.22,1.77,2.50,-3.94,44.49,-20.78,1
e,2022-11-01 17:21:41.269275,-0.06,-0.70,0.71,1.22,1.83,2.44,-3.59,44.95,-20.72,1
e,2022-11-01 17:21:41.269429,-0.06,-0.70,0.71,1.28,2.01,2.50,-3.59,44.95,-20.72,1
e,2022-11-01 17:21:41.269580,-0.06,-0.70,0.71,1.10,1.83,2.38,-3.59,44.95,-20.72,1
e,2022-11-01 17:21:41.269737,-0.06,-0.70,0.71,1.04,1.83,2.32,-3.99,45.04,-20.18,1
e,2022-11-01 17:21:41.269887,-0.06,-0.70,0.71,1.22,1.95,2.44,-3.99,45.04,-20.18,1
e,2022-11-01 17:21:41.270044,-0.06,-0.70,0.71,1.40,2.08,2.50,-3.28,44.81,-20.31,1
e,2022-11-01 17:21:41.270197,-0.06,-0.70,0.71,1.22,2.01,2.44,-3.28,44.81,-20.31,1
e,2022-11-01 17:21:41.270349,-0.06,-0.70,0.71,1.04,1.89,2.44,-3.28,44.81,-20.31,1
e,2022-11-01 17:21:41.270511,-0.06,-0.70,0.72,1.10,1.83,2.38,-4.15,44.40,-20.02,1
e,2022-11-01 17:21:41.270668,-0.06,-0.70,0.71,1.28,1.83,2.50,-4.15,44.40,-20.02,1
e,2022-11-01 17:21:41.270825,-0.06,-0.70,0.71,1.10,1.77,2.26,-4.15,44.40,-20.02,1
e,2022-11-01 17:21:41.270983,-0.06,-0.70,0.71,1.04,1.77,2.38,-3.78,44.67,-19.68,1
e,2022-11-01 17:21:41.271135,-0.06,-0.70,0.71,1.28,1.83,2.44,-3.78,44.67,-19.68,1
e,2022-11-01 17:21:41.271291,-0.06,-0.70,0.71,1.22,1.77,2.44,-3.78,44.67,-19.68,1
e,2022-11-01 17:21:41.271449,-0.06,-0.70,0.71,0.92,1.77,2.26,-4.24,45.01,-20.61,1
e,2022-11-01 17:21:41.271607,-0.06,-0.70,0.71,0.98,1.95,2.38,-4.24,45.01,-20.61,1
e,2022-11-01 17:21:41.271762,-0.06,-0.70,0.71,1.46,1.83,2.44,-3.69,44.64,-19.85,1
e,2022-11-01 17:21:41.271922,-0.06,-0.70,0.71,1.16,1.59,2.38,-3.69,44.64,-19.85,1
e,2022-11-01 17:21:41.272080,-0.06,-0.70,0.71,1.28,1.83,2.56,-3.69,44.64,-19.85,1
e,2022-11-01 17:21:41.272244,-0.06,-0.70,0.71,1.22,1.83,2.44,-4.08,44.86,-20.52,1
e,2022-11-01 17:21:41.272401,-0.06,-0.70,0.71,1.34,2.01,2.44,-4.08,44.86,-20.52,1
e,2022-11-01 17:21:41.272559,-0.06,-0.70,0.71,1.22,1.89,2.62,-4.08,44.86,-20.52,1
e,2022-11-01 17:21:41.272724,-0.06,-0.70,0.71,1.10,1.83,2.44,-4.10,45.34,-20.70,1
e,2022-11-01 17:21:41.272880,-0.06,-0.70,0.71,1.04,1.89,2.56,-4.10,45.34,-20.70,1
e,2022-11-01 17:21:41.273043,-0.06,-0.70,0.71,1.40,1.77,2.50,-4.10,45.34,-20.70,1
e,2022-11-01 17:21:41.273202,-0.06,-0.70,0.71,1.22,1.83,2.50,-3.58,45.34,-19.93,1
e,2022-11-01 17:21:41.273359,-0.06,-0.70,0.71,1.22,1.89,2.50,-3.58,45.34,-19.93,1
e,2022-11-01 17:21:41.273521,-0.06,-0.70,0.71,1.28,1.89,2.56,-3.58,44.97,-19.91,1
e,2022-11-01 17:21:41.273679,-0.06,-0.70,0.71,0.98,2.01,2.26,-3.58,44.97,-19.91,1
e,2022-11-01 17:21:41.273842,-0.06,-0.70,0.71,1.22,2.01,2.56,-3.58,44.97,-19.91,1
e,2022-11-01 17:21:41.273998,-0.06,-0.70,0.71,1.16,1.89,2.62,-3.76,44.85,-21.08,1
e,2022-11-01 17:21:41.274158,-0.06,-0.70,0.71,1.10,1.77,2.32,-3.76,44.85,-21.08,1
e,2022-11-01 17:21:41.274315,-0.06,-0.70,0.71,1.22,1.77,2.38,-3.76,44.85,-21.08,1
e,2022-11-01 17:21:41.274470,-0.06,-0.70,0.71,1.10,1.71,2.38,-4.58,44.73,-20.23,1
e,2022-11-01 17:21:41.274630,-0.06,-0.70,0.71,1.28,1.71,2.38,-4.58,44.73,-20.23,1
e,2022-11-01 17:21:41.274785,-0.06,-0.70,0.71,1.40,1.77,2.50,-4.58,44.73,-20.23,1
e,2022-11-01 17:21:41.274943,-0.06,-0.70,0.71,1.28,1.59,2.38,-3.93,45.13,-20.07,1
e,2022-11-01 17:21:41.275105,-0.06,-0.70,0.71,1.04,1.83,2.44,-3.93,45.13,-20.07,1
e,2022-11-01 17:21:41.275262,-0.06,-0.70,0.71,1.22,1.77,2.32,-4.22,44.74,-20.75,1
e,2022-11-01 17:21:41.275416,-0.06,-0.70,0.71,1.22,1.77,2.26,-4.22,44.74,-20.75,1
e,2022-11-01 17:21:41.275576,-0.06,-0.70,0.71,1.04,1.83,2.32,-4.22,44.74,-20.75,1
e,2022-11-01 17:21:41.275731,-0.06,-0.70,0.71,1.10,1.95,2.44,-3.25,45.02,-20.68,1
e,2022-11-01 17:21:41.275886,-0.06,-0.70,0.71,0.92,1.89,2.32,-3.25,45.02,-20.68,1
e,2022-11-01 17:21:41.276042,-0.06,-0.70,0.71,0.98,1.95,2.44,-3.25,45.02,-20.68,1
e,2022-11-01 17:21:41.276200,-0.06,-0.70,0.71,1.16,1.89,2.38,-4.47,45.10,-19.21,1
e,2022-11-01 17:21:41.276352,-0.06,-0.70,0.71,1.59,1.77,2.62,-4.47,45.10,-19.21,1
e,2022-11-01 17:21:41.276502,-0.06,-0.70,0.71,1.22,1.89,2.44,-4.21,45.12,-19.70,1
e,2022-11-01 17:21:41.276659,-0.06,-0.70,0.71,1.22,1.89,2.44,-4.21,45.12,-19.70,1
e,2022-11-01 17:21:41.276812,-0.06,-0.70,0.71,1.22,1.77,2.32,-4.21,45.12,-19.70,1
e,2022-11-01 17:21:41.276969,-0.06,-0.70,0.71,1.34,1.89,2.38,-4.31,44.90,-19.63,1
e,2022-11-01 17:21:41.277120,-0.06,-0.70,0.71,1.34,1.83,2.56,-4.31,44.90,-19.63,1
e,2022-11-01 17:21:41.277288,-0.06,-0.70,0.71,1.16,1.95,2.38,-4.31,44.90,-19.63,1
e,2022-11-01 17:21:41.277438,-0.06,-0.70,0.71,1.04,1.89,2.50,-4.26,45.02,-20.68,1
e,2022-11-01 17:21:41.277589,-0.06,-0.70,0.71,1.22,1.89,2.44,-4.26,45.02,-20.68,1
e,2022-11-01 17:21:41.277744,-0.06,-0.70,0.71,1.16,1.95,2.32,-4.26,45.02,-20.68,1
e,2022-11-01 17:21:41.277894,-0.06,-0.70,0.71,1.22,1.95,2.44,-4.02,44.85,-20.01,1
e,2022-11-01 17:21:41.278050,-0.06,-0.70,0.71,1.16,2.08,2.50,-4.02,44.85,-20.01,1
e,2022-11-01 17:21:41.278202,-0.06,-0.70,0.71,1.16,1.77,2.50,-4.10,45.21,-20.31,1
e,2022-11-01 17:21:41.278352,-0.06,-0.70,0.71,1.22,1.65,2.38,-4.10,45.21,-20.31,1
e,2022-11-01 17:21:41.278517,-0.06,-0.70,0.71,1.28,1.89,2.38,-4.10,45.21,-20.31,1
e,2022-11-01 17:21:41.278669,-0.06,-0.70,0.71,1.16,1.83,2.44,-4.14,45.13,-21.61,1
e,2022-11-01 17:21:41.278826,-0.06,-0.70,0.71,1.22,1.77,2.56,-4.14,45.13,-21.61,1
e,2022-11-01 17:21:41.278978,-0.06,-0.70,0.71,1.22,1.95,2.50,-4.14,45.13,-21.61,1
e,2022-11-01 17:21:41.279130,-0.06,-0.70,0.71,1.10,1.95,2.38,-3.61,44.96,-20.42,1
e,2022-11-01 17:21:41.279290,-0.06,-0.70,0.71,1.16,1.95,2.38,-3.61,44.96,-20.42,1
e,2022-11-01 17:21:41.279443,-0.06,-0.70,0.71,1.16,1.83,2.44,-3.61,44.96,-20.42,1
e,2022-11-01 17:21:41.279603,-0.06,-0.70,0.71,0.92,1.77,2.26,-3.87,45.25,-20.10,1
e,2022-11-01 17:21:41.279756,-0.06,-0.70,0.71,1.16,1.89,2.50,-3.87,45.25,-20.10,1
e,2022-11-01 17:21:41.279908,-0.06,-0.70,0.71,1.28,1.83,2.44,-4.06,45.13,-20.19,1
e,2022-11-01 17:21:41.280065,-0.06,-0.70,0.71,0.98,1.95,2.38,-4.06,45.13,-20.19,1
e,2022-11-01 17:21:41.280218,-0.06,-0.70,0.71,1.22,1.89,2.44,-4.06,45.13,-20.19,1
e,2022-11-01 17:21:41.280375,-0.06,-0.70,0.71,1.22,1.89,2.44,-4.03,44.60,-21.11,1
e,2022-11-01 17:21:41.280526,-0.06,-0.70,0.71,1.34,1.89,2.56,-4.03,44.60,-21.11,1
e,2022-11-01 17:21:41.280679,-0.06,-0.70,0.71,1.16,1.83,2.32,-4.03,44.60,-21.11,1
e,2022-11-01 17:21:41.280837,-0.06,-0.70,0.71,1.16,1.65,2.38,-3.85,45.10,-20.26,1
e,2022-11-01 17:21:41.280989,-0.06,-0.70,0.71,1.16,1.83,2.44,-3.85,45.10,-20.26,1
e,2022-11-01 17:21:41.281145,-0.06,-0.70,0.71,1.10,1.71,2.38,-3.85,45.10,-20.26,1
e,2022-11-01 17:21:41.281296,-0.06,-0.70,0.71,1.16,1.77,2.26,-4.06,44.96,-19.87,1
e,2022-11-01 17:21:41.281448,-0.06,-0.70,0.71,1.53,1.95,2.56,-4.06,44.96,-19.87,1
e,2022-11-01 17:21:41.281602,-0.06,-0.70,0.71,1.04,1.95,2.26,-3.69,45.07,-20.13,1
e,2022-11-01 17:21:41.281754,-0.06,-0.70,0.71,1.22,1.59,2.38,-3.69,45.07,-20.13,1
e,2022-11-01 17:21:41.281911,-0.06,-0.70,0.71,1.16,1.83,2.44,-3.69,45.07,-20.13,1
e,2022-11-01 17:21:41.282064,-0.06,-0.70,0.71,0.98,1.95,2.32,-4.35,45.31,-20.19,1
e,2022-11-01 17:21:41.282221,-0.06,-0.70,0.71,1.10,1.95,2.38,-4.35,45.31,-20.19,1
e,2022-11-01 17:21:41.282374,-0.06,-0.70,0.71,1.16,1.83,2.50,-4.35,45.31,-20.19,1
e,2022-11-01 17:21:41.282528,-0.06,-0.70,0.72,1.16,1.83,2.38,-4.11,45.06,-20.73,1
e,2022-11-01 17:21:41.282686,-0.06,-0.70,0.71,1.16,1.95,2.62,-4.11,45.06,-20.73,1
e,2022-11-01 17:21:41.282838,-0.06,-0.70,0.71,1.10,1.71,2.20,-4.11,45.06,-20.73,1
e,2022-11-01 17:21:41.283002,-0.06,-0.70,0.71,1.04,1.77,2.38,-4.09,45.48,-19.60,1
e,2022-11-01 17:21:41.283156,-0.06,-0.70,0.71,1.16,1.95,2.26,-4.09,45.48,-19.60,1
e,2022-11-01 17:21:41.283308,-0.06,-0.70,0.71,0.98,1.89,2.44,-4.52,45.29,-20.00,1
e,2022-11-01 17:21:41.283466,-0.06,-0.70,0.71,0.85,1.89,2.38,-4.52,45.29,-20.00,1
e,2022-11-01 17:21:41.283617,-0.06,-0.70,0.71,1.16,1.71,2.38,-4.52,45.29,-20.00,1
e,2022-11-01 17:21:41.283775,-0.06,-0.70,0.72,1.10,1.83,2.26,-4.19,45.29,-20.52,1
e,2022-11-01 17:21:41.283927,-0.06,-0.70,0.71,0.98,1.95,2.38,-4.19,45.29,-20.52,1
e,2022-11-01 17:21:41.284081,-0.06,-0.70,0.71,1.10,1.95,2.32,-4.19,45.29,-20.52,1
e,2022-11-01 17:21:41.284239,-0.06,-0.70,0.72,1.16,1.71,2.44,-4.05,44.80,-20.61,1
e,2022-11-01 17:21:41.284392,-0.06,-0.70,0.71,1.22,2.01,2.32,-4.05,44.80,-20.61,1
e,2022-11-01 17:21:41.284554,-0.06,-0.70,0.71,1.16,1.89,2.38,-4.05,44.80,-20.61,1
e,2022-11-01 17:21:41.284705,-0.06,-0.70,0.71,0.98,1.71,2.20,-3.91,45.21,-19.81,1
e,2022-11-01 17:21:41.284871,-0.06,-0.70,0.71,1.16,1.89,2.50,-3.91,45.21,-19.81,1
e,2022-11-01 17:21:41.285022,-0.06,-0.70,0.71,1.16,1.83,2.38,-3.98,45.12,-19.69,1
e,2022-11-01 17:21:41.285173,-0.06,-0.70,0.71,1.10,1.71,2.26,-3.98,45.12,-19.69,1
e,2022-11-01 17:21:41.285331,-0.06,-0.70,0.71,1.28,1.83,2.50,-3.98,45.12,-19.69,1
e,2022-11-01 17:21:41.285484,-0.06,-0.70,0.71,1.16,1.95,2.26,-4.24,45.34,-20.86,1
e,2022-11-01 17:21:41.285643,-0.06,-0.70,0.71,1.16,1.89,2.20,-4.24,45.34,-20.86,1
e,2022-11-01 17:21:41.285796,-0.06,-0.70,0.71,1.04,1.77,2.56,-4.24,45.34,-20.86,1
e,2022-11-01 17:21:41.285949,-0.06,-0.70,0.71,1.04,1.71,2.26,-4.27,45.36,-21.37,1
e,2022-11-01 17:21:41.286106,-0.06,-0.70,0.71,1.10,1.95,2.44,-4.27,45.36,-21.37,1
e,2022-11-01 17:21:41.286260,-0.06,-0.70,0.71,1.10,1.83,2.32,-4.27,45.36,-21.37,1
e,2022-11-01 17:21:41.286437,-0.06,-0.70,0.71,1.10,1.83,2.32,-4.43,45.63,-20.86,1
e,2022-11-01 17:21:41.286586,-0.06,-0.70,0.71,1.22,1.89,2.56,-4.43,45.63,-20.86,1
e,2022-11-01 17:21:41.286737,-0.06,-0.70,0.71,1.28,1.83,2.50,-4.30,44.81,-20.50,1
e,2022-11-01 17:21:41.286893,-0.06,-0.70,0.71,1.28,1.83,2.50,-4.30,44.81,-20.50,1
e,2022-11-01 17:21:41.287045,-0.06,-0.70,0.71,1.28,1.77,2.50,-4.30,44.81,-20.50,1
e,2022-11-01 17:21:41.287202,-0.06,-0.70,0.71,1.10,1.95,2.32,-3.52,45.06,-20.41,1
e,2022-11-01 17:21:41.287352,-0.06,-0.70,0.71,1.16,1.89,2.56,-3.52,45.06,-20.41,1
e,2022-11-01 17:21:41.287509,-0.06,-0.70,0.71,1.22,1.83,2.44,-3.52,45.06,-20.41,1
e,2022-11-01 17:21:41.287662,-0.06,-0.70,0.71,1.40,1.89,2.62,-4.05,45.48,-20.43,1
e,2022-11-01 17:21:41.287812,-0.06,-0.70,0.71,1.04,1.83,2.38,-4.05,45.48,-20.43,1
e,2022-11-01 17:21:41.287968,-0.06,-0.70,0.71,1.04,1.95,2.32,-4.05,45.48,-20.43,1
e,2022-11-01 17:21:41.288119,-0.06,-0.70,0.71,0.92,1.95,2.26,-4.03,44.87,-20.23,1
e,2022-11-01 17:21:41.288275,-0.06,-0.70,0.71,1.46,1.89,2.38,-4.03,44.87,-20.23,1
e,2022-11-01 17:21:41.288428,-0.06,-0.70,0.71,1.16,1.89,2.44,-4.31,45.04,-20.12,1
e,2022-11-01 17:21:41.288582,-0.06,-0.70,0.71,1.16,1.95,2.44,-4.31,45.04,-20.12,1
e,2022-11-01 17:21:41.288741,-0.06,-0.70,0.71,1.16,2.01,2.44,-4.31,45.04,-20.12,1
e,2022-11-01 17:21:41.288892,-0.06,-0.70,0.71,1.34,1.83,2.38,-4.48,45.18,-21.47,1
e,2022-11-01 17:21:41.289052,-0.06,-0.70,0.71,1.28,1.83,2.50,-4.48,45.18,-21.47,1
e,2022-11-01 17:21:41.289205,-0.06,-0.70,0.71,1.16,1.95,2.38,-4.48,45.18,-21.47,1
e,2022-11-01 17:21:41.289365,-0.06,-0.70,0.71,1.16,1.89,2.44,-4.28,45.37,-20.94,1
e,2022-11-01 17:21:41.289516,-0.06,-0.70,0.71,1.16,1.95,2.50,-4.28,45.37,-20.94,1
e,2022-11-01 17:21:41.289666,-0.06,-0.70,0.71,1.22,1.83,2.44,-4.28,45.37,-20.94,1
e,2022-11-01 17:21:41.289825,-0.06,-0.70,0.71,0.73,1.71,2.32,-4.52,45.57,-21.15,1
e,2022-11-01 17:21:41.289977,-0.06,-0.70,0.71,1.16,1.65,2.44,-4.52,45.57,-21.15,1
e,2022-11-01 17:21:41.290132,-0.06,-0.70,0.71,0.98,1.77,2.50,-4.20,45.14,-20.70,1
e,2022-11-01 17:21:41.290282,-0.06,-0.70,0.71,0.98,1.77,2.32,-4.20,45.14,-20.70,1
e,2022-11-01 17:21:41.290434,-0.06,-0.70,0.71,1.22,1.83,2.50,-4.20,45.14,-20.70,1
e,2022-11-01 17:21:41.290590,-0.06,-0.70,0.71,1.04,1.77,2.38,-3.93,44.60,-21.01,1
e,2022-11-01 17:21:41.290743,-0.06,-0.70,0.71,0.98,1.95,2.20,-3.93,44.60,-21.01,1
e,2022-11-01 17:21:41.290901,-0.06,-0.70,0.71,1.22,1.83,2.20,-3.93,44.60,-21.01,1
e,2022-11-01 17:21:41.291056,-0.06,-0.70,0.71,1.16,1.89,2.50,-4.10,44.74,-21.19,1
e,2022-11-01 17:21:41.291213,-0.06,-0.70,0.71,1.22,1.83,2.50,-4.10,44.74,-21.19,1
e,2022-11-01 17:21:41.291374,-0.06,-0.70,0.71,1.22,2.01,2.44,-4.10,44.74,-21.19,1
e,2022-11-01 17:21:41.291526,-0.06,-0.70,0.71,1.22,1.71,2.20,-4.42,44.81,-20.91,1
e,2022-11-01 17:21:41.291683,-0.06,-0.70,0.71,1.10,1.77,2.38,-4.42,44.81,-20.91,1
e,2022-11-01 17:21:41.291836,-0.06,-0.70,0.71,1.16,1.77,2.32,-3.87,45.50,-20.46,1
e,2022-11-01 17:21:41.291999,-0.06,-0.70,0.71,0.98,1.77,2.26,-3.87,45.50,-20.46,1
e,2022-11-01 17:21:41.292153,-0.06,-0.70,0.71,1.28,2.01,2.32,-3.87,45.50,-20.46,1
e,2022-11-01 17:21:41.292307,-0.06,-0.70,0.71,0.98,1.95,2.38,-4.04,45.20,-20.46,1
e,2022-11-01 17:21:41.292480,-0.06,-0.70,0.71,1.22,1.95,2.44,-4.04,45.20,-20.46,1
e,2022-11-01 17:21:41.292632,-0.06,-0.70,0.71,1.22,1.77,2.32,-4.04,45.20,-20.46,1
e,2022-11-01 17:21:41.292789,-0.06,-0.70,0.71,1.10,1.83,2.32,-4.13,45.00,-20.19,1
e,2022-11-01 17:21:41.292943,-0.06,-0.70,0.71,0.98,2.01,2.50,-4.13,45.00,-20.19,1
e,2022-11-01 17:21:41.293097,-0.06,-0.70,0.71,1.40,1.89,2.50,-4.13,45.00,-20.19,1
e,2022-11-01 17:21:41.293258,-0.06,-0.70,0.71,0.85,1.95,2.26,-4.38,44.86,-19.80,1
e,2022-11-01 17:21:41.293410,-0.06,-0.70,0.71,1.16,1.89,2.44,-4.38,44.86,-19.80,1
e,2022-11-01 17:21:41.293568,-0.06,-0.70,0.71,1.10,2.14,2.38,-3.86,45.32,-20.54,1
e,2022-11-01 17:21:41.293720,-0.06,-0.70,0.71,1.22,1.83,2.38,-3.86,45.32,-20.54,1
e,2022-11-01 17:21:41.293872,-0.06,-0.70,0.71,1.22,1.83,2.50,-3.86,45.32,-20.54,1
e,2022-11-01 17:21:41.294028,-0.06,-0.70,0.71,1.28,1.83,2.32,-3.88,45.28,-20.48,1
e,2022-11-01 17:21:41.294180,-0.06,-0.70,0.71,1.16,2.01,2.32,-3.88,45.28,-20.48,1
e,2022-11-01 17:21:41.294341,-0.06,-0.70,0.71,1.34,1.89,2.26,-3.88,45.28,-20.48,1
e,2022-11-01 17:21:41.294492,-0.06,-0.70,0.71,1.28,1.89,2.44,-4.22,45.15,-19.85,1
e,2022-11-01 17:21:41.294644,-0.06,-0.70,0.71,0.98,1.95,2.44,-4.22,45.15,-19.85,1
e,2022-11-01 17:21:41.294802,-0.06,-0.70,0.71,1.16,2.01,2.32,-4.22,45.15,-19.85,1
e,2022-11-01 17:21:41.294954,-0.06,-0.70,0.71,1.04,2.08,2.26,-4.20,45.14,-19.02,1
e,2022-11-01 17:21:41.295110,-0.06,-0.70,0.71,0.98,1.95,2.32,-4.20,45.14,-19.02,1
e,2022-11-01 17:21:41.295262,-0.06,-0.70,0.71,0.92,1.77,2.32,-4.27,44.90,-20.18,1
e,2022-11-01 17:21:41.295418,-0.06,-0.70,0.71,1.16,1.83,2.50,-4.27,44.90,-20.18,1
e,2022-11-01 17:21:41.295572,-0.06,-0.70,0.71,1.22,2.08,2.56,-4.27,44.90,-20.18,1
e,2022-11-01 17:21:41.295723,-0.06,-0.70,0.71,1.34,1.89,2.38,-4.58,45.28,-21.22,1
e,2022-11-01 17:21:41.295879,-0.06,-0.70,0.71,1.16,1.83,2.44,-4.58,45.28,-21.22,1
e,2022-11-01 17:21:41.296033,-0.06,-0.70,0.71,1.22,1.89,2.50,-4.58,45.28,-21.22,1
e,2022-11-01 17:21:41.296191,-0.06,-0.70,0.71,1.10,1.83,2.44,-3.94,45.64,-20.98,1
e,2022-11-01 17:21:41.296345,-0.06,-0.70,0.71,1.16,1.83,2.44,-3.94,45.64,-20.98,1
e,2022-11-01 17:21:41.296499,-0.06,-0.70,0.71,1.28,2.08,2.44,-3.94,45.64,-20.98,1
e,2022-11-01 17:21:41.296659,-0.06,-0.70,0.71,1.10,1.83,2.50,-4.17,45.07,-19.20,1
e,2022-11-01 17:21:41.296812,-0.06,-0.70,0.71,0.98,1.89,2.32,-4.17,45.07,-19.20,1
e,2022-11-01 17:21:41.296971,-0.06,-0.70,0.71,1.16,1.89,2.44,-3.86,45.18,-20.17,1
e,2022-11-01 17:21:41.297124,-0.06,-0.70,0.71,1.22,1.77,2.32,-3.86,45.18,-20.17,1
e,2022-11-01 17:21:41.297276,-0.06,-0.70,0.71,1.10,1.95,2.50,-3.86,45.18,-20.17,1
e,2022-11-01 17:21:41.297435,-0.06,-0.70,0.71,1.04,1.83,2.44,-3.86,45.37,-19.62,1
e,2022-11-01 17:21:41.297588,-0.06,-0.70,0.71,1.04,1.89,2.32,-3.86,45.37,-19.62,1
e,2022-11-01 17:21:41.297744,-0.06,-0.70,0.71,1.04,1.95,2.38,-3.86,45.37,-19.62,1
e,2022-11-01 17:21:41.297895,-0.06,-0.70,0.71,0.92,1.71,2.26,-4.47,45.10,-21.15,1
e,2022-11-01 17:21:41.298050,-0.06,-0.70,0.71,1.04,1.89,2.50,-4.47,45.10,-21.15,1
e,2022-11-01 17:21:41.298210,-0.06,-0.70,0.71,1.04,1.83,2.32,-4.47,45.10,-21.15,1
e,2022-11-01 17:21:41.298362,-0.06,-0.70,0.71,1.04,1.83,2.38,-4.32,45.14,-20.10,1
e,2022-11-01 17:21:41.298519,-0.06,-0.70,0.71,0.98,1.89,2.56,-4.32,45.14,-20.10,1
e,2022-11-01 17:21:41.298670,-0.06,-0.70,0.71,1.22,1.89,2.32,-4.31,45.06,-19.84,1
e,2022-11-01 17:21:41.298827,-0.06,-0.70,0.71,1.04,1.83,2.38,-4.31,45.06,-19.84,1
e,2022-11-01 17:21:41.298979,-0.06,-0.70,0.71,1.16,1.95,2.56,-4.31,45.06,-19.84,1
e,2022-11-01 17:21:41.299132,-0.06,-0.70,0.71,0.98,2.20,2.32,-3.88,45.24,-21.08,1
e,2022-11-01 17:21:41.299288,-0.06,-0.70,0.71,1.22,1.83,2.32,-3.88,45.24,-21.08,1
e,2022-11-01 17:21:41.299440,-0.06,-0.70,0.71,1.04,2.01,2.44,-3.88,45.24,-21.08,1
e,2022-11-01 17:21:41.299596,-0.06,-0.70,0.71,1.22,1.71,2.50,-4.27,45.40,-20.92,1
e,2022-11-01 17:21:41.299749,-0.06,-0.70,0.71,1.04,2.01,2.62,-4.27,45.40,-20.92,1
e,2022-11-01 17:21:41.299902,-0.06,-0.70,0.71,1.28,2.01,2.62,-4.27,45.40,-20.92,1
e,2022-11-01 17:21:41.300112,-0.06,-0.70,0.71,1.04,1.83,2.38,-4.32,45.26,-20.68,1
e,2022-11-01 17:21:41.300266,-0.06,-0.70,0.71,1.16,1.83,2.38,-4.32,45.26,-20.68,1
e,2022-11-01 17:21:41.300424,-0.06,-0.70,0.71,1.22,1.89,2.56,-3.96,45.72,-20.36,1
e,2022-11-01 17:21:41.300577,-0.06,-0.70,0.71,1.04,2.01,2.38,-3.96,45.72,-20.36,1
e,2022-11-01 17:21:41.300730,-0.06,-0.70,0.71,1.04,1.89,2.38,-3.96,45.72,-20.36,1
e,2022-11-01 17:21:41.300888,-0.06,-0.70,0.71,1.28,2.01,2.56,-4.44,45.74,-20.56,1
e,2022-11-01 17:21:41.301041,-0.06,-0.70,0.71,1.34,1.77,2.38,-4.44,45.74,-20.56,1
e,2022-11-01 17:21:41.301198,-0.06,-0.70,0.71,0.98,1.89,2.38,-4.44,45.74,-20.56,1
e,2022-11-01 17:21:41.301351,-0.06,-0.70,0.71,1.10,1.71,2.32,-4.32,45.65,-19.87,1
e,2022-11-01 17:21:41.301510,-0.06,-0.70,0.71,1.16,1.89,2.38,-4.32,45.65,-19.87,1
e,2022-11-01 17:21:41.301662,-0.06,-0.70,0.71,0.92,1.83,2.32,-4.32,45.65,-19.87,1
e,2022-11-01 17:21:41.301816,-0.06,-0.70,0.71,0.85,1.89,2.26,-4.30,45.30,-21.63,1
e,2022-11-01 17:21:41.301977,-0.06,-0.70,0.71,1.40,1.89,2.38,-4.30,45.30,-21.63,1
e,2022-11-01 17:21:41.302127,-0.06,-0.70,0.71,1.40,1.77,2.50,-3.67,45.52,-20.86,1
e,2022-11-01 17:21:41.302283,-0.06,-0.70,0.71,1.10,1.77,2.32,-3.67,45.52,-20.86,1
e,2022-11-01 17:21:41.302434,-0.06,-0.70,0.71,1.04,1.83,2.50,-3.67,45.52,-20.86,1
e,2022-11-01 17:21:41.302586,-0.06,-0.70,0.71,1.16,2.01,2.32,-3.93,45.41,-19.92,1
e,2022-11-01 17:21:41.302743,-0.06,-0.70,0.71,1.10,2.08,2.56,-3.93,45.41,-19.92,1
e,2022-11-01 17:21:41.302894,-0.06,-0.70,0.71,1.10,2.01,2.44,-3.93,45.41,-19.92,1
e,2022-11-01 17:21:41.303061,-0.06,-0.70,0.71,1.22,1.95,2.44,-3.78,44.96,-20.84,1
e,2022-11-01 17:21:41.303214,-0.06,-0.70,0.71,0.92,2.08,2.32,-3.78,44.96,-20.84,1
e,2022-11-01 17:21:41.303368,-0.06,-0.70,0.71,1.34,1.95,2.56,-3.78,44.96,-20.84,1
e,2022-11-01 17:21:41.303538,-0.06,-0.70,0.72,0.98,1.71,2.38,-4.41,45.63,-20.57,1
e,2022-11-01 17:21:41.303691,-0.06,-0.70,0.71,1.28,2.14,2.38,-4.41,45.63,-20.57,1
e,2022-11-01 17:21:41.303849,-0.06,-0.70,0.71,1.22,2.01,2.50,-4.22,45.61,-19.69,1
e,2022-11-01 17:21:41.304000,-0.06,-0.70,0.71,0.92,1.89,2.20,-4.22,45.61,-19.69,1
e,2022-11-01 17:21:41.304156,-0.06,-0.70,0.71,1.04,1.95,2.50,-4.22,45.61,-19.69,1
e,2022-11-01 17:21:41.304312,-0.06,-0.70,0.71,1.04,2.01,2.44,-4.46,45.35,-20.12,1
e,2022-11-01 17:21:41.304462,-0.06,-0.70,0.71,1.10,1.95,2.44,-4.46,45.35,-20.12,1
e,2022-11-01 17:21:41.304620,-0.06,-0.70,0.71,1.16,2.01,2.56,-4.46,45.35,-20.12,1
e,2022-11-01 17:21:41.304772,-0.06,-0.70,0.71,1.10,1.83,2.38,-3.92,45.45,-20.19,1
e,2022-11-01 17:21:41.304930,-0.06,-0.70,0.71,1.22,1.83,2.50,-3.92,45.45,-20.19,1
e,2022-11-01 17:21:41.305080,-0.06,-0.70,0.71,1.22,1.83,2.38,-3.92,45.45,-20.19,1
e,2022-11-01 17:21:41.305229,-0.06,-0.70,0.71,1.10,2.01,2.44,-4.17,45.59,-19.80,1
e,2022-11-01 17:21:41.305386,-0.06,-0.70,0.71,1.22,2.01,2.44,-4.17,45.59,-19.80,1
e,2022-11-01 17:21:41.305536,-0.06,-0.70,0.71,1.40,1.95,2.50,-4.13,45.09,-19.95,1
e,2022-11-01 17:21:41.305692,-0.06,-0.70,0.72,1.40,1.89,2.44,-4.13,45.09,-19.95,1
e,2022-11-01 17:21:41.305847,-0.06,-0.70,0.71,1.10,1.95,2.32,-4.13,45.09,-19.95,1
e,2022-11-01 17:21:41.305996,-0.06,-0.70,0.71,1.04,1.89,2.50,-3.93,45.15,-19.98,1
e,2022-11-01 17:21:41.306153,-0.06,-0.70,0.71,1.22,1.77,2.62,-3.93,45.15,-19.98,1
e,2022-11-01 17:21:41.306304,-0.06,-0.70,0.71,1.22,1.89,2.50,-3.93,45.15,-19.98,1
e,2022-11-01 17:21:41.306463,-0.06,-0.70,0.71,1.10,1.95,2.26,-4.22,45.18,-21.18,1
e,2022-11-01 17:21:41.306614,-0.06,-0.70,0.71,1.22,1.89,2.32,-4.22,45.18,-21.18,1
e,2022-11-01 17:21:41.306765,-0.06,-0.70,0.71,1.34,1.77,2.44,-4.22,45.18,-21.18,1
e,2022-11-01 17:21:41.306921,-0.06,-0.70,0.71,1.16,1.77,2.38,-4.27,44.96,-20.95,1
e,2022-11-01 17:21:41.307071,-0.06,-0.70,0.71,1.04,1.83,2.44,-4.27,44.96,-20.95,1
e,2022-11-01 17:21:41.307229,-0.06,-0.70,0.71,1.28,1.71,2.56,-4.53,45.28,-21.23,1
e,2022-11-01 17:21:41.307384,-0.06,-0.70,0.71,1.46,1.89,2.62,-4.53,45.28,-21.23,1
e,2022-11-01 17:21:41.307537,-0.06,-0.70,0.71,1.22,1.95,2.50,-4.53,45.28,-21.23,1
e,2022-11-01 17:21:41.307694,-0.06,-0.70,0.71,1.10,1.89,2.32,-4.54,45.39,-21.87,1
e,2022-11-01 17:21:41.307861,-0.06,-0.70,0.71,1.10,1.95,2.38,-4.54,45.39,-21.87,1
e,2022-11-01 17:21:41.308023,-0.06,-0.70,0.71,1.46,2.01,2.56,-4.54,45.39,-21.87,1
e,2022-11-01 17:21:41.308177,-0.06,-0.70,0.72,1.04,1.77,2.32,-4.06,45.46,-20.58,1
e,2022-11-01 17:21:41.308329,-0.06,-0.70,0.71,1.34,1.95,2.56,-4.06,45.46,-20.58,1
e,2022-11-01 17:21:41.308486,-0.06,-0.70,0.71,1.04,1.95,2.38,-4.06,45.46,-20.58,1
e,2022-11-01 17:21:41.308638,-0.06,-0.70,0.71,0.92,2.01,2.38,-4.35,45.28,-20.80,1
e,2022-11-01 17:21:41.308793,-0.06,-0.70,0.71,1.10,1.95,2.44,-4.35,45.28,-20.80,1
e,2022-11-01 17:21:41.308945,-0.06,-0.70,0.71,1.22,1.83,2.56,-4.32,45.53,-20.28,1
e,2022-11-01 17:21:41.309100,-0.06,-0.70,0.71,1.22,1.89,2.38,-4.32,45.53,-20.28,1
e,2022-11-01 17:21:41.309253,-0.06,-0.70,0.71,1.28,1.89,2.38,-4.32,45.53,-20.28,1
e,2022-11-01 17:21:41.309405,-0.06,-0.70,0.71,1.22,1.89,2.56,-3.87,45.57,-18.96,1
e,2022-11-01 17:21:41.309565,-0.06,-0.70,0.71,1.16,1.95,2.38,-3.87,45.57,-18.96,1
e,2022-11-01 17:21:41.309717,-0.06,-0.70,0.71,1.28,1.83,2.26,-3.87,45.57,-18.96,1
e,2022-11-01 17:21:41.309874,-0.06,-0.70,0.71,0.92,1.77,2.44,-3.99,45.50,-21.29,1
e,2022-11-01 17:21:41.310026,-0.06,-0.70,0.71,1.16,1.89,2.38,-3.99,45.50,-21.29,1
e,2022-11-01 17:21:41.310179,-0.06,-0.70,0.71,1.16,2.01,2.50,-3.99,45.50,-21.29,1
e,2022-11-01 17:21:41.310335,-0.06,-0.70,0.71,1.10,1.83,2.20,-4.38,45.61,-20.25,1
e,2022-11-01 17:21:41.310486,-0.06,-0.70,0.71,0.92,1.95,2.50,-4.38,45.61,-20.25,1
e,2022-11-01 17:21:41.310643,-0.06,-0.70,0.71,1.34,1.95,2.50,-3.91,45.35,-21.30,1
e,2022-11-01 17:21:41.310794,-0.06,-0.70,0.71,0.98,1.89,2.50,-3.91,45.35,-21.30,1
e,2022-11-01 17:21:41.310944,-0.06,-0.70,0.71,1.22,1.83,2.44,-3.91,45.35,-21.30,1
e,2022-11-01 17:21:41.311100,-0.06,-0.70,0.71,1.22,1.77,2.38,-3.94,45.57,-20.23,1
e,2022-11-01 17:21:41.311249,-0.06,-0.70,0.71,1.22,1.89,2.38,-3.94,45.57,-20.23,1
e,2022-11-01 17:21:41.311407,-0.06,-0.70,0.71,1.28,1.83,2.44,-3.94,45.57,-20.23,1
e,2022-11-01 17:21:41.311559,-0.06,-0.70,0.71,1.28,1.77,2.44,-4.20,45.13,-21.22,1
e,2022-11-01 17:21:41.311716,-0.06,-0.70,0.71,1.28,1.83,2.50,-4.20,45.13,-21.22,1
e,2022-11-01 17:21:41.311868,-0.06,-0.70,0.71,1.34,1.83,2.50,-4.20,45.13,-21.22,1
e,2022-11-01 17:21:41.312019,-0.06,-0.70,0.71,0.73,1.83,2.44,-4.47,45.34,-19.90,1
e,2022-11-01 17:21:41.312178,-0.06,-0.70,0.71,1.04,1.83,2.50,-4.47,45.34,-19.90,1
e,2022-11-01 17:21:41.312329,-0.06,-0.70,0.71,1.22,1.77,2.38,-4.17,45.19,-19.69,1
e,2022-11-01 17:21:41.312485,-0.06,-0.70,0.71,0.85,1.77,2.50,-4.17,45.19,-19.69,1
e,2022-11-01 17:21:41.312638,-0.06,-0.70,0.71,1.22,1.83,2.56,-4.17,45.19,-19.69,1
e,2022-11-01 17:21:41.312789,-0.06,-0.70,0.71,1.22,1.95,2.56,-4.16,45.35,-21.22,1
e,2022-11-01 17:21:41.312949,-0.06,-0.70,0.71,1.34,1.83,2.50,-4.16,45.35,-21.22,1
e,2022-11-01 17:21:41.313101,-0.06,-0.70,0.71,1.16,1.89,2.44,-4.16,45.35,-21.22,1
e,2022-11-01 17:21:41.313259,-0.06,-0.70,0.71,1.22,1.89,2.44,-4.17,45.34,-20.75,1
e,2022-11-01 17:21:41.313412,-0.06,-0.70,0.71,1.22,1.83,2.32,-4.17,45.34,-20.75,1
e,2022-11-01 17:21:41.313566,-0.06,-0.70,0.71,1.40,1.89,2.56,-4.17,45.34,-20.75,1
e,2022-11-01 17:21:41.313725,-0.06,-0.70,0.71,1.16,1.89,2.50,-4.75,45.12,-19.68,1
e,2022-11-01 17:21:41.313875,-0.06,-0.70,0.71,1.28,1.77,2.32,-4.75,45.12,-19.68,1
e,2022-11-01 17:21:41.314032,-0.06,-0.70,0.71,1.28,1.77,2.44,-4.31,45.06,-20.76,1
e,2022-11-01 17:21:41.314183,-0.06,-0.70,0.71,0.98,1.83,2.26,-4.31,45.06,-20.76,1
e,2022-11-01 17:21:41.314333,-0.06,-0.70,0.71,1.16,1.95,2.38,-4.31,45.06,-20.76,1
e,2022-11-01 17:21:41.314488,-0.06,-0.70,0.71,1.04,1.71,2.50,-4.33,45.31,-21.40,1
e,2022-11-01 17:21:41.314639,-0.06,-0.70,0.71,1.04,1.89,2.44,-4.33,45.31,-21.40,1
e,2022-11-01 17:21:41.314795,-0.06,-0.70,0.71,1.28,1.89,2.56,-4.33,45.31,-21.40,1
e,2022-11-01 17:21:41.314945,-0.06,-0.70,0.71,1.10,1.77,2.50,-4.03,45.06,-19.84,1
e,2022-11-01 17:21:41.315097,-0.06,-0.70,0.71,1.04,2.01,2.44,-4.03,45.06,-19.84,1
e,2022-11-01 17:21:41.315250,-0.06,-0.70,0.71,1.16,1.83,2.38,-4.03,45.06,-19.84,1
e,2022-11-01 17:21:41.315400,-0.06,-0.70,0.71,1.10,1.83,2.32,-4.17,45.30,-20.90,1
e,2022-11-01 17:21:41.315554,-0.06,-0.70,0.71,1.22,1.95,2.44,-4.17,45.30,-20.90,1
e,2022-11-01 17:21:41.315707,-0.06,-0.70,0.71,1.10,2.01,2.44,-4.09,45.03,-21.11,1
e,2022-11-01 17:21:41.315864,-0.06,-0.70,0.71,0.98,2.14,2.38,-4.09,45.03,-21.11,1
e,2022-11-01 17:21:41.316016,-0.06,-0.70,0.71,1.34,1.77,2.44,-4.09,45.03,-21.11,1
e,2022-11-01 17:21:41.316169,-0.06,-0.70,0.71,0.92,1.83,2.38,-4.38,45.15,-20.79,1
e,2022-11-01 17:21:41.316331,-0.06,-0.70,0.71,1.10,1.83,2.50,-4.38,45.15,-20.79,1
e,2022-11-01 17:21:41.316483,-0.06,-0.70,0.71,1.04,1.89,2.62,-4.38,45.15,-20.79,1
e,2022-11-01 17:21:41.316638,-0.06,-0.70,0.71,1.16,1.83,2.62,-3.83,45.39,-20.42,1
e,2022-11-01 17:21:41.316791,-0.06,-0.70,0.71,1.16,1.83,2.56,-3.83,45.39,-20.42,1
e,2022-11-01 17:21:41.316942,-0.06,-0.70,0.71,1.28,1.89,2.44,-3.83,45.39,-20.42,1
e,2022-11-01 17:21:41.317098,-0.06,-0.70,0.71,1.04,1.89,2.44,-3.87,45.48,-18.70,1
e,2022-11-01 17:21:41.317249,-0.06,-0.70,0.71,1.10,1.95,2.44,-3.87,45.48,-18.70,1
e,2022-11-01 17:21:41.317405,-0.06,-0.70,0.71,1.04,1.95,2.44,-4.17,44.74,-20.39,1
e,2022-11-01 17:21:41.317555,-0.06,-0.70,0.71,1.22,1.83,2.56,-4.17,44.74,-20.39,1
e,2022-11-01 17:21:41.317708,-0.06,-0.70,0.71,1.28,2.01,2.56,-4.17,44.74,-20.39,1
e,2022-11-01 17:21:41.317916,-0.06,-0.70,0.71,1.22,1.77,2.44,-4.02,44.82,-20.03,1
e,2022-11-01 17:21:41.318073,-0.06,-0.70,0.71,1.16,2.08,2.38,-4.02,44.82,-20.03,1
e,2022-11-01 17:21:41.318235,-0.06,-0.70,0.71,1.16,1.95,2.44,-4.02,44.82,-20.03,1
e,2022-11-01 17:21:41.318390,-0.06,-0.70,0.71,1.28,1.65,2.44,-4.33,45.15,-20.23,1
e,2022-11-01 17:21:41.318547,-0.06,-0.70,0.71,1.28,1.89,2.44,-4.33,45.15,-20.23,1
e,2022-11-01 17:21:41.318759,-0.06,-0.70,0.71,1.04,1.95,2.44,-4.33,45.15,-20.23,1
e,2022-11-01 17:21:41.318912,-0.06,-0.70,0.71,1.04,1.89,2.26,-3.94,45.24,-20.61,1
e,2022-11-01 17:21:41.319071,-0.06,-0.70,0.71,1.46,1.95,2.50,-3.94,45.24,-20.61,1
e,2022-11-01 17:21:41.319221,-0.06,-0.70,0.71,1.16,1.89,2.32,-4.30,44.96,-20.92,1
e,2022-11-01 17:21:41.319373,-0.06,-0.70,0.71,1.28,1.95,2.56,-4.30,44.96,-20.92,1
e,2022-11-01 17:21:41.319533,-0.06,-0.70,0.71,1.16,2.08,2.50,-4.30,44.96,-20.92,1
e,2022-11-01 17:21:41.319684,-0.06,-0.70,0.72,1.22,2.01,2.50,-4.33,45.47,-21.42,1
e,2022-11-01 17:21:41.319844,-0.06,-0.70,0.71,1.34,1.89,2.44,-4.33,45.47,-21.42,1
e,2022-11-01 17:21:41.319995,-0.06,-0.70,0.71,0.92,2.08,2.44,-4.33,45.47,-21.42,1
e,2022-11-01 17:21:41.320147,-0.06,-0.70,0.71,1.04,1.89,2.26,-4.42,45.04,-20.72,1
e,2022-11-01 17:21:41.320315,-0.06,-0.70,0.71,1.16,1.89,2.38,-4.42,45.04,-20.72,1
e,2022-11-01 17:21:41.320467,-0.06,-0.70,0.71,1.22,1.89,2.50,-4.42,45.04,-20.72,1
e,2022-11-01 17:21:41.320639,-0.06,-0.70,0.71,1.16,1.83,2.44,-4.44,45.13,-19.57,1
e,2022-11-01 17:21:41.320790,-0.06,-0.70,0.71,1.28,1.89,2.44,-4.44,45.13,-19.57,1
e,2022-11-01 17:21:41.320952,-0.06,-0.70,0.72,1.16,1.77,2.38,-4.39,44.63,-20.47,1
e,2022-11-01 17:21:41.321104,-0.06,-0.70,0.71,1.10,1.89,2.56,-4.39,44.63,-20.47,1
e,2022-11-01 17:21:41.321256,-0.06,-0.70,0.71,1.28,1.71,2.56,-4.39,44.63,-20.47,1
e,2022-11-01 17:21:41.321414,-0.06,-0.70,0.72,1.28,1.83,2.62,-4.53,45.40,-20.61,1
e,2022-11-01 17:21:41.321567,-0.06,-0.70,0.71,1.34,1.83,2.50,-4.53,45.40,-20.61,1
e,2022-11-01 17:21:41.321724,-0.06,-0.70,0.71,1.46,1.83,2.50,-4.53,45.40,-20.61,1
e,2022-11-01 17:21:41.321876,-0.06,-0.70,0.71,1.22,1.65,2.26,-3.92,45.61,-20.73,1
e,2022-11-01 17:21:41.322032,-0.06,-0.70,0.71,1.34,1.95,2.50,-3.92,45.61,-20.73,1
e,2022-11-01 17:21:41.322189,-0.06,-0.70,0.71,1.22,1.89,2.44,-3.92,45.61,-20.73,1
e,2022-11-01 17:21:41.322343,-0.06,-0.70,0.71,1.16,1.77,2.32,-4.58,45.34,-20.69,1
e,2022-11-01 17:21:41.322505,-0.06,-0.70,0.71,1.22,2.01,2.62,-4.58,45.34,-20.69,1
e,2022-11-01 17:21:41.322662,-0.06,-0.70,0.71,1.16,1.95,2.44,-3.93,45.12,-20.37,1
e,2022-11-01 17:21:41.322818,-0.06,-0.70,0.71,0.98,2.08,2.50,-3.93,45.12,-20.37,1
e,2022-11-01 17:21:41.322969,-0.06,-0.70,0.71,1.16,1.83,2.38,-3.93,45.12,-20.37,1
e,2022-11-01 17:21:41.323133,-0.06,-0.70,0.71,1.28,1.83,2.62,-3.92,44.65,-19.97,1
e,2022-11-01 17:21:41.323289,-0.06,-0.70,0.71,1.04,2.01,2.26,-3.92,44.65,-19.97,1
e,2022-11-01 17:21:41.323439,-0.06,-0.70,0.71,1.28,1.77,2.38,-3.92,44.65,-19.97,1
e,2022-11-01 17:21:41.323594,-0.06,-0.70,0.71,1.04,1.89,2.32,-4.37,44.87,-20.58,1
e,2022-11-01 17:21:41.323743,-0.06,-0.70,0.71,1.28,1.89,2.62,-4.37,44.87,-20.58,1
e,2022-11-01 17:21:41.323894,-0.06,-0.70,0.71,1.16,1.89,2.38,-4.37,44.87,-20.58,1
e,2022-11-01 17:21:41.324049,-0.06,-0.70,0.71,1.04,2.01,2.32,-4.48,45.30,-19.76,1
e,2022-11-01 17:21:41.324200,-0.06,-0.70,0.71,1.16,1.89,2.44,-4.48,45.30,-19.76,1
e,2022-11-01 17:21:41.324355,-0.06,-0.70,0.71,1.28,1.83,2.38,-4.02,45.50,-19.69,1
e,2022-11-01 17:21:41.324508,-0.06,-0.70,0.71,0.98,2.14,2.20,-4.02,45.50,-19.69,1
e,2022-11-01 17:21:41.324661,-0.06,-0.70,0.71,1.22,1.89,2.56,-4.02,45.50,-19.69,1
e,2022-11-01 17:21:41.324819,-0.06,-0.70,0.71,1.16,1.89,2.50,-4.33,44.81,-19.78,1
e,2022-11-01 17:21:41.324971,-0.06,-0.70,0.71,1.10,2.01,2.44,-4.33,44.81,-19.78,1
e,2022-11-01 17:21:41.325131,-0.06,-0.70,0.71,1.16,1.83,2.56,-4.33,44.81,-19.78,1
e,2022-11-01 17:21:41.325283,-0.06,-0.70,0.71,0.98,1.83,2.38,-4.91,45.42,-21.18,1
e,2022-11-01 17:21:41.325437,-0.06,-0.70,0.71,1.28,1.95,2.50,-4.91,45.42,-21.18,1
e,2022-11-01 17:21:41.325590,-0.06,-0.70,0.71,1.16,1.89,2.56,-4.91,45.42,-21.18,1
e,2022-11-01 17:21:41.325741,-0.06,-0.70,0.71,1.04,1.95,2.50,-4.02,45.01,-19.93,1
e,2022-11-01 17:21:41.325899,-0.06,-0.70,0.71,1.16,1.71,2.44,-4.02,45.01,-19.93,1
e,2022-11-01 17:21:41.326053,-0.06,-0.70,0.71,1.04,1.95,2.50,-4.63,45.26,-19.93,1
e,2022-11-01 17:21:41.326208,-0.06,-0.70,0.71,1.10,1.89,2.56,-4.63,45.26,-19.93,1
e,2022-11-01 17:21:41.326360,-0.06,-0.70,0.71,1.16,1.89,2.44,-4.63,45.26,-19.93,1
e,2022-11-01 17:21:41.326512,-0.06,-0.70,0.71,1.22,1.89,2.50,-4.48,45.24,-19.64,1
e,2022-11-01 17:21:41.326671,-0.06,-0.70,0.71,1.10,1.89,2.38,-4.48,45.24,-19.64,1
e,2022-11-01 17:21:41.326824,-0.06,-0.70,0.71,1.10,1.95,2.56,-4.48,45.24,-19.64,1
e,2022-11-01 17:21:41.326985,-0.06,-0.70,0.71,1.22,1.83,2.50,-4.15,45.29,-20.26,1
e,2022-11-01 17:21:41.327135,-0.06,-0.70,0.71,1.28,1.83,2.62,-4.15,45.29,-20.26,1
e,2022-11-01 17:21:41.327288,-0.06,-0.70,0.71,1.10,1.89,2.32,-4.15,45.29,-20.26,1
e,2022-11-01 17:21:41.327446,-0.06,-0.70,0.71,1.04,1.83,2.38,-4.14,44.69,-20.42,1
e,2022-11-01 17:21:41.327597,-0.06,-0.70,0.71,1.16,1.89,2.44,-4.14,44.69,-20.42,1
e,2022-11-01 17:21:41.327753,-0.06,-0.70,0.71,1.04,2.01,2.26,-4.44,44.60,-20.01,1
e,2022-11-01 17:21:41.327904,-0.06,-0.70,0.71,0.98,1.89,2.44,-4.44,44.60,-20.01,1
e,2022-11-01 17:21:41.328055,-0.06,-0.70,0.71,1.16,1.95,2.32,-4.44,44.60,-20.01,1
e,2022-11-01 17:21:41.328211,-0.06,-0.70,0.71,1.28,1.77,2.44,-4.42,45.28,-20.53,1
e,2022-11-01 17:21:41.328367,-0.06,-0.70,0.71,1.34,1.83,2.44,-4.42,45.28,-20.53,1
e,2022-11-01 17:21:41.328525,-0.06,-0.70,0.71,1.16,1.89,2.50,-4.42,45.28,-20.53,1
e,2022-11-01 17:21:41.328680,-0.06,-0.70,0.71,1.28,1.89,2.44,-4.55,44.96,-20.03,1
e,2022-11-01 17:21:41.328831,-0.06,-0.70,0.71,1.28,1.77,2.26,-4.55,44.96,-20.03,1
e,2022-11-01 17:21:41.328988,-0.06,-0.70,0.71,1.10,1.89,2.32,-4.55,44.96,-20.03,1
e,2022-11-01 17:21:41.329138,-0.06,-0.70,0.71,1.16,1.83,2.38,-4.28,45.18,-21.25,1
e,2022-11-01 17:21:41.329294,-0.06,-0.70,0.71,1.04,1.89,2.44,-4.28,45.18,-21.25,1
e,2022-11-01 17:21:41.329446,-0.06,-0.70,0.71,1.22,1.89,2.50,-4.52,44.65,-21.12,1
e,2022-11-01 17:21:41.329596,-0.06,-0.70,0.71,1.22,1.83,2.50,-4.52,44.65,-21.12,1
e,2022-11-01 17:21:41.329751,-0.06,-0.70,0.71,1.28,1.89,2.38,-4.52,44.65,-21.12,1
e,2022-11-01 17:21:41.329903,-0.06,-0.70,0.71,1.28,1.83,2.38,-3.93,44.95,-21.22,1
e,2022-11-01 17:21:41.330059,-0.06,-0.70,0.71,1.10,1.89,2.50,-3.93,44.95,-21.22,1
e,2022-11-01 17:21:41.330208,-0.06,-0.70,0.71,0.73,2.01,2.38,-3.93,44.95,-21.22,1
e,2022-11-01 17:21:41.330364,-0.06,-0.70,0.71,0.85,1.95,2.32,-3.69,44.78,-19.71,1
e,2022-11-01 17:21:41.330518,-0.06,-0.70,0.71,1.40,1.77,2.62,-3.69,44.78,-19.71,1
e,2022-11-01 17:21:41.330669,-0.06,-0.70,0.71,1.46,2.01,2.38,-3.69,44.78,-19.71,1
e,2022-11-01 17:21:41.330826,-0.06,-0.70,0.71,1.04,1.77,2.32,-4.42,45.13,-19.64,1
e,2022-11-01 17:21:41.330975,-0.06,-0.70,0.71,1.16,1.95,2.62,-4.42,45.13,-19.64,1
e,2022-11-01 17:21:41.331130,-0.06,-0.70,0.71,1.10,1.95,2.50,-4.24,45.37,-20.63,1
e,2022-11-01 17:21:41.331279,-0.06,-0.70,0.71,1.22,1.95,2.50,-4.24,45.37,-20.63,1
e,2022-11-01 17:21:41.331428,-0.06,-0.70,0.71,1.16,1.95,2.44,-4.24,45.37,-20.63,1
e,2022-11-01 17:21:41.331586,-0.06,-0.70,0.71,1.40,1.83,2.38,-3.99,45.09,-20.39,1
e,2022-11-01 17:21:41.331738,-0.06,-0.70,0.71,1.16,1.95,2.38,-3.99,45.09,-20.39,1
e,2022-11-01 17:21:41.331895,-0.06,-0.70,0.71,1.40,1.95,2.50,-3.99,45.09,-20.39,1
e,2022-11-01 17:21:41.332046,-0.06,-0.70,0.71,1.22,1.71,2.20,-4.08,44.40,-20.08,1
e,2022-11-01 17:21:41.332196,-0.06,-0.70,0.71,1.22,2.08,2.44,-4.08,44.40,-20.08,1
e,2022-11-01 17:21:41.332351,-0.06,-0.70,0.71,1.28,1.83,2.44,-4.08,44.40,-20.08,1
e,2022-11-01 17:21:41.332502,-0.06,-0.70,0.71,1.28,1.65,2.44,-3.91,45.26,-19.89,1
e,2022-11-01 17:21:41.332659,-0.06,-0.70,0.71,1.28,1.83,2.44,-3.91,45.26,-19.89,1
e,2022-11-01 17:21:41.332812,-0.06,-0.70,0.71,1.16,1.89,2.50,-3.53,45.47,-21.03,1
e,2022-11-01 17:21:41.332964,-0.06,-0.70,0.71,1.28,1.83,2.44,-3.53,45.47,-21.03,1
e,2022-11-01 17:21:41.333119,-0.06,-0.70,0.71,1.10,1.83,2.50,-3.53,45.47,-21.03,1
e,2022-11-01 17:21:41.333271,-0.06,-0.70,0.71,1.04,1.95,2.38,-4.11,44.74,-20.40,1
e,2022-11-01 17:21:41.333426,-0.06,-0.70,0.71,1.22,1.83,2.38,-4.11,44.74,-20.40,1
e,2022-11-01 17:21:41.333577,-0.06,-0.70,0.71,1.16,1.89,2.44,-4.11,44.74,-20.40,1
e,2022-11-01 17:21:41.333731,-0.06,-0.70,0.71,1.16,1.89,2.38,-3.77,45.29,-20.24,1
e,2022-11-01 17:21:41.333881,-0.06,-0.70,0.71,1.22,1.89,2.32,-3.77,45.29,-20.24,1
e,2022-11-01 17:21:41.334032,-0.06,-0.70,0.71,1.16,1.89,2.50,-3.77,45.29,-20.24,1
e,2022-11-01 17:21:41.334188,-0.06,-0.70,0.71,1.22,1.71,2.38,-4.42,45.39,-20.17,1
e,2022-11-01 17:21:41.334340,-0.06,-0.70,0.71,1.22,1.89,2.56,-4.42,45.39,-20.17,1
e,2022-11-01 17:21:41.334498,-0.06,-0.70,0.71,1.04,1.95,2.26,-3.85,45.34,-20.91,1
e,2022-11-01 17:21:41.334650,-0.06,-0.70,0.71,1.10,2.08,2.38,-3.85,45.34,-20.91,1
e,2022-11-01 17:21:41.334800,-0.06,-0.70,0.71,1.22,1.95,2.56,-3.85,45.34,-20.91,1
e,2022-11-01 17:21:41.334955,-0.06,-0.70,0.72,1.28,1.89,2.50,-4.03,45.45,-20.92,1
e,2022-11-01 17:21:41.335105,-0.06,-0.70,0.71,1.10,1.95,2.44,-4.03,45.45,-20.92,1
e,2022-11-01 17:21:41.335261,-0.06,-0.70,0.72,1.10,1.71,2.38,-4.03,45.45,-20.92,1
e,2022-11-01 17:21:41.335412,-0.06,-0.70,0.71,1.22,1.71,2.38,-4.26,45.36,-20.36,1
e,2022-11-01 17:21:41.335562,-0.06,-0.70,0.71,1.10,1.89,2.44,-4.26,45.36,-20.36,1
e,2022-11-01 17:21:41.335717,-0.06,-0.70,0.71,1.16,1.95,2.38,-4.26,45.36,-20.36,1
e,2022-11-01 17:21:41.335868,-0.06,-0.70,0.71,1.16,1.89,2.62,-4.35,45.07,-19.02,1
e,2022-11-01 17:21:41.336026,-0.06,-0.70,0.71,1.10,2.08,2.56,-4.35,45.07,-19.02,1
e,2022-11-01 17:21:41.336177,-0.06,-0.70,0.71,1.16,1.89,2.50,-4.13,45.24,-20.83,1
e,2022-11-01 17:21:41.336328,-0.06,-0.70,0.71,1.28,1.89,2.44,-4.13,45.24,-20.83,1
e,2022-11-01 17:21:41.336485,-0.06,-0.70,0.71,1.16,2.08,2.38,-4.13,45.24,-20.83,1
e,2022-11-01 17:21:41.336637,-0.06,-0.70,0.71,1.04,1.83,2.44,-3.92,45.09,-21.04,1
e,2022-11-01 17:21:41.336807,-0.06,-0.70,0.71,1.10,2.01,2.44,-3.92,45.09,-21.04,1
e,2022-11-01 17:21:41.336959,-0.06,-0.70,0.71,1.22,2.01,2.38,-3.92,45.09,-21.04,1
e,2022-11-01 17:21:41.337110,-0.06,-0.70,0.71,1.34,1.71,2.32,-3.70,44.95,-20.94,1
e,2022-11-01 17:21:41.337271,-0.06,-0.70,0.71,0.98,2.01,2.32,-3.70,44.95,-20.94,1
e,2022-11-01 17:21:41.337423,-0.06,-0.70,0.71,1.04,2.08,2.38,-3.70,44.95,-20.94,1
e,2022-11-01 17:21:41.337580,-0.06,-0.70,0.71,1.22,1.71,2.32,-3.71,45.25,-19.59,1
e,2022-11-01 17:21:41.337733,-0.06,-0.70,0.71,1.28,1.77,2.50,-3.71,45.25,-19.59,1
e,2022-11-01 17:21:41.337885,-0.06,-0.70,0.71,1.22,1.89,2.38,-4.37,44.60,-20.74,1
e,2022-11-01 17:21:41.338047,-0.06,-0.70,0.71,1.16,1.77,2.32,-4.37,44.60,-20.74,1
e,2022-11-01 17:21:41.338199,-0.06,-0.70,0.72,1.22,1.89,2.44,-4.37,44.60,-20.74,1
e,2022-11-01 17:21:41.338392,-0.06,-0.70,0.71,1.04,1.95,2.44,-4.08,45.23,-20.98,1
e,2022-11-01 17:21:41.338545,-0.06,-0.70,0.71,1.16,1.89,2.38,-4.08,45.23,-20.98,1
e,2022-11-01 17:21:41.338706,-0.06,-0.70,0.71,1.16,1.77,2.50,-4.08,45.23,-20.98,1
e,2022-11-01 17:21:41.338857,-0.06,-0.70,0.71,1.34,1.83,2.32,-4.37,45.02,-20.54,1
e,2022-11-01 17:21:41.339010,-0.06,-0.70,0.71,1.28,1.89,2.62,-4.37,45.02,-20.54,1
e,2022-11-01 17:21:41.339173,-0.06,-0.70,0.71,1.16,1.95,2.38,-4.37,45.02,-20.54,1
e,2022-11-01 17:21:41.339326,-0.06,-0.70,0.71,1.10,1.89,2.50,-3.77,44.67,-20.31,1
e,2022-11-01 17:21:41.339485,-0.06,-0.70,0.71,1.22,1.83,2.50,-3.77,44.67,-20.31,1
e,2022-11-01 17:21:41.339638,-0.06,-0.70,0.71,1.40,1.77,2.50,-4.72,45.39,-20.04,1
e,2022-11-01 17:21:41.339789,-0.06,-0.70,0.71,1.34,1.95,2.50,-4.72,45.39,-20.04,1
e,2022-11-01 17:21:41.339948,-0.06,-0.70,0.71,1.34,1.83,2.56,-4.72,45.39,-20.04,1
e,2022-11-01 17:21:41.340101,-0.06,-0.70,0.71,1.28,1.89,2.50,-4.15,44.87,-20.75,1
e,2022-11-01 17:21:41.340262,-0.06,-0.70,0.71,1.28,1.83,2.44,-4.15,44.87,-20.75,1
e,2022-11-01 17:21:41.340414,-0.06,-0.70,0.72,1.16,1.77,2.44,-4.15,44.87,-20.75,1
e,2022-11-01 17:21:41.340566,-0.06,-0.70,0.71,1.28,1.71,2.38,-4.17,44.85,-20.78,1
e,2022-11-01 17:21:41.340734,-0.06,-0.70,0.71,1.10,1.77,2.44,-4.17,44.85,-20.78,1
e,2022-11-01 17:21:41.340887,-0.06,-0.70,0.71,1.34,1.95,2.50,-4.17,44.85,-20.78,1
e,2022-11-01 17:21:41.341046,-0.06,-0.70,0.71,1.34,1.83,2.50,-4.31,44.58,-20.79,1
e,2022-11-01 17:21:41.341198,-0.06,-0.70,0.71,1.16,1.95,2.32,-4.31,44.58,-20.79,1
e,2022-11-01 17:21:41.341363,-0.06,-0.70,0.71,1.28,1.89,2.44,-3.67,45.24,-19.29,1
e,2022-11-01 17:21:41.341516,-0.06,-0.70,0.72,1.22,1.83,2.56,-3.67,45.24,-19.29,1
e,2022-11-01 17:21:41.341667,-0.06,-0.70,0.71,1.22,1.89,2.44,-3.67,45.24,-19.29,1
e,2022-11-01 17:21:41.341825,-0.06,-0.70,0.71,1.28,1.95,2.50,-4.26,44.91,-21.37,1
e,2022-11-01 17:21:41.341978,-0.06,-0.70,0.71,1.04,1.89,2.32,-4.26,44.91,-21.37,1
e,2022-11-01 17:21:41.342144,-0.06,-0.70,0.71,1.46,2.01,2.56,-4.26,44.91,-21.37,1
e,2022-11-01 17:21:41.342297,-0.06,-0.70,0.71,0.98,1.83,2.38,-4.04,45.17,-21.78,1
e,2022-11-01 17:21:41.342452,-0.06,-0.70,0.71,1.28,2.08,2.44,-4.04,45.17,-21.78,1
e,2022-11-01 17:21:41.342617,-0.06,-0.70,0.72,1.04,1.95,2.56,-3.81,45.31,-20.47,1
e,2022-11-01 17:21:41.342770,-0.06,-0.70,0.72,0.98,2.01,2.32,-3.81,45.31,-20.47,1
e,2022-11-01 17:21:41.342928,-0.06,-0.70,0.71,1.28,1.95,2.56,-3.81,45.31,-20.47,1
e,2022-11-01 17:21:41.343081,-0.06,-0.70,0.71,1.22,1.65,2.44,-3.75,45.21,-21.52,1
e,2022-11-01 17:21:41.343233,-0.06,-0.70,0.72,1.34,1.71,2.44,-3.75,45.21,-21.52,1
e,2022-11-01 17:21:41.343389,-0.06,-0.70,0.71,1.22,1.77,2.50,-3.75,45.21,-21.52,1
e,2022-11-01 17:21:41.343542,-0.06,-0.70,0.71,1.16,1.89,2.32,-4.00,45.04,-20.03,1
e,2022-11-01 17:21:41.343698,-0.06,-0.70,0.71,1.34,1.89,2.38,-4.00,45.04,-20.03,1
e,2022-11-01 17:21:41.343850,-0.06,-0.70,0.72,1.10,1.77,2.44,-4.00,45.04,-20.03,1
e,2022-11-01 17:21:41.344004,-0.06,-0.70,0.71,1.22,1.89,2.32,-4.75,45.75,-21.86,1
e,2022-11-01 17:21:41.344158,-0.06,-0.70,0.71,1.22,1.89,2.50,-4.75,45.75,-21.86,1
e,2022-11-01 17:21:41.344310,-0.06,-0.70,0.71,1.22,1.71,2.32,-4.20,46.02,-21.30,1
e,2022-11-01 17:21:41.344468,-0.06,-0.70,0.71,1.28,1.95,2.44,-4.20,46.02,-21.30,1
e,2022-11-01 17:21:41.344620,-0.06,-0.70,0.71,0.98,1.95,2.56,-4.20,46.02,-21.30,1
e,2022-11-01 17:21:41.344779,-0.06,-0.70,0.72,1.34,1.77,2.32,-4.31,45.06,-21.00,1
e,2022-11-01 17:21:41.344932,-0.06,-0.70,0.71,1.53,1.89,2.69,-4.31,45.06,-21.00,1
e,2022-11-01 17:21:41.345083,-0.06,-0.70,0.71,1.16,1.95,2.56,-4.31,45.06,-21.00,1
e,2022-11-01 17:21:41.345239,-0.06,-0.70,0.72,1.22,1.83,2.44,-4.35,45.20,-20.06,1
e,2022-11-01 17:21:41.345389,-0.06,-0.70,0.71,1.34,1.89,2.44,-4.35,45.20,-20.06,1
e,2022-11-01 17:21:41.345546,-0.06,-0.70,0.71,1.16,1.83,2.44,-4.35,45.20,-20.06,1
e,2022-11-01 17:21:41.345695,-0.06,-0.70,0.71,0.92,1.83,2.32,-4.49,44.79,-20.87,1
e,2022-11-01 17:21:41.345846,-0.06,-0.70,0.71,1.28,1.95,2.50,-4.49,44.79,-20.87,1
e,2022-11-01 17:21:41.346004,-0.06,-0.70,0.71,1.34,1.95,2.44,-4.52,45.35,-20.72,1
e,2022-11-01 17:21:41.346156,-0.06,-0.70,0.72,1.34,1.89,2.50,-4.52,45.35,-20.72,1
e,2022-11-01 17:21:41.346314,-0.06,-0.70,0.71,1.46,2.01,2.50,-4.52,45.35,-20.72,1
e,2022-11-01 17:21:41.346466,-0.06,-0.70,0.72,1.28,1.89,2.44,-4.68,45.20,-20.46,1
e,2022-11-01 17:21:41.346620,-0.06,-0.70,0.72,1.34,1.83,2.62,-4.68,45.20,-20.46,1
e,2022-11-01 17:21:41.346770,-0.06,-0.70,0.71,1.10,2.08,2.44,-4.68,45.20,-20.46,1
e,2022-11-01 17:21:41.346921,-0.06,-0.70,0.71,1.10,1.83,2.44,-4.55,45.32,-21.69,1
e,2022-11-01 17:21:41.347077,-0.06,-0.70,0.71,1.22,1.83,2.56,-4.55,45.32,-21.69,1
e,2022-11-01 17:21:41.347228,-0.06,-0.70,0.71,1.40,1.89,2.50,-4.55,45.32,-21.69,1
e,2022-11-01 17:21:41.347385,-0.06,-0.70,0.71,1.04,1.71,2.38,-4.68,45.53,-20.26,1
e,2022-11-01 17:21:41.347536,-0.06,-0.70,0.71,1.34,1.77,2.44,-4.68,45.53,-20.26,1
e,2022-11-01 17:21:41.347689,-0.06,-0.70,0.71,1.34,1.83,2.62,-4.42,45.46,-20.78,1
e,2022-11-01 17:21:41.347845,-0.06,-0.70,0.71,1.10,1.83,2.38,-4.42,45.46,-20.78,1
e,2022-11-01 17:21:41.347996,-0.06,-0.70,0.71,1.28,1.95,2.50,-4.42,45.46,-20.78,1
e,2022-11-01 17:21:41.348156,-0.06,-0.70,0.72,1.34,1.77,2.44,-4.60,45.73,-21.04,1
e,2022-11-01 17:21:41.348307,-0.06,-0.70,0.71,1.10,1.95,2.44,-4.60,45.73,-21.04,1
e,2022-11-01 17:21:41.348457,-0.06,-0.70,0.72,1.28,1.89,2.56,-4.60,45.73,-21.04,1
e,2022-11-01 17:21:41.348612,-0.06,-0.70,0.71,1.28,1.77,2.44,-4.13,45.34,-19.70,1
e,2022-11-01 17:21:41.348764,-0.06,-0.70,0.72,1.28,1.95,2.44,-4.13,45.34,-19.70,1
e,2022-11-01 17:21:41.348920,-0.06,-0.70,0.71,1.22,1.95,2.38,-4.13,45.34,-19.70,1
e,2022-11-01 17:21:41.349070,-0.06,-0.70,0.71,1.10,1.83,2.56,-4.33,45.39,-21.02,1
e,2022-11-01 17:21:41.349220,-0.06,-0.70,0.72,1.22,1.95,2.50,-4.33,45.39,-21.02,1
e,2022-11-01 17:21:41.349375,-0.06,-0.70,0.71,1.28,1.95,2.44,-4.33,45.29,-20.02,1
e,2022-11-01 17:21:41.349524,-0.06,-0.70,0.72,1.16,1.83,2.50,-4.33,45.29,-20.02,1
e,2022-11-01 17:21:41.349679,-0.06,-0.70,0.71,1.10,1.95,2.56,-4.33,45.29,-20.02,1
e,2022-11-01 17:21:41.349832,-0.06,-0.70,0.71,1.16,1.71,2.38,-4.80,45.76,-20.18,1
e,2022-11-01 17:21:41.349988,-0.06,-0.70,0.71,1.40,1.89,2.38,-4.80,45.76,-20.18,1
e,2022-11-01 17:21:41.350141,-0.06,-0.70,0.71,1.34,1.77,2.44,-4.80,45.76,-20.18,1
e,2022-11-01 17:21:41.350291,-0.06,-0.70,0.71,0.98,1.95,2.32,-4.65,45.28,-20.58,1
e,2022-11-01 17:21:41.350448,-0.06,-0.70,0.71,1.34,1.89,2.44,-4.65,45.28,-20.58,1
e,2022-11-01 17:21:41.350600,-0.06,-0.70,0.71,1.22,1.89,2.32,-4.65,45.28,-20.58,1
e,2022-11-01 17:21:41.350756,-0.06,-0.70,0.71,1.22,1.77,2.32,-4.49,45.43,-21.77,1
e,2022-11-01 17:21:41.350904,-0.06,-0.70,0.72,1.40,1.83,2.44,-4.49,45.43,-21.77,1
e,2022-11-01 17:21:41.351056,-0.06,-0.70,0.71,1.40,1.83,2.38,-4.38,45.36,-19.36,1
e,2022-11-01 17:21:41.351212,-0.06,-0.70,0.72,1.34,1.83,2.20,-4.38,45.36,-19.36,1
e,2022-11-01 17:21:41.351363,-0.06,-0.70,0.71,1.28,1.89,2.44,-4.38,45.36,-19.36,1
e,2022-11-01 17:21:41.351518,-0.06,-0.70,0.71,1.40,1.77,2.44,-4.36,44.62,-20.54,1
e,2022-11-01 17:21:41.351669,-0.06,-0.70,0.71,1.28,1.83,2.44,-4.36,44.62,-20.54,1
e,2022-11-01 17:21:41.351819,-0.06,-0.70,0.71,1.28,1.95,2.44,-4.36,44.62,-20.54,1
e,2022-11-01 17:21:41.351975,-0.06,-0.70,0.71,1.28,1.77,2.38,-4.69,45.14,-21.39,1
e,2022-11-01 17:21:41.352124,-0.06,-0.70,0.72,1.34,1.89,2.38,-4.69,45.14,-21.39,1
e,2022-11-01 17:21:41.352278,-0.06,-0.70,0.71,1.22,1.83,2.38,-4.69,45.14,-21.39,1
e,2022-11-01 17:21:41.352429,-0.06,-0.70,0.71,1.04,1.95,2.32,-4.08,44.56,-19.97,1
e,2022-11-01 17:21:41.352583,-0.06,-0.70,0.71,1.22,1.89,2.56,-4.08,44.56,-19.97,1
e,2022-11-01 17:21:41.352737,-0.06,-0.70,0.71,1.34,1.89,2.44,-4.60,44.70,-20.08,1
e,2022-11-01 17:21:41.352889,-0.06,-0.70,0.71,1.22,1.83,2.32,-4.60,44.70,-20.08,1
e,2022-11-01 17:21:41.353047,-0.06,-0.70,0.71,1.04,1.77,2.32,-4.60,44.70,-20.08,1
e,2022-11-01 17:21:41.353198,-0.06,-0.70,0.71,1.34,1.83,2.38,-4.68,45.21,-20.52,1
e,2022-11-01 17:21:41.353356,-0.06,-0.70,0.71,1.16,1.89,2.44,-4.68,45.21,-20.52,1
e,2022-11-01 17:21:41.353520,-0.06,-0.70,0.71,1.22,1.89,2.44,-4.68,45.21,-20.52,1
e,2022-11-01 17:21:41.353674,-0.06,-0.70,0.71,1.22,1.83,2.38,-5.00,44.48,-19.97,1
e,2022-11-01 17:21:41.353832,-0.06,-0.70,0.71,1.22,1.83,2.50,-5.00,44.48,-19.97,1
e,2022-11-01 17:21:41.353986,-0.06,-0.70,0.71,1.34,2.14,2.50,-5.00,44.48,-19.97,1
e,2022-11-01 17:21:41.354146,-0.06,-0.70,0.71,1.40,1.77,2.44,-4.96,45.18,-19.93,1
e,2022-11-01 17:21:41.354296,-0.06,-0.70,0.71,1.04,1.95,2.32,-4.96,45.18,-19.93,1
e,2022-11-01 17:21:41.354447,-0.06,-0.70,0.71,1.28,2.01,2.44,-4.58,45.24,-19.96,1
e,2022-11-01 17:21:41.354602,-0.06,-0.70,0.71,1.28,1.71,2.26,-4.58,45.24,-19.96,1
e,2022-11-01 17:21:41.354754,-0.06,-0.70,0.71,1.34,1.89,2.38,-4.58,45.24,-19.96,1
e,2022-11-01 17:21:41.354910,-0.06,-0.69,0.71,0.98,2.01,2.62,-4.77,44.84,-20.25,1
e,2022-11-01 17:21:41.355063,-0.06,-0.70,0.71,1.10,1.95,2.50,-4.77,44.84,-20.25,1
e,2022-11-01 17:21:41.355215,-0.06,-0.70,0.72,1.22,2.01,2.56,-4.77,44.84,-20.25,1
e,2022-11-01 17:21:41.355375,-0.06,-0.70,0.71,1.28,1.83,2.44,-4.94,45.19,-20.62,1
e,2022-11-01 17:21:41.355532,-0.06,-0.70,0.71,1.34,1.89,2.50,-4.94,45.19,-20.62,1
e,2022-11-01 17:21:41.355724,-0.06,-0.70,0.71,1.22,2.14,2.50,-4.94,45.19,-20.62,1
e,2022-11-01 17:21:41.355877,-0.06,-0.70,0.71,1.10,1.83,2.26,-4.44,45.07,-20.52,1
e,2022-11-01 17:21:41.356038,-0.06,-0.70,0.72,1.16,1.89,2.50,-4.44,45.07,-20.52,1
e,2022-11-01 17:21:41.356191,-0.06,-0.70,0.71,0.98,1.95,2.44,-4.74,44.67,-19.46,1
e,2022-11-01 17:21:41.356341,-0.06,-0.70,0.71,1.34,1.95,2.62,-4.74,44.67,-19.46,1
e,2022-11-01 17:21:41.356500,-0.06,-0.70,0.72,1.16,1.83,2.32,-4.74,44.67,-19.46,1
e,2022-11-01 17:21:41.356654,-0.06,-0.70,0.72,1.28,1.95,2.44,-4.46,45.04,-21.64,1
e,2022-11-01 17:21:41.356813,-0.06,-0.70,0.71,1.22,1.89,2.56,-4.46,45.04,-21.64,1
e,2022-11-01 17:21:41.356967,-0.06,-0.70,0.71,1.10,2.01,2.32,-4.46,45.04,-21.64,1
e,2022-11-01 17:21:41.357118,-0.06,-0.70,0.71,1.40,1.89,2.50,-4.17,45.21,-21.07,1
e,2022-11-01 17:21:41.357275,-0.06,-0.70,0.72,1.16,1.77,2.50,-4.17,45.21,-21.07,1
e,2022-11-01 17:21:41.357427,-0.06,-0.70,0.71,1.10,2.01,2.50,-4.17,45.21,-21.07,1
e,2022-11-01 17:21:41.357591,-0.06,-0.70,0.71,0.92,2.01,2.44,-4.33,44.51,-20.26,1
e,2022-11-01 17:21:41.357744,-0.06,-0.70,0.71,1.10,1.95,2.50,-4.33,44.51,-20.26,1
e,2022-11-01 17:21:41.357896,-0.06,-0.70,0.71,1.16,1.95,2.38,-4.64,44.92,-20.39,1
e,2022-11-01 17:21:41.358052,-0.06,-0.70,0.71,1.28,1.89,2.44,-4.64,44.92,-20.39,1
e,2022-11-01 17:21:41.358204,-0.06,-0.70,0.71,1.34,1.83,2.50,-4.64,44.92,-20.39,1
e,2022-11-01 17:21:41.358360,-0.06,-0.70,0.72,0.98,1.83,2.44,-4.68,45.28,-21.07,1
e,2022-11-01 17:21:41.358513,-0.06,-0.70,0.71,1.16,1.89,2.38,-4.68,45.28,-21.07,1
e,2022-11-01 17:21:41.358679,-0.06,-0.70,0.71,1.22,1.95,2.44,-4.68,45.28,-21.07,1
e,2022-11-01 17:21:41.358834,-0.06,-0.70,0.71,1.16,1.77,2.32,-4.59,44.96,-20.29,1
e,2022-11-01 17:21:41.358987,-0.06,-0.70,0.71,1.22,1.95,2.44,-4.59,44.96,-20.29,1
e,2022-11-01 17:21:41.359145,-0.06,-0.70,0.71,1.28,1.77,2.44,-4.59,44.96,-20.29,1
e,2022-11-01 17:21:41.359297,-0.06,-0.70,0.71,1.22,1.89,2.44,-4.68,44.79,-20.65,1
e,2022-11-01 17:21:41.359452,-0.06,-0.70,0.72,1.22,1.83,2.50,-4.68,44.79,-20.65,1
e,2022-11-01 17:21:41.359602,-0.06,-0.70,0.71,1.16,1.89,2.44,-4.43,44.82,-20.61,1
e,2022-11-01 17:21:41.359755,-0.06,-0.70,0.71,1.04,1.95,2.38,-4.43,44.82,-20.61,1
e,2022-11-01 17:21:41.359908,-0.06,-0.70,0.71,1.22,1.89,2.56,-4.43,44.82,-20.61,1
e,2022-11-01 17:21:41.360057,-0.06,-0.70,0.72,1.28,1.89,2.32,-4.06,45.18,-22.01,1
e,2022-11-01 17:21:41.360213,-0.06,-0.70,0.71,0.98,1.83,2.38,-4.06,45.18,-22.01,1
e,2022-11-01 17:21:41.360364,-0.06,-0.70,0.71,1.16,1.95,2.32,-4.06,45.18,-22.01,1
e,2022-11-01 17:21:41.360519,-0.06,-0.70,0.71,1.04,1.83,2.20,-4.17,44.80,-20.73,1
e,2022-11-01 17:21:41.360669,-0.06,-0.70,0.71,1.34,1.83,2.32,-4.17,44.80,-20.73,1
e,2022-11-01 17:21:41.360820,-0.06,-0.70,0.71,1.10,1.83,2.50,-4.17,44.80,-20.73,1
e,2022-11-01 17:21:41.360981,-0.06,-0.70,0.71,1.10,1.83,2.38,-4.74,45.08,-19.79,1
e,2022-11-01 17:21:41.361132,-0.06,-0.70,0.71,1.22,1.95,2.44,-4.74,45.08,-19.79,1
e,2022-11-01 17:21:41.361282,-0.06,-0.70,0.71,1.22,1.89,2.50,-3.89,45.39,-19.79,1
e,2022-11-01 17:21:41.361438,-0.06,-0.70,0.71,1.10,1.83,2.44,-3.89,45.39,-19.79,1
e,2022-11-01 17:21:41.361591,-0.06,-0.70,0.72,1.40,1.89,2.32,-3.89,45.39,-19.79,1
e,2022-11-01 17:21:41.361747,-0.06,-0.70,0.71,1.10,1.95,2.44,-4.52,45.64,-21.50,1
e,2022-11-01 17:21:41.361899,-0.06,-0.70,0.72,1.28,1.89,2.44,-4.52,45.64,-21.50,1
e,2022-11-01 17:21:41.362050,-0.06,-0.70,0.71,1.16,1.77,2.44,-4.52,45.64,-21.50,1
e,2022-11-01 17:21:41.362205,-0.06,-0.70,0.71,1.46,1.89,2.50,-4.49,45.94,-21.34,1
e,2022-11-01 17:21:41.362355,-0.06,-0.70,0.71,1.16,1.95,2.62,-4.49,45.94,-21.34,1
e,2022-11-01 17:21:41.362510,-0.06,-0.70,0.71,1.34,1.89,2.44,-4.49,45.94,-21.34,1
e,2022-11-01 17:21:41.362661,-0.06,-0.70,0.71,1.22,1.89,2.69,-4.22,45.32,-19.92,1
e,2022-11-01 17:21:41.362810,-0.06,-0.70,0.71,1.16,1.83,2.56,-4.22,45.32,-19.92,1
e,2022-11-01 17:21:41.362965,-0.06,-0.70,0.71,1.16,1.95,2.50,-4.15,45.01,-21.04,1
e,2022-11-01 17:21:41.363114,-0.06,-0.70,0.71,1.16,1.83,2.56,-4.15,45.01,-21.04,1
e,2022-11-01 17:21:41.363269,-0.06,-0.70,0.72,1.34,1.89,2.38,-4.15,45.01,-21.04,1
e,2022-11-01 17:21:41.363418,-0.06,-0.70,0.72,1.28,1.95,2.56,-4.32,45.07,-20.94,1
e,2022-11-01 17:21:41.363570,-0.06,-0.70,0.71,1.40,1.89,2.44,-4.32,45.07,-20.94,1
e,2022-11-01 17:21:41.363727,-0.06,-0.70,0.71,1.34,1.83,2.26,-4.32,45.07,-20.94,1
e,2022-11-01 17:21:41.363878,-0.06,-0.70,0.71,1.28,1.83,2.50,-4.35,44.73,-20.03,1
e,2022-11-01 17:21:41.364033,-0.06,-0.70,0.71,1.28,1.83,2.44,-4.35,44.73,-20.03,1
e,2022-11-01 17:21:41.364184,-0.06,-0.70,0.72,1.16,2.01,2.38,-4.35,44.73,-20.03,1
e,2022-11-01 17:21:41.364334,-0.06,-0.70,0.71,1.04,1.89,2.38,-4.37,45.46,-20.43,1
e,2022-11-01 17:21:41.364489,-0.06,-0.70,0.72,1.22,2.01,2.38,-4.37,45.46,-20.43,1
e,2022-11-01 17:21:41.364640,-0.06,-0.70,0.71,1.10,1.95,2.50,-4.21,44.87,-21.08,1
e,2022-11-01 17:21:41.364796,-0.06,-0.70,0.71,1.22,2.01,2.26,-4.21,44.87,-21.08,1
e,2022-11-01 17:21:41.364947,-0.06,-0.70,0.72,1.04,1.89,2.56,-4.21,44.87,-21.08,1
e,2022-11-01 17:21:41.365102,-0.06,-0.70,0.72,1.04,1.89,2.38,-4.21,45.02,-20.62,1
e,2022-11-01 17:21:41.365253,-0.06,-0.70,0.72,1.22,1.95,2.32,-4.21,45.02,-20.62,1
e,2022-11-01 17:21:41.365405,-0.06,-0.70,0.71,1.22,1.95,2.38,-4.21,45.02,-20.62,1
e,2022-11-01 17:21:41.365561,-0.06,-0.70,0.71,1.16,1.89,2.44,-4.36,44.90,-19.97,1
e,2022-11-01 17:21:41.365714,-0.06,-0.70,0.72,1.28,1.95,2.38,-4.36,44.90,-19.97,1
e,2022-11-01 17:21:41.365872,-0.06,-0.70,0.71,1.53,1.89,2.50,-4.36,44.90,-19.97,1
e,2022-11-01 17:21:41.366022,-0.06,-0.70,0.71,1.16,1.77,2.38,-4.31,44.29,-20.37,1
e,2022-11-01 17:21:41.366172,-0.06,-0.70,0.71,1.16,1.89,2.56,-4.31,44.29,-20.37,1
e,2022-11-01 17:21:41.366329,-0.06,-0.70,0.71,1.28,1.89,2.44,-4.04,45.18,-20.00,1
e,2022-11-01 17:21:41.366478,-0.06,-0.70,0.71,1.16,1.95,2.38,-4.04,45.18,-20.00,1
e,2022-11-01 17:21:41.366634,-0.06,-0.70,0.71,1.16,2.01,2.62,-4.04,45.18,-20.00,1
e,2022-11-01 17:21:41.366785,-0.06,-0.70,0.71,1.28,1.95,2.32,-4.61,45.80,-18.88,1
e,2022-11-01 17:21:41.366937,-0.06,-0.70,0.71,1.46,1.77,2.38,-4.61,45.80,-18.88,1
e,2022-11-01 17:21:41.367094,-0.06,-0.70,0.71,1.16,1.89,2.38,-4.61,45.80,-18.88,1
e,2022-11-01 17:21:41.367246,-0.06,-0.70,0.71,1.34,1.95,2.38,-4.06,45.48,-19.65,1
e,2022-11-01 17:21:41.367404,-0.06,-0.70,0.71,1.28,2.01,2.38,-4.06,45.48,-19.65,1
e,2022-11-01 17:21:41.367555,-0.06,-0.70,0.71,1.28,2.01,2.44,-4.06,45.48,-19.65,1
e,2022-11-01 17:21:41.367712,-0.06,-0.70,0.71,1.16,1.83,2.38,-4.42,45.56,-20.32,1
e,2022-11-01 17:21:41.367864,-0.06,-0.70,0.71,1.53,1.89,2.56,-4.42,45.56,-20.32,1
e,2022-11-01 17:21:41.368016,-0.06,-0.70,0.71,1.22,2.08,2.44,-4.52,44.79,-19.60,1
e,2022-11-01 17:21:41.368175,-0.06,-0.70,0.71,1.16,1.95,2.32,-4.52,44.79,-19.60,1
e,2022-11-01 17:21:41.368326,-0.06,-0.69,0.72,1.34,2.08,2.62,-4.52,44.79,-19.60,1
e,2022-11-01 17:21:41.368482,-0.06,-0.70,0.72,1.40,1.77,2.62,-4.94,45.52,-21.42,1
e,2022-11-01 17:21:41.368634,-0.06,-0.70,0.71,1.40,1.89,2.56,-4.94,45.52,-21.42,1
e,2022-11-01 17:21:41.368801,-0.06,-0.70,0.72,1.34,1.83,2.50,-4.94,45.52,-21.42,1
e,2022-11-01 17:21:41.368956,-0.06,-0.70,0.72,1.28,1.83,2.50,-3.77,45.06,-19.92,1
e,2022-11-01 17:21:41.369107,-0.06,-0.70,0.71,1.16,1.95,2.26,-3.77,45.06,-19.92,1
e,2022-11-01 17:21:41.369263,-0.06,-0.70,0.72,1.22,2.08,2.44,-3.77,45.06,-19.92,1
e,2022-11-01 17:21:41.369417,-0.06,-0.70,0.71,1.10,1.77,2.08,-4.25,44.67,-20.67,1
e,2022-11-01 17:21:41.369568,-0.06,-0.70,0.71,1.34,1.95,2.50,-4.25,44.67,-20.67,1
e,2022-11-01 17:21:41.369726,-0.06,-0.70,0.71,1.10,1.89,2.38,-4.02,44.75,-20.03,1
e,2022-11-01 17:21:41.369877,-0.06,-0.70,0.72,1.10,1.95,2.56,-4.02,44.75,-20.03,1
e,2022-11-01 17:21:41.370036,-0.06,-0.70,0.71,1.28,2.01,2.44,-4.02,44.75,-20.03,1
e,2022-11-01 17:21:41.370190,-0.06,-0.70,0.72,1.10,1.95,2.26,-4.02,45.13,-20.17,1
e,2022-11-01 17:21:41.370345,-0.06,-0.70,0.71,1.28,1.95,2.38,-4.02,45.13,-20.17,1
e,2022-11-01 17:21:41.370505,-0.06,-0.70,0.71,1.22,1.77,2.44,-4.02,45.13,-20.17,1
e,2022-11-01 17:21:41.370656,-0.06,-0.70,0.71,1.16,1.77,2.38,-4.60,45.10,-19.74,1
e,2022-11-01 17:21:41.370813,-0.06,-0.70,0.71,1.40,1.89,2.50,-4.60,45.10,-19.74,1
e,2022-11-01 17:21:41.370965,-0.06,-0.70,0.71,1.16,1.71,2.56,-4.60,45.10,-19.74,1
e,2022-11-01 17:21:41.371124,-0.06,-0.70,0.71,1.10,1.71,2.32,-4.28,45.14,-19.53,1
e,2022-11-01 17:21:41.371277,-0.06,-0.70,0.72,1.28,1.89,2.50,-4.28,45.14,-19.53,1
e,2022-11-01 17:21:41.371429,-0.06,-0.70,0.71,1.34,1.71,2.50,-4.46,44.75,-19.69,1
e,2022-11-01 17:21:41.371584,-0.06,-0.70,0.71,1.34,1.65,2.38,-4.46,44.75,-19.69,1
e,2022-11-01 17:21:41.371736,-0.06,-0.70,0.71,1.28,1.89,2.38,-4.46,44.75,-19.69,1
e,2022-11-01 17:21:41.371892,-0.06,-0.70,0.72,1.34,1.71,2.56,-4.36,44.68,-20.83,1
e,2022-11-01 17:21:41.372046,-0.06,-0.70,0.71,1.16,2.01,2.44,-4.36,44.68,-20.83,1
e,2022-11-01 17:21:41.372200,-0.06,-0.70,0.72,1.04,1.95,2.44,-4.36,44.68,-20.83,1
e,2022-11-01 17:21:41.372358,-0.06,-0.70,0.71,1.40,1.83,2.38,-4.43,45.13,-21.70,1
e,2022-11-01 17:21:41.372511,-0.06,-0.70,0.72,1.10,2.01,2.44,-4.43,45.13,-21.70,1
e,2022-11-01 17:21:41.372671,-0.06,-0.70,0.71,1.28,2.08,2.56,-4.43,45.13,-21.70,1
e,2022-11-01 17:21:41.372824,-0.06,-0.70,0.71,0.98,1.89,2.26,-4.48,45.08,-21.18,1
e,2022-11-01 17:21:41.372977,-0.06,-0.70,0.72,1.34,1.77,2.50,-4.48,45.08,-21.18,1
e,2022-11-01 17:21:41.373147,-0.06,-0.70,0.72,1.22,1.89,2.44,-4.75,44.51,-20.46,1
e,2022-11-01 17:21:41.373298,-0.06,-0.70,0.71,1.28,1.89,2.32,-4.75,44.51,-20.46,1
e,2022-11-01 17:21:41.373460,-0.06,-0.70,0.71,1.28,1.83,2.44,-4.75,44.51,-20.46,1
e,2022-11-01 17:21:41.373612,-0.06,-0.70,0.72,1.16,1.83,2.56,-4.22,44.91,-20.94,1
e,2022-11-01 17:21:41.373765,-0.06,-0.70,0.72,1.46,1.77,2.44,-4.22,44.91,-20.94,1
e,2022-11-01 17:21:41.373924,-0.06,-0.70,0.71,1.34,1.95,2.50,-4.22,44.91,-20.94,1
e,2022-11-01 17:21:41.374078,-0.06,-0.70,0.71,0.98,1.89,2.50,-4.49,45.35,-20.81,1
e,2022-11-01 17:21:41.374237,-0.06,-0.70,0.71,1.16,1.89,2.50,-4.49,45.35,-20.81,1
e,2022-11-01 17:21:41.374389,-0.06,-0.70,0.71,1.22,1.95,2.38,-4.49,45.35,-20.81,1
e,2022-11-01 17:21:41.374543,-0.06,-0.70,0.71,1.28,1.71,2.44,-4.92,45.20,-19.70,1
e,2022-11-01 17:21:41.374705,-0.06,-0.70,0.72,1.34,1.95,2.56,-4.92,45.20,-19.70,1
e,2022-11-01 17:21:41.374860,-0.06,-0.70,0.72,1.34,1.89,2.38,-4.36,45.10,-21.40,1
e,2022-11-01 17:21:41.375032,-0.06,-0.70,0.71,1.16,1.89,2.50,-4.36,45.10,-21.40,1
e,2022-11-01 17:21:41.375184,-0.06,-0.70,0.71,1.28,1.95,2.56,-4.36,45.10,-21.40,1
e,2022-11-01 17:21:41.375344,-0.06,-0.70,0.72,1.04,1.83,2.44,-4.30,44.69,-21.36,1
e,2022-11-01 17:21:41.375500,-0.06,-0.70,0.71,1.34,2.01,2.62,-4.30,44.69,-21.36,1
e,2022-11-01 17:21:41.375658,-0.06,-0.70,0.72,1.28,1.83,2.44,-4.30,44.69,-21.36,1
e,2022-11-01 17:21:41.375817,-0.06,-0.70,0.71,0.98,1.89,2.44,-4.35,45.30,-20.54,1
e,2022-11-01 17:21:41.375970,-0.06,-0.70,0.71,1.16,1.77,2.44,-4.35,45.30,-20.54,1
e,2022-11-01 17:21:41.376131,-0.06,-0.70,0.72,1.16,1.95,2.44,-4.35,45.30,-20.54,1
e,2022-11-01 17:21:41.376285,-0.06,-0.70,0.71,1.22,2.01,2.50,-4.58,45.30,-21.48,1
e,2022-11-01 17:21:41.376436,-0.06,-0.70,0.71,1.34,1.95,2.56,-4.58,45.30,-21.48,1
e,2022-11-01 17:21:41.376594,-0.06,-0.70,0.72,1.22,1.83,2.62,-4.19,45.28,-19.89,1
e,2022-11-01 17:21:41.376745,-0.06,-0.70,0.71,0.92,1.89,2.14,-4.19,45.28,-19.89,1
e,2022-11-01 17:21:41.376904,-0.06,-0.70,0.72,1.28,1.83,2.50,-4.19,45.28,-19.89,1
e,2022-11-01 17:21:41.377055,-0.06,-0.70,0.71,1.10,2.01,2.38,-4.63,45.43,-19.93,1
e,2022-11-01 17:21:41.377208,-0.06,-0.70,0.71,1.22,1.95,2.32,-4.63,45.43,-19.93,1
e,2022-11-01 17:21:41.377366,-0.06,-0.70,0.72,1.28,1.83,2.50,-4.63,45.43,-19.93,1
e,2022-11-01 17:21:41.377518,-0.06,-0.70,0.72,1.28,1.95,2.50,-4.28,45.37,-19.42,1
e,2022-11-01 17:21:41.377675,-0.06,-0.70,0.72,1.16,1.95,2.56,-4.28,45.37,-19.42,1
e,2022-11-01 17:21:41.377828,-0.06,-0.70,0.71,1.28,1.95,2.50,-4.28,45.37,-19.42,1
e,2022-11-01 17:21:41.377979,-0.06,-0.70,0.72,1.04,1.89,2.50,-4.53,45.48,-19.80,1
e,2022-11-01 17:21:41.378137,-0.06,-0.70,0.71,1.34,2.01,2.50,-4.53,45.48,-19.80,1
e,2022-11-01 17:21:41.378288,-0.06,-0.70,0.72,1.22,1.95,2.56,-4.66,44.78,-20.97,1
e,2022-11-01 17:21:41.378449,-0.06,-0.70,0.72,1.28,1.83,2.44,-4.66,44.78,-20.97,1
e,2022-11-01 17:21:41.378601,-0.06,-0.70,0.71,1.28,1.89,2.56,-4.66,44.78,-20.97,1
e,2022-11-01 17:21:41.378757,-0.06,-0.70,0.71,1.34,1.83,2.32,-4.52,45.29,-21.00,1
e,2022-11-01 17:21:41.378907,-0.06,-0.70,0.72,1.22,1.83,2.56,-4.52,45.29,-21.00,1
e,2022-11-01 17:21:41.379058,-0.06,-0.70,0.71,1.34,1.95,2.62,-4.52,45.29,-21.00,1
e,2022-11-01 17:21:41.379216,-0.06,-0.69,0.71,1.40,1.95,2.44,-4.02,44.74,-20.30,1
e,2022-11-01 17:21:41.379368,-0.06,-0.70,0.71,1.46,1.77,2.62,-4.02,44.74,-20.30,1
e,2022-11-01 17:21:41.379524,-0.06,-0.70,0.71,1.34,1.89,2.50,-4.02,44.74,-20.30,1
e,2022-11-01 17:21:41.379676,-0.06,-0.70,0.71,1.10,2.01,2.32,-4.91,44.81,-20.58,1
e,2022-11-01 17:21:41.379827,-0.06,-0.70,0.72,1.40,1.95,2.56,-4.91,44.81,-20.58,1
e,2022-11-01 17:21:41.379983,-0.06,-0.70,0.72,1.16,1.89,2.50,-4.36,45.04,-20.08,1
e,2022-11-01 17:21:41.380135,-0.06,-0.70,0.72,1.34,2.01,2.32,-4.36,45.04,-20.08,1
e,2022-11-01 17:21:41.380295,-0.06,-0.70,0.72,1.28,1.83,2.62,-4.36,45.04,-20.08,1
e,2022-11-01 17:21:41.380449,-0.06,-0.70,0.71,1.10,1.77,2.44,-4.74,45.18,-19.92,1
e,2022-11-01 17:21:41.380599,-0.06,-0.70,0.71,1.22,1.95,2.44,-4.74,45.18,-19.92,1
e,2022-11-01 17:21:41.380756,-0.06,-0.70,0.71,1.22,1.83,2.62,-4.74,45.18,-19.92,1
e,2022-11-01 17:21:41.380907,-0.06,-0.70,0.71,1.16,1.89,2.26,-3.67,44.82,-20.69,1
e,2022-11-01 17:21:41.381063,-0.06,-0.70,0.72,1.16,1.83,2.44,-3.67,44.82,-20.69,1
e,2022-11-01 17:21:41.381213,-0.06,-0.70,0.72,0.85,1.95,2.32,-3.67,44.82,-20.69,1
e,2022-11-01 17:21:41.381372,-0.06,-0.70,0.71,1.10,1.83,2.32,-5.02,45.17,-20.74,1
e,2022-11-01 17:21:41.381525,-0.06,-0.70,0.71,1.16,1.89,2.38,-5.02,45.17,-20.74,1
e,2022-11-01 17:21:41.381676,-0.06,-0.70,0.71,1.22,1.95,2.50,-4.54,45.30,-20.00,1
e,2022-11-01 17:21:41.381833,-0.06,-0.70,0.71,1.16,1.77,2.56,-4.54,45.30,-20.00,1
e,2022-11-01 17:21:41.381984,-0.06,-0.70,0.71,1.04,1.89,2.38,-4.54,45.30,-20.00,1
e,2022-11-01 17:21:41.382139,-0.06,-0.70,0.72,1.16,1.89,2.50,-4.55,44.91,-19.34,1
e,2022-11-01 17:21:41.382291,-0.06,-0.70,0.71,1.34,1.89,2.44,-4.55,44.91,-19.34,1
e,2022-11-01 17:21:41.382443,-0.06,-0.70,0.71,1.16,2.14,2.44,-4.55,44.91,-19.34,1
e,2022-11-01 17:21:41.382598,-0.06,-0.70,0.71,1.16,1.83,2.38,-4.22,45.04,-20.10,1
e,2022-11-01 17:21:41.382748,-0.06,-0.69,0.71,1.22,1.89,2.38,-4.22,45.04,-20.10,1
e,2022-11-01 17:21:41.382903,-0.06,-0.70,0.71,1.22,1.95,2.56,-4.22,45.04,-20.10,1
e,2022-11-01 17:21:41.383052,-0.06,-0.70,0.71,1.04,1.77,2.50,-4.11,45.54,-20.04,1
e,2022-11-01 17:21:41.383202,-0.06,-0.70,0.71,1.16,2.01,2.44,-4.11,45.54,-20.04,1
e,2022-11-01 17:21:41.383357,-0.06,-0.70,0.72,1.40,1.89,2.62,-4.71,44.63,-20.21,1
e,2022-11-01 17:21:41.383510,-0.06,-0.70,0.72,1.04,1.83,2.26,-4.71,44.63,-20.21,1
e,2022-11-01 17:21:41.383668,-0.06,-0.70,0.71,1.10,1.77,2.26,-4.71,44.63,-20.21,1
e,2022-11-01 17:21:41.383821,-0.06,-0.70,0.72,1.22,1.95,2.38,-4.53,44.90,-21.20,1
e,2022-11-01 17:21:41.383988,-0.06,-0.70,0.71,1.04,1.89,2.38,-4.53,44.90,-21.20,1
e,2022-11-01 17:21:41.384139,-0.06,-0.70,0.71,1.22,1.83,2.56,-4.53,44.90,-21.20,1
e,2022-11-01 17:21:41.384289,-0.06,-0.69,0.71,1.04,1.77,2.32,-4.46,45.30,-21.14,1
e,2022-11-01 17:21:41.384443,-0.06,-0.70,0.72,1.10,2.08,2.62,-4.46,45.30,-21.14,1
e,2022-11-01 17:21:41.384593,-0.06,-0.70,0.72,1.34,2.14,2.50,-4.46,45.30,-21.14,1
e,2022-11-01 17:21:41.384749,-0.06,-0.70,0.71,1.16,1.83,2.38,-4.22,45.21,-19.73,1
e,2022-11-01 17:21:41.384901,-0.06,-0.70,0.72,1.10,1.95,2.50,-4.22,45.21,-19.73,1
e,2022-11-01 17:21:41.385050,-0.06,-0.70,0.71,1.22,1.89,2.62,-4.58,44.98,-19.81,1
e,2022-11-01 17:21:41.385205,-0.06,-0.70,0.71,1.28,1.83,2.38,-4.58,44.98,-19.81,1
e,2022-11-01 17:21:41.385357,-0.06,-0.70,0.72,1.34,1.83,2.69,-4.58,44.98,-19.81,1
e,2022-11-01 17:21:41.385516,-0.06,-0.70,0.72,1.16,1.95,2.56,-4.79,44.80,-20.42,1
e,2022-11-01 17:21:41.385668,-0.06,-0.70,0.72,1.28,1.83,2.38,-4.79,44.80,-20.42,1
e,2022-11-01 17:21:41.385819,-0.06,-0.70,0.72,1.34,1.95,2.44,-4.79,44.80,-20.42,1
e,2022-11-01 17:21:41.385974,-0.06,-0.70,0.71,1.34,1.89,2.44,-4.54,44.67,-20.34,1
e,2022-11-01 17:21:41.386126,-0.06,-0.70,0.71,1.22,2.01,2.50,-4.54,44.67,-20.34,1
e,2022-11-01 17:21:41.386281,-0.06,-0.70,0.71,1.16,2.01,2.50,-4.54,44.67,-20.34,1
e,2022-11-01 17:21:41.386430,-0.06,-0.70,0.71,1.16,1.77,2.38,-4.59,45.24,-19.31,1
e,2022-11-01 17:21:41.386584,-0.06,-0.69,0.71,1.10,2.14,2.50,-4.59,45.24,-19.31,1
e,2022-11-01 17:21:41.386736,-0.06,-0.70,0.71,1.34,1.89,2.44,-4.53,44.43,-20.68,1
e,2022-11-01 17:21:41.386890,-0.06,-0.70,0.71,1.10,1.95,2.38,-4.53,44.43,-20.68,1
e,2022-11-01 17:21:41.387046,-0.06,-0.70,0.72,1.22,2.01,2.56,-4.53,44.43,-20.68,1
e,2022-11-01 17:21:41.387196,-0.06,-0.70,0.71,1.10,2.01,2.38,-3.80,45.30,-21.00,1
e,2022-11-01 17:21:41.387353,-0.06,-0.70,0.72,1.16,1.95,2.56,-3.80,45.30,-21.00,1
e,2022-11-01 17:21:41.387502,-0.06,-0.70,0.71,1.22,1.89,2.50,-3.80,45.30,-21.00,1
e,2022-11-01 17:21:41.387652,-0.06,-0.70,0.71,1.16,1.89,2.32,-4.00,45.26,-20.53,1
e,2022-11-01 17:21:41.387806,-0.06,-0.70,0.72,1.16,1.89,2.44,-4.00,45.26,-20.53,1
e,2022-11-01 17:21:41.387960,-0.06,-0.70,0.72,1.22,1.89,2.44,-4.00,45.26,-20.53,1
e,2022-11-01 17:21:41.388117,-0.06,-0.70,0.72,1.04,1.77,2.32,-4.59,44.79,-20.94,1
e,2022-11-01 17:21:41.388267,-0.06,-0.70,0.71,1.34,1.83,2.44,-4.59,44.79,-20.94,1
e,2022-11-01 17:21:41.388416,-0.06,-0.70,0.72,1.04,1.89,2.26,-4.54,45.24,-21.35,1
e,2022-11-01 17:21:41.388572,-0.06,-0.70,0.72,0.85,1.83,2.26,-4.54,45.24,-21.35,1
e,2022-11-01 17:21:41.388726,-0.06,-0.70,0.71,1.10,2.01,2.44,-4.54,45.24,-21.35,1
e,2022-11-01 17:21:41.388886,-0.06,-0.70,0.71,1.22,1.95,2.56,-4.57,45.18,-21.89,1
e,2022-11-01 17:21:41.389041,-0.06,-0.70,0.72,1.34,2.08,2.44,-4.57,45.18,-21.89,1
e,2022-11-01 17:21:41.389192,-0.06,-0.70,0.72,1.16,1.89,2.50,-4.57,45.18,-21.89,1
e,2022-11-01 17:21:41.389348,-0.06,-0.70,0.71,1.22,1.77,2.44,-4.30,45.02,-21.19,1
e,2022-11-01 17:21:41.389499,-0.06,-0.70,0.71,1.16,1.89,2.50,-4.30,45.02,-21.19,1
e,2022-11-01 17:21:41.389657,-0.06,-0.70,0.71,1.53,1.83,2.62,-4.30,45.02,-21.19,1
e,2022-11-01 17:21:41.389807,-0.06,-0.70,0.72,1.04,1.83,2.44,-4.19,44.91,-20.46,1
e,2022-11-01 17:21:41.389961,-0.06,-0.70,0.71,1.34,1.83,2.32,-4.19,44.91,-20.46,1
e,2022-11-01 17:21:41.390114,-0.06,-0.70,0.72,1.22,1.77,2.56,-4.52,45.25,-20.02,1
e,2022-11-01 17:21:41.390265,-0.06,-0.70,0.71,1.16,1.89,2.56,-4.52,45.25,-20.02,1
e,2022-11-01 17:21:41.390424,-0.06,-0.70,0.71,1.40,1.95,2.44,-4.52,45.25,-20.02,1
e,2022-11-01 17:21:41.390575,-0.06,-0.70,0.71,1.40,1.77,2.38,-4.59,45.45,-20.52,1
e,2022-11-01 17:21:41.390732,-0.06,-0.70,0.72,1.28,1.95,2.44,-4.59,45.45,-20.52,1
e,2022-11-01 17:21:41.390884,-0.06,-0.69,0.71,1.22,1.83,2.44,-4.59,45.45,-20.52,1
e,2022-11-01 17:21:41.391037,-0.06,-0.69,0.71,1.28,1.77,2.44,-4.44,44.58,-19.75,1
e,2022-11-01 17:21:41.391198,-0.06,-0.70,0.72,1.40,1.77,2.62,-4.44,44.58,-19.75,1
e,2022-11-01 17:21:41.391350,-0.06,-0.70,0.71,1.04,1.95,2.32,-4.44,44.58,-19.75,1
e,2022-11-01 17:21:41.391508,-0.06,-0.70,0.72,1.04,1.77,2.38,-4.49,45.14,-20.32,1
e,2022-11-01 17:21:41.391659,-0.06,-0.70,0.71,1.16,1.83,2.56,-4.49,45.14,-20.32,1
e,2022-11-01 17:21:41.391813,-0.06,-0.70,0.72,1.04,1.95,2.50,-4.49,45.43,-20.48,1
e,2022-11-01 17:21:41.391969,-0.06,-0.70,0.72,1.34,1.77,2.38,-4.49,45.43,-20.48,1
e,2022-11-01 17:21:41.392120,-0.06,-0.70,0.72,1.34,1.83,2.44,-4.49,45.43,-20.48,1
e,2022-11-01 17:21:41.392279,-0.06,-0.70,0.71,1.40,1.77,2.38,-4.83,45.29,-21.50,1
e,2022-11-01 17:21:41.392433,-0.06,-0.70,0.72,1.34,1.95,2.69,-4.83,45.29,-21.50,1
e,2022-11-01 17:21:41.392585,-0.06,-0.70,0.72,1.16,1.95,2.44,-4.83,45.29,-21.50,1
e,2022-11-01 17:21:41.392743,-0.06,-0.70,0.71,1.16,1.77,2.26,-4.17,45.30,-19.85,1
e,2022-11-01 17:21:41.392895,-0.06,-0.70,0.72,1.10,1.83,2.56,-4.17,45.30,-19.85,1
e,2022-11-01 17:21:41.393052,-0.06,-0.70,0.72,1.16,1.83,2.44,-4.17,45.30,-19.85,1
e,2022-11-01 17:21:41.393204,-0.06,-0.70,0.72,1.28,1.71,2.38,-3.88,45.29,-19.85,1
e,2022-11-01 17:21:41.393362,-0.06,-0.70,0.72,1.28,1.95,2.38,-3.88,45.29,-19.85,1
e,2022-11-01 17:21:41.393516,-0.06,-0.70,0.72,1.22,1.95,2.38,-3.54,44.78,-20.67,1
e,2022-11-01 17:21:41.393669,-0.06,-0.70,0.72,1.10,1.89,2.44,-3.54,44.78,-20.67,1
e,2022-11-01 17:21:41.393824,-0.06,-0.70,0.71,1.04,1.89,2.32,-3.54,44.78,-20.67,1
e,2022-11-01 17:21:41.393978,-0.06,-0.70,0.72,1.22,1.77,2.44,-4.52,44.41,-20.83,1
e,2022-11-01 17:21:41.394135,-0.06,-0.70,0.71,1.04,1.89,2.38,-4.52,44.41,-20.83,1
e,2022-11-01 17:21:41.394285,-0.06,-0.70,0.72,1.10,2.08,2.38,-4.52,44.41,-20.83,1
e,2022-11-01 17:21:41.394437,-0.06,-0.70,0.72,0.92,1.83,2.26,-3.99,44.65,-19.76,1
e,2022-11-01 17:21:41.394601,-0.06,-0.70,0.72,1.28,2.01,2.50,-3.99,44.65,-19.76,1
e,2022-11-01 17:21:41.394752,-0.06,-0.70,0.72,1.40,1.89,2.44,-3.99,44.65,-19.76,1
e,2022-11-01 17:21:41.394907,-0.06,-0.70,0.72,0.85,2.01,2.32,-4.17,44.82,-19.59,1
e,2022-11-01 17:21:41.395057,-0.06,-0.70,0.71,1.34,1.77,2.56,-4.17,44.82,-19.59,1
e,2022-11-01 17:21:41.395213,-0.06,-0.70,0.72,1.16,1.95,2.44,-4.64,45.13,-20.67,1
e,2022-11-01 17:21:41.395365,-0.06,-0.70,0.72,1.34,1.71,2.50,-4.64,45.13,-20.67,1
e,2022-11-01 17:21:41.395517,-0.06,-0.70,0.72,1.16,1.83,2.50,-4.64,45.13,-20.67,1
e,2022-11-01 17:21:41.395682,-0.06,-0.70,0.72,1.28,1.83,2.50,-4.22,44.73,-20.68,1
e,2022-11-01 17:21:41.395835,-0.06,-0.70,0.71,1.16,2.08,2.56,-4.22,44.73,-20.68,1
e,2022-11-01 17:21:41.396004,-0.06,-0.70,0.72,1.16,1.89,2.44,-4.22,44.73,-20.68,1
e,2022-11-01 17:21:41.396161,-0.06,-0.70,0.71,1.10,1.95,2.32,-3.76,44.64,-20.80,1
e,2022-11-01 17:21:41.396317,-0.06,-0.70,0.72,1.10,2.01,2.50,-3.76,44.64,-20.80,1
e,2022-11-01 17:21:41.396477,-0.06,-0.70,0.72,1.10,1.95,2.50,-3.76,44.64,-20.80,1
e,2022-11-01 17:21:41.396631,-0.06,-0.69,0.71,0.92,1.83,2.32,-4.32,45.00,-20.90,1
e,2022-11-01 17:21:41.396790,-0.06,-0.69,0.71,1.16,1.95,2.38,-4.32,45.00,-20.90,1
e,2022-11-01 17:21:41.396940,-0.06,-0.70,0.71,1.16,2.08,2.38,-4.10,44.93,-20.23,1
e,2022-11-01 17:21:41.397091,-0.06,-0.70,0.71,1.10,2.01,2.26,-4.10,44.93,-20.23,1
e,2022-11-01 17:21:41.397248,-0.06,-0.70,0.71,0.98,1.89,2.50,-4.10,44.93,-20.23,1
e,2022-11-01 17:21:41.397399,-0.06,-0.70,0.72,1.16,1.83,2.44,-4.44,45.13,-21.07,1
e,2022-11-01 17:21:41.397557,-0.06,-0.70,0.72,1.22,1.89,2.50,-4.44,45.13,-21.07,1
e,2022-11-01 17:21:41.397708,-0.06,-0.70,0.72,1.22,1.77,2.44,-4.44,45.13,-21.07,1
e,2022-11-01 17:21:41.397864,-0.06,-0.70,0.72,1.28,1.89,2.44,-3.98,44.89,-20.46,1
e,2022-11-01 17:21:41.398015,-0.06,-0.70,0.71,1.16,1.89,2.44,-3.98,44.89,-20.46,1
e,2022-11-01 17:21:41.398166,-0.06,-0.70,0.72,1.04,1.83,2.38,-3.98,44.89,-20.46,1
e,2022-11-01 17:21:41.398321,-0.06,-0.70,0.72,0.92,2.01,2.38,-4.28,44.97,-21.02,1
e,2022-11-01 17:21:41.398470,-0.06,-0.70,0.72,1.34,1.77,2.38,-4.28,44.97,-21.02,1
e,2022-11-01 17:21:41.398627,-0.06,-0.70,0.72,1.28,1.89,2.50,-4.25,45.45,-20.76,1
e,2022-11-01 17:21:41.398777,-0.06,-0.70,0.72,0.98,1.95,2.32,-4.25,45.45,-20.76,1
e,2022-11-01 17:21:41.398927,-0.06,-0.69,0.71,1.34,1.83,2.44,-4.25,45.45,-20.76,1
e,2022-11-01 17:21:41.399084,-0.06,-0.70,0.71,1.10,1.89,2.38,-4.50,44.91,-20.48,1
e,2022-11-01 17:21:41.399250,-0.06,-0.70,0.72,1.10,2.14,2.56,-4.50,44.91,-20.48,1
e,2022-11-01 17:21:41.399408,-0.06,-0.70,0.71,1.10,1.89,2.44,-4.50,44.91,-20.48,1
e,2022-11-01 17:21:41.399560,-0.06,-0.69,0.71,1.28,1.89,2.62,-4.19,44.78,-20.98,1
e,2022-11-01 17:21:41.399711,-0.06,-0.69,0.71,1.10,2.01,2.56,-4.19,44.78,-20.98,1
e,2022-11-01 17:21:41.399868,-0.06,-0.70,0.72,1.22,1.83,2.56,-4.19,44.78,-20.98,1
e,2022-11-01 17:21:41.400016,-0.06,-0.70,0.72,0.98,1.95,2.32,-4.27,45.42,-20.95,1
e,2022-11-01 17:21:41.400173,-0.06,-0.70,0.71,1.04,1.95,2.44,-4.27,45.42,-20.95,1
e,2022-11-01 17:21:41.400324,-0.06,-0.70,0.71,1.22,1.89,2.32,-4.27,45.04,-20.54,1
e,2022-11-01 17:21:41.400478,-0.06,-0.70,0.72,1.04,1.83,2.38,-4.27,45.04,-20.54,1
e,2022-11-01 17:21:41.400629,-0.06,-0.70,0.71,1.04,1.95,2.44,-4.27,45.04,-20.54,1
e,2022-11-01 17:21:41.400779,-0.06,-0.69,0.71,1.04,1.83,2.38,-4.54,44.52,-20.83,1
e,2022-11-01 17:21:41.400935,-0.06,-0.70,0.72,1.22,1.83,2.50,-4.54,44.52,-20.83,1
e,2022-11-01 17:21:41.401087,-0.06,-0.70,0.72,1.22,1.77,2.44,-4.54,44.52,-20.83,1
e,2022-11-01 17:21:41.401244,-0.06,-0.69,0.72,1.22,1.95,2.32,-4.80,45.37,-19.04,1
e,2022-11-01 17:21:41.401396,-0.06,-0.69,0.72,1.16,1.95,2.56,-4.80,45.37,-19.04,1
e,2022-11-01 17:21:41.401548,-0.06,-0.70,0.71,1.28,1.83,2.56,-4.80,45.37,-19.04,1
e,2022-11-01 17:21:41.401703,-0.06,-0.70,0.72,1.16,1.83,2.50,-4.43,44.79,-19.73,1
e,2022-11-01 17:21:41.401856,-0.06,-0.70,0.72,1.28,2.01,2.44,-4.43,44.79,-19.73,1
e,2022-11-01 17:21:41.402013,-0.06,-0.70,0.72,1.22,2.08,2.56,-3.77,45.04,-20.87,1
e,2022-11-01 17:21:41.402166,-0.06,-0.70,0.72,1.40,2.01,2.44,-3.77,45.04,-20.87,1
e,2022-11-01 17:21:41.402317,-0.06,-0.69,0.71,1.22,1.95,2.50,-3.77,45.04,-20.87,1
e,2022-11-01 17:21:41.402473,-0.06,-0.69,0.71,1.16,1.89,2.38,-4.53,45.43,-20.04,1
e,2022-11-01 17:21:41.402625,-0.06,-0.70,0.71,1.28,1.89,2.38,-4.53,45.43,-20.04,1
e,2022-11-01 17:21:41.402780,-0.06,-0.70,0.72,1.16,2.01,2.56,-4.53,45.43,-20.04,1
e,2022-11-01 17:21:41.402930,-0.06,-0.69,0.72,1.16,1.77,2.26,-4.24,44.76,-20.50,1
e,2022-11-01 17:21:41.403083,-0.06,-0.69,0.71,1.22,1.89,2.44,-4.24,44.76,-20.50,1
e,2022-11-01 17:21:41.403235,-0.06,-0.70,0.71,1.28,2.01,2.44,-4.24,44.76,-20.50,1
e,2022-11-01 17:21:41.403385,-0.06,-0.69,0.72,0.98,1.77,2.32,-4.25,44.97,-20.94,1
e,2022-11-01 17:21:41.403544,-0.06,-0.70,0.72,1.40,1.89,2.44,-4.25,44.97,-20.94,1
e,2022-11-01 17:21:41.403695,-0.06,-0.70,0.71,1.22,2.08,2.56,-3.70,44.89,-20.84,1
e,2022-11-01 17:21:41.403851,-0.06,-0.70,0.71,1.22,1.77,2.50,-3.70,44.89,-20.84,1
e,2022-11-01 17:21:41.404001,-0.06,-0.70,0.72,1.40,1.89,2.44,-3.70,44.89,-20.84,1
e,2022-11-01 17:21:41.404153,-0.06,-0.70,0.71,1.04,2.01,2.62,-4.33,45.52,-21.09,1
e,2022-11-01 17:21:41.404309,-0.06,-0.70,0.71,1.22,1.83,2.56,-4.33,45.52,-21.09,1
e,2022-11-01 17:21:41.404460,-0.06,-0.70,0.72,1.16,2.14,2.50,-4.33,45.52,-21.09,1
e,2022-11-01 17:21:41.404620,-0.06,-0.69,0.71,1.16,1.77,2.38,-4.32,45.39,-21.11,1
e,2022-11-01 17:21:41.404772,-0.06,-0.70,0.71,1.16,2.08,2.56,-4.32,45.39,-21.11,1
e,2022-11-01 17:21:41.404924,-0.06,-0.69,0.72,1.28,1.95,2.56,-4.32,45.39,-21.11,1
e,2022-11-01 17:21:41.405080,-0.06,-0.70,0.72,1.22,1.83,2.32,-4.08,45.10,-19.51,1
e,2022-11-01 17:21:41.405231,-0.06,-0.70,0.72,1.28,1.89,2.56,-4.08,45.10,-19.51,1
e,2022-11-01 17:21:41.405393,-0.06,-0.69,0.72,1.34,1.77,2.38,-4.86,45.23,-21.08,1
e,2022-11-01 17:21:41.405543,-0.06,-0.70,0.71,1.16,1.77,2.44,-4.86,45.23,-21.08,1
e,2022-11-01 17:21:41.405705,-0.06,-0.70,0.72,1.28,1.95,2.38,-4.86,45.23,-21.08,1
e,2022-11-01 17:21:41.405862,-0.06,-0.70,0.72,0.98,1.89,2.38,-4.35,45.01,-21.20,1
e,2022-11-01 17:21:41.406015,-0.06,-0.70,0.72,1.16,1.89,2.44,-4.35,45.01,-21.20,1
e,2022-11-01 17:21:41.406175,-0.06,-0.70,0.72,1.46,1.71,2.38,-4.35,45.01,-21.20,1
e,2022-11-01 17:21:41.406328,-0.06,-0.70,0.72,1.34,1.65,2.44,-4.48,44.74,-21.02,1
e,2022-11-01 17:21:41.406485,-0.06,-0.70,0.72,1.22,1.83,2.62,-4.48,44.74,-21.02,1
e,2022-11-01 17:21:41.406635,-0.06,-0.70,0.71,1.40,1.95,2.50,-4.48,44.74,-21.02,1
e,2022-11-01 17:21:41.406785,-0.06,-0.70,0.71,0.92,1.89,2.38,-4.47,44.79,-20.50,1
e,2022-11-01 17:21:41.406940,-0.06,-0.70,0.72,1.04,2.01,2.38,-4.47,44.79,-20.50,1
e,2022-11-01 17:21:41.407092,-0.06,-0.70,0.72,1.16,1.95,2.38,-4.14,44.73,-21.53,1
e,2022-11-01 17:21:41.407253,-0.06,-0.70,0.71,1.28,2.08,2.44,-4.14,44.73,-21.53,1
e,2022-11-01 17:21:41.407404,-0.06,-0.69,0.72,1.34,2.08,2.38,-4.14,44.73,-21.53,1
e,2022-11-01 17:21:41.407552,-0.06,-0.70,0.72,1.28,1.77,2.44,-4.42,44.67,-20.75,1
e,2022-11-01 17:21:41.407711,-0.06,-0.70,0.72,1.46,1.83,2.44,-4.42,44.67,-20.75,1
e,2022-11-01 17:21:41.407862,-0.06,-0.70,0.72,1.34,1.95,2.50,-4.42,44.67,-20.75,1
e,2022-11-01 17:21:41.408018,-0.06,-0.70,0.72,1.16,1.89,2.50,-4.24,45.35,-19.81,1
e,2022-11-01 17:21:41.408169,-0.06,-0.70,0.72,1.28,1.95,2.44,-4.24,45.35,-19.81,1
e,2022-11-01 17:21:41.408320,-0.06,-0.70,0.71,1.28,1.83,2.56,-4.24,45.35,-19.81,1
e,2022-11-01 17:21:41.408477,-0.06,-0.70,0.71,1.04,1.83,2.44,-4.39,44.97,-20.32,1
e,2022-11-01 17:21:41.408629,-0.06,-0.69,0.72,1.28,1.89,2.44,-4.39,44.97,-20.32,1
e,2022-11-01 17:21:41.408787,-0.06,-0.70,0.72,1.28,1.77,2.38,-4.05,44.95,-20.84,1
e,2022-11-01 17:21:41.408939,-0.06,-0.69,0.71,0.98,1.77,2.44,-4.05,44.95,-20.84,1
e,2022-11-01 17:21:41.409100,-0.06,-0.69,0.71,0.92,2.08,2.44,-4.05,44.95,-20.84,1
e,2022-11-01 17:21:41.409251,-0.06,-0.70,0.72,1.04,1.95,2.20,-4.59,45.02,-20.42,1
e,2022-11-01 17:21:41.409404,-0.06,-0.70,0.72,1.28,1.83,2.32,-4.59,45.02,-20.42,1
e,2022-11-01 17:21:41.409567,-0.06,-0.70,0.71,1.34,2.01,2.56,-4.59,45.02,-20.42,1
e,2022-11-01 17:21:41.409722,-0.06,-0.70,0.72,1.10,1.83,2.38,-4.82,45.23,-21.94,1
e,2022-11-01 17:21:41.409906,-0.06,-0.70,0.72,1.28,1.89,2.50,-4.82,45.23,-21.94,1
e,2022-11-01 17:21:41.410061,-0.06,-0.70,0.72,1.22,2.01,2.56,-4.82,45.23,-21.94,1
e,2022-11-01 17:21:41.410212,-0.06,-0.70,0.72,1.16,2.01,2.50,-4.43,45.28,-21.18,1
e,2022-11-01 17:21:41.410394,-0.06,-0.70,0.71,1.16,1.95,2.56,-4.43,45.28,-21.18,1
e,2022-11-01 17:21:41.410545,-0.06,-0.69,0.71,1.28,1.89,2.62,-4.53,45.18,-21.50,1
e,2022-11-01 17:21:41.410704,-0.06,-0.69,0.72,1.28,1.65,2.44,-4.53,45.18,-21.50,1
e,2022-11-01 17:21:41.410856,-0.06,-0.69,0.72,1.34,1.95,2.44,-4.53,45.18,-21.50,1
e,2022-11-01 17:21:41.411022,-0.06,-0.70,0.71,1.28,1.77,2.44,-4.52,45.39,-21.77,1
e,2022-11-01 17:21:41.411183,-0.06,-0.69,0.72,1.28,2.01,2.44,-4.52,45.39,-21.77,1
e,2022-11-01 17:21:41.411337,-0.06,-0.70,0.72,1.16,1.95,2.44,-4.52,45.39,-21.77,1
e,2022-11-01 17:21:41.411501,-0.06,-0.70,0.72,1.22,1.89,2.56,-4.43,45.04,-20.70,1
e,2022-11-01 17:21:41.411653,-0.06,-0.69,0.72,1.16,1.83,2.38,-4.43,45.04,-20.70,1
e,2022-11-01 17:21:41.411810,-0.06,-0.70,0.72,1.40,1.83,2.62,-4.43,45.04,-20.70,1
e,2022-11-01 17:21:41.411962,-0.06,-0.70,0.72,1.16,1.83,2.32,-4.25,45.14,-20.72,1
e,2022-11-01 17:21:41.412113,-0.06,-0.70,0.72,1.22,1.95,2.38,-4.25,45.14,-20.72,1
e,2022-11-01 17:21:41.412274,-0.06,-0.70,0.72,1.04,1.89,2.38,-4.24,45.63,-20.01,1
e,2022-11-01 17:21:41.412426,-0.06,-0.69,0.72,1.10,1.89,2.50,-4.24,45.63,-20.01,1
e,2022-11-01 17:21:41.412586,-0.06,-0.70,0.72,1.40,1.77,2.50,-4.24,45.63,-20.01,1
e,2022-11-01 17:21:41.412737,-0.06,-0.69,0.71,1.22,1.89,2.50,-4.85,45.47,-21.48,1
e,2022-11-01 17:21:41.412890,-0.06,-0.70,0.72,1.22,1.83,2.62,-4.85,45.47,-21.48,1
e,2022-11-01 17:21:41.413047,-0.06,-0.70,0.72,1.28,1.77,2.44,-4.85,45.47,-21.48,1
e,2022-11-01 17:21:41.413198,-0.06,-0.69,0.72,1.28,1.65,2.56,-4.57,45.01,-21.18,1
e,2022-11-01 17:21:41.413359,-0.06,-0.69,0.72,1.40,2.01,2.44,-4.57,45.01,-21.18,1
e,2022-11-01 17:21:41.413510,-0.06,-0.70,0.72,1.16,1.71,2.26,-4.57,45.01,-21.18,1
e,2022-11-01 17:21:41.413665,-0.06,-0.70,0.71,1.16,1.95,2.32,-4.00,45.34,-19.63,1
e,2022-11-01 17:21:41.413817,-0.06,-0.70,0.72,1.16,1.89,2.50,-4.00,45.34,-19.63,1
e,2022-11-01 17:21:41.413970,-0.06,-0.70,0.72,1.22,1.89,2.38,-3.75,45.52,-20.47,1
e,2022-11-01 17:21:41.414125,-0.06,-0.70,0.72,1.22,1.83,2.56,-3.75,45.52,-20.47,1
e,2022-11-01 17:21:41.414276,-0.06,-0.70,0.71,1.28,1.77,2.62,-3.75,45.52,-20.47,1
e,2022-11-01 17:21:41.414462,-0.06,-0.69,0.72,1.10,2.08,2.56,-4.75,44.78,-21.01,1
e,2022-11-01 17:21:41.414616,-0.06,-0.70,0.71,1.28,2.08,2.62,-4.75,44.78,-21.01,1
e,2022-11-01 17:21:41.414767,-0.06,-0.70,0.71,1.04,1.95,2.44,-4.75,44.78,-21.01,1
e,2022-11-01 17:21:41.414922,-0.06,-0.70,0.72,1.22,1.95,2.38,-3.87,44.91,-20.10,1
e,2022-11-01 17:21:41.415073,-0.06,-0.70,0.71,1.28,2.01,2.32,-3.87,44.91,-20.10,1
e,2022-11-01 17:21:41.415230,-0.06,-0.69,0.71,1.34,1.77,2.44,-3.87,44.91,-20.10,1
e,2022-11-01 17:21:41.415380,-0.06,-0.69,0.72,0.92,1.77,2.20,-4.71,44.48,-20.85,1
e,2022-11-01 17:21:41.415529,-0.06,-0.70,0.72,1.22,1.89,2.50,-4.71,44.48,-20.85,1
e,2022-11-01 17:21:41.415685,-0.06,-0.69,0.72,1.28,1.89,2.56,-4.00,45.52,-21.31,1
e,2022-11-01 17:21:41.415837,-0.06,-0.70,0.71,1.22,1.89,2.38,-4.00,45.52,-21.31,1
e,2022-11-01 17:21:41.415994,-0.06,-0.70,0.72,1.40,1.89,2.62,-4.00,45.52,-21.31,1
e,2022-11-01 17:21:41.416146,-0.06,-0.69,0.71,1.22,1.83,2.32,-4.22,45.28,-20.90,1
e,2022-11-01 17:21:41.416300,-0.06,-0.70,0.72,1.22,1.89,2.50,-4.22,45.28,-20.90,1
e,2022-11-01 17:21:41.416453,-0.06,-0.69,0.72,1.40,1.83,2.44,-4.22,45.28,-20.90,1
e,2022-11-01 17:21:41.416603,-0.06,-0.70,0.72,1.22,1.83,2.26,-4.09,44.97,-20.29,1
e,2022-11-01 17:21:41.416758,-0.06,-0.70,0.72,1.28,1.71,2.50,-4.09,44.97,-20.29,1
e,2022-11-01 17:21:41.416908,-0.06,-0.69,0.71,1.28,1.95,2.56,-4.37,44.75,-21.52,1
e,2022-11-01 17:21:41.417066,-0.06,-0.70,0.72,1.04,2.01,2.26,-4.37,44.75,-21.52,1
e,2022-11-01 17:21:41.417216,-0.06,-0.70,0.72,1.34,1.89,2.26,-4.37,44.75,-21.52,1
e,2022-11-01 17:21:41.417367,-0.06,-0.70,0.72,1.53,1.77,2.56,-3.74,44.97,-21.50,1
e,2022-11-01 17:21:41.417522,-0.06,-0.70,0.72,1.34,1.83,2.50,-3.74,44.97,-21.50,1
e,2022-11-01 17:21:41.417672,-0.06,-0.70,0.72,1.22,1.83,2.50,-3.74,44.97,-21.50,1
e,2022-11-01 17:21:41.417830,-0.06,-0.70,0.72,1.34,1.83,2.38,-4.21,44.87,-20.61,1
e,2022-11-01 17:21:41.417983,-0.06,-0.70,0.72,1.28,1.77,2.50,-4.21,44.87,-20.61,1
e,2022-11-01 17:21:41.418134,-0.06,-0.70,0.71,1.04,1.83,2.44,-4.21,44.87,-20.61,1
e,2022-11-01 17:21:41.418293,-0.06,-0.70,0.72,1.28,1.83,2.38,-3.85,45.29,-20.98,1
e,2022-11-01 17:21:41.418447,-0.06,-0.70,0.72,1.04,1.95,2.38,-3.85,45.29,-20.98,1
e,2022-11-01 17:21:41.418604,-0.06,-0.69,0.72,1.28,1.77,2.56,-4.63,45.13,-21.28,1
e,2022-11-01 17:21:41.418758,-0.06,-0.70,0.72,1.22,1.95,2.38,-4.63,45.13,-21.28,1
e,2022-11-01 17:21:41.418912,-0.06,-0.70,0.72,1.22,1.89,2.44,-4.63,45.13,-21.28,1
e,2022-11-01 17:21:41.419063,-0.06,-0.70,0.72,1.16,1.83,2.32,-4.04,45.18,-20.37,1
e,2022-11-01 17:21:41.419214,-0.06,-0.70,0.71,1.28,1.77,2.38,-4.04,45.18,-20.37,1
e,2022-11-01 17:21:41.419369,-0.06,-0.70,0.71,1.22,1.89,2.56,-4.04,45.18,-20.37,1
e,2022-11-01 17:21:41.419520,-0.06,-0.70,0.72,1.22,1.89,2.56,-4.74,45.04,-21.24,1
e,2022-11-01 17:21:41.419678,-0.06,-0.69,0.72,1.22,2.01,2.44,-4.74,45.04,-21.24,1
e,2022-11-01 17:21:41.419829,-0.06,-0.70,0.72,1.16,1.89,2.44,-4.74,45.04,-21.24,1
e,2022-11-01 17:21:41.419981,-0.06,-0.69,0.72,0.98,1.83,2.44,-4.26,44.78,-19.87,1
e,2022-11-01 17:21:41.420138,-0.06,-0.70,0.71,1.28,1.83,2.44,-4.26,44.78,-19.87,1
e,2022-11-01 17:21:41.420290,-0.06,-0.70,0.71,1.34,1.95,2.50,-4.31,45.02,-19.76,1
e,2022-11-01 17:21:41.420446,-0.06,-0.69,0.72,1.22,1.83,2.32,-4.31,45.02,-19.76,1
e,2022-11-01 17:21:41.420595,-0.06,-0.69,0.71,1.16,1.77,2.32,-4.31,45.02,-19.76,1
e,2022-11-01 17:21:41.420746,-0.06,-0.70,0.71,1.28,1.89,2.44,-3.98,44.91,-20.46,1
e,2022-11-01 17:21:41.420903,-0.06,-0.69,0.72,1.34,1.65,2.32,-3.98,44.91,-20.46,1
e,2022-11-01 17:21:41.421054,-0.06,-0.70,0.72,1.28,1.65,2.38,-3.98,44.91,-20.46,1
e,2022-11-01 17:21:41.421210,-0.06,-0.70,0.72,1.10,1.89,2.44,-4.92,45.07,-20.79,1
e,2022-11-01 17:21:41.421362,-0.06,-0.69,0.72,1.34,1.83,2.62,-4.92,45.07,-20.79,1
e,2022-11-01 17:21:41.421514,-0.06,-0.70,0.72,1.40,1.71,2.38,-4.92,45.07,-20.79,1
e,2022-11-01 17:21:41.421668,-0.06,-0.70,0.71,1.28,1.71,2.32,-4.70,44.90,-20.10,1
e,2022-11-01 17:21:41.421819,-0.06,-0.70,0.72,1.22,1.83,2.44,-4.70,44.90,-20.10,1
e,2022-11-01 17:21:41.421977,-0.06,-0.69,0.72,1.40,1.83,2.38,-4.42,45.09,-20.75,1
e,2022-11-01 17:21:41.422128,-0.06,-0.69,0.72,1.10,1.95,2.32,-4.42,45.09,-20.75,1
e,2022-11-01 17:21:41.422284,-0.06,-0.70,0.71,1.16,1.89,2.38,-4.42,45.09,-20.75,1
e,2022-11-01 17:21:41.422438,-0.06,-0.69,0.72,1.34,1.71,2.32,-3.88,44.84,-21.68,1
e,2022-11-01 17:21:41.422590,-0.06,-0.69,0.72,1.28,1.83,2.56,-3.88,44.84,-21.68,1
e,2022-11-01 17:21:41.422752,-0.06,-0.70,0.72,1.16,1.83,2.56,-3.88,44.84,-21.68,1
e,2022-11-01 17:21:41.422905,-0.06,-0.69,0.72,1.16,1.95,2.38,-4.65,44.84,-20.97,1
e,2022-11-01 17:21:41.423064,-0.06,-0.69,0.72,1.53,1.77,2.50,-4.65,44.84,-20.97,1
e,2022-11-01 17:21:41.423215,-0.06,-0.69,0.72,1.28,1.89,2.44,-4.65,44.84,-20.97,1
e,2022-11-01 17:21:41.423367,-0.06,-0.69,0.71,1.04,1.89,2.38,-4.02,44.60,-21.14,1
e,2022-11-01 17:21:41.423523,-0.06,-0.70,0.72,1.40,1.77,2.38,-4.02,44.60,-21.14,1
e,2022-11-01 17:21:41.423672,-0.06,-0.70,0.72,1.46,1.89,2.26,-4.22,45.20,-19.42,1
e,2022-11-01 17:21:41.423829,-0.06,-0.70,0.72,1.28,1.77,2.50,-4.22,45.20,-19.42,1
e,2022-11-01 17:21:41.423980,-0.06,-0.70,0.72,1.28,1.95,2.50,-4.22,45.20,-19.42,1
e,2022-11-01 17:21:41.424131,-0.06,-0.70,0.72,1.34,1.71,2.50,-4.11,44.41,-20.43,1
e,2022-11-01 17:21:41.424288,-0.06,-0.70,0.72,1.40,1.71,2.44,-4.11,44.41,-20.43,1
e,2022-11-01 17:21:41.424439,-0.06,-0.70,0.72,1.28,1.89,2.56,-4.11,44.41,-20.43,1
e,2022-11-01 17:21:41.424595,-0.06,-0.69,0.71,1.16,1.95,2.26,-4.14,44.60,-21.14,1
e,2022-11-01 17:21:41.424746,-0.06,-0.70,0.72,1.40,1.83,2.50,-4.14,44.60,-21.14,1
e,2022-11-01 17:21:41.424900,-0.06,-0.69,0.72,1.34,1.77,2.56,-4.14,44.60,-21.14,1
e,2022-11-01 17:21:41.425058,-0.06,-0.69,0.72,1.10,1.71,2.38,-4.65,44.86,-20.86,1
e,2022-11-01 17:21:41.425210,-0.06,-0.69,0.72,1.04,1.83,2.38,-4.65,44.86,-20.86,1
e,2022-11-01 17:21:41.425371,-0.06,-0.70,0.72,1.10,1.95,2.38,-3.93,44.62,-21.41,1
e,2022-11-01 17:21:41.425525,-0.06,-0.69,0.71,1.16,1.71,2.38,-3.93,44.62,-21.41,1
e,2022-11-01 17:21:41.425684,-0.06,-0.69,0.72,1.28,1.83,2.38,-3.93,44.62,-21.41,1
e,2022-11-01 17:21:41.425839,-0.06,-0.70,0.72,1.16,1.83,2.44,-3.72,44.51,-22.12,1
e,2022-11-01 17:21:41.425991,-0.06,-0.70,0.72,1.34,1.77,2.62,-3.72,44.51,-22.12,1
e,2022-11-01 17:21:41.426149,-0.06,-0.70,0.72,1.40,1.71,2.44,-3.72,44.51,-22.12,1
e,2022-11-01 17:21:41.426301,-0.06,-0.69,0.72,1.40,1.71,2.38,-4.27,45.21,-21.63,1
e,2022-11-01 17:21:41.426459,-0.06,-0.70,0.72,1.28,1.95,2.50,-4.27,45.21,-21.63,1
e,2022-11-01 17:21:41.426611,-0.06,-0.69,0.71,1.28,1.77,2.50,-4.27,45.21,-21.63,1
e,2022-11-01 17:21:41.426764,-0.06,-0.70,0.72,1.28,1.77,2.50,-4.66,44.84,-19.92,1
e,2022-11-01 17:21:41.426927,-0.06,-0.70,0.72,1.46,1.71,2.32,-4.66,44.84,-19.92,1
e,2022-11-01 17:21:41.427080,-0.06,-0.69,0.72,1.34,1.95,2.50,-4.66,44.85,-20.29,1
e,2022-11-01 17:21:41.427235,-0.06,-0.70,0.72,1.16,1.71,2.44,-4.66,44.85,-20.29,1
e,2022-11-01 17:21:41.427384,-0.06,-0.69,0.72,1.53,1.89,2.44,-4.66,44.85,-20.29,1
e,2022-11-01 17:21:41.427538,-0.06,-0.69,0.72,1.04,1.77,2.38,-4.69,45.32,-20.75,1
e,2022-11-01 17:21:41.427690,-0.06,-0.70,0.72,1.40,1.65,2.44,-4.69,45.32,-20.75,1
e,2022-11-01 17:21:41.427843,-0.06,-0.70,0.72,1.16,1.83,2.32,-4.69,45.32,-20.75,1
e,2022-11-01 17:21:41.427998,-0.06,-0.69,0.72,1.34,1.71,2.50,-4.68,44.76,-20.10,1
e,2022-11-01 17:21:41.428148,-0.06,-0.70,0.71,1.28,1.83,2.32,-4.68,44.76,-20.10,1
e,2022-11-01 17:21:41.428305,-0.06,-0.70,0.72,1.10,1.95,2.50,-4.68,44.76,-20.10,1
e,2022-11-01 17:21:41.428457,-0.06,-0.69,0.72,1.10,1.89,2.38,-3.97,44.34,-20.80,1
e,2022-11-01 17:21:41.428607,-0.06,-0.70,0.72,1.16,1.83,2.38,-3.97,44.34,-20.80,1
e,2022-11-01 17:21:41.428768,-0.06,-0.69,0.71,1.22,1.89,2.38,-4.32,44.20,-21.22,1
e,2022-11-01 17:21:41.428920,-0.06,-0.69,0.72,1.10,1.83,2.26,-4.32,44.20,-21.22,1
e,2022-11-01 17:21:41.429077,-0.06,-0.70,0.71,1.22,1.95,2.44,-4.32,44.20,-21.22,1
e,2022-11-01 17:21:41.429230,-0.06,-0.69,0.72,1.10,1.89,2.38,-4.39,44.49,-20.87,1
e,2022-11-01 17:21:41.429387,-0.06,-0.70,0.71,1.22,1.95,2.62,-4.39,44.49,-20.87,1
e,2022-11-01 17:21:41.429540,-0.06,-0.70,0.72,1.28,1.89,2.62,-4.39,44.49,-20.87,1
e,2022-11-01 17:21:41.429705,-0.06,-0.70,0.72,1.16,2.01,2.56,-4.25,44.40,-21.96,1
e,2022-11-01 17:21:41.429861,-0.06,-0.69,0.72,1.22,2.01,2.50,-4.25,44.40,-21.96,1
e,2022-11-01 17:21:41.430014,-0.06,-0.69,0.72,1.46,1.77,2.50,-4.25,44.40,-21.96,1
e,2022-11-01 17:21:41.430169,-0.06,-0.69,0.72,0.98,1.89,2.32,-4.39,44.80,-20.74,1
e,2022-11-01 17:21:41.430320,-0.06,-0.69,0.72,1.16,1.83,2.44,-4.39,44.80,-20.74,1
e,2022-11-01 17:21:41.430471,-0.06,-0.70,0.72,1.22,1.71,2.44,-4.47,44.46,-20.78,1
e,2022-11-01 17:21:41.430633,-0.06,-0.69,0.71,1.10,1.95,2.38,-4.47,44.46,-20.78,1
e,2022-11-01 17:21:41.430786,-0.06,-0.70,0.72,1.40,1.95,2.56,-4.47,44.46,-20.78,1
e,2022-11-01 17:21:41.430946,-0.06,-0.70,0.72,1.28,1.89,2.38,-3.99,45.00,-21.45,1
e,2022-11-01 17:21:41.431099,-0.06,-0.69,0.72,1.16,1.71,2.44,-3.99,45.00,-21.45,1
e,2022-11-01 17:21:41.431258,-0.06,-0.70,0.72,1.28,1.77,2.38,-3.99,45.00,-21.45,1
e,2022-11-01 17:21:41.431411,-0.06,-0.70,0.72,1.22,1.77,2.50,-4.19,44.90,-20.98,1
e,2022-11-01 17:21:41.431565,-0.06,-0.70,0.72,1.16,1.89,2.32,-4.19,44.90,-20.98,1
e,2022-11-01 17:21:41.431737,-0.06,-0.70,0.72,1.40,1.83,2.38,-4.19,44.90,-20.98,1
e,2022-11-01 17:21:41.431889,-0.06,-0.70,0.72,1.10,1.71,2.26,-4.96,44.95,-20.26,1
e,2022-11-01 17:21:41.432046,-0.06,-0.70,0.71,1.34,1.71,2.50,-4.96,44.95,-20.26,1
e,2022-11-01 17:21:41.432199,-0.06,-0.70,0.72,1.22,1.83,2.56,-4.21,44.63,-20.83,1
e,2022-11-01 17:21:41.432349,-0.06,-0.70,0.72,1.34,1.77,2.44,-4.21,44.63,-20.83,1
e,2022-11-01 17:21:41.432504,-0.06,-0.69,0.72,1.22,1.83,2.44,-4.21,44.63,-20.83,1
e,2022-11-01 17:21:41.432655,-0.06,-0.70,0.72,1.22,1.71,2.62,-4.99,44.67,-20.45,1
e,2022-11-01 17:21:41.432811,-0.06,-0.69,0.72,1.16,2.01,2.38,-4.99,44.67,-20.45,1
e,2022-11-01 17:21:41.432962,-0.06,-0.69,0.72,1.10,1.83,2.38,-4.99,44.67,-20.45,1
e,2022-11-01 17:21:41.433116,-0.06,-0.70,0.72,1.10,1.59,2.32,-4.42,45.01,-20.91,1
e,2022-11-01 17:21:41.433271,-0.06,-0.69,0.72,1.16,1.89,2.38,-4.42,45.01,-20.91,1
e,2022-11-01 17:21:41.433424,-0.06,-0.70,0.72,1.22,1.83,2.44,-4.42,45.01,-20.91,1
e,2022-11-01 17:21:41.433581,-0.06,-0.69,0.71,1.16,1.59,2.26,-4.59,45.12,-19.98,1
e,2022-11-01 17:21:41.433731,-0.06,-0.69,0.72,1.16,1.83,2.50,-4.59,45.12,-19.98,1
e,2022-11-01 17:21:41.433891,-0.06,-0.69,0.72,1.34,1.83,2.50,-4.26,45.12,-20.79,1
e,2022-11-01 17:21:41.434043,-0.06,-0.69,0.71,1.16,1.71,2.26,-4.26,45.12,-20.79,1
e,2022-11-01 17:21:41.434194,-0.06,-0.70,0.72,1.10,1.83,2.38,-4.26,45.12,-20.79,1
e,2022-11-01 17:21:41.434351,-0.06,-0.69,0.72,1.28,1.95,2.50,-4.04,45.06,-21.06,1
e,2022-11-01 17:21:41.434502,-0.06,-0.69,0.72,1.16,1.77,2.26,-4.04,45.06,-21.06,1
e,2022-11-01 17:21:41.434659,-0.06,-0.70,0.72,1.22,1.77,2.44,-4.04,45.06,-21.06,1
e,2022-11-01 17:21:41.434811,-0.06,-0.69,0.72,1.10,1.71,2.44,-4.35,44.92,-20.46,1
e,2022-11-01 17:21:41.434962,-0.06,-0.70,0.72,1.16,1.89,2.38,-4.35,44.92,-20.46,1
e,2022-11-01 17:21:41.435119,-0.06,-0.70,0.72,1.04,1.83,2.38,-4.35,44.92,-20.46,1
e,2022-11-01 17:21:41.435271,-0.06,-0.69,0.72,1.22,1.65,2.38,-4.24,44.71,-20.32,1
e,2022-11-01 17:21:41.435428,-0.06,-0.69,0.72,1.34,1.83,2.50,-4.24,44.71,-20.32,1
e,2022-11-01 17:21:41.435579,-0.06,-0.69,0.72,1.40,1.77,2.44,-4.35,45.06,-20.17,1
e,2022-11-01 17:21:41.435729,-0.06,-0.70,0.72,1.16,1.95,2.32,-4.35,45.06,-20.17,1
e,2022-11-01 17:21:41.435884,-0.06,-0.69,0.72,1.16,1.65,2.44,-4.35,45.06,-20.17,1
e,2022-11-01 17:21:41.436035,-0.06,-0.69,0.72,1.40,1.65,2.50,-4.22,45.00,-20.29,1
e,2022-11-01 17:21:41.436192,-0.06,-0.69,0.72,1.16,1.83,2.38,-4.22,45.00,-20.29,1
e,2022-11-01 17:21:41.436343,-0.06,-0.69,0.72,1.46,1.77,2.44,-4.22,45.00,-20.29,1
e,2022-11-01 17:21:41.436493,-0.06,-0.69,0.72,1.34,1.83,2.44,-4.50,44.82,-20.64,1
e,2022-11-01 17:21:41.436649,-0.06,-0.69,0.72,1.16,1.89,2.50,-4.50,44.82,-20.64,1
e,2022-11-01 17:21:41.436800,-0.06,-0.69,0.72,1.28,1.89,2.44,-4.50,44.82,-20.64,1
e,2022-11-01 17:21:41.436955,-0.06,-0.69,0.71,1.22,1.83,2.38,-4.25,45.02,-19.85,1
e,2022-11-01 17:21:41.437104,-0.06,-0.69,0.72,1.28,1.95,2.26,-4.25,45.02,-19.85,1
e,2022-11-01 17:21:41.437260,-0.06,-0.69,0.72,1.28,1.71,2.44,-4.43,45.43,-20.54,1
e,2022-11-01 17:21:41.437409,-0.06,-0.69,0.72,1.10,1.71,2.14,-4.43,45.43,-20.54,1
e,2022-11-01 17:21:41.437559,-0.06,-0.70,0.72,1.34,1.65,2.38,-4.43,45.43,-20.54,1
e,2022-11-01 17:21:41.437714,-0.06,-0.69,0.72,1.22,1.83,2.32,-4.25,45.42,-20.39,1
e,2022-11-01 17:21:41.437866,-0.06,-0.69,0.71,1.40,1.83,2.62,-4.25,45.42,-20.39,1
e,2022-11-01 17:21:41.438023,-0.06,-0.69,0.72,1.34,1.83,2.38,-4.25,45.42,-20.39,1
e,2022-11-01 17:21:41.438176,-0.06,-0.69,0.72,1.16,1.77,2.38,-4.22,45.12,-21.28,1
e,2022-11-01 17:21:41.438327,-0.06,-0.69,0.72,1.22,1.83,2.38,-4.22,45.12,-21.28,1
e,2022-11-01 17:21:41.438483,-0.06,-0.70,0.72,1.46,1.83,2.56,-4.22,45.12,-21.28,1
e,2022-11-01 17:21:41.438635,-0.06,-0.70,0.71,1.10,1.95,2.38,-3.93,45.09,-20.90,1
e,2022-11-01 17:21:41.438793,-0.06,-0.69,0.72,1.28,1.77,2.44,-3.93,45.09,-20.90,1
e,2022-11-01 17:21:41.438945,-0.06,-0.69,0.72,1.28,1.77,2.44,-4.11,45.08,-21.08,1
e,2022-11-01 17:21:41.439098,-0.06,-0.69,0.72,1.28,1.77,2.38,-4.11,45.08,-21.08,1
e,2022-11-01 17:21:41.439258,-0.06,-0.69,0.72,1.16,1.83,2.38,-4.11,45.08,-21.08,1
e,2022-11-01 17:21:41.439412,-0.06,-0.69,0.72,1.34,1.83,2.38,-4.33,45.07,-19.69,1
e,2022-11-01 17:21:41.439569,-0.06,-0.69,0.72,1.22,1.83,2.50,-4.33,45.07,-19.69,1
e,2022-11-01 17:21:41.439720,-0.06,-0.70,0.72,1.10,1.83,2.44,-4.33,45.07,-19.69,1
e,2022-11-01 17:21:41.439871,-0.06,-0.69,0.71,1.28,1.89,2.44,-4.27,44.97,-19.52,1
e,2022-11-01 17:21:41.440028,-0.06,-0.69,0.72,1.40,1.89,2.32,-4.27,44.97,-19.52,1
e,2022-11-01 17:21:41.440179,-0.06,-0.70,0.72,1.34,1.83,2.56,-4.27,44.97,-19.52,1
e,2022-11-01 17:21:41.440336,-0.06,-0.69,0.72,1.28,1.65,2.50,-4.26,45.25,-20.46,1
e,2022-11-01 17:21:41.440488,-0.06,-0.70,0.72,1.28,1.89,2.62,-4.26,45.25,-20.46,1
e,2022-11-01 17:21:41.440645,-0.06,-0.70,0.72,1.46,1.77,2.44,-4.61,45.26,-20.03,1
e,2022-11-01 17:21:41.440797,-0.06,-0.70,0.72,1.16,1.77,2.26,-4.61,45.26,-20.03,1
e,2022-11-01 17:21:41.440946,-0.06,-0.69,0.72,1.40,1.83,2.56,-4.61,45.26,-20.03,1
e,2022-11-01 17:21:41.441104,-0.06,-0.69,0.72,1.16,1.89,2.44,-4.36,44.64,-20.26,1
e,2022-11-01 17:21:41.441255,-0.06,-0.70,0.72,0.98,1.77,2.26,-4.36,44.64,-20.26,1
e,2022-11-01 17:21:41.441414,-0.06,-0.69,0.72,1.22,1.83,2.20,-4.36,44.64,-20.26,1
e,2022-11-01 17:21:41.441565,-0.06,-0.69,0.72,1.34,1.83,2.50,-4.15,44.69,-19.79,1
e,2022-11-01 17:21:41.441720,-0.06,-0.69,0.72,1.34,1.95,2.38,-4.15,44.69,-19.79,1
e,2022-11-01 17:21:41.441878,-0.06,-0.69,0.72,1.46,1.89,2.50,-4.15,44.69,-19.79,1
e,2022-11-01 17:21:41.442032,-0.06,-0.69,0.72,1.10,1.77,2.26,-4.00,44.92,-20.68,1
e,2022-11-01 17:21:41.442193,-0.06,-0.69,0.72,1.28,1.83,2.50,-4.00,44.92,-20.68,1
e,2022-11-01 17:21:41.442342,-0.06,-0.69,0.72,1.16,1.83,2.44,-3.99,44.90,-20.15,1
e,2022-11-01 17:21:41.442497,-0.06,-0.69,0.71,1.34,1.77,2.32,-3.99,44.90,-20.15,1
e,2022-11-01 17:21:41.442657,-0.06,-0.69,0.72,1.40,1.89,2.56,-3.99,44.90,-20.15,1
e,2022-11-01 17:21:41.442811,-0.06,-0.70,0.72,1.40,1.89,2.44,-4.27,44.75,-21.98,1
e,2022-11-01 17:21:41.442971,-0.06,-0.69,0.72,1.22,1.89,2.44,-4.27,44.75,-21.98,1
e,2022-11-01 17:21:41.443122,-0.06,-0.69,0.72,1.34,1.95,2.56,-4.27,44.75,-21.98,1
e,2022-11-01 17:21:41.443278,-0.06,-0.70,0.72,1.40,1.89,2.32,-4.06,45.06,-21.26,1
e,2022-11-01 17:21:41.443431,-0.06,-0.69,0.72,1.46,1.71,2.44,-4.06,45.06,-21.26,1
e,2022-11-01 17:21:41.443581,-0.06,-0.69,0.72,1.28,1.95,2.44,-4.06,45.06,-21.26,1
e,2022-11-01 17:21:41.443739,-0.06,-0.69,0.72,1.22,1.71,2.50,-4.52,44.48,-19.98,1
e,2022-11-01 17:21:41.443891,-0.06,-0.69,0.72,1.16,1.95,2.50,-4.52,44.48,-19.98,1
e,2022-11-01 17:21:41.444048,-0.06,-0.69,0.72,1.34,1.83,2.62,-4.09,45.65,-20.36,1
e,2022-11-01 17:21:41.444199,-0.06,-0.70,0.72,1.34,1.77,2.50,-4.09,45.65,-20.36,1
e,2022-11-01 17:21:41.444350,-0.06,-0.69,0.72,1.16,1.95,2.62,-4.09,45.65,-20.36,1
e,2022-11-01 17:21:41.444506,-0.06,-0.70,0.72,1.16,1.89,2.50,-3.77,45.28,-20.09,1
e,2022-11-01 17:21:41.444656,-0.06,-0.69,0.72,1.10,1.83,2.44,-3.77,45.28,-20.09,1
e,2022-11-01 17:21:41.444823,-0.06,-0.69,0.72,1.22,1.71,2.56,-3.77,45.28,-20.09,1
e,2022-11-01 17:21:41.444973,-0.06,-0.70,0.72,1.28,1.77,2.44,-3.76,45.45,-19.34,1
e,2022-11-01 17:21:41.445122,-0.06,-0.70,0.72,1.34,1.77,2.44,-3.76,45.45,-19.34,1
e,2022-11-01 17:21:41.445278,-0.06,-0.70,0.72,1.34,1.95,2.38,-3.76,45.45,-19.34,1
e,2022-11-01 17:21:41.445428,-0.06,-0.70,0.72,1.34,1.95,2.38,-3.98,44.96,-19.41,1
e,2022-11-01 17:21:41.445586,-0.06,-0.69,0.72,1.34,1.89,2.56,-3.98,44.96,-19.41,1
e,2022-11-01 17:21:41.445736,-0.06,-0.69,0.72,1.40,1.83,2.44,-3.82,45.18,-20.48,1
e,2022-11-01 17:21:41.445888,-0.06,-0.69,0.72,1.22,1.89,2.38,-3.82,45.18,-20.48,1
e,2022-11-01 17:21:41.446039,-0.06,-0.69,0.72,1.34,1.89,2.56,-3.82,45.18,-20.48,1
e,2022-11-01 17:21:41.446190,-0.06,-0.69,0.72,1.28,1.65,2.44,-3.83,45.47,-21.23,1
e,2022-11-01 17:21:41.446344,-0.06,-0.69,0.72,1.10,1.95,2.44,-3.83,45.47,-21.23,1
e,2022-11-01 17:21:41.446494,-0.06,-0.69,0.72,1.34,1.83,2.44,-3.83,45.47,-21.23,1
e,2022-11-01 17:21:41.446650,-0.06,-0.69,0.72,1.04,1.89,2.38,-4.22,45.42,-21.26,1
e,2022-11-01 17:21:41.446807,-0.06,-0.69,0.72,1.16,2.08,2.50,-4.22,45.42,-21.26,1
e,2022-11-01 17:21:41.446961,-0.06,-0.69,0.72,1.34,1.89,2.56,-4.22,45.42,-21.26,1
e,2022-11-01 17:21:41.447123,-0.06,-0.69,0.72,1.22,1.77,2.38,-4.15,45.34,-19.84,1
e,2022-11-01 17:21:41.447274,-0.06,-0.69,0.72,1.28,1.83,2.32,-4.15,45.34,-19.84,1
e,2022-11-01 17:21:41.447431,-0.06,-0.69,0.72,1.28,1.83,2.69,-3.76,45.36,-20.80,1
e,2022-11-01 17:21:41.447582,-0.06,-0.69,0.71,1.28,1.83,2.50,-3.76,45.36,-20.80,1
e,2022-11-01 17:21:41.447734,-0.06,-0.69,0.72,1.16,1.95,2.50,-3.76,45.36,-20.80,1
e,2022-11-01 17:21:41.447891,-0.06,-0.69,0.72,1.28,2.01,2.32,-4.35,45.13,-21.70,1
e,2022-11-01 17:21:41.448042,-0.06,-0.69,0.72,1.40,1.83,2.38,-4.35,45.13,-21.70,1
e,2022-11-01 17:21:41.448199,-0.06,-0.69,0.72,1.16,1.77,2.38,-4.35,45.13,-21.70,1
e,2022-11-01 17:21:41.448350,-0.06,-0.69,0.71,1.28,1.71,2.50,-3.69,45.59,-20.98,1
e,2022-11-01 17:21:41.448502,-0.06,-0.69,0.72,1.46,1.77,2.44,-3.69,45.59,-20.98,1
e,2022-11-01 17:21:41.448659,-0.06,-0.70,0.72,1.28,1.77,2.38,-3.69,45.59,-20.98,1
e,2022-11-01 17:21:41.448812,-0.06,-0.69,0.72,1.04,1.89,2.38,-4.49,45.29,-21.19,1
e,2022-11-01 17:21:41.448968,-0.06,-0.70,0.72,1.59,1.89,2.44,-4.49,45.29,-21.19,1
e,2022-11-01 17:21:41.449120,-0.06,-0.69,0.72,1.22,1.89,2.50,-4.58,45.30,-21.17,1
e,2022-11-01 17:21:41.449273,-0.06,-0.69,0.72,1.16,1.77,2.44,-4.58,45.30,-21.17,1
e,2022-11-01 17:21:41.449451,-0.06,-0.69,0.72,1.22,1.95,2.50,-4.58,45.30,-21.17,1
e,2022-11-01 17:21:41.449604,-0.06,-0.69,0.72,1.40,1.89,2.38,-4.37,44.98,-21.37,1
e,2022-11-01 17:21:41.449762,-0.06,-0.69,0.72,1.16,1.89,2.50,-4.37,44.98,-21.37,1
e,2022-11-01 17:21:41.449914,-0.06,-0.69,0.72,1.22,1.83,2.44,-4.37,44.98,-21.37,1
e,2022-11-01 17:21:41.450083,-0.06,-0.69,0.72,1.40,1.83,2.44,-4.30,45.25,-19.54,1
e,2022-11-01 17:21:41.450235,-0.06,-0.70,0.72,1.34,1.95,2.38,-4.30,45.25,-19.54,1
e,2022-11-01 17:21:41.450389,-0.06,-0.69,0.72,1.22,1.77,2.44,-4.30,45.25,-19.54,1
e,2022-11-01 17:21:41.450547,-0.06,-0.69,0.72,1.28,1.77,2.44,-5.07,45.13,-21.57,1
e,2022-11-01 17:21:41.450700,-0.06,-0.69,0.72,1.22,2.08,2.62,-5.07,45.13,-21.57,1
e,2022-11-01 17:21:41.450856,-0.06,-0.69,0.72,1.28,2.01,2.38,-4.26,44.96,-21.18,1
e,2022-11-01 17:21:41.451010,-0.06,-0.70,0.72,1.04,2.01,2.32,-4.26,44.96,-21.18,1
e,2022-11-01 17:21:41.451164,-0.06,-0.70,0.72,1.22,2.01,2.50,-4.26,44.96,-21.18,1
e,2022-11-01 17:21:41.451323,-0.06,-0.69,0.71,1.34,1.83,2.32,-4.15,44.60,-20.89,1
e,2022-11-01 17:21:41.451476,-0.06,-0.70,0.72,1.34,1.89,2.50,-4.15,44.60,-20.89,1
e,2022-11-01 17:21:41.451632,-0.06,-0.69,0.72,1.34,1.83,2.62,-4.15,44.60,-20.89,1
e,2022-11-01 17:21:41.451783,-0.06,-0.69,0.71,1.46,1.83,2.62,-4.47,44.95,-21.14,1
e,2022-11-01 17:21:41.451937,-0.06,-0.69,0.72,1.28,1.95,2.44,-4.47,44.95,-21.14,1
e,2022-11-01 17:21:41.452087,-0.06,-0.69,0.72,1.40,1.77,2.50,-4.47,44.95,-21.14,1
e,2022-11-01 17:21:41.452239,-0.06,-0.69,0.72,1.04,1.89,2.32,-4.41,45.14,-20.59,1
e,2022-11-01 17:21:41.452393,-0.06,-0.69,0.72,1.28,1.89,2.56,-4.41,45.14,-20.59,1
e,2022-11-01 17:21:41.452543,-0.06,-0.69,0.72,1.28,1.83,2.50,-4.21,45.24,-19.93,1
e,2022-11-01 17:21:41.452701,-0.06,-0.69,0.71,1.34,1.95,2.56,-4.21,45.24,-19.93,1
e,2022-11-01 17:21:41.452851,-0.06,-0.70,0.72,1.22,1.89,2.32,-4.21,45.24,-19.93,1
e,2022-11-01 17:21:41.453005,-0.06,-0.69,0.72,1.34,1.83,2.38,-4.28,45.79,-20.01,1
e,2022-11-01 17:21:41.453160,-0.06,-0.69,0.72,1.28,1.89,2.50,-4.28,45.79,-20.01,1
e,2022-11-01 17:21:41.453310,-0.06,-0.69,0.72,1.28,2.08,2.56,-4.28,45.79,-20.01,1
e,2022-11-01 17:21:41.453468,-0.06,-0.69,0.72,1.22,2.01,2.50,-3.74,45.37,-21.53,1
e,2022-11-01 17:21:41.453619,-0.06,-0.70,0.72,1.22,1.95,2.38,-3.74,45.37,-21.53,1
e,2022-11-01 17:21:41.453770,-0.06,-0.69,0.72,1.16,1.83,2.44,-3.74,45.37,-21.53,1
e,2022-11-01 17:21:41.453928,-0.06,-0.70,0.72,1.04,1.77,2.38,-4.21,45.30,-21.36,1
e,2022-11-01 17:21:41.454079,-0.06,-0.69,0.72,1.34,1.89,2.50,-4.21,45.30,-21.36,1
e,2022-11-01 17:21:41.454235,-0.06,-0.70,0.72,1.28,1.89,2.32,-4.41,45.53,-20.46,1
e,2022-11-01 17:21:41.454386,-0.06,-0.69,0.72,1.28,1.95,2.62,-4.41,45.53,-20.46,1
e,2022-11-01 17:21:41.454544,-0.06,-0.69,0.72,1.40,1.83,2.50,-4.41,45.53,-20.46,1
e,2022-11-01 17:21:41.454698,-0.06,-0.70,0.72,1.22,1.83,2.56,-4.49,45.09,-22.00,1
e,2022-11-01 17:21:41.454848,-0.06,-0.69,0.72,1.34,1.83,2.32,-4.49,45.09,-22.00,1
e,2022-11-01 17:21:41.455004,-0.06,-0.70,0.72,1.46,1.95,2.50,-4.49,45.09,-22.00,1
e,2022-11-01 17:21:41.455155,-0.06,-0.70,0.72,1.28,2.01,2.38,-3.55,45.15,-20.42,1
e,2022-11-01 17:21:41.455310,-0.06,-0.69,0.72,1.40,1.77,2.44,-3.55,45.15,-20.42,1
e,2022-11-01 17:21:41.455463,-0.06,-0.69,0.72,1.22,1.89,2.32,-3.55,45.15,-20.42,1
e,2022-11-01 17:21:41.455615,-0.06,-0.69,0.72,1.16,1.95,2.44,-4.09,45.70,-20.96,1
e,2022-11-01 17:21:41.455774,-0.06,-0.69,0.72,1.22,1.83,2.56,-4.09,45.70,-20.96,1
e,2022-11-01 17:21:41.455926,-0.06,-0.69,0.72,1.59,1.77,2.50,-4.49,44.47,-20.35,1
e,2022-11-01 17:21:41.456083,-0.06,-0.69,0.72,1.16,1.77,2.50,-4.49,44.47,-20.35,1
e,2022-11-01 17:21:41.456235,-0.06,-0.69,0.72,1.16,1.89,2.56,-4.49,44.47,-20.35,1
e,2022-11-01 17:21:41.456385,-0.06,-0.70,0.72,1.34,1.89,2.50,-3.94,44.98,-19.79,1
e,2022-11-01 17:21:41.456543,-0.06,-0.69,0.72,1.28,1.95,2.50,-3.94,44.98,-19.79,1
e,2022-11-01 17:21:41.456694,-0.06,-0.69,0.72,1.40,1.71,2.44,-3.94,44.98,-19.79,1
e,2022-11-01 17:21:41.456849,-0.06,-0.70,0.72,1.10,1.83,2.26,-4.22,44.78,-20.40,1
e,2022-11-01 17:21:41.456999,-0.06,-0.69,0.72,1.28,1.89,2.50,-4.22,44.78,-20.40,1
e,2022-11-01 17:21:41.457149,-0.06,-0.69,0.72,1.46,1.71,2.50,-4.22,44.78,-20.40,1
e,2022-11-01 17:21:41.457305,-0.06,-0.70,0.72,1.46,1.71,2.50,-3.91,44.80,-20.17,1
e,2022-11-01 17:21:41.457454,-0.06,-0.69,0.72,1.40,1.95,2.56,-3.91,44.80,-20.17,1
e,2022-11-01 17:21:41.457612,-0.06,-0.70,0.72,1.34,1.83,2.56,-4.66,44.76,-19.76,1
e,2022-11-01 17:21:41.457766,-0.06,-0.70,0.72,1.28,1.89,2.44,-4.66,44.76,-19.76,1
e,2022-11-01 17:21:41.457921,-0.06,-0.69,0.72,1.16,1.95,2.56,-4.66,44.76,-19.76,1
e,2022-11-01 17:21:41.458081,-0.06,-0.70,0.72,1.34,1.77,2.38,-4.74,44.68,-20.95,1
e,2022-11-01 17:21:41.458234,-0.06,-0.69,0.72,1.65,1.83,2.69,-4.74,44.68,-20.95,1
e,2022-11-01 17:21:41.458392,-0.06,-0.69,0.72,1.34,1.83,2.56,-4.74,44.68,-20.95,1
e,2022-11-01 17:21:41.458542,-0.06,-0.69,0.72,1.04,1.95,2.56,-4.96,45.42,-20.64,1
e,2022-11-01 17:21:41.458699,-0.06,-0.69,0.72,1.16,1.95,2.38,-4.96,45.42,-20.64,1
e,2022-11-01 17:21:41.458853,-0.06,-0.69,0.72,1.28,1.89,2.50,-4.96,45.42,-20.64,1
e,2022-11-01 17:21:41.459006,-0.06,-0.69,0.72,1.22,1.83,2.38,-4.28,44.82,-21.11,1
e,2022-11-01 17:21:41.459166,-0.06,-0.70,0.72,1.34,1.83,2.44,-4.28,44.82,-21.11,1
e,2022-11-01 17:21:41.459320,-0.06,-0.69,0.72,1.16,1.89,2.44,-4.65,45.01,-20.01,1
e,2022-11-01 17:21:41.459477,-0.06,-0.69,0.72,1.22,1.83,2.32,-4.65,45.01,-20.01,1
e,2022-11-01 17:21:41.459628,-0.06,-0.70,0.72,1.40,1.83,2.26,-4.65,45.01,-20.01,1
e,2022-11-01 17:21:41.459778,-0.06,-0.69,0.72,1.28,2.01,2.38,-4.13,45.41,-20.92,1
e,2022-11-01 17:21:41.459939,-0.06,-0.69,0.72,1.34,2.01,2.50,-4.13,45.41,-20.92,1
e,2022-11-01 17:21:41.460116,-0.06,-0.69,0.72,1.34,2.01,2.56,-4.13,45.41,-20.92,1
e,2022-11-01 17:21:41.460277,-0.06,-0.69,0.72,1.22,1.71,2.38,-4.36,45.13,-21.08,1
e,2022-11-01 17:21:41.460428,-0.06,-0.69,0.72,1.34,1.77,2.38,-4.36,45.13,-21.08,1
e,2022-11-01 17:21:41.460579,-0.06,-0.69,0.72,1.16,2.01,2.44,-4.36,45.13,-21.08,1
e,2022-11-01 17:21:41.460738,-0.06,-0.69,0.72,1.28,1.83,2.44,-4.13,45.21,-21.07,1
e,2022-11-01 17:21:41.460887,-0.06,-0.69,0.72,1.16,2.01,2.32,-4.13,45.21,-21.07,1
e,2022-11-01 17:21:41.461045,-0.06,-0.69,0.72,1.28,1.77,2.44,-3.94,45.20,-21.34,1
e,2022-11-01 17:21:41.461199,-0.06,-0.69,0.72,1.16,1.83,2.38,-3.94,45.20,-21.34,1
e,2022-11-01 17:21:41.461356,-0.06,-0.69,0.72,1.22,1.89,2.26,-3.94,45.20,-21.34,1
e,2022-11-01 17:21:41.461506,-0.06,-0.70,0.72,1.16,1.71,2.50,-4.32,45.53,-20.41,1
e,2022-11-01 17:21:41.461657,-0.06,-0.69,0.72,1.10,1.83,2.56,-4.32,45.53,-20.41,1
e,2022-11-01 17:21:41.461815,-0.06,-0.70,0.72,1.34,1.77,2.38,-4.32,45.53,-20.41,1
e,2022-11-01 17:21:41.461967,-0.06,-0.69,0.72,1.10,1.77,2.50,-4.38,45.75,-20.12,1
e,2022-11-01 17:21:41.462123,-0.06,-0.69,0.72,1.10,1.83,2.44,-4.38,45.75,-20.12,1
e,2022-11-01 17:21:41.462274,-0.06,-0.69,0.72,1.22,1.83,2.32,-4.38,45.75,-20.12,1
e,2022-11-01 17:21:41.462425,-0.06,-0.70,0.72,1.10,1.83,2.44,-3.96,45.51,-20.01,1
e,2022-11-01 17:21:41.462582,-0.06,-0.69,0.72,1.16,1.77,2.44,-3.96,45.51,-20.01,1
e,2022-11-01 17:21:41.462735,-0.06,-0.69,0.72,1.04,1.89,2.32,-4.17,44.92,-19.76,1
e,2022-11-01 17:21:41.462892,-0.06,-0.70,0.72,0.92,1.83,2.32,-4.17,44.92,-19.76,1
e,2022-11-01 17:21:41.463043,-0.06,-0.69,0.72,1.22,1.83,2.38,-4.17,44.92,-19.76,1
e,2022-11-01 17:21:41.463192,-0.06,-0.69,0.72,1.16,1.77,2.44,-4.43,45.64,-20.53,1
e,2022-11-01 17:21:41.463347,-0.06,-0.70,0.72,1.28,1.77,2.62,-4.43,45.64,-20.53,1
e,2022-11-01 17:21:41.463499,-0.06,-0.70,0.72,1.16,1.89,2.50,-4.43,45.64,-20.53,1
e,2022-11-01 17:21:41.463655,-0.06,-0.69,0.72,1.22,1.83,2.62,-4.25,45.85,-21.09,1
e,2022-11-01 17:21:41.463805,-0.06,-0.69,0.72,1.40,1.89,2.44,-4.25,45.85,-21.09,1
e,2022-11-01 17:21:41.463961,-0.06,-0.70,0.72,1.22,1.89,2.56,-4.25,45.85,-21.09,1
e,2022-11-01 17:21:41.464111,-0.06,-0.69,0.72,1.22,1.89,2.44,-4.22,45.08,-20.17,1
e,2022-11-01 17:21:41.464261,-0.06,-0.70,0.72,0.92,2.08,2.38,-4.22,45.08,-20.17,1
e,2022-11-01 17:21:41.464416,-0.06,-0.70,0.72,1.34,1.89,2.50,-4.31,45.18,-20.35,1
e,2022-11-01 17:21:41.464569,-0.06,-0.69,0.72,1.22,1.77,2.50,-4.31,45.18,-20.35,1
e,2022-11-01 17:21:41.464750,-0.06,-0.69,0.72,1.10,1.95,2.44,-4.31,45.18,-20.35,1
e,2022-11-01 17:21:41.464901,-0.06,-0.69,0.72,1.10,1.89,2.56,-4.49,45.29,-20.79,1
e,2022-11-01 17:21:41.465054,-0.06,-0.69,0.72,1.28,1.83,2.50,-4.49,45.29,-20.79,1
e,2022-11-01 17:21:41.465223,-0.06,-0.70,0.72,1.04,1.95,2.44,-4.49,45.29,-20.79,1
e,2022-11-01 17:21:41.465376,-0.06,-0.69,0.72,1.10,1.89,2.44,-4.48,45.43,-20.76,1
e,2022-11-01 17:21:41.465534,-0.06,-0.69,0.72,0.98,2.01,2.50,-4.48,45.43,-20.76,1
e,2022-11-01 17:21:41.465686,-0.06,-0.69,0.72,1.16,1.95,2.44,-4.48,45.43,-20.76,1
e,2022-11-01 17:21:41.465837,-0.06,-0.69,0.72,0.98,1.89,2.26,-3.82,45.36,-21.00,1
e,2022-11-01 17:21:41.466007,-0.06,-0.69,0.72,1.22,1.83,2.44,-3.82,45.36,-21.00,1
e,2022-11-01 17:21:41.466161,-0.06,-0.69,0.72,1.22,1.89,2.44,-4.19,45.36,-21.02,1
e,2022-11-01 17:21:41.466322,-0.06,-0.69,0.72,1.04,1.95,2.38,-4.19,45.36,-21.02,1
e,2022-11-01 17:21:41.466474,-0.06,-0.70,0.72,1.40,1.83,2.50,-4.19,45.36,-21.02,1
e,2022-11-01 17:21:41.466632,-0.06,-0.69,0.72,1.22,1.77,2.32,-4.31,45.02,-21.48,1
e,2022-11-01 17:21:41.466785,-0.06,-0.69,0.72,1.10,1.83,2.26,-4.31,45.02,-21.48,1
e,2022-11-01 17:21:41.466936,-0.06,-0.69,0.72,1.10,1.89,2.26,-4.31,45.02,-21.48,1
e,2022-11-01 17:21:41.467094,-0.06,-0.69,0.72,0.92,1.95,2.32,-3.75,44.86,-21.25,1
e,2022-11-01 17:21:41.467247,-0.06,-0.70,0.72,1.16,1.89,2.44,-3.75,44.86,-21.25,1
e,2022-11-01 17:21:41.467401,-0.06,-0.69,0.72,1.16,1.89,2.44,-3.75,44.86,-21.25,1
e,2022-11-01 17:21:41.467554,-0.06,-0.69,0.71,1.16,1.77,2.32,-4.06,44.89,-21.25,1
e,2022-11-01 17:21:41.467709,-0.06,-0.69,0.72,1.10,2.01,2.44,-4.06,44.89,-21.25,1
e,2022-11-01 17:21:41.467868,-0.06,-0.69,0.72,1.34,1.71,2.56,-4.37,45.35,-20.80,1
e,2022-11-01 17:21:41.468020,-0.06,-0.69,0.72,1.16,1.83,2.50,-4.37,45.35,-20.80,1
e,2022-11-01 17:21:41.468178,-0.06,-0.69,0.72,1.16,1.95,2.50,-4.37,45.35,-20.80,1
e,2022-11-01 17:21:41.468330,-0.06,-0.70,0.72,1.22,1.89,2.50,-3.66,44.75,-20.41,1
e,2022-11-01 17:21:41.468485,-0.06,-0.69,0.72,1.22,1.89,2.38,-3.66,44.75,-20.41,1
e,2022-11-01 17:21:41.468647,-0.06,-0.69,0.72,1.04,1.89,2.44,-3.66,44.75,-20.41,1
e,2022-11-01 17:21:41.468803,-0.06,-0.69,0.72,1.16,1.71,2.38,-3.55,45.89,-21.30,1
e,2022-11-01 17:21:41.468973,-0.06,-0.69,0.72,1.16,1.89,2.32,-3.55,45.89,-21.30,1
e,2022-11-01 17:21:41.469128,-0.06,-0.69,0.72,0.92,1.95,2.44,-3.55,45.89,-21.30,1
e,2022-11-01 17:21:41.469284,-0.06,-0.69,0.72,0.92,1.83,2.44,-3.99,44.70,-20.47,1
e,2022-11-01 17:21:41.469447,-0.06,-0.69,0.72,1.28,1.71,2.50,-3.99,44.70,-20.47,1
e,2022-11-01 17:21:41.469600,-0.06,-0.70,0.72,1.16,2.01,2.50,-3.85,45.50,-20.72,1
e,2022-11-01 17:21:41.469758,-0.06,-0.70,0.72,1.04,1.89,2.44,-3.85,45.50,-20.72,1
e,2022-11-01 17:21:41.469910,-0.06,-0.69,0.72,1.22,1.77,2.44,-3.85,45.50,-20.72,1
e,2022-11-01 17:21:41.470066,-0.06,-0.69,0.72,1.34,1.83,2.44,-4.10,45.48,-20.39,1
e,2022-11-01 17:21:41.470219,-0.06,-0.69,0.72,1.10,1.89,2.20,-4.10,45.48,-20.39,1
e,2022-11-01 17:21:41.470374,-0.06,-0.69,0.72,0.92,1.89,2.50,-4.10,45.48,-20.39,1
e,2022-11-01 17:21:41.470533,-0.06,-0.69,0.72,1.04,1.83,2.50,-4.05,44.97,-20.28,1
e,2022-11-01 17:21:41.470692,-0.06,-0.69,0.72,1.10,1.89,2.44,-4.05,44.97,-20.28,1
e,2022-11-01 17:21:41.470848,-0.06,-0.69,0.72,1.22,1.89,2.56,-4.05,44.97,-20.28,1
e,2022-11-01 17:21:41.471000,-0.06,-0.69,0.72,1.10,1.65,2.50,-3.50,44.75,-19.49,1
e,2022-11-01 17:21:41.471152,-0.06,-0.69,0.72,1.22,1.83,2.56,-3.50,44.75,-19.49,1
e,2022-11-01 17:21:41.471307,-0.06,-0.69,0.72,1.10,1.89,2.56,-4.10,45.03,-20.25,1
e,2022-11-01 17:21:41.471458,-0.06,-0.69,0.72,1.16,2.01,2.38,-4.10,45.03,-20.25,1
e,2022-11-01 17:21:41.471615,-0.06,-0.69,0.72,1.04,1.83,2.56,-4.10,45.03,-20.25,1
e,2022-11-01 17:21:41.471769,-0.06,-0.70,0.72,1.28,1.89,2.44,-4.17,45.56,-20.78,1
e,2022-11-01 17:21:41.471918,-0.06,-0.69,0.72,1.22,2.01,2.44,-4.17,45.56,-20.78,1
e,2022-11-01 17:21:41.472076,-0.06,-0.69,0.72,1.28,1.95,2.50,-4.17,45.56,-20.78,1
e,2022-11-01 17:21:41.472230,-0.06,-0.69,0.72,1.04,1.83,2.26,-4.66,45.70,-20.40,1
e,2022-11-01 17:21:41.472389,-0.06,-0.69,0.72,0.98,1.89,2.26,-4.66,45.70,-20.40,1
e,2022-11-01 17:21:41.472543,-0.06,-0.69,0.72,0.85,1.71,2.38,-4.66,45.70,-20.40,1
e,2022-11-01 17:21:41.472698,-0.06,-0.69,0.72,0.92,1.89,2.32,-4.31,44.63,-20.12,1
e,2022-11-01 17:21:41.472856,-0.06,-0.69,0.72,1.34,1.83,2.38,-4.31,44.63,-20.12,1
e,2022-11-01 17:21:41.473009,-0.06,-0.69,0.72,1.10,1.83,2.56,-4.36,44.90,-20.54,1
e,2022-11-01 17:21:41.473171,-0.06,-0.69,0.72,1.10,1.77,2.14,-4.36,44.90,-20.54,1
e,2022-11-01 17:21:41.473322,-0.06,-0.69,0.72,1.16,1.83,2.44,-4.36,44.90,-20.54,1
e,2022-11-01 17:21:41.473478,-0.06,-0.69,0.72,1.04,1.71,2.26,-4.37,45.12,-21.07,1
e,2022-11-01 17:21:41.473632,-0.06,-0.69,0.72,1.04,1.95,2.26,-4.37,45.12,-21.07,1
e,2022-11-01 17:21:41.473784,-0.06,-0.69,0.72,1.04,2.01,2.32,-4.37,45.12,-21.07,1
e,2022-11-01 17:21:41.473942,-0.06,-0.69,0.72,1.16,1.77,2.38,-3.96,45.04,-20.84,1
e,2022-11-01 17:21:41.474093,-0.06,-0.69,0.72,1.22,1.83,2.50,-3.96,45.04,-20.84,1
e,2022-11-01 17:21:41.474248,-0.06,-0.69,0.72,1.22,1.95,2.44,-3.96,45.04,-20.84,1
e,2022-11-01 17:21:41.474400,-0.06,-0.69,0.72,1.28,1.89,2.26,-4.25,45.12,-20.01,1
e,2022-11-01 17:21:41.474553,-0.06,-0.69,0.72,1.28,1.95,2.50,-4.25,45.12,-20.01,1
e,2022-11-01 17:21:41.474712,-0.06,-0.70,0.72,1.16,1.95,2.56,-4.32,45.02,-20.00,1
e,2022-11-01 17:21:41.474863,-0.06,-0.69,0.72,1.22,1.89,2.50,-4.32,45.02,-20.00,1
e,2022-11-01 17:21:41.475018,-0.06,-0.69,0.72,1.16,1.89,2.56,-4.32,45.02,-20.00,1
e,2022-11-01 17:21:41.475169,-0.06,-0.69,0.72,1.28,1.83,2.32,-4.02,44.92,-20.58,1
e,2022-11-01 17:21:41.475340,-0.06,-0.70,0.72,1.22,1.83,2.32,-4.02,44.92,-20.58,1
e,2022-11-01 17:21:41.475505,-0.06,-0.69,0.72,1.04,1.83,2.50,-4.02,44.92,-20.58,1
e,2022-11-01 17:21:41.475662,-0.06,-0.69,0.72,1.22,1.89,2.44,-4.47,45.08,-19.79,1
e,2022-11-01 17:21:41.475823,-0.06,-0.69,0.72,1.34,1.83,2.50,-4.47,45.08,-19.79,1
e,2022-11-01 17:21:41.475976,-0.06,-0.69,0.72,1.34,1.95,2.44,-4.47,45.08,-19.79,1
e,2022-11-01 17:21:41.476133,-0.06,-0.69,0.72,1.10,1.83,2.26,-5.29,45.04,-19.75,1
e,2022-11-01 17:21:41.476295,-0.06,-0.69,0.72,1.28,1.83,2.38,-5.29,45.04,-19.75,1
e,2022-11-01 17:21:41.476450,-0.06,-0.69,0.72,1.28,1.89,2.50,-4.27,44.96,-19.29,1
e,2022-11-01 17:21:41.476609,-0.06,-0.69,0.72,1.40,1.89,2.56,-4.27,44.96,-19.29,1
e,2022-11-01 17:21:41.476763,-0.06,-0.69,0.72,1.22,1.83,2.50,-4.27,44.96,-19.29,1
e,2022-11-01 17:21:41.476917,-0.06,-0.69,0.72,1.16,1.77,2.56,-4.09,45.19,-20.34,1
e,2022-11-01 17:21:41.477077,-0.06,-0.69,0.72,1.22,1.83,2.44,-4.09,45.19,-20.34,1
e,2022-11-01 17:21:41.477228,-0.06,-0.70,0.72,1.04,2.01,2.26,-4.09,45.19,-20.34,1
e,2022-11-01 17:21:41.477388,-0.06,-0.69,0.72,1.16,1.89,2.38,-4.11,45.03,-20.75,1
e,2022-11-01 17:21:41.477542,-0.06,-0.69,0.72,1.22,2.01,2.44,-4.11,45.03,-20.75,1
e,2022-11-01 17:21:41.477699,-0.06,-0.69,0.72,1.16,1.89,2.56,-4.11,45.03,-20.75,1
e,2022-11-01 17:21:41.477863,-0.06,-0.69,0.72,1.04,1.83,2.38,-3.82,44.41,-18.91,1
e,2022-11-01 17:21:41.478022,-0.06,-0.69,0.72,1.28,2.14,2.44,-3.82,44.41,-18.91,1
e,2022-11-01 17:21:41.478184,-0.06,-0.69,0.72,1.10,1.95,2.38,-3.97,45.15,-19.73,1
e,2022-11-01 17:21:41.478342,-0.06,-0.69,0.72,1.22,1.71,2.44,-3.97,45.15,-19.73,1
e,2022-11-01 17:21:41.478493,-0.06,-0.69,0.72,1.16,1.95,2.38,-3.97,45.15,-19.73,1
e,2022-11-01 17:21:41.478653,-0.06,-0.69,0.72,1.22,1.95,2.26,-4.28,45.17,-21.91,1
e,2022-11-01 17:21:41.478805,-0.06,-0.69,0.72,1.16,1.77,2.32,-4.28,45.17,-21.91,1
e,2022-11-01 17:21:41.478967,-0.06,-0.69,0.72,1.28,1.83,2.44,-4.28,45.17,-21.91,1
e,2022-11-01 17:21:41.479125,-0.06,-0.69,0.72,0.92,1.65,2.44,-4.27,44.97,-20.51,1
e,2022-11-01 17:21:41.479283,-0.06,-0.69,0.72,1.28,1.95,2.62,-4.27,44.97,-20.51,1
e,2022-11-01 17:21:41.479444,-0.06,-0.69,0.72,1.22,1.95,2.50,-4.27,44.97,-20.51,1
e,2022-11-01 17:21:41.479602,-0.06,-0.69,0.72,1.04,1.77,2.32,-4.64,44.58,-20.51,1
e,2022-11-01 17:21:41.479761,-0.06,-0.69,0.72,1.16,1.89,2.20,-4.64,44.58,-20.51,1
e,2022-11-01 17:21:41.479913,-0.06,-0.69,0.72,1.22,2.08,2.44,-4.68,45.28,-19.35,1
e,2022-11-01 17:21:41.480069,-0.06,-0.69,0.72,1.22,1.89,2.44,-4.68,45.28,-19.35,1
e,2022-11-01 17:21:41.480223,-0.06,-0.69,0.72,1.22,1.89,2.50,-4.68,45.28,-19.35,1
e,2022-11-01 17:21:41.480376,-0.06,-0.70,0.72,1.10,1.71,2.38,-4.26,45.01,-21.29,1
e,2022-11-01 17:21:41.480532,-0.06,-0.69,0.72,1.28,1.89,2.26,-4.26,45.01,-21.29,1
e,2022-11-01 17:21:41.480684,-0.06,-0.69,0.72,1.16,1.65,2.44,-4.26,45.01,-21.29,1
e,2022-11-01 17:21:41.480840,-0.06,-0.69,0.72,1.04,1.83,2.38,-4.53,44.76,-21.14,1
e,2022-11-01 17:21:41.480992,-0.06,-0.69,0.72,1.16,1.71,2.38,-4.53,44.76,-21.14,1
e,2022-11-01 17:21:41.481144,-0.06,-0.69,0.72,0.98,1.89,2.38,-4.53,44.76,-21.14,1
e,2022-11-01 17:21:41.481299,-0.06,-0.69,0.72,1.04,1.77,2.44,-3.83,44.78,-19.67,1
e,2022-11-01 17:21:41.481449,-0.06,-0.69,0.72,1.28,1.71,2.44,-3.83,44.78,-19.67,1
e,2022-11-01 17:21:41.481608,-0.06,-0.70,0.72,1.22,1.83,2.44,-3.64,44.96,-20.50,1
e,2022-11-01 17:21:41.481763,-0.06,-0.69,0.72,1.34,1.83,2.38,-3.64,44.96,-20.50,1
e,2022-11-01 17:21:41.481912,-0.12,0.88,0.37,1.95,1.65,2.20,-26.73,9.57,2.61,1
e,2022-11-01 17:21:41.482064,-0.12,0.89,0.37,1.53,1.83,2.32,-26.73,9.57,2.61,1
e,2022-11-01 17:21:41.482211,-0.12,0.88,0.37,1.71,1.65,2.69,-26.73,9.57,2.61,1
e,2022-11-01 17:21:41.482362,-0.12,0.88,0.37,2.01,1.59,2.14,-26.34,9.01,1.67,1
e,2022-11-01 17:21:41.482508,-0.12,0.89,0.37,4.33,0.85,1.10,-26.34,9.01,1.67,1
e,2022-11-01 17:21:41.482654,-0.12,0.89,0.37,7.14,0.24,0.98,-26.34,9.01,1.67,1
e,2022-11-01 17:21:41.482804,-0.12,0.88,0.38,6.96,1.10,1.22,-26.45,8.78,3.43,1
e,2022-11-01 17:21:41.482947,-0.12,0.89,0.37,2.62,1.22,1.77,-26.45,8.78,3.43,1
e,2022-11-01 17:21:41.483098,-0.12,0.88,0.37,4.27,1.46,2.08,-26.38,8.52,3.93,1
e,2022-11-01 17:21:41.483242,-0.12,0.88,0.38,3.23,1.22,1.77,-26.38,8.52,3.93,1
e,2022-11-01 17:21:41.483387,-0.12,0.88,0.38,3.60,1.28,1.89,-26.38,8.52,3.93,1
e,2022-11-01 17:21:41.483536,-0.12,0.89,0.39,6.35,0.49,0.37,-26.33,9.03,2.69,1
e,2022-11-01 17:21:41.483680,-0.12,0.87,0.38,8.18,0.49,0.79,-26.33,9.03,2.69,1
e,2022-11-01 17:21:41.483827,-0.12,0.88,0.39,5.74,0.24,1.16,-26.33,9.03,2.69,1
e,2022-11-01 17:21:41.483974,-0.12,0.88,0.39,4.58,0.98,1.16,-25.93,8.63,2.28,1
e,2022-11-01 17:21:41.484118,-0.11,0.87,0.38,3.66,1.28,0.61,-25.93,8.63,2.28,1
e,2022-11-01 17:21:41.484272,-0.10,0.85,0.38,4.03,1.59,-1.89,-25.93,8.63,2.28,1
e,2022-11-01 17:21:41.484422,-0.12,0.88,0.39,-0.92,1.71,-4.15,-25.62,8.04,2.75,1
e,2022-11-01 17:21:41.484569,-0.11,0.85,0.39,0.12,3.30,-7.14,-25.62,8.04,2.75,1
e,2022-11-01 17:21:41.484736,-0.12,0.87,0.38,-9.22,4.09,-10.80,-26.21,8.54,2.37,1
e,2022-11-01 17:21:41.484893,-0.11,0.86,0.38,-13.18,7.63,-13.49,-26.21,8.54,2.37,1
e,2022-11-01 17:21:41.485053,-0.09,0.88,0.37,-19.96,8.91,-15.56,-26.21,8.54,2.37,1
e,2022-11-01 17:21:41.485210,-0.08,0.89,0.36,-25.27,10.25,-17.09,-25.32,7.64,2.47,1
e,2022-11-01 17:21:41.485378,-0.07,0.90,0.35,-26.55,10.86,-17.21,-25.32,7.64,2.47,1
e,2022-11-01 17:21:41.485534,-0.06,0.91,0.35,-27.59,10.74,-15.01,-25.32,7.64,2.47,1
e,2022-11-01 17:21:41.485686,-0.05,0.93,0.33,-23.38,9.64,-11.78,-26.31,8.69,2.16,1
e,2022-11-01 17:21:41.485846,-0.05,0.94,0.33,-12.39,5.37,-6.23,-26.31,8.69,2.16,1
e,2022-11-01 17:21:41.485994,-0.05,0.93,0.32,-3.17,3.05,-0.49,-26.31,8.69,2.16,1
e,2022-11-01 17:21:41.486152,-0.04,0.93,0.33,4.70,0.79,3.72,-25.21,8.47,1.53,1
e,2022-11-01 17:21:41.486301,-0.05,0.92,0.33,11.35,-2.08,7.20,-25.21,8.47,1.53,1
e,2022-11-01 17:21:41.486453,-0.05,0.91,0.34,15.26,-2.93,10.13,-26.07,7.82,2.86,1
e,2022-11-01 17:21:41.486609,-0.07,0.89,0.34,13.12,-2.69,11.66,-26.07,7.82,2.86,1
e,2022-11-01 17:21:41.486758,-0.06,0.94,0.33,3.60,-0.73,13.31,-26.07,7.82,2.86,1
e,2022-11-01 17:21:41.486914,-0.06,0.92,0.35,11.96,-2.14,14.53,-25.88,8.25,3.05,1
e,2022-11-01 17:21:41.487065,-0.04,0.94,0.40,21.67,-6.29,15.87,-25.88,8.25,3.05,1
e,2022-11-01 17:21:41.487220,-0.10,0.82,0.32,26.92,-8.18,0.98,-25.88,8.25,3.05,1
e,2022-11-01 17:21:41.487370,-0.11,0.89,0.38,17.09,-1.04,6.65,-26.06,8.42,2.62,1
e,2022-11-01 17:21:41.487518,-0.10,0.88,0.38,-1.10,1.34,7.02,-26.06,8.42,2.62,1
e,2022-11-01 17:21:41.487675,-0.09,0.87,0.35,0.49,2.14,4.03,-26.06,8.42,2.62,1
e,2022-11-01 17:21:41.487823,-0.09,0.88,0.36,-0.37,1.89,-0.98,-26.17,7.91,3.12,1
e,2022-11-01 17:21:41.487978,-0.10,0.87,0.37,-3.72,3.60,-3.36,-26.17,7.91,3.12,1
e,2022-11-01 17:21:41.488127,-0.08,0.89,0.36,-8.67,5.31,-3.97,-25.77,8.09,2.58,1
e,2022-11-01 17:21:41.488277,-0.07,0.90,0.35,-7.45,4.94,-3.78,-25.77,8.09,2.58,1
e,2022-11-01 17:21:41.488430,-0.07,0.91,0.36,-4.88,3.97,-2.93,-25.77,8.09,2.58,1
e,2022-11-01 17:21:41.488579,-0.07,0.90,0.36,-3.11,3.17,-0.98,-26.04,8.06,2.58,1
e,2022-11-01 17:21:41.488730,-0.08,0.91,0.35,-1.59,2.26,1.71,-26.04,8.06,2.58,1
e,2022-11-01 17:21:41.488874,-0.07,0.90,0.35,3.85,0.85,4.21,-26.04,8.06,2.58,1
e,2022-11-01 17:21:41.489020,-0.08,0.90,0.36,5.74,-0.37,5.25,-26.55,8.44,3.30,1
e,2022-11-01 17:21:41.489174,-0.08,0.89,0.35,5.74,-0.24,7.08,-26.55,8.44,3.30,1
e,2022-11-01 17:21:41.489322,-0.08,0.89,0.35,6.59,-0.61,6.84,-26.55,8.44,3.30,1
e,2022-11-01 17:21:41.489474,-0.08,0.89,0.36,7.57,-0.73,5.43,-26.26,8.59,3.55,1
e,2022-11-01 17:21:41.489621,-0.08,0.88,0.36,4.88,0.49,3.78,-26.26,8.59,3.55,1
e,2022-11-01 17:21:41.489767,-0.09,0.89,0.36,0.73,1.65,2.81,-26.00,8.45,2.17,1
e,2022-11-01 17:21:41.489919,-0.08,0.89,0.36,-1.34,2.50,1.65,-26.00,8.45,2.17,1
e,2022-11-01 17:21:41.490067,-0.08,0.89,0.36,-0.61,2.69,0.31,-26.00,8.45,2.17,1
e,2022-11-01 17:21:41.490221,-0.08,0.89,0.36,-0.12,2.56,-0.37,-25.73,8.07,2.83,1
e,2022-11-01 17:21:41.490367,-0.08,0.89,0.36,-2.32,3.05,0.37,-25.73,8.07,2.83,1
e,2022-11-01 17:21:41.490520,-0.08,0.90,0.36,-2.44,2.62,1.28,-25.73,8.07,2.83,1
e,2022-11-01 17:21:41.490687,-0.07,0.90,0.35,0.18,1.89,1.77,-25.89,8.28,2.00,1
e,2022-11-01 17:21:41.490834,-0.07,0.90,0.36,3.05,1.40,2.20,-25.89,8.28,2.00,1
e,2022-11-01 17:21:41.490988,-0.08,0.90,0.36,3.42,1.10,3.23,-25.89,8.28,2.00,1
e,2022-11-01 17:21:41.491137,-0.08,0.90,0.36,2.50,1.16,4.27,-25.79,8.07,2.70,1
e,2022-11-01 17:21:41.491284,-0.08,0.89,0.36,3.48,0.92,4.15,-25.79,8.07,2.70,1
e,2022-11-01 17:21:41.491433,-0.08,0.89,0.36,4.52,0.92,3.42,-25.90,8.14,2.77,1
e,2022-11-01 17:21:41.491578,-0.08,0.89,0.36,3.91,0.92,3.05,-25.90,8.14,2.77,1
e,2022-11-01 17:21:41.491723,-0.09,0.89,0.36,1.34,1.65,2.93,-25.90,8.14,2.77,1
e,2022-11-01 17:21:41.491875,-0.08,0.89,0.36,-0.06,2.08,2.26,-26.27,8.28,3.55,1
e,2022-11-01 17:21:41.492019,-0.08,0.89,0.36,1.16,2.01,1.83,-26.27,8.28,3.55,1
e,2022-11-01 17:21:41.492168,-0.08,0.89,0.36,1.46,1.65,1.04,-26.27,8.28,3.55,1
e,2022-11-01 17:21:41.492310,-0.08,0.89,0.36,0.67,2.01,1.40,-26.15,8.24,2.64,1
e,2022-11-01 17:21:41.492457,-0.08,0.90,0.36,-0.92,2.20,2.08,-26.15,8.24,2.64,1
e,2022-11-01 17:21:41.492610,-0.08,0.90,0.36,-0.06,2.14,2.38,-26.15,8.24,2.64,1
e,2022-11-01 17:21:41.492754,-0.08,0.90,0.36,2.56,1.28,2.38,-26.01,8.14,1.64,1
e,2022-11-01 17:21:41.492904,-0.08,0.89,0.36,2.93,1.28,2.81,-26.01,8.14,1.64,1
e,2022-11-01 17:21:41.493046,-0.08,0.89,0.36,2.56,1.40,3.17,-25.71,8.11,2.44,1
e,2022-11-01 17:21:41.493189,-0.08,0.89,0.36,2.08,1.34,2.87,-25.71,8.11,2.44,1
e,2022-11-01 17:21:41.493336,-0.08,0.89,0.36,2.32,1.53,2.81,-25.71,8.11,2.44,1
e,2022-11-01 17:21:41.493481,-0.08,0.89,0.36,1.53,1.65,2.56,-25.99,8.46,2.08,1
e,2022-11-01 17:21:41.493628,-0.08,0.89,0.36,0.79,1.77,2.44,-25.99,8.46,2.08,1
e,2022-11-01 17:21:41.493773,-0.08,0.89,0.36,1.16,1.40,2.32,-25.99,8.46,2.08,1
e,2022-11-01 17:21:41.493915,-0.08,0.89,0.36,1.89,1.53,2.38,-25.61,7.86,2.37,1
e,2022-11-01 17:21:41.494064,-0.08,0.89,0.36,1.65,1.71,2.14,-25.61,7.86,2.37,1
e,2022-11-01 17:21:41.494208,-0.08,0.89,0.36,1.04,1.89,2.62,-25.61,7.86,2.37,1
e,2022-11-01 17:21:41.494356,-0.08,0.89,0.36,0.85,1.77,2.50,-26.22,8.63,2.78,1
e,2022-11-01 17:21:41.494499,-0.08,0.89,0.36,1.83,1.65,2.44,-26.22,8.63,2.78,1
e,2022-11-01 17:21:41.494643,-0.08,0.89,0.36,2.38,1.53,2.69,-26.16,8.59,2.37,1
e,2022-11-01 17:21:41.494795,-0.08,0.89,0.36,1.59,1.59,2.62,-26.16,8.59,2.37,1
e,2022-11-01 17:21:41.494941,-0.08,0.89,0.36,1.71,1.53,2.50,-26.16,8.59,2.37,1
e,2022-11-01 17:21:41.495088,-0.08,0.89,0.36,1.65,1.59,2.56,-26.14,8.03,3.23,1
e,2022-11-01 17:21:41.495233,-0.08,0.89,0.36,1.53,1.53,2.38,-26.14,8.03,3.23,1
e,2022-11-01 17:21:41.495378,-0.08,0.89,0.36,1.34,1.65,2.44,-26.14,8.03,3.23,1
e,2022-11-01 17:21:41.495526,-0.08,0.89,0.36,1.16,1.59,2.26,-25.98,8.17,1.76,1
e,2022-11-01 17:21:41.495670,-0.08,0.89,0.36,1.53,1.53,2.14,-25.98,8.17,1.76,1
e,2022-11-01 17:21:41.495812,-0.08,0.89,0.36,1.46,1.71,2.32,-25.98,8.17,1.76,1
e,2022-11-01 17:21:41.495959,-0.08,0.89,0.36,1.46,1.59,2.38,-26.65,8.45,3.30,1
e,2022-11-01 17:21:41.496102,-0.08,0.89,0.36,1.16,1.59,2.56,-26.65,8.45,3.30,1
e,2022-11-01 17:21:41.496248,-0.08,0.89,0.36,1.34,1.59,2.62,-26.18,8.78,1.90,1
e,2022-11-01 17:21:41.496390,-0.08,0.89,0.36,1.83,1.46,2.44,-26.18,8.78,1.90,1
e,2022-11-01 17:21:41.496532,-0.08,0.89,0.36,1.95,1.46,2.56,-26.18,8.78,1.90,1
e,2022-11-01 17:21:41.496680,-0.08,0.89,0.36,1.46,1.53,2.38,-26.15,8.39,2.23,1
e,2022-11-01 17:21:41.496824,-0.08,0.89,0.36,1.28,1.71,2.62,-26.15,8.39,2.23,1
e,2022-11-01 17:21:41.496972,-0.08,0.89,0.36,1.53,1.65,2.44,-26.15,8.39,2.23,1
e,2022-11-01 17:21:41.497116,-0.08,0.89,0.36,1.65,1.59,2.32,-26.05,8.12,2.59,1
e,2022-11-01 17:21:41.497259,-0.08,0.89,0.36,1.46,1.83,2.56,-26.05,8.12,2.59,1
e,2022-11-01 17:21:41.497406,-0.08,0.89,0.36,1.16,1.65,2.50,-26.05,8.12,2.59,1
e,2022-11-01 17:21:41.497550,-0.08,0.89,0.36,1.10,1.71,2.44,-26.25,7.96,4.06,1
e,2022-11-01 17:21:41.497698,-0.08,0.89,0.36,1.59,1.65,2.38,-26.25,7.96,4.06,1
e,2022-11-01 17:21:41.497841,-0.08,0.89,0.36,1.53,1.53,2.38,-25.81,8.54,3.31,1
e,2022-11-01 17:21:41.497985,-0.08,0.89,0.36,1.28,1.65,2.32,-25.81,8.54,3.31,1
e,2022-11-01 17:21:41.498136,-0.08,0.89,0.36,1.71,1.46,2.50,-25.81,8.54,3.31,1
e,2022-11-01 17:21:41.498279,-0.08,0.89,0.36,1.83,1.59,2.44,-26.16,8.22,3.03,1
e,2022-11-01 17:21:41.498426,-0.08,0.89,0.36,1.59,1.59,2.44,-26.16,8.22,3.03,1
e,2022-11-01 17:21:41.498568,-0.08,0.89,0.36,1.53,1.77,2.69,-26.16,8.22,3.03,1
e,2022-11-01 17:21:41.498710,-0.08,0.89,0.36,1.28,1.53,2.38,-26.05,8.20,3.60,1
e,2022-11-01 17:21:41.498858,-0.08,0.89,0.36,1.77,1.71,2.44,-26.05,8.20,3.60,1
e,2022-11-01 17:21:41.499001,-0.08,0.89,0.36,1.71,1.71,2.38,-26.05,8.20,3.60,1
e,2022-11-01 17:21:41.499149,-0.08,0.89,0.36,1.34,1.53,2.38,-26.38,8.04,2.22,1
e,2022-11-01 17:21:41.499291,-0.08,0.89,0.36,1.16,1.71,2.56,-26.38,8.04,2.22,1
e,2022-11-01 17:21:41.499433,-0.08,0.89,0.36,1.83,1.46,2.44,-26.20,7.78,2.64,1
e,2022-11-01 17:21:41.499581,-0.08,0.89,0.36,1.83,1.46,2.38,-26.20,7.78,2.64,1
e,2022-11-01 17:21:41.499725,-0.08,0.89,0.36,1.46,1.59,2.50,-26.20,7.78,2.64,1
e,2022-11-01 17:21:41.499872,-0.08,0.89,0.36,1.53,1.53,2.69,-26.31,8.30,2.45,1
e,2022-11-01 17:21:41.500017,-0.08,0.89,0.36,1.46,1.46,2.62,-26.31,8.30,2.45,1
e,2022-11-01 17:21:41.500160,-0.08,0.89,0.36,1.83,1.40,2.32,-26.31,8.30,2.45,1
e,2022-11-01 17:21:41.500307,-0.08,0.89,0.36,1.40,1.53,2.32,-26.21,8.47,2.04,1
e,2022-11-01 17:21:41.500448,-0.08,0.89,0.36,1.34,1.53,2.56,-26.21,8.47,2.04,1
e,2022-11-01 17:21:41.500589,-0.08,0.89,0.36,1.46,1.53,2.50,-26.21,8.47,2.04,1
e,2022-11-01 17:21:41.500735,-0.08,0.89,0.36,1.65,1.53,2.50,-26.31,8.61,2.44,1
e,2022-11-01 17:21:41.500878,-0.08,0.89,0.36,1.77,1.59,2.38,-26.31,8.61,2.44,1
e,2022-11-01 17:21:41.501027,-0.08,0.89,0.36,1.28,1.65,2.50,-26.28,7.92,3.38,1
e,2022-11-01 17:21:41.501171,-0.08,0.89,0.36,1.40,1.65,2.38,-26.28,7.92,3.38,1
e,2022-11-01 17:21:41.501315,-0.08,0.89,0.36,1.46,1.59,2.44,-26.28,7.92,3.38,1
e,2022-11-01 17:21:41.501462,-0.08,0.89,0.36,1.59,1.46,2.38,-26.03,8.28,1.07,1
e,2022-11-01 17:21:41.501605,-0.08,0.89,0.36,1.59,1.77,2.44,-26.03,8.28,1.07,1
e,2022-11-01 17:21:41.501753,-0.08,0.89,0.36,1.40,1.71,2.44,-26.03,8.28,1.07,1
e,2022-11-01 17:21:41.501897,-0.08,0.89,0.36,1.28,1.83,2.44,-26.50,8.44,2.56,1
e,2022-11-01 17:21:41.502040,-0.08,0.89,0.36,1.59,1.77,2.56,-26.50,8.44,2.56,1
e,2022-11-01 17:21:41.502188,-0.08,0.89,0.36,1.46,1.59,2.38,-26.50,8.44,2.56,1
e,2022-11-01 17:21:41.502330,-0.08,0.89,0.36,1.53,1.77,2.50,-26.03,8.33,3.87,1
e,2022-11-01 17:21:41.502477,-0.08,0.89,0.36,1.59,1.65,2.44,-26.03,8.33,3.87,1
e,2022-11-01 17:21:41.502622,-0.08,0.89,0.36,1.59,1.71,2.50,-26.11,8.08,3.47,1
e,2022-11-01 17:21:41.502766,-0.08,0.89,0.36,1.34,1.65,2.44,-26.11,8.08,3.47,1
e,2022-11-01 17:21:41.502921,-0.08,0.89,0.36,1.28,1.71,2.44,-26.11,8.08,3.47,1
e,2022-11-01 17:21:41.503066,-0.08,0.89,0.36,1.59,1.53,2.38,-26.26,8.29,3.16,1
e,2022-11-01 17:21:41.503221,-0.08,0.89,0.36,1.65,1.65,2.50,-26.26,8.29,3.16,1
e,2022-11-01 17:21:41.503364,-0.08,0.89,0.36,1.46,1.77,2.62,-26.26,8.29,3.16,1
e,2022-11-01 17:21:41.503510,-0.08,0.89,0.36,1.40,1.53,2.32,-25.89,7.85,3.04,1
e,2022-11-01 17:21:41.503675,-0.08,0.89,0.36,1.28,1.71,2.50,-25.89,7.85,3.04,1
e,2022-11-01 17:21:41.503818,-0.08,0.89,0.36,1.71,1.65,2.32,-25.89,7.85,3.04,1
e,2022-11-01 17:21:41.503966,-0.08,0.89,0.36,1.59,1.34,2.26,-25.93,8.24,3.28,1
e,2022-11-01 17:21:41.504110,-0.08,0.89,0.36,1.28,1.95,2.50,-25.93,8.24,3.28,1
e,2022-11-01 17:21:41.504252,-0.08,0.89,0.36,1.53,1.65,2.44,-25.65,8.63,3.60,1
e,2022-11-01 17:21:41.504402,-0.08,0.89,0.36,1.53,1.53,2.26,-25.65,8.63,3.60,1
e,2022-11-01 17:21:41.504547,-0.08,0.89,0.36,1.46,1.77,2.38,-25.65,8.63,3.60,1
e,2022-11-01 17:21:41.504695,-0.08,0.89,0.36,1.34,1.40,2.38,-25.84,7.92,4.15,1
e,2022-11-01 17:21:41.504840,-0.08,0.89,0.36,1.28,1.65,2.50,-25.84,7.92,4.15,1
e,2022-11-01 17:21:41.504983,-0.08,0.89,0.36,1.53,1.77,2.44,-25.84,7.92,4.15,1
e,2022-11-01 17:21:41.505132,-0.08,0.89,0.36,1.77,1.40,2.50,-26.17,7.74,2.71,1
e,2022-11-01 17:21:41.505278,-0.08,0.89,0.36,1.46,1.77,2.56,-26.17,7.74,2.71,1
e,2022-11-01 17:21:41.505422,-0.08,0.89,0.36,1.46,1.65,2.44,-26.17,7.74,2.71,1
e,2022-11-01 17:21:41.505582,-0.08,0.89,0.36,1.53,1.59,2.26,-25.51,7.65,3.03,1
e,2022-11-01 17:21:41.505729,-0.08,0.89,0.36,1.59,1.71,2.38,-25.51,7.65,3.03,1
e,2022-11-01 17:21:41.505880,-0.08,0.89,0.36,1.71,1.71,2.44,-25.76,8.33,3.45,1
e,2022-11-01 17:21:41.506028,-0.08,0.89,0.36,1.34,1.71,2.62,-25.76,8.33,3.45,1
e,2022-11-01 17:21:41.506172,-0.08,0.89,0.36,1.65,1.71,2.56,-25.76,8.33,3.45,1
e,2022-11-01 17:21:41.506320,-0.08,0.89,0.36,1.53,1.34,2.38,-26.00,7.90,3.09,1
e,2022-11-01 17:21:41.506464,-0.08,0.89,0.36,1.71,1.46,2.44,-26.00,7.90,3.09,1
e,2022-11-01 17:21:41.506611,-0.08,0.89,0.36,1.22,1.77,2.50,-26.00,7.90,3.09,1
e,2022-11-01 17:21:41.506755,-0.08,0.89,0.36,1.16,1.77,2.50,-25.85,8.14,3.19,1
e,2022-11-01 17:21:41.506897,-0.08,0.89,0.36,1.71,1.71,2.69,-25.85,8.14,3.19,1
e,2022-11-01 17:21:41.507044,-0.08,0.89,0.36,1.46,1.77,2.44,-25.85,8.14,3.19,1
e,2022-11-01 17:21:41.507187,-0.08,0.89,0.36,1.34,1.71,2.44,-26.04,7.60,2.06,1
e,2022-11-01 17:21:41.507334,-0.08,0.89,0.36,1.34,1.59,2.38,-26.04,7.60,2.06,1
e,2022-11-01 17:21:41.507476,-0.08,0.89,0.36,1.53,1.71,2.62,-25.44,8.03,2.53,1
e,2022-11-01 17:21:41.507619,-0.08,0.89,0.37,1.59,1.53,2.26,-25.44,8.03,2.53,1
e,2022-11-01 17:21:41.507766,-0.08,0.89,0.36,1.16,1.83,2.50,-25.44,8.03,2.53,1
e,2022-11-01 17:21:41.507912,-0.08,0.89,0.36,1.46,1.77,2.38,-25.88,8.35,3.91,1
e,2022-11-01 17:21:41.508063,-0.08,0.89,0.36,1.71,1.65,2.38,-25.88,8.35,3.91,1
e,2022-11-01 17:21:41.508208,-0.08,0.89,0.37,1.65,1.65,2.44,-25.88,8.35,3.91,1
e,2022-11-01 17:21:41.508353,-0.08,0.89,0.36,1.16,1.59,2.38,-25.23,7.47,2.56,1
e,2022-11-01 17:21:41.508502,-0.08,0.89,0.36,1.40,1.59,2.44,-25.23,7.47,2.56,1
e,2022-11-01 17:21:41.508644,-0.08,0.89,0.36,1.65,1.71,2.56,-25.23,7.47,2.56,1
e,2022-11-01 17:21:41.508791,-0.08,0.89,0.36,1.59,1.59,2.32,-25.89,7.42,3.63,1
e,2022-11-01 17:21:41.508936,-0.08,0.89,0.36,1.59,1.59,2.50,-25.89,7.42,3.63,1
e,2022-11-01 17:21:41.509081,-0.08,0.89,0.36,1.16,1.53,2.32,-26.27,7.92,2.32,1
e,2022-11-01 17:21:41.509227,-0.08,0.89,0.36,1.53,1.65,2.50,-26.27,7.92,2.32,1
e,2022-11-01 17:21:41.509371,-0.08,0.89,0.36,1.65,1.59,2.44,-26.27,7.92,2.32,1
e,2022-11-01 17:21:41.509517,-0.08,0.89,0.36,1.59,1.65,2.44,-25.61,7.63,2.70,1
e,2022-11-01 17:21:41.509660,-0.08,0.89,0.36,1.28,1.59,2.38,-25.61,7.63,2.70,1
e,2022-11-01 17:21:41.509805,-0.08,0.89,0.36,1.53,1.65,2.50,-25.61,7.63,2.70,1
e,2022-11-01 17:21:41.509953,-0.08,0.89,0.37,1.40,1.65,2.44,-25.95,7.63,3.77,1
e,2022-11-01 17:21:41.510095,-0.08,0.89,0.37,1.46,1.71,2.32,-25.95,7.63,3.77,1
e,2022-11-01 17:21:41.510243,-0.08,0.89,0.36,1.53,1.77,2.69,-25.95,7.63,3.77,1
e,2022-11-01 17:21:41.510387,-0.08,0.89,0.36,1.04,1.65,2.26,-26.29,7.85,3.49,1
e,2022-11-01 17:21:41.510530,-0.08,0.89,0.36,1.53,1.53,2.38,-26.29,7.85,3.49,1
e,2022-11-01 17:21:41.510678,-0.08,0.89,0.37,1.59,1.65,2.50,-25.96,8.11,2.15,1
e,2022-11-01 17:21:41.510820,-0.08,0.89,0.36,1.40,1.71,2.20,-25.96,8.11,2.15,1
e,2022-11-01 17:21:41.510962,-0.08,0.89,0.36,1.46,1.46,2.26,-25.96,8.11,2.15,1
e,2022-11-01 17:21:41.511107,-0.08,0.89,0.36,1.46,1.46,2.32,-25.50,7.91,4.13,1
e,2022-11-01 17:21:41.511250,-0.08,0.89,0.36,1.59,1.53,2.50,-25.50,7.91,4.13,1
e,2022-11-01 17:21:41.511396,-0.08,0.89,0.36,1.53,1.65,2.56,-25.50,7.91,4.13,1
e,2022-11-01 17:21:41.511541,-0.08,0.89,0.36,1.22,1.53,2.38,-25.72,7.53,1.03,1
e,2022-11-01 17:21:41.511686,-0.08,0.89,0.36,1.46,1.59,2.50,-25.72,7.53,1.03,1
e,2022-11-01 17:21:41.511841,-0.08,0.89,0.36,1.65,1.59,2.56,-25.72,7.53,1.03,1
e,2022-11-01 17:21:41.511991,-0.08,0.89,0.37,1.46,1.65,2.38,-25.44,8.36,2.69,1
e,2022-11-01 17:21:41.512140,-0.08,0.89,0.36,1.34,1.71,2.32,-25.44,8.36,2.69,1
e,2022-11-01 17:21:41.512286,-0.08,0.89,0.37,1.65,1.77,2.75,-25.18,8.07,2.67,1
e,2022-11-01 17:21:41.512429,-0.08,0.89,0.36,1.53,1.65,2.62,-25.18,8.07,2.67,1
e,2022-11-01 17:21:41.512578,-0.08,0.89,0.36,1.53,1.65,2.26,-25.18,8.07,2.67,1
e,2022-11-01 17:21:41.512722,-0.08,0.89,0.37,1.46,1.71,2.44,-25.61,8.17,3.09,1
e,2022-11-01 17:21:41.512872,-0.08,0.89,0.36,1.46,1.77,2.32,-25.61,8.17,3.09,1
e,2022-11-01 17:21:41.513016,-0.08,0.89,0.36,1.46,1.65,2.44,-25.61,8.17,3.09,1
e,2022-11-01 17:21:41.513159,-0.08,0.89,0.36,1.65,1.46,2.32,-25.92,8.15,3.15,1
e,2022-11-01 17:21:41.513307,-0.08,0.89,0.37,1.59,1.53,2.44,-25.92,8.15,3.15,1
e,2022-11-01 17:21:41.513452,-0.08,0.89,0.36,1.65,1.77,2.50,-25.39,8.15,3.41,1
e,2022-11-01 17:21:41.513599,-0.08,0.89,0.37,1.22,1.77,2.50,-25.39,8.15,3.41,1
e,2022-11-01 17:21:41.513749,-0.08,0.89,0.37,1.22,1.71,2.26,-25.39,8.15,3.41,1
e,2022-11-01 17:21:41.513893,-0.08,0.89,0.37,1.46,1.59,2.32,-25.56,8.57,3.09,1
e,2022-11-01 17:21:41.514043,-0.08,0.89,0.37,1.53,1.46,2.26,-25.56,8.57,3.09,1
e,2022-11-01 17:21:41.514187,-0.08,0.89,0.36,1.46,1.53,2.26,-25.56,8.57,3.09,1
e,2022-11-01 17:21:41.514331,-0.08,0.89,0.36,1.34,1.40,2.32,-26.26,7.71,3.17,1
e,2022-11-01 17:21:41.514479,-0.08,0.89,0.37,1.46,1.59,2.44,-26.26,7.71,3.17,1
e,2022-11-01 17:21:41.514624,-0.08,0.89,0.37,1.71,1.59,2.38,-26.26,7.71,3.17,1
e,2022-11-01 17:21:41.514774,-0.08,0.89,0.37,1.28,1.65,2.32,-25.68,8.15,2.47,1
e,2022-11-01 17:21:41.514918,-0.08,0.89,0.37,1.53,1.71,2.62,-25.68,8.15,2.47,1
e,2022-11-01 17:21:41.515061,-0.08,0.89,0.36,1.53,1.53,2.50,-25.43,8.65,2.59,1
e,2022-11-01 17:21:41.515211,-0.08,0.89,0.37,1.40,1.65,2.38,-25.43,8.65,2.59,1
e,2022-11-01 17:21:41.515356,-0.08,0.89,0.37,1.83,1.65,2.69,-25.43,8.65,2.59,1
e,2022-11-01 17:21:41.515504,-0.08,0.89,0.36,1.83,1.71,2.69,-25.78,8.09,2.49,1
e,2022-11-01 17:21:41.515646,-0.08,0.89,0.37,1.59,1.71,2.32,-25.78,8.09,2.49,1
e,2022-11-01 17:21:41.515790,-0.08,0.89,0.37,1.53,1.65,2.38,-25.78,8.09,2.49,1
e,2022-11-01 17:21:41.515939,-0.08,0.89,0.37,1.34,1.53,2.44,-26.06,7.37,3.43,1
e,2022-11-01 17:21:41.516082,-0.08,0.89,0.37,1.34,1.65,2.44,-26.06,7.37,3.43,1
e,2022-11-01 17:21:41.516231,-0.08,0.89,0.37,1.40,1.46,2.56,-26.06,7.37,3.43,1
e,2022-11-01 17:21:41.516374,-0.08,0.89,0.37,1.34,1.59,2.38,-25.77,8.22,3.28,1
e,2022-11-01 17:21:41.516518,-0.08,0.89,0.37,1.53,1.65,2.32,-25.77,8.22,3.28,1
e,2022-11-01 17:21:41.516665,-0.08,0.89,0.37,1.53,1.77,2.56,-25.81,7.68,2.66,1
e,2022-11-01 17:21:41.516808,-0.08,0.89,0.37,1.22,1.65,2.20,-25.81,7.68,2.66,1
e,2022-11-01 17:21:41.516953,-0.08,0.89,0.37,1.34,1.59,2.26,-25.81,7.68,2.66,1
e,2022-11-01 17:21:41.517097,-0.08,0.89,0.36,1.40,1.53,2.14,-26.07,7.18,2.84,1
e,2022-11-01 17:21:41.517240,-0.08,0.89,0.37,1.65,1.46,2.26,-26.07,7.18,2.84,1
e,2022-11-01 17:21:41.517387,-0.08,0.89,0.37,1.28,1.53,2.56,-26.07,7.18,2.84,1
e,2022-11-01 17:21:41.517530,-0.08,0.89,0.37,1.46,1.71,2.50,-25.96,8.12,3.34,1
e,2022-11-01 17:21:41.517673,-0.08,0.89,0.37,1.34,1.71,2.20,-25.96,8.12,3.34,1
e,2022-11-01 17:21:41.517819,-0.08,0.89,0.37,1.59,1.65,2.38,-25.96,8.12,3.34,1
e,2022-11-01 17:21:41.517962,-0.08,0.89,0.37,1.40,1.77,2.32,-26.27,7.87,2.42,1
e,2022-11-01 17:21:41.518108,-0.08,0.89,0.37,1.53,1.53,2.50,-26.27,7.87,2.42,1
e,2022-11-01 17:21:41.518252,-0.08,0.89,0.37,1.71,1.53,2.44,-26.05,7.74,4.04,1
e,2022-11-01 17:21:41.518393,-0.08,0.89,0.37,1.28,1.59,2.26,-26.05,7.74,4.04,1
e,2022-11-01 17:21:41.518539,-0.08,0.89,0.37,1.53,1.71,2.44,-26.05,7.74,4.04,1
e,2022-11-01 17:21:41.518682,-0.08,0.89,0.37,1.46,1.65,2.56,-25.45,8.25,1.98,1
e,2022-11-01 17:21:41.518830,-0.08,0.89,0.37,1.77,1.46,2.38,-25.45,8.25,1.98,1
e,2022-11-01 17:21:41.518973,-0.08,0.89,0.37,1.65,1.71,2.44,-25.45,8.25,1.98,1
e,2022-11-01 17:21:41.519113,-0.08,0.89,0.37,1.53,1.65,2.32,-25.89,8.22,2.59,1
e,2022-11-01 17:21:41.519260,-0.08,0.89,0.37,1.10,1.77,2.44,-25.89,8.22,2.59,1
e,2022-11-01 17:21:41.519402,-0.08,0.89,0.37,1.28,1.77,2.44,-25.89,8.22,2.59,1
e,2022-11-01 17:21:41.519548,-0.08,0.89,0.37,1.71,1.71,2.20,-25.45,7.78,2.61,1
e,2022-11-01 17:21:41.519692,-0.08,0.89,0.37,1.71,1.71,2.69,-25.45,7.78,2.61,1
e,2022-11-01 17:21:41.519834,-0.08,0.89,0.37,1.34,1.71,2.69,-25.95,7.85,4.43,1
e,2022-11-01 17:21:41.519982,-0.08,0.89,0.37,1.16,1.53,2.50,-25.95,7.85,4.43,1
e,2022-11-01 17:21:41.520125,-0.08,0.89,0.37,1.89,1.59,2.26,-25.95,7.85,4.43,1
e,2022-11-01 17:21:41.520274,-0.08,0.89,0.37,1.71,1.59,2.44,-25.96,7.69,3.67,1
e,2022-11-01 17:21:41.520429,-0.08,0.89,0.37,1.34,1.71,2.50,-25.96,7.69,3.67,1
e,2022-11-01 17:21:41.520574,-0.08,0.89,0.37,1.28,1.65,2.50,-25.96,7.69,3.67,1
e,2022-11-01 17:21:41.520724,-0.08,0.89,0.37,1.71,1.77,2.44,-26.15,7.43,1.86,1
e,2022-11-01 17:21:41.520867,-0.08,0.89,0.37,1.89,1.59,2.32,-26.15,7.43,1.86,1
e,2022-11-01 17:21:41.521011,-0.08,0.89,0.37,1.28,1.65,2.50,-26.15,7.43,1.86,1
e,2022-11-01 17:21:41.521163,-0.08,0.89,0.37,1.28,1.59,2.44,-26.09,7.53,2.29,1
e,2022-11-01 17:21:41.521308,-0.08,0.89,0.37,1.77,1.65,2.32,-26.09,7.53,2.29,1
e,2022-11-01 17:21:41.521464,-0.08,0.89,0.37,1.46,1.59,2.44,-25.21,8.15,3.82,1
e,2022-11-01 17:21:41.521607,-0.08,0.89,0.37,1.46,1.40,2.20,-25.21,8.15,3.82,1
e,2022-11-01 17:21:41.521750,-0.08,0.89,0.37,1.59,1.77,2.56,-25.21,8.15,3.82,1
e,2022-11-01 17:21:41.521898,-0.08,0.89,0.37,1.77,1.59,2.44,-25.74,8.30,2.98,1
e,2022-11-01 17:21:41.522043,-0.08,0.89,0.37,1.46,1.71,2.44,-25.74,8.30,2.98,1
e,2022-11-01 17:21:41.522191,-0.08,0.89,0.37,1.46,1.89,2.20,-25.74,8.30,2.98,1
e,2022-11-01 17:21:41.522337,-0.08,0.89,0.37,1.53,1.53,2.38,-25.78,7.96,1.86,1
e,2022-11-01 17:21:41.522483,-0.08,0.89,0.37,1.53,1.77,2.38,-25.78,7.96,1.86,1
e,2022-11-01 17:21:41.522648,-0.08,0.89,0.37,1.65,1.65,2.44,-25.78,7.96,1.86,1
e,2022-11-01 17:21:41.522793,-0.08,0.89,0.37,1.10,1.77,2.44,-25.44,7.93,2.80,1
e,2022-11-01 17:21:41.522944,-0.08,0.89,0.37,1.59,1.71,2.69,-25.44,7.93,2.80,1
e,2022-11-01 17:21:41.523088,-0.08,0.89,0.37,1.77,1.65,2.32,-25.52,7.85,2.48,1
e,2022-11-01 17:21:41.523234,-0.08,0.89,0.37,1.22,1.65,2.38,-25.52,7.85,2.48,1
e,2022-11-01 17:21:41.523389,-0.08,0.89,0.37,1.53,1.71,2.32,-25.52,7.85,2.48,1
e,2022-11-01 17:21:41.523535,-0.08,0.89,0.37,1.59,1.46,2.50,-25.66,7.80,2.12,1
e,2022-11-01 17:21:41.523688,-0.08,0.89,0.37,1.46,1.71,2.26,-25.66,7.80,2.12,1
e,2022-11-01 17:21:41.523833,-0.08,0.89,0.37,1.65,1.77,2.56,-25.66,7.80,2.12,1
e,2022-11-01 17:21:41.523980,-0.08,0.89,0.37,1.28,1.53,2.32,-25.77,8.03,2.55,1
e,2022-11-01 17:21:41.524129,-0.08,0.89,0.37,1.53,1.65,2.32,-25.77,8.03,2.55,1
e,2022-11-01 17:21:41.524271,-0.08,0.89,0.37,1.53,1.65,2.44,-25.77,8.03,2.55,1
e,2022-11-01 17:21:41.524419,-0.08,0.89,0.37,1.28,1.65,2.62,-26.07,7.21,1.57,1
e,2022-11-01 17:21:41.524565,-0.08,0.89,0.37,1.34,1.59,2.62,-26.07,7.21,1.57,1
e,2022-11-01 17:21:41.524710,-0.08,0.89,0.37,1.34,1.65,2.38,-26.14,7.75,3.32,1
e,2022-11-01 17:21:41.524860,-0.08,0.89,0.37,1.71,1.53,2.14,-26.14,7.75,3.32,1
e,2022-11-01 17:21:41.525002,-0.08,0.89,0.37,1.28,1.71,2.56,-26.14,7.75,3.32,1
e,2022-11-01 17:21:41.525146,-0.08,0.89,0.37,1.46,1.46,2.62,-26.17,7.43,2.15,1
e,2022-11-01 17:21:41.525293,-0.08,0.89,0.37,1.59,1.65,2.62,-26.17,7.43,2.15,1
e,2022-11-01 17:21:41.525436,-0.08,0.89,0.37,1.71,1.53,2.26,-26.17,7.43,2.15,1
e,2022-11-01 17:21:41.525583,-0.08,0.89,0.37,1.46,1.40,2.32,-26.23,7.78,2.94,1
e,2022-11-01 17:21:41.525726,-0.08,0.89,0.37,1.53,1.71,2.32,-26.23,7.78,2.94,1
e,2022-11-01 17:21:41.525871,-0.08,0.89,0.37,1.65,1.65,2.50,-26.23,7.78,2.94,1
e,2022-11-01 17:21:41.526018,-0.08,0.89,0.37,1.71,1.59,2.20,-25.95,7.71,2.51,1
e,2022-11-01 17:21:41.526161,-0.08,0.89,0.37,1.40,1.71,2.50,-25.95,7.71,2.51,1
e,2022-11-01 17:21:41.526308,-0.08,0.89,0.38,1.34,1.65,2.38,-26.38,6.92,2.87,1
e,2022-11-01 17:21:41.526450,-0.08,0.89,0.37,1.10,1.59,2.56,-26.38,6.92,2.87,1
e,2022-11-01 17:21:41.526593,-0.08,0.89,0.37,1.46,1.59,2.69,-26.38,6.92,2.87,1
e,2022-11-01 17:21:41.526741,-0.08,0.89,0.37,2.38,1.34,2.26,-26.05,7.37,2.00,1
e,2022-11-01 17:21:41.526882,-0.08,0.89,0.37,2.38,1.46,2.56,-26.05,7.37,2.00,1
e,2022-11-01 17:21:41.527027,-0.08,0.89,0.37,0.85,1.65,2.75,-26.05,7.37,2.00,1
e,2022-11-01 17:21:41.527169,-0.08,0.89,0.36,1.89,1.40,2.50,-25.92,7.41,1.68,1
e,2022-11-01 17:21:41.527311,-0.08,0.89,0.37,1.65,1.71,2.26,-25.92,7.41,1.68,1
e,2022-11-01 17:21:41.527457,-0.08,0.89,0.37,1.89,1.59,2.26,-25.92,7.41,1.68,1
e,2022-11-01 17:21:41.527600,-0.08,0.89,0.37,1.59,1.53,2.38,-25.70,7.68,1.54,1
e,2022-11-01 17:21:41.527747,-0.08,0.89,0.37,1.16,1.83,2.69,-25.70,7.68,1.54,1
e,2022-11-01 17:21:41.527889,-0.08,0.89,0.37,2.44,1.65,2.20,-26.04,7.73,2.64,1
e,2022-11-01 17:21:41.528031,-0.08,0.89,0.37,1.83,1.71,2.20,-26.04,7.73,2.64,1
e,2022-11-01 17:21:41.528178,-0.08,0.89,0.37,0.79,2.01,2.44,-26.04,7.73,2.64,1
e,2022-11-01 17:21:41.528325,-0.08,0.89,0.37,0.98,1.83,2.50,-25.90,7.65,2.42,1
e,2022-11-01 17:21:41.528466,-0.08,0.89,0.36,1.59,1.77,2.38,-25.90,7.65,2.42,1
e,2022-11-01 17:21:41.528612,-0.08,0.89,0.37,2.56,1.46,2.26,-25.90,7.65,2.42,1
e,2022-11-01 17:21:41.528754,-0.08,0.89,0.37,1.53,1.46,2.38,-26.43,8.03,2.61,1
e,2022-11-01 17:21:41.528901,-0.08,0.89,0.37,0.37,1.95,2.44,-26.43,8.03,2.61,1
e,2022-11-01 17:21:41.529044,-0.08,0.89,0.37,1.34,1.53,2.56,-26.43,8.03,2.61,1
e,2022-11-01 17:21:41.529186,-0.08,0.89,0.37,1.95,1.46,2.14,-26.49,7.76,2.75,1
e,2022-11-01 17:21:41.529332,-0.08,0.89,0.37,1.77,1.53,2.56,-26.49,7.76,2.75,1
e,2022-11-01 17:21:41.529474,-0.08,0.89,0.37,1.04,1.77,2.69,-26.56,7.62,2.01,1
e,2022-11-01 17:21:41.529622,-0.08,0.89,0.37,0.79,1.83,2.56,-26.56,7.62,2.01,1
e,2022-11-01 17:21:41.529766,-0.08,0.89,0.37,1.71,1.65,2.56,-26.56,7.62,2.01,1
e,2022-11-01 17:21:41.529909,-0.08,0.89,0.37,1.95,1.53,2.44,-26.31,7.60,3.16,1
e,2022-11-01 17:21:41.530056,-0.08,0.89,0.37,0.92,1.71,2.50,-26.31,7.60,3.16,1
e,2022-11-01 17:21:41.530199,-0.08,0.89,0.37,1.04,1.83,2.50,-26.31,7.60,3.16,1
e,2022-11-01 17:21:41.530351,-0.08,0.89,0.37,1.77,1.53,2.50,-25.92,7.31,1.87,1
e,2022-11-01 17:21:41.530496,-0.08,0.89,0.37,1.89,1.59,2.14,-25.92,7.31,1.87,1
e,2022-11-01 17:21:41.530641,-0.08,0.89,0.37,1.40,1.77,2.69,-25.92,7.31,1.87,1
e,2022-11-01 17:21:41.530790,-0.08,0.89,0.37,1.10,1.53,2.32,-25.88,7.21,3.43,1
e,2022-11-01 17:21:41.530935,-0.08,0.89,0.37,1.77,1.46,2.44,-25.88,7.21,3.43,1
e,2022-11-01 17:21:41.531090,-0.08,0.89,0.37,1.95,1.59,2.44,-25.77,7.73,2.58,1
e,2022-11-01 17:21:41.531240,-0.08,0.89,0.37,1.40,1.59,2.32,-25.77,7.73,2.58,1
e,2022-11-01 17:21:41.531384,-0.08,0.89,0.37,1.22,1.71,2.69,-25.77,7.73,2.58,1
e,2022-11-01 17:21:41.531536,-0.08,0.89,0.37,1.46,1.65,2.38,-26.25,7.23,2.82,1
e,2022-11-01 17:21:41.531679,-0.08,0.89,0.37,1.83,1.53,2.26,-26.25,7.23,2.82,1
e,2022-11-01 17:21:41.531827,-0.08,0.89,0.37,1.46,1.65,2.56,-26.25,7.23,2.82,1
e,2022-11-01 17:21:41.531970,-0.08,0.89,0.37,1.10,1.65,2.75,-26.17,7.65,3.17,1
e,2022-11-01 17:21:41.532113,-0.08,0.89,0.37,1.65,1.59,2.32,-26.17,7.65,3.17,1
e,2022-11-01 17:21:41.532259,-0.08,0.89,0.37,1.71,1.53,2.44,-26.17,7.65,3.17,1
e,2022-11-01 17:21:41.532402,-0.08,0.89,0.37,1.28,1.65,2.26,-26.15,7.59,2.77,1
e,2022-11-01 17:21:41.532547,-0.08,0.89,0.37,1.46,1.65,2.50,-26.15,7.59,2.77,1
e,2022-11-01 17:21:41.532688,-0.08,0.89,0.37,1.53,1.46,2.38,-25.82,7.91,2.99,1
e,2022-11-01 17:21:41.532831,-0.08,0.89,0.37,1.65,1.83,2.44,-25.82,7.91,2.99,1
e,2022-11-01 17:21:41.532977,-0.08,0.89,0.37,1.53,1.77,2.56,-25.82,7.91,2.99,1
e,2022-11-01 17:21:41.533119,-0.08,0.89,0.37,0.85,1.89,2.62,-25.93,7.39,2.29,1
e,2022-11-01 17:21:41.533266,-0.08,0.89,0.37,1.40,1.59,2.56,-25.93,7.39,2.29,1
e,2022-11-01 17:21:41.533410,-0.08,0.89,0.37,1.53,1.65,2.38,-25.93,7.39,2.29,1
e,2022-11-01 17:21:41.533554,-0.08,0.89,0.37,1.71,1.53,2.38,-25.63,8.20,3.49,1
e,2022-11-01 17:21:41.533707,-0.08,0.89,0.37,1.10,1.83,2.50,-25.63,8.20,3.49,1
e,2022-11-01 17:21:41.533852,-0.08,0.89,0.37,1.28,1.71,2.56,-25.63,8.20,3.49,1
e,2022-11-01 17:21:41.533995,-0.08,0.89,0.37,1.46,1.53,2.32,-26.11,6.88,3.02,1
e,2022-11-01 17:21:41.534144,-0.08,0.89,0.37,1.65,1.77,2.26,-26.11,6.88,3.02,1
e,2022-11-01 17:21:41.534287,-0.08,0.89,0.37,1.40,1.83,2.50,-26.16,7.52,3.92,1
e,2022-11-01 17:21:41.534435,-0.08,0.89,0.37,1.28,1.65,2.50,-26.16,7.52,3.92,1
e,2022-11-01 17:21:41.534579,-0.08,0.89,0.37,1.46,1.65,2.50,-26.16,7.52,3.92,1
e,2022-11-01 17:21:41.534723,-0.08,0.89,0.37,1.89,1.65,2.56,-25.95,7.80,2.65,1
e,2022-11-01 17:21:41.534873,-0.08,0.89,0.37,1.34,1.59,2.50,-25.95,7.80,2.65,1
e,2022-11-01 17:21:41.535018,-0.08,0.89,0.37,1.28,1.89,2.38,-25.95,7.80,2.65,1
e,2022-11-01 17:21:41.535171,-0.08,0.89,0.37,1.34,1.59,2.26,-26.00,7.68,2.66,1
e,2022-11-01 17:21:41.535327,-0.08,0.89,0.37,1.77,1.53,2.50,-26.00,7.68,2.66,1
e,2022-11-01 17:21:41.535471,-0.08,0.89,0.37,1.89,1.46,2.56,-26.00,7.68,2.66,1
e,2022-11-01 17:21:41.535619,-0.08,0.89,0.37,1.04,1.59,2.38,-25.60,7.51,2.51,1
e,2022-11-01 17:21:41.535762,-0.08,0.89,0.37,1.59,1.71,2.56,-25.60,7.51,2.51,1
e,2022-11-01 17:21:41.535913,-0.08,0.89,0.37,1.46,1.65,2.44,-25.76,7.42,3.22,1
e,2022-11-01 17:21:41.536057,-0.08,0.89,0.37,1.40,1.89,2.44,-25.76,7.42,3.22,1
e,2022-11-01 17:21:41.536201,-0.08,0.89,0.37,1.46,1.83,2.50,-25.76,7.42,3.22,1
e,2022-11-01 17:21:41.536348,-0.08,0.89,0.37,1.34,1.46,2.38,-26.33,8.28,2.08,1
e,2022-11-01 17:21:41.536491,-0.08,0.89,0.37,1.59,1.95,2.50,-26.33,8.28,2.08,1
e,2022-11-01 17:21:41.536633,-0.08,0.89,0.37,1.83,1.65,2.38,-26.33,8.28,2.08,1
e,2022-11-01 17:21:41.536779,-0.08,0.89,0.37,1.22,1.65,2.32,-26.00,7.36,2.84,1
e,2022-11-01 17:21:41.536922,-0.08,0.89,0.37,1.71,1.59,2.44,-26.00,7.36,2.84,1
e,2022-11-01 17:21:41.537069,-0.08,0.89,0.37,1.04,1.53,2.38,-26.00,7.36,2.84,1
e,2022-11-01 17:21:41.537210,-0.08,0.89,0.37,1.28,1.59,2.69,-25.77,8.17,4.25,1
e,2022-11-01 17:21:41.537353,-0.08,0.89,0.37,1.65,1.46,2.50,-25.77,8.17,4.25,1
e,2022-11-01 17:21:41.537500,-0.08,0.89,0.37,1.28,1.65,2.32,-25.67,7.75,3.41,1
e,2022-11-01 17:21:41.537644,-0.08,0.89,0.37,1.40,1.28,2.50,-25.67,7.75,3.41,1
e,2022-11-01 17:21:41.537792,-0.08,0.89,0.37,1.46,1.83,2.32,-25.67,7.75,3.41,1
e,2022-11-01 17:21:41.537936,-0.08,0.89,0.37,1.65,1.77,2.50,-25.92,7.62,3.15,1
e,2022-11-01 17:21:41.538081,-0.08,0.89,0.37,1.59,1.65,2.44,-25.92,7.62,3.15,1
e,2022-11-01 17:21:41.538230,-0.08,0.89,0.37,1.28,1.77,2.50,-25.92,7.62,3.15,1
e,2022-11-01 17:21:41.538374,-0.08,0.89,0.37,1.34,1.71,2.50,-25.99,7.62,2.81,1
e,2022-11-01 17:21:41.538521,-0.08,0.89,0.37,1.65,1.65,2.62,-25.99,7.62,2.81,1
e,2022-11-01 17:21:41.538666,-0.08,0.89,0.37,1.71,1.53,2.32,-25.99,7.62,2.81,1
e,2022-11-01 17:21:41.538810,-0.08,0.89,0.37,1.40,1.71,2.38,-26.21,7.90,2.54,1
e,2022-11-01 17:21:41.538961,-0.08,0.89,0.37,1.34,1.53,2.44,-26.21,7.90,2.54,1
e,2022-11-01 17:21:41.539107,-0.08,0.89,0.37,1.40,1.59,2.56,-25.92,7.32,1.83,1
e,2022-11-01 17:21:41.539252,-0.08,0.89,0.37,1.53,1.46,2.20,-25.92,7.32,1.83,1
e,2022-11-01 17:21:41.539406,-0.08,0.89,0.37,1.46,1.71,2.44,-25.92,7.32,1.83,1
e,2022-11-01 17:21:41.539549,-0.08,0.89,0.37,1.40,1.65,2.32,-26.04,7.63,1.37,1
e,2022-11-01 17:21:41.539702,-0.08,0.89,0.37,1.40,1.71,2.44,-26.04,7.63,1.37,1
e,2022-11-01 17:21:41.539846,-0.08,0.89,0.37,1.28,1.53,2.50,-26.04,7.63,1.37,1
e,2022-11-01 17:21:41.539991,-0.08,0.89,0.37,1.59,1.46,2.26,-26.21,7.63,2.39,1
e,2022-11-01 17:21:41.540141,-0.08,0.89,0.37,1.77,1.65,2.50,-26.21,7.63,2.39,1
e,2022-11-01 17:21:41.540286,-0.08,0.89,0.37,1.34,1.53,2.38,-26.21,7.63,2.39,1
e,2022-11-01 17:21:41.540437,-0.08,0.89,0.37,1.40,1.77,2.50,-25.87,7.46,3.42,1
e,2022-11-01 17:21:41.540582,-0.08,0.89,0.37,1.65,1.59,2.56,-25.87,7.46,3.42,1
e,2022-11-01 17:21:41.540727,-0.08,0.89,0.37,1.46,1.77,2.44,-25.71,7.51,2.78,1
e,2022-11-01 17:21:41.540877,-0.08,0.89,0.37,1.34,1.59,2.38,-25.71,7.51,2.78,1
e,2022-11-01 17:21:41.541022,-0.08,0.89,0.37,1.28,1.83,2.62,-25.71,7.51,2.78,1
e,2022-11-01 17:21:41.541172,-0.08,0.89,0.37,1.40,1.65,2.38,-26.10,7.69,3.42,1
e,2022-11-01 17:21:41.541320,-0.08,0.89,0.37,1.71,1.59,2.32,-26.10,7.69,3.42,1
e,2022-11-01 17:21:41.541463,-0.08,0.89,0.37,1.65,1.28,2.26,-26.10,7.69,3.42,1
e,2022-11-01 17:21:41.541613,-0.08,0.89,0.37,1.40,1.59,2.32,-26.05,7.97,4.06,1
e,2022-11-01 17:21:41.541759,-0.08,0.89,0.37,1.04,1.83,2.38,-26.05,7.97,4.06,1
e,2022-11-01 17:21:41.541904,-0.08,0.89,0.37,1.89,1.59,2.44,-26.05,7.97,4.06,1
e,2022-11-01 17:21:41.542063,-0.08,0.89,0.37,1.46,1.65,2.38,-26.42,7.09,3.05,1
e,2022-11-01 17:21:41.542207,-0.08,0.89,0.37,1.46,1.71,2.38,-26.42,7.09,3.05,1
e,2022-11-01 17:21:41.542359,-0.08,0.89,0.37,1.46,1.59,2.56,-26.14,8.00,2.67,1
e,2022-11-01 17:21:41.542503,-0.08,0.89,0.37,1.40,1.59,2.38,-26.14,8.00,2.67,1
e,2022-11-01 17:21:41.542651,-0.08,0.89,0.37,1.65,1.53,2.62,-26.14,8.00,2.67,1
e,2022-11-01 17:21:41.542798,-0.08,0.89,0.37,1.53,1.71,2.50,-26.15,7.59,1.68,1
e,2022-11-01 17:21:41.542942,-0.08,0.89,0.37,1.46,1.40,2.44,-26.15,7.59,1.68,1
e,2022-11-01 17:21:41.543095,-0.08,0.89,0.37,1.59,1.83,2.56,-26.15,7.59,1.68,1
e,2022-11-01 17:21:41.543239,-0.08,0.89,0.37,1.40,1.65,2.38,-25.98,7.79,1.81,1
e,2022-11-01 17:21:41.543384,-0.08,0.89,0.37,1.46,1.65,2.50,-25.98,7.79,1.81,1
e,2022-11-01 17:21:41.543532,-0.08,0.89,0.37,1.40,1.71,2.44,-25.98,7.79,1.81,1
e,2022-11-01 17:21:41.543679,-0.08,0.89,0.37,1.53,1.59,2.50,-25.67,7.97,3.44,1
e,2022-11-01 17:21:41.543827,-0.08,0.89,0.37,1.40,1.59,2.32,-25.67,7.97,3.44,1
e,2022-11-01 17:21:41.543973,-0.08,0.89,0.37,1.28,1.77,2.38,-26.18,7.59,3.04,1
e,2022-11-01 17:21:41.544118,-0.08,0.89,0.37,1.59,1.65,2.50,-26.18,7.59,3.04,1
e,2022-11-01 17:21:41.544265,-0.08,0.89,0.37,1.65,1.77,2.26,-26.18,7.59,3.04,1
e,2022-11-01 17:21:41.544407,-0.08,0.89,0.37,1.46,1.77,2.44,-25.42,7.97,2.70,1
e,2022-11-01 17:21:41.544549,-0.08,0.89,0.37,1.53,1.83,2.50,-25.42,7.97,2.70,1
e,2022-11-01 17:21:41.544697,-0.08,0.89,0.37,1.10,1.65,2.32,-25.42,7.97,2.70,1
e,2022-11-01 17:21:41.544839,-0.08,0.89,0.37,1.40,1.59,2.56,-25.87,7.28,2.64,1
e,2022-11-01 17:21:41.544988,-0.08,0.89,0.37,1.40,1.59,2.32,-25.87,7.28,2.64,1
e,2022-11-01 17:21:41.545132,-0.08,0.89,0.37,1.28,1.65,2.50,-25.87,7.28,2.64,1
e,2022-11-01 17:21:41.545276,-0.08,0.89,0.37,1.10,1.65,2.26,-26.01,7.73,3.85,1
e,2022-11-01 17:21:41.545431,0.05,0.82,0.69,-9.58,-6.59,-0.12,-26.01,7.73,3.85,1
e,2022-11-01 17:21:41.545589,-0.01,0.94,0.49,-15.99,-62.32,-19.29,-25.35,7.71,4.66,1
e,2022-11-01 17:21:41.545752,-0.08,0.89,0.34,20.87,-142.33,-71.47,-25.35,7.71,4.66,1
e,2022-11-01 17:21:41.545911,-0.04,0.86,0.35,48.28,-161.74,-87.65,-25.35,7.71,4.66,1
e,2022-11-01 17:21:41.546074,-0.10,0.84,0.33,33.51,-147.64,-88.38,-20.15,4.33,8.48,1
e,2022-11-01 17:21:41.546231,-0.09,0.86,0.36,8.30,-118.65,-85.39,-20.15,4.33,8.48,1
e,2022-11-01 17:21:41.546391,-0.07,0.87,0.31,-26.43,-89.78,-74.89,-20.15,4.33,8.48,1
e,2022-11-01 17:21:41.546557,-0.06,0.91,0.31,-38.76,-60.06,-64.45,-16.65,4.03,10.90,1
e,2022-11-01 17:21:41.546720,-0.14,0.73,0.36,-108.03,-10.93,-90.03,-16.65,4.03,10.90,1
e,2022-11-01 17:21:41.546891,-0.00,1.05,0.35,-148.25,14.65,-134.64,-16.65,4.03,10.90,1
e,2022-11-01 17:21:41.547054,0.03,1.21,-0.22,-23.99,38.09,-147.28,-14.49,5.64,12.90,1
e,2022-11-01 17:21:41.547216,0.30,1.23,0.71,186.46,14.04,-57.80,-14.49,5.64,12.90,1
e,2022-11-01 17:21:41.547373,0.09,1.06,0.39,-25.63,-23.99,84.72,-14.59,1.99,11.58,1
e,2022-11-01 17:21:41.547530,-0.01,1.19,0.42,-27.89,2.81,121.95,-14.59,1.99,11.58,1
e,2022-11-01 17:21:41.547692,-0.19,0.99,0.49,15.50,-14.71,120.48,-14.59,1.99,11.58,1
e,2022-11-01 17:21:41.547854,-0.06,1.10,0.44,-60.49,-12.39,114.62,-15.82,5.27,12.27,1
e,2022-11-01 17:21:41.548011,0.09,1.16,0.16,-11.96,6.71,74.77,-15.82,5.27,12.27,1
e,2022-11-01 17:21:41.548167,-0.21,1.27,0.32,70.19,-22.46,76.60,-15.82,5.27,12.27,1
e,2022-11-01 17:21:41.548330,-0.14,1.17,0.50,100.83,-18.55,77.45,-17.96,5.16,14.93,1
e,2022-11-01 17:21:41.548488,-0.25,1.21,0.64,198.97,-15.56,77.76,-17.96,5.16,14.93,1
e,2022-11-01 17:21:41.548647,-0.03,1.06,0.63,317.63,-37.96,80.87,-17.96,5.16,14.93,1
e,2022-11-01 17:21:41.548812,-0.14,0.76,0.53,312.68,-53.22,68.48,-21.58,-5.63,16.05,1
e,2022-11-01 17:21:41.548974,-0.30,0.46,0.28,132.08,72.14,-54.99,-21.58,-5.63,16.05,1
e,2022-11-01 17:21:41.549140,-0.04,0.77,0.78,77.88,86.67,-81.85,-24.65,-15.63,11.77,1
e,2022-11-01 17:21:41.549299,0.05,1.03,0.82,38.33,93.57,-108.83,-24.65,-15.63,11.77,1
e,2022-11-01 17:21:41.549468,-0.06,1.33,0.71,79.10,80.93,-114.20,-24.65,-15.63,11.77,1
e,2022-11-01 17:21:41.549630,-0.07,0.88,0.70,166.32,60.85,-25.51,-28.04,-28.00,5.22,1
e,2022-11-01 17:21:41.549788,0.05,0.78,0.84,86.36,17.27,74.95,-28.04,-28.00,5.22,1
e,2022-11-01 17:21:41.549945,-0.16,0.57,0.92,107.12,10.93,83.37,-28.04,-28.00,5.22,1
e,2022-11-01 17:21:41.550102,0.17,0.56,0.87,128.36,49.13,66.16,-33.09,-33.79,-4.92,1
e,2022-11-01 17:21:41.550269,0.08,0.67,0.80,109.31,64.39,36.44,-33.09,-33.79,-4.92,1
e,2022-11-01 17:21:41.550441,0.11,0.76,0.78,111.27,74.10,26.61,-33.09,-33.79,-4.92,1
e,2022-11-01 17:21:41.550606,0.16,0.82,0.81,124.94,72.94,22.77,-35.72,-37.54,-17.91,1
e,2022-11-01 17:21:41.550768,0.13,0.83,0.80,150.63,57.25,65.25,-35.72,-37.54,-17.91,1
e,2022-11-01 17:21:41.550934,0.09,0.55,0.80,135.13,47.24,93.87,-34.80,-33.83,-34.25,1
e,2022-11-01 17:21:41.551094,0.12,0.32,0.79,59.94,54.02,85.94,-34.80,-33.83,-34.25,1
e,2022-11-01 17:21:41.551253,0.10,0.29,0.76,-5.92,44.49,26.79,-34.80,-33.83,-34.25,1
e,2022-11-01 17:21:41.551423,-0.02,0.39,0.74,-35.22,12.94,-7.39,-30.29,-31.99,-41.03,1
e,2022-11-01 17:21:41.551587,0.10,0.44,0.76,30.64,-3.48,-47.12,-30.29,-31.99,-41.03,1
e,2022-11-01 17:21:41.551753,0.05,0.32,0.68,53.16,-6.53,-46.81,-30.29,-31.99,-41.03,1
e,2022-11-01 17:21:41.551917,-0.04,0.19,0.57,41.87,-6.41,-43.33,-22.68,-30.43,-43.55,1
e,2022-11-01 17:21:41.552085,-0.06,0.01,0.58,43.64,-3.30,-51.39,-22.68,-30.43,-43.55,1
e,2022-11-01 17:21:41.552252,-0.03,-0.05,0.62,57.98,-15.50,-78.74,-22.68,-30.43,-43.55,1
e,2022-11-01 17:21:41.552426,-0.06,-0.11,0.61,81.91,-9.83,-112.43,-15.63,-28.33,-47.31,1
e,2022-11-01 17:21:41.552594,0.09,-0.28,0.81,135.19,124.33,158.02,-15.63,-28.33,-47.31,1
e,2022-11-01 17:21:41.552758,0.27,0.35,0.26,44.01,49.26,236.15,-16.32,-18.87,-51.77,1
e,2022-11-01 17:21:41.552925,0.59,0.16,0.64,347.66,-14.22,299.80,-16.32,-18.87,-51.77,1
e,2022-11-01 17:21:41.553094,0.29,-0.18,0.74,419.56,-41.87,199.52,-16.32,-18.87,-51.77,1
e,2022-11-01 17:21:41.553254,0.33,0.17,0.34,91.06,1.22,186.52,-19.84,-1.38,-56.01,1
e,2022-11-01 17:21:41.553418,0.40,-0.16,0.54,164.25,92.65,175.84,-19.84,-1.38,-56.01,1
e,2022-11-01 17:21:41.553593,0.23,-0.14,0.57,152.10,159.79,158.51,-19.84,-1.38,-56.01,1
e,2022-11-01 17:21:41.553758,0.46,-1.84,2.18,192.44,211.79,135.93,-14.18,8.72,-59.33,1
e,2022-11-01 17:21:41.553928,0.26,-1.20,0.25,133.00,132.81,-55.54,-14.18,8.72,-59.33,1
e,2022-11-01 17:21:41.554094,0.21,-0.68,1.31,-212.40,60.18,-186.52,-14.18,8.72,-59.33,1
e,2022-11-01 17:21:41.554256,0.38,0.33,1.12,-120.61,5.86,-170.90,-7.57,3.86,-60.06,1
e,2022-11-01 17:21:41.554416,0.26,0.27,1.05,-12.45,-34.06,-106.45,-7.57,3.86,-60.06,1
e,2022-11-01 17:21:41.554573,0.13,0.05,0.91,65.92,-40.83,-46.69,-6.86,3.44,-57.06,1
e,2022-11-01 17:21:41.554739,0.11,-0.32,0.78,106.69,-33.08,-10.86,-6.86,3.44,-57.06,1
e,2022-11-01 17:21:41.554891,0.03,-0.50,0.71,72.20,-4.64,-5.19,-6.86,3.44,-57.06,1
e,2022-11-01 17:21:41.555048,0.10,-0.64,0.88,38.45,3.54,-14.95,-5.52,7.82,-54.79,1
e,2022-11-01 17:21:41.555200,0.13,-0.53,0.83,19.35,2.50,-31.68,-5.52,7.82,-54.79,1
e,2022-11-01 17:21:41.555360,0.19,-0.40,0.81,7.45,-2.01,-31.13,-5.52,7.82,-54.79,1
e,2022-11-01 17:21:41.555520,0.16,-0.43,0.84,14.28,-1.59,-18.92,-3.99,10.05,-54.80,1
e,2022-11-01 17:21:41.555675,0.15,-0.54,0.86,11.96,1.71,-6.84,-3.99,10.05,-54.80,1
e,2022-11-01 17:21:41.555837,0.14,-0.57,0.89,-1.10,-4.64,-8.24,-3.99,10.05,-54.80,1
e,2022-11-01 17:21:41.556000,0.19,-0.55,0.94,-2.69,-16.85,-13.18,-4.46,11.54,-52.67,1
e,2022-11-01 17:21:41.556168,0.16,-0.46,0.90,-1.34,-31.80,-16.91,-4.46,11.54,-52.67,1
e,2022-11-01 17:21:41.556328,0.18,-0.45,0.85,22.22,-36.38,-15.87,-5.24,12.54,-52.67,1
e,2022-11-01 17:21:41.556496,0.16,-0.50,0.84,39.67,-29.30,-13.37,-5.24,12.54,-52.67,1
e,2022-11-01 17:21:41.556660,0.11,-0.60,0.86,35.40,-26.18,-19.04,-5.24,12.54,-52.67,1
e,2022-11-01 17:21:41.556823,0.15,-0.60,0.88,22.46,-29.48,-27.22,-5.76,14.66,-51.09,1
e,2022-11-01 17:21:41.556989,0.16,-0.49,0.88,1.34,-33.39,-33.63,-5.76,14.66,-51.09,1
e,2022-11-01 17:21:41.557151,0.14,-0.41,0.78,20.87,-37.54,-36.13,-5.76,14.66,-51.09,1
e,2022-11-01 17:21:41.557322,0.14,-0.39,0.76,29.24,-32.65,-29.17,-7.50,15.83,-49.33,1
e,2022-11-01 17:21:41.557485,0.04,-0.38,0.89,65.49,-16.24,-20.45,-7.50,15.83,-49.33,1
e,2022-11-01 17:21:41.557654,0.05,-0.46,0.84,119.81,-7.81,-29.36,-7.50,15.83,-49.33,1
e,2022-11-01 17:21:41.557816,0.07,-0.68,0.71,109.50,-4.21,-39.43,-8.04,18.40,-49.13,1
e,2022-11-01 17:21:41.557981,0.07,-0.46,0.72,57.31,11.23,-55.18,-8.04,18.40,-49.13,1
e,2022-11-01 17:21:41.558143,0.09,-0.59,0.60,65.25,35.77,-68.42,-7.93,20.70,-47.34,1
e,2022-11-01 17:21:41.558300,0.12,-0.58,0.72,8.61,67.99,-81.60,-7.93,20.70,-47.34,1
e,2022-11-01 17:21:41.558466,0.11,-0.58,0.90,-1.95,73.43,-89.29,-7.93,20.70,-47.34,1
e,2022-11-01 17:21:41.558625,0.10,-0.63,0.87,27.95,52.19,-94.85,-7.73,19.85,-48.06,1
e,2022-11-01 17:21:41.558796,0.12,-0.62,0.80,49.26,28.26,-103.64,-7.73,19.85,-48.06,1
e,2022-11-01 17:21:41.558959,0.05,-0.51,0.65,89.11,15.63,-124.82,-7.73,19.85,-48.06,1
e,2022-11-01 17:21:41.559130,0.08,-0.65,0.57,89.90,57.25,-124.76,-8.48,21.39,-46.66,1
e,2022-11-01 17:21:41.559294,0.04,-0.72,0.63,55.60,98.39,-113.77,-8.48,21.39,-46.66,1
e,2022-11-01 17:21:41.559461,0.04,-0.70,0.69,49.50,128.42,-107.48,-8.48,21.39,-46.66,1
e,2022-11-01 17:21:41.559635,0.12,-0.64,0.69,58.59,141.42,-105.53,-6.52,20.94,-47.13,1
e,2022-11-01 17:21:41.559798,0.21,-0.60,0.61,62.74,134.40,-88.32,-6.52,20.94,-47.13,1
e,2022-11-01 17:21:41.559963,0.18,-0.60,0.61,52.80,98.08,-39.73,-4.70,22.28,-47.90,1
e,2022-11-01 17:21:41.560123,0.13,-0.67,0.57,52.55,71.72,-14.34,-4.70,22.28,-47.90,1
e,2022-11-01 17:21:41.560303,0.09,-0.84,0.61,69.76,55.91,-2.99,-4.70,22.28,-47.90,1
e,2022-11-01 17:21:41.560463,0.10,-0.96,0.53,78.55,49.80,-7.75,-4.21,25.09,-46.97,1
e,2022-11-01 17:21:41.560622,0.06,-0.91,0.43,52.37,49.07,-10.38,-4.21,25.09,-46.97,1
e,2022-11-01 17:21:41.560785,0.13,-0.85,0.33,30.82,48.89,-0.73,-4.21,25.09,-46.97,1
e,2022-11-01 17:21:41.560943,0.10,-0.89,0.37,28.87,41.81,5.07,-3.30,25.77,-47.13,1
e,2022-11-01 17:21:41.561107,-0.00,-0.85,0.42,27.71,32.35,0.31,-3.30,25.77,-47.13,1
e,2022-11-01 17:21:41.561264,-0.09,-0.91,0.34,16.91,18.55,4.15,-3.30,25.77,-47.13,1
e,2022-11-01 17:21:41.561420,0.20,-0.93,0.71,-15.01,17.21,1.77,-3.11,26.56,-46.68,1
e,2022-11-01 17:21:41.561582,-0.13,-1.08,0.41,-23.62,23.62,0.79,-3.11,26.56,-46.68,1
e,2022-11-01 17:21:41.561744,0.07,-0.86,0.42,-18.13,17.46,-13.98,-3.15,25.18,-48.52,1
e,2022-11-01 17:21:41.561906,-0.02,-0.79,0.41,19.53,9.89,-16.85,-3.15,25.18,-48.52,1
e,2022-11-01 17:21:41.562065,-0.13,-0.87,0.44,31.01,-0.18,-9.64,-3.15,25.18,-48.52,1
e,2022-11-01 17:21:41.562238,-0.10,-0.88,0.44,21.79,-12.39,-16.24,-2.99,25.96,-47.90,1
e,2022-11-01 17:21:41.562399,-0.13,-0.82,0.48,21.91,-20.75,-16.30,-2.99,25.96,-47.90,1
e,2022-11-01 17:21:41.562570,-0.14,-0.96,0.43,18.92,-18.62,-16.42,-2.99,25.96,-47.90,1
e,2022-11-01 17:21:41.562735,-0.15,-0.92,0.39,14.47,-13.79,-23.38,-3.54,25.54,-47.38,1
e,2022-11-01 17:21:41.562897,-0.18,-0.77,0.40,-1.65,-5.49,-27.89,-3.54,25.54,-47.38,1
e,2022-11-01 17:21:41.563063,-0.23,-0.83,0.45,-9.46,-0.12,-23.01,-3.54,25.54,-47.38,1
e,2022-11-01 17:21:41.563228,-0.24,-0.91,0.56,-23.38,-7.20,-19.35,-3.65,24.90,-46.11,1
e,2022-11-01 17:21:41.563400,-0.31,-0.98,0.61,-23.74,-32.78,-16.85,-3.65,24.90,-46.11,1
e,2022-11-01 17:21:41.563567,-0.33,-1.01,0.58,-19.96,-40.34,-12.63,-2.81,23.66,-43.82,1
e,2022-11-01 17:21:41.563741,-0.30,-1.06,0.63,-25.76,-39.49,-12.45,-2.81,23.66,-43.82,1
e,2022-11-01 17:21:41.563906,-0.28,-0.96,0.66,-23.86,-42.18,-15.75,-2.81,23.66,-43.82,1
e,2022-11-01 17:21:41.564076,-0.22,-0.91,0.65,-13.92,-44.19,-6.90,-2.62,23.01,-45.12,1
e,2022-11-01 17:21:41.564237,-0.21,-0.90,0.58,-2.69,-43.15,-1.83,-2.62,23.01,-45.12,1
e,2022-11-01 17:21:41.564402,-0.22,-0.93,0.62,-9.52,-38.21,-2.99,-2.62,23.01,-45.12,1
e,2022-11-01 17:21:41.564567,-0.22,-0.96,0.67,-6.84,-34.79,-3.36,-2.81,22.99,-44.04,1
e,2022-11-01 17:21:41.564729,-0.20,-0.93,0.67,-3.30,-28.99,-0.12,-2.81,22.99,-44.04,1
e,2022-11-01 17:21:41.564892,-0.19,-0.90,0.60,1.77,-23.80,-0.43,-2.81,22.99,-44.04,1
e,2022-11-01 17:21:41.565056,-0.21,-0.87,0.52,-10.86,-18.07,-3.23,-2.54,22.89,-43.15,1
e,2022-11-01 17:21:41.565223,-0.21,-0.81,0.59,-18.68,-13.18,0.98,-2.54,22.89,-43.15,1
e,2022-11-01 17:21:41.565383,-0.20,-0.83,0.64,-11.60,-9.64,8.06,-2.19,22.27,-44.26,1
e,2022-11-01 17:21:41.565546,-0.18,-0.84,0.63,-2.69,-9.22,12.76,-2.19,22.27,-44.26,1
e,2022-11-01 17:21:41.565706,-0.12,-0.81,0.60,-0.12,-10.19,10.86,-2.19,22.27,-44.26,1
e,2022-11-01 17:21:41.565870,-0.12,-0.80,0.57,0.67,-8.48,8.06,-1.89,22.45,-44.13,1
e,2022-11-01 17:21:41.566031,-0.12,-0.79,0.55,-0.85,-3.78,7.93,-1.89,22.45,-44.13,1
e,2022-11-01 17:21:41.566185,-0.13,-0.84,0.60,0.12,-0.12,7.81,-1.89,22.45,-44.13,1
e,2022-11-01 17:21:41.566343,-0.12,-0.86,0.62,-0.67,1.22,7.20,-1.81,22.31,-44.71,1
e,2022-11-01 17:21:41.566498,-0.12,-0.86,0.63,-1.65,3.66,8.79,-1.81,22.31,-44.71,1
e,2022-11-01 17:21:41.566656,-0.12,-0.85,0.61,2.81,8.12,10.38,-1.81,22.31,-44.71,1
e,2022-11-01 17:21:41.566811,-0.14,-0.84,0.58,1.71,10.19,11.29,-1.25,22.39,-44.47,1
e,2022-11-01 17:21:41.566965,-0.15,-0.84,0.60,1.77,9.03,11.17,-1.25,22.39,-44.47,1
e,2022-11-01 17:21:41.567120,-0.14,-0.82,0.57,3.17,5.13,6.90,-0.34,22.11,-43.48,1
e,2022-11-01 17:21:41.567270,-0.14,-0.80,0.54,3.23,2.44,5.92,-0.34,22.11,-43.48,1
e,2022-11-01 17:21:41.567427,-0.14,-0.79,0.54,4.58,5.13,10.68,-0.34,22.11,-43.48,1
e,2022-11-01 17:21:41.567581,-0.10,-0.82,0.56,2.38,8.54,19.41,-0.51,22.42,-43.58,1
e,2022-11-01 17:21:41.567744,-0.05,-0.79,0.59,-1.89,12.08,22.77,-0.51,22.42,-43.58,1
e,2022-11-01 17:21:41.567902,-0.05,-0.80,0.57,4.27,10.31,18.31,-0.51,22.42,-43.58,1
e,2022-11-01 17:21:41.568055,-0.06,-0.79,0.55,0.55,10.74,19.23,0.10,22.51,-44.46,1
e,2022-11-01 17:21:41.568213,-0.06,-0.80,0.53,2.69,15.81,25.88,0.10,22.51,-44.46,1
e,2022-11-01 17:21:41.568367,-0.05,-0.86,0.55,0.49,12.15,15.38,0.10,22.51,-44.46,1
e,2022-11-01 17:21:41.568523,-0.06,-0.86,0.56,2.38,2.87,-1.65,1.38,23.23,-42.52,1
e,2022-11-01 17:21:41.568679,-0.10,-0.85,0.59,-4.21,-3.97,-9.03,1.38,23.23,-42.52,1
e,2022-11-01 17:21:41.568835,-0.10,-0.86,0.62,5.00,0.85,-2.32,1.82,23.34,-42.90,1
e,2022-11-01 17:21:41.568988,-0.09,-0.89,0.62,25.51,5.86,-2.32,1.82,23.34,-42.90,1
e,2022-11-01 17:21:41.569140,-0.08,-0.84,0.57,29.42,4.21,-8.24,1.82,23.34,-42.90,1
e,2022-11-01 17:21:41.569299,-0.07,-0.83,0.56,28.50,3.72,-12.76,2.71,23.77,-42.40,1
e,2022-11-01 17:21:41.569454,-0.11,-0.87,0.54,27.95,4.52,-14.40,2.71,23.77,-42.40,1
e,2022-11-01 17:21:41.569616,-0.09,-0.87,0.57,24.96,3.97,-14.83,2.71,23.77,-42.40,1
e,2022-11-01 17:21:41.569772,-0.09,-0.86,0.47,31.31,3.17,-14.22,2.61,24.01,-42.09,1
e,2022-11-01 17:21:41.569931,-0.15,-0.88,0.52,22.58,4.70,-9.03,2.61,24.01,-42.09,1
e,2022-11-01 17:21:41.570084,-0.11,-0.87,0.55,25.88,8.24,-3.66,2.61,24.01,-42.09,1
e,2022-11-01 17:21:41.570239,-0.06,-0.82,0.51,26.25,9.70,-2.26,2.67,24.51,-40.95,1
e,2022-11-01 17:21:41.570401,-0.10,-0.81,0.45,27.77,9.46,-5.13,2.67,24.51,-40.95,1
e,2022-11-01 17:21:41.570556,-0.17,-0.83,0.43,20.81,4.70,-5.62,3.23,24.04,-40.33,1
e,2022-11-01 17:21:41.570720,-0.19,-0.88,0.46,13.98,-0.92,-5.25,3.23,24.04,-40.33,1
e,2022-11-01 17:21:41.570877,-0.15,-0.90,0.50,12.70,-3.85,-2.56,3.23,24.04,-40.33,1
e,2022-11-01 17:21:41.571031,-0.13,-0.89,0.49,14.34,-3.11,2.32,2.91,24.76,-40.65,1
e,2022-11-01 17:21:41.571190,-0.14,-0.90,0.44,19.35,-4.46,2.62,2.91,24.76,-40.65,1
e,2022-11-01 17:21:41.571344,-0.13,-0.87,0.40,13.61,-6.16,4.76,2.91,24.76,-40.65,1
e,2022-11-01 17:21:41.571499,-0.12,-0.91,0.43,3.91,-5.19,8.36,2.16,25.46,-40.67,1
e,2022-11-01 17:21:41.571649,-0.16,-0.97,0.49,8.24,-5.49,9.64,2.16,25.46,-40.67,1
e,2022-11-01 17:21:41.571806,-0.13,-0.96,0.50,12.57,-6.35,8.12,2.16,25.46,-40.67,1
e,2022-11-01 17:21:41.571961,-0.06,-0.90,0.46,15.56,-4.88,3.05,1.98,25.59,-40.66,1
e,2022-11-01 17:21:41.572114,-0.07,-0.86,0.42,14.16,3.60,-1.95,1.98,25.59,-40.66,1
e,2022-11-01 17:21:41.572268,-0.13,-0.87,0.42,7.57,9.77,1.40,2.05,26.12,-39.50,1
e,2022-11-01 17:21:41.572422,-0.17,-0.90,0.45,6.96,13.31,6.47,2.05,26.12,-39.50,1
e,2022-11-01 17:21:41.572581,-0.14,-0.91,0.47,7.57,13.24,8.30,2.05,26.12,-39.50,1
e,2022-11-01 17:21:41.572733,-0.10,-0.88,0.48,9.34,12.88,9.09,1.73,26.45,-40.55,1
e,2022-11-01 17:21:41.572885,-0.11,-0.87,0.42,16.24,9.83,9.89,1.73,26.45,-40.55,1
e,2022-11-01 17:21:41.573040,-0.13,-0.89,0.39,12.70,5.37,9.70,1.73,26.45,-40.55,1
e,2022-11-01 17:21:41.573193,-0.12,-0.89,0.43,6.90,6.41,15.44,1.10,27.61,-40.63,1
e,2022-11-01 17:21:41.573356,-0.07,-0.90,0.42,12.94,12.94,25.45,1.10,27.61,-40.63,1
e,2022-11-01 17:21:41.573515,-0.04,-0.90,0.37,12.08,15.44,26.12,1.10,27.61,-40.63,1
e,2022-11-01 17:21:41.573670,-0.07,-0.87,0.33,6.41,7.32,18.55,1.44,28.67,-39.71,1
e,2022-11-01 17:21:41.573833,-0.10,-0.85,0.25,-10.86,-7.45,21.06,1.44,28.67,-39.71,1
e,2022-11-01 17:21:41.573994,-0.04,-0.89,0.21,-36.62,-12.63,27.83,0.98,28.96,-39.50,1
e,2022-11-01 17:21:41.574159,-0.08,-1.13,0.24,-57.07,-20.14,22.34,0.98,28.96,-39.50,1
e,2022-11-01 17:21:41.574316,0.08,-1.13,0.57,-105.35,2.26,59.08,0.98,28.96,-39.50,1
e,2022-11-01 17:21:41.574481,0.15,-1.34,0.58,-65.06,14.04,46.69,2.06,27.58,-42.87,1
e,2022-11-01 17:21:41.574646,0.16,-1.20,0.71,-48.58,-11.05,-10.19,2.06,27.58,-42.87,1
e,2022-11-01 17:21:41.574815,0.07,-1.11,0.67,-26.12,-25.39,-46.75,2.06,27.58,-42.87,1
e,2022-11-01 17:21:41.574983,-0.08,-1.02,0.70,-13.67,-30.40,-79.83,1.54,24.54,-41.74,1
e,2022-11-01 17:21:41.575144,-0.33,-1.01,0.73,-4.82,-24.41,-88.07,1.54,24.54,-41.74,1
e,2022-11-01 17:21:41.575326,-0.52,-0.98,0.78,27.59,-6.53,-39.55,1.54,24.54,-41.74,1
e,2022-11-01 17:21:41.575487,-0.49,-1.04,0.76,80.63,21.36,59.02,-0.17,21.79,-41.37,1
e,2022-11-01 17:21:41.575657,-0.40,-1.31,0.78,102.36,10.74,72.88,-0.17,21.79,-41.37,1
e,2022-11-01 17:21:41.575823,-0.38,-1.31,0.69,115.42,-12.88,51.88,-3.94,23.99,-42.69,1
e,2022-11-01 17:21:41.575999,-0.35,-1.24,0.52,113.28,-29.11,29.36,-3.94,23.99,-42.69,1
e,2022-11-01 17:21:41.576166,-0.31,-1.17,0.38,106.93,-33.63,21.48,-3.94,23.99,-42.69,1
e,2022-11-01 17:21:41.576335,-0.25,-1.15,0.27,76.60,-38.64,27.71,-7.98,27.54,-42.37,1
e,2022-11-01 17:21:41.576501,-0.25,-1.17,0.22,55.48,-47.55,34.30,-7.98,27.54,-42.37,1
e,2022-11-01 17:21:41.576663,-0.36,-1.29,0.20,38.02,-62.62,28.08,-7.98,27.54,-42.37,1
e,2022-11-01 17:21:41.576834,-0.42,-1.18,0.24,-4.15,-76.35,19.47,-10.52,30.63,-42.40,1
e,2022-11-01 17:21:41.577002,-0.38,-1.13,0.28,-10.68,-87.89,22.40,-10.52,30.63,-42.40,1
e,2022-11-01 17:21:41.577181,-0.38,-1.03,0.32,-14.04,-103.58,61.83,-10.52,30.63,-42.40,1
e,2022-11-01 17:21:41.577351,-0.22,-1.03,0.25,-9.03,-111.94,89.05,-12.59,33.46,-41.24,1
e,2022-11-01 17:21:41.577526,-0.10,-1.06,0.19,-2.87,-114.32,98.51,-12.59,33.46,-41.24,1
e,2022-11-01 17:21:41.577701,-0.11,-0.98,0.20,-26.86,-120.67,103.21,-13.48,36.40,-39.94,1
e,2022-11-01 17:21:41.577898,-0.04,-0.99,0.26,-43.15,-127.44,109.80,-13.48,36.40,-39.94,1
e,2022-11-01 17:21:41.578071,-0.19,-0.72,0.38,-74.77,-149.17,152.71,-13.48,36.40,-39.94,1
e,2022-11-01 17:21:41.578253,0.00,-0.99,0.15,-39.43,-136.05,183.96,-10.60,40.11,-39.71,1
e,2022-11-01 17:21:41.578424,0.18,-1.04,0.16,-27.16,-82.76,171.45,-10.60,40.11,-39.71,1
e,2022-11-01 17:21:41.578592,0.10,-0.93,0.27,46.57,-23.13,129.70,-10.60,40.11,-39.71,1
e,2022-11-01 17:21:41.578760,0.29,-0.73,0.40,55.24,-2.81,117.80,-5.54,42.97,-38.51,1
e,2022-11-01 17:21:41.578923,0.34,-0.83,0.45,110.72,-46.94,95.40,-5.54,42.97,-38.51,1
e,2022-11-01 17:21:41.579094,0.17,-0.83,0.38,187.99,-135.56,69.95,-5.54,42.97,-38.51,1
e,2022-11-01 17:21:41.579260,0.01,-0.74,0.27,189.88,-182.37,58.53,-2.00,46.17,-32.65,1
e,2022-11-01 17:21:41.579429,0.12,-0.69,0.26,202.45,-200.93,81.85,-2.00,46.17,-32.65,1
e,2022-11-01 17:21:41.579592,0.42,-0.65,0.12,191.04,-191.89,162.11,1.78,47.72,-24.35,1
e,2022-11-01 17:21:41.579761,0.43,-0.90,-0.17,134.83,-73.00,167.11,1.78,47.72,-24.35,1
e,2022-11-01 17:21:41.579915,0.33,-1.13,-0.17,86.00,22.95,90.94,1.78,47.72,-24.35,1
e,2022-11-01 17:21:41.580068,0.50,-1.02,0.05,-2.38,60.79,18.80,6.64,49.00,-22.05,1
e,2022-11-01 17:21:41.580232,0.15,-0.78,0.41,-43.64,29.97,-23.13,6.64,49.00,-22.05,1
e,2022-11-01 17:21:41.580386,0.18,-0.55,0.39,5.43,-51.15,18.62,6.64,49.00,-22.05,1
e,2022-11-01 17:21:41.580553,0.16,-0.66,0.02,-63.54,-129.27,53.59,6.80,48.22,-23.00,1
e,2022-11-01 17:21:41.580715,0.72,-0.76,0.17,-122.68,-140.93,67.08,6.80,48.22,-23.00,1
e,2022-11-01 17:21:41.580882,0.67,-0.59,0.21,-35.46,-118.59,71.90,6.80,48.22,-23.00,1
e,2022-11-01 17:21:41.581041,0.79,-0.70,0.20,13.98,-109.25,72.81,8.58,47.36,-26.48,1
e,2022-11-01 17:21:41.581219,0.73,-0.78,0.20,54.57,-94.18,57.50,8.58,47.36,-26.48,1
e,2022-11-01 17:21:41.581382,0.61,-0.71,0.25,44.80,-95.03,42.97,9.61,47.30,-24.24,1
e,2022-11-01 17:21:41.581539,0.49,-0.82,0.25,15.20,-86.67,42.72,9.61,47.30,-24.24,1
e,2022-11-01 17:21:41.581703,0.58,-0.81,0.33,-24.78,-61.46,61.16,9.61,47.30,-24.24,1
e,2022-11-01 17:21:41.581864,0.44,-0.71,0.52,-61.34,-47.49,82.15,11.24,47.63,-26.46,1
e,2022-11-01 17:21:41.582029,0.54,-0.75,0.57,-74.16,-60.12,91.67,11.24,47.63,-26.46,1
e,2022-11-01 17:21:41.582193,0.55,-0.70,0.51,-101.68,-70.62,94.60,11.24,47.63,-26.46,1
e,2022-11-01 17:21:41.582363,0.43,-0.64,0.45,-169.98,-63.60,122.86,13.77,46.07,-30.81,1
e,2022-11-01 17:21:41.582532,0.39,-0.59,0.53,-199.16,-38.82,136.05,13.77,46.07,-30.81,1
e,2022-11-01 17:21:41.582702,0.39,-0.65,0.67,-159.67,-25.82,116.15,13.77,46.07,-30.81,1
e,2022-11-01 17:21:41.582872,0.31,-0.66,0.74,-113.95,-47.49,88.32,17.13,42.90,-34.35,1
e,2022-11-01 17:21:41.583036,0.56,-0.44,0.85,-163.94,-48.95,77.58,17.13,42.90,-34.35,1
e,2022-11-01 17:21:41.583207,0.63,-0.47,0.73,-128.60,-53.10,57.01,18.07,39.22,-39.70,1
e,2022-11-01 17:21:41.583370,0.63,-0.43,0.62,-122.50,-54.14,41.44,18.07,39.22,-39.70,1
e,2022-11-01 17:21:41.583539,0.41,-0.31,0.52,-139.83,-50.35,35.95,18.07,39.22,-39.70,1
e,2022-11-01 17:21:41.583702,0.61,-0.18,0.59,-130.07,-32.10,44.86,17.14,36.40,-43.15,1
e,2022-11-01 17:21:41.583862,0.87,0.32,0.74,-8.06,-36.44,58.41,17.14,36.40,-43.15,1
e,2022-11-01 17:21:41.584026,0.19,0.52,0.94,164.25,-61.04,112.49,17.14,36.40,-43.15,1
e,2022-11-01 17:21:41.584191,0.71,-0.09,0.72,343.69,-74.34,119.08,18.38,37.02,-40.27,1
e,2022-11-01 17:21:41.584357,0.52,-1.09,0.17,330.32,-99.67,88.01,18.38,37.02,-40.27,1
e,2022-11-01 17:21:41.584520,0.41,-1.02,0.23,126.46,-68.91,16.66,18.38,37.02,-40.27,1
e,2022-11-01 17:21:41.584685,0.29,-0.50,0.42,0.73,-27.95,-21.97,18.23,39.43,-35.23,1
e,2022-11-01 17:21:41.584839,0.51,-0.23,0.56,-46.14,9.28,-5.43,18.23,39.43,-35.23,1
e,2022-11-01 17:21:41.585002,0.60,-0.30,0.61,-36.44,12.57,2.32,18.09,39.11,-35.93,1
e,2022-11-01 17:21:41.585158,0.36,-0.48,0.68,-20.94,7.08,2.81,18.09,39.11,-35.93,1
e,2022-11-01 17:21:41.585315,0.40,-0.59,0.64,-9.58,8.18,-8.06,18.09,39.11,-35.93,1
e,2022-11-01 17:21:41.585481,0.46,-0.68,0.65,-54.44,14.65,-24.72,17.90,38.12,-35.67,1
e,2022-11-01 17:21:41.585644,0.52,-0.53,0.65,-130.62,14.40,-49.80,17.90,38.12,-35.67,1
e,2022-11-01 17:21:41.585810,0.44,-0.42,0.63,-108.40,5.00,-56.03,17.90,38.12,-35.67,1
e,2022-11-01 17:21:41.585972,0.31,-0.46,0.76,-113.59,3.05,-54.99,16.42,36.08,-39.16,1
e,2022-11-01 17:21:41.586141,0.25,-0.48,0.72,-103.64,-6.65,-55.48,16.42,36.08,-39.16,1
e,2022-11-01 17:21:41.586308,0.39,-0.50,0.63,-132.51,-10.93,-49.44,16.42,36.08,-39.16,1
e,2022-11-01 17:21:41.586474,0.53,-0.44,0.73,-167.60,-2.56,-51.09,14.87,33.28,-41.05,1
e,2022-11-01 17:21:41.586642,0.43,-0.17,0.85,-140.01,-10.99,-70.13,14.87,33.28,-41.05,1
e,2022-11-01 17:21:41.586802,0.28,0.09,0.88,-93.63,-34.61,-59.02,13.09,30.69,-45.24,1
