x,2022-10-14 19:51:26.946504,0.24,-0.40,0.85,-16.66,-9.09,6.96,-6.60,73.03,-34.42,1
x,2022-10-14 19:51:26.967283,0.23,-0.34,0.85,-21.91,-8.30,5.55,-6.42,73.35,-35.80,1
x,2022-10-14 19:51:26.986620,0.23,-0.32,0.90,-23.19,-9.64,0.55,-6.42,73.35,-35.80,1
x,2022-10-14 19:51:27.005436,0.22,-0.36,0.89,-25.70,-7.69,-0.85,-5.85,73.25,-38.11,1
x,2022-10-14 19:51:27.026319,0.22,-0.38,0.81,-24.35,-13.92,6.65,-5.85,73.25,-38.11,1
x,2022-10-14 19:51:27.046438,0.23,-0.28,0.90,-26.73,-18.49,10.56,-5.85,73.25,-38.11,1
x,2022-10-14 19:51:27.065836,0.22,-0.19,0.91,-32.65,-11.66,-2.50,-5.75,73.94,-38.77,1
x,2022-10-14 19:51:27.084263,0.23,-0.10,0.92,-29.42,-12.21,-11.29,-5.75,73.94,-38.77,1
x,2022-10-14 19:51:27.104387,-0.31,-0.34,1.02,-17.33,-13.18,-18.25,-7.29,74.37,-40.78,1
x,2022-10-14 19:51:27.123384,0.16,-0.33,0.90,45.10,-27.53,14.47,-7.29,74.37,-40.78,1
x,2022-10-14 19:51:27.142359,0.21,-0.31,0.95,19.47,-23.32,15.38,-7.29,74.37,-40.78,1
x,2022-10-14 19:51:27.161179,0.04,-0.12,0.93,-47.97,68.85,-18.43,-6.27,73.58,-42.53,1
x,2022-10-14 19:51:27.180798,0.16,-0.26,0.75,-13.67,22.95,-23.13,-6.27,73.58,-42.53,1
x,2022-10-14 19:51:27.203343,0.11,-0.23,0.83,-1.04,7.51,-18.49,-6.27,73.58,-42.53,1
x,2022-10-14 19:51:27.222389,0.11,-0.28,0.69,8.24,-0.67,-20.63,-5.71,73.25,-43.35,1
x,2022-10-14 19:51:27.242164,0.12,-0.30,0.68,22.52,-11.84,-20.02,-5.71,73.25,-43.35,1
x,2022-10-14 19:51:27.263644,0.15,-0.38,0.67,34.91,-33.94,-17.58,-8.59,74.00,-41.83,1
x,2022-10-14 19:51:27.281957,0.17,-0.53,0.67,32.90,-44.98,-11.23,-8.59,74.00,-41.83,1
x,2022-10-14 19:51:27.301351,0.20,-0.57,0.94,25.21,-60.36,5.31,-13.31,75.35,-37.84,1
x,2022-10-14 19:51:27.319295,0.16,-0.44,0.89,-2.01,-47.36,8.42,-13.31,75.35,-37.84,1
x,2022-10-14 19:51:27.338011,0.18,-0.44,1.01,1.40,-52.19,14.40,-13.31,75.35,-37.84,1
x,2022-10-14 19:51:27.358267,0.15,-0.38,1.06,-5.07,-46.94,22.64,-15.73,76.34,-35.41,1
x,2022-10-14 19:51:27.378253,0.08,-0.16,1.24,-9.58,-30.15,25.33,-15.73,76.34,-35.41,1
x,2022-10-14 19:51:27.396295,0.01,0.03,1.23,-7.81,-8.73,7.39,-15.73,76.34,-35.41,1
x,2022-10-14 19:51:27.415992,0.09,-0.25,1.00,14.40,-11.66,-2.14,-16.61,76.79,-34.35,1
x,2022-10-14 19:51:27.434841,0.10,-0.28,1.14,24.60,-24.90,8.73,-16.61,76.79,-34.35,1
x,2022-10-14 19:51:27.455141,-0.00,-0.12,1.12,-7.69,33.94,1.83,-15.83,77.78,-34.86,1
x,2022-10-14 19:51:27.473177,0.06,-0.18,1.07,3.78,42.54,-20.45,-15.83,77.78,-34.86,1
x,2022-10-14 19:51:27.492374,0.07,-0.24,0.98,3.66,51.64,-27.71,-15.83,77.78,-34.86,1
x,2022-10-14 19:51:27.514088,0.14,-0.40,0.93,13.43,38.57,-22.34,-13.88,76.21,-38.18,1
x,2022-10-14 19:51:27.532555,0.15,-0.39,0.97,-1.22,48.46,-12.21,-13.88,76.21,-38.18,1
x,2022-10-14 19:51:27.552123,0.16,-0.41,0.71,-7.63,54.63,-15.93,-11.40,74.93,-40.14,1
x,2022-10-14 19:51:27.571578,0.15,-0.47,0.71,1.89,32.59,-9.34,-11.40,74.93,-40.14,1
x,2022-10-14 19:51:27.591314,0.18,-0.44,0.69,-3.97,20.20,-0.31,-11.40,74.93,-40.14,1
x,2022-10-14 19:51:27.611354,0.11,-0.41,0.63,3.11,0.37,3.78,-8.79,74.72,-42.14,1
x,2022-10-14 19:51:27.629018,0.13,-0.44,0.81,7.02,-11.35,2.81,-8.79,74.72,-42.14,1
x,2022-10-14 19:51:27.647681,0.15,-0.39,0.83,-18.68,4.03,-3.30,-8.79,74.72,-42.14,1
x,2022-10-14 19:51:27.668774,0.13,-0.30,0.86,-22.52,5.43,-8.06,-8.85,74.28,-41.70,1
x,2022-10-14 19:51:27.688251,0.15,-0.29,0.87,-28.63,11.60,-5.80,-8.85,74.28,-41.70,1
x,2022-10-14 19:51:27.707120,0.16,-0.28,0.87,-30.58,20.69,1.16,-8.89,73.34,-43.57,1
x,2022-10-14 19:51:27.726517,0.16,-0.26,0.85,-30.21,26.31,5.92,-8.89,73.34,-43.57,1
x,2022-10-14 19:51:27.745846,0.08,-0.43,0.56,10.13,-25.88,23.68,-8.89,73.34,-43.57,1
x,2022-10-14 19:51:27.766758,0.08,-0.28,0.76,5.86,-34.24,19.23,-9.72,74.17,-43.36,1
x,2022-10-14 19:51:27.784140,0.12,-0.37,0.82,18.19,-54.57,12.94,-9.72,74.17,-43.36,1
x,2022-10-14 19:51:27.804383,0.08,-0.21,1.14,0.06,-49.62,4.88,-13.51,75.07,-40.95,1
x,2022-10-14 19:51:27.825864,0.09,-0.07,0.95,-19.41,-15.99,-16.66,-13.51,75.07,-40.95,1
x,2022-10-14 19:51:27.843674,0.10,-0.10,1.10,1.22,-29.24,-20.20,-13.51,75.07,-40.95,1
x,2022-10-14 19:51:27.863280,0.12,-0.12,1.17,15.56,-21.06,-26.00,-17.00,74.77,-38.54,1
x,2022-10-14 19:51:27.882378,0.14,-0.27,1.11,30.33,-15.56,-25.76,-17.00,74.77,-38.54,1
x,2022-10-14 19:51:27.902335,0.17,-0.44,1.00,36.01,-12.57,-14.16,-18.69,75.55,-37.34,1
x,2022-10-14 19:51:27.920625,0.12,-0.47,0.94,34.36,-9.64,-0.24,-18.69,75.55,-37.34,1
x,2022-10-14 19:51:27.938937,0.12,-0.54,0.85,30.21,-6.41,1.16,-18.69,75.55,-37.34,1
x,2022-10-14 19:51:27.957886,0.12,-0.63,0.72,22.03,-10.74,4.15,-19.15,75.81,-36.11,1
x,2022-10-14 19:51:27.975838,0.05,-0.47,0.84,-1.22,-4.76,-10.38,-19.15,75.81,-36.11,1
x,2022-10-14 19:51:27.995913,0.06,-0.35,0.91,-31.37,0.24,-17.94,-19.15,75.81,-36.11,1
x,2022-10-14 19:51:28.017228,0.04,-0.30,0.91,-36.62,2.56,-14.71,-19.64,75.87,-36.82,1
x,2022-10-14 19:51:28.036884,-0.02,-0.29,1.21,-40.41,23.74,2.99,-19.64,75.87,-36.82,1
x,2022-10-14 19:51:28.056190,-0.19,-0.24,0.91,-18.13,37.05,26.67,-17.72,73.95,-38.89,1
x,2022-10-14 19:51:28.075413,-0.11,-0.16,1.09,25.51,19.10,50.96,-17.72,73.95,-38.89,1
x,2022-10-14 19:51:28.093108,-0.02,-0.13,1.05,41.69,30.76,54.02,-17.72,73.95,-38.89,1
x,2022-10-14 19:51:28.113260,0.03,-0.17,1.06,54.50,34.61,52.19,-13.66,74.29,-36.39,1
x,2022-10-14 19:51:28.132585,0.11,-0.20,0.98,62.68,41.93,49.93,-13.66,74.29,-36.39,1
x,2022-10-14 19:51:28.151835,0.26,-0.19,0.87,59.20,46.02,34.24,-8.97,74.85,-33.92,1
x,2022-10-14 19:51:28.169937,0.34,-0.31,0.76,48.58,43.03,17.82,-8.97,74.85,-33.92,1
x,2022-10-14 19:51:28.189776,0.39,-0.40,0.68,33.81,35.58,5.49,-8.97,74.85,-33.92,1
x,2022-10-14 19:51:28.208813,0.41,-0.44,0.69,15.69,17.52,-9.70,-7.57,74.85,-34.29,1
x,2022-10-14 19:51:28.228466,0.36,-0.46,0.72,-0.31,10.44,-20.57,-7.57,74.85,-34.29,1
x,2022-10-14 19:51:28.246368,0.31,-0.48,0.80,-9.40,4.46,-29.17,-7.57,74.85,-34.29,1
x,2022-10-14 19:51:28.266368,0.27,-0.52,0.85,-10.31,1.83,-28.38,-8.91,74.08,-34.59,1
x,2022-10-14 19:51:28.285463,0.25,-0.55,0.79,-6.96,0.55,-21.91,-8.91,74.08,-34.59,1
x,2022-10-14 19:51:28.308572,0.20,-0.59,0.79,-8.24,-4.09,-14.71,-10.19,74.16,-35.19,1
x,2022-10-14 19:51:28.326328,0.23,-0.48,0.88,-13.92,-5.13,-9.03,-10.19,74.16,-35.19,1
x,2022-10-14 19:51:28.346550,0.29,-0.49,0.87,-11.66,-4.70,-9.09,-10.19,74.16,-35.19,1
x,2022-10-14 19:51:28.368866,0.27,-0.46,0.83,-14.53,-7.32,-7.57,-10.40,73.80,-35.80,1
x,2022-10-14 19:51:28.386993,0.23,-0.44,0.89,-21.00,-8.00,-9.64,-10.40,73.80,-35.80,1
x,2022-10-14 19:51:28.407529,0.21,-0.42,0.93,-26.49,-4.88,-8.12,-10.40,73.28,-37.16,1
x,2022-10-14 19:51:28.425292,0.20,-0.32,0.93,-26.92,-4.21,-7.63,-10.40,73.28,-37.16,1
x,2022-10-14 19:51:28.444288,0.19,-0.35,0.91,-25.51,-3.30,-9.89,-10.40,73.28,-37.16,1
x,2022-10-14 19:51:28.463836,0.19,-0.37,0.87,-23.62,-5.62,-3.97,-10.49,72.24,-38.54,1
x,2022-10-14 19:51:28.482450,0.20,-0.30,0.90,-23.56,-10.62,-2.81,-10.49,72.24,-38.54,1
x,2022-10-14 19:51:28.502917,0.20,-0.27,0.89,-27.22,-8.12,-5.68,-10.12,72.03,-40.63,1
x,2022-10-14 19:51:28.521838,0.19,-0.30,0.87,-25.63,-9.34,-9.46,-10.12,72.03,-40.63,1
x,2022-10-14 19:51:28.540922,0.17,-0.31,0.85,-23.93,-10.07,-5.86,-10.12,72.03,-40.63,1
x,2022-10-14 19:51:28.560302,0.17,-0.29,0.85,-20.20,-12.63,-3.60,-10.30,71.33,-42.97,1
x,2022-10-14 19:51:28.578315,0.17,-0.27,0.90,-19.41,-13.98,-4.39,-10.30,71.33,-42.97,1
x,2022-10-14 19:51:28.600673,0.17,-0.25,0.93,-20.02,-11.60,-4.46,-10.30,71.33,-42.97,1
x,2022-10-14 19:51:28.620049,0.16,-0.21,0.98,-20.20,-6.29,-5.43,-10.27,71.30,-43.38,1
x,2022-10-14 19:51:28.639544,0.18,-0.22,0.91,-14.22,-0.98,-10.99,-10.27,71.30,-43.38,1
x,2022-10-14 19:51:28.658738,0.12,-0.25,0.89,-11.23,-2.99,-11.47,-11.58,70.70,-45.70,1
x,2022-10-14 19:51:28.678908,0.19,-0.27,0.94,43.33,-21.55,16.72,-11.58,70.70,-45.70,1
x,2022-10-14 19:51:28.698146,0.13,-0.33,0.92,26.55,-20.39,16.78,-11.45,72.24,-45.34,1
x,2022-10-14 19:51:28.716357,0.04,-0.06,0.87,-29.11,40.83,2.38,-11.45,72.24,-45.34,1
x,2022-10-14 19:51:28.735576,0.11,-0.25,0.79,6.29,13.12,-6.53,-11.45,72.24,-45.34,1
x,2022-10-14 19:51:28.756143,0.11,-0.26,0.84,11.47,6.96,-4.09,-10.11,72.39,-46.61,1
x,2022-10-14 19:51:28.774021,0.11,-0.20,0.83,10.01,7.63,-6.84,-10.11,72.39,-46.61,1
x,2022-10-14 19:51:28.792002,0.06,-0.16,0.84,12.27,7.75,-21.61,-10.11,72.39,-46.61,1
x,2022-10-14 19:51:28.811362,0.12,-0.26,0.80,32.59,0.24,-33.14,-10.22,72.03,-45.51,1
x,2022-10-14 19:51:28.832750,0.15,-0.44,0.74,39.73,-11.35,-28.69,-10.22,72.03,-45.51,1
x,2022-10-14 19:51:28.852152,0.17,-0.54,0.80,25.27,-20.20,-8.91,-13.61,73.05,-43.63,1
x,2022-10-14 19:51:28.870167,0.15,-0.56,0.65,18.98,-30.03,-4.82,-13.61,73.05,-43.63,1
x,2022-10-14 19:51:28.889593,0.17,-0.53,0.84,11.66,-43.27,2.38,-13.61,73.05,-43.63,1
x,2022-10-14 19:51:28.910990,0.16,-0.49,0.85,-4.88,-33.57,8.91,-17.27,74.10,-41.27,1
x,2022-10-14 19:51:28.929844,0.15,-0.63,0.78,0.24,-65.92,25.02,-17.27,74.10,-41.27,1
x,2022-10-14 19:51:28.949016,0.12,-0.29,1.11,-21.97,-67.87,38.45,-20.20,74.77,-38.06,1
x,2022-10-14 19:51:28.968418,0.02,-0.06,1.44,-18.92,-29.79,18.86,-20.20,74.77,-38.06,1
x,2022-10-14 19:51:28.988153,0.08,-0.16,1.12,-19.90,7.93,-5.55,-20.20,74.77,-38.06,1
x,2022-10-14 19:51:29.007918,0.10,-0.26,1.01,-0.92,-1.16,-2.69,-21.03,74.87,-38.44,1
x,2022-10-14 19:51:29.026028,0.07,-0.29,0.99,20.32,-19.78,3.05,-21.03,74.87,-38.44,1
x,2022-10-14 19:51:29.044493,-0.01,-0.10,1.34,-21.30,56.52,4.27,-21.03,74.87,-38.44,1
x,2022-10-14 19:51:29.067873,0.10,-0.14,1.06,-21.42,82.34,-20.63,-19.29,73.79,-40.36,1
x,2022-10-14 19:51:29.085206,0.12,-0.32,0.83,3.60,58.96,-30.64,-19.29,73.79,-40.36,1
x,2022-10-14 19:51:29.105574,0.16,-0.39,0.86,13.31,31.86,-21.12,-15.73,73.24,-42.58,1
x,2022-10-14 19:51:29.124998,0.15,-0.32,0.98,-0.31,38.51,-18.80,-15.73,73.24,-42.58,1
x,2022-10-14 19:51:29.145544,0.14,-0.39,0.74,-4.33,51.64,-25.27,-15.73,73.24,-42.58,1
x,2022-10-14 19:51:29.164191,0.18,-0.41,0.80,9.64,39.86,-17.58,-13.18,72.95,-44.84,1
x,2022-10-14 19:51:29.182103,0.14,-0.50,0.61,11.41,12.45,-7.39,-13.18,72.95,-44.84,1
x,2022-10-14 19:51:29.201482,0.12,-0.42,0.75,19.47,-16.91,-4.88,-11.50,73.03,-45.87,1
x,2022-10-14 19:51:29.220917,0.13,-0.39,0.81,-1.22,-10.44,-13.55,-11.50,73.03,-45.87,1
x,2022-10-14 19:51:29.241454,0.15,-0.30,0.85,-27.47,6.84,-15.01,-11.50,73.03,-45.87,1
x,2022-10-14 19:51:29.262401,0.15,-0.29,0.86,-28.87,15.20,-10.07,-11.85,72.09,-46.79,1
x,2022-10-14 19:51:29.281498,0.14,-0.29,0.78,-29.72,24.48,-1.04,-11.85,72.09,-46.79,1
x,2022-10-14 19:51:29.301756,0.16,-0.31,0.67,9.52,-37.90,25.51,-12.19,71.56,-46.29,1
x,2022-10-14 19:51:29.320132,0.11,-0.20,1.00,1.71,-39.18,23.13,-12.19,71.56,-46.29,1
x,2022-10-14 19:51:29.338481,0.09,-0.23,0.81,3.97,-43.40,10.44,-12.19,71.56,-46.29,1
x,2022-10-14 19:51:29.359834,0.09,-0.13,1.08,-6.65,-42.18,-1.46,-15.71,73.12,-44.57,1
x,2022-10-14 19:51:29.380555,0.10,-0.13,1.00,1.28,-34.97,-18.37,-15.71,73.12,-44.57,1
x,2022-10-14 19:51:29.401104,0.12,-0.16,1.10,8.61,-27.47,-17.21,-19.15,72.55,-42.30,1
x,2022-10-14 19:51:29.420488,0.11,-0.15,1.11,20.02,-18.43,-18.98,-19.15,72.55,-42.30,1
x,2022-10-14 19:51:29.439124,0.14,-0.33,1.11,25.57,-7.63,-20.32,-19.15,72.55,-42.30,1
x,2022-10-14 19:51:29.460825,0.13,-0.35,1.08,27.22,3.66,-17.15,-21.96,72.55,-41.09,1
x,2022-10-14 19:51:29.480124,0.12,-0.36,1.04,12.63,28.99,-24.35,-21.96,72.55,-41.09,1
x,2022-10-14 19:51:29.501356,0.13,-0.48,0.80,9.40,31.74,-22.40,-22.66,72.30,-41.76,1
x,2022-10-14 19:51:29.520857,0.13,-0.53,0.77,10.13,9.52,-8.00,-22.66,72.30,-41.76,1
x,2022-10-14 19:51:29.539636,0.11,-0.49,0.81,10.68,-2.26,1.71,-22.66,72.30,-41.76,1
x,2022-10-14 19:51:29.559735,0.10,-0.40,0.88,-0.24,-0.98,-1.89,-23.02,72.91,-41.26,1
x,2022-10-14 19:51:29.579045,0.11,-0.35,0.92,-20.14,3.54,-8.61,-23.02,72.91,-41.26,1
x,2022-10-14 19:51:29.598175,0.09,-0.31,0.94,-22.89,1.83,-5.80,-21.84,71.63,-41.48,1
x,2022-10-14 19:51:29.616228,-0.08,-0.32,0.96,-13.37,1.71,13.98,-21.84,71.63,-41.48,1
x,2022-10-14 19:51:29.635065,-0.19,-0.25,1.14,12.88,12.88,52.06,-21.84,71.63,-41.48,1
x,2022-10-14 19:51:29.653091,-0.06,-0.13,1.10,37.17,25.94,62.32,-20.21,72.44,-42.47,1
x,2022-10-14 19:51:29.672919,-0.00,-0.10,1.09,45.90,33.39,58.78,-20.21,72.44,-42.47,1
x,2022-10-14 19:51:29.692100,0.03,-0.12,1.08,61.16,45.35,48.40,-20.21,72.44,-42.47,1
x,2022-10-14 19:51:29.710837,0.17,-0.21,0.96,72.94,48.77,42.42,-15.65,72.86,-39.16,1
x,2022-10-14 19:51:29.730029,0.30,-0.24,0.78,67.81,54.75,30.46,-15.65,72.86,-39.16,1
x,2022-10-14 19:51:29.752731,0.45,-0.38,0.73,48.34,53.47,10.25,-11.74,72.86,-37.89,1
x,2022-10-14 19:51:29.772533,0.51,-0.46,0.62,28.81,36.87,-4.70,-11.74,72.86,-37.89,1
x,2022-10-14 19:51:29.791550,0.49,-0.50,0.64,-5.98,23.80,-25.70,-11.74,72.86,-37.89,1
x,2022-10-14 19:51:29.811706,0.42,-0.56,0.67,-13.06,11.66,-34.36,-11.15,70.79,-37.49,1
x,2022-10-14 19:51:29.832042,0.39,-0.57,0.73,-21.12,2.69,-35.64,-11.15,70.79,-37.49,1
x,2022-10-14 19:51:29.852757,0.30,-0.61,0.76,-23.99,-5.68,-24.72,-13.34,69.79,-39.18,1
x,2022-10-14 19:51:29.871367,0.26,-0.60,0.77,-18.13,-12.21,-13.92,-13.34,69.79,-39.18,1
x,2022-10-14 19:51:29.891187,0.26,-0.47,0.82,-18.68,-16.30,-5.98,-13.34,69.79,-39.18,1
x,2022-10-14 19:51:29.911861,0.25,-0.47,0.85,-17.46,-18.25,-9.77,-14.56,69.37,-39.70,1
x,2022-10-14 19:51:29.930618,0.23,-0.41,0.90,-19.59,-15.69,-10.50,-14.56,69.37,-39.70,1
x,2022-10-14 19:51:29.951835,0.20,-0.39,0.96,-15.93,-13.61,-7.93,-15.45,69.46,-41.63,1
x,2022-10-14 19:51:29.971022,0.20,-0.35,0.97,-10.99,-8.42,-4.58,-15.45,69.46,-41.63,1
x,2022-10-14 19:51:29.989138,0.23,-0.34,0.90,0.92,-6.77,0.31,-15.45,69.46,-41.63,1
x,2022-10-14 19:51:30.008189,0.23,-0.36,0.87,0.18,-4.70,-1.28,-15.97,69.74,-41.04,1
x,2022-10-14 19:51:30.027649,0.24,-0.38,0.86,-1.40,-4.64,-3.60,-15.97,69.74,-41.04,1
x,2022-10-14 19:51:30.047725,0.23,-0.41,0.80,-0.55,-7.75,-3.91,-15.61,70.63,-43.38,1
x,2022-10-14 19:51:30.066455,0.21,-0.40,0.83,-1.34,-10.50,-2.26,-15.61,70.63,-43.38,1
x,2022-10-14 19:51:30.085216,0.20,-0.41,0.83,-2.26,-10.31,-3.17,-15.61,70.63,-43.38,1
x,2022-10-14 19:51:30.104257,0.22,-0.42,0.83,0.00,-14.04,1.59,-16.54,71.74,-45.29,1
x,2022-10-14 19:51:30.124017,0.23,-0.40,0.79,-0.73,-16.05,2.56,-16.54,71.74,-45.29,1
x,2022-10-14 19:51:30.144981,0.22,-0.38,0.79,-4.09,-19.96,2.56,-16.54,71.74,-45.29,1
x,2022-10-14 19:51:30.164285,0.20,-0.31,0.89,-15.32,-19.10,-7.69,-18.47,73.56,-45.01,1
x,2022-10-14 19:51:30.183051,-1.96,-0.77,1.22,-17.76,-16.42,-15.75,-18.47,73.56,-45.01,1
x,2022-10-14 19:51:30.203692,0.23,-0.21,0.93,25.63,-11.41,10.99,-20.43,75.01,-46.69,1
x,2022-10-14 19:51:30.223228,0.23,-0.29,1.45,8.67,-7.81,12.57,-20.43,75.01,-46.69,1
x,2022-10-14 19:51:30.243273,0.12,-0.29,0.67,-20.51,40.47,-9.03,-20.43,75.01,-46.69,1
x,2022-10-14 19:51:30.262575,0.15,-0.29,0.88,6.10,10.31,-9.77,-18.90,74.79,-46.26,1
x,2022-10-14 19:51:30.281446,0.14,-0.37,0.79,9.77,12.82,-14.95,-18.90,74.79,-46.26,1
x,2022-10-14 19:51:30.301061,0.16,-0.44,0.71,13.55,6.10,-9.40,-19.13,74.77,-47.34,1
x,2022-10-14 19:51:30.320174,0.13,-0.37,0.79,9.52,7.57,-10.93,-19.13,74.77,-47.34,1
x,2022-10-14 19:51:30.339428,0.11,-0.38,0.73,16.85,6.41,-14.47,-19.13,74.77,-47.34,1
x,2022-10-14 19:51:30.358415,0.13,-0.47,0.69,28.26,-3.48,-18.92,-20.40,73.29,-47.75,1
x,2022-10-14 19:51:30.377015,0.13,-0.52,0.75,34.61,-30.76,-23.62,-20.40,73.29,-47.75,1
x,2022-10-14 19:51:30.396993,0.16,-0.58,0.71,34.85,-48.16,-24.66,-25.70,73.28,-42.64,1
x,2022-10-14 19:51:30.417335,0.18,-0.67,0.76,8.48,-46.39,-15.26,-25.70,73.28,-42.64,1
x,2022-10-14 19:51:30.436132,0.18,-0.70,0.76,1.10,-60.85,-0.79,-25.70,73.28,-42.64,1
x,2022-10-14 19:51:30.455119,0.14,-0.52,1.01,-9.40,-59.94,10.13,-30.18,73.27,-40.97,1
x,2022-10-14 19:51:30.474739,0.09,-0.41,1.17,-13.79,-44.31,5.31,-30.18,73.27,-40.97,1
x,2022-10-14 19:51:30.495500,0.05,-0.36,1.09,-7.26,-27.16,0.37,-31.75,73.93,-37.24,1
x,2022-10-14 19:51:30.514105,0.05,-0.21,1.31,-6.84,-20.39,-4.58,-31.75,73.93,-37.24,1
x,2022-10-14 19:51:30.532330,0.07,-0.35,0.99,11.17,-10.13,-9.22,-31.75,73.93,-37.24,1
x,2022-10-14 19:51:30.552460,0.11,-0.40,1.40,19.90,-15.56,-5.43,-32.50,74.19,-37.23,1
x,2022-10-14 19:51:30.573568,0.04,-0.20,0.95,-18.43,63.90,-9.28,-32.50,74.19,-37.23,1
x,2022-10-14 19:51:30.592022,0.08,-0.30,1.09,8.12,44.31,-12.27,-32.50,74.19,-37.23,1
x,2022-10-14 19:51:30.613174,0.12,-0.31,1.08,5.00,62.07,-20.20,-29.88,72.99,-40.06,1
x,2022-10-14 19:51:30.632122,0.15,-0.51,0.89,0.12,68.85,-23.56,-29.88,72.99,-40.06,1
x,2022-10-14 19:51:30.652487,0.19,-0.46,0.81,-0.67,57.62,-17.09,-25.54,70.63,-46.35,1
x,2022-10-14 19:51:30.670351,0.18,-0.49,0.79,8.42,50.11,-8.18,-25.54,70.63,-46.35,1
x,2022-10-14 19:51:30.688303,0.13,-0.62,0.62,17.33,7.32,7.39,-25.54,70.63,-46.35,1
x,2022-10-14 19:51:30.709393,0.12,-0.56,0.67,10.93,0.49,9.77,-23.08,70.52,-46.66,1
x,2022-10-14 19:51:30.729669,0.10,-0.51,0.67,-0.06,0.79,4.70,-23.08,70.52,-46.66,1
x,2022-10-14 19:51:30.748415,0.13,-0.46,0.78,-18.98,6.04,-6.35,-22.69,70.28,-46.88,1
x,2022-10-14 19:51:30.767176,0.14,-0.43,0.80,-29.85,14.04,-6.90,-22.69,70.28,-46.88,1
x,2022-10-14 19:51:30.785149,0.15,-0.42,0.80,-33.87,20.81,-4.64,-22.69,70.28,-46.88,1
x,2022-10-14 19:51:30.805955,0.17,-0.39,0.82,-39.55,30.03,3.72,-21.70,69.73,-49.27,1
x,2022-10-14 19:51:30.824094,0.02,-0.38,0.42,-22.83,8.06,14.89,-21.70,69.73,-49.27,1
x,2022-10-14 19:51:30.844749,0.17,-0.29,0.95,5.31,-29.48,18.31,-22.88,68.88,-48.88,1
x,2022-10-14 19:51:30.866302,0.11,-0.39,0.66,24.17,-49.99,3.85,-22.88,68.88,-48.88,1
x,2022-10-14 19:51:30.883301,0.17,-0.28,1.05,28.93,-64.76,2.08,-22.88,68.88,-48.88,1
x,2022-10-14 19:51:30.903267,0.12,-0.23,1.02,10.13,-29.17,-21.00,-28.17,69.45,-44.62,1
x,2022-10-14 19:51:30.922358,0.11,-0.27,0.98,16.24,-22.46,-25.51,-28.17,69.45,-44.62,1
x,2022-10-14 19:51:30.941383,0.18,-0.38,1.11,30.46,-24.54,-28.75,-28.17,69.45,-44.62,1
x,2022-10-14 19:51:30.962066,0.17,-0.49,1.09,34.73,-6.71,-25.70,-32.45,67.07,-41.86,1
x,2022-10-14 19:51:30.981279,0.15,-0.61,0.92,30.46,8.00,-24.60,-32.45,67.07,-41.86,1
x,2022-10-14 19:51:31.001218,0.14,-0.55,0.98,19.96,16.66,-18.74,-33.23,64.33,-41.42,1
x,2022-10-14 19:51:31.019032,0.15,-0.74,0.69,6.16,29.60,-20.08,-33.23,64.33,-41.42,1
x,2022-10-14 19:51:31.038823,0.13,-0.69,0.68,10.44,7.32,-4.58,-33.23,64.33,-41.42,1
x,2022-10-14 19:51:31.057426,0.09,-0.60,0.75,11.66,-6.71,0.31,-31.87,62.76,-41.30,1
x,2022-10-14 19:51:31.077931,0.10,-0.56,0.81,-18.55,7.08,-15.20,-31.87,62.76,-41.30,1
x,2022-10-14 19:51:31.099955,0.12,-0.47,0.85,-32.35,10.93,-19.47,-32.32,62.29,-41.82,1
x,2022-10-14 19:51:31.119162,0.11,-0.42,0.88,-26.79,8.24,-12.08,-32.32,62.29,-41.82,1
x,2022-10-14 19:51:31.138461,0.05,-0.42,0.86,-15.93,7.81,-1.10,-32.32,62.29,-41.82,1
x,2022-10-14 19:51:31.157508,-0.18,-0.51,0.96,-0.85,5.86,20.08,-32.01,61.55,-41.77,1
x,2022-10-14 19:51:31.177375,-0.08,-0.35,0.97,21.85,31.37,46.69,-32.01,61.55,-41.77,1
x,2022-10-14 19:51:31.197609,-0.01,-0.41,0.94,39.61,35.46,47.67,-26.84,63.27,-41.06,1
x,2022-10-14 19:51:31.216074,-0.00,-0.50,0.81,57.31,40.34,53.77,-26.84,63.27,-41.06,1
x,2022-10-14 19:51:31.234414,0.11,-0.60,0.75,61.89,42.30,58.04,-26.84,63.27,-41.06,1
x,2022-10-14 19:51:31.254941,0.19,-0.63,0.65,55.73,44.80,56.21,-19.19,65.05,-37.19,1
x,2022-10-14 19:51:31.272873,0.31,-0.71,0.57,35.89,41.69,48.46,-19.19,65.05,-37.19,1
x,2022-10-14 19:51:31.292952,0.39,-0.75,0.52,19.65,29.66,41.87,-13.65,66.66,-33.85,1
x,2022-10-14 19:51:31.311129,0.41,-0.71,0.51,5.07,23.25,36.38,-13.65,66.66,-33.85,1
x,2022-10-14 19:51:31.331272,0.39,-0.76,0.46,-7.93,17.33,29.66,-13.65,66.66,-33.85,1
x,2022-10-14 19:51:31.350999,0.33,-0.73,0.58,-25.94,0.06,28.50,-10.58,67.42,-33.30,1
x,2022-10-14 19:51:31.370991,0.28,-0.70,0.62,-27.95,-4.15,32.59,-10.58,67.42,-33.30,1
x,2022-10-14 19:51:31.390876,0.27,-0.67,0.65,-21.91,-5.49,42.85,-10.58,67.42,-33.30,1
x,2022-10-14 19:51:31.410412,0.36,-0.55,0.59,-14.59,-7.02,48.46,-8.11,68.01,-29.98,1
x,2022-10-14 19:51:31.429993,0.48,-0.54,0.52,-7.63,-17.33,41.08,-8.11,68.01,-29.98,1
x,2022-10-14 19:51:31.450704,0.45,-0.61,0.52,-15.26,-37.78,34.73,-5.66,69.02,-29.02,1
x,2022-10-14 19:51:31.470182,0.30,-0.60,0.63,-29.48,-45.72,35.77,-5.66,69.02,-29.02,1
x,2022-10-14 19:51:31.489519,0.28,-0.53,0.75,-37.72,-39.25,42.18,-5.66,69.02,-29.02,1
x,2022-10-14 19:51:31.509548,0.38,-0.39,0.73,-36.38,-37.41,45.23,-4.48,67.99,-25.12,1
x,2022-10-14 19:51:31.528105,0.40,-0.33,0.75,-35.03,-45.23,43.64,-4.48,67.99,-25.12,1
x,2022-10-14 19:51:31.548323,0.31,-0.29,0.78,-34.12,-51.88,40.34,-1.16,66.42,-22.41,1
x,2022-10-14 19:51:31.567441,0.31,-0.25,0.89,-28.38,-52.98,40.59,-1.16,66.42,-22.41,1
x,2022-10-14 19:51:31.586949,0.36,-0.25,0.90,-31.98,-48.52,38.33,-1.16,66.42,-22.41,1
x,2022-10-14 19:51:31.607881,0.38,-0.11,0.97,-40.41,-46.26,32.35,1.54,62.83,-17.94,1
x,2022-10-14 19:51:31.627155,0.38,0.04,1.01,-51.64,-41.81,20.63,1.54,62.83,-17.94,1
x,2022-10-14 19:51:31.647639,0.32,0.11,1.11,-71.35,-28.87,-10.68,4.17,57.30,-16.37,1
x,2022-10-14 19:51:31.665857,0.28,0.02,1.12,-69.89,-22.71,-19.23,4.17,57.30,-16.37,1
x,2022-10-14 19:51:31.685012,0.29,0.04,1.11,-60.00,-20.75,-10.07,4.17,57.30,-16.37,1
x,2022-10-14 19:51:31.703904,0.26,0.12,1.03,-39.98,-24.66,2.44,4.98,51.73,-16.43,1
x,2022-10-14 19:51:31.722737,0.21,0.04,1.04,-26.98,-30.15,1.22,4.98,51.73,-16.43,1
x,2022-10-14 19:51:31.742135,0.14,-0.04,1.06,-29.17,-25.15,-2.93,5.59,46.30,-14.83,1
x,2022-10-14 19:51:31.761499,0.08,-0.02,1.11,-43.64,-13.37,-8.12,5.59,46.30,-14.83,1
x,2022-10-14 19:51:31.782985,0.02,-0.03,1.07,-36.74,-7.81,-10.74,5.59,46.30,-14.83,1
x,2022-10-14 19:51:31.803251,0.03,-0.07,1.05,-22.28,-11.11,-6.47,5.10,40.87,-13.78,1
x,2022-10-14 19:51:31.822833,0.08,-0.05,1.00,-16.48,-10.62,-4.15,5.10,40.87,-13.78,1
x,2022-10-14 19:51:31.844392,0.09,-0.02,0.98,-20.20,-10.44,-10.13,5.48,36.16,-12.37,1
x,2022-10-14 19:51:31.862148,0.03,-0.09,1.00,-23.68,-13.73,-12.88,5.48,36.16,-12.37,1
x,2022-10-14 19:51:31.881529,0.04,-0.09,0.95,-16.97,-12.39,-5.68,5.48,36.16,-12.37,1
x,2022-10-14 19:51:31.902194,0.08,-0.04,0.98,-6.59,-18.31,1.65,5.02,31.45,-10.93,1
x,2022-10-14 19:51:31.924829,0.11,-0.06,0.95,-5.31,-15.38,-2.01,5.02,31.45,-10.93,1
x,2022-10-14 19:51:31.945898,0.11,0.02,1.01,-15.14,-16.17,-5.25,4.22,26.89,-10.69,1
x,2022-10-14 19:51:31.964706,0.11,0.14,1.03,-30.64,-6.77,-18.92,4.22,26.89,-10.69,1
x,2022-10-14 19:51:31.984502,0.09,0.04,0.98,-28.81,-0.49,-35.28,4.22,26.89,-10.69,1
x,2022-10-14 19:51:32.005743,0.04,0.12,1.15,7.69,-10.44,-13.06,4.61,23.39,-8.98,1
x,2022-10-14 19:51:32.022918,-0.17,0.30,0.63,4.09,6.04,12.88,4.61,23.39,-8.98,1
x,2022-10-14 19:51:32.041804,0.02,0.11,1.38,17.33,-15.99,6.77,4.87,24.06,-10.00,1
x,2022-10-14 19:51:32.060126,-0.01,0.16,0.99,-16.17,26.61,-18.43,4.87,24.06,-10.00,1
x,2022-10-14 19:51:32.078266,0.05,0.04,0.84,-2.93,30.64,-37.05,4.87,24.06,-10.00,1
x,2022-10-14 19:51:32.098634,0.10,-0.09,0.73,15.87,5.98,-30.33,6.52,26.54,-9.69,1
x,2022-10-14 19:51:32.118956,0.11,-0.09,0.82,19.59,-2.20,-22.09,6.52,26.54,-9.69,1
x,2022-10-14 19:51:32.137814,0.10,-0.15,0.80,24.90,-5.68,-21.55,6.52,26.54,-9.69,1
x,2022-10-14 19:51:32.162418,0.14,-0.21,0.80,32.23,-16.54,-17.64,8.96,29.47,-6.81,1
x,2022-10-14 19:51:32.179233,0.14,-0.28,0.81,29.60,-21.79,-16.30,8.96,29.47,-6.81,1
x,2022-10-14 19:51:32.198741,0.16,-0.41,0.77,22.16,-38.09,-6.96,9.48,29.50,-6.57,1
x,2022-10-14 19:51:32.218105,0.17,-0.31,0.96,12.57,-52.98,6.04,9.48,29.50,-6.57,1
x,2022-10-14 19:51:32.237535,0.12,-0.15,0.93,-5.98,-40.71,9.22,9.48,29.50,-6.57,1
x,2022-10-14 19:51:32.256647,0.12,-0.12,1.14,6.35,-55.30,16.91,9.46,26.10,-5.46,1
x,2022-10-14 19:51:32.275010,0.04,0.00,1.22,0.18,-37.60,18.19,9.46,26.10,-5.46,1
x,2022-10-14 19:51:32.294380,0.01,0.02,1.22,2.08,-23.80,12.82,9.53,22.40,-5.07,1
x,2022-10-14 19:51:32.314044,0.05,-0.02,1.09,-1.22,1.77,-3.60,9.53,22.40,-5.07,1
x,2022-10-14 19:51:32.332615,0.02,-0.02,1.08,10.13,-10.50,3.91,9.53,22.40,-5.07,1
x,2022-10-14 19:51:32.353877,-0.03,0.10,1.41,11.17,-1.16,-6.29,9.94,22.64,-5.80,1
x,2022-10-14 19:51:32.372280,0.03,-0.02,1.07,5.43,44.25,-22.64,9.94,22.64,-5.80,1
x,2022-10-14 19:51:32.392116,0.01,-0.04,1.20,8.97,44.43,-24.84,9.94,27.47,-6.08,1
x,2022-10-14 19:51:32.410180,0.06,-0.11,0.89,22.16,52.31,-27.65,9.94,27.47,-6.08,1
x,2022-10-14 19:51:32.428054,0.12,-0.28,0.79,23.01,36.32,-15.08,9.94,27.47,-6.08,1
x,2022-10-14 19:51:32.448199,0.08,-0.32,0.79,20.57,25.45,-7.14,10.25,33.95,-6.10,1
x,2022-10-14 19:51:32.469017,0.13,-0.32,0.82,18.01,20.02,-4.39,10.25,33.95,-6.10,1
x,2022-10-14 19:51:32.487660,0.11,-0.45,0.47,2.38,21.73,-0.79,10.25,33.95,-6.10,1
x,2022-10-14 19:51:32.506756,0.09,-0.30,0.82,8.30,-11.66,2.01,10.16,37.39,-6.16,1
x,2022-10-14 19:51:32.526417,0.11,-0.29,0.88,-14.40,2.93,-9.28,10.16,37.39,-6.16,1
x,2022-10-14 19:51:32.545471,0.10,-0.09,0.89,-49.62,21.12,-3.97,10.05,36.69,-7.89,1
x,2022-10-14 19:51:32.564929,0.12,-0.13,0.88,-41.50,20.94,-5.92,10.05,36.69,-7.89,1
x,2022-10-14 19:51:32.583725,0.09,-0.23,0.56,-27.77,0.37,10.13,10.05,36.69,-7.89,1
x,2022-10-14 19:51:32.603065,0.06,0.01,0.89,-26.86,-9.16,14.04,9.72,33.90,-7.13,1
x,2022-10-14 19:51:32.622024,0.04,-0.01,0.95,-20.39,-16.42,5.68,9.72,33.90,-7.13,1
x,2022-10-14 19:51:32.641746,0.03,0.01,0.73,-6.71,-35.95,2.08,10.38,31.86,-5.82,1
x,2022-10-14 19:51:32.660219,0.02,0.10,0.95,0.67,-37.41,-5.68,10.38,31.86,-5.82,1
x,2022-10-14 19:51:32.681121,0.07,-0.02,1.08,18.31,-47.18,-13.73,10.38,31.86,-5.82,1
x,2022-10-14 19:51:32.699438,0.05,0.03,1.21,13.43,-32.78,-18.49,11.93,31.84,-4.70,1
x,2022-10-14 19:51:32.718445,0.03,-0.00,1.14,20.39,-20.57,-24.29,11.93,31.84,-4.70,1
x,2022-10-14 19:51:32.736640,0.07,-0.13,1.10,28.87,-12.39,-25.33,11.93,31.84,-4.70,1
x,2022-10-14 19:51:32.756917,0.10,-0.20,1.10,34.24,-1.59,-10.56,13.70,34.14,-3.41,1
x,2022-10-14 19:51:32.776065,0.04,-0.14,1.11,33.20,9.64,-10.25,13.70,34.14,-3.41,1
x,2022-10-14 19:51:32.795709,0.09,-0.27,0.96,28.69,20.39,-12.88,14.04,38.13,-1.45,1
x,2022-10-14 19:51:32.814671,0.12,-0.41,0.85,20.87,10.93,-3.60,14.04,38.13,-1.45,1
x,2022-10-14 19:51:32.832751,0.12,-0.49,0.79,13.06,-1.28,9.22,14.04,38.13,-1.45,1
x,2022-10-14 19:51:32.853100,0.04,-0.29,0.91,1.16,-1.83,4.58,13.62,40.32,-1.56,1
x,2022-10-14 19:51:32.871649,0.04,-0.26,0.93,-16.42,5.31,-10.01,13.62,40.32,-1.56,1
x,2022-10-14 19:51:32.891495,0.06,-0.13,0.98,-37.48,6.04,-13.67,13.10,39.76,-3.25,1
x,2022-10-14 19:51:32.910017,-0.08,-0.10,1.02,-34.30,3.05,-4.46,13.10,39.76,-3.25,1
x,2022-10-14 19:51:32.928052,-0.36,-0.26,1.27,-16.91,9.09,19.04,13.10,39.76,-3.25,1
x,2022-10-14 19:51:32.946793,-0.31,-0.02,1.24,21.36,38.64,67.32,12.13,40.43,-2.40,1
x,2022-10-14 19:51:32.965182,-0.09,0.11,1.09,41.99,48.10,69.70,12.13,40.43,-2.40,1
x,2022-10-14 19:51:32.983459,-0.03,0.03,1.08,61.16,44.07,62.26,12.13,40.43,-2.40,1
x,2022-10-14 19:51:33.003009,-0.01,-0.03,1.11,70.19,47.42,57.80,8.97,43.85,-6.64,1
x,2022-10-14 19:51:33.021992,0.08,-0.05,0.94,83.86,55.24,52.86,8.97,43.85,-6.64,1
x,2022-10-14 19:51:33.041601,0.32,-0.14,0.77,73.36,58.53,32.78,6.80,50.68,-9.13,1
x,2022-10-14 19:51:33.059912,0.39,-0.23,0.73,51.82,53.71,10.68,6.80,50.68,-9.13,1
x,2022-10-14 19:51:33.080855,0.53,-0.29,0.67,26.18,41.87,-6.53,6.80,50.68,-9.13,1
x,2022-10-14 19:51:33.100497,0.53,-0.31,0.62,11.17,29.60,-17.15,5.57,54.25,-11.51,1
x,2022-10-14 19:51:33.119817,0.52,-0.34,0.65,-1.28,15.87,-26.55,5.57,54.25,-11.51,1
x,2022-10-14 19:51:33.138849,0.49,-0.35,0.66,-20.94,-4.27,-36.74,5.57,54.25,-11.51,1
x,2022-10-14 19:51:33.157392,0.37,-0.36,0.81,-26.37,-16.72,-37.72,4.71,56.30,-10.94,1
x,2022-10-14 19:51:33.176065,0.29,-0.41,0.80,-29.85,-19.71,-18.86,4.71,56.30,-10.94,1
x,2022-10-14 19:51:33.195379,0.25,-0.39,0.88,-26.12,-31.80,-21.42,4.09,57.57,-9.67,1
x,2022-10-14 19:51:33.214835,0.17,-0.33,0.96,-26.25,-30.58,-17.58,4.09,57.57,-9.67,1
x,2022-10-14 19:51:33.233449,0.17,-0.32,0.94,-28.08,-24.11,-18.68,4.09,57.57,-9.67,1
x,2022-10-14 19:51:33.254801,0.17,-0.31,0.92,-29.85,-20.51,-16.42,4.19,57.71,-9.29,1
x,2022-10-14 19:51:33.274279,0.16,-0.33,0.90,-29.91,-23.99,-11.84,4.19,57.71,-9.29,1
x,2022-10-14 19:51:33.294245,0.15,-0.18,1.04,-32.53,-23.86,-7.51,4.74,56.76,-6.88,1
x,2022-10-14 19:51:33.313339,0.13,-0.16,1.01,-31.01,-14.40,-11.29,4.74,56.76,-6.88,1
x,2022-10-14 19:51:33.332023,0.17,-0.19,0.93,-24.05,-13.00,-10.01,4.74,56.76,-6.88,1
x,2022-10-14 19:51:33.354725,0.20,-0.18,0.87,-18.80,-21.36,-3.91,5.38,56.81,-7.07,1
x,2022-10-14 19:51:33.375074,0.18,-0.14,0.92,-20.87,-29.42,0.49,5.38,56.81,-7.07,1
x,2022-10-14 19:51:33.395894,0.16,-0.09,0.99,-26.31,-22.22,-8.00,6.16,56.01,-4.86,1
x,2022-10-14 19:51:33.413929,0.14,-0.12,0.93,-32.10,-15.08,-15.69,6.16,56.01,-4.86,1
x,2022-10-14 19:51:33.432088,0.10,-0.03,0.98,-39.00,-12.88,-23.38,6.16,56.01,-4.86,1
x,2022-10-14 19:51:33.451500,-0.19,0.02,1.51,-11.72,-15.08,-14.95,6.73,56.35,-2.69,1
x,2022-10-14 19:51:33.471537,0.18,-0.20,1.10,44.43,-23.32,8.91,6.73,56.35,-2.69,1
x,2022-10-14 19:51:33.491895,-0.10,0.25,0.91,-36.19,38.09,9.77,5.91,57.74,-2.06,1
x,2022-10-14 19:51:33.510472,0.01,-0.03,0.89,-2.69,26.92,-33.63,5.91,57.74,-2.06,1
x,2022-10-14 19:51:33.529695,0.09,-0.03,0.84,6.53,23.32,-35.77,5.91,57.74,-2.06,1
x,2022-10-14 19:51:33.548476,0.07,-0.17,0.77,18.31,14.95,-23.07,2.98,60.74,-3.65,1
x,2022-10-14 19:51:33.567611,0.10,-0.22,0.70,25.82,5.92,-7.69,2.98,60.74,-3.65,1
x,2022-10-14 19:51:33.586854,0.09,-0.27,0.78,31.07,-1.28,1.95,2.98,60.74,-3.65,1
x,2022-10-14 19:51:33.606490,0.07,-0.26,0.71,34.24,-12.51,4.21,2.64,62.38,-1.46,1
x,2022-10-14 19:51:33.625930,0.12,-0.39,0.79,34.36,-29.36,1.83,2.64,62.38,-1.46,1
x,2022-10-14 19:51:33.645042,0.11,-0.36,0.91,18.25,-34.55,0.61,5.00,62.17,1.27,1
x,2022-10-14 19:51:33.665124,0.14,-0.39,0.89,8.12,-46.08,0.49,5.00,62.17,1.27,1
x,2022-10-14 19:51:33.683333,0.13,-0.37,1.00,1.16,-52.86,5.86,5.00,62.17,1.27,1
x,2022-10-14 19:51:33.704140,0.11,-0.25,1.19,-11.96,-43.58,10.19,10.19,58.22,3.05,1
x,2022-10-14 19:51:33.722942,0.11,-0.20,1.08,-15.14,-18.92,13.00,10.19,58.22,3.05,1
x,2022-10-14 19:51:33.742843,-0.03,0.08,1.42,-18.80,-12.02,12.39,13.34,54.82,2.58,1
x,2022-10-14 19:51:33.762819,0.01,0.07,1.14,-19.23,11.17,-12.15,13.34,54.82,2.58,1
x,2022-10-14 19:51:33.782888,0.06,-0.05,1.06,3.30,-13.37,-1.65,13.34,54.82,2.58,1
x,2022-10-14 19:51:33.803049,0.03,-0.08,1.06,18.74,-25.39,11.05,13.28,54.44,2.12,1
x,2022-10-14 19:51:33.822462,-0.03,0.08,1.02,2.69,40.28,-2.50,13.28,54.44,2.12,1
x,2022-10-14 19:51:33.843442,0.02,-0.07,1.09,21.67,30.33,-19.65,10.63,58.06,1.89,1
x,2022-10-14 19:51:33.862139,0.05,-0.07,1.11,24.60,37.72,-26.37,10.63,58.06,1.89,1
x,2022-10-14 19:51:33.881383,0.09,-0.23,1.09,38.27,23.38,-19.53,10.63,58.06,1.89,1
x,2022-10-14 19:51:33.901236,0.05,-0.21,1.07,23.68,37.48,-18.37,5.52,62.88,1.67,1
x,2022-10-14 19:51:33.921883,0.14,-0.37,0.78,9.09,47.55,-24.48,5.52,62.88,1.67,1
x,2022-10-14 19:51:33.942649,0.13,-0.45,0.67,7.26,29.66,-11.66,-0.74,67.47,-0.23,1
x,2022-10-14 19:51:33.961339,0.09,-0.43,0.64,6.65,3.11,3.48,-0.74,67.47,-0.23,1
x,2022-10-14 19:51:33.984249,0.08,-0.38,0.77,7.45,-10.99,2.50,-0.74,67.47,-0.23,1
x,2022-10-14 19:51:34.003331,0.09,-0.40,0.78,-35.64,15.93,-5.68,-2.37,68.68,-2.10,1
x,2022-10-14 19:51:34.022381,0.10,-0.26,0.83,-46.57,21.12,-10.93,-2.37,68.68,-2.10,1
x,2022-10-14 19:51:34.043084,0.13,-0.28,0.76,-54.38,23.80,-2.69,-1.43,67.03,-3.20,1
x,2022-10-14 19:51:34.064021,0.08,-0.12,0.82,-25.82,-20.02,23.74,-1.43,67.03,-3.20,1
x,2022-10-14 19:51:34.084097,0.04,0.01,1.03,-23.80,-17.70,18.25,-1.43,67.03,-3.20,1
x,2022-10-14 19:51:34.103575,0.04,-0.03,0.75,-11.47,-23.38,6.53,2.36,65.20,-2.21,1
x,2022-10-14 19:51:34.122851,0.04,-0.00,0.88,8.36,-53.96,7.45,2.36,65.20,-2.21,1
x,2022-10-14 19:51:34.141837,0.07,0.05,1.34,-0.49,-28.38,-5.13,6.20,62.99,-0.66,1
x,2022-10-14 19:51:34.161240,0.06,-0.05,1.10,8.00,-22.71,-15.56,6.20,62.99,-0.66,1
x,2022-10-14 19:51:34.183208,0.06,-0.07,1.11,18.43,-23.19,-17.82,6.20,62.99,-0.66,1
x,2022-10-14 19:51:34.201713,0.07,-0.17,1.06,31.19,-16.85,-18.19,7.40,64.55,1.61,1
x,2022-10-14 19:51:34.221652,0.07,-0.16,1.05,36.44,-15.56,-8.54,7.40,64.55,1.61,1
x,2022-10-14 19:51:34.242760,0.07,-0.21,1.06,41.50,-14.53,-5.31,6.76,67.29,2.98,1
x,2022-10-14 19:51:34.261532,0.05,-0.29,1.04,37.05,-4.09,-6.53,6.76,67.29,2.98,1
x,2022-10-14 19:51:34.281088,0.09,-0.40,0.94,31.13,4.82,-9.34,6.76,67.29,2.98,1
x,2022-10-14 19:51:34.301147,0.11,-0.47,0.85,15.81,3.11,-3.36,4.21,69.36,3.28,1
x,2022-10-14 19:51:34.319289,0.04,-0.35,0.91,5.49,-3.05,3.11,4.21,69.36,3.28,1
x,2022-10-14 19:51:34.339590,0.03,-0.32,0.92,-7.57,1.04,-8.79,3.86,70.07,3.48,1
x,2022-10-14 19:51:34.357135,0.03,-0.21,0.99,-26.31,1.22,-14.53,3.86,70.07,3.48,1
x,2022-10-14 19:51:34.377798,-0.03,-0.18,1.05,-22.71,-2.14,-6.47,3.86,70.07,3.48,1
x,2022-10-14 19:51:34.400900,-0.35,-0.25,1.13,-27.22,43.95,36.19,4.08,69.14,1.81,1
x,2022-10-14 19:51:34.420046,-0.27,-0.09,1.28,29.91,33.75,72.39,4.08,69.14,1.81,1
x,2022-10-14 19:51:34.439890,-0.16,0.03,1.11,60.18,50.54,81.54,2.01,67.98,-2.70,1
x,2022-10-14 19:51:34.458816,-0.04,-0.04,1.07,76.66,50.78,73.67,2.01,67.98,-2.70,1
x,2022-10-14 19:51:34.478125,0.03,-0.13,1.00,82.09,56.09,66.10,2.01,67.98,-2.70,1
x,2022-10-14 19:51:34.497922,0.28,-0.19,0.75,83.25,56.46,53.34,-1.29,68.35,-8.04,1
x,2022-10-14 19:51:34.516932,0.39,-0.22,0.65,64.58,50.48,32.41,-1.29,68.35,-8.04,1
x,2022-10-14 19:51:34.536390,0.50,-0.26,0.66,40.83,42.05,6.29,-3.20,69.24,-10.28,1
x,2022-10-14 19:51:34.555462,0.50,-0.34,0.64,4.94,29.48,-24.72,-3.20,69.24,-10.28,1
x,2022-10-14 19:51:34.574480,0.49,-0.37,0.70,-4.03,15.99,-34.42,-3.20,69.24,-10.28,1
x,2022-10-14 19:51:34.593745,0.44,-0.35,0.70,-14.28,5.74,-39.06,-6.16,69.57,-14.32,1
x,2022-10-14 19:51:34.612133,0.38,-0.36,0.77,-22.34,-6.16,-43.03,-6.16,69.57,-14.32,1
x,2022-10-14 19:51:34.631331,0.28,-0.39,0.85,-26.79,-12.39,-43.03,-6.16,69.57,-14.32,1
x,2022-10-14 19:51:34.651694,0.17,-0.44,0.92,-23.44,-13.31,-37.05,-10.28,71.07,-13.83,1
x,2022-10-14 19:51:34.670370,0.17,-0.48,0.83,-17.15,-10.38,-25.21,-10.28,71.07,-13.83,1
x,2022-10-14 19:51:34.692070,0.17,-0.48,0.86,-12.94,-16.24,-19.35,-13.24,71.85,-13.44,1
x,2022-10-14 19:51:34.710566,0.15,-0.50,0.88,-14.40,-18.13,-12.88,-13.24,71.85,-13.44,1
x,2022-10-14 19:51:34.732023,0.16,-0.50,0.83,-15.20,-19.47,-6.23,-13.24,71.85,-13.44,1
x,2022-10-14 19:51:34.752342,0.18,-0.42,0.87,-18.86,-20.81,-1.83,-14.26,74.29,-13.06,1
x,2022-10-14 19:51:34.770914,0.18,-0.37,0.91,-24.96,-18.49,-2.56,-14.26,74.29,-13.06,1
x,2022-10-14 19:51:34.790502,0.20,-0.30,0.90,-22.16,-17.15,1.34,-13.04,74.83,-13.06,1
x,2022-10-14 19:51:34.808938,0.19,-0.24,0.94,-20.14,-15.08,1.04,-13.04,74.83,-13.06,1
x,2022-10-14 19:51:34.827017,0.15,-0.24,0.93,-22.09,-13.43,-1.16,-13.04,74.83,-13.06,1
x,2022-10-14 19:51:34.848713,0.16,-0.20,0.96,-22.09,-12.02,-3.23,-13.43,75.70,-11.34,1
x,2022-10-14 19:51:34.870624,0.15,-0.21,0.99,-19.17,-10.31,-5.49,-13.43,75.70,-11.34,1
x,2022-10-14 19:51:34.889373,0.14,-0.25,0.99,-14.59,-10.01,-4.03,-13.39,77.81,-10.89,1
x,2022-10-14 19:51:34.909435,0.13,-0.30,0.94,-14.89,-8.36,-0.73,-13.39,77.81,-10.89,1
x,2022-10-14 19:51:34.927848,0.13,-0.23,0.94,-23.68,-7.81,-1.53,-13.39,77.81,-10.89,1
x,2022-10-14 19:51:34.949094,0.13,-0.18,0.94,-27.22,-7.93,-7.26,-13.77,79.53,-9.38,1
x,2022-10-14 19:51:34.967129,0.11,-0.12,1.02,-30.33,-5.98,-16.72,-13.77,79.53,-9.38,1
x,2022-10-14 19:51:34.986711,-1.49,-0.26,0.66,-27.83,-1.89,-21.30,-15.21,81.74,-10.50,1
x,2022-10-14 19:51:35.007257,0.41,-0.41,1.57,17.27,6.23,17.09,-15.21,81.74,-10.50,1
x,2022-10-14 19:51:35.026333,0.06,-0.16,0.80,11.47,14.65,0.92,-15.21,81.74,-10.50,1
x,2022-10-14 19:51:35.046617,0.03,-0.06,0.91,14.59,7.14,-3.17,-15.39,82.39,-12.48,1
x,2022-10-14 19:51:35.065375,0.04,-0.14,0.82,18.19,20.75,-15.93,-15.39,82.39,-12.48,1
x,2022-10-14 19:51:35.085110,0.10,-0.29,0.73,25.70,16.54,-13.61,-18.04,82.24,-13.71,1
x,2022-10-14 19:51:35.103626,0.07,-0.22,0.73,25.02,12.27,-7.02,-18.04,82.24,-13.71,1
x,2022-10-14 19:51:35.121708,0.09,-0.24,0.80,35.34,1.83,-11.96,-18.04,82.24,-13.71,1
x,2022-10-14 19:51:35.142088,0.13,-0.35,0.76,40.34,-8.61,-12.94,-20.03,82.90,-12.02,1
x,2022-10-14 19:51:35.162872,0.14,-0.47,0.82,32.10,-17.27,-13.24,-20.03,82.90,-12.02,1
x,2022-10-14 19:51:35.181663,0.18,-0.56,0.94,28.32,-49.32,-7.45,-20.03,82.90,-12.02,1
x,2022-10-14 19:51:35.200996,0.13,-0.44,0.93,3.30,-40.77,-2.75,-20.18,83.79,-7.80,1
x,2022-10-14 19:51:35.218453,0.16,-0.49,0.95,6.53,-53.53,-0.37,-20.18,83.79,-7.80,1
x,2022-10-14 19:51:35.241916,0.11,-0.33,1.05,-16.30,-30.64,4.88,-17.86,84.19,-2.87,1
x,2022-10-14 19:51:35.258840,0.09,-0.30,1.09,-11.96,-29.48,6.71,-17.86,84.19,-2.87,1
x,2022-10-14 19:51:35.278038,0.03,-0.11,1.35,-31.01,-5.80,5.19,-17.86,84.19,-2.87,1
x,2022-10-14 19:51:35.297923,0.06,-0.18,1.05,5.62,-4.76,-3.97,-15.27,84.80,-1.43,1
x,2022-10-14 19:51:35.318607,0.06,-0.20,1.09,19.47,-21.79,8.91,-15.27,84.80,-1.43,1
x,2022-10-14 19:51:35.338372,-0.06,-0.05,0.95,-2.62,46.33,3.30,-16.41,85.23,-2.84,1
x,2022-10-14 19:51:35.356919,0.03,-0.21,1.16,21.91,28.14,-8.67,-16.41,85.23,-2.84,1
x,2022-10-14 19:51:35.375119,0.04,-0.17,1.09,10.80,45.96,-20.51,-16.41,85.23,-2.84,1
x,2022-10-14 19:51:35.399754,0.09,-0.28,0.99,17.58,50.05,-30.46,-22.74,84.34,-8.75,1
x,2022-10-14 19:51:35.417293,0.15,-0.41,0.81,4.64,54.99,-23.62,-22.74,84.34,-8.75,1
x,2022-10-14 19:51:35.436404,0.13,-0.50,0.66,4.70,34.97,-10.86,-26.61,81.90,-15.08,1
x,2022-10-14 19:51:35.457426,0.15,-0.52,0.68,5.49,18.80,-0.98,-26.61,81.90,-15.08,1
x,2022-10-14 19:51:35.476005,0.09,-0.43,0.56,6.96,1.10,7.39,-26.61,81.90,-15.08,1
x,2022-10-14 19:51:35.495745,0.06,-0.35,0.73,-5.00,-1.10,2.32,-26.73,82.23,-16.58,1
x,2022-10-14 19:51:35.514104,0.09,-0.35,0.82,-17.40,4.94,-9.09,-26.73,82.23,-16.58,1
x,2022-10-14 19:51:35.532403,0.10,-0.33,0.83,-32.78,15.81,-12.57,-26.73,82.23,-16.58,1
x,2022-10-14 19:51:35.552534,0.12,-0.31,0.84,-45.78,29.66,-9.09,-26.67,81.14,-17.97,1
x,2022-10-14 19:51:35.571628,0.09,-0.31,0.62,-22.83,-14.16,17.64,-26.67,81.14,-17.97,1
x,2022-10-14 19:51:35.590917,0.09,-0.17,1.00,-11.60,-32.41,21.85,-24.93,81.80,-16.05,1
x,2022-10-14 19:51:35.610381,0.07,-0.20,0.91,-5.74,-31.56,5.43,-24.93,81.80,-16.05,1
x,2022-10-14 19:51:35.630409,0.09,-0.07,0.88,-2.56,-45.59,-0.98,-24.93,81.80,-16.05,1
x,2022-10-14 19:51:35.648792,0.05,-0.02,1.01,-7.02,-28.69,-11.05,-23.61,83.26,-10.41,1
x,2022-10-14 19:51:35.668144,0.08,-0.15,1.19,21.73,-47.67,-21.00,-23.61,83.26,-10.41,1
x,2022-10-14 19:51:35.689035,0.06,-0.09,1.18,15.93,-29.66,-20.39,-24.79,82.56,-8.58,1
x,2022-10-14 19:51:35.708391,0.10,-0.26,1.11,35.58,-13.61,-16.78,-24.79,82.56,-8.58,1
x,2022-10-14 19:51:35.728173,0.12,-0.40,1.00,36.80,-6.90,2.75,-24.79,82.56,-8.58,1
x,2022-10-14 19:51:35.746839,0.10,-0.40,0.97,39.79,-6.10,10.50,-28.22,81.31,-6.40,1
x,2022-10-14 19:51:35.765902,0.07,-0.45,0.92,29.79,-5.00,7.14,-28.22,81.31,-6.40,1
x,2022-10-14 19:51:35.786765,0.07,-0.48,0.89,13.06,-3.42,-2.20,-28.82,81.65,-6.13,1
x,2022-10-14 19:51:35.805113,0.05,-0.43,0.90,-3.60,-1.83,-30.70,-28.82,81.65,-6.13,1
x,2022-10-14 19:51:35.824466,0.06,-0.40,0.89,-20.57,0.12,-24.72,-28.82,81.65,-6.13,1
x,2022-10-14 19:51:35.845015,0.04,-0.30,0.93,-24.78,0.06,-23.19,-29.43,80.97,-6.86,1
x,2022-10-14 19:51:35.867167,0.03,-0.25,0.95,-16.85,-1.95,-9.64,-29.43,80.97,-6.86,1
x,2022-10-14 19:51:35.885836,-0.17,-0.32,1.15,-9.16,2.32,5.74,-29.05,80.30,-7.39,1
x,2022-10-14 19:51:35.905516,-0.36,-0.24,1.05,-7.14,37.11,51.33,-29.05,80.30,-7.39,1
x,2022-10-14 19:51:35.925187,-0.22,-0.17,1.20,37.66,40.41,67.08,-29.05,80.30,-7.39,1
x,2022-10-14 19:51:35.944911,-0.15,-0.15,1.08,52.49,53.34,70.92,-23.89,77.53,-10.31,1
x,2022-10-14 19:51:35.962914,-0.06,-0.18,1.09,77.33,56.95,74.95,-23.89,77.53,-10.31,1
x,2022-10-14 19:51:35.982053,0.15,-0.20,0.93,82.95,64.58,65.92,-23.89,77.53,-10.31,1
x,2022-10-14 19:51:36.001436,0.31,-0.22,0.78,76.29,66.83,52.55,-18.18,72.96,-13.24,1
x,2022-10-14 19:51:36.019993,0.48,-0.22,0.63,52.19,54.02,16.97,-18.18,72.96,-13.24,1
x,2022-10-14 19:51:36.038449,0.57,-0.33,0.54,14.59,44.86,-10.86,-15.71,70.70,-16.26,1
x,2022-10-14 19:51:36.059065,0.53,-0.38,0.63,-6.59,29.36,-33.87,-15.71,70.70,-16.26,1
x,2022-10-14 19:51:36.077720,0.46,-0.45,0.64,-15.32,17.52,-43.88,-15.71,70.70,-16.26,1
x,2022-10-14 19:51:36.098068,0.39,-0.42,0.74,-21.42,0.79,-44.13,-17.41,68.52,-16.98,1
x,2022-10-14 19:51:36.116201,0.29,-0.42,0.82,-21.91,-3.85,-45.04,-17.41,68.52,-16.98,1
x,2022-10-14 19:51:36.135938,0.24,-0.51,0.80,-15.08,-7.45,-36.19,-21.46,67.20,-19.24,1
x,2022-10-14 19:51:36.154071,0.19,-0.53,0.79,-8.36,-9.83,-28.08,-21.46,67.20,-19.24,1
x,2022-10-14 19:51:36.177462,0.16,-0.53,0.83,-9.16,-11.66,-22.89,-21.46,67.20,-19.24,1
x,2022-10-14 19:51:36.197708,0.17,-0.53,0.84,-6.59,-8.06,-16.72,-23.33,66.71,-19.58,1
x,2022-10-14 19:51:36.216878,0.26,-0.50,0.77,-9.09,-8.06,-14.34,-23.33,66.71,-19.58,1
x,2022-10-14 19:51:36.237950,0.24,-0.49,0.80,-18.98,-14.59,-14.16,-26.57,66.25,-19.31,1
x,2022-10-14 19:51:36.257466,0.24,-0.50,0.81,-19.84,-16.48,-11.17,-26.57,66.25,-19.31,1
x,2022-10-14 19:51:36.274408,0.25,-0.50,0.80,-20.14,-17.82,-6.10,-26.57,66.25,-19.31,1
x,2022-10-14 19:51:36.294087,0.26,-0.46,0.78,-24.84,-16.42,-7.45,-28.88,66.50,-20.30,1
x,2022-10-14 19:51:36.313001,0.29,-0.41,0.71,-28.93,-19.59,-7.63,-28.88,66.50,-20.30,1
x,2022-10-14 19:51:36.330893,0.23,-0.35,0.82,-37.48,-28.44,-10.74,-28.88,66.50,-20.30,1
x,2022-10-14 19:51:36.351063,0.13,-0.29,0.97,-57.80,-18.43,-24.66,-32.95,68.37,-20.64,1
x,2022-10-14 19:51:36.370412,0.04,-0.30,1.04,-54.08,-11.72,-23.93,-32.95,68.37,-20.64,1
x,2022-10-14 19:51:36.393840,-0.73,-0.30,1.42,-35.16,-10.56,-19.71,-38.88,69.06,-22.17,1
x,2022-10-14 19:51:36.411978,0.07,-0.22,0.97,19.90,0.98,29.11,-38.88,69.06,-22.17,1
x,2022-10-14 19:51:36.432191,0.13,-0.21,0.89,4.09,-8.24,12.51,-38.88,69.06,-22.17,1
x,2022-10-14 19:51:36.450615,0.07,-0.14,0.73,-34.55,35.40,2.87,-38.20,70.41,-22.08,1
x,2022-10-14 19:51:36.470126,0.11,-0.19,1.00,-4.03,9.77,-6.04,-38.20,70.41,-22.08,1
x,2022-10-14 19:51:36.490627,0.09,-0.20,0.81,-6.47,21.67,-12.33,-36.23,69.35,-25.70,1
x,2022-10-14 19:51:36.508677,0.10,-0.24,0.82,16.91,0.61,-4.76,-36.23,69.35,-25.70,1
x,2022-10-14 19:51:36.527937,0.02,-0.11,0.92,14.59,5.80,-12.27,-36.23,69.35,-25.70,1
x,2022-10-14 19:51:36.549163,0.07,-0.21,0.74,18.25,12.63,-25.02,-37.02,68.07,-24.55,1
x,2022-10-14 19:51:36.567910,0.11,-0.44,0.63,35.95,-6.59,-21.12,-37.02,68.07,-24.55,1
x,2022-10-14 19:51:36.588447,0.16,-0.59,0.76,38.88,-18.74,-11.11,-38.18,64.49,-21.62,1
x,2022-10-14 19:51:36.606848,0.11,-0.62,0.62,29.54,-29.91,0.73,-38.18,64.49,-21.62,1
x,2022-10-14 19:51:36.627738,0.17,-0.60,0.89,24.29,-45.96,9.64,-38.18,64.49,-21.62,1
x,2022-10-14 19:51:36.648120,0.13,-0.56,0.72,-1.22,-35.89,12.51,-39.26,63.43,-16.76,1
x,2022-10-14 19:51:36.665917,0.14,-0.54,0.49,-18.62,-39.25,14.59,-39.26,63.43,-16.76,1
x,2022-10-14 19:51:36.685337,0.09,-0.33,1.38,-20.08,-56.46,14.34,-40.30,63.93,-13.16,1
x,2022-10-14 19:51:36.704331,0.07,-0.24,1.24,-21.79,-17.33,-3.17,-40.30,63.93,-13.16,1
x,2022-10-14 19:51:36.723041,0.04,-0.10,1.34,-13.12,-7.20,-5.00,-40.30,63.93,-13.16,1
x,2022-10-14 19:51:36.742284,0.09,-0.26,1.04,1.95,-2.75,-7.69,-40.88,64.05,-12.22,1
x,2022-10-14 19:51:36.761415,0.08,-0.29,1.03,18.98,-18.92,-1.28,-40.88,64.05,-12.22,1
x,2022-10-14 19:51:36.782230,0.03,-0.19,1.13,-3.11,42.48,-8.06,-40.87,64.04,-12.83,1
x,2022-10-14 19:51:36.800853,0.09,-0.25,1.08,6.35,49.80,-17.21,-40.87,64.04,-12.83,1
x,2022-10-14 19:51:36.820945,0.11,-0.27,0.84,6.47,34.55,-21.18,-40.87,64.04,-12.83,1
x,2022-10-14 19:51:36.840351,0.12,-0.43,1.02,15.50,34.73,-15.93,-39.37,62.74,-16.85,1
x,2022-10-14 19:51:36.860940,0.07,-0.42,0.70,-2.56,50.54,-17.40,-39.37,62.74,-16.85,1
x,2022-10-14 19:51:36.880803,0.12,-0.44,0.78,3.42,37.60,-14.28,-39.37,62.74,-16.85,1
x,2022-10-14 19:51:36.904154,0.11,-0.50,0.61,5.49,33.69,-9.89,-37.99,63.29,-20.73,1
x,2022-10-14 19:51:36.922400,0.06,-0.40,0.50,15.81,-5.25,3.60,-37.99,63.29,-20.73,1
x,2022-10-14 19:51:36.943255,0.09,-0.45,0.76,15.38,-14.71,-1.46,-37.99,64.75,-23.51,1
x,2022-10-14 19:51:36.961840,0.12,-0.42,0.80,-20.02,11.78,-7.02,-37.99,64.75,-23.51,1
x,2022-10-14 19:51:36.981918,0.13,-0.37,0.83,-34.00,24.17,-7.93,-38.67,63.87,-23.73,1
x,2022-10-14 19:51:37.000733,0.10,-0.53,0.32,-37.54,28.99,-4.58,-38.67,63.87,-23.73,1
x,2022-10-14 19:51:37.021205,0.15,-0.37,0.92,8.85,-63.42,30.40,-38.67,63.87,-23.73,1
x,2022-10-14 19:51:37.040157,0.07,-0.22,0.90,-12.63,-32.84,19.47,-38.90,64.32,-21.34,1
x,2022-10-14 19:51:37.059833,0.07,-0.24,0.91,-12.33,-35.46,-0.55,-38.90,64.32,-21.34,1
x,2022-10-14 19:51:37.078366,0.10,-0.14,1.19,-17.52,-23.80,-13.92,-38.90,64.32,-21.34,1
x,2022-10-14 19:51:37.098021,0.07,-0.06,0.92,-12.02,-12.76,-22.22,-39.88,61.60,-17.25,1
x,2022-10-14 19:51:37.116321,0.12,-0.23,1.10,16.11,-22.89,-16.24,-39.88,61.60,-17.25,1
x,2022-10-14 19:51:37.136419,0.12,-0.30,1.06,31.07,-19.41,-9.09,-39.75,58.31,-13.05,1
x,2022-10-14 19:51:37.155677,0.11,-0.39,0.99,40.83,-16.36,-4.76,-39.75,58.31,-13.05,1
x,2022-10-14 19:51:37.173842,0.12,-0.51,0.96,35.71,-9.22,-0.73,-39.75,58.31,-13.05,1
x,2022-10-14 19:51:37.194571,0.12,-0.61,0.86,28.14,-6.35,0.49,-39.28,56.59,-9.89,1
x,2022-10-14 19:51:37.212979,0.08,-0.55,0.87,14.83,-5.43,-0.98,-39.28,56.59,-9.89,1
x,2022-10-14 19:51:37.233973,0.07,-0.48,0.88,-2.20,-3.30,-16.42,-39.99,56.92,-9.17,1
x,2022-10-14 19:51:37.253183,0.06,-0.43,0.88,-9.52,-1.95,-23.93,-39.99,56.92,-9.17,1
x,2022-10-14 19:51:37.272552,0.05,-0.40,0.88,-14.10,-0.18,-25.39,-39.99,56.92,-9.17,1
x,2022-10-14 19:51:37.292282,0.04,-0.32,0.91,-14.04,0.73,-15.44,-40.15,56.15,-11.32,1
x,2022-10-14 19:51:37.311523,-0.02,-0.33,0.96,-8.00,0.92,-3.11,-40.15,56.15,-11.32,1
x,2022-10-14 19:51:37.331892,-0.20,-0.53,1.31,0.18,29.11,34.55,-39.51,57.14,-11.04,1
x,2022-10-14 19:51:37.350018,-0.24,-0.35,1.11,36.62,30.46,63.48,-39.51,57.14,-11.04,1
x,2022-10-14 19:51:37.368786,-0.16,-0.27,1.07,56.09,34.48,78.80,-39.51,57.14,-11.04,1
x,2022-10-14 19:51:37.388051,-0.03,-0.23,1.07,69.40,39.25,80.63,-32.34,61.16,-12.57,1
x,2022-10-14 19:51:37.406837,0.14,-0.31,0.97,66.89,56.34,61.28,-32.34,61.16,-12.57,1
x,2022-10-14 19:51:37.424837,0.26,-0.33,0.92,63.17,67.38,47.30,-32.34,61.16,-12.57,1
x,2022-10-14 19:51:37.444301,0.35,-0.29,0.72,44.25,78.37,31.31,-24.13,62.88,-16.05,1
x,2022-10-14 19:51:37.463479,0.51,-0.31,0.53,31.86,57.98,-0.18,-24.13,62.88,-16.05,1
x,2022-10-14 19:51:37.483081,0.54,-0.38,0.60,13.67,35.58,-24.05,-20.56,61.94,-16.98,1
x,2022-10-14 19:51:37.501034,0.46,-0.48,0.63,0.55,23.62,-41.81,-20.56,61.94,-16.98,1
x,2022-10-14 19:51:37.520836,0.40,-0.55,0.66,-5.25,6.41,-43.88,-20.56,61.94,-16.98,1
x,2022-10-14 19:51:37.541476,0.32,-0.61,0.70,-8.91,1.77,-39.86,-22.06,59.67,-17.16,1
x,2022-10-14 19:51:37.560408,0.31,-0.64,0.70,-8.48,-5.49,-30.40,-22.06,59.67,-17.16,1
x,2022-10-14 19:51:37.580055,0.25,-0.58,0.79,-11.11,-11.84,-19.96,-25.05,58.28,-18.65,1
x,2022-10-14 19:51:37.598894,0.23,-0.57,0.77,-10.25,-10.99,-17.21,-25.05,58.28,-18.65,1
x,2022-10-14 19:51:37.619235,0.22,-0.55,0.80,-8.36,-12.02,-14.47,-25.05,58.28,-18.65,1
x,2022-10-14 19:51:37.639433,0.20,-0.60,0.76,-12.33,-9.58,-13.92,-26.90,57.17,-18.15,1
x,2022-10-14 19:51:37.657708,0.21,-0.59,0.74,-14.95,-13.55,-8.06,-26.90,57.17,-18.15,1
x,2022-10-14 19:51:37.677276,0.19,-0.52,0.84,-17.33,-16.66,-5.86,-26.90,57.17,-18.15,1
x,2022-10-14 19:51:37.698230,0.18,-0.53,0.85,-21.61,-8.85,-8.24,-29.53,57.78,-19.20,1
x,2022-10-14 19:51:37.716991,0.21,-0.54,0.79,-23.01,-7.57,-6.41,-29.53,57.78,-19.20,1
x,2022-10-14 19:51:37.738646,0.21,-0.50,0.81,-23.44,-13.00,-1.10,-32.06,57.74,-17.99,1
x,2022-10-14 19:51:37.760095,0.21,-0.50,0.82,-22.34,-17.40,3.36,-32.06,57.74,-17.99,1
x,2022-10-14 19:51:37.777759,0.23,-0.36,0.84,-28.44,-20.14,0.55,-32.06,57.74,-17.99,1
x,2022-10-14 19:51:37.798473,0.21,-0.28,0.88,-30.88,-19.53,-12.15,-34.85,58.47,-18.32,1
x,2022-10-14 19:51:37.817550,0.17,-0.34,0.94,-30.21,-16.05,-24.11,-34.85,58.47,-18.32,1
x,2022-10-14 19:51:37.838511,0.10,-0.27,0.91,-28.38,-7.20,-24.78,-39.55,58.62,-20.28,1
x,2022-10-14 19:51:37.858649,-0.03,-0.24,1.22,9.09,-22.34,-13.37,-39.55,58.62,-20.28,1
x,2022-10-14 19:51:37.878257,0.03,-0.07,0.93,3.97,20.39,22.64,-39.55,58.62,-20.28,1
x,2022-10-14 19:51:37.897845,0.14,-0.29,0.93,11.78,19.23,0.61,-40.89,59.06,-19.51,1
x,2022-10-14 19:51:37.917628,0.12,-0.30,0.80,11.54,24.60,-15.69,-40.89,59.06,-19.51,1
x,2022-10-14 19:51:37.938522,0.12,-0.41,0.73,21.48,17.64,-18.68,-40.55,58.69,-21.86,1
x,2022-10-14 19:51:37.955639,0.10,-0.47,0.65,22.03,13.12,-13.73,-40.55,58.69,-21.86,1
x,2022-10-14 19:51:37.973591,0.09,-0.40,0.67,14.71,3.78,-9.89,-40.55,58.69,-21.86,1
x,2022-10-14 19:51:37.993515,0.10,-0.38,0.68,22.34,-2.75,-14.10,-40.32,56.23,-22.74,1
x,2022-10-14 19:51:38.012411,0.12,-0.50,0.66,32.71,-13.24,-15.20,-40.32,56.23,-22.74,1
x,2022-10-14 19:51:38.032887,0.11,-0.56,0.65,39.98,-32.04,-11.90,-39.90,53.47,-20.42,1
x,2022-10-14 19:51:38.051928,0.15,-0.66,0.76,40.10,-41.99,-8.12,-39.90,53.47,-20.42,1
x,2022-10-14 19:51:38.070502,0.14,-0.68,0.80,15.26,-30.64,-3.78,-39.90,53.47,-20.42,1
x,2022-10-14 19:51:38.090502,0.15,-0.67,0.67,11.90,-53.04,-0.67,-39.20,51.70,-15.01,1
x,2022-10-14 19:51:38.108652,0.15,-0.63,0.70,-1.34,-49.74,0.31,-39.20,51.70,-15.01,1
x,2022-10-14 19:51:38.128199,0.12,-0.63,0.92,-3.48,-58.72,3.36,-39.20,51.70,-15.01,1
x,2022-10-14 19:51:38.150149,0.10,-0.55,0.96,-19.41,-44.49,4.76,-38.98,51.64,-7.29,1
x,2022-10-14 19:51:38.169237,0.05,-0.38,1.24,-23.86,-22.22,0.06,-38.98,51.64,-7.29,1
x,2022-10-14 19:51:38.190266,0.07,-0.37,1.04,-20.81,5.98,-9.40,-38.35,51.38,-5.07,1
x,2022-10-14 19:51:38.209011,0.07,-0.42,1.01,7.39,-13.12,-1.95,-38.35,51.38,-5.07,1
x,2022-10-14 19:51:38.228389,-0.00,-0.25,1.21,-11.78,25.94,13.92,-39.49,52.28,-7.45,1
x,2022-10-14 19:51:38.246666,0.06,-0.36,1.08,2.56,37.29,-5.19,-39.49,52.28,-7.45,1
x,2022-10-14 19:51:38.266781,0.08,-0.32,1.04,0.37,51.88,-13.43,-39.49,52.28,-7.45,1
x,2022-10-14 19:51:38.286328,0.09,-0.46,0.73,8.61,53.28,-23.19,-38.65,51.23,-14.05,1
x,2022-10-14 19:51:38.305422,0.14,-0.48,1.04,3.78,57.31,-22.09,-38.65,51.23,-14.05,1
x,2022-10-14 19:51:38.324044,0.11,-0.50,0.69,-9.03,71.78,-25.09,-38.65,51.23,-14.05,1
x,2022-10-14 19:51:38.345973,0.07,-0.65,0.51,3.23,52.61,-19.29,-36.94,48.25,-20.02,1
x,2022-10-14 19:51:38.367344,0.11,-0.67,0.45,2.75,12.21,0.00,-36.94,48.25,-20.02,1
x,2022-10-14 19:51:38.385844,0.09,-0.54,0.69,0.98,-17.52,0.49,-35.93,48.00,-23.21,1
x,2022-10-14 19:51:38.404068,0.11,-0.55,0.74,-7.32,-1.46,-5.55,-35.93,48.00,-23.21,1
x,2022-10-14 19:51:38.424908,0.11,-0.51,0.76,-26.86,12.27,-8.61,-35.93,48.00,-23.21,1
x,2022-10-14 19:51:38.444130,0.14,-0.56,0.70,-34.79,19.29,-0.18,-35.63,47.51,-22.66,1
x,2022-10-14 19:51:38.463501,0.15,-0.52,0.63,-2.01,-43.64,34.67,-35.63,47.51,-22.66,1
x,2022-10-14 19:51:38.484508,0.07,-0.31,0.90,-12.63,-32.96,26.67,-37.34,49.93,-20.54,1
x,2022-10-14 19:51:38.503196,0.07,-0.22,0.92,-15.14,-28.81,0.00,-37.34,49.93,-20.54,1
x,2022-10-14 19:51:38.523131,0.05,-0.12,0.81,-17.03,-23.38,-17.33,-37.34,49.93,-20.54,1
x,2022-10-14 19:51:38.543063,0.13,-0.20,1.03,0.55,-15.44,-26.43,-38.87,49.58,-17.05,1
x,2022-10-14 19:51:38.562120,0.12,-0.30,1.06,24.35,-21.79,-24.72,-38.87,49.58,-17.05,1
x,2022-10-14 19:51:38.586011,0.12,-0.43,1.04,36.80,-17.76,-22.03,-36.19,46.95,-11.73,1
x,2022-10-14 19:51:38.604576,0.16,-0.64,0.97,46.20,-8.24,-6.53,-36.19,46.95,-11.73,1
x,2022-10-14 19:51:38.623688,0.14,-0.64,0.92,47.85,-6.77,9.83,-36.19,46.95,-11.73,1
x,2022-10-14 19:51:38.643325,0.08,-0.58,0.85,43.40,-6.59,11.17,-34.39,45.61,-10.40,1
x,2022-10-14 19:51:38.662458,0.07,-0.61,0.82,32.29,-2.50,-3.42,-34.39,45.61,-10.40,1
x,2022-10-14 19:51:38.681639,0.08,-0.63,0.80,19.47,4.03,-17.09,-32.92,45.35,-10.39,1
x,2022-10-14 19:51:38.700088,0.09,-0.63,0.76,6.77,6.53,-19.96,-32.92,45.35,-10.39,1
x,2022-10-14 19:51:38.719183,0.08,-0.60,0.77,6.77,4.15,-15.50,-32.92,45.35,-10.39,1
x,2022-10-14 19:51:38.739087,0.06,-0.56,0.79,4.88,4.52,-13.92,-33.39,44.89,-11.15,1
x,2022-10-14 19:51:38.760063,0.07,-0.54,0.81,-9.34,9.22,-13.55,-33.39,44.89,-11.15,1
x,2022-10-14 19:51:38.780323,0.06,-0.51,0.82,-14.89,10.68,-10.19,-33.52,44.75,-11.66,1
x,2022-10-14 19:51:38.800277,0.01,-0.54,0.82,-17.03,15.75,-1.89,-33.52,44.75,-11.66,1
x,2022-10-14 19:51:38.819590,-0.19,-0.79,1.09,-22.16,32.29,7.57,-33.52,44.75,-11.66,1
x,2022-10-14 19:51:38.838666,-0.29,-0.55,0.68,-25.02,67.99,59.88,-32.52,45.50,-13.15,1
x,2022-10-14 19:51:38.856032,-0.01,-0.61,0.79,43.09,32.04,72.08,-32.52,45.50,-13.15,1
x,2022-10-14 19:51:38.873985,0.11,-0.70,0.67,39.31,37.29,65.73,-32.52,45.50,-13.15,1
x,2022-10-14 19:51:38.893069,0.16,-0.82,0.60,29.42,36.68,56.95,-26.92,50.04,-13.49,1
x,2022-10-14 19:51:38.912327,0.21,-0.90,0.53,22.83,34.18,60.24,-26.92,50.04,-13.49,1
x,2022-10-14 19:51:38.932826,0.33,-0.81,0.46,7.57,26.98,69.95,-21.56,54.71,-14.17,1
x,2022-10-14 19:51:38.952652,0.44,-0.76,0.43,-7.51,19.10,65.43,-21.56,54.71,-14.17,1
x,2022-10-14 19:51:38.971900,0.44,-0.74,0.43,-31.98,-2.50,48.71,-21.56,54.71,-14.17,1
x,2022-10-14 19:51:38.993489,0.33,-0.70,0.56,-40.59,-10.99,43.46,-18.53,57.84,-14.33,1
x,2022-10-14 19:51:39.012122,0.31,-0.65,0.54,-37.72,-22.34,48.58,-18.53,57.84,-14.33,1
x,2022-10-14 19:51:39.035916,0.36,-0.57,0.64,-34.79,-28.56,54.38,-15.33,59.80,-13.45,1
x,2022-10-14 19:51:39.054867,0.34,-0.48,0.69,-41.44,-36.87,50.90,-15.33,59.80,-13.45,1
x,2022-10-14 19:51:39.072941,0.29,-0.43,0.72,-41.93,-39.86,50.42,-15.33,59.80,-13.45,1
x,2022-10-14 19:51:39.091835,0.31,-0.33,0.75,-38.82,-41.75,53.16,-9.28,62.81,-10.05,1
x,2022-10-14 19:51:39.110838,0.32,-0.27,0.84,-41.08,-42.91,44.37,-9.28,62.81,-10.05,1
x,2022-10-14 19:51:39.132226,0.27,-0.26,0.88,-51.33,-41.50,37.48,-0.10,60.67,-6.23,1
x,2022-10-14 19:51:39.151236,0.24,-0.21,0.93,-50.48,-41.50,38.57,-0.10,60.67,-6.23,1
x,2022-10-14 19:51:39.169926,0.22,-0.02,0.95,-45.17,-40.28,36.19,-0.10,60.67,-6.23,1
x,2022-10-14 19:51:39.189654,0.22,0.03,0.99,-49.13,-36.99,20.57,7.95,53.36,-7.09,1
x,2022-10-14 19:51:39.209193,0.21,-0.02,1.05,-51.15,-31.62,6.10,7.95,53.36,-7.09,1
x,2022-10-14 19:51:39.228586,0.20,-0.07,1.00,-39.37,-24.35,10.74,11.41,45.01,-7.43,1
x,2022-10-14 19:51:39.246410,0.25,0.02,0.96,-29.36,-27.40,19.29,11.41,45.01,-7.43,1
x,2022-10-14 19:51:39.264720,0.25,0.05,0.94,-30.76,-30.40,12.88,11.41,45.01,-7.43,1
x,2022-10-14 19:51:39.287002,0.24,0.05,1.03,-38.64,-31.13,-3.91,12.05,38.60,-9.19,1
x,2022-10-14 19:51:39.305317,0.20,0.08,1.06,-51.51,-20.75,-13.00,12.05,38.60,-9.19,1
x,2022-10-14 19:51:39.323837,0.15,0.11,1.09,-54.81,-17.58,-18.37,12.05,38.60,-9.19,1
x,2022-10-14 19:51:39.342812,0.13,0.12,1.09,-39.31,-16.97,-17.88,11.21,32.63,-9.01,1
x,2022-10-14 19:51:39.362544,0.07,0.03,1.10,-25.51,-19.04,-11.84,11.21,32.63,-9.01,1
x,2022-10-14 19:51:39.381259,0.04,0.07,1.13,-15.93,-18.31,-5.43,10.56,28.23,-10.64,1
x,2022-10-14 19:51:39.402750,0.04,0.05,1.12,-12.70,-10.86,-15.38,10.56,28.23,-10.64,1
x,2022-10-14 19:51:39.422428,0.03,-0.06,1.08,-12.27,-3.85,-19.84,10.56,28.23,-10.64,1
x,2022-10-14 19:51:39.442848,0.03,-0.04,1.09,-12.51,0.85,-14.16,10.71,24.18,-9.48,1
x,2022-10-14 19:51:39.460837,0.09,-0.02,0.96,-6.77,-0.18,-13.61,10.71,24.18,-9.48,1
x,2022-10-14 19:51:39.479910,0.10,-0.09,0.94,-6.04,-5.07,-18.68,10.29,21.63,-10.73,1
x,2022-10-14 19:51:39.498834,0.12,-0.09,0.98,-16.24,-6.59,-20.57,10.29,21.63,-10.73,1
x,2022-10-14 19:51:39.519041,0.10,-0.12,0.94,-15.63,-7.81,-17.52,10.29,21.63,-10.73,1
x,2022-10-14 19:51:39.540073,0.10,-0.08,0.94,-11.54,-11.66,-8.48,12.13,19.54,-9.90,1
x,2022-10-14 19:51:39.558511,0.05,0.13,1.00,-30.21,-9.83,-21.67,12.13,19.54,-9.90,1
x,2022-10-14 19:51:39.579570,-0.78,-0.64,1.70,-20.02,-8.06,-27.34,13.55,16.54,-8.89,1
x,2022-10-14 19:51:39.598084,0.10,-0.12,0.91,35.16,-18.19,14.10,13.55,16.54,-8.89,1
x,2022-10-14 19:51:39.616450,0.10,-0.09,0.91,11.60,-11.23,13.31,13.55,16.54,-8.89,1
x,2022-10-14 19:51:39.636947,0.01,0.04,0.99,-5.68,11.11,-9.03,14.22,16.28,-9.03,1
x,2022-10-14 19:51:39.655919,0.03,0.03,0.86,-3.42,26.25,-34.36,14.22,16.28,-9.03,1
x,2022-10-14 19:51:39.675626,0.08,-0.02,0.83,15.01,18.74,-39.55,14.22,16.28,-9.03,1
x,2022-10-14 19:51:39.694444,0.11,-0.11,0.75,37.84,6.10,-36.56,16.55,18.08,-7.41,1
x,2022-10-14 19:51:39.714329,0.13,-0.26,0.74,51.21,-11.90,-19.04,16.55,18.08,-7.41,1
x,2022-10-14 19:51:39.733986,0.15,-0.41,0.73,46.14,-23.86,-8.18,17.66,19.69,-9.91,1
x,2022-10-14 19:51:39.753377,0.15,-0.38,0.76,27.28,-30.46,3.54,17.66,19.69,-9.91,1
x,2022-10-14 19:51:39.771529,0.10,-0.32,0.94,13.43,-48.95,12.27,17.66,19.69,-9.91,1
x,2022-10-14 19:51:39.792381,0.09,-0.28,0.93,5.13,-49.56,13.98,15.95,19.35,-10.53,1
x,2022-10-14 19:51:39.813672,0.07,-0.27,1.17,13.43,-64.33,23.50,15.95,19.35,-10.53,1
x,2022-10-14 19:51:39.832044,0.02,-0.02,1.30,-2.50,-39.43,25.21,11.04,18.93,-12.45,1
x,2022-10-14 19:51:39.852486,-0.01,0.16,1.28,-30.46,17.82,-4.82,11.04,18.93,-12.45,1
x,2022-10-14 19:51:39.871901,0.06,-0.05,1.07,0.06,0.67,-3.54,11.04,18.93,-12.45,1
x,2022-10-14 19:51:39.892805,0.05,-0.05,1.06,16.66,-17.21,9.09,10.18,19.54,-13.17,1
x,2022-10-14 19:51:39.910670,-0.10,0.08,1.58,27.40,-18.25,5.86,10.18,19.54,-13.17,1
x,2022-10-14 19:51:39.930065,-0.07,0.10,1.24,-3.60,60.55,-27.16,12.43,18.69,-11.99,1
x,2022-10-14 19:51:39.949396,0.09,-0.02,1.05,-1.83,66.71,-45.23,12.43,18.69,-11.99,1
x,2022-10-14 19:51:39.968630,0.13,-0.19,0.72,19.35,29.66,-28.26,12.43,18.69,-11.99,1
x,2022-10-14 19:51:39.988333,0.10,-0.10,1.20,13.67,39.98,-18.31,18.40,20.51,-9.07,1
x,2022-10-14 19:51:40.006446,0.12,-0.24,0.83,6.23,55.11,-21.97,18.40,20.51,-9.07,1
x,2022-10-14 19:51:40.027076,0.11,-0.39,0.71,12.27,34.61,-8.12,21.69,24.16,-5.55,1
x,2022-10-14 19:51:40.050879,0.13,-0.37,0.92,12.33,8.73,1.59,21.69,24.16,-5.55,1
x,2022-10-14 19:51:40.068417,0.10,-0.47,0.29,4.58,-5.62,7.63,21.69,24.16,-5.55,1
x,2022-10-14 19:51:40.088666,0.08,-0.29,0.83,-4.76,-11.72,0.06,22.66,25.96,-4.39,1
x,2022-10-14 19:51:40.108704,0.08,-0.26,0.84,-37.66,13.49,-12.88,22.66,25.96,-4.39,1
x,2022-10-14 19:51:40.127838,0.12,-0.17,0.88,-50.05,25.21,-14.22,21.40,26.10,-5.27,1
x,2022-10-14 19:51:40.145693,0.08,-0.32,0.23,-32.96,-1.83,10.74,21.40,26.10,-5.27,1
x,2022-10-14 19:51:40.163510,0.10,-0.22,0.71,-14.95,-35.52,25.88,21.40,26.10,-5.27,1
x,2022-10-14 19:51:40.182631,0.04,-0.25,0.71,-1.71,-68.30,30.88,20.51,23.46,-6.73,1
x,2022-10-14 19:51:40.204568,0.01,0.16,1.23,-20.75,-47.49,21.06,20.51,23.46,-6.73,1
x,2022-10-14 19:51:40.218533,0.02,0.11,1.21,-19.78,-22.09,-1.65,20.51,23.46,-6.73,1
x,2022-10-14 19:51:40.238594,0.01,0.07,1.02,-10.07,-19.84,-10.56,18.41,21.74,-8.74,1
x,2022-10-14 19:51:40.257156,0.01,0.13,1.15,6.23,-26.43,-15.32,18.41,21.74,-8.74,1
x,2022-10-14 19:51:40.276818,-0.05,0.17,1.04,23.25,-29.05,-19.47,18.70,22.03,-7.91,1
x,2022-10-14 19:51:40.295339,0.09,-0.14,1.15,43.88,-31.74,-24.60,18.70,22.03,-7.91,1
x,2022-10-14 19:51:40.313838,0.08,-0.23,1.07,41.44,-15.08,-6.65,18.70,22.03,-7.91,1
x,2022-10-14 19:51:40.332608,0.03,-0.22,1.04,45.53,-10.62,-0.61,22.08,23.57,-9.02,1
x,2022-10-14 19:51:40.351566,0.07,-0.35,0.95,37.05,-1.59,-3.42,22.08,23.57,-9.02,1
x,2022-10-14 19:51:40.373449,0.10,-0.45,0.87,21.36,-0.37,-1.22,22.08,23.57,-9.02,1
x,2022-10-14 19:51:40.393764,0.04,-0.40,0.89,-5.31,-2.38,0.18,23.88,25.37,-7.26,1
x,2022-10-14 19:51:40.412560,0.01,-0.25,0.94,-24.66,0.79,-7.93,23.88,25.37,-7.26,1
x,2022-10-14 19:51:40.435738,-0.09,-0.06,1.07,-39.98,1.65,-10.01,23.23,25.43,-6.85,1
x,2022-10-14 19:51:40.453897,-0.34,-0.19,1.36,-37.84,20.69,-1.77,23.23,25.43,-6.85,1
x,2022-10-14 19:51:40.472780,-0.30,-0.05,1.23,23.25,33.87,58.41,23.23,25.43,-6.85,1
x,2022-10-14 19:51:40.493588,-0.13,0.04,1.15,55.36,37.41,76.78,21.36,27.59,-6.46,1
x,2022-10-14 19:51:40.512212,-0.05,0.01,1.10,68.48,46.45,65.12,21.36,27.59,-6.46,1
x,2022-10-14 19:51:40.531411,0.10,-0.05,0.96,68.05,52.55,53.22,18.02,33.20,-5.19,1
x,2022-10-14 19:51:40.550544,0.21,-0.08,0.85,62.38,56.34,36.99,18.02,33.20,-5.19,1
x,2022-10-14 19:51:40.568301,0.32,-0.14,0.74,34.73,46.14,14.47,18.02,33.20,-5.19,1
x,2022-10-14 19:51:40.588562,0.41,-0.16,0.68,32.10,37.90,-1.22,15.89,38.67,-2.76,1
x,2022-10-14 19:51:40.607174,0.43,-0.22,0.68,17.82,26.43,-17.88,15.89,38.67,-2.76,1
x,2022-10-14 19:51:40.625592,0.42,-0.25,0.69,4.15,16.48,-29.42,15.42,42.44,-2.54,1
x,2022-10-14 19:51:40.643659,0.37,-0.31,0.72,-6.65,3.05,-40.65,15.42,42.44,-2.54,1
x,2022-10-14 19:51:40.662558,0.35,-0.36,0.78,-13.00,-2.99,-41.32,15.42,42.44,-2.54,1
x,2022-10-14 19:51:40.684105,0.27,-0.42,0.78,-20.32,-11.35,-40.71,15.75,44.25,-1.10,1
x,2022-10-14 19:51:40.703804,0.17,-0.43,0.87,-28.32,-16.54,-36.56,15.75,44.25,-1.10,1
x,2022-10-14 19:51:40.723934,0.10,-0.41,0.93,-31.37,-17.09,-32.41,15.75,44.25,-1.10,1
x,2022-10-14 19:51:40.745879,0.06,-0.41,0.97,-27.47,-18.13,-18.80,17.09,45.19,1.68,1
x,2022-10-14 19:51:40.763461,0.06,-0.33,1.00,-16.17,-14.77,-9.95,17.09,45.19,1.68,1
x,2022-10-14 19:51:40.782481,0.08,-0.28,0.96,-13.12,-10.31,-5.86,18.27,45.84,1.77,1
x,2022-10-14 19:51:40.800912,0.12,-0.19,0.98,-10.74,-8.12,-5.92,18.27,45.84,1.77,1
x,2022-10-14 19:51:40.823632,0.12,-0.25,0.93,-12.33,-6.65,-7.20,18.27,45.84,1.77,1
x,2022-10-14 19:51:40.844125,0.12,-0.25,0.94,-7.08,-10.74,-1.04,19.18,45.20,2.26,1
x,2022-10-14 19:51:40.864236,0.09,-0.18,0.99,-9.83,-5.98,-4.76,19.18,45.20,2.26,1
x,2022-10-14 19:51:40.883336,0.10,-0.24,0.94,-10.56,-0.98,-10.50,20.46,44.96,2.55,1
x,2022-10-14 19:51:40.901997,0.09,-0.27,0.94,-11.78,-1.53,-6.41,20.46,44.96,2.55,1
x,2022-10-14 19:51:40.920671,0.09,-0.29,0.90,-11.29,-2.50,-1.04,20.46,44.96,2.55,1
x,2022-10-14 19:51:40.941021,0.12,-0.27,0.89,-11.35,-5.31,4.88,20.98,45.47,1.61,1
x,2022-10-14 19:51:40.963650,0.15,-0.15,0.92,-16.60,-7.93,2.81,20.98,45.47,1.61,1
x,2022-10-14 19:51:40.982309,0.14,-0.16,0.95,-19.71,-6.77,-7.45,22.69,43.62,1.40,1
x,2022-10-14 19:51:41.002976,0.13,-0.21,0.97,-19.96,-7.08,-4.64,22.69,43.62,1.40,1
x,2022-10-14 19:51:41.021856,0.12,-0.19,0.93,-16.54,-8.48,2.20,22.69,43.62,1.40,1
x,2022-10-14 19:51:41.042234,0.13,-0.06,0.98,-18.92,-11.05,4.88,24.34,42.68,1.98,1
x,2022-10-14 19:51:41.060917,-1.02,-0.40,1.67,-23.01,-7.45,-12.33,24.34,42.68,1.98,1
x,2022-10-14 19:51:41.081268,0.08,-0.04,0.99,20.08,-15.93,3.85,25.33,41.86,1.77,1
x,2022-10-14 19:51:41.100477,-0.04,0.27,1.11,-38.45,36.01,9.64,25.33,41.86,1.77,1
x,2022-10-14 19:51:41.117590,-0.02,0.04,0.86,-21.30,46.51,-20.08,25.33,41.86,1.77,1
x,2022-10-14 19:51:41.136742,0.02,0.01,0.91,0.31,29.60,-25.27,24.45,44.15,3.83,1
x,2022-10-14 19:51:41.155388,0.08,-0.13,0.72,21.85,20.81,-27.65,24.45,44.15,3.83,1
x,2022-10-14 19:51:41.174653,0.09,-0.26,0.62,27.95,9.77,-19.35,22.84,49.28,5.03,1
x,2022-10-14 19:51:41.194122,0.08,-0.31,0.60,29.72,-2.62,-11.54,22.84,49.28,5.03,1
x,2022-10-14 19:51:41.214530,0.11,-0.38,0.62,37.35,-26.37,-2.26,22.84,49.28,5.03,1
x,2022-10-14 19:51:41.233414,0.17,-0.50,0.96,33.63,-43.40,3.78,23.28,50.27,5.33,1
x,2022-10-14 19:51:41.252912,0.12,-0.42,0.77,1.77,-29.85,6.84,23.28,50.27,5.33,1
x,2022-10-14 19:51:41.273524,0.11,-0.30,0.98,-13.85,-27.89,7.87,24.50,45.85,4.28,1
x,2022-10-14 19:51:41.291574,0.14,-0.29,1.02,-12.94,-33.51,5.80,24.50,45.85,4.28,1
x,2022-10-14 19:51:41.309627,0.08,-0.18,1.23,-17.27,-31.68,6.59,24.50,45.85,4.28,1
x,2022-10-14 19:51:41.329787,0.08,-0.14,1.17,-22.77,-14.40,3.17,26.45,41.76,1.46,1
x,2022-10-14 19:51:41.347944,0.01,0.08,1.23,-19.10,-5.07,0.12,26.45,41.76,1.46,1
x,2022-10-14 19:51:41.367374,0.05,-0.01,1.09,-1.71,-4.21,-5.37,26.45,41.76,1.46,1
x,2022-10-14 19:51:41.386383,0.05,-0.06,1.05,26.00,-23.56,9.64,26.10,40.39,1.46,1
x,2022-10-14 19:51:41.406050,-0.00,-0.06,1.16,36.32,-28.87,16.36,26.10,40.39,1.46,1
x,2022-10-14 19:51:41.425047,-0.03,-0.02,1.28,26.00,6.65,-0.79,26.18,42.60,3.04,1
x,2022-10-14 19:51:41.443977,0.00,-0.13,1.03,27.83,33.81,-20.57,26.18,42.60,3.04,1
x,2022-10-14 19:51:41.464421,0.05,-0.21,1.00,28.81,33.26,-23.68,26.18,42.60,3.04,1
x,2022-10-14 19:51:41.484482,0.05,-0.30,0.95,15.20,47.91,-27.10,23.23,48.93,5.99,1
x,2022-10-14 19:51:41.503736,0.08,-0.38,0.84,25.94,24.66,-18.98,23.23,48.93,5.99,1
x,2022-10-14 19:51:41.522917,0.09,-0.39,0.70,13.73,28.56,-12.39,19.36,54.88,8.67,1
x,2022-10-14 19:51:41.542858,0.10,-0.47,0.53,8.30,8.00,-1.22,19.36,54.88,8.67,1
x,2022-10-14 19:51:41.561575,0.05,-0.37,0.80,8.18,-11.60,2.75,19.36,54.88,8.67,1
x,2022-10-14 19:51:41.580634,0.05,-0.33,0.83,-13.06,4.70,-6.53,18.86,55.82,7.97,1
x,2022-10-14 19:51:41.600128,0.07,-0.28,0.85,-43.09,25.63,-12.76,18.86,55.82,7.97,1
x,2022-10-14 19:51:41.620546,0.09,-0.19,0.89,-53.34,34.24,-10.38,18.86,55.82,7.97,1
x,2022-10-14 19:51:41.638918,0.06,-0.28,0.06,-45.96,28.38,0.12,18.55,55.41,8.03,1
x,2022-10-14 19:51:41.658121,0.07,-0.16,0.66,-0.98,-41.26,20.39,18.55,55.41,8.03,1
x,2022-10-14 19:51:41.677630,0.01,-0.08,0.88,12.08,-55.24,16.72,21.30,51.23,6.16,1
x,2022-10-14 19:51:41.697697,0.01,0.06,1.07,-2.38,-21.30,5.98,21.30,51.23,6.16,1
x,2022-10-14 19:51:41.716277,0.07,-0.05,1.18,27.71,-18.98,-8.36,21.30,51.23,6.16,1
x,2022-10-14 19:51:41.736099,0.06,-0.08,1.12,35.52,-15.20,-6.65,21.67,50.10,7.45,1
x,2022-10-14 19:51:41.754916,0.08,-0.20,1.14,45.17,-14.16,-5.19,21.67,50.10,7.45,1
x,2022-10-14 19:51:41.774413,0.09,-0.36,1.02,41.44,-4.58,-2.56,20.34,51.07,9.20,1
x,2022-10-14 19:51:41.793376,0.06,-0.34,1.09,22.52,6.41,-5.19,20.34,51.07,9.20,1
x,2022-10-14 19:51:41.813685,0.08,-0.34,1.06,0.06,24.66,-13.37,20.34,51.07,9.20,1
x,2022-10-14 19:51:41.832440,0.00,-0.34,1.08,-11.90,32.53,-12.27,16.87,54.30,9.66,1
x,2022-10-14 19:51:41.851904,-0.11,-0.39,1.08,-1.10,29.72,2.08,16.87,54.30,9.66,1
x,2022-10-14 19:51:41.870116,-0.08,-0.34,1.10,16.66,27.40,21.36,16.87,54.30,9.66,1
x,2022-10-14 19:51:41.890405,0.01,-0.27,1.01,30.27,32.90,34.67,12.63,56.31,11.34,1
x,2022-10-14 19:51:41.909100,0.09,-0.20,0.95,33.20,32.96,36.19,12.63,56.31,11.34,1
x,2022-10-14 19:51:41.928301,0.16,-0.18,0.89,35.34,30.09,31.13,9.23,57.07,9.02,1
x,2022-10-14 19:51:41.948362,0.23,-0.21,0.83,29.79,27.47,15.63,9.23,57.07,9.02,1
x,2022-10-14 19:51:41.967332,0.26,-0.20,0.81,18.31,26.55,2.56,9.23,57.07,9.02,1
x,2022-10-14 19:51:41.986150,0.28,-0.23,0.79,9.83,24.35,-7.93,4.47,57.75,6.10,1
x,2022-10-14 19:51:42.005486,0.31,-0.31,0.76,9.16,15.08,-10.93,4.47,57.75,6.10,1
x,2022-10-14 19:51:42.024369,0.34,-0.34,0.70,8.00,7.75,-9.28,1.43,60.00,5.71,1
x,2022-10-14 19:51:42.042316,0.34,-0.34,0.70,1.16,-0.85,-12.39,1.43,60.00,5.71,1
x,2022-10-14 19:51:42.061921,0.28,-0.37,0.75,-10.38,-9.40,-22.40,1.43,60.00,5.71,1
x,2022-10-14 19:51:42.083014,0.19,-0.44,0.79,-17.82,-10.86,-24.48,-1.81,62.11,7.41,1
x,2022-10-14 19:51:42.102090,0.16,-0.43,0.82,-20.57,-14.34,-20.94,-1.81,62.11,7.41,1
x,2022-10-14 19:51:42.124922,0.11,-0.38,0.89,-18.19,-17.70,-13.31,-3.08,64.18,7.62,1
x,2022-10-14 19:51:42.142462,0.10,-0.32,0.94,-17.21,-16.72,-11.23,-3.08,64.18,7.62,1
x,2022-10-14 19:51:42.161857,0.09,-0.27,1.00,-13.18,-10.31,-11.05,-3.08,64.18,7.62,1
x,2022-10-14 19:51:42.180198,0.11,-0.27,0.98,-6.41,-6.35,-6.77,-3.12,65.17,9.53,1
x,2022-10-14 19:51:42.198736,0.14,-0.25,0.91,0.12,-6.16,-3.30,-3.12,65.17,9.53,1
x,2022-10-14 19:51:42.217186,0.14,-0.27,0.92,-0.73,-7.14,-6.53,-3.12,65.17,9.53,1
x,2022-10-14 19:51:42.238623,0.14,-0.31,0.94,-4.94,-6.47,-8.97,-3.74,65.82,9.09,1
x,2022-10-14 19:51:42.257023,0.14,-0.30,0.94,-8.30,-4.21,-10.38,-3.74,65.82,9.09,1
x,2022-10-14 19:51:42.277514,0.13,-0.32,0.90,-7.57,-6.04,-7.81,-4.63,67.30,11.73,1
x,2022-10-14 19:51:42.295679,0.10,-0.28,0.92,-7.87,-8.61,-5.86,-4.63,67.30,11.73,1
x,2022-10-14 19:51:42.313671,0.10,-0.27,0.91,-9.95,-7.63,-9.64,-4.63,67.30,11.73,1
x,2022-10-14 19:51:42.333840,0.08,-0.34,0.93,-10.99,-7.93,-11.78,-5.07,68.26,12.21,1
x,2022-10-14 19:51:42.353930,0.07,-0.28,1.00,-10.93,-6.65,-3.23,-5.07,68.26,12.21,1
x,2022-10-14 19:51:42.375885,0.05,-0.25,0.97,-8.97,-1.83,-2.87,-5.90,70.24,12.01,1
x,2022-10-14 19:51:42.394551,0.11,-0.24,0.95,8.67,-4.46,3.11,-5.90,70.24,12.01,1
x,2022-10-14 19:51:42.412741,0.10,-0.27,0.93,9.70,-6.90,4.15,-5.90,70.24,12.01,1
x,2022-10-14 19:51:42.432198,0.10,-0.26,0.95,7.45,-7.51,5.07,-6.27,70.21,12.93,1
x,2022-10-14 19:51:42.450599,0.10,-0.27,0.94,10.56,-9.03,5.55,-6.27,70.21,12.93,1
x,2022-10-14 19:51:42.469453,0.07,-0.20,1.13,9.89,-5.92,4.15,-6.77,70.83,13.64,1
x,2022-10-14 19:51:42.488040,0.08,-0.24,0.89,-0.37,11.84,-1.59,-6.77,70.83,13.64,1
x,2022-10-14 19:51:42.506389,0.09,-0.24,0.92,7.87,5.19,0.18,-6.77,70.83,13.64,1
x,2022-10-14 19:51:42.527497,0.09,-0.27,0.90,10.38,4.82,-0.43,-7.97,71.31,12.22,1
x,2022-10-14 19:51:42.548351,0.10,-0.30,0.86,12.21,3.42,-0.49,-7.97,71.31,12.22,1
x,2022-10-14 19:51:42.567661,0.07,-0.25,0.90,7.63,5.31,-2.08,-7.97,71.31,12.22,1
x,2022-10-14 19:51:42.588036,0.07,-0.25,0.89,3.05,10.56,-7.51,-10.16,71.92,12.07,1
x,2022-10-14 19:51:42.608255,0.10,-0.28,0.87,3.11,9.77,-8.48,-10.16,71.92,12.07,1
x,2022-10-14 19:51:42.627385,0.08,-0.26,0.86,3.17,8.06,-7.20,-12.55,70.79,12.89,1
x,2022-10-14 19:51:42.646369,0.10,-0.29,0.87,6.35,6.10,-10.93,-12.55,70.79,12.89,1
x,2022-10-14 19:51:42.664916,0.12,-0.35,0.87,5.43,4.76,-13.85,-12.55,70.79,12.89,1
x,2022-10-14 19:51:42.685122,0.13,-0.40,0.85,2.93,3.54,-15.38,-14.06,69.63,13.72,1
x,2022-10-14 19:51:42.703693,0.13,-0.42,0.81,-0.92,-5.19,-12.63,-14.06,69.63,13.72,1
x,2022-10-14 19:51:42.723050,0.11,-0.37,0.84,-7.75,-8.42,-12.21,-15.25,67.13,14.54,1
x,2022-10-14 19:51:42.742710,0.12,-0.37,0.89,-9.46,-15.75,-14.40,-15.25,67.13,14.54,1
x,2022-10-14 19:51:42.761476,0.12,-0.35,0.79,-12.82,-15.81,-9.16,-15.25,67.13,14.54,1
x,2022-10-14 19:51:42.780431,0.14,-0.38,0.77,0.61,-34.73,-1.71,-11.44,65.25,15.37,1
x,2022-10-14 19:51:42.799556,0.10,-0.32,1.05,0.67,-38.57,4.88,-11.44,65.25,15.37,1
x,2022-10-14 19:51:42.820135,0.07,-0.27,0.95,-13.67,-17.94,4.52,-11.44,65.25,15.37,1
x,2022-10-14 19:51:42.839414,0.06,-0.26,1.02,-9.40,-18.62,5.80,-6.80,63.12,17.74,1
x,2022-10-14 19:51:42.859548,0.07,-0.24,1.05,-6.10,-17.21,8.54,-6.80,63.12,17.74,1
x,2022-10-14 19:51:42.880359,0.06,-0.23,1.05,-4.58,-11.29,10.31,-1.97,61.01,18.04,1
x,2022-10-14 19:51:42.899131,0.00,-0.11,1.19,-4.52,-5.92,7.32,-1.97,61.01,18.04,1
x,2022-10-14 19:51:42.918508,0.06,-0.20,1.01,6.04,-2.81,2.08,-1.43,61.36,18.58,1
x,2022-10-14 19:51:42.937380,0.06,-0.24,0.98,15.99,-11.96,8.79,-1.43,61.36,18.58,1
x,2022-10-14 19:51:42.955332,0.06,-0.24,0.99,26.06,-19.59,13.61,-1.43,61.36,18.58,1
x,2022-10-14 19:51:42.974282,-0.04,-0.13,1.15,36.44,-25.70,14.83,-1.71,61.11,19.38,1
x,2022-10-14 19:51:42.992836,-0.04,-0.18,1.33,7.26,32.53,-12.57,-1.71,61.11,19.38,1
x,2022-10-14 19:51:43.011110,0.08,-0.25,0.98,5.92,45.04,-26.37,-1.71,61.11,19.38,1
x,2022-10-14 19:51:43.030510,0.08,-0.35,0.92,17.21,26.86,-19.47,-9.03,63.71,18.41,1
x,2022-10-14 19:51:43.048438,0.09,-0.35,0.97,17.40,21.12,-11.17,-9.03,63.71,18.41,1
x,2022-10-14 19:51:43.067844,0.09,-0.43,0.76,3.36,32.10,-6.77,-9.03,63.71,18.41,1
x,2022-10-14 19:51:43.087023,0.10,-0.39,0.99,-8.97,38.70,-5.13,-16.75,65.45,16.59,1
x,2022-10-14 19:51:43.106958,0.08,-0.36,0.73,-33.45,65.43,-9.64,-16.75,65.45,16.59,1
x,2022-10-14 19:51:43.127800,0.12,-0.46,0.67,5.74,8.12,-1.22,-23.95,67.11,12.05,1
x,2022-10-14 19:51:43.150263,0.10,-0.46,0.64,3.72,-4.70,3.30,-23.95,67.11,12.05,1
x,2022-10-14 19:51:43.168969,0.08,-0.40,0.81,-3.60,-12.21,-3.54,-24.78,68.04,10.73,1
x,2022-10-14 19:51:43.187571,0.09,-0.35,0.82,-22.16,5.68,-11.60,-24.78,68.04,10.73,1
x,2022-10-14 19:51:43.206375,0.10,-0.31,0.85,-35.28,18.86,-12.63,-24.78,68.04,10.73,1
x,2022-10-14 19:51:43.226649,0.10,-0.49,0.30,-30.58,13.55,-0.31,-23.63,69.14,9.86,1
x,2022-10-14 19:51:43.245378,0.12,-0.28,0.94,-0.31,-42.42,23.50,-23.63,69.14,9.86,1
x,2022-10-14 19:51:43.263697,0.05,-0.23,0.91,-3.11,-35.83,16.97,-23.63,69.14,9.86,1
x,2022-10-14 19:51:43.283693,0.05,-0.09,1.14,-20.87,-11.11,2.62,-18.68,67.77,13.94,1
x,2022-10-14 19:51:43.302706,0.06,-0.08,1.04,-22.77,-1.89,-9.09,-18.68,67.77,13.94,1
x,2022-10-14 19:51:43.323912,0.02,-0.07,0.73,14.83,-38.70,-13.73,-15.63,65.80,15.38,1
x,2022-10-14 19:51:43.342740,0.04,-0.02,0.89,9.16,-30.15,-8.12,-15.63,65.80,15.38,1
x,2022-10-14 19:51:43.360911,0.03,-0.08,1.02,20.45,-32.23,-15.56,-15.63,65.80,15.38,1
x,2022-10-14 19:51:43.384775,0.04,-0.19,1.05,21.73,-18.13,-19.78,-13.15,61.36,18.87,1
x,2022-10-14 19:51:43.403087,0.10,-0.29,1.06,26.00,-8.85,-13.12,-13.15,61.36,18.87,1
x,2022-10-14 19:51:43.424051,0.07,-0.34,1.03,33.87,-3.54,-0.73,-13.90,56.79,22.07,1
x,2022-10-14 19:51:43.443173,0.07,-0.39,0.98,33.33,-0.18,1.16,-13.90,56.79,22.07,1
x,2022-10-14 19:51:43.462209,0.05,-0.35,0.96,25.63,5.31,-6.53,-13.90,56.79,22.07,1
x,2022-10-14 19:51:43.481277,0.07,-0.40,0.96,18.74,10.44,-15.50,-15.59,54.64,21.97,1
x,2022-10-14 19:51:43.500753,0.08,-0.40,0.95,10.31,14.71,-21.00,-15.59,54.64,21.97,1
x,2022-10-14 19:51:43.521827,0.11,-0.49,0.84,7.81,11.72,-2.87,-17.15,52.45,21.15,1
x,2022-10-14 19:51:43.539836,0.06,-0.43,0.87,9.52,-4.88,0.00,-17.15,52.45,21.15,1
x,2022-10-14 19:51:43.560217,0.04,-0.39,0.89,5.13,-4.03,-3.05,-17.15,52.45,21.15,1
x,2022-10-14 19:51:43.578911,0.04,-0.38,0.90,-12.02,0.06,-9.16,-17.69,52.25,21.89,1
x,2022-10-14 19:51:43.598093,0.04,-0.32,0.93,-20.02,-0.55,-7.32,-17.69,52.25,21.89,1
x,2022-10-14 19:51:43.618297,-0.09,-0.29,0.93,-22.28,-0.31,-0.92,-17.31,53.49,21.41,1
x,2022-10-14 19:51:43.637690,-0.28,-0.27,0.97,-15.63,29.91,34.73,-17.31,53.49,21.41,1
x,2022-10-14 19:51:43.656426,-0.15,-0.34,1.07,30.27,16.91,57.19,-17.31,53.49,21.41,1
x,2022-10-14 19:51:43.681916,-0.07,-0.25,1.03,44.86,25.88,71.29,-14.20,53.47,17.40,1
x,2022-10-14 19:51:43.697848,0.04,-0.28,0.96,50.72,28.32,64.27,-14.20,53.47,17.40,1
x,2022-10-14 19:51:43.715999,0.09,-0.33,0.92,44.01,34.42,51.82,-14.20,53.47,17.40,1
x,2022-10-14 19:51:43.738404,0.14,-0.41,0.82,34.48,39.18,37.66,-10.46,52.12,13.13,1
x,2022-10-14 19:51:43.755841,0.22,-0.41,0.81,28.02,35.16,34.18,-10.46,52.12,13.13,1
x,2022-10-14 19:51:43.775347,0.28,-0.41,0.75,23.32,25.27,28.56,-8.06,50.98,8.54,1
x,2022-10-14 19:51:43.793417,0.33,-0.40,0.75,20.63,13.18,22.95,-8.06,50.98,8.54,1
x,2022-10-14 19:51:43.811914,0.32,-0.38,0.78,9.40,8.00,12.63,-8.06,50.98,8.54,1
x,2022-10-14 19:51:43.832910,0.30,-0.39,0.78,-1.28,6.53,1.16,-5.24,50.81,7.37,1
x,2022-10-14 19:51:43.851289,0.27,-0.38,0.84,-9.58,2.20,-5.43,-5.24,50.81,7.37,1
x,2022-10-14 19:51:43.872085,0.24,-0.38,0.85,-10.86,-0.06,-6.53,-3.82,50.67,4.38,1
x,2022-10-14 19:51:43.891104,0.22,-0.36,0.88,-9.40,0.00,-7.45,-3.82,50.67,4.38,1
x,2022-10-14 19:51:43.910124,0.19,-0.37,0.90,-9.28,1.77,-8.00,-3.82,50.67,4.38,1
x,2022-10-14 19:51:43.929410,0.18,-0.35,0.91,-5.55,1.34,-5.55,-2.78,50.70,4.54,1
x,2022-10-14 19:51:43.947367,0.19,-0.35,0.91,15.08,3.05,-4.58,-2.78,50.70,4.54,1
x,2022-10-14 19:51:43.967586,0.21,-0.33,0.91,-0.06,4.09,-5.62,-2.48,50.28,4.17,1
x,2022-10-14 19:51:43.986428,0.20,-0.35,0.90,3.60,3.48,-6.53,-2.48,50.28,4.17,1
x,2022-10-14 19:51:44.008830,0.21,-0.34,0.91,5.98,3.78,-5.74,-2.48,50.28,4.17,1
x,2022-10-14 19:51:44.028119,0.22,-0.36,0.86,9.95,4.82,-5.31,-2.60,50.33,4.16,1
x,2022-10-14 19:51:44.046541,0.25,-0.36,0.87,14.59,2.93,-3.30,-2.60,50.33,4.16,1
x,2022-10-14 19:51:44.067284,0.27,-0.37,0.84,13.06,2.14,-5.13,-2.50,49.15,5.99,1
x,2022-10-14 19:51:44.085556,0.28,-0.38,0.81,9.64,1.95,-10.25,-2.50,49.15,5.99,1
x,2022-10-14 19:51:44.105079,0.27,-0.45,0.79,3.72,0.37,-16.30,-2.50,49.15,5.99,1
x,2022-10-14 19:51:44.126343,0.22,-0.46,0.85,-0.73,-3.97,-16.11,-3.54,48.49,4.68,1
x,2022-10-14 19:51:44.146719,0.19,-0.49,0.85,-3.42,-3.42,-12.57,-3.54,48.49,4.68,1
x,2022-10-14 19:51:44.165229,0.21,-0.47,0.87,-0.31,-4.39,-7.45,-3.54,48.49,4.68,1
x,2022-10-14 19:51:44.185899,0.23,-0.44,0.85,-0.61,-4.52,-6.04,-4.97,48.71,5.57,1
x,2022-10-14 19:51:44.203885,0.22,-0.44,0.88,-3.72,-5.43,-8.85,-4.97,48.71,5.57,1
x,2022-10-14 19:51:44.224645,0.20,-0.42,0.89,-6.04,-3.91,-10.99,-5.38,47.75,5.42,1
x,2022-10-14 19:51:44.242917,0.19,-0.40,0.91,-5.43,-2.01,-10.68,-5.38,47.75,5.42,1
x,2022-10-14 19:51:44.263631,0.19,-0.38,0.90,-4.46,0.18,-9.58,-5.38,47.75,5.42,1
x,2022-10-14 19:51:44.283869,0.19,-0.39,0.90,-0.55,0.85,-8.42,-6.59,47.63,6.64,1
x,2022-10-14 19:51:44.301807,0.22,-0.39,0.85,1.65,1.16,-6.65,-6.59,47.63,6.64,1
x,2022-10-14 19:51:44.320427,0.24,-0.38,0.84,-2.20,-1.46,-11.17,-8.14,48.29,7.43,1
x,2022-10-14 19:51:44.338385,0.19,-0.42,0.87,-8.54,-1.22,-16.30,-8.14,48.29,7.43,1
x,2022-10-14 19:51:44.356473,0.20,-0.46,0.85,-11.72,-0.49,-16.42,-8.14,48.29,7.43,1
x,2022-10-14 19:51:44.380311,0.21,-0.48,0.81,-15.56,-1.53,-15.26,-10.19,48.18,6.27,1
x,2022-10-14 19:51:44.398860,0.17,-0.45,0.87,-24.78,-4.52,-15.26,-10.19,48.18,6.27,1
x,2022-10-14 19:51:44.418493,0.15,-0.45,0.90,-29.36,-2.50,-16.85,-13.01,48.47,8.63,1
x,2022-10-14 19:51:44.440279,0.15,-0.42,0.91,-26.61,-1.59,-10.50,-13.01,48.47,8.63,1
x,2022-10-14 19:51:44.458910,0.19,-0.39,0.91,-23.50,-0.24,-4.64,-13.01,48.47,8.63,1
x,2022-10-14 19:51:44.479735,0.20,-0.35,0.88,-20.20,-2.50,1.28,-15.25,50.21,8.04,1
x,2022-10-14 19:51:44.497558,0.22,-0.29,0.89,-18.68,-5.74,2.93,-15.25,50.21,8.04,1
x,2022-10-14 19:51:44.518124,0.23,-0.25,0.88,-26.61,-5.80,-6.71,-17.81,51.34,7.85,1
x,2022-10-14 19:51:44.538100,0.22,-0.26,0.86,-34.61,-7.51,-14.04,-17.81,51.34,7.85,1
x,2022-10-14 19:51:44.556364,0.20,-0.20,0.91,-40.34,-12.15,-19.35,-17.81,51.34,7.85,1
x,2022-10-14 19:51:44.576931,0.13,-0.18,1.02,-40.28,-9.83,-27.28,-23.30,52.83,7.73,1
x,2022-10-14 19:51:44.597208,0.05,-0.20,1.01,-30.27,-5.80,-26.37,-23.30,52.83,7.73,1
x,2022-10-14 19:51:44.616650,0.05,-0.17,1.00,-15.93,-1.10,-23.01,-29.02,52.87,7.95,1
x,2022-10-14 19:51:44.634367,0.06,-0.08,0.92,-11.78,4.64,-28.08,-29.02,52.87,7.95,1
x,2022-10-14 19:51:44.652503,0.07,-0.06,0.82,-6.59,4.64,-37.17,-29.02,52.87,7.95,1
x,2022-10-14 19:51:44.671743,0.00,-0.37,0.91,34.24,-13.06,8.42,-33.34,49.93,7.96,1
x,2022-10-14 19:51:44.688847,0.13,-0.21,0.96,64.64,0.00,3.23,-33.34,49.93,7.96,1
x,2022-10-14 19:51:44.707598,0.10,-0.40,0.75,32.65,7.81,0.00,-33.34,49.93,7.96,1
x,2022-10-14 19:51:44.727410,0.08,-0.36,0.75,15.63,13.49,-5.92,-32.20,47.46,9.38,1
x,2022-10-14 19:51:44.745212,0.08,-0.30,0.73,9.46,10.99,-22.46,-32.20,47.46,9.38,1
x,2022-10-14 19:51:44.765484,0.12,-0.40,0.75,26.98,-14.28,-30.03,-29.20,43.12,12.11,1
x,2022-10-14 19:51:44.784183,0.16,-0.53,0.79,32.35,-31.56,-20.08,-29.20,43.12,12.11,1
x,2022-10-14 19:51:44.803243,0.14,-0.54,0.83,24.78,-39.31,-6.59,-29.20,43.12,12.11,1
x,2022-10-14 19:51:44.822200,0.15,-0.50,0.86,19.23,-49.01,8.24,-24.72,40.38,16.82,1
x,2022-10-14 19:51:44.842721,0.12,-0.43,1.15,11.72,-43.52,13.67,-24.72,40.38,16.82,1
x,2022-10-14 19:51:44.865894,0.10,-0.41,1.01,9.40,-40.10,16.72,-24.72,40.38,16.82,1
x,2022-10-14 19:51:44.883410,0.08,-0.36,1.15,8.48,-36.68,18.80,-21.12,40.25,21.95,1
x,2022-10-14 19:51:44.903131,0.02,-0.18,1.28,0.31,-23.32,18.13,-21.12,40.25,21.95,1
x,2022-10-14 19:51:44.921898,0.07,-0.27,1.03,16.85,-15.44,2.32,-20.08,40.76,21.66,1
x,2022-10-14 19:51:44.941193,0.05,-0.32,1.09,30.27,-27.04,7.63,-20.08,40.76,21.66,1
x,2022-10-14 19:51:44.961668,0.01,-0.20,1.34,8.54,19.96,12.21,-20.08,40.76,21.66,1
x,2022-10-14 19:51:44.983189,0.04,-0.32,1.05,7.57,41.63,-4.21,-21.67,40.47,21.46,1
x,2022-10-14 19:51:44.999670,0.05,-0.31,1.01,-3.36,54.26,-13.12,-21.67,40.47,21.46,1
x,2022-10-14 19:51:45.020780,0.06,-0.34,0.99,-0.61,51.33,-25.63,-25.92,40.17,15.01,1
x,2022-10-14 19:51:45.038612,0.09,-0.46,0.71,0.67,47.79,-29.54,-25.92,40.17,15.01,1
x,2022-10-14 19:51:45.058329,0.11,-0.47,0.73,4.70,28.81,-21.97,-25.92,40.17,15.01,1
x,2022-10-14 19:51:45.081935,0.11,-0.50,0.63,1.53,20.94,-12.63,-26.79,39.69,11.77,1
x,2022-10-14 19:51:45.100285,0.09,-0.56,0.43,5.68,5.31,-2.26,-26.79,39.69,11.77,1
x,2022-10-14 19:51:45.119755,0.08,-0.46,0.76,-0.31,-3.54,-1.83,-27.48,39.21,9.44,1
x,2022-10-14 19:51:45.137725,0.09,-0.43,0.79,-19.29,13.06,-5.92,-27.48,39.21,9.44,1
x,2022-10-14 19:51:45.156548,0.11,-0.39,0.83,-38.09,26.98,-7.02,-27.48,39.21,9.44,1
x,2022-10-14 19:51:45.176661,0.12,-0.35,0.85,-46.45,36.19,-5.86,-28.14,39.61,9.62,1
x,2022-10-14 19:51:45.195645,0.07,-0.42,0.39,-11.17,-15.63,11.96,-28.14,39.61,9.62,1
x,2022-10-14 19:51:45.215701,0.13,-0.23,1.04,-0.55,-43.52,18.55,-26.23,40.56,12.78,1
x,2022-10-14 19:51:45.234913,0.04,-0.23,0.46,15.38,-60.97,5.49,-26.23,40.56,12.78,1
x,2022-10-14 19:51:45.253532,0.12,-0.14,1.65,1.89,-54.02,2.01,-26.23,40.56,12.78,1
x,2022-10-14 19:51:45.272624,0.01,-0.00,0.94,-13.43,-2.20,-19.29,-22.47,38.72,18.32,1
x,2022-10-14 19:51:45.292412,0.10,-0.23,1.08,27.59,-24.96,-26.31,-22.47,38.72,18.32,1
x,2022-10-14 19:51:45.313850,0.12,-0.38,1.06,38.94,-13.37,-13.61,-22.47,38.72,18.32,1
x,2022-10-14 19:51:45.332401,0.12,-0.41,1.00,46.45,-8.91,-3.17,-16.21,33.97,21.04,1
x,2022-10-14 19:51:45.350439,0.10,-0.49,0.96,47.12,-4.21,0.61,-16.21,33.97,21.04,1
x,2022-10-14 19:51:45.370739,0.08,-0.47,0.97,38.82,1.53,-2.99,-12.74,31.63,20.87,1
x,2022-10-14 19:51:45.389884,0.05,-0.39,1.01,26.49,11.96,-17.15,-12.74,31.63,20.87,1
x,2022-10-14 19:51:45.407553,0.11,-0.56,0.78,3.85,22.46,-27.28,-12.74,31.63,20.87,1
x,2022-10-14 19:51:45.426609,0.10,-0.53,0.81,1.28,9.40,-21.30,-11.52,30.81,21.41,1
x,2022-10-14 19:51:45.445369,0.11,-0.58,0.77,3.91,1.40,-15.50,-11.52,30.81,21.41,1
x,2022-10-14 19:51:45.465195,0.09,-0.60,0.76,1.89,-5.55,-3.91,-10.56,30.98,20.74,1
x,2022-10-14 19:51:45.484203,0.06,-0.46,0.86,-12.08,-0.79,-5.43,-10.56,30.98,20.74,1
x,2022-10-14 19:51:45.502544,0.06,-0.42,0.89,-23.68,1.34,-5.98,-10.56,30.98,20.74,1
x,2022-10-14 19:51:45.521443,-0.01,-0.38,0.92,-29.24,1.10,-1.10,-11.17,31.19,21.63,1
x,2022-10-14 19:51:45.540119,-0.22,-0.38,1.12,-10.74,12.08,31.68,0.00,0.00,ovf,1
x,2022-10-14 19:51:45.559826,-0.14,-0.34,1.06,19.29,23.13,53.41,0.00,0.00,ovf,1
x,2022-10-14 19:51:45.578739,-0.01,-0.29,0.95,45.17,25.21,64.03,-10.68,35.05,18.19,1
x,2022-10-14 19:51:45.597309,0.12,-0.27,0.94,57.86,23.68,57.68,-10.68,35.05,18.19,1
x,2022-10-14 19:51:45.617782,0.16,-0.36,0.90,51.64,29.79,41.08,-7.82,38.00,13.38,1
x,2022-10-14 19:51:45.639494,0.21,-0.39,0.89,48.10,34.42,31.07,-7.82,38.00,13.38,1
x,2022-10-14 19:51:45.658243,0.28,-0.44,0.83,43.64,35.10,19.29,-7.82,38.00,13.38,1
x,2022-10-14 19:51:45.676835,0.31,-0.44,0.80,36.01,34.36,13.24,-5.51,41.50,11.35,1
x,2022-10-14 19:51:45.695722,0.30,-0.51,0.74,27.10,29.17,3.30,0.00,0.00,0.00,1
x,2022-10-14 19:51:45.715300,0.33,-0.50,0.70,25.09,23.93,-3.60,-5.13,43.36,9.99,1
x,2022-10-14 19:51:45.733580,0.31,-0.47,0.79,12.21,17.64,-7.57,-5.13,43.36,9.99,1
x,2022-10-14 19:51:45.754062,0.29,-0.57,0.70,3.97,17.58,-18.68,-5.13,43.36,9.99,1
x,2022-10-14 19:51:45.774757,0.29,-0.60,0.72,-3.05,8.91,-14.28,-4.97,44.86,7.29,1
x,2022-10-14 19:51:45.793706,0.28,-0.55,0.78,1.28,-2.08,-10.99,-4.97,44.86,7.29,1
x,2022-10-14 19:51:45.815678,0.26,-0.56,0.73,-4.46,-2.26,-11.11,-5.69,45.09,8.78,1
x,2022-10-14 19:51:45.835298,0.25,-0.54,0.78,-4.39,-4.52,-11.23,-5.69,45.09,8.78,1
x,2022-10-14 19:51:45.856222,0.26,-0.55,0.74,-7.39,-3.42,-11.11,-5.69,45.09,8.78,1
x,2022-10-14 19:51:45.875546,0.26,-0.50,0.73,-5.25,-6.41,-8.06,-6.12,46.00,9.00,1
x,2022-10-14 19:51:45.893583,0.25,-0.50,0.71,-8.24,-10.86,-11.54,-6.12,46.00,9.00,1
x,2022-10-14 19:51:45.912651,0.23,-0.50,0.76,-10.62,-13.43,-15.14,-7.48,45.15,9.30,1
x,2022-10-14 19:51:45.931234,0.19,-0.48,0.79,-15.75,-10.99,-18.86,-7.48,45.15,9.30,1
x,2022-10-14 19:51:45.953043,0.16,-0.52,0.80,-15.08,-9.22,-20.51,-7.48,45.15,9.30,1
x,2022-10-14 19:51:45.973514,0.15,-0.56,0.78,-11.66,-9.52,-12.57,-7.40,44.75,9.56,1
x,2022-10-14 19:51:45.996410,0.16,-0.56,0.77,-10.01,-12.82,-3.66,-7.40,44.75,9.56,1
x,2022-10-14 19:51:46.014837,0.16,-0.51,0.82,-14.40,-13.37,-4.82,-7.75,43.87,11.52,1
x,2022-10-14 19:51:46.035348,0.16,-0.49,0.85,-21.42,-7.32,-13.06,-7.75,43.87,11.52,1
x,2022-10-14 19:51:46.055007,0.18,-0.52,0.82,-23.01,-5.92,-12.94,-7.75,43.87,11.52,1
x,2022-10-14 19:51:46.075298,0.15,-0.51,0.84,-21.42,-9.16,-5.25,-7.75,42.52,12.28,1
x,2022-10-14 19:51:46.093381,0.14,-0.45,0.91,-18.55,-11.54,-1.28,-7.75,42.52,12.28,1
x,2022-10-14 19:51:46.114172,0.14,-0.42,0.92,-17.27,-6.65,-2.87,-9.09,42.03,12.66,1
x,2022-10-14 19:51:46.136530,0.14,-0.43,0.88,-12.08,-4.82,-4.76,-9.09,42.03,12.66,1
x,2022-10-14 19:51:46.154166,0.11,-0.46,0.88,-10.44,-5.49,-4.15,-9.09,42.03,12.66,1
x,2022-10-14 19:51:46.173385,0.12,-0.50,0.86,-10.44,-5.13,2.26,-9.70,41.30,12.63,1
x,2022-10-14 19:51:46.192835,0.15,-0.42,0.85,-11.23,-10.07,7.32,-9.70,41.30,12.63,1
x,2022-10-14 19:51:46.213097,0.16,-0.38,0.90,-12.70,-10.19,2.75,-10.38,40.42,13.72,1
x,2022-10-14 19:51:46.233980,0.19,-0.35,0.92,-15.26,-4.46,-6.84,-10.38,40.42,13.72,1
x,2022-10-14 19:51:46.251405,0.20,-0.37,0.91,-11.23,-4.64,-6.71,-10.38,40.42,13.72,1
x,2022-10-14 19:51:46.271852,0.19,-0.32,0.89,-8.24,-5.98,-5.31,-11.82,40.22,13.67,1
x,2022-10-14 19:51:46.292567,-0.21,-0.38,0.97,4.94,-18.68,-7.93,-11.82,40.22,13.67,1
x,2022-10-14 19:51:46.313714,0.13,-0.35,0.90,44.19,-27.28,13.73,-11.05,39.23,13.90,1
x,2022-10-14 19:51:46.332789,0.09,-0.20,1.34,27.40,-23.62,18.55,-11.05,39.23,13.90,1
x,2022-10-14 19:51:46.352853,0.01,-0.23,0.85,-11.78,42.05,-8.06,-11.05,39.23,13.90,1
x,2022-10-14 19:51:46.371754,0.02,-0.29,0.75,1.40,36.87,-26.55,-11.57,41.16,14.12,1
x,2022-10-14 19:51:46.391769,0.06,-0.38,0.69,22.40,34.24,-32.23,-11.57,41.16,14.12,1
x,2022-10-14 19:51:46.409396,0.09,-0.42,0.58,33.69,23.19,-23.62,-11.57,41.16,14.12,1
x,2022-10-14 19:51:46.431433,0.08,-0.60,0.55,39.12,10.38,-12.82,-9.77,43.25,16.33,1
x,2022-10-14 19:51:46.449423,0.12,-0.68,0.54,35.28,-3.66,-1.46,-9.77,43.25,16.33,1
x,2022-10-14 19:51:46.469240,0.20,-0.81,0.84,27.47,-12.51,5.19,-5.74,44.35,18.99,1
x,2022-10-14 19:51:46.488677,0.17,-0.76,0.55,13.37,-30.33,2.01,-5.74,44.35,18.99,1
x,2022-10-14 19:51:46.507125,0.19,-0.64,0.81,-9.83,-32.59,2.38,-5.74,44.35,18.99,1
x,2022-10-14 19:51:46.527559,0.15,-0.61,0.31,-27.10,-25.76,-3.72,-1.35,42.87,23.13,1
x,2022-10-14 19:51:46.547228,0.14,-0.58,1.20,-17.33,-65.37,8.73,-1.35,42.87,23.13,1
x,2022-10-14 19:51:46.569868,0.12,-0.44,1.14,-32.04,-34.18,3.54,4.06,39.61,25.21,1
x,2022-10-14 19:51:46.588647,0.02,-0.12,1.35,-33.26,-3.66,-8.12,4.06,39.61,25.21,1
x,2022-10-14 19:51:46.608426,0.11,-0.35,1.01,-9.83,-2.08,-17.40,4.06,39.61,25.21,1
x,2022-10-14 19:51:46.627166,0.09,-0.36,1.01,18.68,-29.54,-0.98,3.65,38.93,24.37,1
x,2022-10-14 19:51:46.651051,0.04,-0.15,1.08,-20.81,47.97,9.09,3.65,38.93,24.37,1
x,2022-10-14 19:51:46.670362,0.09,-0.37,1.03,5.80,42.48,-11.23,0.94,41.21,23.18,1
x,2022-10-14 19:51:46.691403,0.07,-0.43,0.59,1.28,49.07,-20.32,0.94,41.21,23.18,1
x,2022-10-14 19:51:46.711280,0.15,-0.51,0.96,-11.05,52.37,-25.33,-4.33,45.87,19.34,1
x,2022-10-14 19:51:46.729392,0.16,-0.49,0.63,-25.57,63.48,-28.93,-4.33,45.87,19.34,1
x,2022-10-14 19:51:46.750182,0.14,-0.56,0.70,-6.04,34.48,-18.01,-4.33,45.87,19.34,1
x,2022-10-14 19:51:46.770634,0.11,-0.62,0.61,6.84,15.81,-2.99,-9.00,48.71,14.33,1
x,2022-10-14 19:51:46.789736,0.02,-0.51,0.32,7.51,1.89,4.70,-9.00,48.71,14.33,1
x,2022-10-14 19:51:46.811021,0.10,-0.55,0.73,0.73,-8.00,-6.71,-9.00,48.71,14.33,1
x,2022-10-14 19:51:46.832891,0.11,-0.50,0.74,-22.95,9.34,-11.05,-10.58,49.37,13.32,1
x,2022-10-14 19:51:46.851479,0.13,-0.65,0.43,-45.04,26.79,-5.68,-10.58,49.37,13.32,1
x,2022-10-14 19:51:46.870363,0.07,-0.48,0.51,-7.39,-35.40,27.34,-9.53,48.77,14.31,1
x,2022-10-14 19:51:46.890039,0.09,-0.36,0.84,-1.28,-44.43,29.54,-9.53,48.77,14.31,1
x,2022-10-14 19:51:46.909655,0.05,-0.30,0.86,-7.51,-31.43,10.38,-9.53,48.77,14.31,1
x,2022-10-14 19:51:46.929099,0.11,-0.21,1.32,-13.61,-23.32,-5.80,-4.69,46.26,17.46,1
x,2022-10-14 19:51:46.947625,0.06,-0.12,0.87,3.17,-15.08,-20.81,-4.69,46.26,17.46,1
x,2022-10-14 19:51:46.966913,0.14,-0.21,1.12,23.56,-25.21,-18.49,0.43,45.87,21.96,1
x,2022-10-14 19:51:46.986603,0.09,-0.19,1.01,33.81,-14.28,-16.60,0.43,45.87,21.96,1
x,2022-10-14 19:51:47.004942,0.19,-0.53,1.04,53.59,-10.13,-12.76,0.43,45.87,21.96,1
x,2022-10-14 19:51:47.025250,0.17,-0.61,0.92,63.23,-4.33,17.15,3.93,47.45,24.65,1
x,2022-10-14 19:51:47.043202,0.16,-0.73,0.84,65.49,-5.55,26.18,3.93,47.45,24.65,1
x,2022-10-14 19:51:47.062375,0.13,-0.76,0.79,48.83,-4.33,25.09,4.20,48.11,26.27,1
x,2022-10-14 19:51:47.081535,0.11,-0.68,0.80,10.25,0.00,-4.76,4.20,48.11,26.27,1
x,2022-10-14 19:51:47.100252,0.10,-0.62,0.81,-9.95,1.16,-23.99,4.20,48.11,26.27,1
x,2022-10-14 19:51:47.119267,0.09,-0.53,0.83,-24.60,2.08,-33.51,4.48,47.90,26.70,1
x,2022-10-14 19:51:47.138489,0.08,-0.45,0.84,-25.02,1.46,-28.02,4.48,47.90,26.70,1
x,2022-10-14 19:51:47.156742,-0.04,-0.48,0.88,-18.19,5.00,-15.81,4.48,47.90,26.70,1
x,2022-10-14 19:51:47.177346,-0.17,-1.06,1.30,-11.60,28.75,9.77,3.22,47.63,25.73,1
x,2022-10-14 19:51:47.195543,-0.17,-0.41,0.77,43.27,28.38,68.18,3.22,47.63,25.73,1
x,2022-10-14 19:51:47.214396,0.00,-0.48,0.82,53.71,28.20,72.02,2.40,47.05,19.71,1
x,2022-10-14 19:51:47.232919,0.10,-0.59,0.76,45.59,32.04,58.04,2.40,47.05,19.71,1
x,2022-10-14 19:51:47.253091,0.11,-0.70,0.72,32.41,34.24,46.63,2.40,47.05,19.71,1
x,2022-10-14 19:51:47.274070,0.15,-0.75,0.67,34.55,32.29,55.05,1.23,46.97,15.10,1
x,2022-10-14 19:51:47.292397,0.27,-0.75,0.56,38.76,31.19,63.17,1.23,46.97,15.10,1
x,2022-10-14 19:51:47.311757,0.39,-0.72,0.44,31.13,23.44,57.31,2.54,46.98,9.88,1
x,2022-10-14 19:51:47.334314,0.46,-0.80,0.32,16.72,10.13,48.16,2.54,46.98,9.88,1
x,2022-10-14 19:51:47.353547,0.45,-0.78,0.36,-7.87,-14.95,39.25,2.54,46.98,9.88,1
x,2022-10-14 19:51:47.373366,0.38,-0.72,0.50,-22.40,-19.41,31.86,3.36,46.11,7.32,1
x,2022-10-14 19:51:47.394465,0.35,-0.71,0.55,-25.82,-25.63,34.12,3.36,46.11,7.32,1
x,2022-10-14 19:51:47.415005,0.43,-0.66,0.53,-20.26,-30.70,45.04,4.28,44.41,6.14,1
x,2022-10-14 19:51:47.432306,0.43,-0.58,0.53,-19.23,-41.75,47.49,4.28,44.41,6.14,1
x,2022-10-14 19:51:47.452011,0.43,-0.53,0.55,-31.31,-53.04,34.48,4.28,44.41,6.14,1
x,2022-10-14 19:51:47.471627,0.38,-0.40,0.70,-43.03,-55.85,21.00,7.32,44.13,5.30,1
x,2022-10-14 19:51:47.490363,0.30,-0.45,0.74,-43.03,-57.25,14.95,7.32,44.13,5.30,1
x,2022-10-14 19:51:47.510559,0.22,-0.44,0.75,-28.02,-60.42,34.06,12.88,42.04,4.30,1
x,2022-10-14 19:51:47.527792,0.20,-0.30,0.81,-28.87,-63.90,40.71,12.88,42.04,4.30,1
x,2022-10-14 19:51:47.546751,0.22,-0.18,0.92,-40.59,-62.13,29.11,12.88,42.04,4.30,1
x,2022-10-14 19:51:47.566438,0.19,-0.15,1.00,-51.64,-51.70,4.70,17.81,36.96,-1.11,1
x,2022-10-14 19:51:47.584401,0.15,-0.02,1.06,-65.12,-43.21,-6.77,17.81,36.96,-1.11,1
x,2022-10-14 19:51:47.602392,0.10,0.04,1.16,-67.93,-38.57,-21.18,17.81,36.96,-1.11,1
x,2022-10-14 19:51:47.622048,0.01,-0.03,1.22,-64.64,-31.49,-32.41,17.99,32.18,-4.65,1
x,2022-10-14 19:51:47.641197,-0.03,-0.08,1.22,-37.90,-19.90,-14.28,17.99,32.18,-4.65,1
x,2022-10-14 19:51:47.661259,0.05,-0.07,1.14,-11.17,-17.64,4.52,16.21,29.91,-7.19,1
x,2022-10-14 19:51:47.678927,0.12,-0.05,1.05,7.69,-18.86,15.38,16.21,29.91,-7.19,1
x,2022-10-14 19:51:47.698626,0.13,-0.04,1.01,-2.56,-17.58,-1.65,16.21,29.91,-7.19,1
x,2022-10-14 19:51:47.720840,0.04,-0.06,1.07,-17.64,-11.78,-21.61,13.77,29.81,-6.59,1
x,2022-10-14 19:51:47.738533,-0.05,-0.18,1.10,-27.89,-3.17,-33.81,13.77,29.81,-6.59,1
x,2022-10-14 19:51:47.758657,-0.08,-0.24,1.09,-18.74,-2.56,-20.32,12.39,29.10,-6.31,1
x,2022-10-14 19:51:47.777660,-0.02,-0.17,1.08,-6.41,-3.11,-6.47,12.39,29.10,-6.31,1
x,2022-10-14 19:51:47.796499,0.02,-0.14,1.06,2.56,-4.03,-1.22,12.39,29.10,-6.31,1
x,2022-10-14 19:51:47.815577,0.03,-0.15,1.04,1.95,1.28,-5.74,10.85,29.37,-5.44,1
x,2022-10-14 19:51:47.835107,0.03,-0.15,1.04,-5.86,8.85,-15.01,10.85,29.37,-5.44,1
x,2022-10-14 19:51:47.853509,-0.03,-0.32,0.98,-10.74,14.40,-23.44,10.85,29.37,-5.44,1
x,2022-10-14 19:51:47.873277,-0.02,-0.36,0.94,-4.46,4.88,-7.20,8.79,29.69,-4.30,1
x,2022-10-14 19:51:47.891948,0.03,-0.22,0.99,-4.88,3.66,-4.03,8.79,29.69,-4.30,1
x,2022-10-14 19:51:47.912907,0.05,-0.21,0.95,-10.31,8.24,-10.68,7.43,29.27,-5.16,1
x,2022-10-14 19:51:47.932719,0.10,-0.20,0.87,-15.69,8.61,-17.03,7.43,29.27,-5.16,1
x,2022-10-14 19:51:47.952068,0.12,-0.18,0.86,-16.30,3.97,-18.49,7.43,29.27,-5.16,1
x,2022-10-14 19:51:47.972632,0.12,-0.18,0.83,-13.79,-4.03,-15.38,6.34,28.87,-5.62,1
x,2022-10-14 19:51:47.990580,-0.04,-0.18,1.07,4.21,-15.63,-13.61,6.34,28.87,-5.62,1
x,2022-10-14 19:51:48.009648,0.09,-0.18,0.95,19.84,-15.56,0.43,6.05,28.56,-5.77,1
x,2022-10-14 19:51:48.028834,0.08,-0.22,0.91,7.57,-14.04,9.58,6.05,28.56,-5.77,1
x,2022-10-14 19:51:48.047590,0.05,-0.23,0.91,1.59,-8.06,12.15,6.05,28.56,-5.77,1
x,2022-10-14 19:51:48.066465,-0.20,0.06,1.04,-4.64,-0.43,11.60,5.59,28.87,-6.88,1
x,2022-10-14 19:51:48.086074,0.03,-0.22,0.86,-2.62,29.79,-22.46,5.59,28.87,-6.88,1
x,2022-10-14 19:51:48.104503,0.07,-0.22,0.76,-3.42,25.33,-20.20,5.59,28.87,-6.88,1
x,2022-10-14 19:51:48.125504,0.01,-0.15,0.79,1.53,17.27,-19.23,6.96,28.48,-6.46,1
x,2022-10-14 19:51:48.143463,0.05,-0.21,0.70,21.79,1.40,-22.03,6.96,28.48,-6.46,1
x,2022-10-14 19:51:48.162215,0.11,-0.30,0.63,30.33,-11.23,-22.58,8.12,28.88,-6.53,1
x,2022-10-14 19:51:48.180560,0.14,-0.50,0.68,35.89,-29.54,-14.95,8.12,28.88,-6.53,1
x,2022-10-14 19:51:48.204034,0.21,-0.55,0.86,28.75,-41.20,0.37,8.12,28.88,-6.53,1
x,2022-10-14 19:51:48.224709,0.16,-0.49,1.13,18.07,-64.94,19.96,9.19,28.83,-2.00,1
x,2022-10-14 19:51:48.244433,0.12,-0.32,1.16,-13.49,-29.72,15.08,9.19,28.83,-2.00,1
x,2022-10-14 19:51:48.262843,0.04,-0.21,1.24,-21.00,-16.85,11.11,11.24,29.77,0.39,1
x,2022-10-14 19:51:48.283606,-0.08,-0.02,1.42,-26.73,-1.77,3.36,11.24,29.77,0.39,1
x,2022-10-14 19:51:48.303502,0.07,-0.13,1.11,-2.20,-0.43,-10.62,11.24,29.77,0.39,1
x,2022-10-14 19:51:48.323305,0.01,-0.11,1.16,13.79,-24.96,2.20,11.77,30.10,2.03,1
x,2022-10-14 19:51:48.342839,-0.12,-0.01,1.44,2.87,33.45,-7.02,11.77,30.10,2.03,1
x,2022-10-14 19:51:48.362554,0.01,-0.17,1.10,1.46,59.75,-19.35,10.18,29.46,-1.34,1
x,2022-10-14 19:51:48.380396,0.07,-0.17,1.05,-1.77,59.81,-23.01,10.18,29.46,-1.34,1
x,2022-10-14 19:51:48.399480,0.13,-0.23,0.76,15.87,33.14,-20.08,10.18,29.46,-1.34,1
x,2022-10-14 19:51:48.418383,0.08,-0.34,0.87,0.55,51.82,-19.71,8.61,29.33,-5.79,1
x,2022-10-14 19:51:48.436763,0.12,-0.36,0.70,-0.73,44.98,-18.80,8.61,29.33,-5.79,1
x,2022-10-14 19:51:48.455254,0.14,-0.41,0.59,4.70,17.64,-7.51,8.61,29.33,-5.79,1
x,2022-10-14 19:51:48.475857,0.12,-0.48,0.59,17.76,-12.94,3.60,10.53,28.21,-9.80,1
x,2022-10-14 19:51:48.494180,0.05,-0.41,0.69,13.55,-25.51,5.92,10.53,28.21,-9.80,1
x,2022-10-14 19:51:48.516353,0.05,-0.38,0.77,-7.02,-13.06,-5.98,11.11,27.62,-10.05,1
x,2022-10-14 19:51:48.533837,0.07,-0.29,0.82,-41.50,21.61,-16.85,11.11,27.62,-10.05,1
x,2022-10-14 19:51:48.554080,0.10,-0.26,0.81,-53.65,37.23,-15.93,11.11,27.62,-10.05,1
x,2022-10-14 19:51:48.574159,0.11,-0.36,0.71,6.35,-88.56,24.23,10.55,28.53,-8.90,1
x,2022-10-14 19:51:48.594325,-0.02,-0.08,0.97,-9.46,-74.89,25.51,10.55,28.53,-8.90,1
x,2022-10-14 19:51:48.613752,0.01,-0.03,0.89,-13.24,-40.47,-2.14,8.90,29.50,-5.36,1
x,2022-10-14 19:51:48.637267,-0.09,0.21,0.69,-40.16,22.40,-19.23,8.90,29.50,-5.36,1
x,2022-10-14 19:51:48.656722,0.03,0.03,1.28,11.66,-26.79,-21.85,8.90,29.50,-5.36,1
x,2022-10-14 19:51:48.676125,0.01,-0.00,1.20,31.92,-20.75,-11.54,10.29,29.38,-3.02,1
x,2022-10-14 19:51:48.693823,0.08,-0.16,1.14,56.40,-17.82,2.50,10.29,29.38,-3.02,1
x,2022-10-14 19:51:48.715592,0.06,-0.31,1.02,63.23,-12.70,13.92,10.96,28.02,-2.77,1
x,2022-10-14 19:51:48.733269,0.11,-0.52,0.90,56.34,-5.74,13.61,10.96,28.02,-2.77,1
x,2022-10-14 19:51:48.754007,0.13,-0.63,0.86,36.80,-4.82,13.55,10.96,28.02,-2.77,1
x,2022-10-14 19:51:48.776209,0.04,-0.51,0.89,-4.21,-1.65,8.61,11.16,27.72,-1.34,1
x,2022-10-14 19:51:48.795447,0.02,-0.42,0.90,-43.76,3.11,-16.30,11.16,27.72,-1.34,1
x,2022-10-14 19:51:48.813944,-0.15,-0.41,0.98,-55.36,4.33,-17.27,10.58,28.21,-1.61,1
x,2022-10-14 19:51:48.833429,-0.38,-0.28,1.25,-43.95,9.83,28.26,10.58,28.21,-1.61,1
x,2022-10-14 19:51:48.852099,-0.24,-0.11,1.23,13.67,22.77,67.63,10.58,28.21,-1.61,1
x,2022-10-14 19:51:48.870651,-0.10,-0.05,1.12,32.10,31.80,65.49,12.30,27.94,-3.99,1
x,2022-10-14 19:51:48.889366,-0.04,-0.07,1.04,40.16,39.31,57.50,12.30,27.94,-3.99,1
x,2022-10-14 19:51:48.908575,-0.01,-0.14,0.97,47.36,42.11,50.35,14.60,28.28,-5.82,1
x,2022-10-14 19:51:48.927625,0.13,-0.14,0.89,55.18,43.40,43.95,14.60,28.28,-5.82,1
x,2022-10-14 19:51:48.947422,0.20,-0.16,0.80,51.15,44.56,31.98,14.60,28.28,-5.82,1
x,2022-10-14 19:51:48.966062,0.27,-0.18,0.76,45.29,41.14,18.92,16.41,29.90,-6.48,1
x,2022-10-14 19:51:48.984290,0.30,-0.24,0.71,26.55,32.47,-6.96,16.41,29.90,-6.48,1
x,2022-10-14 19:51:49.002939,0.25,-0.34,0.72,15.75,25.88,-18.43,16.41,29.90,-6.48,1
x,2022-10-14 19:51:49.023075,0.29,-0.37,0.78,14.22,20.87,-18.74,17.33,29.77,-6.63,1
x,2022-10-14 19:51:49.041929,0.30,-0.40,0.74,19.65,12.70,-13.18,17.33,29.77,-6.63,1
x,2022-10-14 19:51:49.061014,0.33,-0.43,0.73,18.25,5.19,-11.72,18.82,30.64,-4.88,1
x,2022-10-14 19:51:49.079427,0.29,-0.49,0.74,6.16,0.49,-19.71,18.82,30.64,-4.88,1
x,2022-10-14 19:51:49.098665,0.24,-0.53,0.79,-4.27,-3.36,-22.77,18.82,30.64,-4.88,1
x,2022-10-14 19:51:49.118374,0.20,-0.48,0.86,-12.02,-5.43,-20.14,19.45,30.36,-3.91,1
x,2022-10-14 19:51:49.137862,0.17,-0.47,0.89,-13.12,-6.53,-19.59,19.45,30.36,-3.91,1
x,2022-10-14 19:51:49.159348,0.16,-0.44,0.92,-13.92,-4.03,-17.15,20.03,30.03,-2.51,1
x,2022-10-14 19:51:49.177727,0.15,-0.44,0.92,-11.29,-2.93,-13.73,20.03,30.03,-2.51,1
x,2022-10-14 19:51:49.196966,0.17,-0.40,0.93,-6.59,-3.30,-7.51,20.03,30.03,-2.51,1
x,2022-10-14 19:51:49.216433,0.18,-0.39,0.90,-0.49,-2.32,-4.15,20.06,29.65,-2.95,1
x,2022-10-14 19:51:49.235883,0.21,-0.37,0.90,2.08,-2.99,-1.89,20.06,29.65,-2.95,1
x,2022-10-14 19:51:49.255297,0.22,-0.39,0.87,-1.34,-1.28,-4.82,20.35,29.57,-1.76,1
x,2022-10-14 19:51:49.275159,0.23,-0.36,0.87,-8.00,-2.08,-9.03,20.35,29.57,-1.76,1
x,2022-10-14 19:51:49.294932,0.20,-0.37,0.88,-13.24,-1.89,-13.55,20.35,29.57,-1.76,1
x,2022-10-14 19:51:49.316137,0.21,-0.37,0.91,-10.19,-4.03,-11.47,19.76,29.88,-1.92,1
x,2022-10-14 19:51:49.335149,0.21,-0.40,0.89,-5.98,-4.70,-7.32,19.76,29.88,-1.92,1
x,2022-10-14 19:51:49.355512,0.22,-0.40,0.86,-3.54,-6.35,-3.42,19.76,29.88,-1.92,1
x,2022-10-14 19:51:49.374486,0.22,-0.36,0.87,-11.96,-6.84,-7.57,19.47,29.32,-2.38,1
x,2022-10-14 19:51:49.392999,0.19,-0.40,0.86,-21.97,-5.25,-16.05,19.47,29.32,-2.38,1
x,2022-10-14 19:51:49.413093,0.18,-0.40,0.87,-28.56,-6.16,-19.23,19.71,28.99,-1.97,1
x,2022-10-14 19:51:49.432310,0.16,-0.35,0.91,-32.65,-6.71,-17.27,19.71,28.99,-1.97,1
x,2022-10-14 19:51:49.452996,0.14,-0.33,0.91,-31.56,-7.57,-15.87,19.71,28.99,-1.97,1
x,2022-10-14 19:51:49.471215,0.11,-0.32,0.94,-26.31,-8.36,-9.95,18.71,28.69,-2.04,1
x,2022-10-14 19:51:49.491048,0.13,-0.26,0.94,-22.58,-6.84,-4.94,18.71,28.69,-2.04,1
x,2022-10-14 19:51:49.510610,0.14,-0.23,0.96,-19.59,-6.71,-3.23,18.63,28.21,-2.80,1
x,2022-10-14 19:51:49.530256,0.13,-0.19,0.94,-20.14,-4.88,-3.54,18.63,28.21,-2.80,1
x,2022-10-14 19:51:49.549460,0.13,-0.18,0.95,-23.86,-4.15,-8.54,18.63,28.21,-2.80,1
x,2022-10-14 19:51:49.569659,0.10,-0.23,0.95,-32.96,-2.08,-15.69,17.55,27.29,-4.05,1
x,2022-10-14 19:51:49.590098,0.07,-0.23,0.96,-31.37,-5.31,-11.78,17.55,27.29,-4.05,1
x,2022-10-14 19:51:49.609922,0.07,-0.15,1.01,-29.42,-3.85,-10.56,17.22,27.53,-4.79,1
x,2022-10-14 19:51:49.628520,0.12,-0.15,0.99,34.97,-25.39,5.92,17.22,27.53,-4.79,1
x,2022-10-14 19:51:49.647118,0.03,-0.30,1.42,21.67,-16.30,14.16,17.22,27.53,-4.79,1
x,2022-10-14 19:51:49.666261,0.01,-0.06,0.82,-21.00,24.48,3.48,17.68,27.62,-4.10,1
x,2022-10-14 19:51:49.684437,0.01,-0.08,0.92,-1.04,20.51,-13.73,17.68,27.62,-4.10,1
x,2022-10-14 19:51:49.702457,0.04,-0.09,0.84,5.86,22.09,-21.55,17.68,27.62,-4.10,1
x,2022-10-14 19:51:49.721098,0.04,-0.20,0.76,13.61,20.63,-27.59,19.34,27.91,-2.49,1
x,2022-10-14 19:51:49.743619,0.08,-0.31,0.70,19.71,11.78,-24.72,19.34,27.91,-2.49,1
x,2022-10-14 19:51:49.760219,0.12,-0.45,0.67,29.42,-8.24,-20.02,20.39,27.64,-0.34,1
x,2022-10-14 19:51:49.778171,0.20,-0.55,0.80,27.95,-19.23,-12.88,20.39,27.64,-0.34,1
x,2022-10-14 19:51:49.796197,0.17,-0.57,0.39,12.02,-19.96,-5.25,20.39,27.64,-0.34,1
x,2022-10-14 19:51:49.820391,0.22,-0.68,1.02,1.46,-54.69,15.38,19.47,25.55,0.00,1
x,2022-10-14 19:51:49.839944,0.17,-0.52,0.56,-23.50,-34.00,14.77,19.47,25.55,0.00,1
x,2022-10-14 19:51:49.858198,0.07,-0.41,1.36,-29.97,-35.83,16.72,17.55,23.84,0.38,1
x,2022-10-14 19:51:49.877493,0.02,-0.10,1.35,-31.56,-21.06,9.70,17.55,23.84,0.38,1
x,2022-10-14 19:51:49.896322,-0.02,0.10,1.36,-33.45,-1.71,-2.93,17.55,23.84,0.38,1
x,2022-10-14 19:51:49.916255,0.07,-0.03,1.15,11.23,-16.24,-11.96,15.37,23.96,-0.67,1
x,2022-10-14 19:51:49.934315,-0.00,-0.13,1.96,27.71,-32.84,4.09,15.37,23.96,-0.67,1
x,2022-10-14 19:51:49.952552,-0.04,0.09,1.16,-6.04,53.53,0.67,15.37,23.96,-0.67,1
x,2022-10-14 19:51:49.971607,-0.01,-0.18,0.99,26.06,42.42,-10.86,16.44,24.16,-1.35,1
x,2022-10-14 19:51:49.991668,0.04,-0.21,1.03,23.25,33.57,-15.38,16.44,24.16,-1.35,1
x,2022-10-14 19:51:50.010496,0.07,-0.30,1.02,20.02,29.85,-19.35,20.25,26.57,-0.17,1
x,2022-10-14 19:51:50.027994,0.09,-0.39,0.76,7.20,37.11,-21.42,20.25,26.57,-0.17,1
x,2022-10-14 19:51:50.047132,0.13,-0.45,0.68,6.53,15.20,-13.61,20.25,26.57,-0.17,1
x,2022-10-14 19:51:50.068090,0.13,-0.50,0.57,0.67,12.45,-7.57,22.36,30.16,2.61,1
x,2022-10-14 19:51:50.085422,0.07,-0.45,0.58,5.62,-14.47,-0.55,22.36,30.16,2.61,1
x,2022-10-14 19:51:50.105195,0.04,-0.37,0.78,-4.33,-13.79,-7.57,22.51,30.52,4.43,1
x,2022-10-14 19:51:50.124497,0.07,-0.32,0.83,-34.36,18.80,-18.13,22.51,30.52,4.43,1
x,2022-10-14 19:51:50.142292,0.09,-0.24,0.85,-53.16,32.41,-16.91,22.51,30.52,4.43,1
x,2022-10-14 19:51:50.162921,0.19,-0.47,0.30,-54.26,1.65,11.05,21.55,30.81,2.54,1
x,2022-10-14 19:51:50.181270,0.08,-0.21,0.95,-5.07,-44.13,20.51,21.55,30.81,2.54,1
x,2022-10-14 19:51:50.200884,0.02,-0.18,0.56,-9.70,-38.39,16.97,21.55,30.81,2.54,1
x,2022-10-14 19:51:50.219567,0.03,-0.10,1.22,-5.98,-51.64,10.07,20.34,27.75,1.39,1
x,2022-10-14 19:51:50.237738,-0.04,0.11,0.82,-27.59,7.69,-13.79,20.34,27.75,1.39,1
x,2022-10-14 19:51:50.257785,0.11,-0.08,1.24,12.08,-31.19,-21.55,20.31,25.10,1.76,1
x,2022-10-14 19:51:50.276251,-0.02,0.05,1.08,14.04,-22.28,-17.76,20.31,25.10,1.76,1
x,2022-10-14 19:51:50.296082,0.10,-0.12,1.12,46.26,-21.06,-12.39,20.31,25.10,1.76,1
x,2022-10-14 19:51:50.318644,0.11,-0.35,1.05,55.91,-13.43,0.43,22.47,22.69,3.89,1
x,2022-10-14 19:51:50.337042,0.09,-0.37,0.98,57.25,-8.12,16.91,22.47,22.69,3.89,1
x,2022-10-14 19:51:50.356027,0.09,-0.53,0.89,47.12,-6.04,13.61,25.01,22.16,5.81,1
x,2022-10-14 19:51:50.373917,0.07,-0.53,0.89,26.18,-2.75,4.27,25.01,22.16,5.81,1
x,2022-10-14 19:51:50.394466,0.07,-0.51,0.88,-6.47,2.69,-13.43,25.01,22.16,5.81,1
x,2022-10-14 19:51:50.414046,0.04,-0.36,0.91,-22.34,6.10,-23.68,24.43,22.39,4.87,1
x,2022-10-14 19:51:50.432398,0.03,-0.27,0.95,-29.79,6.65,-26.49,24.43,22.39,4.87,1
x,2022-10-14 19:51:50.451566,0.03,-0.20,0.96,-23.80,2.14,-11.72,24.43,22.39,4.87,1
x,2022-10-14 19:51:50.470393,-0.12,-0.27,1.04,-8.00,-0.67,7.87,23.91,22.94,5.25,1
x,2022-10-14 19:51:50.488599,-0.29,-0.26,1.15,10.56,12.88,55.30,23.91,22.94,5.25,1
x,2022-10-14 19:51:50.508910,-0.16,-0.17,1.10,44.74,30.33,78.86,23.55,24.16,3.77,1
x,2022-10-14 19:51:50.526590,-0.07,-0.18,0.97,56.52,25.15,71.72,23.55,24.16,3.77,1
x,2022-10-14 19:51:50.546815,-0.01,-0.23,0.98,57.13,27.95,61.10,23.55,24.16,3.77,1
x,2022-10-14 19:51:50.566546,0.05,-0.27,0.94,54.99,32.35,48.77,22.88,25.44,4.17,1
x,2022-10-14 19:51:50.585361,0.16,-0.28,0.88,52.61,34.42,41.20,22.88,25.44,4.17,1
x,2022-10-14 19:51:50.603935,0.22,-0.31,0.81,44.49,35.10,26.67,22.22,27.73,5.20,1
x,2022-10-14 19:51:50.622837,0.27,-0.33,0.78,32.35,32.84,11.78,22.22,27.73,5.20,1
x,2022-10-14 19:51:50.645565,0.28,-0.31,0.78,10.13,26.92,-9.77,22.22,27.73,5.20,1
x,2022-10-14 19:51:50.664398,0.25,-0.37,0.82,-0.98,23.74,-21.73,21.98,29.66,5.46,1
x,2022-10-14 19:51:50.683212,0.26,-0.40,0.88,2.62,19.23,-21.30,21.98,29.66,5.46,1
x,2022-10-14 19:51:50.701967,0.27,-0.41,0.84,7.75,16.36,-16.97,21.48,30.66,5.91,1
x,2022-10-14 19:51:50.720463,0.29,-0.39,0.82,7.57,11.96,-15.26,21.48,30.66,5.91,1
x,2022-10-14 19:51:50.738594,0.28,-0.40,0.83,-13.61,8.79,-26.00,21.48,30.66,5.91,1
x,2022-10-14 19:51:50.757917,0.26,-0.46,0.82,-10.13,7.75,-32.96,20.90,31.04,7.82,1
x,2022-10-14 19:51:50.777649,0.21,-0.48,0.84,-14.83,5.13,-33.51,20.90,31.04,7.82,1
x,2022-10-14 19:51:50.797401,0.18,-0.50,0.86,-14.71,2.69,-28.93,20.90,31.04,7.82,1
x,2022-10-14 19:51:50.817844,0.18,-0.49,0.86,-10.80,0.43,-19.78,20.75,32.42,10.16,1
x,2022-10-14 19:51:50.836285,0.19,-0.47,0.85,-11.66,-0.37,-15.32,20.75,32.42,10.16,1
x,2022-10-14 19:51:50.856379,0.20,-0.44,0.84,-16.17,0.00,-16.97,20.58,31.79,10.41,1
x,2022-10-14 19:51:50.875675,0.21,-0.43,0.85,-16.36,-1.95,-16.78,20.58,31.79,10.41,1
x,2022-10-14 19:51:50.894758,0.23,-0.41,0.82,-17.52,-3.11,-16.24,20.58,31.79,10.41,1
x,2022-10-14 19:51:50.915935,0.21,-0.35,0.86,-19.84,-7.08,-17.76,20.67,32.85,11.54,1
x,2022-10-14 19:51:50.934228,0.18,-0.37,0.87,-21.73,-7.20,-19.04,20.67,32.85,11.54,1
x,2022-10-14 19:51:50.953256,0.16,-0.39,0.90,-18.98,-8.18,-13.24,19.79,33.35,13.24,1
x,2022-10-14 19:51:50.971999,0.17,-0.39,0.91,-15.63,-7.87,-9.52,19.79,33.35,13.24,1
x,2022-10-14 19:51:50.990352,0.13,-0.37,0.91,-17.03,-8.06,-8.18,19.79,33.35,13.24,1
x,2022-10-14 19:51:51.010253,0.10,-0.36,0.94,-16.91,-8.06,-8.85,19.96,33.31,13.94,1
x,2022-10-14 19:51:51.028276,0.11,-0.34,0.94,-16.72,-4.21,-9.46,19.96,33.31,13.94,1
x,2022-10-14 19:51:51.049083,0.11,-0.33,0.93,-14.47,-3.54,-6.71,19.96,33.31,13.94,1
x,2022-10-14 19:51:51.067903,0.10,-0.31,0.92,-9.46,-3.60,-3.85,19.37,34.75,15.00,1
x,2022-10-14 19:51:51.086299,0.07,-0.28,0.91,-4.46,-3.11,-1.16,19.37,34.75,15.00,1
x,2022-10-14 19:51:51.106119,0.09,-0.33,0.93,-2.26,-1.77,-1.83,19.25,34.56,15.83,1
x,2022-10-14 19:51:51.124122,0.11,-0.33,0.90,-3.97,0.61,-1.04,19.25,34.56,15.83,1
x,2022-10-14 19:51:51.143803,0.11,-0.34,0.90,-2.99,-1.16,0.49,19.25,34.56,15.83,1
x,2022-10-14 19:51:51.163163,0.13,-0.36,0.91,-3.91,-2.81,3.17,19.12,35.06,15.67,1
x,2022-10-14 19:51:51.181571,0.13,-0.33,0.92,-6.10,-2.32,4.76,19.12,35.06,15.67,1
x,2022-10-14 19:51:51.200817,0.13,-0.33,0.90,-6.84,-1.10,4.15,19.06,35.60,15.25,1
x,2022-10-14 19:51:51.220922,0.17,-0.29,0.87,-6.16,-2.62,3.17,19.06,35.60,15.25,1
x,2022-10-14 19:51:51.239702,0.19,-0.28,0.85,-9.89,-4.94,-0.37,19.06,35.60,15.25,1
x,2022-10-14 19:51:51.260579,0.18,-0.27,0.85,-13.06,-12.82,-4.27,19.19,35.72,15.77,1
x,2022-10-14 19:51:51.279917,0.15,-0.17,0.96,-19.10,-12.51,-8.54,19.19,35.72,15.77,1
x,2022-10-14 19:51:51.299530,0.12,-0.19,0.98,-20.69,-7.32,-16.24,19.19,35.72,15.77,1
x,2022-10-14 19:51:51.319524,-0.85,-0.27,0.76,-14.40,-3.72,-14.71,19.54,36.79,16.78,1
x,2022-10-14 19:51:51.337707,0.12,-0.16,1.00,25.45,-11.72,12.27,19.54,36.79,16.78,1
x,2022-10-14 19:51:51.359426,0.08,-0.33,0.87,43.52,-16.05,21.91,19.43,36.13,16.98,1
x,2022-10-14 19:51:51.379112,-0.01,-0.23,0.96,14.40,-6.04,20.69,19.43,36.13,16.98,1
x,2022-10-14 19:51:51.396525,0.05,-0.19,0.94,1.53,21.42,-15.56,19.43,36.13,16.98,1
x,2022-10-14 19:51:51.417201,0.06,-0.30,0.77,4.76,24.96,-20.14,18.05,35.79,20.41,1
x,2022-10-14 19:51:51.437125,0.06,-0.23,0.76,8.36,20.20,-15.56,18.05,35.79,20.41,1
x,2022-10-14 19:51:51.455911,0.07,-0.26,0.75,17.58,14.16,-16.24,17.80,34.80,19.34,1
x,2022-10-14 19:51:51.474295,0.11,-0.43,0.71,25.88,-0.85,-18.55,17.80,34.80,19.34,1
x,2022-10-14 19:51:51.492279,0.16,-0.49,0.70,25.82,-9.89,-13.98,17.80,34.80,19.34,1
x,2022-10-14 19:51:51.514446,0.19,-0.62,0.74,26.43,-26.18,-9.16,20.01,31.29,19.85,1
x,2022-10-14 19:51:51.531662,0.21,-0.58,0.89,1.28,-31.98,7.87,20.01,31.29,19.85,1
x,2022-10-14 19:51:51.551096,0.18,-0.51,0.78,-9.16,-34.97,11.29,24.24,28.19,18.49,1
x,2022-10-14 19:51:51.571124,0.14,-0.41,1.17,-8.91,-44.07,9.70,24.24,28.19,18.49,1
x,2022-10-14 19:51:51.590146,0.07,-0.23,1.27,-24.90,-9.40,-6.41,24.24,28.19,18.49,1
x,2022-10-14 19:51:51.610273,0.07,-0.13,1.15,-21.61,1.71,-18.74,26.48,28.21,16.48,1
x,2022-10-14 19:51:51.628219,0.09,-0.21,1.05,-1.34,-22.52,-13.18,26.48,28.21,16.48,1
x,2022-10-14 19:51:51.646282,0.06,-0.24,1.15,20.75,-35.64,-3.60,26.48,28.21,16.48,1
x,2022-10-14 19:51:51.665414,0.00,-0.06,1.21,-7.45,35.46,5.31,26.51,27.82,17.52,1
x,2022-10-14 19:51:51.684666,0.07,-0.24,1.05,10.68,44.01,-5.43,26.51,27.82,17.52,1
x,2022-10-14 19:51:51.703917,0.05,-0.28,1.04,12.45,58.47,-7.75,21.25,32.23,19.75,1
x,2022-10-14 19:51:51.723691,0.10,-0.41,0.90,18.74,24.72,-8.24,21.25,32.23,19.75,1
x,2022-10-14 19:51:51.741441,0.06,-0.37,0.66,-9.89,57.07,-12.63,21.25,32.23,19.75,1
x,2022-10-14 19:51:51.760390,0.12,-0.40,0.76,6.90,31.13,-13.92,15.72,34.68,21.72,1
x,2022-10-14 19:51:51.779947,0.13,-0.45,0.76,14.04,10.44,-5.80,15.72,34.68,21.72,1
x,2022-10-14 19:51:51.797914,0.11,-0.54,0.38,4.58,10.80,-4.39,15.72,34.68,21.72,1
x,2022-10-14 19:51:51.816519,0.08,-0.48,0.74,10.44,-14.71,-0.49,13.18,35.56,23.89,1
x,2022-10-14 19:51:51.836392,0.09,-0.43,0.78,-26.73,16.11,-12.76,13.18,35.56,23.89,1
x,2022-10-14 19:51:51.858282,0.12,-0.35,0.79,-47.85,31.25,-15.63,12.65,36.01,22.92,1
x,2022-10-14 19:51:51.876345,0.03,-0.36,0.36,-4.58,-50.78,11.84,12.65,36.01,22.92,1
x,2022-10-14 19:51:51.894269,0.05,-0.25,0.72,-8.79,-43.58,12.94,12.65,36.01,22.92,1
x,2022-10-14 19:51:51.914681,0.07,-0.20,1.06,-2.99,-43.82,8.97,18.01,34.31,21.57,1
x,2022-10-14 19:51:51.937468,0.03,-0.08,1.12,-26.73,-5.74,-1.71,18.01,34.31,21.57,1
x,2022-10-14 19:51:51.953463,0.04,-0.02,1.06,-2.08,-12.57,-9.34,22.00,31.88,20.02,1
x,2022-10-14 19:51:51.973128,0.07,-0.00,1.09,25.33,-25.88,-8.18,22.00,31.88,20.02,1
x,2022-10-14 19:51:51.993093,0.05,-0.14,1.14,54.20,-26.12,-4.33,22.00,31.88,20.02,1
x,2022-10-14 19:51:52.012575,0.06,-0.33,1.03,61.10,-16.11,-1.53,25.17,27.70,20.48,1
x,2022-10-14 19:51:52.031092,0.14,-0.55,0.94,60.97,-5.37,-2.50,25.17,27.70,20.48,1
x,2022-10-14 19:51:52.050092,0.15,-0.64,0.84,43.52,2.44,7.87,26.87,25.46,21.22,1
x,2022-10-14 19:51:52.068921,0.14,-0.71,0.82,24.05,4.27,7.93,26.87,25.46,21.22,1
x,2022-10-14 19:51:52.091319,0.11,-0.61,0.87,-2.81,8.42,3.42,26.87,25.46,21.22,1
x,2022-10-14 19:51:52.111128,0.08,-0.45,0.91,-33.08,10.19,-13.49,27.17,25.55,21.59,1
x,2022-10-14 19:51:52.131049,0.05,-0.37,0.93,-42.24,7.57,-16.48,27.17,25.55,21.59,1
x,2022-10-14 19:51:52.150507,-0.21,-0.61,1.14,-19.41,3.42,6.90,26.48,27.01,20.69,1
x,2022-10-14 19:51:52.168652,-0.20,-0.29,1.17,10.93,12.08,55.05,26.48,27.01,20.69,1
x,2022-10-14 19:51:52.188583,-0.05,-0.21,1.10,43.88,19.35,72.63,26.48,27.01,20.69,1
x,2022-10-14 19:51:52.206599,0.02,-0.22,0.93,51.76,34.79,63.60,24.44,28.22,16.55,1
x,2022-10-14 19:51:52.224900,0.09,-0.29,0.88,47.67,34.30,49.56,24.44,28.22,16.55,1
x,2022-10-14 19:51:52.243125,0.15,-0.32,0.86,44.07,32.96,37.41,24.44,28.22,16.55,1
x,2022-10-14 19:51:52.263437,0.20,-0.36,0.84,40.22,32.10,27.22,22.05,29.42,15.50,1
x,2022-10-14 19:51:52.281359,0.28,-0.39,0.77,35.95,30.94,15.20,22.05,29.42,15.50,1
x,2022-10-14 19:51:52.302343,0.31,-0.43,0.73,31.13,26.49,7.57,20.48,30.91,12.13,1
x,2022-10-14 19:51:52.321345,0.32,-0.45,0.71,19.23,18.31,-2.14,20.48,30.91,12.13,1
x,2022-10-14 19:51:52.339900,0.36,-0.45,0.71,11.41,11.29,-6.47,20.48,30.91,12.13,1
x,2022-10-14 19:51:52.361874,0.35,-0.43,0.76,0.92,7.02,-15.75,20.59,31.96,10.29,1
x,2022-10-14 19:51:52.384521,0.30,-0.47,0.78,-7.45,1.71,-21.24,20.59,31.96,10.29,1
x,2022-10-14 19:51:52.402725,0.28,-0.42,0.85,-9.58,2.44,-21.06,21.67,32.78,12.28,1
x,2022-10-14 19:51:52.423167,0.23,-0.46,0.85,-9.77,2.87,-24.90,21.67,32.78,12.28,1
x,2022-10-14 19:51:52.442486,0.23,-0.47,0.87,-4.09,-0.31,-20.87,21.67,32.78,12.28,1
x,2022-10-14 19:51:52.461867,0.22,-0.47,0.86,-0.92,-1.34,-1.04,20.86,32.96,11.58,1
x,2022-10-14 19:51:52.481179,0.20,-0.51,0.84,0.24,-1.83,-12.88,20.86,32.96,11.58,1
x,2022-10-14 19:51:52.500128,0.20,-0.49,0.85,-1.89,-0.18,-12.02,21.20,32.84,11.84,1
x,2022-10-14 19:51:52.518455,0.23,-0.48,0.81,-7.39,3.48,-19.53,21.20,32.84,11.84,1
x,2022-10-14 19:51:52.535605,0.24,-0.47,0.82,-16.91,1.83,-25.02,21.20,32.84,11.84,1
x,2022-10-14 19:51:52.556495,0.22,-0.45,0.84,-22.22,1.10,-28.14,20.87,33.11,13.21,1
x,2022-10-14 19:51:52.574977,0.21,-0.46,0.85,-19.65,0.00,-26.00,20.87,33.11,13.21,1
x,2022-10-14 19:51:52.594758,0.24,-0.48,0.83,-12.70,-1.83,-15.44,20.87,33.11,13.21,1
x,2022-10-14 19:51:52.615735,0.28,-0.39,0.84,-12.57,-4.70,-12.88,20.62,33.47,13.93,1
x,2022-10-14 19:51:52.636911,0.25,-0.41,0.86,-14.95,-5.80,-16.97,20.62,33.47,13.93,1
x,2022-10-14 19:51:52.656426,0.23,-0.47,0.84,-15.44,-8.18,-14.16,20.40,32.82,15.33,1
x,2022-10-14 19:51:52.674822,0.22,-0.50,0.86,-14.04,-11.72,-4.82,20.40,32.82,15.33,1
x,2022-10-14 19:51:52.693189,0.16,-0.47,0.88,-14.65,-11.96,-1.04,20.40,32.82,15.33,1
x,2022-10-14 19:51:52.715181,0.16,-0.48,0.86,-14.95,-10.38,0.37,20.02,32.02,17.43,1
x,2022-10-14 19:51:52.734610,0.17,-0.44,0.83,-17.40,-10.62,2.56,20.02,32.02,17.43,1
x,2022-10-14 19:51:52.752899,0.14,-0.41,0.89,-25.15,-7.93,-3.36,18.21,30.74,19.58,1
x,2022-10-14 19:51:52.771682,0.12,-0.45,0.86,-26.37,-6.53,-4.58,18.21,30.74,19.58,1
x,2022-10-14 19:51:52.793168,0.14,-0.38,0.87,-22.28,-11.72,3.85,18.21,30.74,19.58,1
x,2022-10-14 19:51:52.811643,0.14,-0.26,0.93,-21.79,-9.40,-0.55,17.03,29.88,21.24,1
x,2022-10-14 19:51:52.829970,0.14,-0.23,0.90,-21.67,-6.23,-7.69,17.03,29.88,21.24,1
x,2022-10-14 19:51:52.850846,0.11,-0.25,0.93,-17.09,-5.55,-16.72,15.56,29.43,24.11,1
x,2022-10-14 19:51:52.868948,0.07,-0.26,0.97,-14.28,-2.32,-17.88,15.56,29.43,24.11,1
x,2022-10-14 19:51:52.889491,0.06,-0.30,0.93,-5.68,-0.12,-15.93,15.56,29.43,24.11,1
x,2022-10-14 19:51:52.908916,0.14,-0.30,0.90,50.54,-22.71,22.58,15.04,27.98,26.44,1
x,2022-10-14 19:51:52.931545,0.05,-0.31,1.03,39.43,-18.31,22.22,15.04,27.98,26.44,1
x,2022-10-14 19:51:52.950347,0.05,-0.30,0.85,4.46,13.24,-2.56,15.32,26.55,27.16,1
x,2022-10-14 19:51:52.969929,0.06,-0.28,0.83,-3.05,17.33,-9.95,15.32,26.55,27.16,1
x,2022-10-14 19:51:52.988090,0.09,-0.28,0.81,4.64,17.76,-15.56,15.32,26.55,27.16,1
x,2022-10-14 19:51:53.007694,0.11,-0.31,0.73,14.53,14.10,-12.39,16.59,25.73,25.84,1
x,2022-10-14 19:51:53.026061,0.09,-0.36,0.73,25.82,7.93,-11.23,16.59,25.73,25.84,1
x,2022-10-14 19:51:53.046153,0.12,-0.47,0.76,29.85,-0.49,-16.05,16.59,25.73,25.84,1
x,2022-10-14 19:51:53.066987,0.16,-0.56,0.75,23.32,-7.14,-14.89,21.91,24.22,26.81,1
x,2022-10-14 19:51:53.085004,0.17,-0.69,0.68,17.94,-20.08,-12.15,21.91,24.22,26.81,1
x,2022-10-14 19:51:53.105387,0.23,-0.71,0.93,13.00,-39.61,3.78,27.54,23.56,24.69,1
x,2022-10-14 19:51:53.123700,0.16,-0.50,0.94,-10.19,-33.26,9.58,27.54,23.56,24.69,1
x,2022-10-14 19:51:53.143249,0.13,-0.48,1.13,-2.01,-40.47,11.35,27.54,23.56,24.69,1
x,2022-10-14 19:51:53.164166,0.10,-0.40,1.17,-15.38,-20.32,9.58,30.26,24.05,23.33,1
x,2022-10-14 19:51:53.183297,0.04,-0.17,1.21,-15.50,-12.15,7.75,30.26,24.05,23.33,1
x,2022-10-14 19:51:53.203369,0.10,-0.24,1.04,-4.33,-6.71,-1.53,30.51,24.78,21.96,1
x,2022-10-14 19:51:53.221662,0.11,-0.32,1.01,34.61,-31.07,8.48,30.51,24.78,21.96,1
x,2022-10-14 19:51:53.240671,0.08,-0.40,1.00,46.81,-43.82,11.35,30.51,24.78,21.96,1
x,2022-10-14 19:51:53.262435,-0.04,-0.35,1.52,20.51,-18.37,7.69,30.53,22.17,22.64,1
x,2022-10-14 19:51:53.281509,0.07,-0.31,0.83,-18.62,74.71,-21.61,30.53,22.17,22.64,1
x,2022-10-14 19:51:53.302880,0.10,-0.37,1.08,-2.62,50.35,-29.72,26.06,23.49,24.22,1
x,2022-10-14 19:51:53.321620,0.13,-0.50,0.71,-1.89,45.41,-26.37,26.06,23.49,24.22,1
x,2022-10-14 19:51:53.339047,0.12,-0.52,0.53,2.81,29.72,-14.04,26.06,23.49,24.22,1
x,2022-10-14 19:51:53.358742,0.11,-0.59,0.58,10.31,14.10,-4.94,22.08,24.32,26.10,1
x,2022-10-14 19:51:53.376936,0.07,-0.55,0.62,13.49,-13.06,3.91,22.08,24.32,26.10,1
x,2022-10-14 19:51:53.394887,0.08,-0.51,0.74,-7.20,-3.11,-5.25,22.08,24.32,26.10,1
x,2022-10-14 19:51:53.414189,0.09,-0.47,0.76,-29.91,15.50,-11.41,21.36,24.48,26.94,1
x,2022-10-14 19:51:53.434044,0.11,-0.39,0.81,-49.07,29.72,-11.29,21.36,24.48,26.94,1
x,2022-10-14 19:51:53.453124,0.07,-0.49,0.04,-47.36,30.09,1.04,20.46,26.84,26.50,1
x,2022-10-14 19:51:53.471623,0.13,-0.29,0.94,-5.43,-39.61,15.81,20.46,26.84,26.50,1
x,2022-10-14 19:51:53.492791,0.01,-0.14,0.63,-21.12,-17.09,9.58,20.46,26.84,26.50,1
x,2022-10-14 19:51:53.513425,0.08,-0.22,1.27,13.92,-61.04,-5.13,26.11,26.48,25.39,1
x,2022-10-14 19:51:53.531449,0.02,-0.04,1.01,-8.73,-9.64,-16.30,26.11,26.48,25.39,1
x,2022-10-14 19:51:53.550409,0.12,-0.28,1.19,33.45,-17.88,-24.78,33.57,26.99,24.02,1
x,2022-10-14 19:51:53.568130,0.12,-0.33,1.02,36.93,-9.40,-8.54,33.57,26.99,24.02,1
x,2022-10-14 19:51:53.586242,0.14,-0.44,1.00,50.29,-10.99,-3.72,33.57,26.99,24.02,1
x,2022-10-14 19:51:53.607384,0.12,-0.54,0.94,48.89,-7.32,1.83,38.92,27.28,21.29,1
x,2022-10-14 19:51:53.628159,0.13,-0.64,0.89,29.11,0.61,-0.49,38.92,27.28,21.29,1
x,2022-10-14 19:51:53.646641,0.12,-0.64,0.86,9.46,3.36,-2.56,40.98,28.48,21.50,1
x,2022-10-14 19:51:53.666170,0.12,-0.57,0.88,-14.34,0.24,-8.18,40.98,28.48,21.50,1
x,2022-10-14 19:51:53.684435,0.04,-0.48,0.95,-24.41,-0.98,-12.88,40.98,28.48,21.50,1
x,2022-10-14 19:51:53.703630,-0.21,-0.62,1.07,-28.63,8.12,-7.14,40.48,30.79,21.08,1
x,2022-10-14 19:51:53.723309,-0.25,-0.54,1.16,12.57,18.62,45.96,40.48,30.79,21.08,1
x,2022-10-14 19:51:53.740374,-0.08,-0.37,1.09,38.39,30.15,65.67,40.48,30.79,21.08,1
x,2022-10-14 19:51:53.760770,-0.00,-0.32,0.96,48.71,39.55,67.50,35.28,31.70,19.12,1
x,2022-10-14 19:51:53.782268,0.09,-0.33,0.89,53.10,46.26,51.57,35.28,31.70,19.12,1
x,2022-10-14 19:51:53.800224,0.21,-0.34,0.82,47.73,50.96,39.61,28.69,34.96,16.77,1
x,2022-10-14 19:51:53.818911,0.28,-0.41,0.74,38.39,50.90,23.25,28.69,34.96,16.77,1
x,2022-10-14 19:51:53.838298,0.32,-0.47,0.73,26.18,43.27,12.57,28.69,34.96,16.77,1
x,2022-10-14 19:51:53.857557,0.40,-0.46,0.65,22.34,37.78,8.67,24.39,38.67,14.33,1
x,2022-10-14 19:51:53.876382,0.45,-0.46,0.64,17.76,26.79,3.23,24.39,38.67,14.33,1
x,2022-10-14 19:51:53.894630,0.46,-0.45,0.65,7.20,18.68,-6.47,24.39,38.67,14.33,1
x,2022-10-14 19:51:53.912905,0.44,-0.49,0.68,-5.98,7.26,-18.55,22.84,41.92,13.65,1
x,2022-10-14 19:51:53.932483,0.39,-0.45,0.73,-8.48,-0.43,-20.45,22.84,41.92,13.65,1
x,2022-10-14 19:51:53.956024,0.34,-0.46,0.74,-12.08,-2.26,-25.70,22.46,42.46,12.44,1
x,2022-10-14 19:51:53.973887,0.30,-0.48,0.77,-6.77,-7.14,-23.32,22.46,42.46,12.44,1
x,2022-10-14 19:51:53.994051,0.29,-0.47,0.79,-3.85,-7.20,-22.16,22.46,42.46,12.44,1
x,2022-10-14 19:51:54.015542,0.24,-0.51,0.81,1.95,-8.85,-23.32,23.03,42.88,13.82,1
x,2022-10-14 19:51:54.033080,0.26,-0.51,0.81,1.22,-6.65,-27.40,23.03,42.88,13.82,1
x,2022-10-14 19:51:54.052053,0.21,-0.67,0.73,-1.65,-8.00,-26.98,23.55,43.09,15.83,1
x,2022-10-14 19:51:54.071611,0.19,-0.60,0.80,-8.73,-12.82,-11.90,23.55,43.09,15.83,1
x,2022-10-14 19:51:54.091079,0.21,-0.53,0.81,-10.44,-12.27,-9.40,23.55,43.09,15.83,1
x,2022-10-14 19:51:54.113425,0.21,-0.55,0.81,-9.22,-12.45,-8.97,24.23,42.46,17.08,1
x,2022-10-14 19:51:54.131572,0.22,-0.50,0.82,-10.80,-10.93,-9.40,24.23,42.46,17.08,1
x,2022-10-14 19:51:54.151464,0.22,-0.52,0.81,-11.90,-8.97,-10.93,25.49,41.64,18.53,1
x,2022-10-14 19:51:54.170869,0.22,-0.51,0.76,-17.21,-11.78,-9.77,25.49,41.64,18.53,1
x,2022-10-14 19:51:54.189650,0.19,-0.48,0.82,-22.28,-14.71,-11.17,25.49,41.64,18.53,1
x,2022-10-14 19:51:54.209164,0.13,-0.48,0.90,-26.73,-8.00,-14.65,26.23,40.58,20.76,1
x,2022-10-14 19:51:54.228513,0.16,-0.47,0.88,-21.12,-5.43,-10.25,26.23,40.58,20.76,1
x,2022-10-14 19:51:54.253182,0.18,-0.45,0.85,-16.78,-5.98,-4.88,27.17,39.90,21.77,1
x,2022-10-14 19:51:54.271308,0.21,-0.46,0.80,-15.99,-12.08,0.43,27.17,39.90,21.77,1
x,2022-10-14 19:51:54.290857,0.20,-0.40,0.80,-21.30,-15.26,-2.01,27.17,39.90,21.77,1
x,2022-10-14 19:51:54.310564,0.16,-0.31,0.88,-33.75,-13.92,-16.42,28.50,38.10,24.27,1
x,2022-10-14 19:51:54.329353,0.12,-0.35,0.91,-27.65,-12.39,-22.28,28.50,38.10,24.27,1
x,2022-10-14 19:51:54.348359,0.09,-0.35,0.87,-18.43,-11.60,-17.46,31.41,36.56,28.32,1
x,2022-10-14 19:51:54.366123,-1.50,-1.17,1.59,-2.99,-14.53,-10.68,31.41,36.56,28.32,1
x,2022-10-14 19:51:54.384005,0.17,-0.30,0.92,45.96,-21.48,23.38,31.41,36.56,28.32,1
x,2022-10-14 19:51:54.403878,0.08,-0.53,0.78,54.63,-26.98,24.17,33.81,35.12,28.53,1
x,2022-10-14 19:51:54.422201,0.10,-0.50,0.82,14.59,-16.11,17.03,33.81,35.12,28.53,1
x,2022-10-14 19:51:54.439996,-0.11,0.01,1.24,8.79,-5.31,9.77,33.81,35.12,28.53,1
x,2022-10-14 19:51:54.459298,0.12,-0.43,0.84,-5.68,34.67,-20.75,34.22,34.90,28.23,1
x,2022-10-14 19:51:54.478023,0.10,-0.53,0.65,-5.80,33.02,-16.48,34.22,34.90,28.23,1
x,2022-10-14 19:51:54.499841,0.10,-0.42,0.78,-1.95,21.85,-1.10,32.96,37.34,29.93,1
x,2022-10-14 19:51:54.519048,0.10,-0.41,0.78,-0.55,23.86,-2.44,32.96,37.34,29.93,1
x,2022-10-14 19:51:54.538032,0.11,-0.40,0.77,2.32,22.64,-6.90,32.96,37.34,29.93,1
x,2022-10-14 19:51:54.558119,0.12,-0.41,0.72,10.93,11.66,-14.16,34.31,39.60,30.05,1
x,2022-10-14 19:51:54.576525,0.12,-0.49,0.71,18.43,-0.49,-16.48,34.31,39.60,30.05,1
x,2022-10-14 19:51:54.595937,0.14,-0.58,0.71,24.48,-22.46,-15.69,37.83,40.76,29.41,1
x,2022-10-14 19:51:54.615606,0.17,-0.66,0.70,26.43,-38.21,-11.29,37.83,40.76,29.41,1
x,2022-10-14 19:51:54.633003,0.14,-0.62,0.72,7.81,-33.26,-6.41,37.83,40.76,29.41,1
x,2022-10-14 19:51:54.652456,0.18,-0.71,0.78,18.86,-58.41,-4.82,42.82,40.95,26.33,1
x,2022-10-14 19:51:54.671101,0.15,-0.60,0.97,-3.60,-48.40,1.16,42.82,40.95,26.33,1
x,2022-10-14 19:51:54.689107,0.10,-0.51,1.17,-13.79,-33.02,-5.37,42.82,40.95,26.33,1
x,2022-10-14 19:51:54.709728,0.03,-0.28,1.30,-32.23,-0.31,-20.69,45.54,39.78,22.83,1
x,2022-10-14 19:51:54.728605,0.11,-0.35,0.99,-7.93,-1.04,-30.70,45.54,39.78,22.83,1
x,2022-10-14 19:51:54.749371,0.09,-0.36,0.99,11.96,-19.65,-19.41,45.36,39.94,22.34,1
x,2022-10-14 19:51:54.767113,0.16,-0.79,1.70,28.87,-20.75,-3.72,45.36,39.94,22.34,1
x,2022-10-14 19:51:54.786235,0.03,-0.24,0.86,10.86,46.69,6.29,45.36,39.94,22.34,1
x,2022-10-14 19:51:54.807092,0.10,-0.44,0.95,15.56,35.58,0.85,43.13,39.71,23.78,1
x,2022-10-14 19:51:54.825863,0.08,-0.43,0.99,12.33,31.56,-2.87,43.13,39.71,23.78,1
x,2022-10-14 19:51:54.845189,0.08,-0.49,0.82,9.22,29.54,-13.92,37.83,41.20,29.46,1
x,2022-10-14 19:51:54.863147,0.11,-0.43,1.02,-0.85,37.54,-21.24,37.83,41.20,29.46,1
x,2022-10-14 19:51:54.882265,0.11,-0.48,0.48,-28.20,78.43,-34.24,37.83,41.20,29.46,1
x,2022-10-14 19:51:54.901364,0.11,-0.63,0.57,10.44,10.38,-9.46,30.66,45.21,31.49,1
x,2022-10-14 19:51:54.921531,0.09,-0.53,0.63,2.69,15.08,-4.03,30.66,45.21,31.49,1
x,2022-10-14 19:51:54.939634,0.07,-0.59,0.53,6.71,5.80,-0.31,30.66,45.21,31.49,1
x,2022-10-14 19:51:54.959690,0.08,-0.57,0.67,9.16,-14.34,-0.37,27.19,47.01,32.57,1
x,2022-10-14 19:51:54.978687,0.10,-0.55,0.72,-12.70,4.94,-4.82,27.19,47.01,32.57,1
x,2022-10-14 19:51:54.997468,0.11,-0.52,0.74,-29.85,22.09,-6.65,27.04,47.24,32.03,1
x,2022-10-14 19:51:55.016044,0.08,-0.51,0.56,-33.51,16.30,0.18,27.04,47.24,32.03,1
x,2022-10-14 19:51:55.033910,0.14,-0.42,0.90,1.89,-42.30,10.07,27.04,47.24,32.03,1
x,2022-10-14 19:51:55.054548,0.04,-0.32,0.70,-16.30,-20.14,2.69,31.29,46.11,30.22,1
x,2022-10-14 19:51:55.074317,0.08,-0.25,0.91,-8.24,-26.18,-7.14,31.29,46.11,30.22,1
x,2022-10-14 19:51:55.092431,0.17,-0.35,1.56,29.85,-61.95,-22.52,31.29,46.11,30.22,1
x,2022-10-14 19:51:55.114224,0.02,-0.06,0.83,1.53,-1.59,-17.33,38.11,46.00,29.52,1
x,2022-10-14 19:51:55.131959,0.12,-0.32,1.04,45.29,-14.89,-12.45,38.11,46.00,29.52,1
x,2022-10-14 19:51:55.151605,0.13,-0.50,1.00,61.83,-8.00,-1.53,41.33,48.56,28.55,1
x,2022-10-14 19:51:55.172485,0.15,-0.72,0.90,71.53,-4.27,7.02,41.33,48.56,28.55,1
x,2022-10-14 19:51:55.191584,0.14,-0.86,0.78,59.57,0.85,15.93,41.33,48.56,28.55,1
x,2022-10-14 19:51:55.210619,0.14,-0.87,0.77,37.29,3.91,10.86,41.60,49.63,28.85,1
x,2022-10-14 19:51:55.229289,0.12,-0.82,0.77,10.86,7.08,1.53,41.60,49.63,28.85,1
x,2022-10-14 19:51:55.249726,0.10,-0.63,0.81,-20.20,8.85,-20.02,40.92,50.22,28.32,1
x,2022-10-14 19:51:55.267244,0.08,-0.54,0.82,-28.38,6.59,-26.00,40.92,50.22,28.32,1
x,2022-10-14 19:51:55.286977,0.06,-0.51,0.82,-25.57,5.07,-21.73,40.92,50.22,28.32,1
x,2022-10-14 19:51:55.307598,-0.15,-1.00,1.03,-6.71,8.48,7.63,39.87,51.34,29.30,1
x,2022-10-14 19:51:55.326047,-0.23,-0.63,1.03,17.46,25.63,65.61,39.87,51.34,29.30,1
x,2022-10-14 19:51:55.346535,-0.12,-0.55,0.86,46.63,36.93,83.86,35.91,47.34,25.50,1
x,2022-10-14 19:51:55.365763,0.04,-0.61,0.65,49.56,43.21,71.11,35.91,47.34,25.50,1
x,2022-10-14 19:51:55.383563,0.12,-0.68,0.69,43.70,38.21,60.18,35.91,47.34,25.50,1
x,2022-10-14 19:51:55.405130,0.15,-0.71,0.64,40.41,39.06,57.92,29.54,45.53,19.86,1
x,2022-10-14 19:51:55.422998,0.26,-0.69,0.54,46.39,34.61,63.78,29.54,45.53,19.86,1
x,2022-10-14 19:51:55.441137,0.39,-0.66,0.47,44.56,30.82,61.46,29.54,45.53,19.86,1
x,2022-10-14 19:51:55.460566,0.46,-0.70,0.40,30.70,23.62,49.74,25.88,43.62,15.71,1
x,2022-10-14 19:51:55.479464,0.44,-0.72,0.42,4.70,5.43,34.18,25.88,43.62,15.71,1
x,2022-10-14 19:51:55.498128,0.39,-0.78,0.39,-4.09,-3.54,28.32,25.71,41.24,11.91,1
x,2022-10-14 19:51:55.518097,0.42,-0.77,0.45,-3.97,-15.32,31.86,25.71,41.24,11.91,1
x,2022-10-14 19:51:55.536080,0.45,-0.70,0.46,-3.17,-31.49,38.51,25.71,41.24,11.91,1
x,2022-10-14 19:51:55.556916,0.43,-0.64,0.49,-12.45,-40.83,34.30,26.51,39.36,8.86,1
x,2022-10-14 19:51:55.575135,0.36,-0.58,0.55,-17.15,-51.94,30.52,26.51,39.36,8.86,1
x,2022-10-14 19:51:55.593916,0.33,-0.53,0.60,-18.80,-53.71,24.11,28.17,35.77,4.76,1
x,2022-10-14 19:51:55.613750,0.31,-0.57,0.68,-14.53,-56.88,23.01,28.17,35.77,4.76,1
x,2022-10-14 19:51:55.633257,0.27,-0.55,0.73,-21.06,-55.05,23.07,28.17,35.77,4.76,1
x,2022-10-14 19:51:55.652048,0.26,-0.53,0.71,-28.75,-49.50,22.34,29.77,33.17,-0.49,1
x,2022-10-14 19:51:55.671114,0.29,-0.44,0.70,-30.21,-50.96,21.30,29.77,33.17,-0.49,1
x,2022-10-14 19:51:55.690590,0.25,-0.36,0.82,-40.77,-54.02,13.24,29.77,33.17,-0.49,1
x,2022-10-14 19:51:55.709839,0.22,-0.32,0.91,-60.79,-44.43,-7.69,30.83,30.19,-5.16,1
x,2022-10-14 19:51:55.729815,0.17,-0.35,0.93,-63.48,-36.99,-13.85,30.83,30.19,-5.16,1
x,2022-10-14 19:51:55.749742,0.14,-0.39,0.94,-46.08,-35.03,-5.19,31.51,27.87,-10.10,1
x,2022-10-14 19:51:55.769821,0.23,-0.35,0.89,-14.16,-35.40,21.79,31.51,27.87,-10.10,1
x,2022-10-14 19:51:55.788587,0.24,-0.20,0.96,-20.57,-35.03,20.45,31.51,27.87,-10.10,1
x,2022-10-14 19:51:55.807516,0.22,-0.13,1.01,-42.36,-23.80,-7.57,30.21,26.10,-14.09,1
x,2022-10-14 19:51:55.827706,0.17,-0.19,1.03,-42.91,-18.31,-16.24,30.21,26.10,-14.09,1
x,2022-10-14 19:51:55.848049,0.17,-0.23,1.02,-28.14,-19.84,-10.99,30.80,23.99,-18.20,1
x,2022-10-14 19:51:55.867883,0.13,-0.24,1.06,-12.57,-26.12,-1.10,30.80,23.99,-18.20,1
x,2022-10-14 19:51:55.886402,0.07,-0.26,1.09,-13.18,-22.95,-3.36,30.80,23.99,-18.20,1
x,2022-10-14 19:51:55.905921,0.05,-0.28,1.06,-19.47,-15.93,-11.78,31.51,21.94,-19.17,1
x,2022-10-14 19:51:55.925341,0.05,-0.22,1.11,-27.65,-8.67,-20.45,31.51,21.94,-19.17,1
x,2022-10-14 19:51:55.949228,0.02,-0.27,1.12,-28.44,-3.91,-24.84,32.48,20.80,-21.51,1
x,2022-10-14 19:51:55.967014,0.01,-0.26,1.05,-11.17,-1.40,-10.99,32.48,20.80,-21.51,1
x,2022-10-14 19:51:55.986459,0.08,-0.20,1.00,0.06,0.73,-4.88,32.48,20.80,-21.51,1
x,2022-10-14 19:51:56.007478,0.10,-0.28,0.88,-0.18,2.87,-12.33,33.61,19.48,-20.86,1
x,2022-10-14 19:51:56.025470,0.11,-0.29,0.86,-16.60,-3.54,-17.64,33.61,19.48,-20.86,1
x,2022-10-14 19:51:56.046284,0.07,-0.26,0.92,-26.18,-5.25,-23.93,35.33,17.87,-19.62,1
x,2022-10-14 19:51:56.068233,0.02,-0.30,0.98,-21.18,-5.31,-19.84,35.33,17.87,-19.62,1
x,2022-10-14 19:51:56.084093,0.02,-0.26,1.00,-12.76,-5.00,-10.38,35.33,17.87,-19.62,1
x,2022-10-14 19:51:56.103936,0.08,-0.19,0.95,-10.86,2.69,-12.63,36.88,16.75,-17.74,1
x,2022-10-14 19:51:56.123168,0.09,-0.23,0.90,-14.59,0.43,-18.74,36.88,16.75,-17.74,1
x,2022-10-14 19:51:56.146122,0.08,-0.21,0.92,-21.61,-0.24,-23.25,39.12,15.12,-15.67,1
x,2022-10-14 19:51:56.162937,-0.14,-0.40,1.08,-12.08,-10.13,-18.92,39.12,15.12,-15.67,1
x,2022-10-14 19:51:56.183466,-0.02,-0.25,1.12,37.23,-13.67,6.23,39.12,15.12,-15.67,1
x,2022-10-14 19:51:56.203738,0.08,-0.36,0.89,54.69,-26.31,16.60,39.75,13.78,-14.89,1
x,2022-10-14 19:51:56.222316,-0.04,-0.18,1.03,-18.13,22.77,3.42,39.75,13.78,-14.89,1
x,2022-10-14 19:51:56.242124,0.03,-0.23,0.95,-15.01,35.16,-12.27,39.33,13.99,-13.83,1
x,2022-10-14 19:51:56.261679,0.08,-0.26,0.78,0.37,26.43,-14.77,39.33,13.99,-13.83,1
x,2022-10-14 19:51:56.280824,0.08,-0.31,0.75,9.46,11.66,-8.97,39.33,13.99,-13.83,1
x,2022-10-14 19:51:56.301261,0.05,-0.33,0.76,3.36,12.70,-8.73,39.11,13.12,-11.54,1
x,2022-10-14 19:51:56.320466,0.06,-0.31,0.70,7.63,8.54,-12.76,39.11,13.12,-11.54,1
x,2022-10-14 19:51:56.338221,0.08,-0.34,0.71,22.40,-3.23,-15.75,39.11,13.12,-11.54,1
x,2022-10-14 19:51:56.358073,0.10,-0.44,0.82,25.33,-14.16,-17.15,40.52,12.82,-13.33,1
x,2022-10-14 19:51:56.377021,0.12,-0.39,0.74,22.16,-22.71,-9.64,40.52,12.82,-13.33,1
x,2022-10-14 19:51:56.397171,0.13,-0.49,0.90,22.71,-35.77,-5.74,43.37,12.77,-19.58,1
x,2022-10-14 19:51:56.417266,0.18,-0.54,0.59,21.12,-38.02,1.40,43.37,12.77,-19.58,1
x,2022-10-14 19:51:56.436253,0.19,-0.49,0.96,7.93,-51.70,15.63,43.37,12.77,-19.58,1
x,2022-10-14 19:51:56.456662,-0.11,-0.53,1.11,-13.79,-39.25,12.45,43.79,13.38,-27.06,1
x,2022-10-14 19:51:56.475873,-0.08,-0.23,1.33,-25.33,-14.34,4.52,43.79,13.38,-27.06,1
x,2022-10-14 19:51:56.496041,0.05,-0.15,1.13,-17.94,12.15,-18.37,42.88,14.42,-30.53,1
x,2022-10-14 19:51:56.515992,0.05,-0.20,1.09,4.52,-15.75,-3.97,42.88,14.42,-30.53,1
x,2022-10-14 19:51:56.534557,-0.18,-0.13,1.61,15.75,2.14,-0.31,42.88,14.42,-30.53,1
x,2022-10-14 19:51:56.556384,-0.05,-0.22,1.08,11.84,61.65,-11.60,42.98,13.60,-27.65,1
x,2022-10-14 19:51:56.575811,0.04,-0.30,0.73,11.78,58.11,-16.66,42.98,13.60,-27.65,1
x,2022-10-14 19:51:56.595517,0.10,-0.42,0.98,21.42,29.72,-12.21,42.75,12.17,-17.26,1
x,2022-10-14 19:51:56.616665,0.11,-0.40,0.79,-8.06,57.86,-16.48,42.75,12.17,-17.26,1
x,2022-10-14 19:51:56.634713,0.13,-0.48,0.64,6.96,28.69,-13.61,42.75,12.17,-17.26,1
x,2022-10-14 19:51:56.656396,0.11,-0.54,0.70,10.25,8.85,-8.24,40.92,11.58,-9.36,1
x,2022-10-14 19:51:56.675233,0.10,-0.51,0.45,1.34,-3.91,-3.30,40.92,11.58,-9.36,1
x,2022-10-14 19:51:56.693993,0.05,-0.44,0.76,1.04,-14.04,-6.77,39.62,12.10,-9.39,1
x,2022-10-14 19:51:56.711993,0.05,-0.40,0.78,-18.80,5.98,-12.39,39.62,12.10,-9.39,1
x,2022-10-14 19:51:56.732790,0.07,-0.35,0.81,-39.67,28.38,-9.40,39.62,12.10,-9.39,1
x,2022-10-14 19:51:56.755659,0.12,-0.33,0.67,-44.37,35.10,-1.89,39.54,12.59,-8.14,1
x,2022-10-14 19:51:56.772805,0.08,-0.34,0.76,1.04,-50.78,17.40,39.54,12.59,-8.14,1
x,2022-10-14 19:51:56.792322,0.02,-0.34,0.73,4.52,-61.16,16.36,41.74,11.65,-13.04,1
x,2022-10-14 19:51:56.813766,0.02,-0.23,1.01,-8.18,-53.41,9.03,41.74,11.65,-13.04,1
x,2022-10-14 19:51:56.833037,-0.04,-0.10,0.91,-26.43,-8.97,-12.76,41.74,11.65,-13.04,1
x,2022-10-14 19:51:56.852521,-0.02,-0.13,1.15,-7.45,-21.79,-19.17,44.56,11.52,-19.68,1
x,2022-10-14 19:51:56.875110,-0.01,-0.03,1.15,20.39,-22.71,-19.35,44.56,11.52,-19.68,1
x,2022-10-14 19:51:56.893860,0.02,-0.16,1.14,45.53,-23.44,-15.75,47.77,10.50,-24.48,1
x,2022-10-14 19:51:56.912052,0.07,-0.33,1.00,66.35,-14.53,0.79,47.77,10.50,-24.48,1
x,2022-10-14 19:51:56.930505,0.10,-0.59,0.95,70.31,-8.54,-0.43,47.77,10.50,-24.48,1
x,2022-10-14 19:51:56.949540,0.12,-0.62,0.87,56.46,-0.31,3.91,48.99,10.93,-26.95,1
x,2022-10-14 19:51:56.972128,0.15,-0.78,0.76,34.06,0.31,4.64,48.99,10.93,-26.95,1
x,2022-10-14 19:51:56.992180,0.03,-0.58,0.85,-7.32,-3.48,4.09,50.12,10.58,-26.88,1
x,2022-10-14 19:51:57.011474,0.01,-0.48,0.88,-31.86,0.43,-19.10,50.12,10.58,-26.88,1
x,2022-10-14 19:51:57.030466,-0.07,-0.38,0.93,-37.35,-1.65,-18.19,50.12,10.58,-26.88,1
x,2022-10-14 19:51:57.050837,-0.14,-0.80,1.42,-34.30,2.50,1.77,49.39,11.23,-27.04,1
x,2022-10-14 19:51:57.068371,-0.21,-0.25,1.10,2.32,25.57,53.65,49.39,11.23,-27.04,1
x,2022-10-14 19:51:57.088502,-0.12,-0.20,1.08,36.50,25.33,65.98,49.39,11.23,-27.04,1
x,2022-10-14 19:51:57.110340,-0.01,-0.22,0.99,50.72,32.71,59.39,45.15,11.11,-22.12,1
x,2022-10-14 19:51:57.127652,0.05,-0.32,0.90,48.34,35.89,41.08,45.15,11.11,-22.12,1
x,2022-10-14 19:51:57.148467,0.11,-0.37,0.87,45.10,36.32,31.19,41.50,13.76,-20.03,1
x,2022-10-14 19:51:57.166117,0.16,-0.39,0.81,38.57,36.50,21.18,41.50,13.76,-20.03,1
x,2022-10-14 19:51:57.185540,0.20,-0.42,0.75,30.88,33.81,15.14,41.50,13.76,-20.03,1
x,2022-10-14 19:51:57.205157,0.24,-0.41,0.71,23.19,28.75,8.42,39.31,16.06,-16.72,1
x,2022-10-14 19:51:57.225589,0.26,-0.43,0.73,16.30,21.67,1.59,39.31,16.06,-16.72,1
x,2022-10-14 19:51:57.246297,0.26,-0.44,0.74,9.22,14.34,-4.39,37.73,17.22,-17.09,1
x,2022-10-14 19:51:57.264601,0.28,-0.43,0.73,6.90,9.22,-6.41,37.73,17.22,-17.09,1
x,2022-10-14 19:51:57.284175,0.25,-0.44,0.76,3.54,2.75,-9.77,37.73,17.22,-17.09,1
x,2022-10-14 19:51:57.305538,0.21,-0.44,0.79,3.36,-1.83,-10.74,39.09,18.05,-16.28,1
x,2022-10-14 19:51:57.323274,0.17,-0.42,0.87,1.16,1.10,-12.45,39.09,18.05,-16.28,1
x,2022-10-14 19:51:57.342542,0.17,-0.48,0.86,4.39,3.85,-14.40,40.31,18.42,-15.12,1
x,2022-10-14 19:51:57.361760,0.19,-0.50,0.84,5.25,3.91,-13.06,40.31,18.42,-15.12,1
x,2022-10-14 19:51:57.379909,0.19,-0.51,0.84,6.77,1.34,-11.47,40.31,18.42,-15.12,1
x,2022-10-14 19:51:57.400403,0.19,-0.50,0.85,3.48,0.79,-11.41,41.08,17.60,-15.23,1
x,2022-10-14 19:51:57.419163,0.19,-0.50,0.83,-0.06,1.65,-12.21,41.08,17.60,-15.23,1
x,2022-10-14 19:51:57.437567,0.20,-0.49,0.85,-5.13,2.62,-15.20,41.08,17.60,-15.23,1
x,2022-10-14 19:51:57.457042,0.19,-0.55,0.83,-8.79,3.97,-16.97,42.18,17.92,-14.72,1
x,2022-10-14 19:51:57.476441,0.23,-0.52,0.80,-7.69,1.40,-12.94,42.18,17.92,-14.72,1
x,2022-10-14 19:51:57.494998,0.26,-0.51,0.76,-10.31,-0.98,-12.33,43.10,17.63,-14.83,1
x,2022-10-14 19:51:57.513342,0.26,-0.49,0.74,-21.97,-6.10,-17.64,43.10,17.63,-14.83,1
x,2022-10-14 19:51:57.532621,0.23,-0.47,0.79,-31.68,-7.81,-22.64,43.10,17.63,-14.83,1
x,2022-10-14 19:51:57.551911,0.21,-0.47,0.84,-35.89,-7.81,-24.23,44.08,16.58,-14.21,1
x,2022-10-14 19:51:57.571458,0.19,-0.46,0.87,-32.35,-9.83,-18.01,44.08,16.58,-14.21,1
x,2022-10-14 19:51:57.592207,0.17,-0.49,0.86,-28.87,-9.64,-14.34,45.26,15.08,-13.51,1
x,2022-10-14 19:51:57.613103,0.15,-0.50,0.86,-30.03,-10.56,-9.58,45.26,15.08,-13.51,1
x,2022-10-14 19:51:57.632358,0.13,-0.48,0.89,-31.25,-11.17,-3.85,45.26,15.08,-13.51,1
x,2022-10-14 19:51:57.650429,0.13,-0.45,0.88,-36.99,-7.93,-3.36,46.80,12.41,-12.06,1
x,2022-10-14 19:51:57.669569,0.12,-0.37,0.92,-60.24,-5.19,-5.74,46.80,12.41,-12.06,1
x,2022-10-14 19:51:57.689424,0.11,-0.29,0.94,-47.85,-2.87,-8.54,46.39,10.61,-9.68,1
x,2022-10-14 19:51:57.709607,0.14,-0.26,0.94,-44.25,-1.77,-12.02,46.39,10.61,-9.68,1
x,2022-10-14 19:51:57.728942,0.12,-0.30,0.94,-44.92,1.34,-14.34,46.39,10.61,-9.68,1
x,2022-10-14 19:51:57.749644,0.08,-0.26,0.96,-39.86,-1.04,-7.75,47.84,8.68,-7.31,1
x,2022-10-14 19:51:57.770314,0.09,-0.19,0.99,-34.61,0.49,-6.96,47.84,8.68,-7.31,1
x,2022-10-14 19:51:57.789531,-0.22,-0.10,0.93,-24.84,-8.48,-14.53,47.69,7.76,-3.97,1
x,2022-10-14 19:51:57.810142,0.38,-0.48,1.55,33.75,-26.79,1.65,47.69,7.76,-3.97,1
x,2022-10-14 19:51:57.828308,0.07,-0.05,0.83,-27.22,39.12,0.98,47.69,7.76,-3.97,1
x,2022-10-14 19:51:57.847730,0.06,-0.22,0.90,18.86,3.72,-2.75,45.90,7.62,-0.49,1
x,2022-10-14 19:51:57.866301,0.05,-0.20,0.83,4.27,14.34,-8.85,45.90,7.62,-0.49,1
x,2022-10-14 19:51:57.887919,0.07,-0.25,0.76,5.00,13.37,-16.66,45.90,7.62,-0.49,1
x,2022-10-14 19:51:57.906566,0.08,-0.20,0.76,8.61,9.40,-17.52,46.50,7.92,1.92,1
x,2022-10-14 19:51:57.924941,0.10,-0.32,0.71,27.53,-5.68,-16.36,46.50,7.92,1.92,1
x,2022-10-14 19:51:57.943961,0.11,-0.39,0.71,27.77,-12.02,-13.06,49.65,7.43,0.04,1
x,2022-10-14 19:51:57.961132,0.12,-0.41,0.66,26.98,-20.32,-13.43,49.65,7.43,0.04,1
x,2022-10-14 19:51:57.981270,0.17,-0.48,0.70,27.40,-33.75,-9.22,49.65,7.43,0.04,1
x,2022-10-14 19:51:57.999221,0.16,-0.48,0.90,-1.71,-19.04,-2.26,53.71,7.35,-3.50,1
x,2022-10-14 19:51:58.018046,0.17,-0.51,0.78,5.98,-33.20,5.55,53.71,7.35,-3.50,1
x,2022-10-14 19:51:58.036302,0.19,-0.52,0.69,11.96,-52.80,17.46,53.71,7.35,-3.50,1
x,2022-10-14 19:51:58.056614,0.08,-0.42,1.17,0.98,-56.46,22.40,55.77,6.14,-11.91,1
x,2022-10-14 19:51:58.075633,0.08,-0.31,1.09,-14.59,-24.90,12.57,55.77,6.14,-11.91,1
x,2022-10-14 19:51:58.094943,0.03,-0.24,1.17,-11.11,-18.49,10.99,55.63,6.08,-17.63,1
x,2022-10-14 19:51:58.113490,-0.05,-0.00,1.24,-13.37,-4.76,1.16,55.63,6.08,-17.63,1
x,2022-10-14 19:51:58.133289,0.06,-0.23,1.03,12.57,-17.52,-1.28,55.63,6.08,-17.63,1
x,2022-10-14 19:51:58.153000,0.04,-0.27,1.02,22.52,-29.60,5.98,54.76,6.09,-17.48,1
x,2022-10-14 19:51:58.170988,-0.10,-0.15,1.45,22.52,-22.09,5.25,54.76,6.09,-17.48,1
x,2022-10-14 19:51:58.191448,-0.01,-0.18,1.14,17.82,36.44,-11.11,54.79,5.88,-15.48,1
x,2022-10-14 19:51:58.209003,0.03,-0.29,0.91,20.08,35.95,-15.81,54.79,5.88,-15.48,1
x,2022-10-14 19:51:58.231434,0.06,-0.34,0.97,21.79,31.07,-15.56,54.79,5.88,-15.48,1
x,2022-10-14 19:51:58.251350,0.08,-0.44,0.74,15.50,28.50,-12.39,54.74,6.14,-7.54,1
x,2022-10-14 19:51:58.270309,0.06,-0.52,0.69,12.88,23.62,-9.95,54.74,6.14,-7.54,1
x,2022-10-14 19:51:58.290863,0.09,-0.47,0.74,0.61,28.02,-9.58,52.53,7.35,-0.74,1
x,2022-10-14 19:51:58.309784,0.10,-0.50,0.41,2.01,20.75,-3.78,52.53,7.35,-0.74,1
x,2022-10-14 19:51:58.328778,0.05,-0.46,0.74,16.24,-17.64,-2.44,52.53,7.35,-0.74,1
x,2022-10-14 19:51:58.349206,0.05,-0.41,0.82,-8.06,-0.24,-6.96,51.37,7.46,-0.51,1
x,2022-10-14 19:51:58.370879,0.06,-0.37,0.83,-22.34,10.86,-7.57,51.37,7.46,-0.51,1
x,2022-10-14 19:51:58.390169,0.07,-0.34,0.85,-38.15,24.05,-4.88,51.44,7.87,0.44,1
x,2022-10-14 19:51:58.407911,0.09,-0.32,0.84,-44.80,30.33,-0.24,51.44,7.87,0.44,1
x,2022-10-14 19:51:58.427068,0.04,-0.36,-0.12,-32.23,8.67,9.28,51.44,7.87,0.44,1
x,2022-10-14 19:51:58.447742,0.06,-0.09,0.76,-25.27,-29.72,12.45,52.66,6.96,-4.02,1
x,2022-10-14 19:51:58.467044,0.02,-0.30,0.83,3.66,-57.19,-0.73,52.66,6.96,-4.02,1
x,2022-10-14 19:51:58.485225,-0.01,-0.07,1.01,-25.51,-8.85,-9.28,52.66,6.96,-4.02,1
x,2022-10-14 19:51:58.507139,0.04,-0.17,1.11,6.10,-25.88,-21.91,57.26,6.21,-7.82,1
x,2022-10-14 19:51:58.525656,0.05,-0.21,1.16,18.98,-27.59,-20.81,57.26,6.21,-7.82,1
x,2022-10-14 19:51:58.547159,0.02,-0.24,1.10,39.25,-23.93,-18.25,61.10,7.53,-13.73,1
x,2022-10-14 19:51:58.566438,0.01,-0.31,1.07,45.84,-15.93,-15.75,61.10,7.53,-13.73,1
x,2022-10-14 19:51:58.584037,0.04,-0.42,1.00,43.88,0.43,-12.08,61.10,7.53,-13.73,1
x,2022-10-14 19:51:58.605063,0.09,-0.53,0.90,39.37,21.36,-18.37,64.64,8.69,-15.03,1
x,2022-10-14 19:51:58.622837,0.12,-0.61,0.78,34.42,15.50,-5.74,64.64,8.69,-15.03,1
x,2022-10-14 19:51:58.642045,0.11,-0.69,0.74,26.00,2.56,3.85,66.88,9.40,-14.81,1
x,2022-10-14 19:51:58.663045,0.02,-0.56,0.83,-1.04,-3.78,5.13,66.88,9.40,-14.81,1
x,2022-10-14 19:51:58.683415,0.02,-0.46,0.87,-23.38,3.30,-11.60,66.88,9.40,-14.81,1
x,2022-10-14 19:51:58.703243,0.01,-0.33,0.93,-40.47,4.03,-16.30,66.87,9.99,-13.57,1
x,2022-10-14 19:51:58.722347,-0.03,-0.39,1.05,-35.03,1.28,-5.43,66.87,9.99,-13.57,1
x,2022-10-14 19:51:58.742444,-0.19,-0.26,1.10,-11.66,15.56,29.66,65.19,9.75,-12.43,1
x,2022-10-14 19:51:58.761482,-0.17,-0.23,1.14,17.46,18.68,38.94,65.19,9.75,-12.43,1
x,2022-10-14 19:51:58.781428,-0.11,-0.19,1.08,32.90,28.26,43.03,65.19,9.75,-12.43,1
x,2022-10-14 19:51:58.800938,-0.01,-0.20,1.04,47.85,37.05,33.08,60.02,10.96,-9.29,1
x,2022-10-14 19:51:58.819133,0.07,-0.28,0.95,48.40,41.50,23.44,60.02,10.96,-9.29,1
x,2022-10-14 19:51:58.837885,0.14,-0.34,0.87,45.35,43.46,12.82,54.80,15.34,-6.58,1
x,2022-10-14 19:51:58.857013,0.19,-0.39,0.82,32.23,44.01,-1.89,54.80,15.34,-6.58,1
x,2022-10-14 19:51:58.875351,0.25,-0.41,0.78,23.38,45.78,-7.87,54.80,15.34,-6.58,1
x,2022-10-14 19:51:58.895778,0.26,-0.46,0.77,16.36,36.87,-12.88,52.66,18.99,-4.94,1
x,2022-10-14 19:51:58.916418,0.32,-0.48,0.74,16.78,27.04,-10.56,52.66,18.99,-4.94,1
x,2022-10-14 19:51:58.935906,0.31,-0.51,0.71,10.01,18.13,-12.94,52.66,18.99,-4.94,1
x,2022-10-14 19:51:58.956696,0.30,-0.48,0.74,2.26,10.93,-14.28,51.09,21.46,-1.55,1
x,2022-10-14 19:51:58.975969,0.28,-0.53,0.74,-7.57,4.15,-20.45,51.09,21.46,-1.55,1
x,2022-10-14 19:51:58.995290,0.22,-0.58,0.75,-9.46,-3.23,-17.52,51.14,22.01,1.03,1
x,2022-10-14 19:51:59.013935,0.17,-0.57,0.78,-17.15,-6.29,-13.49,51.14,22.01,1.03,1
x,2022-10-14 19:51:59.032424,0.14,-0.54,0.82,-24.05,-6.29,-13.18,51.14,22.01,1.03,1
x,2022-10-14 19:51:59.052591,0.11,-0.52,0.87,-28.14,-5.00,-13.55,51.60,22.20,3.19,1
x,2022-10-14 19:51:59.071620,0.10,-0.51,0.86,-20.87,-4.15,-4.70,51.60,22.20,3.19,1
x,2022-10-14 19:51:59.093351,0.16,-0.48,0.81,-12.02,-7.51,2.75,51.32,21.87,3.78,1
x,2022-10-14 19:51:59.113983,0.19,-0.43,0.78,-9.28,-10.25,5.31,51.32,21.87,3.78,1
x,2022-10-14 19:51:59.130723,0.18,-0.38,0.78,-19.04,-10.93,0.43,51.32,21.87,3.78,1
x,2022-10-14 19:51:59.150114,0.16,-0.37,0.80,-24.23,-10.62,-5.19,50.71,20.50,3.74,1
x,2022-10-14 19:51:59.169066,0.14,-0.36,0.82,-26.00,-10.80,-6.41,50.71,20.50,3.74,1
x,2022-10-14 19:51:59.191967,0.15,-0.33,0.83,-18.49,-18.19,-2.75,52.42,19.96,4.81,1
x,2022-10-14 19:51:59.210640,0.12,-0.31,0.88,-17.03,-19.96,-4.15,52.42,19.96,4.81,1
x,2022-10-14 19:51:59.226830,0.08,-0.34,0.93,-20.32,-12.88,-8.61,52.42,19.96,4.81,1
x,2022-10-14 19:51:59.245919,0.09,-0.28,0.94,-19.04,-7.81,-11.54,54.26,18.16,4.50,1
x,2022-10-14 19:51:59.264142,0.09,-0.31,0.96,-11.05,-8.48,-10.56,54.26,18.16,4.50,1
x,2022-10-14 19:51:59.284618,0.11,-0.30,0.95,-2.69,-9.70,-5.00,54.26,18.16,4.50,1
x,2022-10-14 19:51:59.303289,0.11,-0.30,0.96,0.24,-8.18,-5.43,56.58,16.25,5.99,1
x,2022-10-14 19:51:59.321907,0.11,-0.28,0.97,-4.52,-3.54,-10.19,56.58,16.25,5.99,1
x,2022-10-14 19:51:59.340908,0.10,-0.28,0.96,-9.16,0.67,-16.11,59.00,15.75,7.17,1
x,2022-10-14 19:51:59.360332,0.00,-0.46,0.94,3.17,-6.47,-0.67,59.00,15.75,7.17,1
x,2022-10-14 19:51:59.380168,0.11,-0.32,0.93,34.91,-12.21,12.94,59.00,15.75,7.17,1
x,2022-10-14 19:51:59.399912,0.07,-0.39,0.87,28.20,-15.08,12.57,59.97,14.20,6.87,1
x,2022-10-14 19:51:59.419405,0.07,-0.38,0.88,10.74,-8.54,9.64,59.97,14.20,6.87,1
x,2022-10-14 19:51:59.438755,-0.08,0.06,1.18,3.66,-1.65,4.21,59.27,13.48,6.58,1
x,2022-10-14 19:51:59.458645,0.08,-0.35,0.82,3.66,16.42,-7.63,59.27,13.48,6.58,1
x,2022-10-14 19:51:59.476975,0.04,-0.26,0.85,-1.04,15.56,-2.56,59.27,13.48,6.58,1
x,2022-10-14 19:51:59.496048,0.03,-0.22,0.88,-1.53,18.49,-9.09,60.29,14.40,7.57,1
x,2022-10-14 19:51:59.513944,0.06,-0.26,0.83,7.39,17.21,-14.95,60.29,14.40,7.57,1
x,2022-10-14 19:51:59.535942,0.08,-0.29,0.77,18.49,8.42,-15.50,60.29,14.40,7.57,1
x,2022-10-14 19:51:59.555490,0.11,-0.44,0.73,21.73,2.20,-10.38,62.32,15.95,7.92,1
x,2022-10-14 19:51:59.574360,0.11,-0.52,0.70,29.91,-19.29,-8.61,62.32,15.95,7.92,1
x,2022-10-14 19:51:59.596682,0.16,-0.65,0.85,23.32,-29.48,-5.86,67.29,16.77,4.43,1
x,2022-10-14 19:51:59.614804,0.14,-0.58,0.80,8.36,-26.37,-0.06,67.29,16.77,4.43,1
x,2022-10-14 19:51:59.632696,0.12,-0.66,0.89,15.63,-57.31,7.63,67.29,16.77,4.43,1
x,2022-10-14 19:51:59.653058,0.10,-0.52,1.00,-7.63,-44.56,13.06,70.54,16.04,-2.61,1
x,2022-10-14 19:51:59.674712,0.08,-0.43,1.05,-19.23,-27.53,9.34,70.54,16.04,-2.61,1
x,2022-10-14 19:51:59.694692,-0.04,-0.06,1.31,-28.93,-3.05,-5.74,71.14,15.44,-8.25,1
x,2022-10-14 19:51:59.713123,0.08,-0.27,1.05,11.96,-12.76,-10.56,71.14,15.44,-8.25,1
x,2022-10-14 19:51:59.731308,0.04,-0.28,1.07,35.58,-33.26,0.12,71.14,15.44,-8.25,1
x,2022-10-14 19:51:59.751500,-0.07,-0.50,1.71,42.97,-18.80,8.67,70.79,15.20,-7.81,1
x,2022-10-14 19:51:59.770463,-0.00,-0.24,0.90,0.37,52.43,7.02,70.79,15.20,-7.81,1
x,2022-10-14 19:51:59.789679,0.01,-0.37,0.78,10.38,31.56,-12.88,68.58,15.21,0.27,1
x,2022-10-14 19:51:59.808001,0.04,-0.34,1.00,17.09,15.93,-18.62,68.58,15.21,0.27,1
x,2022-10-14 19:51:59.826742,0.04,-0.35,1.06,13.92,22.95,-24.72,68.58,15.21,0.27,1
x,2022-10-14 19:51:59.849426,0.05,-0.51,0.75,18.37,29.11,-24.35,65.47,17.59,6.30,1
x,2022-10-14 19:51:59.866934,0.08,-0.55,0.68,13.49,27.71,-15.56,65.47,17.59,6.30,1
x,2022-10-14 19:51:59.886153,0.08,-0.61,0.55,1.59,29.36,-8.12,62.55,19.75,10.01,1
x,2022-10-14 19:51:59.904527,0.06,-0.59,0.60,13.73,-9.64,5.86,62.55,19.75,10.01,1
x,2022-10-14 19:51:59.923259,0.04,-0.54,0.76,-1.83,-7.69,-2.32,62.55,19.75,10.01,1
x,2022-10-14 19:51:59.945589,0.05,-0.50,0.79,-21.24,7.08,-9.95,62.22,20.07,9.17,1
x,2022-10-14 19:51:59.964043,0.07,-0.41,0.82,-40.89,21.24,-9.89,62.22,20.07,9.17,1
x,2022-10-14 19:51:59.981923,0.08,-0.40,0.83,-44.62,26.92,-4.33,62.22,20.07,9.17,1
x,2022-10-14 19:52:00.004008,0.08,-0.56,0.06,-35.28,14.16,27.04,62.00,20.48,10.36,1
x,2022-10-14 19:52:00.020961,0.02,-0.21,0.95,-28.81,-13.18,15.32,62.00,20.48,10.36,1
x,2022-10-14 19:52:00.038986,0.03,-0.31,0.52,-8.12,-26.00,1.53,65.82,19.52,6.80,1
x,2022-10-14 19:52:00.059069,0.01,-0.25,1.17,8.12,-62.68,-0.18,65.82,19.52,6.80,1
x,2022-10-14 19:52:00.080812,0.01,-0.07,0.96,-9.52,-11.96,-22.28,65.82,19.52,6.80,1
x,2022-10-14 19:52:00.100264,0.04,-0.27,1.12,17.21,-25.94,-32.04,70.37,20.29,1.11,1
x,2022-10-14 19:52:00.117917,0.06,-0.37,1.04,30.27,-15.38,-19.59,70.37,20.29,1.11,1
x,2022-10-14 19:52:00.138417,0.08,-0.45,1.00,40.53,-12.82,-11.60,74.12,23.08,-1.64,1
x,2022-10-14 19:52:00.157741,0.08,-0.58,0.94,44.80,-8.12,-3.30,74.12,23.08,-1.64,1
x,2022-10-14 19:52:00.176671,0.05,-0.61,0.88,34.12,-3.91,1.95,74.12,23.08,-1.64,1
x,2022-10-14 19:52:00.195720,0.04,-0.63,0.86,14.34,1.22,-8.97,75.48,24.45,-3.50,1
x,2022-10-14 19:52:00.216103,0.04,-0.62,0.85,-5.98,3.60,-16.11,75.48,24.45,-3.50,1
x,2022-10-14 19:52:00.235053,0.02,-0.50,0.91,-26.37,3.17,-18.92,75.74,26.18,-2.78,1
x,2022-10-14 19:52:00.254592,-0.10,-0.55,0.94,-30.40,7.57,-15.63,75.74,26.18,-2.78,1
x,2022-10-14 19:52:00.273730,-0.24,-0.56,1.08,-24.29,17.15,24.29,75.74,26.18,-2.78,1
x,2022-10-14 19:52:00.294277,-0.15,-0.37,1.07,21.12,20.69,50.17,72.33,26.21,-3.11,1
x,2022-10-14 19:52:00.313820,-0.07,-0.31,1.04,40.59,25.33,59.45,72.33,26.21,-3.11,1
x,2022-10-14 19:52:00.332917,-0.04,-0.30,0.96,52.92,31.92,55.18,63.99,26.14,-2.16,1
x,2022-10-14 19:52:00.349871,0.03,-0.34,0.96,58.78,36.50,52.31,63.99,26.14,-2.16,1
x,2022-10-14 19:52:00.367897,0.10,-0.37,0.83,56.09,44.19,42.11,63.99,26.14,-2.16,1
x,2022-10-14 19:52:00.388466,0.17,-0.44,0.78,55.54,42.05,32.78,55.76,28.27,-2.29,1
x,2022-10-14 19:52:00.407406,0.27,-0.50,0.71,51.57,35.95,24.41,55.76,28.27,-2.29,1
x,2022-10-14 19:52:00.426855,0.28,-0.57,0.67,44.31,34.24,16.30,55.76,28.27,-2.29,1
x,2022-10-14 19:52:00.447350,0.32,-0.58,0.61,31.56,29.79,11.05,50.94,30.38,-1.40,1
x,2022-10-14 19:52:00.465690,0.33,-0.57,0.62,12.39,19.17,1.28,50.94,30.38,-1.40,1
x,2022-10-14 19:52:00.485556,0.33,-0.56,0.64,5.80,10.38,-4.21,49.18,32.52,0.07,1
x,2022-10-14 19:52:00.504708,0.33,-0.55,0.68,0.12,0.61,-8.30,49.18,32.52,0.07,1
x,2022-10-14 19:52:00.523120,0.28,-0.51,0.78,-8.00,-1.53,-13.31,49.18,32.52,0.07,1
x,2022-10-14 19:52:00.543671,0.25,-0.50,0.81,-9.40,-0.31,-17.27,48.77,32.98,-1.18,1
x,2022-10-14 19:52:00.563359,0.23,-0.51,0.82,-7.14,0.55,-17.40,48.77,32.98,-1.18,1
x,2022-10-14 19:52:00.582913,0.21,-0.49,0.81,-4.76,0.24,-13.24,49.79,33.62,1.59,1
x,2022-10-14 19:52:00.600910,0.22,-0.52,0.82,-0.73,-0.79,-13.00,49.79,33.62,1.59,1
x,2022-10-14 19:52:00.620739,0.20,-0.55,0.81,0.98,-0.98,-12.82,49.79,33.62,1.59,1
x,2022-10-14 19:52:00.640483,0.18,-0.60,0.76,-2.32,1.77,-15.01,50.07,33.83,1.16,1
x,2022-10-14 19:52:00.659383,0.19,-0.58,0.75,-6.53,1.46,-16.05,50.07,33.83,1.16,1
x,2022-10-14 19:52:00.677334,0.19,-0.57,0.77,-9.34,-0.98,-17.27,50.07,33.83,1.16,1
x,2022-10-14 19:52:00.696396,0.19,-0.59,0.75,-9.89,-2.81,-14.53,50.33,34.27,3.66,1
x,2022-10-14 19:52:00.719491,0.19,-0.56,0.75,-9.09,-5.43,-10.68,50.33,34.27,3.66,1
x,2022-10-14 19:52:00.737577,0.19,-0.53,0.75,-13.12,-5.92,-12.63,51.32,34.53,4.33,1
x,2022-10-14 19:52:00.755912,0.16,-0.54,0.80,-17.40,-4.46,-16.42,51.32,34.53,4.33,1
x,2022-10-14 19:52:00.773916,0.15,-0.57,0.77,-17.03,-4.33,-14.71,51.32,34.53,4.33,1
x,2022-10-14 19:52:00.795474,0.16,-0.56,0.78,-12.08,-7.87,-8.42,52.06,34.23,4.53,1
x,2022-10-14 19:52:00.814279,0.17,-0.52,0.80,-13.49,-9.16,-7.02,52.06,34.23,4.53,1
x,2022-10-14 19:52:00.835671,0.15,-0.54,0.84,-15.63,-8.91,-10.07,53.69,34.52,6.04,1
x,2022-10-14 19:52:00.853629,0.15,-0.54,0.82,-12.57,-7.08,-5.25,53.69,34.52,6.04,1
x,2022-10-14 19:52:00.872342,0.17,-0.52,0.81,-7.81,-10.13,-2.08,53.69,34.52,6.04,1
x,2022-10-14 19:52:00.893614,0.17,-0.50,0.83,-9.64,-12.08,-2.32,55.15,32.87,5.94,1
x,2022-10-14 19:52:00.912236,0.16,-0.49,0.83,-18.49,-9.46,-8.91,55.15,32.87,5.94,1
x,2022-10-14 19:52:00.935576,0.11,-0.50,0.83,-21.61,-9.58,-12.02,57.06,31.99,8.22,1
x,2022-10-14 19:52:00.955360,0.05,-0.49,0.91,-20.94,-8.36,-9.83,57.06,31.99,8.22,1
x,2022-10-14 19:52:00.972753,0.06,-0.52,0.89,-15.99,-5.37,-6.16,57.06,31.99,8.22,1
x,2022-10-14 19:52:00.993183,0.08,-0.49,0.88,-4.46,-5.86,6.84,57.81,30.82,8.37,1
x,2022-10-14 19:52:01.013300,0.14,-0.43,0.83,-0.43,-4.33,7.39,57.81,30.82,8.37,1
x,2022-10-14 19:52:01.033036,0.18,-0.47,0.76,-5.92,-8.67,6.23,58.58,29.77,10.74,1
x,2022-10-14 19:52:01.052775,0.16,-0.43,0.76,-13.55,-15.08,4.33,58.58,29.77,10.74,1
x,2022-10-14 19:52:01.072379,0.12,-0.42,0.81,-18.49,-20.51,-1.34,58.58,29.77,10.74,1
x,2022-10-14 19:52:01.092611,0.04,-0.35,1.00,-23.74,-13.61,-10.74,61.46,28.54,10.83,1
x,2022-10-14 19:52:01.111140,-0.14,-0.34,0.99,-12.70,-7.02,-8.36,61.46,28.54,10.83,1
x,2022-10-14 19:52:01.128679,0.12,-0.38,0.90,34.36,-12.02,9.95,61.46,28.54,10.83,1
x,2022-10-14 19:52:01.148377,0.08,-0.44,0.85,26.43,-14.10,16.78,62.38,27.43,11.76,1
x,2022-10-14 19:52:01.167590,0.06,-0.51,0.80,20.02,-8.91,16.24,62.38,27.43,11.76,1
x,2022-10-14 19:52:01.187648,0.06,-0.49,0.81,6.53,-0.98,13.43,62.28,27.06,10.94,1
x,2022-10-14 19:52:01.205835,0.08,-0.46,0.75,-1.83,27.34,-16.85,62.28,27.06,10.94,1
x,2022-10-14 19:52:01.224911,0.07,-0.39,0.80,-1.65,22.46,-12.39,62.28,27.06,10.94,1
x,2022-10-14 19:52:01.243531,0.03,-0.26,0.84,2.20,21.61,-12.88,62.74,28.26,13.64,1
x,2022-10-14 19:52:01.263318,0.05,-0.36,0.75,13.37,19.71,-20.32,62.74,28.26,13.64,1
x,2022-10-14 19:52:01.282739,0.08,-0.50,0.68,24.17,4.70,-22.22,64.05,30.75,11.91,1
x,2022-10-14 19:52:01.302529,0.09,-0.53,0.62,24.60,-5.49,-20.45,64.05,30.75,11.91,1
x,2022-10-14 19:52:01.321092,0.14,-0.68,0.68,25.39,-28.20,-17.76,64.05,30.75,11.91,1
x,2022-10-14 19:52:01.341821,0.14,-0.73,0.63,9.70,-32.90,-9.16,67.91,32.98,8.17,1
x,2022-10-14 19:52:01.359933,0.16,-0.72,0.55,3.11,-44.07,-3.36,67.91,32.98,8.17,1
x,2022-10-14 19:52:01.377722,0.11,-0.79,0.95,4.03,-59.33,9.28,67.91,32.98,8.17,1
x,2022-10-14 19:52:01.398246,-0.02,-0.48,1.45,-16.42,-29.42,4.39,72.71,32.82,1.12,1
x,2022-10-14 19:52:01.417325,0.06,-0.39,1.11,-26.25,3.60,-7.39,72.71,32.82,1.12,1
x,2022-10-14 19:52:01.436906,0.06,-0.32,1.06,-12.45,2.93,-20.75,73.50,33.19,-0.07,1
x,2022-10-14 19:52:01.458108,0.04,-0.37,1.00,25.09,-26.98,-6.90,73.50,33.19,-0.07,1
x,2022-10-14 19:52:01.480497,0.27,-0.96,2.13,41.14,-30.21,5.00,73.50,33.19,-0.07,1
x,2022-10-14 19:52:01.498455,0.01,-0.34,0.79,6.41,58.11,1.65,71.97,32.41,2.88,1
x,2022-10-14 19:52:01.518842,0.03,-0.48,0.93,23.25,36.93,-11.05,71.97,32.41,2.88,1
x,2022-10-14 19:52:01.537904,0.08,-0.57,0.78,13.06,34.36,-17.15,67.69,32.93,7.93,1
x,2022-10-14 19:52:01.556233,0.07,-0.58,0.78,5.37,32.53,-14.16,67.69,32.93,7.93,1
x,2022-10-14 19:52:01.577757,0.07,-0.57,0.74,-3.36,40.77,-13.92,67.69,32.93,7.93,1
x,2022-10-14 19:52:01.597769,0.08,-0.60,0.55,-3.60,36.32,-9.83,62.82,34.40,13.26,1
x,2022-10-14 19:52:01.616151,0.08,-0.64,0.37,0.31,12.51,-2.50,62.82,34.40,13.26,1
x,2022-10-14 19:52:01.636123,0.04,-0.59,0.68,4.82,-21.67,-0.73,60.50,34.83,14.39,1
x,2022-10-14 19:52:01.654091,0.05,-0.56,0.70,-14.65,-2.56,-4.82,60.50,34.83,14.39,1
x,2022-10-14 19:52:01.671916,0.06,-0.53,0.72,-30.70,13.31,-5.49,60.50,34.83,14.39,1
x,2022-10-14 19:52:01.690920,0.07,-0.49,0.76,-44.19,26.00,-3.72,60.31,35.19,15.83,1
x,2022-10-14 19:52:01.710066,0.01,-0.43,0.06,-29.79,4.52,10.13,60.31,35.19,15.83,1
x,2022-10-14 19:52:01.730292,0.07,-0.44,1.00,-3.60,-49.62,13.18,60.31,35.19,15.83,1
x,2022-10-14 19:52:01.748416,-0.00,-0.21,0.69,-21.36,-19.78,2.87,63.65,34.92,12.62,1
x,2022-10-14 19:52:01.767966,0.09,-0.29,1.36,9.40,-47.85,-18.01,63.65,34.92,12.62,1
x,2022-10-14 19:52:01.789057,0.05,-0.12,0.98,-1.28,1.22,-18.01,67.81,36.16,7.14,1
x,2022-10-14 19:52:01.807803,0.06,-0.25,1.01,50.90,-11.23,-18.55,67.81,36.16,7.14,1
x,2022-10-14 19:52:01.827189,0.08,-0.52,0.96,56.21,-3.54,-11.96,67.81,36.16,7.14,1
x,2022-10-14 19:52:01.848052,0.07,-0.59,0.92,56.09,-0.06,-4.39,69.86,38.29,6.63,1
x,2022-10-14 19:52:01.866397,0.10,-0.77,0.77,35.40,10.13,-8.67,69.86,38.29,6.63,1
x,2022-10-14 19:52:01.886343,0.10,-0.85,0.72,18.49,6.23,-8.12,70.26,40.28,6.19,1
x,2022-10-14 19:52:01.904720,0.09,-0.77,0.77,-3.72,2.99,-11.23,70.26,40.28,6.19,1
x,2022-10-14 19:52:01.923119,0.03,-0.67,0.88,-26.79,5.13,-12.39,70.26,40.28,6.19,1
x,2022-10-14 19:52:01.942686,-0.16,-0.74,1.03,-32.59,16.85,-3.30,69.52,41.35,6.24,1
x,2022-10-14 19:52:01.966312,-0.18,-0.61,1.00,-13.85,23.74,27.71,69.52,41.35,6.24,1
x,2022-10-14 19:52:01.985596,-0.04,-0.43,0.99,25.57,23.93,56.58,64.83,40.10,8.18,1
x,2022-10-14 19:52:02.003953,0.03,-0.39,0.97,38.39,27.77,54.32,64.83,40.10,8.18,1
x,2022-10-14 19:52:02.023283,0.10,-0.36,0.92,45.90,33.08,46.57,64.83,40.10,8.18,1
x,2022-10-14 19:52:02.043121,0.16,-0.45,0.83,45.78,40.53,33.51,57.47,39.40,8.72,1
x,2022-10-14 19:52:02.061614,0.23,-0.50,0.73,33.87,42.85,19.23,57.47,39.40,8.72,1
x,2022-10-14 19:52:02.080909,0.31,-0.54,0.63,26.67,38.70,6.47,51.66,41.67,9.30,1
x,2022-10-14 19:52:02.101820,0.32,-0.58,0.59,15.38,31.74,-3.17,51.66,41.67,9.30,1
x,2022-10-14 19:52:02.120175,0.34,-0.60,0.61,6.59,18.01,-7.81,51.66,41.67,9.30,1
x,2022-10-14 19:52:02.139713,0.32,-0.61,0.59,3.60,11.29,-8.61,48.60,43.37,9.50,1
x,2022-10-14 19:52:02.159780,0.33,-0.60,0.60,1.65,4.52,-8.67,48.60,43.37,9.50,1
x,2022-10-14 19:52:02.179604,0.34,-0.56,0.64,-5.62,-1.53,-13.18,48.60,43.37,9.50,1
x,2022-10-14 19:52:02.198619,0.24,-0.61,0.66,-9.77,-4.88,-17.40,47.46,44.60,11.79,1
x,2022-10-14 19:52:02.217058,0.23,-0.58,0.73,-9.83,-8.36,-16.42,47.46,44.60,11.79,1
x,2022-10-14 19:52:02.236598,0.17,-0.62,0.79,-11.05,-4.94,-16.60,48.07,45.20,11.56,1
x,2022-10-14 19:52:02.255927,0.15,-0.65,0.81,-8.48,-3.11,-12.57,48.07,45.20,11.56,1
x,2022-10-14 19:52:02.275868,0.15,-0.64,0.80,-3.36,-2.93,-7.51,48.07,45.20,11.56,1
x,2022-10-14 19:52:02.294915,0.15,-0.65,0.78,-1.46,-2.01,-5.07,49.73,45.62,13.39,1
x,2022-10-14 19:52:02.313875,0.17,-0.62,0.79,-1.22,-1.89,-2.32,49.73,45.62,13.39,1
x,2022-10-14 19:52:02.333548,0.17,-0.59,0.79,-2.01,-0.85,-1.95,49.15,46.51,13.67,1
x,2022-10-14 19:52:02.352669,0.16,-0.61,0.76,-0.37,-0.31,-1.04,49.15,46.51,13.67,1
x,2022-10-14 19:52:02.373079,0.18,-0.62,0.74,-0.24,0.00,-1.16,49.15,46.51,13.67,1
x,2022-10-14 19:52:02.393326,0.21,-0.61,0.73,-3.42,0.61,-1.71,47.79,46.23,14.59,1
x,2022-10-14 19:52:02.413123,0.21,-0.63,0.72,-4.70,-1.77,-0.98,47.79,46.23,14.59,1
x,2022-10-14 19:52:02.432760,0.22,-0.62,0.68,-5.55,-4.82,1.71,48.08,46.50,14.12,1
x,2022-10-14 19:52:02.452431,0.22,-0.57,0.70,-10.62,-9.16,0.31,48.08,46.50,14.12,1
x,2022-10-14 19:52:02.470049,0.22,-0.56,0.71,-16.72,-9.70,-4.70,48.08,46.50,14.12,1
x,2022-10-14 19:52:02.490309,0.21,-0.57,0.73,-19.47,-11.60,-6.90,49.18,45.85,14.65,1
x,2022-10-14 19:52:02.509147,0.16,-0.58,0.71,-20.75,-15.32,-6.04,49.18,45.85,14.65,1
x,2022-10-14 19:52:02.528445,0.16,-0.55,0.71,-20.75,-19.59,-4.09,51.34,45.47,14.64,1
x,2022-10-14 19:52:02.547473,0.16,-0.53,0.77,-21.36,-22.28,-4.82,51.34,45.47,14.64,1
x,2022-10-14 19:52:02.566398,0.12,-0.52,0.84,-21.79,-18.49,-5.37,51.34,45.47,14.64,1
x,2022-10-14 19:52:02.585403,0.13,-0.48,0.83,-18.25,-15.32,-4.88,53.78,44.86,15.76,1
x,2022-10-14 19:52:02.603922,0.14,-0.53,0.80,-15.99,-15.01,-6.04,53.78,44.86,15.76,1
x,2022-10-14 19:52:02.621837,0.13,-0.52,0.81,-17.03,-17.64,-1.77,53.78,44.86,15.76,1
x,2022-10-14 19:52:02.642092,0.14,-0.47,0.86,-16.91,-16.97,-1.95,55.83,44.10,16.04,1
x,2022-10-14 19:52:02.660645,0.11,-0.42,0.92,-19.78,-13.55,-5.86,55.83,44.10,16.04,1
x,2022-10-14 19:52:02.681167,0.05,-0.41,0.97,-23.99,-4.64,-12.70,58.86,43.52,17.11,1
x,2022-10-14 19:52:02.700252,0.15,-0.37,0.92,19.29,-5.62,10.68,58.86,43.52,17.11,1
x,2022-10-14 19:52:02.719911,0.05,-0.33,1.04,14.47,11.54,11.54,58.86,43.52,17.11,1
x,2022-10-14 19:52:02.739783,0.07,-0.37,0.82,6.59,32.17,-5.37,57.65,43.23,17.27,1
x,2022-10-14 19:52:02.760194,0.11,-0.41,0.75,14.65,19.41,-5.13,57.65,43.23,17.27,1
x,2022-10-14 19:52:02.781072,0.09,-0.49,0.72,21.06,15.20,-5.43,56.18,45.74,21.61,1
x,2022-10-14 19:52:02.802257,0.11,-0.54,0.63,20.45,14.04,-4.52,56.18,45.74,21.61,1
x,2022-10-14 19:52:02.820786,0.09,-0.54,0.64,8.67,12.15,-7.20,56.18,45.74,21.61,1
x,2022-10-14 19:52:02.839670,0.10,-0.52,0.56,13.73,2.26,-16.17,56.67,46.96,20.63,1
x,2022-10-14 19:52:02.857378,0.12,-0.64,0.66,27.04,-19.65,-19.78,56.67,46.96,20.63,1
x,2022-10-14 19:52:02.877061,0.16,-0.68,0.69,27.04,-34.36,-15.63,56.67,46.96,20.63,1
x,2022-10-14 19:52:02.896645,0.13,-0.73,0.44,26.73,-61.65,-5.43,59.61,48.01,17.26,1
x,2022-10-14 19:52:02.916920,0.13,-0.71,0.91,4.76,-49.19,-0.12,59.61,48.01,17.26,1
x,2022-10-14 19:52:02.935674,0.15,-0.67,0.82,-5.74,-37.54,3.97,64.33,46.89,14.12,1
x,2022-10-14 19:52:02.955900,0.14,-0.58,1.01,-14.83,-29.48,9.58,64.33,46.89,14.12,1
x,2022-10-14 19:52:02.975869,0.06,-0.44,1.19,-19.47,-13.18,7.39,64.33,46.89,14.12,1
x,2022-10-14 19:52:02.994144,0.09,-0.39,1.02,-2.56,-1.04,-5.80,66.54,46.37,11.00,1
x,2022-10-14 19:52:03.012097,0.09,-0.45,1.01,17.64,-20.94,2.14,66.54,46.37,11.00,1
x,2022-10-14 19:52:03.032912,-0.02,-0.36,1.41,1.53,20.81,6.77,65.26,45.86,11.93,1
x,2022-10-14 19:52:03.052117,0.07,-0.36,0.96,6.71,59.57,-15.44,65.26,45.86,11.93,1
x,2022-10-14 19:52:03.071227,0.13,-0.46,0.96,5.25,61.16,-26.00,65.26,45.86,11.93,1
x,2022-10-14 19:52:03.089484,0.16,-0.60,0.76,12.70,47.97,-31.01,59.83,49.01,16.52,1
x,2022-10-14 19:52:03.107703,0.16,-0.69,0.78,9.83,41.56,-22.09,59.83,49.01,16.52,1
x,2022-10-14 19:52:03.126409,0.13,-0.70,0.43,-12.63,53.04,-15.32,59.83,49.01,16.52,1
x,2022-10-14 19:52:03.146216,0.10,-0.75,0.44,-3.42,27.71,-5.19,53.76,52.86,21.69,1
x,2022-10-14 19:52:03.165150,0.06,-0.63,0.39,7.75,-2.50,2.01,53.76,52.86,21.69,1
x,2022-10-14 19:52:03.185680,0.10,-0.71,0.65,-9.40,-1.65,-3.17,51.79,53.30,22.79,1
x,2022-10-14 19:52:03.204595,0.08,-0.51,0.67,-25.33,10.31,-5.37,51.79,53.30,22.79,1
x,2022-10-14 19:52:03.223250,0.11,-0.49,0.72,-38.27,20.32,-6.84,51.79,53.30,22.79,1
x,2022-10-14 19:52:03.243461,0.04,-0.43,0.39,-20.69,-8.30,20.39,50.98,53.71,21.77,1
x,2022-10-14 19:52:03.263212,0.09,-0.39,0.83,-1.77,-30.09,19.04,50.98,53.71,21.77,1
x,2022-10-14 19:52:03.283387,0.06,-0.32,0.62,-5.68,-21.06,-10.93,55.33,52.12,20.01,1
x,2022-10-14 19:52:03.302640,-0.01,-0.17,0.60,-3.36,-19.47,-11.05,55.33,52.12,20.01,1
x,2022-10-14 19:52:03.323610,0.14,-0.40,1.04,18.19,-28.38,-22.95,55.33,52.12,20.01,1
x,2022-10-14 19:52:03.342455,0.14,-0.37,1.00,40.28,-22.89,-23.56,58.90,52.38,18.30,1
x,2022-10-14 19:52:03.362822,0.14,-0.50,1.00,56.52,-18.31,-15.56,58.90,52.38,18.30,1
x,2022-10-14 19:52:03.382327,0.16,-0.64,0.92,66.35,-3.48,-4.88,59.53,52.80,18.38,1
x,2022-10-14 19:52:03.400331,0.17,-0.86,0.76,61.52,1.10,2.32,59.53,52.80,18.38,1
x,2022-10-14 19:52:03.418599,0.17,-0.96,0.70,49.13,0.73,6.04,59.53,52.80,18.38,1
x,2022-10-14 19:52:03.438172,0.12,-0.87,0.68,27.95,0.43,6.10,58.68,53.14,18.62,1
x,2022-10-14 19:52:03.458156,0.09,-0.71,0.74,-7.75,5.62,-17.52,58.68,53.14,18.62,1
x,2022-10-14 19:52:03.476391,0.08,-0.62,0.77,-22.09,5.74,-24.48,58.68,53.14,18.62,1
x,2022-10-14 19:52:03.495697,0.02,-0.59,0.79,-23.86,5.62,-20.81,57.75,53.99,19.71,1
x,2022-10-14 19:52:03.514911,-0.36,-0.85,1.04,-12.51,32.59,19.59,57.75,53.99,19.71,1
x,2022-10-14 19:52:03.537883,-0.17,-0.63,0.94,35.16,35.40,64.64,55.58,52.77,18.20,1
x,2022-10-14 19:52:03.556647,-0.04,-0.59,0.88,64.94,49.38,72.45,55.58,52.77,18.20,1
x,2022-10-14 19:52:03.574319,0.12,-0.70,0.61,49.87,60.06,57.98,55.58,52.77,18.20,1
x,2022-10-14 19:52:03.594503,0.17,-0.76,0.55,36.99,58.47,47.30,49.79,50.38,16.80,1
x,2022-10-14 19:52:03.613238,0.22,-0.74,0.39,36.38,48.95,49.07,49.79,50.38,16.80,1
x,2022-10-14 19:52:03.634389,0.32,-0.74,0.32,50.05,33.08,49.50,45.47,48.44,13.66,1
x,2022-10-14 19:52:03.653186,0.44,-0.80,0.28,32.71,16.36,45.84,45.47,48.44,13.66,1
x,2022-10-14 19:52:03.671753,0.48,-0.79,0.26,12.08,6.47,37.96,45.47,48.44,13.66,1
x,2022-10-14 19:52:03.691320,0.45,-0.78,0.29,-8.12,-0.73,29.72,44.23,45.62,10.13,1
x,2022-10-14 19:52:03.710075,0.44,-0.82,0.33,-23.38,-11.78,26.98,44.23,45.62,10.13,1
x,2022-10-14 19:52:03.730308,0.42,-0.79,0.40,-22.46,-22.77,33.81,46.61,42.71,4.98,1
x,2022-10-14 19:52:03.749621,0.39,-0.78,0.48,-23.19,-31.68,35.03,46.61,42.71,4.98,1
x,2022-10-14 19:52:03.769315,0.35,-0.73,0.50,-35.71,-35.22,35.83,46.61,42.71,4.98,1
x,2022-10-14 19:52:03.789109,0.33,-0.65,0.64,-41.87,-37.54,33.81,48.91,39.17,-1.33,1
x,2022-10-14 19:52:03.809197,0.29,-0.61,0.74,-45.10,-38.39,31.92,48.91,39.17,-1.33,1
x,2022-10-14 19:52:03.831062,0.24,-0.59,0.68,-40.77,-31.31,28.38,49.95,35.34,-7.76,1
x,2022-10-14 19:52:03.849563,0.24,-0.52,0.68,-44.80,-34.18,38.09,49.95,35.34,-7.76,1
x,2022-10-14 19:52:03.868066,0.36,-0.45,0.56,-9.28,-49.74,46.81,49.95,35.34,-7.76,1
x,2022-10-14 19:52:03.888729,0.33,-0.49,0.67,-11.23,-67.26,35.89,49.58,31.98,-15.38,1
x,2022-10-14 19:52:03.906731,0.31,-0.44,0.85,-38.57,-72.94,18.92,49.58,31.98,-15.38,1
x,2022-10-14 19:52:03.927416,0.31,-0.12,0.93,-177.98,-51.27,15.50,45.42,30.32,-22.44,1
x,2022-10-14 19:52:03.947729,0.26,-0.07,0.91,-120.48,-44.19,-7.81,45.42,30.32,-22.44,1
x,2022-10-14 19:52:03.967149,0.34,-0.36,0.92,-13.67,-60.49,9.89,45.42,30.32,-22.44,1
x,2022-10-14 19:52:03.987818,0.20,-0.20,1.12,-53.16,-53.89,-0.55,40.82,28.38,-31.36,1
