L,2022-11-08 17:28:34.933816,-0.01,-1.01,0.11,4.21,2.87,1.22,-37.56,35.21,-28.23,1
L,2022-11-08 17:28:34.935760,-0.02,-1.01,0.11,2.69,3.42,1.53,-37.56,35.21,-28.23,1
L,2022-11-08 17:28:34.936684,-0.01,-1.01,0.11,3.91,4.21,1.16,-37.56,35.21,-28.23,1
L,2022-11-08 17:28:34.937506,-0.01,-1.01,0.11,4.27,4.03,1.28,-37.79,34.83,-26.86,1
L,2022-11-08 17:28:34.938157,-0.02,-1.01,0.11,3.78,4.39,1.04,-37.79,34.83,-26.86,1
L,2022-11-08 17:28:34.938726,-0.02,-1.00,0.12,3.54,6.53,0.98,-37.79,34.83,-26.86,1
L,2022-11-08 17:28:34.939311,-0.02,-1.01,0.09,8.42,7.39,-0.55,-37.62,35.07,-26.17,1
L,2022-11-08 17:28:34.939830,-0.01,-1.00,0.11,3.11,10.62,0.73,-37.62,35.07,-26.17,1
L,2022-11-08 17:28:34.940868,-0.02,-1.02,0.11,2.38,10.68,0.55,-37.41,34.77,-28.44,1
L,2022-11-08 17:28:34.941977,-0.02,-1.02,0.09,4.09,5.31,0.85,-37.41,34.77,-28.44,1
L,2022-11-08 17:28:34.943147,-0.02,-1.02,0.10,0.55,3.97,2.08,-37.41,34.77,-28.44,1
L,2022-11-08 17:28:34.944013,-0.01,-1.01,0.11,-1.16,2.87,2.69,-37.10,34.56,-28.92,1
L,2022-11-08 17:28:34.944777,-0.02,-1.02,0.10,0.49,4.03,1.89,-37.10,34.56,-28.92,1
L,2022-11-08 17:28:34.945283,-0.02,-1.01,0.10,-0.79,6.35,2.14,-37.10,34.56,-28.92,1
L,2022-11-08 17:28:34.945965,-0.02,-1.01,0.10,4.15,8.97,0.49,-37.52,34.79,-28.76,1
L,2022-11-08 17:28:34.946756,-0.02,-1.01,0.10,0.67,11.66,1.34,-37.52,34.79,-28.76,1
L,2022-11-08 17:28:34.947369,-0.01,-1.01,0.12,0.92,11.05,1.16,-37.52,34.79,-28.76,1
L,2022-11-08 17:28:34.948374,-0.01,-1.01,0.11,6.59,8.12,0.06,-37.66,34.68,-28.39,1
L,2022-11-08 17:28:34.949274,-0.02,-1.01,0.09,11.05,7.51,-0.61,-37.66,34.68,-28.39,1
L,2022-11-08 17:28:34.949777,-0.02,-1.02,0.08,-2.14,6.59,2.69,-37.01,34.99,-28.92,1
L,2022-11-08 17:28:34.950254,-0.02,-1.01,0.10,-1.95,3.78,2.75,-37.01,34.99,-28.92,1
L,2022-11-08 17:28:34.950713,-0.02,-1.01,0.09,2.32,4.09,1.46,-37.01,34.99,-28.92,1
L,2022-11-08 17:28:34.951322,-0.02,-1.01,0.09,2.81,4.15,1.34,-37.44,34.79,-28.14,1
L,2022-11-08 17:28:34.951932,-0.02,-1.01,0.09,2.08,3.78,1.71,-37.44,34.79,-28.14,1
L,2022-11-08 17:28:34.952632,-0.02,-1.01,0.10,5.62,4.46,0.98,-37.44,34.79,-28.14,1
L,2022-11-08 17:28:34.953147,-0.02,-1.02,0.08,6.23,3.78,0.37,-37.46,34.58,-28.45,1
L,2022-11-08 17:28:34.953648,-0.02,-1.02,0.08,1.16,3.48,1.65,-37.46,34.58,-28.45,1
L,2022-11-08 17:28:34.954226,-0.02,-1.02,0.09,-2.01,2.14,2.75,-37.46,34.58,-28.45,1
L,2022-11-08 17:28:34.954761,-0.02,-1.01,0.10,-2.81,2.56,2.81,-37.07,34.74,-27.53,1
L,2022-11-08 17:28:34.955254,-0.02,-1.01,0.09,2.32,2.14,1.83,-37.07,34.74,-27.53,1
L,2022-11-08 17:28:34.955741,-0.02,-1.02,0.09,1.59,2.62,1.83,-37.24,34.68,-27.93,1
L,2022-11-08 17:28:34.956175,-0.02,-1.01,0.09,2.08,3.23,1.77,-37.24,34.68,-27.93,1
L,2022-11-08 17:28:34.956627,-0.02,-1.01,0.09,2.62,3.05,1.53,-37.24,34.68,-27.93,1
L,2022-11-08 17:28:34.957049,-0.02,-1.02,0.09,2.50,3.60,1.40,-37.49,35.41,-29.33,1
L,2022-11-08 17:28:34.957488,-0.02,-1.01,0.09,2.93,2.87,1.71,-37.49,35.41,-29.33,1
L,2022-11-08 17:28:34.957977,-0.02,-1.02,0.08,2.26,2.50,1.59,-37.49,35.41,-29.33,1
L,2022-11-08 17:28:34.958393,-0.03,-1.02,0.08,4.94,0.92,0.92,-37.15,34.39,-28.34,1
L,2022-11-08 17:28:34.958862,-0.02,-1.02,0.07,-0.55,2.56,2.56,-37.15,34.39,-28.34,1
L,2022-11-08 17:28:34.959352,-0.02,-1.01,0.10,-2.08,2.44,2.69,-37.15,34.39,-28.34,1
L,2022-11-08 17:28:34.959932,-0.02,-1.01,0.08,2.99,2.14,0.85,-37.72,34.92,-27.72,1
L,2022-11-08 17:28:34.960444,-0.02,-1.02,0.08,5.37,2.38,1.04,-37.72,34.92,-27.72,1
L,2022-11-08 17:28:34.960869,-0.02,-1.02,0.08,4.21,1.65,1.28,-37.45,35.31,-28.41,1
L,2022-11-08 17:28:34.961457,-0.03,-1.02,0.07,4.64,1.71,1.28,-37.45,35.31,-28.41,1
L,2022-11-08 17:28:34.961924,-0.02,-1.02,0.07,1.59,2.32,1.95,-37.45,35.31,-28.41,1
L,2022-11-08 17:28:34.962382,-0.02,-1.02,0.07,-1.10,2.87,2.69,-37.21,35.12,-28.32,1
L,2022-11-08 17:28:34.962785,-0.02,-1.01,0.08,0.67,3.42,2.08,-37.21,35.12,-28.32,1
L,2022-11-08 17:28:34.963183,-0.03,-1.02,0.06,6.77,6.23,0.18,-37.21,35.12,-28.32,1
L,2022-11-08 17:28:34.963881,-0.01,-1.01,0.06,0.43,4.64,2.44,-37.62,34.75,-28.06,1
L,2022-11-08 17:28:34.964280,-0.02,-1.01,0.08,13.85,5.98,-1.04,-37.62,34.75,-28.06,1
L,2022-11-08 17:28:34.964970,-0.03,-1.02,0.05,13.61,10.93,-1.46,-37.62,34.75,-28.06,1
L,2022-11-08 17:28:34.965671,-0.02,-1.00,0.10,27.83,16.91,-3.66,-37.21,34.64,-27.48,1
L,2022-11-08 17:28:34.966579,-0.03,-1.03,0.02,19.65,24.90,-1.89,-37.21,34.64,-27.48,1
L,2022-11-08 17:28:34.967049,-0.02,-1.01,0.03,10.74,28.93,-1.59,-37.33,34.59,-28.41,1
L,2022-11-08 17:28:34.967541,-0.03,-1.04,0.03,12.70,29.36,-1.71,-37.33,34.59,-28.41,1
L,2022-11-08 17:28:34.968065,-0.04,-1.02,0.05,4.88,25.88,-1.16,-37.33,34.59,-28.41,1
L,2022-11-08 17:28:34.968553,-0.03,-1.01,0.05,2.62,22.34,1.16,-37.34,34.95,-29.97,1
L,2022-11-08 17:28:34.969236,-0.04,-1.03,0.03,4.94,23.80,0.06,-37.34,34.95,-29.97,1
L,2022-11-08 17:28:34.969680,-0.04,-1.02,0.03,2.01,27.95,0.24,-37.34,34.95,-29.97,1
L,2022-11-08 17:28:34.970184,-0.02,-1.00,0.02,4.94,32.53,0.85,-37.13,34.78,-30.20,1
L,2022-11-08 17:28:34.970648,-0.04,-1.02,0.01,12.63,31.07,-1.95,-37.13,34.78,-30.20,1
L,2022-11-08 17:28:34.971140,-0.02,-1.04,0.05,7.75,30.15,-0.73,-37.13,34.78,-30.20,1
L,2022-11-08 17:28:34.971566,-0.00,-1.02,0.04,15.93,25.51,-0.79,-36.41,34.52,-30.94,1
L,2022-11-08 17:28:34.972151,-0.04,-1.03,0.01,13.92,16.11,-2.20,-36.41,34.52,-30.94,1
L,2022-11-08 17:28:34.972719,-0.01,-1.01,0.05,6.71,12.70,0.79,-36.25,34.55,-32.78,1
L,2022-11-08 17:28:34.973314,-0.04,-1.03,0.00,0.79,2.14,1.28,-36.25,34.55,-32.78,1
L,2022-11-08 17:28:34.973890,-0.03,-1.01,0.03,-0.24,2.20,2.14,-36.25,34.55,-32.78,1
L,2022-11-08 17:28:34.974379,-0.03,-1.02,0.02,6.29,5.25,0.85,-35.99,34.66,-32.24,1
L,2022-11-08 17:28:34.974877,-0.03,-1.02,0.01,3.42,4.21,1.77,-35.99,34.66,-32.24,1
L,2022-11-08 17:28:34.975799,-0.04,-1.02,0.02,-0.12,3.17,2.44,-35.99,34.66,-32.24,1
L,2022-11-08 17:28:34.976390,-0.04,-1.02,-0.00,0.79,2.75,2.26,-36.35,34.07,-32.06,1
L,2022-11-08 17:28:34.976821,-0.03,-1.01,0.05,5.92,8.85,1.10,-36.35,34.07,-32.06,1
L,2022-11-08 17:28:34.977541,-0.06,-1.09,-0.18,-9.64,-2.26,6.29,-36.35,34.07,-32.06,1
L,2022-11-08 17:28:34.978576,0.01,-0.86,-0.00,-39.31,-0.85,11.96,-35.89,34.57,-32.85,1
L,2022-11-08 17:28:34.979883,-0.11,-1.11,0.10,-9.34,-7.39,0.43,-35.89,34.57,-32.85,1
L,2022-11-08 17:28:34.980871,0.04,-1.06,-0.04,-4.88,-6.16,17.94,-35.94,35.06,-32.09,1
L,2022-11-08 17:28:34.981627,0.08,-0.96,0.07,16.42,10.31,25.82,-35.94,35.06,-32.09,1
L,2022-11-08 17:28:34.982272,0.03,-1.06,-0.04,41.26,-0.79,8.67,-35.94,35.06,-32.09,1
L,2022-11-08 17:28:34.983375,-0.06,-0.98,0.01,-0.37,-5.74,-16.24,-36.04,35.17,-31.71,1
L,2022-11-08 17:28:34.984247,-0.13,-1.98,0.38,-28.69,-19.10,-43.21,-36.04,35.17,-31.71,1
L,2022-11-08 17:28:34.984790,-0.17,-0.49,0.21,-35.77,-4.76,-21.00,-36.04,35.17,-31.71,1
L,2022-11-08 17:28:34.985354,-0.08,-1.06,0.08,67.08,13.24,36.32,-37.02,33.90,-30.66,1
L,2022-11-08 17:28:34.985766,0.09,-1.00,-0.17,-7.32,-10.56,27.04,-37.02,33.90,-30.66,1
L,2022-11-08 17:28:34.986202,0.03,-0.97,0.00,-19.90,-11.23,9.16,-36.78,34.51,-31.13,1
L,2022-11-08 17:28:34.986666,-0.04,-1.00,0.04,3.42,-12.08,-9.83,-36.78,34.51,-31.13,1
L,2022-11-08 17:28:34.987303,-0.14,-1.35,0.21,-9.52,-10.93,-24.48,-36.78,34.51,-31.13,1
L,2022-11-08 17:28:34.988220,-0.02,-1.38,0.01,68.30,23.74,5.00,-37.43,33.97,-31.24,1
L,2022-11-08 17:28:34.988912,-0.01,-0.99,-0.06,-5.49,21.24,2.69,-37.43,33.97,-31.24,1
L,2022-11-08 17:28:34.989359,0.00,-1.03,-0.05,1.04,11.96,2.62,-37.43,33.97,-31.24,1
L,2022-11-08 17:28:34.990098,-0.01,-1.01,0.02,-8.79,4.27,3.91,-37.62,34.18,-31.29,1
L,2022-11-08 17:28:34.991057,-0.05,-1.01,0.09,6.59,4.15,1.83,-37.62,34.18,-31.29,1
L,2022-11-08 17:28:34.991914,-0.07,-1.02,0.03,3.85,4.58,0.55,-37.62,34.18,-31.29,1
L,2022-11-08 17:28:34.992962,-0.02,-1.02,-0.02,4.09,3.30,1.71,-37.54,33.92,-30.70,1
L,2022-11-08 17:28:34.993838,-0.07,-1.02,0.02,2.08,4.39,1.34,-37.54,33.92,-30.70,1
L,2022-11-08 17:28:34.994421,-0.03,-1.02,-0.03,3.91,5.62,1.71,-37.84,33.78,-31.30,1
L,2022-11-08 17:28:34.994819,-0.02,-1.01,0.05,5.07,4.94,1.71,-37.84,33.78,-31.30,1
L,2022-11-08 17:28:34.995194,-0.02,-1.01,0.05,-4.58,0.98,3.42,-37.84,33.78,-31.30,1
L,2022-11-08 17:28:34.995840,-0.03,-1.04,-0.03,0.67,-6.47,2.44,-37.73,33.76,-31.73,1
L,2022-11-08 17:28:34.996251,-0.04,-1.01,0.02,-13.24,-5.31,5.13,-37.73,33.76,-31.73,1
L,2022-11-08 17:28:34.996670,-0.03,-1.01,0.04,-4.52,-0.18,3.48,-37.73,33.76,-31.73,1
L,2022-11-08 17:28:34.997037,-0.03,-1.02,0.00,2.62,3.17,1.59,-37.29,34.51,-32.25,1
L,2022-11-08 17:28:34.997444,-0.03,-1.02,0.00,-0.55,3.30,2.69,-37.29,34.51,-32.25,1
L,2022-11-08 17:28:34.997813,-0.05,-1.02,-0.00,-7.02,2.75,4.09,-37.29,34.51,-32.25,1
L,2022-11-08 17:28:34.998236,-0.02,-1.01,0.03,-3.97,4.58,3.48,-37.35,34.02,-31.81,1
L,2022-11-08 17:28:34.998745,-0.03,-1.02,0.02,-3.97,2.75,3.30,-37.35,34.02,-31.81,1
L,2022-11-08 17:28:34.999138,-0.03,-1.02,0.03,-3.85,2.56,3.17,-37.73,33.97,-31.34,1
L,2022-11-08 17:28:34.999561,-0.03,-1.02,0.02,-4.76,3.23,3.30,-37.73,33.97,-31.34,1
L,2022-11-08 17:28:34.999941,-0.02,-1.01,0.05,-4.03,4.39,3.42,-37.73,33.97,-31.34,1
L,2022-11-08 17:28:35.000435,-0.02,-1.02,0.03,0.12,2.20,2.56,-37.63,34.39,-31.80,1
L,2022-11-08 17:28:35.000818,-0.03,-1.02,0.03,1.04,2.32,1.83,-37.63,34.39,-31.80,1
L,2022-11-08 17:28:35.001424,-0.03,-1.02,0.02,2.62,2.93,1.22,-37.63,34.39,-31.80,1
L,2022-11-08 17:28:35.002097,-0.03,-1.02,0.02,3.97,3.17,1.10,-37.50,33.47,-32.43,1
L,2022-11-08 17:28:35.002478,-0.03,-1.02,0.02,-0.55,2.20,2.38,-37.50,33.47,-32.43,1
L,2022-11-08 17:28:35.002858,-0.03,-1.02,0.03,0.31,2.81,2.26,-37.50,33.47,-32.43,1
L,2022-11-08 17:28:35.003221,-0.04,-1.02,0.01,2.56,4.39,1.65,-37.79,33.56,-31.57,1
L,2022-11-08 17:28:35.003616,-0.02,-1.01,0.04,3.60,7.02,1.40,-37.79,33.56,-31.57,1
L,2022-11-08 17:28:35.003989,-0.04,-1.02,0.02,8.00,6.47,0.49,-37.70,33.96,-31.82,1
L,2022-11-08 17:28:35.004390,-0.04,-1.03,-0.00,2.62,3.72,1.77,-37.70,33.96,-31.82,1
L,2022-11-08 17:28:35.004759,-0.03,-1.01,0.04,-4.03,0.79,3.23,-37.70,33.96,-31.82,1
L,2022-11-08 17:28:35.005122,-0.03,-1.02,0.01,1.34,1.28,2.38,-37.21,33.81,-31.56,1
L,2022-11-08 17:28:35.005571,-0.04,-1.02,0.02,-3.05,0.55,2.99,-37.21,33.81,-31.56,1
L,2022-11-08 17:28:35.006007,-0.03,-1.02,0.02,1.53,2.56,1.95,-37.21,33.81,-31.56,1
L,2022-11-08 17:28:35.006437,-0.03,-1.02,0.01,0.55,2.62,2.14,-37.33,33.73,-30.46,1
L,2022-11-08 17:28:35.006821,-0.03,-1.02,0.02,0.24,2.32,2.32,-37.33,33.73,-30.46,1
L,2022-11-08 17:28:35.007302,-0.03,-1.02,0.02,0.49,2.26,2.26,-37.33,33.73,-30.46,1
L,2022-11-08 17:28:35.008020,-0.03,-1.02,0.02,0.92,2.44,2.20,-37.78,33.73,-31.15,1
L,2022-11-08 17:28:35.008550,-0.03,-1.02,0.01,0.67,2.20,2.38,-37.78,33.73,-31.15,1
L,2022-11-08 17:28:35.009076,-0.03,-1.02,0.01,0.24,2.08,2.38,-38.07,34.05,-32.06,1
L,2022-11-08 17:28:35.009601,-0.03,-1.02,0.02,-2.14,2.87,2.56,-38.07,34.05,-32.06,1
L,2022-11-08 17:28:35.011652,-0.03,-1.02,0.02,-1.83,2.14,2.69,-38.07,34.05,-32.06,1
L,2022-11-08 17:28:35.014134,-0.03,-1.02,0.02,0.92,1.89,2.26,-37.76,33.98,-31.81,1
L,2022-11-08 17:28:35.015339,-0.03,-1.02,0.02,-0.06,2.08,2.62,-37.76,33.98,-31.81,1
L,2022-11-08 17:28:35.015906,-0.03,-1.02,0.02,0.00,2.44,2.20,-37.76,33.98,-31.81,1
L,2022-11-08 17:28:35.016344,-0.03,-1.02,0.02,-0.06,2.56,2.20,-37.49,33.75,-31.75,1
L,2022-11-08 17:28:35.016732,-0.03,-1.02,0.02,-0.67,2.56,2.56,-37.49,33.75,-31.75,1
L,2022-11-08 17:28:35.017102,-0.03,-1.02,0.02,-1.10,2.50,2.56,-37.49,33.75,-31.75,1
L,2022-11-08 17:28:35.017486,-0.03,-1.02,0.02,-0.43,2.62,2.44,-37.54,33.59,-31.91,1
L,2022-11-08 17:28:35.017851,-0.03,-1.02,0.02,-0.67,3.48,2.32,-37.54,33.59,-31.91,1
L,2022-11-08 17:28:35.018241,-0.03,-1.02,0.02,0.43,3.17,2.32,-37.24,34.02,-30.79,1
L,2022-11-08 17:28:35.018610,-0.03,-1.02,0.02,-0.85,1.65,2.56,-37.24,34.02,-30.79,1
L,2022-11-08 17:28:35.019001,-0.03,-1.02,0.03,0.12,1.65,2.44,-37.24,34.02,-30.79,1
L,2022-11-08 17:28:35.019369,-0.03,-1.02,0.02,0.49,1.40,2.38,-37.68,34.01,-31.31,1
L,2022-11-08 17:28:35.019758,-0.03,-1.02,0.02,-1.83,0.73,2.62,-37.68,34.01,-31.31,1
L,2022-11-08 17:28:35.020136,-0.03,-1.02,0.03,-1.16,1.28,2.56,-37.68,34.01,-31.31,1
L,2022-11-08 17:28:35.020507,-0.03,-1.02,0.02,-0.06,1.65,2.32,-37.48,33.92,-31.26,1
L,2022-11-08 17:28:35.020931,-0.03,-1.02,0.02,-0.92,1.53,2.69,-37.48,33.92,-31.26,1
L,2022-11-08 17:28:35.021327,-0.03,-1.02,0.03,-1.46,1.59,2.75,-37.48,33.92,-31.26,1
L,2022-11-08 17:28:35.021875,-0.03,-1.02,0.03,0.61,2.87,2.08,-37.92,33.79,-31.62,1
L,2022-11-08 17:28:35.022267,-0.03,-1.02,0.03,-0.37,2.93,2.01,-37.92,33.79,-31.62,1
L,2022-11-08 17:28:35.022687,-0.03,-1.02,0.02,0.18,2.75,2.20,-37.44,33.75,-32.50,1
L,2022-11-08 17:28:35.023047,-0.03,-1.02,0.02,0.00,3.66,1.95,-37.44,33.75,-32.50,1
L,2022-11-08 17:28:35.023404,-0.03,-1.02,0.04,2.56,5.07,1.71,-37.44,33.75,-32.50,1
L,2022-11-08 17:28:35.023779,-0.03,-1.02,0.02,0.37,2.87,2.26,-37.66,34.01,-32.73,1
L,2022-11-08 17:28:35.024137,-0.03,-1.02,0.03,0.92,2.50,1.89,-37.66,34.01,-32.73,1
L,2022-11-08 17:28:35.024524,-0.03,-1.02,0.02,1.77,2.69,1.89,-37.66,34.01,-32.73,1
L,2022-11-08 17:28:35.024890,-0.03,-1.02,0.02,0.67,2.44,1.95,-37.51,33.76,-31.95,1
L,2022-11-08 17:28:35.025402,-0.03,-1.02,0.02,0.37,2.32,2.26,-37.51,33.76,-31.95,1
L,2022-11-08 17:28:35.025810,-0.03,-1.02,0.02,-0.98,1.95,2.50,-37.51,33.76,-31.95,1
L,2022-11-08 17:28:35.026191,-0.03,-1.02,0.02,0.55,2.38,2.08,-37.46,33.75,-32.41,1
L,2022-11-08 17:28:35.026942,-0.03,-1.02,0.02,0.24,2.01,2.20,-37.46,33.75,-32.41,1
L,2022-11-08 17:28:35.027847,-0.03,-1.02,0.02,0.49,2.14,2.32,-38.01,34.33,-31.91,1
L,2022-11-08 17:28:35.028796,-0.03,-1.02,0.02,0.06,2.50,2.01,-38.01,34.33,-31.91,1
L,2022-11-08 17:28:35.029585,-0.03,-1.02,0.03,0.43,2.20,2.01,-38.01,34.33,-31.91,1
L,2022-11-08 17:28:35.030332,-0.03,-1.02,0.02,0.12,2.56,2.08,-37.83,34.03,-31.34,1
L,2022-11-08 17:28:35.031043,-0.03,-1.02,0.02,0.24,2.81,2.26,-37.83,34.03,-31.34,1
L,2022-11-08 17:28:35.031521,-0.03,-1.02,0.02,0.18,2.44,2.20,-37.83,34.03,-31.34,1
L,2022-11-08 17:28:35.031893,-0.03,-1.02,0.02,0.85,2.38,2.08,-37.65,33.97,-32.18,1
L,2022-11-08 17:28:35.032299,-0.03,-1.02,0.02,0.31,2.20,1.83,-37.65,33.97,-32.18,1
L,2022-11-08 17:28:35.032715,-0.03,-1.02,0.02,0.31,2.44,2.08,-37.65,33.97,-32.18,1
L,2022-11-08 17:28:35.033120,-0.03,-1.02,0.02,0.92,2.20,1.95,-37.74,33.98,-31.08,1
L,2022-11-08 17:28:35.033699,-0.03,-1.02,0.02,0.92,2.38,2.08,-37.74,33.98,-31.08,1
L,2022-11-08 17:28:35.034088,-0.03,-1.02,0.02,0.49,2.14,2.38,-37.51,33.62,-32.25,1
L,2022-11-08 17:28:35.034497,-0.03,-1.02,0.03,0.61,2.08,2.20,-37.51,33.62,-32.25,1
L,2022-11-08 17:28:35.034871,-0.03,-1.02,0.02,0.31,2.38,2.01,-37.51,33.62,-32.25,1
L,2022-11-08 17:28:35.035232,-0.03,-1.02,0.02,1.28,2.81,1.77,-37.43,33.91,-31.57,1
L,2022-11-08 17:28:35.035626,-0.03,-1.02,0.02,1.83,3.17,1.65,-37.43,33.91,-31.57,1
L,2022-11-08 17:28:35.036004,-0.03,-1.02,0.03,3.91,4.33,1.40,-37.43,33.91,-31.57,1
L,2022-11-08 17:28:35.036633,-0.03,-1.02,0.02,3.42,3.23,2.01,-37.87,34.28,-31.52,1
L,2022-11-08 17:28:35.037268,-0.03,-1.02,0.02,1.04,2.44,1.83,-37.87,34.28,-31.52,1
L,2022-11-08 17:28:35.037736,-0.03,-1.02,0.02,0.67,2.26,2.26,-37.87,34.28,-31.52,1
L,2022-11-08 17:28:35.038131,-0.03,-1.02,0.02,-0.55,2.44,2.14,-38.00,33.40,-32.96,1
L,2022-11-08 17:28:35.038511,-0.03,-1.02,0.02,0.06,2.62,2.14,-38.00,33.40,-32.96,1
L,2022-11-08 17:28:35.038873,-0.03,-1.02,0.02,0.55,2.69,2.08,-37.73,34.11,-31.75,1
L,2022-11-08 17:28:35.039233,-0.04,-1.02,0.02,3.36,3.78,1.53,-37.73,34.11,-31.75,1
L,2022-11-08 17:28:35.039646,-0.03,-1.02,0.02,3.05,3.66,1.59,-37.73,34.11,-31.75,1
L,2022-11-08 17:28:35.040034,-0.03,-1.02,0.02,2.50,3.54,1.65,-37.66,34.25,-31.93,1
L,2022-11-08 17:28:35.040462,-0.03,-1.02,0.02,3.36,3.85,1.46,-37.66,34.25,-31.93,1
L,2022-11-08 17:28:35.040822,-0.03,-1.02,0.01,1.71,3.11,1.95,-37.66,34.25,-31.93,1
L,2022-11-08 17:28:35.041506,-0.03,-1.02,0.02,0.85,2.32,2.32,-37.98,33.87,-32.75,1
L,2022-11-08 17:28:35.041888,-0.03,-1.02,0.01,0.43,2.20,2.38,-37.98,33.87,-32.75,1
L,2022-11-08 17:28:35.042252,-0.03,-1.02,0.01,-0.06,2.14,2.32,-37.98,33.87,-32.75,1
L,2022-11-08 17:28:35.042665,-0.03,-1.02,0.02,-0.37,2.44,2.14,-37.61,34.03,-31.67,1
L,2022-11-08 17:28:35.043049,-0.03,-1.02,0.01,0.73,2.50,2.32,-37.61,34.03,-31.67,1
L,2022-11-08 17:28:35.043468,-0.03,-1.02,0.02,0.06,2.01,2.38,-37.35,33.34,-31.27,1
L,2022-11-08 17:28:35.044017,-0.03,-1.02,0.01,0.31,2.20,2.20,-37.35,33.34,-31.27,1
L,2022-11-08 17:28:35.044551,-0.04,-1.02,0.01,0.37,2.44,2.14,-37.35,33.34,-31.27,1
L,2022-11-08 17:28:35.046058,-0.03,-1.02,0.01,0.12,2.26,2.32,-37.43,33.40,-31.74,1
L,2022-11-08 17:28:35.046777,-0.03,-1.02,0.01,0.43,2.38,2.14,-37.43,33.40,-31.74,1
L,2022-11-08 17:28:35.047694,-0.03,-1.02,0.02,0.79,2.26,2.14,-37.43,33.40,-31.74,1
L,2022-11-08 17:28:35.048297,-0.03,-1.02,0.02,0.06,2.56,2.08,-37.60,33.89,-31.96,1
L,2022-11-08 17:28:35.049107,-0.03,-1.02,0.02,0.12,2.81,1.83,-37.60,33.89,-31.96,1
L,2022-11-08 17:28:35.049681,-0.03,-1.02,0.01,1.40,3.36,2.14,-37.60,33.89,-31.96,1
L,2022-11-08 17:28:35.050140,-0.03,-1.03,0.01,0.98,2.62,2.44,-37.39,33.46,-31.92,1
L,2022-11-08 17:28:35.050570,-0.03,-1.02,0.01,0.12,2.75,2.32,-37.39,33.46,-31.92,1
L,2022-11-08 17:28:35.050951,-0.03,-1.02,0.02,-0.67,2.38,2.44,-37.37,33.62,-33.18,1
L,2022-11-08 17:28:35.051373,-0.03,-1.02,0.02,0.43,2.26,2.14,-37.37,33.62,-33.18,1
L,2022-11-08 17:28:35.051739,-0.03,-1.02,0.02,-0.06,2.20,2.50,-37.37,33.62,-33.18,1
L,2022-11-08 17:28:35.052146,-0.03,-1.02,0.02,0.49,2.32,2.20,-37.19,33.87,-32.81,1
L,2022-11-08 17:28:35.052540,-0.03,-1.02,0.02,-0.12,2.14,2.20,-37.19,33.87,-32.81,1
L,2022-11-08 17:28:35.052964,-0.03,-1.02,0.02,-0.12,1.95,2.32,-37.19,33.87,-32.81,1
L,2022-11-08 17:28:35.053328,-0.03,-1.02,0.01,0.67,1.83,2.20,-37.48,34.55,-32.46,1
L,2022-11-08 17:28:35.053723,-0.03,-1.02,0.02,0.00,2.26,2.38,-37.48,34.55,-32.46,1
L,2022-11-08 17:28:35.054083,-0.03,-1.02,0.01,0.06,2.01,2.14,-37.48,34.55,-32.46,1
L,2022-11-08 17:28:35.054450,-0.03,-1.02,0.02,-0.37,1.59,2.50,-36.99,33.56,-32.80,1
L,2022-11-08 17:28:35.054826,-0.03,-1.02,0.02,-1.53,1.46,2.75,-36.99,33.56,-32.80,1
L,2022-11-08 17:28:35.055196,-0.03,-1.02,0.02,-0.73,1.59,2.44,-37.44,33.62,-33.04,1
L,2022-11-08 17:28:35.055594,-0.03,-1.02,0.02,-0.85,1.59,2.62,-37.44,33.62,-33.04,1
L,2022-11-08 17:28:35.055954,-0.03,-1.02,0.02,0.12,2.08,2.26,-37.44,33.62,-33.04,1
L,2022-11-08 17:28:35.056403,-0.03,-1.02,0.01,0.31,2.26,2.01,-37.96,33.42,-32.34,1
L,2022-11-08 17:28:35.056845,-0.03,-1.02,0.02,0.55,2.32,2.01,-37.96,33.42,-32.34,1
L,2022-11-08 17:28:35.057269,-0.03,-1.02,0.02,0.49,2.32,2.01,-37.96,33.42,-32.34,1
L,2022-11-08 17:28:35.057644,-0.03,-1.02,0.02,-0.18,2.38,2.26,-38.00,33.68,-31.96,1
L,2022-11-08 17:28:35.058020,-0.03,-1.02,0.02,0.67,2.56,1.89,-38.00,33.68,-31.96,1
L,2022-11-08 17:28:35.058395,-0.03,-1.02,0.02,0.55,2.32,2.08,-38.00,33.68,-31.96,1
L,2022-11-08 17:28:35.058752,-0.03,-1.02,0.02,0.49,2.38,2.20,-37.65,33.44,-32.10,1
L,2022-11-08 17:28:35.059141,-0.03,-1.02,0.02,0.49,2.20,2.20,-37.65,33.44,-32.10,1
L,2022-11-08 17:28:35.059499,-0.03,-1.02,0.02,0.43,2.26,2.14,-37.23,34.01,-31.90,1
L,2022-11-08 17:28:35.060027,-0.03,-1.02,0.02,0.55,2.08,2.14,-37.23,34.01,-31.90,1
L,2022-11-08 17:28:35.060462,-0.03,-1.02,0.02,0.31,2.32,2.32,-37.23,34.01,-31.90,1
L,2022-11-08 17:28:35.060854,-0.03,-1.02,0.02,0.06,1.95,2.20,-37.30,34.35,-31.92,1
L,2022-11-08 17:28:35.061243,-0.03,-1.02,0.02,0.18,2.38,2.38,-37.30,34.35,-31.92,1
L,2022-11-08 17:28:35.061605,-0.03,-1.02,0.02,0.43,2.26,2.20,-37.30,34.35,-31.92,1
L,2022-11-08 17:28:35.061998,-0.03,-1.02,0.02,0.31,2.32,1.95,-37.29,34.28,-31.65,1
L,2022-11-08 17:28:35.062357,-0.03,-1.02,0.02,0.49,2.32,2.20,-37.29,34.28,-31.65,1
L,2022-11-08 17:28:35.062986,-0.03,-1.02,0.02,0.61,2.08,2.20,-37.29,34.28,-31.65,1
L,2022-11-08 17:28:35.063792,-0.03,-1.02,0.02,0.06,2.01,1.95,-37.34,34.30,-32.76,1
L,2022-11-08 17:28:35.064667,-0.03,-1.02,0.02,0.43,2.01,2.44,-37.34,34.30,-32.76,1
L,2022-11-08 17:28:35.065375,-0.03,-1.02,0.02,0.12,1.89,2.08,-37.99,33.46,-32.45,1
L,2022-11-08 17:28:35.065990,-0.03,-1.02,0.02,0.00,2.14,2.26,-37.99,33.46,-32.45,1
L,2022-11-08 17:28:35.066744,-0.03,-1.02,0.02,0.85,2.20,2.14,-37.99,33.46,-32.45,1
L,2022-11-08 17:28:35.067393,-0.03,-1.02,0.02,0.31,2.32,2.14,-37.44,33.89,-32.10,1
L,2022-11-08 17:28:35.067863,-0.03,-1.02,0.01,0.85,2.38,2.26,-37.44,33.89,-32.10,1
L,2022-11-08 17:28:35.068347,-0.03,-1.02,0.02,0.00,2.14,2.26,-37.44,33.89,-32.10,1
L,2022-11-08 17:28:35.068720,-0.03,-1.02,0.02,0.18,1.71,2.14,-37.07,34.17,-32.19,1
L,2022-11-08 17:28:35.069101,-0.03,-1.02,0.02,0.24,2.08,2.20,-37.07,34.17,-32.19,1
L,2022-11-08 17:28:35.069504,-0.03,-1.02,0.02,0.43,2.01,2.20,-37.07,34.17,-32.19,1
L,2022-11-08 17:28:35.069938,-0.03,-1.02,0.02,0.24,2.20,2.14,-37.54,34.09,-31.01,1
L,2022-11-08 17:28:35.070311,-0.03,-1.02,0.02,0.49,2.14,2.08,-37.54,34.09,-31.01,1
L,2022-11-08 17:28:35.070740,-0.03,-1.02,0.02,0.55,2.32,2.08,-36.93,33.70,-31.69,1
L,2022-11-08 17:28:35.071439,-0.03,-1.02,0.02,0.18,2.14,2.20,-36.93,33.70,-31.69,1
L,2022-11-08 17:28:35.072047,-0.03,-1.02,0.02,0.49,1.95,2.20,-36.93,33.70,-31.69,1
L,2022-11-08 17:28:35.072571,-0.03,-1.02,0.02,0.37,2.14,2.26,-37.01,34.08,-32.65,1
L,2022-11-08 17:28:35.073008,-0.03,-1.02,0.02,0.55,2.20,2.50,-37.01,34.08,-32.65,1
L,2022-11-08 17:28:35.073431,-0.03,-1.02,0.02,0.12,2.20,2.14,-37.01,34.08,-32.65,1
L,2022-11-08 17:28:35.073817,-0.03,-1.02,0.02,0.43,2.14,2.26,-37.28,33.75,-32.71,1
L,2022-11-08 17:28:35.074214,-0.03,-1.02,0.02,0.00,2.08,2.20,-37.28,33.75,-32.71,1
L,2022-11-08 17:28:35.074581,-0.03,-1.02,0.02,0.12,2.14,2.32,-37.28,33.75,-32.71,1
L,2022-11-08 17:28:35.074981,-0.03,-1.02,0.02,-0.06,1.65,2.32,-37.59,33.65,-32.76,1
L,2022-11-08 17:28:35.075350,-0.03,-1.02,0.02,-0.55,1.83,2.56,-37.59,33.65,-32.76,1
L,2022-11-08 17:28:35.075716,-0.03,-1.02,0.02,-0.31,1.95,2.50,-37.23,33.80,-31.40,1
L,2022-11-08 17:28:35.076082,-0.03,-1.02,0.02,0.43,2.26,2.20,-37.23,33.80,-31.40,1
L,2022-11-08 17:28:35.076450,-0.03,-1.02,0.02,0.31,2.08,2.08,-37.23,33.80,-31.40,1
L,2022-11-08 17:28:35.076946,-0.03,-1.02,0.02,0.00,2.01,2.26,-37.18,33.81,-33.44,1
L,2022-11-08 17:28:35.077411,-0.03,-1.02,0.02,-0.18,2.20,2.32,-37.18,33.81,-33.44,1
L,2022-11-08 17:28:35.077900,-0.03,-1.02,0.02,0.37,2.32,2.14,-37.18,33.81,-33.44,1
L,2022-11-08 17:28:35.078632,-0.03,-1.02,0.02,0.12,2.44,2.32,-37.29,33.58,-32.03,1
L,2022-11-08 17:28:35.079118,-0.03,-1.02,0.02,0.31,2.01,2.14,-37.29,33.58,-32.03,1
L,2022-11-08 17:28:35.079586,-0.03,-1.02,0.02,0.31,2.38,2.01,-37.29,33.58,-32.03,1
L,2022-11-08 17:28:35.080056,-0.03,-1.02,0.02,0.00,1.95,2.01,-37.16,33.70,-31.37,1
L,2022-11-08 17:28:35.080476,-0.03,-1.02,0.02,0.55,2.50,2.26,-37.16,33.70,-31.37,1
L,2022-11-08 17:28:35.080878,-0.03,-1.02,0.02,0.61,2.44,2.26,-37.18,34.08,-31.15,1
L,2022-11-08 17:28:35.081274,-0.03,-1.02,0.02,0.37,2.14,2.20,-37.18,34.08,-31.15,1
L,2022-11-08 17:28:35.081780,-0.03,-1.02,0.02,-0.12,2.20,2.32,-37.18,34.08,-31.15,1
L,2022-11-08 17:28:35.082671,-0.03,-1.02,0.02,0.12,2.50,2.26,-37.65,34.12,-32.32,1
L,2022-11-08 17:28:35.083393,-0.03,-1.02,0.02,0.12,2.32,2.32,-37.65,34.12,-32.32,1
L,2022-11-08 17:28:35.083939,-0.00,-1.02,0.02,0.06,2.20,2.32,-37.65,34.12,-32.32,1
L,2022-11-08 17:28:35.084523,-0.03,-1.02,0.02,0.31,2.20,2.32,-37.44,33.86,-31.16,1
L,2022-11-08 17:28:35.085317,-0.03,-1.02,0.02,0.37,2.56,2.20,-37.44,33.86,-31.16,1
L,2022-11-08 17:28:35.085898,-0.03,-1.02,0.02,0.06,2.08,2.44,0.00,0.00,0.00,1
L,2022-11-08 17:28:35.086382,-0.03,-1.02,0.02,0.49,2.01,2.01,-37.70,33.85,-32.48,1
L,2022-11-08 17:28:35.086814,-0.06,-1.02,0.02,0.12,2.14,2.32,-37.70,33.85,-32.48,1
L,2022-11-08 17:28:35.087272,-0.03,-1.02,0.02,0.37,2.38,2.01,-36.73,34.45,-30.21,1
L,2022-11-08 17:28:35.087713,-0.03,-1.02,0.02,0.24,2.56,2.26,-36.73,34.45,-30.21,1
L,2022-11-08 17:28:35.088148,-0.03,-1.02,0.02,0.37,2.44,2.32,-36.73,34.45,-30.21,1
L,2022-11-08 17:28:35.088583,-0.03,-1.02,0.02,0.85,2.50,2.01,-37.48,33.83,-32.46,1
L,2022-11-08 17:28:35.089093,-0.00,-1.02,0.02,0.49,2.50,2.44,-37.48,33.83,-32.46,1
L,2022-11-08 17:28:35.089536,-0.03,-1.03,0.02,0.18,2.38,2.32,-37.48,33.83,-32.46,1
L,2022-11-08 17:28:35.089998,-0.03,-1.02,0.02,-0.06,2.44,2.81,-37.23,34.22,-31.07,1
L,2022-11-08 17:28:35.090423,-0.03,-1.02,0.02,0.43,2.38,2.26,-37.23,34.22,-31.07,1
L,2022-11-08 17:28:35.090900,-0.03,-1.02,0.02,0.31,2.38,2.01,-37.23,34.22,-31.07,1
L,2022-11-08 17:28:35.091637,-0.03,-1.02,0.02,0.31,2.20,2.14,-37.84,33.72,-31.23,1
L,2022-11-08 17:28:35.092135,-0.03,-1.02,0.02,0.67,2.32,2.20,-37.84,33.72,-31.23,1
L,2022-11-08 17:28:35.092627,-0.03,-1.02,0.02,0.55,2.20,2.20,-37.43,34.00,-31.80,1
L,2022-11-08 17:28:35.093213,-0.03,-1.02,0.02,0.67,2.08,2.20,-37.43,34.00,-31.80,1
L,2022-11-08 17:28:35.093657,-0.03,-1.02,0.02,0.55,2.32,2.26,-37.43,34.00,-31.80,1
L,2022-11-08 17:28:35.094082,-0.03,-1.02,0.02,0.73,2.38,2.26,-37.07,33.68,-32.65,1
L,2022-11-08 17:28:35.094501,-0.03,-1.02,0.02,0.24,2.14,2.20,-37.07,33.68,-32.65,1
L,2022-11-08 17:28:35.094880,-0.03,-1.02,0.02,0.43,2.14,2.38,-37.07,33.68,-32.65,1
L,2022-11-08 17:28:35.095298,-0.03,-1.02,0.02,0.67,2.26,2.32,-37.57,33.83,-31.82,1
L,2022-11-08 17:28:35.095769,-0.03,-1.02,0.02,0.55,2.20,2.14,-37.57,33.83,-31.82,1
L,2022-11-08 17:28:35.096207,-0.03,-1.02,0.02,0.00,2.38,2.32,-37.57,33.83,-31.82,1
L,2022-11-08 17:28:35.096646,-0.03,-1.02,0.02,-0.12,2.56,2.26,-37.60,33.56,-33.17,1
L,2022-11-08 17:28:35.097067,-0.03,-1.02,0.02,0.00,2.38,2.38,-37.60,33.56,-33.17,1
L,2022-11-08 17:28:35.097580,-0.03,-1.02,0.02,0.61,2.08,2.32,-37.19,34.27,-32.85,1
L,2022-11-08 17:28:35.098004,-0.03,-1.02,0.03,0.06,2.20,2.32,-37.19,34.27,-32.85,1
L,2022-11-08 17:28:35.098423,-0.03,-1.02,0.02,1.22,2.62,2.14,-37.19,34.27,-32.85,1
L,2022-11-08 17:28:35.098856,-0.03,-1.02,0.02,0.06,2.26,2.01,-36.93,33.59,-31.64,1
L,2022-11-08 17:28:35.099252,-0.03,-1.02,0.02,0.49,2.20,2.20,-36.93,33.59,-31.64,1
L,2022-11-08 17:28:35.099850,-0.03,-1.02,0.02,0.55,2.38,2.14,-36.93,33.59,-31.64,1
L,2022-11-08 17:28:35.100557,-0.03,-1.02,0.02,0.06,2.20,2.32,-37.56,34.13,-30.46,1
L,2022-11-08 17:28:35.101311,-0.03,-1.02,0.02,0.67,2.20,2.32,-37.56,34.13,-30.46,1
L,2022-11-08 17:28:35.101845,-0.03,-1.02,0.02,0.37,2.20,2.32,-37.56,34.13,-30.46,1
L,2022-11-08 17:28:35.102408,-0.03,-1.02,0.02,0.55,2.08,1.95,-37.63,33.90,-31.37,1
L,2022-11-08 17:28:35.103346,-0.03,-1.02,0.02,0.61,2.20,2.14,-37.63,33.90,-31.37,1
L,2022-11-08 17:28:35.103989,-0.03,-1.02,0.02,0.37,2.26,2.08,-36.74,33.95,-32.21,1
L,2022-11-08 17:28:35.104596,-0.03,-1.02,0.02,0.49,2.20,2.20,-36.74,33.95,-32.21,1
L,2022-11-08 17:28:35.105036,-0.03,-1.02,0.03,0.18,2.26,2.38,-36.74,33.95,-32.21,1
L,2022-11-08 17:28:35.105474,-0.03,-1.02,0.03,0.73,2.26,2.38,-36.83,33.89,-31.60,1
L,2022-11-08 17:28:35.105909,-0.03,-1.02,0.02,0.61,2.50,1.95,-36.83,33.89,-31.60,1
L,2022-11-08 17:28:35.106289,-0.03,-1.02,0.02,0.73,2.38,2.08,-36.83,33.89,-31.60,1
L,2022-11-08 17:28:35.107047,-0.03,-1.02,0.02,0.67,2.20,2.38,-36.93,34.66,-32.51,1
L,2022-11-08 17:28:35.107766,-0.03,-1.02,0.02,0.49,2.26,2.32,-36.93,34.66,-32.51,1
L,2022-11-08 17:28:35.108647,-0.03,-1.02,0.03,0.31,2.32,2.20,-36.93,34.66,-32.51,1
L,2022-11-08 17:28:35.109025,-0.03,-1.02,0.02,0.61,1.95,2.14,-36.95,33.62,-31.37,1
L,2022-11-08 17:28:35.109443,-0.03,-1.02,0.02,0.55,2.08,2.14,-36.95,33.62,-31.37,1
L,2022-11-08 17:28:35.109800,-0.03,-1.02,0.02,0.61,2.20,2.20,-36.66,34.00,-31.92,1
L,2022-11-08 17:28:35.110216,-0.03,-1.02,0.02,0.61,2.26,2.26,-36.66,34.00,-31.92,1
L,2022-11-08 17:28:35.110683,-0.03,-1.02,0.02,0.00,2.32,2.32,-36.66,34.00,-31.92,1
L,2022-11-08 17:28:35.111137,-0.03,-1.02,0.02,0.43,2.08,2.14,-37.30,34.50,-31.95,1
L,2022-11-08 17:28:35.111967,-0.03,-1.02,0.02,0.12,2.14,2.32,-37.30,34.50,-31.95,1
L,2022-11-08 17:28:35.112535,-0.03,-1.02,0.02,0.12,2.01,2.38,-37.30,34.50,-31.95,1
L,2022-11-08 17:28:35.112966,-0.03,-1.02,0.02,0.31,1.95,2.44,-36.96,34.13,-31.08,1
L,2022-11-08 17:28:35.113386,-0.03,-1.03,0.02,0.06,1.95,2.20,-36.96,34.13,-31.08,1
L,2022-11-08 17:28:35.113803,-0.03,-1.02,0.02,0.31,2.14,2.44,-36.96,34.13,-31.08,1
L,2022-11-08 17:28:35.114181,-0.03,-1.02,0.02,0.43,1.77,1.65,-37.48,34.55,-32.32,1
L,2022-11-08 17:28:35.114692,-0.03,-1.02,0.02,0.12,2.26,2.14,-37.48,34.55,-32.32,1
L,2022-11-08 17:28:35.115115,-0.03,-1.02,0.03,0.73,2.32,1.95,-37.28,34.35,-32.51,1
L,2022-11-08 17:28:35.115504,-0.03,-1.02,0.02,0.43,2.44,2.20,-37.28,34.35,-32.51,1
L,2022-11-08 17:28:35.115901,-0.03,-1.02,0.02,0.67,2.20,2.14,-37.28,34.35,-32.51,1
L,2022-11-08 17:28:35.116264,-0.03,-1.02,0.02,0.85,2.26,2.08,-37.52,33.61,-31.46,1
L,2022-11-08 17:28:35.116655,-0.03,-1.02,0.02,0.18,2.26,2.08,-37.52,33.61,-31.46,1
L,2022-11-08 17:28:35.117015,-0.03,-1.02,0.02,0.37,2.26,2.08,-37.52,33.61,-31.46,1
L,2022-11-08 17:28:35.117374,-0.03,-1.02,0.02,0.18,2.08,2.32,-37.34,33.98,-32.34,1
L,2022-11-08 17:28:35.117750,-0.03,-1.02,0.02,0.18,2.38,2.50,-37.34,33.98,-32.34,1
L,2022-11-08 17:28:35.118117,-0.03,-1.02,0.02,0.43,2.14,2.50,-37.34,33.98,-32.34,1
L,2022-11-08 17:28:35.118723,-0.03,-1.02,0.02,0.12,1.83,1.95,-37.15,34.00,-31.95,1
L,2022-11-08 17:28:35.119474,-0.03,-1.02,0.02,0.24,2.32,2.20,-37.15,34.00,-31.95,1
L,2022-11-08 17:28:35.120502,-0.03,-1.02,0.02,0.18,2.44,2.26,-37.57,33.86,-31.77,1
L,2022-11-08 17:28:35.121063,-0.03,-1.02,0.02,0.43,2.32,2.26,-37.57,33.86,-31.77,1
L,2022-11-08 17:28:35.121796,-0.03,-1.02,0.02,0.24,2.14,2.08,-37.57,33.86,-31.77,1
L,2022-11-08 17:28:35.122473,-0.03,-1.02,0.02,0.49,2.38,2.08,-37.82,33.92,-32.74,1
L,2022-11-08 17:28:35.123149,-0.03,-1.02,0.02,0.37,2.14,2.26,-37.82,33.92,-32.74,1
L,2022-11-08 17:28:35.123659,-0.03,-1.02,0.02,0.06,2.14,2.20,-37.82,33.92,-32.74,1
L,2022-11-08 17:28:35.124040,-0.03,-1.02,0.02,-0.31,2.26,2.14,-37.38,34.13,-31.87,1
L,2022-11-08 17:28:35.124488,-0.03,-1.02,0.03,0.37,2.32,2.01,-37.38,34.13,-31.87,1
L,2022-11-08 17:28:35.124863,-0.03,-1.02,0.02,0.55,2.32,2.20,-37.38,34.13,-31.87,1
L,2022-11-08 17:28:35.125302,-0.03,-1.02,0.02,0.24,2.08,2.01,-37.61,34.00,-33.00,1
L,2022-11-08 17:28:35.125689,-0.03,-1.02,0.02,0.67,2.26,2.14,-37.61,34.00,-33.00,1
L,2022-11-08 17:28:35.126131,-0.03,-1.02,0.02,0.43,2.32,2.20,-37.10,34.27,-32.13,1
L,2022-11-08 17:28:35.126681,-0.03,-1.02,0.02,0.18,1.95,2.20,-37.10,34.27,-32.13,1
L,2022-11-08 17:28:35.127061,-0.03,-1.02,0.03,-0.12,1.95,2.44,-37.10,34.27,-32.13,1
L,2022-11-08 17:28:35.127508,-0.03,-1.02,0.02,0.31,2.01,2.32,-36.63,34.11,-32.95,1
L,2022-11-08 17:28:35.127909,-0.03,-1.02,0.02,-0.06,1.95,2.26,-36.63,34.11,-32.95,1
L,2022-11-08 17:28:35.128375,-0.03,-1.02,0.02,-0.37,2.01,2.56,-36.63,34.11,-32.95,1
L,2022-11-08 17:28:35.128773,-0.03,-1.02,0.02,-0.31,1.22,2.56,-36.95,33.89,-31.95,1
L,2022-11-08 17:28:35.129166,-0.03,-1.02,0.02,-1.10,1.16,2.69,-36.95,33.89,-31.95,1
L,2022-11-08 17:28:35.129537,-0.03,-1.02,0.03,-0.12,1.65,2.20,-36.95,33.89,-31.95,1
L,2022-11-08 17:28:35.129918,-0.03,-1.02,0.02,0.49,2.08,2.26,-37.24,33.87,-32.54,1
L,2022-11-08 17:28:35.130363,-0.03,-1.02,0.02,-0.12,1.95,2.62,-37.24,33.87,-32.54,1
L,2022-11-08 17:28:35.130750,-0.03,-1.02,0.03,0.43,2.08,2.75,-37.15,33.53,-31.64,1
L,2022-11-08 17:28:35.131182,-0.03,-1.02,0.02,1.10,2.32,2.08,-37.15,33.53,-31.64,1
L,2022-11-08 17:28:35.131570,-0.03,-1.02,0.02,0.31,2.26,2.38,-37.15,33.53,-31.64,1
L,2022-11-08 17:28:35.132016,-0.03,-1.02,0.02,-0.06,1.89,2.44,-37.17,34.08,-32.12,1
L,2022-11-08 17:28:35.132407,-0.03,-1.02,0.03,-0.18,2.50,2.20,-37.17,34.08,-32.12,1
L,2022-11-08 17:28:35.132810,-0.03,-1.02,0.02,0.73,2.20,2.38,-37.17,34.08,-32.12,1
L,2022-11-08 17:28:35.133227,-0.03,-1.02,0.02,0.67,2.26,2.99,-37.28,33.81,-32.32,1
L,2022-11-08 17:28:35.133592,-0.03,-1.02,0.02,0.92,1.95,3.72,-37.28,33.81,-32.32,1
L,2022-11-08 17:28:35.134011,-0.03,-1.02,0.02,1.04,2.62,2.87,-37.28,33.81,-32.32,1
L,2022-11-08 17:28:35.134398,-0.03,-1.02,0.02,0.98,2.99,1.71,-37.85,34.01,-33.07,1
L,2022-11-08 17:28:35.134845,-0.03,-1.02,0.02,-0.37,2.01,1.59,-37.85,34.01,-33.07,1
L,2022-11-08 17:28:35.135277,-0.03,-1.02,0.03,-1.22,1.40,2.26,-37.73,33.97,-33.26,1
L,2022-11-08 17:28:35.136020,-0.03,-1.02,0.03,-0.73,1.59,2.01,-37.73,33.97,-33.26,1
L,2022-11-08 17:28:35.136389,-0.03,-1.02,0.02,1.77,2.69,2.62,-37.73,33.97,-33.26,1
L,2022-11-08 17:28:35.136970,-0.03,-1.02,0.02,0.92,2.50,3.05,-37.82,33.68,-32.41,1
L,2022-11-08 17:28:35.137740,-0.03,-1.02,0.03,0.12,2.20,3.30,-37.82,33.68,-32.41,1
L,2022-11-08 17:28:35.138428,-0.02,-1.02,0.03,0.37,2.38,2.56,-37.82,33.68,-32.41,1
L,2022-11-08 17:28:35.139183,-0.03,-1.02,0.02,0.73,2.75,1.40,-37.73,34.38,-31.73,1
L,2022-11-08 17:28:35.139897,-0.03,-1.02,0.02,-0.37,2.14,1.71,-37.73,34.38,-31.73,1
L,2022-11-08 17:28:35.140696,-0.03,-1.02,0.03,-0.49,1.53,2.32,-37.73,34.38,-31.73,1
L,2022-11-08 17:28:35.141271,-0.03,-1.02,0.03,0.55,1.95,2.44,-37.21,33.97,-32.98,1
L,2022-11-08 17:28:35.141835,-0.03,-1.02,0.02,1.10,2.69,2.01,-37.21,33.97,-32.98,1
L,2022-11-08 17:28:35.142265,-0.03,-1.02,0.02,0.92,2.50,2.14,-36.85,33.69,-31.80,1
L,2022-11-08 17:28:35.142861,-0.03,-1.02,0.02,-0.12,2.14,2.01,-36.85,33.69,-31.80,1
L,2022-11-08 17:28:35.143481,-0.03,-1.02,0.02,-0.06,2.69,1.40,-36.85,33.69,-31.80,1
L,2022-11-08 17:28:35.143875,-0.03,-1.02,0.02,0.49,2.38,1.77,-37.21,34.29,-33.63,1
L,2022-11-08 17:28:35.144324,-0.03,-1.02,0.03,-0.49,1.77,2.81,-37.21,34.29,-33.63,1
L,2022-11-08 17:28:35.144717,-0.02,-1.02,0.03,0.37,1.65,3.60,-37.21,34.29,-33.63,1
L,2022-11-08 17:28:35.145105,-0.02,-1.02,0.03,1.04,2.75,1.77,-36.80,34.45,-32.01,1
L,2022-11-08 17:28:35.145482,-0.03,-1.02,0.02,0.24,2.93,1.10,-36.80,34.45,-32.01,1
L,2022-11-08 17:28:35.145857,-0.03,-1.02,0.02,-0.18,2.62,0.73,-36.80,34.45,-32.01,1
L,2022-11-08 17:28:35.146285,-0.03,-1.02,0.02,-0.79,2.32,1.59,-37.57,33.86,-32.06,1
L,2022-11-08 17:28:35.146677,-0.03,-1.02,0.03,-0.67,2.08,2.56,-37.57,33.86,-32.06,1
L,2022-11-08 17:28:35.147134,-0.03,-1.02,0.03,1.22,2.44,2.69,-37.65,34.07,-31.60,1
L,2022-11-08 17:28:35.147522,-0.03,-1.02,0.01,1.71,2.81,3.05,-37.65,34.07,-31.60,1
L,2022-11-08 17:28:35.147949,-0.03,-1.01,0.03,-0.67,2.44,2.69,-37.65,34.07,-31.60,1
L,2022-11-08 17:28:35.148326,-0.03,-1.02,0.03,-0.24,2.14,2.01,-37.49,34.14,-31.51,1
L,2022-11-08 17:28:35.148702,-0.03,-1.02,0.02,0.61,1.95,2.62,-37.49,34.14,-31.51,1
L,2022-11-08 17:28:35.149534,-0.03,-1.02,0.02,0.31,1.77,4.39,-37.49,34.14,-31.51,1
L,2022-11-08 17:28:35.150215,-0.02,-1.02,0.03,1.40,1.95,5.74,-37.78,34.00,-31.67,1
L,2022-11-08 17:28:35.150816,-0.02,-1.02,0.02,2.93,2.93,5.13,-37.78,34.00,-31.67,1
L,2022-11-08 17:28:35.151405,-0.02,-1.02,0.02,2.38,2.69,4.15,-37.78,34.00,-31.67,1
L,2022-11-08 17:28:35.151858,-0.02,-1.02,0.02,0.37,2.62,2.87,-37.37,34.09,-31.03,1
L,2022-11-08 17:28:35.152259,-0.02,-1.02,0.02,-0.49,1.83,2.44,-37.37,34.09,-31.03,1
L,2022-11-08 17:28:35.152640,-0.02,-1.02,0.02,-0.43,1.46,3.48,-37.06,34.08,-31.76,1
L,2022-11-08 17:28:35.153000,-0.02,-1.02,0.03,1.16,2.62,3.23,-37.06,34.08,-31.76,1
L,2022-11-08 17:28:35.153360,-0.02,-1.02,0.02,2.38,3.54,1.83,-37.06,34.08,-31.76,1
L,2022-11-08 17:28:35.153768,-0.02,-1.02,0.01,0.31,2.69,1.28,-36.99,34.27,-32.26,1
L,2022-11-08 17:28:35.154165,-0.02,-1.02,0.02,-1.95,1.53,1.53,-36.99,34.27,-32.26,1
L,2022-11-08 17:28:35.154785,-0.02,-1.02,0.03,0.00,2.44,1.46,-36.99,34.27,-32.26,1
L,2022-11-08 17:28:35.155483,-0.02,-1.02,0.02,0.92,2.81,1.83,-37.55,34.45,-32.52,1
L,2022-11-08 17:28:35.156303,-0.02,-1.02,0.02,0.61,1.95,2.32,-37.55,34.45,-32.52,1
L,2022-11-08 17:28:35.157111,-0.02,-1.02,0.03,-0.31,1.95,2.44,-37.55,34.45,-32.52,1
L,2022-11-08 17:28:35.157916,-0.02,-1.02,0.02,0.43,2.01,1.65,-37.55,34.17,-32.76,1
L,2022-11-08 17:28:35.158793,-0.03,-1.02,0.02,0.12,1.95,2.50,-37.55,34.17,-32.76,1
L,2022-11-08 17:28:35.159482,-0.02,-1.02,0.03,-0.06,1.89,3.30,-36.79,34.57,-31.60,1
L,2022-11-08 17:28:35.159927,-0.02,-1.02,0.02,0.92,2.44,3.30,-36.79,34.57,-31.60,1
L,2022-11-08 17:28:35.160318,-0.02,-1.02,0.02,1.65,2.56,3.11,-36.79,34.57,-31.60,1
L,2022-11-08 17:28:35.160924,-0.02,-1.02,0.02,0.98,1.95,3.60,-37.46,33.96,-32.07,1
L,2022-11-08 17:28:35.161801,-0.02,-1.02,0.02,0.85,2.01,4.21,-37.46,33.96,-32.07,1
L,2022-11-08 17:28:35.162595,-0.02,-1.02,0.02,1.59,2.26,3.72,-37.46,33.96,-32.07,1
L,2022-11-08 17:28:35.163006,-0.02,-1.02,0.02,0.92,1.95,4.27,-37.11,34.28,-32.43,1
L,2022-11-08 17:28:35.163413,-0.02,-1.02,0.02,0.92,1.71,4.64,-37.11,34.28,-32.43,1
L,2022-11-08 17:28:35.163829,-0.02,-1.02,0.02,1.22,1.83,4.82,-37.11,34.28,-32.43,1
L,2022-11-08 17:28:35.164196,-0.02,-1.02,0.02,1.59,2.38,4.33,-37.44,34.22,-31.38,1
L,2022-11-08 17:28:35.164590,-0.02,-1.02,0.01,1.53,2.38,3.17,-37.44,34.22,-31.38,1
L,2022-11-08 17:28:35.164958,-0.01,-1.02,0.02,-0.61,1.95,3.23,-36.93,34.19,-33.07,1
L,2022-11-08 17:28:35.165388,-0.00,-1.02,0.02,-1.40,1.83,3.23,-36.93,34.19,-33.07,1
L,2022-11-08 17:28:35.165819,-0.01,-1.03,0.02,-0.85,2.75,3.85,-36.93,34.19,-33.07,1
L,2022-11-08 17:28:35.166192,-0.00,-1.03,0.02,-0.43,3.23,4.46,-36.99,34.83,-31.32,1
L,2022-11-08 17:28:35.166599,-0.04,-1.01,0.02,0.98,2.99,4.15,-36.99,34.83,-31.32,1
L,2022-11-08 17:28:35.166986,-0.01,-1.02,0.02,0.00,2.01,3.60,-36.99,34.83,-31.32,1
L,2022-11-08 17:28:35.167402,-0.01,-1.02,0.02,0.31,1.71,2.99,-36.91,34.27,-31.85,1
L,2022-11-08 17:28:35.167764,-0.01,-1.02,0.02,0.85,2.38,2.75,-36.91,34.27,-31.85,1
L,2022-11-08 17:28:35.168154,-0.01,-1.02,0.02,0.92,2.01,4.15,-36.91,34.27,-31.85,1
L,2022-11-08 17:28:35.168513,-0.01,-1.02,0.02,1.22,1.71,4.70,-36.74,35.10,-31.82,1
L,2022-11-08 17:28:35.168866,0.02,-1.02,0.01,2.44,2.26,5.62,-36.74,35.10,-31.82,1
L,2022-11-08 17:28:35.169234,0.00,-1.02,0.01,1.83,3.42,6.29,-36.82,34.50,-32.84,1
L,2022-11-08 17:28:35.169601,-0.02,-1.02,0.02,-0.55,2.81,4.64,-36.82,34.50,-32.84,1
L,2022-11-08 17:28:35.169998,-0.02,-1.02,0.02,-1.28,1.28,3.11,-36.82,34.50,-32.84,1
L,2022-11-08 17:28:35.170362,-0.03,-1.02,0.03,-1.53,0.98,2.32,-36.50,35.03,-32.21,1
L,2022-11-08 17:28:35.170812,-0.01,-1.02,0.03,1.10,1.83,3.05,-36.50,35.03,-32.21,1
L,2022-11-08 17:28:35.171211,-0.01,-1.02,0.02,2.26,2.32,4.46,-36.50,35.03,-32.21,1
L,2022-11-08 17:28:35.171600,-0.00,-1.02,0.02,2.44,2.38,4.39,-37.30,34.90,-31.86,1
L,2022-11-08 17:28:35.171984,-0.00,-1.02,0.02,1.71,2.69,2.38,-37.30,34.90,-31.86,1
L,2022-11-08 17:28:35.172422,-0.01,-1.02,0.01,-0.43,2.08,1.53,-37.30,34.90,-31.86,1
L,2022-11-08 17:28:35.172918,-0.01,-1.02,0.02,-1.22,1.71,1.71,-36.58,34.94,-32.40,1
L,2022-11-08 17:28:35.173300,-0.01,-1.02,0.02,0.31,1.83,2.75,-36.58,34.94,-32.40,1
L,2022-11-08 17:28:35.174015,-0.00,-1.02,0.02,1.04,1.77,3.72,-36.83,35.24,-33.00,1
L,2022-11-08 17:28:35.174914,-0.00,-1.02,0.02,1.71,1.95,5.00,-36.83,35.24,-33.00,1
L,2022-11-08 17:28:35.175635,-0.00,-1.02,0.02,2.26,2.14,5.37,-36.83,35.24,-33.00,1
L,2022-11-08 17:28:35.176499,-0.00,-1.02,0.02,1.89,2.14,5.31,-36.36,34.96,-32.51,1
L,2022-11-08 17:28:35.177066,-0.00,-1.02,0.02,1.40,2.01,5.43,-36.36,34.96,-32.51,1
L,2022-11-08 17:28:35.177485,0.00,-1.02,0.02,1.71,2.56,4.82,-36.36,34.96,-32.51,1
L,2022-11-08 17:28:35.177963,0.00,-1.02,0.01,1.34,2.44,3.60,-36.95,35.41,-32.39,1
L,2022-11-08 17:28:35.178750,0.00,-1.02,0.01,0.06,2.08,2.87,-36.95,35.41,-32.39,1
L,2022-11-08 17:28:35.179295,0.00,-1.02,0.02,-0.18,2.08,2.38,-36.95,35.41,-32.39,1
L,2022-11-08 17:28:35.179761,-0.00,-1.02,0.02,0.18,2.32,2.26,-36.33,35.31,-31.84,1
L,2022-11-08 17:28:35.180152,0.00,-1.02,0.02,0.37,2.50,2.32,-36.33,35.31,-31.84,1
L,2022-11-08 17:28:35.180611,0.00,-1.02,0.02,0.37,2.38,2.26,-36.57,35.51,-31.93,1
L,2022-11-08 17:28:35.181035,0.00,-1.02,0.01,0.18,2.20,2.14,-36.57,35.51,-31.93,1
L,2022-11-08 17:28:35.181412,0.00,-1.02,0.01,0.31,2.38,2.01,-36.57,35.51,-31.93,1
L,2022-11-08 17:28:35.181808,-0.00,-1.02,0.01,0.24,2.38,2.08,-36.58,35.94,-32.28,1
L,2022-11-08 17:28:35.182166,0.00,-1.02,0.02,0.31,2.32,2.50,-36.58,35.94,-32.28,1
L,2022-11-08 17:28:35.182554,0.00,-1.02,0.02,0.37,2.26,2.38,-36.58,35.94,-32.28,1
L,2022-11-08 17:28:35.182912,0.00,-1.02,0.02,0.55,2.38,2.08,-36.84,35.35,-32.07,1
L,2022-11-08 17:28:35.183267,0.00,-1.02,0.01,0.67,2.38,2.01,-36.84,35.35,-32.07,1
L,2022-11-08 17:28:35.183668,0.00,-1.02,0.01,0.49,2.08,2.50,-36.84,35.35,-32.07,1
L,2022-11-08 17:28:35.184107,0.00,-1.02,0.02,0.00,2.20,2.50,-37.08,35.21,-33.36,1
L,2022-11-08 17:28:35.184615,0.00,-1.02,0.01,0.55,2.20,2.62,-37.08,35.21,-33.36,1
L,2022-11-08 17:28:35.184995,0.00,-1.02,0.02,0.43,2.20,2.93,-36.72,35.24,-32.28,1
L,2022-11-08 17:28:35.185393,0.00,-1.02,0.02,0.67,2.44,2.44,-36.72,35.24,-32.28,1
L,2022-11-08 17:28:35.185764,0.00,-1.02,0.01,0.31,2.56,1.40,-36.72,35.24,-32.28,1
L,2022-11-08 17:28:35.186124,0.00,-1.02,0.01,-0.49,2.14,1.40,-36.87,35.34,-32.13,1
L,2022-11-08 17:28:35.186529,0.00,-1.02,0.02,-0.49,1.95,1.83,-36.87,35.34,-32.13,1
L,2022-11-08 17:28:35.186912,0.00,-1.02,0.02,0.43,2.56,2.08,-36.87,35.34,-32.13,1
L,2022-11-08 17:28:35.187324,0.00,-1.02,0.01,1.28,2.38,2.26,-37.00,35.68,-33.37,1
L,2022-11-08 17:28:35.187683,0.00,-1.02,0.01,0.67,2.20,2.38,-37.00,35.68,-33.37,1
L,2022-11-08 17:28:35.188063,0.00,-1.02,0.02,-0.49,2.20,1.95,-37.00,35.68,-33.37,1
L,2022-11-08 17:28:35.188515,0.00,-1.02,0.02,-0.49,1.95,1.71,-37.01,34.78,-32.28,1
L,2022-11-08 17:28:35.188869,0.00,-1.02,0.02,0.00,2.08,2.81,-37.01,34.78,-32.28,1
L,2022-11-08 17:28:35.189275,0.00,-1.02,0.02,1.34,2.20,3.30,-36.45,34.97,-31.68,1
L,2022-11-08 17:28:35.189658,0.00,-1.02,0.01,1.53,2.32,3.48,-36.45,34.97,-31.68,1
L,2022-11-08 17:28:35.190078,0.00,-1.02,0.01,0.79,2.32,3.23,-36.45,34.97,-31.68,1
L,2022-11-08 17:28:35.190445,0.00,-1.02,0.01,0.79,2.32,2.87,-36.88,35.14,-32.68,1
L,2022-11-08 17:28:35.190851,0.00,-1.02,0.02,0.00,2.20,2.99,-36.88,35.14,-32.68,1
L,2022-11-08 17:28:35.191245,0.00,-1.02,0.02,0.98,2.44,2.69,-36.88,35.14,-32.68,1
L,2022-11-08 17:28:35.191773,0.00,-1.02,0.02,0.79,2.20,2.87,-36.80,35.52,-31.41,1
L,2022-11-08 17:28:35.192500,0.00,-1.02,0.01,0.24,1.95,3.11,-36.80,35.52,-31.41,1
L,2022-11-08 17:28:35.193188,0.00,-1.02,0.01,0.61,1.95,3.60,-36.80,35.52,-31.41,1
L,2022-11-08 17:28:35.193892,0.00,-1.02,0.02,1.10,2.38,3.78,-36.83,35.56,-31.21,1
L,2022-11-08 17:28:35.194448,0.01,-1.02,0.01,1.40,3.05,1.95,-36.83,35.56,-31.21,1
L,2022-11-08 17:28:35.194888,0.00,-1.02,0.01,-0.49,2.38,0.55,-36.71,35.55,-31.68,1
L,2022-11-08 17:28:35.195924,0.00,-1.02,0.02,-2.14,1.71,0.79,-36.71,35.55,-31.68,1
L,2022-11-08 17:28:35.196628,0.00,-1.02,0.02,-1.53,2.01,0.85,-36.71,35.55,-31.68,1
L,2022-11-08 17:28:35.197047,0.00,-1.02,0.02,0.55,2.56,1.28,-36.51,35.06,-31.54,1
L,2022-11-08 17:28:35.197440,0.00,-1.02,0.01,1.16,2.81,1.89,-36.51,35.06,-31.54,1
L,2022-11-08 17:28:35.197856,0.00,-1.02,0.01,0.49,2.26,1.77,-36.51,35.06,-31.54,1
L,2022-11-08 17:28:35.198241,0.00,-1.02,0.02,-0.31,1.83,1.59,-36.41,34.70,-32.08,1
L,2022-11-08 17:28:35.198625,0.00,-1.02,0.02,-0.31,2.14,1.95,-36.41,34.70,-32.08,1
L,2022-11-08 17:28:35.198998,0.00,-1.02,0.02,-0.18,2.01,2.32,-36.41,34.70,-32.08,1
L,2022-11-08 17:28:35.199351,0.00,-1.02,0.02,1.28,2.56,2.81,-36.89,35.57,-31.69,1
L,2022-11-08 17:28:35.199756,0.00,-1.02,0.01,1.16,2.56,2.50,-36.89,35.57,-31.69,1
L,2022-11-08 17:28:35.200153,0.00,-1.02,0.01,0.12,2.32,1.71,-36.17,35.25,-31.51,1
L,2022-11-08 17:28:35.200568,0.00,-1.02,0.01,-0.37,2.08,1.95,-36.17,35.25,-31.51,1
L,2022-11-08 17:28:35.200930,0.00,-1.02,0.02,-0.12,2.20,2.14,-36.17,35.25,-31.51,1
L,2022-11-08 17:28:35.201319,0.00,-1.02,0.02,0.61,2.44,2.26,-36.27,35.63,-31.08,1
L,2022-11-08 17:28:35.201680,0.00,-1.02,0.02,0.79,2.20,2.26,-36.27,35.63,-31.08,1
L,2022-11-08 17:28:35.202145,0.00,-1.02,0.01,0.67,2.50,2.08,-36.27,35.63,-31.08,1
L,2022-11-08 17:28:35.202611,0.00,-1.02,0.01,0.06,2.08,1.28,-36.51,34.80,-31.41,1
L,2022-11-08 17:28:35.202998,0.00,-1.02,0.02,-0.43,2.08,1.71,-36.51,34.80,-31.41,1
L,2022-11-08 17:28:35.203409,0.00,-1.02,0.02,0.55,2.08,2.38,-36.51,34.80,-31.41,1
L,2022-11-08 17:28:35.203765,0.00,-1.02,0.02,1.04,2.20,2.87,-36.27,35.50,-30.91,1
L,2022-11-08 17:28:35.204139,0.00,-1.03,0.01,1.10,2.38,2.75,-36.27,35.50,-30.91,1
L,2022-11-08 17:28:35.204504,0.00,-1.02,0.01,1.46,2.50,2.38,-36.60,35.28,-31.48,1
L,2022-11-08 17:28:35.204863,0.00,-1.02,0.01,-0.18,2.32,1.89,-36.60,35.28,-31.48,1
L,2022-11-08 17:28:35.205229,0.00,-1.02,0.02,0.00,1.83,2.44,-36.60,35.28,-31.48,1
L,2022-11-08 17:28:35.205583,0.00,-1.02,0.02,0.37,2.32,2.44,-36.74,35.79,-32.36,1
L,2022-11-08 17:28:35.205965,0.00,-1.02,0.01,1.22,2.20,2.69,-36.74,35.79,-32.36,1
L,2022-11-08 17:28:35.206317,0.00,-1.02,0.02,0.73,2.44,2.69,-36.74,35.79,-32.36,1
L,2022-11-08 17:28:35.206677,0.00,-1.02,0.01,0.85,2.62,2.01,-36.60,35.40,-30.97,1
L,2022-11-08 17:28:35.207033,0.00,-1.02,0.01,-0.55,2.38,1.10,-36.60,35.40,-30.97,1
L,2022-11-08 17:28:35.207567,0.00,-1.02,0.02,-0.98,2.08,1.53,-36.60,35.40,-30.97,1
L,2022-11-08 17:28:35.207992,0.00,-1.02,0.02,-0.55,2.08,1.53,-36.66,35.11,-31.90,1
L,2022-11-08 17:28:35.208370,0.00,-1.02,0.02,0.73,2.38,1.83,-36.66,35.11,-31.90,1
L,2022-11-08 17:28:35.208764,0.00,-1.02,0.02,0.43,2.56,1.77,-36.16,35.31,-30.29,1
L,2022-11-08 17:28:35.209120,0.00,-1.02,0.01,0.12,2.26,1.28,-36.16,35.31,-30.29,1
L,2022-11-08 17:28:35.209641,-0.00,-1.02,0.02,-0.43,2.08,1.71,-36.16,35.31,-30.29,1
L,2022-11-08 17:28:35.210467,0.00,-1.02,0.02,0.24,2.08,2.26,-36.83,35.45,-31.67,1
L,2022-11-08 17:28:35.211055,0.00,-1.02,0.02,0.98,2.50,2.56,-36.83,35.45,-31.67,1
L,2022-11-08 17:28:35.211783,0.00,-1.02,0.02,0.73,2.32,2.56,-36.83,35.45,-31.67,1
L,2022-11-08 17:28:35.212473,0.00,-1.02,0.02,0.43,1.83,2.75,-36.49,35.61,-31.09,1
L,2022-11-08 17:28:35.213056,0.00,-1.02,0.02,0.79,1.95,2.75,-36.49,35.61,-31.09,1
L,2022-11-08 17:28:35.213569,0.00,-1.02,0.01,0.98,2.38,2.32,-36.49,35.61,-31.09,1
L,2022-11-08 17:28:35.214083,0.00,-1.02,0.01,0.55,2.26,2.50,-36.55,34.97,-30.62,1
L,2022-11-08 17:28:35.214734,0.00,-1.02,0.02,0.49,2.26,3.23,-36.55,34.97,-30.62,1
L,2022-11-08 17:28:35.215160,0.00,-1.02,0.01,0.92,2.26,2.62,-36.68,34.88,-32.75,1
L,2022-11-08 17:28:35.215578,0.01,-1.02,0.02,0.61,2.32,2.56,-36.68,34.88,-32.75,1
L,2022-11-08 17:28:35.215957,0.00,-1.02,0.02,-0.24,2.14,2.08,-36.68,34.88,-32.75,1
L,2022-11-08 17:28:35.216360,0.00,-1.02,0.02,0.00,2.26,1.89,-36.57,35.31,-32.24,1
L,2022-11-08 17:28:35.216713,0.00,-1.02,0.01,0.18,2.20,1.65,-36.57,35.31,-32.24,1
L,2022-11-08 17:28:35.217142,0.00,-1.02,0.02,0.18,2.26,2.08,-36.57,35.31,-32.24,1
L,2022-11-08 17:28:35.217542,0.00,-1.02,0.02,0.49,2.44,2.32,-36.35,35.50,-31.23,1
L,2022-11-08 17:28:35.217925,0.00,-1.02,0.02,0.61,2.32,2.56,-36.35,35.50,-31.23,1
L,2022-11-08 17:28:35.218342,0.00,-1.02,0.02,0.37,2.50,2.38,-36.35,35.50,-31.23,1
L,2022-11-08 17:28:35.218743,0.00,-1.02,0.02,0.18,2.62,1.89,-36.87,35.58,-31.79,1
L,2022-11-08 17:28:35.219251,0.00,-1.02,0.02,0.12,2.20,1.83,-36.87,35.58,-31.79,1
L,2022-11-08 17:28:35.219632,0.00,-1.02,0.02,0.18,2.44,1.83,-36.67,35.33,-32.64,1
L,2022-11-08 17:28:35.220009,0.00,-1.02,0.01,0.31,2.38,1.83,-36.67,35.33,-32.64,1
L,2022-11-08 17:28:35.220366,0.00,-1.02,0.01,0.00,2.32,1.77,-36.67,35.33,-32.64,1
L,2022-11-08 17:28:35.220723,0.00,-1.02,0.02,0.00,2.38,1.59,-36.78,35.05,-32.56,1
L,2022-11-08 17:28:35.221131,0.00,-1.02,0.02,-0.06,2.38,1.22,-36.78,35.05,-32.56,1
L,2022-11-08 17:28:35.221517,0.00,-1.02,0.01,-0.49,2.56,0.92,-36.78,35.05,-32.56,1
L,2022-11-08 17:28:35.221932,0.00,-1.02,0.02,-0.73,1.77,0.98,-37.23,35.00,-32.08,1
L,2022-11-08 17:28:35.222292,-0.00,-1.02,0.02,0.06,2.38,1.71,-37.23,35.00,-32.08,1
L,2022-11-08 17:28:35.222693,-0.00,-1.02,0.02,0.73,2.32,2.26,-37.23,35.00,-32.08,1
L,2022-11-08 17:28:35.223059,0.00,-1.02,0.01,0.43,2.69,2.26,-36.29,35.16,-31.58,1
L,2022-11-08 17:28:35.223416,0.00,-1.02,0.01,0.12,2.32,1.95,-36.29,35.16,-31.58,1
L,2022-11-08 17:28:35.223809,0.00,-1.02,0.02,-0.61,2.14,1.53,-36.12,35.03,-31.14,1
L,2022-11-08 17:28:35.224173,0.00,-1.02,0.02,-0.12,2.32,1.40,-36.12,35.03,-31.14,1
L,2022-11-08 17:28:35.224602,-0.01,-1.02,0.02,0.18,2.38,1.59,-36.12,35.03,-31.14,1
L,2022-11-08 17:28:35.224995,0.00,-1.02,0.01,0.37,2.20,1.71,-36.56,35.07,-32.06,1
L,2022-11-08 17:28:35.225445,0.00,-1.02,0.02,0.85,2.38,2.44,-36.56,35.07,-32.06,1
L,2022-11-08 17:28:35.225824,0.00,-1.02,0.02,0.92,2.56,1.77,-36.56,35.07,-32.06,1
L,2022-11-08 17:28:35.226216,-0.00,-1.02,0.02,-0.24,2.14,1.16,-36.82,35.67,-31.59,1
L,2022-11-08 17:28:35.226621,-0.00,-1.02,0.02,-0.31,2.14,1.46,-36.82,35.67,-31.59,1
L,2022-11-08 17:28:35.227048,-0.00,-1.02,0.02,-0.06,2.01,1.71,-36.82,35.67,-31.59,1
L,2022-11-08 17:28:35.227562,-0.00,-1.02,0.02,0.24,2.56,1.95,-36.82,35.69,-31.92,1
L,2022-11-08 17:28:35.228230,-0.01,-1.02,0.02,0.79,2.44,2.08,-36.82,35.69,-31.92,1
L,2022-11-08 17:28:35.229383,-0.00,-1.03,0.02,0.12,2.14,1.89,-36.76,35.55,-31.76,1
L,2022-11-08 17:28:35.230023,-0.00,-1.02,0.02,-0.12,2.32,1.71,-36.76,35.55,-31.76,1
L,2022-11-08 17:28:35.230700,-0.00,-1.02,0.02,0.31,2.56,1.59,-36.76,35.55,-31.76,1
L,2022-11-08 17:28:35.231569,0.00,-1.02,0.02,0.12,2.32,1.65,-36.76,35.22,-31.86,1
L,2022-11-08 17:28:35.232390,-0.00,-1.02,0.02,0.06,2.14,2.20,-36.76,35.22,-31.86,1
L,2022-11-08 17:28:35.233153,-0.00,-1.02,0.02,0.67,2.32,2.32,-36.76,35.22,-31.86,1
L,2022-11-08 17:28:35.233534,-0.00,-1.02,0.02,0.49,2.50,1.83,-36.68,34.70,-32.15,1
L,2022-11-08 17:28:35.233963,-0.00,-1.02,0.01,0.43,2.56,1.83,-36.68,34.70,-32.15,1
L,2022-11-08 17:28:35.234358,-0.00,-1.02,0.02,-0.06,2.14,1.77,-36.68,34.70,-32.15,1
L,2022-11-08 17:28:35.234807,-0.00,-1.02,0.02,-0.06,2.01,2.01,-37.02,34.88,-31.20,1
L,2022-11-08 17:28:35.235177,-0.00,-1.02,0.02,0.49,2.14,2.44,-37.02,34.88,-31.20,1
L,2022-11-08 17:28:35.235573,-0.00,-1.02,0.02,0.92,2.20,2.44,-37.37,34.69,-31.65,1
L,2022-11-08 17:28:35.235999,-0.00,-1.02,0.02,0.79,2.38,2.32,-37.37,34.69,-31.65,1
L,2022-11-08 17:28:35.236392,-0.00,-1.02,0.02,0.12,2.26,2.08,-37.37,34.69,-31.65,1
L,2022-11-08 17:28:35.236813,-0.00,-1.02,0.02,0.00,1.59,1.83,-36.76,35.28,-31.91,1
L,2022-11-08 17:28:35.237236,-0.00,-1.02,0.02,0.00,2.01,2.38,-36.76,35.28,-31.91,1
L,2022-11-08 17:28:35.237650,-0.00,-1.02,0.02,0.79,2.56,2.20,-36.76,35.28,-31.91,1
L,2022-11-08 17:28:35.238028,-0.00,-1.02,0.02,0.31,2.62,1.77,-36.72,34.55,-31.98,1
L,2022-11-08 17:28:35.238395,-0.00,-1.02,0.02,0.18,2.14,2.38,-36.72,34.55,-31.98,1
L,2022-11-08 17:28:35.238778,-0.00,-1.02,0.02,0.31,2.38,2.08,-36.72,34.55,-31.98,1
L,2022-11-08 17:28:35.239143,-0.00,-1.02,0.02,0.61,2.56,1.28,-36.76,35.07,-31.12,1
L,2022-11-08 17:28:35.239568,-0.00,-1.02,0.02,-0.24,2.14,1.83,-36.76,35.07,-31.12,1
L,2022-11-08 17:28:35.239962,-0.00,-1.02,0.02,-0.61,2.14,1.71,-37.34,34.85,-31.97,1
L,2022-11-08 17:28:35.240395,-0.00,-1.02,0.02,0.00,2.44,1.77,-37.34,34.85,-31.97,1
L,2022-11-08 17:28:35.240792,-0.00,-1.02,0.02,0.37,2.20,2.14,-37.34,34.85,-31.97,1
L,2022-11-08 17:28:35.241179,-0.00,-1.02,0.02,0.37,2.20,2.26,-36.71,35.47,-32.04,1
L,2022-11-08 17:28:35.241561,-0.00,-1.02,0.02,0.31,2.26,2.08,-36.71,35.47,-32.04,1
L,2022-11-08 17:28:35.241970,-0.00,-1.02,0.02,0.24,2.01,2.14,-36.71,35.47,-32.04,1
L,2022-11-08 17:28:35.242477,-0.00,-1.02,0.02,0.18,1.77,1.65,-36.71,34.77,-32.52,1
L,2022-11-08 17:28:35.242865,-0.00,-1.02,0.02,-0.12,2.38,1.71,-36.71,34.77,-32.52,1
L,2022-11-08 17:28:35.243403,-0.00,-1.02,0.02,-0.06,2.20,1.95,-36.71,34.77,-32.52,1
L,2022-11-08 17:28:35.243791,-0.00,-1.02,0.02,0.61,2.50,1.89,-36.79,34.97,-31.36,1
L,2022-11-08 17:28:35.244199,-0.01,-1.02,0.02,0.24,2.56,1.59,-36.79,34.97,-31.36,1
L,2022-11-08 17:28:35.244577,-0.00,-1.02,0.02,-0.31,2.32,1.89,-36.84,34.96,-32.46,1
L,2022-11-08 17:28:35.244933,-0.00,-1.02,0.02,0.31,2.50,1.71,-36.84,34.96,-32.46,1
L,2022-11-08 17:28:35.245343,-0.00,-1.02,0.02,0.37,2.69,1.28,-36.84,34.96,-32.46,1
L,2022-11-08 17:28:35.245737,-0.00,-1.02,0.02,-0.18,2.44,0.92,-36.52,34.52,-31.85,1
L,2022-11-08 17:28:35.246286,-0.01,-1.02,0.02,-0.85,2.08,0.92,-36.52,34.52,-31.85,1
L,2022-11-08 17:28:35.247012,-0.01,-1.02,0.02,-0.37,2.26,1.40,-36.52,34.52,-31.85,1
L,2022-11-08 17:28:35.247878,-0.01,-1.02,0.02,0.67,2.20,1.77,-36.93,34.86,-31.82,1
L,2022-11-08 17:28:35.248418,-0.00,-1.02,0.02,0.37,2.50,1.71,-36.93,34.86,-31.82,1
L,2022-11-08 17:28:35.249268,-0.01,-1.02,0.02,0.37,2.56,1.53,-36.78,35.21,-32.60,1
L,2022-11-08 17:28:35.249849,-0.01,-1.02,0.02,-0.24,2.50,1.53,-36.78,35.21,-32.60,1
L,2022-11-08 17:28:35.250597,-0.01,-1.02,0.02,-0.24,2.08,1.77,-36.78,35.21,-32.60,1
L,2022-11-08 17:28:35.251478,-0.01,-1.02,0.02,0.12,2.01,1.89,-37.15,34.91,-32.23,1
L,2022-11-08 17:28:35.251868,-0.01,-1.02,0.02,0.67,2.44,2.38,-37.15,34.91,-32.23,1
L,2022-11-08 17:28:35.252284,-0.01,-1.02,0.02,1.10,2.44,2.44,-37.15,34.91,-32.23,1
L,2022-11-08 17:28:35.252647,-0.01,-1.02,0.02,0.43,2.50,1.89,-36.78,34.94,-32.63,1
L,2022-11-08 17:28:35.253017,-0.01,-1.02,0.02,0.00,2.56,1.71,-36.78,34.94,-32.63,1
L,2022-11-08 17:28:35.253380,-0.01,-1.02,0.02,-0.18,2.14,1.83,-36.78,34.94,-32.63,1
L,2022-11-08 17:28:35.253826,-0.01,-1.02,0.02,0.43,2.01,1.83,-37.18,34.68,-32.65,1
L,2022-11-08 17:28:35.254311,-0.01,-1.02,0.02,0.49,2.38,2.20,-37.18,34.68,-32.65,1
L,2022-11-08 17:28:35.254685,-0.01,-1.02,0.02,0.55,2.26,1.95,-36.93,34.63,-32.84,1
L,2022-11-08 17:28:35.255077,-0.01,-1.02,0.02,0.06,1.89,1.46,-36.93,34.63,-32.84,1
L,2022-11-08 17:28:35.255440,-0.01,-1.02,0.02,-0.12,2.26,1.53,-36.93,34.63,-32.84,1
L,2022-11-08 17:28:35.255831,-0.01,-1.02,0.02,-0.24,2.01,2.14,-37.19,34.46,-31.45,1
L,2022-11-08 17:28:35.256197,-0.01,-1.02,0.02,0.85,2.56,2.08,-37.19,34.46,-31.45,1
L,2022-11-08 17:28:35.256558,-0.01,-1.02,0.02,0.79,2.56,2.08,-37.19,34.46,-31.45,1
L,2022-11-08 17:28:35.256925,-0.01,-1.02,0.02,0.31,2.62,2.14,-37.08,34.88,-32.64,1
L,2022-11-08 17:28:35.257288,-0.01,-1.02,0.02,0.24,2.38,2.14,-37.08,34.88,-32.64,1
L,2022-11-08 17:28:35.257717,-0.01,-1.02,0.02,0.18,2.38,2.01,-37.08,34.88,-32.64,1
L,2022-11-08 17:28:35.258114,-0.01,-1.02,0.02,-0.18,2.32,2.01,-37.10,35.03,-32.12,1
L,2022-11-08 17:28:35.258552,-0.01,-1.02,0.02,0.24,2.38,1.83,-37.10,35.03,-32.12,1
L,2022-11-08 17:28:35.258940,-0.01,-1.02,0.02,0.24,2.08,2.01,-37.10,34.57,-33.26,1
L,2022-11-08 17:28:35.259345,-0.01,-1.02,0.02,0.49,2.01,2.08,-37.10,34.57,-33.26,1
L,2022-11-08 17:28:35.259702,-0.01,-1.02,0.02,0.92,2.26,2.99,-37.10,34.57,-33.26,1
L,2022-11-08 17:28:35.260068,-0.01,-1.02,0.02,1.16,2.38,3.48,-36.52,34.90,-32.42,1
L,2022-11-08 17:28:35.260511,-0.01,-1.02,0.02,0.79,2.32,3.17,-36.52,34.90,-32.42,1
L,2022-11-08 17:28:35.260986,-0.01,-1.02,0.02,0.43,2.32,2.62,-36.52,34.90,-32.42,1
L,2022-11-08 17:28:35.261708,-0.00,-1.02,0.02,0.00,2.20,2.20,-36.99,34.38,-31.81,1
L,2022-11-08 17:28:35.262427,-0.01,-1.02,0.02,-0.06,2.14,1.95,-36.99,34.38,-31.81,1
L,2022-11-08 17:28:35.262858,-0.01,-1.02,0.02,0.18,2.14,2.32,-36.99,34.38,-31.81,1
L,2022-11-08 17:28:35.263283,-0.01,-1.02,0.02,0.73,2.44,3.17,-36.90,34.69,-32.26,1
L,2022-11-08 17:28:35.263681,-0.01,-1.02,0.02,1.59,2.50,2.99,-36.90,34.69,-32.26,1
L,2022-11-08 17:28:35.264071,-0.01,-1.02,0.01,1.16,2.69,2.26,-37.52,34.92,-31.75,1
L,2022-11-08 17:28:35.264441,-0.01,-1.02,0.02,-0.79,2.08,1.22,-37.52,34.92,-31.75,1
L,2022-11-08 17:28:35.265241,-0.01,-1.02,0.03,-1.40,1.71,1.83,-37.52,34.92,-31.75,1
L,2022-11-08 17:28:35.265969,-0.01,-1.02,0.03,-0.24,1.95,2.20,-37.05,34.55,-32.01,1
L,2022-11-08 17:28:35.266796,-0.01,-1.02,0.02,1.40,2.26,3.11,-37.05,34.55,-32.01,1
L,2022-11-08 17:28:35.267470,-0.01,-1.02,0.02,1.83,2.69,3.72,-37.05,34.55,-32.01,1
L,2022-11-08 17:28:35.268289,-0.01,-1.02,0.02,1.77,2.38,3.72,-37.32,34.92,-31.40,1
L,2022-11-08 17:28:35.269224,-0.00,-1.02,0.02,0.98,2.38,3.05,-37.32,34.92,-31.40,1
L,2022-11-08 17:28:35.269687,-0.00,-1.02,0.02,0.31,2.50,1.95,-37.32,34.92,-31.40,1
L,2022-11-08 17:28:35.270120,-0.00,-1.02,0.02,-0.85,1.95,1.04,-37.10,34.57,-30.68,1
L,2022-11-08 17:28:35.270512,-0.00,-1.02,0.02,-1.16,2.08,1.22,-37.10,34.57,-30.68,1
L,2022-11-08 17:28:35.270934,-0.01,-1.02,0.02,-0.31,2.32,0.98,-37.15,35.00,-30.93,1
L,2022-11-08 17:28:35.271296,-0.01,-1.02,0.02,0.55,2.69,1.83,-37.15,35.00,-30.93,1
L,2022-11-08 17:28:35.271744,-0.01,-1.02,0.02,0.31,2.38,2.14,-37.15,35.00,-30.93,1
L,2022-11-08 17:28:35.272185,-0.01,-1.02,0.02,0.67,2.20,2.08,-37.12,34.79,-32.53,1
L,2022-11-08 17:28:35.272623,-0.00,-1.02,0.02,0.37,2.38,1.59,-37.12,34.79,-32.53,1
L,2022-11-08 17:28:35.273055,-0.01,-1.02,0.02,0.00,2.32,1.22,-37.12,34.79,-32.53,1
L,2022-11-08 17:28:35.273491,-0.01,-1.02,0.02,-0.61,2.32,1.16,-37.15,34.95,-32.09,1
L,2022-11-08 17:28:35.273910,-0.01,-1.02,0.02,0.00,2.26,1.59,-37.15,34.95,-32.09,1
L,2022-11-08 17:28:35.274273,-0.01,-1.02,0.02,0.12,2.20,2.32,-37.15,34.95,-32.09,1
L,2022-11-08 17:28:35.274707,-0.01,-1.02,0.02,0.98,2.44,2.62,-37.00,34.36,-31.09,1
L,2022-11-08 17:28:35.275077,-0.01,-1.02,0.02,1.04,2.32,2.75,-37.00,34.36,-31.09,1
L,2022-11-08 17:28:35.275443,-0.01,-1.02,0.02,0.61,2.01,2.44,-37.15,35.18,-32.29,1
L,2022-11-08 17:28:35.275809,-0.01,-1.02,0.02,0.43,2.14,2.69,-37.15,35.18,-32.29,1
L,2022-11-08 17:28:35.276174,-0.01,-1.02,0.02,0.49,2.32,2.20,-37.15,35.18,-32.29,1
L,2022-11-08 17:28:35.276670,-0.01,-1.02,0.02,0.43,2.75,1.65,-37.23,34.78,-32.58,1
L,2022-11-08 17:28:35.277106,-0.01,-1.02,0.02,0.12,2.32,2.08,-37.23,34.78,-32.58,1
L,2022-11-08 17:28:35.277577,-0.01,-1.02,0.02,0.31,2.14,2.62,-37.23,34.78,-32.58,1
L,2022-11-08 17:28:35.277966,-0.01,-1.02,0.02,0.98,2.32,2.20,-37.12,34.57,-32.28,1
L,2022-11-08 17:28:35.278349,-0.01,-1.02,0.02,0.92,2.56,2.38,-37.12,34.57,-32.28,1
L,2022-11-08 17:28:35.278710,-0.01,-1.02,0.02,0.85,2.38,2.38,-37.12,34.57,-32.28,1
L,2022-11-08 17:28:35.279070,-0.01,-1.02,0.02,0.67,2.44,1.83,-36.82,34.85,-32.08,1
L,2022-11-08 17:28:35.279566,-0.01,-1.02,0.02,-0.24,1.95,2.08,-36.82,34.85,-32.08,1
L,2022-11-08 17:28:35.279960,-0.01,-1.02,0.02,-0.43,1.89,2.93,-37.07,34.89,-32.13,1
L,2022-11-08 17:28:35.280374,-0.00,-1.02,0.03,0.73,2.20,3.23,-37.07,34.89,-32.13,1
L,2022-11-08 17:28:35.280734,-0.01,-1.02,0.02,1.77,2.38,3.36,-37.07,34.89,-32.13,1
L,2022-11-08 17:28:35.281122,-0.01,-1.02,0.02,1.53,2.32,3.23,-36.94,35.00,-31.76,1
L,2022-11-08 17:28:35.281482,-0.01,-1.02,0.01,1.10,2.26,2.93,-36.94,35.00,-31.76,1
L,2022-11-08 17:28:35.281847,-0.01,-1.02,0.02,0.12,2.01,2.38,-36.94,35.00,-31.76,1
L,2022-11-08 17:28:35.282233,-0.01,-1.02,0.02,-0.18,2.08,2.26,-37.06,34.91,-31.80,1
L,2022-11-08 17:28:35.282620,-0.00,-1.02,0.02,0.24,2.26,2.08,-37.06,34.91,-31.80,1
L,2022-11-08 17:28:35.283068,-0.00,-1.02,0.03,0.00,2.32,2.38,-37.06,34.91,-31.80,1
L,2022-11-08 17:28:35.283495,-0.00,-1.02,0.02,0.37,2.69,1.83,-37.04,35.25,-30.93,1
L,2022-11-08 17:28:35.284143,-0.01,-1.02,0.02,0.37,2.69,1.59,-37.04,35.25,-30.93,1
L,2022-11-08 17:28:35.284630,-0.01,-1.02,0.02,0.37,2.32,1.77,-36.85,35.07,-30.71,1
L,2022-11-08 17:28:35.285147,-0.01,-1.02,0.02,0.31,2.01,1.59,-36.85,35.07,-30.71,1
L,2022-11-08 17:28:35.285912,-0.01,-1.02,0.02,0.18,2.56,1.59,-36.85,35.07,-30.71,1
L,2022-11-08 17:28:35.286787,-0.01,-1.02,0.02,0.00,2.32,1.71,-36.99,34.58,-32.40,1
L,2022-11-08 17:28:35.287690,-0.01,-1.02,0.02,-0.12,2.20,1.89,-36.99,34.58,-32.40,1
L,2022-11-08 17:28:35.288332,-0.01,-1.02,0.02,0.24,2.26,2.14,-36.99,34.58,-32.40,1
L,2022-11-08 17:28:35.288843,-0.01,-1.02,0.02,0.85,2.14,2.14,-36.77,34.57,-32.42,1
L,2022-11-08 17:28:35.289232,-0.01,-1.02,0.02,1.04,2.08,3.05,-36.77,34.57,-32.42,1
L,2022-11-08 17:28:35.289612,-0.01,-1.02,0.02,1.04,2.26,3.36,-36.77,34.57,-32.42,1
L,2022-11-08 17:28:35.289972,-0.01,-1.02,0.02,1.10,2.62,2.50,-37.16,34.68,-31.46,1
L,2022-11-08 17:28:35.290334,-0.01,-1.02,0.02,0.24,2.20,2.93,-37.16,34.68,-31.46,1
L,2022-11-08 17:28:35.290744,-0.00,-1.02,0.02,0.49,2.14,3.05,-36.88,34.63,-30.48,1
L,2022-11-08 17:28:35.291132,-0.00,-1.02,0.02,0.98,2.26,2.62,-36.88,34.63,-30.48,1
L,2022-11-08 17:28:35.291635,-0.01,-1.02,0.02,0.79,2.75,1.71,-36.88,34.63,-30.48,1
L,2022-11-08 17:28:35.292019,-0.01,-1.02,0.02,-0.49,2.14,1.59,-36.88,35.11,-31.57,1
L,2022-11-08 17:28:35.292421,-0.01,-1.02,0.02,-0.43,2.01,2.08,-36.88,35.11,-31.57,1
L,2022-11-08 17:28:35.292782,-0.00,-1.02,0.02,0.18,2.62,2.20,-36.88,35.11,-31.57,1
L,2022-11-08 17:28:35.293142,-0.00,-1.02,0.02,0.49,2.56,1.83,-36.58,34.80,-32.25,1
L,2022-11-08 17:28:35.293522,-0.01,-1.02,0.02,0.37,2.26,2.20,-36.58,34.80,-32.25,1
L,2022-11-08 17:28:35.294013,-0.01,-1.02,0.02,-0.18,2.32,2.20,-36.58,34.80,-32.25,1
L,2022-11-08 17:28:35.294530,-0.01,-1.02,0.02,-0.12,1.89,2.01,-36.78,34.61,-31.90,1
L,2022-11-08 17:28:35.295294,-0.01,-1.02,0.02,0.61,2.32,2.87,-36.78,34.61,-31.90,1
L,2022-11-08 17:28:35.295916,-0.00,-1.02,0.02,0.92,2.20,3.17,-36.77,34.66,-30.43,1
L,2022-11-08 17:28:35.296309,-0.00,-1.02,0.02,0.18,2.69,1.46,-36.77,34.66,-30.43,1
L,2022-11-08 17:28:35.296731,-0.00,-1.02,0.02,-0.43,2.26,1.22,-36.77,34.66,-30.43,1
L,2022-11-08 17:28:35.297119,-0.00,-1.02,0.02,-1.16,2.08,1.34,-36.58,34.68,-31.73,1
L,2022-11-08 17:28:35.297509,-0.01,-1.02,0.02,-0.24,2.44,1.16,-36.58,34.68,-31.73,1
L,2022-11-08 17:28:35.297926,-0.01,-1.02,0.02,0.61,2.62,1.53,-36.58,34.68,-31.73,1
L,2022-11-08 17:28:35.298314,-0.01,-1.02,0.02,0.18,2.26,2.14,-36.89,34.88,-32.04,1
L,2022-11-08 17:28:35.298727,-0.01,-1.02,0.02,0.73,2.44,2.26,-36.89,34.88,-32.04,1
L,2022-11-08 17:28:35.299091,-0.01,-1.02,0.02,0.55,2.62,1.77,-36.89,34.88,-32.04,1
L,2022-11-08 17:28:35.299481,-0.01,-1.02,0.02,0.67,2.14,2.08,-36.68,35.10,-32.35,1
L,2022-11-08 17:28:35.299844,-0.01,-1.02,0.02,-0.31,2.14,1.89,-36.68,35.10,-32.35,1
L,2022-11-08 17:28:35.300257,-0.01,-1.02,0.02,0.43,2.50,2.26,-36.88,34.74,-32.89,1
L,2022-11-08 17:28:35.300746,-0.00,-1.02,0.02,0.06,2.81,1.16,-36.88,34.74,-32.89,1
L,2022-11-08 17:28:35.301115,-0.01,-1.02,0.02,-0.67,2.56,0.79,-36.88,34.74,-32.89,1
L,2022-11-08 17:28:35.301644,-0.01,-1.02,0.02,-0.79,1.77,1.40,-37.16,34.92,-31.67,1
L,2022-11-08 17:28:35.302263,-0.01,-1.02,0.03,0.00,2.08,2.38,-37.16,34.92,-31.67,1
L,2022-11-08 17:28:35.303102,-0.01,-1.02,0.02,1.53,2.69,2.81,-37.16,34.92,-31.67,1
L,2022-11-08 17:28:35.303982,-0.01,-1.02,0.02,1.22,2.87,2.69,-36.66,35.19,-32.13,1
L,2022-11-08 17:28:35.304839,-0.01,-1.02,0.02,0.12,2.38,2.38,-36.66,35.19,-32.13,1
L,2022-11-08 17:28:35.305638,-0.01,-1.02,0.02,0.00,2.44,1.65,-36.66,35.19,-32.13,1
L,2022-11-08 17:28:35.306407,-0.01,-1.02,0.02,0.18,2.26,1.22,-36.73,35.27,-31.62,1
L,2022-11-08 17:28:35.306875,-0.01,-1.02,0.02,-0.43,2.38,1.53,-36.73,35.27,-31.62,1
L,2022-11-08 17:28:35.307266,-0.01,-1.02,0.02,0.12,2.20,1.95,-37.35,35.11,-31.73,1
L,2022-11-08 17:28:35.307694,-0.01,-1.02,0.02,0.43,2.20,2.44,-37.35,35.11,-31.73,1
L,2022-11-08 17:28:35.308081,-0.01,-1.02,0.02,0.61,2.20,2.81,-37.35,35.11,-31.73,1
L,2022-11-08 17:28:35.308466,-0.01,-1.02,0.02,1.04,2.26,2.75,-36.88,34.81,-32.84,1
L,2022-11-08 17:28:35.308880,-0.01,-1.02,0.02,1.10,2.38,2.32,-36.88,34.81,-32.84,1
L,2022-11-08 17:28:35.309330,-0.01,-1.02,0.02,-0.06,2.44,1.40,-36.88,34.81,-32.84,1
L,2022-11-08 17:28:35.309918,-0.01,-1.02,0.02,-1.40,1.89,0.98,-37.00,34.45,-32.63,1
L,2022-11-08 17:28:35.310315,-0.01,-1.02,0.03,-1.22,2.14,1.34,-37.00,34.45,-32.63,1
L,2022-11-08 17:28:35.310738,-0.01,-1.02,0.03,-0.12,2.50,1.22,-37.00,34.45,-32.63,1
L,2022-11-08 17:28:35.311103,-0.01,-1.02,0.02,0.00,2.81,1.34,-36.91,34.63,-32.04,1
L,2022-11-08 17:28:35.311505,-0.01,-1.02,0.02,0.55,2.08,2.44,-36.91,34.63,-32.04,1
L,2022-11-08 17:28:35.312348,-0.01,-1.02,0.02,0.73,2.14,2.56,-36.91,34.31,-30.96,1
L,2022-11-08 17:28:35.312735,-0.01,-1.02,0.02,1.04,2.26,2.87,-36.91,34.31,-30.96,1
L,2022-11-08 17:28:35.313123,-0.01,-1.02,0.02,0.79,1.95,3.42,-36.91,34.31,-30.96,1
L,2022-11-08 17:28:35.313549,-0.01,-1.02,0.02,0.55,2.08,3.48,-36.55,34.31,-31.02,1
L,2022-11-08 17:28:35.314037,-0.01,-1.02,0.02,0.92,2.26,2.99,-36.55,34.31,-31.02,1
L,2022-11-08 17:28:35.314458,-0.01,-1.02,0.02,1.04,2.26,2.75,-36.55,34.31,-31.02,1
L,2022-11-08 17:28:35.314863,-0.01,-1.02,0.02,0.55,2.14,2.32,-36.96,34.63,-32.41,1
L,2022-11-08 17:28:35.315233,-0.01,-1.02,0.02,0.31,2.38,1.77,-36.96,34.63,-32.41,1
L,2022-11-08 17:28:35.315600,-0.01,-1.02,0.02,-0.18,2.32,1.59,-36.96,34.63,-32.41,1
L,2022-11-08 17:28:35.316007,-0.01,-1.02,0.02,-0.61,2.38,1.34,-36.74,35.14,-31.73,1
L,2022-11-08 17:28:35.316376,-0.01,-1.02,0.02,-0.31,2.32,1.40,-36.74,35.14,-31.73,1
L,2022-11-08 17:28:35.316781,-0.01,-1.02,0.02,0.24,2.26,1.53,-37.08,35.06,-32.79,1
L,2022-11-08 17:28:35.317169,-0.01,-1.02,0.02,0.24,2.26,1.46,-37.08,35.06,-32.79,1
L,2022-11-08 17:28:35.317587,-0.01,-1.02,0.02,0.06,1.95,1.83,-37.08,35.06,-32.79,1
L,2022-11-08 17:28:35.317949,-0.01,-1.02,0.02,0.06,2.26,2.26,-36.67,35.10,-32.85,1
L,2022-11-08 17:28:35.318340,-0.01,-1.02,0.02,0.31,2.44,2.01,-36.67,35.10,-32.85,1
L,2022-11-08 17:28:35.318697,-0.01,-1.02,0.02,0.55,2.32,1.77,-36.67,35.10,-32.85,1
L,2022-11-08 17:28:35.319063,-0.01,-1.02,0.02,0.18,2.38,2.01,-37.54,34.75,-32.81,1
L,2022-11-08 17:28:35.319516,-0.01,-1.02,0.02,0.18,2.50,1.28,-37.54,34.75,-32.81,1
L,2022-11-08 17:28:35.319902,-0.01,-1.02,0.02,-0.43,2.56,0.73,-37.54,34.75,-32.81,1
L,2022-11-08 17:28:35.320526,-0.01,-1.02,0.02,-0.85,2.26,0.61,-36.30,34.07,-32.09,1
L,2022-11-08 17:28:35.321350,-0.01,-1.02,0.02,-0.55,2.14,1.10,-36.30,34.07,-32.09,1
L,2022-11-08 17:28:35.322214,-0.01,-1.02,0.03,-0.06,2.26,1.89,-37.19,34.94,-31.79,1
L,2022-11-08 17:28:35.322925,-0.01,-1.02,0.03,0.06,2.32,2.26,-37.19,34.94,-31.79,1
L,2022-11-08 17:28:35.323519,-0.01,-1.02,0.02,1.04,2.50,2.69,-37.19,34.94,-31.79,1
L,2022-11-08 17:28:35.324379,-0.01,-1.02,0.02,1.22,2.56,2.81,-37.04,34.63,-32.52,1
L,2022-11-08 17:28:35.325153,-0.01,-1.02,0.02,0.73,2.56,2.08,-37.04,34.63,-32.52,1
L,2022-11-08 17:28:35.325581,-0.01,-1.02,0.02,-0.06,2.20,1.46,-37.04,34.63,-32.52,1
L,2022-11-08 17:28:35.325969,-0.01,-1.02,0.02,-0.37,2.14,1.34,-36.88,34.72,-31.91,1
L,2022-11-08 17:28:35.326363,-0.01,-1.02,0.02,0.12,2.26,1.22,-36.88,34.72,-31.91,1
L,2022-11-08 17:28:35.326724,-0.01,-1.02,0.02,0.79,2.26,2.26,-36.88,34.72,-31.91,1
L,2022-11-08 17:28:35.327341,-0.01,-1.02,0.02,1.59,1.95,2.87,-37.15,34.79,-31.36,1
L,2022-11-08 17:28:35.327829,-0.01,-1.02,0.02,0.92,2.38,2.93,-37.15,34.79,-31.36,1
L,2022-11-08 17:28:35.328421,-0.01,-1.02,0.02,0.98,2.87,1.83,-37.27,34.67,-31.98,1
L,2022-11-08 17:28:35.329112,-0.01,-1.02,0.02,0.12,2.69,0.79,-37.27,34.67,-31.98,1
L,2022-11-08 17:28:35.329511,-0.01,-1.02,0.02,-1.10,1.71,2.26,-37.27,34.67,-31.98,1
L,2022-11-08 17:28:35.330030,-0.01,-1.02,0.03,0.43,2.01,2.69,-36.84,34.90,-32.75,1
L,2022-11-08 17:28:35.330418,-0.01,-1.02,0.03,1.59,2.99,2.44,-36.84,34.90,-32.75,1
L,2022-11-08 17:28:35.330834,-0.01,-1.02,0.02,1.46,2.75,2.08,-36.84,34.90,-32.75,1
L,2022-11-08 17:28:35.331201,-0.01,-1.02,0.02,-0.12,2.01,2.01,-37.23,35.08,-31.53,1
L,2022-11-08 17:28:35.331717,-0.01,-1.02,0.02,-0.18,1.95,2.56,-37.23,35.08,-31.53,1
L,2022-11-08 17:28:35.332125,-0.01,-1.02,0.03,0.67,2.44,2.62,-37.23,35.08,-31.53,1
L,2022-11-08 17:28:35.332582,-0.01,-1.02,0.02,1.40,2.38,2.14,-37.01,34.92,-31.52,1
L,2022-11-08 17:28:35.333138,-0.01,-1.02,0.02,0.37,2.32,2.01,-37.01,34.92,-31.52,1
L,2022-11-08 17:28:35.334365,-0.01,-1.02,0.02,-0.12,2.01,2.32,-37.00,34.90,-31.43,1
L,2022-11-08 17:28:35.335423,-0.01,-1.02,0.02,0.55,2.50,2.26,-37.00,34.90,-31.43,1
L,2022-11-08 17:28:35.336007,-0.01,-1.02,0.02,1.10,2.50,2.26,-37.00,34.90,-31.43,1
L,2022-11-08 17:28:35.336414,-0.01,-1.02,0.02,0.55,2.26,2.56,-36.69,34.69,-32.07,1
L,2022-11-08 17:28:35.336805,-0.01,-1.02,0.02,0.18,2.14,2.08,-36.69,34.69,-32.07,1
L,2022-11-08 17:28:35.337168,-0.01,-1.02,0.03,-0.12,2.14,1.40,-36.69,34.69,-32.07,1
L,2022-11-08 17:28:35.337584,-0.01,-1.02,0.02,-0.06,2.20,1.65,-37.05,34.72,-32.30,1
L,2022-11-08 17:28:35.337972,-0.02,-1.02,0.02,0.67,2.44,2.14,-37.05,34.72,-32.30,1
L,2022-11-08 17:28:35.338391,-0.02,-1.02,0.02,0.85,2.50,2.26,-37.05,34.72,-32.30,1
L,2022-11-08 17:28:35.339099,-0.01,-1.02,0.02,0.43,2.56,2.87,-37.06,34.63,-32.31,1
L,2022-11-08 17:28:35.339751,-0.01,-1.02,0.02,0.61,2.14,2.50,-37.06,34.63,-32.31,1
L,2022-11-08 17:28:35.340689,-0.01,-1.02,0.02,0.12,2.32,1.83,-36.62,34.69,-32.68,1
L,2022-11-08 17:28:35.341520,-0.01,-1.02,0.02,0.06,2.20,1.77,-36.62,34.69,-32.68,1
L,2022-11-08 17:28:35.342177,-0.01,-1.02,0.02,0.12,2.26,1.95,-36.62,34.69,-32.68,1
L,2022-11-08 17:28:35.342964,-0.01,-1.02,0.02,0.73,2.26,2.81,-36.99,34.19,-33.56,1
L,2022-11-08 17:28:35.343613,-0.01,-1.02,0.02,0.85,2.56,2.99,-36.99,34.19,-33.56,1
L,2022-11-08 17:28:35.344002,-0.01,-1.02,0.03,0.79,2.38,2.44,-36.99,34.19,-33.56,1
L,2022-11-08 17:28:35.344410,-0.01,-1.02,0.02,-0.67,2.26,1.83,-36.98,35.02,-33.13,1
L,2022-11-08 17:28:35.344772,-0.01,-1.02,0.02,0.12,2.44,1.65,-36.98,35.02,-33.13,1
L,2022-11-08 17:28:35.345137,-0.01,-1.02,0.02,0.79,2.93,1.53,-36.98,35.02,-33.13,1
L,2022-11-08 17:28:35.345521,-0.01,-1.02,0.02,-0.12,2.87,1.28,-36.93,34.84,-32.14,1
L,2022-11-08 17:28:35.345888,-0.01,-1.02,0.02,-0.55,2.50,1.22,-36.93,34.84,-32.14,1
L,2022-11-08 17:28:35.346303,-0.01,-1.02,0.03,-0.12,2.14,1.89,-37.38,34.42,-32.30,1
L,2022-11-08 17:28:35.346720,-0.01,-1.02,0.03,0.49,2.01,2.81,-37.38,34.42,-32.30,1
L,2022-11-08 17:28:35.347190,-0.01,-1.02,0.03,1.46,2.56,3.17,-37.38,34.42,-32.30,1
L,2022-11-08 17:28:35.347570,-0.01,-1.02,0.02,1.83,2.75,2.50,-37.02,34.50,-32.97,1
L,2022-11-08 17:28:35.347964,-0.01,-1.02,0.02,0.61,2.26,1.95,-37.02,34.50,-32.97,1
L,2022-11-08 17:28:35.348334,-0.02,-1.02,0.02,-0.73,1.83,1.71,-37.02,34.50,-32.97,1
L,2022-11-08 17:28:35.348707,-0.01,-1.02,0.03,-0.49,1.95,2.26,-37.11,34.53,-32.03,1
L,2022-11-08 17:28:35.349121,-0.01,-1.02,0.03,0.67,2.56,2.20,-37.11,34.53,-32.03,1
L,2022-11-08 17:28:35.349506,-0.01,-1.02,0.03,1.34,2.56,2.26,-37.11,34.53,-32.03,1
L,2022-11-08 17:28:35.349921,-0.01,-1.02,0.02,0.67,2.44,1.77,-37.55,34.85,-32.15,1
L,2022-11-08 17:28:35.350287,-0.02,-1.02,0.02,-0.12,2.62,0.98,-37.55,34.85,-32.15,1
L,2022-11-08 17:28:35.350754,-0.02,-1.02,0.02,-0.85,2.26,1.22,-37.19,34.57,-33.22,1
L,2022-11-08 17:28:35.351147,-0.02,-1.02,0.03,-0.18,1.89,1.89,-37.19,34.57,-33.22,1
L,2022-11-08 17:28:35.351531,-0.01,-1.02,0.03,0.79,2.08,3.30,-37.19,34.57,-33.22,1
L,2022-11-08 17:28:35.351888,-0.01,-1.02,0.03,1.77,2.38,3.85,-36.57,34.59,-32.25,1
L,2022-11-08 17:28:35.352252,-0.01,-1.02,0.02,1.83,2.62,2.99,-36.57,34.59,-32.25,1
L,2022-11-08 17:28:35.352674,-0.01,-1.02,0.02,0.85,2.20,2.56,-36.57,34.59,-32.25,1
L,2022-11-08 17:28:35.353068,-0.01,-1.02,0.02,-0.31,2.20,2.44,-37.08,34.92,-32.53,1
L,2022-11-08 17:28:35.353503,-0.01,-1.02,0.02,0.12,2.26,2.38,-37.08,34.92,-32.53,1
L,2022-11-08 17:28:35.353896,-0.01,-1.02,0.02,0.73,2.62,1.83,-37.08,34.92,-32.53,1
L,2022-11-08 17:28:35.354336,-0.01,-1.02,0.02,0.31,2.75,1.53,-37.11,34.68,-32.76,1
L,2022-11-08 17:28:35.354767,-0.01,-1.02,0.02,-0.24,2.20,1.71,-37.11,34.68,-32.76,1
L,2022-11-08 17:28:35.355238,-0.01,-1.02,0.02,-0.12,2.56,1.65,-37.49,34.69,-31.49,1
L,2022-11-08 17:28:35.355667,-0.01,-1.02,0.02,0.31,2.87,1.22,-37.49,34.69,-31.49,1
L,2022-11-08 17:28:35.356244,-0.02,-1.02,0.02,0.31,2.56,2.08,-37.49,34.69,-31.49,1
L,2022-11-08 17:28:35.357052,-0.01,-1.02,0.03,0.43,2.01,3.05,-37.66,34.99,-32.26,1
L,2022-11-08 17:28:35.357819,-0.01,-1.02,0.02,1.46,2.38,2.93,-37.66,34.99,-32.26,1
L,2022-11-08 17:28:35.358426,-0.01,-1.02,0.02,1.22,2.56,2.93,-37.66,34.99,-32.26,1
L,2022-11-08 17:28:35.359272,-0.01,-1.02,0.02,0.73,2.81,2.26,-37.21,35.05,-32.93,1
L,2022-11-08 17:28:35.359972,-0.01,-1.02,0.02,0.12,2.14,2.08,-37.21,35.05,-32.93,1
L,2022-11-08 17:28:35.360500,-0.01,-1.02,0.03,-0.55,2.14,2.44,-37.21,35.05,-32.93,1
L,2022-11-08 17:28:35.360981,-0.01,-1.02,0.03,1.16,2.32,3.17,-37.23,34.97,-32.23,1
L,2022-11-08 17:28:35.361444,-0.01,-1.02,0.02,1.83,2.56,3.23,-37.23,34.97,-32.23,1
L,2022-11-08 17:28:35.362161,-0.01,-1.02,0.02,1.28,2.50,2.50,-37.11,34.95,-32.24,1
L,2022-11-08 17:28:35.362832,-0.01,-1.02,0.02,-0.55,2.44,1.04,-37.11,34.95,-32.24,1
L,2022-11-08 17:28:35.363276,-0.01,-1.02,0.02,-1.22,1.95,1.53,-37.11,34.95,-32.24,1
L,2022-11-08 17:28:35.363740,-0.01,-1.02,0.03,0.31,1.65,3.23,-36.99,34.24,-31.86,1
L,2022-11-08 17:28:35.364130,-0.01,-1.02,0.02,2.87,2.81,3.30,-36.99,34.24,-31.86,1
L,2022-11-08 17:28:35.364512,-0.01,-1.02,0.01,3.05,3.23,3.11,-36.99,34.24,-31.86,1
L,2022-11-08 17:28:35.364899,-0.01,-1.02,0.02,-0.24,2.14,2.26,-36.68,34.79,-33.17,1
L,2022-11-08 17:28:35.365270,-0.01,-1.02,0.03,-1.59,1.71,1.53,-36.68,34.79,-33.17,1
L,2022-11-08 17:28:35.365670,-0.01,-1.02,0.02,-0.18,2.50,1.28,-36.68,34.79,-33.17,1
L,2022-11-08 17:28:35.366035,-0.01,-1.02,0.02,1.10,2.14,1.83,-36.94,35.06,-30.90,1
L,2022-11-08 17:28:35.366429,-0.01,-1.02,0.02,1.04,2.56,2.32,-36.94,35.06,-30.90,1
L,2022-11-08 17:28:35.366802,-0.01,-1.02,0.02,0.61,2.26,2.44,-37.07,34.96,-31.03,1
L,2022-11-08 17:28:35.367178,-0.01,-1.02,0.03,-0.18,2.08,2.69,-37.07,34.96,-31.03,1
L,2022-11-08 17:28:35.367550,-0.01,-1.02,0.02,1.16,2.62,2.20,-37.07,34.96,-31.03,1
L,2022-11-08 17:28:35.367910,-0.01,-1.02,0.02,0.92,2.56,2.62,-36.76,35.11,-32.32,1
L,2022-11-08 17:28:35.368300,-0.01,-1.02,0.02,0.06,2.08,2.93,-36.76,35.11,-32.32,1
L,2022-11-08 17:28:35.368658,-0.01,-1.02,0.03,0.18,1.95,2.93,-36.76,35.11,-32.32,1
L,2022-11-08 17:28:35.369047,-0.01,-1.02,0.02,0.98,2.32,2.69,-36.66,34.84,-32.57,1
L,2022-11-08 17:28:35.369403,-0.01,-1.02,0.02,0.92,2.62,2.32,-36.66,34.84,-32.57,1
L,2022-11-08 17:28:35.369824,-0.01,-1.02,0.02,0.12,2.50,2.01,-36.66,34.84,-32.57,1
L,2022-11-08 17:28:35.370332,-0.01,-1.02,0.02,-0.37,1.89,1.71,-37.07,34.59,-31.01,1
L,2022-11-08 17:28:35.370718,-0.01,-1.02,0.03,0.00,2.08,2.08,-37.07,34.59,-31.01,1
L,2022-11-08 17:28:35.371162,-0.01,-1.02,0.02,0.67,2.38,2.32,-37.02,35.35,-32.79,1
L,2022-11-08 17:28:35.371553,-0.01,-1.02,0.02,1.40,2.75,2.14,-37.02,35.35,-32.79,1
L,2022-11-08 17:28:35.371980,-0.01,-1.02,0.02,0.37,2.32,1.95,-37.02,35.35,-32.79,1
L,2022-11-08 17:28:35.372480,-0.01,-1.02,0.02,-0.31,2.01,2.01,-37.55,35.17,-32.69,1
L,2022-11-08 17:28:35.372933,-0.01,-1.02,0.02,-0.31,1.95,1.71,-37.55,35.17,-32.69,1
L,2022-11-08 17:28:35.373323,-0.01,-1.02,0.03,0.12,2.32,1.95,-37.55,35.17,-32.69,1
L,2022-11-08 17:28:35.373710,-0.01,-1.02,0.02,0.73,2.08,2.50,-36.54,34.85,-32.47,1
L,2022-11-08 17:28:35.374210,-0.01,-1.02,0.02,0.92,2.26,2.44,-36.54,34.85,-32.47,1
L,2022-11-08 17:28:35.374600,-0.01,-1.02,0.02,0.85,2.69,1.53,-36.54,34.85,-32.47,1
L,2022-11-08 17:28:35.375019,-0.01,-1.02,0.02,-0.18,2.32,1.83,-36.54,35.19,-33.26,1
L,2022-11-08 17:28:35.375388,-0.01,-1.02,0.02,-0.73,2.20,1.95,-36.54,35.19,-33.26,1
L,2022-11-08 17:28:35.376468,-0.01,-1.02,0.03,-0.18,2.20,2.01,-36.94,34.75,-31.59,1
L,2022-11-08 17:28:35.377286,-0.01,-1.02,0.03,0.31,2.32,2.32,-36.94,34.75,-31.59,1
L,2022-11-08 17:28:35.378035,-0.01,-1.02,0.02,0.92,2.38,2.44,-36.94,34.75,-31.59,1
L,2022-11-08 17:28:35.378771,-0.01,-1.02,0.02,1.16,2.38,2.14,-36.95,35.07,-31.92,1
L,2022-11-08 17:28:35.379631,-0.01,-1.02,0.02,0.18,2.44,1.71,-36.95,35.07,-31.92,1
L,2022-11-08 17:28:35.380395,-0.01,-1.02,0.02,-0.85,1.83,1.65,-36.95,35.07,-31.92,1
L,2022-11-08 17:28:35.380781,-0.01,-1.02,0.03,-0.12,2.01,2.01,-36.83,34.79,-31.34,1
L,2022-11-08 17:28:35.381190,-0.01,-1.02,0.03,0.85,2.38,2.50,-36.83,34.79,-31.34,1
L,2022-11-08 17:28:35.381628,-0.01,-1.02,0.02,1.40,2.69,2.81,-36.83,34.79,-31.34,1
L,2022-11-08 17:28:35.382137,-0.01,-1.02,0.02,0.49,2.50,2.32,-37.35,35.41,-31.52,1
L,2022-11-08 17:28:35.382517,-0.01,-1.02,0.02,-0.06,2.14,1.89,-37.35,35.41,-31.52,1
L,2022-11-08 17:28:35.382884,-0.01,-1.02,0.02,-1.10,2.01,1.89,-37.10,34.50,-32.74,1
L,2022-11-08 17:28:35.383295,-0.01,-1.02,0.03,-0.18,2.32,2.26,-37.10,34.50,-32.74,1
L,2022-11-08 17:28:35.383678,-0.01,-1.02,0.02,1.10,2.69,1.95,-37.10,34.50,-32.74,1
L,2022-11-08 17:28:35.384092,-0.01,-1.02,0.02,0.61,2.44,2.08,-36.35,34.67,-32.17,1
L,2022-11-08 17:28:35.384457,-0.01,-1.02,0.02,0.31,2.08,2.32,-36.35,34.67,-32.17,1
L,2022-11-08 17:28:35.384846,-0.01,-1.02,0.02,0.49,2.01,2.50,-36.35,34.67,-32.17,1
L,2022-11-08 17:28:35.385209,-0.01,-1.02,0.02,0.73,2.08,2.38,-37.00,34.80,-31.99,1
L,2022-11-08 17:28:35.385576,-0.01,-1.02,0.02,0.31,2.56,1.77,-37.00,34.80,-31.99,1
L,2022-11-08 17:28:35.385953,-0.01,-1.02,0.02,0.18,2.32,1.53,-37.00,34.80,-31.99,1
L,2022-11-08 17:28:35.386374,-0.01,-1.02,0.02,0.12,2.08,1.89,-37.23,35.03,-32.20,1
L,2022-11-08 17:28:35.386919,-0.01,-1.02,0.02,0.55,2.56,2.08,-37.23,35.03,-32.20,1
L,2022-11-08 17:28:35.387303,-0.01,-1.02,0.02,0.37,2.56,1.77,-37.19,35.01,-31.74,1
L,2022-11-08 17:28:35.387720,-0.01,-1.02,0.02,0.18,2.32,1.53,-37.19,35.01,-31.74,1
L,2022-11-08 17:28:35.388177,-0.01,-1.02,0.02,-0.31,2.32,1.53,-37.19,35.01,-31.74,1
L,2022-11-08 17:28:35.388624,-0.01,-1.02,0.03,-0.43,2.32,1.65,-37.85,34.90,-33.35,1
L,2022-11-08 17:28:35.389020,-0.01,-1.02,0.03,0.37,2.38,1.89,-37.85,34.90,-33.35,1
L,2022-11-08 17:28:35.389409,-0.02,-1.02,0.02,0.92,2.56,1.77,-37.85,34.90,-33.35,1
L,2022-11-08 17:28:35.389838,-0.01,-1.02,0.02,0.24,2.69,1.95,-36.76,34.33,-33.37,1
L,2022-11-08 17:28:35.390246,-0.01,-1.02,0.02,-0.31,2.32,1.77,-36.76,34.33,-33.37,1
L,2022-11-08 17:28:35.390688,-0.01,-1.02,0.03,-0.31,2.08,1.53,-36.76,34.33,-33.37,1
L,2022-11-08 17:28:35.391273,-0.01,-1.02,0.03,-0.12,2.38,1.34,-36.88,34.74,-31.52,1
L,2022-11-08 17:28:35.391911,-0.02,-1.02,0.02,-0.06,2.50,1.16,-36.88,34.74,-31.52,1
L,2022-11-08 17:28:35.392308,-0.02,-1.02,0.02,-0.06,2.38,1.34,-37.13,34.08,-32.74,1
L,2022-11-08 17:28:35.392696,-0.02,-1.02,0.02,-0.49,2.26,1.65,-37.13,34.08,-32.74,1
L,2022-11-08 17:28:35.393129,-0.01,-1.02,0.02,0.24,2.32,2.08,-37.13,34.08,-32.74,1
L,2022-11-08 17:28:35.393702,-0.01,-1.02,0.03,0.31,2.44,1.65,-37.06,34.19,-32.31,1
L,2022-11-08 17:28:35.394208,-0.01,-1.02,0.02,-0.12,2.50,0.79,-37.06,34.19,-32.31,1
L,2022-11-08 17:28:35.394719,-0.02,-1.02,0.02,-1.04,2.44,0.24,-37.06,34.19,-32.31,1
L,2022-11-08 17:28:35.395609,-0.02,-1.02,0.03,-0.85,2.14,0.18,-36.89,34.56,-31.92,1
L,2022-11-08 17:28:35.396624,-0.02,-1.02,0.03,-0.49,2.38,0.61,-36.89,34.56,-31.92,1
L,2022-11-08 17:28:35.397465,-0.02,-1.02,0.03,-0.18,2.62,1.10,-36.89,34.56,-31.92,1
L,2022-11-08 17:28:35.398069,-0.02,-1.02,0.03,0.24,2.38,1.46,-36.93,34.44,-31.88,1
L,2022-11-08 17:28:35.398646,-0.02,-1.02,0.03,0.31,2.32,1.77,-36.93,34.44,-31.88,1
L,2022-11-08 17:28:35.399058,-0.02,-1.02,0.02,0.12,2.44,0.79,-37.50,34.50,-32.03,1
L,2022-11-08 17:28:35.399449,-0.02,-1.02,0.02,-0.49,2.14,0.12,-37.50,34.50,-32.03,1
L,2022-11-08 17:28:35.399873,-0.02,-1.02,0.03,-0.98,2.44,0.61,-37.50,34.50,-32.03,1
L,2022-11-08 17:28:35.400242,-0.02,-1.02,0.03,-0.37,2.26,1.40,-37.26,33.84,-31.86,1
L,2022-11-08 17:28:35.400638,-0.02,-1.02,0.03,0.31,2.75,1.10,-37.26,33.84,-31.86,1
L,2022-11-08 17:28:35.401000,-0.02,-1.02,0.03,0.18,2.56,0.92,-37.26,33.84,-31.86,1
L,2022-11-08 17:28:35.401364,-0.02,-1.02,0.03,-0.43,2.44,1.10,-37.13,34.52,-32.57,1
L,2022-11-08 17:28:35.401749,-0.02,-1.02,0.03,-0.06,2.14,1.89,-37.13,34.52,-32.57,1
L,2022-11-08 17:28:35.402118,-0.02,-1.02,0.03,0.85,2.56,1.16,-37.13,34.52,-32.57,1
L,2022-11-08 17:28:35.402526,-0.02,-1.02,0.02,0.18,2.44,0.31,-37.06,34.67,-31.57,1
L,2022-11-08 17:28:35.402922,-0.02,-1.02,0.03,-1.10,2.08,1.10,-37.06,34.67,-31.57,1
L,2022-11-08 17:28:35.403344,-0.02,-1.02,0.03,-0.85,1.89,1.71,-37.37,34.24,-32.06,1
L,2022-11-08 17:28:35.403713,-0.02,-1.02,0.03,0.24,2.26,1.53,-37.37,34.24,-32.06,1
L,2022-11-08 17:28:35.404108,-0.02,-1.02,0.03,0.79,2.93,0.85,-37.37,34.24,-32.06,1
L,2022-11-08 17:28:35.404475,-0.02,-1.02,0.03,-0.55,2.20,0.85,-36.82,34.11,-31.31,1
L,2022-11-08 17:28:35.405084,-0.02,-1.02,0.03,-0.98,2.14,0.73,-36.82,34.11,-31.31,1
L,2022-11-08 17:28:35.405492,-0.03,-1.02,0.03,-0.43,2.38,0.92,-36.82,34.11,-31.31,1
L,2022-11-08 17:28:35.405879,-0.03,-1.02,0.03,-0.49,2.20,1.28,-37.19,33.96,-32.34,1
L,2022-11-08 17:28:35.406253,-0.02,-1.02,0.03,0.31,2.75,0.92,-37.19,33.96,-32.34,1
L,2022-11-08 17:28:35.406614,-0.03,-1.02,0.03,0.06,2.62,0.37,-37.19,33.96,-32.34,1
L,2022-11-08 17:28:35.407013,-0.03,-1.02,0.03,-0.79,2.08,1.16,-37.52,34.40,-33.00,1
L,2022-11-08 17:28:35.407378,-0.03,-1.02,0.04,-0.67,1.95,1.65,-37.52,34.40,-33.00,1
L,2022-11-08 17:28:35.407746,-0.03,-1.02,0.03,0.61,2.32,2.32,-37.13,33.24,-33.22,1
L,2022-11-08 17:28:35.408106,-0.03,-1.02,0.03,1.40,2.56,2.38,-37.13,33.24,-33.22,1
L,2022-11-08 17:28:35.408463,-0.03,-1.02,0.03,0.49,2.56,1.34,-37.13,33.24,-33.22,1
L,2022-11-08 17:28:35.408870,-0.03,-1.02,0.03,-0.49,2.38,1.10,-37.19,33.56,-33.04,1
L,2022-11-08 17:28:35.409264,-0.03,-1.02,0.03,-0.98,2.08,1.16,-37.19,33.56,-33.04,1
L,2022-11-08 17:28:35.409689,-0.03,-1.02,0.03,-0.06,2.01,1.89,-37.19,33.56,-33.04,1
L,2022-11-08 17:28:35.410130,-0.03,-1.02,0.03,0.67,2.69,2.26,-36.84,33.25,-31.45,1
L,2022-11-08 17:28:35.410528,-0.03,-1.02,0.03,0.92,2.50,1.89,-36.84,33.25,-31.45,1
L,2022-11-08 17:28:35.410888,-0.03,-1.02,0.03,0.49,2.26,1.59,-36.84,33.25,-31.45,1
L,2022-11-08 17:28:35.411245,-0.03,-1.02,0.03,0.61,2.14,2.75,-37.23,33.83,-32.32,1
L,2022-11-08 17:28:35.411850,-0.03,-1.02,0.03,0.61,2.38,1.95,-37.23,33.83,-32.32,1
L,2022-11-08 17:28:35.412858,-0.03,-1.02,0.03,0.73,2.32,2.20,-36.87,33.89,-31.45,1
L,2022-11-08 17:28:35.413669,-0.03,-1.02,0.03,0.37,2.26,2.32,-36.87,33.89,-31.45,1
L,2022-11-08 17:28:35.414437,-0.03,-1.02,0.03,0.67,2.26,2.26,-36.87,33.89,-31.45,1
L,2022-11-08 17:28:35.415187,-0.03,-1.02,0.03,0.43,2.26,2.08,-37.16,34.03,-31.80,1
L,2022-11-08 17:28:35.415876,-0.03,-1.02,0.03,0.67,2.44,2.14,-37.16,34.03,-31.80,1
L,2022-11-08 17:28:35.416415,-0.03,-1.02,0.03,0.37,2.14,2.20,-37.16,34.03,-31.80,1
L,2022-11-08 17:28:35.416892,-0.03,-1.02,0.03,0.55,2.08,2.01,-37.06,34.46,-32.85,1
L,2022-11-08 17:28:35.417275,-0.03,-1.02,0.03,0.49,2.32,2.14,-37.06,34.46,-32.85,1
L,2022-11-08 17:28:35.417714,-0.03,-1.02,0.03,0.37,2.20,2.20,-37.06,34.46,-32.85,1
L,2022-11-08 17:28:35.418140,-0.03,-1.02,0.03,0.73,2.32,2.14,-37.24,33.79,-32.26,1
L,2022-11-08 17:28:35.418620,-0.03,-1.02,0.03,0.73,2.44,2.14,-37.24,33.79,-32.26,1
L,2022-11-08 17:28:35.419045,-0.03,-1.02,0.03,0.37,2.26,2.20,-37.35,33.97,-31.41,1
L,2022-11-08 17:28:35.419518,-0.03,-1.02,0.03,0.24,2.32,2.01,-37.35,33.97,-31.41,1
L,2022-11-08 17:28:35.420017,-0.03,-1.02,0.03,0.67,2.26,2.32,-37.35,33.97,-31.41,1
L,2022-11-08 17:28:35.420456,-0.03,-1.02,0.03,0.49,2.32,2.20,-37.61,33.90,-32.01,1
L,2022-11-08 17:28:35.420890,-0.03,-1.02,0.03,0.73,2.20,2.32,-37.61,33.90,-32.01,1
L,2022-11-08 17:28:35.421345,-0.03,-1.02,0.03,0.67,2.32,2.01,-37.61,33.90,-32.01,1
L,2022-11-08 17:28:35.421830,-0.03,-1.02,0.03,0.31,2.44,1.89,-37.48,33.69,-31.99,1
L,2022-11-08 17:28:35.422299,-0.03,-1.02,0.03,0.67,2.50,2.01,-37.48,33.69,-31.99,1
L,2022-11-08 17:28:35.422743,-0.03,-1.02,0.03,1.04,2.26,2.14,-37.48,33.69,-31.99,1
L,2022-11-08 17:28:35.423171,-0.03,-1.02,0.03,1.10,2.26,2.20,-37.56,33.68,-31.87,1
L,2022-11-08 17:28:35.423651,-0.03,-1.02,0.03,0.85,2.20,2.08,-37.56,33.68,-31.87,1
L,2022-11-08 17:28:35.424104,-0.03,-1.02,0.03,0.61,2.26,2.08,-37.15,33.90,-32.25,1
L,2022-11-08 17:28:35.424532,-0.03,-1.02,0.03,0.61,1.95,2.14,-37.15,33.90,-32.25,1
L,2022-11-08 17:28:35.425007,-0.03,-1.02,0.03,0.92,2.01,2.14,-37.15,33.90,-32.25,1
L,2022-11-08 17:28:35.425790,-0.03,-1.02,0.03,0.73,2.38,2.26,-37.35,33.63,-33.81,1
L,2022-11-08 17:28:35.426667,-0.03,-1.02,0.03,0.43,2.32,2.20,-37.35,33.63,-33.81,1
L,2022-11-08 17:28:35.427925,-0.03,-1.02,0.03,0.43,2.26,2.08,-37.35,33.63,-33.81,1
L,2022-11-08 17:28:35.428572,-0.03,-1.02,0.03,-0.24,2.01,2.01,-37.22,33.91,-31.29,1
L,2022-11-08 17:28:35.429016,-0.03,-1.02,0.03,0.55,2.14,2.26,-37.22,33.91,-31.29,1
L,2022-11-08 17:28:35.429437,-0.03,-1.02,0.03,0.12,2.26,2.26,-37.22,33.91,-31.29,1
L,2022-11-08 17:28:35.429875,-0.03,-1.02,0.03,0.12,2.14,2.08,-37.38,33.79,-31.63,1
L,2022-11-08 17:28:35.430293,-0.03,-1.02,0.03,0.18,2.14,2.20,-37.38,33.79,-31.63,1
L,2022-11-08 17:28:35.431013,-0.03,-1.02,0.03,0.00,1.95,2.14,-37.22,34.58,-32.62,1
L,2022-11-08 17:28:35.431852,-0.03,-1.02,0.03,0.24,2.44,2.08,-37.22,34.58,-32.62,1
L,2022-11-08 17:28:35.432539,-0.03,-1.02,0.03,0.12,2.20,2.20,-37.22,34.58,-32.62,1
L,2022-11-08 17:28:35.433154,-0.03,-1.02,0.03,0.73,1.83,2.01,-37.32,34.25,-32.57,1
L,2022-11-08 17:28:35.433771,-0.03,-1.02,0.03,0.43,2.26,2.20,-37.32,34.25,-32.57,1
L,2022-11-08 17:28:35.434538,-0.03,-1.02,0.03,0.43,2.20,2.44,-37.32,34.25,-32.57,1
L,2022-11-08 17:28:35.435168,-0.03,-1.02,0.03,0.67,2.01,2.08,-37.59,34.44,-31.56,1
L,2022-11-08 17:28:35.435701,-0.03,-1.02,0.03,0.43,2.32,2.20,-37.59,34.44,-31.56,1
L,2022-11-08 17:28:35.436126,-0.03,-1.02,0.03,0.43,2.32,2.32,-37.59,34.44,-31.56,1
L,2022-11-08 17:28:35.436556,-0.03,-1.02,0.03,0.18,2.01,2.08,-37.40,34.11,-31.93,1
L,2022-11-08 17:28:35.436980,-0.03,-1.02,0.03,0.43,2.14,2.20,-37.40,34.11,-31.93,1
L,2022-11-08 17:28:35.437434,-0.03,-1.02,0.03,0.06,2.14,1.95,-37.13,33.67,-32.35,1
L,2022-11-08 17:28:35.437882,-0.03,-1.02,0.03,-0.18,2.38,2.14,-37.13,33.67,-32.35,1
L,2022-11-08 17:28:35.438311,-0.03,-1.02,0.03,0.24,2.14,2.26,-37.13,33.67,-32.35,1
L,2022-11-08 17:28:35.438812,-0.03,-1.02,0.03,0.43,2.08,2.20,-37.85,33.96,-32.37,1
L,2022-11-08 17:28:35.439254,-0.03,-1.02,0.03,0.24,2.32,2.26,-37.85,33.96,-32.37,1
L,2022-11-08 17:28:35.440070,-0.03,-1.02,0.03,0.37,2.26,2.14,-37.85,33.96,-32.37,1
L,2022-11-08 17:28:35.440536,-0.03,-1.02,0.03,0.12,2.14,1.95,-37.77,33.83,-33.40,1
L,2022-11-08 17:28:35.441077,-0.03,-1.02,0.03,0.49,2.50,2.20,-37.77,33.83,-33.40,1
L,2022-11-08 17:28:35.442108,-0.03,-1.02,0.03,0.49,2.26,2.26,-37.77,33.83,-33.40,1
L,2022-11-08 17:28:35.443135,-0.03,-1.02,0.03,0.00,2.50,1.83,-36.93,33.31,-32.56,1
L,2022-11-08 17:28:35.443649,-0.03,-1.02,0.03,0.31,2.44,2.20,-36.93,33.31,-32.56,1
L,2022-11-08 17:28:35.444113,-0.03,-1.02,0.03,0.06,2.32,2.08,-36.87,33.72,-32.45,1
L,2022-11-08 17:28:35.444593,-0.03,-1.02,0.03,0.37,2.38,2.08,-36.87,33.72,-32.45,1
L,2022-11-08 17:28:35.445082,-0.03,-1.02,0.03,0.67,2.38,2.08,-36.87,33.72,-32.45,1
L,2022-11-08 17:28:35.445960,-0.03,-1.02,0.03,0.49,2.38,2.26,-37.29,33.36,-33.28,1
L,2022-11-08 17:28:35.446488,-0.03,-1.02,0.03,0.49,2.44,2.26,-37.29,33.36,-33.28,1
L,2022-11-08 17:28:35.446920,-0.03,-1.02,0.03,0.12,2.14,2.20,-37.29,33.36,-33.28,1
L,2022-11-08 17:28:35.447318,-0.03,-1.02,0.03,0.43,2.26,2.26,-37.39,33.85,-33.14,1
L,2022-11-08 17:28:35.448037,-0.03,-1.02,0.03,0.79,2.38,2.01,-37.39,33.85,-33.14,1
L,2022-11-08 17:28:35.448562,-0.03,-1.02,0.03,0.37,2.38,2.26,-37.39,33.85,-33.14,1
L,2022-11-08 17:28:35.449037,-0.03,-1.02,0.04,-0.31,2.26,2.26,-37.43,34.11,-31.46,1
L,2022-11-08 17:28:35.449606,-0.03,-1.02,0.03,0.92,2.32,2.26,-37.43,34.11,-31.46,1
L,2022-11-08 17:28:35.450269,-0.03,-1.02,0.03,0.55,2.32,2.26,-37.51,33.78,-32.13,1
L,2022-11-08 17:28:35.450770,-0.03,-1.02,0.03,-0.06,2.14,2.26,-37.51,33.78,-32.13,1
L,2022-11-08 17:28:35.451731,-0.03,-1.02,0.03,0.18,2.20,2.26,-37.51,33.78,-32.13,1
L,2022-11-08 17:28:35.452200,-0.03,-1.02,0.03,0.85,2.32,2.01,-37.82,33.94,-32.28,1
L,2022-11-08 17:28:35.452762,-0.03,-1.02,0.03,0.37,2.38,2.26,-37.82,33.94,-32.28,1
L,2022-11-08 17:28:35.453370,-0.03,-1.02,0.03,0.31,2.32,2.26,-37.82,33.94,-32.28,1
L,2022-11-08 17:28:35.453863,-0.03,-1.02,0.03,-0.06,2.26,1.95,-37.19,34.14,-31.41,1
L,2022-11-08 17:28:35.454292,-0.03,-1.02,0.03,0.43,2.26,2.14,-37.19,34.14,-31.41,1
L,2022-11-08 17:28:35.454694,-0.03,-1.02,0.03,0.31,2.32,2.20,-37.19,34.14,-31.41,1
L,2022-11-08 17:28:35.455070,-0.03,-1.02,0.03,0.55,2.44,2.20,-36.67,33.98,-31.27,1
L,2022-11-08 17:28:35.455445,-0.03,-1.02,0.03,0.31,2.44,1.89,-36.67,33.98,-31.27,1
L,2022-11-08 17:28:35.456023,-0.03,-1.02,0.03,-0.06,2.14,2.20,-37.15,33.98,-31.21,1
L,2022-11-08 17:28:35.456454,-0.03,-1.02,0.03,0.37,2.26,2.08,-37.15,33.98,-31.21,1
L,2022-11-08 17:28:35.456890,-0.03,-1.02,0.03,0.55,2.38,2.08,-37.15,33.98,-31.21,1
L,2022-11-08 17:28:35.457324,-0.03,-1.02,0.03,0.55,2.38,2.26,-37.44,33.36,-32.02,1
L,2022-11-08 17:28:35.457763,-0.03,-1.02,0.03,0.12,2.20,1.89,-37.44,33.36,-32.02,1
L,2022-11-08 17:28:35.458270,-0.03,-1.02,0.03,0.06,2.26,2.20,-37.44,33.36,-32.02,1
L,2022-11-08 17:28:35.458717,-0.03,-1.02,0.03,0.31,2.32,2.26,-37.23,33.76,-33.28,1
L,2022-11-08 17:28:35.459377,-0.03,-1.02,0.03,0.18,2.32,2.26,-37.23,33.76,-33.28,1
L,2022-11-08 17:28:35.460003,-0.03,-1.02,0.03,0.24,2.26,2.08,-37.23,33.76,-33.28,1
L,2022-11-08 17:28:35.460764,-0.03,-1.02,0.03,0.18,2.44,1.95,-37.44,34.08,-30.98,1
L,2022-11-08 17:28:35.461718,-0.03,-1.02,0.03,0.37,2.38,2.14,-37.44,34.08,-30.98,1
L,2022-11-08 17:28:35.462678,-0.03,-1.02,0.03,0.18,2.26,2.01,-37.33,33.79,-33.30,1
L,2022-11-08 17:28:35.463681,-0.03,-1.02,0.03,0.67,2.38,1.95,-37.33,33.79,-33.30,1
L,2022-11-08 17:28:35.464807,-0.03,-1.02,0.03,0.12,2.44,2.32,-37.33,33.79,-33.30,1
L,2022-11-08 17:28:35.465913,-0.03,-1.02,0.03,0.73,2.50,2.14,-36.96,34.08,-33.68,1
L,2022-11-08 17:28:35.467333,-0.03,-1.02,0.03,-0.06,2.32,2.26,-36.96,34.08,-33.68,1
L,2022-11-08 17:28:35.467874,-0.03,-1.02,0.03,0.79,2.38,1.95,-36.96,34.08,-33.68,1
L,2022-11-08 17:28:35.468421,-0.03,-1.02,0.03,-0.24,2.20,2.08,-37.04,34.18,-32.48,1
L,2022-11-08 17:28:35.468945,-0.03,-1.02,0.03,0.73,2.38,1.95,-37.04,34.18,-32.48,1
L,2022-11-08 17:28:35.469432,-0.03,-1.02,0.03,0.24,2.32,2.08,-37.04,34.18,-32.48,1
L,2022-11-08 17:28:35.469879,-0.03,-1.02,0.03,0.00,2.14,1.83,-37.79,33.80,-31.98,1
L,2022-11-08 17:28:35.470488,-0.03,-1.02,0.03,0.61,2.44,2.44,-37.79,33.80,-31.98,1
L,2022-11-08 17:28:35.470980,-0.03,-1.02,0.03,0.49,2.26,2.20,-37.34,34.01,-31.05,1
L,2022-11-08 17:28:35.471501,-0.03,-1.02,0.03,0.31,2.50,1.95,-37.34,34.01,-31.05,1
L,2022-11-08 17:28:35.471927,-0.03,-1.02,0.03,0.43,2.44,2.20,-37.34,34.01,-31.05,1
L,2022-11-08 17:28:35.472338,-0.03,-1.02,0.03,0.43,2.38,2.14,-37.21,33.74,-32.24,1
L,2022-11-08 17:28:35.472823,-0.03,-1.02,0.03,0.24,2.26,2.20,-37.21,33.74,-32.24,1
L,2022-11-08 17:28:35.473314,-0.03,-1.02,0.03,0.31,2.26,2.20,-37.21,33.74,-32.24,1
L,2022-11-08 17:28:35.473775,-0.03,-1.02,0.03,0.06,2.38,2.20,-37.17,33.81,-31.96,1
L,2022-11-08 17:28:35.474240,-0.03,-1.02,0.03,0.49,2.26,2.14,-37.17,33.81,-31.96,1
L,2022-11-08 17:28:35.474896,-0.03,-1.02,0.03,0.49,2.26,2.08,-37.17,33.81,-31.96,1
L,2022-11-08 17:28:35.475326,-0.03,-1.02,0.03,0.06,2.56,2.14,-37.39,33.89,-31.59,1
L,2022-11-08 17:28:35.475774,-0.03,-1.02,0.03,0.37,2.56,2.44,-37.39,33.89,-31.59,1
L,2022-11-08 17:28:35.476188,-0.03,-1.02,0.03,0.18,2.38,2.32,-37.35,33.61,-32.12,1
L,2022-11-08 17:28:35.476694,-0.03,-1.02,0.03,0.49,2.32,1.89,-37.35,33.61,-32.12,1
L,2022-11-08 17:28:35.477358,-0.03,-1.02,0.02,0.79,2.56,2.08,-37.35,33.61,-32.12,1
L,2022-11-08 17:28:35.478060,-0.03,-1.02,0.03,0.00,2.26,2.20,-37.63,33.98,-32.67,1
L,2022-11-08 17:28:35.479011,-0.03,-1.02,0.03,0.43,2.26,2.20,-37.63,33.98,-32.67,1
L,2022-11-08 17:28:35.479886,-0.03,-1.02,0.03,0.37,2.32,2.26,-37.63,33.98,-32.67,1
L,2022-11-08 17:28:35.480398,-0.03,-1.02,0.03,0.55,2.26,2.14,-37.55,33.68,-32.03,1
L,2022-11-08 17:28:35.480987,-0.03,-1.02,0.03,0.85,2.38,2.20,-37.55,33.68,-32.03,1
L,2022-11-08 17:28:35.481447,-0.03,-1.02,0.03,0.37,2.38,2.20,-37.55,33.68,-32.03,1
L,2022-11-08 17:28:35.481874,-0.02,-1.02,0.03,0.18,2.44,2.20,-37.35,33.84,-32.68,1
L,2022-11-08 17:28:35.482284,-0.03,-1.02,0.03,0.55,2.38,1.89,-37.35,33.84,-32.68,1
L,2022-11-08 17:28:35.482719,-0.03,-1.02,0.03,1.16,2.32,2.01,-37.83,34.11,-31.85,1
L,2022-11-08 17:28:35.483151,-0.03,-1.02,0.03,0.73,2.32,1.83,-37.83,34.11,-31.85,1
L,2022-11-08 17:28:35.483582,-0.03,-1.02,0.03,0.24,2.56,2.20,-37.83,34.11,-31.85,1
L,2022-11-08 17:28:35.484066,-0.03,-1.02,0.03,0.73,2.69,2.01,-37.77,34.18,-32.06,1
L,2022-11-08 17:28:35.484484,-0.03,-1.02,0.03,1.04,2.20,2.14,-37.77,34.18,-32.06,1
L,2022-11-08 17:28:35.484857,-0.03,-1.02,0.03,0.92,2.62,2.01,-37.77,34.18,-32.06,1
L,2022-11-08 17:28:35.485227,-0.03,-1.02,0.03,1.16,2.50,2.08,-37.24,34.57,-32.07,1
L,2022-11-08 17:28:35.485766,-0.03,-1.02,0.03,0.24,2.26,2.20,-37.24,34.57,-32.07,1
L,2022-11-08 17:28:35.486750,-0.03,-1.02,0.03,0.37,2.20,2.32,-37.24,34.57,-32.07,1
L,2022-11-08 17:28:35.487310,-0.03,-1.02,0.03,0.24,2.38,1.83,-37.27,34.08,-32.56,1
L,2022-11-08 17:28:35.487776,-0.03,-1.02,0.03,0.18,2.44,2.32,-37.27,34.08,-32.56,1
L,2022-11-08 17:28:35.488358,-0.03,-1.02,0.03,0.49,2.50,2.08,-37.59,33.79,-32.46,1
L,2022-11-08 17:28:35.488792,-0.03,-1.02,0.03,0.73,2.56,2.01,-37.59,33.79,-32.46,1
L,2022-11-08 17:28:35.489306,-0.03,-1.02,0.03,0.92,2.75,2.26,-37.59,33.79,-32.46,1
L,2022-11-08 17:28:35.489758,-0.03,-1.02,0.03,0.98,2.56,2.08,-37.77,33.70,-33.45,1
L,2022-11-08 17:28:35.490224,-0.03,-1.02,0.03,0.55,2.50,2.32,-37.77,33.70,-33.45,1
L,2022-11-08 17:28:35.490695,-0.03,-1.02,0.03,0.12,2.26,2.14,-37.77,33.70,-33.45,1
L,2022-11-08 17:28:35.491097,-0.03,-1.02,0.03,0.24,2.20,2.26,-37.17,34.06,-33.00,1
L,2022-11-08 17:28:35.491524,-0.03,-1.02,0.03,0.12,2.20,2.44,-37.17,34.06,-33.00,1
L,2022-11-08 17:28:35.491991,-0.03,-1.02,0.03,0.49,2.38,2.20,-37.17,34.06,-33.00,1
L,2022-11-08 17:28:35.492441,-0.03,-1.02,0.03,-0.06,2.14,1.95,-38.00,33.85,-32.93,1
L,2022-11-08 17:28:35.492844,-0.03,-1.02,0.03,0.43,2.26,2.08,-38.00,33.85,-32.93,1
L,2022-11-08 17:28:35.493373,-0.03,-1.02,0.03,0.55,2.08,2.32,-37.51,34.09,-32.58,1
L,2022-11-08 17:28:35.493837,-0.03,-1.02,0.03,-0.06,2.32,2.26,-37.51,34.09,-32.58,1
L,2022-11-08 17:28:35.494264,-0.03,-1.02,0.03,0.73,2.32,2.20,-37.51,34.09,-32.58,1
L,2022-11-08 17:28:35.494758,-0.03,-1.02,0.03,0.24,2.26,2.38,-37.82,33.62,-32.35,1
L,2022-11-08 17:28:35.495191,-0.03,-1.02,0.03,0.43,2.38,2.26,-37.82,33.62,-32.35,1
L,2022-11-08 17:28:35.495616,-0.03,-1.02,0.03,0.61,2.38,2.08,-37.82,33.62,-32.35,1
L,2022-11-08 17:28:35.496100,-0.03,-1.02,0.03,0.98,2.38,2.26,-37.95,33.78,-33.02,1
L,2022-11-08 17:28:35.496514,-0.03,-1.02,0.03,0.18,2.32,2.38,-37.95,33.78,-33.02,1
L,2022-11-08 17:28:35.496955,-0.03,-1.02,0.03,0.37,2.26,2.26,-37.95,33.78,-33.02,1
L,2022-11-08 17:28:35.497357,-0.03,-1.02,0.03,0.37,1.89,1.89,-37.65,34.09,-32.96,1
L,2022-11-08 17:28:35.498012,-0.03,-1.02,0.03,0.55,2.20,2.20,-37.65,34.09,-32.96,1
L,2022-11-08 17:28:35.498445,-0.03,-1.02,0.03,0.61,2.26,2.38,-37.95,33.86,-33.20,1
L,2022-11-08 17:28:35.498871,-0.03,-1.02,0.03,0.24,2.20,2.14,-37.95,33.86,-33.20,1
L,2022-11-08 17:28:35.499299,-0.03,-1.02,0.03,0.49,2.32,2.38,-37.95,33.86,-33.20,1
L,2022-11-08 17:28:35.500067,-0.03,-1.02,0.03,0.49,2.14,2.32,-38.18,34.22,-32.71,1
L,2022-11-08 17:28:35.501067,-0.03,-1.02,0.03,0.49,2.44,2.14,-38.18,34.22,-32.71,1
L,2022-11-08 17:28:35.501634,-0.03,-1.02,0.03,0.49,2.38,2.01,-38.18,34.22,-32.71,1
L,2022-11-08 17:28:35.502246,-0.03,-1.02,0.03,0.85,1.95,2.08,-37.71,34.29,-32.57,1
L,2022-11-08 17:28:35.502694,-0.03,-1.02,0.03,0.31,2.20,2.20,-37.71,34.29,-32.57,1
L,2022-11-08 17:28:35.503084,-0.03,-1.02,0.03,0.18,2.38,2.14,-37.71,34.29,-32.57,1
L,2022-11-08 17:28:35.503458,-0.03,-1.02,0.03,0.43,2.32,1.89,-37.96,34.02,-32.47,1
L,2022-11-08 17:28:35.504132,-0.03,-1.02,0.03,0.55,2.44,2.14,-37.96,34.02,-32.47,1
L,2022-11-08 17:28:35.504589,-0.03,-1.02,0.03,-0.12,2.56,2.44,-37.44,33.54,-33.41,1
L,2022-11-08 17:28:35.505020,-0.03,-1.02,0.03,0.67,2.38,2.14,-37.44,33.54,-33.41,1
L,2022-11-08 17:28:35.505650,-0.03,-1.02,0.03,-0.06,2.38,2.38,-37.44,33.54,-33.41,1
L,2022-11-08 17:28:35.506098,-0.03,-1.02,0.03,0.24,2.69,2.14,-37.57,33.96,-33.07,1
L,2022-11-08 17:28:35.506588,-0.03,-1.02,0.03,0.67,2.26,2.01,-37.57,33.96,-33.07,1
L,2022-11-08 17:28:35.507011,-0.03,-1.02,0.03,-0.43,2.26,2.50,-37.57,33.96,-33.07,1
L,2022-11-08 17:28:35.507594,-0.03,-1.02,0.03,-0.06,2.32,2.26,-37.35,34.06,-32.40,1
L,2022-11-08 17:28:35.508243,-0.03,-1.02,0.03,0.67,2.32,2.32,-37.35,34.06,-32.40,1
L,2022-11-08 17:28:35.508649,-0.03,-1.02,0.03,0.73,2.26,2.26,-37.35,34.06,-32.40,1
L,2022-11-08 17:28:35.509087,-0.03,-1.02,0.02,0.98,2.38,1.95,-37.62,33.65,-32.36,1
L,2022-11-08 17:28:35.509678,-0.03,-1.02,0.03,0.67,2.62,2.14,-37.62,33.65,-32.36,1
L,2022-11-08 17:28:35.510155,-0.03,-1.02,0.03,1.10,2.44,2.20,-37.83,34.61,-33.17,1
L,2022-11-08 17:28:35.510959,-0.03,-1.02,0.03,1.53,2.93,1.65,-37.83,34.61,-33.17,1
L,2022-11-08 17:28:35.511712,-0.03,-1.01,0.03,4.94,4.58,1.04,-37.83,34.61,-33.17,1
L,2022-11-08 17:28:35.512721,-0.03,-1.02,0.02,5.74,4.27,1.65,-37.13,34.11,-32.48,1
L,2022-11-08 17:28:35.513234,-0.03,-1.02,0.03,2.44,2.87,1.65,-37.13,34.11,-32.48,1
L,2022-11-08 17:28:35.513667,-0.02,-1.02,0.03,4.09,3.54,1.22,-37.13,34.11,-32.48,1
L,2022-11-08 17:28:35.514137,-0.03,-1.02,0.03,4.70,3.91,1.16,-37.50,34.23,-31.99,1
L,2022-11-08 17:28:35.514566,-0.03,-1.02,0.02,6.84,4.82,0.67,-37.50,34.23,-31.99,1
L,2022-11-08 17:28:35.514964,-0.03,-1.02,0.02,3.17,4.64,2.01,-37.50,34.23,-31.99,1
L,2022-11-08 17:28:35.515375,-0.03,-1.02,0.02,1.77,2.50,1.77,-37.23,33.90,-31.63,1
L,2022-11-08 17:28:35.515768,-0.04,-1.02,0.00,3.36,3.17,1.77,-37.23,33.90,-31.63,1
L,2022-11-08 17:28:35.516193,-0.04,-1.02,0.02,0.98,3.23,2.14,-37.37,34.25,-32.47,1
L,2022-11-08 17:28:35.516662,-0.03,-1.02,0.02,0.06,2.62,2.01,-37.37,34.25,-32.47,1
L,2022-11-08 17:28:35.517106,-0.03,-1.02,0.01,1.83,2.69,1.89,-37.37,34.25,-32.47,1
L,2022-11-08 17:28:35.517530,-0.04,-1.02,0.01,1.22,2.81,2.20,-37.57,33.51,-32.09,1
L,2022-11-08 17:28:35.517996,-0.03,-1.02,0.02,-0.18,2.81,2.38,-37.57,33.51,-32.09,1
L,2022-11-08 17:28:35.518433,-0.03,-1.02,0.01,0.43,2.32,2.44,-37.57,33.51,-32.09,1
L,2022-11-08 17:28:35.518862,-0.03,-1.02,0.01,0.12,2.08,2.20,-37.10,33.86,-32.32,1
L,2022-11-08 17:28:35.519283,-0.03,-1.02,0.02,0.79,2.20,2.01,-37.10,33.86,-32.32,1
L,2022-11-08 17:28:35.519680,-0.03,-1.02,0.02,1.34,1.89,2.32,-37.10,33.86,-32.32,1
L,2022-11-08 17:28:35.520196,-0.03,-1.02,0.01,0.55,1.77,1.83,-37.27,33.83,-31.53,1
L,2022-11-08 17:28:35.520655,-0.04,-1.02,0.01,-0.31,1.77,2.32,-37.27,33.83,-31.53,1
L,2022-11-08 17:28:35.521406,-0.03,-1.01,0.02,0.12,2.08,2.26,-37.60,34.63,-32.03,1
L,2022-11-08 17:28:35.521857,-0.03,-1.02,0.01,1.46,1.89,1.83,-37.60,34.63,-32.03,1
L,2022-11-08 17:28:35.522324,-0.03,-1.02,0.01,-1.83,0.92,2.87,-37.60,34.63,-32.03,1
L,2022-11-08 17:28:35.522987,-0.03,-1.02,0.02,-0.92,1.53,2.50,-36.98,34.46,-32.37,1
L,2022-11-08 17:28:35.523492,-0.03,-1.02,0.01,1.89,3.05,1.71,-36.98,34.46,-32.37,1
L,2022-11-08 17:28:35.524024,-0.03,-1.02,0.02,-0.49,2.44,2.32,-36.98,34.46,-32.37,1
L,2022-11-08 17:28:35.524919,-0.03,-1.02,0.02,0.55,2.38,2.08,-37.40,34.52,-33.47,1
L,2022-11-08 17:28:35.525939,-0.03,-1.02,0.02,-0.06,2.56,2.26,-37.40,34.52,-33.47,1
L,2022-11-08 17:28:35.527012,-0.04,-1.02,0.01,1.34,3.48,1.71,-37.40,34.52,-33.47,1
L,2022-11-08 17:28:35.527958,-0.03,-1.02,0.01,2.38,4.21,1.65,-37.22,34.62,-30.64,1
L,2022-11-08 17:28:35.528659,-0.04,-1.02,0.01,2.99,3.72,1.65,-37.22,34.62,-30.64,1
L,2022-11-08 17:28:35.529107,-0.04,-1.02,0.01,1.34,2.75,1.89,-37.45,34.44,-31.26,1
L,2022-11-08 17:28:35.529668,-0.04,-1.02,0.01,0.85,2.69,2.01,-37.45,34.44,-31.26,1
L,2022-11-08 17:28:35.530110,-0.03,-1.02,0.01,0.37,2.69,2.01,-37.45,34.44,-31.26,1
L,2022-11-08 17:28:35.530892,-0.03,-1.02,0.02,0.00,2.56,2.20,-37.63,34.69,-31.76,1
L,2022-11-08 17:28:35.531594,-0.03,-1.02,0.01,0.92,2.62,2.08,-37.63,34.69,-31.76,1
L,2022-11-08 17:28:35.532062,-0.03,-1.02,0.01,1.10,2.50,2.20,-37.63,34.69,-31.76,1
L,2022-11-08 17:28:35.532969,-0.03,-1.02,0.01,0.55,2.50,2.01,-37.55,33.94,-32.01,1
L,2022-11-08 17:28:35.533509,-0.03,-1.02,0.01,0.55,2.56,2.14,-37.55,33.94,-32.01,1
L,2022-11-08 17:28:35.534325,-0.03,-1.02,0.01,0.61,2.50,2.26,-37.55,33.94,-32.01,1
L,2022-11-08 17:28:35.534993,-0.03,-1.02,0.01,0.79,2.20,2.20,-37.15,34.68,-31.46,1
L,2022-11-08 17:28:35.535653,-0.03,-1.02,0.01,1.04,2.50,2.08,-37.15,34.68,-31.46,1
L,2022-11-08 17:28:35.536352,-0.04,-1.02,0.01,0.31,4.03,2.26,-37.22,34.68,-32.09,1
L,2022-11-08 17:28:35.536946,-0.03,-1.02,0.02,3.66,3.91,1.10,-37.22,34.68,-32.09,1
L,2022-11-08 17:28:35.537395,-0.03,-1.02,0.00,3.54,3.42,1.40,-37.22,34.68,-32.09,1
L,2022-11-08 17:28:35.537862,-0.03,-1.02,0.01,-0.31,2.44,2.32,-37.28,34.02,-32.84,1
L,2022-11-08 17:28:35.538336,-0.04,-1.02,0.01,0.24,2.32,2.20,-37.28,34.02,-32.84,1
L,2022-11-08 17:28:35.538761,-0.03,-1.02,0.01,0.06,2.32,1.89,-37.28,34.02,-32.84,1
L,2022-11-08 17:28:35.539184,-0.04,-1.02,0.01,-0.85,2.08,2.69,-37.76,34.31,-31.24,1
L,2022-11-08 17:28:35.539620,-0.04,-1.03,0.00,3.97,2.20,0.92,-37.76,34.31,-31.24,1
L,2022-11-08 17:28:35.540092,-0.02,-1.00,0.05,-5.07,2.50,3.66,-37.76,34.31,-31.24,1
L,2022-11-08 17:28:35.540676,-0.03,-1.02,-0.02,4.94,2.93,1.89,-37.67,34.72,-31.19,1
L,2022-11-08 17:28:35.541253,-0.03,-1.01,0.01,-3.91,2.50,2.87,-37.67,34.72,-31.19,1
L,2022-11-08 17:28:35.541779,-0.04,-1.02,0.01,4.39,3.78,1.16,-37.76,34.39,-31.69,1
L,2022-11-08 17:28:35.542230,-0.03,-1.02,-0.00,-13.24,2.69,5.25,-37.76,34.39,-31.69,1
L,2022-11-08 17:28:35.542697,-0.04,-1.01,0.03,-7.39,1.59,3.72,-37.76,34.39,-31.69,1
L,2022-11-08 17:28:35.543154,-0.03,-1.03,0.01,1.89,6.10,1.95,-38.16,34.56,-31.96,1
L,2022-11-08 17:28:35.543704,-0.03,-1.00,0.04,-1.53,3.23,0.31,-38.16,34.56,-31.96,1
L,2022-11-08 17:28:35.544752,-0.03,-1.02,-0.01,8.54,2.01,-0.31,-38.16,34.56,-31.96,1
L,2022-11-08 17:28:35.545563,-0.03,-1.02,0.01,-1.89,0.85,2.81,-37.57,34.44,-31.60,1
L,2022-11-08 17:28:35.546407,-0.03,-1.02,0.01,-2.32,-1.46,3.05,-37.57,34.44,-31.60,1
L,2022-11-08 17:28:35.546849,-0.04,-1.02,-0.00,-4.64,2.69,2.99,-37.57,34.44,-31.60,1
L,2022-11-08 17:28:35.547294,-0.02,-1.02,0.03,-2.01,5.98,2.14,-37.74,34.73,-31.29,1
L,2022-11-08 17:28:35.547716,-0.03,-1.01,0.07,-13.79,2.62,4.39,-37.74,34.73,-31.29,1
L,2022-11-08 17:28:35.548227,-0.04,-1.03,-0.01,-0.24,3.17,2.32,-37.40,34.16,-32.36,1
L,2022-11-08 17:28:35.548699,-0.03,-1.02,0.03,-10.93,1.83,4.33,-37.40,34.16,-32.36,1
L,2022-11-08 17:28:35.549175,-0.03,-1.02,0.03,-8.48,2.81,3.72,-37.40,34.16,-32.36,1
L,2022-11-08 17:28:35.549607,-0.03,-1.02,0.03,-7.20,1.83,3.72,-37.59,34.47,-32.30,1
L,2022-11-08 17:28:35.550123,-0.02,-1.01,0.04,-2.93,-1.46,2.87,-37.59,34.47,-32.30,1
L,2022-11-08 17:28:35.550585,-0.03,-1.02,0.02,-10.07,-7.14,5.37,-37.59,34.47,-32.30,1
L,2022-11-08 17:28:35.550977,-0.03,-1.02,0.05,-8.42,-10.62,4.15,-37.60,34.52,-32.07,1
L,2022-11-08 17:28:35.551373,-0.03,-1.03,0.02,-3.11,-10.01,3.36,-37.60,34.52,-32.07,1
L,2022-11-08 17:28:35.551771,-0.03,-1.02,0.03,-10.13,-7.32,4.52,-37.60,34.52,-32.07,1
L,2022-11-08 17:28:35.552241,0.01,-0.96,0.15,3.05,4.09,-1.40,-37.70,34.88,-30.93,1
L,2022-11-08 17:28:35.552681,-0.03,-1.03,0.01,14.34,4.46,-0.92,-37.70,34.88,-30.93,1
L,2022-11-08 17:28:35.553096,-0.03,-1.01,0.06,1.34,2.01,2.08,-37.76,34.31,-31.35,1
L,2022-11-08 17:28:35.553505,-0.03,-1.02,0.04,13.06,3.11,-0.37,-37.76,34.31,-31.35,1
L,2022-11-08 17:28:35.554006,-0.04,-1.03,0.02,10.01,1.95,0.18,-37.76,34.31,-31.35,1
L,2022-11-08 17:28:35.554469,-0.04,-1.03,-0.00,-11.41,3.48,2.20,-37.76,34.18,-31.03,1
L,2022-11-08 17:28:35.554932,-0.02,-1.00,0.07,-15.20,4.15,5.31,-37.76,34.18,-31.03,1
L,2022-11-08 17:28:35.555385,-0.03,-1.02,0.04,-0.37,5.07,2.32,-37.76,34.18,-31.03,1
L,2022-11-08 17:28:35.556016,-0.03,-1.02,0.03,4.09,4.33,1.34,-37.76,33.74,-31.90,1
L,2022-11-08 17:28:35.556413,-0.02,-1.01,0.05,-8.67,4.88,4.21,-37.76,33.74,-31.90,1
L,2022-11-08 17:28:35.556791,-0.02,-1.00,0.09,13.06,2.75,1.16,-37.76,33.74,-31.90,1
L,2022-11-08 17:28:35.557183,-0.03,-1.00,0.09,-10.07,0.92,4.58,-37.89,34.33,-31.73,1
L,2022-11-08 17:28:35.557562,-0.03,-1.02,0.03,-12.63,1.83,4.64,-37.89,34.33,-31.73,1
L,2022-11-08 17:28:35.557943,-0.02,-1.00,0.10,-14.65,2.20,5.07,-37.99,34.20,-32.51,1
L,2022-11-08 17:28:35.558382,-0.03,-1.03,0.03,2.87,1.34,1.65,-37.99,34.20,-32.51,1
L,2022-11-08 17:28:35.558871,-0.03,-1.02,0.05,-7.57,-0.92,4.46,-37.99,34.20,-32.51,1
L,2022-11-08 17:28:35.559491,-0.03,-1.01,0.06,-1.89,-0.24,2.81,-37.81,34.17,-31.76,1
L,2022-11-08 17:28:35.560181,-0.03,-1.02,0.06,-0.61,1.28,2.26,-37.81,34.17,-31.76,1
L,2022-11-08 17:28:35.560727,-0.03,-1.02,0.05,1.59,2.20,1.77,-37.81,34.17,-31.76,1
L,2022-11-08 17:28:35.561190,-0.03,-1.02,0.05,2.69,2.26,1.53,-38.00,33.85,-31.95,1
L,2022-11-08 17:28:35.561651,-0.02,-1.02,0.05,2.14,2.01,1.89,-38.00,33.85,-31.95,1
L,2022-11-08 17:28:35.562141,-0.03,-1.02,0.05,-4.88,2.69,3.30,-38.00,33.85,-31.95,1
L,2022-11-08 17:28:35.562628,-0.02,-1.01,0.07,-1.16,2.14,2.26,-38.53,34.41,-31.96,1
L,2022-11-08 17:28:35.563153,-0.03,-1.02,0.04,3.17,2.75,1.40,-38.53,34.41,-31.96,1
L,2022-11-08 17:28:35.563614,-0.03,-1.01,0.06,-0.79,2.08,2.26,-38.20,34.11,-32.13,1
L,2022-11-08 17:28:35.564066,-0.03,-1.03,0.03,-0.98,2.50,3.54,-38.20,34.11,-32.13,1
L,2022-11-08 17:28:35.564509,-0.02,-1.01,0.06,0.00,2.50,2.26,-38.20,34.11,-32.13,1
L,2022-11-08 17:28:35.564988,-0.03,-1.02,0.04,-0.18,1.89,2.69,-38.29,34.38,-32.57,1
L,2022-11-08 17:28:35.565403,-0.02,-1.01,0.06,-4.76,1.16,3.42,-38.29,34.38,-32.57,1
L,2022-11-08 17:28:35.565811,-0.03,-1.02,0.06,-0.55,1.59,2.32,-38.29,34.38,-32.57,1
L,2022-11-08 17:28:35.566214,-0.02,-1.01,0.07,-2.44,1.77,2.93,-38.51,34.00,-31.40,1
L,2022-11-08 17:28:35.566666,-0.02,-1.02,0.07,-1.65,1.04,2.81,-38.51,34.00,-31.40,1
L,2022-11-08 17:28:35.567650,-0.03,-1.01,0.06,-5.80,-1.04,3.60,-38.51,34.00,-31.40,1
L,2022-11-08 17:28:35.568092,-0.02,-1.01,0.07,1.04,2.32,2.20,-38.51,33.79,-31.79,1
L,2022-11-08 17:28:35.568537,-0.02,-1.01,0.07,0.73,3.17,1.77,-38.51,33.79,-31.79,1
L,2022-11-08 17:28:35.568954,-0.03,-1.02,0.06,1.53,2.38,2.08,-38.38,34.18,-31.88,1
L,2022-11-08 17:28:35.569455,-0.03,-1.02,0.06,0.61,2.38,2.20,-38.38,34.18,-31.88,1
L,2022-11-08 17:28:35.569873,-0.03,-1.02,0.06,1.16,2.08,2.26,-38.38,34.18,-31.88,1
L,2022-11-08 17:28:35.570409,-0.02,-1.01,0.07,-1.28,2.32,2.50,-38.59,34.40,-32.69,1
L,2022-11-08 17:28:35.571184,-0.02,-1.02,0.05,0.85,1.71,2.32,-38.59,34.40,-32.69,1
L,2022-11-08 17:28:35.571938,-0.02,-1.01,0.07,-0.98,2.56,2.20,-38.59,34.40,-32.69,1
L,2022-11-08 17:28:35.572718,-0.03,-1.02,0.05,-1.89,2.01,2.93,-38.33,34.16,-33.46,1
L,2022-11-08 17:28:35.573470,-0.02,-1.02,0.06,0.43,2.50,2.32,-38.33,34.16,-33.46,1
L,2022-11-08 17:28:35.574142,-0.02,-1.02,0.06,-0.85,1.95,2.69,-38.33,34.16,-33.46,1
L,2022-11-08 17:28:35.574628,-0.03,-1.02,0.06,-2.01,0.73,2.87,-38.26,34.01,-31.29,1
L,2022-11-08 17:28:35.575109,-0.02,-1.01,0.08,-3.36,2.20,3.17,-38.26,34.01,-31.29,1
L,2022-11-08 17:28:35.575545,-0.02,-1.02,0.06,-1.71,1.83,2.62,-37.99,34.09,-32.18,1
L,2022-11-08 17:28:35.575950,-0.02,-1.01,0.07,-0.55,2.14,2.50,-37.99,34.09,-32.18,1
L,2022-11-08 17:28:35.576368,-0.03,-1.02,0.06,-0.67,2.26,2.50,-37.99,34.09,-32.18,1
L,2022-11-08 17:28:35.576811,-0.02,-1.00,0.10,-5.19,2.93,3.05,-38.77,34.91,-32.23,1
L,2022-11-08 17:28:35.577361,-0.02,-1.01,0.08,0.55,3.11,2.20,-38.77,34.91,-32.23,1
L,2022-11-08 17:28:35.578036,-0.03,-1.02,0.05,-0.49,2.20,2.62,-38.77,34.91,-32.23,1
L,2022-11-08 17:28:35.579569,-0.02,-1.01,0.08,0.12,2.56,2.01,-38.33,34.38,-30.60,1
L,2022-11-08 17:28:35.580151,-0.03,-1.02,0.07,3.11,2.01,1.34,-38.33,34.38,-30.60,1
L,2022-11-08 17:28:35.580639,-0.02,-1.01,0.09,-6.16,1.71,3.60,-38.33,34.38,-30.60,1
L,2022-11-08 17:28:35.581121,-0.03,-1.02,0.06,2.32,2.14,1.71,-37.92,34.53,-31.32,1
L,2022-11-08 17:28:35.581631,-0.03,-1.02,0.06,-3.66,0.61,3.30,-37.92,34.53,-31.32,1
L,2022-11-08 17:28:35.582085,-0.02,-1.01,0.08,-2.50,1.77,2.99,-38.38,34.57,-32.48,1
L,2022-11-08 17:28:35.582582,-0.02,-1.02,0.06,2.44,2.32,1.83,-38.38,34.57,-32.48,1
L,2022-11-08 17:28:35.583028,-0.02,-1.01,0.07,-0.92,2.14,2.38,-38.38,34.57,-32.48,1
L,2022-11-08 17:28:35.583468,-0.02,-1.02,0.07,0.49,2.44,2.01,-38.27,33.98,-32.01,1
L,2022-11-08 17:28:35.583846,-0.02,-1.01,0.07,0.92,2.26,2.20,-38.27,33.98,-32.01,1
L,2022-11-08 17:28:35.584293,-0.02,-1.02,0.07,0.49,2.38,2.20,-38.27,33.98,-32.01,1
L,2022-11-08 17:28:35.584749,-0.02,-1.01,0.08,-0.18,2.20,2.32,-38.61,34.01,-32.51,1
L,2022-11-08 17:28:35.585167,-0.02,-1.02,0.07,0.79,2.56,2.20,-38.61,34.01,-32.51,1
L,2022-11-08 17:28:35.585569,-0.02,-1.01,0.07,0.49,2.32,2.50,-38.61,34.01,-32.51,1
L,2022-11-08 17:28:35.585977,-0.02,-1.02,0.07,1.22,2.20,2.08,-38.72,34.47,-32.74,1
L,2022-11-08 17:28:35.586377,-0.02,-1.01,0.07,-0.06,2.44,2.44,-38.72,34.47,-32.74,1
L,2022-11-08 17:28:35.586812,-0.02,-1.02,0.07,0.43,2.20,2.26,-38.35,34.51,-32.86,1
L,2022-11-08 17:28:35.587286,-0.02,-1.02,0.07,0.73,2.32,2.01,-38.35,34.51,-32.86,1
L,2022-11-08 17:28:35.587719,-0.02,-1.01,0.08,0.31,2.14,2.14,-38.35,34.51,-32.86,1
L,2022-11-08 17:28:35.588124,-0.02,-1.02,0.07,1.83,2.08,2.08,-38.23,34.51,-33.04,1
L,2022-11-08 17:28:35.588595,-0.02,-1.02,0.07,0.12,2.32,2.14,-38.23,34.51,-33.04,1
L,2022-11-08 17:28:35.589120,-0.02,-1.02,0.07,0.67,2.38,2.14,-38.23,34.51,-33.04,1
L,2022-11-08 17:28:35.589560,-0.02,-1.02,0.07,0.12,2.08,2.14,-38.43,34.35,-32.14,1
L,2022-11-08 17:28:35.590018,-0.02,-1.02,0.07,0.06,2.26,2.20,-38.43,34.35,-32.14,1
L,2022-11-08 17:28:35.590532,-0.02,-1.02,0.07,0.06,2.38,2.20,-38.43,34.35,-32.14,1
L,2022-11-08 17:28:35.591132,-0.02,-1.02,0.07,0.49,2.14,2.14,-37.82,34.94,-32.56,1
L,2022-11-08 17:28:35.591543,-0.03,-1.01,0.07,0.06,2.38,2.26,-37.82,34.94,-32.56,1
L,2022-11-08 17:28:35.592013,-0.02,-1.02,0.07,0.43,2.20,2.08,-37.89,34.33,-32.79,1
L,2022-11-08 17:28:35.592507,-0.02,-1.01,0.07,0.37,2.20,2.14,-37.89,34.33,-32.79,1
L,2022-11-08 17:28:35.592943,-0.02,-1.02,0.07,0.31,2.32,2.26,-37.89,34.33,-32.79,1
L,2022-11-08 17:28:35.593482,-0.02,-1.02,0.07,0.31,2.38,2.32,-38.23,34.41,-32.93,1
L,2022-11-08 17:28:35.593916,-0.02,-1.02,0.07,0.12,2.44,2.32,-38.23,34.41,-32.93,1
L,2022-11-08 17:28:35.594338,-0.02,-1.02,0.07,0.43,2.44,2.20,-38.23,34.41,-32.93,1
L,2022-11-08 17:28:35.594770,-0.02,-1.01,0.07,0.06,2.26,2.08,-38.42,33.79,-33.19,1
L,2022-11-08 17:28:35.595403,-0.02,-1.02,0.07,-0.06,2.20,2.32,-38.42,33.79,-33.19,1
L,2022-11-08 17:28:35.595906,-0.03,-1.02,0.07,-0.85,2.44,2.50,-38.42,33.79,-33.19,1
L,2022-11-08 17:28:35.596408,-0.02,-1.01,0.07,-0.49,2.38,2.50,-37.81,33.91,-32.01,1
L,2022-11-08 17:28:35.596879,-0.02,-1.02,0.07,-0.06,2.20,2.20,-37.81,33.91,-32.01,1
L,2022-11-08 17:28:35.597442,-0.02,-1.01,0.08,-1.16,2.20,2.75,-38.44,33.67,-32.29,1
L,2022-11-08 17:28:35.597936,-0.02,-1.02,0.07,0.85,2.08,2.14,-38.44,33.67,-32.29,1
L,2022-11-08 17:28:35.598394,-0.02,-1.01,0.07,-0.18,2.26,2.44,-38.44,33.67,-32.29,1
L,2022-11-08 17:28:35.598849,-0.02,-1.02,0.07,-0.12,2.14,2.38,-38.29,34.08,-31.76,1
L,2022-11-08 17:28:35.599297,-0.02,-1.02,0.07,-0.73,1.83,2.69,-38.29,34.08,-31.76,1
L,2022-11-08 17:28:35.599724,-0.02,-1.01,0.08,-1.34,1.40,2.81,-38.29,34.08,-31.76,1
L,2022-11-08 17:28:35.600298,-0.02,-1.02,0.06,-0.79,-1.16,2.56,-37.85,33.79,-31.60,1
L,2022-11-08 17:28:35.600785,-0.02,-1.01,0.08,-5.80,-1.71,4.09,-37.85,33.79,-31.60,1
L,2022-11-08 17:28:35.601302,-0.02,-1.02,0.07,-0.92,0.37,2.69,-37.85,33.79,-31.60,1
L,2022-11-08 17:28:35.601797,-0.02,-1.02,0.08,-1.53,0.24,2.93,-38.34,34.07,-32.09,1
L,2022-11-08 17:28:35.602460,-0.02,-1.00,0.11,-1.77,-1.28,3.30,-38.34,34.07,-32.09,1
L,2022-11-08 17:28:35.602911,-0.03,-1.03,0.04,8.48,-1.04,0.49,-37.94,34.36,-32.06,1
L,2022-11-08 17:28:35.603349,-0.02,-1.01,0.09,-0.73,2.08,2.56,-37.94,34.36,-32.06,1
L,2022-11-08 17:28:35.603766,-0.02,-1.02,0.07,2.14,2.56,1.53,-37.94,34.36,-32.06,1
L,2022-11-08 17:28:35.604165,-0.02,-1.01,0.07,-0.06,2.32,2.50,-38.22,34.64,-32.07,1
L,2022-11-08 17:28:35.604605,-0.02,-1.01,0.08,-0.49,2.32,2.32,-38.22,34.64,-32.07,1
L,2022-11-08 17:28:35.605086,-0.02,-1.01,0.08,0.61,2.38,2.32,-38.22,34.64,-32.07,1
L,2022-11-08 17:28:35.605561,-0.02,-1.01,0.08,-0.06,2.20,2.20,-38.24,34.51,-32.17,1
L,2022-11-08 17:28:35.605989,-0.02,-1.01,0.08,-0.12,2.32,2.32,-38.24,34.51,-32.17,1
L,2022-11-08 17:28:35.606426,-0.02,-1.01,0.08,0.37,2.38,2.08,-38.24,34.51,-32.17,1
L,2022-11-08 17:28:35.606857,-0.02,-1.01,0.08,0.61,2.38,2.08,-38.28,34.11,-32.58,1
L,2022-11-08 17:28:35.607238,-0.02,-1.02,0.08,0.61,2.38,2.20,-38.28,34.11,-32.58,1
L,2022-11-08 17:28:35.607905,-0.02,-1.01,0.08,0.18,2.26,2.38,-37.96,34.62,-32.29,1
L,2022-11-08 17:28:35.608641,-0.02,-1.02,0.08,0.18,2.26,2.20,-37.96,34.62,-32.29,1
L,2022-11-08 17:28:35.609445,-0.02,-1.01,0.08,0.43,2.26,2.14,-37.96,34.62,-32.29,1
L,2022-11-08 17:28:35.610088,-0.02,-1.01,0.07,1.16,2.56,1.95,-38.27,34.51,-31.97,1
L,2022-11-08 17:28:35.610731,-0.02,-1.01,0.08,0.85,2.38,2.08,-38.27,34.51,-31.97,1
L,2022-11-08 17:28:35.611810,-0.02,-1.01,0.08,0.43,2.32,2.08,-38.27,34.51,-31.97,1
L,2022-11-08 17:28:35.612992,-0.02,-1.01,0.08,0.85,2.14,1.83,-38.61,34.03,-32.07,1
L,2022-11-08 17:28:35.614708,-0.02,-1.02,0.07,0.98,2.14,1.95,-38.61,34.03,-32.07,1
L,2022-11-08 17:28:35.615772,-0.02,-1.02,0.08,-0.06,2.38,2.32,-38.61,34.03,-32.07,1
L,2022-11-08 17:28:35.616925,-0.02,-1.01,0.09,0.24,2.20,1.95,-38.34,34.12,-31.99,1
L,2022-11-08 17:28:35.617964,-0.02,-1.01,0.08,2.93,3.05,1.71,-38.34,34.12,-31.99,1
L,2022-11-08 17:28:35.618588,-0.02,-1.02,0.07,0.98,2.20,1.83,-38.09,34.28,-33.06,1
L,2022-11-08 17:28:35.619008,-0.02,-1.02,0.08,0.79,2.20,2.01,-38.09,34.28,-33.06,1
L,2022-11-08 17:28:35.619415,-0.02,-1.02,0.07,0.79,2.32,2.08,-38.09,34.28,-33.06,1
L,2022-11-08 17:28:35.620141,-0.02,-1.01,0.08,0.61,2.32,2.14,-38.55,34.25,-32.71,1
L,2022-11-08 17:28:35.620632,-0.02,-1.02,0.07,1.65,2.44,2.01,-38.55,34.25,-32.71,1
L,2022-11-08 17:28:35.621113,-0.02,-1.02,0.07,0.55,2.20,2.26,-38.55,34.25,-32.71,1
L,2022-11-08 17:28:35.621620,-0.02,-1.01,0.08,0.43,1.95,1.95,-38.57,34.24,-31.73,1
L,2022-11-08 17:28:35.622111,-0.02,-1.02,0.07,0.85,2.32,2.14,-38.57,34.24,-31.73,1
L,2022-11-08 17:28:35.622845,-0.02,-1.01,0.07,0.61,2.32,2.20,-38.57,34.24,-31.73,1
L,2022-11-08 17:28:35.623780,-0.02,-1.02,0.07,0.55,2.38,2.26,-38.05,34.33,-31.35,1
L,2022-11-08 17:28:35.624535,-0.02,-1.02,0.08,1.16,2.50,2.14,-38.05,34.33,-31.35,1
L,2022-11-08 17:28:35.625214,-0.02,-1.02,0.07,0.73,2.26,2.26,-38.29,34.67,-33.04,1
L,2022-11-08 17:28:35.626119,-0.02,-1.01,0.07,0.67,2.20,2.14,-38.29,34.67,-33.04,1
L,2022-11-08 17:28:35.627252,-0.02,-1.02,0.07,0.85,2.32,2.26,-38.29,34.67,-33.04,1
L,2022-11-08 17:28:35.628481,-0.02,-1.02,0.08,0.31,2.26,2.26,-37.87,34.06,-31.21,1
L,2022-11-08 17:28:35.629205,-0.02,-1.02,0.07,0.67,2.32,2.14,-37.87,34.06,-31.21,1
L,2022-11-08 17:28:35.629675,-0.02,-1.02,0.07,1.53,2.14,1.89,-37.87,34.06,-31.21,1
L,2022-11-08 17:28:35.630092,-0.02,-1.02,0.07,2.01,2.20,1.95,-38.12,34.44,-32.10,1
L,2022-11-08 17:28:35.630505,-0.02,-1.01,0.07,0.79,2.44,2.01,-38.12,34.44,-32.10,1
L,2022-11-08 17:28:35.631131,-0.02,-1.02,0.07,0.18,2.32,2.32,-38.12,34.44,-32.10,1
L,2022-11-08 17:28:35.631908,-0.02,-1.02,0.07,1.22,2.38,2.08,-38.09,34.39,-31.99,1
L,2022-11-08 17:28:35.632780,-0.02,-1.03,0.07,1.28,2.14,2.14,-38.09,34.39,-31.99,1
L,2022-11-08 17:28:35.633640,-0.02,-1.02,0.07,1.22,2.26,2.20,-38.01,33.81,-32.32,1
L,2022-11-08 17:28:35.634519,-0.02,-1.01,0.07,0.12,2.44,2.32,-38.01,33.81,-32.32,1
L,2022-11-08 17:28:35.635344,-0.02,-1.01,0.08,0.92,2.20,2.20,-38.01,33.81,-32.32,1
L,2022-11-08 17:28:35.636120,-0.02,-1.01,0.07,2.32,2.26,1.77,-38.48,34.08,-32.89,1
L,2022-11-08 17:28:35.636631,-0.02,-1.02,0.07,1.22,2.32,2.01,-38.48,34.08,-32.89,1
L,2022-11-08 17:28:35.637446,-0.02,-1.02,0.07,0.55,2.20,2.26,-38.48,34.08,-32.89,1
L,2022-11-08 17:28:35.637889,-0.02,-1.02,0.07,0.06,2.14,2.01,-37.93,34.40,-32.67,1
L,2022-11-08 17:28:35.638538,-0.02,-1.01,0.07,0.61,2.38,2.08,-37.93,34.40,-32.67,1
L,2022-11-08 17:28:35.639296,-0.02,-1.02,0.07,0.18,2.14,2.14,-38.04,34.38,-31.62,1
L,2022-11-08 17:28:35.639904,-0.02,-1.01,0.07,0.43,2.01,2.01,-38.04,34.38,-31.62,1
L,2022-11-08 17:28:35.640567,-0.02,-1.02,0.07,0.55,2.44,2.26,-38.04,34.38,-31.62,1
L,2022-11-08 17:28:35.641396,-0.02,-1.02,0.07,0.12,2.20,2.32,-38.45,34.59,-32.45,1
L,2022-11-08 17:28:35.641863,-0.02,-1.01,0.07,0.06,2.32,2.26,-38.45,34.59,-32.45,1
L,2022-11-08 17:28:35.642533,-0.02,-1.01,0.07,0.43,2.20,2.32,-38.45,34.59,-32.45,1
L,2022-11-08 17:28:35.643216,-0.02,-1.01,0.07,0.92,2.26,2.01,-38.20,33.47,-32.24,1
L,2022-11-08 17:28:35.644397,-0.02,-1.02,0.07,0.92,2.14,2.20,-38.20,33.47,-32.24,1
L,2022-11-08 17:28:35.647117,-0.02,-1.02,0.07,0.85,2.14,2.08,-38.20,33.47,-32.24,1
L,2022-11-08 17:28:35.649457,-0.02,-1.02,0.07,0.55,2.38,2.08,-37.96,34.67,-32.47,1
L,2022-11-08 17:28:35.650328,-0.02,-1.01,0.07,0.31,2.20,2.26,-37.96,34.67,-32.47,1
L,2022-11-08 17:28:35.651060,-0.02,-1.01,0.07,0.00,2.26,2.20,-37.95,35.00,-31.86,1
L,2022-11-08 17:28:35.651915,-0.02,-1.01,0.08,-0.18,2.26,2.38,-37.95,35.00,-31.86,1
L,2022-11-08 17:28:35.652734,-0.01,-1.02,0.08,0.00,2.20,2.32,-37.95,35.00,-31.86,1
L,2022-11-08 17:28:35.653548,-0.03,-1.02,0.06,1.83,2.32,1.71,-38.22,34.00,-32.98,1
L,2022-11-08 17:28:35.654235,-0.02,-1.01,0.07,-0.49,2.32,2.26,-38.22,34.00,-32.98,1
L,2022-11-08 17:28:35.655104,-0.03,-1.02,0.06,-1.22,2.32,2.44,-38.22,34.00,-32.98,1
L,2022-11-08 17:28:35.655845,-0.03,-1.02,0.05,1.34,2.08,1.95,-38.49,33.97,-32.54,1
L,2022-11-08 17:28:35.656532,-0.02,-1.02,0.07,-1.40,2.20,2.87,-38.49,33.97,-32.54,1
L,2022-11-08 17:28:35.657041,-0.02,-1.01,0.09,-2.01,2.32,2.44,-38.49,33.97,-32.54,1
L,2022-11-08 17:28:35.657607,-0.02,-1.02,0.06,1.04,2.20,1.83,-38.76,33.69,-31.34,1
L,2022-11-08 17:28:35.658255,-0.03,-1.02,0.07,-1.65,2.14,2.87,-38.76,33.69,-31.34,1
L,2022-11-08 17:28:35.658887,-0.02,-1.01,0.07,-0.12,2.32,2.26,-38.62,33.75,-32.20,1
L,2022-11-08 17:28:35.659583,-0.02,-1.02,0.06,-0.55,2.08,2.20,-38.62,33.75,-32.20,1
L,2022-11-08 17:28:35.660338,-0.03,-1.02,0.07,-2.38,2.01,2.99,-38.62,33.75,-32.20,1
L,2022-11-08 17:28:35.661478,-0.02,-1.02,0.07,-2.93,1.77,3.17,-38.43,33.36,-32.39,1
L,2022-11-08 17:28:35.662123,-0.02,-1.01,0.09,-6.71,3.30,3.91,-38.43,33.36,-32.39,1
L,2022-11-08 17:28:35.663949,-0.03,-1.02,0.05,-2.44,2.69,2.75,-38.43,33.36,-32.39,1
L,2022-11-08 17:28:35.664984,-0.00,-1.01,0.11,-12.33,4.27,5.43,-38.28,33.46,-32.93,1
L,2022-11-08 17:28:35.666770,-0.03,-1.00,0.10,-3.30,4.15,2.38,-38.28,33.46,-32.93,1
L,2022-11-08 17:28:35.667608,-0.02,-1.00,0.06,16.48,18.31,-3.23,-38.28,33.46,-32.93,1
L,2022-11-08 17:28:35.668354,-0.03,-1.03,0.07,36.32,31.37,-6.65,-38.13,33.30,-32.57,1
L,2022-11-08 17:28:35.669554,-0.01,-1.03,0.05,20.20,23.25,-4.09,-38.13,33.30,-32.57,1
L,2022-11-08 17:28:35.670765,-0.01,-0.99,0.13,5.07,18.25,-0.31,-38.11,32.97,-32.97,1
L,2022-11-08 17:28:35.672487,-0.01,-1.03,0.07,12.21,0.98,0.24,-38.11,32.97,-32.97,1
L,2022-11-08 17:28:35.673497,-0.03,-1.07,-0.07,-14.95,-23.56,7.81,-38.11,32.97,-32.97,1
L,2022-11-08 17:28:35.674291,0.03,-0.91,0.28,-56.52,-43.64,9.28,-38.78,32.90,-33.20,1
L,2022-11-08 17:28:35.675061,-0.04,-1.01,0.06,58.23,-39.92,-7.63,-38.78,32.90,-33.20,1
L,2022-11-08 17:28:35.675641,-0.05,-1.06,-0.09,43.09,-40.95,-4.39,-38.78,32.90,-33.20,1
L,2022-11-08 17:28:35.676355,-0.05,-1.01,0.01,-24.66,-44.98,9.16,-38.60,32.91,-30.85,1
L,2022-11-08 17:28:35.676951,-0.04,-1.01,0.02,-16.54,-27.59,8.79,-38.60,32.91,-30.85,1
L,2022-11-08 17:28:35.677687,-0.03,-1.01,0.07,1.28,-3.42,1.22,-38.60,32.91,-30.85,1
L,2022-11-08 17:28:35.678445,-0.05,-1.05,0.00,-1.10,-0.24,3.23,-38.93,33.18,-28.86,1
L,2022-11-08 17:28:35.679259,-0.01,-0.99,0.13,-17.40,-17.40,6.71,-38.93,33.18,-28.86,1
L,2022-11-08 17:28:35.679986,-0.01,-1.04,0.04,18.49,-24.72,1.04,-38.87,33.18,-28.71,1
L,2022-11-08 17:28:35.680744,-0.05,-1.03,-0.00,28.32,-24.90,-1.59,-38.87,33.18,-28.71,1
L,2022-11-08 17:28:35.681504,-0.04,-1.02,0.02,14.28,-21.85,1.95,-38.87,33.18,-28.71,1
L,2022-11-08 17:28:35.682327,-0.05,-1.05,-0.01,-14.77,-20.57,6.90,-39.17,33.14,-27.27,1
L,2022-11-08 17:28:35.683091,-0.02,-1.01,0.09,-8.24,-19.84,5.07,-39.17,33.14,-27.27,1
L,2022-11-08 17:28:35.684323,-0.02,-1.00,0.09,3.97,-28.26,3.30,-39.17,33.14,-27.27,1
L,2022-11-08 17:28:35.685073,-0.01,-1.03,0.08,10.68,-37.90,2.44,-39.65,33.48,-24.77,1
L,2022-11-08 17:28:35.685803,-0.03,-1.02,0.04,-3.54,-56.82,9.28,-39.65,33.48,-24.77,1
L,2022-11-08 17:28:35.686371,-0.06,-1.00,0.05,-11.66,-59.33,9.16,-39.65,33.48,-24.77,1
L,2022-11-08 17:28:35.687115,-0.05,-1.03,-0.00,-5.07,-32.84,5.13,-39.42,33.47,-22.03,1
L,2022-11-08 17:28:35.687719,-0.02,-1.03,0.02,-5.37,-13.06,4.15,-39.42,33.47,-22.03,1
L,2022-11-08 17:28:35.688394,-0.01,-1.01,0.06,-12.39,-17.94,6.04,-39.72,34.17,-22.41,1
L,2022-11-08 17:28:35.689305,-0.02,-1.01,0.08,-6.96,-31.37,6.16,-39.72,34.17,-22.41,1
L,2022-11-08 17:28:35.690471,-0.04,-1.05,-0.06,-25.76,-29.66,8.91,-39.72,34.17,-22.41,1
L,2022-11-08 17:28:35.692211,-0.01,-0.99,0.14,-22.95,-35.03,11.05,-39.59,34.64,-21.62,1
L,2022-11-08 17:28:35.693781,0.03,-1.01,0.14,34.24,-41.50,0.06,-39.59,34.64,-21.62,1
L,2022-11-08 17:28:35.694624,-0.06,-0.99,0.05,73.43,-46.63,-8.85,-39.59,34.64,-21.62,1
L,2022-11-08 17:28:35.695577,-0.04,-1.03,-0.04,93.63,-41.69,-11.96,-39.43,34.40,-18.09,1
L,2022-11-08 17:28:35.697077,-0.11,-1.03,-0.16,51.39,-47.55,-5.68,-39.43,34.40,-18.09,1
L,2022-11-08 17:28:35.698168,-0.02,-0.99,-0.12,-76.35,-56.15,11.78,-39.43,34.40,-18.09,1
L,2022-11-08 17:28:35.699303,-0.28,-1.12,-0.37,-73.85,-49.93,21.36,-39.10,33.40,-15.22,1
L,2022-11-08 17:28:35.700268,0.02,-0.90,0.09,-240.84,-26.18,45.59,-39.10,33.40,-15.22,1
L,2022-11-08 17:28:35.700788,-0.31,-0.97,-0.24,-145.63,-10.86,52.67,-38.96,36.24,-17.00,1
L,2022-11-08 17:28:35.701478,0.07,-1.30,-0.09,206.48,-26.06,1.10,-38.96,36.24,-17.00,1
L,2022-11-08 17:28:35.702155,0.01,-0.91,-0.03,43.88,-5.25,-11.29,-38.96,36.24,-17.00,1
L,2022-11-08 17:28:35.702679,0.06,-1.04,0.12,-25.27,-16.24,-22.22,-38.05,35.21,-14.43,1
L,2022-11-08 17:28:35.703188,0.96,-1.12,0.77,-111.27,-24.11,-12.70,-38.05,35.21,-14.43,1
L,2022-11-08 17:28:35.703707,0.03,-1.74,-0.06,289.18,-7.08,13.18,-38.05,35.21,-14.43,1
L,2022-11-08 17:28:35.704182,0.10,-0.91,0.22,6.47,-19.23,2.08,-37.93,35.50,-13.70,1
L,2022-11-08 17:28:35.705011,0.05,-1.01,0.18,-12.88,-28.56,-10.44,-37.93,35.50,-13.70,1
L,2022-11-08 17:28:35.706054,-0.13,-0.65,0.61,-105.71,-24.96,10.19,-37.93,35.50,-13.70,1
L,2022-11-08 17:28:35.707075,0.02,-1.13,-0.05,116.82,15.14,11.35,-38.26,35.60,-11.25,1
L,2022-11-08 17:28:35.707707,0.02,-1.01,0.02,1.89,9.64,5.86,-38.26,35.60,-11.25,1
L,2022-11-08 17:28:35.708431,0.03,-0.96,0.08,0.98,-9.34,-7.63,-37.68,35.66,-11.80,1
L,2022-11-08 17:28:35.709193,-0.08,-1.21,0.34,-36.56,-10.74,-14.95,-37.68,35.66,-11.80,1
L,2022-11-08 17:28:35.710179,0.01,-1.03,0.08,18.25,3.30,13.18,-37.68,35.66,-11.80,1
L,2022-11-08 17:28:35.711643,0.01,-1.02,0.04,19.29,2.14,8.12,-37.17,35.99,-11.84,1
L,2022-11-08 17:28:35.712625,0.01,-0.98,0.07,19.71,2.44,-14.65,-37.17,35.99,-11.84,1
L,2022-11-08 17:28:35.713464,-0.04,-1.02,0.04,-13.31,0.92,-5.07,-37.17,35.99,-11.84,1
L,2022-11-08 17:28:35.714060,-0.01,-1.11,0.22,9.09,2.01,-9.89,-37.66,34.78,-10.34,1
L,2022-11-08 17:28:35.714585,-0.01,-1.06,0.04,36.50,13.49,5.43,-37.66,34.78,-10.34,1
L,2022-11-08 17:28:35.715031,-0.00,-1.04,0.03,18.68,10.13,2.32,-37.66,34.78,-10.34,1
L,2022-11-08 17:28:35.715531,-0.01,-1.00,0.07,-4.76,2.44,-1.89,-37.23,35.30,-10.96,1
L,2022-11-08 17:28:35.716068,-0.08,-1.04,0.16,2.69,2.14,1.22,-37.23,35.30,-10.96,1
L,2022-11-08 17:28:35.716787,-0.01,-1.01,0.04,2.75,3.66,2.99,-37.45,35.13,-9.27,1
L,2022-11-08 17:28:35.717399,-0.05,-1.03,0.08,-1.95,0.31,-1.22,-37.45,35.13,-9.27,1
L,2022-11-08 17:28:35.718074,-0.01,-1.03,0.05,0.49,2.93,2.62,-37.45,35.13,-9.27,1
L,2022-11-08 17:28:35.718797,-0.02,-1.00,0.06,-0.61,2.87,2.01,-37.74,34.56,-11.32,1
L,2022-11-08 17:28:35.719504,-0.02,-1.03,0.06,4.46,4.09,1.10,-37.74,34.56,-11.32,1
L,2022-11-08 17:28:35.720179,-0.02,-1.03,0.04,5.92,4.39,0.67,-37.74,34.56,-11.32,1
L,2022-11-08 17:28:35.720675,-0.02,-1.02,0.06,-0.67,2.20,2.32,-37.79,34.84,-10.91,1
L,2022-11-08 17:28:35.721120,-0.02,-1.02,0.06,0.24,2.44,2.26,-37.79,34.84,-10.91,1
L,2022-11-08 17:28:35.721590,-0.03,-1.02,0.05,-0.31,2.38,2.44,-37.79,34.84,-10.91,1
L,2022-11-08 17:28:35.722016,-0.02,-1.01,0.07,-1.65,2.44,2.26,-37.37,34.64,-10.14,1
L,2022-11-08 17:28:35.722583,-0.02,-1.02,0.05,0.85,2.75,2.20,-37.37,34.64,-10.14,1
L,2022-11-08 17:28:35.723023,-0.02,-1.02,0.06,-1.40,2.32,2.62,-37.77,35.19,-9.66,1
L,2022-11-08 17:28:35.723494,-0.02,-1.02,0.06,0.98,2.08,1.59,-37.77,35.19,-9.66,1
L,2022-11-08 17:28:35.723952,-0.02,-1.02,0.05,0.37,2.38,2.32,-37.77,35.19,-9.66,1
L,2022-11-08 17:28:35.724544,-0.02,-1.02,0.06,0.00,2.08,2.20,-38.12,34.78,-11.46,1
L,2022-11-08 17:28:35.725093,-0.02,-1.02,0.05,-0.12,2.20,2.26,-38.12,34.78,-11.46,1
L,2022-11-08 17:28:35.725579,-0.02,-1.01,0.06,-1.53,2.01,2.93,-38.12,34.78,-11.46,1
L,2022-11-08 17:28:35.726381,-0.03,-1.02,0.05,2.44,2.38,1.53,-38.05,34.64,-11.18,1
L,2022-11-08 17:28:35.727064,-0.02,-1.02,0.06,-0.37,2.26,2.32,-38.05,34.64,-11.18,1
L,2022-11-08 17:28:35.727800,-0.02,-1.02,0.06,-0.31,2.38,2.26,-38.05,34.64,-11.18,1
L,2022-11-08 17:28:35.729172,-0.02,-1.02,0.06,-0.67,2.44,2.50,-38.49,33.91,-11.89,1
L,2022-11-08 17:28:35.730493,-0.02,-1.02,0.06,0.12,2.62,2.32,-38.49,33.91,-11.89,1
L,2022-11-08 17:28:35.730951,-0.02,-1.02,0.06,0.85,2.44,2.08,-37.99,34.83,-10.75,1
L,2022-11-08 17:28:35.731384,-0.03,-1.02,0.04,4.09,4.09,0.85,-37.99,34.83,-10.75,1
L,2022-11-08 17:28:35.731849,-0.04,-1.01,0.03,11.41,7.32,-1.89,-37.99,34.83,-10.75,1
L,2022-11-08 17:28:35.732244,-0.05,-1.03,0.04,23.19,0.12,-3.48,-38.15,34.25,-11.01,1
L,2022-11-08 17:28:35.732630,-0.07,-1.00,-0.00,8.00,2.32,5.55,-38.15,34.25,-11.01,1
L,2022-11-08 17:28:35.733016,-0.07,-1.04,-0.08,27.22,-1.65,1.10,-38.15,34.25,-11.01,1
L,2022-11-08 17:28:35.733411,-0.07,-1.08,-0.15,18.25,-8.61,-2.14,-37.67,34.47,-9.29,1
L,2022-11-08 17:28:35.733796,-0.02,-1.01,0.04,-7.26,-15.93,1.34,-37.67,34.47,-9.29,1
L,2022-11-08 17:28:35.734347,-0.05,-0.81,-0.10,68.54,-5.86,8.42,-37.67,34.47,-9.29,1
L,2022-11-08 17:28:35.734746,-0.06,-1.02,-0.03,17.27,-7.26,12.15,-37.68,34.14,-8.59,1
L,2022-11-08 17:28:35.735206,0.01,-0.97,0.03,-10.38,-11.23,9.52,-37.68,34.14,-8.59,1
L,2022-11-08 17:28:35.735701,-0.01,-1.00,-0.02,13.98,-14.59,3.42,-37.60,34.81,-7.52,1
L,2022-11-08 17:28:35.736170,0.01,-1.02,0.02,-1.71,-15.93,-1.34,-37.60,34.81,-7.52,1
L,2022-11-08 17:28:35.736661,0.02,-0.99,0.05,-12.51,-15.26,-2.32,-37.60,34.81,-7.52,1
L,2022-11-08 17:28:35.737098,-0.00,-1.02,0.07,-3.30,-10.99,-5.07,-36.82,34.62,-7.84,1
L,2022-11-08 17:28:35.737536,-0.04,-1.03,-0.00,-9.16,-12.57,-6.90,-36.82,34.62,-7.84,1
L,2022-11-08 17:28:35.737955,-0.09,-0.99,0.30,-41.75,-8.97,4.15,-36.82,34.62,-7.84,1
L,2022-11-08 17:28:35.738430,-0.04,-1.09,-0.07,69.09,-14.47,14.22,-37.07,34.50,-6.85,1
L,2022-11-08 17:28:35.738883,-0.01,-1.00,0.02,-1.22,-2.44,12.70,-37.07,34.50,-6.85,1
L,2022-11-08 17:28:35.739351,-0.03,-1.02,-0.05,9.09,0.31,9.03,-37.07,34.50,-6.85,1
L,2022-11-08 17:28:35.739795,-0.05,-1.06,-0.05,15.93,1.77,6.35,-36.16,34.88,-6.63,1
L,2022-11-08 17:28:35.740254,-0.02,-1.01,-0.04,7.26,-4.03,4.39,-36.16,34.88,-6.63,1
L,2022-11-08 17:28:35.740732,-0.03,-1.01,-0.05,4.58,-8.42,0.79,-36.77,34.64,-6.23,1
L,2022-11-08 17:28:35.741172,0.00,-1.00,-0.00,4.76,-11.96,-3.42,-36.77,34.64,-6.23,1
L,2022-11-08 17:28:35.741829,-0.00,-0.99,-0.03,-7.63,-13.85,-4.94,-36.77,34.64,-6.23,1
L,2022-11-08 17:28:35.742405,-0.02,-1.05,-0.01,-1.77,-15.26,-7.75,-36.05,35.16,-5.00,1
L,2022-11-08 17:28:35.743059,-0.00,-1.03,-0.01,-6.96,-13.12,-9.16,-36.05,35.16,-5.00,1
L,2022-11-08 17:28:35.743670,-0.09,-1.17,0.35,-70.25,0.06,18.13,-36.05,35.16,-5.00,1
L,2022-11-08 17:28:35.744176,-0.01,-1.12,-0.04,71.11,6.59,13.37,-36.30,33.74,-3.80,1
L,2022-11-08 17:28:35.744765,-0.03,-1.02,0.01,-1.34,5.37,16.91,-36.30,33.74,-3.80,1
L,2022-11-08 17:28:35.745204,0.02,-1.00,0.02,6.35,-1.28,12.88,-36.30,33.74,-3.80,1
L,2022-11-08 17:28:35.745808,0.01,-0.99,0.02,-3.85,-4.94,8.67,-35.61,34.72,-5.69,1
L,2022-11-08 17:28:35.746659,-0.02,-1.02,-0.02,-0.24,-2.99,0.85,-35.61,34.72,-5.69,1
L,2022-11-08 17:28:35.747585,0.02,-1.01,0.01,1.34,-5.43,-3.85,-35.25,34.20,-4.31,1
L,2022-11-08 17:28:35.748026,-0.01,-1.02,0.02,-0.06,-3.48,-8.06,-35.25,34.20,-4.31,1
L,2022-11-08 17:28:35.748466,-0.04,-1.01,0.02,-6.04,0.24,-11.66,-35.25,34.20,-4.31,1
L,2022-11-08 17:28:35.748862,-0.02,-1.02,0.01,-7.81,2.38,-15.75,-35.41,33.68,-4.72,1
L,2022-11-08 17:28:35.749280,-0.06,-1.07,-0.03,8.79,7.45,9.64,-35.41,33.68,-4.72,1
L,2022-11-08 17:28:35.749665,-0.03,-1.03,-0.04,6.29,0.67,8.97,-35.41,33.68,-4.72,1
L,2022-11-08 17:28:35.750052,-0.02,-1.01,0.02,-3.97,0.18,6.41,-35.18,34.06,-4.19,1
L,2022-11-08 17:28:35.750506,-0.02,-1.01,0.01,-0.55,2.14,1.83,-35.18,34.06,-4.19,1
L,2022-11-08 17:28:35.750898,-0.02,-1.02,-0.01,1.59,3.78,-2.32,-35.18,34.06,-4.19,1
L,2022-11-08 17:28:35.751328,-0.03,-1.02,-0.01,-2.26,2.75,-6.16,-36.05,34.19,-4.24,1
L,2022-11-08 17:28:35.751710,-0.03,-1.01,0.01,1.16,4.21,6.84,-36.05,34.19,-4.24,1
L,2022-11-08 17:28:35.752135,-0.03,-1.02,-0.02,1.77,1.16,3.48,-35.33,33.81,-3.88,1
L,2022-11-08 17:28:35.752524,-0.03,-1.02,0.01,-3.36,1.22,-0.61,-35.33,33.81,-3.88,1
L,2022-11-08 17:28:35.752947,-0.03,-1.02,-0.00,2.93,2.93,1.83,-35.33,33.81,-3.88,1
L,2022-11-08 17:28:35.753480,-0.03,-1.01,-0.00,0.37,2.81,0.92,-35.07,33.78,-4.15,1
L,2022-11-08 17:28:35.753901,-0.03,-1.02,0.00,0.49,2.62,2.93,-35.07,33.78,-4.15,1
L,2022-11-08 17:28:35.754357,-0.04,-1.02,-0.00,5.25,2.08,0.61,-35.07,33.78,-4.15,1
L,2022-11-08 17:28:35.754944,-0.03,-1.03,-0.01,2.56,2.69,1.77,-34.97,33.40,-3.47,1
L,2022-11-08 17:28:35.755548,-0.03,-1.02,0.01,-1.40,1.83,2.38,-34.97,33.40,-3.47,1
L,2022-11-08 17:28:35.755974,-0.03,-1.02,0.00,1.71,2.81,1.59,-34.97,33.40,-3.47,1
L,2022-11-08 17:28:35.756391,-0.03,-1.02,-0.00,0.43,2.26,2.01,-35.00,33.81,-3.69,1
L,2022-11-08 17:28:35.756770,-0.03,-1.02,0.00,0.24,2.44,2.32,-35.00,33.81,-3.69,1
L,2022-11-08 17:28:35.757149,-0.03,-1.02,0.00,0.37,2.26,2.14,-35.85,33.48,-5.69,1
L,2022-11-08 17:28:35.757545,-0.03,-1.02,0.00,0.18,2.32,2.26,-35.85,33.48,-5.69,1
L,2022-11-08 17:28:35.757966,-0.03,-1.02,0.00,0.79,2.56,2.32,-35.85,33.48,-5.69,1
L,2022-11-08 17:28:35.758385,-0.03,-1.02,0.01,1.40,2.38,1.83,-35.24,33.89,-4.42,1
L,2022-11-08 17:28:35.758787,-0.03,-1.02,-0.00,2.50,3.05,1.83,-35.24,33.89,-4.42,1
L,2022-11-08 17:28:35.759207,-0.03,-1.02,-0.00,1.65,3.05,2.14,-35.24,33.89,-4.42,1
L,2022-11-08 17:28:35.759592,-0.03,-1.02,0.00,-1.40,2.99,2.44,-35.46,33.95,-3.64,1
L,2022-11-08 17:28:35.759973,-0.03,-1.02,0.00,0.12,2.20,1.83,-35.46,33.95,-3.64,1
L,2022-11-08 17:28:35.760553,-0.04,-1.02,-0.01,-0.37,2.69,2.20,-35.46,33.95,-3.64,1
L,2022-11-08 17:28:35.761017,-0.03,-1.02,0.00,-0.85,1.83,2.62,-35.72,33.44,-3.17,1
L,2022-11-08 17:28:35.761504,-0.03,-1.02,-0.00,-0.37,2.44,2.44,-35.72,33.44,-3.17,1
L,2022-11-08 17:28:35.762000,-0.03,-1.02,0.00,-0.85,2.26,2.50,-35.18,33.72,-3.56,1
L,2022-11-08 17:28:35.763070,-0.03,-1.02,0.00,-0.18,2.14,2.14,-35.18,33.72,-3.56,1
L,2022-11-08 17:28:35.763941,-0.03,-1.02,0.00,0.67,2.20,2.01,-35.18,33.72,-3.56,1
L,2022-11-08 17:28:35.764574,-0.03,-1.02,0.00,0.18,2.44,2.32,-34.89,33.50,-5.31,1
L,2022-11-08 17:28:35.765520,-0.03,-1.02,0.00,0.37,2.26,2.08,-34.89,33.50,-5.31,1
L,2022-11-08 17:28:35.765906,-0.03,-1.02,0.00,0.49,2.44,2.14,-34.89,33.50,-5.31,1
L,2022-11-08 17:28:35.766326,-0.03,-1.02,0.00,-0.12,2.50,2.26,-35.12,33.69,-4.92,1
L,2022-11-08 17:28:35.766708,-0.03,-1.02,0.00,0.12,2.38,2.20,-35.12,33.69,-4.92,1
L,2022-11-08 17:28:35.767121,-0.03,-1.02,0.00,0.18,2.44,2.08,-35.12,33.69,-4.92,1
L,2022-11-08 17:28:35.767502,-0.03,-1.02,0.00,0.61,2.50,2.38,-34.79,33.97,-4.09,1
L,2022-11-08 17:28:35.767880,-0.03,-1.02,0.00,0.31,2.38,2.14,-34.79,33.97,-4.09,1
L,2022-11-08 17:28:35.768297,-0.04,-1.02,-0.00,-0.43,2.32,2.50,-34.94,33.94,-5.03,1
L,2022-11-08 17:28:35.768692,-0.04,-1.04,-0.03,-13.12,2.14,7.14,-34.94,33.94,-5.03,1
L,2022-11-08 17:28:35.769127,-0.03,-1.01,-0.01,-0.06,-2.08,6.77,-34.94,33.94,-5.03,1
L,2022-11-08 17:28:35.769507,-0.03,-1.02,0.03,8.79,2.08,6.10,-34.42,34.36,-4.28,1
L,2022-11-08 17:28:35.769920,-0.02,-1.01,0.02,3.17,3.11,5.86,-34.42,34.36,-4.28,1
L,2022-11-08 17:28:35.770325,-0.02,-1.02,-0.00,4.70,4.21,3.85,-34.42,34.36,-4.28,1
L,2022-11-08 17:28:35.770787,-0.02,-1.02,-0.01,1.77,1.22,4.82,-34.99,34.17,-3.43,1
L,2022-11-08 17:28:35.771204,-0.02,-1.02,0.01,2.08,1.40,3.97,-34.99,34.17,-3.43,1
L,2022-11-08 17:28:35.771635,-0.02,-1.02,-0.01,3.48,4.82,0.24,-34.99,34.17,-3.43,1
L,2022-11-08 17:28:35.772340,-0.02,-1.02,-0.02,0.24,5.19,-2.87,-34.77,34.44,-3.77,1
L,2022-11-08 17:28:35.772828,-0.02,-1.02,-0.02,-3.23,0.31,-4.33,-34.77,34.44,-3.77,1
L,2022-11-08 17:28:35.773382,-0.02,-1.02,-0.00,-5.55,-5.98,-5.92,-35.16,34.24,-5.13,1
L,2022-11-08 17:28:35.773867,-0.03,-1.04,-0.06,11.41,-1.10,7.32,-35.16,34.24,-5.13,1
L,2022-11-08 17:28:35.774363,-0.02,-1.01,0.00,-3.30,-8.48,8.00,-35.16,34.24,-5.13,1
L,2022-11-08 17:28:35.774769,-0.02,-1.02,-0.01,-0.24,-15.44,4.76,-35.58,33.89,-4.02,1
L,2022-11-08 17:28:35.775266,-0.03,-1.01,-0.02,0.24,-16.11,1.89,-35.58,33.89,-4.02,1
L,2022-11-08 17:28:35.775750,0.00,-0.99,-0.01,2.81,-10.93,-2.81,-35.58,33.89,-4.02,1
L,2022-11-08 17:28:35.776711,-0.02,-1.07,0.21,-25.09,-0.31,-4.88,-34.57,33.70,-1.84,1
L,2022-11-08 17:28:35.777177,-0.02,-1.04,-0.05,19.41,1.53,13.67,-34.57,33.70,-1.84,1
L,2022-11-08 17:28:35.777573,0.02,-1.00,-0.02,7.87,-7.32,9.03,-34.57,33.70,-1.84,1
L,2022-11-08 17:28:35.778214,-0.06,-1.02,-0.08,4.46,-3.42,0.24,-34.83,33.69,-2.49,1
L,2022-11-08 17:28:35.778675,-0.04,-0.99,-0.04,-18.98,-9.83,-9.34,-34.83,33.69,-2.49,1
L,2022-11-08 17:28:35.779211,-0.13,-1.00,-0.01,-6.90,1.28,14.71,-34.25,33.65,-2.59,1
L,2022-11-08 17:28:35.779946,-0.03,-1.03,-0.07,20.26,1.71,12.82,-34.25,33.65,-2.59,1
L,2022-11-08 17:28:35.780424,-0.01,-1.00,-0.06,1.59,-3.05,9.03,-34.25,33.65,-2.59,1
L,2022-11-08 17:28:35.780898,-0.01,-1.01,-0.07,4.64,-6.84,5.37,-33.51,34.47,-2.37,1
L,2022-11-08 17:28:35.781533,0.00,-1.01,-0.01,0.85,-11.47,1.16,-33.51,34.47,-2.37,1
L,2022-11-08 17:28:35.782222,0.02,-1.02,-0.06,11.35,-13.98,-1.77,-33.51,34.47,-2.37,1
L,2022-11-08 17:28:35.782932,0.03,-1.00,0.02,9.46,-13.18,-2.32,-34.13,33.75,-0.52,1
L,2022-11-08 17:28:35.783765,0.00,-1.01,0.01,6.47,-13.92,-1.59,-34.13,33.75,-0.52,1
L,2022-11-08 17:28:35.784499,-0.02,-1.04,0.00,3.30,-8.42,0.55,-34.13,33.75,-0.52,1
L,2022-11-08 17:28:35.785193,-0.05,-1.03,-0.01,10.13,-4.88,3.23,-33.57,33.26,-1.35,1
L,2022-11-08 17:28:35.786194,-0.07,-1.02,-0.02,-0.06,-1.71,13.49,-33.57,33.26,-1.35,1
L,2022-11-08 17:28:35.787182,-0.06,-1.04,-0.01,18.19,-8.00,19.04,-33.17,33.30,-0.18,1
L,2022-11-08 17:28:35.787878,-0.02,-1.01,0.01,15.56,-4.21,24.60,-33.17,33.30,-0.18,1
L,2022-11-08 17:28:35.788554,-0.02,-1.01,0.00,20.32,3.72,26.49,-33.17,33.30,-0.18,1
L,2022-11-08 17:28:35.789411,0.01,-1.02,-0.06,25.33,8.00,23.44,-32.92,34.51,0.01,1
L,2022-11-08 17:28:35.790053,0.02,-1.02,-0.12,15.32,3.11,18.37,-32.92,34.51,0.01,1
L,2022-11-08 17:28:35.790686,0.03,-1.00,-0.04,-3.11,-0.73,19.04,-32.92,34.51,0.01,1
L,2022-11-08 17:28:35.792103,0.01,-1.01,-0.07,7.63,1.16,14.22,-33.04,34.33,0.89,1
L,2022-11-08 17:28:35.796610,0.03,-1.02,-0.10,9.95,3.05,9.70,-33.04,34.33,0.89,1
L,2022-11-08 17:28:35.797428,0.04,-1.00,-0.07,3.11,7.02,2.20,-33.04,34.33,0.89,1
L,2022-11-08 17:28:35.798542,0.04,-1.01,-0.09,-6.41,4.27,-10.68,-32.52,34.77,0.46,1
L,2022-11-08 17:28:35.799288,0.03,-1.01,-0.07,-16.66,1.71,-19.23,-32.52,34.77,0.46,1
L,2022-11-08 17:28:35.800472,0.01,-1.02,-0.06,-21.91,0.06,-23.80,-33.09,34.12,-0.50,1
L,2022-11-08 17:28:35.801254,-0.00,-1.02,-0.04,-23.50,-0.55,-24.84,-33.09,34.12,-0.50,1
L,2022-11-08 17:28:35.802634,-0.02,-1.02,-0.03,-18.07,0.06,-23.25,-33.09,34.12,-0.50,1
L,2022-11-08 17:28:35.803285,-0.03,-1.03,-0.02,-11.29,1.28,-16.36,-33.83,32.96,0.10,1
L,2022-11-08 17:28:35.803942,-0.04,-1.03,-0.02,-7.57,1.46,-10.13,-33.83,32.96,0.10,1
L,2022-11-08 17:28:35.804739,-0.04,-1.03,-0.02,-3.05,1.65,-3.85,-33.83,32.96,0.10,1
L,2022-11-08 17:28:35.805526,-0.04,-1.03,-0.01,0.73,2.14,1.59,-33.53,32.26,0.09,1
L,2022-11-08 17:28:35.806246,-0.04,-1.02,-0.02,3.97,4.33,7.02,-33.53,32.26,0.09,1
L,2022-11-08 17:28:35.806960,-0.03,-1.02,-0.02,9.83,5.74,12.21,-33.53,32.26,0.09,1
L,2022-11-08 17:28:35.807625,-0.03,-1.02,-0.04,9.40,3.72,14.89,-33.78,33.06,-0.73,1
L,2022-11-08 17:28:35.808369,-0.02,-1.02,-0.04,7.69,2.08,16.85,-33.78,33.06,-0.73,1
L,2022-11-08 17:28:35.809006,-0.01,-1.02,-0.03,8.30,2.38,17.03,-33.50,32.78,-1.56,1
L,2022-11-08 17:28:35.809768,-0.01,-1.02,-0.04,9.22,4.09,15.93,-33.50,32.78,-1.56,1
L,2022-11-08 17:28:35.810457,0.00,-1.02,-0.05,7.93,4.64,12.70,-33.50,32.78,-1.56,1
L,2022-11-08 17:28:35.811194,0.00,-1.01,-0.05,3.48,3.66,10.44,-33.28,34.03,-0.89,1
L,2022-11-08 17:28:35.811922,0.01,-1.01,-0.05,2.32,2.93,7.02,-33.28,34.03,-0.89,1
L,2022-11-08 17:28:35.812570,0.01,-1.01,-0.05,0.98,2.69,3.30,-33.28,34.03,-0.89,1
L,2022-11-08 17:28:35.813235,0.00,-1.02,-0.06,-0.61,2.62,-0.24,-33.44,33.19,-0.22,1
L,2022-11-08 17:28:35.813953,0.00,-1.02,-0.05,-3.30,2.44,-2.99,-33.44,33.19,-0.22,1
L,2022-11-08 17:28:35.814679,-0.03,-1.02,-0.05,-4.52,1.95,-4.03,-33.44,33.19,-0.22,1
L,2022-11-08 17:28:35.815341,-0.00,-1.02,-0.04,-4.39,2.20,-4.82,-33.18,33.57,0.88,1
L,2022-11-08 17:28:35.815892,-0.00,-1.02,-0.04,-3.72,2.81,-4.27,-33.18,33.57,0.88,1
L,2022-11-08 17:28:35.816629,-0.01,-1.03,-0.06,-2.08,2.50,-3.36,-33.25,32.64,-1.29,1
L,2022-11-08 17:28:35.817234,-0.02,-1.03,-0.04,-1.83,0.92,2.01,-33.25,32.64,-1.29,1
L,2022-11-08 17:28:35.817799,-0.01,-1.02,-0.03,2.08,2.32,5.00,-33.25,32.64,-1.29,1
L,2022-11-08 17:28:35.818397,-0.01,-1.02,-0.04,5.92,3.17,7.93,-33.84,33.34,-0.74,1
L,2022-11-08 17:28:35.819264,-0.00,-1.02,-0.04,5.62,2.62,11.29,-33.84,33.34,-0.74,1
L,2022-11-08 17:28:35.820229,0.00,-1.02,-0.04,6.71,2.99,12.08,-33.84,33.34,-0.74,1
L,2022-11-08 17:28:35.820875,0.00,-1.01,-0.05,7.39,3.91,10.25,-33.18,33.22,-0.62,1
L,2022-11-08 17:28:35.821541,0.01,-1.02,-0.06,3.17,3.97,5.68,-33.18,33.22,-0.62,1
L,2022-11-08 17:28:35.822190,0.01,-1.02,-0.06,0.73,3.17,2.26,-33.18,33.22,-0.62,1
L,2022-11-08 17:28:35.822787,0.01,-1.02,-0.06,-2.01,2.44,-1.53,-33.41,33.30,0.15,1
L,2022-11-08 17:28:35.823357,0.00,-1.02,-0.05,-4.09,2.08,-3.42,-33.41,33.30,0.15,1
L,2022-11-08 17:28:35.824060,-0.00,-1.02,-0.05,-5.49,1.59,-4.88,-33.45,33.26,-0.72,1
L,2022-11-08 17:28:35.824759,-0.00,-1.02,-0.04,-5.13,1.83,-5.07,-33.45,33.26,-0.72,1
L,2022-11-08 17:28:35.825476,-0.01,-1.02,-0.04,-3.48,1.95,-4.09,-33.45,33.26,-0.72,1
L,2022-11-08 17:28:35.826237,-0.01,-1.02,-0.04,-3.11,2.01,-2.14,-33.75,33.24,-0.62,1
L,2022-11-08 17:28:35.827011,-0.01,-1.02,-0.04,-1.65,1.40,0.49,-33.75,33.24,-0.62,1
L,2022-11-08 17:28:35.827731,-0.01,-1.02,-0.04,0.61,2.14,3.17,-33.75,33.24,-0.62,1
L,2022-11-08 17:28:35.828405,-0.01,-1.02,-0.04,3.66,2.32,7.26,-33.53,32.79,-1.04,1
L,2022-11-08 17:28:35.828936,-0.01,-1.02,-0.05,4.94,2.56,9.16,-33.53,32.79,-1.04,1
L,2022-11-08 17:28:35.829473,-0.00,-1.02,-0.05,5.43,2.50,10.13,-33.53,32.79,-1.04,1
L,2022-11-08 17:28:35.829858,0.00,-1.02,-0.05,5.49,2.56,9.70,-33.52,33.13,-0.94,1
L,2022-11-08 17:28:35.830253,0.00,-1.02,-0.05,4.82,3.05,8.12,-33.52,33.13,-0.94,1
L,2022-11-08 17:28:35.830839,0.01,-1.02,-0.06,1.77,2.69,3.91,-33.40,33.57,0.22,1
L,2022-11-08 17:28:35.831752,0.01,-1.02,-0.06,0.24,2.14,0.79,-33.40,33.57,0.22,1
L,2022-11-08 17:28:35.832381,0.00,-1.02,-0.06,-2.50,2.08,-2.08,-33.40,33.57,0.22,1
L,2022-11-08 17:28:35.832797,0.00,-1.02,-0.05,-4.88,2.26,-4.27,-33.09,32.93,-0.27,1
L,2022-11-08 17:28:35.833233,-0.00,-1.02,-0.05,-5.13,1.65,-5.25,-33.09,32.93,-0.27,1
L,2022-11-08 17:28:35.833653,-0.01,-1.02,-0.04,-4.76,1.83,-4.70,-33.09,32.93,-0.27,1
L,2022-11-08 17:28:35.834135,-0.01,-1.02,-0.04,-4.27,2.01,-3.66,-33.78,33.35,-0.85,1
L,2022-11-08 17:28:35.834825,-0.01,-1.02,-0.04,-2.26,2.32,-2.01,-33.78,33.35,-0.85,1
L,2022-11-08 17:28:35.835246,-0.01,-1.02,-0.04,-1.16,2.32,-0.73,-33.78,33.35,-0.85,1
L,2022-11-08 17:28:35.835965,-0.01,-1.02,-0.04,0.00,2.56,0.31,-33.87,33.80,1.01,1
L,2022-11-08 17:28:35.836499,-0.01,-1.02,-0.04,0.24,2.62,1.95,-33.87,33.80,1.01,1
L,2022-11-08 17:28:35.836955,-0.01,-1.02,-0.04,0.55,2.20,2.75,-34.25,32.50,-0.23,1
L,2022-11-08 17:28:35.837432,-0.01,-1.02,-0.04,0.85,2.20,3.78,-34.25,32.50,-0.23,1
L,2022-11-08 17:28:35.837877,-0.01,-1.02,-0.04,1.65,2.62,4.82,-34.25,32.50,-0.23,1
L,2022-11-08 17:28:35.838326,-0.01,-1.02,-0.04,2.62,2.62,5.74,-33.61,33.25,-0.31,1
L,2022-11-08 17:28:35.838805,-0.01,-1.02,-0.04,3.60,2.81,7.45,-33.61,33.25,-0.31,1
L,2022-11-08 17:28:35.839323,-0.01,-1.02,-0.04,4.09,2.81,8.73,-33.61,33.25,-0.31,1
L,2022-11-08 17:28:35.839763,-0.01,-1.02,-0.05,4.64,2.26,9.16,-33.45,33.64,-0.60,1
L,2022-11-08 17:28:35.840107,-0.00,-1.02,-0.05,4.46,2.50,9.22,-33.45,33.64,-0.60,1
L,2022-11-08 17:28:35.840554,0.00,-1.02,-0.05,4.58,2.69,8.91,-33.45,33.64,-0.60,1
L,2022-11-08 17:28:35.840977,0.00,-1.02,-0.05,4.33,2.44,7.81,-33.80,33.09,-0.52,1
L,2022-11-08 17:28:35.841383,0.01,-1.02,-0.06,3.11,2.56,6.35,-33.80,33.09,-0.52,1
L,2022-11-08 17:28:35.841772,0.01,-1.02,-0.06,2.20,2.75,4.64,-33.41,33.75,-0.90,1
L,2022-11-08 17:28:35.842238,0.01,-1.02,-0.06,0.85,2.56,2.93,-33.41,33.75,-0.90,1
L,2022-11-08 17:28:35.842579,0.01,-1.02,-0.06,-0.55,2.08,1.16,-33.41,33.75,-0.90,1
L,2022-11-08 17:28:35.842909,0.01,-1.02,-0.06,-0.98,2.14,-0.24,-33.41,33.46,0.59,1
L,2022-11-08 17:28:35.843364,0.00,-1.02,-0.05,-2.32,2.20,-1.28,-33.41,33.46,0.59,1
L,2022-11-08 17:28:35.843766,0.00,-1.02,-0.05,-2.08,2.01,-0.98,-33.41,33.46,0.59,1
L,2022-11-08 17:28:35.844346,0.00,-1.02,-0.05,-1.59,2.08,-0.55,-33.33,33.24,0.59,1
L,2022-11-08 17:28:35.844688,-0.00,-1.02,-0.05,-0.67,2.08,0.49,-33.33,33.24,0.59,1
L,2022-11-08 17:28:35.845214,-0.00,-1.02,-0.05,0.24,2.14,1.89,-33.33,33.24,0.59,1
L,2022-11-08 17:28:35.847082,0.00,-1.02,-0.05,1.65,2.44,4.09,-33.67,33.56,-0.57,1
L,2022-11-08 17:28:35.847820,0.00,-1.02,-0.05,2.20,2.56,4.94,-33.67,33.56,-0.57,1
L,2022-11-08 17:28:35.848587,0.00,-1.02,-0.05,2.75,2.56,5.80,-33.57,33.00,-1.40,1
L,2022-11-08 17:28:35.849034,0.00,-1.02,-0.05,2.81,2.93,5.92,-33.57,33.00,-1.40,1
L,2022-11-08 17:28:35.849592,0.01,-1.02,-0.06,2.99,2.99,5.80,-33.57,33.00,-1.40,1
L,2022-11-08 17:28:35.850235,0.01,-1.02,-0.06,1.89,2.44,4.33,-33.47,33.56,-1.03,1
L,2022-11-08 17:28:35.850654,0.01,-1.02,-0.06,0.98,2.32,3.48,-33.47,33.56,-1.03,1
L,2022-11-08 17:28:35.851044,0.01,-1.02,-0.06,0.49,2.32,1.95,-33.47,33.56,-1.03,1
L,2022-11-08 17:28:35.851384,0.01,-1.02,-0.06,-0.85,2.56,0.85,-33.76,33.62,0.79,1
L,2022-11-08 17:28:35.851856,0.01,-1.02,-0.06,-1.40,2.01,0.00,-33.76,33.62,0.79,1
L,2022-11-08 17:28:35.852961,0.01,-1.02,-0.05,-1.89,1.77,-0.67,-33.76,33.62,0.79,1
L,2022-11-08 17:28:35.853923,0.00,-1.02,-0.05,-1.59,2.08,-0.92,-33.42,33.97,-0.74,1
L,2022-11-08 17:28:35.854645,0.00,-1.02,-0.05,-1.46,2.44,-0.92,-33.42,33.97,-0.74,1
L,2022-11-08 17:28:35.855285,0.00,-1.02,-0.05,-1.34,2.26,-0.85,-32.97,33.68,0.28,1
L,2022-11-08 17:28:35.856031,0.00,-1.02,-0.05,-1.77,1.89,-1.10,-32.97,33.68,0.28,1
L,2022-11-08 17:28:35.856535,0.00,-1.02,-0.05,-1.65,2.32,-0.61,-32.97,33.68,0.28,1
L,2022-11-08 17:28:35.858007,-0.00,-1.02,-0.05,-1.34,2.32,-0.85,-33.46,33.19,0.60,1
L,2022-11-08 17:28:35.858780,-0.00,-1.02,-0.05,-1.10,2.38,-0.98,-33.46,33.19,0.60,1
L,2022-11-08 17:28:35.859311,-0.00,-1.02,-0.05,-2.20,2.56,-1.22,-33.46,33.19,0.60,1
L,2022-11-08 17:28:35.859669,-0.00,-1.02,-0.05,-2.32,2.20,-1.65,-33.65,33.08,-0.78,1
L,2022-11-08 17:28:35.860530,-0.01,-1.02,-0.04,-2.38,2.44,-2.14,-33.65,33.08,-0.78,1
L,2022-11-08 17:28:35.861031,-0.01,-1.02,-0.04,-2.69,2.38,-2.44,-33.46,33.34,0.76,1
L,2022-11-08 17:28:35.861454,-0.01,-1.02,-0.04,-3.11,2.26,-2.50,-33.46,33.34,0.76,1
L,2022-11-08 17:28:35.861975,-0.01,-1.02,-0.04,-2.87,2.26,-2.20,-33.46,33.34,0.76,1
L,2022-11-08 17:28:35.862904,-0.01,-1.02,-0.04,-2.44,2.20,-1.77,-34.13,32.97,-0.57,1
L,2022-11-08 17:28:35.863892,-0.02,-1.02,-0.04,-1.46,2.14,-0.18,-34.13,32.97,-0.57,1
L,2022-11-08 17:28:35.864333,-0.02,-1.02,-0.04,-0.67,2.14,1.16,-34.13,32.97,-0.57,1
L,2022-11-08 17:28:35.864939,-0.02,-1.02,-0.04,0.37,2.50,2.81,-33.28,33.23,-0.44,1
L,2022-11-08 17:28:35.865432,-0.02,-1.02,-0.04,1.77,2.44,4.33,-33.28,33.23,-0.44,1
L,2022-11-08 17:28:35.865869,-0.01,-1.02,-0.04,2.69,2.50,5.98,-33.28,33.23,-0.44,1
L,2022-11-08 17:28:35.866294,-0.01,-1.02,-0.04,2.87,2.38,7.51,-33.92,33.62,-0.40,1
L,2022-11-08 17:28:35.866867,-0.01,-1.02,-0.04,4.64,2.69,8.79,-33.92,33.62,-0.40,1
L,2022-11-08 17:28:35.867473,-0.00,-1.02,-0.05,5.13,2.81,9.03,-33.73,33.58,-0.02,1
L,2022-11-08 17:28:35.868136,-0.00,-1.02,-0.05,4.46,2.93,8.61,-33.73,33.58,-0.02,1
L,2022-11-08 17:28:35.868636,0.00,-1.02,-0.05,3.60,2.81,7.75,-33.73,33.58,-0.02,1
L,2022-11-08 17:28:35.869018,0.00,-1.02,-0.05,2.75,2.50,6.23,-33.68,33.80,-0.66,1
L,2022-11-08 17:28:35.869514,0.00,-1.02,-0.05,1.83,2.50,4.15,-33.68,33.80,-0.66,1
L,2022-11-08 17:28:35.870186,0.00,-1.02,-0.05,0.61,2.32,2.81,-33.68,33.80,-0.66,1
L,2022-11-08 17:28:35.870974,0.00,-1.02,-0.05,-0.43,2.14,1.59,-33.72,33.58,-0.48,1
L,2022-11-08 17:28:35.871609,0.00,-1.02,-0.05,-0.49,2.20,1.22,-33.72,33.58,-0.48,1
L,2022-11-08 17:28:35.872406,0.00,-1.02,-0.05,-0.92,2.08,0.85,-33.72,33.58,-0.48,1
L,2022-11-08 17:28:35.873050,-0.00,-1.02,-0.05,-0.31,2.62,1.71,-33.46,33.40,0.31,1
L,2022-11-08 17:28:35.873571,-0.00,-1.02,-0.05,0.31,2.20,2.56,0.00,0.00,ovf,1
L,2022-11-08 17:28:35.874155,-0.00,-1.02,-0.05,0.79,2.38,3.54,0.00,0.00,ovf,1
L,2022-11-08 17:28:35.874677,-0.00,-1.02,-0.05,1.89,2.26,4.52,-33.61,33.58,-0.43,1
L,2022-11-08 17:28:35.875217,0.00,-1.02,-0.05,2.56,2.56,5.37,-33.61,33.58,-0.43,1
L,2022-11-08 17:28:35.875706,0.00,-1.02,-0.05,2.81,2.56,5.98,-33.28,33.73,-0.05,1
L,2022-11-08 17:28:35.876142,0.00,-1.02,-0.05,3.05,2.93,6.29,-33.28,33.73,-0.05,1
L,2022-11-08 17:28:35.876625,0.01,-1.02,-0.05,2.56,2.62,5.74,-33.28,33.73,-0.05,1
L,2022-11-08 17:28:35.877186,0.01,-1.02,-0.06,2.01,2.69,4.70,-33.35,34.08,-0.39,1
L,2022-11-08 17:28:35.878170,0.01,-1.02,-0.06,1.65,2.50,3.42,-33.35,34.08,-0.39,1
L,2022-11-08 17:28:35.879152,0.01,-1.02,-0.06,0.67,2.56,2.26,-33.35,34.08,-0.39,1
L,2022-11-08 17:28:35.880258,0.01,-1.02,-0.06,-0.67,2.20,0.24,-33.39,34.30,-1.82,1
L,2022-11-08 17:28:35.880925,0.01,-1.02,-0.05,-1.46,2.32,-0.79,-33.39,34.30,-1.82,1
L,2022-11-08 17:28:35.881452,0.01,-1.02,-0.05,-2.26,2.14,-1.59,-33.39,34.30,-1.82,1
L,2022-11-08 17:28:35.881889,0.00,-1.02,-0.05,-2.69,2.14,-2.08,-33.54,33.69,-0.98,1
L,2022-11-08 17:28:35.882330,0.00,-1.02,-0.05,-2.08,2.01,-1.95,-33.54,33.69,-0.98,1
L,2022-11-08 17:28:35.882765,0.00,-1.02,-0.05,-2.26,2.08,-1.77,-32.92,33.54,-0.26,1
L,2022-11-08 17:28:35.883155,-0.00,-1.02,-0.05,-2.32,2.32,-1.71,-32.92,33.54,-0.26,1
L,2022-11-08 17:28:35.883591,-0.00,-1.02,-0.05,-1.95,2.26,-1.46,-32.92,33.54,-0.26,1
L,2022-11-08 17:28:35.884019,-0.00,-1.02,-0.05,-1.65,2.26,-1.10,-33.30,33.59,-0.22,1
L,2022-11-08 17:28:35.884483,-0.01,-1.02,-0.04,-1.77,1.83,-0.67,-33.30,33.59,-0.22,1
L,2022-11-08 17:28:35.884822,-0.01,-1.02,-0.04,-1.16,2.14,0.24,-33.30,33.59,-0.22,1
L,2022-11-08 17:28:35.885235,-0.01,-1.02,-0.04,0.06,2.01,0.61,-33.70,33.23,-1.07,1
L,2022-11-08 17:28:35.885620,-0.01,-1.02,-0.05,-0.24,2.32,0.92,-33.70,33.23,-1.07,1
L,2022-11-08 17:28:35.885993,-0.01,-1.02,-0.05,-0.79,2.44,1.46,-33.70,33.23,-1.07,1
L,2022-11-08 17:28:35.886369,-0.01,-1.02,-0.04,-1.53,1.71,1.04,-33.86,33.12,-0.05,1
L,2022-11-08 17:28:35.886866,-0.01,-1.02,-0.04,-0.79,2.44,1.34,-33.86,33.12,-0.05,1
L,2022-11-08 17:28:35.887321,-0.01,-1.02,-0.04,0.12,2.62,1.10,-33.34,33.35,-0.73,1
L,2022-11-08 17:28:35.887667,-0.01,-1.02,-0.05,-0.12,2.44,1.28,-33.34,33.35,-0.73,1
L,2022-11-08 17:28:35.888008,-0.01,-1.02,-0.04,-0.61,2.01,1.65,-33.34,33.35,-0.73,1
L,2022-11-08 17:28:35.888451,-0.01,-1.02,-0.04,0.00,1.95,2.20,-33.36,33.34,0.12,1
L,2022-11-08 17:28:35.888860,-0.01,-1.02,-0.04,0.43,2.50,2.75,-33.36,33.34,0.12,1
L,2022-11-08 17:28:35.889383,-0.01,-1.02,-0.04,1.04,2.32,3.30,-33.36,33.34,0.12,1
L,2022-11-08 17:28:35.889936,-0.01,-1.02,-0.04,1.04,2.01,3.60,-33.23,32.89,-1.32,1
L,2022-11-08 17:28:35.890486,-0.01,-1.02,-0.04,1.34,2.44,4.15,-33.23,32.89,-1.32,1
L,2022-11-08 17:28:35.891273,-0.01,-1.02,-0.04,1.59,2.32,4.58,-33.23,32.89,-1.32,1
L,2022-11-08 17:28:35.891961,-0.00,-1.02,-0.05,1.95,2.08,4.88,-33.63,33.51,0.88,1
L,2022-11-08 17:28:35.892869,-0.00,-1.02,-0.05,2.38,2.75,5.49,-33.63,33.51,0.88,1
L,2022-11-08 17:28:35.893606,-0.00,-1.02,-0.05,2.32,2.62,5.55,-33.04,33.76,-0.52,1
L,2022-11-08 17:28:35.894226,-0.00,-1.02,-0.05,2.32,2.50,5.55,-33.04,33.76,-0.52,1
L,2022-11-08 17:28:35.894566,-0.00,-1.02,-0.05,2.56,2.50,5.74,-33.04,33.76,-0.52,1
L,2022-11-08 17:28:35.894976,0.00,-1.02,-0.05,2.32,2.69,5.55,-33.45,33.72,0.02,1
L,2022-11-08 17:28:35.895451,0.00,-1.02,-0.05,2.14,2.38,5.07,-33.45,33.72,0.02,1
L,2022-11-08 17:28:35.895833,0.00,-1.02,-0.05,1.89,2.56,4.76,-33.45,33.72,0.02,1
L,2022-11-08 17:28:35.896233,0.00,-1.02,-0.05,1.65,2.38,4.15,-33.22,33.28,-0.33,1
L,2022-11-08 17:28:35.896652,0.00,-1.02,-0.05,1.28,2.38,3.54,-33.22,33.28,-0.33,1
L,2022-11-08 17:28:35.897068,0.01,-1.02,-0.05,1.04,2.44,3.23,-33.22,33.28,-0.33,1
L,2022-11-08 17:28:35.897450,0.01,-1.02,-0.05,0.31,2.32,2.26,-34.07,33.37,0.17,1
L,2022-11-08 17:28:35.897844,0.00,-1.02,-0.05,-0.12,2.38,1.77,-34.07,33.37,0.17,1
L,2022-11-08 17:28:35.898176,0.01,-1.02,-0.05,-0.06,2.56,1.46,-33.42,33.67,-1.01,1
L,2022-11-08 17:28:35.898510,0.00,-1.02,-0.05,-0.06,2.38,1.22,-33.42,33.67,-1.01,1
L,2022-11-08 17:28:35.899129,0.00,-1.02,-0.05,-0.18,2.26,1.16,-33.42,33.67,-1.01,1
L,2022-11-08 17:28:35.899516,0.00,-1.02,-0.05,-0.73,2.32,0.98,-33.73,34.02,-0.37,1
L,2022-11-08 17:28:35.899939,0.00,-1.02,-0.05,-0.43,2.20,1.10,-33.73,34.02,-0.37,1
L,2022-11-08 17:28:35.900325,0.00,-1.02,-0.05,-0.49,2.44,1.04,-33.73,34.02,-0.37,1
L,2022-11-08 17:28:35.900744,0.00,-1.02,-0.05,-0.43,2.32,0.92,-33.51,33.79,-0.70,1
L,2022-11-08 17:28:35.901172,0.00,-1.02,-0.05,-0.37,2.38,1.10,-33.51,33.79,-0.70,1
L,2022-11-08 17:28:35.901636,0.00,-1.02,-0.05,-0.49,2.20,1.40,-33.51,33.79,-0.70,1
L,2022-11-08 17:28:35.902025,-0.03,-1.02,-0.05,-0.37,2.44,1.10,-33.83,33.51,0.84,1
L,2022-11-08 17:28:35.902397,0.00,-1.02,-0.05,0.18,2.56,1.28,-33.83,33.51,0.84,1
L,2022-11-08 17:28:35.902820,0.00,-1.02,-0.05,-0.31,2.20,1.28,-34.01,33.11,-0.31,1
L,2022-11-08 17:28:35.903205,0.00,-1.02,-0.05,-0.37,1.95,1.16,-34.01,33.11,-0.31,1
L,2022-11-08 17:28:35.903628,0.00,-1.02,-0.05,-0.24,2.38,0.85,-34.01,33.11,-0.31,1
L,2022-11-08 17:28:35.904005,0.03,-1.02,-0.05,-0.79,2.01,0.61,-33.36,33.48,0.49,1
L,2022-11-08 17:28:35.904472,-0.00,-1.02,-0.05,-0.43,2.38,0.67,-33.36,33.48,0.49,1
L,2022-11-08 17:28:35.904858,-0.00,-1.02,-0.05,-0.92,2.32,0.49,-33.36,33.48,0.49,1
L,2022-11-08 17:28:35.905261,-0.00,-1.02,-0.05,-1.46,1.95,0.18,-33.51,33.39,1.15,1
L,2022-11-08 17:28:35.905663,-0.00,-1.02,-0.05,-0.85,2.08,0.18,-33.51,33.39,1.15,1
L,2022-11-08 17:28:35.906053,-0.00,-1.02,-0.05,-0.49,2.44,0.24,-33.51,33.39,1.15,1
L,2022-11-08 17:28:35.906476,-0.01,-1.02,-0.05,-0.85,1.95,0.49,-33.62,33.28,0.54,1
L,2022-11-08 17:28:35.906862,-0.01,-1.02,-0.04,-1.04,2.08,0.79,-33.62,33.28,0.54,1
L,2022-11-08 17:28:35.907287,-0.01,-1.02,-0.04,-0.12,2.38,1.22,-33.37,33.18,-0.65,1
L,2022-11-08 17:28:35.908124,-0.01,-1.02,-0.04,0.06,2.14,1.95,-33.37,33.18,-0.65,1
L,2022-11-08 17:28:35.908883,-0.00,-1.02,-0.04,0.67,2.26,2.62,-33.37,33.18,-0.65,1
L,2022-11-08 17:28:35.909752,-0.01,-1.02,-0.05,1.22,2.32,2.99,-33.20,33.35,0.00,1
L,2022-11-08 17:28:35.910622,-0.01,-1.02,-0.04,1.28,2.26,3.78,-33.20,33.35,0.00,1
L,2022-11-08 17:28:35.911610,-0.00,-1.02,-0.04,1.40,2.14,4.39,-33.20,33.35,0.00,1
L,2022-11-08 17:28:35.912180,-0.00,-1.02,-0.05,2.01,2.62,4.76,-32.87,34.07,-0.76,1
L,2022-11-08 17:28:35.912796,-0.00,-1.02,-0.05,1.89,2.50,4.76,-32.87,34.07,-0.76,1
L,2022-11-08 17:28:35.913473,-0.00,-1.02,-0.05,1.95,2.44,4.64,-32.87,34.07,-0.76,1
L,2022-11-08 17:28:35.913866,-0.00,-1.02,-0.05,1.83,2.50,4.39,-33.56,33.48,0.15,1
L,2022-11-08 17:28:35.914319,0.00,-1.02,-0.05,1.40,2.32,3.91,-33.56,33.48,0.15,1
L,2022-11-08 17:28:35.914746,0.00,-1.02,-0.05,1.22,2.01,3.42,-33.25,34.24,-0.06,1
L,2022-11-08 17:28:35.915164,0.00,-1.02,-0.05,0.98,2.44,2.93,-33.25,34.24,-0.06,1
L,2022-11-08 17:28:35.915600,0.00,-1.02,-0.05,0.31,2.08,2.44,-33.25,34.24,-0.06,1
L,2022-11-08 17:28:35.916058,0.00,-1.02,-0.05,0.31,2.01,2.32,-33.42,33.59,-0.65,1
L,2022-11-08 17:28:35.916435,0.00,-1.02,-0.05,0.37,2.32,2.08,-33.42,33.59,-0.65,1
L,2022-11-08 17:28:35.916834,0.00,-1.02,-0.05,0.55,2.44,2.26,-33.42,33.59,-0.65,1
L,2022-11-08 17:28:35.917245,0.00,-1.02,-0.05,0.06,2.08,1.95,-33.25,33.42,-0.88,1
L,2022-11-08 17:28:35.917622,0.00,-1.02,-0.05,0.43,2.44,2.38,-33.25,33.42,-0.88,1
L,2022-11-08 17:28:35.918034,0.00,-1.02,-0.05,0.49,2.38,2.44,-33.25,33.42,-0.88,1
L,2022-11-08 17:28:35.918547,0.00,-1.02,-0.05,0.31,2.62,2.32,-33.69,33.40,0.52,1
L,2022-11-08 17:28:35.919006,0.00,-1.02,-0.05,0.79,2.44,2.56,-33.69,33.40,0.52,1
L,2022-11-08 17:28:35.919402,0.00,-1.02,-0.05,0.49,2.38,2.50,-33.45,33.78,-0.71,1
L,2022-11-08 17:28:35.919770,0.00,-1.02,-0.05,0.18,2.38,2.14,-33.45,33.78,-0.71,1
L,2022-11-08 17:28:35.920179,0.00,-1.02,-0.05,0.55,2.20,1.89,-33.45,33.78,-0.71,1
L,2022-11-08 17:28:35.920541,0.00,-1.02,-0.05,0.00,2.26,1.95,-33.40,33.80,0.11,1
L,2022-11-08 17:28:35.920934,0.00,-1.02,-0.05,0.00,2.32,1.71,-33.40,33.80,0.11,1
L,2022-11-08 17:28:35.921353,0.00,-1.02,-0.05,0.18,2.20,1.59,-33.40,33.80,0.11,1
L,2022-11-08 17:28:35.921841,0.00,-1.02,-0.05,-0.06,2.01,1.40,-33.92,34.08,-0.81,1
L,2022-11-08 17:28:35.922288,0.00,-1.02,-0.05,-0.12,2.56,1.40,-33.92,34.08,-0.81,1
L,2022-11-08 17:28:35.922710,0.00,-1.02,-0.05,0.06,2.32,1.34,-33.92,34.08,-0.81,1
L,2022-11-08 17:28:35.923130,0.00,-1.02,-0.05,0.00,2.01,1.53,-33.75,33.68,-1.05,1
L,2022-11-08 17:28:35.923518,0.00,-1.02,-0.05,-0.24,2.26,1.28,-33.75,33.68,-1.05,1
L,2022-11-08 17:28:35.923935,0.00,-1.02,-0.05,-0.37,2.56,1.40,-34.20,33.25,0.40,1
L,2022-11-08 17:28:35.924316,-0.00,-1.02,-0.05,0.37,2.44,1.28,-34.20,33.25,0.40,1
L,2022-11-08 17:28:35.924740,-0.00,-1.02,-0.05,0.12,2.20,1.40,-34.20,33.25,0.40,1
L,2022-11-08 17:28:35.925133,-0.00,-1.02,-0.05,-0.18,2.32,1.53,-33.52,33.80,-0.46,1
L,2022-11-08 17:28:35.925517,-0.00,-1.02,-0.05,0.24,2.26,1.71,-33.52,33.80,-0.46,1
L,2022-11-08 17:28:35.925923,-0.00,-1.02,-0.05,0.00,2.14,1.77,-33.52,33.80,-0.46,1
L,2022-11-08 17:28:35.926358,-0.00,-1.02,-0.05,-0.06,1.83,1.65,-33.64,33.69,-1.66,1
L,2022-11-08 17:28:35.927320,-0.00,-1.02,-0.05,-0.06,2.32,1.95,-33.64,33.69,-1.66,1
L,2022-11-08 17:28:35.927938,-0.00,-1.02,-0.05,0.37,2.38,1.95,-33.64,33.69,-1.66,1
L,2022-11-08 17:28:35.928968,-0.00,-1.02,-0.05,0.37,1.89,2.32,-33.25,33.41,0.68,1
L,2022-11-08 17:28:35.929771,-0.00,-1.02,-0.05,0.73,2.32,2.56,-33.25,33.41,0.68,1
L,2022-11-08 17:28:35.930478,-0.00,-1.02,-0.05,0.92,2.20,2.56,-33.29,33.29,-0.42,1
L,2022-11-08 17:28:35.931041,-0.00,-1.02,-0.05,0.43,2.14,2.56,-33.29,33.29,-0.42,1
L,2022-11-08 17:28:35.931499,-0.00,-1.02,-0.05,0.55,2.20,2.87,-33.29,33.29,-0.42,1
L,2022-11-08 17:28:35.931903,-0.00,-1.02,-0.05,0.73,2.01,2.69,-33.54,33.46,0.11,1
L,2022-11-08 17:28:35.932260,-0.00,-1.02,-0.05,0.73,2.26,2.75,-33.54,33.46,0.11,1
L,2022-11-08 17:28:35.932751,-0.00,-1.02,-0.05,0.55,2.20,2.62,-33.54,33.46,0.11,1
L,2022-11-08 17:28:35.933125,0.00,-1.02,-0.05,0.73,2.20,2.81,-33.47,33.23,-0.90,1
L,2022-11-08 17:28:35.933688,0.00,-1.02,-0.05,0.49,2.38,2.26,-33.47,33.23,-0.90,1
L,2022-11-08 17:28:35.934232,-0.00,-1.02,-0.05,0.24,2.32,2.08,-33.47,33.23,-0.90,1
L,2022-11-08 17:28:35.934625,0.00,-1.02,-0.05,0.18,2.20,1.71,-33.34,33.51,-0.45,1
L,2022-11-08 17:28:35.935189,-0.00,-1.02,-0.05,0.18,2.26,2.08,-33.34,33.51,-0.45,1
L,2022-11-08 17:28:35.935840,-0.00,-1.02,-0.05,0.37,2.14,2.01,-33.63,33.13,-0.13,1
L,2022-11-08 17:28:35.936482,-0.00,-1.02,-0.05,0.49,2.44,2.26,-33.63,33.13,-0.13,1
L,2022-11-08 17:28:35.936946,-0.00,-1.02,-0.05,0.31,2.14,2.38,-33.63,33.13,-0.13,1
L,2022-11-08 17:28:35.937317,-0.00,-1.02,-0.04,0.55,2.01,2.50,-33.92,33.37,-0.33,1
L,2022-11-08 17:28:35.937674,-0.00,-1.02,-0.05,0.55,2.08,2.62,-33.92,33.37,-0.33,1
L,2022-11-08 17:28:35.938037,-0.00,-1.02,-0.05,0.67,2.38,2.56,-33.92,33.37,-0.33,1
L,2022-11-08 17:28:35.938398,0.00,-1.02,-0.05,0.79,2.20,2.50,-33.24,34.20,0.89,1
L,2022-11-08 17:28:35.938824,-0.00,-1.02,-0.05,0.92,2.38,2.62,-33.24,34.20,0.89,1
L,2022-11-08 17:28:35.939359,-0.00,-1.02,-0.05,0.79,2.50,2.62,-33.24,34.20,0.89,1
L,2022-11-08 17:28:35.939747,-0.00,-1.02,-0.05,0.49,2.26,2.50,-33.41,33.46,-0.48,1
L,2022-11-08 17:28:35.940113,0.00,-1.02,-0.05,0.67,2.20,2.38,-33.41,33.46,-0.48,1
L,2022-11-08 17:28:35.940479,0.00,-1.02,-0.05,0.49,2.44,2.20,-33.58,33.22,-0.94,1
L,2022-11-08 17:28:35.940841,-0.00,-1.02,-0.05,0.06,2.26,1.83,-33.58,33.22,-0.94,1
L,2022-11-08 17:28:35.941249,0.00,-1.02,-0.05,-0.24,2.20,1.65,-33.58,33.22,-0.94,1
L,2022-11-08 17:28:35.941760,-0.00,-1.02,-0.05,-0.31,2.20,1.65,-33.07,33.74,-1.11,1
L,2022-11-08 17:28:35.942552,-0.00,-1.02,-0.05,-0.12,2.32,1.53,-33.07,33.74,-1.11,1
L,2022-11-08 17:28:35.942972,-0.00,-1.02,-0.05,0.18,2.56,1.71,-33.07,33.74,-1.11,1
L,2022-11-08 17:28:35.943448,-0.00,-1.02,-0.05,0.18,2.38,2.20,-33.80,34.13,-0.98,1
L,2022-11-08 17:28:35.944106,-0.00,-1.02,-0.05,0.31,2.26,2.75,-33.80,34.13,-0.98,1
L,2022-11-08 17:28:35.944814,0.00,-1.02,-0.05,0.98,2.44,2.99,-33.80,34.13,-0.98,1
L,2022-11-08 17:28:35.945627,-0.00,-1.02,-0.05,1.10,2.56,2.87,-33.58,33.90,-1.33,1
L,2022-11-08 17:28:35.946859,0.00,-1.02,-0.05,0.67,2.44,2.44,-33.58,33.90,-1.33,1
L,2022-11-08 17:28:35.947376,0.00,-1.02,-0.05,0.06,2.44,2.20,-33.73,33.86,-1.01,1
L,2022-11-08 17:28:35.947946,0.00,-1.02,-0.05,-0.06,2.44,1.16,-33.73,33.86,-1.01,1
L,2022-11-08 17:28:35.948447,-0.00,-1.02,-0.05,-0.67,2.38,0.73,-33.73,33.86,-1.01,1
L,2022-11-08 17:28:35.948906,-0.01,-1.02,-0.05,-0.67,2.26,0.79,-33.51,34.05,-1.18,1
L,2022-11-08 17:28:35.949320,0.00,-1.02,-0.06,-0.61,2.56,0.98,-33.51,34.05,-1.18,1
L,2022-11-08 17:28:35.949756,-0.01,-1.02,-0.04,-0.67,1.65,2.01,-33.51,34.05,-1.18,1
L,2022-11-08 17:28:35.950222,0.00,-1.02,-0.03,-1.71,1.34,2.50,-33.68,33.61,1.28,1
L,2022-11-08 17:28:35.951078,0.00,-1.02,-0.03,0.98,2.62,2.08,-33.68,33.61,1.28,1
L,2022-11-08 17:28:35.951528,-0.00,-1.02,-0.05,2.01,2.69,1.34,-33.68,33.61,1.28,1
L,2022-11-08 17:28:35.952016,-0.00,-1.02,-0.05,-0.55,1.71,1.59,-33.17,33.92,-0.11,1
L,2022-11-08 17:28:35.952463,-0.01,-1.02,-0.05,-0.55,1.40,2.50,-33.17,33.92,-0.11,1
L,2022-11-08 17:28:35.952926,-0.00,-1.02,-0.05,1.22,2.38,3.97,-32.73,33.37,-0.51,1
L,2022-11-08 17:28:35.953377,-0.00,-1.02,-0.05,2.56,3.11,6.16,-32.73,33.37,-0.51,1
L,2022-11-08 17:28:35.953782,-0.00,-1.03,-0.06,3.11,2.01,7.81,-32.73,33.37,-0.51,1
L,2022-11-08 17:28:35.954183,0.01,-1.02,-0.04,2.38,1.65,9.28,-33.07,33.84,-0.89,1
L,2022-11-08 17:28:35.954576,0.00,-1.02,-0.05,4.27,2.26,10.13,-33.07,33.84,-0.89,1
L,2022-11-08 17:28:35.955055,0.01,-1.02,-0.04,5.49,3.97,10.56,-33.07,33.84,-0.89,1
L,2022-11-08 17:28:35.955533,0.01,-1.02,-0.06,6.77,3.42,10.13,-33.19,33.72,-0.07,1
L,2022-11-08 17:28:35.956016,0.02,-1.02,-0.06,4.15,3.23,9.16,-33.19,33.72,-0.07,1
L,2022-11-08 17:28:35.956548,0.02,-1.02,-0.06,3.78,3.11,7.32,-33.19,33.72,-0.07,1
L,2022-11-08 17:28:35.957028,0.02,-1.02,-0.06,2.62,3.54,5.31,-33.25,34.23,0.56,1
L,2022-11-08 17:28:35.957501,0.02,-1.02,-0.05,2.14,3.72,4.39,-33.25,34.23,0.56,1
L,2022-11-08 17:28:35.957942,0.02,-1.02,-0.06,2.75,4.33,3.30,-32.68,34.35,0.24,1
L,2022-11-08 17:28:35.958395,0.02,-1.02,-0.07,1.83,2.50,4.03,-32.68,34.35,0.24,1
L,2022-11-08 17:28:35.958879,0.02,-1.02,-0.06,0.43,0.98,4.94,-32.68,34.35,0.24,1
L,2022-11-08 17:28:35.959307,0.02,-1.02,-0.07,2.01,1.04,5.37,-33.53,34.67,-1.04,1
L,2022-11-08 17:28:35.959717,0.02,-1.01,-0.05,0.06,2.14,5.74,-33.53,34.67,-1.04,1
L,2022-11-08 17:28:35.960176,0.03,-1.02,-0.06,1.89,3.30,4.33,-33.53,34.67,-1.04,1
L,2022-11-08 17:28:35.960639,0.03,-1.02,-0.07,0.67,2.62,3.11,-33.31,34.20,0.42,1
L,2022-11-08 17:28:35.961046,0.02,-1.02,-0.06,0.37,2.14,2.75,-33.31,34.20,0.42,1
L,2022-11-08 17:28:35.961508,0.03,-1.02,-0.06,0.06,2.44,2.08,-33.31,34.20,0.42,1
L,2022-11-08 17:28:35.962157,0.02,-1.02,-0.07,0.61,2.99,2.08,-32.69,34.25,-0.70,1
L,2022-11-08 17:28:35.962830,0.02,-1.02,-0.07,0.55,2.38,2.62,-32.69,34.25,-0.70,1
L,2022-11-08 17:28:35.963386,0.03,-1.02,-0.06,0.37,1.95,3.36,-32.30,34.30,0.77,1
L,2022-11-08 17:28:35.963936,0.03,-1.02,-0.06,0.49,2.38,3.23,-32.30,34.30,0.77,1
L,2022-11-08 17:28:35.964511,0.03,-1.02,-0.07,0.79,2.87,2.38,-32.30,34.30,0.77,1
L,2022-11-08 17:28:35.965094,0.03,-1.02,-0.07,0.06,2.93,1.22,-33.17,34.73,-0.93,1
L,2022-11-08 17:28:35.965596,0.03,-1.02,-0.07,-2.87,2.62,-0.61,-33.17,34.73,-0.93,1
L,2022-11-08 17:28:35.966102,0.40,-2.08,0.10,-145.32,90.82,-219.36,-33.17,34.73,-0.93,1
L,2022-11-08 17:28:35.966717,-0.07,-0.36,-0.02,-241.09,144.90,14.16,-34.35,32.82,-2.95,1
L,2022-11-08 17:28:35.967525,-0.14,-0.73,0.14,80.02,88.75,-1.22,-34.35,32.82,-2.95,1
L,2022-11-08 17:28:35.968209,-0.56,-0.98,0.52,71.84,84.05,35.40,-34.35,32.82,-2.95,1
L,2022-11-08 17:28:35.968992,-0.48,-1.07,0.63,55.18,106.87,36.56,-35.29,33.26,-7.19,1
L,2022-11-08 17:28:35.969859,-0.23,-1.03,-0.01,109.80,-17.52,-5.19,-35.29,33.26,-7.19,1
L,2022-11-08 17:28:35.970419,-0.24,-0.93,-0.18,53.53,-19.78,-2.01,-34.41,33.09,-7.19,1
L,2022-11-08 17:28:35.970896,-0.09,-1.25,-0.01,118.96,-4.70,-2.32,-34.41,33.09,-7.19,1
L,2022-11-08 17:28:35.971563,0.03,-1.12,0.08,149.60,3.23,-4.03,-34.41,33.09,-7.19,1
L,2022-11-08 17:28:35.972079,0.07,-1.54,-0.22,68.79,-18.68,0.06,-33.34,31.62,-5.75,1
L,2022-11-08 17:28:35.972641,-0.14,-1.51,-0.37,-3.60,-58.29,-26.92,-33.34,31.62,-5.75,1
L,2022-11-08 17:28:35.973103,-0.11,-1.41,-0.46,13.31,-57.01,-51.70,-33.34,31.62,-5.75,1
L,2022-11-08 17:28:35.973961,-0.27,-1.29,-0.42,-9.83,-45.17,-59.39,-32.37,31.10,-2.21,1
L,2022-11-08 17:28:35.974470,-0.37,-1.10,-0.43,4.27,-33.45,-48.58,-32.37,31.10,-2.21,1
L,2022-11-08 17:28:35.974917,-0.37,-0.95,-0.32,9.40,-19.96,-5.68,-31.99,31.80,-0.81,1
L,2022-11-08 17:28:35.975385,-0.23,-1.16,-0.41,4.76,-11.23,15.08,-31.99,31.80,-0.81,1
L,2022-11-08 17:28:35.975870,-0.21,-1.34,-0.41,-23.80,-10.50,26.79,-31.99,31.80,-0.81,1
L,2022-11-08 17:28:35.976320,-0.15,-1.39,-0.38,-22.95,-9.64,19.59,-29.44,35.24,-1.04,1
L,2022-11-08 17:28:35.976782,0.00,-1.55,-0.17,18.62,-7.08,9.95,-29.44,35.24,-1.04,1
L,2022-11-08 17:28:35.977460,0.03,-1.46,-0.31,76.17,9.77,-27.59,-29.44,35.24,-1.04,1
L,2022-11-08 17:28:35.977955,0.03,-1.03,-0.03,110.41,6.16,-26.18,-27.98,35.45,2.01,1
L,2022-11-08 17:28:35.978456,0.01,-0.94,0.12,161.01,-7.51,-1.40,-27.98,35.45,2.01,1
L,2022-11-08 17:28:35.979454,0.09,-0.93,-0.07,216.06,-33.45,15.81,-27.98,35.45,2.01,1
L,2022-11-08 17:28:35.980090,0.15,-0.85,-0.21,224.12,-33.39,19.41,-25.16,32.39,9.34,1
L,2022-11-08 17:28:35.980592,0.19,-0.87,-0.34,183.84,-16.48,21.24,-25.16,32.39,9.34,1
L,2022-11-08 17:28:35.981056,0.24,-0.85,-0.46,236.51,-10.07,35.22,-22.97,27.76,13.24,1
L,2022-11-08 17:28:35.981640,0.24,-0.94,-0.59,297.61,-18.25,66.47,-22.97,27.76,13.24,1
L,2022-11-08 17:28:35.982106,0.18,-0.95,-0.71,321.96,-29.48,84.84,-22.97,27.76,13.24,1
L,2022-11-08 17:28:35.982880,0.17,-0.89,-0.84,268.43,-20.94,71.23,-19.74,18.87,17.53,1
L,2022-11-08 17:28:35.984065,0.25,-0.59,-0.65,150.27,4.88,32.23,-19.74,18.87,17.53,1
L,2022-11-08 17:28:35.984983,0.50,-0.37,-0.59,145.14,-13.92,41.99,-19.74,18.87,17.53,1
L,2022-11-08 17:28:35.985966,0.53,-0.46,-0.84,164.06,-47.97,80.51,-16.82,14.22,18.33,1
L,2022-11-08 17:28:35.986750,0.39,-0.59,-1.17,204.90,-57.01,100.46,-16.82,14.22,18.33,1
L,2022-11-08 17:28:35.987461,0.24,-0.67,-1.39,239.81,-26.67,86.98,-16.82,14.22,18.33,1
L,2022-11-08 17:28:35.988077,0.13,-0.44,-1.24,206.18,13.61,43.46,-13.10,6.75,19.92,1
L,2022-11-08 17:28:35.988570,0.07,-0.08,-1.07,139.53,38.27,24.17,-13.10,6.75,19.92,1
L,2022-11-08 17:28:35.989061,0.14,0.05,-1.10,111.08,54.14,16.36,-11.57,-0.22,19.13,1
L,2022-11-08 17:28:35.989616,0.21,0.09,-1.09,65.06,70.56,31.68,-11.57,-0.22,19.13,1
L,2022-11-08 17:28:35.989999,0.39,0.06,-0.97,36.99,83.13,52.37,-11.57,-0.22,19.13,1
L,2022-11-08 17:28:35.990354,0.58,0.27,-0.81,10.56,78.80,64.94,-13.35,-0.10,14.34,1
L,2022-11-08 17:28:35.991041,0.24,-0.36,-0.95,46.02,53.22,58.17,-13.35,-0.10,14.34,1
L,2022-11-08 17:28:35.991513,-0.06,0.11,-0.98,70.07,37.72,28.81,-13.35,-0.10,14.34,1
L,2022-11-08 17:28:35.991924,-0.10,0.35,-0.97,95.46,33.08,20.94,-13.50,-1.68,11.58,1
L,2022-11-08 17:28:35.992340,-0.15,0.43,-1.03,125.79,39.67,23.80,-13.50,-1.68,11.58,1
L,2022-11-08 17:28:35.992747,-0.28,0.25,-1.10,175.72,57.13,28.38,-13.50,-1.68,11.58,1
L,2022-11-08 17:28:35.993277,-0.28,0.05,-0.92,157.41,66.35,20.14,-13.98,-6.41,8.20,1
L,2022-11-08 17:28:35.993688,-0.38,0.26,-0.65,124.57,37.72,0.37,-13.98,-6.41,8.20,1
L,2022-11-08 17:28:35.994087,-0.16,0.27,-0.52,87.22,12.57,-21.48,-13.71,-10.12,4.94,1
L,2022-11-08 17:28:35.994474,-0.04,0.39,-0.54,28.69,-7.63,-46.08,-13.71,-10.12,4.94,1
L,2022-11-08 17:28:35.994846,0.16,0.19,-0.50,48.10,-27.95,-74.40,-13.71,-10.12,4.94,1
L,2022-11-08 17:28:35.995259,0.19,-0.11,-0.46,18.07,-47.67,-129.03,-10.08,-11.90,2.88,1
L,2022-11-08 17:28:35.995691,0.05,-0.18,-0.72,-16.11,-65.73,-175.84,-10.08,-11.90,2.88,1
L,2022-11-08 17:28:35.996109,0.01,-0.10,-0.79,35.71,-66.96,-232.91,-10.08,-11.90,2.88,1
L,2022-11-08 17:28:35.996736,0.13,1.16,-1.08,24.35,23.99,-93.02,-4.50,-15.33,4.79,1
L,2022-11-08 17:28:35.997432,0.56,0.54,-0.33,189.51,60.06,-1.77,-4.50,-15.33,4.79,1
L,2022-11-08 17:28:35.998424,0.30,0.66,-0.69,28.81,25.70,24.66,-4.50,-15.33,4.79,1
L,2022-11-08 17:28:35.999029,-0.04,0.39,-0.99,-34.97,56.09,19.71,-5.36,-16.61,1.11,1
L,2022-11-08 17:28:35.999442,-0.37,0.16,-1.11,-9.28,101.87,-14.59,-5.36,-16.61,1.11,1
L,2022-11-08 17:28:36.000166,-0.38,0.21,-1.04,92.96,153.38,-63.11,-6.13,-17.07,-3.74,1
L,2022-11-08 17:28:36.001051,-0.19,0.37,-0.78,188.60,184.33,-83.44,-6.13,-17.07,-3.74,1
L,2022-11-08 17:28:36.001976,-0.10,0.53,-0.48,117.31,144.17,-39.86,-6.13,-17.07,-3.74,1
L,2022-11-08 17:28:36.002765,-0.12,0.59,-0.47,50.17,101.75,-5.49,-6.82,-19.24,-10.39,1
L,2022-11-08 17:28:36.003488,-0.19,0.53,-0.51,20.08,73.79,9.34,-6.82,-19.24,-10.39,1
L,2022-11-08 17:28:36.004159,-0.26,0.51,-0.54,9.16,63.05,11.66,-6.82,-19.24,-10.39,1
L,2022-11-08 17:28:36.004745,-0.31,0.47,-0.57,16.78,63.35,2.50,-7.54,-17.94,-11.72,1
L,2022-11-08 17:28:36.005427,-0.28,0.53,-0.49,69.82,79.90,-20.87,-7.54,-17.94,-11.72,1
L,2022-11-08 17:28:36.005889,-0.30,0.54,-0.26,61.77,75.74,-24.11,-7.54,-17.94,-11.72,1
L,2022-11-08 17:28:36.006339,-0.36,0.57,-0.20,53.22,47.91,-16.72,-6.84,-17.71,-14.81,1
L,2022-11-08 17:28:36.006728,-0.37,0.63,-0.09,62.13,3.30,-9.46,-6.84,-17.71,-14.81,1
L,2022-11-08 17:28:36.007140,-0.37,0.63,-0.19,68.18,-47.36,2.08,-6.81,-18.10,-15.64,1
L,2022-11-08 17:28:36.007520,-0.43,0.61,-0.29,20.87,-83.13,13.98,-6.81,-18.10,-15.64,1
L,2022-11-08 17:28:36.007913,-0.32,0.28,-0.59,-107.06,-59.57,-27.22,-6.81,-18.10,-15.64,1
L,2022-11-08 17:28:36.008357,-0.23,0.43,-0.62,-24.78,-41.02,-151.37,-5.37,-19.25,-13.34,1
L,2022-11-08 17:28:36.008905,-0.12,0.80,-0.47,-26.79,-37.66,-127.69,-5.37,-19.25,-13.34,1
L,2022-11-08 17:28:36.009341,-0.09,0.70,-0.60,-14.28,-29.60,-61.16,-5.37,-19.25,-13.34,1
L,2022-11-08 17:28:36.009741,-0.13,0.78,-0.48,31.86,8.06,-25.45,-2.73,-20.74,-12.62,1
L,2022-11-08 17:28:36.010210,-0.12,0.73,-0.55,28.44,-11.90,-38.88,-2.73,-20.74,-12.62,1
L,2022-11-08 17:28:36.010724,-0.07,0.81,-0.59,-20.75,-29.79,-33.69,-2.73,-20.74,-12.62,1
L,2022-11-08 17:28:36.011262,-0.06,0.84,-0.72,-39.12,-13.24,-27.34,-0.92,-22.09,-10.64,1
L,2022-11-08 17:28:36.011989,-0.03,0.66,-0.60,-10.68,49.44,-21.73,-0.92,-22.09,-10.64,1
L,2022-11-08 17:28:36.012790,-0.13,0.82,-0.79,51.88,94.36,-15.01,-0.78,-22.95,-10.86,1
L,2022-11-08 17:28:36.013190,-0.05,0.83,-0.61,38.64,79.35,0.00,-0.78,-22.95,-10.86,1
L,2022-11-08 17:28:36.013625,-0.10,0.76,-0.83,48.71,57.25,-2.93,-0.78,-22.95,-10.86,1
L,2022-11-08 17:28:36.014037,-0.13,0.81,-0.83,80.44,65.31,-21.06,-0.88,-24.96,-14.99,1
L,2022-11-08 17:28:36.014479,-0.05,0.80,-0.81,71.96,48.71,-16.30,-0.88,-24.96,-14.99,1
L,2022-11-08 17:28:36.014876,-0.09,0.78,-0.81,52.55,40.22,-6.90,-0.88,-24.96,-14.99,1
L,2022-11-08 17:28:36.015254,-0.14,0.78,-0.82,74.40,50.90,-6.23,-0.79,-26.37,-16.44,1
L,2022-11-08 17:28:36.015705,-0.08,0.84,-0.68,89.48,55.54,-11.84,-0.79,-26.37,-16.44,1
L,2022-11-08 17:28:36.016080,-0.14,0.76,-0.53,72.45,34.79,12.63,-0.79,-26.37,-16.44,1
L,2022-11-08 17:28:36.016483,-0.12,0.77,-0.67,65.37,17.58,15.01,-1.40,-27.16,-19.59,1
L,2022-11-08 17:28:36.016921,-0.17,0.77,-0.65,65.55,33.14,-6.23,-1.40,-27.16,-19.59,1
L,2022-11-08 17:28:36.017354,-0.07,0.91,-0.66,44.13,27.77,-8.85,-2.00,-27.91,-22.49,1
L,2022-11-08 17:28:36.018153,-0.04,0.95,-0.63,56.34,24.11,-5.74,-2.00,-27.91,-22.49,1
L,2022-11-08 17:28:36.019100,-0.10,1.00,-0.49,112.67,37.54,-2.32,-2.00,-27.91,-22.49,1
L,2022-11-08 17:28:36.019869,-0.25,0.98,-0.27,125.18,43.33,7.93,-1.68,-28.08,-27.20,1
L,2022-11-08 17:28:36.020581,-0.14,0.98,-0.33,98.57,32.84,3.85,-1.68,-28.08,-27.20,1
L,2022-11-08 17:28:36.021700,-0.28,1.02,-0.29,128.30,29.79,-0.43,-1.68,-28.08,-27.20,1
L,2022-11-08 17:28:36.022396,-0.27,1.00,-0.29,159.30,35.95,-4.46,-1.50,-26.95,-31.65,1
L,2022-11-08 17:28:36.022804,-0.26,0.90,-0.19,126.89,36.50,6.77,-1.50,-26.95,-31.65,1
L,2022-11-08 17:28:36.023202,-0.28,0.91,-0.13,111.39,26.18,2.62,-1.50,-26.95,-31.65,1
L,2022-11-08 17:28:36.023632,-0.38,0.97,-0.19,143.80,28.38,-0.61,-1.12,-25.38,-36.27,1
L,2022-11-08 17:28:36.024010,-0.37,0.92,-0.02,174.38,41.44,6.47,-1.12,-25.38,-36.27,1
L,2022-11-08 17:28:36.024426,-0.31,0.92,0.07,213.87,47.73,3.85,-0.52,-20.90,-43.38,1
L,2022-11-08 17:28:36.024825,-0.20,0.89,0.14,238.10,44.13,9.28,-0.52,-20.90,-43.38,1
L,2022-11-08 17:28:36.025258,-0.16,0.85,0.17,215.58,27.40,16.48,-0.52,-20.90,-43.38,1
L,2022-11-08 17:28:36.025630,-0.26,1.33,0.08,193.36,5.62,28.32,-0.74,-13.02,-50.09,1
L,2022-11-08 17:28:36.026040,0.23,0.83,-0.58,203.00,-10.38,10.80,-0.74,-13.02,-50.09,1
L,2022-11-08 17:28:36.026558,-0.45,0.88,-0.06,-90.88,-47.61,8.61,-0.74,-13.02,-50.09,1
L,2022-11-08 17:28:36.027090,-0.47,1.16,-0.06,-58.72,-38.82,22.58,-2.78,-10.24,-51.51,1
L,2022-11-08 17:28:36.027466,-0.37,0.97,0.08,58.11,0.06,40.16,-2.78,-10.24,-51.51,1
L,2022-11-08 17:28:36.027865,-0.30,0.87,0.46,139.04,26.67,53.65,-2.78,-10.24,-51.51,1
L,2022-11-08 17:28:36.028360,-0.54,0.74,0.79,170.04,8.97,40.34,-3.91,-5.97,-52.19,1
L,2022-11-08 17:28:36.028764,-0.28,0.73,0.57,125.31,-17.15,18.19,-3.91,-5.97,-52.19,1
L,2022-11-08 17:28:36.029170,-0.56,0.73,0.45,44.86,-10.19,12.82,-4.88,-1.59,-53.28,1
L,2022-11-08 17:28:36.029642,-0.42,0.96,0.50,-1.71,32.23,15.87,-4.88,-1.59,-53.28,1
L,2022-11-08 17:28:36.030069,-0.28,0.89,0.64,30.70,56.95,37.41,-4.88,-1.59,-53.28,1
L,2022-11-08 17:28:36.030449,-0.20,0.71,0.64,56.34,44.43,39.31,-3.45,0.18,-54.53,1
L,2022-11-08 17:28:36.030845,-0.20,0.74,0.57,65.55,24.78,24.96,-3.45,0.18,-54.53,1
L,2022-11-08 17:28:36.031209,-0.26,0.82,0.50,83.19,13.37,10.19,-3.45,0.18,-54.53,1
L,2022-11-08 17:28:36.031630,-0.25,0.82,0.55,99.06,14.77,0.12,-2.92,3.92,-55.81,1
L,2022-11-08 17:28:36.032124,-0.18,0.70,0.60,88.99,16.72,11.29,-2.92,3.92,-55.81,1
L,2022-11-08 17:28:36.032520,-0.20,0.66,0.64,61.34,26.55,22.52,-2.92,3.92,-55.81,1
L,2022-11-08 17:28:36.032937,-0.29,0.62,0.69,61.34,30.88,29.48,-3.42,7.01,-56.30,1
L,2022-11-08 17:28:36.033300,-0.29,0.53,0.82,62.99,31.86,24.96,-3.42,7.01,-56.30,1
L,2022-11-08 17:28:36.033743,-0.25,0.45,0.77,31.43,19.59,20.02,-2.62,9.14,-55.66,1
L,2022-11-08 17:28:36.034155,-0.36,0.55,0.72,-22.40,-10.62,-36.38,-2.62,9.14,-55.66,1
L,2022-11-08 17:28:36.034597,-0.39,0.61,0.51,-0.55,-6.65,-49.93,-2.62,9.14,-55.66,1
L,2022-11-08 17:28:36.034994,-0.16,0.72,0.60,-18.13,8.54,-26.61,-3.02,8.75,-56.43,1
L,2022-11-08 17:28:36.035377,-0.20,0.77,0.64,-47.79,25.88,-6.41,-3.02,8.75,-56.43,1
L,2022-11-08 17:28:36.035778,-0.21,0.75,0.69,-12.76,27.28,6.71,-3.02,8.75,-56.43,1
L,2022-11-08 17:28:36.036194,-0.26,0.69,0.78,6.96,28.32,12.70,-2.40,8.20,-56.48,1
L,2022-11-08 17:28:36.036813,-0.17,0.68,0.78,8.48,18.01,-9.89,-2.40,8.20,-56.48,1
L,2022-11-08 17:28:36.037633,-0.03,0.68,0.34,-75.81,2.38,-9.09,-2.40,8.20,-56.48,1
L,2022-11-08 17:28:36.038535,-0.13,0.58,0.83,-49.68,11.84,18.31,-1.98,7.21,-56.88,1
L,2022-11-08 17:28:36.039002,-0.27,0.55,0.63,-52.31,-0.43,6.16,-1.98,7.21,-56.88,1
L,2022-11-08 17:28:36.039516,-0.31,0.71,0.53,-45.53,14.28,13.61,-2.28,6.16,-56.20,1
L,2022-11-08 17:28:36.040012,-0.27,0.68,0.61,9.16,41.63,29.91,-2.28,6.16,-56.20,1
L,2022-11-08 17:28:36.040512,-0.23,0.62,0.62,21.12,45.84,31.56,-2.28,6.16,-56.20,1
L,2022-11-08 17:28:36.041416,-0.19,0.71,0.62,11.60,46.02,27.83,-1.18,6.65,-57.43,1
L,2022-11-08 17:28:36.041902,-0.18,0.68,0.59,48.22,45.53,10.80,-1.18,6.65,-57.43,1
L,2022-11-08 17:28:36.042321,-0.32,0.60,0.54,63.90,57.25,-9.28,-1.18,6.65,-57.43,1
L,2022-11-08 17:28:36.042688,-0.22,0.34,0.62,85.94,81.24,-47.73,1.39,10.22,-57.09,1
L,2022-11-08 17:28:36.043051,0.02,0.26,0.73,79.65,81.91,-73.61,1.39,10.22,-57.09,1
L,2022-11-08 17:28:36.043513,0.19,0.40,0.72,54.26,89.78,-108.95,1.39,10.22,-57.09,1
L,2022-11-08 17:28:36.044001,0.16,0.53,0.77,-23.80,101.07,-143.80,4.26,11.58,-58.69,1
L,2022-11-08 17:28:36.044522,0.21,0.59,0.70,-77.70,112.49,-170.23,4.26,11.58,-58.69,1
L,2022-11-08 17:28:36.045225,0.22,0.76,0.49,-89.78,143.55,-196.59,10.24,7.86,-58.13,1
L,2022-11-08 17:28:36.045919,0.46,0.90,0.24,-32.41,186.22,-190.00,10.24,7.86,-58.13,1
L,2022-11-08 17:28:36.046311,0.53,0.96,0.18,14.65,230.65,-166.32,10.24,7.86,-58.13,1
L,2022-11-08 17:28:36.046781,0.59,0.90,0.34,53.22,272.83,-124.69,20.63,8.07,-57.74,1
L,2022-11-08 17:28:36.047180,0.93,0.57,0.92,37.05,280.82,-67.38,20.63,8.07,-57.74,1
L,2022-11-08 17:28:36.047645,0.71,0.37,1.26,-38.88,167.30,-34.42,20.63,8.07,-57.74,1
L,2022-11-08 17:28:36.048026,0.67,0.55,1.34,-42.72,80.63,-44.92,28.88,8.29,-54.70,1
L,2022-11-08 17:28:36.048399,0.62,0.87,0.85,-72.57,13.37,-36.38,28.88,8.29,-54.70,1
L,2022-11-08 17:28:36.048807,0.59,0.80,0.32,-79.83,-10.25,-8.61,28.88,8.29,-54.70,1
L,2022-11-08 17:28:36.049191,0.70,0.81,0.37,-49.80,13.98,12.76,28.38,6.03,-53.72,1
L,2022-11-08 17:28:36.049605,0.52,0.52,0.58,-21.12,14.10,39.86,28.38,6.03,-53.72,1
L,2022-11-08 17:28:36.049960,0.57,0.31,0.63,-29.30,7.81,20.14,28.69,5.09,-53.74,1
L,2022-11-08 17:28:36.050343,0.61,0.70,0.56,-26.86,-7.32,8.79,28.69,5.09,-53.74,1
L,2022-11-08 17:28:36.050703,0.62,0.74,0.31,-32.71,-11.54,10.68,28.69,5.09,-53.74,1
L,2022-11-08 17:28:36.051052,0.56,0.80,0.24,-35.40,8.24,11.78,28.50,3.65,-53.64,1
L,2022-11-08 17:28:36.051432,0.54,0.70,0.40,-9.64,28.44,26.86,28.50,3.65,-53.64,1
L,2022-11-08 17:28:36.051804,0.50,0.62,0.61,10.44,25.02,30.03,28.50,3.65,-53.64,1
L,2022-11-08 17:28:36.052258,0.55,0.72,0.57,-3.91,18.49,24.96,29.59,2.75,-53.31,1
L,2022-11-08 17:28:36.052645,0.63,0.83,0.52,-25.94,11.47,22.22,29.59,2.75,-53.31,1
L,2022-11-08 17:28:36.053059,0.58,0.88,0.59,-42.66,2.75,23.68,29.59,2.75,-53.31,1
L,2022-11-08 17:28:36.053423,0.54,0.86,0.45,-49.74,-6.96,32.23,28.71,1.70,-52.27,1
L,2022-11-08 17:28:36.053883,0.47,0.71,0.42,-9.46,-11.90,48.52,28.71,1.70,-52.27,1
L,2022-11-08 17:28:36.054330,0.54,0.60,0.33,1.40,-16.24,40.83,28.47,0.68,-52.66,1
L,2022-11-08 17:28:36.055211,0.60,0.72,0.22,-8.73,-11.35,29.97,28.47,0.68,-52.66,1
L,2022-11-08 17:28:36.056044,0.55,0.75,0.22,-22.77,3.11,26.55,28.47,0.68,-52.66,1
L,2022-11-08 17:28:36.056699,0.56,0.68,0.35,-30.27,17.33,23.13,27.67,-0.29,-51.93,1
L,2022-11-08 17:28:36.057234,0.57,0.62,0.34,-40.53,18.31,12.27,27.67,-0.29,-51.93,1
L,2022-11-08 17:28:36.057756,0.57,0.64,0.16,-40.22,16.36,5.13,27.67,-0.29,-51.93,1
L,2022-11-08 17:28:36.058297,0.58,0.67,0.27,-34.12,25.51,-1.77,28.61,-1.97,-51.14,1
L,2022-11-08 17:28:36.058858,0.56,0.74,0.33,-33.08,29.48,-5.92,28.61,-1.97,-51.14,1
L,2022-11-08 17:28:36.059453,0.60,0.77,0.35,-29.30,29.85,-5.86,28.61,-1.97,-51.14,1
L,2022-11-08 17:28:36.060025,0.60,0.74,0.38,-32.65,19.84,-1.16,29.28,-2.65,-51.01,1
L,2022-11-08 17:28:36.060462,0.57,0.64,0.28,-27.83,13.06,2.75,29.28,-2.65,-51.01,1
L,2022-11-08 17:28:36.060898,0.56,0.59,0.18,-20.75,8.30,3.97,29.00,-3.00,-49.13,1
L,2022-11-08 17:28:36.061323,0.57,0.58,0.12,-11.41,10.07,4.03,29.00,-3.00,-49.13,1
L,2022-11-08 17:28:36.061876,0.53,0.60,0.13,-7.45,19.65,-0.24,29.00,-3.00,-49.13,1
L,2022-11-08 17:28:36.062390,0.55,0.65,0.22,-11.90,32.04,-6.59,31.15,-3.49,-48.91,1
L,2022-11-08 17:28:36.062838,0.56,0.73,0.27,-22.28,30.76,-8.54,31.15,-3.49,-48.91,1
L,2022-11-08 17:28:36.063288,0.51,0.74,0.22,-21.73,26.49,-4.88,31.15,-3.49,-48.91,1
L,2022-11-08 17:28:36.063704,0.52,0.73,0.18,-5.86,23.38,-0.31,31.14,-4.31,-47.12,1
L,2022-11-08 17:28:36.064152,0.52,0.69,0.17,5.62,23.13,6.04,31.14,-4.31,-47.12,1
L,2022-11-08 17:28:36.064569,0.50,0.66,0.18,19.41,21.61,8.79,31.14,-4.31,-47.12,1
L,2022-11-08 17:28:36.065149,0.45,0.72,0.23,26.25,20.87,7.81,31.77,-4.13,-46.40,1
L,2022-11-08 17:28:36.065564,0.50,0.81,0.28,28.38,20.57,7.08,31.77,-4.13,-46.40,1
L,2022-11-08 17:28:36.065928,0.49,0.82,0.23,15.32,16.97,12.51,32.35,-4.15,-46.59,1
L,2022-11-08 17:28:36.066320,0.51,0.81,0.21,11.05,17.46,18.49,32.35,-4.15,-46.59,1
L,2022-11-08 17:28:36.066844,0.52,0.73,0.21,13.55,16.66,21.00,32.35,-4.15,-46.59,1
L,2022-11-08 17:28:36.067266,0.47,0.66,0.20,18.62,13.55,19.59,32.65,-4.27,-47.94,1
L,2022-11-08 17:28:36.067664,0.49,0.67,0.19,26.98,10.13,17.46,32.65,-4.27,-47.94,1
L,2022-11-08 17:28:36.068066,0.52,0.73,0.22,31.07,11.41,12.57,32.65,-4.27,-47.94,1
L,2022-11-08 17:28:36.068421,0.57,0.84,0.27,19.41,15.81,4.52,33.00,-3.19,-47.42,1
L,2022-11-08 17:28:36.068797,0.53,0.88,0.28,-13.85,18.01,6.59,33.00,-3.19,-47.42,1
L,2022-11-08 17:28:36.069167,0.52,0.79,0.29,6.84,15.56,14.04,33.00,-3.19,-47.42,1
L,2022-11-08 17:28:36.069522,0.54,0.73,0.25,15.99,9.77,17.52,33.47,-3.70,-46.90,1
L,2022-11-08 17:28:36.069888,0.56,0.69,0.20,21.79,5.92,14.59,33.47,-3.70,-46.90,1
L,2022-11-08 17:28:36.070243,0.52,0.72,0.22,21.30,7.20,9.22,33.17,-2.95,-47.42,1
L,2022-11-08 17:28:36.070624,0.56,0.78,0.27,2.75,10.31,3.23,33.17,-2.95,-47.42,1
L,2022-11-08 17:28:36.070972,0.57,0.85,0.27,3.42,11.41,3.66,33.17,-2.95,-47.42,1
L,2022-11-08 17:28:36.071333,0.57,0.82,0.27,-2.81,12.39,8.18,33.62,-3.15,-46.67,1
L,2022-11-08 17:28:36.071710,0.53,0.76,0.26,-1.10,11.54,8.54,33.62,-3.15,-46.67,1
L,2022-11-08 17:28:36.072129,0.52,0.73,0.25,2.69,10.31,8.36,33.62,-3.15,-46.67,1
L,2022-11-08 17:28:36.072745,0.51,0.74,0.24,6.96,8.12,7.69,33.85,-3.11,-47.97,1
L,2022-11-08 17:28:36.073413,0.53,0.79,0.25,7.20,10.38,7.32,33.85,-3.11,-47.97,1
L,2022-11-08 17:28:36.074268,0.52,0.82,0.28,3.72,12.88,6.47,33.85,-3.11,-47.97,1
L,2022-11-08 17:28:36.074702,0.52,0.80,0.28,1.83,12.63,8.06,33.57,-3.45,-45.96,1
L,2022-11-08 17:28:36.075207,0.48,0.76,0.28,2.69,9.52,11.96,33.57,-3.45,-45.96,1
L,2022-11-08 17:28:36.075658,0.48,0.71,0.26,6.53,5.55,15.81,33.92,-2.72,-47.50,1
L,2022-11-08 17:28:36.076338,0.49,0.73,0.22,13.61,2.14,14.16,33.92,-2.72,-47.50,1
L,2022-11-08 17:28:36.077023,0.53,0.79,0.18,9.70,4.15,12.39,33.92,-2.72,-47.50,1
L,2022-11-08 17:28:36.077515,0.50,0.84,0.22,3.85,12.39,11.72,33.85,-2.77,-47.19,1
L,2022-11-08 17:28:36.077885,0.49,0.82,0.28,6.77,17.82,13.61,33.85,-2.77,-47.19,1
L,2022-11-08 17:28:36.078604,0.49,0.77,0.28,12.57,15.93,16.24,33.85,-2.77,-47.19,1
L,2022-11-08 17:28:36.079334,0.49,0.73,0.27,17.27,9.34,16.91,33.95,-3.32,-46.04,1
L,2022-11-08 17:28:36.079902,0.50,0.76,0.26,17.76,6.16,15.99,33.95,-3.32,-46.04,1
L,2022-11-08 17:28:36.080289,0.52,0.77,0.24,11.47,5.74,12.82,33.95,-3.32,-46.04,1
L,2022-11-08 17:28:36.080704,0.51,0.80,0.23,2.87,7.81,9.28,34.05,-2.94,-46.74,1
L,2022-11-08 17:28:36.081081,0.50,0.84,0.27,0.06,10.93,8.42,34.05,-2.94,-46.74,1
L,2022-11-08 17:28:36.081455,0.49,0.81,0.25,4.27,10.07,12.82,34.05,-3.12,-47.53,1
L,2022-11-08 17:28:36.081808,0.49,0.76,0.25,9.16,10.07,15.14,34.05,-3.12,-47.53,1
L,2022-11-08 17:28:36.082162,0.48,0.76,0.25,12.02,8.61,14.34,34.05,-3.12,-47.53,1
L,2022-11-08 17:28:36.082550,0.50,0.76,0.25,11.05,8.61,13.98,34.35,-2.70,-46.89,1
L,2022-11-08 17:28:36.082897,0.51,0.78,0.25,5.80,9.03,11.11,34.35,-2.70,-46.89,1
L,2022-11-08 17:28:36.083278,0.47,0.80,0.26,5.55,10.44,9.16,34.35,-2.70,-46.89,1
L,2022-11-08 17:28:36.083636,0.47,0.78,0.28,11.96,10.56,9.58,34.07,-3.05,-46.91,1
L,2022-11-08 17:28:36.083983,0.46,0.76,0.30,13.24,8.79,8.42,34.07,-3.05,-46.91,1
L,2022-11-08 17:28:36.084365,0.48,0.77,0.31,10.07,6.47,5.43,34.07,-3.05,-46.91,1
L,2022-11-08 17:28:36.084735,0.49,0.80,0.29,2.81,3.85,2.56,34.20,-3.04,-47.20,1
L,2022-11-08 17:28:36.085222,0.46,0.82,0.27,-2.01,5.19,-0.12,34.20,-3.04,-47.20,1
L,2022-11-08 17:28:36.085597,0.47,0.83,0.32,3.97,4.88,1.83,34.90,-3.22,-46.28,1
L,2022-11-08 17:28:36.085960,0.47,0.77,0.28,6.90,1.59,3.48,34.90,-3.22,-46.28,1
L,2022-11-08 17:28:36.086310,0.49,0.76,0.27,9.03,-0.67,1.46,34.90,-3.22,-46.28,1
L,2022-11-08 17:28:36.086669,0.50,0.80,0.26,5.62,-2.14,-0.92,34.61,-2.26,-47.16,1
L,2022-11-08 17:28:36.087033,0.49,0.80,0.24,4.52,0.85,-1.46,34.61,-2.26,-47.16,1
L,2022-11-08 17:28:36.087382,0.50,0.79,0.27,4.03,2.99,-1.16,34.61,-2.26,-47.16,1
L,2022-11-08 17:28:36.087758,0.50,0.80,0.28,2.75,2.32,0.12,34.44,-2.06,-47.72,1
L,2022-11-08 17:28:36.088108,0.48,0.78,0.26,3.17,2.38,1.10,34.44,-2.06,-47.72,1
L,2022-11-08 17:28:36.088453,0.49,0.76,0.26,4.39,3.54,2.56,34.44,-2.06,-47.72,1
L,2022-11-08 17:28:36.088815,0.50,0.77,0.28,3.66,4.82,0.61,34.38,-1.53,-46.92,1
L,2022-11-08 17:28:36.089232,0.49,0.80,0.31,1.34,6.10,-1.59,34.38,-1.53,-46.92,1
L,2022-11-08 17:28:36.089757,0.49,0.83,0.33,1.46,5.00,-1.40,34.81,-2.39,-47.24,1
L,2022-11-08 17:28:36.090289,0.50,0.83,0.31,0.79,3.48,0.85,34.81,-2.39,-47.24,1
L,2022-11-08 17:28:36.090702,0.50,0.80,0.29,0.55,3.78,2.44,34.81,-2.39,-47.24,1
L,2022-11-08 17:28:36.091056,0.49,0.77,0.30,2.44,3.48,3.17,35.02,-2.04,-46.74,1
L,2022-11-08 17:28:36.091501,0.49,0.74,0.29,2.87,0.92,2.69,35.02,-2.04,-46.74,1
L,2022-11-08 17:28:36.092314,0.48,0.75,0.28,0.49,-0.55,1.89,35.02,-2.04,-46.74,1
L,2022-11-08 17:28:36.093209,0.48,0.77,0.26,0.37,-0.49,1.83,34.70,-2.58,-48.46,1
L,2022-11-08 17:28:36.093937,0.48,0.77,0.25,1.89,1.04,1.22,34.70,-2.58,-48.46,1
L,2022-11-08 17:28:36.094588,0.48,0.77,0.26,2.50,2.87,0.85,34.70,-2.58,-48.46,1
L,2022-11-08 17:28:36.095271,0.47,0.77,0.28,4.15,4.15,2.26,34.81,-1.65,-46.63,1
L,2022-11-08 17:28:36.096114,0.47,0.77,0.28,7.08,3.05,4.09,34.81,-1.65,-46.63,1
L,2022-11-08 17:28:36.096470,0.47,0.79,0.29,8.67,2.56,4.39,35.24,-1.66,-48.40,1
L,2022-11-08 17:28:36.096860,0.46,0.77,0.29,7.81,2.20,5.00,35.24,-1.66,-48.40,1
L,2022-11-08 17:28:36.097204,0.45,0.77,0.29,8.73,1.59,4.70,35.24,-1.66,-48.40,1
L,2022-11-08 17:28:36.097564,0.46,0.78,0.31,8.73,1.28,2.14,34.42,-1.98,-47.79,1
L,2022-11-08 17:28:36.097993,0.47,0.81,0.32,7.93,1.53,1.83,34.42,-1.98,-47.79,1
L,2022-11-08 17:28:36.098357,0.47,0.81,0.32,7.45,2.44,1.89,34.42,-1.98,-47.79,1
L,2022-11-08 17:28:36.098775,0.49,0.81,0.34,5.92,2.50,0.79,34.08,-1.45,-47.55,1
L,2022-11-08 17:28:36.099127,0.49,0.80,0.33,3.60,1.16,0.61,34.08,-1.45,-47.55,1
L,2022-11-08 17:28:36.099519,0.50,0.79,0.32,-0.12,-0.18,1.22,34.08,-1.45,-47.55,1
L,2022-11-08 17:28:36.099919,0.50,0.77,0.28,-1.22,0.24,2.38,34.25,-1.66,-47.94,1
L,2022-11-08 17:28:36.100274,0.50,0.76,0.29,-1.34,1.59,2.01,34.25,-1.66,-47.94,1
L,2022-11-08 17:28:36.100632,0.50,0.77,0.30,-3.97,2.50,1.40,34.61,-1.26,-48.13,1
L,2022-11-08 17:28:36.100983,0.50,0.77,0.29,-6.29,3.48,0.92,34.61,-1.26,-48.13,1
L,2022-11-08 17:28:36.101419,0.50,0.77,0.28,-2.81,4.70,2.81,34.61,-1.26,-48.13,1
L,2022-11-08 17:28:36.101870,0.50,0.76,0.30,-2.93,6.59,4.15,34.79,-1.75,-48.28,1
L,2022-11-08 17:28:36.102242,0.50,0.75,0.31,-5.43,6.96,4.03,34.79,-1.75,-48.28,1
L,2022-11-08 17:28:36.102638,0.50,0.74,0.31,-5.37,6.23,3.78,34.79,-1.75,-48.28,1
L,2022-11-08 17:28:36.103024,0.49,0.75,0.31,-2.75,5.19,4.58,34.69,-2.12,-48.43,1
L,2022-11-08 17:28:36.103407,0.49,0.77,0.31,-1.16,5.68,6.53,34.69,-2.12,-48.43,1
L,2022-11-08 17:28:36.103747,0.48,0.76,0.32,0.43,4.70,8.18,34.69,-2.12,-48.43,1
L,2022-11-08 17:28:36.104234,0.49,0.75,0.31,3.54,3.36,9.09,34.56,-1.77,-46.44,1
L,2022-11-08 17:28:36.104614,0.48,0.75,0.31,2.87,2.93,8.79,34.56,-1.77,-46.44,1
L,2022-11-08 17:28:36.104980,0.48,0.76,0.31,4.21,2.69,8.54,35.13,-2.25,-47.44,1
L,2022-11-08 17:28:36.105394,0.47,0.76,0.30,7.39,2.01,8.12,35.13,-2.25,-47.44,1
L,2022-11-08 17:28:36.105765,0.47,0.78,0.30,6.16,2.08,7.57,35.13,-2.25,-47.44,1
L,2022-11-08 17:28:36.106163,0.48,0.78,0.30,5.62,2.38,6.71,34.69,-1.42,-47.12,1
L,2022-11-08 17:28:36.106506,0.49,0.78,0.30,5.13,2.93,5.80,34.69,-1.42,-47.12,1
L,2022-11-08 17:28:36.106850,0.48,0.79,0.30,2.01,3.17,3.97,34.69,-1.42,-47.12,1
L,2022-11-08 17:28:36.107221,0.47,0.81,0.31,1.83,4.15,3.72,34.46,-2.10,-48.01,1
L,2022-11-08 17:28:36.107570,0.45,0.78,0.30,5.68,3.78,5.07,34.46,-2.10,-48.01,1
L,2022-11-08 17:28:36.107975,0.45,0.78,0.31,7.20,3.11,5.31,34.46,-2.10,-48.01,1
L,2022-11-08 17:28:36.108373,0.44,0.78,0.31,6.84,2.81,4.64,34.73,-1.50,-47.07,1
L,2022-11-08 17:28:36.108745,0.46,0.79,0.32,5.49,2.44,3.42,34.73,-1.50,-47.07,1
L,2022-11-08 17:28:36.109113,0.45,0.80,0.32,2.93,2.32,1.53,35.23,-2.06,-47.71,1
L,2022-11-08 17:28:36.109493,0.46,0.81,0.32,0.55,2.75,0.73,35.23,-2.06,-47.71,1
L,2022-11-08 17:28:36.109955,0.47,0.80,0.32,0.43,2.44,0.43,35.23,-2.06,-47.71,1
L,2022-11-08 17:28:36.111211,0.47,0.79,0.32,1.16,1.28,-0.37,34.80,-1.46,-47.12,1
L,2022-11-08 17:28:36.111763,0.47,0.79,0.31,0.79,0.31,-1.10,34.80,-1.46,-47.12,1
L,2022-11-08 17:28:36.112317,0.49,0.79,0.30,-0.24,0.24,-1.28,34.80,-1.46,-47.12,1
L,2022-11-08 17:28:36.113019,0.47,0.79,0.29,-3.30,2.20,-1.53,34.99,-1.62,-48.23,1
L,2022-11-08 17:28:36.113893,0.48,0.77,0.30,-4.64,4.27,-1.28,34.99,-1.62,-48.23,1
L,2022-11-08 17:28:36.114472,0.49,0.77,0.30,-4.27,5.80,-1.83,34.99,-1.62,-48.23,1
L,2022-11-08 17:28:36.114970,0.49,0.76,0.31,-3.85,6.10,-1.95,34.44,-1.16,-47.35,1
L,2022-11-08 17:28:36.115343,0.49,0.75,0.31,-3.30,6.16,-1.22,34.44,-1.16,-47.35,1
L,2022-11-08 17:28:36.115698,0.47,0.76,0.32,-0.61,4.64,-0.24,34.80,-1.34,-48.33,1
L,2022-11-08 17:28:36.116085,0.49,0.76,0.31,0.92,3.78,1.22,34.80,-1.34,-48.33,1
L,2022-11-08 17:28:36.116428,0.47,0.78,0.32,1.40,3.78,2.20,34.80,-1.34,-48.33,1
L,2022-11-08 17:28:36.116788,0.46,0.77,0.31,2.99,3.78,4.82,35.18,-1.39,-47.77,1
L,2022-11-08 17:28:36.117131,0.48,0.75,0.31,5.25,3.30,6.90,35.18,-1.39,-47.77,1
L,2022-11-08 17:28:36.117506,0.48,0.75,0.32,3.48,2.08,6.65,35.18,-1.39,-47.77,1
L,2022-11-08 17:28:36.117848,0.47,0.76,0.30,3.78,1.10,6.10,35.00,-1.12,-46.68,1
L,2022-11-08 17:28:36.118188,0.46,0.76,0.29,5.92,0.98,6.71,35.00,-1.12,-46.68,1
L,2022-11-08 17:28:36.118579,0.47,0.76,0.29,6.23,1.71,6.23,35.00,-1.12,-46.68,1
L,2022-11-08 17:28:36.118948,0.47,0.76,0.29,5.86,1.71,4.88,34.69,-1.05,-49.11,1
L,2022-11-08 17:28:36.119503,0.48,0.77,0.30,6.29,1.77,3.05,34.69,-1.05,-49.11,1
L,2022-11-08 17:28:36.119871,0.47,0.75,0.29,5.43,1.34,2.44,34.42,-1.03,-47.90,1
L,2022-11-08 17:28:36.120220,0.49,0.75,0.31,5.07,1.22,0.12,34.42,-1.03,-47.90,1
L,2022-11-08 17:28:36.120616,0.48,0.76,0.29,3.91,0.49,-2.01,34.42,-1.03,-47.90,1
L,2022-11-08 17:28:36.120993,0.47,0.81,0.32,1.46,2.62,-4.46,34.38,-0.71,-47.18,1
L,2022-11-08 17:28:36.121404,0.48,0.80,0.31,-0.55,5.00,-4.76,34.38,-0.71,-47.18,1
L,2022-11-08 17:28:36.121815,0.47,0.84,0.34,-0.43,5.19,-3.72,34.38,-0.71,-47.18,1
L,2022-11-08 17:28:36.122265,0.48,0.82,0.32,1.34,5.31,-1.22,34.97,-0.92,-46.88,1
L,2022-11-08 17:28:36.122641,0.48,0.81,0.34,4.52,5.19,0.18,34.97,-0.92,-46.88,1
L,2022-11-08 17:28:36.123004,0.48,0.79,0.34,4.33,3.91,1.89,34.97,-0.92,-46.88,1
L,2022-11-08 17:28:36.123433,0.48,0.77,0.32,1.65,3.97,0.85,34.81,-0.76,-47.13,1
L,2022-11-08 17:28:36.123829,0.49,0.77,0.32,-2.81,3.60,-0.31,34.81,-0.76,-47.13,1
L,2022-11-08 17:28:36.124283,0.48,0.78,0.30,-6.10,3.23,-0.55,35.13,-0.29,-47.31,1
L,2022-11-08 17:28:36.124841,0.47,0.77,0.29,-4.58,3.97,1.59,35.13,-0.29,-47.31,1
L,2022-11-08 17:28:36.125209,0.48,0.74,0.29,1.22,4.15,4.39,35.13,-0.29,-47.31,1
L,2022-11-08 17:28:36.125592,0.49,0.72,0.30,5.00,3.60,5.07,35.12,-0.73,-47.85,1
L,2022-11-08 17:28:36.125974,0.50,0.74,0.30,4.88,3.11,5.00,35.12,-0.73,-47.85,1
L,2022-11-08 17:28:36.126371,0.51,0.75,0.29,1.53,4.88,4.03,35.12,-0.73,-47.85,1
L,2022-11-08 17:28:36.126871,0.54,0.75,0.28,-1.10,6.84,3.17,35.23,-0.85,-47.09,1
L,2022-11-08 17:28:36.127556,0.54,0.77,0.30,-2.20,7.63,2.50,35.23,-0.85,-47.09,1
L,2022-11-08 17:28:36.128219,0.56,0.76,0.28,-2.93,6.35,2.14,35.23,-0.85,-47.09,1
L,2022-11-08 17:28:36.129759,0.56,0.78,0.24,-1.40,5.80,3.11,35.39,-0.54,-45.89,1
L,2022-11-08 17:28:36.130549,0.57,0.79,0.20,-1.04,8.24,2.99,35.39,-0.54,-45.89,1
L,2022-11-08 17:28:36.131120,0.60,0.79,0.19,-2.93,11.41,2.26,35.71,-0.79,-47.83,1
L,2022-11-08 17:28:36.131622,0.60,0.82,0.17,-7.14,14.16,-0.12,35.71,-0.79,-47.83,1
L,2022-11-08 17:28:36.132087,0.58,0.88,0.19,-8.24,16.30,-1.53,35.71,-0.79,-47.83,1
L,2022-11-08 17:28:36.132564,0.61,0.95,0.18,-10.19,17.76,0.43,35.66,-1.35,-47.71,1
L,2022-11-08 17:28:36.133093,0.63,0.98,0.14,-14.95,20.08,1.83,35.66,-1.35,-47.71,1
L,2022-11-08 17:28:36.133511,0.61,1.04,0.18,-17.15,24.78,4.70,35.66,-1.35,-47.71,1
L,2022-11-08 17:28:36.133929,0.58,1.02,0.21,-10.74,28.56,8.85,36.77,-2.32,-45.70,1
L,2022-11-08 17:28:36.134331,0.59,0.99,0.28,-4.15,31.19,11.05,36.77,-2.32,-45.70,1
L,2022-11-08 17:28:36.134760,0.60,0.97,0.28,-15.08,30.70,10.56,36.77,-2.32,-45.70,1
L,2022-11-08 17:28:36.135189,0.57,0.95,0.25,-23.99,31.98,11.47,36.85,-2.36,-43.98,1
L,2022-11-08 17:28:36.135597,0.56,0.92,0.27,-29.05,35.58,12.45,36.85,-2.36,-43.98,1
L,2022-11-08 17:28:36.136003,0.51,0.86,0.30,-31.56,36.13,13.00,37.08,-3.56,-42.04,1
L,2022-11-08 17:28:36.136639,0.52,0.82,0.29,-33.02,33.08,14.83,37.08,-3.56,-42.04,1
L,2022-11-08 17:28:36.137197,0.53,0.78,0.24,-36.01,26.18,14.28,37.08,-3.56,-42.04,1
L,2022-11-08 17:28:36.137715,0.54,0.72,0.17,-39.12,22.64,12.02,38.02,-4.70,-40.12,1
L,2022-11-08 17:28:36.138258,0.57,0.77,0.12,-41.26,19.17,8.79,38.02,-4.70,-40.12,1
L,2022-11-08 17:28:36.138945,0.59,0.81,0.06,-41.75,17.40,8.73,38.02,-4.70,-40.12,1
L,2022-11-08 17:28:36.139698,0.53,0.85,0.08,-37.90,18.25,10.62,37.96,-5.57,-38.64,1
L,2022-11-08 17:28:36.140387,0.56,0.88,0.13,-33.81,15.87,17.15,37.96,-5.57,-38.64,1
L,2022-11-08 17:28:36.141041,0.53,0.93,0.07,-32.04,10.07,24.48,37.96,-5.57,-38.64,1
L,2022-11-08 17:28:36.141421,0.50,0.89,0.04,-18.62,8.00,35.28,37.00,-6.52,-37.13,1
L,2022-11-08 17:28:36.141980,0.47,0.81,0.02,-7.93,9.22,39.92,37.00,-6.52,-37.13,1
L,2022-11-08 17:28:36.142644,0.43,0.82,0.07,-6.65,13.55,36.44,36.80,-6.84,-35.91,1
L,2022-11-08 17:28:36.143240,0.43,0.85,0.14,-16.85,20.45,29.85,36.80,-6.84,-35.91,1
L,2022-11-08 17:28:36.143808,0.41,0.98,0.23,-26.61,21.12,28.99,36.80,-6.84,-35.91,1
L,2022-11-08 17:28:36.144342,0.43,1.02,0.27,-40.28,10.68,31.25,36.66,-7.25,-33.84,1
L,2022-11-08 17:28:36.144812,0.41,1.02,0.16,-38.15,-7.39,42.85,36.66,-7.25,-33.84,1
L,2022-11-08 17:28:36.145321,0.35,0.93,0.00,-17.33,-18.25,58.90,36.66,-7.25,-33.84,1
L,2022-11-08 17:28:36.145719,0.33,0.81,-0.02,6.29,-0.61,70.56,34.41,-7.60,-33.24,1
L,2022-11-08 17:28:36.146316,0.30,0.73,-0.00,13.61,-8.79,66.59,34.41,-7.60,-33.24,1
L,2022-11-08 17:28:36.147005,0.25,0.65,-0.02,10.44,-2.62,57.01,34.41,-7.60,-33.24,1
L,2022-11-08 17:28:36.148294,0.25,0.71,0.05,5.25,4.33,44.37,33.39,-8.31,-34.72,1
L,2022-11-08 17:28:36.149061,0.25,0.77,0.11,-2.50,5.13,35.83,33.39,-8.31,-34.72,1
L,2022-11-08 17:28:36.149867,0.25,0.84,0.09,-6.41,-1.71,33.63,32.02,-8.64,-34.55,1
L,2022-11-08 17:28:36.150338,0.24,0.81,0.08,2.69,-6.23,34.97,32.02,-8.64,-34.55,1
L,2022-11-08 17:28:36.150792,0.25,0.79,0.09,1.65,-5.92,31.31,32.02,-8.64,-34.55,1
L,2022-11-08 17:28:36.151458,0.22,0.81,0.07,-7.39,-3.97,25.94,31.91,-8.04,-34.20,1
L,2022-11-08 17:28:36.151899,0.19,0.78,0.05,-12.02,-0.85,23.44,31.91,-8.04,-34.20,1
L,2022-11-08 17:28:36.152359,0.16,0.75,0.07,-11.05,1.22,16.36,31.91,-8.04,-34.20,1
L,2022-11-08 17:28:36.152843,0.18,0.76,0.07,-19.53,0.67,6.41,30.66,-8.36,-34.08,1
L,2022-11-08 17:28:36.153405,0.18,0.84,0.07,-19.29,-0.73,4.09,30.66,-8.36,-34.08,1
L,2022-11-08 17:28:36.153902,0.19,0.85,-0.02,-20.87,-0.31,1.53,30.66,-8.36,-34.08,1
L,2022-11-08 17:28:36.154424,0.20,0.86,-0.01,-15.38,5.43,0.06,30.90,-8.24,-34.14,1
L,2022-11-08 17:28:36.154798,0.23,0.86,0.05,-10.07,7.20,-1.65,30.90,-8.24,-34.14,1
L,2022-11-08 17:28:36.155162,0.22,0.91,0.04,-7.02,-4.27,1.53,30.53,-8.85,-34.24,1
L,2022-11-08 17:28:36.155571,0.24,0.92,-0.03,0.43,-7.02,7.51,30.53,-8.85,-34.24,1
L,2022-11-08 17:28:36.155954,0.26,0.89,-0.01,7.69,-8.73,11.35,30.53,-8.85,-34.24,1
L,2022-11-08 17:28:36.156380,0.26,0.86,-0.02,10.44,-10.74,12.02,30.21,-8.44,-34.57,1
L,2022-11-08 17:28:36.156890,0.26,0.87,-0.04,8.42,-10.44,7.32,30.21,-8.44,-34.57,1
L,2022-11-08 17:28:36.157319,0.29,0.90,-0.02,2.56,-4.39,3.42,30.21,-8.44,-34.57,1
L,2022-11-08 17:28:36.157699,0.28,0.98,-0.02,-1.28,-1.46,0.79,30.43,-8.14,-34.16,1
L,2022-11-08 17:28:36.158049,0.25,1.01,0.03,1.46,1.46,3.23,30.43,-8.14,-34.16,1
L,2022-11-08 17:28:36.158439,0.22,0.98,0.09,3.66,0.55,7.63,30.43,-8.14,-34.16,1
L,2022-11-08 17:28:36.158827,0.22,0.93,0.10,5.68,-5.55,10.07,30.29,-8.51,-33.34,1
L,2022-11-08 17:28:36.159237,0.23,0.90,0.05,5.43,-13.67,9.28,30.29,-8.51,-33.34,1
L,2022-11-08 17:28:36.159787,0.26,0.92,-0.00,-0.98,-12.39,5.55,29.81,-8.40,-34.38,1
L,2022-11-08 17:28:36.160215,0.26,0.94,-0.02,-5.43,-10.13,2.14,29.81,-8.40,-34.38,1
L,2022-11-08 17:28:36.160673,0.25,0.98,-0.01,-4.82,-7.32,2.14,29.81,-8.40,-34.38,1
L,2022-11-08 17:28:36.161107,0.25,0.98,0.02,0.31,-5.62,4.27,29.65,-8.13,-34.94,1
L,2022-11-08 17:28:36.161561,0.23,0.95,0.02,5.00,-5.74,7.45,29.65,-8.13,-34.94,1
L,2022-11-08 17:28:36.162318,0.23,0.93,0.05,7.69,-6.29,9.58,29.65,-8.13,-34.94,1
L,2022-11-08 17:28:36.162882,0.20,0.94,0.09,4.27,-7.14,9.03,29.58,-8.15,-34.29,1
L,2022-11-08 17:28:36.163255,0.18,0.93,0.09,2.08,-10.07,9.34,29.58,-8.15,-34.29,1
L,2022-11-08 17:28:36.163713,0.16,0.92,0.10,5.86,-13.98,10.25,29.58,-8.15,-34.29,1
L,2022-11-08 17:28:36.164102,0.17,0.93,0.11,11.41,-21.06,10.38,28.94,-8.19,-35.12,1
L,2022-11-08 17:28:36.164637,0.24,0.90,0.01,14.28,-21.55,7.87,28.94,-8.19,-35.12,1
L,2022-11-08 17:28:36.165489,0.25,0.93,-0.02,9.52,-15.08,4.58,28.48,-8.06,-36.43,1
L,2022-11-08 17:28:36.166295,0.24,0.95,0.04,5.55,-7.45,3.17,28.48,-8.06,-36.43,1
L,2022-11-08 17:28:36.167141,0.24,0.95,0.08,5.49,-6.96,4.76,28.48,-8.06,-36.43,1
L,2022-11-08 17:28:36.167824,0.24,0.94,0.08,7.02,-9.28,7.14,28.58,-7.81,-35.93,1
L,2022-11-08 17:28:36.168659,0.20,0.95,0.12,10.31,-9.16,8.30,28.58,-7.81,-35.93,1
L,2022-11-08 17:28:36.169408,0.18,0.98,0.19,12.94,-9.22,10.19,28.58,-7.81,-35.93,1
L,2022-11-08 17:28:36.169791,0.20,0.99,0.18,14.95,-12.15,12.94,28.76,-7.80,-37.27,1
L,2022-11-08 17:28:36.170219,0.17,0.97,0.16,20.20,-14.71,17.94,28.76,-7.80,-37.27,1
L,2022-11-08 17:28:36.170594,0.17,0.90,0.17,25.27,-15.87,22.71,28.76,-7.80,-37.27,1
L,2022-11-08 17:28:36.171067,0.16,0.85,0.11,22.58,-16.24,21.18,28.00,-7.81,-36.87,1
L,2022-11-08 17:28:36.171513,0.17,0.85,0.11,21.85,-13.49,17.64,28.00,-7.81,-36.87,1
L,2022-11-08 17:28:36.171916,0.15,0.88,0.13,23.86,-11.84,13.98,26.92,-6.93,-39.15,1
L,2022-11-08 17:28:36.172323,0.15,0.89,0.13,25.21,-9.52,12.76,26.92,-6.93,-39.15,1
L,2022-11-08 17:28:36.172695,0.15,0.90,0.14,21.85,-3.91,9.22,26.92,-6.93,-39.15,1
L,2022-11-08 17:28:36.173076,0.15,0.89,0.11,10.13,-0.43,7.81,26.64,-7.29,-38.88,1
L,2022-11-08 17:28:36.173430,0.16,0.89,0.11,8.30,2.56,6.41,26.64,-7.29,-38.88,1
L,2022-11-08 17:28:36.173853,0.18,0.92,0.12,8.06,4.94,5.92,26.64,-7.29,-38.88,1
L,2022-11-08 17:28:36.174215,0.16,0.93,0.16,11.29,6.77,7.69,26.68,-7.43,-38.35,1
L,2022-11-08 17:28:36.174601,0.15,0.92,0.18,15.01,4.39,11.66,26.68,-7.43,-38.35,1
L,2022-11-08 17:28:36.174954,0.15,0.94,0.19,18.13,3.48,13.06,26.68,-7.43,-38.35,1
L,2022-11-08 17:28:36.175311,0.13,0.95,0.17,20.39,2.01,15.81,25.81,-6.96,-39.17,1
L,2022-11-08 17:28:36.175723,0.12,0.91,0.15,26.86,1.59,18.43,25.81,-6.96,-39.17,1
L,2022-11-08 17:28:36.176103,0.13,0.89,0.18,29.42,2.56,18.86,25.50,-7.59,-38.78,1
L,2022-11-08 17:28:36.176683,0.12,0.89,0.26,25.27,1.89,14.04,25.50,-7.59,-38.78,1
L,2022-11-08 17:28:36.177056,0.13,0.95,0.25,16.11,-2.38,11.96,25.50,-7.59,-38.78,1
L,2022-11-08 17:28:36.177453,0.14,1.00,0.20,16.78,-3.23,14.16,25.61,-6.46,-40.48,1
L,2022-11-08 17:28:36.177815,0.15,0.97,0.18,19.41,0.24,16.66,25.61,-6.46,-40.48,1
L,2022-11-08 17:28:36.178171,0.14,0.94,0.21,17.58,4.46,16.54,25.61,-6.46,-40.48,1
L,2022-11-08 17:28:36.178571,0.10,0.93,0.25,15.20,6.04,15.38,25.89,-7.34,-40.21,1
L,2022-11-08 17:28:36.178954,0.08,0.95,0.30,21.30,3.66,16.36,25.89,-7.34,-40.21,1
L,2022-11-08 17:28:36.179369,0.08,0.93,0.28,21.85,-0.12,15.38,25.89,-7.34,-40.21,1
L,2022-11-08 17:28:36.179731,0.08,0.94,0.28,23.93,-1.53,13.43,25.92,-6.56,-40.59,1
L,2022-11-08 17:28:36.180123,0.09,0.96,0.34,20.32,-1.46,10.13,25.92,-6.56,-40.59,1
L,2022-11-08 17:28:36.180474,0.11,0.98,0.35,11.90,-4.15,8.30,25.67,-6.69,-40.72,1
L,2022-11-08 17:28:36.180833,0.09,0.97,0.32,12.51,-9.89,8.54,25.67,-6.69,-40.72,1
L,2022-11-08 17:28:36.181251,0.11,0.92,0.31,15.75,-11.41,8.36,25.67,-6.69,-40.72,1
L,2022-11-08 17:28:36.181633,0.11,0.91,0.31,9.70,-11.66,5.19,25.45,-6.75,-42.59,1
L,2022-11-08 17:28:36.182049,0.09,0.94,0.33,6.90,-10.99,2.87,25.45,-6.75,-42.59,1
L,2022-11-08 17:28:36.182407,0.04,0.97,0.39,8.61,-10.74,4.94,25.45,-6.75,-42.59,1
L,2022-11-08 17:28:36.182953,0.04,0.96,0.44,16.91,-18.01,12.57,25.28,-6.34,-42.50,1
L,2022-11-08 17:28:36.183343,-0.01,0.88,0.42,28.87,-26.31,18.37,25.28,-6.34,-42.50,1
L,2022-11-08 17:28:36.183945,-0.03,0.82,0.44,37.90,-30.70,19.10,25.28,-6.34,-42.50,1
L,2022-11-08 17:28:36.184975,-0.05,0.79,0.47,43.33,-33.26,14.77,24.10,-5.44,-43.08,1
L,2022-11-08 17:28:36.185880,-0.06,0.75,0.48,42.42,-34.97,9.03,24.10,-5.44,-43.08,1
L,2022-11-08 17:28:36.186799,-0.06,0.75,0.54,32.53,-38.15,-3.42,22.74,-4.86,-44.54,1
L,2022-11-08 17:28:36.187756,-0.05,0.83,0.59,16.66,-43.88,-10.25,22.74,-4.86,-44.54,1
L,2022-11-08 17:28:36.188479,-0.01,0.90,0.54,9.70,-52.31,-11.72,22.74,-4.86,-44.54,1
L,2022-11-08 17:28:36.188880,-0.03,0.90,0.45,16.17,-63.23,-4.70,21.70,-4.37,-45.08,1
L,2022-11-08 17:28:36.189304,-0.07,0.80,0.43,37.78,-70.86,3.85,21.70,-4.37,-45.08,1
L,2022-11-08 17:28:36.189680,-0.04,0.76,0.51,62.99,-80.32,3.60,21.70,-4.37,-45.08,1
L,2022-11-08 17:28:36.190040,0.04,0.83,0.54,68.60,-88.50,0.92,18.59,-2.44,-46.75,1
L,2022-11-08 17:28:36.190393,0.11,0.87,0.44,64.64,-95.40,2.62,18.59,-2.44,-46.75,1
L,2022-11-08 17:28:36.190759,0.10,0.89,0.39,60.42,-93.57,6.41,18.59,-2.44,-46.75,1
L,2022-11-08 17:28:36.191207,0.10,0.85,0.42,55.97,-86.00,10.07,15.55,-0.24,-49.19,1
L,2022-11-08 17:28:36.191603,0.05,0.86,0.52,57.74,-79.71,13.49,15.55,-0.24,-49.19,1
L,2022-11-08 17:28:36.192040,0.01,0.82,0.59,65.80,-81.79,16.17,12.10,2.51,-50.77,1
L,2022-11-08 17:28:36.192431,-0.01,0.84,0.59,65.00,-84.90,16.66,12.10,2.51,-50.77,1
L,2022-11-08 17:28:36.192857,-0.00,0.87,0.55,61.89,-84.41,19.29,12.10,2.51,-50.77,1
L,2022-11-08 17:28:36.193235,-0.03,0.90,0.54,62.81,-80.02,25.21,9.42,4.61,-51.09,1
L,2022-11-08 17:28:36.193608,-0.03,0.82,0.51,65.06,-69.15,33.39,9.42,4.61,-51.09,1
L,2022-11-08 17:28:36.194127,-0.06,0.89,0.69,64.88,-57.37,32.78,9.42,4.61,-51.09,1
L,2022-11-08 17:28:36.194796,-0.05,0.77,0.73,55.79,-51.88,35.71,6.19,7.57,-50.89,1
L,2022-11-08 17:28:36.195590,-0.08,0.71,0.67,24.72,-49.32,25.51,6.19,7.57,-50.89,1
L,2022-11-08 17:28:36.196282,-0.04,0.86,0.55,-3.78,-43.88,16.97,6.19,7.57,-50.89,1
L,2022-11-08 17:28:36.196713,-0.06,1.00,0.42,-4.94,-38.33,21.79,4.20,8.29,-51.20,1
L,2022-11-08 17:28:36.197156,0.19,1.87,0.65,45.23,-16.42,42.48,4.20,8.29,-51.20,1
L,2022-11-08 17:28:36.197553,0.21,1.35,0.19,135.86,13.98,66.71,4.02,10.72,-51.34,1
L,2022-11-08 17:28:36.197953,0.16,0.64,0.56,64.64,46.69,124.39,4.02,10.72,-51.34,1
L,2022-11-08 17:28:36.198357,-0.66,-0.67,0.74,126.95,31.56,97.35,4.02,10.72,-51.34,1
L,2022-11-08 17:28:36.198788,-0.71,-0.69,0.62,-20.94,10.38,29.85,5.03,12.22,-50.35,1
L,2022-11-08 17:28:36.199183,-0.52,0.44,0.43,-167.79,-5.62,-59.14,5.03,12.22,-50.35,1
L,2022-11-08 17:28:36.199593,-0.38,0.83,-0.16,-205.26,0.31,-63.96,5.03,12.22,-50.35,1
L,2022-11-08 17:28:36.199993,-0.36,0.67,0.01,-177.06,38.64,-57.62,5.05,7.13,-49.22,1
L,2022-11-08 17:28:36.200567,-0.47,0.72,-0.03,-147.89,69.40,-70.50,5.05,7.13,-49.22,1
L,2022-11-08 17:28:36.201049,-0.44,1.69,0.55,-63.23,112.24,-83.98,5.05,7.13,-49.22,1
L,2022-11-08 17:28:36.201489,-0.06,1.12,0.28,218.14,182.25,-96.13,10.36,3.72,-47.31,1
L,2022-11-08 17:28:36.202383,0.39,1.06,-0.01,329.90,233.58,-89.54,10.36,3.72,-47.31,1
L,2022-11-08 17:28:36.203406,0.57,-1.78,3.99,320.68,268.74,-64.45,19.90,10.80,-47.80,1
L,2022-11-08 17:28:36.204401,0.11,1.26,0.50,-571.90,20.87,-87.10,19.90,10.80,-47.80,1
L,2022-11-08 17:28:36.205098,-0.29,1.58,0.72,-238.40,-24.84,-94.24,19.90,10.80,-47.80,1
L,2022-11-08 17:28:36.205768,-0.20,1.53,0.37,-13.18,-182.56,-158.69,20.31,3.36,-47.79,1
L,2022-11-08 17:28:36.206341,-0.60,1.85,0.31,278.38,-43.76,-185.79,20.31,3.36,-47.79,1
L,2022-11-08 17:28:36.206748,0.19,0.69,0.43,33.08,0.00,-88.13,20.31,3.36,-47.79,1
L,2022-11-08 17:28:36.207147,0.08,1.00,0.25,-172.42,-13.31,-167.97,19.90,7.02,-47.13,1
L,2022-11-08 17:28:36.207584,0.16,1.26,0.53,-116.58,-22.03,-166.02,19.90,7.02,-47.13,1
L,2022-11-08 17:28:36.207979,0.28,1.38,0.57,-49.80,-56.88,-170.10,19.90,7.02,-47.13,1
L,2022-11-08 17:28:36.208392,0.43,1.16,0.41,-25.94,-62.62,-174.68,20.65,6.57,-46.36,1
L,2022-11-08 17:28:36.208776,0.32,1.20,0.42,-39.00,-48.65,-161.07,20.65,6.57,-46.36,1
L,2022-11-08 17:28:36.209140,0.21,1.15,0.45,7.20,-28.75,-95.58,20.08,9.29,-46.17,1
L,2022-11-08 17:28:36.209511,0.20,0.95,0.44,51.70,-24.90,-61.83,20.08,9.29,-46.17,1
L,2022-11-08 17:28:36.210013,0.47,0.75,0.35,85.69,-11.90,-51.82,20.08,9.29,-46.17,1
L,2022-11-08 17:28:36.210427,0.68,0.44,0.55,59.27,-5.74,-56.82,18.01,12.39,-46.47,1
L,2022-11-08 17:28:36.210830,0.64,0.48,0.62,18.55,-23.38,-71.17,18.01,12.39,-46.47,1
L,2022-11-08 17:28:36.211229,0.41,0.51,0.71,-14.53,-36.44,-71.72,18.01,12.39,-46.47,1
L,2022-11-08 17:28:36.211611,0.15,0.63,0.75,-4.52,-34.91,-58.11,16.00,14.17,-46.39,1
L,2022-11-08 17:28:36.211987,0.21,0.52,0.73,87.22,-11.96,-43.40,16.00,14.17,-46.39,1
L,2022-11-08 17:28:36.212374,-0.22,-0.09,0.63,18.92,-13.55,-59.94,16.00,14.17,-46.39,1
L,2022-11-08 17:28:36.212774,0.72,0.13,0.75,-100.10,-23.50,-80.32,14.14,15.36,-45.42,1
L,2022-11-08 17:28:36.213167,0.82,0.15,0.52,-100.89,-33.51,-126.53,14.14,15.36,-45.42,1
L,2022-11-08 17:28:36.213614,0.39,0.53,0.61,-234.37,-40.41,-91.92,13.16,12.55,-45.21,1
L,2022-11-08 17:28:36.214158,0.26,0.94,0.61,-189.39,-41.32,-8.12,13.16,12.55,-45.21,1
L,2022-11-08 17:28:36.214608,-0.05,0.94,0.41,-88.56,-28.02,8.12,13.16,12.55,-45.21,1
L,2022-11-08 17:28:36.215039,-0.26,0.87,0.53,27.16,-0.31,-3.23,11.18,9.39,-44.51,1
L,2022-11-08 17:28:36.215413,0.13,0.75,0.53,115.78,24.78,-3.30,11.18,9.39,-44.51,1
L,2022-11-08 17:28:36.224076,0.25,0.54,0.54,222.66,30.33,-8.00,11.18,9.39,-44.51,1
L,2022-11-08 17:28:36.243139,0.36,0.48,0.55,245.61,26.49,4.33,11.99,13.51,-42.87,1
L,2022-11-08 17:28:36.261049,0.43,0.39,0.44,253.54,12.82,23.50,11.99,13.51,-42.87,1
L,2022-11-08 17:28:36.279954,0.39,0.34,0.47,231.32,5.74,29.54,12.56,19.38,-41.31,1
L,2022-11-08 17:28:36.298079,0.30,0.38,0.52,203.67,5.25,31.86,12.56,19.38,-41.31,1
L,2022-11-08 17:28:36.316128,0.35,0.16,0.69,191.65,12.33,33.33,12.56,19.38,-41.31,1
L,2022-11-08 17:28:36.335158,0.42,-0.19,0.81,147.40,6.47,24.72,12.81,21.50,-38.78,1
L,2022-11-08 17:28:36.353265,0.35,-0.07,0.84,-14.71,-0.12,-1.65,12.81,21.50,-38.78,1
L,2022-11-08 17:28:36.371150,0.32,0.12,0.80,-89.05,4.33,-11.90,0.00,0.00,0.00,1
L,2022-11-08 17:28:36.390145,0.32,0.27,0.76,-135.31,13.00,-18.49,12.60,20.56,-39.39,1
L,2022-11-08 17:28:36.408127,0.48,0.39,0.66,-146.12,23.99,-14.40,12.60,20.56,-39.39,1
L,2022-11-08 17:28:36.426211,0.43,0.51,0.56,-187.74,23.80,-37.96,12.60,20.56,-39.39,1
L,2022-11-08 17:28:36.445226,0.46,0.78,0.52,-162.84,23.25,-32.04,12.56,17.57,-39.32,1
L,2022-11-08 17:28:36.463339,0.55,0.89,0.63,-65.98,19.17,-3.78,12.56,17.57,-39.32,1
L,2022-11-08 17:28:36.481965,0.57,0.62,0.57,11.29,11.47,12.33,12.41,17.10,-38.96,1
L,2022-11-08 17:28:36.500206,0.56,0.44,0.52,31.25,9.28,11.54,12.41,17.10,-38.96,1
L,2022-11-08 17:28:36.518055,0.57,0.43,0.55,22.52,11.90,5.98,12.41,17.10,-38.96,1
L,2022-11-08 17:28:36.537094,0.54,0.38,0.65,-0.92,3.17,8.73,12.45,17.13,-38.70,1
L,2022-11-08 17:28:36.555330,0.47,0.50,0.58,-8.30,-5.19,12.27,12.45,17.13,-38.70,1
L,2022-11-08 17:28:36.573404,0.43,0.51,0.57,1.16,-3.85,16.91,12.45,17.13,-38.70,1
L,2022-11-08 17:28:36.592041,0.44,0.51,0.59,1.77,-0.37,18.68,12.51,17.04,-39.09,1
L,2022-11-08 17:28:36.610053,0.47,0.54,0.58,4.33,0.61,15.14,12.51,17.04,-39.09,1
L,2022-11-08 17:28:36.629986,0.55,0.50,0.61,-2.14,-5.19,11.54,12.51,17.04,-39.09,1
L,2022-11-08 17:28:36.647464,0.51,0.57,0.58,-14.34,-10.86,10.80,12.59,17.54,-38.68,1
L,2022-11-08 17:28:36.665153,0.47,0.64,0.54,-18.13,-12.63,10.68,12.59,17.54,-38.68,1
L,2022-11-08 17:28:36.684173,0.40,0.68,0.53,-8.54,-7.39,11.41,12.35,17.69,-38.88,1
L,2022-11-08 17:28:36.702019,0.41,0.64,0.56,11.29,2.44,12.88,12.35,17.69,-38.88,1
L,2022-11-08 17:28:36.720063,0.44,0.55,0.60,22.71,8.97,11.23,12.35,17.69,-38.88,1
L,2022-11-08 17:28:36.738931,0.44,0.57,0.63,20.75,8.12,7.32,13.09,18.29,-38.85,1
L,2022-11-08 17:28:36.757017,0.46,0.60,0.67,16.85,6.16,7.08,13.09,18.29,-38.85,1
L,2022-11-08 17:28:36.775049,0.53,0.55,0.69,6.84,2.38,4.76,13.09,18.29,-38.85,1
L,2022-11-08 17:28:36.794079,0.51,0.63,0.63,-2.69,-2.93,0.61,13.84,18.12,-38.15,1
L,2022-11-08 17:28:36.812038,0.45,0.68,0.60,27.40,0.49,0.79,13.84,18.12,-38.15,1
L,2022-11-08 17:28:36.830083,0.42,0.56,0.66,50.72,10.44,0.79,13.84,18.12,-38.15,1
L,2022-11-08 17:28:36.849238,0.47,0.47,0.71,43.76,11.90,0.67,13.83,19.35,-38.29,1
L,2022-11-08 17:28:36.867264,0.19,0.27,0.73,5.74,12.94,-1.22,13.83,19.35,-38.29,1
L,2022-11-08 17:28:36.886343,0.81,0.46,0.43,-69.52,19.71,-15.87,14.21,17.85,-38.22,1
L,2022-11-08 17:28:36.904361,0.53,0.58,0.79,-44.98,14.40,-15.69,14.21,17.85,-38.22,1
L,2022-11-08 17:28:36.922439,0.69,0.53,0.61,-40.59,5.49,-12.57,14.21,17.85,-38.22,1
L,2022-11-08 17:28:36.941183,0.56,0.60,0.61,-40.04,-1.65,5.00,13.95,17.47,-40.16,1
L,2022-11-08 17:28:36.959181,0.56,0.53,0.60,-34.79,-5.74,18.25,13.95,17.47,-40.16,1
L,2022-11-08 17:28:36.977250,0.50,0.51,0.53,-47.55,-8.61,21.30,13.95,17.47,-40.16,1
L,2022-11-08 17:28:36.996411,0.49,0.49,0.49,-53.96,-5.49,13.55,13.68,16.48,-39.29,1
L,2022-11-08 17:28:37.014595,0.40,0.62,0.51,-85.14,-2.93,-3.48,13.68,16.48,-39.29,1
L,2022-11-08 17:28:37.032853,0.36,0.76,0.48,-53.16,6.16,-5.13,13.68,16.48,-39.29,1
L,2022-11-08 17:28:37.051247,0.45,0.76,0.48,-4.27,15.63,0.79,13.99,15.52,-38.95,1
