b,2022-11-01 17:12:36.342528,0.51,-0.08,0.63,18.74,-14.95,2.93,9.29,25.66,-52.91,1
b,2022-11-01 17:12:36.342916,0.57,-0.05,0.70,8.24,-23.86,7.93,8.83,27.04,-53.00,1
b,2022-11-01 17:12:36.343282,0.65,-0.02,0.74,10.19,-25.45,10.25,8.83,27.04,-53.00,1
b,2022-11-01 17:12:36.343793,0.67,-0.07,0.76,7.63,-23.19,8.06,8.83,27.04,-53.00,1
b,2022-11-01 17:12:36.344176,0.63,-0.07,0.75,-8.24,-16.05,9.40,7.41,26.99,-51.61,1
b,2022-11-01 17:12:36.344552,0.61,-0.01,0.72,-14.04,-13.49,14.40,7.41,26.99,-51.61,1
b,2022-11-01 17:12:36.344863,0.61,0.01,0.71,-7.51,-13.79,18.07,7.42,26.05,-52.67,1
b,2022-11-01 17:12:36.345175,0.65,0.08,0.71,-2.62,-13.37,16.05,7.42,26.05,-52.67,1
b,2022-11-01 17:12:36.345642,0.68,0.05,0.79,14.59,-15.08,11.54,7.42,26.05,-52.67,1
b,2022-11-01 17:12:36.345967,0.63,-0.01,0.83,17.27,-21.73,10.86,7.18,26.84,-53.05,1
b,2022-11-01 17:12:36.346289,0.50,-0.08,0.74,4.15,-27.77,10.31,7.18,26.84,-53.05,1
b,2022-11-01 17:12:36.346830,0.46,-0.05,0.67,-12.02,-33.57,4.46,7.18,26.84,-53.05,1
b,2022-11-01 17:12:36.347341,0.48,-0.04,0.65,-8.36,-34.97,-4.76,6.04,26.67,-53.75,1
b,2022-11-01 17:12:36.347836,0.52,-0.02,0.69,-4.88,-32.90,-13.49,6.04,26.67,-53.75,1
b,2022-11-01 17:12:36.348282,0.54,-0.06,0.75,8.24,-27.71,-12.33,6.04,26.67,-53.75,1
b,2022-11-01 17:12:36.348660,0.48,-0.10,0.81,3.91,-26.43,-9.46,3.93,26.66,-52.12,1
b,2022-11-01 17:12:36.348978,0.50,-0.10,0.81,12.15,-24.35,-11.66,3.93,26.66,-52.12,1
b,2022-11-01 17:12:36.349303,0.52,-0.10,0.88,19.90,-26.12,-19.59,3.31,27.27,-52.50,1
b,2022-11-01 17:12:36.349603,0.56,-0.12,0.94,26.37,-30.33,-30.33,3.31,27.27,-52.50,1
b,2022-11-01 17:12:36.349917,0.59,-0.11,0.96,22.09,-43.27,-32.35,3.31,27.27,-52.50,1
b,2022-11-01 17:12:36.350218,0.58,-0.13,1.01,18.62,-50.23,-31.92,1.27,27.73,-52.53,1
b,2022-11-01 17:12:36.350521,0.56,-0.12,1.02,20.87,-49.07,-30.94,1.27,27.73,-52.53,1
b,2022-11-01 17:12:36.350831,0.52,-0.11,1.01,26.00,-40.53,-29.54,1.27,27.73,-52.53,1
b,2022-11-01 17:12:36.351136,0.50,-0.10,1.00,28.20,-28.99,-28.38,-0.49,28.74,-51.71,1
b,2022-11-01 17:12:36.351446,0.46,-0.10,0.97,22.46,-12.21,-19.71,-0.49,28.74,-51.71,1
b,2022-11-01 17:12:36.351740,0.42,-0.15,0.87,14.71,-4.39,-9.58,-0.49,28.74,-51.71,1
b,2022-11-01 17:12:36.352039,0.38,-0.15,0.88,10.19,-0.85,-1.34,-1.06,29.37,-50.66,1
b,2022-11-01 17:12:36.352321,0.41,-0.18,0.87,18.43,4.33,2.20,-1.06,29.37,-50.66,1
b,2022-11-01 17:12:36.352604,0.43,-0.19,0.87,16.11,7.75,0.92,-1.03,29.44,-51.23,1
b,2022-11-01 17:12:36.352902,0.41,-0.20,0.87,13.92,11.11,0.67,-1.03,29.44,-51.23,1
b,2022-11-01 17:12:36.353186,0.40,-0.18,0.85,9.03,14.83,2.81,-1.03,29.44,-51.23,1
b,2022-11-01 17:12:36.353481,0.37,-0.18,0.84,13.12,19.90,1.83,-0.44,29.86,-51.11,1
b,2022-11-01 17:12:36.353772,0.37,-0.16,0.83,14.28,25.09,-0.61,-0.44,29.86,-51.11,1
b,2022-11-01 17:12:36.354074,0.39,-0.15,0.81,16.42,28.81,-5.62,-0.44,29.86,-51.11,1
b,2022-11-01 17:12:36.354367,0.43,-0.17,0.80,17.52,21.91,-20.26,0.72,30.64,-49.90,1
b,2022-11-01 17:12:36.354657,0.42,-0.26,0.72,36.38,-8.73,-31.37,0.72,30.64,-49.90,1
b,2022-11-01 17:12:36.354968,0.30,-0.24,0.69,15.14,-23.62,-49.80,0.72,30.64,-49.90,1
b,2022-11-01 17:12:36.355278,0.20,-0.20,0.76,14.59,-24.05,-60.49,-0.71,30.93,-50.28,1
b,2022-11-01 17:12:36.355590,0.29,-0.15,0.85,33.26,-26.67,-59.51,-0.71,30.93,-50.28,1
b,2022-11-01 17:12:36.355891,0.31,-0.01,0.99,52.67,-39.18,-57.31,-2.92,31.70,-49.98,1
b,2022-11-01 17:12:36.356201,0.62,-0.34,0.62,93.20,-29.97,-44.86,-2.92,31.70,-49.98,1
b,2022-11-01 17:12:36.356502,0.57,-0.39,0.77,29.79,-28.20,-54.87,-2.92,31.70,-49.98,1
b,2022-11-01 17:12:36.356813,0.42,-0.34,0.74,44.80,-31.56,-53.65,-4.50,32.98,-48.43,1
b,2022-11-01 17:12:36.357113,0.42,-0.67,0.45,38.82,-57.74,-36.25,-4.50,32.98,-48.43,1
b,2022-11-01 17:12:36.357421,0.34,-0.38,0.74,-17.03,-66.35,-41.32,-4.50,32.98,-48.43,1
b,2022-11-01 17:12:36.357729,0.33,-0.43,0.91,17.52,-64.15,-45.41,-7.37,32.62,-47.71,1
b,2022-11-01 17:12:36.358031,0.25,-0.37,1.00,59.20,-71.96,-43.88,-7.37,32.62,-47.71,1
b,2022-11-01 17:12:36.358340,0.34,-0.55,0.95,44.56,-72.14,-34.12,-7.37,32.62,-47.71,1
b,2022-11-01 17:12:36.358605,0.41,-0.49,0.84,59.88,-78.67,-55.60,-10.16,33.47,-44.59,1
b,2022-11-01 17:12:36.358871,0.23,-0.74,0.94,39.12,-103.03,-85.69,-10.16,33.47,-44.59,1
b,2022-11-01 17:12:36.359125,0.26,-0.64,0.91,-4.52,-100.16,-91.49,-14.97,32.62,-41.65,1
b,2022-11-01 17:12:36.359388,0.08,-0.54,0.88,-0.18,-103.82,-76.29,-14.97,32.62,-41.65,1
b,2022-11-01 17:12:36.359640,0.01,-0.57,0.86,36.99,-95.03,-49.26,-14.97,32.62,-41.65,1
b,2022-11-01 17:12:36.359906,-0.06,-0.49,0.81,53.16,-89.42,-33.33,-17.70,32.04,-39.20,1
b,2022-11-01 17:12:36.360164,-0.20,-0.57,0.72,49.93,-67.44,-15.50,-17.70,32.04,-39.20,1
b,2022-11-01 17:12:36.360418,-0.13,-0.56,0.81,36.80,-71.04,-3.23,-17.70,32.04,-39.20,1
b,2022-11-01 17:12:36.360675,-0.18,-0.57,0.78,43.58,-65.98,-0.31,-19.49,32.79,-36.43,1
b,2022-11-01 17:12:36.360931,-0.20,-0.48,0.78,38.64,-67.08,-5.55,-19.49,32.79,-36.43,1
b,2022-11-01 17:12:36.361192,-0.24,-0.27,0.71,20.45,-70.01,-5.49,-19.49,32.79,-36.43,1
b,2022-11-01 17:12:36.361445,-0.25,-0.37,0.85,37.96,-63.60,20.26,-20.86,33.39,-34.95,1
b,2022-11-01 17:12:36.361705,-0.08,-0.67,0.73,80.99,-68.91,35.71,-20.86,33.39,-34.95,1
b,2022-11-01 17:12:36.361957,-0.28,-0.64,0.69,45.96,-73.91,26.18,-20.97,35.07,-31.09,1
b,2022-11-01 17:12:36.362215,-0.45,-0.53,0.77,23.86,-71.11,45.65,-20.97,35.07,-31.09,1
b,2022-11-01 17:12:36.362468,-0.43,-0.61,0.74,34.61,-69.09,48.22,-20.97,35.07,-31.09,1
b,2022-11-01 17:12:36.362730,-0.23,-0.59,0.72,30.33,-53.77,16.30,-20.28,36.35,-29.72,1
b,2022-11-01 17:12:36.362981,-0.21,-0.60,0.80,43.21,-40.65,-9.64,-20.28,36.35,-29.72,1
b,2022-11-01 17:12:36.363241,-0.12,-0.75,0.74,81.30,-32.10,-10.38,-20.28,36.35,-29.72,1
b,2022-11-01 17:12:36.363493,-0.20,-0.81,0.75,116.64,-28.81,7.20,-21.30,36.51,-27.17,1
b,2022-11-01 17:12:36.363747,-0.26,-0.95,0.56,115.17,-31.98,28.75,-21.30,36.51,-27.17,1
b,2022-11-01 17:12:36.364006,-0.27,-0.91,0.49,68.85,-32.71,35.52,-21.30,36.51,-27.17,1
b,2022-11-01 17:12:36.364257,-0.26,-0.79,0.49,40.71,-38.88,38.57,-20.59,38.35,-23.85,1
b,2022-11-01 17:12:36.364523,-0.23,-0.71,0.49,18.74,-49.26,54.44,-20.59,38.35,-23.85,1
b,2022-11-01 17:12:36.364779,-0.24,-0.75,0.52,15.99,-71.59,63.29,-19.34,40.28,-19.91,1
b,2022-11-01 17:12:36.365041,-0.26,-0.77,0.48,20.39,-96.07,62.07,-19.34,40.28,-19.91,1
b,2022-11-01 17:12:36.365299,-0.23,-0.79,0.42,47.91,-102.23,49.62,-19.34,40.28,-19.91,1
b,2022-11-01 17:12:36.365569,-0.30,-0.84,0.38,47.67,-110.11,25.57,-17.80,41.39,-18.33,1
b,2022-11-01 17:12:36.365829,-0.49,-0.92,0.46,33.20,-110.90,26.37,-17.80,41.39,-18.33,1
b,2022-11-01 17:12:36.366094,-0.51,-0.90,0.51,-0.67,-95.28,31.43,-17.80,41.39,-18.33,1
b,2022-11-01 17:12:36.366354,-0.51,-0.87,0.46,-20.20,-70.98,23.01,-16.50,41.86,-15.65,1
b,2022-11-01 17:12:36.366620,-0.34,-0.86,0.49,-21.79,-38.21,13.12,-16.50,41.86,-15.65,1
b,2022-11-01 17:12:36.366877,-0.37,-0.88,0.43,-40.04,-33.26,18.19,-16.50,41.86,-15.65,1
b,2022-11-01 17:12:36.367135,-0.36,-0.82,0.49,-44.62,-39.92,19.71,-15.80,43.02,-13.81,1
b,2022-11-01 17:12:36.367401,-0.32,-0.82,0.51,-42.18,-47.67,20.75,-15.80,43.02,-13.81,1
b,2022-11-01 17:12:36.367662,-0.35,-0.83,0.56,-23.99,-44.07,21.85,-15.38,43.32,-14.97,1
b,2022-11-01 17:12:36.367919,-0.27,-0.80,0.50,7.57,-33.08,26.49,-15.38,43.32,-14.97,1
b,2022-11-01 17:12:36.368173,-0.30,-0.83,0.41,24.11,-30.09,36.07,-15.38,43.32,-14.97,1
b,2022-11-01 17:12:36.368438,-0.27,-0.80,0.41,23.62,-39.00,31.13,-14.00,44.18,-13.29,1
b,2022-11-01 17:12:36.368697,-0.27,-0.78,0.41,30.58,-48.28,21.73,-14.00,44.18,-13.29,1
b,2022-11-01 17:12:36.368960,-0.32,-0.84,0.40,32.41,-52.06,17.21,-14.00,44.18,-13.29,1
b,2022-11-01 17:12:36.369216,-0.37,-0.87,0.38,48.58,-52.43,18.49,-13.05,44.20,-12.12,1
b,2022-11-01 17:12:36.369481,-0.42,-0.89,0.36,32.10,-38.33,21.12,-13.05,44.20,-12.12,1
b,2022-11-01 17:12:36.369737,-0.37,-0.97,0.33,22.34,-25.45,22.46,-13.05,44.20,-12.12,1
b,2022-11-01 17:12:36.369992,-0.27,-0.72,0.37,-11.35,-25.39,14.89,-12.15,44.19,-9.96,1
b,2022-11-01 17:12:36.370246,-0.35,-0.88,0.34,14.10,-29.30,12.33,-12.15,44.19,-9.96,1
b,2022-11-01 17:12:36.370551,-0.27,-0.81,0.34,30.52,-32.35,8.12,-11.40,44.90,-9.48,1
b,2022-11-01 17:12:36.370773,-0.26,-1.09,0.24,44.43,-32.04,-0.92,-11.40,44.90,-9.48,1
b,2022-11-01 17:12:36.370990,-0.30,-0.96,0.29,38.82,-19.04,-13.61,-11.40,44.90,-9.48,1
b,2022-11-01 17:12:36.371211,-0.31,-0.93,0.25,31.80,-14.59,-16.24,-11.28,44.30,-7.37,1
b,2022-11-01 17:12:36.371428,-0.33,-0.94,0.21,27.59,-15.63,-16.78,-11.28,44.30,-7.37,1
b,2022-11-01 17:12:36.371650,-0.37,-0.89,0.22,10.50,-23.19,-8.06,-11.28,44.30,-7.37,1
b,2022-11-01 17:12:36.371862,-0.33,-0.94,0.20,39.31,-17.70,60.97,-11.49,44.02,-6.93,1
b,2022-11-01 17:12:36.372079,-0.35,-0.99,0.22,62.19,-26.25,41.99,-11.49,44.02,-6.93,1
b,2022-11-01 17:12:36.372295,-0.33,-0.98,0.27,92.22,-11.17,44.74,-11.49,44.02,-6.93,1
b,2022-11-01 17:12:36.372505,-0.31,-0.94,0.17,123.05,-8.97,38.76,-9.22,44.70,-3.06,1
b,2022-11-01 17:12:36.372724,-0.27,-0.95,0.12,128.78,-10.13,39.31,-9.22,44.70,-3.06,1
b,2022-11-01 17:12:36.372934,-0.24,-0.97,0.10,143.13,-15.20,39.06,-8.06,42.35,0.62,1
b,2022-11-01 17:12:36.373149,-0.21,-0.90,0.01,173.40,-19.65,36.50,-8.06,42.35,0.62,1
b,2022-11-01 17:12:36.373361,-0.29,-1.07,-0.20,204.04,-20.14,41.20,-8.06,42.35,0.62,1
b,2022-11-01 17:12:36.373577,-0.34,-1.17,-0.25,168.03,-2.62,42.36,-7.13,38.15,6.08,1
b,2022-11-01 17:12:36.373788,-0.36,-1.25,-0.29,100.52,3.05,31.49,-7.13,38.15,6.08,1
b,2022-11-01 17:12:36.373997,-0.27,-1.14,-0.29,26.37,1.16,16.42,-7.13,38.15,6.08,1
b,2022-11-01 17:12:36.374202,-0.23,-1.01,-0.22,20.39,10.44,4.70,-6.81,37.21,7.52,1
b,2022-11-01 17:12:36.374404,-0.18,-0.96,-0.19,-4.09,13.98,6.77,-6.81,37.21,7.52,1
b,2022-11-01 17:12:36.374621,-0.19,-0.91,-0.22,-3.85,10.62,8.54,-6.81,37.21,7.52,1
b,2022-11-01 17:12:36.374822,-0.19,-0.86,-0.18,2.20,2.87,12.82,-6.81,37.56,7.59,1
b,2022-11-01 17:12:36.375036,-0.30,-1.00,-0.21,28.50,-4.88,15.69,-6.81,37.56,7.59,1
b,2022-11-01 17:12:36.375240,-0.23,-0.95,-0.24,23.86,-6.04,15.14,-5.91,37.46,7.73,1
b,2022-11-01 17:12:36.375447,-0.19,-0.93,-0.26,34.91,-4.15,15.93,-5.91,37.46,7.73,1
b,2022-11-01 17:12:36.375665,-0.21,-1.00,-0.27,46.08,-3.85,19.23,-5.91,37.46,7.73,1
b,2022-11-01 17:12:36.375878,-0.24,-0.95,-0.30,42.30,-7.57,18.49,-5.73,36.72,10.90,1
b,2022-11-01 17:12:36.376095,-0.27,-1.01,-0.27,31.86,-7.39,19.04,-5.73,36.72,10.90,1
b,2022-11-01 17:12:36.376313,-0.23,-1.28,-0.29,-62.56,-13.18,8.91,-5.73,36.72,10.90,1
b,2022-11-01 17:12:36.376537,-0.17,-0.96,-0.22,-67.69,-5.07,8.12,-4.48,37.12,10.08,1
b,2022-11-01 17:12:36.376746,-0.18,-0.96,-0.21,-31.43,-1.77,6.16,-4.48,37.12,10.08,1
b,2022-11-01 17:12:36.376958,-0.17,-1.02,-0.25,20.20,1.10,0.61,-4.48,37.12,10.08,1
b,2022-11-01 17:12:36.377157,-0.18,-0.98,-0.24,-4.76,1.28,2.62,-4.81,37.44,8.00,1
b,2022-11-01 17:12:36.377353,-0.19,-0.97,-0.22,4.82,0.79,1.95,-4.81,37.44,8.00,1
b,2022-11-01 17:12:36.377559,-0.18,-0.98,-0.22,14.89,1.89,1.59,-4.60,37.78,9.67,1
b,2022-11-01 17:12:36.377759,-0.19,-0.97,-0.23,28.99,2.81,0.49,-4.60,37.78,9.67,1
b,2022-11-01 17:12:36.377972,-0.19,-0.97,-0.24,38.51,2.44,0.12,-4.60,37.78,9.67,1
b,2022-11-01 17:12:36.378182,-0.19,-1.00,-0.25,39.79,0.79,-0.06,-4.74,36.40,10.78,1
b,2022-11-01 17:12:36.378388,-0.17,-0.93,-0.29,39.00,0.79,0.06,-4.74,36.40,10.78,1
b,2022-11-01 17:12:36.378594,-0.19,-0.99,-0.33,42.48,3.30,-0.37,-4.74,36.40,10.78,1
b,2022-11-01 17:12:36.378808,-0.19,-0.96,-0.31,18.49,2.32,0.73,-4.93,35.01,11.25,1
b,2022-11-01 17:12:36.379025,-0.19,-0.95,-0.30,12.88,2.50,1.65,-4.93,35.01,11.25,1
b,2022-11-01 17:12:36.379238,-0.19,-0.97,-0.32,17.40,2.38,1.53,-4.93,35.01,11.25,1
b,2022-11-01 17:12:36.379459,-0.19,-0.95,-0.31,14.04,2.56,1.16,-5.15,34.96,11.24,1
b,2022-11-01 17:12:36.379666,-0.19,-0.96,-0.32,4.33,1.77,2.56,-5.15,34.96,11.24,1
b,2022-11-01 17:12:36.379865,-0.19,-0.97,-0.34,7.63,2.01,2.08,-4.50,34.36,10.73,1
b,2022-11-01 17:12:36.380162,-0.19,-0.95,-0.32,5.68,2.38,1.83,-4.50,34.36,10.73,1
b,2022-11-01 17:12:36.380348,-0.19,-0.96,-0.33,5.98,1.77,2.32,-4.50,34.36,10.73,1
b,2022-11-01 17:12:36.380529,-0.19,-0.96,-0.33,3.30,1.59,2.38,-5.04,34.41,11.71,1
b,2022-11-01 17:12:36.380701,-0.19,-0.96,-0.32,8.79,1.83,2.26,-5.04,34.41,11.71,1
b,2022-11-01 17:12:36.380881,-0.19,-0.96,-0.33,10.38,1.71,2.01,-5.04,34.41,11.71,1
b,2022-11-01 17:12:36.381056,-0.19,-0.95,-0.33,8.24,1.22,2.32,-4.72,34.46,12.24,1
b,2022-11-01 17:12:36.381230,-0.19,-0.94,-0.35,17.33,2.56,1.28,-4.72,34.46,12.24,1
b,2022-11-01 17:12:36.381409,-0.19,-0.96,-0.34,12.76,2.38,1.77,-4.72,34.46,12.24,1
b,2022-11-01 17:12:36.381584,-0.19,-0.96,-0.32,20.02,2.08,1.22,-4.21,33.83,12.95,1
b,2022-11-01 17:12:36.381767,-0.19,-0.96,-0.36,11.96,2.32,1.77,-4.21,33.83,12.95,1
b,2022-11-01 17:12:36.381945,-0.19,-0.92,-0.35,14.59,2.87,1.22,-4.79,33.45,11.85,1
b,2022-11-01 17:12:36.382136,-0.19,-0.97,-0.40,12.21,1.95,1.95,-4.79,33.45,11.85,1
b,2022-11-01 17:12:36.382313,-0.19,-0.94,-0.36,0.85,1.83,2.50,-4.79,33.45,11.85,1
b,2022-11-01 17:12:36.382487,-0.19,-0.94,-0.37,6.23,2.32,1.89,-5.10,32.62,12.27,1
b,2022-11-01 17:12:36.382670,-0.19,-0.95,-0.37,-0.61,1.65,2.87,-5.10,32.62,12.27,1
b,2022-11-01 17:12:36.382845,-0.19,-0.94,-0.36,2.62,2.08,2.20,-5.10,32.62,12.27,1
b,2022-11-01 17:12:36.383029,-0.19,-0.94,-0.37,1.77,1.71,2.56,-5.03,33.18,12.19,1
b,2022-11-01 17:12:36.383284,-0.19,-0.94,-0.37,1.89,1.83,2.38,-5.03,33.18,12.19,1
b,2022-11-01 17:12:36.383469,-0.19,-0.94,-0.37,3.54,1.89,2.44,-5.03,33.18,12.19,1
b,2022-11-01 17:12:36.383646,-0.19,-0.94,-0.37,2.44,1.89,2.44,-5.07,32.81,12.90,1
b,2022-11-01 17:12:36.383821,-0.19,-0.94,-0.37,3.54,2.01,2.32,-5.07,32.81,12.90,1
b,2022-11-01 17:12:36.384012,-0.19,-0.94,-0.37,1.59,1.89,2.56,-5.55,32.87,11.06,1
b,2022-11-01 17:12:36.384186,-0.19,-0.94,-0.37,1.89,1.77,2.50,-5.55,32.87,11.06,1
b,2022-11-01 17:12:36.384373,-0.19,-0.94,-0.37,7.26,2.01,2.08,-5.55,32.87,11.06,1
b,2022-11-01 17:12:36.384548,-0.19,-0.94,-0.39,6.53,1.95,1.95,-5.18,32.32,12.90,1
b,2022-11-01 17:12:36.384724,-0.19,-0.94,-0.36,-0.92,1.71,2.62,-5.18,32.32,12.90,1
b,2022-11-01 17:12:36.384906,-0.19,-0.94,-0.37,12.15,2.44,1.59,-5.18,32.32,12.90,1
b,2022-11-01 17:12:36.385083,-0.19,-0.94,-0.39,10.80,2.14,1.77,-5.26,32.68,11.50,1
b,2022-11-01 17:12:36.385262,-0.19,-0.93,-0.38,4.82,2.14,2.32,-5.26,32.68,11.50,1
b,2022-11-01 17:12:36.385435,-0.19,-0.94,-0.39,4.09,1.89,2.26,-5.46,32.79,12.61,1
b,2022-11-01 17:12:36.385639,-0.19,-0.93,-0.38,-0.06,1.71,2.62,-5.46,32.79,12.61,1
b,2022-11-01 17:12:36.385811,-0.19,-0.94,-0.39,1.59,1.83,2.44,-5.46,32.79,12.61,1
b,2022-11-01 17:12:36.385986,-0.19,-0.93,-0.38,0.92,1.83,2.38,-4.86,32.47,11.83,1
b,2022-11-01 17:12:36.386188,-0.19,-0.93,-0.37,3.42,1.65,2.44,-4.86,32.47,11.83,1
b,2022-11-01 17:12:36.386360,-0.19,-0.94,-0.39,2.32,1.71,2.56,-4.86,32.47,11.83,1
b,2022-11-01 17:12:36.386542,-0.19,-0.93,-0.38,3.48,1.95,2.32,-5.10,32.51,12.52,1
b,2022-11-01 17:12:36.386722,-0.19,-0.93,-0.39,4.58,2.08,2.14,-5.10,32.51,12.52,1
b,2022-11-01 17:12:36.386894,-0.19,-0.93,-0.38,2.99,2.08,2.44,-5.10,32.51,12.52,1
b,2022-11-01 17:12:36.387071,-0.19,-0.93,-0.39,8.06,2.14,1.95,-5.02,32.41,13.05,1
b,2022-11-01 17:12:36.387242,-0.19,-0.93,-0.39,7.14,2.08,1.95,-5.02,32.41,13.05,1
b,2022-11-01 17:12:36.387422,-0.19,-0.93,-0.39,4.52,1.89,2.20,-4.87,31.96,13.57,1
b,2022-11-01 17:12:36.387594,-0.19,-0.93,-0.39,6.23,1.95,2.08,-4.87,31.96,13.57,1
b,2022-11-01 17:12:36.387776,-0.19,-0.93,-0.40,6.47,1.95,2.08,-4.87,31.96,13.57,1
b,2022-11-01 17:12:36.387947,-0.19,-0.93,-0.40,6.04,2.08,2.08,-4.99,31.24,13.17,1
b,2022-11-01 17:12:36.388118,-0.19,-0.93,-0.40,5.80,1.95,2.14,-4.99,31.24,13.17,1
b,2022-11-01 17:12:36.388292,-0.19,-0.93,-0.40,5.31,1.89,2.08,-4.99,31.24,13.17,1
b,2022-11-01 17:12:36.388464,-0.19,-0.93,-0.40,4.58,2.14,2.20,-4.90,31.32,13.01,1
b,2022-11-01 17:12:36.388648,-0.19,-0.93,-0.40,4.39,1.89,2.26,-4.90,31.32,13.01,1
b,2022-11-01 17:12:36.388820,-0.19,-0.93,-0.41,4.15,1.95,2.20,-4.90,31.32,13.01,1
b,2022-11-01 17:12:36.388994,-0.19,-0.92,-0.39,2.01,1.46,2.26,-5.32,31.67,13.18,1
b,2022-11-01 17:12:36.389168,-0.19,-0.93,-0.41,15.50,2.38,1.34,-5.32,31.67,13.18,1
b,2022-11-01 17:12:36.389338,-0.20,-0.93,-0.42,7.20,2.14,2.01,-5.33,31.58,13.66,1
b,2022-11-01 17:12:36.389571,-0.20,-0.92,-0.40,-6.90,1.46,2.75,-5.33,31.58,13.66,1
b,2022-11-01 17:12:36.389745,-0.19,-0.93,-0.41,-4.52,1.53,2.87,-5.33,31.58,13.66,1
b,2022-11-01 17:12:36.389928,-0.19,-0.93,-0.41,-5.37,1.59,2.93,-5.18,31.57,14.12,1
b,2022-11-01 17:12:36.390105,-0.19,-0.93,-0.40,-3.23,1.71,2.56,-5.18,31.57,14.12,1
b,2022-11-01 17:12:36.390260,-0.19,-0.91,-0.37,-0.67,1.65,2.69,-5.18,31.57,14.12,1
b,2022-11-01 17:12:36.390420,-0.19,-0.93,-0.43,19.53,2.56,1.04,-4.79,31.73,12.10,1
b,2022-11-01 17:12:36.390579,-0.20,-0.93,-0.41,1.22,1.89,2.32,-4.79,31.73,12.10,1
b,2022-11-01 17:12:36.390743,-0.19,-0.92,-0.40,1.59,1.77,2.50,-4.79,31.73,12.10,1
b,2022-11-01 17:12:36.390898,-0.19,-0.93,-0.41,-2.01,1.89,2.38,-5.00,31.32,12.88,1
b,2022-11-01 17:12:36.391058,-0.19,-0.92,-0.40,-1.46,1.71,2.62,-5.00,31.32,12.88,1
b,2022-11-01 17:12:36.391218,-0.19,-0.93,-0.41,0.43,1.77,2.62,-4.83,31.34,13.57,1
b,2022-11-01 17:12:36.391372,-0.19,-0.92,-0.40,0.06,1.89,2.44,-4.83,31.34,13.57,1
b,2022-11-01 17:12:36.391529,-0.19,-0.93,-0.40,0.49,1.83,2.56,-4.83,31.34,13.57,1
b,2022-11-01 17:12:36.391686,-0.19,-0.93,-0.40,3.60,1.89,2.20,-5.26,31.27,13.37,1
b,2022-11-01 17:12:36.391842,-0.19,-0.93,-0.41,3.30,1.95,2.26,-5.26,31.27,13.37,1
b,2022-11-01 17:12:36.391995,-0.19,-0.93,-0.41,1.59,1.95,2.38,-5.26,31.27,13.37,1
b,2022-11-01 17:12:36.392149,-0.19,-0.93,-0.40,0.85,1.83,2.50,-5.48,31.70,13.23,1
b,2022-11-01 17:12:36.392304,-0.19,-0.92,-0.40,1.28,1.89,2.50,-5.48,31.70,13.23,1
b,2022-11-01 17:12:36.392457,-0.19,-0.93,-0.41,1.28,1.77,2.44,-5.48,31.70,13.23,1
b,2022-11-01 17:12:36.392614,-0.19,-0.93,-0.40,0.55,1.89,2.44,-5.55,31.27,13.51,1
b,2022-11-01 17:12:36.392766,-0.19,-0.93,-0.40,1.53,1.95,2.26,-5.55,31.27,13.51,1
b,2022-11-01 17:12:36.392922,-0.19,-0.93,-0.40,1.16,2.01,2.38,-5.19,31.65,14.07,1
b,2022-11-01 17:12:36.393076,-0.19,-0.93,-0.40,1.34,2.08,2.44,-5.19,31.65,14.07,1
b,2022-11-01 17:12:36.393231,-0.19,-0.93,-0.41,2.38,2.01,2.44,-5.19,31.65,14.07,1
b,2022-11-01 17:12:36.393388,-0.20,-0.93,-0.41,1.04,1.95,2.50,-5.33,31.95,13.24,1
b,2022-11-01 17:12:36.393541,-0.19,-0.93,-0.41,1.83,1.89,2.20,-5.33,31.95,13.24,1
b,2022-11-01 17:12:36.393702,-0.19,-0.92,-0.40,1.83,2.08,2.38,-5.33,31.95,13.24,1
b,2022-11-01 17:12:36.393854,-0.20,-0.93,-0.41,3.23,2.01,2.20,-4.82,31.98,13.39,1
b,2022-11-01 17:12:36.394010,-0.19,-0.92,-0.40,0.61,1.83,2.32,-4.82,31.98,13.39,1
b,2022-11-01 17:12:36.394162,-0.19,-0.92,-0.41,2.26,1.89,2.20,-4.82,31.98,13.39,1
b,2022-11-01 17:12:36.394314,-0.19,-0.93,-0.41,2.14,1.83,2.26,-5.04,31.90,13.60,1
b,2022-11-01 17:12:36.394470,-0.19,-0.92,-0.41,1.53,1.83,2.38,-5.04,31.90,13.60,1
b,2022-11-01 17:12:36.394622,-0.19,-0.93,-0.41,1.71,1.95,2.38,-5.16,31.48,13.62,1
b,2022-11-01 17:12:36.394778,-0.19,-0.93,-0.41,2.99,2.01,2.20,-5.16,31.48,13.62,1
b,2022-11-01 17:12:36.394932,-0.20,-0.92,-0.41,1.53,1.83,2.44,-5.16,31.48,13.62,1
b,2022-11-01 17:12:36.395083,-0.19,-0.92,-0.41,0.85,1.89,2.44,-5.58,31.73,14.29,1
b,2022-11-01 17:12:36.395243,-0.19,-0.93,-0.41,1.46,1.89,2.32,-5.58,31.73,14.29,1
b,2022-11-01 17:12:36.395398,-0.20,-0.92,-0.41,0.67,2.01,2.62,-5.58,31.73,14.29,1
b,2022-11-01 17:12:36.395555,-0.19,-0.93,-0.41,1.04,2.08,2.50,-4.65,31.99,12.34,1
b,2022-11-01 17:12:36.395708,-0.19,-0.92,-0.41,0.98,1.95,2.56,-4.65,31.99,12.34,1
b,2022-11-01 17:12:36.395862,-0.19,-0.92,-0.41,1.10,1.83,2.44,-4.65,31.99,12.34,1
b,2022-11-01 17:12:36.396019,-0.19,-0.93,-0.41,0.85,1.89,2.26,-4.96,31.29,13.05,1
b,2022-11-01 17:12:36.396171,-0.19,-0.92,-0.41,0.49,1.89,2.38,-4.96,31.29,13.05,1
b,2022-11-01 17:12:36.396335,-0.19,-0.93,-0.41,0.67,1.83,2.56,-4.57,31.31,14.09,1
b,2022-11-01 17:12:36.396491,-0.19,-0.93,-0.41,0.37,1.77,2.32,-4.57,31.31,14.09,1
b,2022-11-01 17:12:36.396655,-0.19,-0.92,-0.41,0.61,1.89,2.56,-4.57,31.31,14.09,1
b,2022-11-01 17:12:36.396810,-0.19,-0.93,-0.41,1.59,2.01,2.44,-5.03,31.46,14.33,1
b,2022-11-01 17:12:36.396964,-0.19,-0.93,-0.41,0.18,1.95,2.50,-5.03,31.46,14.33,1
b,2022-11-01 17:12:36.397122,-0.19,-0.93,-0.41,1.10,1.95,2.56,-5.03,31.46,14.33,1
b,2022-11-01 17:12:36.397276,-0.19,-0.92,-0.41,0.67,1.83,2.44,-5.18,31.57,13.17,1
b,2022-11-01 17:12:36.397435,-0.19,-0.93,-0.41,1.34,1.89,2.44,-5.18,31.57,13.17,1
b,2022-11-01 17:12:36.397587,-0.19,-0.93,-0.41,1.16,1.89,2.44,-5.18,31.57,13.17,1
b,2022-11-01 17:12:36.397739,-0.19,-0.93,-0.40,1.10,1.95,2.38,-5.13,32.19,13.45,1
b,2022-11-01 17:12:36.397896,-0.19,-0.92,-0.41,1.40,1.95,2.56,-5.13,32.19,13.45,1
b,2022-11-01 17:12:36.398049,-0.19,-0.93,-0.41,1.22,1.77,2.56,-4.75,31.16,12.94,1
b,2022-11-01 17:12:36.398209,-0.19,-0.93,-0.41,1.22,1.83,2.50,-4.75,31.16,12.94,1
b,2022-11-01 17:12:36.398367,-0.19,-0.93,-0.41,0.98,2.01,2.38,-4.75,31.16,12.94,1
b,2022-11-01 17:12:36.398523,-0.19,-0.93,-0.40,1.34,1.95,2.44,-5.22,31.73,13.45,1
b,2022-11-01 17:12:36.398675,-0.19,-0.93,-0.41,1.46,1.95,2.62,-5.22,31.73,13.45,1
b,2022-11-01 17:12:36.398830,-0.19,-0.93,-0.41,1.04,2.01,2.50,-5.22,31.73,13.45,1
b,2022-11-01 17:12:36.398992,-0.19,-0.92,-0.41,1.28,2.14,2.44,-5.22,31.42,13.50,1
b,2022-11-01 17:12:36.399150,-0.19,-0.93,-0.41,0.73,1.89,2.38,-5.22,31.42,13.50,1
b,2022-11-01 17:12:36.399311,-0.19,-0.93,-0.41,1.10,1.95,2.38,-5.22,31.42,13.50,1
b,2022-11-01 17:12:36.399463,-0.19,-0.93,-0.41,1.28,1.95,2.26,-5.42,31.43,13.76,1
b,2022-11-01 17:12:36.399620,-0.19,-0.93,-0.41,1.28,1.95,2.32,-5.42,31.43,13.76,1
b,2022-11-01 17:12:36.399773,-0.19,-0.93,-0.41,2.20,1.95,2.44,-4.68,31.91,13.78,1
b,2022-11-01 17:12:36.399925,-0.19,-0.92,-0.41,1.22,1.95,2.32,-4.68,31.91,13.78,1
b,2022-11-01 17:12:36.400084,-0.19,-0.93,-0.41,1.59,2.01,2.44,-4.68,31.91,13.78,1
b,2022-11-01 17:12:36.400238,-0.19,-0.92,-0.41,1.59,1.83,2.32,-4.97,31.51,13.81,1
b,2022-11-01 17:12:36.400408,-0.19,-0.93,-0.41,1.59,1.95,2.56,-4.97,31.51,13.81,1
b,2022-11-01 17:12:36.400562,-0.19,-0.93,-0.41,1.40,1.95,2.32,-4.97,31.51,13.81,1
b,2022-11-01 17:12:36.400716,-0.19,-0.93,-0.41,1.34,2.14,2.44,-4.96,31.27,12.68,1
b,2022-11-01 17:12:36.400875,-0.19,-0.92,-0.41,1.22,2.01,2.20,-4.96,31.27,12.68,1
b,2022-11-01 17:12:36.401029,-0.19,-0.93,-0.41,0.92,2.01,2.44,-4.96,31.27,12.68,1
b,2022-11-01 17:12:36.401188,-0.19,-0.92,-0.41,1.10,2.01,2.38,-5.00,31.19,13.26,1
b,2022-11-01 17:12:36.401342,-0.19,-0.93,-0.41,1.10,1.95,2.50,-5.00,31.19,13.26,1
b,2022-11-01 17:12:36.401498,-0.19,-0.93,-0.41,0.98,2.08,2.44,-4.93,31.65,13.22,1
b,2022-11-01 17:12:36.401651,-0.19,-0.93,-0.41,1.10,1.83,2.38,-4.93,31.65,13.22,1
b,2022-11-01 17:12:36.401805,-0.19,-0.93,-0.41,0.98,1.95,2.44,-4.93,31.65,13.22,1
b,2022-11-01 17:12:36.401964,-0.19,-0.93,-0.41,0.85,1.77,2.38,-5.21,31.59,13.83,1
b,2022-11-01 17:12:36.402118,-0.19,-0.92,-0.41,1.16,1.95,2.56,-5.21,31.59,13.83,1
b,2022-11-01 17:12:36.402276,-0.19,-0.93,-0.41,1.34,1.95,2.56,-5.21,31.59,13.83,1
b,2022-11-01 17:12:36.402429,-0.19,-0.92,-0.41,1.16,1.89,2.38,-4.97,32.29,13.59,1
b,2022-11-01 17:12:36.402586,-0.19,-0.93,-0.41,1.34,1.89,2.56,-4.97,32.29,13.59,1
b,2022-11-01 17:12:36.402740,-0.19,-0.93,-0.41,1.28,1.71,2.44,-4.97,32.29,13.59,1
b,2022-11-01 17:12:36.402894,-0.19,-0.93,-0.41,1.40,2.01,2.44,-4.72,31.90,13.82,1
b,2022-11-01 17:12:36.403051,-0.19,-0.93,-0.41,1.40,2.01,2.62,-4.72,31.90,13.82,1
b,2022-11-01 17:12:36.403205,-0.19,-0.92,-0.41,1.34,2.01,2.75,-5.37,31.48,13.95,1
b,2022-11-01 17:12:36.403372,-0.19,-0.93,-0.41,1.04,1.77,2.26,-5.37,31.48,13.95,1
b,2022-11-01 17:12:36.403524,-0.19,-0.92,-0.41,1.28,1.89,2.44,-5.37,31.48,13.95,1
b,2022-11-01 17:12:36.403677,-0.19,-0.93,-0.41,1.46,2.08,2.56,-4.43,31.31,13.66,1
b,2022-11-01 17:12:36.403836,-0.19,-0.93,-0.41,1.34,1.95,2.50,-4.43,31.31,13.66,1
b,2022-11-01 17:12:36.403988,-0.19,-0.93,-0.41,1.40,1.89,2.50,-4.43,31.31,13.66,1
b,2022-11-01 17:12:36.404144,-0.19,-0.93,-0.41,1.59,1.83,2.56,-5.11,31.31,14.01,1
b,2022-11-01 17:12:36.404300,-0.19,-0.93,-0.41,1.28,1.83,2.44,-5.11,31.31,14.01,1
b,2022-11-01 17:12:36.404460,-0.19,-0.93,-0.41,1.46,2.20,2.38,-5.11,31.31,14.01,1
b,2022-11-01 17:12:36.404615,-0.19,-0.93,-0.41,1.34,1.89,2.38,-4.82,30.94,13.37,1
b,2022-11-01 17:12:36.404768,-0.19,-0.93,-0.41,1.46,2.08,2.50,-4.82,30.94,13.37,1
b,2022-11-01 17:12:36.404957,-0.19,-0.93,-0.41,1.59,1.89,2.56,-4.87,31.43,14.12,1
b,2022-11-01 17:12:36.405113,-0.19,-0.93,-0.41,1.16,1.89,2.32,-4.87,31.43,14.12,1
b,2022-11-01 17:12:36.405269,-0.19,-0.93,-0.41,1.59,2.08,2.50,-4.87,31.43,14.12,1
b,2022-11-01 17:12:36.405421,-0.19,-0.93,-0.41,1.71,1.89,2.44,-4.75,31.74,13.31,1
b,2022-11-01 17:12:36.405579,-0.19,-0.93,-0.41,1.16,2.08,2.38,-4.75,31.74,13.31,1
b,2022-11-01 17:12:36.405735,-0.19,-0.92,-0.41,1.40,1.77,2.44,-4.75,31.74,13.31,1
b,2022-11-01 17:12:36.405888,-0.19,-0.93,-0.41,1.40,1.95,2.38,-4.65,31.59,13.55,1
b,2022-11-01 17:12:36.406048,-0.19,-0.93,-0.41,1.22,1.95,2.44,-4.65,31.59,13.55,1
b,2022-11-01 17:12:36.406205,-0.19,-0.93,-0.41,1.10,2.01,2.44,-4.65,31.59,13.55,1
b,2022-11-01 17:12:36.406364,-0.19,-0.93,-0.41,1.34,1.83,2.44,-4.99,31.07,13.46,1
b,2022-11-01 17:12:36.406516,-0.19,-0.92,-0.41,1.22,1.89,2.50,-4.99,31.07,13.46,1
b,2022-11-01 17:12:36.406672,-0.19,-0.93,-0.41,1.28,1.95,2.56,-4.85,31.40,14.09,1
b,2022-11-01 17:12:36.406826,-0.19,-0.92,-0.41,1.40,1.95,2.38,-4.85,31.40,14.09,1
b,2022-11-01 17:12:36.406983,-0.19,-0.93,-0.41,1.22,2.01,2.56,-4.85,31.40,14.09,1
b,2022-11-01 17:12:36.407139,-0.19,-0.93,-0.41,1.46,1.95,2.62,-4.26,31.57,13.62,1
b,2022-11-01 17:12:36.407293,-0.19,-0.92,-0.41,1.34,1.83,2.26,-4.26,31.57,13.62,1
b,2022-11-01 17:12:36.407460,-0.19,-0.93,-0.41,1.34,2.01,2.44,-4.26,31.57,13.62,1
b,2022-11-01 17:12:36.407612,-0.19,-0.93,-0.41,1.22,1.65,2.20,-5.02,31.53,13.48,1
b,2022-11-01 17:12:36.407764,-0.19,-0.92,-0.41,1.28,2.01,2.56,-5.02,31.53,13.48,1
b,2022-11-01 17:12:36.407925,-0.19,-0.92,-0.41,1.16,1.83,2.44,-5.02,31.53,13.48,1
b,2022-11-01 17:12:36.408083,-0.19,-0.92,-0.41,1.16,1.71,2.26,-4.69,31.19,14.12,1
b,2022-11-01 17:12:36.408247,-0.19,-0.93,-0.41,1.59,1.89,2.44,-4.69,31.19,14.12,1
b,2022-11-01 17:12:36.408398,-0.19,-0.93,-0.41,1.53,1.89,2.56,-5.20,32.02,13.42,1
b,2022-11-01 17:12:36.408554,-0.19,-0.93,-0.41,1.04,1.89,2.32,-5.20,32.02,13.42,1
b,2022-11-01 17:12:36.408707,-0.19,-0.93,-0.41,1.40,1.95,2.44,-5.20,32.02,13.42,1
b,2022-11-01 17:12:36.408860,-0.19,-0.92,-0.41,1.28,1.95,2.32,-5.27,31.24,13.75,1
b,2022-11-01 17:12:36.409025,-0.19,-0.92,-0.41,1.10,1.89,2.50,-5.27,31.24,13.75,1
b,2022-11-01 17:12:36.409181,-0.19,-0.93,-0.41,1.28,2.01,2.44,-5.27,31.24,13.75,1
b,2022-11-01 17:12:36.409346,-0.19,-0.93,-0.41,1.16,1.89,2.38,-5.03,31.30,12.44,1
b,2022-11-01 17:12:36.409498,-0.19,-0.93,-0.41,1.22,1.95,2.44,-5.03,31.30,12.44,1
b,2022-11-01 17:12:36.409649,-0.19,-0.93,-0.41,1.10,2.01,2.38,-5.03,31.30,12.44,1
b,2022-11-01 17:12:36.409809,-0.19,-0.93,-0.41,1.04,1.83,2.38,-4.77,31.37,13.98,1
b,2022-11-01 17:12:36.409963,-0.19,-0.92,-0.41,1.46,1.83,2.50,-4.77,31.37,13.98,1
b,2022-11-01 17:12:36.410129,-0.19,-0.92,-0.41,1.16,1.77,2.38,-5.21,31.41,12.84,1
b,2022-11-01 17:12:36.410282,-0.19,-0.92,-0.41,1.28,1.95,2.32,-5.21,31.41,12.84,1
b,2022-11-01 17:12:36.410434,-0.19,-0.93,-0.41,1.40,2.01,2.44,-5.21,31.41,12.84,1
b,2022-11-01 17:12:36.410593,-0.19,-0.92,-0.41,1.28,1.95,2.50,-4.59,30.96,12.70,1
b,2022-11-01 17:12:36.410746,-0.19,-0.93,-0.41,1.40,2.14,2.44,-4.59,30.96,12.70,1
b,2022-11-01 17:12:36.410912,-0.19,-0.93,-0.41,1.28,1.95,2.50,-4.59,30.96,12.70,1
b,2022-11-01 17:12:36.411062,-0.19,-0.92,-0.41,1.16,2.01,2.32,-4.69,31.29,13.59,1
b,2022-11-01 17:12:36.411228,-0.19,-0.92,-0.41,1.22,2.08,2.44,-4.69,31.29,13.59,1
b,2022-11-01 17:12:36.411380,-0.19,-0.92,-0.41,1.28,1.83,2.44,-4.69,31.29,13.59,1
b,2022-11-01 17:12:36.411533,-0.19,-0.92,-0.41,1.28,1.95,2.44,-4.90,31.12,13.53,1
b,2022-11-01 17:12:36.411692,-0.19,-0.92,-0.41,1.16,1.89,2.50,-4.90,31.12,13.53,1
b,2022-11-01 17:12:36.411848,-0.19,-0.93,-0.41,1.28,1.95,2.50,-5.04,31.43,14.01,1
b,2022-11-01 17:12:36.412018,-0.19,-0.92,-0.41,0.92,1.77,2.26,-5.04,31.43,14.01,1
b,2022-11-01 17:12:36.412168,-0.19,-0.93,-0.41,1.34,2.01,2.38,-5.04,31.43,14.01,1
b,2022-11-01 17:12:36.412319,-0.19,-0.92,-0.41,1.46,1.89,2.32,-5.15,31.20,13.32,1
b,2022-11-01 17:12:36.412479,-0.19,-0.92,-0.41,1.16,1.83,2.32,-5.15,31.20,13.32,1
b,2022-11-01 17:12:36.412630,-0.19,-0.92,-0.41,1.22,1.83,2.38,-5.15,31.20,13.32,1
b,2022-11-01 17:12:36.412795,-0.19,-0.92,-0.41,1.53,1.83,2.32,-4.21,31.36,13.35,1
b,2022-11-01 17:12:36.412947,-0.19,-0.92,-0.41,0.98,1.83,2.38,-4.21,31.36,13.35,1
b,2022-11-01 17:12:36.413106,-0.19,-0.92,-0.41,1.28,1.95,2.50,-4.21,31.36,13.35,1
b,2022-11-01 17:12:36.413261,-0.19,-0.93,-0.41,1.10,2.01,2.44,-4.99,31.52,14.67,1
b,2022-11-01 17:12:36.413421,-0.19,-0.92,-0.41,1.04,2.14,2.50,-4.99,31.52,14.67,1
b,2022-11-01 17:12:36.413586,-0.19,-0.93,-0.41,1.53,1.95,2.38,-4.50,31.69,12.59,1
b,2022-11-01 17:12:36.413743,-0.19,-0.92,-0.41,1.10,1.95,2.44,-4.50,31.69,12.59,1
b,2022-11-01 17:12:36.413903,-0.19,-0.92,-0.41,1.28,1.95,2.44,-4.50,31.69,12.59,1
b,2022-11-01 17:12:36.414055,-0.19,-0.92,-0.41,1.40,1.95,2.44,-4.50,31.52,12.77,1
b,2022-11-01 17:12:36.414205,-0.19,-0.92,-0.41,1.40,1.83,2.44,-4.50,31.52,12.77,1
b,2022-11-01 17:12:36.414370,-0.19,-0.92,-0.41,1.28,2.14,2.44,-4.50,31.52,12.77,1
b,2022-11-01 17:12:36.414522,-0.19,-0.92,-0.41,1.34,1.89,2.38,-4.37,31.19,14.58,1
b,2022-11-01 17:12:36.414683,-0.19,-0.93,-0.41,1.59,1.95,2.50,-4.37,31.19,14.58,1
b,2022-11-01 17:12:36.414836,-0.19,-0.93,-0.41,1.34,1.83,2.44,-4.37,31.19,14.58,1
b,2022-11-01 17:12:36.414987,-0.19,-0.92,-0.41,1.46,1.83,2.38,-4.93,31.67,14.27,1
b,2022-11-01 17:12:36.415146,-0.19,-0.93,-0.41,1.46,2.01,2.56,-4.93,31.67,14.27,1
b,2022-11-01 17:12:36.415299,-0.19,-0.92,-0.41,1.16,2.08,2.20,-4.58,31.49,14.15,1
b,2022-11-01 17:12:36.415459,-0.19,-0.93,-0.41,1.34,1.77,2.50,-4.58,31.49,14.15,1
b,2022-11-01 17:12:36.415613,-0.19,-0.92,-0.41,1.53,1.95,2.44,-4.58,31.49,14.15,1
b,2022-11-01 17:12:36.415768,-0.19,-0.93,-0.41,1.34,1.77,2.44,-5.22,30.87,13.50,1
b,2022-11-01 17:12:36.415924,-0.19,-0.93,-0.41,1.40,1.89,2.50,-5.22,30.87,13.50,1
b,2022-11-01 17:12:36.416075,-0.19,-0.92,-0.41,1.46,2.01,2.50,-5.22,30.87,13.50,1
b,2022-11-01 17:12:36.416232,-0.19,-0.92,-0.41,1.53,1.83,2.44,-4.90,31.14,13.78,1
b,2022-11-01 17:12:36.416385,-0.19,-0.92,-0.41,1.34,1.89,2.44,-4.90,31.14,13.78,1
b,2022-11-01 17:12:36.416542,-0.19,-0.92,-0.41,1.16,1.89,2.38,-4.90,31.14,13.78,1
b,2022-11-01 17:12:36.416695,-0.19,-0.92,-0.41,0.92,1.89,2.26,-4.77,31.70,14.28,1
b,2022-11-01 17:12:36.416848,-0.19,-0.93,-0.41,1.34,1.89,2.38,-4.77,31.70,14.28,1
b,2022-11-01 17:12:36.417006,-0.19,-0.92,-0.41,0.98,1.77,2.38,-4.82,32.15,13.87,1
b,2022-11-01 17:12:36.417157,-0.19,-0.92,-0.41,1.16,1.89,2.44,-4.82,32.15,13.87,1
b,2022-11-01 17:12:36.417315,-0.19,-0.92,-0.41,1.34,1.77,2.50,-4.82,32.15,13.87,1
b,2022-11-01 17:12:36.417468,-0.19,-0.93,-0.41,1.40,1.95,2.50,-4.75,31.40,13.37,1
b,2022-11-01 17:12:36.417623,-0.19,-0.93,-0.41,1.16,1.95,2.38,-4.75,31.40,13.37,1
b,2022-11-01 17:12:36.417783,-0.19,-0.92,-0.41,1.46,1.89,2.44,-4.75,31.40,13.37,1
b,2022-11-01 17:12:36.417937,-0.19,-0.93,-0.41,1.22,1.95,2.50,-4.80,31.69,13.31,1
b,2022-11-01 17:12:36.418098,-0.19,-0.93,-0.41,1.28,1.89,2.44,-4.80,31.69,13.31,1
b,2022-11-01 17:12:36.418251,-0.19,-0.92,-0.41,1.28,2.01,2.32,-4.80,31.69,13.31,1
b,2022-11-01 17:12:36.418406,-0.19,-0.92,-0.41,1.22,1.95,2.38,-3.88,31.91,13.15,1
b,2022-11-01 17:12:36.418564,-0.19,-0.93,-0.41,1.16,1.95,2.44,-3.88,31.91,13.15,1
b,2022-11-01 17:12:36.418715,-0.19,-0.92,-0.41,1.46,1.77,2.50,-4.69,31.85,13.71,1
b,2022-11-01 17:12:36.418872,-0.19,-0.92,-0.41,1.16,1.89,2.44,-4.69,31.85,13.71,1
b,2022-11-01 17:12:36.419022,-0.19,-0.92,-0.41,1.16,1.95,2.44,-4.69,31.85,13.71,1
b,2022-11-01 17:12:36.419179,-0.19,-0.93,-0.41,1.34,1.71,2.38,-4.90,31.80,14.23,1
b,2022-11-01 17:12:36.419332,-0.19,-0.93,-0.41,1.34,1.89,2.44,-4.90,31.80,14.23,1
b,2022-11-01 17:12:36.419484,-0.19,-0.93,-0.41,1.28,2.08,2.44,-4.90,31.80,14.23,1
b,2022-11-01 17:12:36.419643,-0.19,-0.92,-0.41,1.28,1.89,2.44,-4.57,31.41,14.77,1
b,2022-11-01 17:12:36.419794,-0.19,-0.93,-0.41,1.34,1.89,2.56,-4.57,31.41,14.77,1
b,2022-11-01 17:12:36.419957,-0.19,-0.93,-0.41,1.22,1.95,2.44,-4.57,31.41,14.77,1
b,2022-11-01 17:12:36.420110,-0.19,-0.92,-0.41,0.85,1.77,2.32,-4.79,31.80,14.26,1
b,2022-11-01 17:12:36.420263,-0.19,-0.92,-0.41,1.28,1.95,2.50,-4.79,31.80,14.26,1
b,2022-11-01 17:12:36.420447,-0.19,-0.92,-0.41,1.34,1.83,2.32,-4.76,31.73,13.44,1
b,2022-11-01 17:12:36.420601,-0.19,-0.92,-0.41,1.04,1.89,2.26,-4.76,31.73,13.44,1
b,2022-11-01 17:12:36.420762,-0.19,-0.93,-0.41,1.34,1.95,2.44,-4.76,31.73,13.44,1
b,2022-11-01 17:12:36.420919,-0.19,-0.92,-0.41,1.22,1.95,2.38,-5.20,32.17,14.06,1
b,2022-11-01 17:12:36.421084,-0.19,-0.92,-0.41,1.53,2.01,2.44,-5.20,32.17,14.06,1
b,2022-11-01 17:12:36.421256,-0.19,-0.92,-0.41,1.34,1.89,2.44,-5.20,32.17,14.06,1
b,2022-11-01 17:12:36.421410,-0.19,-0.92,-0.41,1.16,1.89,2.32,-5.15,31.80,14.03,1
b,2022-11-01 17:12:36.421576,-0.19,-0.92,-0.41,1.16,1.95,2.50,-5.15,31.80,14.03,1
b,2022-11-01 17:12:36.421728,-0.19,-0.92,-0.41,1.16,2.01,2.56,-5.15,31.80,14.03,1
b,2022-11-01 17:12:36.421905,-0.19,-0.93,-0.41,1.16,1.95,2.38,-5.02,31.56,13.92,1
b,2022-11-01 17:12:36.422058,-0.19,-0.92,-0.41,1.40,1.89,2.62,-5.02,31.56,13.92,1
b,2022-11-01 17:12:36.422211,-0.19,-0.92,-0.41,1.34,2.01,2.38,-4.92,31.45,13.60,1
b,2022-11-01 17:12:36.422373,-0.19,-0.92,-0.41,1.34,1.95,2.32,-4.92,31.45,13.60,1
b,2022-11-01 17:12:36.422529,-0.19,-0.92,-0.41,1.40,1.89,2.44,-4.92,31.45,13.60,1
b,2022-11-01 17:12:36.422713,-0.19,-0.92,-0.41,1.22,1.89,2.32,-5.22,31.76,13.57,1
b,2022-11-01 17:12:36.422881,-0.19,-0.92,-0.41,1.16,2.08,2.38,-5.22,31.76,13.57,1
b,2022-11-01 17:12:36.423055,-0.19,-0.93,-0.41,1.28,2.08,2.38,-5.22,31.76,13.57,1
b,2022-11-01 17:12:36.423227,-0.19,-0.92,-0.41,1.28,2.01,2.32,-4.52,31.26,13.37,1
b,2022-11-01 17:12:36.423388,-0.19,-0.92,-0.41,1.40,1.89,2.44,-4.52,31.26,13.37,1
b,2022-11-01 17:12:36.423557,-0.19,-0.92,-0.41,1.34,2.01,2.62,-4.52,31.26,13.37,1
b,2022-11-01 17:12:36.423719,-0.19,-0.92,-0.41,1.16,2.01,2.44,-4.94,32.19,13.60,1
b,2022-11-01 17:12:36.423893,-0.19,-0.92,-0.41,1.22,2.01,2.56,-4.94,32.19,13.60,1
b,2022-11-01 17:12:36.424055,-0.19,-0.92,-0.41,1.04,1.89,2.44,-5.27,31.84,14.11,1
b,2022-11-01 17:12:36.424214,-0.19,-0.92,-0.41,1.34,1.89,2.26,-5.27,31.84,14.11,1
b,2022-11-01 17:12:36.424369,-0.19,-0.92,-0.41,1.46,2.01,2.38,-5.27,31.84,14.11,1
b,2022-11-01 17:12:36.424520,-0.19,-0.92,-0.41,1.16,1.95,2.44,-5.10,31.75,13.31,1
b,2022-11-01 17:12:36.424681,-0.19,-0.92,-0.41,1.28,1.95,2.44,-5.10,31.75,13.31,1
b,2022-11-01 17:12:36.424832,-0.19,-0.92,-0.41,1.10,2.08,2.32,-5.10,31.75,13.31,1
b,2022-11-01 17:12:36.424988,-0.19,-0.92,-0.41,1.28,1.83,2.44,-4.98,31.91,13.59,1
b,2022-11-01 17:12:36.425150,-0.19,-0.92,-0.41,1.40,1.77,2.38,-4.98,31.91,13.59,1
b,2022-11-01 17:12:36.425303,-0.19,-0.92,-0.41,1.34,1.95,2.44,-4.98,31.91,13.59,1
b,2022-11-01 17:12:36.425467,-0.19,-0.92,-0.41,1.16,1.83,2.38,-4.90,31.96,13.40,1
b,2022-11-01 17:12:36.425620,-0.19,-0.92,-0.41,1.40,2.01,2.50,-4.90,31.96,13.40,1
b,2022-11-01 17:12:36.425777,-0.19,-0.92,-0.41,1.28,1.95,2.50,-5.05,31.42,13.73,1
b,2022-11-01 17:12:36.425929,-0.19,-0.92,-0.41,1.22,1.89,2.26,-5.05,31.42,13.73,1
b,2022-11-01 17:12:36.426090,-0.19,-0.92,-0.41,1.34,1.95,2.44,-5.05,31.42,13.73,1
b,2022-11-01 17:12:36.426255,-0.19,-0.92,-0.41,1.46,1.95,2.50,-5.24,32.01,12.60,1
b,2022-11-01 17:12:36.426406,-0.19,-0.92,-0.41,1.46,1.95,2.38,-5.24,32.01,12.60,1
b,2022-11-01 17:12:36.426566,-0.19,-0.92,-0.41,1.34,1.95,2.50,-5.24,32.01,12.60,1
b,2022-11-01 17:12:36.426717,-0.19,-0.92,-0.41,1.28,1.83,2.38,-5.16,31.99,13.26,1
b,2022-11-01 17:12:36.426868,-0.19,-0.92,-0.41,1.28,2.08,2.38,-5.16,31.99,13.26,1
b,2022-11-01 17:12:36.427032,-0.19,-0.92,-0.41,1.28,1.89,2.50,-5.16,31.99,13.26,1
b,2022-11-01 17:12:36.427184,-0.19,-0.92,-0.41,1.22,1.83,2.32,-5.24,32.18,13.94,1
b,2022-11-01 17:12:36.427354,-0.19,-0.92,-0.41,1.40,2.01,2.44,-5.24,32.18,13.94,1
b,2022-11-01 17:12:36.427508,-0.19,-0.92,-0.41,1.28,2.08,2.56,-5.16,31.15,13.05,1
b,2022-11-01 17:12:36.427660,-0.19,-0.92,-0.41,1.28,2.14,2.26,-5.16,31.15,13.05,1
b,2022-11-01 17:12:36.427820,-0.19,-0.92,-0.41,1.59,1.89,2.44,-5.16,31.15,13.05,1
b,2022-11-01 17:12:36.427971,-0.19,-0.92,-0.41,1.22,1.89,2.44,-5.30,31.43,13.87,1
b,2022-11-01 17:12:36.428146,-0.19,-0.92,-0.41,1.34,1.89,2.50,-5.30,31.43,13.87,1
b,2022-11-01 17:12:36.428300,-0.19,-0.93,-0.41,1.04,1.89,2.50,-5.30,31.43,13.87,1
b,2022-11-01 17:12:36.428451,-0.19,-0.92,-0.41,1.28,2.01,2.26,-4.96,31.58,13.72,1
b,2022-11-01 17:12:36.428615,-0.20,-0.92,-0.41,1.16,2.08,2.14,-4.96,31.58,13.72,1
b,2022-11-01 17:12:36.428766,-0.19,-0.93,-0.41,1.46,2.01,2.38,-4.96,31.58,13.72,1
b,2022-11-01 17:12:36.428929,-0.19,-0.92,-0.41,1.34,1.83,2.44,-5.42,31.36,14.31,1
b,2022-11-01 17:12:36.429079,-0.19,-0.92,-0.41,1.59,1.95,2.38,-5.42,31.36,14.31,1
b,2022-11-01 17:12:36.429237,-0.19,-0.92,-0.41,1.22,2.01,2.44,-5.13,32.14,14.14,1
b,2022-11-01 17:12:36.429391,-0.19,-0.92,-0.41,1.16,1.95,2.44,-5.13,32.14,14.14,1
b,2022-11-01 17:12:36.429543,-0.19,-0.92,-0.41,1.34,1.95,2.26,-5.13,32.14,14.14,1
b,2022-11-01 17:12:36.429704,-0.19,-0.92,-0.41,1.16,1.83,2.32,-5.11,31.56,13.48,1
b,2022-11-01 17:12:36.429855,-0.19,-0.92,-0.41,1.40,1.89,2.50,-5.11,31.56,13.48,1
b,2022-11-01 17:12:36.430019,-0.19,-0.92,-0.41,1.40,1.77,2.32,-5.11,31.56,13.48,1
b,2022-11-01 17:12:36.430169,-0.19,-0.92,-0.41,1.16,1.89,2.26,-5.14,31.23,13.68,1
b,2022-11-01 17:12:36.430320,-0.19,-0.92,-0.41,1.40,1.83,2.38,-5.14,31.23,13.68,1
b,2022-11-01 17:12:36.430483,-0.19,-0.92,-0.41,1.04,2.08,2.56,-5.14,31.23,13.68,1
b,2022-11-01 17:12:36.430632,-0.19,-0.92,-0.41,1.28,1.89,2.38,-5.37,31.12,13.51,1
b,2022-11-01 17:12:36.430795,-0.19,-0.92,-0.41,1.34,2.01,2.44,-5.37,31.12,13.51,1
b,2022-11-01 17:12:36.430946,-0.19,-0.92,-0.41,1.34,1.95,2.38,-4.80,31.23,13.61,1
b,2022-11-01 17:12:36.431106,-0.19,-0.92,-0.41,1.34,1.95,2.44,-4.80,31.23,13.61,1
b,2022-11-01 17:12:36.431266,-0.19,-0.92,-0.41,1.28,1.95,2.32,-4.80,31.23,13.61,1
b,2022-11-01 17:12:36.431418,-0.19,-0.93,-0.41,1.28,2.01,2.38,-4.94,31.45,14.99,1
b,2022-11-01 17:12:36.431583,-0.19,-0.92,-0.41,1.04,1.95,2.56,-4.94,31.45,14.99,1
b,2022-11-01 17:12:36.431736,-0.19,-0.92,-0.41,1.28,2.01,2.62,-4.94,31.45,14.99,1
b,2022-11-01 17:12:36.431886,-0.19,-0.92,-0.41,1.28,1.77,2.26,-4.42,31.81,13.65,1
b,2022-11-01 17:12:36.432057,-0.19,-0.92,-0.41,1.46,1.95,2.44,-4.42,31.81,13.65,1
b,2022-11-01 17:12:36.432213,-0.19,-0.92,-0.41,1.40,1.77,2.32,-4.42,31.81,13.65,1
b,2022-11-01 17:12:36.432379,-0.19,-0.92,-0.41,1.34,1.77,2.32,-4.58,31.53,15.15,1
b,2022-11-01 17:12:36.432535,-0.19,-0.92,-0.41,1.10,1.77,2.50,-4.58,31.53,15.15,1
b,2022-11-01 17:12:36.432693,-0.19,-0.93,-0.41,1.16,1.89,2.44,-5.10,32.02,14.09,1
b,2022-11-01 17:12:36.432843,-0.19,-0.92,-0.41,1.28,2.08,2.44,-5.10,32.02,14.09,1
b,2022-11-01 17:12:36.432995,-0.19,-0.92,-0.41,1.16,1.95,2.62,-5.10,32.02,14.09,1
b,2022-11-01 17:12:36.433156,-0.19,-0.93,-0.41,1.28,2.14,2.26,-4.28,31.45,13.60,1
b,2022-11-01 17:12:36.433306,-0.19,-0.92,-0.41,1.46,1.95,2.44,-4.28,31.45,13.60,1
b,2022-11-01 17:12:36.433463,-0.19,-0.92,-0.41,1.10,1.89,2.44,-4.28,31.45,13.60,1
b,2022-11-01 17:12:36.433621,-0.19,-0.92,-0.41,1.10,1.89,2.44,-4.77,31.47,14.43,1
b,2022-11-01 17:12:36.433773,-0.19,-0.92,-0.41,1.04,2.01,2.38,-4.77,31.47,14.43,1
b,2022-11-01 17:12:36.433932,-0.19,-0.92,-0.41,1.04,2.14,2.50,-4.77,31.47,14.43,1
b,2022-11-01 17:12:36.434088,-0.19,-0.92,-0.41,1.46,1.89,2.38,-4.60,31.81,14.40,1
b,2022-11-01 17:12:36.434248,-0.19,-0.92,-0.41,1.46,2.08,2.56,-4.60,31.81,14.40,1
b,2022-11-01 17:12:36.434400,-0.19,-0.92,-0.41,1.22,2.01,2.44,-4.90,31.42,14.40,1
b,2022-11-01 17:12:36.434555,-0.19,-0.92,-0.41,1.22,1.95,2.32,-4.90,31.42,14.40,1
b,2022-11-01 17:12:36.434712,-0.19,-0.92,-0.41,1.28,1.95,2.50,-4.90,31.42,14.40,1
b,2022-11-01 17:12:36.434865,-0.19,-0.92,-0.41,1.34,2.01,2.44,-4.97,31.32,13.23,1
b,2022-11-01 17:12:36.435024,-0.19,-0.92,-0.41,1.46,1.89,2.38,-4.97,31.32,13.23,1
b,2022-11-01 17:12:36.435177,-0.19,-0.92,-0.41,1.34,1.95,2.38,-4.97,31.32,13.23,1
b,2022-11-01 17:12:36.435338,-0.19,-0.92,-0.41,0.98,2.01,2.26,-4.94,31.82,13.94,1
b,2022-11-01 17:12:36.435489,-0.19,-0.92,-0.41,1.04,2.08,2.26,-4.94,31.82,13.94,1
b,2022-11-01 17:12:36.435645,-0.19,-0.92,-0.41,1.10,1.83,2.56,-4.94,31.82,13.94,1
b,2022-11-01 17:12:36.435807,-0.19,-0.92,-0.41,1.10,1.71,2.32,-4.65,31.45,13.28,1
b,2022-11-01 17:12:36.435995,-0.19,-0.92,-0.41,1.46,2.08,2.56,-4.65,31.45,13.28,1
b,2022-11-01 17:12:36.436157,-0.19,-0.92,-0.41,1.22,1.89,2.50,-4.44,31.08,13.09,1
b,2022-11-01 17:12:36.436308,-0.19,-0.92,-0.41,1.40,2.01,2.26,-4.44,31.08,13.09,1
b,2022-11-01 17:12:36.436458,-0.19,-0.92,-0.41,1.16,1.89,2.26,-4.44,31.08,13.09,1
b,2022-11-01 17:12:36.436620,-0.19,-0.92,-0.41,1.16,1.77,2.38,-4.64,31.13,13.93,1
b,2022-11-01 17:12:36.436770,-0.19,-0.92,-0.41,1.34,1.95,2.56,-4.64,31.13,13.93,1
b,2022-11-01 17:12:36.436934,-0.19,-0.92,-0.41,1.46,1.95,2.50,-4.64,31.13,13.93,1
b,2022-11-01 17:12:36.437087,-0.19,-0.92,-0.41,1.22,1.95,2.38,-5.33,31.49,13.22,1
b,2022-11-01 17:12:36.437238,-0.19,-0.92,-0.41,1.40,1.89,2.32,-5.33,31.49,13.22,1
b,2022-11-01 17:12:36.437408,-0.19,-0.92,-0.41,1.22,1.95,2.32,-5.33,31.49,13.22,1
b,2022-11-01 17:12:36.437576,-0.19,-0.92,-0.41,1.16,1.95,2.38,-4.65,31.95,14.38,1
b,2022-11-01 17:12:36.437746,-0.19,-0.92,-0.41,1.34,1.89,2.75,-4.65,31.95,14.38,1
b,2022-11-01 17:12:36.437918,-0.19,-0.92,-0.41,1.16,1.83,2.44,-4.30,31.81,13.37,1
b,2022-11-01 17:12:36.438098,-0.19,-0.92,-0.41,1.10,1.95,2.26,-4.30,31.81,13.37,1
b,2022-11-01 17:12:36.438270,-0.19,-0.92,-0.41,1.34,2.01,2.44,-4.30,31.81,13.37,1
b,2022-11-01 17:12:36.438435,-0.19,-0.92,-0.41,1.53,1.95,2.56,-5.05,31.43,13.04,1
b,2022-11-01 17:12:36.438617,-0.19,-0.92,-0.41,1.34,1.95,2.56,-5.05,31.43,13.04,1
b,2022-11-01 17:12:36.438784,-0.19,-0.92,-0.41,1.28,1.95,2.56,-5.05,31.43,13.04,1
b,2022-11-01 17:12:36.438959,-0.19,-0.92,-0.41,1.22,1.95,2.50,-5.37,31.04,13.89,1
b,2022-11-01 17:12:36.439122,-0.19,-0.92,-0.41,1.28,1.95,2.50,-5.37,31.04,13.89,1
b,2022-11-01 17:12:36.439288,-0.19,-0.92,-0.41,1.46,1.83,2.38,-5.37,31.04,13.89,1
b,2022-11-01 17:12:36.439459,-0.19,-0.92,-0.41,1.34,2.08,2.44,-4.93,31.48,15.77,1
b,2022-11-01 17:12:36.439618,-0.19,-0.92,-0.41,1.46,2.01,2.32,-4.93,31.48,15.77,1
b,2022-11-01 17:12:36.439791,-0.19,-0.92,-0.41,1.59,1.89,2.62,-4.36,31.26,13.59,1
b,2022-11-01 17:12:36.439978,-0.19,-0.92,-0.41,1.22,1.95,2.62,-4.36,31.26,13.59,1
b,2022-11-01 17:12:36.440190,-0.19,-0.92,-0.41,1.16,1.95,2.44,-4.36,31.26,13.59,1
b,2022-11-01 17:12:36.440344,-0.19,-0.92,-0.41,1.34,1.89,2.44,-4.68,30.79,14.32,1
b,2022-11-01 17:12:36.440501,-0.19,-0.92,-0.41,1.40,1.95,2.38,-4.68,30.79,14.32,1
b,2022-11-01 17:12:36.440671,-0.19,-0.92,-0.41,1.40,2.01,2.38,-4.68,30.79,14.32,1
b,2022-11-01 17:12:36.440833,-0.19,-0.92,-0.41,1.40,1.89,2.32,-4.59,30.98,14.48,1
b,2022-11-01 17:12:36.441006,-0.19,-0.92,-0.41,1.34,1.89,2.32,-4.59,30.98,14.48,1
b,2022-11-01 17:12:36.441168,-0.19,-0.92,-0.41,1.34,2.01,2.50,-4.59,30.98,14.48,1
b,2022-11-01 17:12:36.441333,-0.19,-0.92,-0.41,1.16,1.95,2.44,-4.77,30.98,13.12,1
b,2022-11-01 17:12:36.441494,-0.19,-0.92,-0.41,1.40,1.77,2.38,-4.77,30.98,13.12,1
b,2022-11-01 17:12:36.441666,-0.19,-0.92,-0.41,1.40,1.77,2.50,-4.55,30.86,13.04,1
b,2022-11-01 17:12:36.441845,-0.19,-0.92,-0.41,1.40,1.95,2.50,-4.55,30.86,13.04,1
b,2022-11-01 17:12:36.442007,-0.19,-0.92,-0.41,1.46,2.01,2.56,-4.55,30.86,13.04,1
b,2022-11-01 17:12:36.442159,-0.19,-0.92,-0.41,1.46,1.77,2.38,-4.98,31.35,14.89,1
b,2022-11-01 17:12:36.442331,-0.19,-0.92,-0.41,1.28,2.01,2.50,-4.98,31.35,14.89,1
b,2022-11-01 17:12:36.442484,-0.19,-0.92,-0.41,1.22,1.89,2.32,-4.98,31.35,14.89,1
b,2022-11-01 17:12:36.442646,-0.19,-0.92,-0.41,1.22,1.83,2.26,-4.77,30.90,13.88,1
b,2022-11-01 17:12:36.442798,-0.19,-0.92,-0.41,1.04,1.89,2.44,-4.77,30.90,13.88,1
b,2022-11-01 17:12:36.442958,-0.19,-0.92,-0.41,1.59,1.95,2.44,-4.77,30.90,13.88,1
b,2022-11-01 17:12:36.443111,-0.19,-0.92,-0.41,1.16,1.95,2.38,-4.59,31.16,14.62,1
b,2022-11-01 17:12:36.443264,-0.19,-0.92,-0.41,1.40,1.95,2.62,-4.59,31.16,14.62,1
b,2022-11-01 17:12:36.443425,-0.19,-0.92,-0.41,1.34,2.08,2.50,-5.05,31.56,13.77,1
b,2022-11-01 17:12:36.443578,-0.19,-0.92,-0.41,1.10,2.08,2.50,-5.05,31.56,13.77,1
b,2022-11-01 17:12:36.443735,-0.19,-0.92,-0.41,1.10,2.08,2.38,-5.05,31.56,13.77,1
b,2022-11-01 17:12:36.443886,-0.19,-0.93,-0.41,1.46,1.95,2.50,-5.16,31.51,12.73,1
b,2022-11-01 17:12:36.444039,-0.19,-0.92,-0.41,1.16,2.01,2.38,-5.16,31.51,12.73,1
b,2022-11-01 17:12:36.444202,-0.19,-0.92,-0.41,1.46,2.08,2.32,-5.16,31.51,12.73,1
b,2022-11-01 17:12:36.444356,-0.19,-0.92,-0.41,1.28,2.01,2.44,-4.97,31.87,12.71,1
b,2022-11-01 17:12:36.444522,-0.19,-0.92,-0.41,1.16,2.14,2.50,-4.97,31.87,12.71,1
b,2022-11-01 17:12:36.444673,-0.19,-0.92,-0.41,1.22,2.08,2.50,-4.97,31.87,12.71,1
b,2022-11-01 17:12:36.444824,-0.19,-0.92,-0.41,0.85,2.01,2.44,-5.04,31.69,14.06,1
b,2022-11-01 17:12:36.444984,-0.19,-0.92,-0.41,1.28,2.08,2.44,-5.04,31.69,14.06,1
b,2022-11-01 17:12:36.445134,-0.19,-0.92,-0.41,1.53,2.08,2.56,-4.61,31.64,14.33,1
b,2022-11-01 17:12:36.445292,-0.19,-0.92,-0.41,1.53,1.89,2.38,-4.61,31.64,14.33,1
b,2022-11-01 17:12:36.445448,-0.19,-0.92,-0.42,1.34,1.71,2.38,-4.61,31.64,14.33,1
b,2022-11-01 17:12:36.445601,-0.19,-0.93,-0.41,1.22,1.89,2.38,-5.00,32.06,13.79,1
b,2022-11-01 17:12:36.445767,-0.19,-0.92,-0.41,1.04,1.83,2.44,-5.00,32.06,13.79,1
b,2022-11-01 17:12:36.445918,-0.19,-0.92,-0.41,1.34,1.95,2.32,-5.00,32.06,13.79,1
b,2022-11-01 17:12:36.446083,-0.19,-0.92,-0.41,1.53,1.95,2.38,-4.66,31.70,13.88,1
b,2022-11-01 17:12:36.446233,-0.19,-0.92,-0.41,1.71,2.01,2.44,-4.66,31.70,13.88,1
b,2022-11-01 17:12:36.446390,-0.19,-0.92,-0.42,1.53,1.89,2.56,-4.66,31.70,13.88,1
b,2022-11-01 17:12:36.446541,-0.21,-0.91,-0.41,4.52,0.18,2.99,-5.15,31.10,13.79,1
b,2022-11-01 17:12:36.446692,-0.22,-0.93,-0.44,5.31,0.98,2.81,-5.15,31.10,13.79,1
b,2022-11-01 17:12:36.446857,-0.19,-0.92,-0.41,1.22,2.38,2.50,-4.87,31.41,13.51,1
b,2022-11-01 17:12:36.447008,-0.20,-0.92,-0.41,3.60,2.20,2.14,-4.87,31.41,13.51,1
b,2022-11-01 17:12:36.447170,-0.19,-0.92,-0.41,2.99,2.38,2.32,-4.87,31.41,13.51,1
b,2022-11-01 17:12:36.447329,-0.19,-0.92,-0.42,2.75,1.89,2.62,-4.58,31.99,13.54,1
b,2022-11-01 17:12:36.447483,-0.19,-0.92,-0.42,0.61,2.01,2.62,-4.58,31.99,13.54,1
b,2022-11-01 17:12:36.447647,-0.19,-0.92,-0.42,1.28,2.01,2.50,-4.58,31.99,13.54,1
b,2022-11-01 17:12:36.447799,-0.19,-0.92,-0.42,1.28,1.95,2.50,-4.54,31.32,13.26,1
b,2022-11-01 17:12:36.447964,-0.19,-0.92,-0.41,1.83,2.01,2.26,-4.54,31.32,13.26,1
b,2022-11-01 17:12:36.448115,-0.19,-0.92,-0.42,1.89,2.08,2.56,-4.54,31.32,13.26,1
b,2022-11-01 17:12:36.448268,-0.19,-0.92,-0.42,1.34,2.08,2.32,-5.14,31.26,14.21,1
b,2022-11-01 17:12:36.448444,-0.19,-0.92,-0.42,1.40,1.95,2.50,-5.14,31.26,14.21,1
b,2022-11-01 17:12:36.448597,-0.19,-0.92,-0.42,1.10,2.01,2.62,-4.59,31.13,14.11,1
b,2022-11-01 17:12:36.448754,-0.19,-0.92,-0.42,1.46,1.95,2.44,-4.59,31.13,14.11,1
b,2022-11-01 17:12:36.448911,-0.19,-0.92,-0.42,1.22,2.01,2.38,-4.59,31.13,14.11,1
b,2022-11-01 17:12:36.449071,-0.19,-0.92,-0.42,1.59,1.83,2.32,-5.00,31.13,13.21,1
b,2022-11-01 17:12:36.449224,-0.19,-0.92,-0.42,1.59,2.01,2.44,-5.00,31.13,13.21,1
b,2022-11-01 17:12:36.449378,-0.19,-0.92,-0.42,1.40,2.08,2.44,-5.00,31.13,13.21,1
b,2022-11-01 17:12:36.449537,-0.19,-0.92,-0.42,1.34,1.95,2.50,-4.70,31.64,14.49,1
b,2022-11-01 17:12:36.449691,-0.19,-0.92,-0.42,1.16,2.01,2.50,-4.70,31.64,14.49,1
b,2022-11-01 17:12:36.449848,-0.19,-0.92,-0.42,1.34,2.01,2.32,-4.70,31.64,14.49,1
b,2022-11-01 17:12:36.450004,-0.19,-0.92,-0.42,1.28,1.89,2.38,-4.61,31.47,12.84,1
b,2022-11-01 17:12:36.450158,-0.19,-0.92,-0.42,1.53,1.89,2.44,-4.61,31.47,12.84,1
b,2022-11-01 17:12:36.450318,-0.19,-0.92,-0.42,1.59,1.83,2.44,-4.41,30.65,13.65,1
b,2022-11-01 17:12:36.450469,-0.19,-0.92,-0.42,1.22,2.08,2.56,-4.41,30.65,13.65,1
b,2022-11-01 17:12:36.450626,-0.19,-0.92,-0.42,1.53,1.89,2.44,-4.41,30.65,13.65,1
b,2022-11-01 17:12:36.450780,-0.19,-0.92,-0.42,1.40,1.83,2.32,-5.25,31.45,14.34,1
b,2022-11-01 17:12:36.450933,-0.19,-0.92,-0.42,1.22,1.83,2.44,-5.25,31.45,14.34,1
b,2022-11-01 17:12:36.451090,-0.19,-0.92,-0.42,1.53,1.83,2.32,-5.25,31.45,14.34,1
b,2022-11-01 17:12:36.451243,-0.19,-0.92,-0.42,1.34,1.95,2.32,-4.25,31.42,14.17,1
b,2022-11-01 17:12:36.451405,-0.19,-0.92,-0.42,1.40,2.01,2.32,-4.25,31.42,14.17,1
b,2022-11-01 17:12:36.451562,-0.19,-0.92,-0.42,1.59,2.14,2.50,-4.25,31.42,14.17,1
b,2022-11-01 17:12:36.451723,-0.19,-0.92,-0.42,1.10,2.01,2.08,-5.20,31.70,12.67,1
b,2022-11-01 17:12:36.451914,-0.19,-0.92,-0.42,1.04,2.08,2.44,-5.20,31.70,12.67,1
b,2022-11-01 17:12:36.452073,-0.19,-0.92,-0.42,1.22,1.95,2.32,-4.99,31.41,12.45,1
b,2022-11-01 17:12:36.452238,-0.19,-0.92,-0.41,1.40,1.95,2.50,-4.99,31.41,12.45,1
b,2022-11-01 17:12:36.452392,-0.19,-0.92,-0.41,0.98,2.08,2.56,-4.99,31.41,12.45,1
b,2022-11-01 17:12:36.452549,-0.19,-0.92,-0.42,1.89,1.95,2.38,-4.87,30.68,13.35,1
b,2022-11-01 17:12:36.452701,-0.19,-0.92,-0.42,0.92,1.83,2.26,-4.87,30.68,13.35,1
b,2022-11-01 17:12:36.452858,-0.19,-0.92,-0.42,1.53,2.08,2.56,-4.87,30.68,13.35,1
b,2022-11-01 17:12:36.453021,-0.19,-0.92,-0.42,0.98,1.95,2.38,-4.64,31.16,13.54,1
b,2022-11-01 17:12:36.453175,-0.19,-0.92,-0.42,1.28,2.20,2.38,-4.64,31.16,13.54,1
b,2022-11-01 17:12:36.453339,-0.19,-0.92,-0.42,1.22,1.95,2.50,-4.64,31.16,13.54,1
b,2022-11-01 17:12:36.453490,-0.19,-0.92,-0.42,1.22,2.01,2.26,-5.19,31.32,13.13,1
b,2022-11-01 17:12:36.453644,-0.19,-0.92,-0.42,1.65,1.95,2.56,-5.19,31.32,13.13,1
b,2022-11-01 17:12:36.453804,-0.19,-0.92,-0.42,0.98,1.89,2.32,-4.64,31.09,13.33,1
b,2022-11-01 17:12:36.453962,-0.19,-0.92,-0.42,1.22,2.01,2.50,-4.64,31.09,13.33,1
b,2022-11-01 17:12:36.454128,-0.19,-0.92,-0.42,0.98,1.89,2.44,-4.64,31.09,13.33,1
b,2022-11-01 17:12:36.454284,-0.19,-0.92,-0.41,1.28,2.01,2.38,-4.92,31.58,13.33,1
b,2022-11-01 17:12:36.454459,-0.19,-0.92,-0.42,1.10,1.89,2.50,-4.92,31.58,13.33,1
b,2022-11-01 17:12:36.454611,-0.19,-0.92,-0.42,1.65,1.95,2.44,-4.92,31.58,13.33,1
b,2022-11-01 17:12:36.454762,-0.19,-0.92,-0.42,0.98,1.95,2.38,-4.50,31.35,14.12,1
b,2022-11-01 17:12:36.454945,-0.19,-0.92,-0.42,1.28,1.95,2.32,-4.50,31.35,14.12,1
b,2022-11-01 17:12:36.455097,-0.19,-0.92,-0.42,1.22,2.14,2.50,-4.50,31.35,14.12,1
b,2022-11-01 17:12:36.455256,-0.19,-0.92,-0.42,1.16,1.71,2.38,-4.75,30.71,14.58,1
b,2022-11-01 17:12:36.455410,-0.19,-0.92,-0.42,1.65,2.01,2.44,-4.75,30.71,14.58,1
b,2022-11-01 17:12:36.455599,-0.19,-0.92,-0.42,1.34,2.08,2.44,-5.18,31.87,13.70,1
b,2022-11-01 17:12:36.455769,-0.19,-0.92,-0.42,1.59,2.01,2.44,-5.18,31.87,13.70,1
b,2022-11-01 17:12:36.455936,-0.19,-0.92,-0.42,1.04,2.01,2.44,-5.18,31.87,13.70,1
b,2022-11-01 17:12:36.456094,-0.19,-0.92,-0.42,1.34,2.01,2.50,-5.16,30.91,12.59,1
b,2022-11-01 17:12:36.456273,-0.19,-0.92,-0.42,1.04,1.95,2.32,-5.16,30.91,12.59,1
b,2022-11-01 17:12:36.456435,-0.19,-0.92,-0.42,1.04,2.01,2.50,-5.16,30.91,12.59,1
b,2022-11-01 17:12:36.456615,-0.19,-0.92,-0.42,1.46,1.95,2.62,-5.08,31.04,13.68,1
b,2022-11-01 17:12:36.456782,-0.19,-0.92,-0.42,1.22,1.89,2.44,-5.08,31.04,13.68,1
b,2022-11-01 17:12:36.456967,-0.19,-0.92,-0.42,1.53,1.95,2.38,-5.08,31.04,13.68,1
b,2022-11-01 17:12:36.457132,-0.19,-0.92,-0.42,1.22,1.83,2.32,-5.05,30.91,14.25,1
b,2022-11-01 17:12:36.457360,-0.19,-0.92,-0.42,1.28,1.83,2.32,-5.05,30.91,14.25,1
b,2022-11-01 17:12:36.457544,-0.19,-0.92,-0.42,1.04,1.89,2.44,-5.03,30.98,13.12,1
b,2022-11-01 17:12:36.457720,-0.19,-0.92,-0.42,1.10,1.95,2.38,-5.03,30.98,13.12,1
b,2022-11-01 17:12:36.457883,-0.19,-0.92,-0.42,1.40,1.89,2.44,-5.03,30.98,13.12,1
b,2022-11-01 17:12:36.458050,-0.19,-0.92,-0.42,1.40,1.83,2.38,-4.66,31.09,13.70,1
b,2022-11-01 17:12:36.458285,-0.19,-0.92,-0.42,1.71,1.83,2.62,-4.66,31.09,13.70,1
b,2022-11-01 17:12:36.458463,-0.19,-0.92,-0.42,1.10,1.89,2.38,-4.66,31.09,13.70,1
b,2022-11-01 17:12:36.458632,-0.19,-0.92,-0.42,1.16,1.95,2.50,-5.27,30.96,12.57,1
b,2022-11-01 17:12:36.458803,-0.19,-0.92,-0.42,1.16,2.08,2.50,-5.27,30.96,12.57,1
b,2022-11-01 17:12:36.458971,-0.19,-0.92,-0.42,1.28,1.95,2.20,-4.87,30.38,13.27,1
b,2022-11-01 17:12:36.459157,-0.19,-0.92,-0.42,1.16,2.14,2.38,-4.87,30.38,13.27,1
b,2022-11-01 17:12:36.459318,-0.19,-0.92,-0.42,1.46,2.01,2.26,-4.87,30.38,13.27,1
b,2022-11-01 17:12:36.459500,-0.19,-0.92,-0.42,1.40,1.95,2.62,-5.14,31.16,14.39,1
b,2022-11-01 17:12:36.459714,-0.19,-0.92,-0.42,1.40,2.01,2.50,-5.14,31.16,14.39,1
b,2022-11-01 17:12:36.459878,-0.19,-0.92,-0.42,1.10,1.89,2.44,-5.14,31.16,14.39,1
b,2022-11-01 17:12:36.460066,-0.19,-0.92,-0.42,1.04,1.77,2.32,-5.19,31.10,13.76,1
b,2022-11-01 17:12:36.460217,-0.19,-0.92,-0.42,1.34,1.89,2.44,-5.19,31.10,13.76,1
b,2022-11-01 17:12:36.460378,-0.19,-0.92,-0.42,1.34,2.08,2.44,-5.19,31.10,13.76,1
b,2022-11-01 17:12:36.460528,-0.19,-0.92,-0.42,1.22,1.95,2.44,-5.41,31.57,13.71,1
b,2022-11-01 17:12:36.460682,-0.19,-0.92,-0.42,1.40,1.95,2.38,-5.41,31.57,13.71,1
b,2022-11-01 17:12:36.460850,-0.19,-0.92,-0.42,1.59,1.83,2.44,-4.81,31.08,14.75,1
b,2022-11-01 17:12:36.461002,-0.19,-0.92,-0.42,1.16,1.95,2.44,-4.81,31.08,14.75,1
b,2022-11-01 17:12:36.461163,-0.19,-0.92,-0.42,1.46,2.08,2.50,-4.81,31.08,14.75,1
b,2022-11-01 17:12:36.461314,-0.19,-0.92,-0.42,1.22,1.89,2.44,-4.70,31.05,12.95,1
b,2022-11-01 17:12:36.461465,-0.19,-0.92,-0.42,1.10,2.08,2.38,-4.70,31.05,12.95,1
b,2022-11-01 17:12:36.461626,-0.19,-0.92,-0.42,1.22,2.01,2.44,-4.70,31.05,12.95,1
b,2022-11-01 17:12:36.461778,-0.19,-0.92,-0.42,1.28,2.01,2.44,-4.77,31.14,12.83,1
b,2022-11-01 17:12:36.461941,-0.19,-0.92,-0.42,1.71,1.89,2.56,-4.77,31.14,12.83,1
b,2022-11-01 17:12:36.462092,-0.19,-0.92,-0.42,1.34,2.01,2.56,-4.77,31.14,12.83,1
b,2022-11-01 17:12:36.462243,-0.19,-0.92,-0.42,1.40,1.77,2.38,-5.03,31.16,13.88,1
b,2022-11-01 17:12:36.462407,-0.19,-0.92,-0.42,1.16,1.95,2.38,-5.03,31.16,13.88,1
b,2022-11-01 17:12:36.462558,-0.19,-0.92,-0.42,1.28,2.08,2.50,-5.11,30.49,12.78,1
b,2022-11-01 17:12:36.462722,-0.19,-0.92,-0.42,1.34,2.01,2.38,-5.11,30.49,12.78,1
b,2022-11-01 17:12:36.462874,-0.19,-0.92,-0.42,1.40,1.95,2.44,-5.11,30.49,12.78,1
b,2022-11-01 17:12:36.463025,-0.19,-0.92,-0.42,1.28,2.08,2.44,-4.61,31.37,13.55,1
b,2022-11-01 17:12:36.463184,-0.19,-0.92,-0.42,1.22,1.89,2.38,-4.61,31.37,13.55,1
b,2022-11-01 17:12:36.463336,-0.19,-0.92,-0.42,1.40,1.89,2.50,-4.61,31.37,13.55,1
b,2022-11-01 17:12:36.463501,-0.19,-0.92,-0.42,1.22,1.89,2.44,-4.97,30.82,13.07,1
b,2022-11-01 17:12:36.463651,-0.19,-0.92,-0.42,1.40,1.95,2.44,-4.97,30.82,13.07,1
b,2022-11-01 17:12:36.463802,-0.19,-0.92,-0.42,1.53,2.01,2.56,-4.97,30.82,13.07,1
b,2022-11-01 17:12:36.463962,-0.19,-0.92,-0.42,1.28,1.83,2.44,-4.69,31.07,12.66,1
b,2022-11-01 17:12:36.464113,-0.19,-0.92,-0.42,1.65,1.89,2.62,-4.69,31.07,12.66,1
b,2022-11-01 17:12:36.464277,-0.19,-0.92,-0.42,1.40,1.95,2.32,-4.55,30.20,15.53,1
b,2022-11-01 17:12:36.464428,-0.19,-0.92,-0.42,1.10,1.83,2.38,-4.55,30.20,15.53,1
b,2022-11-01 17:12:36.464590,-0.19,-0.92,-0.42,1.28,1.95,2.44,-4.55,30.20,15.53,1
b,2022-11-01 17:12:36.464741,-0.19,-0.92,-0.42,1.28,1.95,2.38,-4.66,30.64,13.66,1
b,2022-11-01 17:12:36.464895,-0.19,-0.92,-0.42,1.34,2.01,2.44,-4.66,30.64,13.66,1
b,2022-11-01 17:12:36.465058,-0.19,-0.92,-0.42,1.40,1.83,2.56,-4.66,30.64,13.66,1
b,2022-11-01 17:12:36.465212,-0.19,-0.92,-0.42,1.28,1.83,2.44,-4.69,30.86,13.94,1
b,2022-11-01 17:12:36.465385,-0.19,-0.92,-0.42,1.53,1.95,2.50,-4.69,30.86,13.94,1
b,2022-11-01 17:12:36.465539,-0.19,-0.92,-0.42,1.28,1.95,2.56,-4.69,30.86,13.94,1
b,2022-11-01 17:12:36.465693,-0.19,-0.92,-0.42,1.34,1.95,2.38,-5.03,30.98,14.29,1
b,2022-11-01 17:12:36.465853,-0.19,-0.92,-0.42,1.34,2.14,2.56,-5.03,30.98,14.29,1
b,2022-11-01 17:12:36.466005,-0.19,-0.92,-0.42,1.22,1.89,2.32,-4.80,30.87,14.72,1
b,2022-11-01 17:12:36.466162,-0.19,-0.92,-0.42,1.04,2.01,2.26,-4.80,30.87,14.72,1
b,2022-11-01 17:12:36.466312,-0.19,-0.92,-0.42,1.28,2.01,2.56,-4.80,30.87,14.72,1
b,2022-11-01 17:12:36.466462,-0.19,-0.92,-0.42,1.16,2.01,2.44,-4.71,30.44,15.14,1
b,2022-11-01 17:12:36.466620,-0.19,-0.92,-0.42,1.40,1.89,2.44,-4.71,30.44,15.14,1
b,2022-11-01 17:12:36.466787,-0.19,-0.92,-0.42,1.34,1.95,2.38,-4.71,30.44,15.14,1
b,2022-11-01 17:12:36.466961,-0.19,-0.92,-0.42,1.46,2.01,2.26,-4.64,30.97,12.84,1
b,2022-11-01 17:12:36.467126,-0.19,-0.92,-0.42,1.16,1.95,2.44,-4.64,30.97,12.84,1
b,2022-11-01 17:12:36.467284,-0.19,-0.92,-0.42,1.16,2.14,2.50,-4.64,30.97,12.84,1
b,2022-11-01 17:12:36.467437,-0.19,-0.92,-0.42,0.98,1.95,2.26,-4.90,31.08,14.14,1
b,2022-11-01 17:12:36.467589,-0.19,-0.92,-0.42,1.22,2.01,2.32,-4.90,31.08,14.14,1
b,2022-11-01 17:12:36.467748,-0.19,-0.92,-0.42,1.22,2.20,2.44,-5.00,31.34,13.44,1
b,2022-11-01 17:12:36.467926,-0.19,-0.92,-0.42,1.28,1.83,2.32,-5.00,31.34,13.44,1
b,2022-11-01 17:12:36.468086,-0.19,-0.92,-0.42,1.28,1.95,2.44,-5.00,31.34,13.44,1
b,2022-11-01 17:12:36.468238,-0.19,-0.92,-0.42,1.16,1.83,2.50,-4.83,31.23,13.29,1
b,2022-11-01 17:12:36.468389,-0.19,-0.92,-0.42,1.04,1.89,2.50,-4.83,31.23,13.29,1
b,2022-11-01 17:12:36.468554,-0.19,-0.92,-0.42,1.22,2.08,2.50,-4.83,31.23,13.29,1
b,2022-11-01 17:12:36.468708,-0.19,-0.92,-0.42,1.22,2.01,2.38,-4.81,30.65,13.07,1
b,2022-11-01 17:12:36.468868,-0.19,-0.92,-0.42,1.53,1.77,2.50,-4.81,30.65,13.07,1
b,2022-11-01 17:12:36.469019,-0.19,-0.92,-0.42,1.53,2.01,2.44,-4.81,30.65,13.07,1
b,2022-11-01 17:12:36.469175,-0.19,-0.92,-0.42,1.10,2.01,2.32,-4.66,31.15,13.64,1
b,2022-11-01 17:12:36.469339,-0.19,-0.92,-0.42,1.28,2.08,2.50,-4.66,31.15,13.64,1
b,2022-11-01 17:12:36.469488,-0.19,-0.92,-0.42,1.04,2.01,2.20,-5.27,30.87,13.02,1
b,2022-11-01 17:12:36.469654,-0.19,-0.92,-0.42,1.16,2.01,2.56,-5.27,30.87,13.02,1
b,2022-11-01 17:12:36.469805,-0.19,-0.92,-0.42,1.22,2.08,2.44,-5.27,30.87,13.02,1
b,2022-11-01 17:12:36.469963,-0.19,-0.92,-0.42,1.34,1.95,2.32,-5.13,30.90,13.44,1
b,2022-11-01 17:12:36.470117,-0.19,-0.92,-0.42,1.46,1.89,2.38,-5.13,30.90,13.44,1
b,2022-11-01 17:12:36.470268,-0.19,-0.92,-0.42,1.22,2.01,2.62,-5.13,30.90,13.44,1
b,2022-11-01 17:12:36.470437,-0.19,-0.92,-0.42,1.10,1.95,2.50,-4.25,30.73,14.58,1
b,2022-11-01 17:12:36.470593,-0.19,-0.92,-0.42,0.92,2.20,2.50,-4.25,30.73,14.58,1
b,2022-11-01 17:12:36.470755,-0.19,-0.92,-0.42,1.22,1.89,2.50,-4.25,30.73,14.58,1
b,2022-11-01 17:12:36.470915,-0.19,-0.92,-0.42,1.34,1.95,2.32,-5.33,29.87,14.10,1
b,2022-11-01 17:12:36.471068,-0.19,-0.92,-0.42,1.71,1.95,2.50,-5.33,29.87,14.10,1
b,2022-11-01 17:12:36.471233,-0.19,-0.92,-0.42,1.34,1.95,2.44,-5.05,30.62,13.10,1
b,2022-11-01 17:12:36.471383,-0.19,-0.92,-0.42,1.16,1.95,2.50,-5.05,30.62,13.10,1
b,2022-11-01 17:12:36.471548,-0.19,-0.92,-0.42,1.34,1.77,2.56,-5.05,30.62,13.10,1
b,2022-11-01 17:12:36.471698,-0.19,-0.92,-0.42,1.28,2.01,2.56,-4.22,30.31,14.43,1
b,2022-11-01 17:12:36.471848,-0.19,-0.92,-0.42,1.40,1.95,2.44,-4.22,30.31,14.43,1
b,2022-11-01 17:12:36.472013,-0.19,-0.92,-0.42,1.16,1.95,2.50,-4.22,30.31,14.43,1
b,2022-11-01 17:12:36.472173,-0.19,-0.92,-0.42,1.40,2.08,2.32,-4.96,30.93,12.89,1
b,2022-11-01 17:12:36.472336,-0.19,-0.92,-0.42,1.22,2.01,2.32,-4.96,30.93,12.89,1
b,2022-11-01 17:12:36.472490,-0.19,-0.92,-0.42,1.22,1.95,2.56,-4.96,30.93,12.89,1
b,2022-11-01 17:12:36.472643,-0.19,-0.92,-0.42,0.98,1.83,2.32,-5.05,30.87,14.10,1
b,2022-11-01 17:12:36.472805,-0.19,-0.92,-0.42,1.22,1.95,2.50,-5.05,30.87,14.10,1
b,2022-11-01 17:12:36.472956,-0.19,-0.92,-0.42,1.22,1.95,2.50,-5.18,31.04,13.65,1
b,2022-11-01 17:12:36.473116,-0.19,-0.92,-0.42,1.34,1.89,2.38,-5.18,31.04,13.65,1
b,2022-11-01 17:12:36.473269,-0.19,-0.92,-0.42,1.28,2.01,2.44,-5.18,31.04,13.65,1
b,2022-11-01 17:12:36.473430,-0.19,-0.92,-0.42,1.16,2.08,2.56,-4.90,31.13,14.11,1
b,2022-11-01 17:12:36.473581,-0.19,-0.92,-0.42,1.28,2.08,2.50,-4.90,31.13,14.11,1
b,2022-11-01 17:12:36.473734,-0.19,-0.92,-0.42,0.98,2.01,2.50,-4.90,31.13,14.11,1
b,2022-11-01 17:12:36.473899,-0.19,-0.92,-0.42,1.22,2.08,2.38,-4.21,30.54,13.99,1
b,2022-11-01 17:12:36.474051,-0.19,-0.92,-0.42,1.28,1.95,2.56,-4.21,30.54,13.99,1
b,2022-11-01 17:12:36.474216,-0.19,-0.92,-0.42,1.53,2.08,2.56,-4.21,30.54,13.99,1
b,2022-11-01 17:12:36.474381,-0.19,-0.92,-0.42,1.28,1.89,2.32,-4.72,30.77,14.44,1
b,2022-11-01 17:12:36.474547,-0.19,-0.92,-0.42,1.34,2.01,2.50,-4.72,30.77,14.44,1
b,2022-11-01 17:12:36.474718,-0.19,-0.92,-0.42,1.22,1.89,2.50,-4.96,31.20,13.43,1
b,2022-11-01 17:12:36.474884,-0.19,-0.92,-0.42,1.10,1.89,2.26,-4.96,31.20,13.43,1
b,2022-11-01 17:12:36.475083,-0.19,-0.92,-0.42,1.28,1.95,2.56,-4.96,31.20,13.43,1
b,2022-11-01 17:12:36.475258,-0.19,-0.92,-0.42,1.28,1.77,2.50,-4.63,31.08,12.83,1
b,2022-11-01 17:12:36.475494,-0.19,-0.92,-0.42,1.65,1.95,2.50,-4.63,31.08,12.83,1
b,2022-11-01 17:12:36.475680,-0.19,-0.92,-0.42,1.34,2.08,2.50,-4.63,31.08,12.83,1
b,2022-11-01 17:12:36.475857,-0.19,-0.92,-0.42,1.04,1.83,2.38,-4.59,30.99,12.96,1
b,2022-11-01 17:12:36.476042,-0.19,-0.92,-0.42,1.22,2.01,2.38,-4.59,30.99,12.96,1
b,2022-11-01 17:12:36.476224,-0.19,-0.92,-0.42,1.28,1.95,2.56,-4.59,30.99,12.96,1
b,2022-11-01 17:12:36.476395,-0.19,-0.92,-0.42,1.46,1.83,2.32,-4.53,31.29,13.76,1
b,2022-11-01 17:12:36.476566,-0.19,-0.92,-0.42,1.59,1.95,2.44,-4.53,31.29,13.76,1
b,2022-11-01 17:12:36.476751,-0.19,-0.92,-0.42,1.59,1.89,2.44,-4.90,30.97,13.92,1
b,2022-11-01 17:12:36.477020,-0.19,-0.92,-0.42,1.16,1.95,2.44,-4.90,30.97,13.92,1
b,2022-11-01 17:12:36.477176,-0.19,-0.92,-0.42,1.04,1.89,2.26,-4.90,30.97,13.92,1
b,2022-11-01 17:12:36.477346,-0.19,-0.92,-0.42,1.16,1.95,2.44,-4.46,30.65,13.59,1
b,2022-11-01 17:12:36.477510,-0.19,-0.92,-0.41,1.40,1.95,2.26,-4.46,30.65,13.59,1
b,2022-11-01 17:12:36.477663,-0.19,-0.92,-0.42,1.77,1.95,2.56,-4.46,30.65,13.59,1
b,2022-11-01 17:12:36.477832,-0.19,-0.92,-0.42,1.04,1.95,2.50,-5.03,30.92,13.61,1
b,2022-11-01 17:12:36.477992,-0.19,-0.92,-0.42,1.53,2.08,2.38,-5.03,30.92,13.61,1
b,2022-11-01 17:12:36.478156,-0.19,-0.92,-0.42,1.10,1.89,2.50,-5.03,30.92,13.61,1
b,2022-11-01 17:12:36.478314,-0.19,-0.92,-0.42,1.16,1.95,2.26,-4.63,30.46,14.90,1
b,2022-11-01 17:12:36.478475,-0.19,-0.92,-0.42,1.22,1.95,2.26,-4.63,30.46,14.90,1
b,2022-11-01 17:12:36.478628,-0.19,-0.92,-0.42,1.46,1.95,2.50,-4.53,30.46,13.59,1
b,2022-11-01 17:12:36.478782,-0.19,-0.92,-0.42,1.04,2.01,2.32,-4.53,30.46,13.59,1
b,2022-11-01 17:12:36.478942,-0.19,-0.92,-0.42,1.59,1.83,2.56,-4.53,30.46,13.59,1
b,2022-11-01 17:12:36.479097,-0.19,-0.92,-0.43,1.40,2.14,2.50,-4.63,30.90,12.77,1
b,2022-11-01 17:12:36.479255,-0.19,-0.91,-0.42,1.83,1.95,2.56,-4.63,30.90,12.77,1
b,2022-11-01 17:12:36.479407,-0.19,-0.92,-0.42,0.98,1.83,2.44,-4.63,30.90,12.77,1
b,2022-11-01 17:12:36.479560,-0.19,-0.92,-0.42,0.79,2.01,2.38,-4.58,31.04,13.12,1
b,2022-11-01 17:12:36.479721,-0.19,-0.92,-0.42,1.71,1.95,2.56,-4.58,31.04,13.12,1
b,2022-11-01 17:12:36.479874,-0.19,-0.92,-0.42,1.46,1.77,2.56,-4.58,31.04,13.12,1
b,2022-11-01 17:12:36.480032,-0.19,-0.92,-0.43,1.77,1.89,2.56,-4.93,30.85,14.25,1
b,2022-11-01 17:12:36.480185,-0.19,-0.92,-0.42,1.22,2.01,2.56,-4.93,30.85,14.25,1
b,2022-11-01 17:12:36.480337,-0.19,-0.92,-0.42,1.16,1.95,2.44,-4.48,30.65,13.88,1
b,2022-11-01 17:12:36.480496,-0.19,-0.92,-0.42,1.34,2.01,2.32,-4.48,30.65,13.88,1
b,2022-11-01 17:12:36.480649,-0.19,-0.92,-0.42,1.28,2.08,2.50,-4.48,30.65,13.88,1
b,2022-11-01 17:12:36.480806,-0.19,-0.92,-0.42,1.46,2.01,2.38,-4.80,30.96,12.33,1
b,2022-11-01 17:12:36.480959,-0.19,-0.92,-0.42,1.71,1.83,2.50,-4.80,30.96,12.33,1
b,2022-11-01 17:12:36.481122,-0.19,-0.92,-0.42,1.71,1.95,2.44,-4.80,30.96,12.33,1
b,2022-11-01 17:12:36.481274,-0.19,-0.92,-0.42,1.77,1.83,2.62,-5.16,30.86,13.64,1
b,2022-11-01 17:12:36.481426,-0.19,-0.92,-0.42,1.10,2.08,2.56,-5.16,30.86,13.64,1
b,2022-11-01 17:12:36.481591,-0.19,-0.92,-0.42,1.34,2.08,2.56,-5.16,30.86,13.64,1
b,2022-11-01 17:12:36.481747,-0.19,-0.92,-0.42,1.22,1.77,2.32,-4.93,30.86,13.09,1
b,2022-11-01 17:12:36.481911,-0.19,-0.92,-0.42,1.40,2.14,2.50,-4.93,30.86,13.09,1
b,2022-11-01 17:12:36.482073,-0.19,-0.92,-0.42,1.40,2.08,2.44,-4.74,30.86,12.41,1
b,2022-11-01 17:12:36.482228,-0.19,-0.92,-0.42,1.65,1.95,2.50,-4.74,30.86,12.41,1
b,2022-11-01 17:12:36.482385,-0.19,-0.92,-0.42,1.10,2.01,2.44,-4.74,30.86,12.41,1
b,2022-11-01 17:12:36.482536,-0.19,-0.92,-0.42,1.28,2.01,2.56,-4.91,30.73,13.01,1
b,2022-11-01 17:12:36.482693,-0.19,-0.92,-0.41,1.04,2.01,2.44,-4.91,30.73,13.01,1
b,2022-11-01 17:12:36.482845,-0.19,-0.91,-0.41,1.77,2.01,2.44,-4.91,30.73,13.01,1
b,2022-11-01 17:12:36.483003,-0.19,-0.92,-0.42,1.53,1.71,2.75,-4.75,30.77,12.65,1
b,2022-11-01 17:12:36.483158,-0.19,-0.92,-0.42,1.59,1.83,2.38,-4.75,30.77,12.65,1
b,2022-11-01 17:12:36.483311,-0.19,-0.92,-0.42,1.46,1.95,2.62,-4.75,30.77,12.65,1
b,2022-11-01 17:12:36.483469,-0.19,-0.92,-0.42,0.61,1.83,2.38,-4.36,30.52,14.23,1
b,2022-11-01 17:12:36.483621,-0.19,-0.92,-0.42,1.46,2.08,2.50,-4.36,30.52,14.23,1
b,2022-11-01 17:12:36.483778,-0.19,-0.92,-0.42,0.92,2.08,2.38,-4.76,30.73,13.61,1
b,2022-11-01 17:12:36.483954,-0.19,-0.92,-0.42,1.22,2.01,2.50,-4.76,30.73,13.61,1
b,2022-11-01 17:12:36.484107,-0.19,-0.92,-0.42,1.71,2.08,2.44,-4.76,30.73,13.61,1
b,2022-11-01 17:12:36.484267,-0.19,-0.92,-0.42,1.40,1.89,2.69,-4.98,30.71,12.83,1
b,2022-11-01 17:12:36.484419,-0.19,-0.92,-0.42,1.16,2.14,2.44,-4.98,30.71,12.83,1
b,2022-11-01 17:12:36.484580,-0.19,-0.92,-0.42,1.28,2.01,2.44,-4.98,30.71,12.83,1
b,2022-11-01 17:12:36.484733,-0.19,-0.92,-0.42,1.16,2.01,2.44,-4.53,30.66,12.96,1
b,2022-11-01 17:12:36.484888,-0.19,-0.92,-0.42,1.59,2.08,2.44,-4.53,30.66,12.96,1
b,2022-11-01 17:12:36.485047,-0.19,-0.92,-0.42,1.10,2.01,2.50,-4.53,30.66,12.96,1
b,2022-11-01 17:12:36.485200,-0.19,-0.92,-0.42,1.59,1.89,2.26,-5.22,30.48,13.04,1
b,2022-11-01 17:12:36.485360,-0.19,-0.92,-0.42,1.34,1.89,2.38,-5.22,30.48,13.04,1
b,2022-11-01 17:12:36.485512,-0.19,-0.92,-0.42,1.46,1.95,2.56,-5.29,30.08,14.06,1
b,2022-11-01 17:12:36.485678,-0.19,-0.92,-0.42,1.16,2.08,2.44,-5.29,30.08,14.06,1
b,2022-11-01 17:12:36.485830,-0.19,-0.92,-0.42,1.53,2.14,2.56,-5.29,30.08,14.06,1
b,2022-11-01 17:12:36.485983,-0.19,-0.91,-0.43,1.34,1.95,2.44,-5.27,30.87,13.48,1
b,2022-11-01 17:12:36.486142,-0.19,-0.92,-0.42,1.16,1.95,2.32,-5.27,30.87,13.48,1
b,2022-11-01 17:12:36.486297,-0.19,-0.92,-0.42,1.59,2.01,2.50,-5.27,30.87,13.48,1
b,2022-11-01 17:12:36.486456,-0.19,-0.92,-0.42,1.40,2.14,2.44,-4.31,30.53,12.82,1
b,2022-11-01 17:12:36.486611,-0.19,-0.92,-0.42,1.59,2.01,2.50,-4.31,30.53,12.82,1
b,2022-11-01 17:12:36.486765,-0.19,-0.92,-0.42,1.34,1.95,2.56,-4.31,30.53,12.82,1
b,2022-11-01 17:12:36.486933,-0.19,-0.92,-0.42,1.40,1.95,2.50,-5.36,31.03,14.48,1
b,2022-11-01 17:12:36.487087,-0.19,-0.92,-0.42,1.34,1.95,2.50,-5.36,31.03,14.48,1
b,2022-11-01 17:12:36.487252,-0.19,-0.92,-0.42,1.28,2.08,2.50,-4.71,30.32,14.27,1
b,2022-11-01 17:12:36.487404,-0.19,-0.92,-0.42,1.46,2.08,2.44,-4.71,30.32,14.27,1
b,2022-11-01 17:12:36.487558,-0.19,-0.92,-0.42,1.22,1.95,2.50,-4.71,30.32,14.27,1
b,2022-11-01 17:12:36.487724,-0.19,-0.92,-0.42,1.34,1.95,2.62,-4.96,30.76,13.71,1
b,2022-11-01 17:12:36.487876,-0.19,-0.92,-0.42,1.22,1.83,2.56,-4.96,30.76,13.71,1
b,2022-11-01 17:12:36.488040,-0.19,-0.92,-0.42,1.34,2.01,2.44,-4.96,30.76,13.71,1
b,2022-11-01 17:12:36.488201,-0.19,-0.92,-0.42,1.10,1.83,2.26,-4.59,30.57,13.15,1
b,2022-11-01 17:12:36.488355,-0.19,-0.92,-0.42,1.28,2.01,2.44,-4.59,30.57,13.15,1
b,2022-11-01 17:12:36.488519,-0.19,-0.92,-0.42,1.28,2.14,2.32,-4.59,30.57,13.15,1
b,2022-11-01 17:12:36.488671,-0.19,-0.92,-0.42,1.22,2.01,2.44,-4.32,31.31,14.21,1
b,2022-11-01 17:12:36.488836,-0.19,-0.92,-0.42,1.16,2.01,2.38,-4.32,31.31,14.21,1
b,2022-11-01 17:12:36.488993,-0.19,-0.92,-0.42,1.40,2.14,2.62,-4.80,30.94,14.16,1
b,2022-11-01 17:12:36.489152,-0.19,-0.92,-0.42,1.16,2.01,2.38,-4.80,30.94,14.16,1
b,2022-11-01 17:12:36.489303,-0.19,-0.92,-0.42,1.40,1.89,2.50,-4.80,30.94,14.16,1
b,2022-11-01 17:12:36.489453,-0.19,-0.92,-0.42,1.34,2.01,2.44,-4.49,30.69,13.28,1
b,2022-11-01 17:12:36.489616,-0.19,-0.92,-0.42,1.53,1.95,2.56,-4.49,30.69,13.28,1
b,2022-11-01 17:12:36.489767,-0.19,-0.92,-0.42,0.92,2.01,2.56,-4.49,30.69,13.28,1
b,2022-11-01 17:12:36.489928,-0.19,-0.92,-0.42,1.16,2.01,2.38,-5.13,30.77,12.45,1
b,2022-11-01 17:12:36.490080,-0.19,-0.92,-0.42,1.16,2.14,2.38,-5.13,30.77,12.45,1
b,2022-11-01 17:12:36.490232,-0.19,-0.92,-0.42,1.53,1.89,2.50,-5.13,30.77,12.45,1
b,2022-11-01 17:12:36.490390,-0.19,-0.92,-0.42,1.53,1.83,2.38,-4.92,30.40,13.51,1
b,2022-11-01 17:12:36.490544,-0.19,-0.92,-0.42,1.28,1.95,2.50,-4.92,30.40,13.51,1
b,2022-11-01 17:12:36.490706,-0.19,-0.92,-0.42,1.53,2.01,2.62,-4.91,30.77,12.23,1
b,2022-11-01 17:12:36.490856,-0.19,-0.92,-0.42,1.04,2.01,2.20,-4.91,30.77,12.23,1
b,2022-11-01 17:12:36.491012,-0.19,-0.92,-0.42,1.34,2.01,2.50,-4.91,30.77,12.23,1
b,2022-11-01 17:12:36.491176,-0.19,-0.92,-0.42,1.34,1.95,2.62,-5.14,31.18,13.87,1
b,2022-11-01 17:12:36.491328,-0.19,-0.92,-0.42,1.28,1.95,2.32,-5.14,31.18,13.87,1
b,2022-11-01 17:12:36.491491,-0.19,-0.92,-0.42,1.53,2.08,2.56,-5.14,31.18,13.87,1
b,2022-11-01 17:12:36.491644,-0.19,-0.92,-0.42,1.04,1.89,2.38,-4.39,30.16,14.79,1
b,2022-11-01 17:12:36.491796,-0.19,-0.92,-0.42,1.10,2.08,2.38,-4.39,30.16,14.79,1
b,2022-11-01 17:12:36.491959,-0.19,-0.92,-0.42,1.04,1.89,2.44,-4.39,30.16,14.79,1
b,2022-11-01 17:12:36.492111,-0.19,-0.92,-0.42,1.34,1.71,2.38,-4.79,30.69,13.60,1
b,2022-11-01 17:12:36.492276,-0.19,-0.92,-0.42,1.28,1.95,2.56,-4.79,30.69,13.60,1
b,2022-11-01 17:12:36.492437,-0.19,-0.92,-0.42,1.59,2.01,2.44,-4.66,30.65,13.67,1
b,2022-11-01 17:12:36.492611,-0.19,-0.92,-0.42,1.22,1.77,2.62,-4.66,30.65,13.67,1
b,2022-11-01 17:12:36.492788,-0.19,-0.92,-0.42,1.77,1.83,2.44,-4.66,30.65,13.67,1
b,2022-11-01 17:12:36.492952,-0.19,-0.92,-0.42,1.10,1.83,2.38,-5.35,30.60,13.90,1
b,2022-11-01 17:12:36.493127,-0.19,-0.92,-0.42,1.40,2.08,2.20,-5.35,30.60,13.90,1
b,2022-11-01 17:12:36.493298,-0.19,-0.92,-0.42,1.22,1.89,2.38,-5.35,30.60,13.90,1
b,2022-11-01 17:12:36.493496,-0.19,-0.92,-0.42,1.22,2.14,2.44,-4.53,30.92,14.66,1
b,2022-11-01 17:12:36.493668,-0.19,-0.92,-0.42,1.53,1.77,2.56,-4.53,30.92,14.66,1
b,2022-11-01 17:12:36.493836,-0.19,-0.92,-0.42,1.28,2.01,2.50,-4.53,30.92,14.66,1
b,2022-11-01 17:12:36.494016,-0.19,-0.92,-0.42,1.04,2.14,2.38,-4.90,30.62,13.95,1
b,2022-11-01 17:12:36.494195,-0.19,-0.92,-0.42,1.40,1.95,2.50,-4.90,30.62,13.95,1
b,2022-11-01 17:12:36.494367,-0.19,-0.92,-0.42,1.16,2.08,2.38,-4.49,30.93,14.26,1
b,2022-11-01 17:12:36.494550,-0.19,-0.92,-0.42,1.22,1.83,2.50,-4.49,30.93,14.26,1
b,2022-11-01 17:12:36.494723,-0.19,-0.92,-0.42,1.28,1.89,2.50,-4.49,30.93,14.26,1
b,2022-11-01 17:12:36.494939,-0.19,-0.92,-0.42,1.28,2.01,2.50,-5.16,30.77,14.17,1
b,2022-11-01 17:12:36.495120,-0.19,-0.92,-0.42,1.46,1.89,2.50,-5.16,30.77,14.17,1
b,2022-11-01 17:12:36.495326,-0.19,-0.92,-0.42,1.04,2.14,2.56,-5.16,30.77,14.17,1
b,2022-11-01 17:12:36.495497,-0.19,-0.92,-0.42,1.34,1.83,2.38,-4.32,29.94,12.77,1
b,2022-11-01 17:12:36.495679,-0.19,-0.92,-0.42,1.16,1.83,2.38,-4.32,29.94,12.77,1
b,2022-11-01 17:12:36.495870,-0.19,-0.92,-0.42,1.34,1.95,2.44,-4.32,29.94,12.77,1
b,2022-11-01 17:12:36.496049,-0.19,-0.92,-0.42,0.79,2.01,2.38,-5.26,30.29,13.83,1
b,2022-11-01 17:12:36.496227,-0.19,-0.92,-0.42,1.46,2.01,2.50,-5.26,30.29,13.83,1
b,2022-11-01 17:12:36.496407,-0.19,-0.92,-0.42,0.98,2.01,2.38,-4.64,30.81,14.66,1
b,2022-11-01 17:12:36.496569,-0.19,-0.92,-0.42,1.22,2.01,2.56,-4.64,30.81,14.66,1
b,2022-11-01 17:12:36.496739,-0.19,-0.92,-0.42,1.22,2.08,2.32,-4.64,30.81,14.66,1
b,2022-11-01 17:12:36.496904,-0.19,-0.92,-0.42,1.22,1.89,2.50,-4.58,30.82,13.83,1
b,2022-11-01 17:12:36.497073,-0.19,-0.92,-0.42,1.34,2.08,2.44,-4.58,30.82,13.83,1
b,2022-11-01 17:12:36.497225,-0.19,-0.92,-0.42,1.10,2.08,2.62,-4.58,30.82,13.83,1
b,2022-11-01 17:12:36.497378,-0.19,-0.92,-0.42,1.40,1.89,2.38,-4.71,31.04,14.12,1
b,2022-11-01 17:12:36.497545,-0.19,-0.92,-0.42,1.34,2.01,2.44,-4.71,31.04,14.12,1
b,2022-11-01 17:12:36.497696,-0.19,-0.92,-0.42,1.10,2.01,2.44,-4.71,31.04,14.12,1
b,2022-11-01 17:12:36.497857,-0.19,-0.92,-0.42,1.34,1.77,2.26,-4.79,31.16,13.07,1
b,2022-11-01 17:12:36.498008,-0.19,-0.92,-0.42,1.04,1.83,2.44,-4.79,31.16,13.07,1
b,2022-11-01 17:12:36.498169,-0.19,-0.92,-0.42,1.10,2.08,2.44,-4.55,30.43,14.64,1
b,2022-11-01 17:12:36.498322,-0.19,-0.92,-0.42,0.98,1.95,2.38,-4.55,30.43,14.64,1
b,2022-11-01 17:12:36.498475,-0.19,-0.92,-0.42,1.16,1.95,2.32,-4.55,30.43,14.64,1
b,2022-11-01 17:12:36.498636,-0.19,-0.92,-0.42,1.40,1.95,2.50,-4.13,30.80,13.84,1
b,2022-11-01 17:12:36.498801,-0.19,-0.92,-0.42,1.40,1.77,2.50,-4.13,30.80,13.84,1
b,2022-11-01 17:12:36.498960,-0.19,-0.92,-0.42,1.40,2.08,2.32,-4.13,30.80,13.84,1
b,2022-11-01 17:12:36.499114,-0.19,-0.92,-0.42,1.22,1.89,2.50,-4.43,30.36,13.24,1
b,2022-11-01 17:12:36.499266,-0.19,-0.92,-0.42,1.16,1.83,2.38,-4.43,30.36,13.24,1
b,2022-11-01 17:12:36.499424,-0.19,-0.92,-0.42,1.22,1.95,2.50,-4.43,30.36,13.24,1
b,2022-11-01 17:12:36.499575,-0.19,-0.92,-0.42,1.28,2.01,2.38,-4.87,31.14,13.46,1
b,2022-11-01 17:12:36.499734,-0.19,-0.92,-0.42,1.04,1.89,2.26,-4.87,31.14,13.46,1
b,2022-11-01 17:12:36.499910,-0.19,-0.92,-0.42,1.28,1.89,2.38,-4.06,30.83,14.75,1
b,2022-11-01 17:12:36.500068,-0.19,-0.92,-0.42,1.16,1.95,2.38,-4.06,30.83,14.75,1
b,2022-11-01 17:12:36.500227,-0.19,-0.92,-0.42,1.04,1.89,2.26,-4.06,30.83,14.75,1
b,2022-11-01 17:12:36.500383,-0.19,-0.92,-0.42,1.28,2.01,2.44,-4.54,30.76,14.42,1
b,2022-11-01 17:12:36.500541,-0.19,-0.92,-0.42,1.40,1.89,2.56,-4.54,30.76,14.42,1
b,2022-11-01 17:12:36.500691,-0.19,-0.92,-0.42,1.53,1.95,2.38,-4.54,30.76,14.42,1
b,2022-11-01 17:12:36.500851,-0.19,-0.92,-0.42,1.22,2.01,2.44,-4.61,30.80,14.56,1
b,2022-11-01 17:12:36.501006,-0.19,-0.92,-0.42,1.40,1.83,2.38,-4.61,30.80,14.56,1
b,2022-11-01 17:12:36.501160,-0.19,-0.92,-0.42,1.04,1.77,2.32,-4.61,30.80,14.56,1
b,2022-11-01 17:12:36.501321,-0.19,-0.92,-0.42,1.22,1.89,2.50,-4.68,31.19,14.84,1
b,2022-11-01 17:12:36.501474,-0.19,-0.92,-0.42,1.28,1.89,2.26,-4.68,31.19,14.84,1
b,2022-11-01 17:12:36.501635,-0.19,-0.92,-0.42,1.28,1.95,2.50,-4.27,30.77,13.56,1
b,2022-11-01 17:12:36.501786,-0.19,-0.92,-0.42,1.16,1.89,2.38,-4.27,30.77,13.56,1
b,2022-11-01 17:12:36.501938,-0.19,-0.92,-0.42,1.40,1.89,2.44,-4.27,30.77,13.56,1
b,2022-11-01 17:12:36.502107,-0.19,-0.92,-0.42,0.79,1.89,2.26,-4.74,30.65,14.36,1
b,2022-11-01 17:12:36.502259,-0.19,-0.92,-0.42,1.28,1.89,2.50,-4.74,30.65,14.36,1
b,2022-11-01 17:12:36.502419,-0.19,-0.92,-0.42,1.16,1.95,2.38,-4.74,30.65,14.36,1
b,2022-11-01 17:12:36.502579,-0.19,-0.92,-0.42,1.28,1.89,2.38,-4.37,30.92,13.68,1
b,2022-11-01 17:12:36.502734,-0.19,-0.92,-0.42,1.53,1.89,2.44,-4.37,30.92,13.68,1
b,2022-11-01 17:12:36.502893,-0.19,-0.92,-0.42,1.28,1.83,2.50,-4.37,30.92,13.68,1
b,2022-11-01 17:12:36.503044,-0.19,-0.92,-0.42,1.22,1.89,2.26,-4.39,30.66,13.24,1
b,2022-11-01 17:12:36.503210,-0.19,-0.92,-0.42,0.92,2.14,2.69,-4.39,30.66,13.24,1
b,2022-11-01 17:12:36.503364,-0.19,-0.92,-0.42,1.04,1.89,2.32,-4.37,30.80,14.47,1
b,2022-11-01 17:12:36.503525,-0.19,-0.92,-0.42,1.04,1.95,2.32,-4.37,30.80,14.47,1
b,2022-11-01 17:12:36.503676,-0.19,-0.92,-0.42,1.40,1.95,2.50,-4.37,30.80,14.47,1
b,2022-11-01 17:12:36.503827,-0.19,-0.92,-0.42,1.34,1.89,2.38,-4.38,30.47,13.70,1
b,2022-11-01 17:12:36.503992,-0.19,-0.92,-0.42,1.46,1.89,2.44,-4.38,30.47,13.70,1
b,2022-11-01 17:12:36.504144,-0.19,-0.92,-0.42,0.98,2.01,2.44,-4.38,30.47,13.70,1
b,2022-11-01 17:12:36.504309,-0.19,-0.92,-0.42,1.28,1.89,2.50,-4.79,31.03,13.34,1
b,2022-11-01 17:12:36.504460,-0.19,-0.92,-0.42,1.40,1.83,2.50,-4.79,31.03,13.34,1
b,2022-11-01 17:12:36.504611,-0.19,-0.92,-0.42,1.40,1.95,2.38,-4.79,31.03,13.34,1
b,2022-11-01 17:12:36.504773,-0.19,-0.92,-0.42,1.28,1.83,2.38,-4.36,31.10,13.00,1
b,2022-11-01 17:12:36.504926,-0.19,-0.92,-0.42,1.53,1.89,2.44,-4.36,31.10,13.00,1
b,2022-11-01 17:12:36.505095,-0.19,-0.92,-0.42,1.46,1.83,2.38,-4.48,30.57,13.76,1
b,2022-11-01 17:12:36.505247,-0.19,-0.92,-0.42,1.22,2.01,2.50,-4.48,30.57,13.76,1
b,2022-11-01 17:12:36.505400,-0.19,-0.92,-0.42,1.22,1.95,2.56,-4.48,30.57,13.76,1
b,2022-11-01 17:12:36.505565,-0.19,-0.92,-0.42,1.46,2.01,2.44,-5.04,30.92,13.24,1
b,2022-11-01 17:12:36.505717,-0.19,-0.92,-0.42,1.28,1.95,2.50,-5.04,30.92,13.24,1
b,2022-11-01 17:12:36.505883,-0.19,-0.92,-0.42,1.53,1.95,2.32,-5.04,30.92,13.24,1
b,2022-11-01 17:12:36.506037,-0.19,-0.92,-0.42,1.46,1.89,2.44,-4.59,30.94,13.57,1
b,2022-11-01 17:12:36.506188,-0.19,-0.92,-0.42,1.22,1.95,2.56,-4.59,30.94,13.57,1
b,2022-11-01 17:12:36.506351,-0.19,-0.92,-0.42,1.28,2.08,2.56,-4.59,30.94,13.57,1
b,2022-11-01 17:12:36.506502,-0.19,-0.92,-0.42,1.04,1.89,2.32,-4.86,30.64,12.65,1
b,2022-11-01 17:12:36.506667,-0.19,-0.92,-0.42,1.34,1.95,2.44,-4.86,30.64,12.65,1
b,2022-11-01 17:12:36.506823,-0.19,-0.92,-0.42,1.28,1.83,2.56,-4.13,30.85,12.45,1
b,2022-11-01 17:12:36.506976,-0.19,-0.92,-0.42,1.59,1.95,2.50,-4.13,30.85,12.45,1
b,2022-11-01 17:12:36.507133,-0.19,-0.92,-0.42,1.53,1.95,2.38,-4.13,30.85,12.45,1
b,2022-11-01 17:12:36.507286,-0.19,-0.92,-0.42,0.98,2.08,2.26,-3.86,30.77,13.28,1
b,2022-11-01 17:12:36.507451,-0.19,-0.92,-0.42,1.22,2.01,2.50,-3.86,30.77,13.28,1
b,2022-11-01 17:12:36.507610,-0.19,-0.92,-0.42,1.22,2.01,2.44,-3.86,30.77,13.28,1
b,2022-11-01 17:12:36.507769,-0.19,-0.92,-0.42,1.40,1.77,2.38,-4.87,30.94,13.37,1
b,2022-11-01 17:12:36.507923,-0.19,-0.92,-0.42,1.53,1.89,2.44,-4.87,30.94,13.37,1
b,2022-11-01 17:12:36.508074,-0.19,-0.92,-0.42,1.16,1.89,2.32,-4.87,30.94,13.37,1
b,2022-11-01 17:12:36.508240,-0.19,-0.92,-0.42,1.10,1.83,2.38,-4.79,30.35,14.25,1
b,2022-11-01 17:12:36.508392,-0.19,-0.92,-0.42,1.40,1.83,2.44,-4.79,30.35,14.25,1
b,2022-11-01 17:12:36.508556,-0.19,-0.92,-0.42,1.46,1.71,2.56,-4.47,31.13,14.01,1
b,2022-11-01 17:12:36.508710,-0.19,-0.92,-0.42,1.22,2.08,2.32,-4.47,31.13,14.01,1
b,2022-11-01 17:12:36.508861,-0.19,-0.92,-0.42,1.59,1.83,2.44,-4.47,31.13,14.01,1
b,2022-11-01 17:12:36.509025,-0.19,-0.92,-0.42,1.34,1.89,2.44,-4.33,30.90,14.09,1
b,2022-11-01 17:12:36.509177,-0.19,-0.92,-0.42,1.46,1.95,2.50,-4.33,30.90,14.09,1
b,2022-11-01 17:12:36.509337,-0.19,-0.92,-0.42,0.98,1.95,2.38,-4.33,30.90,14.09,1
b,2022-11-01 17:12:36.509488,-0.19,-0.92,-0.42,1.04,1.83,2.44,-4.97,30.68,14.50,1
b,2022-11-01 17:12:36.509639,-0.19,-0.92,-0.42,1.28,2.14,2.38,-4.97,30.68,14.50,1
b,2022-11-01 17:12:36.509803,-0.19,-0.92,-0.42,1.34,2.08,2.56,-4.97,30.68,14.50,1
b,2022-11-01 17:12:36.509955,-0.19,-0.92,-0.42,1.16,1.95,2.38,-4.36,30.96,14.38,1
b,2022-11-01 17:12:36.510115,-0.19,-0.92,-0.42,1.28,1.89,2.50,-4.36,30.96,14.38,1
b,2022-11-01 17:12:36.510267,-0.19,-0.92,-0.42,1.46,1.95,2.38,-4.64,30.41,13.26,1
b,2022-11-01 17:12:36.510450,-0.19,-0.92,-0.42,1.34,1.95,2.38,-4.64,30.41,13.26,1
b,2022-11-01 17:12:36.510633,-0.19,-0.92,-0.42,1.28,2.01,2.44,-4.64,30.41,13.26,1
b,2022-11-01 17:12:36.510795,-0.19,-0.92,-0.42,1.34,1.95,2.32,-4.26,30.52,12.89,1
b,2022-11-01 17:12:36.510978,-0.19,-0.92,-0.42,1.34,1.89,2.32,-4.26,30.52,12.89,1
b,2022-11-01 17:12:36.511157,-0.19,-0.92,-0.42,1.10,1.95,2.44,-4.26,30.52,12.89,1
b,2022-11-01 17:12:36.511340,-0.19,-0.92,-0.42,1.10,1.77,2.26,-4.87,30.75,14.00,1
b,2022-11-01 17:12:36.511562,-0.19,-0.92,-0.42,1.22,1.89,2.62,-4.87,30.75,14.00,1
b,2022-11-01 17:12:36.511736,-0.19,-0.92,-0.42,1.22,1.95,2.32,-4.87,30.75,14.00,1
b,2022-11-01 17:12:36.511939,-0.19,-0.92,-0.42,1.22,1.83,2.26,-4.46,31.03,14.22,1
b,2022-11-01 17:12:36.512114,-0.19,-0.92,-0.42,1.10,1.89,2.32,-4.46,31.03,14.22,1
b,2022-11-01 17:12:36.512307,-0.19,-0.92,-0.42,1.28,1.89,2.44,-4.58,30.83,12.48,1
b,2022-11-01 17:12:36.512484,-0.19,-0.92,-0.42,0.92,2.01,2.38,-4.58,30.83,12.48,1
b,2022-11-01 17:12:36.512649,-0.19,-0.92,-0.42,1.46,1.95,2.32,-4.58,30.83,12.48,1
b,2022-11-01 17:12:36.512892,-0.19,-0.92,-0.42,1.22,1.89,2.44,-4.37,30.60,13.46,1
b,2022-11-01 17:12:36.513054,-0.19,-0.92,-0.42,1.59,1.89,2.44,-4.37,30.60,13.46,1
b,2022-11-01 17:12:36.513259,-0.19,-0.92,-0.42,1.16,1.95,2.44,-4.37,30.60,13.46,1
b,2022-11-01 17:12:36.513430,-0.19,-0.92,-0.42,1.28,1.89,2.32,-4.96,30.55,13.02,1
b,2022-11-01 17:12:36.513602,-0.19,-0.92,-0.42,1.04,1.89,2.44,-4.96,30.55,13.02,1
b,2022-11-01 17:12:36.513778,-0.19,-0.92,-0.42,1.16,1.95,2.32,-4.96,30.55,13.02,1
b,2022-11-01 17:12:36.513948,-0.19,-0.92,-0.42,1.46,1.83,2.38,-5.26,31.23,13.48,1
b,2022-11-01 17:12:36.514116,-0.19,-0.92,-0.42,0.79,2.01,2.50,-5.26,31.23,13.48,1
b,2022-11-01 17:12:36.514286,-0.19,-0.92,-0.42,1.83,2.01,2.50,-4.80,30.62,13.02,1
b,2022-11-01 17:12:36.514462,-0.19,-0.92,-0.42,0.98,1.77,2.50,-4.80,30.62,13.02,1
b,2022-11-01 17:12:36.514619,-0.19,-0.92,-0.42,1.53,1.89,2.50,-4.80,30.62,13.02,1
b,2022-11-01 17:12:36.514791,-0.19,-0.92,-0.42,1.16,1.83,2.56,-4.66,31.21,12.65,1
b,2022-11-01 17:12:36.514975,-0.19,-0.92,-0.42,1.59,2.01,2.50,-4.66,31.21,12.65,1
b,2022-11-01 17:12:36.515128,-0.19,-0.92,-0.42,1.28,2.14,2.44,-4.66,31.21,12.65,1
b,2022-11-01 17:12:36.515286,-0.19,-0.92,-0.42,1.16,2.01,2.32,-4.93,30.57,13.59,1
b,2022-11-01 17:12:36.515440,-0.19,-0.92,-0.43,1.16,1.95,2.38,-4.93,30.57,13.59,1
b,2022-11-01 17:12:36.515595,-0.19,-0.92,-0.42,1.28,1.89,2.38,-4.93,30.57,13.59,1
b,2022-11-01 17:12:36.515751,-0.19,-0.92,-0.42,1.53,1.95,2.32,-4.44,30.51,14.06,1
b,2022-11-01 17:12:36.515902,-0.19,-0.92,-0.42,1.16,1.89,2.38,-4.44,30.51,14.06,1
b,2022-11-01 17:12:36.516077,-0.19,-0.92,-0.42,1.34,2.08,2.38,-4.39,30.75,13.75,1
b,2022-11-01 17:12:36.516230,-0.19,-0.92,-0.42,1.16,1.95,2.38,-4.39,30.75,13.75,1
b,2022-11-01 17:12:36.516382,-0.19,-0.92,-0.42,1.46,2.01,2.32,-4.39,30.75,13.75,1
b,2022-11-01 17:12:36.516538,-0.19,-0.92,-0.42,1.16,1.89,2.44,-4.70,30.98,13.23,1
b,2022-11-01 17:12:36.516691,-0.19,-0.92,-0.42,1.28,2.01,2.38,-4.70,30.98,13.23,1
b,2022-11-01 17:12:36.516855,-0.19,-0.92,-0.42,1.16,2.08,2.56,-4.70,30.98,13.23,1
b,2022-11-01 17:12:36.517011,-0.19,-0.92,-0.42,1.10,1.77,2.38,-5.04,30.75,13.68,1
b,2022-11-01 17:12:36.517173,-0.19,-0.92,-0.42,1.40,1.83,2.44,-5.04,30.75,13.68,1
b,2022-11-01 17:12:36.517334,-0.19,-0.92,-0.42,1.16,1.95,2.38,-5.04,30.75,13.68,1
b,2022-11-01 17:12:36.517489,-0.19,-0.92,-0.42,1.28,1.77,2.38,-4.64,30.29,14.09,1
b,2022-11-01 17:12:36.517647,-0.19,-0.92,-0.42,1.28,2.01,2.56,-4.64,30.29,14.09,1
b,2022-11-01 17:12:36.517801,-0.19,-0.92,-0.42,1.34,1.83,2.56,-4.15,30.71,13.55,1
b,2022-11-01 17:12:36.517957,-0.19,-0.92,-0.42,1.22,2.01,2.50,-4.15,30.71,13.55,1
b,2022-11-01 17:12:36.518113,-0.19,-0.92,-0.42,0.98,1.89,2.44,-4.15,30.71,13.55,1
b,2022-11-01 17:12:36.518264,-0.19,-0.92,-0.42,1.28,1.77,2.50,-4.21,30.98,13.66,1
b,2022-11-01 17:12:36.518426,-0.19,-0.92,-0.42,1.34,1.89,2.38,-4.21,30.98,13.66,1
b,2022-11-01 17:12:36.518581,-0.19,-0.92,-0.42,1.34,1.95,2.44,-4.21,30.98,13.66,1
b,2022-11-01 17:12:36.518747,-0.19,-0.92,-0.42,1.28,1.95,2.50,-4.46,30.37,13.65,1
b,2022-11-01 17:12:36.518901,-0.19,-0.92,-0.42,1.34,1.95,2.26,-4.46,30.37,13.65,1
b,2022-11-01 17:12:36.519063,-0.19,-0.92,-0.42,1.10,1.89,2.32,-4.46,30.37,13.65,1
b,2022-11-01 17:12:36.519218,-0.19,-0.92,-0.42,1.10,1.77,2.38,-4.57,30.79,14.40,1
b,2022-11-01 17:12:36.519370,-0.19,-0.92,-0.42,1.40,1.95,2.38,-4.57,30.79,14.40,1
b,2022-11-01 17:12:36.519532,-0.19,-0.92,-0.42,1.34,2.08,2.44,-4.66,30.83,13.42,1
b,2022-11-01 17:12:36.519684,-0.19,-0.92,-0.43,1.16,2.01,2.44,-4.66,30.83,13.42,1
b,2022-11-01 17:12:36.519845,-0.19,-0.92,-0.42,1.22,1.83,2.32,-4.66,30.83,13.42,1
b,2022-11-01 17:12:36.519996,-0.19,-0.92,-0.42,1.16,2.14,2.50,-4.71,31.32,14.43,1
b,2022-11-01 17:12:36.520151,-0.19,-0.92,-0.42,0.85,1.95,2.44,-4.71,31.32,14.43,1
b,2022-11-01 17:12:36.520315,-0.19,-0.92,-0.42,1.22,1.77,2.44,-4.71,31.32,14.43,1
b,2022-11-01 17:12:36.520468,-0.19,-0.92,-0.42,1.04,1.77,2.38,-4.60,30.15,14.10,1
b,2022-11-01 17:12:36.520631,-0.19,-0.92,-0.42,1.40,1.83,2.56,-4.60,30.15,14.10,1
b,2022-11-01 17:12:36.520782,-0.19,-0.92,-0.43,1.59,1.95,2.50,-4.60,30.15,14.10,1
b,2022-11-01 17:12:36.520933,-0.19,-0.92,-0.42,0.92,2.01,2.38,-4.59,30.87,14.64,1
b,2022-11-01 17:12:36.521108,-0.19,-0.92,-0.42,1.28,2.01,2.32,-4.59,30.87,14.64,1
b,2022-11-01 17:12:36.521263,-0.19,-0.92,-0.42,1.04,1.89,2.50,-4.61,30.24,13.28,1
b,2022-11-01 17:12:36.521429,-0.19,-0.92,-0.42,1.22,2.01,2.44,-4.61,30.24,13.28,1
b,2022-11-01 17:12:36.521583,-0.19,-0.92,-0.42,1.46,2.20,2.56,-4.61,30.24,13.28,1
b,2022-11-01 17:12:36.521736,-0.19,-0.92,-0.42,1.59,1.89,2.50,-4.86,30.29,14.31,1
b,2022-11-01 17:12:36.521900,-0.19,-0.92,-0.42,1.34,2.01,2.62,-4.86,30.29,14.31,1
b,2022-11-01 17:12:36.522052,-0.19,-0.92,-0.42,1.46,1.89,2.56,-4.86,30.29,14.31,1
b,2022-11-01 17:12:36.522215,-0.19,-0.92,-0.42,0.73,1.83,2.26,-4.53,30.79,14.36,1
b,2022-11-01 17:12:36.522369,-0.19,-0.92,-0.42,1.40,1.89,2.50,-4.53,30.79,14.36,1
b,2022-11-01 17:12:36.522521,-0.19,-0.92,-0.42,1.28,1.89,2.44,-4.53,30.79,14.36,1
b,2022-11-01 17:12:36.522683,-0.19,-0.92,-0.42,1.16,1.95,2.44,-4.39,30.91,14.84,1
b,2022-11-01 17:12:36.522840,-0.19,-0.92,-0.42,1.40,1.89,2.62,-4.39,30.91,14.84,1
b,2022-11-01 17:12:36.523005,-0.19,-0.92,-0.42,1.40,1.89,2.38,-4.53,31.07,12.16,1
b,2022-11-01 17:12:36.523156,-0.19,-0.92,-0.43,1.10,1.95,2.44,-4.53,31.07,12.16,1
b,2022-11-01 17:12:36.523313,-0.19,-0.92,-0.42,1.16,1.95,2.44,-4.53,31.07,12.16,1
b,2022-11-01 17:12:36.523471,-0.19,-0.92,-0.42,1.65,1.89,2.44,-4.54,30.88,13.54,1
b,2022-11-01 17:12:36.523621,-0.19,-0.92,-0.42,1.65,1.95,2.44,-4.54,30.88,13.54,1
b,2022-11-01 17:12:36.523784,-0.19,-0.92,-0.43,1.46,2.01,2.56,-4.54,30.88,13.54,1
b,2022-11-01 17:12:36.523936,-0.19,-0.92,-0.42,0.98,2.01,2.44,-4.37,30.63,13.73,1
b,2022-11-01 17:12:36.524096,-0.19,-0.92,-0.43,1.46,1.89,2.44,-4.37,30.63,13.73,1
b,2022-11-01 17:12:36.524248,-0.19,-0.92,-0.42,0.98,2.01,2.56,-5.09,31.27,14.09,1
b,2022-11-01 17:12:36.524400,-0.19,-0.92,-0.42,1.34,2.01,2.26,-5.09,31.27,14.09,1
b,2022-11-01 17:12:36.524571,-0.19,-0.92,-0.42,1.34,1.95,2.56,-5.09,31.27,14.09,1
b,2022-11-01 17:12:36.524722,-0.19,-0.92,-0.42,1.53,1.89,2.50,-4.46,31.20,12.96,1
b,2022-11-01 17:12:36.524891,-0.19,-0.92,-0.42,1.40,1.95,2.38,-4.46,31.20,12.96,1
b,2022-11-01 17:12:36.525044,-0.19,-0.92,-0.43,1.22,2.14,2.44,-4.46,31.20,12.96,1
b,2022-11-01 17:12:36.525196,-0.19,-0.92,-0.43,1.28,1.83,2.44,-5.22,30.35,13.24,1
b,2022-11-01 17:12:36.525361,-0.19,-0.91,-0.43,1.95,1.83,2.62,-5.22,30.35,13.24,1
b,2022-11-01 17:12:36.525513,-0.19,-0.93,-0.42,1.53,2.08,2.69,-5.22,30.35,13.24,1
b,2022-11-01 17:12:36.525675,-0.19,-0.96,-0.42,1.34,1.46,2.38,-4.49,30.92,14.00,1
b,2022-11-01 17:12:36.525826,-0.19,-0.95,-0.42,0.73,0.85,2.93,-4.49,30.92,14.00,1
b,2022-11-01 17:12:36.525979,-0.19,-0.92,-0.43,-2.14,0.24,2.20,-4.59,30.76,13.09,1
b,2022-11-01 17:12:36.526144,-0.19,-0.92,-0.43,2.38,1.65,2.50,-4.59,30.76,13.09,1
b,2022-11-01 17:12:36.526295,-0.19,-0.91,-0.41,0.98,1.95,2.26,-4.59,30.76,13.09,1
b,2022-11-01 17:12:36.526459,-0.19,-0.92,-0.43,2.87,1.95,2.69,-4.49,31.02,12.96,1
b,2022-11-01 17:12:36.526612,-0.19,-0.93,-0.42,2.56,2.32,2.50,-4.49,31.02,12.96,1
b,2022-11-01 17:12:36.526766,-0.19,-0.93,-0.42,1.28,1.65,2.26,-4.49,31.02,12.96,1
b,2022-11-01 17:12:36.526920,-0.19,-0.91,-0.42,2.38,1.59,2.87,-4.91,30.88,13.05,1
b,2022-11-01 17:12:36.527071,-0.19,-0.93,-0.43,1.22,1.46,2.75,-4.91,30.88,13.05,1
b,2022-11-01 17:12:36.527237,-0.19,-0.92,-0.42,0.92,1.89,2.50,-4.91,30.88,13.05,1
b,2022-11-01 17:12:36.527392,-0.19,-0.92,-0.42,1.95,1.89,2.38,-4.64,30.73,13.13,1
b,2022-11-01 17:12:36.527550,-0.19,-0.92,-0.42,1.16,1.71,2.32,-4.64,30.73,13.13,1
b,2022-11-01 17:12:36.527704,-0.19,-0.92,-0.43,1.89,2.08,2.44,-4.70,30.76,13.16,1
b,2022-11-01 17:12:36.527855,-0.19,-0.94,-0.42,0.85,2.01,2.08,-4.70,30.76,13.16,1
b,2022-11-01 17:12:36.528019,-0.19,-0.92,-0.42,0.61,1.95,2.32,-4.70,30.76,13.16,1
b,2022-11-01 17:12:36.528175,-0.19,-0.93,-0.42,-0.18,1.59,2.20,-4.39,30.38,13.79,1
b,2022-11-01 17:12:36.528341,-0.19,-0.90,-0.42,-6.10,-0.37,1.34,-4.39,30.38,13.79,1
b,2022-11-01 17:12:36.528508,-0.18,-0.93,-0.39,-6.29,-3.42,-0.43,-4.39,30.38,13.79,1
b,2022-11-01 17:12:36.528666,-0.18,-0.93,-0.39,-0.31,-5.86,-1.40,-4.25,30.58,13.76,1
b,2022-11-01 17:12:36.528834,-0.09,-0.97,-0.39,-0.73,-8.42,-1.28,-4.25,30.58,13.76,1
b,2022-11-01 17:12:36.528996,-0.06,-0.91,-0.37,-6.04,-13.85,-0.85,-4.25,30.58,13.76,1
b,2022-11-01 17:12:36.529169,-0.07,-0.97,-0.38,7.57,-17.27,-0.49,-3.42,30.21,14.11,1
b,2022-11-01 17:12:36.529335,-0.15,-0.97,-0.45,40.34,-17.64,5.07,-3.42,30.21,14.11,1
b,2022-11-01 17:12:36.529533,-0.12,-0.49,-0.32,64.58,-14.95,16.17,-2.65,28.96,14.26,1
b,2022-11-01 17:12:36.529711,-0.09,-0.68,-0.34,103.88,-26.73,38.70,-2.65,28.96,14.26,1
b,2022-11-01 17:12:36.529911,-0.09,-0.26,-0.16,58.04,-36.56,32.90,-2.65,28.96,14.26,1
b,2022-11-01 17:12:36.530095,-0.07,-0.45,-0.29,133.24,-53.28,53.77,0.61,24.98,15.73,1
b,2022-11-01 17:12:36.530270,-0.56,-3.78,-3.20,-30.70,-33.81,29.72,0.61,24.98,15.73,1
b,2022-11-01 17:12:36.530455,-0.20,-0.82,-0.59,-73.55,-36.50,-16.11,0.61,24.98,15.73,1
b,2022-11-01 17:12:36.530645,-0.22,-0.86,-0.52,1.34,-26.67,-15.38,2.31,25.56,16.11,1
b,2022-11-01 17:12:36.530830,-0.11,-0.86,-0.58,-1.65,-14.89,-7.75,2.31,25.56,16.11,1
b,2022-11-01 17:12:36.531007,-0.09,-0.88,-0.50,-14.10,-4.58,0.12,2.31,25.56,16.11,1
b,2022-11-01 17:12:36.531182,-0.09,-0.89,-0.51,4.21,1.34,0.85,2.83,25.50,16.26,1
b,2022-11-01 17:12:36.531345,-0.09,-0.87,-0.55,-1.95,2.08,3.05,2.83,25.50,16.26,1
b,2022-11-01 17:12:36.531517,-0.09,-0.87,-0.53,-7.39,2.08,3.54,2.67,25.34,15.11,1
b,2022-11-01 17:12:36.531679,-0.08,-0.88,-0.52,-0.06,2.01,2.44,2.67,25.34,15.11,1
b,2022-11-01 17:12:36.531860,-0.09,-0.87,-0.55,8.00,1.95,1.40,2.67,25.34,15.11,1
b,2022-11-01 17:12:36.532028,-0.08,-0.87,-0.54,3.23,1.95,2.20,2.48,25.12,14.98,1
b,2022-11-01 17:12:36.532191,-0.09,-0.87,-0.54,5.31,1.95,1.83,2.48,25.12,14.98,1
b,2022-11-01 17:12:36.532346,-0.09,-0.87,-0.54,3.54,2.08,2.26,2.48,25.12,14.98,1
b,2022-11-01 17:12:36.532505,-0.09,-0.87,-0.53,1.89,1.83,2.26,3.14,24.80,15.09,1
b,2022-11-01 17:12:36.532655,-0.09,-0.87,-0.54,5.43,1.89,1.71,3.14,24.80,15.09,1
b,2022-11-01 17:12:36.532814,-0.09,-0.87,-0.53,7.08,1.89,1.10,3.14,24.80,15.09,1
b,2022-11-01 17:12:36.532968,-0.09,-0.87,-0.55,15.93,1.59,0.24,2.55,24.29,14.92,1
b,2022-11-01 17:12:36.533122,-0.09,-0.86,-0.57,14.53,1.89,0.67,2.55,24.29,14.92,1
b,2022-11-01 17:12:36.533278,-0.09,-0.86,-0.56,9.70,1.59,1.10,3.04,23.28,15.61,1
b,2022-11-01 17:12:36.533428,-0.09,-0.86,-0.57,8.00,1.65,1.16,3.04,23.28,15.61,1
b,2022-11-01 17:12:36.533632,-0.09,-0.86,-0.56,5.19,1.71,1.83,3.04,23.28,15.61,1
b,2022-11-01 17:12:36.533785,-0.09,-0.86,-0.56,2.87,1.95,2.20,2.80,23.41,14.54,1
b,2022-11-01 17:12:36.533938,-0.09,-0.86,-0.56,2.50,1.95,2.32,2.80,23.41,14.54,1
b,2022-11-01 17:12:36.534095,-0.09,-0.86,-0.56,2.87,1.89,2.20,2.80,23.41,14.54,1
b,2022-11-01 17:12:36.534247,-0.09,-0.85,-0.57,2.56,1.89,2.20,2.45,23.49,15.55,1
b,2022-11-01 17:12:36.534403,-0.09,-0.85,-0.57,3.85,1.95,1.95,2.45,23.49,15.55,1
b,2022-11-01 17:12:36.534554,-0.09,-0.85,-0.58,1.95,2.01,2.20,2.45,23.49,15.55,1
b,2022-11-01 17:12:36.534711,-0.09,-0.86,-0.56,-0.24,1.83,2.44,2.34,23.29,16.44,1
b,2022-11-01 17:12:36.534865,-0.09,-0.86,-0.56,-1.59,1.22,2.08,2.34,23.29,16.44,1
b,2022-11-01 17:12:36.535021,-0.10,-0.86,-0.56,-1.89,0.55,1.71,2.32,23.25,15.52,1
b,2022-11-01 17:12:36.535191,-0.09,-0.86,-0.55,-6.16,-0.31,2.32,2.32,23.25,15.52,1
b,2022-11-01 17:12:36.535343,-0.09,-0.87,-0.54,-0.31,0.92,2.01,2.32,23.25,15.52,1
b,2022-11-01 17:12:36.535503,-0.09,-0.86,-0.56,2.87,2.14,2.14,2.67,23.69,14.44,1
b,2022-11-01 17:12:36.535653,-0.09,-0.86,-0.57,4.39,2.08,2.01,2.67,23.69,14.44,1
b,2022-11-01 17:12:36.535802,-0.09,-0.85,-0.57,3.42,2.08,2.14,2.67,23.69,14.44,1
b,2022-11-01 17:12:36.535964,-0.09,-0.86,-0.57,1.10,1.95,2.44,2.73,23.30,15.31,1
b,2022-11-01 17:12:36.536111,-0.09,-0.86,-0.56,0.85,2.08,2.38,2.73,23.30,15.31,1
b,2022-11-01 17:12:36.536266,-0.09,-0.86,-0.56,0.12,2.01,2.50,2.73,23.30,15.31,1
b,2022-11-01 17:12:36.536418,-0.09,-0.86,-0.56,0.73,1.95,2.44,2.33,23.49,15.16,1
b,2022-11-01 17:12:36.536567,-0.09,-0.86,-0.56,1.28,2.20,2.38,2.33,23.49,15.16,1
b,2022-11-01 17:12:36.536729,-0.09,-0.86,-0.56,1.95,2.14,2.38,3.08,23.19,14.73,1
b,2022-11-01 17:12:36.536880,-0.09,-0.86,-0.57,2.14,1.95,2.32,3.08,23.19,14.73,1
b,2022-11-01 17:12:36.537040,-0.09,-0.85,-0.57,1.04,2.14,2.50,3.08,23.19,14.73,1
b,2022-11-01 17:12:36.537188,-0.09,-0.86,-0.56,0.67,2.14,2.44,2.49,23.30,15.65,1
b,2022-11-01 17:12:36.537337,-0.09,-0.86,-0.56,0.79,1.95,2.69,2.49,23.30,15.65,1
b,2022-11-01 17:12:36.537497,-0.09,-0.86,-0.56,0.92,2.08,2.50,2.49,23.30,15.65,1
b,2022-11-01 17:12:36.537645,-0.09,-0.86,-0.56,1.59,1.89,2.26,2.54,23.43,15.33,1
b,2022-11-01 17:12:36.537801,-0.09,-0.86,-0.56,1.46,2.20,2.38,2.54,23.43,15.33,1
b,2022-11-01 17:12:36.537950,-0.09,-0.86,-0.56,1.53,1.95,2.26,2.54,23.43,15.33,1
b,2022-11-01 17:12:36.538099,-0.09,-0.86,-0.56,0.98,1.95,2.38,2.58,23.75,16.04,1
b,2022-11-01 17:12:36.538257,-0.09,-0.86,-0.56,0.73,1.89,2.38,2.58,23.75,16.04,1
b,2022-11-01 17:12:36.538410,-0.09,-0.86,-0.56,1.10,2.14,2.44,2.14,23.19,15.39,1
b,2022-11-01 17:12:36.538569,-0.09,-0.86,-0.56,1.22,2.08,2.32,2.14,23.19,15.39,1
b,2022-11-01 17:12:36.538719,-0.09,-0.86,-0.56,1.46,1.95,2.32,2.14,23.19,15.39,1
b,2022-11-01 17:12:36.538867,-0.09,-0.86,-0.56,1.28,2.01,2.14,2.25,23.72,14.62,1
b,2022-11-01 17:12:36.539028,-0.09,-0.86,-0.56,1.34,2.20,2.50,2.25,23.72,14.62,1
b,2022-11-01 17:12:36.539175,-0.09,-0.86,-0.56,1.40,2.08,2.38,2.25,23.72,14.62,1
b,2022-11-01 17:12:36.539333,-0.09,-0.86,-0.56,0.92,2.08,2.50,2.25,23.63,15.00,1
b,2022-11-01 17:12:36.539487,-0.09,-0.86,-0.56,0.73,2.01,2.56,2.25,23.63,15.00,1
b,2022-11-01 17:12:36.539636,-0.09,-0.86,-0.56,1.16,2.01,2.38,2.25,23.63,15.00,1
b,2022-11-01 17:12:36.539798,-0.09,-0.86,-0.56,1.34,2.01,2.26,2.32,24.13,14.48,1
b,2022-11-01 17:12:36.539948,-0.09,-0.86,-0.56,1.22,2.01,2.44,2.32,24.13,14.48,1
b,2022-11-01 17:12:36.540107,-0.09,-0.86,-0.56,1.53,1.83,2.38,2.50,23.85,16.06,1
b,2022-11-01 17:12:36.540258,-0.09,-0.86,-0.56,0.67,2.14,2.32,2.50,23.85,16.06,1
b,2022-11-01 17:12:36.540407,-0.09,-0.86,-0.56,0.98,2.01,2.56,2.50,23.85,16.06,1
b,2022-11-01 17:12:36.540569,-0.09,-0.86,-0.56,0.79,2.14,2.38,1.95,23.80,15.00,1
b,2022-11-01 17:12:36.540720,-0.09,-0.86,-0.56,1.10,2.01,2.38,1.95,23.80,15.00,1
b,2022-11-01 17:12:36.540884,-0.09,-0.86,-0.56,1.65,2.01,2.44,1.95,23.80,15.00,1
b,2022-11-01 17:12:36.541034,-0.09,-0.86,-0.56,1.16,2.01,2.20,2.89,23.68,15.55,1
b,2022-11-01 17:12:36.541183,-0.09,-0.86,-0.56,1.10,2.01,2.20,2.89,23.68,15.55,1
b,2022-11-01 17:12:36.541341,-0.09,-0.86,-0.56,0.73,2.20,2.50,2.89,23.68,15.55,1
b,2022-11-01 17:12:36.541490,-0.09,-0.86,-0.56,0.85,1.83,2.32,3.00,23.90,15.10,1
b,2022-11-01 17:12:36.541651,-0.09,-0.86,-0.56,1.22,2.14,2.56,3.00,23.90,15.10,1
b,2022-11-01 17:12:36.541801,-0.09,-0.86,-0.56,1.22,2.26,2.38,2.65,24.27,15.33,1
b,2022-11-01 17:12:36.541949,-0.09,-0.86,-0.56,1.34,1.95,2.20,2.65,24.27,15.33,1
b,2022-11-01 17:12:36.542112,-0.09,-0.86,-0.56,1.53,2.01,2.56,2.65,24.27,15.33,1
b,2022-11-01 17:12:36.542261,-0.09,-0.86,-0.56,1.16,2.14,2.38,2.50,23.23,15.10,1
b,2022-11-01 17:12:36.542420,-0.09,-0.86,-0.56,0.98,1.95,2.44,2.50,23.23,15.10,1
b,2022-11-01 17:12:36.542568,-0.09,-0.86,-0.56,1.16,2.08,2.62,2.50,23.23,15.10,1
b,2022-11-01 17:12:36.542715,-0.09,-0.86,-0.56,0.98,2.08,2.38,2.64,22.92,14.94,1
b,2022-11-01 17:12:36.542876,-0.09,-0.86,-0.56,1.16,1.89,2.38,2.64,22.92,14.94,1
b,2022-11-01 17:12:36.543027,-0.09,-0.86,-0.56,1.16,1.95,2.26,2.64,22.92,14.94,1
b,2022-11-01 17:12:36.543187,-0.09,-0.86,-0.56,1.28,1.83,2.38,3.08,23.58,15.28,1
b,2022-11-01 17:12:36.543336,-0.09,-0.86,-0.56,0.98,2.20,2.56,3.08,23.58,15.28,1
b,2022-11-01 17:12:36.543487,-0.09,-0.86,-0.56,0.92,2.20,2.50,2.50,23.10,16.16,1
b,2022-11-01 17:12:36.543647,-0.09,-0.86,-0.56,0.85,1.89,2.20,2.50,23.10,16.16,1
b,2022-11-01 17:12:36.543797,-0.09,-0.86,-0.56,0.92,2.14,2.44,2.50,23.10,16.16,1
b,2022-11-01 17:12:36.543959,-0.09,-0.86,-0.56,1.04,1.95,2.32,2.72,23.34,15.56,1
b,2022-11-01 17:12:36.544107,-0.09,-0.86,-0.56,1.53,2.14,2.38,2.72,23.34,15.56,1
b,2022-11-01 17:12:36.544257,-0.09,-0.86,-0.56,0.98,2.01,2.38,2.72,23.34,15.56,1
b,2022-11-01 17:12:36.544421,-0.09,-0.86,-0.56,1.10,1.95,2.32,2.38,23.39,14.90,1
b,2022-11-01 17:12:36.544573,-0.09,-0.86,-0.56,1.10,1.89,2.56,2.38,23.39,14.90,1
b,2022-11-01 17:12:36.544727,-0.09,-0.86,-0.56,0.92,2.01,2.32,2.38,23.39,14.90,1
b,2022-11-01 17:12:36.544876,-0.09,-0.86,-0.56,1.04,1.95,2.44,2.67,23.47,15.53,1
b,2022-11-01 17:12:36.545026,-0.09,-0.86,-0.56,1.22,2.14,2.26,2.67,23.47,15.53,1
b,2022-11-01 17:12:36.545187,-0.09,-0.86,-0.56,1.53,2.08,2.50,2.72,23.60,15.77,1
b,2022-11-01 17:12:36.545336,-0.09,-0.86,-0.56,1.16,1.95,2.26,2.72,23.60,15.77,1
b,2022-11-01 17:12:36.545495,-0.09,-0.86,-0.56,0.98,2.14,2.32,2.72,23.60,15.77,1
b,2022-11-01 17:12:36.545644,-0.09,-0.86,-0.56,0.79,2.20,2.44,2.39,23.39,15.42,1
b,2022-11-01 17:12:36.545793,-0.09,-0.86,-0.56,0.92,1.95,2.32,2.39,23.39,15.42,1
b,2022-11-01 17:12:36.545955,-0.09,-0.86,-0.56,1.16,1.95,2.44,2.39,23.39,15.42,1
b,2022-11-01 17:12:36.546104,-0.09,-0.86,-0.56,1.10,2.01,2.38,2.44,24.00,15.94,1
b,2022-11-01 17:12:36.546263,-0.09,-0.86,-0.56,1.22,1.89,2.32,2.44,24.00,15.94,1
b,2022-11-01 17:12:36.546412,-0.09,-0.86,-0.56,1.22,2.08,2.38,2.44,24.00,15.94,1
b,2022-11-01 17:12:36.546562,-0.09,-0.86,-0.56,0.92,2.08,2.38,2.70,23.14,15.87,1
b,2022-11-01 17:12:36.546722,-0.09,-0.86,-0.56,0.98,2.01,2.62,2.70,23.14,15.87,1
b,2022-11-01 17:12:36.546871,-0.09,-0.86,-0.56,0.92,2.01,2.44,2.91,23.30,15.56,1
b,2022-11-01 17:12:36.547030,-0.09,-0.86,-0.56,1.16,2.01,2.50,2.91,23.30,15.56,1
b,2022-11-01 17:12:36.547198,-0.09,-0.86,-0.56,1.34,1.95,2.26,2.91,23.30,15.56,1
b,2022-11-01 17:12:36.547361,-0.09,-0.86,-0.56,1.28,1.89,2.32,2.93,23.90,14.36,1
b,2022-11-01 17:12:36.547537,-0.09,-0.86,-0.56,0.92,2.08,2.44,2.93,23.90,14.36,1
b,2022-11-01 17:12:36.547716,-0.09,-0.86,-0.56,1.04,2.08,2.38,2.93,23.90,14.36,1
b,2022-11-01 17:12:36.547884,-0.09,-0.86,-0.56,0.98,2.01,2.50,2.45,23.66,14.99,1
b,2022-11-01 17:12:36.548064,-0.09,-0.86,-0.56,0.85,2.01,2.26,2.45,23.66,14.99,1
b,2022-11-01 17:12:36.548219,-0.09,-0.86,-0.56,1.22,1.95,2.50,2.45,23.66,14.99,1
b,2022-11-01 17:12:36.548397,-0.09,-0.86,-0.56,1.10,2.08,2.20,2.75,23.71,15.56,1
b,2022-11-01 17:12:36.548573,-0.09,-0.86,-0.56,1.34,2.01,2.44,2.75,23.71,15.56,1
b,2022-11-01 17:12:36.548740,-0.09,-0.86,-0.56,1.04,2.01,2.38,2.33,23.75,14.95,1
b,2022-11-01 17:12:36.548894,-0.09,-0.86,-0.56,0.98,2.08,2.50,2.33,23.75,14.95,1
b,2022-11-01 17:12:36.549047,-0.09,-0.86,-0.56,0.92,2.14,2.50,2.33,23.75,14.95,1
b,2022-11-01 17:12:36.549203,-0.09,-0.86,-0.56,1.10,2.01,2.32,2.82,23.58,15.91,1
b,2022-11-01 17:12:36.549353,-0.09,-0.86,-0.56,1.16,2.01,2.38,2.82,23.58,15.91,1
b,2022-11-01 17:12:36.549510,-0.09,-0.86,-0.56,1.28,2.01,2.32,2.82,23.58,15.91,1
b,2022-11-01 17:12:36.549670,-0.09,-0.86,-0.56,1.16,1.89,2.44,2.70,24.05,16.39,1
b,2022-11-01 17:12:36.549832,-0.09,-0.86,-0.56,1.10,1.95,2.44,2.70,24.05,16.39,1
b,2022-11-01 17:12:36.550000,-0.09,-0.86,-0.56,0.92,2.20,2.32,2.70,24.05,16.39,1
b,2022-11-01 17:12:36.550161,-0.09,-0.86,-0.56,0.92,1.89,2.26,2.16,23.22,15.95,1
b,2022-11-01 17:12:36.550325,-0.09,-0.86,-0.56,1.10,1.83,2.26,2.16,23.22,15.95,1
b,2022-11-01 17:12:36.550477,-0.09,-0.86,-0.56,1.04,2.20,2.32,2.71,23.88,15.54,1
b,2022-11-01 17:12:36.550641,-0.09,-0.86,-0.56,0.98,2.08,2.44,2.71,23.88,15.54,1
b,2022-11-01 17:12:36.550817,-0.09,-0.86,-0.56,1.10,2.08,2.56,2.71,23.88,15.54,1
b,2022-11-01 17:12:36.550970,-0.09,-0.86,-0.56,0.92,2.14,2.38,2.44,23.80,15.37,1
b,2022-11-01 17:12:36.551157,-0.09,-0.86,-0.56,1.10,1.83,2.20,2.44,23.80,15.37,1
b,2022-11-01 17:12:36.551308,-0.09,-0.86,-0.56,1.22,2.08,2.32,2.44,23.80,15.37,1
b,2022-11-01 17:12:36.551460,-0.09,-0.86,-0.56,1.10,1.83,2.20,2.86,23.74,15.47,1
b,2022-11-01 17:12:36.551616,-0.09,-0.86,-0.56,1.10,2.01,2.50,2.86,23.74,15.47,1
b,2022-11-01 17:12:36.551788,-0.09,-0.86,-0.56,1.04,1.95,2.38,2.86,23.74,15.47,1
b,2022-11-01 17:12:36.551964,-0.09,-0.86,-0.56,0.98,1.95,2.32,2.05,23.80,16.30,1
b,2022-11-01 17:12:36.552129,-0.09,-0.86,-0.56,1.04,2.14,2.44,2.05,23.80,16.30,1
b,2022-11-01 17:12:36.552282,-0.09,-0.86,-0.56,0.98,2.01,2.38,2.42,23.40,16.26,1
b,2022-11-01 17:12:36.552435,-0.09,-0.86,-0.56,0.85,2.26,2.38,2.42,23.40,16.26,1
b,2022-11-01 17:12:36.552586,-0.09,-0.86,-0.56,0.98,2.01,2.44,2.42,23.40,16.26,1
b,2022-11-01 17:12:36.552747,-0.09,-0.86,-0.56,1.22,2.08,2.38,2.23,23.55,16.55,1
b,2022-11-01 17:12:36.552895,-0.09,-0.86,-0.56,1.34,2.14,2.38,2.23,23.55,16.55,1
b,2022-11-01 17:12:36.553056,-0.09,-0.86,-0.56,1.16,2.01,2.32,2.23,23.55,16.55,1
b,2022-11-01 17:12:36.553210,-0.09,-0.86,-0.56,1.10,2.14,2.32,2.03,23.52,15.05,1
b,2022-11-01 17:12:36.553358,-0.09,-0.86,-0.56,0.49,2.01,2.50,2.03,23.52,15.05,1
b,2022-11-01 17:12:36.553520,-0.09,-0.86,-0.56,0.73,2.01,2.50,2.03,23.52,15.05,1
b,2022-11-01 17:12:36.553670,-0.09,-0.86,-0.56,1.40,2.14,2.26,2.42,23.07,15.92,1
b,2022-11-01 17:12:36.553826,-0.09,-0.86,-0.56,1.71,2.01,2.20,2.42,23.07,15.92,1
b,2022-11-01 17:12:36.553975,-0.09,-0.86,-0.57,1.40,2.20,2.44,2.80,23.08,16.05,1
b,2022-11-01 17:12:36.554125,-0.09,-0.86,-0.57,0.92,1.83,2.26,2.80,23.08,16.05,1
b,2022-11-01 17:12:36.554290,-0.09,-0.86,-0.56,0.67,2.01,2.32,2.80,23.08,16.05,1
b,2022-11-01 17:12:36.554442,-0.09,-0.86,-0.56,0.43,1.89,2.44,3.05,23.57,16.11,1
b,2022-11-01 17:12:36.554598,-0.09,-0.86,-0.56,1.04,2.20,2.32,3.05,23.57,16.11,1
b,2022-11-01 17:12:36.554747,-0.09,-0.86,-0.56,1.22,2.01,2.44,3.05,23.57,16.11,1
b,2022-11-01 17:12:36.554895,-0.09,-0.86,-0.56,1.77,1.95,2.44,2.61,23.61,15.32,1
b,2022-11-01 17:12:36.555057,-0.09,-0.86,-0.57,1.46,2.01,2.26,2.61,23.61,15.32,1
b,2022-11-01 17:12:36.555208,-0.09,-0.86,-0.57,0.92,2.01,2.50,2.61,23.61,15.32,1
b,2022-11-01 17:12:36.555365,-0.09,-0.86,-0.56,0.55,1.95,2.32,2.93,23.63,16.08,1
b,2022-11-01 17:12:36.555516,-0.09,-0.86,-0.56,0.55,1.95,2.56,2.93,23.63,16.08,1
b,2022-11-01 17:12:36.555665,-0.09,-0.86,-0.56,1.16,2.08,2.44,3.02,23.01,16.59,1
b,2022-11-01 17:12:36.555825,-0.09,-0.86,-0.56,1.10,1.95,2.26,3.02,23.01,16.59,1
b,2022-11-01 17:12:36.555975,-0.09,-0.86,-0.56,1.40,2.08,2.38,3.02,23.01,16.59,1
b,2022-11-01 17:12:36.556131,-0.09,-0.86,-0.56,1.22,1.95,2.26,2.76,23.35,15.95,1
b,2022-11-01 17:12:36.556280,-0.09,-0.86,-0.56,0.92,2.08,2.38,2.76,23.35,15.95,1
b,2022-11-01 17:12:36.556430,-0.09,-0.86,-0.56,0.92,2.14,2.32,2.76,23.35,15.95,1
b,2022-11-01 17:12:36.556591,-0.09,-0.86,-0.56,0.49,2.08,2.38,2.54,23.62,16.58,1
b,2022-11-01 17:12:36.556743,-0.09,-0.86,-0.56,0.98,2.01,2.44,2.54,23.62,16.58,1
b,2022-11-01 17:12:36.556901,-0.09,-0.86,-0.56,1.40,2.08,2.32,2.54,23.62,16.58,1
b,2022-11-01 17:12:36.557051,-0.09,-0.86,-0.56,1.46,1.95,2.38,2.89,23.27,16.66,1
b,2022-11-01 17:12:36.557203,-0.09,-0.86,-0.56,1.16,2.14,2.44,2.89,23.27,16.66,1
b,2022-11-01 17:12:36.557364,-0.09,-0.86,-0.56,1.16,2.08,2.38,2.73,23.13,15.36,1
b,2022-11-01 17:12:36.557514,-0.09,-0.86,-0.56,0.92,1.95,2.26,2.73,23.13,15.36,1
b,2022-11-01 17:12:36.557674,-0.09,-0.86,-0.56,1.16,2.01,2.50,2.73,23.13,15.36,1
b,2022-11-01 17:12:36.557823,-0.09,-0.86,-0.56,0.98,2.08,2.38,2.97,23.08,15.20,1
b,2022-11-01 17:12:36.557973,-0.09,-0.86,-0.56,1.65,2.01,2.50,2.97,23.08,15.20,1
b,2022-11-01 17:12:36.558129,-0.09,-0.86,-0.56,1.59,2.08,2.44,2.97,23.08,15.20,1
b,2022-11-01 17:12:36.558279,-0.09,-0.86,-0.56,1.10,2.01,2.38,2.87,23.55,15.39,1
b,2022-11-01 17:12:36.558437,-0.09,-0.86,-0.56,1.04,2.08,2.50,2.87,23.55,15.39,1
b,2022-11-01 17:12:36.558586,-0.09,-0.86,-0.56,0.85,2.08,2.44,2.87,23.55,15.39,1
b,2022-11-01 17:12:36.558735,-0.09,-0.86,-0.56,0.98,1.95,2.44,2.61,23.05,15.60,1
b,2022-11-01 17:12:36.558897,-0.09,-0.86,-0.56,1.28,2.08,2.44,2.61,23.05,15.60,1
b,2022-11-01 17:12:36.559045,-0.09,-0.86,-0.56,1.40,1.95,2.26,2.48,23.25,14.76,1
b,2022-11-01 17:12:36.559205,-0.09,-0.86,-0.56,1.16,2.20,2.32,2.48,23.25,14.76,1
b,2022-11-01 17:12:36.559356,-0.09,-0.86,-0.56,1.22,2.20,2.32,2.48,23.25,14.76,1
b,2022-11-01 17:12:36.559507,-0.09,-0.86,-0.56,0.79,2.01,2.44,2.98,23.90,15.97,1
b,2022-11-01 17:12:36.559664,-0.09,-0.86,-0.56,0.79,1.95,2.38,2.98,23.90,15.97,1
b,2022-11-01 17:12:36.559814,-0.09,-0.86,-0.56,0.98,1.95,2.56,2.98,23.90,15.97,1
b,2022-11-01 17:12:36.559967,-0.09,-0.86,-0.56,1.10,2.08,2.38,2.10,23.13,14.69,1
b,2022-11-01 17:12:36.560119,-0.09,-0.86,-0.56,1.22,2.08,2.38,2.10,23.13,14.69,1
b,2022-11-01 17:12:36.560268,-0.09,-0.86,-0.56,1.22,2.14,2.50,2.10,23.13,14.69,1
b,2022-11-01 17:12:36.560429,-0.09,-0.86,-0.56,0.92,1.89,2.32,2.80,23.47,16.15,1
b,2022-11-01 17:12:36.560581,-0.09,-0.86,-0.56,0.79,1.89,2.38,2.80,23.47,16.15,1
b,2022-11-01 17:12:36.560737,-0.09,-0.86,-0.56,0.98,2.01,2.44,3.21,23.29,16.24,1
b,2022-11-01 17:12:36.560890,-0.09,-0.86,-0.56,1.10,2.20,2.38,3.21,23.29,16.24,1
b,2022-11-01 17:12:36.561040,-0.09,-0.86,-0.56,1.40,2.20,2.44,3.21,23.29,16.24,1
b,2022-11-01 17:12:36.561198,-0.09,-0.86,-0.57,1.28,2.08,2.32,2.65,23.68,15.45,1
b,2022-11-01 17:12:36.561346,-0.09,-0.86,-0.56,1.16,2.01,2.38,2.65,23.68,15.45,1
b,2022-11-01 17:12:36.561502,-0.09,-0.86,-0.56,0.92,1.83,2.38,2.65,23.68,15.45,1
b,2022-11-01 17:12:36.561654,-0.09,-0.86,-0.56,0.73,1.95,2.26,2.64,23.00,15.88,1
b,2022-11-01 17:12:36.561803,-0.09,-0.86,-0.56,0.79,2.14,2.38,2.64,23.00,15.88,1
b,2022-11-01 17:12:36.561960,-0.09,-0.86,-0.56,1.04,2.01,2.38,2.64,23.00,15.88,1
b,2022-11-01 17:12:36.562111,-0.09,-0.86,-0.56,0.98,2.14,2.26,2.66,23.45,15.91,1
b,2022-11-01 17:12:36.562267,-0.09,-0.86,-0.56,1.22,2.14,2.38,2.66,23.45,15.91,1
b,2022-11-01 17:12:36.562417,-0.09,-0.86,-0.56,0.92,2.14,2.20,2.81,23.27,16.08,1
b,2022-11-01 17:12:36.562567,-0.09,-0.86,-0.56,0.92,2.01,2.26,2.81,23.27,16.08,1
b,2022-11-01 17:12:36.562746,-0.09,-0.86,-0.56,0.92,2.14,2.26,2.81,23.27,16.08,1
b,2022-11-01 17:12:36.562918,-0.09,-0.86,-0.56,1.10,2.01,2.38,2.69,23.99,15.70,1
b,2022-11-01 17:12:36.563075,-0.09,-0.86,-0.56,0.98,2.08,2.32,2.69,23.99,15.70,1
b,2022-11-01 17:12:36.563223,-0.09,-0.86,-0.56,1.22,1.95,2.38,2.69,23.99,15.70,1
b,2022-11-01 17:12:36.563372,-0.09,-0.86,-0.56,0.92,2.01,2.20,2.89,23.23,14.54,1
b,2022-11-01 17:12:36.563533,-0.09,-0.86,-0.56,1.28,2.08,2.50,2.89,23.23,14.54,1
b,2022-11-01 17:12:36.563682,-0.09,-0.86,-0.56,1.04,2.08,2.38,2.89,23.23,14.54,1
b,2022-11-01 17:12:36.563837,-0.09,-0.86,-0.56,0.85,2.14,2.26,2.19,23.61,15.42,1
b,2022-11-01 17:12:36.563989,-0.09,-0.86,-0.56,1.16,1.95,2.56,2.19,23.61,15.42,1
b,2022-11-01 17:12:36.564142,-0.09,-0.86,-0.56,1.16,1.95,2.38,3.02,23.21,17.05,1
b,2022-11-01 17:12:36.564305,-0.09,-0.86,-0.56,1.04,2.08,2.32,3.02,23.21,17.05,1
b,2022-11-01 17:12:36.564454,-0.09,-0.86,-0.56,1.40,2.08,2.32,3.02,23.21,17.05,1
b,2022-11-01 17:12:36.564611,-0.09,-0.86,-0.56,1.46,2.14,2.38,2.48,23.50,15.30,1
b,2022-11-01 17:12:36.564762,-0.09,-0.86,-0.56,1.10,2.08,2.44,2.48,23.50,15.30,1
b,2022-11-01 17:12:36.564911,-0.09,-0.86,-0.56,1.04,1.83,2.20,2.48,23.50,15.30,1
b,2022-11-01 17:12:36.565070,-0.09,-0.86,-0.56,0.92,2.01,2.26,2.58,23.40,15.09,1
b,2022-11-01 17:12:36.565219,-0.09,-0.86,-0.56,1.10,1.95,2.20,2.58,23.40,15.09,1
b,2022-11-01 17:12:36.565377,-0.09,-0.86,-0.56,1.16,2.26,2.26,2.58,23.40,15.09,1
b,2022-11-01 17:12:36.565529,-0.09,-0.86,-0.56,0.85,2.14,2.26,2.59,23.49,16.16,1
b,2022-11-01 17:12:36.565682,-0.09,-0.86,-0.56,1.16,2.08,2.50,2.59,23.49,16.16,1
b,2022-11-01 17:12:36.565839,-0.09,-0.86,-0.56,1.04,2.20,2.44,2.98,23.54,14.89,1
b,2022-11-01 17:12:36.565989,-0.09,-0.86,-0.56,0.73,2.14,2.26,2.98,23.54,14.89,1
b,2022-11-01 17:12:36.566144,-0.09,-0.86,-0.56,1.28,2.01,2.44,2.98,23.54,14.89,1
b,2022-11-01 17:12:36.566295,-0.09,-0.86,-0.56,1.10,2.01,2.26,2.89,23.49,16.05,1
b,2022-11-01 17:12:36.566447,-0.09,-0.86,-0.56,1.16,2.08,2.44,2.89,23.49,16.05,1
b,2022-11-01 17:12:36.566604,-0.09,-0.86,-0.56,0.98,2.14,2.38,2.89,23.49,16.05,1
b,2022-11-01 17:12:36.566757,-0.09,-0.86,-0.56,1.04,2.01,2.26,2.77,24.32,14.86,1
b,2022-11-01 17:12:36.566919,-0.09,-0.86,-0.56,1.10,2.14,2.38,2.77,24.32,14.86,1
b,2022-11-01 17:12:36.567072,-0.09,-0.86,-0.56,1.04,2.08,2.50,2.77,24.32,14.86,1
b,2022-11-01 17:12:36.567224,-0.09,-0.86,-0.56,0.98,1.95,2.38,2.91,23.58,16.54,1
b,2022-11-01 17:12:36.567379,-0.09,-0.86,-0.56,1.04,2.01,2.44,2.91,23.58,16.54,1
b,2022-11-01 17:12:36.567532,-0.09,-0.86,-0.56,1.22,1.95,2.56,2.88,23.54,15.01,1
b,2022-11-01 17:12:36.567703,-0.09,-0.86,-0.56,1.16,1.89,2.38,2.88,23.54,15.01,1
b,2022-11-01 17:12:36.567856,-0.09,-0.86,-0.56,1.22,2.08,2.32,2.88,23.54,15.01,1
b,2022-11-01 17:12:36.568010,-0.09,-0.86,-0.56,0.79,2.01,2.32,2.81,23.97,15.11,1
b,2022-11-01 17:12:36.568171,-0.09,-0.86,-0.56,1.10,2.08,2.44,2.81,23.97,15.11,1
b,2022-11-01 17:12:36.568326,-0.09,-0.86,-0.56,1.40,2.08,2.32,2.81,23.97,15.11,1
b,2022-11-01 17:12:36.568540,-0.09,-0.86,-0.56,1.16,1.95,2.38,2.88,23.80,14.59,1
b,2022-11-01 17:12:36.568693,-0.09,-0.86,-0.56,1.46,2.08,2.38,2.88,23.80,14.59,1
b,2022-11-01 17:12:36.568846,-0.09,-0.86,-0.56,0.79,1.95,2.50,2.88,23.80,14.59,1
b,2022-11-01 17:12:36.569016,-0.09,-0.86,-0.56,0.92,2.08,2.44,2.70,23.95,16.30,1
b,2022-11-01 17:12:36.569183,-0.09,-0.86,-0.56,0.79,2.01,2.38,2.70,23.95,16.30,1
b,2022-11-01 17:12:36.569342,-0.09,-0.86,-0.56,1.28,2.01,2.26,2.86,23.41,16.78,1
b,2022-11-01 17:12:36.569493,-0.09,-0.86,-0.56,1.10,2.26,2.14,2.86,23.41,16.78,1
b,2022-11-01 17:12:36.569677,-0.09,-0.86,-0.56,1.22,2.08,2.44,2.86,23.41,16.78,1
b,2022-11-01 17:12:36.569867,-0.09,-0.86,-0.56,1.04,2.08,2.38,2.50,23.24,16.00,1
b,2022-11-01 17:12:36.570024,-0.09,-0.86,-0.56,0.73,1.95,2.50,2.50,23.24,16.00,1
b,2022-11-01 17:12:36.570210,-0.09,-0.86,-0.56,0.98,2.08,2.32,2.50,23.24,16.00,1
b,2022-11-01 17:12:36.570387,-0.09,-0.86,-0.56,1.34,1.95,2.38,2.62,23.65,15.92,1
b,2022-11-01 17:12:36.570565,-0.09,-0.86,-0.56,1.34,1.95,2.26,2.62,23.65,15.92,1
b,2022-11-01 17:12:36.570723,-0.09,-0.86,-0.56,1.22,2.20,2.56,2.62,23.65,15.92,1
b,2022-11-01 17:12:36.570901,-0.09,-0.86,-0.56,0.98,1.89,2.38,2.89,23.77,17.04,1
b,2022-11-01 17:12:36.571134,-0.09,-0.86,-0.56,0.98,2.08,2.44,2.89,23.77,17.04,1
b,2022-11-01 17:12:36.571302,-0.09,-0.86,-0.56,0.98,2.08,2.44,2.97,23.68,16.58,1
b,2022-11-01 17:12:36.571450,-0.09,-0.86,-0.56,1.10,2.08,2.26,2.97,23.68,16.58,1
b,2022-11-01 17:12:36.571613,-0.09,-0.86,-0.56,1.22,1.95,2.32,2.97,23.68,16.58,1
b,2022-11-01 17:12:36.571762,-0.09,-0.86,-0.56,1.40,2.01,2.44,3.43,23.19,16.16,1
b,2022-11-01 17:12:36.571918,-0.09,-0.86,-0.56,1.10,2.08,2.50,3.43,23.19,16.16,1
b,2022-11-01 17:12:36.572073,-0.09,-0.86,-0.56,1.04,1.95,2.26,3.43,23.19,16.16,1
b,2022-11-01 17:12:36.572231,-0.09,-0.86,-0.56,0.85,2.08,2.14,2.58,23.75,15.59,1
b,2022-11-01 17:12:36.572380,-0.09,-0.86,-0.56,1.10,1.95,2.44,2.58,23.75,15.59,1
b,2022-11-01 17:12:36.572527,-0.09,-0.86,-0.56,1.16,2.08,2.38,2.58,23.75,15.59,1
b,2022-11-01 17:12:36.572687,-0.09,-0.86,-0.56,1.04,1.95,2.38,2.64,23.07,15.43,1
b,2022-11-01 17:12:36.572833,-0.09,-0.86,-0.56,1.16,1.95,2.62,2.64,23.07,15.43,1
b,2022-11-01 17:12:36.572985,-0.09,-0.86,-0.56,1.28,2.14,2.50,2.78,24.16,16.43,1
b,2022-11-01 17:12:36.573132,-0.09,-0.86,-0.56,1.22,2.01,2.44,2.78,24.16,16.43,1
b,2022-11-01 17:12:36.573288,-0.09,-0.86,-0.56,0.92,2.08,2.32,2.78,24.16,16.43,1
b,2022-11-01 17:12:36.573444,-0.09,-0.86,-0.56,1.16,1.77,2.26,2.93,23.74,15.83,1
b,2022-11-01 17:12:36.573592,-0.09,-0.86,-0.56,1.10,2.01,2.38,2.93,23.74,15.83,1
b,2022-11-01 17:12:36.573750,-0.09,-0.86,-0.56,1.28,1.95,2.44,2.93,23.74,15.83,1
b,2022-11-01 17:12:36.573898,-0.09,-0.86,-0.56,0.85,2.08,2.32,2.55,23.45,15.93,1
b,2022-11-01 17:12:36.574046,-0.09,-0.86,-0.56,1.16,2.14,2.32,2.55,23.45,15.93,1
b,2022-11-01 17:12:36.574204,-0.09,-0.86,-0.56,0.92,2.14,2.50,2.55,23.45,15.93,1
b,2022-11-01 17:12:36.574351,-0.09,-0.86,-0.56,0.61,1.95,2.20,2.99,23.38,15.63,1
b,2022-11-01 17:12:36.574507,-0.09,-0.86,-0.56,0.98,2.08,2.44,2.99,23.38,15.63,1
b,2022-11-01 17:12:36.574655,-0.09,-0.86,-0.56,1.22,2.01,2.44,3.20,23.32,16.56,1
b,2022-11-01 17:12:36.574802,-0.09,-0.86,-0.56,1.04,2.01,2.20,3.20,23.32,16.56,1
b,2022-11-01 17:12:36.574962,-0.09,-0.86,-0.56,1.34,1.89,2.62,3.20,23.32,16.56,1
b,2022-11-01 17:12:36.575110,-0.09,-0.86,-0.56,1.16,2.08,2.50,3.05,23.29,15.34,1
b,2022-11-01 17:12:36.575267,-0.09,-0.86,-0.56,1.16,1.95,2.44,3.05,23.29,15.34,1
b,2022-11-01 17:12:36.575417,-0.09,-0.86,-0.56,1.22,2.01,2.50,3.05,23.29,15.34,1
b,2022-11-01 17:12:36.575565,-0.09,-0.86,-0.56,0.98,1.83,2.14,2.64,23.77,15.55,1
b,2022-11-01 17:12:36.575724,-0.09,-0.86,-0.56,1.16,2.01,2.44,2.64,23.77,15.55,1
b,2022-11-01 17:12:36.575876,-0.09,-0.86,-0.56,1.22,1.95,2.38,2.64,23.77,15.55,1
b,2022-11-01 17:12:36.576034,-0.09,-0.86,-0.56,0.92,1.95,2.32,3.04,23.43,16.33,1
b,2022-11-01 17:12:36.576183,-0.09,-0.86,-0.56,1.22,2.01,2.38,3.04,23.43,16.33,1
b,2022-11-01 17:12:36.576331,-0.09,-0.86,-0.56,1.04,2.01,2.44,2.39,24.00,15.65,1
b,2022-11-01 17:12:36.576493,-0.09,-0.86,-0.56,1.16,1.95,2.38,2.39,24.00,15.65,1
b,2022-11-01 17:12:36.576642,-0.09,-0.86,-0.56,1.04,2.20,2.32,2.39,24.00,15.65,1
b,2022-11-01 17:12:36.576800,-0.09,-0.86,-0.56,1.04,2.14,2.44,2.88,23.86,15.44,1
b,2022-11-01 17:12:36.576955,-0.09,-0.86,-0.56,1.10,2.01,2.38,2.88,23.86,15.44,1
b,2022-11-01 17:12:36.577103,-0.09,-0.86,-0.56,1.40,2.08,2.38,2.88,23.86,15.44,1
b,2022-11-01 17:12:36.577263,-0.09,-0.86,-0.56,1.04,1.95,2.32,2.82,23.79,16.06,1
b,2022-11-01 17:12:36.577410,-0.09,-0.86,-0.56,0.92,2.14,2.38,2.82,23.79,16.06,1
b,2022-11-01 17:12:36.577563,-0.09,-0.86,-0.56,1.10,2.01,2.50,2.82,23.79,16.06,1
b,2022-11-01 17:12:36.577711,-0.09,-0.86,-0.56,1.22,1.95,2.26,3.16,23.73,15.88,1
b,2022-11-01 17:12:36.577859,-0.09,-0.86,-0.56,0.98,1.95,2.32,3.16,23.73,15.88,1
b,2022-11-01 17:12:36.578017,-0.09,-0.86,-0.56,1.10,2.08,2.38,2.61,23.43,14.78,1
b,2022-11-01 17:12:36.578165,-0.09,-0.86,-0.56,0.98,2.14,2.26,2.61,23.43,14.78,1
b,2022-11-01 17:12:36.578320,-0.09,-0.86,-0.56,1.16,2.01,2.32,2.61,23.43,14.78,1
b,2022-11-01 17:12:36.578486,-0.09,-0.86,-0.56,1.16,1.89,2.50,2.53,23.78,16.78,1
b,2022-11-01 17:12:36.578634,-0.09,-0.86,-0.56,1.28,1.95,2.44,2.53,23.78,16.78,1
b,2022-11-01 17:12:36.578794,-0.09,-0.86,-0.56,0.92,2.20,2.38,2.53,23.78,16.78,1
b,2022-11-01 17:12:36.578941,-0.09,-0.86,-0.56,0.98,2.01,2.44,2.56,22.73,15.43,1
b,2022-11-01 17:12:36.579100,-0.09,-0.86,-0.56,1.34,1.89,2.26,2.56,22.73,15.43,1
b,2022-11-01 17:12:36.579251,-0.09,-0.86,-0.56,1.22,1.95,2.20,2.56,22.73,15.43,1
b,2022-11-01 17:12:36.579400,-0.09,-0.86,-0.56,1.04,2.08,2.38,2.86,23.30,15.25,1
b,2022-11-01 17:12:36.579560,-0.09,-0.86,-0.56,0.92,1.95,2.44,2.86,23.30,15.25,1
b,2022-11-01 17:12:36.579709,-0.09,-0.86,-0.56,1.10,1.95,2.38,2.94,23.23,15.10,1
b,2022-11-01 17:12:36.579865,-0.09,-0.86,-0.56,0.92,1.83,2.32,2.94,23.23,15.10,1
b,2022-11-01 17:12:36.580015,-0.09,-0.86,-0.56,1.22,1.95,2.38,2.94,23.23,15.10,1
b,2022-11-01 17:12:36.580163,-0.09,-0.86,-0.56,1.22,2.01,2.38,2.84,22.88,14.56,1
b,2022-11-01 17:12:36.580325,-0.09,-0.86,-0.56,1.10,2.20,2.26,2.84,22.88,14.56,1
b,2022-11-01 17:12:36.580472,-0.09,-0.86,-0.56,1.28,1.95,2.26,2.84,22.88,14.56,1
b,2022-11-01 17:12:36.580630,-0.09,-0.86,-0.56,0.85,1.83,2.32,3.04,23.39,14.17,1
b,2022-11-01 17:12:36.580778,-0.09,-0.86,-0.56,1.10,2.01,2.38,3.04,23.39,14.17,1
b,2022-11-01 17:12:36.580930,-0.09,-0.86,-0.56,1.28,1.95,2.44,3.04,23.39,14.17,1
b,2022-11-01 17:12:36.581092,-0.09,-0.86,-0.56,1.22,1.95,2.26,2.93,23.63,16.05,1
b,2022-11-01 17:12:36.581240,-0.09,-0.86,-0.56,1.10,1.95,2.26,2.93,23.63,16.05,1
b,2022-11-01 17:12:36.581396,-0.09,-0.86,-0.56,1.22,2.01,2.32,2.70,23.86,14.81,1
b,2022-11-01 17:12:36.581545,-0.09,-0.86,-0.56,1.04,1.83,2.62,2.70,23.86,14.81,1
b,2022-11-01 17:12:36.581695,-0.09,-0.86,-0.56,1.10,1.95,2.38,2.70,23.86,14.81,1
b,2022-11-01 17:12:36.581850,-0.09,-0.86,-0.56,1.10,2.01,2.32,2.47,23.41,15.22,1
b,2022-11-01 17:12:36.582018,-0.09,-0.86,-0.56,1.04,2.08,2.44,2.47,23.41,15.22,1
b,2022-11-01 17:12:36.582175,-0.09,-0.86,-0.56,1.16,2.08,2.38,2.47,23.41,15.22,1
b,2022-11-01 17:12:36.582327,-0.09,-0.86,-0.56,1.10,1.89,2.32,2.88,23.19,15.26,1
b,2022-11-01 17:12:36.582476,-0.09,-0.86,-0.56,1.04,2.14,2.38,2.88,23.19,15.26,1
b,2022-11-01 17:12:36.582629,-0.09,-0.86,-0.56,0.85,2.08,2.20,2.88,23.19,15.26,1
b,2022-11-01 17:12:36.582776,-0.09,-0.86,-0.56,0.79,1.95,2.20,2.55,23.65,15.71,1
b,2022-11-01 17:12:36.582930,-0.09,-0.86,-0.56,1.04,2.08,2.26,2.55,23.65,15.71,1
b,2022-11-01 17:12:36.583080,-0.09,-0.86,-0.56,1.04,1.95,2.20,2.75,23.23,14.81,1
b,2022-11-01 17:12:36.583229,-0.09,-0.86,-0.56,1.10,2.08,2.32,2.75,23.23,14.81,1
b,2022-11-01 17:12:36.583390,-0.09,-0.86,-0.56,1.16,2.01,2.32,2.75,23.23,14.81,1
b,2022-11-01 17:12:36.583537,-0.09,-0.86,-0.56,0.98,2.20,2.32,3.27,23.89,15.12,1
b,2022-11-01 17:12:36.583712,-0.09,-0.86,-0.56,1.16,2.01,2.32,3.27,23.89,15.12,1
b,2022-11-01 17:12:36.583864,-0.09,-0.86,-0.56,1.34,2.08,2.26,3.27,23.89,15.12,1
b,2022-11-01 17:12:36.584012,-0.09,-0.86,-0.56,1.10,1.89,2.44,3.15,23.24,15.66,1
b,2022-11-01 17:12:36.584167,-0.09,-0.86,-0.56,1.22,2.01,2.32,3.15,23.24,15.66,1
b,2022-11-01 17:12:36.584318,-0.09,-0.86,-0.56,1.22,1.95,2.38,3.15,23.24,15.66,1
b,2022-11-01 17:12:36.584481,-0.09,-0.86,-0.56,0.92,2.08,2.38,2.58,23.84,15.12,1
b,2022-11-01 17:12:36.584633,-0.09,-0.86,-0.56,1.16,1.95,2.38,2.58,23.84,15.12,1
b,2022-11-01 17:12:36.584783,-0.09,-0.86,-0.56,1.10,2.08,2.50,3.06,23.65,15.87,1
b,2022-11-01 17:12:36.584948,-0.09,-0.86,-0.56,1.16,1.89,2.26,3.06,23.65,15.87,1
b,2022-11-01 17:12:36.585117,-0.09,-0.86,-0.56,1.28,2.01,2.44,3.06,23.65,15.87,1
b,2022-11-01 17:12:36.585310,-0.09,-0.86,-0.56,1.04,1.95,2.44,2.71,24.16,15.11,1
b,2022-11-01 17:12:36.585492,-0.09,-0.86,-0.56,1.10,2.01,2.44,2.71,24.16,15.11,1
b,2022-11-01 17:12:36.585658,-0.09,-0.86,-0.56,1.22,2.01,2.44,2.71,24.16,15.11,1
b,2022-11-01 17:12:36.585828,-0.09,-0.86,-0.56,1.04,2.01,2.32,2.56,23.88,15.04,1
b,2022-11-01 17:12:36.585995,-0.09,-0.86,-0.56,0.98,1.95,2.44,2.56,23.88,15.04,1
b,2022-11-01 17:12:36.586222,-0.09,-0.86,-0.56,1.04,2.01,2.26,2.56,23.88,15.04,1
b,2022-11-01 17:12:36.586398,-0.09,-0.86,-0.56,1.04,1.89,2.44,2.65,23.69,15.78,1
b,2022-11-01 17:12:36.586559,-0.09,-0.86,-0.56,1.10,1.89,2.50,2.65,23.69,15.78,1
b,2022-11-01 17:12:36.586723,-0.09,-0.86,-0.56,1.10,1.95,2.38,3.04,23.90,14.58,1
b,2022-11-01 17:12:36.586906,-0.09,-0.86,-0.56,1.16,2.08,2.20,3.04,23.90,14.58,1
b,2022-11-01 17:12:36.587089,-0.09,-0.86,-0.56,1.10,2.08,2.26,3.04,23.90,14.58,1
b,2022-11-01 17:12:36.587255,-0.09,-0.86,-0.56,1.04,2.01,2.32,2.28,24.16,15.26,1
b,2022-11-01 17:12:36.587429,-0.09,-0.86,-0.56,1.10,2.08,2.32,2.28,24.16,15.26,1
b,2022-11-01 17:12:36.587596,-0.09,-0.86,-0.56,1.16,2.08,2.38,2.28,24.16,15.26,1
b,2022-11-01 17:12:36.587761,-0.09,-0.86,-0.56,1.28,1.83,2.26,2.82,23.49,15.78,1
b,2022-11-01 17:12:36.587952,-0.09,-0.86,-0.56,1.34,2.01,2.44,2.82,23.49,15.78,1
b,2022-11-01 17:12:36.588114,-0.09,-0.86,-0.56,1.10,2.01,2.14,2.82,23.49,15.78,1
b,2022-11-01 17:12:36.588280,-0.09,-0.86,-0.56,1.16,1.77,2.38,2.15,24.00,15.69,1
b,2022-11-01 17:12:36.588456,-0.09,-0.86,-0.56,0.98,2.14,2.50,2.15,24.00,15.69,1
b,2022-11-01 17:12:36.588630,-0.09,-0.86,-0.56,0.92,2.01,2.26,2.78,23.35,15.38,1
b,2022-11-01 17:12:36.588804,-0.09,-0.86,-0.56,0.98,2.01,2.26,2.78,23.35,15.38,1
b,2022-11-01 17:12:36.588969,-0.09,-0.86,-0.56,1.22,1.89,2.44,2.78,23.35,15.38,1
b,2022-11-01 17:12:36.589137,-0.09,-0.86,-0.56,1.04,2.01,2.50,2.88,23.94,16.16,1
b,2022-11-01 17:12:36.589299,-0.09,-0.86,-0.56,1.28,1.77,2.38,2.88,23.94,16.16,1
b,2022-11-01 17:12:36.589449,-0.09,-0.86,-0.56,1.10,1.95,2.50,2.88,23.94,16.16,1
b,2022-11-01 17:12:36.589610,-0.09,-0.86,-0.56,0.98,1.89,2.26,2.25,23.73,15.58,1
b,2022-11-01 17:12:36.589759,-0.09,-0.86,-0.56,1.04,2.08,2.32,2.25,23.73,15.58,1
b,2022-11-01 17:12:36.589909,-0.09,-0.86,-0.56,0.98,2.32,2.50,2.25,23.73,15.58,1
b,2022-11-01 17:12:36.590072,-0.09,-0.86,-0.56,1.10,2.01,2.50,2.48,23.65,15.91,1
b,2022-11-01 17:12:36.590222,-0.09,-0.86,-0.56,1.16,2.08,2.32,2.48,23.65,15.91,1
b,2022-11-01 17:12:36.590381,-0.09,-0.86,-0.56,1.22,1.89,2.44,2.19,23.83,15.38,1
b,2022-11-01 17:12:36.590530,-0.09,-0.86,-0.56,0.98,2.08,2.38,2.19,23.83,15.38,1
b,2022-11-01 17:12:36.590678,-0.09,-0.86,-0.56,0.92,1.95,2.32,2.19,23.83,15.38,1
b,2022-11-01 17:12:36.590841,-0.09,-0.86,-0.56,0.85,2.01,2.38,2.16,24.21,14.75,1
b,2022-11-01 17:12:36.590997,-0.09,-0.86,-0.56,1.28,1.95,2.50,2.16,24.21,14.75,1
b,2022-11-01 17:12:36.591161,-0.09,-0.86,-0.56,1.04,2.01,2.26,2.16,24.21,14.75,1
b,2022-11-01 17:12:36.591310,-0.09,-0.86,-0.56,0.85,2.14,2.50,2.49,23.68,15.04,1
b,2022-11-01 17:12:36.591460,-0.09,-0.86,-0.56,1.10,2.01,2.32,2.49,23.68,15.04,1
b,2022-11-01 17:12:36.591623,-0.09,-0.86,-0.56,1.28,2.01,2.44,2.49,23.68,15.04,1
b,2022-11-01 17:12:36.591773,-0.09,-0.86,-0.56,0.92,2.01,2.32,2.60,23.49,15.95,1
b,2022-11-01 17:12:36.591936,-0.09,-0.86,-0.56,1.10,2.14,2.38,2.60,23.49,15.95,1
b,2022-11-01 17:12:36.592084,-0.09,-0.86,-0.56,1.16,2.01,2.44,2.53,24.06,15.52,1
b,2022-11-01 17:12:36.592234,-0.09,-0.86,-0.56,1.10,2.08,2.44,2.53,24.06,15.52,1
b,2022-11-01 17:12:36.592395,-0.09,-0.86,-0.56,1.28,2.01,2.44,2.53,24.06,15.52,1
b,2022-11-01 17:12:36.592545,-0.09,-0.86,-0.56,1.34,1.77,2.44,2.42,23.71,14.45,1
b,2022-11-01 17:12:36.592706,-0.09,-0.86,-0.56,1.22,1.95,2.44,2.42,23.71,14.45,1
b,2022-11-01 17:12:36.592855,-0.09,-0.86,-0.56,1.16,2.01,2.50,2.42,23.71,14.45,1
b,2022-11-01 17:12:36.593004,-0.09,-0.86,-0.56,0.98,2.08,2.44,2.40,23.65,16.43,1
b,2022-11-01 17:12:36.593167,-0.09,-0.86,-0.56,0.98,2.08,2.44,2.40,23.65,16.43,1
b,2022-11-01 17:12:36.593317,-0.09,-0.86,-0.56,1.10,2.01,2.26,2.40,23.65,16.43,1
b,2022-11-01 17:12:36.593479,-0.09,-0.86,-0.56,0.85,2.01,2.32,2.04,23.52,15.45,1
b,2022-11-01 17:12:36.593629,-0.09,-0.86,-0.56,1.16,2.01,2.32,2.04,23.52,15.45,1
b,2022-11-01 17:12:36.593782,-0.09,-0.86,-0.56,1.16,1.95,2.38,3.31,23.78,14.69,1
b,2022-11-01 17:12:36.593944,-0.09,-0.86,-0.56,1.34,1.83,2.32,3.31,23.78,14.69,1
b,2022-11-01 17:12:36.594093,-0.09,-0.86,-0.56,1.16,2.08,2.50,3.31,23.78,14.69,1
b,2022-11-01 17:12:36.594255,-0.09,-0.86,-0.56,1.22,1.89,2.38,2.31,22.95,15.61,1
b,2022-11-01 17:12:36.594432,-0.09,-0.86,-0.56,1.10,2.14,2.44,2.31,22.95,15.61,1
b,2022-11-01 17:12:36.594582,-0.09,-0.86,-0.56,1.22,2.08,2.38,2.31,22.95,15.61,1
b,2022-11-01 17:12:36.594749,-0.09,-0.86,-0.56,1.16,2.08,2.44,2.72,23.74,15.25,1
b,2022-11-01 17:12:36.594898,-0.09,-0.86,-0.56,1.10,2.01,2.62,2.72,23.74,15.25,1
b,2022-11-01 17:12:36.595057,-0.09,-0.86,-0.56,1.16,2.01,2.38,2.27,23.88,15.99,1
b,2022-11-01 17:12:36.595206,-0.09,-0.86,-0.56,1.04,1.95,2.01,2.27,23.88,15.99,1
b,2022-11-01 17:12:36.595355,-0.09,-0.86,-0.56,1.16,2.08,2.50,2.27,23.88,15.99,1
b,2022-11-01 17:12:36.595514,-0.09,-0.86,-0.56,1.04,2.01,2.26,2.66,23.39,14.86,1
b,2022-11-01 17:12:36.595664,-0.09,-0.86,-0.56,1.10,2.01,2.38,2.66,23.39,14.86,1
b,2022-11-01 17:12:36.595823,-0.09,-0.86,-0.56,1.04,1.89,2.50,2.66,23.39,14.86,1
b,2022-11-01 17:12:36.595972,-0.09,-0.86,-0.56,1.16,1.95,2.44,2.34,23.95,14.86,1
b,2022-11-01 17:12:36.596123,-0.09,-0.86,-0.56,1.10,2.01,2.44,2.34,23.95,14.86,1
b,2022-11-01 17:12:36.596283,-0.09,-0.86,-0.56,1.04,2.01,2.20,2.34,23.95,14.86,1
b,2022-11-01 17:12:36.596437,-0.09,-0.86,-0.56,1.10,2.01,2.26,2.20,23.83,15.26,1
b,2022-11-01 17:12:36.596600,-0.09,-0.86,-0.56,0.98,2.08,2.26,2.20,23.83,15.26,1
b,2022-11-01 17:12:36.596748,-0.09,-0.86,-0.56,1.10,1.95,2.26,2.53,23.89,16.74,1
b,2022-11-01 17:12:36.596898,-0.09,-0.86,-0.56,0.98,1.95,2.32,2.53,23.89,16.74,1
b,2022-11-01 17:12:36.597060,-0.09,-0.86,-0.56,1.16,1.95,2.38,2.53,23.89,16.74,1
b,2022-11-01 17:12:36.597217,-0.09,-0.86,-0.56,1.16,1.89,2.44,2.56,23.67,15.28,1
b,2022-11-01 17:12:36.597374,-0.09,-0.86,-0.56,1.22,2.01,2.32,2.56,23.67,15.28,1
b,2022-11-01 17:12:36.597523,-0.09,-0.86,-0.56,1.16,2.14,2.50,2.56,23.67,15.28,1
b,2022-11-01 17:12:36.597671,-0.09,-0.86,-0.56,0.98,2.01,2.44,2.50,23.27,15.82,1
b,2022-11-01 17:12:36.597828,-0.09,-0.86,-0.56,1.16,2.08,2.50,2.50,23.27,15.82,1
b,2022-11-01 17:12:36.597975,-0.09,-0.86,-0.56,1.04,2.01,2.38,2.50,23.27,15.82,1
b,2022-11-01 17:12:36.598131,-0.09,-0.86,-0.56,1.16,1.89,2.26,2.27,23.75,15.38,1
b,2022-11-01 17:12:36.598282,-0.09,-0.86,-0.56,1.10,2.20,2.38,2.27,23.75,15.38,1
b,2022-11-01 17:12:36.598434,-0.09,-0.86,-0.56,1.10,2.01,2.38,2.61,23.61,15.77,1
b,2022-11-01 17:12:36.598625,-0.09,-0.86,-0.56,1.04,1.83,2.26,2.61,23.61,15.77,1
b,2022-11-01 17:12:36.598778,-0.09,-0.86,-0.56,1.16,2.08,2.38,2.61,23.61,15.77,1
b,2022-11-01 17:12:36.598938,-0.09,-0.86,-0.56,1.10,1.89,2.44,2.10,24.06,14.59,1
b,2022-11-01 17:12:36.599090,-0.09,-0.86,-0.56,1.10,1.89,2.38,2.10,24.06,14.59,1
b,2022-11-01 17:12:36.599240,-0.09,-0.86,-0.56,1.22,2.08,2.44,2.10,24.06,14.59,1
b,2022-11-01 17:12:36.599395,-0.09,-0.86,-0.56,0.92,1.95,2.44,2.32,23.61,15.34,1
b,2022-11-01 17:12:36.599546,-0.09,-0.86,-0.56,1.22,2.01,2.44,2.32,23.61,15.34,1
b,2022-11-01 17:12:36.599712,-0.09,-0.86,-0.56,0.85,2.20,2.38,2.32,23.61,15.34,1
b,2022-11-01 17:12:36.599862,-0.09,-0.86,-0.56,0.92,2.08,2.26,1.93,23.54,15.67,1
b,2022-11-01 17:12:36.600010,-0.09,-0.86,-0.56,1.04,2.01,2.50,1.93,23.54,15.67,1
b,2022-11-01 17:12:36.600166,-0.09,-0.86,-0.56,0.98,1.95,2.38,2.34,23.60,15.69,1
b,2022-11-01 17:12:36.600318,-0.09,-0.86,-0.56,0.98,2.08,2.56,2.34,23.60,15.69,1
b,2022-11-01 17:12:36.600473,-0.09,-0.86,-0.56,1.22,2.14,2.38,2.34,23.60,15.69,1
b,2022-11-01 17:12:36.600621,-0.09,-0.86,-0.57,1.04,2.01,2.38,2.69,23.73,15.43,1
b,2022-11-01 17:12:36.600778,-0.09,-0.86,-0.56,1.34,2.01,2.32,2.69,23.73,15.43,1
b,2022-11-01 17:12:36.600930,-0.09,-0.86,-0.56,0.92,2.14,2.32,2.69,23.73,15.43,1
b,2022-11-01 17:12:36.601083,-0.09,-0.86,-0.56,0.92,1.83,2.38,2.31,23.11,15.38,1
b,2022-11-01 17:12:36.601245,-0.09,-0.86,-0.56,1.28,2.08,2.44,2.31,23.11,15.38,1
b,2022-11-01 17:12:36.601395,-0.09,-0.86,-0.56,1.16,2.08,2.38,2.31,23.11,15.38,1
b,2022-11-01 17:12:36.601557,-0.09,-0.86,-0.56,0.92,1.89,2.44,2.50,23.80,14.95,1
b,2022-11-01 17:12:36.601709,-0.09,-0.86,-0.56,1.16,2.01,2.26,2.50,23.80,14.95,1
b,2022-11-01 17:12:36.601862,-0.09,-0.86,-0.56,1.16,1.95,2.38,2.62,23.55,14.32,1
b,2022-11-01 17:12:36.602032,-0.09,-0.86,-0.56,1.22,1.89,2.26,2.62,23.55,14.32,1
b,2022-11-01 17:12:36.602179,-0.09,-0.86,-0.56,1.04,2.01,2.44,2.62,23.55,14.32,1
b,2022-11-01 17:12:36.602336,-0.09,-0.86,-0.57,1.34,2.08,2.38,2.37,23.91,15.64,1
b,2022-11-01 17:12:36.602489,-0.09,-0.86,-0.56,0.92,2.14,2.38,2.37,23.91,15.64,1
b,2022-11-01 17:12:36.602653,-0.09,-0.86,-0.56,1.28,1.95,2.38,2.37,23.91,15.64,1
b,2022-11-01 17:12:36.602835,-0.09,-0.86,-0.56,1.22,2.01,2.38,2.58,24.01,14.89,1
b,2022-11-01 17:12:36.603000,-0.09,-0.86,-0.56,0.85,1.95,2.32,2.58,24.01,14.89,1
b,2022-11-01 17:12:36.603183,-0.09,-0.86,-0.56,1.40,2.08,2.44,2.58,24.01,14.89,1
b,2022-11-01 17:12:36.603350,-0.09,-0.86,-0.56,1.10,1.95,2.32,1.95,23.86,14.92,1
b,2022-11-01 17:12:36.603501,-0.09,-0.86,-0.56,1.28,2.14,2.38,1.95,23.86,14.92,1
b,2022-11-01 17:12:36.603708,-0.09,-0.86,-0.56,1.28,2.01,2.56,2.71,23.74,16.03,1
b,2022-11-01 17:12:36.603860,-0.09,-0.86,-0.56,0.85,2.08,2.50,2.71,23.74,16.03,1
b,2022-11-01 17:12:36.604015,-0.09,-0.86,-0.56,1.22,1.89,2.32,2.71,23.74,16.03,1
b,2022-11-01 17:12:36.604163,-0.09,-0.86,-0.56,0.85,2.01,2.38,1.81,23.99,15.52,1
b,2022-11-01 17:12:36.604313,-0.09,-0.86,-0.56,0.98,1.89,2.26,1.81,23.99,15.52,1
b,2022-11-01 17:12:36.604469,-0.09,-0.86,-0.56,1.16,2.08,2.44,1.81,23.99,15.52,1
b,2022-11-01 17:12:36.604621,-0.09,-0.86,-0.56,0.92,2.01,2.20,2.25,23.65,16.22,1
b,2022-11-01 17:12:36.604807,-0.09,-0.86,-0.56,0.79,1.95,2.38,2.25,23.65,16.22,1
b,2022-11-01 17:12:36.604969,-0.09,-0.86,-0.57,1.46,2.01,2.38,2.25,23.65,16.22,1
b,2022-11-01 17:12:36.605140,-0.09,-0.86,-0.56,0.55,1.89,2.38,2.48,23.69,16.46,1
b,2022-11-01 17:12:36.605357,-0.09,-0.86,-0.56,1.04,2.08,2.56,2.48,23.69,16.46,1
b,2022-11-01 17:12:36.605511,-0.09,-0.86,-0.56,1.28,2.14,2.50,2.33,24.28,15.34,1
b,2022-11-01 17:12:36.605687,-0.09,-0.86,-0.56,0.92,1.95,2.26,2.33,24.28,15.34,1
b,2022-11-01 17:12:36.605867,-0.09,-0.86,-0.56,1.71,2.08,2.44,2.33,24.28,15.34,1
b,2022-11-01 17:12:36.606046,-0.09,-0.86,-0.56,0.92,1.95,2.44,2.09,24.00,16.15,1
b,2022-11-01 17:12:36.606218,-0.09,-0.86,-0.56,1.40,2.08,2.44,2.09,24.00,16.15,1
b,2022-11-01 17:12:36.606376,-0.09,-0.86,-0.56,1.04,2.01,2.38,2.09,24.00,16.15,1
b,2022-11-01 17:12:36.606560,-0.09,-0.86,-0.56,1.04,1.95,2.50,2.40,23.80,14.92,1
b,2022-11-01 17:12:36.606727,-0.09,-0.86,-0.56,0.92,2.08,2.26,2.40,23.80,14.92,1
b,2022-11-01 17:12:36.606887,-0.09,-0.86,-0.56,1.10,1.95,2.44,2.40,23.80,14.92,1
b,2022-11-01 17:12:36.607059,-0.09,-0.86,-0.56,1.16,1.89,2.38,1.90,24.18,16.54,1
b,2022-11-01 17:12:36.607209,-0.09,-0.86,-0.56,0.85,1.95,2.32,1.90,24.18,16.54,1
b,2022-11-01 17:12:36.607367,-0.09,-0.86,-0.56,1.16,2.20,2.44,2.64,23.49,16.78,1
b,2022-11-01 17:12:36.607523,-0.09,-0.86,-0.56,0.85,2.01,2.32,2.64,23.49,16.78,1
b,2022-11-01 17:12:36.607670,-0.09,-0.86,-0.56,1.53,2.01,2.26,2.64,23.49,16.78,1
b,2022-11-01 17:12:36.607827,-0.09,-0.86,-0.56,1.22,2.20,2.56,2.36,23.89,15.39,1
b,2022-11-01 17:12:36.607973,-0.09,-0.86,-0.57,1.28,1.83,2.44,2.36,23.89,15.39,1
b,2022-11-01 17:12:36.608131,-0.09,-0.86,-0.56,0.98,2.01,2.50,2.36,23.89,15.39,1
b,2022-11-01 17:12:36.608279,-0.09,-0.86,-0.56,0.98,2.01,2.38,2.27,24.23,15.03,1
b,2022-11-01 17:12:36.608426,-0.09,-0.86,-0.56,1.10,2.08,2.44,2.27,24.23,15.03,1
b,2022-11-01 17:12:36.608588,-0.09,-0.86,-0.56,0.98,1.95,2.62,2.27,24.23,15.03,1
b,2022-11-01 17:12:36.608736,-0.09,-0.86,-0.56,1.46,1.83,2.26,2.29,24.05,15.42,1
b,2022-11-01 17:12:36.608892,-0.09,-0.86,-0.56,1.46,2.08,2.32,2.29,24.05,15.42,1
b,2022-11-01 17:12:36.609040,-0.09,-0.86,-0.57,1.04,2.20,2.38,2.47,24.12,15.65,1
b,2022-11-01 17:12:36.609187,-0.09,-0.86,-0.57,0.79,2.01,2.32,2.47,24.12,15.65,1
b,2022-11-01 17:12:36.609344,-0.09,-0.86,-0.56,0.98,1.95,2.50,2.47,24.12,15.65,1
b,2022-11-01 17:12:36.609495,-0.09,-0.86,-0.56,0.79,2.14,2.26,1.97,23.79,14.77,1
b,2022-11-01 17:12:36.609657,-0.09,-0.86,-0.56,1.40,1.83,2.32,1.97,23.79,14.77,1
b,2022-11-01 17:12:36.609804,-0.09,-0.86,-0.56,1.28,2.01,2.32,1.97,23.79,14.77,1
b,2022-11-01 17:12:36.609953,-0.09,-0.86,-0.56,1.40,2.01,2.20,2.48,23.65,15.34,1
b,2022-11-01 17:12:36.610133,-0.09,-0.86,-0.56,1.28,2.14,2.38,2.48,23.65,15.34,1
b,2022-11-01 17:12:36.610282,-0.09,-0.86,-0.56,1.10,2.01,2.44,2.48,23.65,15.34,1
b,2022-11-01 17:12:36.610444,-0.09,-0.86,-0.56,0.67,2.14,2.38,1.89,23.85,16.04,1
b,2022-11-01 17:12:36.610593,-0.09,-0.86,-0.56,1.10,2.20,2.38,1.89,23.85,16.04,1
b,2022-11-01 17:12:36.610746,-0.09,-0.86,-0.56,1.10,1.89,2.20,2.32,23.91,16.06,1
b,2022-11-01 17:12:36.610903,-0.09,-0.86,-0.56,1.04,1.95,2.20,2.32,23.91,16.06,1
b,2022-11-01 17:12:36.611049,-0.09,-0.86,-0.56,1.40,2.08,2.44,2.32,23.91,16.06,1
b,2022-11-01 17:12:36.611208,-0.09,-0.86,-0.56,1.10,1.95,2.32,2.36,24.13,14.55,1
b,2022-11-01 17:12:36.611355,-0.09,-0.86,-0.56,0.92,2.08,2.44,2.36,24.13,14.55,1
b,2022-11-01 17:12:36.611502,-0.09,-0.86,-0.56,1.04,1.95,2.50,2.36,24.13,14.55,1
b,2022-11-01 17:12:36.611659,-0.09,-0.86,-0.56,0.98,2.08,2.38,2.81,23.97,14.83,1
b,2022-11-01 17:12:36.611807,-0.09,-0.86,-0.56,1.28,1.95,2.26,2.81,23.97,14.83,1
b,2022-11-01 17:12:36.611961,-0.09,-0.86,-0.56,1.28,2.01,2.38,2.81,23.97,14.83,1
b,2022-11-01 17:12:36.612110,-0.09,-0.86,-0.56,1.04,1.95,2.44,2.33,23.82,15.91,1
b,2022-11-01 17:12:36.612262,-0.09,-0.86,-0.56,1.34,2.08,2.50,2.33,23.82,15.91,1
b,2022-11-01 17:12:36.612423,-0.09,-0.86,-0.56,0.92,2.08,2.32,2.33,23.93,15.60,1
b,2022-11-01 17:12:36.612574,-0.09,-0.86,-0.56,1.16,2.01,2.38,2.33,23.93,15.60,1
b,2022-11-01 17:12:36.612731,-0.09,-0.86,-0.56,1.16,1.95,2.50,2.33,23.93,15.60,1
b,2022-11-01 17:12:36.612881,-0.09,-0.86,-0.56,1.34,1.95,2.56,2.83,23.94,15.42,1
b,2022-11-01 17:12:36.613030,-0.09,-0.86,-0.56,1.22,1.95,2.20,2.83,23.94,15.42,1
b,2022-11-01 17:12:36.613188,-0.09,-0.86,-0.56,1.28,2.01,2.38,2.83,23.94,15.42,1
b,2022-11-01 17:12:36.613337,-0.09,-0.86,-0.57,1.34,1.95,2.32,2.49,23.94,15.22,1
b,2022-11-01 17:12:36.613495,-0.09,-0.86,-0.56,1.22,1.95,2.44,2.49,23.94,15.22,1
b,2022-11-01 17:12:36.613646,-0.09,-0.86,-0.56,0.98,2.01,2.26,2.49,23.94,15.22,1
b,2022-11-01 17:12:36.613793,-0.09,-0.86,-0.56,0.67,2.08,2.44,1.93,23.85,15.14,1
b,2022-11-01 17:12:36.613956,-0.09,-0.86,-0.56,1.16,2.08,2.44,1.93,23.85,15.14,1
b,2022-11-01 17:12:36.614104,-0.09,-0.86,-0.56,0.98,1.89,2.50,2.45,23.66,15.11,1
b,2022-11-01 17:12:36.614267,-0.09,-0.86,-0.56,1.16,1.89,2.38,2.45,23.66,15.11,1
b,2022-11-01 17:12:36.614415,-0.09,-0.86,-0.56,1.16,2.20,2.44,2.45,23.66,15.11,1
b,2022-11-01 17:12:36.614563,-0.09,-0.86,-0.56,1.04,1.95,2.38,2.73,23.74,15.16,1
b,2022-11-01 17:12:36.614722,-0.09,-0.86,-0.56,1.34,2.14,2.38,2.73,23.74,15.16,1
b,2022-11-01 17:12:36.614871,-0.09,-0.86,-0.56,1.34,2.01,2.38,2.73,23.74,15.16,1
b,2022-11-01 17:12:36.615027,-0.09,-0.86,-0.57,1.16,2.14,2.44,2.00,23.39,15.34,1
b,2022-11-01 17:12:36.615176,-0.09,-0.86,-0.56,1.04,2.08,2.38,2.00,23.39,15.34,1
b,2022-11-01 17:12:36.615329,-0.09,-0.86,-0.56,1.46,2.08,2.50,2.00,23.39,15.34,1
b,2022-11-01 17:12:36.615485,-0.09,-0.86,-0.56,0.79,2.01,2.38,2.45,23.80,15.98,1
b,2022-11-01 17:12:36.615637,-0.09,-0.86,-0.56,0.92,2.08,2.50,2.45,23.80,15.98,1
b,2022-11-01 17:12:36.615792,-0.09,-0.86,-0.56,1.16,2.08,2.44,2.29,23.27,15.70,1
b,2022-11-01 17:12:36.615940,-0.09,-0.86,-0.56,0.85,2.08,2.38,2.29,23.27,15.70,1
b,2022-11-01 17:12:36.616089,-0.09,-0.86,-0.57,1.40,2.01,2.32,2.29,23.27,15.70,1
b,2022-11-01 17:12:36.616245,-0.09,-0.86,-0.56,0.98,2.01,2.44,2.58,23.89,15.26,1
b,2022-11-01 17:12:36.616394,-0.09,-0.86,-0.56,1.10,2.01,2.38,2.58,23.89,15.26,1
b,2022-11-01 17:12:36.616547,-0.09,-0.86,-0.56,0.92,2.08,2.44,2.58,23.89,15.26,1
b,2022-11-01 17:12:36.616697,-0.09,-0.86,-0.56,1.04,2.20,2.26,2.40,23.75,15.69,1
b,2022-11-01 17:12:36.616843,-0.09,-0.86,-0.56,1.10,2.14,2.32,2.40,23.75,15.69,1
b,2022-11-01 17:12:36.617012,-0.09,-0.86,-0.56,1.28,1.95,2.50,2.40,23.75,15.69,1
b,2022-11-01 17:12:36.617161,-0.09,-0.86,-0.56,1.04,2.08,2.38,2.47,23.43,16.06,1
b,2022-11-01 17:12:36.617317,-0.09,-0.86,-0.56,0.92,2.14,2.50,2.47,23.43,16.06,1
b,2022-11-01 17:12:36.617465,-0.09,-0.86,-0.56,0.85,1.95,2.26,2.20,23.74,15.63,1
b,2022-11-01 17:12:36.617615,-0.09,-0.86,-0.56,1.40,2.01,2.44,2.20,23.74,15.63,1
b,2022-11-01 17:12:36.617769,-0.09,-0.86,-0.56,1.28,2.01,2.50,2.20,23.74,15.63,1
b,2022-11-01 17:12:36.617922,-0.09,-0.86,-0.56,1.04,1.95,2.26,2.53,23.93,15.61,1
b,2022-11-01 17:12:36.618076,-0.09,-0.86,-0.56,1.04,2.08,2.50,2.53,23.93,15.61,1
b,2022-11-01 17:12:36.618222,-0.09,-0.86,-0.56,1.22,1.95,2.26,2.53,23.93,15.61,1
b,2022-11-01 17:12:36.618372,-0.09,-0.86,-0.56,0.92,1.83,2.50,2.05,23.47,15.30,1
b,2022-11-01 17:12:36.618536,-0.09,-0.86,-0.56,1.53,1.95,2.32,2.05,23.47,15.30,1
b,2022-11-01 17:12:36.618685,-0.09,-0.86,-0.56,1.04,2.01,2.50,2.05,23.47,15.30,1
b,2022-11-01 17:12:36.618847,-0.09,-0.86,-0.56,1.28,1.95,2.38,1.92,23.89,15.01,1
b,2022-11-01 17:12:36.618995,-0.09,-0.86,-0.56,0.98,2.08,2.38,1.92,23.89,15.01,1
b,2022-11-01 17:12:36.619147,-0.09,-0.86,-0.56,1.22,2.08,2.44,2.29,23.97,15.72,1
b,2022-11-01 17:12:36.619309,-0.09,-0.86,-0.56,1.04,2.08,2.20,2.29,23.97,15.72,1
b,2022-11-01 17:12:36.619458,-0.09,-0.86,-0.56,0.92,2.01,2.50,2.29,23.97,15.72,1
b,2022-11-01 17:12:36.619617,-0.09,-0.86,-0.56,1.34,2.08,2.32,3.04,23.60,14.95,1
b,2022-11-01 17:12:36.619765,-0.09,-0.86,-0.56,1.10,2.01,2.50,3.04,23.60,14.95,1
b,2022-11-01 17:12:36.619917,-0.09,-0.86,-0.56,1.28,2.01,2.50,3.04,23.60,14.95,1
b,2022-11-01 17:12:36.620074,-0.09,-0.86,-0.56,1.22,1.89,2.44,1.94,23.35,15.53,1
b,2022-11-01 17:12:36.620223,-0.09,-0.86,-0.56,1.22,2.01,2.38,1.94,23.35,15.53,1
b,2022-11-01 17:12:36.620389,-0.09,-0.86,-0.56,0.98,1.95,2.32,1.94,23.35,15.53,1
b,2022-11-01 17:12:36.620536,-0.09,-0.86,-0.56,0.73,2.08,2.38,2.48,23.82,15.38,1
b,2022-11-01 17:12:36.620694,-0.09,-0.86,-0.56,1.10,2.08,2.50,2.48,23.82,15.38,1
b,2022-11-01 17:12:36.620843,-0.09,-0.86,-0.56,1.22,1.89,2.38,2.33,23.45,16.61,1
b,2022-11-01 17:12:36.620991,-0.09,-0.86,-0.56,0.98,1.95,2.38,2.33,23.45,16.61,1
b,2022-11-01 17:12:36.621150,-0.09,-0.86,-0.56,1.04,2.01,2.50,2.33,23.45,16.61,1
b,2022-11-01 17:12:36.621299,-0.09,-0.86,-0.56,1.04,1.89,2.32,2.36,23.39,15.43,1
b,2022-11-01 17:12:36.621466,-0.09,-0.86,-0.56,1.04,1.95,2.50,2.36,23.39,15.43,1
b,2022-11-01 17:12:36.621639,-0.09,-0.86,-0.56,0.92,2.14,2.26,2.36,23.39,15.43,1
b,2022-11-01 17:12:36.621812,-0.09,-0.86,-0.56,0.79,2.14,2.26,2.03,23.22,15.64,1
b,2022-11-01 17:12:36.621983,-0.09,-0.86,-0.56,1.10,2.01,2.38,2.03,23.22,15.64,1
b,2022-11-01 17:12:36.622158,-0.09,-0.86,-0.56,1.34,2.08,2.56,2.03,23.22,15.64,1
b,2022-11-01 17:12:36.622324,-0.09,-0.86,-0.56,0.98,2.14,2.38,2.01,23.46,16.04,1
b,2022-11-01 17:12:36.622498,-0.09,-0.86,-0.56,1.10,2.14,2.44,2.01,23.46,16.04,1
b,2022-11-01 17:12:36.622665,-0.09,-0.86,-0.56,1.10,1.83,2.32,2.32,23.62,16.25,1
b,2022-11-01 17:12:36.622824,-0.09,-0.86,-0.56,0.98,1.89,2.32,2.32,23.62,16.25,1
b,2022-11-01 17:12:36.622995,-0.09,-0.86,-0.53,1.28,1.89,2.50,2.32,23.62,16.25,1
b,2022-11-01 17:12:36.623180,-0.09,-0.86,-0.56,1.53,1.89,2.44,2.92,23.79,16.08,1
b,2022-11-01 17:12:36.623341,-0.09,-0.86,-0.56,0.98,1.95,2.44,2.92,23.79,16.08,1
b,2022-11-01 17:12:36.623503,-0.09,-0.86,-0.57,1.53,1.95,2.50,2.92,23.79,16.08,1
b,2022-11-01 17:12:36.623665,-0.09,-0.86,-0.56,0.73,1.89,2.44,2.39,23.34,15.22,1
b,2022-11-01 17:12:36.623831,-0.09,-0.86,-0.56,1.22,2.14,2.38,2.39,23.34,15.22,1
b,2022-11-01 17:12:36.624002,-0.09,-0.86,-0.56,1.40,2.01,2.26,2.39,23.34,15.22,1
b,2022-11-01 17:12:36.624177,-0.09,-0.86,-0.56,1.46,2.14,2.32,2.59,23.79,16.37,1
b,2022-11-01 17:12:36.624335,-0.09,-0.86,-0.56,1.59,2.01,2.32,2.59,23.79,16.37,1
b,2022-11-01 17:12:36.624495,-0.09,-0.86,-0.57,1.59,2.01,2.38,2.62,23.63,15.64,1
b,2022-11-01 17:12:36.624664,-0.09,-0.86,-0.54,0.24,2.08,2.44,2.62,23.63,15.64,1
b,2022-11-01 17:12:36.624877,-0.09,-0.86,-0.56,1.53,2.08,2.32,2.62,23.63,15.64,1
b,2022-11-01 17:12:36.625051,-0.09,-0.86,-0.56,2.81,1.83,2.08,2.67,23.71,16.36,1
b,2022-11-01 17:12:36.625216,-0.09,-0.86,-0.57,1.22,1.89,2.50,2.67,23.71,16.36,1
b,2022-11-01 17:12:36.625413,-0.09,-0.86,-0.56,0.31,1.95,2.50,2.67,23.71,16.36,1
b,2022-11-01 17:12:36.625575,-0.09,-0.85,-0.57,2.08,1.71,2.08,1.75,23.62,15.67,1
b,2022-11-01 17:12:36.625754,-0.09,-0.86,-0.56,0.12,2.14,2.44,1.75,23.62,15.67,1
b,2022-11-01 17:12:36.625953,-0.09,-0.86,-0.56,1.04,2.01,2.38,1.75,23.62,15.67,1
b,2022-11-01 17:12:36.626119,-0.09,-0.86,-0.57,1.22,1.83,2.26,1.99,23.82,16.16,1
b,2022-11-01 17:12:36.626280,-0.09,-0.86,-0.56,0.67,1.95,2.44,1.99,23.82,16.16,1
b,2022-11-01 17:12:36.626428,-0.09,-0.86,-0.57,1.71,2.14,2.38,2.14,23.57,16.39,1
b,2022-11-01 17:12:36.626588,-0.09,-0.86,-0.56,1.10,2.08,2.32,2.14,23.57,16.39,1
b,2022-11-01 17:12:36.626736,-0.09,-0.86,-0.56,1.22,1.83,2.56,2.14,23.57,16.39,1
b,2022-11-01 17:12:36.626885,-0.09,-0.86,-0.57,1.10,2.01,2.26,2.11,24.04,15.01,1
b,2022-11-01 17:12:36.627045,-0.09,-0.86,-0.56,1.40,2.08,2.26,2.11,24.04,15.01,1
b,2022-11-01 17:12:36.627195,-0.09,-0.86,-0.56,1.04,2.14,2.62,2.11,24.04,15.01,1
b,2022-11-01 17:12:36.627357,-0.09,-0.86,-0.56,1.16,1.95,2.32,2.23,23.78,15.72,1
b,2022-11-01 17:12:36.627507,-0.09,-0.86,-0.56,0.73,1.95,2.44,2.23,23.78,15.72,1
b,2022-11-01 17:12:36.627658,-0.09,-0.86,-0.56,1.10,2.01,2.50,2.23,23.78,15.72,1
b,2022-11-01 17:12:36.627818,-0.09,-0.86,-0.57,1.04,2.08,2.26,2.21,23.71,16.15,1
b,2022-11-01 17:12:36.627966,-0.09,-0.86,-0.56,1.04,2.01,2.32,2.21,23.71,16.15,1
b,2022-11-01 17:12:36.628131,-0.09,-0.86,-0.57,1.40,2.14,2.32,2.27,23.24,14.23,1
b,2022-11-01 17:12:36.628278,-0.09,-0.86,-0.57,1.10,1.95,2.26,2.27,23.24,14.23,1
b,2022-11-01 17:12:36.628427,-0.09,-0.86,-0.56,0.73,2.01,2.32,2.27,23.24,14.23,1
b,2022-11-01 17:12:36.628585,-0.09,-0.86,-0.57,1.28,1.89,2.32,2.11,23.67,16.25,1
b,2022-11-01 17:12:36.628734,-0.09,-0.86,-0.56,0.98,2.14,2.44,2.11,23.67,16.25,1
b,2022-11-01 17:12:36.628894,-0.09,-0.86,-0.57,1.40,1.89,2.20,2.11,23.67,16.25,1
b,2022-11-01 17:12:36.629044,-0.09,-0.86,-0.56,1.10,1.95,2.38,2.22,23.03,14.94,1
b,2022-11-01 17:12:36.629194,-0.09,-0.86,-0.57,1.16,2.14,2.38,2.22,23.03,14.94,1
b,2022-11-01 17:12:36.629352,-0.09,-0.86,-0.56,1.16,2.08,2.50,2.22,23.03,14.94,1
b,2022-11-01 17:12:36.629502,-0.09,-0.86,-0.56,0.98,2.01,2.44,2.26,23.49,15.26,1
b,2022-11-01 17:12:36.629667,-0.09,-0.86,-0.57,1.10,2.01,2.32,2.26,23.49,15.26,1
b,2022-11-01 17:12:36.629820,-0.09,-0.86,-0.56,0.79,2.20,2.32,2.08,23.60,15.76,1
b,2022-11-01 17:12:36.629970,-0.09,-0.85,-0.56,1.22,2.08,2.26,2.08,23.60,15.76,1
b,2022-11-01 17:12:36.630129,-0.09,-0.86,-0.56,0.85,1.95,2.56,2.08,23.60,15.76,1
b,2022-11-01 17:12:36.630279,-0.09,-0.86,-0.57,1.22,1.95,2.50,2.89,23.79,15.30,1
b,2022-11-01 17:12:36.630444,-0.09,-0.86,-0.56,0.92,2.14,2.32,2.89,23.79,15.30,1
b,2022-11-01 17:12:36.630594,-0.09,-0.86,-0.56,1.22,1.95,2.56,2.89,23.79,15.30,1
b,2022-11-01 17:12:36.630744,-0.09,-0.86,-0.56,0.85,2.01,2.38,2.58,23.91,15.59,1
b,2022-11-01 17:12:36.630905,-0.09,-0.86,-0.56,1.10,2.08,2.32,2.58,23.91,15.59,1
b,2022-11-01 17:12:36.631054,-0.09,-0.86,-0.56,1.22,2.14,2.44,2.58,23.91,15.59,1
b,2022-11-01 17:12:36.631209,-0.09,-0.86,-0.56,1.04,2.14,2.44,2.27,23.62,16.08,1
b,2022-11-01 17:12:36.631357,-0.09,-0.86,-0.56,1.46,2.08,2.44,2.27,23.62,16.08,1
b,2022-11-01 17:12:36.631506,-0.09,-0.86,-0.56,1.10,2.01,2.38,2.17,23.40,15.23,1
b,2022-11-01 17:12:36.631665,-0.09,-0.85,-0.57,1.71,2.14,2.32,2.17,23.40,15.23,1
b,2022-11-01 17:12:36.631816,-0.09,-0.86,-0.57,1.59,1.95,2.32,2.17,23.40,15.23,1
b,2022-11-01 17:12:36.631985,-0.09,-0.86,-0.57,1.10,2.08,2.44,2.37,23.47,14.58,1
b,2022-11-01 17:12:36.632146,-0.09,-0.85,-0.57,1.34,2.14,2.50,2.37,23.47,14.58,1
b,2022-11-01 17:12:36.632300,-0.09,-0.86,-0.57,1.34,2.14,2.32,2.37,23.47,14.58,1
b,2022-11-01 17:12:36.632459,-0.09,-0.86,-0.57,0.92,1.83,2.50,2.33,23.39,14.22,1
b,2022-11-01 17:12:36.632609,-0.09,-0.85,-0.57,1.40,2.01,2.32,2.33,23.39,14.22,1
b,2022-11-01 17:12:36.632765,-0.09,-0.85,-0.57,0.92,1.95,2.44,2.33,23.39,14.22,1
b,2022-11-01 17:12:36.632914,-0.09,-0.86,-0.56,0.79,1.95,2.50,2.25,24.07,15.91,1
b,2022-11-01 17:12:36.633063,-0.09,-0.86,-0.57,2.50,1.77,2.20,2.25,24.07,15.91,1
b,2022-11-01 17:12:36.633218,-0.09,-0.86,-0.57,1.71,1.89,2.26,2.70,23.80,16.21,1
b,2022-11-01 17:12:36.633366,-0.09,-0.86,-0.57,1.40,1.95,2.26,2.70,23.80,16.21,1
b,2022-11-01 17:12:36.633524,-0.09,-0.86,-0.56,-0.43,2.08,2.56,2.70,23.80,16.21,1
b,2022-11-01 17:12:36.633675,-0.09,-0.86,-0.56,0.92,1.83,2.32,2.36,23.61,14.50,1
b,2022-11-01 17:12:36.633832,-0.09,-0.85,-0.56,1.71,2.08,2.26,2.36,23.61,14.50,1
b,2022-11-01 17:12:36.633984,-0.09,-0.86,-0.57,0.98,1.95,2.38,2.36,23.61,14.50,1
b,2022-11-01 17:12:36.634134,-0.09,-0.86,-0.56,0.49,2.01,2.26,2.08,23.58,15.15,1
b,2022-11-01 17:12:36.634292,-0.09,-0.86,-0.57,1.59,2.08,2.44,2.08,23.58,15.15,1
b,2022-11-01 17:12:36.634448,-0.09,-0.86,-0.56,-0.49,2.01,2.56,2.08,23.58,15.15,1
b,2022-11-01 17:12:36.634608,-0.09,-0.86,-0.57,1.77,1.89,2.20,2.26,23.65,16.10,1
b,2022-11-01 17:12:36.634762,-0.09,-0.86,-0.57,1.22,2.14,2.38,2.26,23.65,16.10,1
b,2022-11-01 17:12:36.634918,-0.09,-0.86,-0.56,0.67,2.14,2.56,2.05,24.18,15.69,1
b,2022-11-01 17:12:36.635075,-0.09,-0.86,-0.57,1.34,2.26,2.44,2.05,24.18,15.69,1
b,2022-11-01 17:12:36.635226,-0.09,-0.86,-0.57,0.92,2.14,2.56,2.05,24.18,15.69,1
b,2022-11-01 17:12:36.635394,-0.09,-0.85,-0.56,0.73,2.20,2.50,2.22,24.17,15.10,1
b,2022-11-01 17:12:36.635543,-0.09,-0.86,-0.57,1.28,2.14,2.20,2.22,24.17,15.10,1
b,2022-11-01 17:12:36.635694,-0.09,-0.86,-0.57,0.98,2.08,2.32,2.22,24.17,15.10,1
b,2022-11-01 17:12:36.635853,-0.09,-0.86,-0.56,0.67,1.95,2.50,2.45,23.77,15.65,1
b,2022-11-01 17:12:36.636003,-0.09,-0.86,-0.57,1.22,1.83,2.44,2.45,23.77,15.65,1
b,2022-11-01 17:12:36.636168,-0.09,-0.86,-0.56,0.24,2.01,2.56,2.45,23.77,15.65,1
b,2022-11-01 17:12:36.636318,-0.09,-0.85,-0.57,1.83,1.89,2.14,2.08,23.84,14.92,1
b,2022-11-01 17:12:36.636467,-0.09,-0.86,-0.56,0.18,2.01,2.50,2.08,23.84,14.92,1
b,2022-11-01 17:12:36.636635,-0.09,-0.86,-0.56,0.98,1.95,2.38,2.22,24.22,15.27,1
b,2022-11-01 17:12:36.636784,-0.09,-0.86,-0.57,0.49,2.08,2.44,2.22,24.22,15.27,1
b,2022-11-01 17:12:36.636946,-0.09,-0.86,-0.56,0.49,2.01,2.38,2.22,24.22,15.27,1
b,2022-11-01 17:12:36.637096,-0.09,-0.86,-0.56,0.85,2.01,2.44,2.37,23.80,14.27,1
b,2022-11-01 17:12:36.637250,-0.09,-0.86,-0.57,0.85,2.01,2.32,2.37,23.80,14.27,1
b,2022-11-01 17:12:36.637411,-0.09,-0.86,-0.56,0.49,2.14,2.50,2.37,23.80,14.27,1
b,2022-11-01 17:12:36.637564,-0.09,-0.85,-0.57,1.53,1.95,2.32,2.38,23.99,15.04,1
b,2022-11-01 17:12:36.637726,-0.09,-0.86,-0.57,1.10,2.01,2.44,2.38,23.99,15.04,1
b,2022-11-01 17:12:36.637878,-0.09,-0.86,-0.57,0.92,2.08,2.38,2.38,23.99,15.04,1
b,2022-11-01 17:12:36.638026,-0.09,-0.85,-0.57,1.04,1.95,2.14,2.70,23.55,16.10,1
b,2022-11-01 17:12:36.638186,-0.09,-0.86,-0.57,0.67,2.01,2.50,2.70,23.55,16.10,1
b,2022-11-01 17:12:36.638335,-0.09,-0.86,-0.57,1.04,2.08,2.69,2.67,24.19,14.44,1
b,2022-11-01 17:12:36.638497,-0.09,-0.86,-0.57,1.71,2.14,2.38,2.67,24.19,14.44,1
b,2022-11-01 17:12:36.638645,-0.09,-0.85,-0.57,0.98,2.08,2.32,2.67,24.19,14.44,1
b,2022-11-01 17:12:36.638793,-0.09,-0.86,-0.56,0.98,2.01,2.32,2.37,23.57,14.53,1
b,2022-11-01 17:12:36.638949,-0.09,-0.85,-0.57,1.16,2.08,2.26,2.37,23.57,14.53,1
b,2022-11-01 17:12:36.639097,-0.09,-0.86,-0.56,1.95,2.01,2.14,2.37,23.57,14.53,1
b,2022-11-01 17:12:36.639256,-0.09,-0.85,-0.57,2.14,1.83,2.20,2.73,23.62,16.46,1
b,2022-11-01 17:12:36.639428,-0.09,-0.85,-0.57,1.40,2.01,2.44,2.73,23.62,16.46,1
b,2022-11-01 17:12:36.639605,-0.09,-0.86,-0.56,1.16,2.01,2.44,2.73,23.62,16.46,1
b,2022-11-01 17:12:36.639770,-0.09,-0.86,-0.57,1.53,1.89,2.32,2.26,23.50,16.15,1
b,2022-11-01 17:12:36.639944,-0.09,-0.86,-0.57,0.92,2.08,2.56,2.26,23.50,16.15,1
b,2022-11-01 17:12:36.640110,-0.09,-0.86,-0.57,1.34,1.95,2.56,2.58,23.45,15.43,1
b,2022-11-01 17:12:36.640282,-0.09,-0.86,-0.57,1.40,2.14,2.32,2.58,23.45,15.43,1
b,2022-11-01 17:12:36.640450,-0.09,-0.86,-0.56,2.81,2.08,2.14,2.58,23.45,15.43,1
b,2022-11-01 17:12:36.640620,-0.09,-0.85,-0.58,4.03,1.95,2.14,2.37,23.29,14.39,1
b,2022-11-01 17:12:36.640788,-0.09,-0.85,-0.57,-0.12,2.08,2.50,2.37,23.29,14.39,1
b,2022-11-01 17:12:36.641007,-0.09,-0.85,-0.57,2.32,1.95,2.32,2.37,23.29,14.39,1
b,2022-11-01 17:12:36.641159,-0.09,-0.85,-0.57,0.98,1.95,2.38,2.53,23.65,16.35,1
b,2022-11-01 17:12:36.641328,-0.09,-0.86,-0.57,0.98,1.89,2.44,2.53,23.65,16.35,1
b,2022-11-01 17:12:36.641539,-0.09,-0.85,-0.57,2.32,2.08,2.32,2.53,23.65,16.35,1
b,2022-11-01 17:12:36.641709,-0.09,-0.85,-0.57,1.16,2.08,2.32,2.05,23.35,15.11,1
b,2022-11-01 17:12:36.641884,-0.09,-0.85,-0.57,1.71,1.95,2.38,2.05,23.35,15.11,1
b,2022-11-01 17:12:36.642055,-0.09,-0.86,-0.57,1.10,2.08,2.56,2.31,23.40,15.66,1
b,2022-11-01 17:12:36.642228,-0.09,-0.85,-0.57,1.59,1.95,2.32,2.31,23.40,15.66,1
b,2022-11-01 17:12:36.642407,-0.09,-0.85,-0.57,1.28,2.14,2.38,2.31,23.40,15.66,1
b,2022-11-01 17:12:36.642565,-0.09,-0.86,-0.57,0.79,2.01,2.50,2.91,23.57,15.45,1
b,2022-11-01 17:12:36.642778,-0.09,-0.85,-0.57,1.22,1.95,2.38,2.91,23.57,15.45,1
b,2022-11-01 17:12:36.642948,-0.09,-0.85,-0.57,1.16,2.01,2.50,2.91,23.57,15.45,1
b,2022-11-01 17:12:36.643103,-0.09,-0.85,-0.57,1.04,2.01,2.32,2.59,23.52,15.56,1
b,2022-11-01 17:12:36.643254,-0.09,-0.85,-0.57,0.85,2.01,2.44,2.59,23.52,15.56,1
b,2022-11-01 17:12:36.643413,-0.09,-0.85,-0.57,0.98,2.01,2.50,2.59,23.52,15.56,1
b,2022-11-01 17:12:36.643578,-0.09,-0.85,-0.57,0.92,2.01,2.32,2.58,23.02,14.79,1
b,2022-11-01 17:12:36.643742,-0.09,-0.85,-0.57,1.16,2.08,2.32,2.58,23.02,14.79,1
b,2022-11-01 17:12:36.643913,-0.09,-0.85,-0.57,1.34,2.14,2.20,2.49,22.73,15.28,1
b,2022-11-01 17:12:36.644065,-0.09,-0.85,-0.57,0.98,2.26,2.32,2.49,22.73,15.28,1
b,2022-11-01 17:12:36.644239,-0.09,-0.85,-0.57,0.98,2.26,2.50,2.49,22.73,15.28,1
b,2022-11-01 17:12:36.644404,-0.09,-0.85,-0.57,0.79,1.95,2.32,2.81,23.14,15.26,1
b,2022-11-01 17:12:36.644554,-0.09,-0.85,-0.57,0.92,2.14,2.38,2.81,23.14,15.26,1
b,2022-11-01 17:12:36.644711,-0.09,-0.85,-0.57,1.10,2.14,2.32,2.81,23.14,15.26,1
b,2022-11-01 17:12:36.644862,-0.09,-0.85,-0.57,1.22,1.89,2.56,2.12,23.55,14.94,1
b,2022-11-01 17:12:36.645021,-0.09,-0.85,-0.57,1.22,1.95,2.38,2.12,23.55,14.94,1
b,2022-11-01 17:12:36.645177,-0.09,-0.85,-0.57,1.34,1.95,2.44,2.12,23.55,14.94,1
b,2022-11-01 17:12:36.645326,-0.09,-0.85,-0.57,1.10,2.01,2.44,2.75,23.45,16.15,1
b,2022-11-01 17:12:36.645485,-0.09,-0.85,-0.57,1.22,2.01,2.56,2.75,23.45,16.15,1
b,2022-11-01 17:12:36.645634,-0.09,-0.85,-0.57,1.04,2.01,2.44,2.61,23.32,15.67,1
b,2022-11-01 17:12:36.645784,-0.09,-0.85,-0.57,1.04,2.01,2.32,2.61,23.32,15.67,1
b,2022-11-01 17:12:36.645942,-0.09,-0.85,-0.57,1.04,1.95,2.38,2.61,23.32,15.67,1
b,2022-11-01 17:12:36.646092,-0.09,-0.85,-0.57,1.10,2.01,2.56,2.56,23.97,15.38,1
b,2022-11-01 17:12:36.646248,-0.09,-0.85,-0.57,1.22,2.14,2.56,2.56,23.97,15.38,1
b,2022-11-01 17:12:36.646397,-0.09,-0.85,-0.57,1.22,2.01,2.44,2.56,23.97,15.38,1
b,2022-11-01 17:12:36.646545,-0.09,-0.85,-0.57,1.22,1.83,2.44,2.28,23.52,15.76,1
b,2022-11-01 17:12:36.646710,-0.09,-0.85,-0.57,1.22,2.14,2.44,2.28,23.52,15.76,1
b,2022-11-01 17:12:36.646863,-0.09,-0.85,-0.57,1.04,2.14,2.32,2.28,23.52,15.76,1
b,2022-11-01 17:12:36.647019,-0.09,-0.85,-0.57,1.04,2.08,2.26,2.64,23.66,15.86,1
b,2022-11-01 17:12:36.647173,-0.09,-0.85,-0.57,1.22,2.01,2.44,2.64,23.66,15.86,1
b,2022-11-01 17:12:36.647322,-0.09,-0.85,-0.57,1.28,2.14,2.50,2.34,23.19,15.71,1
b,2022-11-01 17:12:36.647479,-0.09,-0.85,-0.57,1.16,2.01,2.56,2.34,23.19,15.71,1
b,2022-11-01 17:12:36.647627,-0.09,-0.85,-0.57,1.10,2.08,2.38,2.34,23.19,15.71,1
b,2022-11-01 17:12:36.647803,-0.09,-0.85,-0.57,1.10,2.01,2.44,2.58,23.45,14.54,1
b,2022-11-01 17:12:36.647953,-0.09,-0.85,-0.57,1.10,2.08,2.32,2.58,23.45,14.54,1
b,2022-11-01 17:12:36.648102,-0.09,-0.85,-0.57,1.28,2.14,2.62,2.58,23.45,14.54,1
b,2022-11-01 17:12:36.648258,-0.09,-0.85,-0.57,1.16,2.01,2.56,2.71,23.11,14.92,1
b,2022-11-01 17:12:36.648410,-0.09,-0.85,-0.57,1.16,2.08,2.32,2.71,23.11,14.92,1
b,2022-11-01 17:12:36.648567,-0.09,-0.85,-0.57,1.04,2.08,2.50,2.71,23.11,14.92,1
b,2022-11-01 17:12:36.648721,-0.09,-0.85,-0.57,0.79,2.20,2.32,2.82,23.56,16.28,1
b,2022-11-01 17:12:36.648871,-0.09,-0.85,-0.57,1.04,2.14,2.32,2.82,23.56,16.28,1
b,2022-11-01 17:12:36.649033,-0.09,-0.85,-0.57,1.04,2.20,2.56,2.89,23.61,15.59,1
b,2022-11-01 17:12:36.649183,-0.09,-0.85,-0.57,1.34,1.89,2.32,2.89,23.61,15.59,1
b,2022-11-01 17:12:36.649338,-0.09,-0.85,-0.57,1.04,2.08,2.38,2.89,23.61,15.59,1
b,2022-11-01 17:12:36.649486,-0.10,-0.85,-0.57,0.98,2.14,2.56,3.26,23.68,13.21,1
b,2022-11-01 17:12:36.649637,-0.08,-0.85,-0.57,1.59,2.14,2.56,3.26,23.68,13.21,1
b,2022-11-01 17:12:36.649793,-0.10,-0.85,-0.56,0.24,2.08,2.62,3.26,23.68,13.21,1
b,2022-11-01 17:12:36.649942,-0.09,-0.85,-0.57,0.43,1.83,2.38,2.56,23.27,15.54,1
b,2022-11-01 17:12:36.650099,-0.09,-0.86,-0.57,1.83,2.08,2.44,2.56,23.27,15.54,1
b,2022-11-01 17:12:36.650247,-0.09,-0.85,-0.57,0.92,2.08,2.44,2.76,23.73,14.37,1
b,2022-11-01 17:12:36.650410,-0.09,-0.85,-0.57,1.65,1.83,2.32,2.76,23.73,14.37,1
b,2022-11-01 17:12:36.650567,-0.09,-0.85,-0.57,0.37,2.01,2.50,2.76,23.73,14.37,1
b,2022-11-01 17:12:36.650716,-0.09,-0.85,-0.57,1.59,1.95,2.32,2.98,23.54,14.99,1
b,2022-11-01 17:12:36.650873,-0.09,-0.85,-0.57,0.67,2.20,2.44,2.98,23.54,14.99,1
b,2022-11-01 17:12:36.651023,-0.09,-0.85,-0.57,1.65,2.08,2.56,2.98,23.54,14.99,1
b,2022-11-01 17:12:36.651174,-0.09,-0.85,-0.56,0.79,1.89,2.38,2.67,23.52,13.17,1
b,2022-11-01 17:12:36.651332,-0.09,-0.85,-0.57,1.40,2.01,2.50,2.67,23.52,13.17,1
b,2022-11-01 17:12:36.651485,-0.09,-0.85,-0.57,1.77,1.89,2.38,2.67,23.52,13.17,1
b,2022-11-01 17:12:36.651648,-0.09,-0.85,-0.57,0.43,2.14,2.32,2.69,23.55,14.89,1
b,2022-11-01 17:12:36.651799,-0.09,-0.85,-0.57,1.65,2.08,2.44,2.69,23.55,14.89,1
b,2022-11-01 17:12:36.651951,-0.09,-0.85,-0.57,0.73,2.14,2.50,3.08,23.54,15.76,1
b,2022-11-01 17:12:36.652110,-0.09,-0.85,-0.57,1.53,1.89,2.32,3.08,23.54,15.76,1
b,2022-11-01 17:12:36.652259,-0.09,-0.85,-0.57,1.04,2.08,2.62,3.08,23.54,15.76,1
b,2022-11-01 17:12:36.652416,-0.09,-0.85,-0.57,1.59,2.01,2.50,2.67,23.23,14.90,1
b,2022-11-01 17:12:36.652565,-0.09,-0.85,-0.57,1.04,2.08,2.56,2.67,23.23,14.90,1
b,2022-11-01 17:12:36.652726,-0.09,-0.85,-0.57,1.34,2.08,2.44,2.67,23.23,14.90,1
b,2022-11-01 17:12:36.652877,-0.09,-0.85,-0.57,1.28,2.08,2.50,3.25,23.14,15.76,1
b,2022-11-01 17:12:36.653033,-0.09,-0.85,-0.57,0.98,2.08,2.56,3.25,23.14,15.76,1
b,2022-11-01 17:12:36.653195,-0.09,-0.85,-0.57,1.53,2.01,2.44,3.25,23.14,15.76,1
b,2022-11-01 17:12:36.653345,-0.09,-0.85,-0.57,0.79,2.14,2.32,2.84,23.45,14.84,1
b,2022-11-01 17:12:36.653499,-0.09,-0.85,-0.57,0.92,2.08,2.62,2.84,23.45,14.84,1
b,2022-11-01 17:12:36.653653,-0.09,-0.85,-0.57,1.04,2.01,2.32,3.08,23.29,15.48,1
b,2022-11-01 17:12:36.653800,-0.09,-0.85,-0.57,0.73,2.14,2.56,3.08,23.29,15.48,1
b,2022-11-01 17:12:36.653962,-0.09,-0.85,-0.57,0.92,2.01,2.44,3.08,23.29,15.48,1
b,2022-11-01 17:12:36.654112,-0.09,-0.85,-0.57,0.79,2.08,2.38,2.86,23.02,14.99,1
b,2022-11-01 17:12:36.654264,-0.09,-0.85,-0.57,1.28,2.14,2.50,2.86,23.02,14.99,1
b,2022-11-01 17:12:36.654415,-0.09,-0.85,-0.57,1.10,2.08,2.44,2.86,23.02,14.99,1
b,2022-11-01 17:12:36.654565,-0.09,-0.86,-0.57,0.37,2.14,2.56,3.15,22.94,14.98,1
b,2022-11-01 17:12:36.654720,-0.09,-0.85,-0.57,2.01,2.01,2.44,3.15,22.94,14.98,1
b,2022-11-01 17:12:36.654870,-0.09,-0.86,-0.57,1.34,2.01,2.32,3.15,22.94,14.98,1
b,2022-11-01 17:12:36.655022,-0.09,-0.85,-0.57,2.75,2.08,2.14,2.05,22.57,14.71,1
b,2022-11-01 17:12:36.655175,-0.09,-0.85,-0.57,3.91,2.01,2.08,2.05,22.57,14.71,1
b,2022-11-01 17:12:36.655323,-0.09,-0.85,-0.57,2.81,2.01,2.20,3.48,23.30,15.66,1
b,2022-11-01 17:12:36.655486,-0.09,-0.85,-0.57,0.98,2.01,2.44,3.48,23.30,15.66,1
b,2022-11-01 17:12:36.655634,-0.09,-0.85,-0.57,1.10,2.01,2.62,3.48,23.30,15.66,1
b,2022-11-01 17:12:36.655794,-0.09,-0.85,-0.57,1.10,2.14,2.26,2.91,23.17,16.19,1
b,2022-11-01 17:12:36.655944,-0.09,-0.85,-0.57,0.92,1.95,2.44,2.91,23.17,16.19,1
b,2022-11-01 17:12:36.656092,-0.09,-0.85,-0.57,1.22,2.08,2.44,2.91,23.17,16.19,1
b,2022-11-01 17:12:36.656244,-0.09,-0.85,-0.57,1.28,2.01,2.32,2.76,23.39,15.55,1
b,2022-11-01 17:12:36.656393,-0.09,-0.85,-0.57,1.59,1.83,2.44,2.76,23.39,15.55,1
b,2022-11-01 17:12:36.656549,-0.09,-0.85,-0.57,3.48,2.08,2.14,2.76,23.39,15.55,1
b,2022-11-01 17:12:36.656697,-0.09,-0.85,-0.57,4.33,1.83,1.89,2.86,22.73,14.50,1
b,2022-11-01 17:12:36.656846,-0.09,-0.85,-0.58,2.99,2.14,2.20,2.86,22.73,14.50,1
b,2022-11-01 17:12:36.657008,-0.09,-0.85,-0.57,3.05,1.95,2.08,2.25,23.22,15.26,1
b,2022-11-01 17:12:36.657179,-0.09,-0.85,-0.58,2.44,2.01,2.26,2.25,23.22,15.26,1
b,2022-11-01 17:12:36.657349,-0.09,-0.85,-0.57,0.98,1.95,2.44,2.25,23.22,15.26,1
b,2022-11-01 17:12:36.657516,-0.09,-0.85,-0.58,1.83,1.95,2.44,2.75,23.05,15.66,1
b,2022-11-01 17:12:36.657692,-0.09,-0.85,-0.57,0.37,2.08,2.38,2.75,23.05,15.66,1
b,2022-11-01 17:12:36.657853,-0.09,-0.85,-0.57,4.09,1.83,2.14,2.75,23.05,15.66,1
b,2022-11-01 17:12:36.658032,-0.09,-0.85,-0.58,4.88,1.71,1.77,3.45,23.14,15.63,1
b,2022-11-01 17:12:36.658221,-0.09,-0.85,-0.57,3.60,2.01,1.95,3.45,23.14,15.63,1
b,2022-11-01 17:12:36.658389,-0.09,-0.85,-0.57,10.93,1.71,1.04,3.45,23.14,15.63,1
b,2022-11-01 17:12:36.658578,-0.09,-0.83,-0.62,13.49,-0.92,-1.04,2.65,22.63,15.58,1
b,2022-11-01 17:12:36.658756,-0.10,-0.84,-0.60,-9.95,-4.46,-0.98,2.65,22.63,15.58,1
b,2022-11-01 17:12:36.658956,-0.09,-0.85,-0.55,-12.08,-2.26,0.67,3.39,22.90,15.06,1
b,2022-11-01 17:12:36.659136,-0.09,-0.85,-0.57,3.60,1.89,1.83,3.39,22.90,15.06,1
b,2022-11-01 17:12:36.659307,-0.09,-0.85,-0.58,8.85,1.83,1.34,3.39,22.90,15.06,1
b,2022-11-01 17:12:36.659477,-0.09,-0.84,-0.59,5.07,1.89,1.83,3.55,22.73,14.09,1
b,2022-11-01 17:12:36.659646,-0.09,-0.85,-0.58,-0.31,2.08,2.56,3.55,22.73,14.09,1
b,2022-11-01 17:12:36.659811,-0.09,-0.85,-0.58,3.23,1.89,2.01,3.55,22.73,14.09,1
b,2022-11-01 17:12:36.660009,-0.09,-0.84,-0.59,2.93,1.95,2.32,3.10,22.74,14.89,1
b,2022-11-01 17:12:36.660181,-0.09,-0.85,-0.58,-0.79,2.08,2.69,3.10,22.74,14.89,1
b,2022-11-01 17:12:36.660351,-0.09,-0.85,-0.58,0.43,1.95,2.44,3.10,22.74,14.89,1
b,2022-11-01 17:12:36.660531,-0.09,-0.84,-0.58,1.53,2.14,2.26,3.11,22.79,16.59,1
b,2022-11-01 17:12:36.660683,-0.09,-0.84,-0.58,4.39,2.14,2.01,3.11,22.79,16.59,1
b,2022-11-01 17:12:36.660879,-0.09,-0.84,-0.58,2.69,2.01,2.08,2.72,22.86,15.82,1
b,2022-11-01 17:12:36.661048,-0.09,-0.85,-0.58,1.40,2.08,2.08,2.72,22.86,15.82,1
b,2022-11-01 17:12:36.661225,-0.09,-0.84,-0.58,2.69,2.01,2.20,2.72,22.86,15.82,1
b,2022-11-01 17:12:36.661386,-0.09,-0.84,-0.58,2.32,1.89,2.14,3.11,22.33,15.83,1
b,2022-11-01 17:12:36.661572,-0.09,-0.84,-0.58,0.67,2.08,2.50,3.11,22.33,15.83,1
b,2022-11-01 17:12:36.661729,-0.09,-0.84,-0.58,0.92,1.95,2.44,3.11,22.33,15.83,1
b,2022-11-01 17:12:36.661897,-0.09,-0.84,-0.58,0.98,2.01,2.32,2.61,22.96,15.16,1
b,2022-11-01 17:12:36.662070,-0.09,-0.84,-0.58,1.83,1.89,2.32,2.61,22.96,15.16,1
b,2022-11-01 17:12:36.662219,-0.09,-0.84,-0.58,1.40,2.08,2.26,2.61,22.96,15.16,1
b,2022-11-01 17:12:36.662371,-0.09,-0.84,-0.58,4.64,1.77,1.95,2.83,22.53,15.23,1
b,2022-11-01 17:12:36.662531,-0.09,-0.84,-0.59,2.32,1.89,2.14,2.83,22.53,15.23,1
b,2022-11-01 17:12:36.662688,-0.09,-0.84,-0.58,-0.61,1.89,2.56,2.99,22.57,16.49,1
b,2022-11-01 17:12:36.662846,-0.09,-0.85,-0.57,0.92,1.95,2.38,2.99,22.57,16.49,1
b,2022-11-01 17:12:36.662994,-0.09,-0.84,-0.59,4.64,1.83,2.14,2.99,22.57,16.49,1
b,2022-11-01 17:12:36.663143,-0.09,-0.84,-0.59,1.59,1.95,2.32,2.91,22.68,16.20,1
b,2022-11-01 17:12:36.663302,-0.09,-0.84,-0.58,0.67,1.95,2.50,2.91,22.68,16.20,1
b,2022-11-01 17:12:36.663453,-0.09,-0.84,-0.59,2.44,1.95,2.14,2.91,22.68,16.20,1
b,2022-11-01 17:12:36.663610,-0.09,-0.84,-0.59,1.16,1.95,2.44,2.97,21.72,15.59,1
b,2022-11-01 17:12:36.663759,-0.09,-0.84,-0.58,0.24,2.08,2.38,2.97,21.72,15.59,1
b,2022-11-01 17:12:36.663908,-0.09,-0.84,-0.58,1.71,2.08,2.50,2.97,21.72,15.59,1
b,2022-11-01 17:12:36.664068,-0.09,-0.84,-0.59,1.28,2.08,2.44,3.22,21.97,15.34,1
b,2022-11-01 17:12:36.664218,-0.09,-0.84,-0.59,1.16,2.08,2.32,3.22,21.97,15.34,1
b,2022-11-01 17:12:36.664375,-0.09,-0.84,-0.59,1.46,1.95,2.38,2.97,22.23,14.90,1
b,2022-11-01 17:12:36.664525,-0.09,-0.84,-0.59,1.10,1.77,2.38,2.97,22.23,14.90,1
b,2022-11-01 17:12:36.664675,-0.09,-0.84,-0.59,1.16,2.20,2.26,2.97,22.23,14.90,1
b,2022-11-01 17:12:36.664833,-0.09,-0.84,-0.59,1.04,2.14,2.56,2.99,22.80,14.81,1
b,2022-11-01 17:12:36.664982,-0.09,-0.84,-0.59,1.34,2.14,2.50,2.99,22.80,14.81,1
b,2022-11-01 17:12:36.665142,-0.09,-0.84,-0.59,1.46,2.14,2.44,2.99,22.80,14.81,1
b,2022-11-01 17:12:36.665292,-0.09,-0.84,-0.59,1.46,2.26,2.50,3.08,22.20,15.20,1
b,2022-11-01 17:12:36.665440,-0.09,-0.84,-0.59,1.28,2.01,2.62,3.08,22.20,15.20,1
b,2022-11-01 17:12:36.665607,-0.09,-0.84,-0.59,1.10,2.08,2.56,3.08,22.20,15.20,1
b,2022-11-01 17:12:36.665760,-0.09,-0.84,-0.59,0.98,1.95,2.01,3.09,22.25,15.45,1
b,2022-11-01 17:12:36.665916,-0.09,-0.84,-0.59,1.16,2.01,2.44,3.09,22.25,15.45,1
b,2022-11-01 17:12:36.666066,-0.09,-0.84,-0.59,1.04,2.08,2.44,3.31,22.77,16.32,1
b,2022-11-01 17:12:36.666219,-0.09,-0.84,-0.59,1.16,2.01,2.38,3.31,22.77,16.32,1
b,2022-11-01 17:12:36.666376,-0.09,-0.84,-0.59,1.34,1.83,2.44,3.31,22.77,16.32,1
b,2022-11-01 17:12:36.666525,-0.09,-0.84,-0.59,1.22,1.89,2.50,3.28,22.22,14.84,1
b,2022-11-01 17:12:36.666680,-0.09,-0.84,-0.59,1.04,2.01,2.50,3.28,22.22,14.84,1
b,2022-11-01 17:12:36.666832,-0.09,-0.84,-0.59,0.98,2.08,2.44,3.28,22.22,14.84,1
b,2022-11-01 17:12:36.666981,-0.09,-0.84,-0.59,1.16,1.77,2.26,2.20,22.57,16.43,1
b,2022-11-01 17:12:36.667135,-0.09,-0.84,-0.59,1.28,1.95,2.44,2.20,22.57,16.43,1
b,2022-11-01 17:12:36.667282,-0.09,-0.84,-0.59,0.92,2.01,2.38,2.20,22.57,16.43,1
b,2022-11-01 17:12:36.667436,-0.09,-0.84,-0.59,0.92,2.08,2.20,3.06,22.55,16.49,1
b,2022-11-01 17:12:36.667586,-0.09,-0.84,-0.59,0.92,2.01,2.26,3.06,22.55,16.49,1
b,2022-11-01 17:12:36.667738,-0.09,-0.84,-0.59,0.98,2.01,2.44,3.10,22.33,16.26,1
b,2022-11-01 17:12:36.667899,-0.09,-0.84,-0.58,0.98,1.95,2.44,3.10,22.33,16.26,1
b,2022-11-01 17:12:36.668054,-0.09,-0.84,-0.59,1.22,1.95,2.44,3.10,22.33,16.26,1
b,2022-11-01 17:12:36.668213,-0.09,-0.84,-0.59,1.10,2.08,2.32,2.92,22.86,14.65,1
b,2022-11-01 17:12:36.668365,-0.09,-0.84,-0.59,1.04,2.01,2.38,2.92,22.86,14.65,1
b,2022-11-01 17:12:36.668514,-0.09,-0.84,-0.59,1.04,2.08,2.50,2.92,22.86,14.65,1
b,2022-11-01 17:12:36.668670,-0.09,-0.84,-0.59,0.92,1.89,2.38,3.39,22.79,15.33,1
b,2022-11-01 17:12:36.668818,-0.09,-0.84,-0.59,1.04,2.14,2.44,3.39,22.79,15.33,1
b,2022-11-01 17:12:36.668978,-0.09,-0.84,-0.59,0.85,2.08,2.32,3.39,22.79,15.33,1
b,2022-11-01 17:12:36.669127,-0.09,-0.84,-0.59,0.98,1.89,2.32,2.62,22.40,15.83,1
b,2022-11-01 17:12:36.669275,-0.09,-0.84,-0.58,1.53,1.95,2.38,2.62,22.40,15.83,1
b,2022-11-01 17:12:36.669434,-0.09,-0.84,-0.59,1.40,2.01,2.50,3.14,22.79,15.42,1
b,2022-11-01 17:12:36.669582,-0.09,-0.84,-0.59,1.46,1.89,2.32,3.14,22.79,15.42,1
b,2022-11-01 17:12:36.669746,-0.09,-0.84,-0.59,1.16,1.95,2.26,3.14,22.79,15.42,1
b,2022-11-01 17:12:36.669894,-0.09,-0.84,-0.59,1.10,1.89,2.38,3.11,22.67,14.70,1
b,2022-11-01 17:12:36.670043,-0.09,-0.84,-0.59,0.85,2.14,2.32,3.11,22.67,14.70,1
b,2022-11-01 17:12:36.670205,-0.09,-0.84,-0.58,0.49,1.95,2.32,3.11,22.67,14.70,1
b,2022-11-01 17:12:36.670355,-0.09,-0.84,-0.59,1.77,1.89,2.20,3.33,22.56,14.89,1
b,2022-11-01 17:12:36.670514,-0.09,-0.84,-0.58,0.12,2.01,2.44,3.33,22.56,14.89,1
b,2022-11-01 17:12:36.670671,-0.09,-0.84,-0.59,1.77,1.77,2.26,3.33,22.56,14.89,1
b,2022-11-01 17:12:36.670823,-0.09,-0.84,-0.59,1.16,2.08,2.32,2.62,22.49,15.63,1
b,2022-11-01 17:12:36.670978,-0.09,-0.84,-0.59,0.67,1.95,2.62,2.62,22.49,15.63,1
b,2022-11-01 17:12:36.671128,-0.09,-0.84,-0.59,1.22,2.01,2.38,2.91,21.91,15.19,1
b,2022-11-01 17:12:36.671289,-0.09,-0.84,-0.59,0.85,1.89,2.44,2.91,21.91,15.19,1
b,2022-11-01 17:12:36.671440,-0.09,-0.84,-0.59,0.92,2.14,2.50,2.91,21.91,15.19,1
b,2022-11-01 17:12:36.671592,-0.09,-0.84,-0.59,1.34,1.95,2.56,2.92,22.69,16.46,1
b,2022-11-01 17:12:36.671752,-0.09,-0.84,-0.59,0.85,2.20,2.32,2.92,22.69,16.46,1
b,2022-11-01 17:12:36.671912,-0.09,-0.84,-0.59,0.79,2.14,2.32,2.92,22.69,16.46,1
b,2022-11-01 17:12:36.672073,-0.09,-0.84,-0.59,0.92,1.95,2.56,3.00,22.33,16.42,1
b,2022-11-01 17:12:36.672223,-0.09,-0.84,-0.59,0.79,1.95,2.44,3.00,22.33,16.42,1
b,2022-11-01 17:12:36.672373,-0.09,-0.84,-0.59,1.10,2.14,2.38,3.00,22.33,16.42,1
b,2022-11-01 17:12:36.672533,-0.09,-0.84,-0.59,1.16,2.14,2.44,3.04,23.21,17.24,1
b,2022-11-01 17:12:36.672686,-0.09,-0.84,-0.59,1.40,2.08,2.50,3.04,23.21,17.24,1
b,2022-11-01 17:12:36.672848,-0.09,-0.84,-0.59,1.28,2.08,2.44,3.31,22.55,14.49,1
b,2022-11-01 17:12:36.673016,-0.09,-0.84,-0.59,0.98,2.01,2.38,3.31,22.55,14.49,1
b,2022-11-01 17:12:36.673166,-0.09,-0.84,-0.59,0.98,2.01,2.44,3.31,22.55,14.49,1
b,2022-11-01 17:12:36.673324,-0.09,-0.84,-0.59,0.98,2.01,2.44,3.33,22.86,15.60,1
b,2022-11-01 17:12:36.673475,-0.09,-0.84,-0.59,1.22,1.95,2.50,3.33,22.86,15.60,1
b,2022-11-01 17:12:36.673630,-0.09,-0.84,-0.59,1.22,2.20,2.38,3.33,22.86,15.60,1
b,2022-11-01 17:12:36.673781,-0.09,-0.84,-0.59,1.10,2.01,2.44,3.30,22.77,16.67,1
b,2022-11-01 17:12:36.673930,-0.09,-0.84,-0.59,1.16,2.14,2.56,3.30,22.77,16.67,1
b,2022-11-01 17:12:36.674088,-0.09,-0.84,-0.59,1.04,1.95,2.38,3.30,22.77,16.67,1
b,2022-11-01 17:12:36.674238,-0.09,-0.84,-0.59,0.73,2.08,2.32,2.78,22.96,15.97,1
b,2022-11-01 17:12:36.674395,-0.09,-0.84,-0.59,0.98,2.08,2.62,2.78,22.96,15.97,1
b,2022-11-01 17:12:36.674545,-0.09,-0.84,-0.59,0.98,1.89,2.26,3.21,22.29,16.41,1
b,2022-11-01 17:12:36.674698,-0.09,-0.84,-0.59,0.92,2.08,2.32,3.21,22.29,16.41,1
b,2022-11-01 17:12:36.674856,-0.09,-0.84,-0.59,0.98,2.14,2.38,3.21,22.29,16.41,1
b,2022-11-01 17:12:36.675008,-0.09,-0.84,-0.59,0.98,2.08,2.50,3.08,22.74,16.99,1
b,2022-11-01 17:12:36.675168,-0.09,-0.84,-0.59,1.04,1.83,2.38,3.08,22.74,16.99,1
b,2022-11-01 17:12:36.675316,-0.09,-0.84,-0.59,0.67,2.01,2.26,3.08,22.74,16.99,1
b,2022-11-01 17:12:36.675467,-0.09,-0.84,-0.58,0.98,2.08,2.26,3.12,22.56,15.70,1
b,2022-11-01 17:12:36.675622,-0.09,-0.84,-0.59,1.22,1.95,2.50,3.12,22.56,15.70,1
b,2022-11-01 17:12:36.675771,-0.09,-0.84,-0.59,1.28,2.14,2.32,3.12,22.56,15.70,1
b,2022-11-01 17:12:36.675928,-0.09,-0.84,-0.59,0.79,2.01,2.32,2.77,22.05,15.10,1
b,2022-11-01 17:12:36.676075,-0.09,-0.84,-0.59,0.85,2.08,2.20,2.77,22.05,15.10,1
b,2022-11-01 17:12:36.676229,-0.09,-0.84,-0.58,0.67,2.08,2.44,3.49,22.68,16.03,1
b,2022-11-01 17:12:36.676412,-0.09,-0.84,-0.58,1.10,2.01,2.50,3.49,22.68,16.03,1
b,2022-11-01 17:12:36.676564,-0.09,-0.84,-0.58,1.04,2.08,2.44,3.49,22.68,16.03,1
b,2022-11-01 17:12:36.676737,-0.09,-0.84,-0.58,1.10,2.01,2.56,3.10,23.18,16.49,1
b,2022-11-01 17:12:36.676911,-0.09,-0.84,-0.59,1.28,2.01,2.44,3.10,23.18,16.49,1
b,2022-11-01 17:12:36.677080,-0.09,-0.84,-0.59,1.16,2.01,2.38,3.10,23.18,16.49,1
b,2022-11-01 17:12:36.677238,-0.09,-0.84,-0.59,1.16,2.01,2.44,3.48,22.61,16.27,1
b,2022-11-01 17:12:36.677412,-0.09,-0.84,-0.59,0.98,2.26,2.38,3.48,22.61,16.27,1
b,2022-11-01 17:12:36.677588,-0.09,-0.84,-0.58,0.85,2.20,2.44,3.48,22.61,16.27,1
b,2022-11-01 17:12:36.677751,-0.09,-0.84,-0.59,1.28,1.95,2.38,2.65,22.86,16.19,1
b,2022-11-01 17:12:36.677958,-0.09,-0.84,-0.59,1.16,2.08,2.50,2.65,22.86,16.19,1
b,2022-11-01 17:12:36.678126,-0.09,-0.84,-0.59,1.59,2.08,2.44,2.97,22.73,16.54,1
b,2022-11-01 17:12:36.678295,-0.09,-0.84,-0.59,1.28,2.01,2.50,2.97,22.73,16.54,1
b,2022-11-01 17:12:36.678511,-0.09,-0.84,-0.59,0.73,2.14,2.50,2.97,22.73,16.54,1
b,2022-11-01 17:12:36.678697,-0.09,-0.84,-0.59,1.34,2.08,2.50,2.95,22.78,15.27,1
b,2022-11-01 17:12:36.678868,-0.09,-0.84,-0.59,0.79,1.95,2.50,2.95,22.78,15.27,1
b,2022-11-01 17:12:36.679031,-0.09,-0.84,-0.58,1.46,2.01,2.50,2.95,22.78,15.27,1
b,2022-11-01 17:12:36.679208,-0.09,-0.84,-0.59,1.04,2.01,2.44,3.54,22.94,14.72,1
b,2022-11-01 17:12:36.679382,-0.09,-0.84,-0.59,0.85,2.08,2.44,3.54,22.94,14.72,1
b,2022-11-01 17:12:36.679549,-0.09,-0.84,-0.59,1.22,1.95,2.32,3.54,22.94,14.72,1
b,2022-11-01 17:12:36.679723,-0.09,-0.84,-0.59,0.98,1.89,2.38,2.81,22.57,15.16,1
b,2022-11-01 17:12:36.679886,-0.09,-0.84,-0.59,0.98,2.01,2.44,2.81,22.57,15.16,1
b,2022-11-01 17:12:36.680051,-0.09,-0.84,-0.59,1.10,1.89,2.50,3.38,22.67,16.22,1
b,2022-11-01 17:12:36.680216,-0.09,-0.84,-0.59,1.22,2.08,2.44,3.38,22.67,16.22,1
b,2022-11-01 17:12:36.680366,-0.09,-0.84,-0.59,1.28,1.95,2.56,3.38,22.67,16.22,1
b,2022-11-01 17:12:36.680537,-0.09,-0.84,-0.59,1.04,1.95,2.26,3.09,22.97,15.21,1
b,2022-11-01 17:12:36.680714,-0.09,-0.84,-0.59,0.98,1.95,2.32,3.09,22.97,15.21,1
b,2022-11-01 17:12:36.680875,-0.09,-0.84,-0.59,1.16,1.95,2.32,3.09,22.97,15.21,1
b,2022-11-01 17:12:36.681102,-0.09,-0.84,-0.59,0.98,1.95,2.26,3.17,23.08,15.65,1
b,2022-11-01 17:12:36.681253,-0.09,-0.84,-0.59,0.98,2.01,2.38,3.17,23.08,15.65,1
b,2022-11-01 17:12:36.681413,-0.09,-0.84,-0.59,1.34,2.01,2.44,3.17,23.08,15.65,1
b,2022-11-01 17:12:36.681563,-0.09,-0.84,-0.59,1.34,1.83,2.20,3.04,23.29,16.75,1
b,2022-11-01 17:12:36.681712,-0.09,-0.84,-0.59,1.22,1.95,2.32,3.04,23.29,16.75,1
b,2022-11-01 17:12:36.681870,-0.09,-0.84,-0.59,1.28,2.01,2.32,2.95,23.14,16.46,1
b,2022-11-01 17:12:36.682021,-0.09,-0.84,-0.59,1.10,2.01,2.32,2.95,23.14,16.46,1
b,2022-11-01 17:12:36.682180,-0.09,-0.84,-0.59,1.16,1.95,2.38,2.95,23.14,16.46,1
b,2022-11-01 17:12:36.682332,-0.09,-0.84,-0.59,0.98,2.08,2.38,3.55,22.41,15.05,1
b,2022-11-01 17:12:36.682482,-0.09,-0.84,-0.59,1.22,1.89,2.38,3.55,22.41,15.05,1
b,2022-11-01 17:12:36.682636,-0.09,-0.84,-0.59,0.92,1.83,2.32,3.55,22.41,15.05,1
b,2022-11-01 17:12:36.682785,-0.09,-0.84,-0.59,1.10,2.01,2.26,3.59,22.13,16.41,1
b,2022-11-01 17:12:36.682938,-0.09,-0.84,-0.59,1.40,1.95,2.38,3.59,22.13,16.41,1
b,2022-11-01 17:12:36.683088,-0.09,-0.84,-0.59,0.98,2.01,2.38,3.59,22.13,16.41,1
b,2022-11-01 17:12:36.683235,-0.09,-0.84,-0.59,1.16,1.89,2.38,2.83,22.68,17.48,1
b,2022-11-01 17:12:36.683393,-0.09,-0.84,-0.59,1.10,1.83,2.26,2.83,22.68,17.48,1
b,2022-11-01 17:12:36.683541,-0.09,-0.84,-0.59,1.04,1.89,2.38,2.88,23.40,15.76,1
b,2022-11-01 17:12:36.683716,-0.09,-0.84,-0.59,0.92,1.83,2.26,2.88,23.40,15.76,1
b,2022-11-01 17:12:36.683866,-0.09,-0.84,-0.59,0.92,2.08,2.20,2.88,23.40,15.76,1
b,2022-11-01 17:12:36.684023,-0.09,-0.84,-0.59,0.92,1.95,2.20,3.08,22.39,15.50,1
b,2022-11-01 17:12:36.684172,-0.09,-0.84,-0.59,1.16,1.95,2.38,3.08,22.39,15.50,1
b,2022-11-01 17:12:36.684322,-0.09,-0.84,-0.59,1.16,2.08,2.56,3.08,22.39,15.50,1
b,2022-11-01 17:12:36.684477,-0.09,-0.84,-0.59,0.85,1.89,2.44,2.76,22.52,15.64,1
b,2022-11-01 17:12:36.684628,-0.09,-0.84,-0.59,1.16,2.01,2.50,2.76,22.52,15.64,1
b,2022-11-01 17:12:36.684786,-0.09,-0.84,-0.59,0.73,2.08,2.26,2.76,22.52,15.64,1
b,2022-11-01 17:12:36.684937,-0.09,-0.84,-0.59,1.10,1.95,2.50,2.69,22.49,16.66,1
b,2022-11-01 17:12:36.685089,-0.09,-0.84,-0.59,1.10,1.95,2.44,2.69,22.49,16.66,1
b,2022-11-01 17:12:36.685248,-0.09,-0.84,-0.59,1.10,2.20,2.56,3.44,23.32,15.84,1
b,2022-11-01 17:12:36.685397,-0.09,-0.84,-0.59,1.04,2.01,2.26,3.44,23.32,15.84,1
b,2022-11-01 17:12:36.685561,-0.09,-0.84,-0.59,1.16,2.08,2.56,3.44,23.32,15.84,1
b,2022-11-01 17:12:36.685711,-0.09,-0.84,-0.59,0.98,2.01,2.38,2.97,22.41,15.63,1
b,2022-11-01 17:12:36.685864,-0.09,-0.84,-0.59,1.22,2.08,2.44,2.97,22.41,15.63,1
b,2022-11-01 17:12:36.686028,-0.09,-0.84,-0.59,1.46,1.95,2.38,2.97,22.41,15.63,1
b,2022-11-01 17:12:36.686177,-0.09,-0.84,-0.59,1.10,1.95,2.26,2.92,22.31,15.09,1
b,2022-11-01 17:12:36.686336,-0.09,-0.84,-0.59,1.16,1.95,2.38,2.92,22.31,15.09,1
b,2022-11-01 17:12:36.686484,-0.09,-0.84,-0.59,1.28,1.83,2.56,2.92,22.31,15.09,1
b,2022-11-01 17:12:36.686632,-0.09,-0.84,-0.58,1.10,1.95,2.26,3.37,22.73,17.63,1
b,2022-11-01 17:12:36.686792,-0.09,-0.84,-0.59,1.59,2.01,2.20,3.37,22.73,17.63,1
b,2022-11-01 17:12:36.686941,-0.09,-0.84,-0.59,0.73,2.14,2.50,3.16,22.56,16.36,1
b,2022-11-01 17:12:36.687090,-0.09,-0.84,-0.59,0.67,2.01,2.26,3.16,22.56,16.36,1
b,2022-11-01 17:12:36.687245,-0.09,-0.84,-0.58,0.92,1.95,2.38,3.16,22.56,16.36,1
b,2022-11-01 17:12:36.687397,-0.09,-0.84,-0.59,1.59,1.95,2.38,3.41,21.78,15.36,1
b,2022-11-01 17:12:36.687550,-0.09,-0.84,-0.59,1.40,2.14,2.26,3.41,21.78,15.36,1
b,2022-11-01 17:12:36.687701,-0.09,-0.84,-0.59,1.16,2.01,2.44,3.41,21.78,15.36,1
b,2022-11-01 17:12:36.687850,-0.09,-0.84,-0.59,0.79,2.01,2.44,2.78,22.66,16.27,1
b,2022-11-01 17:12:36.687999,-0.09,-0.84,-0.58,0.85,2.14,2.62,2.78,22.66,16.27,1
b,2022-11-01 17:12:36.688149,-0.09,-0.84,-0.59,1.53,2.08,2.38,2.78,22.66,16.27,1
b,2022-11-01 17:12:36.688302,-0.09,-0.84,-0.59,0.98,2.08,2.26,3.14,22.17,16.21,1
b,2022-11-01 17:12:36.688459,-0.09,-0.84,-0.59,1.34,2.14,2.44,3.14,22.17,16.21,1
b,2022-11-01 17:12:36.688608,-0.09,-0.84,-0.59,1.10,1.95,2.38,2.67,22.52,15.72,1
b,2022-11-01 17:12:36.688755,-0.09,-0.84,-0.59,1.04,1.95,2.56,2.67,22.52,15.72,1
b,2022-11-01 17:12:36.688928,-0.09,-0.84,-0.59,1.04,2.08,2.50,2.67,22.52,15.72,1
b,2022-11-01 17:12:36.689079,-0.09,-0.84,-0.58,0.92,1.95,2.50,3.27,22.58,15.69,1
b,2022-11-01 17:12:36.689229,-0.09,-0.84,-0.59,1.40,2.08,2.38,3.27,22.58,15.69,1
b,2022-11-01 17:12:36.689378,-0.09,-0.84,-0.59,0.92,2.08,2.50,3.27,22.58,15.69,1
b,2022-11-01 17:12:36.689533,-0.09,-0.84,-0.59,1.46,2.01,2.26,2.75,22.16,15.58,1
b,2022-11-01 17:12:36.699119,-0.09,-0.84,-0.59,1.46,2.08,2.44,2.75,22.16,15.58,1
b,2022-11-01 17:12:36.717024,-0.09,-0.84,-0.59,1.34,1.95,2.38,2.75,22.16,15.58,1
b,2022-11-01 17:12:36.736238,-0.09,-0.84,-0.59,1.16,2.01,2.32,2.92,22.39,16.15,1
b,2022-11-01 17:12:36.754120,-0.09,-0.84,-0.59,1.16,1.95,2.50,2.92,22.39,16.15,1
b,2022-11-01 17:12:36.773224,-0.09,-0.84,-0.59,1.28,2.01,2.56,2.75,22.38,15.72,1
b,2022-11-01 17:12:36.791011,-0.09,-0.84,-0.59,1.53,1.89,2.44,2.75,22.38,15.72,1
b,2022-11-01 17:12:36.809217,-0.09,-0.84,-0.59,1.46,2.01,2.38,2.75,22.38,15.72,1
b,2022-11-01 17:12:36.828233,-0.09,-0.84,-0.59,0.85,2.01,2.32,2.73,22.11,15.25,1
b,2022-11-01 17:12:36.846072,-0.09,-0.84,-0.59,0.98,2.01,2.56,2.73,22.11,15.25,1
b,2022-11-01 17:12:36.864146,-0.09,-0.84,-0.59,0.61,1.95,2.56,2.73,22.11,15.25,1
b,2022-11-01 17:12:36.883210,-0.09,-0.84,-0.59,0.79,1.95,2.32,2.67,22.88,15.88,1
b,2022-11-01 17:12:36.901136,-0.09,-0.84,-0.58,0.92,1.83,2.56,2.67,22.88,15.88,1
b,2022-11-01 17:12:36.919046,-0.09,-0.84,-0.59,0.98,2.08,2.44,2.67,22.88,15.88,1
b,2022-11-01 17:12:36.938141,-0.09,-0.84,-0.58,1.53,1.83,2.26,2.93,22.75,15.55,1
b,2022-11-01 17:12:36.956135,-0.09,-0.84,-0.59,2.99,1.89,1.95,2.93,22.75,15.55,1
b,2022-11-01 17:12:36.975263,-0.09,-0.84,-0.59,-0.85,1.89,2.62,2.31,22.29,15.89,1
b,2022-11-01 17:12:36.993222,-0.09,-0.84,-0.58,-2.08,1.89,2.81,2.31,22.29,15.89,1
b,2022-11-01 17:12:37.011285,-0.09,-0.84,-0.61,-2.14,-0.49,0.85,2.31,22.29,15.89,1
b,2022-11-01 17:12:37.030443,-0.09,-0.84,-0.59,-13.31,-4.46,-0.49,2.70,22.97,15.52,1
b,2022-11-01 17:12:37.048408,-0.09,-0.85,-0.56,-17.21,-5.68,-1.04,2.70,22.97,15.52,1
b,2022-11-01 17:12:37.066286,-0.09,-0.86,-0.56,-3.05,-1.46,0.37,2.70,22.97,15.52,1
b,2022-11-01 17:12:37.085248,-0.09,-0.85,-0.58,6.71,1.65,1.46,2.33,23.71,17.18,1
b,2022-11-01 17:12:37.103047,-0.09,-0.85,-0.58,4.15,2.01,2.08,2.33,23.71,17.18,1
b,2022-11-01 17:12:37.121192,-0.09,-0.85,-0.57,0.00,2.01,2.56,2.33,23.71,17.18,1
b,2022-11-01 17:12:37.140073,-0.09,-0.85,-0.57,0.73,1.89,2.32,2.31,22.74,16.26,1
b,2022-11-01 17:12:37.158019,-0.09,-0.85,-0.58,1.46,2.08,2.50,2.31,22.74,16.26,1
b,2022-11-01 17:12:37.177135,-0.09,-0.85,-0.58,0.79,2.08,2.32,2.25,23.11,16.04,1
b,2022-11-01 17:12:37.194997,-0.09,-0.85,-0.58,0.92,1.89,2.50,2.25,23.11,16.04,1
b,2022-11-01 17:12:37.213053,-0.09,-0.85,-0.58,0.85,2.08,2.50,2.25,23.11,16.04,1
b,2022-11-01 17:12:37.232232,-0.09,-0.85,-0.58,0.92,2.01,2.32,2.05,23.12,15.98,1
b,2022-11-01 17:12:37.250139,-0.09,-0.86,-0.57,1.77,1.89,2.44,2.05,23.12,15.98,1
b,2022-11-01 17:12:37.267932,0.13,-2.64,0.19,-53.53,2.26,8.42,2.05,23.12,15.98,1
b,2022-11-01 17:12:37.287287,-0.10,-0.79,-0.51,-439.51,0.06,47.24,1.88,29.19,14.34,1
b,2022-11-01 17:12:37.305258,-1.33,-0.72,-0.87,43.88,-14.10,-7.93,1.88,29.19,14.34,1
b,2022-11-01 17:12:37.323010,-0.21,-0.93,-0.15,55.97,18.68,5.37,1.88,29.19,14.34,1
b,2022-11-01 17:12:37.341904,0.09,-0.93,-0.55,274.78,19.71,62.19,2.26,28.22,15.56,1
b,2022-11-01 17:12:37.359992,0.14,-1.47,-1.71,434.33,-82.52,132.02,2.26,28.22,15.56,1
b,2022-11-01 17:12:37.378944,0.18,-1.61,-1.65,161.32,-133.36,201.48,5.62,15.09,17.15,1
b,2022-11-01 17:12:37.397101,0.04,-1.46,-1.12,59.94,-66.96,193.30,5.62,15.09,17.15,1
b,2022-11-01 17:12:37.415003,0.04,-1.59,-1.33,-51.70,28.56,112.73,5.62,15.09,17.15,1
b,2022-11-01 17:12:37.434135,0.48,-1.06,-1.22,-125.61,56.76,58.17,5.55,15.37,17.16,1
b,2022-11-01 17:12:37.451940,0.14,-0.95,-0.93,28.69,32.10,115.30,5.55,15.37,17.16,1
b,2022-11-01 17:12:37.470020,0.08,-1.14,-0.90,46.14,-1.53,198.43,5.55,15.37,17.16,1
b,2022-11-01 17:12:37.489255,0.54,-0.95,-1.02,-13.43,-46.63,258.85,4.33,13.46,16.17,1
b,2022-11-01 17:12:37.507196,0.66,-0.85,-0.81,-48.71,-76.84,281.19,4.33,13.46,16.17,1
b,2022-11-01 17:12:37.525166,0.65,-0.79,-0.77,-83.19,-92.90,288.15,4.33,13.46,16.17,1
b,2022-11-01 17:12:37.544097,0.86,-0.65,-0.86,-149.05,-88.20,264.10,7.69,16.38,17.47,1
b,2022-11-01 17:12:37.562157,0.73,-0.45,-0.71,-106.57,-60.55,253.60,7.69,16.38,17.47,1
b,2022-11-01 17:12:37.581332,0.78,-0.51,-0.74,-96.07,-40.34,262.70,12.34,20.62,18.15,1
b,2022-11-01 17:12:37.599199,0.85,-0.50,-0.70,-130.80,-39.61,269.53,12.34,20.62,18.15,1
b,2022-11-01 17:12:37.617264,1.06,-0.54,-0.47,-129.33,-23.19,271.73,12.34,20.62,18.15,1
b,2022-11-01 17:12:37.636095,1.23,-0.34,-0.46,-35.58,-24.54,242.80,18.14,22.92,15.75,1
b,2022-11-01 17:12:37.654138,0.98,-0.54,-0.24,29.85,-38.02,211.49,18.14,22.92,15.75,1
b,2022-11-01 17:12:37.672113,0.92,-0.61,-0.44,52.86,-68.42,165.83,18.14,22.92,15.75,1
b,2022-11-01 17:12:37.691011,0.79,-0.57,-0.48,84.96,-103.09,125.49,22.84,18.62,15.01,1
b,2022-11-01 17:12:37.709053,0.47,-0.26,-0.46,60.91,-100.77,65.37,22.84,18.62,15.01,1
b,2022-11-01 17:12:37.727019,0.40,-0.05,-0.40,30.09,-85.45,45.90,22.84,18.62,15.01,1
b,2022-11-01 17:12:37.746045,0.37,-0.08,-0.16,43.03,-77.45,36.87,26.95,15.47,13.95,1
b,2022-11-01 17:12:37.764028,0.55,-0.10,-0.17,6.41,-71.53,33.02,26.95,15.47,13.95,1
b,2022-11-01 17:12:37.782862,0.74,0.64,0.12,268.25,-63.66,19.65,29.33,10.55,11.40,1
b,2022-11-01 17:12:37.800950,1.06,0.78,-0.05,128.30,-131.35,221.37,29.33,10.55,11.40,1
b,2022-11-01 17:12:37.818958,1.21,0.32,-0.17,73.30,-145.14,294.56,29.33,10.55,11.40,1
b,2022-11-01 17:12:37.838078,0.96,-0.21,-0.44,19.17,-118.90,284.67,30.54,2.21,7.12,1
b,2022-11-01 17:12:37.856103,0.57,-0.07,-0.31,18.92,-73.61,219.91,30.54,2.21,7.12,1
b,2022-11-01 17:12:37.874016,0.48,-0.24,-0.29,83.74,-19.10,144.29,30.54,2.21,7.12,1
b,2022-11-01 17:12:37.893073,0.53,-0.63,-0.11,48.28,31.43,69.03,28.42,-3.42,6.46,1
b,2022-11-01 17:12:37.911286,0.61,-0.33,-0.05,-70.68,47.97,-57.31,28.42,-3.42,6.46,1
b,2022-11-01 17:12:37.928992,0.81,0.01,0.02,-54.57,42.18,-107.67,28.42,-3.42,6.46,1
b,2022-11-01 17:12:37.947861,0.66,0.06,0.00,-24.84,33.08,-134.40,27.21,0.26,7.37,1
b,2022-11-01 17:12:37.965997,0.74,0.06,-0.20,-27.59,29.30,-163.15,27.21,0.26,7.37,1
b,2022-11-01 17:12:37.985036,1.09,0.13,-0.48,-8.73,47.73,-187.01,27.72,4.74,7.42,1
b,2022-11-01 17:12:38.002982,1.23,0.20,-0.51,115.78,102.72,-177.12,27.72,4.74,7.42,1
b,2022-11-01 17:12:38.020934,1.01,-0.21,0.39,20.69,127.01,-148.86,27.72,4.74,7.42,1
b,2022-11-01 17:12:38.040002,0.96,-0.23,0.36,-165.89,88.44,-144.47,25.65,7.41,8.41,1
b,2022-11-01 17:12:38.058050,0.71,0.26,-0.38,-192.50,37.41,-180.11,25.65,7.41,8.41,1
b,2022-11-01 17:12:38.075961,0.74,0.14,-1.25,119.20,101.32,-216.61,25.65,7.41,8.41,1
b,2022-11-01 17:12:38.094970,0.72,-0.34,-0.75,37.48,253.23,-195.01,21.68,12.24,9.52,1
b,2022-11-01 17:12:38.113077,0.92,-0.43,-0.27,-203.25,257.20,-198.67,21.68,12.24,9.52,1
b,2022-11-01 17:12:38.131219,0.83,-0.57,-0.02,-260.74,200.56,-223.51,21.68,12.24,9.52,1
b,2022-11-01 17:12:38.150195,0.96,-0.16,-0.09,-268.80,115.78,-257.81,13.50,21.30,10.03,1
b,2022-11-01 17:12:38.168167,0.84,-0.04,-0.12,-79.16,41.32,-243.04,13.50,21.30,10.03,1
b,2022-11-01 17:12:38.187149,0.55,-0.17,-0.19,128.66,-32.17,-204.47,9.00,22.02,8.83,1
b,2022-11-01 17:12:38.205092,0.57,-0.40,-0.09,109.01,-84.05,-164.06,9.00,22.02,8.83,1
b,2022-11-01 17:12:38.223083,0.67,-0.45,-0.57,91.49,-131.10,-117.80,9.00,22.02,8.83,1
