q,2022-10-14 18:00:13.425840,0.39,0.40,0.76,-23.86,-8.85,-8.85,35.74,64.33,-13.89,1
q,2022-10-14 18:00:13.457072,0.43,0.43,0.65,-10.56,-11.66,-3.48,35.74,64.33,-13.89,1
q,2022-10-14 18:00:13.472698,0.40,0.54,0.73,-10.07,-28.50,-12.45,39.29,66.93,-12.65,1
q,2022-10-14 18:00:13.488347,0.36,0.23,0.85,79.96,-7.87,10.19,39.29,66.93,-12.65,1
q,2022-10-14 18:00:13.503969,0.36,0.21,0.89,34.91,-13.92,3.05,39.29,66.93,-12.65,1
q,2022-10-14 18:00:13.519595,0.33,0.15,0.76,-18.68,15.44,-20.26,39.23,69.12,-10.25,1
q,2022-10-14 18:00:13.535224,0.44,0.34,0.96,-16.54,-2.14,-11.78,39.23,69.12,-10.25,1
q,2022-10-14 18:00:13.566452,0.43,0.20,0.96,-17.64,9.09,-8.06,38.84,69.85,-10.55,1
q,2022-10-14 18:00:13.582078,0.30,0.31,0.78,-10.50,24.11,5.92,38.84,69.85,-10.55,1
q,2022-10-14 18:00:13.597728,0.33,0.29,0.78,1.16,20.75,9.83,38.84,69.85,-10.55,1
q,2022-10-14 18:00:13.613354,0.35,0.26,0.78,-3.78,18.80,9.28,41.48,67.48,-9.23,1
q,2022-10-14 18:00:13.628975,0.30,0.29,0.77,-9.09,16.17,15.81,41.48,67.48,-9.23,1
q,2022-10-14 18:00:13.644605,0.30,0.28,0.75,-8.67,9.64,26.67,41.48,67.48,-9.23,1
q,2022-10-14 18:00:13.675834,0.33,0.19,0.65,-9.34,3.11,38.64,45.69,60.10,-8.75,1
q,2022-10-14 18:00:13.691479,0.26,0.49,0.65,-16.36,-4.46,31.80,45.69,60.10,-8.75,1
q,2022-10-14 18:00:13.707106,0.22,0.50,0.53,-35.46,-14.77,-3.72,50.87,47.35,-13.44,1
q,2022-10-14 18:00:13.722735,0.23,0.54,0.67,-31.13,-28.69,3.23,50.87,47.35,-13.44,1
q,2022-10-14 18:00:13.738357,0.27,0.59,0.67,2.32,-35.16,17.82,50.87,47.35,-13.44,1
q,2022-10-14 18:00:13.769590,0.34,0.64,0.78,31.80,-36.01,27.65,51.93,37.89,-19.56,1
q,2022-10-14 18:00:13.785235,0.33,0.60,0.83,40.10,-33.26,24.60,51.93,37.89,-19.56,1
q,2022-10-14 18:00:13.800865,0.35,0.65,0.91,43.58,-24.48,17.94,51.93,37.89,-19.56,1
q,2022-10-14 18:00:13.816487,0.43,0.64,1.12,42.48,-19.53,5.68,50.00,33.72,-23.97,1
q,2022-10-14 18:00:13.832116,0.36,0.56,1.05,38.09,-4.27,-4.21,50.00,33.72,-23.97,1
q,2022-10-14 18:00:13.863345,0.37,0.44,1.00,26.73,-5.74,-18.19,49.00,40.59,-21.14,1
q,2022-10-14 18:00:13.878970,0.41,0.58,1.03,9.52,-3.85,-41.93,49.00,40.59,-21.14,1
q,2022-10-14 18:00:13.894615,0.37,0.37,0.99,0.24,4.09,-56.58,49.00,40.59,-21.14,1
q,2022-10-14 18:00:13.910246,0.37,0.30,0.88,2.87,13.43,-53.83,45.57,56.80,-15.34,1
q,2022-10-14 18:00:13.925868,0.44,0.26,0.99,29.36,3.72,-2.75,45.57,56.80,-15.34,1
q,2022-10-14 18:00:13.941494,0.33,0.11,0.89,15.44,15.26,-12.39,45.57,56.80,-15.34,1
q,2022-10-14 18:00:13.972725,0.16,-0.01,0.67,2.08,9.40,-6.90,40.22,68.69,-11.72,1
q,2022-10-14 18:00:13.988373,0.68,0.54,1.38,0.43,-19.78,12.82,40.22,68.69,-11.72,1
q,2022-10-14 18:00:14.003998,0.01,0.02,0.41,-18.86,14.28,-13.79,40.22,68.69,-11.72,1
q,2022-10-14 18:00:14.019623,0.29,0.35,0.78,1.28,-27.77,10.38,36.96,72.71,-11.04,1
q,2022-10-14 18:00:14.036555,0.65,0.63,1.29,-1.28,-1.59,7.14,36.96,72.71,-11.04,1
q,2022-10-14 18:00:14.067807,0.13,0.21,0.59,-8.12,38.45,-12.70,35.72,74.05,-10.22,1
q,2022-10-14 18:00:14.083433,0.27,0.28,0.77,-0.06,21.85,1.04,35.72,74.05,-10.22,1
q,2022-10-14 18:00:14.099079,-0.12,0.30,0.15,2.01,29.42,-9.28,35.72,74.05,-10.22,1
q,2022-10-14 18:00:14.114708,0.25,0.23,0.72,14.22,-29.79,-6.84,36.06,72.92,-9.53,1
q,2022-10-14 18:00:14.130334,0.18,0.12,0.68,17.33,-32.23,3.91,36.06,72.92,-9.53,1
q,2022-10-14 18:00:14.145956,0.31,0.09,0.69,34.36,-35.83,24.11,36.06,72.92,-9.53,1
q,2022-10-14 18:00:14.177188,0.29,0.29,0.84,22.71,-6.96,6.65,41.89,64.04,-13.96,1
q,2022-10-14 18:00:14.192814,0.26,0.34,0.90,5.68,-0.98,-1.53,41.89,64.04,-13.96,1
q,2022-10-14 18:00:14.208460,0.36,0.38,0.92,-8.54,-0.79,-5.43,44.49,54.06,-17.60,1
q,2022-10-14 18:00:14.224085,0.35,0.42,0.99,-17.27,-0.24,-11.78,44.49,54.06,-17.60,1
q,2022-10-14 18:00:14.239715,0.37,0.41,0.97,-12.76,-7.57,-7.57,44.49,54.06,-17.60,1
q,2022-10-14 18:00:14.270944,0.30,0.37,0.92,-0.31,-7.51,-3.78,44.63,50.16,-20.73,1
q,2022-10-14 18:00:14.286569,0.49,0.43,1.16,12.15,-14.65,3.36,44.63,50.16,-20.73,1
q,2022-10-14 18:00:14.302215,0.33,0.32,0.94,4.82,-9.03,0.43,44.63,50.16,-20.73,1
q,2022-10-14 18:00:14.317822,0.30,0.31,0.89,-0.49,-17.33,0.67,43.96,49.62,-21.28,1
q,2022-10-14 18:00:14.333447,0.29,0.31,0.86,-6.65,-21.18,0.24,43.96,49.62,-21.28,1
q,2022-10-14 18:00:14.364698,0.28,0.33,0.85,-8.79,-20.69,-1.16,44.60,49.51,-22.14,1
q,2022-10-14 18:00:14.380324,0.27,0.32,0.85,-5.43,-16.42,-2.81,44.60,49.51,-22.14,1
q,2022-10-14 18:00:14.395950,0.26,0.30,0.85,-8.91,-13.73,-4.03,44.60,49.51,-22.14,1
q,2022-10-14 18:00:14.411596,0.27,0.30,0.86,-17.76,-11.47,-6.59,45.19,49.26,-21.98,1
q,2022-10-14 18:00:14.427226,0.27,0.33,0.88,-27.16,-13.12,-9.89,45.19,49.26,-21.98,1
q,2022-10-14 18:00:14.442848,0.26,0.38,0.90,-31.43,-16.72,-8.12,45.19,49.26,-21.98,1
q,2022-10-14 18:00:14.474081,0.25,0.35,0.88,-31.86,-22.03,-5.62,44.85,49.18,-22.86,1
q,2022-10-14 18:00:14.489707,0.24,0.28,0.89,-40.47,-24.29,-9.22,44.85,49.18,-22.86,1
q,2022-10-14 18:00:14.505356,-0.23,0.21,1.02,-66.71,-28.02,-28.32,44.07,48.05,-26.28,1
q,2022-10-14 18:00:14.520978,-0.41,0.33,1.77,-42.30,21.91,-79.59,44.07,48.05,-26.28,1
q,2022-10-14 18:00:14.536604,0.07,-0.34,0.88,-10.19,107.42,-100.83,44.07,48.05,-26.28,1
q,2022-10-14 18:00:14.567836,0.37,-0.55,0.72,-4.21,106.20,-75.99,28.45,45.31,-28.78,1
q,2022-10-14 18:00:14.583462,0.38,-0.27,0.80,-5.74,84.66,10.01,28.45,45.31,-28.78,1
q,2022-10-14 18:00:14.599107,0.38,-0.02,0.78,18.92,80.69,40.28,28.45,45.31,-28.78,1
q,2022-10-14 18:00:14.614733,0.49,0.07,0.64,16.72,86.12,55.48,16.33,32.45,-33.85,1
q,2022-10-14 18:00:14.630362,0.56,0.12,0.51,4.64,75.13,63.48,16.33,32.45,-33.85,1
q,2022-10-14 18:00:14.645985,0.64,0.26,0.42,-19.96,56.58,63.35,16.33,32.45,-33.85,1
q,2022-10-14 18:00:14.677217,0.67,0.38,0.43,-55.73,26.18,52.92,5.66,26.48,-41.15,1
q,2022-10-14 18:00:14.692842,0.65,0.45,0.47,-62.81,14.65,51.39,5.66,26.48,-41.15,1
q,2022-10-14 18:00:14.708492,0.60,0.51,0.49,-54.75,7.57,59.33,-3.63,27.62,-46.56,1
q,2022-10-14 18:00:14.724114,0.54,0.61,0.55,-30.27,0.85,69.95,-3.63,27.62,-46.56,1
q,2022-10-14 18:00:14.739743,0.47,0.62,0.61,-11.35,-0.67,67.14,-3.63,27.62,-46.56,1
q,2022-10-14 18:00:14.770971,0.42,0.69,0.66,-31.62,0.61,53.47,-8.36,33.62,-46.98,1
q,2022-10-14 18:00:14.786597,0.44,0.77,0.59,-55.42,2.38,37.72,-8.36,33.62,-46.98,1
q,2022-10-14 18:00:14.802244,0.46,0.87,0.62,-79.04,-2.32,23.19,-8.36,33.62,-46.98,1
q,2022-10-14 18:00:14.817873,0.42,0.98,0.63,-98.45,-1.71,9.58,-7.52,36.87,-38.72,1
q,2022-10-14 18:00:14.833496,0.33,1.08,0.65,-77.39,4.82,8.24,-7.52,36.87,-38.72,1
q,2022-10-14 18:00:14.864727,0.31,1.08,0.60,-41.32,7.20,15.87,-9.17,32.70,-29.90,1
q,2022-10-14 18:00:14.880354,0.32,1.07,0.66,-5.98,8.97,18.43,-9.17,32.70,-29.90,1
q,2022-10-14 18:00:14.895979,0.28,0.97,0.70,12.33,10.01,18.19,-9.17,32.70,-29.90,1
q,2022-10-14 18:00:14.911625,0.31,0.80,0.64,15.69,15.63,10.62,-16.31,27.86,-28.02,1
q,2022-10-14 18:00:14.927254,0.33,0.78,0.65,3.48,13.61,5.19,-16.31,27.86,-28.02,1
q,2022-10-14 18:00:14.942880,0.32,0.72,0.64,-4.15,9.83,5.19,-16.31,27.86,-28.02,1
q,2022-10-14 18:00:14.974142,0.30,0.79,0.63,-9.22,11.90,6.41,-24.60,23.32,-27.89,1
q,2022-10-14 18:00:14.989776,0.30,0.91,0.55,-22.77,12.45,-4.33,-24.60,23.32,-27.89,1
q,2022-10-14 18:00:15.005425,0.30,0.88,0.57,-29.66,8.97,-20.75,-31.49,18.40,-32.50,1
q,2022-10-14 18:00:15.021051,0.31,0.77,0.57,-26.43,8.97,-26.25,-31.49,18.40,-32.50,1
q,2022-10-14 18:00:15.036673,0.38,0.70,0.37,-11.47,7.02,-18.98,-31.49,18.40,-32.50,1
q,2022-10-14 18:00:15.067906,0.35,0.68,0.44,-10.13,-8.24,-15.99,-35.06,13.51,-38.06,1
q,2022-10-14 18:00:15.083530,0.33,0.66,0.45,-0.55,-16.72,-8.12,-35.06,13.51,-38.06,1
q,2022-10-14 18:00:15.099181,0.39,0.74,0.41,9.34,-24.54,-1.95,-35.06,13.51,-38.06,1
q,2022-10-14 18:00:15.114802,0.31,0.78,0.52,7.26,-30.76,-8.73,-40.61,8.24,-39.17,1
q,2022-10-14 18:00:15.130432,0.13,0.65,0.64,8.91,-30.64,-9.09,-40.61,8.24,-39.17,1
q,2022-10-14 18:00:15.161659,0.63,0.50,0.83,57.98,-8.42,-13.18,-44.10,5.26,-41.26,1
q,2022-10-14 18:00:15.177286,0.31,0.55,0.61,2.44,9.70,-11.66,-44.10,5.26,-41.26,1
q,2022-10-14 18:00:15.192932,0.45,0.52,0.67,-26.67,4.52,-11.72,-44.10,5.26,-41.26,1
q,2022-10-14 18:00:15.208561,0.35,0.69,0.61,-34.30,4.76,-8.18,-44.10,1.79,-45.37,1
q,2022-10-14 18:00:15.224183,0.37,0.60,0.66,-24.90,2.26,-7.51,-44.10,1.79,-45.37,1
q,2022-10-14 18:00:15.239808,0.37,0.65,0.59,-25.76,11.29,0.31,-44.10,1.79,-45.37,1
q,2022-10-14 18:00:15.271041,0.37,0.54,0.61,-23.50,22.03,10.31,-46.18,0.76,-48.40,1
q,2022-10-14 18:00:15.286667,0.40,0.45,0.56,-16.72,17.94,2.69,-46.18,0.76,-48.40,1
q,2022-10-14 18:00:15.302312,0.31,0.67,0.53,-18.43,26.25,22.09,-49.88,1.78,-52.73,1
q,2022-10-14 18:00:15.317943,0.30,0.52,0.43,-21.91,22.64,21.85,-49.88,1.78,-52.73,1
q,2022-10-14 18:00:15.333565,0.21,0.66,0.44,-33.14,6.65,11.66,-49.88,1.78,-52.73,1
q,2022-10-14 18:00:15.364796,0.23,0.71,0.37,-29.36,-4.58,23.62,-56.13,7.06,-53.34,1
q,2022-10-14 18:00:15.380424,0.35,0.85,0.39,-25.21,-13.18,27.22,-56.13,7.06,-53.34,1
q,2022-10-14 18:00:15.396072,0.28,0.97,0.29,-38.09,-16.54,2.38,-56.13,7.06,-53.34,1
q,2022-10-14 18:00:15.411694,0.21,1.08,0.36,-4.15,-28.75,12.94,-61.67,13.45,-48.86,1
q,2022-10-14 18:00:15.427320,0.26,1.07,0.38,42.60,-41.69,23.93,-61.67,13.45,-48.86,1
q,2022-10-14 18:00:15.458552,0.47,1.04,0.48,75.87,-47.00,28.50,-62.17,19.97,-39.67,1
q,2022-10-14 18:00:15.474179,0.44,0.98,0.55,52.86,-27.04,8.85,-62.17,19.97,-39.67,1
q,2022-10-14 18:00:15.489824,0.37,1.09,0.55,44.86,-25.39,-4.82,-62.17,19.97,-39.67,1
q,2022-10-14 18:00:15.505449,0.44,0.93,0.62,26.55,-25.94,-39.92,-58.13,18.55,-35.11,1
q,2022-10-14 18:00:15.521079,0.40,0.83,0.67,19.10,-13.55,-45.29,-58.13,18.55,-35.11,1
q,2022-10-14 18:00:15.552310,0.47,0.86,0.66,46.57,0.37,-12.94,-58.13,18.55,-35.11,1
q,2022-10-14 18:00:15.567933,0.33,0.45,0.73,55.05,6.59,-21.42,-51.31,12.60,-33.33,1
q,2022-10-14 18:00:15.583580,0.49,0.66,0.71,48.71,8.18,-9.09,-51.31,12.60,-33.33,1
q,2022-10-14 18:00:15.599203,0.32,0.33,0.70,25.82,12.88,-17.76,-51.31,12.60,-33.33,1
q,2022-10-14 18:00:15.614831,0.34,0.42,0.66,2.14,8.91,-5.62,-45.63,8.34,-35.94,1
q,2022-10-14 18:00:15.630460,0.25,0.44,0.59,-10.68,10.62,-12.15,-45.63,8.34,-35.94,1
q,2022-10-14 18:00:15.661688,0.34,0.51,0.61,-8.24,2.44,-5.13,-42.46,5.31,-40.49,1
q,2022-10-14 18:00:15.677338,0.22,0.59,0.50,-14.71,-1.22,-5.43,-42.46,5.31,-40.49,1
q,2022-10-14 18:00:15.692960,0.32,0.60,0.55,-7.20,-5.98,-11.60,-42.46,5.31,-40.49,1
q,2022-10-14 18:00:15.708589,0.34,0.62,0.57,-7.75,5.98,-20.39,-42.44,3.94,-41.70,1
q,2022-10-14 18:00:15.739818,0.05,0.29,0.41,-12.21,13.49,-23.99,-42.44,3.94,-41.70,1
q,2022-10-14 18:00:15.755444,0.16,0.52,0.55,10.56,-19.78,33.51,-42.44,3.94,-41.70,1
q,2022-10-14 18:00:15.771091,0.20,0.34,0.30,-3.85,-28.99,29.85,-45.39,7.03,-37.12,1
q,2022-10-14 18:00:15.786719,0.27,0.57,0.60,7.93,-42.97,39.55,-45.39,7.03,-37.12,1
q,2022-10-14 18:00:15.802341,0.40,0.71,0.55,2.44,-21.67,18.37,-50.49,15.59,-28.71,1
q,2022-10-14 18:00:15.833574,0.35,0.78,0.61,-10.13,-17.27,8.24,-50.49,15.59,-28.71,1
q,2022-10-14 18:00:15.849198,0.38,0.82,0.64,-14.89,-5.86,-2.14,-50.49,15.59,-28.71,1
q,2022-10-14 18:00:15.864848,0.34,0.81,0.67,-24.84,-1.22,-11.54,-49.85,21.46,-21.25,1
q,2022-10-14 18:00:15.880470,0.37,0.84,0.77,-18.25,-0.92,-7.57,-49.85,21.46,-21.25,1
q,2022-10-14 18:00:15.896100,0.45,0.89,0.80,-10.68,4.94,-8.97,-46.86,23.08,-17.49,1
q,2022-10-14 18:00:15.927329,0.35,0.77,0.72,-10.50,13.49,-11.47,-46.86,23.08,-17.49,1
q,2022-10-14 18:00:15.942953,0.33,0.74,0.68,-5.92,3.11,-3.66,-46.86,23.08,-17.49,1
q,2022-10-14 18:00:15.958600,0.32,0.71,0.65,-4.64,-13.55,4.58,-46.74,22.90,-18.52,1
q,2022-10-14 18:00:15.974229,0.30,0.72,0.62,-6.16,-20.20,8.06,-46.74,22.90,-18.52,1
q,2022-10-14 18:00:15.989855,0.28,0.72,0.60,-4.76,-21.73,11.66,-46.74,22.90,-18.52,1
q,2022-10-14 18:00:16.021084,0.27,0.71,0.59,-2.81,-20.32,14.65,-47.89,23.39,-17.07,1
q,2022-10-14 18:00:16.036710,0.25,0.71,0.58,-4.52,-13.61,15.87,-47.89,23.39,-17.07,1
q,2022-10-14 18:00:16.052359,0.24,0.72,0.60,-8.30,-8.36,17.21,-47.64,24.11,-15.91,1
q,2022-10-14 18:00:16.067981,0.23,0.74,0.58,-21.06,-0.85,25.45,-47.64,24.11,-15.91,1
q,2022-10-14 18:00:16.099213,0.01,0.78,0.54,-30.70,8.85,37.41,-47.64,24.11,-15.91,1
q,2022-10-14 18:00:16.114839,-0.70,1.80,1.44,21.79,28.81,91.98,-46.35,26.46,-17.47,1
q,2022-10-14 18:00:16.130488,-0.16,1.46,0.53,180.85,145.51,10.44,-46.35,26.46,-17.47,1
q,2022-10-14 18:00:16.146109,0.38,0.72,0.16,150.21,94.91,-32.35,-46.35,26.46,-17.47,1
q,2022-10-14 18:00:16.161737,0.33,0.59,0.48,109.74,53.10,-48.16,-28.85,27.53,-28.28,1
q,2022-10-14 18:00:16.192968,0.44,0.57,0.58,110.17,44.01,-32.90,-28.85,27.53,-28.28,1
q,2022-10-14 18:00:16.208634,0.52,0.46,0.51,136.72,32.53,-21.06,-16.65,30.64,-30.31,1
q,2022-10-14 18:00:16.224240,0.66,0.32,0.50,119.32,17.70,-21.42,-16.65,30.64,-30.31,1
q,2022-10-14 18:00:16.239866,0.69,0.21,0.53,83.80,-4.70,-22.22,-16.65,30.64,-30.31,1
q,2022-10-14 18:00:16.255495,0.57,0.20,0.69,41.20,-20.02,-22.95,-10.27,35.22,-29.88,1
q,2022-10-14 18:00:16.286724,0.28,0.33,0.97,10.99,-17.40,-16.42,-10.27,35.22,-29.88,1
q,2022-10-14 18:00:16.302350,0.33,0.36,0.90,13.67,-1.65,-14.16,-10.27,35.22,-29.88,1
q,2022-10-14 18:00:16.317995,0.37,0.37,0.84,11.84,1.65,-14.77,-8.18,38.50,-27.94,1
q,2022-10-14 18:00:16.333624,0.37,0.33,0.87,7.26,-2.01,-17.70,-8.18,38.50,-27.94,1
q,2022-10-14 18:00:16.349247,0.37,0.33,0.90,3.66,0.06,-16.42,-6.74,40.99,-29.60,1
q,2022-10-14 18:00:16.380479,0.38,0.32,0.86,0.92,3.17,-13.61,-6.74,40.99,-29.60,1
q,2022-10-14 18:00:16.396105,0.41,0.33,0.83,-4.33,4.33,-11.78,-6.74,40.99,-29.60,1
q,2022-10-14 18:00:16.411754,0.42,0.34,0.77,-13.43,2.26,-8.30,-6.35,41.33,-30.38,1
q,2022-10-14 18:00:16.427376,0.41,0.40,0.77,-13.55,0.73,-4.82,-6.35,41.33,-30.38,1
q,2022-10-14 18:00:16.443006,0.44,0.45,0.73,-12.21,0.18,-3.36,-6.35,41.33,-30.38,1
q,2022-10-14 18:00:16.474233,0.43,0.46,0.73,-14.16,-2.38,-5.07,-6.69,41.69,-30.37,1
q,2022-10-14 18:00:16.489859,0.43,0.46,0.74,-13.55,-3.11,-9.46,-6.69,41.69,-30.37,1
q,2022-10-14 18:00:16.505506,0.47,0.43,0.72,-13.37,-4.03,-11.23,-7.04,42.24,-31.25,1
q,2022-10-14 18:00:16.521135,0.49,0.38,0.73,-15.93,-6.41,-11.05,-7.04,42.24,-31.25,1
q,2022-10-14 18:00:16.536757,0.51,0.35,0.80,-28.81,-7.63,-4.58,-7.04,42.24,-31.25,1
q,2022-10-14 18:00:16.567988,0.42,0.44,0.80,-33.20,-2.93,4.88,-7.86,43.40,-28.77,1
q,2022-10-14 18:00:16.583639,0.39,0.56,0.77,-28.99,0.31,7.26,-7.86,43.40,-28.77,1
q,2022-10-14 18:00:16.599265,0.36,0.56,0.75,-23.38,-0.43,-14.83,-7.86,43.40,-28.77,1
q,2022-10-14 18:00:16.614886,0.39,0.44,0.76,-21.06,-2.14,-4.52,-8.53,44.23,-26.16,1
q,2022-10-14 18:00:16.630516,0.39,0.51,0.72,-26.73,-1.46,-0.73,-8.53,44.23,-26.16,1
q,2022-10-14 18:00:16.661745,0.36,0.64,0.75,-30.15,-5.62,-3.11,-10.31,46.09,-22.44,1
q,2022-10-14 18:00:16.677370,0.31,0.62,0.80,-24.90,-5.80,-17.15,-10.31,46.09,-22.44,1
q,2022-10-14 18:00:16.693016,0.37,0.41,0.74,-12.63,-3.91,-13.67,-10.31,46.09,-22.44,1
q,2022-10-14 18:00:16.708646,0.03,0.42,0.89,-6.84,-9.16,-3.78,-14.39,48.41,-21.30,1
q,2022-10-14 18:00:16.724271,0.41,0.38,0.73,51.39,27.16,1.53,-14.39,48.41,-21.30,1
q,2022-10-14 18:00:16.755500,0.36,0.33,0.82,-3.85,9.89,-5.68,-14.39,48.41,-21.30,1
q,2022-10-14 18:00:16.771146,0.37,0.37,0.74,-32.90,1.34,-9.34,-16.47,46.61,-23.84,1
q,2022-10-14 18:00:16.786774,0.37,0.43,0.66,-50.72,5.62,-3.05,-16.47,46.61,-23.84,1
q,2022-10-14 18:00:16.802400,0.38,0.40,0.74,-47.55,9.40,3.42,-17.81,39.22,-26.78,1
q,2022-10-14 18:00:16.818023,0.29,0.46,0.70,-27.40,16.97,15.14,-17.81,39.22,-26.78,1
q,2022-10-14 18:00:16.849255,0.27,0.49,0.64,-15.20,18.13,28.75,-17.81,39.22,-26.78,1
q,2022-10-14 18:00:16.864880,0.28,0.42,0.51,-13.49,12.21,31.92,-19.38,30.96,-27.37,1
q,2022-10-14 18:00:16.880526,0.27,0.47,0.47,-18.92,2.75,34.61,-19.38,30.96,-27.37,1
q,2022-10-14 18:00:16.896152,0.19,0.68,0.57,-33.94,-11.05,38.51,-19.38,30.96,-27.37,1
q,2022-10-14 18:00:16.911781,0.16,0.81,0.53,-39.73,-19.71,33.26,-25.20,24.10,-23.79,1
q,2022-10-14 18:00:16.943010,0.14,0.89,0.47,-33.33,-31.13,28.50,-25.20,24.10,-23.79,1
q,2022-10-14 18:00:16.958655,0.23,1.03,0.57,9.89,-45.47,19.04,-26.17,23.43,-15.05,1
q,2022-10-14 18:00:16.974281,0.34,1.08,0.62,36.25,-48.58,11.23,-26.17,23.43,-15.05,1
q,2022-10-14 18:00:16.989910,0.42,1.01,0.77,50.11,-22.22,-5.49,-26.17,23.43,-15.05,1
q,2022-10-14 18:00:17.021138,0.36,0.83,0.88,54.63,-8.85,-8.61,-16.97,25.48,-7.31,1
q,2022-10-14 18:00:17.036764,0.39,0.69,0.86,48.77,-5.19,-15.32,-16.97,25.48,-7.31,1
q,2022-10-14 18:00:17.052410,0.43,0.57,0.93,42.18,-0.92,-8.61,-7.28,31.10,-5.00,1
q,2022-10-14 18:00:17.068040,0.43,0.61,0.87,23.07,0.85,-21.48,-7.28,31.10,-5.00,1
q,2022-10-14 18:00:17.083662,0.47,0.70,0.91,16.54,3.23,-29.66,-7.28,31.10,-5.00,1
q,2022-10-14 18:00:17.099291,0.40,0.51,0.73,2.38,13.24,-62.13,-5.87,39.40,-8.14,1
q,2022-10-14 18:00:17.130914,0.33,0.47,0.80,0.79,8.85,-47.00,-5.87,39.40,-8.14,1
q,2022-10-14 18:00:17.146546,0.36,0.42,0.78,8.85,4.52,-22.89,-5.87,39.40,-8.14,1
q,2022-10-14 18:00:17.162196,0.29,0.20,0.69,5.80,7.26,-20.39,-10.96,47.39,-16.09,1
q,2022-10-14 18:00:17.177818,0.32,0.22,0.71,6.16,-1.16,0.79,-10.96,47.39,-16.09,1
q,2022-10-14 18:00:17.193448,0.32,0.36,0.71,-2.32,-3.30,7.20,-10.96,47.39,-16.09,1
q,2022-10-14 18:00:17.224677,0.23,0.37,0.61,-11.66,-0.55,-0.61,-15.50,48.29,-23.25,1
q,2022-10-14 18:00:17.240301,0.22,0.49,0.64,-5.07,-14.34,-2.38,-15.50,48.29,-23.25,1
q,2022-10-14 18:00:17.255948,0.30,0.49,0.65,-11.47,-5.80,-6.47,-16.71,48.47,-25.42,1
q,2022-10-14 18:00:17.271573,0.32,0.50,0.67,-13.98,8.42,-15.14,-16.71,48.47,-25.42,1
q,2022-10-14 18:00:17.287200,-0.20,0.05,0.19,-2.75,-15.01,8.12,-16.71,48.47,-25.42,1
q,2022-10-14 18:00:17.318434,0.35,0.45,0.58,14.65,-32.35,28.93,-14.28,47.25,-21.40,1
q,2022-10-14 18:00:17.334058,0.19,0.46,0.53,0.73,-31.19,15.08,-14.28,47.25,-21.40,1
q,2022-10-14 18:00:17.349707,0.32,0.65,0.80,18.74,-39.67,24.54,-5.18,46.06,-10.01,1
q,2022-10-14 18:00:17.365329,0.27,0.48,0.55,10.25,-21.06,9.09,-5.18,46.06,-10.01,1
q,2022-10-14 18:00:17.380958,0.34,0.62,0.83,15.56,-13.85,8.42,-5.18,46.06,-10.01,1
q,2022-10-14 18:00:17.412187,0.34,0.60,0.83,10.01,0.67,-1.89,6.27,43.52,-6.07,1
q,2022-10-14 18:00:17.427833,0.36,0.54,0.82,1.04,-2.87,-1.46,6.27,43.52,-6.07,1
q,2022-10-14 18:00:17.443459,0.35,0.61,0.91,-6.96,-0.73,-7.87,6.27,43.52,-6.07,1
q,2022-10-14 18:00:17.459088,0.33,0.55,0.83,-4.52,-11.66,-1.28,12.81,41.49,-5.83,1
q,2022-10-14 18:00:17.474713,0.40,0.65,0.94,-6.77,-12.27,-6.04,12.81,41.49,-5.83,1
q,2022-10-14 18:00:17.505942,0.31,0.61,0.82,-18.01,-8.24,-4.76,14.22,40.14,-5.86,1
q,2022-10-14 18:00:17.521570,0.29,0.62,0.79,-14.59,-14.04,2.20,14.22,40.14,-5.86,1
q,2022-10-14 18:00:17.537217,0.28,0.62,0.78,-10.13,-20.20,12.63,14.22,40.14,-5.86,1
q,2022-10-14 18:00:17.552839,0.25,0.61,0.76,-2.69,-23.13,27.59,13.79,40.82,-6.95,1
q,2022-10-14 18:00:17.568465,0.21,0.68,0.73,0.92,-20.02,40.77,13.79,40.82,-6.95,1
q,2022-10-14 18:00:17.599698,0.16,0.70,0.72,14.53,-9.83,59.39,13.79,40.82,-6.95,1
q,2022-10-14 18:00:17.615322,-0.26,1.32,1.28,22.64,18.07,66.16,13.20,42.49,-6.62,1
q,2022-10-14 18:00:17.630969,-0.18,1.01,0.78,84.59,90.82,6.77,13.20,42.49,-6.62,1
q,2022-10-14 18:00:17.646595,0.28,0.57,0.40,67.81,71.04,-26.92,3.33,51.17,-19.12,1
q,2022-10-14 18:00:17.662224,0.23,0.54,0.62,41.32,40.16,-36.07,3.33,51.17,-19.12,1
q,2022-10-14 18:00:17.693452,0.23,0.55,0.71,46.20,32.53,-39.00,3.33,51.17,-19.12,1
q,2022-10-14 18:00:17.709078,0.30,0.50,0.65,58.47,27.47,-45.96,-5.37,55.43,-33.20,1
q,2022-10-14 18:00:17.724725,0.40,0.33,0.62,60.97,14.22,-47.79,-5.37,55.43,-33.20,1
q,2022-10-14 18:00:17.740354,0.44,0.20,0.64,54.38,3.42,-46.57,-5.37,55.43,-33.20,1
q,2022-10-14 18:00:17.755976,0.50,0.16,0.68,37.35,-5.98,-40.89,-13.81,54.54,-42.05,1
q,2022-10-14 18:00:17.771605,0.49,0.15,0.71,7.75,-19.90,-32.04,-13.81,54.54,-42.05,1
q,2022-10-14 18:00:17.802833,0.46,0.20,0.76,-2.75,-23.74,-23.99,-13.81,54.54,-42.05,1
q,2022-10-14 18:00:17.818459,0.41,0.25,0.81,-9.16,-25.57,-15.99,-18.99,52.04,-45.12,1
q,2022-10-14 18:00:17.834105,0.35,0.33,0.87,-7.75,-25.09,-10.38,-18.99,52.04,-45.12,1
q,2022-10-14 18:00:17.849734,0.29,0.38,0.94,-5.00,-17.46,-8.97,-23.73,50.87,-48.10,1
q,2022-10-14 18:00:17.865357,0.21,0.43,1.04,1.59,-7.81,-14.89,-23.73,50.87,-48.10,1
q,2022-10-14 18:00:17.896588,0.25,0.37,1.04,6.71,1.95,-21.48,-23.73,50.87,-48.10,1
q,2022-10-14 18:00:17.912214,0.32,0.29,0.98,7.20,9.03,-23.99,-26.33,46.69,-48.17,1
q,2022-10-14 18:00:17.927864,0.39,0.24,0.96,5.31,13.55,-21.12,-26.33,46.69,-48.17,1
q,2022-10-14 18:00:17.943486,0.42,0.25,0.91,-6.29,11.11,-13.85,-26.33,46.69,-48.17,1
q,2022-10-14 18:00:17.959112,0.44,0.29,0.88,-12.82,8.85,-8.79,-26.61,43.23,-48.23,1
q,2022-10-14 18:00:17.990344,0.44,0.28,0.86,-17.21,6.71,-6.53,-26.61,43.23,-48.23,1
q,2022-10-14 18:00:18.005971,0.44,0.31,0.86,-19.04,7.14,-1.46,-25.44,40.76,-48.93,1
q,2022-10-14 18:00:18.021615,0.48,0.31,0.79,-18.31,9.22,3.05,-25.44,40.76,-48.93,1
q,2022-10-14 18:00:18.037241,0.48,0.35,0.76,-25.82,4.88,5.98,-25.44,40.76,-48.93,1
q,2022-10-14 18:00:18.052870,0.47,0.41,0.77,-35.22,-1.04,4.21,-25.96,40.99,-48.78,1
q,2022-10-14 18:00:18.084099,0.40,0.44,0.79,-38.94,1.53,0.12,-25.96,40.99,-48.78,1
q,2022-10-14 18:00:18.099725,0.39,0.41,0.77,-32.84,2.62,3.42,-25.96,40.99,-48.78,1
q,2022-10-14 18:00:18.115374,0.40,0.46,0.75,-28.69,2.87,9.95,-28.30,41.76,-52.36,1
q,2022-10-14 18:00:18.131000,0.36,0.48,0.77,-29.42,-0.06,7.02,-28.30,41.76,-52.36,1
q,2022-10-14 18:00:18.146622,0.35,0.49,0.84,-35.52,2.56,-1.16,-32.67,43.04,-54.50,1
q,2022-10-14 18:00:18.177854,0.43,0.39,0.75,-50.66,7.81,-9.77,-32.67,43.04,-54.50,1
q,2022-10-14 18:00:18.193483,0.37,0.42,0.68,-78.55,4.27,-11.84,-32.67,43.04,-54.50,1
q,2022-10-14 18:00:18.209129,0.28,0.56,0.75,-72.69,-0.73,-7.69,-36.67,42.31,-59.52,1
q,2022-10-14 18:00:18.224751,0.40,0.87,1.03,-34.79,-1.04,-10.56,-36.67,42.31,-59.52,1
q,2022-10-14 18:00:18.240381,0.23,0.51,0.55,19.65,21.91,-9.22,-36.67,42.31,-59.52,1
q,2022-10-14 18:00:18.271610,0.31,0.55,0.66,14.95,-2.08,-10.38,-39.21,41.24,-60.97,1
q,2022-10-14 18:00:18.287235,0.35,0.49,0.69,-8.67,2.81,-17.46,-39.21,41.24,-60.97,1
q,2022-10-14 18:00:18.302881,0.41,0.47,0.76,-9.58,-3.60,-18.19,-39.22,39.37,-63.66,1
q,2022-10-14 18:00:18.318510,0.31,0.47,0.70,-20.45,1.46,-18.86,-39.22,39.37,-63.66,1
q,2022-10-14 18:00:18.334132,0.30,0.49,0.66,-14.16,7.02,-12.27,-39.22,39.37,-63.66,1
q,2022-10-14 18:00:18.349762,0.40,0.41,0.78,2.50,4.15,-10.31,-38.78,37.30,-64.51,1
q,2022-10-14 18:00:18.380990,0.45,0.21,0.80,-3.23,22.22,2.69,-38.78,37.30,-64.51,1
q,2022-10-14 18:00:18.396615,0.39,0.40,0.71,-8.54,33.75,24.90,-38.78,37.30,-64.51,1
q,2022-10-14 18:00:18.412262,0.30,0.44,0.68,-6.96,30.46,29.48,-36.57,42.04,-63.04,1
q,2022-10-14 18:00:18.427891,0.31,0.69,0.58,-30.64,12.63,13.37,-36.57,42.04,-63.04,1
q,2022-10-14 18:00:18.443513,0.34,0.51,0.59,-31.80,6.29,2.56,-33.23,50.09,-59.70,1
q,2022-10-14 18:00:18.474745,0.32,0.53,0.54,-27.89,8.00,9.22,-33.23,50.09,-59.70,1
q,2022-10-14 18:00:18.490372,0.19,0.33,0.55,0.92,1.95,40.34,-33.23,50.09,-59.70,1
q,2022-10-14 18:00:18.506021,0.29,0.70,0.60,19.29,-9.28,45.84,-26.60,59.74,-50.71,1
q,2022-10-14 18:00:18.521643,0.26,0.67,0.49,-3.30,-19.71,36.01,-26.60,59.74,-50.71,1
q,2022-10-14 18:00:18.537269,0.30,0.67,0.51,-1.22,-27.16,32.04,-26.60,59.74,-50.71,1
q,2022-10-14 18:00:18.568502,0.39,0.80,0.67,9.70,-18.25,22.03,-16.55,67.52,-43.02,1
q,2022-10-14 18:00:18.584144,0.48,0.72,0.75,13.49,-22.03,18.68,-16.55,67.52,-43.02,1
q,2022-10-14 18:00:18.599772,0.17,0.69,0.18,5.74,8.30,7.20,-8.97,69.17,-40.67,1
q,2022-10-14 18:00:18.615398,0.40,1.00,0.89,3.91,-21.91,13.49,-8.97,69.17,-40.67,1
q,2022-10-14 18:00:18.631027,0.40,0.75,0.79,25.09,-8.97,1.28,-8.97,69.17,-40.67,1
q,2022-10-14 18:00:18.662256,0.39,0.74,0.78,24.23,-8.00,0.55,-12.50,67.90,-45.79,1
q,2022-10-14 18:00:18.677882,0.39,0.94,0.70,17.52,-11.29,-8.12,-12.50,67.90,-45.79,1
q,2022-10-14 18:00:18.693527,0.35,0.66,0.66,0.00,-16.54,-55.91,-12.50,67.90,-45.79,1
q,2022-10-14 18:00:18.709157,0.35,0.59,0.76,11.90,-17.76,-51.76,-25.81,62.22,-51.21,1
q,2022-10-14 18:00:18.724779,0.36,0.57,0.75,33.14,-10.62,-23.13,-25.81,62.22,-51.21,1
q,2022-10-14 18:00:18.756010,0.36,0.25,0.77,48.46,-4.39,-19.17,-36.88,50.02,-56.74,1
q,2022-10-14 18:00:18.771644,0.41,0.43,0.80,28.38,7.08,-20.02,-36.88,50.02,-56.74,1
q,2022-10-14 18:00:18.787286,0.38,0.26,0.86,21.06,7.20,-3.66,-36.88,50.02,-56.74,1
q,2022-10-14 18:00:18.802909,0.39,0.34,0.80,14.04,9.09,0.43,-39.82,40.11,-61.71,1
q,2022-10-14 18:00:18.818538,0.37,0.36,0.78,8.61,7.39,1.65,-39.82,40.11,-61.71,1
q,2022-10-14 18:00:18.834160,0.27,0.34,0.70,10.38,5.55,0.18,-39.82,40.11,-61.71,1
q,2022-10-14 18:00:18.865392,0.28,0.42,0.65,3.17,0.98,-0.92,-39.47,35.18,-63.43,1
q,2022-10-14 18:00:18.881017,0.23,0.46,0.60,-6.10,-3.72,-3.42,-39.47,35.18,-63.43,1
q,2022-10-14 18:00:18.896667,0.30,0.48,0.64,-7.20,-13.79,-10.62,-39.27,35.12,-64.18,1
q,2022-10-14 18:00:18.912289,0.31,0.51,0.67,-13.79,7.26,-15.44,-39.27,35.12,-64.18,1
q,2022-10-14 18:00:18.927919,0.14,0.24,0.52,1.46,9.16,7.14,-39.27,35.12,-64.18,1
q,2022-10-14 18:00:18.959146,0.24,0.49,0.67,25.63,-3.97,27.34,-39.84,39.31,-63.44,1
q,2022-10-14 18:00:18.974774,0.20,0.42,0.57,15.44,-11.54,18.49,-39.84,39.31,-63.44,1
q,2022-10-14 18:00:18.990419,0.31,0.46,0.68,14.65,-33.02,22.40,-39.84,39.31,-63.44,1
q,2022-10-14 18:00:19.006048,0.29,0.51,0.72,6.29,-28.14,17.33,-37.96,49.44,-55.83,1
q,2022-10-14 18:00:19.021674,0.33,0.54,0.78,6.65,-22.77,13.55,-37.96,49.44,-55.83,1
q,2022-10-14 18:00:19.052904,0.32,0.58,0.79,1.28,-14.16,7.39,-31.19,56.60,-50.18,1
q,2022-10-14 18:00:19.068527,0.32,0.65,0.92,1.89,-4.64,-3.85,-31.19,56.60,-50.18,1
q,2022-10-14 18:00:19.084178,0.33,0.63,0.92,4.82,-5.19,-4.46,-31.19,56.60,-50.18,1
q,2022-10-14 18:00:19.099803,0.24,0.42,0.72,12.08,-10.80,-0.49,-24.50,58.03,-48.55,1
q,2022-10-14 18:00:19.115425,0.55,0.82,1.13,7.87,5.62,-9.77,-24.50,58.03,-48.55,1
q,2022-10-14 18:00:19.146657,0.44,0.63,0.97,2.32,1.10,-8.79,-24.50,58.03,-48.55,1
q,2022-10-14 18:00:19.162284,0.33,0.50,0.86,-9.83,7.08,-13.98,-20.70,57.64,-49.76,1
q,2022-10-14 18:00:19.177929,0.33,0.53,0.83,-27.53,3.66,-16.48,-20.70,57.64,-49.76,1
q,2022-10-14 18:00:19.193555,0.31,0.54,0.78,-38.27,-9.58,-11.29,-20.26,57.10,-50.74,1
q,2022-10-14 18:00:19.224786,0.30,0.59,0.75,-45.23,-14.22,-5.92,-20.26,57.10,-50.74,1
q,2022-10-14 18:00:19.240412,0.28,0.63,0.72,-36.68,-13.31,0.55,-20.26,57.10,-50.74,1
q,2022-10-14 18:00:19.256059,0.27,0.64,0.71,-18.62,-3.54,12.45,-19.97,57.26,-50.78,1
q,2022-10-14 18:00:19.271684,0.26,0.58,0.70,-3.78,4.58,18.31,-19.97,57.26,-50.78,1
q,2022-10-14 18:00:19.287314,0.25,0.58,0.69,-12.57,13.31,23.68,-19.97,57.26,-50.78,1
q,2022-10-14 18:00:19.302936,0.08,0.65,0.76,-19.90,26.06,30.64,-19.82,56.73,-50.66,1
q,2022-10-14 18:00:19.334167,-0.38,1.21,1.30,71.59,107.24,49.87,-19.82,56.73,-50.66,1
q,2022-10-14 18:00:19.349794,0.14,0.98,0.32,130.68,132.32,-1.16,-18.71,50.16,-49.63,1
q,2022-10-14 18:00:19.365438,0.37,0.69,0.26,103.21,89.84,-49.19,-18.71,50.16,-49.63,1
q,2022-10-14 18:00:19.381065,0.37,0.58,0.51,80.08,44.13,-68.48,-18.71,50.16,-49.63,1
q,2022-10-14 18:00:19.396695,0.42,0.47,0.62,111.15,23.25,-59.39,-19.06,38.40,-47.16,1
q,2022-10-14 18:00:19.427926,0.51,0.31,0.60,128.91,15.44,-47.73,-19.06,38.40,-47.16,1
q,2022-10-14 18:00:19.443550,0.61,0.19,0.63,119.02,5.62,-40.41,-19.06,38.40,-47.16,1
q,2022-10-14 18:00:19.459194,0.69,0.05,0.59,92.47,-4.27,-37.72,-15.54,32.40,-42.43,1
q,2022-10-14 18:00:19.474802,0.61,0.03,0.77,39.61,-26.37,-24.05,-15.54,32.40,-42.43,1
q,2022-10-14 18:00:19.490430,0.50,0.10,0.91,23.38,-29.97,-11.11,-11.58,28.42,-37.78,1
q,2022-10-14 18:00:19.521679,0.39,0.23,1.03,18.43,-20.26,-4.09,-11.58,28.42,-37.78,1
q,2022-10-14 18:00:19.537305,0.44,0.23,0.96,21.67,-6.71,-10.31,-11.58,28.42,-37.78,1
q,2022-10-14 18:00:19.552955,0.47,0.13,0.94,0.49,-7.39,-17.09,-7.80,26.44,-34.81,1
q,2022-10-14 18:00:19.568577,0.45,0.17,0.99,-15.32,-8.42,-19.59,-7.80,26.44,-34.81,1
q,2022-10-14 18:00:19.584202,0.44,0.20,1.00,-14.22,-4.39,-15.50,-7.80,26.44,-34.81,1
q,2022-10-14 18:00:19.615434,0.43,0.24,0.99,-2.75,2.01,-8.24,-4.22,25.45,-31.41,1
q,2022-10-14 18:00:19.631061,0.45,0.21,0.94,2.56,6.10,-7.02,-4.22,25.45,-31.41,1
q,2022-10-14 18:00:19.646707,0.47,0.19,0.92,2.44,7.93,-6.23,-1.62,26.18,-30.64,1
q,2022-10-14 18:00:19.662335,0.49,0.15,0.88,-1.16,8.67,-5.80,-1.62,26.18,-30.64,1
q,2022-10-14 18:00:19.677961,0.50,0.16,0.87,-7.26,6.90,0.12,-1.62,26.18,-30.64,1
q,2022-10-14 18:00:19.709190,0.52,0.21,0.86,-9.03,7.63,5.37,-0.15,26.81,-31.16,1
q,2022-10-14 18:00:19.724816,0.53,0.20,0.83,-5.86,9.16,8.54,-0.15,26.81,-31.16,1
q,2022-10-14 18:00:19.740444,0.54,0.21,0.80,-10.86,7.57,9.46,-0.15,26.81,-31.16,1
q,2022-10-14 18:00:19.756091,0.55,0.17,0.79,-31.13,1.22,4.27,-0.67,25.18,-32.35,1
q,2022-10-14 18:00:19.771713,0.54,0.09,0.79,-41.87,-2.26,8.61,-0.67,25.18,-32.35,1
q,2022-10-14 18:00:19.787338,0.51,0.13,0.80,-48.58,-4.33,20.69,-3.67,22.38,-33.63,1
q,2022-10-14 18:00:19.818571,0.45,0.27,0.82,-45.96,-3.23,32.10,-3.67,22.38,-33.63,1
q,2022-10-14 18:00:19.834198,0.38,0.34,0.80,-44.98,-1.34,27.65,-3.67,22.38,-33.63,1
q,2022-10-14 18:00:19.849842,0.38,0.35,0.78,-45.47,-2.62,17.82,-10.40,18.40,-38.23,1
q,2022-10-14 18:00:19.865473,0.41,0.31,0.78,-46.26,-4.33,14.53,-10.40,18.40,-38.23,1
q,2022-10-14 18:00:19.881095,0.38,0.38,0.76,-40.28,-2.08,20.63,-10.40,18.40,-38.23,1
q,2022-10-14 18:00:19.912327,0.35,0.59,0.66,-26.55,-4.64,15.32,-17.85,15.30,-40.63,1
q,2022-10-14 18:00:19.927958,0.35,0.64,0.63,-18.98,-14.71,-2.14,-17.85,15.30,-40.63,1
q,2022-10-14 18:00:19.943602,0.34,0.57,0.69,-10.80,-21.67,-19.10,-23.60,10.86,-47.01,1
q,2022-10-14 18:00:19.959224,0.26,0.45,0.65,9.64,-23.80,-19.78,-23.60,10.86,-47.01,1
q,2022-10-14 18:00:19.982642,0.33,0.45,0.74,96.74,-21.18,-12.08,-23.60,10.86,-47.01,1
q,2022-10-14 18:00:20.006300,0.88,0.25,1.16,69.89,-0.79,-1.89,-25.31,9.30,-49.77,1
q,2022-10-14 18:00:20.021944,0.24,0.27,0.69,-14.34,19.10,-17.33,-25.31,9.30,-49.77,1
q,2022-10-14 18:00:20.037570,0.29,0.36,0.73,-33.39,9.09,-8.12,-25.31,9.30,-49.77,1
q,2022-10-14 18:00:20.053197,0.37,0.28,0.76,-30.21,4.70,-7.20,-24.69,7.64,-54.82,1
q,2022-10-14 18:00:20.068827,0.37,0.26,0.78,-29.72,4.88,-3.11,-24.69,7.64,-54.82,1
q,2022-10-14 18:00:20.100055,0.41,0.29,0.77,-22.16,14.16,12.51,-26.15,7.87,-57.51,1
q,2022-10-14 18:00:20.115682,0.37,0.27,0.72,-20.57,17.58,19.53,-26.15,7.87,-57.51,1
q,2022-10-14 18:00:20.131327,0.34,0.30,0.73,-22.95,14.89,24.90,-26.15,7.87,-57.51,1
q,2022-10-14 18:00:20.146956,0.29,0.37,0.69,-30.94,8.79,29.36,-30.53,12.01,-61.08,1
q,2022-10-14 18:00:20.162578,0.30,0.57,0.59,-33.63,-7.57,11.11,-30.53,12.01,-61.08,1
q,2022-10-14 18:00:20.193811,0.26,0.53,0.59,-17.58,-18.07,22.77,-30.53,12.01,-61.08,1
q,2022-10-14 18:00:20.209437,0.26,0.59,0.66,-6.96,-28.38,26.67,-36.96,18.29,-60.02,1
q,2022-10-14 18:00:20.225081,0.27,0.65,0.53,-11.78,-34.30,24.29,-36.96,18.29,-60.02,1
q,2022-10-14 18:00:20.240708,0.24,0.67,0.59,11.17,-44.74,22.16,-40.48,24.90,-53.25,1
q,2022-10-14 18:00:20.256337,0.31,0.81,0.76,39.31,-48.22,21.12,-40.48,24.90,-53.25,1
q,2022-10-14 18:00:20.287566,0.41,0.76,0.89,52.67,-38.82,10.68,-40.48,24.90,-53.25,1
q,2022-10-14 18:00:20.303192,0.38,0.65,0.93,34.67,-21.73,0.18,-40.14,26.90,-46.98,1
q,2022-10-14 18:00:20.318838,0.40,0.50,0.97,24.11,-3.60,1.95,-40.14,26.90,-46.98,1
q,2022-10-14 18:00:20.334467,0.40,0.58,0.94,26.37,1.34,6.71,-40.14,26.90,-46.98,1
q,2022-10-14 18:00:20.350089,0.36,0.65,0.96,36.01,4.21,5.43,-37.89,23.61,-43.14,1
q,2022-10-14 18:00:20.365715,0.38,0.60,0.94,39.73,5.31,-15.99,-37.89,23.61,-43.14,1
q,2022-10-14 18:00:20.396946,0.41,0.67,0.95,16.42,9.34,-47.42,-37.89,23.61,-43.14,1
q,2022-10-14 18:00:20.412574,0.39,0.32,0.95,12.82,6.47,-41.56,-34.28,17.10,-42.57,1
q,2022-10-14 18:00:20.428218,0.36,0.23,0.94,18.31,8.00,-24.48,-34.28,17.10,-42.57,1
q,2022-10-14 18:00:20.443845,0.35,0.15,0.82,24.60,6.16,-1.34,-28.50,12.23,-46.52,1
q,2022-10-14 18:00:20.459469,0.39,0.30,0.89,18.68,12.15,-6.59,-28.50,12.23,-46.52,1
q,2022-10-14 18:00:20.490703,0.28,0.15,0.76,5.98,16.91,-12.45,-28.50,12.23,-46.52,1
q,2022-10-14 18:00:20.506336,0.28,0.22,0.74,5.07,11.90,-5.80,-22.86,8.65,-49.43,1
q,2022-10-14 18:00:20.521978,0.23,0.25,0.66,9.89,-1.16,-0.98,-22.86,8.65,-49.43,1
q,2022-10-14 18:00:20.537603,0.29,0.30,0.72,17.46,-19.04,3.60,-19.64,7.60,-53.02,1
q,2022-10-14 18:00:20.553225,0.30,0.30,0.73,6.59,-10.13,-2.56,-19.64,7.60,-53.02,1
q,2022-10-14 18:00:20.584458,0.32,0.31,0.75,-0.43,6.10,-9.83,-19.64,7.60,-53.02,1
q,2022-10-14 18:00:20.600089,-0.08,0.03,0.27,15.99,-10.07,4.58,-21.46,8.76,-51.45,1
q,2022-10-14 18:00:20.615733,0.19,0.27,0.66,23.99,-18.37,14.40,-21.46,8.76,-51.45,1
q,2022-10-14 18:00:20.631355,0.23,0.29,0.65,15.81,-22.71,11.11,-21.46,8.76,-51.45,1
q,2022-10-14 18:00:20.646984,0.24,0.30,0.72,19.17,-26.55,12.45,-27.44,12.45,-45.97,1
q,2022-10-14 18:00:20.678213,0.28,0.39,0.90,15.99,-24.54,13.85,-27.44,12.45,-45.97,1
q,2022-10-14 18:00:20.693839,0.33,0.42,1.01,8.12,-17.76,5.13,-27.44,12.45,-45.97,1
q,2022-10-14 18:00:20.709485,0.39,0.40,0.91,3.54,-12.70,0.00,-28.61,16.27,-36.67,1
q,2022-10-14 18:00:20.725109,0.35,0.38,0.95,1.10,-7.39,-4.33,-28.61,16.27,-36.67,1
q,2022-10-14 18:00:20.740736,0.35,0.34,0.85,-4.58,-8.79,-4.27,-26.25,16.89,-30.73,1
q,2022-10-14 18:00:20.771969,0.43,0.48,1.16,2.32,-19.10,4.09,-26.25,16.89,-30.73,1
q,2022-10-14 18:00:20.787594,0.46,0.51,1.16,0.67,-7.26,0.85,-26.25,16.89,-30.73,1
q,2022-10-14 18:00:20.803245,0.37,0.41,1.00,-1.34,6.16,-2.87,-24.39,17.64,-28.33,1
q,2022-10-14 18:00:20.818866,0.32,0.36,0.94,-3.17,2.62,-0.79,-24.39,17.64,-28.33,1
q,2022-10-14 18:00:20.834495,0.30,0.36,0.91,-4.52,-6.23,2.56,-24.39,17.64,-28.33,1
q,2022-10-14 18:00:20.865727,0.29,0.34,0.88,-5.98,-13.55,5.37,-23.63,17.24,-26.66,1
q,2022-10-14 18:00:20.881350,0.27,0.37,0.87,-8.48,-18.31,8.79,-23.63,17.24,-26.66,1
q,2022-10-14 18:00:20.896995,0.26,0.37,0.85,-5.74,-17.15,12.15,-24.63,17.65,-28.26,1
q,2022-10-14 18:00:20.912624,0.24,0.37,0.85,-6.23,-14.71,14.95,-24.63,17.65,-28.26,1
q,2022-10-14 18:00:20.928247,0.23,0.43,0.85,-4.52,-10.50,19.41,-24.63,17.65,-28.26,1
q,2022-10-14 18:00:20.959479,0.21,0.48,0.85,11.41,1.04,37.23,-25.51,18.59,-27.14,1
q,2022-10-14 18:00:20.975113,-0.29,0.61,1.19,25.70,16.85,52.31,-25.51,18.59,-27.14,1
q,2022-10-14 18:00:20.990754,-0.19,0.85,1.19,82.09,83.07,37.41,-25.51,18.59,-27.14,1
q,2022-10-14 18:00:21.006376,0.22,0.44,0.59,102.05,109.62,3.66,-20.06,20.95,-30.59,1
q,2022-10-14 18:00:21.022002,0.31,0.34,0.69,61.34,63.05,-17.46,-20.06,20.95,-30.59,1
q,2022-10-14 18:00:21.053234,0.30,0.39,0.76,48.03,47.30,-27.04,-5.59,23.39,-32.87,1
q,2022-10-14 18:00:21.068860,0.38,0.30,0.73,49.62,39.31,-36.25,-5.59,23.39,-32.87,1
q,2022-10-14 18:00:21.084506,0.43,0.17,0.72,41.14,22.22,-39.92,-5.59,23.39,-32.87,1
q,2022-10-14 18:00:21.100131,0.51,0.08,0.74,36.50,13.00,-36.56,4.59,28.12,-30.59,1
q,2022-10-14 18:00:21.115760,0.56,0.01,0.71,22.16,0.00,-32.35,4.59,28.12,-30.59,1
q,2022-10-14 18:00:21.146989,0.54,0.01,0.77,-2.99,-14.71,-28.81,11.00,31.79,-27.55,1
q,2022-10-14 18:00:21.162615,0.45,0.07,0.90,-23.56,-23.25,-21.36,11.00,31.79,-27.55,1
q,2022-10-14 18:00:21.178261,0.41,0.12,0.93,-18.68,-20.75,-14.71,11.00,31.79,-27.55,1
q,2022-10-14 18:00:21.193890,0.40,0.15,0.94,-10.13,-16.54,-10.31,14.83,33.90,-25.89,1
q,2022-10-14 18:00:21.209512,0.36,0.17,0.99,-12.15,-14.28,-13.55,14.83,33.90,-25.89,1
q,2022-10-14 18:00:21.240744,0.36,0.15,0.99,-15.26,-10.99,-17.52,14.83,33.90,-25.89,1
q,2022-10-14 18:00:21.256369,0.38,0.15,0.99,-16.60,-8.36,-17.15,17.77,35.49,-24.84,1
q,2022-10-14 18:00:21.272019,0.38,0.17,0.98,-12.82,-5.68,-12.02,17.77,35.49,-24.84,1
q,2022-10-14 18:00:21.287642,0.38,0.20,0.94,-1.89,-0.61,-5.98,19.62,37.63,-23.88,1
q,2022-10-14 18:00:21.303271,0.41,0.18,0.90,-3.78,0.79,-8.67,19.62,37.63,-23.88,1
q,2022-10-14 18:00:21.334500,0.42,0.18,0.90,-13.67,-0.92,-13.98,19.62,37.63,-23.88,1
q,2022-10-14 18:00:21.350124,0.43,0.19,0.90,-22.46,-2.32,-16.78,21.17,38.07,-25.40,1
q,2022-10-14 18:00:21.365771,0.42,0.22,0.90,-23.74,-0.12,-13.00,21.17,38.07,-25.40,1
q,2022-10-14 18:00:21.381400,0.43,0.22,0.88,-19.90,1.65,-10.25,21.17,38.07,-25.40,1
q,2022-10-14 18:00:21.397022,0.43,0.23,0.88,-20.75,2.81,-9.09,21.58,38.34,-24.16,1
q,2022-10-14 18:00:21.428254,0.41,0.22,0.88,-22.28,2.44,-11.47,21.58,38.34,-24.16,1
q,2022-10-14 18:00:21.443899,0.40,0.20,0.90,-30.40,3.66,-13.61,22.91,37.37,-23.24,1
q,2022-10-14 18:00:21.459529,0.39,0.20,0.89,-36.32,6.84,-13.24,22.91,37.37,-23.24,1
q,2022-10-14 18:00:21.475152,0.40,0.26,0.85,-38.76,9.16,-11.54,22.91,37.37,-23.24,1
q,2022-10-14 18:00:21.490781,0.36,0.27,0.80,-43.70,8.06,-14.83,24.90,34.94,-24.52,1
q,2022-10-14 18:00:21.522009,0.37,0.23,0.79,-42.91,3.97,-15.32,24.90,34.94,-24.52,1
q,2022-10-14 18:00:21.537636,0.38,0.21,0.81,-46.69,0.49,-13.12,24.90,34.94,-24.52,1
q,2022-10-14 18:00:21.553282,0.36,0.22,0.82,-49.44,1.65,-2.38,26.42,32.31,-21.47,1
q,2022-10-14 18:00:21.568909,0.35,0.39,0.76,-39.00,0.85,-0.31,26.42,32.31,-21.47,1
q,2022-10-14 18:00:21.584533,0.35,0.41,0.65,-30.82,-3.97,-6.10,26.76,28.44,-22.46,1
q,2022-10-14 18:00:21.615765,0.33,0.56,0.88,75.87,-13.24,-3.54,26.76,28.44,-22.46,1
q,2022-10-14 18:00:21.631391,0.12,0.13,0.59,-0.12,20.02,-15.87,26.76,28.44,-22.46,1
q,2022-10-14 18:00:21.647040,0.54,0.17,1.00,7.26,-11.47,-14.22,27.76,28.49,-22.69,1
q,2022-10-14 18:00:21.662662,0.31,0.31,0.80,-17.88,-2.08,-8.00,27.76,28.49,-22.69,1
q,2022-10-14 18:00:21.693895,0.30,0.40,0.71,-14.04,3.48,-3.17,27.76,28.49,-22.69,1
q,2022-10-14 18:00:21.709520,0.41,0.23,0.82,-9.64,1.04,-11.54,26.76,25.76,-21.84,1
q,2022-10-14 18:00:21.725170,0.39,0.28,0.80,-11.72,5.37,-11.60,26.76,25.76,-21.84,1
q,2022-10-14 18:00:21.740792,0.38,0.30,0.78,-10.93,12.27,-3.17,25.24,23.24,-23.08,1
q,2022-10-14 18:00:21.756417,0.38,0.05,0.79,-4.09,19.71,13.00,25.24,23.24,-23.08,1
q,2022-10-14 18:00:21.772048,0.37,0.27,0.77,-9.64,24.48,37.54,25.24,23.24,-23.08,1
q,2022-10-14 18:00:21.803276,0.31,0.31,0.76,-4.64,18.37,36.07,20.03,19.02,-23.88,1
q,2022-10-14 18:00:21.818920,0.33,0.30,0.70,-9.58,-1.59,30.46,20.03,19.02,-23.88,1
q,2022-10-14 18:00:21.834548,0.34,0.34,0.73,-15.38,-10.80,27.22,20.03,19.02,-23.88,1
q,2022-10-14 18:00:21.850177,0.29,0.44,0.72,-25.39,-16.36,25.82,12.38,14.69,-24.30,1
q,2022-10-14 18:00:21.865799,0.31,0.62,0.73,-23.56,-25.88,25.21,12.38,14.69,-24.30,1
q,2022-10-14 18:00:21.897032,0.27,0.53,0.59,-28.81,-27.59,7.69,5.62,14.01,-22.69,1
q,2022-10-14 18:00:21.912658,0.29,0.74,0.64,-4.70,-36.87,16.97,5.62,14.01,-22.69,1
q,2022-10-14 18:00:21.928307,0.32,0.87,0.67,34.55,-37.72,15.81,5.62,14.01,-22.69,1
q,2022-10-14 18:00:21.943929,0.36,0.82,0.96,75.13,-41.14,10.31,7.20,17.09,-20.78,1
q,2022-10-14 18:00:21.959558,0.44,0.42,1.01,77.51,-21.30,-11.29,7.20,17.09,-20.78,1
q,2022-10-14 18:00:21.990787,0.41,0.37,1.01,46.14,-7.57,-9.03,7.20,17.09,-20.78,1
q,2022-10-14 18:00:22.006412,0.39,0.37,1.01,24.72,-5.00,-17.03,14.28,21.08,-18.88,1
q,2022-10-14 18:00:22.022059,0.41,0.38,0.97,12.70,-2.62,-29.17,14.28,21.08,-18.88,1
q,2022-10-14 18:00:22.037688,0.46,0.24,0.94,3.30,5.07,-45.96,21.00,25.62,-21.89,1
q,2022-10-14 18:00:22.053310,0.45,0.39,0.96,10.86,5.43,-32.47,21.00,25.62,-21.89,1
q,2022-10-14 18:00:22.084543,0.32,-0.04,0.92,13.12,6.84,-26.00,21.00,25.62,-21.89,1
q,2022-10-14 18:00:22.100167,0.31,-0.00,0.83,17.03,12.27,-1.77,26.05,28.93,-22.88,1
q,2022-10-14 18:00:22.115818,0.55,0.29,1.04,19.71,2.01,5.31,26.05,28.93,-22.88,1
q,2022-10-14 18:00:22.131428,0.22,0.20,0.72,4.94,0.98,2.62,26.05,28.93,-22.88,1
q,2022-10-14 18:00:22.147069,0.29,0.19,0.80,7.81,4.27,2.08,27.78,29.96,-23.29,1
q,2022-10-14 18:00:22.178298,0.36,0.26,0.85,11.23,-8.91,-0.73,27.78,29.96,-23.29,1
q,2022-10-14 18:00:22.193923,0.23,0.27,0.69,1.59,-3.30,-0.49,28.59,29.26,-24.11,1
q,2022-10-14 18:00:22.209569,0.29,0.27,0.75,2.20,-2.69,-3.85,28.59,29.26,-24.11,1
q,2022-10-14 18:00:22.225199,0.31,0.24,0.78,-4.88,8.36,-8.67,28.59,29.26,-24.11,1
q,2022-10-14 18:00:22.240824,-0.04,0.13,0.32,-9.03,13.06,-12.33,28.55,29.81,-24.05,1
q,2022-10-14 18:00:22.272054,0.30,0.25,0.70,17.88,-23.80,0.24,28.55,29.81,-24.05,1
q,2022-10-14 18:00:22.287679,0.16,0.20,0.66,12.45,-29.97,0.24,28.55,29.81,-24.05,1
q,2022-10-14 18:00:22.303329,0.26,0.26,0.82,20.14,-41.56,5.25,26.51,30.18,-22.46,1
q,2022-10-14 18:00:22.318930,0.32,0.26,0.95,16.05,-37.78,7.87,26.51,30.18,-22.46,1
q,2022-10-14 18:00:22.334577,0.28,0.30,0.91,4.52,-26.00,4.33,25.65,31.05,-22.11,1
q,2022-10-14 18:00:22.350206,0.34,0.32,1.00,2.87,-22.34,3.17,25.65,31.05,-22.11,1
q,2022-10-14 18:00:22.381435,0.30,0.33,0.96,2.14,-11.60,-2.62,25.65,31.05,-22.11,1
q,2022-10-14 18:00:22.397060,0.33,0.32,0.99,10.19,-13.73,-0.85,26.05,33.28,-22.63,1
q,2022-10-14 18:00:22.412706,0.36,0.33,1.06,17.58,-15.93,2.62,26.05,33.28,-22.63,1
q,2022-10-14 18:00:22.428335,0.29,0.27,0.94,18.68,-4.21,0.73,26.05,33.28,-22.63,1
q,2022-10-14 18:00:22.443937,0.31,0.24,0.97,8.85,-0.67,-2.99,26.49,33.63,-21.47,1
q,2022-10-14 18:00:22.475191,0.29,0.25,0.95,-0.92,-3.78,-4.09,26.49,33.63,-21.47,1
q,2022-10-14 18:00:22.490836,0.28,0.27,0.93,-6.77,-8.24,-4.39,26.21,33.28,-20.36,1
q,2022-10-14 18:00:22.506441,0.29,0.29,0.94,-6.29,-11.29,-3.42,26.21,33.28,-20.36,1
q,2022-10-14 18:00:22.522087,0.27,0.27,0.92,-3.17,-13.49,-2.14,26.21,33.28,-20.36,1
q,2022-10-14 18:00:22.553319,0.25,0.26,0.91,-3.54,-16.66,-1.95,26.23,33.42,-21.79,1
q,2022-10-14 18:00:22.568945,0.25,0.26,0.90,-9.09,-19.23,-3.17,26.23,33.42,-21.79,1
q,2022-10-14 18:00:22.584595,0.24,0.27,0.89,-16.30,-19.35,-4.27,26.23,33.42,-21.79,1
q,2022-10-14 18:00:22.600217,0.23,0.29,0.89,-23.25,-18.80,-3.85,26.05,33.15,-21.77,1
q,2022-10-14 18:00:22.615842,0.22,0.32,0.90,-22.09,-17.82,-1.53,26.05,33.15,-21.77,1
q,2022-10-14 18:00:22.647075,0.21,0.33,0.90,-11.60,-16.48,4.64,25.98,32.79,-21.74,1
q,2022-10-14 18:00:22.662701,0.20,0.17,0.91,-22.40,-16.78,4.03,25.98,32.79,-21.74,1
q,2022-10-14 18:00:22.678345,-0.31,0.15,1.05,-84.05,-22.16,-9.40,25.98,32.79,-21.74,1
q,2022-10-14 18:00:22.693952,-0.51,0.50,2.00,-62.87,31.80,-93.02,24.08,32.89,-22.63,1
q,2022-10-14 18:00:22.709599,0.07,-0.23,0.97,-40.59,92.22,-99.06,24.08,32.89,-22.63,1
q,2022-10-14 18:00:22.740831,0.32,-0.27,0.86,-43.03,88.13,-74.34,24.08,32.89,-22.63,1
q,2022-10-14 18:00:22.756456,0.32,-0.07,0.89,-29.05,73.67,-27.89,14.11,34.64,-27.72,1
q,2022-10-14 18:00:22.772106,0.33,0.01,0.83,-5.00,72.69,7.20,14.11,34.64,-27.72,1
q,2022-10-14 18:00:22.787728,0.44,-0.01,0.62,11.11,69.09,24.41,5.03,32.20,-33.63,1
q,2022-10-14 18:00:22.803358,0.52,-0.01,0.56,18.98,54.08,42.42,5.03,32.20,-33.63,1
q,2022-10-14 18:00:22.834586,0.59,0.06,0.54,5.98,39.73,51.82,5.03,32.20,-33.63,1
q,2022-10-14 18:00:22.850212,0.62,0.15,0.52,-18.74,21.24,56.95,-3.65,31.86,-37.28,1
q,2022-10-14 18:00:22.865858,0.53,0.25,0.57,-26.31,10.25,61.83,-3.65,31.86,-37.28,1
q,2022-10-14 18:00:22.881464,0.44,0.38,0.68,-27.53,5.19,65.55,-3.65,31.86,-37.28,1
q,2022-10-14 18:00:22.897113,0.40,0.44,0.73,-21.91,10.44,65.19,-9.13,34.90,-40.91,1
q,2022-10-14 18:00:22.928342,0.40,0.56,0.71,-27.83,12.27,61.46,-9.13,34.90,-40.91,1
q,2022-10-14 18:00:22.943967,0.41,0.63,0.69,-33.63,11.17,53.89,-8.63,39.12,-43.59,1
q,2022-10-14 18:00:22.959618,0.40,0.65,0.69,-40.34,8.97,46.26,-8.63,39.12,-43.59,1
q,2022-10-14 18:00:22.975241,0.37,0.71,0.70,-44.13,6.71,40.59,-8.63,39.12,-43.59,1
q,2022-10-14 18:00:23.006471,0.32,0.82,0.70,-49.93,6.96,37.05,-5.35,42.79,-42.07,1
q,2022-10-14 18:00:23.022097,0.30,0.87,0.70,-41.69,9.40,32.78,-5.35,42.79,-42.07,1
q,2022-10-14 18:00:23.037723,0.31,0.88,0.66,-24.41,13.18,28.44,-5.35,42.79,-42.07,1
q,2022-10-14 18:00:23.053370,0.36,0.78,0.60,9.95,10.31,27.28,-2.62,42.94,-39.11,1
q,2022-10-14 18:00:23.068975,0.34,0.75,0.63,13.49,5.43,26.92,-2.62,42.94,-39.11,1
q,2022-10-14 18:00:23.084624,0.30,0.75,0.68,13.43,2.50,25.33,-2.87,43.81,-36.52,1
q,2022-10-14 18:00:23.115853,0.27,0.77,0.70,12.76,2.62,19.17,-2.87,43.81,-36.52,1
q,2022-10-14 18:00:23.131483,0.24,0.71,0.70,16.36,2.50,14.34,-2.87,43.81,-36.52,1
q,2022-10-14 18:00:23.147125,0.24,0.70,0.74,18.49,1.95,13.37,-4.38,45.85,-33.39,1
q,2022-10-14 18:00:23.162750,0.22,0.68,0.76,22.58,1.10,9.89,-4.38,45.85,-33.39,1
q,2022-10-14 18:00:23.178377,0.22,0.66,0.76,23.62,4.03,6.65,-4.38,45.85,-33.39,1
q,2022-10-14 18:00:23.209608,0.21,0.66,0.79,19.78,4.70,3.30,-6.42,46.55,-30.08,1
q,2022-10-14 18:00:23.225235,0.24,0.59,0.72,22.58,11.35,-3.66,-6.42,46.55,-30.08,1
q,2022-10-14 18:00:23.240884,0.28,0.56,0.74,11.47,8.30,-6.77,-8.78,47.42,-27.03,1
q,2022-10-14 18:00:23.256487,0.30,0.57,0.73,-15.38,8.85,-15.75,-8.78,47.42,-27.03,1
q,2022-10-14 18:00:23.272136,0.28,0.58,0.75,-20.57,9.03,-12.76,-8.78,47.42,-27.03,1
q,2022-10-14 18:00:23.303364,0.29,0.66,0.72,-18.92,14.10,-12.02,-11.32,48.19,-24.43,1
q,2022-10-14 18:00:23.318990,0.35,0.72,0.70,-17.33,11.11,-20.20,-11.32,48.19,-24.43,1
q,2022-10-14 18:00:23.334636,0.37,0.63,0.65,-38.88,9.70,-26.37,-11.32,48.19,-24.43,1
q,2022-10-14 18:00:23.350265,0.33,0.66,0.66,-36.38,3.36,-23.32,-14.20,50.42,-22.23,1
q,2022-10-14 18:00:23.365888,0.36,0.67,0.71,-20.45,0.00,-16.11,-14.20,50.42,-22.23,1
q,2022-10-14 18:00:23.397119,0.35,0.71,0.77,-14.04,4.03,-12.51,-16.22,49.72,-20.91,1
q,2022-10-14 18:00:23.412747,0.31,0.68,0.72,-6.41,2.62,-12.88,-16.22,49.72,-20.91,1
q,2022-10-14 18:00:23.428395,0.32,0.74,0.79,-1.28,3.30,-13.73,-16.22,49.72,-20.91,1
q,2022-10-14 18:00:23.443998,0.33,0.62,0.75,8.67,8.67,-17.88,-19.48,48.62,-19.97,1
q,2022-10-14 18:00:23.459642,0.38,0.58,0.70,1.77,6.23,-16.05,-19.48,48.62,-19.97,1
q,2022-10-14 18:00:23.490876,0.35,0.68,0.66,-12.15,2.75,-17.58,-22.90,47.25,-18.29,1
q,2022-10-14 18:00:23.506502,0.32,0.78,0.65,-24.41,-2.93,-27.65,-22.90,47.25,-18.29,1
q,2022-10-14 18:00:23.522146,0.35,0.73,0.69,-15.01,-7.63,-39.31,-22.90,47.25,-18.29,1
q,2022-10-14 18:00:23.537773,0.44,0.54,0.65,-5.25,-6.29,-36.32,-25.06,43.19,-18.71,1
q,2022-10-14 18:00:23.553402,0.45,0.41,0.63,-4.09,-6.77,-27.04,-25.06,43.19,-18.71,1
q,2022-10-14 18:00:23.584631,0.46,0.39,0.66,-4.21,-10.07,-7.08,-25.06,43.19,-18.71,1
q,2022-10-14 18:00:23.600276,0.42,0.31,0.68,-6.23,-10.25,6.35,-27.26,39.34,-18.27,1
q,2022-10-14 18:00:23.615906,0.36,0.35,0.71,-15.14,-9.09,19.65,-27.26,39.34,-18.27,1
q,2022-10-14 18:00:23.631530,0.42,0.27,0.70,24.41,34.97,21.36,-31.84,38.96,-17.25,1
q,2022-10-14 18:00:23.662761,0.35,0.32,0.64,-8.12,20.14,16.36,-31.84,38.96,-17.25,1
q,2022-10-14 18:00:23.678389,0.32,0.44,0.65,-42.30,13.67,19.17,-31.84,38.96,-17.25,1
q,2022-10-14 18:00:23.694013,0.38,0.49,0.55,-58.53,10.31,13.12,-37.43,41.98,-18.30,1
q,2022-10-14 18:00:23.709662,0.28,0.55,0.57,-52.80,10.01,17.88,-37.43,41.98,-18.30,1
q,2022-10-14 18:00:23.725284,0.21,0.59,0.54,-26.18,3.11,28.81,-37.43,41.98,-18.30,1
q,2022-10-14 18:00:23.756516,0.22,0.57,0.35,-6.77,-3.23,34.85,-42.31,47.50,-17.76,1
q,2022-10-14 18:00:23.772158,0.23,0.74,0.51,-5.68,-14.34,34.97,-42.31,47.50,-17.76,1
q,2022-10-14 18:00:23.787792,0.23,0.76,0.41,-22.89,-28.81,28.20,-41.42,53.48,-14.34,1
q,2022-10-14 18:00:23.803412,0.15,0.98,0.56,-6.96,-37.60,27.10,-41.42,53.48,-14.34,1
q,2022-10-14 18:00:23.819038,0.20,1.04,0.54,24.23,-42.54,28.81,-41.42,53.48,-14.34,1
q,2022-10-14 18:00:23.850272,0.29,1.01,0.68,49.38,-43.03,21.85,-34.14,58.36,-9.78,1
q,2022-10-14 18:00:23.865898,0.38,0.86,0.81,46.81,-26.67,6.59,-34.14,58.36,-9.78,1
q,2022-10-14 18:00:23.881542,0.30,0.86,0.83,35.34,-14.10,-1.28,-34.14,58.36,-9.78,1
q,2022-10-14 18:00:23.897173,0.38,0.77,0.75,38.57,-9.34,-6.41,-26.51,57.93,-8.03,1
q,2022-10-14 18:00:23.912795,0.39,0.58,0.88,47.36,-1.89,-7.51,-26.51,57.93,-8.03,1
q,2022-10-14 18:00:23.944031,0.40,0.72,0.88,33.45,4.94,-13.37,-23.38,54.64,-11.25,1
q,2022-10-14 18:00:23.959653,0.29,0.58,0.88,6.16,13.98,-55.42,-23.38,54.64,-11.25,1
q,2022-10-14 18:00:23.975302,0.35,0.49,0.82,3.17,9.16,-38.39,-23.38,54.64,-11.25,1
q,2022-10-14 18:00:23.990925,0.33,0.40,0.76,-7.45,8.97,-34.30,-24.89,47.30,-15.91,1
q,2022-10-14 18:00:24.006550,0.29,0.21,0.69,7.39,5.19,-20.57,-24.89,47.30,-15.91,1
q,2022-10-14 18:00:24.037783,0.42,0.47,0.80,15.99,2.01,7.20,-24.89,47.30,-15.91,1
q,2022-10-14 18:00:24.053432,0.22,0.39,0.64,5.80,0.85,9.83,-25.32,41.56,-16.63,1
q,2022-10-14 18:00:24.069036,0.17,0.39,0.50,2.32,1.59,10.13,-25.32,41.56,-16.63,1
q,2022-10-14 18:00:24.084683,0.22,0.57,0.58,3.42,-15.32,2.87,-27.34,40.22,-15.86,1
q,2022-10-14 18:00:24.100305,0.27,0.54,0.60,-2.69,-12.63,-2.38,-27.34,40.22,-15.86,1
q,2022-10-14 18:00:24.131536,0.28,0.53,0.63,-20.75,8.00,-9.28,-27.34,40.22,-15.86,1
q,2022-10-14 18:00:24.147164,-0.25,-0.10,0.11,-26.37,8.18,-7.08,-27.21,41.05,-16.21,1
q,2022-10-14 18:00:24.162813,0.29,0.57,0.67,17.88,-37.60,51.70,-27.21,41.05,-16.21,1
q,2022-10-14 18:00:24.178435,0.19,0.55,0.66,-1.83,-31.92,23.99,-27.21,41.05,-16.21,1
q,2022-10-14 18:00:24.194060,0.22,0.54,0.65,-2.38,-41.99,20.63,-23.66,47.61,-14.78,1
q,2022-10-14 18:00:24.225293,0.29,0.80,0.83,-1.16,-32.10,15.26,-23.66,47.61,-14.78,1
q,2022-10-14 18:00:24.240923,0.24,0.70,0.68,-1.28,-13.92,2.44,-17.87,55.57,-12.99,1
q,2022-10-14 18:00:24.256564,0.27,0.80,0.83,11.23,1.59,-3.97,-17.87,55.57,-12.99,1
q,2022-10-14 18:00:24.272190,0.23,0.73,0.77,20.45,4.76,-5.31,-17.87,55.57,-12.99,1
q,2022-10-14 18:00:24.287820,0.42,0.84,1.04,36.07,-9.40,7.26,-11.66,60.97,-12.77,1
q,2022-10-14 18:00:24.319048,0.31,0.62,0.85,19.59,10.74,-6.84,-11.66,60.97,-12.77,1
q,2022-10-14 18:00:24.334678,0.40,0.62,0.85,-8.18,11.54,-12.27,-11.66,60.97,-12.77,1
q,2022-10-14 18:00:24.350324,0.31,0.63,0.83,-23.74,0.98,-10.99,-9.88,63.49,-11.58,1
q,2022-10-14 18:00:24.365949,0.28,0.64,0.76,-31.19,-8.91,-7.51,-9.88,63.49,-11.58,1
q,2022-10-14 18:00:24.381571,0.26,0.66,0.73,-23.56,-19.35,-0.37,-9.77,63.85,-12.45,1
q,2022-10-14 18:00:24.412802,0.23,0.66,0.69,-15.01,-19.59,5.68,-9.77,63.85,-12.45,1
q,2022-10-14 18:00:24.428429,0.22,0.63,0.67,-10.93,-16.24,8.73,-9.77,63.85,-12.45,1
q,2022-10-14 18:00:24.444075,0.21,0.60,0.66,-12.57,-10.50,7.45,-9.66,63.10,-12.98,1
q,2022-10-14 18:00:24.459701,0.22,0.58,0.66,-23.13,-1.22,-0.43,-9.66,63.10,-12.98,1
q,2022-10-14 18:00:24.475330,0.22,0.60,0.67,-40.04,3.54,-5.62,-9.66,63.10,-12.98,1
q,2022-10-14 18:00:24.506559,0.21,0.60,0.66,-61.83,6.53,-9.22,-9.36,64.56,-13.54,1
q,2022-10-14 18:00:24.522184,-0.32,0.77,0.90,-99.43,8.97,-9.16,-9.36,64.56,-13.54,1
q,2022-10-14 18:00:24.537830,-0.41,1.16,1.11,-15.38,72.45,-31.74,-8.56,63.21,-17.00,1
q,2022-10-14 18:00:24.553441,0.10,0.53,0.50,-3.91,112.98,-65.06,-8.56,63.21,-17.00,1
q,2022-10-14 18:00:24.569065,0.36,0.32,0.42,-16.72,90.39,-68.24,-8.56,63.21,-17.00,1
q,2022-10-14 18:00:24.600316,0.44,0.34,0.42,-41.14,65.55,-46.45,-8.14,56.90,-24.54,1
q,2022-10-14 18:00:24.615942,0.52,0.53,0.37,-49.13,38.82,-4.88,-8.14,56.90,-24.54,1
q,2022-10-14 18:00:24.631566,0.56,0.63,0.28,-50.78,27.10,10.38,-8.14,56.90,-24.54,1
q,2022-10-14 18:00:24.647212,0.59,0.72,0.16,-54.50,11.05,18.13,-4.79,55.57,-25.74,1
q,2022-10-14 18:00:24.662842,0.60,0.80,0.15,-63.29,-22.34,18.31,-4.79,55.57,-25.74,1
q,2022-10-14 18:00:24.694071,0.42,0.93,0.35,-57.62,-35.16,21.42,-0.96,57.58,-27.37,1
q,2022-10-14 18:00:24.709696,0.31,1.10,0.47,-43.46,-33.57,21.55,-0.96,57.58,-27.37,1
q,2022-10-14 18:00:24.725342,0.30,1.16,0.49,-13.31,-21.24,12.57,-0.96,57.58,-27.37,1
q,2022-10-14 18:00:24.740971,0.36,1.09,0.46,14.22,-12.15,-7.51,2.61,58.65,-29.96,1
q,2022-10-14 18:00:24.756593,0.41,0.97,0.46,20.32,-13.06,-13.79,2.61,58.65,-29.96,1
q,2022-10-14 18:00:24.787826,0.42,0.93,0.49,24.66,-16.72,-14.77,2.61,58.65,-29.96,1
q,2022-10-14 18:00:24.803452,0.41,0.96,0.52,24.29,-18.98,-16.11,3.42,58.20,-32.19,1
q,2022-10-14 18:00:24.819100,0.39,0.95,0.56,32.90,-19.04,-22.64,3.42,58.20,-32.19,1
q,2022-10-14 18:00:24.834722,0.39,0.94,0.56,46.08,-18.55,-27.28,1.83,57.39,-35.40,1
q,2022-10-14 18:00:24.850348,0.38,0.82,0.59,55.54,-18.07,-33.75,1.83,57.39,-35.40,1
q,2022-10-14 18:00:24.865978,0.38,0.75,0.63,60.06,-19.96,-33.81,1.83,57.39,-35.40,1
q,2022-10-14 18:00:24.897206,0.41,0.72,0.67,66.59,-17.21,-31.19,-1.57,54.63,-38.60,1
q,2022-10-14 18:00:24.912832,0.43,0.67,0.65,67.75,-14.53,-31.80,-1.57,54.63,-38.60,1
q,2022-10-14 18:00:24.928478,0.45,0.56,0.65,70.13,-13.92,-29.36,-1.57,54.63,-38.60,1
q,2022-10-14 18:00:24.944107,0.44,0.52,0.70,46.63,-16.97,-29.05,-3.65,50.59,-42.27,1
q,2022-10-14 18:00:24.975336,0.42,0.48,0.73,35.40,-11.84,-28.32,-3.65,50.59,-42.27,1
q,2022-10-14 18:00:24.993894,0.38,0.46,0.73,27.89,-7.14,-22.58,-3.56,47.09,-43.75,1
q,2022-10-14 18:00:25.007092,0.35,0.47,0.77,27.40,1.16,-10.86,-3.56,47.09,-43.75,1
q,2022-10-14 18:00:25.022745,0.41,0.41,0.74,24.78,7.20,-6.29,-3.56,47.09,-43.75,1
q,2022-10-14 18:00:25.038375,0.45,0.37,0.68,9.89,9.28,-4.82,-0.61,44.38,-44.43,1
q,2022-10-14 18:00:25.053997,0.38,0.45,0.68,-9.03,4.76,-1.46,-0.61,44.38,-44.43,1
q,2022-10-14 18:00:25.085228,0.33,0.52,0.73,-0.61,4.21,7.20,-0.61,44.38,-44.43,1
q,2022-10-14 18:00:25.100855,0.38,0.42,0.68,12.57,9.16,11.23,3.20,41.31,-44.20,1
q,2022-10-14 18:00:25.116504,0.41,0.48,0.56,1.71,1.59,10.74,3.20,41.31,-44.20,1
q,2022-10-14 18:00:25.132126,0.32,0.73,0.62,-23.99,-10.44,0.43,7.96,38.18,-41.59,1
q,2022-10-14 18:00:25.147756,0.25,0.84,0.74,-17.33,-10.13,-23.68,7.96,38.18,-41.59,1
q,2022-10-14 18:00:25.178984,0.35,0.57,0.68,9.34,-5.07,-25.94,7.96,38.18,-41.59,1
q,2022-10-14 18:00:25.194611,0.43,0.39,0.64,19.10,-3.05,-17.33,12.30,35.03,-38.07,1
q,2022-10-14 18:00:25.210255,0.42,0.31,0.65,13.79,-4.03,-3.11,12.30,35.03,-38.07,1
q,2022-10-14 18:00:25.225885,0.44,0.34,0.63,7.81,-7.57,19.47,12.30,35.03,-38.07,1
q,2022-10-14 18:00:25.241507,0.21,1.19,1.16,-6.90,-12.88,5.55,16.60,32.68,-34.50,1
q,2022-10-14 18:00:25.272740,0.18,0.50,0.53,22.34,42.36,18.55,16.60,32.68,-34.50,1
q,2022-10-14 18:00:25.288364,0.40,0.28,0.80,-3.30,13.24,3.85,15.19,29.63,-28.77,1
q,2022-10-14 18:00:25.304011,0.36,0.34,0.66,-40.04,16.42,23.99,15.19,29.63,-28.77,1
q,2022-10-14 18:00:25.319637,0.32,0.40,0.57,-45.65,17.76,31.86,15.19,29.63,-28.77,1
q,2022-10-14 18:00:25.335263,0.24,0.51,0.63,-39.43,14.40,38.27,6.20,28.30,-25.33,1
q,2022-10-14 18:00:25.350892,0.24,0.57,0.43,-29.91,13.49,43.21,6.20,28.30,-25.33,1
q,2022-10-14 18:00:25.382121,0.24,0.68,0.41,-22.64,1.71,30.46,6.20,28.30,-25.33,1
q,2022-10-14 18:00:25.397757,0.21,0.76,0.47,-21.06,-9.03,23.68,-4.17,33.14,-24.73,1
q,2022-10-14 18:00:25.413392,0.20,0.95,0.41,-14.95,-17.33,22.16,-4.17,33.14,-24.73,1
q,2022-10-14 18:00:25.429021,0.17,1.06,0.34,-4.15,-36.44,16.36,-7.82,41.06,-28.04,1
q,2022-10-14 18:00:25.444643,0.24,1.09,0.49,50.35,-51.76,19.41,-7.82,41.06,-28.04,1
q,2022-10-14 18:00:25.475875,0.41,0.95,0.66,85.88,-47.91,17.21,-7.82,41.06,-28.04,1
q,2022-10-14 18:00:25.491522,0.37,0.84,0.68,78.31,-23.01,8.73,-4.42,45.46,-32.24,1
q,2022-10-14 18:00:25.507151,0.38,0.82,0.83,60.55,-7.45,-8.06,-4.42,45.46,-32.24,1
q,2022-10-14 18:00:25.522773,0.42,0.70,0.87,47.91,-3.30,-24.60,-4.42,45.46,-32.24,1
q,2022-10-14 18:00:25.554006,0.43,0.61,0.94,33.69,0.73,-22.95,0.10,43.59,-37.50,1
q,2022-10-14 18:00:25.569631,0.41,0.55,0.85,7.20,2.87,-57.37,0.10,43.59,-37.50,1
q,2022-10-14 18:00:25.585280,0.36,0.59,0.95,-0.37,3.30,-43.03,6.38,39.28,-41.85,1
q,2022-10-14 18:00:25.600902,0.52,0.87,0.81,11.11,3.78,-21.91,6.38,39.28,-41.85,1
q,2022-10-14 18:00:25.616532,0.29,0.27,0.75,11.05,6.65,-37.96,6.38,39.28,-41.85,1
q,2022-10-14 18:00:25.632154,0.42,0.38,0.81,22.03,2.56,-5.37,14.60,36.16,-42.16,1
q,2022-10-14 18:00:25.663386,0.33,0.34,0.71,11.29,1.28,6.90,14.60,36.16,-42.16,1
q,2022-10-14 18:00:25.679013,0.25,0.33,0.64,-0.12,1.34,4.88,14.60,36.16,-42.16,1
q,2022-10-14 18:00:25.694662,0.22,0.38,0.59,-1.28,-5.98,6.35,19.54,34.78,-37.76,1
q,2022-10-14 18:00:25.710283,0.15,0.43,0.52,-0.37,-9.77,4.82,19.54,34.78,-37.76,1
q,2022-10-14 18:00:25.725909,0.28,0.51,0.64,-2.99,-2.69,1.34,20.34,34.70,-37.26,1
q,2022-10-14 18:00:25.757141,0.30,0.51,0.68,-1.34,12.45,-5.13,20.34,34.70,-37.26,1
q,2022-10-14 18:00:25.772768,-0.06,0.35,0.27,2.14,15.26,-8.42,20.34,34.70,-37.26,1
q,2022-10-14 18:00:25.788412,0.26,0.46,0.59,22.09,-23.86,13.55,18.97,35.49,-39.59,1
q,2022-10-14 18:00:25.804043,0.22,0.41,0.56,16.17,-29.05,12.15,18.97,35.49,-39.59,1
q,2022-10-14 18:00:25.819665,0.31,0.45,0.60,19.71,-29.42,16.05,18.97,35.49,-39.59,1
q,2022-10-14 18:00:25.835291,0.29,0.47,0.74,14.40,-19.17,10.86,11.57,39.58,-46.14,1
q,2022-10-14 18:00:25.866889,0.28,0.57,0.82,13.73,-14.16,4.70,11.57,39.58,-46.14,1
q,2022-10-14 18:00:25.882542,0.35,0.53,0.79,4.82,-10.07,0.98,3.60,45.08,-50.24,1
q,2022-10-14 18:00:25.898171,0.39,0.70,1.05,0.49,-7.93,-0.98,3.60,45.08,-50.24,1
q,2022-10-14 18:00:25.913793,0.39,0.67,0.97,-1.04,-4.94,-2.93,3.60,45.08,-50.24,1
q,2022-10-14 18:00:25.929419,0.36,0.69,0.94,-2.81,-3.11,-1.83,-0.07,48.88,-51.81,1
q,2022-10-14 18:00:25.960650,0.33,0.59,0.87,0.55,-3.97,-0.31,-0.07,48.88,-51.81,1
q,2022-10-14 18:00:25.976277,0.32,0.56,0.86,-0.73,-5.62,-0.73,-0.07,48.88,-51.81,1
q,2022-10-14 18:00:25.991922,0.30,0.54,0.82,-6.59,-8.97,-1.77,-1.54,50.13,-52.36,1
q,2022-10-14 18:00:26.007548,0.29,0.55,0.79,-13.12,-10.80,-5.13,-1.54,50.13,-52.36,1
q,2022-10-14 18:00:26.023177,0.27,0.55,0.76,-16.05,-13.55,-5.19,-1.54,50.13,-52.36,1
q,2022-10-14 18:00:26.054405,0.27,0.53,0.76,-19.35,-14.40,-4.70,-1.89,49.77,-51.87,1
q,2022-10-14 18:00:26.070031,0.26,0.52,0.75,-27.34,-14.89,-5.43,-1.89,49.77,-51.87,1
q,2022-10-14 18:00:26.085678,0.26,0.57,0.74,-45.17,-14.59,-6.41,-2.11,48.94,-52.22,1
q,2022-10-14 18:00:26.101307,0.25,0.63,0.73,-50.29,-15.20,-3.72,-2.11,48.94,-52.22,1
q,2022-10-14 18:00:26.116929,0.24,0.69,0.73,-43.82,-13.67,4.46,-2.11,48.94,-52.22,1
q,2022-10-14 18:00:26.148162,0.23,0.73,0.71,-21.67,-8.48,26.73,-2.77,47.73,-51.67,1
q,2022-10-14 18:00:26.163807,0.18,0.69,0.69,-18.01,-2.38,44.07,-2.77,47.73,-51.67,1
q,2022-10-14 18:00:26.179437,-0.35,0.83,0.88,-16.17,8.30,61.95,-2.04,46.56,-52.22,1
q,2022-10-14 18:00:26.195058,-0.34,1.45,1.22,85.51,78.67,15.50,-2.04,46.56,-52.22,1
q,2022-10-14 18:00:26.226290,0.22,0.61,0.36,109.86,101.20,-25.88,-2.04,46.56,-52.22,1
q,2022-10-14 18:00:26.241916,0.34,0.42,0.42,85.21,67.87,-35.71,-0.48,46.96,-49.78,1
q,2022-10-14 18:00:26.257566,0.31,0.45,0.62,61.40,41.14,-30.21,-0.48,46.96,-49.78,1
q,2022-10-14 18:00:26.273188,0.32,0.44,0.61,54.32,33.75,-26.49,-0.48,46.96,-49.78,1
q,2022-10-14 18:00:26.288817,0.42,0.41,0.57,55.48,22.83,-22.64,-3.23,47.94,-48.36,1
q,2022-10-14 18:00:26.320046,0.46,0.36,0.57,46.08,10.13,-20.45,-3.23,47.94,-48.36,1
q,2022-10-14 18:00:26.335672,0.50,0.33,0.54,30.52,-3.54,-20.81,-7.17,47.02,-48.82,1
q,2022-10-14 18:00:26.351318,0.51,0.32,0.57,8.67,-25.39,-16.42,-7.17,47.02,-48.82,1
q,2022-10-14 18:00:26.366946,0.39,0.39,0.69,1.04,-36.38,-10.68,-7.17,47.02,-48.82,1
q,2022-10-14 18:00:26.382569,0.27,0.50,0.86,2.99,-35.83,-8.06,-12.43,46.25,-50.35,1
q,2022-10-14 18:00:26.413801,0.28,0.49,0.87,31.01,-16.36,-10.86,-12.43,46.25,-50.35,1
q,2022-10-14 18:00:26.429427,0.39,0.40,0.80,29.24,-15.01,-15.38,-12.43,46.25,-50.35,1
q,2022-10-14 18:00:26.445076,0.41,0.37,0.82,18.62,-18.13,-18.68,-16.78,44.78,-50.88,1
q,2022-10-14 18:00:26.460698,0.39,0.39,0.89,4.94,-22.89,-18.13,-16.78,44.78,-50.88,1
q,2022-10-14 18:00:26.491931,0.31,0.41,1.00,3.85,-19.71,-14.16,-21.15,42.07,-51.38,1
q,2022-10-14 18:00:26.507558,0.30,0.45,1.02,5.92,-13.55,-11.29,-21.15,42.07,-51.38,1
q,2022-10-14 18:00:26.523182,0.32,0.46,1.00,9.03,-7.32,-11.47,-21.15,42.07,-51.38,1
q,2022-10-14 18:00:26.538828,0.35,0.39,0.96,14.40,-3.23,-14.47,-22.33,39.18,-50.70,1
q,2022-10-14 18:00:26.554458,0.36,0.35,0.94,13.12,-1.71,-13.79,-22.33,39.18,-50.70,1
q,2022-10-14 18:00:26.585686,0.38,0.30,0.90,9.09,-1.10,-12.08,-23.56,36.68,-49.50,1
q,2022-10-14 18:00:26.601311,0.34,0.32,0.90,0.73,-1.83,-5.55,-23.56,36.68,-49.50,1
q,2022-10-14 18:00:26.616958,0.31,0.36,0.90,-1.16,0.12,-3.11,-23.56,36.68,-49.50,1
q,2022-10-14 18:00:26.632587,0.31,0.38,0.90,0.12,1.95,-2.87,-23.05,35.52,-50.12,1
q,2022-10-14 18:00:26.648209,0.31,0.34,0.88,-5.55,4.21,-5.98,-23.05,35.52,-50.12,1
q,2022-10-14 18:00:26.663834,0.33,0.34,0.88,-10.19,4.58,-5.49,-23.05,35.52,-50.12,1
q,2022-10-14 18:00:26.695067,0.32,0.34,0.89,-13.79,6.59,-4.15,-22.66,34.88,-51.01,1
q,2022-10-14 18:00:26.710696,0.32,0.37,0.90,-14.53,10.25,-0.79,-22.66,34.88,-51.01,1
q,2022-10-14 18:00:26.726339,0.39,0.35,0.89,-12.76,16.11,0.92,-22.66,34.88,-51.01,1
q,2022-10-14 18:00:26.741963,0.42,0.35,0.85,-45.35,22.03,-3.60,-21.34,34.50,-51.11,1
q,2022-10-14 18:00:26.757594,0.32,0.38,0.90,-54.75,20.75,-0.73,-21.34,34.50,-51.11,1
q,2022-10-14 18:00:26.788822,0.34,0.46,0.90,-45.96,26.73,9.03,-19.27,34.90,-53.02,1
q,2022-10-14 18:00:26.804447,0.40,0.43,0.84,-25.88,35.16,16.11,-19.27,34.90,-53.02,1
q,2022-10-14 18:00:26.820094,0.40,0.48,0.73,-38.45,34.30,15.01,-19.27,34.90,-53.02,1
q,2022-10-14 18:00:26.835724,0.36,0.57,0.69,-40.71,26.55,6.65,-15.89,38.55,-56.58,1
q,2022-10-14 18:00:26.851346,0.35,0.62,0.68,-36.32,18.74,0.85,-15.89,38.55,-56.58,1
q,2022-10-14 18:00:26.882578,0.36,0.60,0.70,-21.06,14.40,-3.23,-15.89,38.55,-56.58,1
q,2022-10-14 18:00:26.898203,0.37,0.59,0.60,-7.02,5.31,-10.50,-12.00,40.28,-57.01,1
q,2022-10-14 18:00:26.913853,0.39,0.44,0.56,2.44,-7.69,-13.85,-12.00,40.28,-57.01,1
q,2022-10-14 18:00:26.929475,0.40,0.34,0.62,5.98,-22.52,-8.42,-9.91,43.63,-59.06,1
q,2022-10-14 18:00:26.945104,-0.02,1.01,1.15,27.77,-27.04,-3.78,-9.91,43.63,-59.06,1
q,2022-10-14 18:00:26.976333,0.26,0.19,0.71,60.06,29.30,8.79,-9.91,43.63,-59.06,1
q,2022-10-14 18:00:26.991958,0.36,0.24,0.80,-3.66,8.48,-6.90,-7.86,48.38,-58.62,1
q,2022-10-14 18:00:27.007604,0.35,0.27,0.71,-38.51,10.56,2.08,-7.86,48.38,-58.62,1
q,2022-10-14 18:00:27.023234,0.33,0.12,0.68,-56.09,8.36,11.84,-7.86,48.38,-58.62,1
q,2022-10-14 18:00:27.038856,0.28,0.29,0.68,-62.26,9.95,31.37,-0.92,49.88,-58.91,1
q,2022-10-14 18:00:27.070088,0.26,0.39,0.60,-47.91,6.41,36.32,-0.92,49.88,-58.91,1
q,2022-10-14 18:00:27.085713,0.28,0.37,0.51,-33.51,3.60,35.40,9.62,47.34,-59.25,1
q,2022-10-14 18:00:27.101359,0.24,0.66,0.53,-31.62,-1.65,36.87,9.62,47.34,-59.25,1
q,2022-10-14 18:00:27.116986,0.24,0.70,0.45,-33.33,-6.77,28.99,9.62,47.34,-59.25,1
q,2022-10-14 18:00:27.132615,0.22,1.01,0.47,-32.10,-18.25,20.14,12.43,41.50,-61.21,1
q,2022-10-14 18:00:27.163844,0.18,0.94,0.49,-2.99,-42.05,2.56,12.43,41.50,-61.21,1
q,2022-10-14 18:00:27.179469,0.25,0.89,0.62,4.70,-64.51,7.20,12.43,41.50,-61.21,1
q,2022-10-14 18:00:27.195115,0.31,0.86,0.77,12.08,-65.12,14.04,4.05,41.60,-62.70,1
q,2022-10-14 18:00:27.219255,0.29,0.82,0.70,25.21,-51.57,19.78,4.05,41.60,-62.70,1
q,2022-10-14 18:00:27.226954,0.33,0.76,0.89,46.75,-32.84,18.07,-4.76,43.03,-64.18,1
q,2022-10-14 18:00:27.242608,0.31,0.68,0.89,38.15,-12.39,11.90,-4.76,43.03,-64.18,1
q,2022-10-14 18:00:27.273841,0.28,0.61,0.87,46.69,-2.44,10.62,-4.76,43.03,-64.18,1
q,2022-10-14 18:00:27.289490,0.29,0.56,0.87,39.92,-2.38,1.65,-8.58,44.41,-63.75,1
q,2022-10-14 18:00:27.305092,0.41,1.00,0.85,14.83,3.17,-45.35,-8.58,44.41,-63.75,1
q,2022-10-14 18:00:27.320741,0.32,0.56,0.85,-0.67,7.69,-45.96,-8.58,44.41,-63.75,1
q,2022-10-14 18:00:27.336364,0.29,0.55,0.76,2.01,7.20,-34.06,-9.46,44.47,-63.84,1
q,2022-10-14 18:00:27.367596,0.28,0.58,0.76,3.72,3.72,-27.10,-9.46,44.47,-63.84,1
q,2022-10-14 18:00:27.383222,0.30,0.45,0.78,16.97,0.61,-21.06,-10.56,44.95,-62.30,1
q,2022-10-14 18:00:27.398871,0.25,0.31,0.80,16.97,1.71,-8.73,-10.56,44.95,-62.30,1
q,2022-10-14 18:00:27.414493,0.24,0.31,0.73,13.79,4.82,-7.32,-10.56,44.95,-62.30,1
q,2022-10-14 18:00:27.430123,0.24,0.41,0.72,6.77,2.44,-6.29,-9.35,46.36,-59.25,1
q,2022-10-14 18:00:27.461350,0.15,0.41,0.63,3.78,-3.48,-2.81,-9.35,46.36,-59.25,1
q,2022-10-14 18:00:27.476977,0.25,0.50,0.72,7.14,-8.61,3.42,-9.35,46.36,-59.25,1
q,2022-10-14 18:00:27.492623,0.24,0.44,0.70,3.54,1.10,-1.28,-9.51,47.16,-58.26,1
q,2022-10-14 18:00:27.508252,0.25,0.47,0.69,-3.91,13.12,-11.29,-9.51,47.16,-58.26,1
q,2022-10-14 18:00:27.523874,0.26,0.52,0.73,-11.35,21.24,-18.74,-9.36,46.86,-59.72,1
q,2022-10-14 18:00:27.555106,0.08,0.46,0.44,0.61,8.00,-19.65,-9.36,46.86,-59.72,1
q,2022-10-14 18:00:27.570737,0.22,0.42,0.66,17.33,-17.03,-0.92,-9.36,46.86,-59.72,1
q,2022-10-14 18:00:27.586382,0.24,0.41,0.68,16.66,-17.82,-1.10,-12.27,44.36,-60.11,1
q,2022-10-14 18:00:27.602004,0.22,0.43,0.74,19.59,-21.24,3.48,-12.27,44.36,-60.11,1
q,2022-10-14 18:00:27.633237,0.26,0.44,0.79,19.35,-22.16,8.18,-17.10,43.12,-61.27,1
q,2022-10-14 18:00:27.648862,0.26,0.47,0.72,4.03,-13.18,2.50,-17.10,43.12,-61.27,1
q,2022-10-14 18:00:27.664511,0.29,0.53,0.87,4.64,-21.73,14.53,-17.10,43.12,-61.27,1
q,2022-10-14 18:00:27.680133,0.29,0.51,0.79,10.07,-12.21,13.00,-22.23,42.18,-62.32,1
q,2022-10-14 18:00:27.695759,0.26,0.55,0.89,11.29,-11.84,10.38,-22.23,42.18,-62.32,1
q,2022-10-14 18:00:27.726992,0.29,0.63,0.97,5.07,-10.01,7.45,-22.23,42.18,-62.32,1
q,2022-10-14 18:00:27.742617,0.26,0.55,0.90,1.10,-6.04,2.87,-25.89,43.02,-61.72,1
q,2022-10-14 18:00:27.758263,0.28,0.58,0.92,0.37,-6.59,3.17,-25.89,43.02,-61.72,1
q,2022-10-14 18:00:27.773888,0.29,0.59,0.93,-2.87,0.18,-1.40,-28.03,43.58,-61.07,1
q,2022-10-14 18:00:27.789518,0.26,0.57,0.88,-5.68,5.49,-3.78,-28.03,43.58,-61.07,1
q,2022-10-14 18:00:27.820747,0.24,0.54,0.84,-3.97,1.89,1.71,-28.03,43.58,-61.07,1
q,2022-10-14 18:00:27.836371,0.24,0.52,0.83,-0.43,-4.46,7.51,-27.84,43.25,-61.15,1
q,2022-10-14 18:00:27.852022,0.22,0.50,0.80,-0.73,-8.97,11.90,-27.84,43.25,-61.15,1
q,2022-10-14 18:00:27.867643,0.20,0.52,0.79,-4.82,-8.73,14.77,-27.84,43.25,-61.15,1
q,2022-10-14 18:00:27.883269,0.18,0.56,0.79,-9.64,-6.35,21.06,-28.31,43.24,-61.22,1
q,2022-10-14 18:00:27.914502,-0.11,0.64,1.00,2.38,9.89,42.30,-28.31,43.24,-61.22,1
q,2022-10-14 18:00:27.930128,-0.46,1.29,1.23,63.60,89.90,68.60,-24.37,44.62,-59.17,1
q,2022-10-14 18:00:27.945776,0.02,0.82,0.51,141.11,127.44,22.16,-24.37,44.62,-59.17,1
q,2022-10-14 18:00:27.961398,0.28,0.64,0.31,111.76,96.80,-20.32,-24.37,44.62,-59.17,1
q,2022-10-14 18:00:27.977028,0.26,0.43,0.70,66.16,35.22,-56.40,-19.36,41.97,-53.20,1
q,2022-10-14 18:00:27.992650,0.32,0.36,0.73,73.12,29.36,-49.80,-19.36,41.97,-53.20,1
q,2022-10-14 18:00:28.023883,0.41,0.28,0.66,83.74,22.64,-38.57,-19.36,41.97,-53.20,1
q,2022-10-14 18:00:28.039528,0.47,0.18,0.67,76.84,8.54,-34.18,-16.82,38.12,-45.95,1
q,2022-10-14 18:00:28.055158,0.52,0.09,0.69,44.74,-11.17,-30.76,-16.82,38.12,-45.95,1
q,2022-10-14 18:00:28.070780,0.46,0.06,0.77,18.68,-23.25,-23.19,-16.82,38.12,-45.95,1
q,2022-10-14 18:00:28.086409,0.37,0.16,0.92,3.60,-26.31,-15.01,-15.80,32.98,-43.44,1
q,2022-10-14 18:00:28.117638,0.31,0.22,0.97,4.09,-18.07,-9.52,-15.80,32.98,-43.44,1
q,2022-10-14 18:00:28.133265,0.34,0.22,0.93,7.32,-9.64,-9.22,-14.62,29.96,-41.74,1
q,2022-10-14 18:00:28.148909,0.36,0.18,0.93,-0.12,-11.60,-11.41,-14.62,29.96,-41.74,1
q,2022-10-14 18:00:28.164538,0.35,0.21,0.95,-9.34,-11.90,-12.39,-14.62,29.96,-41.74,1
q,2022-10-14 18:00:28.180160,0.33,0.22,0.97,-11.84,-7.75,-10.56,-12.43,27.97,-37.85,1
q,2022-10-14 18:00:28.211392,0.32,0.24,0.96,-10.86,-6.16,-8.61,-12.43,27.97,-37.85,1
q,2022-10-14 18:00:28.227038,0.32,0.26,0.97,-9.95,-4.64,-6.96,-10.97,27.32,-36.78,1
q,2022-10-14 18:00:28.242667,0.33,0.26,0.93,-6.47,-1.10,-5.55,-10.97,27.32,-36.78,1
q,2022-10-14 18:00:28.258289,0.37,0.24,0.88,-10.68,-2.81,-7.02,-10.97,27.32,-36.78,1
q,2022-10-14 18:00:28.289522,0.38,0.24,0.87,-18.01,-5.07,-8.18,-8.57,26.37,-36.45,1
q,2022-10-14 18:00:28.305147,0.35,0.27,0.89,-23.38,-5.86,-6.84,-8.57,26.37,-36.45,1
q,2022-10-14 18:00:28.320797,0.35,0.33,0.88,-23.86,-4.27,-6.04,-8.57,26.37,-36.45,1
q,2022-10-14 18:00:28.336419,0.34,0.33,0.89,-23.07,-3.05,-8.97,-7.39,25.38,-35.29,1
q,2022-10-14 18:00:28.352045,0.35,0.32,0.90,-24.17,-2.44,-11.78,-7.39,25.38,-35.29,1
q,2022-10-14 18:00:28.383277,0.37,0.31,0.88,-24.23,-0.67,-10.44,-6.25,23.24,-35.62,1
q,2022-10-14 18:00:28.398923,0.36,0.30,0.91,-28.26,0.55,-11.47,-6.25,23.24,-35.62,1
q,2022-10-14 18:00:28.414549,0.33,0.35,0.97,-33.87,1.16,-10.19,-6.25,23.24,-35.62,1
q,2022-10-14 18:00:28.430174,0.39,0.40,0.94,-26.98,8.79,-5.98,-4.81,21.95,-33.65,1
q,2022-10-14 18:00:28.445804,0.36,0.41,0.86,-29.60,11.05,-6.96,-4.81,21.95,-33.65,1
q,2022-10-14 18:00:28.477032,0.35,0.41,0.88,-32.84,6.53,-9.16,-4.81,21.95,-33.65,1
q,2022-10-14 18:00:28.492658,0.37,0.36,0.92,-35.34,5.98,-10.93,-3.43,19.82,-31.84,1
q,2022-10-14 18:00:28.508304,0.39,0.33,0.89,-38.70,9.77,-5.31,-3.43,19.82,-31.84,1
q,2022-10-14 18:00:28.523933,0.34,0.43,0.86,-33.63,16.42,-1.04,-2.27,17.72,-29.05,1
q,2022-10-14 18:00:28.539554,0.32,0.42,0.83,-23.32,16.72,-1.10,-2.27,17.72,-29.05,1
q,2022-10-14 18:00:28.570788,0.35,0.33,0.81,-16.24,15.44,-1.28,-2.27,17.72,-29.05,1
q,2022-10-14 18:00:28.586412,0.33,0.24,0.83,-16.30,14.59,8.36,-2.80,16.55,-26.70,1
q,2022-10-14 18:00:28.602058,0.36,0.28,0.81,-7.87,19.71,18.98,-2.80,16.55,-26.70,1
q,2022-10-14 18:00:28.617685,0.37,0.31,0.70,-13.92,18.80,23.13,-2.80,16.55,-26.70,1
q,2022-10-14 18:00:28.633314,0.38,0.40,0.65,-24.35,7.08,21.36,-5.93,15.77,-25.99,1
q,2022-10-14 18:00:28.648936,0.36,0.46,0.70,-36.62,-1.83,12.70,-5.93,15.77,-25.99,1
q,2022-10-14 18:00:28.680167,0.35,0.36,0.70,-29.91,-2.32,13.37,-10.30,14.25,-26.79,1
q,2022-10-14 18:00:28.695795,0.21,0.51,0.61,-18.98,-4.21,23.38,-10.30,14.25,-26.79,1
q,2022-10-14 18:00:28.711444,0.40,0.39,0.85,78.98,-25.45,-34.36,-10.30,14.25,-26.79,1
q,2022-10-14 18:00:28.727065,-0.01,0.53,0.37,-11.72,52.73,22.22,-13.71,14.23,-27.72,1
q,2022-10-14 18:00:28.742696,0.25,0.28,0.67,-33.81,14.16,11.60,-13.71,14.23,-27.72,1
q,2022-10-14 18:00:28.773924,0.23,0.21,0.63,-48.46,-0.67,6.04,-13.71,14.23,-27.72,1
q,2022-10-14 18:00:28.789549,0.23,0.17,0.68,-51.51,-6.35,28.14,-17.26,16.35,-31.51,1
q,2022-10-14 18:00:28.805196,0.25,0.45,0.71,-41.99,-3.17,47.79,-17.26,16.35,-31.51,1
q,2022-10-14 18:00:28.820825,0.25,0.76,0.53,-44.01,-1.34,36.68,-17.26,16.35,-31.51,1
q,2022-10-14 18:00:28.836447,0.22,0.71,0.49,-46.63,-4.03,5.55,-21.56,18.40,-39.89,1
q,2022-10-14 18:00:28.867679,0.25,0.75,0.50,-33.33,-8.24,2.50,-21.56,18.40,-39.89,1
q,2022-10-14 18:00:28.883307,0.26,0.83,0.51,-24.05,-15.01,7.02,-22.47,18.10,-41.24,1
q,2022-10-14 18:00:28.898954,0.25,0.86,0.64,9.52,-23.13,13.18,-22.47,18.10,-41.24,1
q,2022-10-14 18:00:28.914577,0.27,0.91,0.81,34.36,-29.24,21.79,-22.47,18.10,-41.24,1
q,2022-10-14 18:00:28.930183,0.36,0.90,0.81,55.54,-26.98,21.18,-22.47,16.76,-40.11,1
q,2022-10-14 18:00:28.945832,0.33,0.73,0.99,52.37,-15.26,5.07,-22.47,16.76,-40.11,1
q,2022-10-14 18:00:28.977060,0.38,0.65,0.90,51.33,-6.65,-5.00,-22.47,16.76,-40.11,1
q,2022-10-14 18:00:28.992703,0.38,0.60,0.88,46.81,-6.10,-14.22,-18.90,14.59,-35.68,1
q,2022-10-14 18:00:29.008332,0.33,0.52,0.91,26.18,-5.43,-20.26,-18.90,14.59,-35.68,1
q,2022-10-14 18:00:29.023957,0.35,0.74,0.86,-1.65,-5.55,-57.62,-13.31,12.30,-31.29,1
q,2022-10-14 18:00:29.040919,0.33,0.36,0.82,-9.64,-6.59,-45.41,-13.31,12.30,-31.29,1
q,2022-10-14 18:00:29.056563,0.41,0.54,0.88,16.36,-2.14,-14.28,-13.31,12.30,-31.29,1
q,2022-10-14 18:00:29.087796,0.31,0.31,0.83,16.11,7.51,-13.18,-7.74,11.88,-26.09,1
q,2022-10-14 18:00:29.103441,0.23,0.08,0.75,35.52,-3.91,17.27,-7.74,11.88,-26.09,1
q,2022-10-14 18:00:29.119069,0.45,0.49,0.95,18.07,-3.66,8.73,-7.74,11.88,-26.09,1
q,2022-10-14 18:00:29.134692,0.16,0.29,0.65,-18.68,9.89,-10.99,-6.51,13.65,-24.04,1
q,2022-10-14 18:00:29.150317,0.36,0.52,0.82,-6.04,-2.32,-4.03,-6.51,13.65,-24.04,1
q,2022-10-14 18:00:29.181551,0.33,0.52,0.82,7.08,0.98,-1.59,-7.37,13.90,-22.99,1
q,2022-10-14 18:00:29.197176,0.15,0.36,0.56,6.47,3.97,-2.50,-7.37,13.90,-22.99,1
q,2022-10-14 18:00:29.212822,0.26,0.42,0.70,5.98,0.92,-1.95,-7.37,13.90,-22.99,1
q,2022-10-14 18:00:29.228450,0.28,0.44,0.73,-4.70,13.55,-7.02,-7.17,13.81,-23.83,1
q,2022-10-14 18:00:29.244074,0.11,0.39,0.44,1.53,9.95,-7.08,-7.17,13.81,-23.83,1
q,2022-10-14 18:00:29.275305,0.20,0.34,0.56,27.22,-13.18,8.06,-7.17,13.81,-23.83,1
q,2022-10-14 18:00:29.290932,0.18,0.32,0.68,30.15,-20.32,12.76,-6.02,13.15,-23.38,1
q,2022-10-14 18:00:29.306581,0.24,0.37,0.67,31.49,-27.40,16.85,-6.02,13.15,-23.38,1
q,2022-10-14 18:00:29.322203,0.25,0.33,0.70,29.91,-31.07,23.80,-6.04,12.63,-27.04,1
q,2022-10-14 18:00:29.337832,0.25,0.45,0.82,17.70,-18.31,11.47,-6.04,12.63,-27.04,1
q,2022-10-14 18:00:29.353454,0.33,0.55,0.86,8.61,-9.58,1.59,-6.04,12.63,-27.04,1
q,2022-10-14 18:00:29.384687,0.34,0.60,1.00,6.96,-5.49,-3.36,-7.23,11.84,-29.65,1
q,2022-10-14 18:00:29.400313,0.29,0.45,0.89,9.22,-15.63,-5.31,-7.23,11.84,-29.65,1
q,2022-10-14 18:00:29.415958,0.32,0.52,0.99,9.16,-9.95,2.50,-7.23,11.84,-29.65,1
q,2022-10-14 18:00:29.431585,0.40,0.61,1.10,0.73,-8.67,-0.43,-7.17,11.40,-29.85,1
q,2022-10-14 18:00:29.447210,0.33,0.50,0.94,-7.93,-4.82,-6.84,-7.17,11.40,-29.85,1
q,2022-10-14 18:00:29.478445,0.32,0.50,0.95,-9.40,-11.72,-3.66,-7.17,11.40,-29.85,1
q,2022-10-14 18:00:29.494068,0.33,0.57,0.92,-27.89,-2.93,-10.99,-9.24,11.15,-30.15,1
q,2022-10-14 18:00:29.509714,0.26,0.53,0.85,-26.92,-3.11,-8.97,-9.24,11.15,-30.15,1
q,2022-10-14 18:00:29.525340,0.25,0.52,0.82,-17.64,-6.04,-2.26,-9.57,10.96,-29.79,1
q,2022-10-14 18:00:29.540966,0.24,0.50,0.80,-6.84,-5.19,4.58,-9.57,10.96,-29.79,1
q,2022-10-14 18:00:29.572198,0.23,0.49,0.79,-0.37,-1.95,5.68,-9.57,10.96,-29.79,1
q,2022-10-14 18:00:29.587824,0.23,0.48,0.79,3.42,2.81,6.35,-9.42,10.73,-30.26,1
q,2022-10-14 18:00:29.603470,0.23,0.46,0.79,4.52,7.32,7.08,-9.42,10.73,-30.26,1
q,2022-10-14 18:00:29.619099,0.24,0.43,0.80,-12.88,11.17,6.90,-9.62,10.88,-29.96,1
q,2022-10-14 18:00:29.634722,0.22,0.50,0.79,-36.07,14.34,9.40,-9.62,10.88,-29.96,1
q,2022-10-14 18:00:29.650328,-0.17,0.55,0.96,-46.63,21.79,21.24,-9.62,10.88,-29.96,1
q,2022-10-14 18:00:29.681581,-0.31,1.26,1.38,28.20,72.57,46.14,-8.79,13.11,-29.53,1
q,2022-10-14 18:00:29.697206,-0.01,0.88,0.43,102.17,131.84,-20.81,-8.79,13.11,-29.53,1
q,2022-10-14 18:00:29.712832,0.43,0.45,0.34,74.22,85.94,-55.85,-8.79,13.11,-29.53,1
q,2022-10-14 18:00:29.740496,0.41,0.38,0.58,46.94,35.77,-64.45,-0.31,22.17,-31.29,1
q,2022-10-14 18:00:29.744542,0.40,0.42,0.70,45.29,13.12,-56.95,-0.31,22.17,-31.29,1
q,2022-10-14 18:00:29.775799,0.49,0.31,0.64,57.50,6.04,-49.07,-0.31,22.17,-31.29,1
q,2022-10-14 18:00:29.791446,0.57,0.29,0.59,48.95,-5.80,-43.27,5.59,28.78,-30.00,1
q,2022-10-14 18:00:29.807072,0.58,0.16,0.62,33.33,-20.39,-38.64,5.59,28.78,-30.00,1
q,2022-10-14 18:00:29.822700,0.53,0.15,0.74,8.73,-31.92,-31.74,9.94,33.50,-30.85,1
q,2022-10-14 18:00:29.838323,0.39,0.26,0.96,2.26,-28.87,-8.91,9.94,33.50,-30.85,1
q,2022-10-14 18:00:29.869555,0.39,0.33,0.96,12.94,-15.26,-3.97,9.94,33.50,-30.85,1
q,2022-10-14 18:00:29.885181,0.39,0.32,0.95,17.94,-8.73,-4.52,12.87,36.94,-30.15,1
q,2022-10-14 18:00:29.900830,0.41,0.31,0.94,13.24,-6.53,-10.19,12.87,36.94,-30.15,1
q,2022-10-14 18:00:29.916452,0.41,0.28,0.94,-0.37,-6.65,-16.78,12.87,36.94,-30.15,1
q,2022-10-14 18:00:29.932078,0.41,0.29,0.97,-6.47,-5.92,-19.04,14.48,41.93,-30.59,1
q,2022-10-14 18:00:29.963312,0.41,0.28,0.96,-4.52,-3.17,-16.30,14.48,41.93,-30.59,1
q,2022-10-14 18:00:29.978937,0.40,0.27,0.95,-1.04,15.32,-11.29,15.94,45.07,-32.47,1
q,2022-10-14 18:00:29.994582,0.41,0.27,0.93,-0.79,2.99,-10.80,15.94,45.07,-32.47,1
q,2022-10-14 18:00:30.017796,0.45,0.28,0.88,-6.16,3.85,-13.61,15.94,45.07,-32.47,1
q,2022-10-14 18:00:30.026495,0.47,0.27,0.88,-9.28,-0.06,-15.08,16.63,48.68,-32.41,1
q,2022-10-14 18:00:30.057759,0.49,0.23,0.87,-9.03,-0.85,-9.95,16.63,48.68,-32.41,1
q,2022-10-14 18:00:30.073382,0.50,0.21,0.87,-11.05,-1.71,-4.70,16.63,48.68,-32.41,1
q,2022-10-14 18:00:30.089030,0.46,0.28,0.92,-20.39,-0.67,-2.14,18.05,50.70,-33.17,1
q,2022-10-14 18:00:30.104652,0.42,0.32,0.91,-22.40,6.96,-2.81,18.05,50.70,-33.17,1
q,2022-10-14 18:00:30.120282,0.45,0.26,0.81,-31.62,6.96,-6.35,21.09,50.90,-33.20,1
q,2022-10-14 18:00:30.135904,0.42,0.18,0.81,-41.63,3.11,-5.37,21.09,50.90,-33.20,1
q,2022-10-14 18:00:30.167137,0.40,0.23,0.86,-48.10,3.17,2.56,21.09,50.90,-33.20,1
q,2022-10-14 18:00:30.182762,0.40,0.30,0.83,-44.98,8.18,9.40,24.51,49.77,-33.25,1
q,2022-10-14 18:00:30.198411,0.42,0.37,0.65,-40.71,6.90,7.75,24.51,49.77,-33.25,1
q,2022-10-14 18:00:30.214034,0.40,0.31,0.69,-49.87,-4.82,1.77,24.51,49.77,-33.25,1
q,2022-10-14 18:00:30.229659,0.27,0.38,0.88,-56.15,-6.53,7.39,27.83,47.34,-30.31,1
q,2022-10-14 18:00:30.260892,0.27,0.46,0.89,-34.12,7.87,15.81,27.83,47.34,-30.31,1
q,2022-10-14 18:00:30.276518,0.33,0.40,0.73,-1.34,12.82,16.85,30.58,44.51,-28.05,1
q,2022-10-14 18:00:30.292163,0.53,0.77,1.16,-6.84,-0.43,4.03,30.58,44.51,-28.05,1
q,2022-10-14 18:00:30.307789,0.27,0.45,0.71,5.62,28.99,-1.28,30.58,44.51,-28.05,1
q,2022-10-14 18:00:30.323418,0.36,0.34,0.85,7.14,7.63,-5.31,31.67,43.01,-26.45,1
q,2022-10-14 18:00:30.339040,0.41,0.23,0.78,-16.54,8.79,4.64,31.67,43.01,-26.45,1
q,2022-10-14 18:00:30.370272,0.42,0.22,0.76,-20.69,9.58,17.52,31.67,43.01,-26.45,1
q,2022-10-14 18:00:30.385899,0.39,0.25,0.75,-23.25,13.37,22.64,31.40,39.72,-22.45,1
q,2022-10-14 18:00:30.401547,0.33,0.36,0.76,-25.21,13.43,20.75,31.40,39.72,-22.45,1
q,2022-10-14 18:00:30.417169,0.33,0.36,0.69,-24.78,14.59,17.58,31.40,39.72,-22.45,1
q,2022-10-14 18:00:30.432799,0.34,0.48,0.63,-20.45,5.43,6.04,28.00,33.97,-19.27,1
q,2022-10-14 18:00:30.464028,0.32,0.38,0.62,-21.00,-0.31,-0.31,28.00,33.97,-19.27,1
q,2022-10-14 18:00:30.479653,0.26,0.46,0.59,-14.77,-2.93,12.82,24.19,28.67,-18.26,1
q,2022-10-14 18:00:30.495299,0.26,0.51,0.60,0.06,-16.30,47.67,24.19,28.67,-18.26,1
q,2022-10-14 18:00:30.510928,0.33,0.68,0.53,3.36,-29.11,49.38,24.19,28.67,-18.26,1
q,2022-10-14 18:00:30.526550,0.25,0.67,0.63,2.56,-33.45,28.99,19.40,23.17,-17.87,1
q,2022-10-14 18:00:30.557786,0.33,0.78,0.66,1.95,-22.34,15.63,19.40,23.17,-17.87,1
q,2022-10-14 18:00:30.573408,0.28,0.79,0.75,19.10,-11.66,5.25,19.40,23.17,-17.87,1
q,2022-10-14 18:00:30.589058,0.33,0.74,0.75,26.43,-16.36,4.46,18.59,22.52,-18.36,1
q,2022-10-14 18:00:30.604680,0.42,0.67,0.82,25.70,-22.09,4.64,18.59,22.52,-18.36,1
q,2022-10-14 18:00:30.620309,0.44,0.64,0.90,8.30,-14.53,2.69,20.75,25.20,-20.92,1
q,2022-10-14 18:00:30.635935,0.39,0.73,0.90,17.27,-5.25,6.59,20.75,25.20,-20.92,1
q,2022-10-14 18:00:30.667163,0.38,0.82,0.87,41.26,-4.58,12.51,20.75,25.20,-20.92,1
q,2022-10-14 18:00:30.682791,0.36,1.06,0.87,50.23,-6.90,-9.03,25.05,29.61,-23.21,1
q,2022-10-14 18:00:30.698439,0.31,0.37,0.92,27.65,-7.81,-61.89,25.05,29.61,-23.21,1
q,2022-10-14 18:00:30.714065,0.35,0.36,0.92,13.85,-9.16,-39.92,25.05,29.61,-23.21,1
q,2022-10-14 18:00:30.729686,0.44,0.56,0.91,28.75,-6.71,1.46,28.87,37.88,-25.81,1
q,2022-10-14 18:00:30.760918,0.34,0.24,0.86,21.42,1.10,-17.15,28.87,37.88,-25.81,1
q,2022-10-14 18:00:30.776545,0.34,0.15,0.84,26.73,-1.40,2.14,31.01,41.42,-27.93,1
q,2022-10-14 18:00:30.792190,0.31,0.24,0.79,13.49,10.07,-7.08,31.01,41.42,-27.93,1
q,2022-10-14 18:00:30.807816,0.23,0.20,0.68,13.37,2.62,-0.73,31.01,41.42,-27.93,1
q,2022-10-14 18:00:30.823445,0.38,0.32,0.87,17.82,-8.24,0.37,31.27,41.83,-27.45,1
q,2022-10-14 18:00:30.839067,0.27,0.37,0.71,-3.91,-5.13,-4.76,31.27,41.83,-27.45,1
q,2022-10-14 18:00:30.870319,0.30,0.36,0.74,-11.47,11.96,-12.88,31.27,41.83,-27.45,1
q,2022-10-14 18:00:30.885944,0.31,0.40,0.75,-15.38,13.43,-19.78,30.87,41.99,-26.65,1
q,2022-10-14 18:00:30.901575,0.05,0.03,0.47,-1.04,10.86,-9.40,30.87,41.99,-26.65,1
q,2022-10-14 18:00:30.917197,0.27,0.35,0.71,18.31,-14.77,21.55,30.86,41.47,-26.05,1
q,2022-10-14 18:00:30.932826,0.24,0.33,0.66,7.63,-18.37,6.23,30.86,41.47,-26.05,1
q,2022-10-14 18:00:30.948448,0.29,0.37,0.72,-10.38,-29.11,-3.42,30.86,41.47,-26.05,1
q,2022-10-14 18:00:30.979699,0.29,0.39,0.80,-9.64,-30.21,-3.42,29.16,41.63,-28.80,1
q,2022-10-14 18:00:30.995326,0.30,0.46,0.76,-6.23,-23.07,-3.78,29.16,41.63,-28.80,1
q,2022-10-14 18:00:31.010955,0.33,0.59,0.88,5.13,-19.10,-1.16,29.16,41.63,-28.80,1
q,2022-10-14 18:00:31.026576,0.28,0.49,0.83,19.29,-10.31,0.24,27.87,41.85,-29.09,1
q,2022-10-14 18:00:31.042204,0.37,0.50,0.90,19.41,-2.32,-2.93,27.87,41.85,-29.09,1
q,2022-10-14 18:00:31.073435,0.37,0.47,0.99,18.98,2.26,-2.99,27.87,41.85,-29.09,1
q,2022-10-14 18:00:31.089062,0.40,0.46,1.04,10.62,3.85,-4.52,27.45,43.26,-29.38,1
q,2022-10-14 18:00:31.104707,0.37,0.43,0.96,-1.28,-0.55,-6.23,27.45,43.26,-29.38,1
q,2022-10-14 18:00:31.120333,0.32,0.44,0.90,-5.86,-5.19,-5.92,26.84,43.26,-29.48,1
q,2022-10-14 18:00:31.135962,0.30,0.43,0.86,-4.88,-11.84,-3.97,26.84,43.26,-29.48,1
q,2022-10-14 18:00:31.167190,0.29,0.41,0.83,-4.39,-15.81,-1.46,26.84,43.26,-29.48,1
q,2022-10-14 18:00:31.182816,0.28,0.40,0.82,-7.75,-14.04,-1.46,27.19,42.92,-30.37,1
q,2022-10-14 18:00:31.198462,0.27,0.40,0.80,-12.27,-9.89,-2.93,27.19,42.92,-30.37,1
q,2022-10-14 18:00:31.214092,0.26,0.42,0.80,-13.00,-4.33,-5.13,27.19,42.92,-30.37,1
q,2022-10-14 18:00:31.229714,0.27,0.43,0.81,-8.67,4.64,-5.68,26.93,42.47,-29.33,1
q,2022-10-14 18:00:31.260946,0.28,0.43,0.83,0.37,7.93,-5.43,26.93,42.47,-29.33,1
q,2022-10-14 18:00:31.276572,0.29,0.43,0.84,3.42,8.18,-5.07,27.38,42.47,-29.80,1
q,2022-10-14 18:00:31.292221,0.30,0.43,0.85,1.16,5.19,-4.09,27.38,42.47,-29.80,1
q,2022-10-14 18:00:31.307843,0.30,0.43,0.86,-1.10,0.49,-1.10,27.38,42.47,-29.80,1
q,2022-10-14 18:00:31.323472,0.30,0.43,0.85,-1.46,-5.86,0.55,26.73,42.29,-30.15,1
q,2022-10-14 18:00:31.339095,0.29,0.41,0.85,-2.01,-10.56,2.32,26.73,42.29,-30.15,1
q,2022-10-14 18:00:31.370327,0.28,0.42,0.85,-8.61,-14.40,2.75,26.73,42.29,-30.15,1
q,2022-10-14 18:00:31.385963,0.26,0.31,0.83,-21.42,-15.99,0.79,26.59,42.20,-30.42,1
q,2022-10-14 18:00:31.401602,-0.12,0.45,0.88,-28.99,-24.23,-11.35,26.59,42.20,-30.42,1
q,2022-10-14 18:00:31.417224,-0.05,0.39,1.13,40.53,10.56,-17.88,23.69,41.28,-30.09,1
q,2022-10-14 18:00:31.432854,0.12,0.16,0.88,80.14,41.14,-19.47,23.69,41.28,-30.09,1
q,2022-10-14 18:00:31.464083,0.24,0.03,0.74,103.33,37.96,-7.57,23.69,41.28,-30.09,1
q,2022-10-14 18:00:31.479708,0.29,-0.12,0.77,86.49,30.09,-2.69,17.10,39.89,-30.36,1
q,2022-10-14 18:00:31.495354,0.40,-0.30,0.70,65.98,22.16,7.69,17.10,39.89,-30.36,1
q,2022-10-14 18:00:31.510983,0.41,-0.25,0.72,47.00,12.76,26.55,17.10,39.89,-30.36,1
q,2022-10-14 18:00:31.526609,0.43,-0.13,0.73,21.61,4.94,48.03,7.07,34.33,-31.02,1
q,2022-10-14 18:00:31.557837,0.40,0.08,0.74,4.39,0.31,53.10,7.07,34.33,-31.02,1
q,2022-10-14 18:00:31.573465,0.36,0.18,0.79,-5.07,-3.91,52.80,-6.59,31.07,-35.93,1
q,2022-10-14 18:00:31.589112,0.34,0.28,0.89,-9.03,-5.43,52.00,-6.59,31.07,-35.93,1
q,2022-10-14 18:00:31.604735,0.34,0.30,0.90,-19.53,-2.08,46.75,-6.59,31.07,-35.93,1
q,2022-10-14 18:00:31.620360,0.36,0.34,0.91,-36.56,-4.15,39.25,-17.91,36.98,-39.49,1
q,2022-10-14 18:00:31.651592,0.37,0.41,0.90,-56.82,-5.74,33.69,-17.91,36.98,-39.49,1
q,2022-10-14 18:00:31.667218,0.35,0.46,0.88,-70.13,-6.71,31.37,-17.91,36.98,-39.49,1
q,2022-10-14 18:00:31.682864,0.33,0.59,0.91,-91.25,-7.45,27.04,-20.78,47.23,-43.96,1
q,2022-10-14 18:00:31.698490,0.26,0.75,0.92,-95.03,-1.65,19.84,-20.78,47.23,-43.96,1
q,2022-10-14 18:00:31.714119,0.28,0.72,0.83,-83.37,8.42,12.02,-15.49,53.88,-48.21,1
q,2022-10-14 18:00:31.745348,0.33,0.68,0.76,-59.08,2.69,15.69,-15.49,53.88,-48.21,1
q,2022-10-14 18:00:31.760974,0.37,0.68,0.71,-68.73,-0.98,11.66,-15.49,53.88,-48.21,1
q,2022-10-14 18:00:31.776619,0.37,0.69,0.68,-83.37,-7.75,6.35,-7.24,58.50,-49.60,1
q,2022-10-14 18:00:31.792248,0.31,0.78,0.71,-100.16,-16.30,2.56,-7.24,58.50,-49.60,1
q,2022-10-14 18:00:31.807870,0.24,0.83,0.73,-95.21,-8.91,-0.06,-7.24,58.50,-49.60,1
q,2022-10-14 18:00:31.839102,0.28,0.83,0.66,-82.64,0.06,-4.21,1.62,61.77,-48.88,1
q,2022-10-14 18:00:31.854729,0.28,0.84,0.58,-73.67,5.62,-3.66,1.62,61.77,-48.88,1
q,2022-10-14 18:00:31.870375,0.27,0.81,0.56,-66.04,5.19,-2.99,11.74,63.67,-46.77,1
q,2022-10-14 18:00:31.886000,0.16,0.92,0.67,-58.47,5.31,1.10,11.74,63.67,-46.77,1
q,2022-10-14 18:00:31.901629,0.14,0.96,0.69,-44.19,14.95,-2.87,11.74,63.67,-46.77,1
q,2022-10-14 18:00:31.932858,0.17,0.84,0.56,-27.83,22.40,-8.97,19.59,67.29,-38.95,1
q,2022-10-14 18:00:31.948484,0.22,0.79,0.41,-28.20,12.76,-13.43,19.59,67.29,-38.95,1
q,2022-10-14 18:00:31.964130,0.22,0.87,0.44,-34.06,-0.55,-18.07,19.59,67.29,-38.95,1
q,2022-10-14 18:00:31.979759,0.17,0.90,0.54,-37.17,-6.23,-24.90,24.16,70.59,-29.65,1
q,2022-10-14 18:00:31.995380,0.19,0.85,0.51,-20.63,-1.89,-25.88,24.16,70.59,-29.65,1
q,2022-10-14 18:00:32.026614,0.27,0.85,0.38,-12.70,-6.16,-24.11,24.65,73.73,-22.77,1
q,2022-10-14 18:00:32.042259,0.24,0.86,0.43,-15.38,-13.00,-27.22,24.65,73.73,-22.77,1
q,2022-10-14 18:00:32.057883,0.22,0.80,0.52,-11.72,-17.03,-29.66,24.65,73.73,-22.77,1
q,2022-10-14 18:00:32.073511,0.17,0.67,0.59,-1.95,-11.72,-21.00,24.22,78.74,-16.22,1
q,2022-10-14 18:00:32.089140,0.34,0.54,0.54,62.07,11.60,-21.42,24.22,78.74,-16.22,1
q,2022-10-14 18:00:32.120369,0.28,0.51,0.51,5.68,20.14,-20.57,24.22,78.74,-16.22,1
q,2022-10-14 18:00:32.135995,0.37,0.56,0.58,-10.68,5.00,-16.85,20.58,79.37,-9.02,1
q,2022-10-14 18:00:32.151641,0.28,0.52,0.58,-33.81,6.59,-3.85,20.58,79.37,-9.02,1
q,2022-10-14 18:00:32.167269,0.19,0.45,0.55,-25.45,17.09,24.66,18.38,79.69,-2.84,1
q,2022-10-14 18:00:32.182895,0.20,0.58,0.40,-10.80,17.70,34.67,18.38,79.69,-2.84,1
q,2022-10-14 18:00:32.198518,0.18,0.80,0.30,-21.12,8.48,17.15,18.38,79.69,-2.84,1
q,2022-10-14 18:00:32.229750,0.15,0.82,0.30,-42.54,-4.09,3.36,19.52,79.36,-0.92,1
q,2022-10-14 18:00:32.245376,0.14,0.93,0.31,-24.72,-17.52,18.80,19.52,79.36,-0.92,1
q,2022-10-14 18:00:32.261025,0.12,0.93,0.28,-4.70,-23.93,26.43,19.52,79.36,-0.92,1
q,2022-10-14 18:00:32.276647,0.25,1.07,0.33,20.87,-28.50,34.12,26.70,77.25,-2.15,1
q,2022-10-14 18:00:32.292273,0.22,1.04,0.31,32.04,-25.02,27.83,26.70,77.25,-2.15,1
q,2022-10-14 18:00:32.323509,0.25,1.04,0.51,34.55,-18.49,17.82,34.13,74.80,-6.47,1
q,2022-10-14 18:00:32.339131,0.25,1.08,0.54,35.83,-21.91,9.77,34.13,74.80,-6.47,1
q,2022-10-14 18:00:32.354775,0.31,1.14,0.57,39.86,-28.38,-6.16,34.13,74.80,-6.47,1
q,2022-10-14 18:00:32.370406,0.30,0.96,0.75,31.07,-22.03,-23.80,36.55,75.59,-15.73,1
q,2022-10-14 18:00:32.386028,0.30,0.84,0.75,32.65,-16.48,-30.40,36.55,75.59,-15.73,1
q,2022-10-14 18:00:32.417260,0.31,0.62,0.81,32.17,-12.15,-32.47,36.55,75.59,-15.73,1
q,2022-10-14 18:00:32.432887,0.41,0.60,0.88,31.80,-2.87,2.75,33.87,76.49,-21.78,1
q,2022-10-14 18:00:32.448536,0.24,0.35,0.82,-1.10,7.51,-8.42,33.87,76.49,-21.78,1
q,2022-10-14 18:00:32.464158,0.30,0.57,0.71,-11.96,5.19,-8.24,33.87,76.49,-21.78,1
q,2022-10-14 18:00:32.479782,0.27,0.65,0.64,-30.09,7.20,-12.82,30.13,76.42,-19.45,1
q,2022-10-14 18:00:32.495409,0.21,0.71,0.52,-34.79,9.77,-16.11,30.13,76.42,-19.45,1
q,2022-10-14 18:00:32.526641,0.20,0.74,0.52,-20.45,6.35,-13.12,26.17,78.39,-16.58,1
q,2022-10-14 18:00:32.542267,0.08,0.59,0.42,3.30,5.68,-7.39,26.17,78.39,-16.58,1
q,2022-10-14 18:00:32.557917,0.18,0.62,0.44,25.76,-0.49,2.14,26.17,78.39,-16.58,1
q,2022-10-14 18:00:32.573539,0.23,0.62,0.50,28.14,-0.73,-0.61,24.40,79.04,-14.34,1
q,2022-10-14 18:00:32.589165,0.25,0.62,0.53,7.02,14.28,-19.84,24.40,79.04,-14.34,1
q,2022-10-14 18:00:32.620398,0.04,0.45,0.40,9.28,-12.08,-11.90,24.40,79.04,-14.34,1
q,2022-10-14 18:00:32.636022,0.17,0.52,0.55,24.48,-27.65,12.76,25.72,79.02,-14.82,1
q,2022-10-14 18:00:32.651669,0.15,0.54,0.54,10.13,-26.86,13.06,25.72,79.02,-14.82,1
q,2022-10-14 18:00:32.667294,0.15,0.65,0.61,0.55,-27.59,17.33,32.91,77.11,-22.00,1
q,2022-10-14 18:00:32.682923,0.31,0.86,0.63,-5.07,-21.12,13.43,32.91,77.11,-22.00,1
q,2022-10-14 18:00:32.698546,0.35,1.01,0.75,-9.16,-8.61,0.31,32.91,77.11,-22.00,1
q,2022-10-14 18:00:32.729783,0.41,1.07,0.81,-5.49,11.17,-11.35,36.15,76.67,-31.23,1
q,2022-10-14 18:00:32.745404,0.40,1.00,0.83,0.49,23.38,-13.73,36.15,76.67,-31.23,1
q,2022-10-14 18:00:32.761053,0.31,0.85,0.74,9.03,11.60,4.82,36.15,76.67,-31.23,1
q,2022-10-14 18:00:32.776675,0.27,0.75,0.69,12.82,-8.12,18.31,35.85,75.93,-32.23,1
q,2022-10-14 18:00:32.792304,0.25,0.76,0.66,3.66,-22.28,27.47,35.85,75.93,-32.23,1
q,2022-10-14 18:00:32.823533,0.22,0.73,0.61,-1.16,-28.75,31.25,36.32,75.28,-31.36,1
q,2022-10-14 18:00:32.839158,0.19,0.73,0.54,8.54,-24.11,29.72,36.32,75.28,-31.36,1
q,2022-10-14 18:00:32.854805,0.15,0.70,0.55,17.94,-11.11,25.94,36.32,75.28,-31.36,1
q,2022-10-14 18:00:32.870434,0.15,0.67,0.58,15.63,2.14,22.03,36.91,73.88,-31.08,1
q,2022-10-14 18:00:32.886056,0.14,0.65,0.60,-3.11,12.39,17.27,36.91,73.88,-31.08,1
q,2022-10-14 18:00:32.901685,-0.30,0.89,0.82,-13.85,27.04,15.14,36.91,73.88,-31.08,1
q,2022-10-14 18:00:32.932915,-0.11,1.05,0.80,28.26,42.85,-6.96,35.03,72.02,-32.06,1
q,2022-10-14 18:00:32.948541,0.06,0.68,0.61,30.82,53.34,-33.08,35.03,72.02,-32.06,1
q,2022-10-14 18:00:32.964186,0.22,0.54,0.58,23.32,45.72,-30.09,24.52,70.54,-30.63,1
q,2022-10-14 18:00:32.979815,0.31,0.55,0.52,2.99,35.52,-17.03,24.52,70.54,-30.63,1
q,2022-10-14 18:00:32.995441,0.37,0.64,0.43,-6.04,26.31,-10.56,24.52,70.54,-30.63,1
q,2022-10-14 18:00:33.026670,0.39,0.64,0.42,-5.68,10.50,-7.57,18.88,67.74,-32.35,1
q,2022-10-14 18:00:33.042295,0.38,0.65,0.44,-6.53,-1.28,-3.60,18.88,67.74,-32.35,1
q,2022-10-14 18:00:33.057944,0.34,0.68,0.51,-4.21,-7.57,2.75,18.88,67.74,-32.35,1
q,2022-10-14 18:00:33.073570,0.30,0.74,0.56,6.47,-12.02,13.43,17.19,66.54,-36.76,1
q,2022-10-14 18:00:33.089193,0.27,0.81,0.60,10.19,-11.11,12.51,17.19,66.54,-36.76,1
q,2022-10-14 18:00:33.120425,0.26,0.82,0.62,14.34,-10.19,5.43,17.19,66.54,-36.76,1
q,2022-10-14 18:00:33.136051,0.27,0.78,0.65,13.61,-10.19,-3.66,15.80,67.00,-38.26,1
q,2022-10-14 18:00:33.151696,0.29,0.73,0.67,11.96,-8.79,-4.52,15.80,67.00,-38.26,1
q,2022-10-14 18:00:33.167322,0.30,0.76,0.66,6.77,-8.42,-4.64,13.49,67.15,-42.64,1
q,2022-10-14 18:00:33.182951,0.29,0.82,0.69,1.04,-7.45,-9.46,13.49,67.15,-42.64,1
q,2022-10-14 18:00:33.198573,0.27,0.80,0.70,3.23,-6.16,-10.56,13.49,67.15,-42.64,1
q,2022-10-14 18:00:33.229805,0.25,0.77,0.70,5.86,-4.33,-11.29,11.58,66.53,-46.24,1
q,2022-10-14 18:00:33.245431,0.23,0.78,0.72,6.84,-5.25,-8.91,11.58,66.53,-46.24,1
q,2022-10-14 18:00:33.261080,0.22,0.80,0.75,6.84,-2.14,-11.35,11.58,66.53,-46.24,1
q,2022-10-14 18:00:33.276703,0.23,0.75,0.70,12.88,2.93,-15.38,9.18,65.34,-47.55,1
q,2022-10-14 18:00:33.292332,0.26,0.67,0.68,19.29,6.59,-17.40,9.18,65.34,-47.55,1
q,2022-10-14 18:00:33.323560,0.26,0.64,0.66,19.17,7.39,-15.81,6.95,64.14,-47.42,1
q,2022-10-14 18:00:33.339187,0.27,0.62,0.64,24.11,8.06,-13.06,6.95,64.14,-47.42,1
q,2022-10-14 18:00:33.354832,0.29,0.58,0.64,25.63,4.33,-10.86,6.95,64.14,-47.42,1
q,2022-10-14 18:00:33.370461,0.30,0.56,0.67,18.49,1.71,-8.91,4.98,62.94,-47.28,1
q,2022-10-14 18:00:33.386083,0.29,0.55,0.67,11.05,1.10,-8.36,4.98,62.94,-47.28,1
q,2022-10-14 18:00:33.401709,0.29,0.58,0.67,3.30,0.37,-9.28,4.98,62.94,-47.28,1
q,2022-10-14 18:00:33.432941,0.31,0.60,0.68,3.91,0.67,-9.03,3.61,62.79,-47.57,1
q,2022-10-14 18:00:33.448569,0.32,0.62,0.66,9.77,2.93,-4.46,3.61,62.79,-47.57,1
q,2022-10-14 18:00:33.464213,0.34,0.64,0.64,10.86,3.66,-2.99,3.02,62.26,-47.62,1
q,2022-10-14 18:00:33.479839,0.34,0.67,0.64,4.94,0.43,-5.00,3.02,62.26,-47.62,1
q,2022-10-14 18:00:33.495468,0.33,0.75,0.68,-4.21,-3.60,-9.52,3.02,62.26,-47.62,1
q,2022-10-14 18:00:33.526696,0.32,0.77,0.68,-0.18,-0.12,-19.65,2.80,62.26,-49.40,1
q,2022-10-14 18:00:33.542323,0.33,0.71,0.68,-0.37,0.49,-19.47,2.80,62.26,-49.40,1
q,2022-10-14 18:00:33.557968,0.36,0.65,0.65,5.55,-1.65,-21.00,2.80,62.26,-49.40,1
q,2022-10-14 18:00:33.573597,0.41,0.60,0.64,5.43,-2.20,-25.51,1.45,62.78,-49.33,1
q,2022-10-14 18:00:33.589220,0.36,0.47,0.66,-2.99,-2.99,-24.84,1.45,62.78,-49.33,1
q,2022-10-14 18:00:33.620452,0.37,0.48,0.52,0.73,-4.64,-14.95,0.38,63.21,-51.60,1
q,2022-10-14 18:00:33.636077,0.31,0.60,0.61,-8.97,-18.07,-10.93,0.38,63.21,-51.60,1
q,2022-10-14 18:00:33.651727,0.21,0.65,0.73,-2.87,-19.04,-11.78,0.38,63.21,-51.60,1
q,2022-10-14 18:00:33.667349,0.25,0.61,0.74,10.13,-14.28,-11.60,-0.38,66.35,-53.66,1
q,2022-10-14 18:00:33.682978,0.27,0.60,0.67,8.00,-9.52,-14.34,-0.38,66.35,-53.66,1
q,2022-10-14 18:00:33.698601,0.26,0.56,0.67,2.56,-14.65,-17.64,-0.38,66.35,-53.66,1
q,2022-10-14 18:00:33.729833,0.07,0.29,0.91,12.82,-9.95,2.50,-1.42,69.24,-56.98,1
q,2022-10-14 18:00:33.745458,0.52,0.50,0.91,67.63,-7.57,3.17,-1.42,69.24,-56.98,1
q,2022-10-14 18:00:33.761108,-0.03,0.35,0.36,-9.09,26.79,-16.91,-1.42,69.24,-56.98,1
q,2022-10-14 18:00:33.776730,0.55,0.55,1.03,-14.28,-10.25,-16.97,-1.39,70.70,-54.94,1
q,2022-10-14 18:00:33.792359,0.29,0.57,0.69,-27.10,4.76,-13.00,-1.39,70.70,-54.94,1
q,2022-10-14 18:00:33.823588,0.25,0.58,0.61,-29.97,26.37,-1.10,1.05,70.61,-53.87,1
q,2022-10-14 18:00:33.839214,0.28,0.57,0.61,-10.62,15.63,-1.22,1.05,70.61,-53.87,1
q,2022-10-14 18:00:33.854859,0.33,0.38,0.76,-8.00,12.94,1.10,1.05,70.61,-53.87,1
q,2022-10-14 18:00:33.870489,0.32,0.45,0.68,-9.28,14.71,17.52,2.75,71.48,-52.10,1
q,2022-10-14 18:00:33.886109,0.27,0.68,0.60,-32.47,6.77,6.96,2.75,71.48,-52.10,1
q,2022-10-14 18:00:33.917343,0.23,0.20,0.64,-33.51,15.44,28.93,2.75,71.48,-52.10,1
q,2022-10-14 18:00:33.932970,0.28,0.47,0.54,-15.87,12.15,57.86,9.56,71.67,-50.46,1
q,2022-10-14 18:00:33.948619,0.21,0.71,0.59,-31.25,1.46,50.29,9.56,71.67,-50.46,1
q,2022-10-14 18:00:33.964241,0.26,0.78,0.56,-34.67,-2.26,41.93,18.76,70.21,-49.56,1
q,2022-10-14 18:00:33.979867,0.24,0.91,0.45,-43.88,-0.31,23.07,18.76,70.21,-49.56,1
q,2022-10-14 18:00:34.011098,0.21,1.02,0.50,-46.33,-4.46,-7.02,18.76,70.21,-49.56,1
q,2022-10-14 18:00:34.026724,0.23,0.96,0.42,-22.34,-8.54,2.69,22.34,68.18,-53.53,1
q,2022-10-14 18:00:34.042370,0.22,1.04,0.54,-5.37,-14.47,13.43,22.34,68.18,-53.53,1
q,2022-10-14 18:00:34.057996,0.27,1.08,0.53,22.03,-23.99,20.94,22.34,68.18,-53.53,1
q,2022-10-14 18:00:34.073625,0.25,0.97,0.58,49.01,-29.60,15.38,20.84,65.82,-57.64,1
q,2022-10-14 18:00:34.089248,0.30,1.02,0.54,53.83,-28.56,-2.20,20.84,65.82,-57.64,1
q,2022-10-14 18:00:34.120479,0.33,0.91,0.75,40.83,-27.22,-31.68,13.85,65.94,-59.70,1
q,2022-10-14 18:00:34.136125,0.34,0.75,0.82,27.10,-11.96,-39.73,13.85,65.94,-59.70,1
q,2022-10-14 18:00:34.151754,0.33,0.63,0.81,25.94,0.12,-37.60,13.85,65.94,-59.70,1
q,2022-10-14 18:00:34.167377,0.30,0.50,0.75,25.33,4.52,-20.26,6.29,66.77,-58.54,1
q,2022-10-14 18:00:34.183006,0.25,0.41,0.79,11.17,4.27,-33.26,6.29,66.77,-58.54,1
q,2022-10-14 18:00:34.214235,0.30,0.40,0.76,4.21,3.78,-22.46,6.29,66.77,-58.54,1
q,2022-10-14 18:00:34.229862,0.30,0.46,0.76,5.43,6.65,-18.55,0.78,68.10,-57.81,1
q,2022-10-14 18:00:34.245506,0.08,0.23,0.58,8.06,0.00,-3.11,0.78,68.10,-57.81,1
q,2022-10-14 18:00:34.261135,0.19,0.46,0.53,14.77,-15.38,4.15,-2.15,68.73,-55.91,1
q,2022-10-14 18:00:34.276758,0.23,0.53,0.57,-2.44,-11.66,-9.16,-2.15,68.73,-55.91,1
q,2022-10-14 18:00:34.308000,0.06,0.28,0.44,3.48,-0.18,-5.19,-2.15,68.73,-55.91,1
q,2022-10-14 18:00:34.323616,0.20,0.58,0.50,19.35,-11.90,24.35,-0.34,68.85,-55.82,1
q,2022-10-14 18:00:34.339265,0.09,0.55,0.53,10.86,-12.88,11.60,-0.34,68.85,-55.82,1
q,2022-10-14 18:00:34.354887,0.18,0.55,0.63,15.38,-20.75,16.85,-0.34,68.85,-55.82,1
q,2022-10-14 18:00:34.370513,0.28,0.74,0.80,14.28,-13.12,11.29,1.94,67.21,-58.59,1
q,2022-10-14 18:00:34.401746,0.33,0.78,0.85,6.77,-4.03,1.28,1.94,67.21,-58.59,1
q,2022-10-14 18:00:34.417371,0.32,0.78,0.85,-1.71,1.16,-5.68,1.01,63.37,-65.73,1
q,2022-10-14 18:00:34.433017,0.42,0.85,0.99,-8.79,5.13,-9.70,1.01,63.37,-65.73,1
q,2022-10-14 18:00:34.448646,0.37,0.80,0.89,-4.82,2.38,-7.14,1.01,63.37,-65.73,1
q,2022-10-14 18:00:34.464271,0.30,0.72,0.80,-4.82,-1.40,-3.30,-0.23,62.30,-67.93,1
q,2022-10-14 18:00:34.495500,0.27,0.68,0.75,-0.24,-11.41,5.31,-0.23,62.30,-67.93,1
q,2022-10-14 18:00:34.511172,0.24,0.65,0.69,1.04,-21.85,15.20,-0.23,62.30,-67.93,1
q,2022-10-14 18:00:34.526775,0.22,0.65,0.68,1.71,-21.30,17.40,-0.48,62.05,-67.19,1
q,2022-10-14 18:00:34.542400,0.21,0.66,0.66,2.99,-14.16,19.23,-0.48,62.05,-67.19,1
q,2022-10-14 18:00:34.573629,0.20,0.63,0.67,9.03,-7.14,18.31,-1.00,63.35,-66.36,1
q,2022-10-14 18:00:34.589256,0.19,0.62,0.68,3.36,-0.37,16.36,-1.00,63.35,-66.36,1
q,2022-10-14 18:00:34.604905,0.18,0.62,0.68,-8.30,4.09,16.24,-1.00,63.35,-66.36,1
q,2022-10-14 18:00:34.620530,0.05,0.64,0.71,-27.83,8.97,17.21,-0.05,62.39,-64.86,1
q,2022-10-14 18:00:34.636151,0.00,0.99,0.52,7.45,24.29,8.79,-0.05,62.39,-64.86,1
q,2022-10-14 18:00:34.651782,0.10,0.63,0.72,13.00,13.49,-30.82,-0.05,62.39,-64.86,1
q,2022-10-14 18:00:34.683010,0.16,0.61,0.68,16.60,24.96,-22.89,-2.88,61.63,-63.07,1
q,2022-10-14 18:00:34.698636,0.23,0.60,0.63,26.18,20.69,-13.61,-2.88,61.63,-63.07,1
q,2022-10-14 18:00:34.714282,0.25,0.61,0.66,20.14,9.34,-8.24,-6.49,59.64,-59.74,1
q,2022-10-14 18:00:34.729911,0.27,0.54,0.63,18.25,4.58,-7.63,-6.49,59.64,-59.74,1
q,2022-10-14 18:00:34.745539,0.29,0.53,0.64,15.56,0.49,-3.54,-6.49,59.64,-59.74,1
q,2022-10-14 18:00:34.776768,0.29,0.57,0.68,16.24,-3.30,5.07,-9.63,58.42,-58.97,1
q,2022-10-14 18:00:34.792394,0.29,0.61,0.68,17.64,-4.21,8.67,-9.63,58.42,-58.97,1
q,2022-10-14 18:00:34.808038,0.29,0.64,0.69,15.93,-4.94,8.79,-9.63,58.42,-58.97,1
q,2022-10-14 18:00:34.823647,0.27,0.67,0.71,9.83,-6.29,4.82,-12.61,57.26,-55.63,1
q,2022-10-14 18:00:34.839271,0.25,0.71,0.76,4.88,-7.51,-3.85,-12.61,57.26,-55.63,1
q,2022-10-14 18:00:34.870522,0.27,0.67,0.76,4.27,-5.74,-5.55,-14.64,56.24,-55.88,1
q,2022-10-14 18:00:34.886148,0.30,0.63,0.74,4.88,-4.21,-6.04,-14.64,56.24,-55.88,1
q,2022-10-14 18:00:34.901794,0.30,0.63,0.73,3.72,-4.52,-5.19,-14.64,56.24,-55.88,1
q,2022-10-14 18:00:34.917423,0.30,0.65,0.74,1.16,-5.13,-5.86,-16.52,54.74,-55.65,1
q,2022-10-14 18:00:34.933044,0.26,0.68,0.77,1.10,-5.19,-6.77,-16.52,54.74,-55.65,1
q,2022-10-14 18:00:34.964282,0.25,0.65,0.79,4.39,-2.75,-8.42,-16.52,54.74,-55.65,1
q,2022-10-14 18:00:34.979904,0.27,0.62,0.76,5.74,0.37,-10.07,-18.40,53.11,-53.21,1
q,2022-10-14 18:00:34.995549,0.29,0.62,0.75,2.32,0.31,-9.95,-18.40,53.11,-53.21,1
q,2022-10-14 18:00:35.011176,0.30,0.64,0.74,-1.65,-1.10,-11.72,-19.97,51.51,-52.99,1
q,2022-10-14 18:00:35.034222,0.30,0.64,0.73,-4.33,-2.62,-13.92,-19.97,51.51,-52.99,1
q,2022-10-14 18:00:35.042925,0.29,0.67,0.74,-6.59,-3.42,-16.91,-19.97,51.51,-52.99,1
q,2022-10-14 18:00:35.074184,0.30,0.67,0.74,-6.35,-2.99,-22.03,-22.27,49.57,-53.58,1
q,2022-10-14 18:00:35.089819,0.30,0.65,0.74,-3.48,-2.44,-23.07,-22.27,49.57,-53.58,1
q,2022-10-14 18:00:35.105631,0.32,0.60,0.70,1.83,-2.01,-21.97,-22.27,49.57,-53.58,1
q,2022-10-14 18:00:35.121082,0.29,0.59,0.75,-0.24,-6.04,-19.96,-25.22,47.81,-53.03,1
q,2022-10-14 18:00:35.152314,0.28,0.60,0.80,-6.35,-2.69,-21.18,-25.22,47.81,-53.03,1
q,2022-10-14 18:00:35.167942,0.26,0.56,0.78,-4.70,3.05,-21.42,-28.92,45.73,-53.38,1
q,2022-10-14 18:00:35.183586,0.25,0.51,0.76,-0.37,4.70,-18.62,-28.92,45.73,-53.38,1
q,2022-10-14 18:00:35.199388,0.26,0.46,0.76,1.16,4.46,-14.47,-28.92,45.73,-53.38,1
q,2022-10-14 18:00:35.214839,0.24,0.47,0.77,-5.86,5.49,-12.15,-31.15,43.70,-54.50,1
q,2022-10-14 18:00:35.246081,0.28,0.46,0.75,-8.79,8.24,-9.34,-31.15,43.70,-54.50,1
q,2022-10-14 18:00:35.261696,0.30,0.46,0.70,-21.36,6.04,-6.35,-31.15,43.70,-54.50,1
q,2022-10-14 18:00:35.277340,0.25,0.57,0.72,-21.48,3.85,-4.33,-34.14,41.53,-55.43,1
q,2022-10-14 18:00:35.292970,0.27,0.55,0.72,-14.71,4.46,-4.15,-34.14,41.53,-55.43,1
q,2022-10-14 18:00:35.308593,0.29,0.42,0.69,-9.83,2.62,1.46,-35.99,40.56,-57.18,1
q,2022-10-14 18:00:35.339826,0.29,0.44,0.71,-17.15,-5.86,11.23,-35.99,40.56,-57.18,1
q,2022-10-14 18:00:35.355451,-0.28,1.20,1.07,-27.10,-7.63,4.09,-35.99,40.56,-57.18,1
q,2022-10-14 18:00:35.371100,0.25,0.61,0.62,17.70,-18.74,-15.63,-37.40,41.81,-59.19,1
q,2022-10-14 18:00:35.386722,0.26,0.59,0.66,-14.28,-7.93,-9.34,-37.40,41.81,-59.19,1
q,2022-10-14 18:00:35.402347,0.24,0.64,0.64,-13.79,1.16,-12.15,-37.40,41.81,-59.19,1
q,2022-10-14 18:00:35.433580,0.28,0.64,0.66,-11.96,12.88,-11.23,-37.66,41.66,-59.01,1
q,2022-10-14 18:00:35.449206,0.29,0.60,0.70,-8.00,20.75,-6.96,-37.66,41.66,-59.01,1
q,2022-10-14 18:00:35.464851,0.29,0.28,0.64,-15.75,57.01,46.57,-35.50,42.18,-61.65,1
q,2022-10-14 18:00:35.480481,0.30,0.52,0.71,-11.96,39.43,25.82,-35.50,42.18,-61.65,1
q,2022-10-14 18:00:35.496104,0.31,0.67,0.64,-37.90,27.47,18.92,-35.50,42.18,-61.65,1
q,2022-10-14 18:00:35.527354,0.32,0.72,0.64,-55.60,9.46,2.50,-31.86,44.57,-62.35,1
q,2022-10-14 18:00:35.542963,0.32,0.69,0.67,-60.00,-4.94,-6.29,-31.86,44.57,-62.35,1
q,2022-10-14 18:00:35.558611,0.31,0.65,0.68,-41.63,-2.32,3.30,-31.86,44.57,-62.35,1
q,2022-10-14 18:00:35.574233,0.28,0.61,0.61,-11.84,4.46,19.47,-29.80,44.92,-63.39,1
q,2022-10-14 18:00:35.589859,0.26,0.57,0.53,17.52,5.43,34.00,-29.80,44.92,-63.39,1
q,2022-10-14 18:00:35.621091,0.26,0.57,0.53,15.93,-0.12,31.98,-25.68,49.02,-64.48,1
q,2022-10-14 18:00:35.636718,0.24,0.79,0.49,0.49,-1.59,23.62,-25.68,49.02,-64.48,1
q,2022-10-14 18:00:35.652363,0.20,0.74,0.46,-6.35,-4.21,8.67,-25.68,49.02,-64.48,1
q,2022-10-14 18:00:35.667992,0.18,0.75,0.49,4.64,-7.26,6.16,-23.07,50.55,-65.72,1
q,2022-10-14 18:00:35.683617,0.21,0.84,0.49,19.10,-11.29,15.14,-23.07,50.55,-65.72,1
q,2022-10-14 18:00:35.699240,0.23,0.98,0.48,17.52,-17.21,18.68,-23.07,50.55,-65.72,1
q,2022-10-14 18:00:35.730473,0.21,1.04,0.45,17.88,-26.92,20.39,-23.02,50.00,-63.28,1
q,2022-10-14 18:00:35.746097,0.22,1.05,0.58,40.77,-52.55,12.51,-23.02,50.00,-63.28,1
q,2022-10-14 18:00:35.761747,0.34,0.83,0.81,61.95,-40.28,4.39,-28.58,49.85,-59.91,1
q,2022-10-14 18:00:35.777369,0.33,0.71,0.86,53.34,-15.93,-4.15,-28.58,49.85,-59.91,1
q,2022-10-14 18:00:35.792998,0.35,0.78,0.87,47.73,0.92,-10.07,-28.58,49.85,-59.91,1
q,2022-10-14 18:00:35.824227,0.34,0.64,0.94,25.57,15.75,-34.55,-33.94,47.44,-56.31,1
q,2022-10-14 18:00:35.839853,0.34,0.58,0.92,22.03,20.81,-28.93,-33.94,47.44,-56.31,1
q,2022-10-14 18:00:35.855499,0.47,0.76,0.93,25.51,21.48,-11.66,-33.94,47.44,-56.31,1
q,2022-10-14 18:00:35.871128,0.36,0.61,0.75,11.66,27.34,-31.80,-36.56,44.60,-56.67,1
q,2022-10-14 18:00:35.886750,0.15,0.33,0.64,1.34,17.09,-32.04,-36.56,44.60,-56.67,1
q,2022-10-14 18:00:35.917982,0.29,0.49,0.71,15.38,0.06,-3.60,-37.16,41.56,-57.63,1
q,2022-10-14 18:00:35.933608,0.16,0.39,0.55,38.33,-15.87,15.26,-37.16,41.56,-57.63,1
q,2022-10-14 18:00:35.949258,0.19,0.44,0.57,43.09,-27.59,18.19,-37.16,41.56,-57.63,1
q,2022-10-14 18:00:35.964879,0.21,0.42,0.58,33.14,-10.25,-5.55,-37.62,42.48,-57.35,1
q,2022-10-14 18:00:35.980509,0.22,0.45,0.63,12.63,11.60,-25.15,-37.62,42.48,-57.35,1
q,2022-10-14 18:00:36.011737,-0.28,-0.18,0.02,7.57,10.13,-28.63,-37.62,42.48,-57.35,1
q,2022-10-14 18:00:36.027363,0.23,0.51,0.52,10.50,-42.30,24.54,-38.18,43.84,-56.26,1
q,2022-10-14 18:00:36.043009,0.18,0.48,0.49,1.71,-35.64,18.31,-38.18,43.84,-56.26,1
q,2022-10-14 18:00:36.058638,0.27,0.56,0.69,8.54,-31.07,16.91,-38.12,47.45,-52.82,1
q,2022-10-14 18:00:36.074260,0.26,0.59,0.85,10.19,-9.89,8.30,-38.12,47.45,-52.82,1
q,2022-10-14 18:00:36.105493,0.30,0.70,0.90,-2.69,0.00,-2.01,-38.12,47.45,-52.82,1
q,2022-10-14 18:00:36.121118,0.33,0.73,0.96,-9.22,2.81,-6.41,-37.27,47.06,-51.86,1
q,2022-10-14 18:00:36.136768,0.34,0.76,0.99,-11.05,4.58,-8.00,-37.27,47.06,-51.86,1
q,2022-10-14 18:00:36.152390,0.30,0.72,0.92,-6.47,5.74,-2.50,-37.27,47.06,-51.86,1
q,2022-10-14 18:00:36.168015,0.26,0.66,0.87,0.55,0.73,3.11,-37.37,46.00,-51.72,1
q,2022-10-14 18:00:36.199248,0.24,0.60,0.81,2.62,-11.47,12.82,-37.37,46.00,-51.72,1
q,2022-10-14 18:00:36.214874,0.22,0.59,0.77,-1.77,-20.81,18.62,-37.44,45.86,-51.53,1
q,2022-10-14 18:00:36.230519,0.20,0.59,0.75,3.36,-22.83,20.26,-37.44,45.86,-51.53,1
q,2022-10-14 18:00:36.246145,0.17,0.57,0.73,4.82,-17.15,17.27,-37.44,45.86,-51.53,1
q,2022-10-14 18:00:36.261774,0.16,0.57,0.73,5.07,-10.93,15.75,-37.76,46.97,-50.44,1
q,2022-10-14 18:00:36.293002,0.15,0.57,0.73,-1.10,-2.99,16.72,-37.76,46.97,-50.44,1
q,2022-10-14 18:00:36.308629,0.10,0.56,0.77,-35.16,1.89,19.78,-37.76,46.97,-50.44,1
q,2022-10-14 18:00:36.324275,-0.34,0.83,0.96,-50.96,9.89,18.01,-37.29,47.30,-50.12,1
q,2022-10-14 18:00:36.339900,-0.12,1.30,1.10,8.79,32.23,-0.55,-37.29,47.30,-50.12,1
q,2022-10-14 18:00:36.355526,0.05,0.53,0.68,31.92,61.65,-37.78,-33.57,44.46,-50.11,1
q,2022-10-14 18:00:36.386760,0.29,0.46,0.61,29.72,47.12,-31.62,-33.57,44.46,-50.11,1
q,2022-10-14 18:00:36.402393,0.30,0.53,0.66,19.90,29.30,-16.60,-33.57,44.46,-50.11,1
q,2022-10-14 18:00:36.418033,0.30,0.61,0.66,14.65,25.51,-16.85,-28.76,42.41,-49.16,1
q,2022-10-14 18:00:36.433656,0.36,0.51,0.60,17.40,13.24,-14.89,-28.76,42.41,-49.16,1
q,2022-10-14 18:00:36.449285,0.35,0.47,0.62,16.11,2.75,-11.23,-28.76,42.41,-49.16,1
q,2022-10-14 18:00:36.480513,0.33,0.48,0.66,15.87,-3.60,-1.71,-26.59,40.94,-45.63,1
q,2022-10-14 18:00:36.496140,0.35,0.52,0.66,13.79,-8.48,2.69,-26.59,40.94,-45.63,1
q,2022-10-14 18:00:36.511785,0.31,0.54,0.69,10.07,-13.24,3.78,-26.39,40.33,-44.02,1
q,2022-10-14 18:00:36.527410,0.29,0.58,0.74,2.81,-13.61,1.04,-26.39,40.33,-44.02,1
q,2022-10-14 18:00:36.543036,0.29,0.61,0.76,-1.59,-12.27,-4.82,-26.39,40.33,-44.02,1
q,2022-10-14 18:00:36.574268,0.30,0.60,0.77,-5.86,-10.01,-10.44,-27.28,39.48,-42.15,1
q,2022-10-14 18:00:36.589914,0.31,0.59,0.76,-4.33,-9.46,-10.44,-27.28,39.48,-42.15,1
q,2022-10-14 18:00:36.605543,0.30,0.61,0.77,0.18,-10.38,-8.42,-28.32,36.33,-39.64,1
q,2022-10-14 18:00:36.621166,0.29,0.64,0.84,5.98,-11.41,-8.18,-28.32,36.33,-39.64,1
q,2022-10-14 18:00:36.636795,0.25,0.65,0.85,8.85,-11.17,-13.00,-28.32,36.33,-39.64,1
q,2022-10-14 18:00:36.668023,0.25,0.63,0.88,9.77,-8.42,-18.13,-28.82,34.20,-38.96,1
q,2022-10-14 18:00:36.683649,0.27,0.58,0.87,10.56,-5.25,-22.03,-28.82,34.20,-38.96,1
q,2022-10-14 18:00:36.699295,0.32,0.56,0.82,10.01,-0.49,-23.62,-28.82,34.20,-38.96,1
q,2022-10-14 18:00:36.714924,0.32,0.52,0.76,1.83,-2.75,-24.72,-28.28,31.18,-38.99,1
q,2022-10-14 18:00:36.730546,0.31,0.51,0.79,2.08,-6.90,-24.11,-28.28,31.18,-38.99,1
q,2022-10-14 18:00:36.761778,0.32,0.49,0.79,2.99,-5.49,-23.50,-28.28,31.18,-38.99,1
q,2022-10-14 18:00:36.777405,0.31,0.45,0.80,0.37,-4.64,-19.47,-27.39,26.55,-36.66,1
q,2022-10-14 18:00:36.793053,0.24,0.53,0.87,-5.55,-1.04,-15.99,-27.39,26.55,-36.66,1
q,2022-10-14 18:00:36.808675,0.24,0.49,0.84,5.13,4.82,-15.50,-26.20,21.62,-36.00,1
q,2022-10-14 18:00:36.824302,0.27,0.38,0.83,-12.02,3.17,-18.55,-26.20,21.62,-36.00,1
q,2022-10-14 18:00:36.855533,0.26,0.37,0.88,-15.99,4.15,-12.02,-26.20,21.62,-36.00,1
q,2022-10-14 18:00:36.871159,0.27,0.47,0.79,-16.05,10.38,-5.68,-23.79,17.14,-36.27,1
q,2022-10-14 18:00:36.886805,0.28,0.53,0.73,-15.87,9.46,-6.04,-23.79,17.14,-36.27,1
q,2022-10-14 18:00:36.902431,0.30,0.53,0.73,-16.24,5.55,-10.99,-23.79,17.14,-36.27,1
q,2022-10-14 18:00:36.918060,0.31,0.32,0.71,-11.66,4.03,-7.57,-22.46,13.59,-35.68,1
q,2022-10-14 18:00:36.949290,0.30,0.25,0.71,-15.01,-0.79,4.70,-22.46,13.59,-35.68,1
q,2022-10-14 18:00:36.964916,-0.81,0.79,0.45,-17.33,-5.62,18.31,-23.38,10.53,-36.02,1
q,2022-10-14 18:00:36.980560,0.27,0.43,0.73,46.75,-15.99,1.59,-23.38,10.53,-36.02,1
q,2022-10-14 18:00:36.996190,0.71,0.36,1.62,1.95,-4.46,-2.08,-23.38,10.53,-36.02,1
q,2022-10-14 18:00:37.027436,0.10,0.20,0.55,-40.28,59.63,4.76,-23.24,10.74,-37.57,1
q,2022-10-14 18:00:37.043044,0.26,0.16,0.85,-44.01,39.92,52.31,-23.24,10.74,-37.57,1
q,2022-10-14 18:00:37.058690,0.28,0.37,0.65,-57.07,26.86,44.25,-28.61,13.48,-40.27,1
q,2022-10-14 18:00:37.074314,0.21,0.54,0.65,-61.71,19.10,35.77,-28.61,13.48,-40.27,1
q,2022-10-14 18:00:37.089942,0.25,0.65,0.58,-44.43,10.50,24.17,-28.61,13.48,-40.27,1
q,2022-10-14 18:00:37.121173,0.19,0.66,0.57,-27.47,8.54,13.98,-34.33,18.73,-43.60,1
q,2022-10-14 18:00:37.136801,0.19,0.68,0.47,-2.50,3.66,18.62,-34.33,18.73,-43.60,1
q,2022-10-14 18:00:37.152445,0.16,0.71,0.51,2.44,-11.23,23.01,-34.33,18.73,-43.60,1
q,2022-10-14 18:00:37.168071,0.15,0.74,0.53,0.79,-36.62,26.61,-37.96,24.35,-45.58,1
q,2022-10-14 18:00:37.183700,0.22,0.92,0.62,9.64,-44.19,32.78,-37.96,24.35,-45.58,1
q,2022-10-14 18:00:37.214930,0.23,1.00,0.66,35.77,-36.32,28.44,-40.80,29.06,-43.24,1
q,2022-10-14 18:00:37.230555,0.20,0.98,0.70,60.00,-24.48,20.94,-40.80,29.06,-43.24,1
q,2022-10-14 18:00:37.246181,0.19,0.97,0.68,63.84,-24.11,0.12,-40.80,29.06,-43.24,1
q,2022-10-14 18:00:37.261826,0.28,0.89,0.88,41.44,-24.41,-23.38,-40.05,28.22,-39.14,1
q,2022-10-14 18:00:37.277452,0.28,0.55,1.00,33.63,-16.85,-41.08,-40.05,28.22,-39.14,1
q,2022-10-14 18:00:37.293082,0.31,0.63,0.96,36.25,-4.88,-17.21,-40.05,28.22,-39.14,1
q,2022-10-14 18:00:37.324310,0.33,0.72,0.95,28.69,-0.31,-27.47,-36.41,22.74,-36.15,1
q,2022-10-14 18:00:37.339937,0.29,0.48,0.91,5.92,5.00,-60.55,-36.41,22.74,-36.15,1
q,2022-10-14 18:00:37.355582,0.15,0.09,0.90,-10.44,5.86,-49.80,-28.77,16.09,-35.42,1
q,2022-10-14 18:00:37.371211,0.44,0.69,1.08,5.07,14.10,-19.65,-28.77,16.09,-35.42,1
q,2022-10-14 18:00:37.386837,0.30,0.34,0.87,5.49,18.07,-12.39,-28.77,16.09,-35.42,1
q,2022-10-14 18:00:37.418065,0.22,0.32,0.78,2.20,19.04,-8.61,-23.75,12.07,-35.38,1
q,2022-10-14 18:00:37.433691,0.31,0.44,0.80,-11.90,18.25,-10.50,-23.75,12.07,-35.38,1
q,2022-10-14 18:00:37.449341,0.13,0.37,0.56,-18.25,-14.10,1.95,-23.75,12.07,-35.38,1
q,2022-10-14 18:00:37.464963,0.11,0.48,0.48,-8.48,-3.54,-4.21,-22.16,10.73,-33.97,1
q,2022-10-14 18:00:37.480589,0.20,0.51,0.63,10.13,-9.83,-3.72,-22.16,10.73,-33.97,1
q,2022-10-14 18:00:37.511821,0.21,0.53,0.67,13.18,9.58,-7.32,-22.36,11.16,-35.29,1
q,2022-10-14 18:00:37.527448,0.24,0.51,0.70,31.13,33.81,-17.82,-22.36,11.16,-35.29,1
q,2022-10-14 18:00:37.543092,-0.14,0.10,0.20,32.65,20.20,-13.18,-22.36,11.16,-35.29,1
q,2022-10-14 18:00:37.558716,0.30,0.49,0.77,29.97,-30.82,16.11,-22.31,12.23,-36.96,1
q,2022-10-14 18:00:37.574348,0.22,0.50,0.79,13.37,-27.47,9.34,-22.31,12.23,-36.96,1
q,2022-10-14 18:00:37.605577,0.18,0.40,0.67,14.53,-18.07,5.86,-22.31,12.23,-36.96,1
q,2022-10-14 18:00:37.621209,0.26,0.52,0.85,19.29,-21.24,13.12,-26.46,14.82,-34.66,1
q,2022-10-14 18:00:37.636848,0.26,0.45,0.79,18.62,-19.53,12.02,-26.46,14.82,-34.66,1
q,2022-10-14 18:00:37.652474,0.29,0.52,0.91,18.31,-10.50,6.47,-30.07,17.83,-33.44,1
q,2022-10-14 18:00:37.668099,0.30,0.52,0.93,16.60,-6.71,2.38,-30.07,17.83,-33.44,1
q,2022-10-14 18:00:37.699332,0.27,0.53,0.95,5.98,-5.74,0.00,-30.07,17.83,-33.44,1
q,2022-10-14 18:00:37.714957,0.36,0.60,1.04,-4.09,-17.58,6.77,-32.23,20.06,-32.21,1
q,2022-10-14 18:00:37.730606,0.25,0.53,0.94,-7.45,-12.76,5.74,-32.23,20.06,-32.21,1
q,2022-10-14 18:00:37.746229,0.29,0.59,0.96,-13.98,-4.15,-1.53,-32.23,20.06,-32.21,1
q,2022-10-14 18:00:37.761858,0.26,0.56,0.91,-15.14,-1.10,-3.91,-33.40,21.13,-29.09,1
q,2022-10-14 18:00:37.793088,0.23,0.54,0.86,-13.43,-10.68,5.80,-33.40,21.13,-29.09,1
q,2022-10-14 18:00:37.808712,0.20,0.54,0.82,-10.68,-16.24,13.12,-33.58,20.97,-28.98,1
q,2022-10-14 18:00:37.824358,0.19,0.53,0.81,-8.73,-18.74,19.17,-33.58,20.97,-28.98,1
q,2022-10-14 18:00:37.839984,0.18,0.53,0.80,-7.81,-18.98,24.84,-33.58,20.97,-28.98,1
q,2022-10-14 18:00:37.855609,0.16,0.56,0.80,-13.37,-15.26,36.25,-33.57,22.30,-30.03,1
q,2022-10-14 18:00:37.886841,0.11,0.59,0.78,-12.82,-8.67,47.61,-33.57,22.30,-30.03,1
q,2022-10-14 18:00:37.902469,-0.13,0.88,1.08,-9.70,6.71,47.12,-33.57,22.30,-30.03,1
q,2022-10-14 18:00:37.918112,-0.23,0.89,0.89,29.42,50.66,-2.99,-31.47,23.00,-29.54,1
q,2022-10-14 18:00:37.933739,0.20,0.50,0.57,78.49,48.71,-27.65,-31.47,23.00,-29.54,1
q,2022-10-14 18:00:37.949365,0.26,0.36,0.68,71.29,26.67,-25.21,-21.08,24.18,-29.46,1
q,2022-10-14 18:00:37.980598,0.25,0.39,0.77,55.97,16.97,-20.63,-21.08,24.18,-29.46,1
q,2022-10-14 18:00:37.996223,0.26,0.38,0.78,43.64,12.02,-21.97,-21.08,24.18,-29.46,1
q,2022-10-14 18:00:38.011869,0.29,0.32,0.79,27.83,7.93,-22.40,-14.90,26.01,-29.87,1
q,2022-10-14 18:00:38.027498,0.31,0.33,0.80,13.85,4.82,-20.75,-14.90,26.01,-29.87,1
q,2022-10-14 18:00:38.043119,0.34,0.35,0.78,7.32,2.75,-18.01,-14.90,26.01,-29.87,1
q,2022-10-14 18:00:38.074356,0.33,0.36,0.79,1.16,-1.89,-13.00,-10.78,28.19,-28.48,1
q,2022-10-14 18:00:38.089978,0.33,0.43,0.81,-4.15,-8.30,-10.19,-10.78,28.19,-28.48,1
q,2022-10-14 18:00:38.105628,0.31,0.45,0.83,-7.45,-9.28,-11.96,-8.41,28.99,-28.99,1
q,2022-10-14 18:00:38.121254,0.30,0.47,0.84,-6.96,-8.54,-14.10,-8.41,28.99,-28.99,1
q,2022-10-14 18:00:38.136876,0.26,0.52,0.88,-4.82,-7.75,-17.58,-8.41,28.99,-28.99,1
q,2022-10-14 18:00:38.168108,0.23,0.52,0.92,-2.93,-6.04,-24.41,-4.87,29.79,-27.54,1
q,2022-10-14 18:00:38.183735,0.26,0.47,0.94,1.34,-2.32,-29.79,-4.87,29.79,-27.54,1
q,2022-10-14 18:00:38.199383,0.29,0.41,0.90,-1.71,1.40,-32.10,-4.87,29.79,-27.54,1
q,2022-10-14 18:00:38.215007,0.29,0.40,0.91,-4.21,0.92,-31.62,0.38,31.47,-26.90,1
q,2022-10-14 18:00:38.230635,0.29,0.37,0.89,-0.61,3.72,-29.05,0.38,31.47,-26.90,1
q,2022-10-14 18:00:38.261872,0.32,0.32,0.84,1.65,4.64,-26.00,4.90,34.66,-27.67,1
q,2022-10-14 18:00:38.277489,0.32,0.24,0.82,-20.08,-1.40,-28.75,4.90,34.66,-27.67,1
q,2022-10-14 18:00:38.293135,0.31,0.28,0.87,-40.83,-4.03,-29.60,4.90,34.66,-27.67,1
q,2022-10-14 18:00:38.308764,0.27,0.32,0.89,-59.20,0.55,-30.88,8.65,35.96,-29.13,1
q,2022-10-14 18:00:38.324385,0.27,0.38,0.88,-43.58,6.65,-14.65,8.65,35.96,-29.13,1
q,2022-10-14 18:00:38.355619,0.31,0.34,0.80,-35.03,8.42,-6.65,8.65,35.96,-29.13,1
q,2022-10-14 18:00:38.371245,0.28,0.32,0.79,-32.59,5.92,-2.08,13.23,35.27,-27.10,1
q,2022-10-14 18:00:38.386894,0.10,0.73,0.97,-16.91,-13.85,-3.78,13.23,35.27,-27.10,1
q,2022-10-14 18:00:38.402515,0.28,0.39,0.80,25.88,-21.00,-2.56,14.40,34.77,-28.56,1
q,2022-10-14 18:00:38.418145,0.70,0.53,1.56,-10.50,6.53,-11.29,14.40,34.77,-28.56,1
q,2022-10-14 18:00:38.433768,0.05,0.43,0.28,-33.57,51.27,-10.19,14.40,34.77,-28.56,1
q,2022-10-14 18:00:38.465000,0.31,0.52,0.87,-15.08,-9.22,-15.75,15.36,33.19,-28.96,1
q,2022-10-14 18:00:38.480646,0.22,0.34,0.67,-22.28,43.58,10.93,15.36,33.19,-28.96,1
q,2022-10-14 18:00:38.496275,0.29,0.47,0.69,-19.10,31.80,8.67,15.36,33.19,-28.96,1
q,2022-10-14 18:00:38.511897,0.29,0.46,0.76,-34.55,11.84,-12.45,15.05,29.83,-26.79,1
q,2022-10-14 18:00:38.527522,0.32,0.48,0.80,-42.11,15.69,-5.31,15.05,29.83,-26.79,1
q,2022-10-14 18:00:38.558756,0.27,0.36,0.81,-26.73,21.24,25.33,12.92,24.51,-25.78,1
q,2022-10-14 18:00:38.574382,0.30,0.25,0.71,-11.35,24.66,39.25,12.92,24.51,-25.78,1
q,2022-10-14 18:00:38.590027,0.31,0.44,0.62,-13.67,21.36,43.27,12.92,24.51,-25.78,1
q,2022-10-14 18:00:38.605653,0.28,0.66,0.58,-44.74,8.06,17.03,6.19,16.93,-27.44,1
q,2022-10-14 18:00:38.621282,0.26,0.73,0.52,-51.45,-6.71,0.43,6.19,16.93,-27.44,1
q,2022-10-14 18:00:38.652518,0.22,0.69,0.56,-29.48,-15.20,-0.98,6.19,16.93,-27.44,1
q,2022-10-14 18:00:38.668137,0.30,0.80,0.60,-3.66,-22.52,13.31,-1.94,13.90,-25.55,1
q,2022-10-14 18:00:38.683783,0.26,0.80,0.53,15.63,-24.29,21.42,-1.94,13.90,-25.55,1
q,2022-10-14 18:00:38.699412,0.27,0.96,0.59,76.78,-34.55,29.17,-4.70,15.23,-26.48,1
q,2022-10-14 18:00:38.715034,0.36,0.84,0.81,100.95,-43.95,23.56,-4.70,15.23,-26.48,1
q,2022-10-14 18:00:38.746266,0.35,0.73,0.89,97.29,-32.84,17.70,-4.70,15.23,-26.48,1
q,2022-10-14 18:00:38.761893,0.33,0.66,0.88,98.63,-18.55,17.82,-2.01,20.25,-26.26,1
q,2022-10-14 18:00:38.777538,0.32,0.46,0.96,83.68,-8.61,11.17,-2.01,20.25,-26.26,1
q,2022-10-14 18:00:38.793163,0.31,0.81,0.91,46.69,-8.18,-15.69,-2.01,20.25,-26.26,1
q,2022-10-14 18:00:38.808793,0.26,0.48,0.94,10.93,-8.30,-54.26,4.15,25.96,-26.46,1
q,2022-10-14 18:00:38.840021,0.27,0.49,0.90,3.66,-7.32,-52.19,4.15,25.96,-26.46,1
q,2022-10-14 18:00:38.855647,0.16,0.12,0.91,38.82,-3.11,-13.61,4.15,25.96,-26.46,1
q,2022-10-14 18:00:38.871294,0.32,0.24,0.97,53.04,-4.70,19.41,10.66,33.95,-26.67,1
q,2022-10-14 18:00:38.886922,0.22,0.07,0.83,24.96,-10.44,19.41,10.66,33.95,-26.67,1
q,2022-10-14 18:00:38.902544,0.33,0.37,0.99,-7.93,-3.60,-4.58,13.90,37.17,-28.99,1
q,2022-10-14 18:00:38.918173,0.20,0.38,0.78,-16.36,-22.40,0.00,13.90,37.17,-28.99,1
q,2022-10-14 18:00:38.949403,0.17,0.38,0.73,-23.25,22.09,-14.34,13.90,37.17,-28.99,1
q,2022-10-14 18:00:38.965029,0.21,0.49,0.76,-8.36,7.75,-2.56,14.54,36.23,-28.45,1
q,2022-10-14 18:00:38.980674,0.22,0.41,0.79,9.58,10.13,5.43,14.54,36.23,-28.45,1
q,2022-10-14 18:00:38.996303,0.23,0.39,0.79,14.83,20.57,3.17,14.54,36.23,-28.45,1
q,2022-10-14 18:00:39.011925,0.25,0.37,0.82,13.06,25.02,0.37,14.99,37.73,-27.87,1
q,2022-10-14 18:00:39.043157,0.26,0.38,0.83,4.94,28.56,-2.26,14.99,37.73,-27.87,1
q,2022-10-14 18:00:39.058787,0.27,0.38,0.80,-0.67,29.85,-4.33,14.29,38.76,-28.72,1
q,2022-10-14 18:00:39.074432,0.21,0.32,0.78,19.59,-21.00,-2.14,14.29,38.76,-28.72,1
q,2022-10-14 18:00:39.090055,0.17,0.27,0.72,19.59,-32.29,8.48,14.29,38.76,-28.72,1
q,2022-10-14 18:00:39.105680,0.20,0.26,0.74,7.63,-39.86,12.51,12.10,38.76,-27.28,1
q,2022-10-14 18:00:39.136931,0.20,0.30,0.74,7.32,-35.64,17.58,12.10,38.76,-27.28,1
q,2022-10-14 18:00:39.152538,0.21,0.44,0.90,21.67,-20.87,12.33,12.10,38.76,-27.28,1
q,2022-10-14 18:00:39.168184,0.25,0.46,0.95,26.00,-4.70,1.40,7.91,37.07,-25.02,1
q,2022-10-14 18:00:39.183810,0.25,0.28,0.64,19.35,2.69,-4.03,7.91,37.07,-25.02,1
q,2022-10-14 18:00:39.199439,0.20,0.40,0.95,2.32,-10.31,1.95,4.70,37.00,-22.06,1
q,2022-10-14 18:00:39.215061,0.35,0.55,0.91,-0.37,11.41,-6.16,4.70,37.00,-22.06,1
q,2022-10-14 18:00:39.246299,0.35,0.49,1.14,-0.85,-5.92,2.75,4.70,37.00,-22.06,1
q,2022-10-14 18:00:39.261920,0.36,0.49,1.20,-3.17,2.08,5.49,2.78,37.98,-19.46,1
q,2022-10-14 18:00:39.277565,0.26,0.42,0.95,-3.30,8.12,6.77,2.78,37.98,-19.46,1
q,2022-10-14 18:00:39.293191,0.25,0.40,0.92,0.24,-9.70,15.01,2.78,37.98,-19.46,1
q,2022-10-14 18:00:39.308820,0.22,0.38,0.87,1.04,-14.34,15.93,3.14,38.43,-19.78,1
q,2022-10-14 18:00:39.340049,0.20,0.38,0.85,-0.12,-14.04,16.54,3.14,38.43,-19.78,1
q,2022-10-14 18:00:39.355674,0.19,0.37,0.84,-0.79,-9.77,15.38,3.43,38.37,-20.52,1
q,2022-10-14 18:00:39.371320,0.19,0.32,0.85,-6.23,-3.23,11.41,3.43,38.37,-20.52,1
q,2022-10-14 18:00:39.386950,0.19,0.24,0.85,-34.91,-1.04,5.43,3.43,38.37,-20.52,1
q,2022-10-14 18:00:39.402571,-0.02,0.18,0.88,-85.27,-1.95,-5.86,2.88,38.95,-21.42,1
q,2022-10-14 18:00:39.433804,-0.19,0.47,1.30,-44.62,20.75,-9.16,2.88,38.95,-21.42,1
q,2022-10-14 18:00:39.449430,0.04,0.15,0.89,-4.03,57.01,-25.15,2.88,38.95,-21.42,1
q,2022-10-14 18:00:39.465075,0.23,0.00,0.82,4.15,53.41,-23.01,-0.90,38.07,-21.79,1
q,2022-10-14 18:00:39.480701,0.28,-0.04,0.78,-5.80,43.58,-8.00,-0.90,38.07,-21.79,1
q,2022-10-14 18:00:39.496327,0.32,0.13,0.72,-15.14,30.88,23.01,-6.79,36.00,-23.86,1
q,2022-10-14 18:00:39.527559,0.33,0.25,0.68,-30.70,22.09,33.20,-6.79,36.00,-23.86,1
q,2022-10-14 18:00:39.543186,0.34,0.36,0.64,-39.73,13.55,38.45,-6.79,36.00,-23.86,1
q,2022-10-14 18:00:39.558830,0.33,0.45,0.67,-41.44,3.23,40.47,-12.94,35.84,-25.48,1
q,2022-10-14 18:00:39.574460,0.31,0.49,0.71,-31.43,1.59,45.78,-12.94,35.84,-25.48,1
q,2022-10-14 18:00:39.590082,0.29,0.58,0.76,-26.49,2.93,49.56,-12.94,35.84,-25.48,1
q,2022-10-14 18:00:39.621314,0.28,0.61,0.76,-24.48,3.85,46.45,-16.38,37.30,-26.56,1
q,2022-10-14 18:00:39.636940,0.26,0.63,0.80,-21.91,4.88,39.79,-16.38,37.30,-26.56,1
