H,2022-10-18 14:12:40.845899,0.47,-0.65,0.65,0.79,24.11,29.11,4.10,65.04,-46.91,1
H,2022-10-18 14:12:40.861652,0.46,-0.67,0.66,0.73,22.22,29.79,4.10,65.04,-46.91,1
H,2022-10-18 14:12:40.877290,0.46,-0.61,0.68,-3.54,17.40,34.55,5.62,65.17,-46.44,1
H,2022-10-18 14:12:40.892911,0.54,-0.65,0.59,-5.31,14.89,30.03,5.62,65.17,-46.44,1
H,2022-10-18 14:12:40.924568,0.56,-0.55,0.66,-16.11,15.08,16.91,5.62,65.17,-46.44,1
H,2022-10-18 14:12:40.940295,0.56,-0.50,0.67,-13.12,10.31,4.64,6.75,65.34,-48.28,1
H,2022-10-18 14:12:40.955914,0.56,-0.48,0.65,-7.87,4.46,-2.69,6.75,65.34,-48.28,1
H,2022-10-18 14:12:40.971546,0.58,-0.45,0.64,1.10,-4.15,-1.95,6.75,65.34,-48.28,1
H,2022-10-18 14:12:40.987141,0.58,-0.47,0.65,14.89,-12.70,0.24,6.81,65.47,-48.01,1
H,2022-10-18 14:12:41.019115,0.50,-0.74,0.62,2.32,-5.98,5.25,6.81,65.47,-48.01,1
H,2022-10-18 14:12:41.037531,0.53,-0.47,0.66,-5.19,1.22,-2.26,6.76,65.52,-47.08,1
H,2022-10-18 14:12:41.043968,0.55,-0.41,0.64,7.51,-0.61,1.10,6.76,65.52,-47.08,1
H,2022-10-18 14:12:41.073403,0.06,-0.59,0.78,47.00,-20.26,-9.83,6.76,65.52,-47.08,1
H,2022-10-18 14:12:41.082166,0.36,-0.66,0.66,35.10,-44.62,-32.17,5.41,66.19,-45.32,1
H,2022-10-18 14:12:41.109379,0.42,-0.64,0.56,3.30,-54.38,-48.52,5.41,66.19,-45.32,1
H,2022-10-18 14:12:41.128661,0.45,-0.60,0.51,-14.34,-54.75,-58.23,5.41,66.19,-45.32,1
H,2022-10-18 14:12:41.145897,0.46,-0.53,0.50,-17.94,-47.49,-60.00,1.44,64.28,-44.92,1
H,2022-10-18 14:12:41.165209,0.35,-0.61,0.60,-6.29,-42.05,-66.22,1.44,64.28,-44.92,1
H,2022-10-18 14:12:41.183415,0.45,-0.51,0.61,-7.26,-40.89,-67.14,1.44,64.28,-44.92,1
H,2022-10-18 14:12:41.202440,0.50,-0.51,0.71,-6.04,-37.29,-59.14,-2.58,63.13,-42.93,1
H,2022-10-18 14:12:41.219312,0.52,-0.61,0.75,7.45,-35.46,-48.03,-2.58,63.13,-42.93,1
H,2022-10-18 14:12:41.237022,0.65,-0.51,0.74,-7.87,-26.31,-32.47,-5.33,60.86,-41.49,1
H,2022-10-18 14:12:41.255986,0.43,-0.48,0.87,-15.81,10.56,19.41,-5.33,60.86,-41.49,1
H,2022-10-18 14:12:41.271669,0.37,-0.56,0.89,7.87,6.96,30.03,-5.33,60.86,-41.49,1
H,2022-10-18 14:12:41.290807,0.36,-0.61,0.88,27.40,-4.52,30.82,-4.46,60.85,-42.69,1
H,2022-10-18 14:12:41.313756,0.84,-0.48,0.35,30.64,-4.76,57.50,-4.46,60.85,-42.69,1
H,2022-10-18 14:12:41.329453,0.26,-0.79,0.48,18.92,74.22,77.21,-4.46,60.85,-42.69,1
H,2022-10-18 14:12:41.354131,0.48,-0.70,0.69,3.66,93.57,85.75,-1.99,62.48,-42.79,1
H,2022-10-18 14:12:41.371725,0.61,-0.71,0.93,15.20,75.87,76.60,-1.99,62.48,-42.79,1
H,2022-10-18 14:12:41.390653,0.61,-0.71,0.89,8.73,35.28,49.99,1.77,63.62,-43.87,1
H,2022-10-18 14:12:41.409710,0.56,-0.62,0.68,-25.09,-10.13,9.64,1.77,63.62,-43.87,1
H,2022-10-18 14:12:41.419473,0.52,-0.52,0.57,-32.35,-21.91,-4.88,1.77,63.62,-43.87,1
H,2022-10-18 14:12:41.441000,0.42,-0.46,0.57,-22.77,-23.50,-4.94,1.57,63.27,-45.39,1
H,2022-10-18 14:12:41.465842,0.40,-0.45,0.60,-3.97,-21.42,2.75,1.57,63.27,-45.39,1
H,2022-10-18 14:12:41.475996,0.40,-0.50,0.67,13.49,-20.20,14.89,1.57,63.27,-45.39,1
H,2022-10-18 14:12:41.501761,0.46,-0.48,0.72,-39.37,-10.50,4.76,1.06,63.45,-46.23,1
H,2022-10-18 14:12:41.512562,0.48,-0.22,0.84,-13.67,-15.63,10.07,1.06,63.45,-46.23,1
H,2022-10-18 14:12:41.538557,0.45,-0.43,0.64,41.32,-21.55,23.80,1.06,63.45,-46.23,1
H,2022-10-18 14:12:41.549353,0.46,-0.44,0.68,56.21,-19.04,30.21,0.74,64.04,-43.95,1
H,2022-10-18 14:12:41.566843,0.46,-0.92,0.34,38.70,9.64,2.38,0.74,64.04,-43.95,1
H,2022-10-18 14:12:41.589998,0.51,-0.45,0.77,-82.21,61.83,-53.41,0.84,62.98,-44.92,1
H,2022-10-18 14:12:41.610053,0.45,-0.17,0.96,-55.24,50.78,-45.41,0.84,62.98,-44.92,1
H,2022-10-18 14:12:41.628329,0.45,-0.35,0.85,6.96,28.75,-27.95,0.84,62.98,-44.92,1
H,2022-10-18 14:12:41.644026,0.46,-0.40,0.81,25.82,16.48,-18.55,1.42,60.94,-45.79,1
H,2022-10-18 14:12:41.659650,0.44,-0.59,0.62,54.26,1.04,-0.92,1.42,60.94,-45.79,1
H,2022-10-18 14:12:41.675272,0.50,-0.71,0.55,56.82,-0.55,2.87,1.42,60.94,-45.79,1
H,2022-10-18 14:12:41.690894,0.46,-0.77,0.54,51.45,-2.69,10.86,1.42,62.12,-43.84,1
H,2022-10-18 14:12:41.722492,0.46,-0.90,0.43,43.58,-4.70,13.43,1.42,62.12,-43.84,1
H,2022-10-18 14:12:41.738119,0.45,-0.83,0.55,22.71,-5.92,10.50,1.42,62.12,-43.84,1
H,2022-10-18 14:12:41.753826,0.46,-0.95,0.45,19.23,-11.23,5.25,1.59,62.60,-42.24,1
H,2022-10-18 14:12:41.769450,0.46,-0.86,0.53,-19.59,-1.71,-12.33,1.59,62.60,-42.24,1
H,2022-10-18 14:12:41.800612,0.72,-0.58,0.47,-47.61,3.91,-22.34,1.35,61.44,-44.21,1
H,2022-10-18 14:12:41.816706,0.44,-0.53,0.60,-33.02,29.91,15.01,1.35,61.44,-44.21,1
H,2022-10-18 14:12:41.832406,0.65,-0.52,0.60,-16.05,47.79,34.18,1.35,61.44,-44.21,1
H,2022-10-18 14:12:41.848023,0.70,-0.48,0.74,-8.30,57.62,50.90,3.60,61.69,-43.92,1
H,2022-10-18 14:12:41.866395,0.69,-0.50,0.76,12.94,47.61,61.58,3.60,61.69,-43.92,1
H,2022-10-18 14:12:41.895087,0.54,-0.66,0.66,17.58,32.29,49.74,7.36,62.56,-45.72,1
H,2022-10-18 14:12:41.911183,0.45,-0.66,0.62,5.62,15.75,21.30,7.36,62.56,-45.72,1
H,2022-10-18 14:12:41.926892,0.46,-0.57,0.59,-7.57,0.24,-18.74,7.36,62.56,-45.72,1
H,2022-10-18 14:12:41.942523,0.37,-0.46,0.57,-6.96,-7.69,-22.40,7.25,62.90,-47.24,1
H,2022-10-18 14:12:41.973765,0.30,-0.56,0.62,-16.30,4.82,-0.79,7.25,62.90,-47.24,1
H,2022-10-18 14:12:41.989307,0.52,-0.48,0.50,9.89,0.31,0.37,7.25,62.90,-47.24,1
H,2022-10-18 14:12:42.010430,0.41,-0.57,0.51,26.92,6.96,1.10,7.40,63.27,-46.46,1
H,2022-10-18 14:12:42.020933,0.31,-0.68,0.71,17.27,-5.62,-15.26,7.40,63.27,-46.46,1
H,2022-10-18 14:12:42.036560,0.30,-0.67,0.66,1.04,-25.21,-34.91,6.04,63.32,-46.34,1
H,2022-10-18 14:12:42.069080,0.38,-0.67,0.61,-17.82,-41.20,-62.13,6.04,63.32,-46.34,1
H,2022-10-18 14:12:42.077900,0.39,-0.69,0.61,-40.95,-48.46,-77.27,6.04,63.32,-46.34,1
H,2022-10-18 14:12:42.096592,0.59,-0.52,0.56,-46.14,-54.99,-85.57,1.39,60.82,-45.04,1
H,2022-10-18 14:12:42.121665,0.52,-0.50,0.67,-32.35,-50.42,-72.45,1.39,60.82,-45.04,1
H,2022-10-18 14:12:42.141392,0.53,-0.51,0.67,-15.14,-49.19,-62.62,1.39,60.82,-45.04,1
H,2022-10-18 14:12:42.163034,0.56,-0.48,0.64,-1.40,-31.01,-33.63,-2.77,58.35,-44.75,1
H,2022-10-18 14:12:42.166770,0.54,-0.61,0.68,12.15,-20.75,-20.02,-2.77,58.35,-44.75,1
H,2022-10-18 14:12:42.201176,0.55,-0.60,0.69,1.89,-5.74,-2.81,-3.99,58.37,-43.02,1
H,2022-10-18 14:12:42.215860,0.39,-0.64,0.77,4.70,9.95,15.32,-3.99,58.37,-43.02,1
H,2022-10-18 14:12:42.236574,0.37,-0.75,0.86,24.48,-0.67,10.19,-3.99,58.37,-43.02,1
H,2022-10-18 14:12:42.255618,0.38,-0.76,0.88,21.18,-14.59,1.22,-4.10,58.58,-42.40,1
H,2022-10-18 14:12:42.273150,0.35,-0.76,0.81,23.38,-27.59,-6.96,-4.10,58.58,-42.40,1
H,2022-10-18 14:12:42.280003,0.20,-0.73,0.84,17.27,-35.03,-13.18,-4.10,58.58,-42.40,1
H,2022-10-18 14:12:42.310344,0.21,-0.62,0.43,3.97,-38.94,-24.96,-4.87,59.13,-41.89,1
H,2022-10-18 14:12:42.320804,0.23,-0.53,0.41,-64.70,49.50,10.01,-4.87,59.13,-41.89,1
H,2022-10-18 14:12:42.338496,0.48,-0.28,0.61,-61.04,90.64,34.91,-4.87,59.13,-41.89,1
H,2022-10-18 14:12:42.360674,0.55,-0.34,0.86,-10.56,100.77,49.68,-1.62,57.06,-42.53,1
H,2022-10-18 14:12:42.380606,0.54,-0.44,0.84,42.85,69.09,44.92,-1.62,57.06,-42.53,1
H,2022-10-18 14:12:42.403394,0.58,-0.78,0.67,63.17,15.56,30.09,2.11,58.68,-44.47,1
H,2022-10-18 14:12:42.420862,0.54,-0.73,0.52,22.83,-0.79,4.39,2.11,58.68,-44.47,1
H,2022-10-18 14:12:42.440995,0.52,-0.63,0.50,-5.00,2.38,-10.86,2.11,58.68,-44.47,1
H,2022-10-18 14:12:42.457193,0.49,-0.54,0.51,-10.62,11.11,-13.06,1.66,58.31,-43.29,1
H,2022-10-18 14:12:42.479713,0.44,-0.52,0.60,8.00,24.84,-0.37,1.66,58.31,-43.29,1
H,2022-10-18 14:12:42.491730,0.41,-0.59,0.63,22.22,24.96,11.60,1.66,58.31,-43.29,1
H,2022-10-18 14:12:42.510733,0.40,-0.64,0.62,27.40,22.58,25.51,3.00,57.63,-43.79,1
H,2022-10-18 14:12:42.534653,0.39,-0.69,0.58,31.13,22.77,36.99,3.00,57.63,-43.79,1
H,2022-10-18 14:12:42.550406,0.45,-0.76,0.55,28.93,25.15,41.81,4.80,58.94,-44.63,1
H,2022-10-18 14:12:42.573183,0.41,-0.75,0.61,5.92,30.82,43.33,4.80,58.94,-44.63,1
H,2022-10-18 14:12:42.581904,0.45,-0.70,0.64,2.20,27.95,44.43,4.80,58.94,-44.63,1
H,2022-10-18 14:12:42.610679,0.45,-0.72,0.60,9.52,22.40,44.13,7.15,58.59,-45.20,1
H,2022-10-18 14:12:42.629502,0.49,-0.76,0.54,5.86,18.19,31.98,7.15,58.59,-45.20,1
H,2022-10-18 14:12:42.645131,0.51,-0.68,0.55,-16.78,10.38,8.24,7.15,58.59,-45.20,1
H,2022-10-18 14:12:42.660823,0.59,-0.56,0.57,-22.34,-1.16,2.26,8.39,58.51,-46.42,1
H,2022-10-18 14:12:42.676445,0.56,-0.56,0.58,-8.48,-13.92,7.69,8.39,58.51,-46.42,1
H,2022-10-18 14:12:42.692071,0.57,-0.58,0.53,12.82,-19.59,7.14,8.00,58.56,-45.48,1
H,2022-10-18 14:12:42.723892,0.52,-0.55,0.55,-60.12,3.36,-4.15,8.00,58.56,-45.48,1
H,2022-10-18 14:12:42.739612,0.54,-0.38,0.72,-39.55,2.56,-3.42,8.00,58.56,-45.48,1
H,2022-10-18 14:12:42.755219,0.51,-0.49,0.58,-4.03,-1.83,4.39,7.92,57.14,-46.23,1
H,2022-10-18 14:12:42.770841,0.52,-0.52,0.59,27.34,1.40,10.99,7.92,57.14,-46.23,1
H,2022-10-18 14:12:42.786469,0.52,-0.55,0.57,47.85,2.44,12.45,7.92,57.14,-46.23,1
H,2022-10-18 14:12:42.818399,-0.01,-0.85,0.85,67.08,-4.88,4.21,7.95,58.09,-45.86,1
H,2022-10-18 14:12:42.834108,0.37,-0.75,0.66,42.60,-54.50,-41.87,7.95,58.09,-45.86,1
H,2022-10-18 14:12:42.849653,0.43,-0.68,0.53,9.22,-65.00,-59.51,4.91,59.29,-43.77,1
H,2022-10-18 14:12:42.865340,0.42,-0.67,0.42,0.92,-62.26,-71.84,4.91,59.29,-43.77,1
H,2022-10-18 14:12:42.896890,0.48,-0.61,0.54,-4.94,-54.02,-73.36,4.91,59.29,-43.77,1
H,2022-10-18 14:12:42.912979,0.50,-0.61,0.53,5.13,-52.67,-73.91,0.40,58.08,-41.63,1
H,2022-10-18 14:12:42.928684,0.47,-0.65,0.58,-0.55,-50.11,-72.14,0.40,58.08,-41.63,1
H,2022-10-18 14:12:42.944297,0.57,-0.63,0.56,-13.85,-38.39,-58.17,0.40,58.08,-41.63,1
H,2022-10-18 14:12:42.959932,0.45,-0.72,0.73,-14.53,-15.87,-25.76,-3.60,56.29,-39.89,1
H,2022-10-18 14:12:42.991100,0.47,-0.57,0.69,-22.40,6.77,1.65,-3.60,56.29,-39.89,1
H,2022-10-18 14:12:43.011307,0.33,-0.68,0.81,-3.48,13.49,15.26,-4.64,55.10,-41.52,1
H,2022-10-18 14:12:43.022879,0.32,-0.65,0.86,11.41,-3.23,14.83,-4.64,55.10,-41.52,1
H,2022-10-18 14:12:43.038828,0.81,-0.41,0.34,14.83,-1.83,25.70,-4.64,55.10,-41.52,1
H,2022-10-18 14:12:43.072446,0.23,-0.66,0.50,23.44,59.81,79.28,-2.87,56.40,-39.78,1
H,2022-10-18 14:12:43.078938,0.36,-0.75,0.47,21.61,88.44,98.33,-2.87,56.40,-39.78,1
H,2022-10-18 14:12:43.108290,0.53,-0.81,0.82,10.68,88.01,95.15,2.69,58.61,-41.96,1
H,2022-10-18 14:12:43.117062,0.58,-0.80,0.90,0.37,46.08,61.46,2.69,58.61,-41.96,1
H,2022-10-18 14:12:43.144762,0.60,-0.74,0.73,-17.76,-2.38,34.06,2.69,58.61,-41.96,1
H,2022-10-18 14:12:43.154549,0.54,-0.68,0.51,-35.77,-27.77,20.32,3.72,58.03,-42.43,1
H,2022-10-18 14:12:43.183141,0.45,-0.55,0.51,-21.91,-30.40,1.59,3.72,58.03,-42.43,1
H,2022-10-18 14:12:43.200587,-1.09,-0.52,0.35,-7.45,-21.55,-1.95,3.72,58.03,-42.43,1
H,2022-10-18 14:12:43.221871,0.42,-0.47,0.74,-43.27,-4.82,8.97,3.80,57.50,-42.86,1
H,2022-10-18 14:12:43.238646,0.50,-0.27,0.92,17.33,-23.93,22.83,3.80,57.50,-42.86,1
H,2022-10-18 14:12:43.260747,0.45,-0.58,0.56,59.75,-11.54,21.42,3.48,57.80,-42.40,1
H,2022-10-18 14:12:43.267366,0.45,-0.74,0.54,33.87,9.83,-1.77,3.48,57.80,-42.40,1
H,2022-10-18 14:12:43.296076,0.47,-0.65,0.59,-14.40,29.85,-31.62,3.48,57.80,-42.40,1
H,2022-10-18 14:12:43.313387,0.44,-0.45,0.70,-48.28,36.56,-43.27,3.74,56.04,-41.74,1
H,2022-10-18 14:12:43.333117,0.49,-0.43,0.73,-22.40,27.47,-30.03,3.74,56.04,-41.74,1
H,2022-10-18 14:12:43.343571,0.49,-0.49,0.73,5.13,20.39,-17.21,3.74,56.04,-41.74,1
H,2022-10-18 14:12:43.370922,0.46,-0.62,0.66,32.90,13.18,-3.11,4.98,54.49,-43.51,1
H,2022-10-18 14:12:43.383601,0.47,-0.75,0.56,47.97,8.61,-0.31,4.98,54.49,-43.51,1
H,2022-10-18 14:12:43.407883,0.44,-0.79,0.52,33.75,8.73,-1.59,4.98,54.49,-43.51,1
H,2022-10-18 14:12:43.425676,0.42,-0.92,0.39,52.80,-8.06,14.22,5.71,54.93,-40.43,1
H,2022-10-18 14:12:43.446246,0.44,-0.97,0.32,21.18,-0.24,4.46,5.71,54.93,-40.43,1
H,2022-10-18 14:12:43.462731,0.37,-0.78,0.61,-8.73,2.81,-1.22,6.15,54.92,-38.83,1
H,2022-10-18 14:12:43.483808,0.45,-0.79,0.51,-10.80,-4.39,-3.85,6.15,54.92,-38.83,1
H,2022-10-18 14:12:43.504368,0.42,-0.73,0.59,-23.07,-0.55,-10.01,6.15,54.92,-38.83,1
H,2022-10-18 14:12:43.524199,0.38,-0.51,0.63,-27.22,-3.36,-2.62,5.29,54.83,-39.50,1
H,2022-10-18 14:12:43.528855,0.61,-0.66,0.44,-9.52,34.00,45.41,5.29,54.83,-39.50,1
H,2022-10-18 14:12:43.559200,0.70,-0.58,0.66,-5.55,56.58,56.46,7.80,54.79,-40.50,1
H,2022-10-18 14:12:43.579150,0.75,-0.53,0.78,14.04,51.64,65.19,7.80,54.79,-40.50,1
H,2022-10-18 14:12:43.598354,0.71,-0.60,0.66,33.20,29.54,64.76,7.80,54.79,-40.50,1
H,2022-10-18 14:12:43.616706,0.67,-0.61,0.51,8.06,10.80,46.51,10.75,56.49,-40.72,1
H,2022-10-18 14:12:43.635597,0.49,-0.61,0.52,11.05,1.34,18.86,10.75,56.49,-40.72,1
H,2022-10-18 14:12:43.651953,0.50,-0.55,0.47,8.24,-6.90,-9.03,10.75,56.49,-40.72,1
H,2022-10-18 14:12:43.667694,0.40,-0.51,0.52,16.85,-16.05,-26.18,11.13,56.64,-40.12,1
H,2022-10-18 14:12:43.683325,0.32,-0.82,0.63,-5.55,2.62,10.99,11.13,56.64,-40.12,1
H,2022-10-18 14:12:43.698926,0.49,-0.54,0.68,17.76,6.47,5.25,11.13,56.64,-40.12,1
H,2022-10-18 14:12:43.715102,0.37,-0.86,0.55,38.02,-7.75,-8.06,10.93,57.04,-39.88,1
H,2022-10-18 14:12:43.746363,0.27,-0.82,0.52,5.98,-17.03,-30.27,10.93,57.04,-39.88,1
H,2022-10-18 14:12:43.761987,0.33,-0.80,0.59,-20.94,-30.70,-57.74,8.15,57.32,-39.55,1
H,2022-10-18 14:12:43.777609,0.37,-0.66,0.57,-46.14,-52.49,-80.69,8.15,57.32,-39.55,1
H,2022-10-18 14:12:43.793233,0.54,-0.62,0.59,-45.59,-59.14,-89.29,8.15,57.32,-39.55,1
H,2022-10-18 14:12:43.811867,0.49,-0.53,0.59,-32.53,-58.41,-89.66,3.61,55.22,-39.83,1
H,2022-10-18 14:12:43.840504,0.46,-0.60,0.57,-25.57,-64.39,-87.16,3.61,55.22,-39.83,1
H,2022-10-18 14:12:43.856127,0.51,-0.43,0.61,-18.55,-51.45,-62.50,3.61,55.22,-39.83,1
H,2022-10-18 14:12:43.871825,0.47,-0.54,0.57,7.87,-32.53,-30.88,-1.22,53.27,-39.22,1
H,2022-10-18 14:12:43.887439,0.45,-0.61,0.61,15.14,-4.94,1.28,-1.22,53.27,-39.22,1
H,2022-10-18 14:12:43.919166,0.50,-0.71,0.67,6.59,10.44,19.35,-1.75,53.44,-39.77,1
H,2022-10-18 14:12:43.934889,0.34,-0.79,0.85,2.99,14.34,25.63,-1.75,53.44,-39.77,1
H,2022-10-18 14:12:43.950498,0.33,-0.75,0.90,7.51,-0.06,17.82,-1.75,53.44,-39.77,1
H,2022-10-18 14:12:43.966131,0.32,-0.69,0.83,33.81,-21.91,11.05,-1.55,53.20,-37.61,1
H,2022-10-18 14:12:43.997295,0.51,-0.56,0.05,48.89,-15.99,15.56,-1.55,53.20,-37.61,1
H,2022-10-18 14:12:44.013478,0.03,-0.78,0.30,2.14,83.50,53.59,0.89,54.43,-37.30,1
H,2022-10-18 14:12:44.029173,0.48,-0.54,0.80,-39.49,133.48,67.99,0.89,54.43,-37.30,1
H,2022-10-18 14:12:44.044797,0.59,-0.56,1.05,7.69,105.53,60.30,0.89,54.43,-37.30,1
H,2022-10-18 14:12:44.076120,0.66,-0.71,0.93,32.29,48.65,41.02,5.52,54.28,-39.34,1
H,2022-10-18 14:12:44.091600,0.64,-0.75,0.49,-2.01,-5.07,-3.36,5.52,54.28,-39.34,1
H,2022-10-18 14:12:44.112329,0.59,-0.64,0.39,-27.77,-1.95,-18.19,5.52,54.28,-39.34,1
H,2022-10-18 14:12:44.129736,0.49,-0.59,0.36,-26.06,12.27,-15.01,5.98,54.20,-38.40,1
H,2022-10-18 14:12:44.153290,0.46,-0.61,0.38,-17.58,36.68,3.42,5.98,54.20,-38.40,1
H,2022-10-18 14:12:44.159581,0.54,-0.56,0.69,-11.29,28.69,10.62,6.41,53.30,-39.15,1
H,2022-10-18 14:12:44.188944,0.53,-0.61,0.67,12.70,5.00,14.10,6.41,53.30,-39.15,1
H,2022-10-18 14:12:44.204875,0.48,-0.69,0.53,28.38,-8.06,14.53,6.41,53.30,-39.15,1
H,2022-10-18 14:12:44.227621,0.37,-0.75,0.44,8.73,5.19,16.30,7.29,54.17,-39.26,1
H,2022-10-18 14:12:44.239892,0.35,-0.73,0.49,-9.16,23.93,22.77,7.29,54.17,-39.26,1
H,2022-10-18 14:12:44.258380,0.35,-0.67,0.60,-21.67,36.93,32.90,7.29,54.17,-39.26,1
H,2022-10-18 14:12:44.276937,0.39,-0.59,0.70,-8.61,33.75,42.66,9.41,53.20,-38.17,1
H,2022-10-18 14:12:44.294934,0.50,-0.67,0.64,28.08,16.42,50.66,9.41,53.20,-38.17,1
H,2022-10-18 14:12:44.320415,0.53,-0.78,0.56,15.08,7.63,36.32,10.74,54.37,-39.58,1
H,2022-10-18 14:12:44.333272,0.57,-0.70,0.57,-8.79,-0.31,14.34,10.74,54.37,-39.58,1
H,2022-10-18 14:12:44.355907,0.54,-0.59,0.58,-11.72,-11.66,0.67,10.74,54.37,-39.58,1
H,2022-10-18 14:12:44.368295,0.53,-0.55,0.53,-5.13,-18.31,-3.05,10.90,54.82,-39.82,1
H,2022-10-18 14:12:44.388392,0.52,-0.57,0.53,-23.74,-2.56,0.37,10.90,54.82,-39.82,1
H,2022-10-18 14:12:44.416164,0.53,-0.49,0.59,-5.31,-1.59,1.22,10.90,54.82,-39.82,1
H,2022-10-18 14:12:44.424772,0.52,-0.58,0.49,21.85,-0.31,5.00,10.91,54.16,-38.21,1
H,2022-10-18 14:12:44.455510,0.12,-0.69,0.64,37.78,5.92,6.90,10.91,54.16,-38.21,1
H,2022-10-18 14:12:44.473523,0.34,-0.69,0.66,24.17,-16.66,-12.15,10.12,55.20,-38.55,1
H,2022-10-18 14:12:44.491434,0.29,-0.65,0.56,9.28,-34.42,-25.70,10.12,55.20,-38.55,1
H,2022-10-18 14:12:44.504021,0.36,-0.69,0.54,3.30,-45.72,-51.39,10.12,55.20,-38.55,1
H,2022-10-18 14:12:44.533001,0.46,-0.67,0.46,-12.57,-43.64,-61.89,7.21,54.47,-38.55,1
H,2022-10-18 14:12:44.550835,0.51,-0.60,0.49,-16.11,-35.89,-63.66,7.21,54.47,-38.55,1
H,2022-10-18 14:12:44.568206,0.36,-0.66,0.50,2.75,-27.77,-55.91,7.21,54.47,-38.55,1
H,2022-10-18 14:12:44.582185,0.40,-0.71,0.54,6.65,-24.54,-60.12,3.96,53.34,-39.11,1
H,2022-10-18 14:12:44.601326,0.52,-0.69,0.55,-8.00,-20.26,-55.42,3.96,53.34,-39.11,1
H,2022-10-18 14:12:44.616986,0.57,-0.60,0.60,-32.90,-7.69,-35.10,1.28,51.72,-38.96,1
H,2022-10-18 14:12:44.636954,0.59,-0.51,0.70,-22.16,13.61,5.13,1.28,51.72,-38.96,1
H,2022-10-18 14:12:44.664418,0.42,-0.69,0.88,7.14,23.80,29.66,1.28,51.72,-38.96,1
H,2022-10-18 14:12:44.674865,0.41,-0.80,0.91,33.63,9.22,27.71,1.66,51.31,-38.84,1
H,2022-10-18 14:12:44.690573,0.45,-0.88,0.77,39.67,-9.03,17.46,1.66,51.31,-38.84,1
H,2022-10-18 14:12:44.712789,0.62,-0.74,0.43,-2.20,18.07,30.40,1.66,51.31,-38.84,1
H,2022-10-18 14:12:44.738097,0.37,-0.70,0.44,-24.41,57.74,60.67,2.33,52.09,-37.60,1
H,2022-10-18 14:12:44.753738,0.49,-0.64,0.60,-28.14,80.26,79.59,2.33,52.09,-37.60,1
H,2022-10-18 14:12:44.769338,0.60,-0.57,0.81,-7.14,70.43,76.78,6.21,52.11,-39.16,1
H,2022-10-18 14:12:44.784955,0.63,-0.63,0.85,21.79,8.24,48.46,6.21,52.11,-39.16,1
H,2022-10-18 14:12:44.813200,0.53,-0.72,0.58,16.72,-29.36,24.90,6.21,52.11,-39.16,1
H,2022-10-18 14:12:44.832499,0.51,-0.69,0.41,-3.05,-42.42,-0.98,6.88,52.94,-38.21,1
H,2022-10-18 14:12:44.848109,0.44,-0.58,0.46,-15.69,-35.03,-19.59,6.88,52.94,-38.21,1
H,2022-10-18 14:12:44.863731,0.40,-0.50,0.56,-53.89,-13.43,8.42,6.30,52.59,-38.99,1
H,2022-10-18 14:12:44.879287,0.48,-0.34,0.80,0.49,-9.58,12.02,6.30,52.59,-38.99,1
H,2022-10-18 14:12:44.913038,0.53,-0.60,0.50,41.26,-14.89,14.04,6.30,52.59,-38.99,1
H,2022-10-18 14:12:44.930053,0.45,-0.65,0.55,4.88,16.48,-5.07,5.97,52.77,-37.67,1
H,2022-10-18 14:12:44.942628,0.48,-0.53,0.63,-14.28,27.89,-18.07,5.97,52.77,-37.67,1
H,2022-10-18 14:12:44.958336,0.46,-0.46,0.70,-20.14,32.41,-21.42,5.97,52.77,-37.67,1
H,2022-10-18 14:12:44.989512,0.51,-0.55,0.70,9.64,21.06,-8.85,6.53,51.90,-37.50,1
H,2022-10-18 14:12:45.005136,0.51,-0.62,0.64,25.88,18.31,-6.59,6.53,51.90,-37.50,1
H,2022-10-18 14:12:45.021485,0.46,-0.65,0.61,29.91,17.03,-3.23,6.47,52.16,-36.80,1
H,2022-10-18 14:12:45.037191,0.47,-0.71,0.55,41.56,8.91,2.14,6.47,52.16,-36.80,1
H,2022-10-18 14:12:45.053007,0.44,-0.77,0.49,29.17,10.31,0.79,6.47,52.16,-36.80,1
H,2022-10-18 14:12:45.084329,0.43,-0.73,0.50,19.17,8.97,-1.71,5.52,53.11,-33.96,1
H,2022-10-18 14:12:45.102874,0.43,-0.77,0.46,17.94,7.26,-3.30,5.52,53.11,-33.96,1
H,2022-10-18 14:12:45.114567,0.45,-0.76,0.49,8.97,3.72,-0.67,5.52,53.11,-33.96,1
H,2022-10-18 14:12:45.133243,0.47,-0.77,0.50,12.08,-4.39,7.14,5.25,53.37,-33.70,1
H,2022-10-18 14:12:45.149608,0.47,-0.82,0.47,6.96,-4.64,4.94,5.25,53.37,-33.70,1
H,2022-10-18 14:12:45.179696,0.49,-0.81,0.48,-5.98,-1.46,-1.46,5.22,53.27,-33.01,1
H,2022-10-18 14:12:45.198835,0.47,-0.67,0.48,-27.10,15.26,0.67,5.22,53.27,-33.01,1
H,2022-10-18 14:12:45.218057,0.54,-0.59,0.51,-27.53,32.84,23.44,5.22,53.27,-33.01,1
H,2022-10-18 14:12:45.236708,0.70,-0.50,0.61,-8.54,43.95,43.09,5.94,53.14,-34.19,1
H,2022-10-18 14:12:45.256257,0.79,-0.52,0.67,38.88,34.73,51.88,5.94,53.14,-34.19,1
H,2022-10-18 14:12:45.273115,0.70,-0.71,0.55,47.85,21.67,44.49,5.94,53.14,-34.19,1
H,2022-10-18 14:12:45.291795,0.61,-0.73,0.48,38.57,12.45,35.40,8.19,54.68,-33.90,1
H,2022-10-18 14:12:45.307682,0.47,-0.73,0.48,24.66,1.40,31.62,8.19,54.68,-33.90,1
H,2022-10-18 14:12:45.330413,0.42,-0.72,0.47,22.58,-7.20,23.13,9.18,56.87,-31.77,1
H,2022-10-18 14:12:45.343540,0.41,-0.67,0.45,9.52,-9.34,4.82,9.18,56.87,-31.77,1
H,2022-10-18 14:12:45.364033,0.37,-0.62,0.54,-25.88,4.03,-0.12,9.18,56.87,-31.77,1
H,2022-10-18 14:12:45.379857,0.55,-0.50,0.48,-2.01,-3.30,-4.03,8.87,56.81,-32.92,1
H,2022-10-18 14:12:45.400992,0.38,-0.63,0.43,27.16,0.49,0.55,8.87,56.81,-32.92,1
H,2022-10-18 14:12:45.413359,0.29,-0.82,0.57,26.86,-7.08,-11.47,8.87,56.81,-32.92,1
H,2022-10-18 14:12:45.440627,0.29,-0.75,0.52,-16.78,-30.21,-48.03,8.40,56.75,-32.20,1
H,2022-10-18 14:12:45.460129,0.34,-0.74,0.50,-28.99,-42.05,-70.74,8.40,56.75,-32.20,1
H,2022-10-18 14:12:45.477811,0.45,-0.75,0.58,-39.79,-51.03,-86.98,8.40,56.75,-32.20,1
H,2022-10-18 14:12:45.495451,0.55,-0.69,0.50,-48.71,-59.57,-94.06,5.04,54.53,-32.09,1
H,2022-10-18 14:12:45.513506,0.58,-0.61,0.50,-38.45,-51.33,-87.89,5.04,54.53,-32.09,1
H,2022-10-18 14:12:45.530463,0.59,-0.48,0.58,-41.02,-37.23,-72.63,1.06,51.17,-35.18,1
H,2022-10-18 14:12:45.554026,0.55,-0.51,0.59,-11.54,-22.77,-46.88,1.06,51.17,-35.18,1
H,2022-10-18 14:12:45.570095,0.52,-0.58,0.60,11.11,-8.48,-15.44,1.06,51.17,-35.18,1
H,2022-10-18 14:12:45.591037,0.53,-0.68,0.58,15.69,8.36,21.42,0.45,50.37,-32.89,1
H,2022-10-18 14:12:45.608450,0.38,-0.82,0.68,16.11,9.58,26.00,0.45,50.37,-32.89,1
H,2022-10-18 14:12:45.625730,0.38,-0.77,0.72,7.45,2.26,19.29,0.45,50.37,-32.89,1
H,2022-10-18 14:12:45.643522,0.38,-0.74,0.72,14.47,-5.49,14.65,0.82,51.05,-34.03,1
H,2022-10-18 14:12:45.655594,0.37,-0.72,0.72,34.30,-12.94,11.41,0.82,51.05,-34.03,1
H,2022-10-18 14:12:45.681466,0.35,-0.75,0.63,52.19,-19.47,9.03,0.44,52.48,-31.34,1
H,2022-10-18 14:12:45.697204,0.27,-0.78,0.37,17.94,14.28,14.65,0.44,52.48,-31.34,1
H,2022-10-18 14:12:45.713416,0.42,-0.68,0.47,-21.85,49.13,20.14,0.44,52.48,-31.34,1
H,2022-10-18 14:12:45.729009,0.51,-0.60,0.64,-39.43,69.58,28.75,1.62,51.94,-33.19,1
H,2022-10-18 14:12:45.744742,0.57,-0.56,0.72,-29.85,53.83,30.27,1.62,51.94,-33.19,1
H,2022-10-18 14:12:45.775899,0.54,-0.69,0.64,-0.67,32.65,23.19,1.62,51.94,-33.19,1
H,2022-10-18 14:12:45.791552,0.52,-0.74,0.57,-3.66,14.47,7.69,2.53,51.54,-33.14,1
H,2022-10-18 14:12:45.813725,0.47,-0.73,0.49,-12.82,7.87,-4.39,2.53,51.54,-33.14,1
H,2022-10-18 14:12:45.823306,0.42,-0.68,0.46,-10.38,14.22,-2.44,2.92,51.40,-32.29,1
H,2022-10-18 14:12:45.838957,0.45,-0.67,0.51,-6.47,21.00,8.12,2.92,51.40,-32.29,1
H,2022-10-18 14:12:45.870192,0.50,-0.67,0.58,0.31,20.75,14.65,2.92,51.40,-32.29,1
H,2022-10-18 14:12:45.885882,0.51,-0.66,0.60,9.89,15.87,19.71,3.34,51.45,-34.91,1
H,2022-10-18 14:12:45.901507,0.49,-0.71,0.53,25.02,8.48,28.38,3.34,51.45,-34.91,1
H,2022-10-18 14:12:45.917596,0.41,-0.75,0.51,23.68,10.74,34.24,3.34,51.45,-34.91,1
H,2022-10-18 14:12:45.933303,0.37,-0.78,0.52,14.40,18.19,39.37,3.44,52.94,-32.20,1
H,2022-10-18 14:12:45.967168,0.43,-0.79,0.50,6.16,26.98,35.58,3.44,52.94,-32.20,1
H,2022-10-18 14:12:45.980356,0.53,-0.73,0.56,-4.70,28.75,30.94,4.25,53.28,-32.36,1
H,2022-10-18 14:12:45.996086,0.59,-0.69,0.54,2.50,17.46,25.70,4.25,53.28,-32.36,1
H,2022-10-18 14:12:46.014269,0.58,-0.68,0.49,9.40,5.86,22.22,4.25,53.28,-32.36,1
H,2022-10-18 14:12:46.027850,0.54,-0.66,0.47,6.29,-1.89,22.95,3.86,54.85,-33.06,1
H,2022-10-18 14:12:46.059108,0.52,-0.66,0.48,4.82,-4.09,23.86,3.86,54.85,-33.06,1
H,2022-10-18 14:12:46.074733,0.51,-0.64,0.53,7.93,-8.06,19.84,3.86,54.85,-33.06,1
H,2022-10-18 14:12:46.090424,0.49,-0.67,0.53,21.73,-15.08,16.11,4.43,55.76,-32.39,1
H,2022-10-18 14:12:46.114486,0.51,-0.63,0.50,26.86,-16.97,10.01,4.43,55.76,-32.39,1
H,2022-10-18 14:12:46.131306,0.45,-0.71,0.53,0.85,-0.67,4.76,4.06,57.02,-30.36,1
H,2022-10-18 14:12:46.148082,0.52,-0.56,0.53,6.10,-3.60,-0.49,4.06,57.02,-30.36,1
H,2022-10-18 14:12:46.168124,0.54,-0.57,0.45,16.60,-3.36,8.00,4.06,57.02,-30.36,1
H,2022-10-18 14:12:46.183756,0.48,-0.63,0.43,40.41,3.42,10.50,4.09,57.24,-30.19,1
H,2022-10-18 14:12:46.214388,0.32,-0.84,0.62,44.43,-5.07,-5.25,4.09,57.24,-30.19,1
H,2022-10-18 14:12:46.230675,0.27,-0.79,0.52,16.17,-21.73,-28.38,4.09,57.24,-30.19,1
H,2022-10-18 14:12:46.253273,0.38,-0.80,0.47,-20.26,-36.74,-63.05,2.97,57.46,-29.14,1
H,2022-10-18 14:12:46.273583,0.45,-0.76,0.46,-39.67,-43.03,-75.01,2.97,57.46,-29.14,1
H,2022-10-18 14:12:46.292573,0.56,-0.64,0.43,-49.19,-46.39,-77.15,0.57,53.94,-30.81,1
H,2022-10-18 14:12:46.310734,0.49,-0.65,0.57,-25.27,-47.30,-68.24,0.57,53.94,-30.81,1
H,2022-10-18 14:12:46.330124,0.55,-0.63,0.49,-21.97,-39.86,-61.65,0.57,53.94,-30.81,1
H,2022-10-18 14:12:46.350750,0.52,-0.63,0.58,-19.29,-25.15,-46.88,-1.17,51.16,-30.60,1
H,2022-10-18 14:12:46.368678,0.56,-0.63,0.61,-6.35,-5.19,-22.03,-1.17,51.16,-30.60,1
H,2022-10-18 14:12:46.387157,0.55,-0.60,0.68,3.23,6.77,6.96,-1.17,51.16,-30.60,1
H,2022-10-18 14:12:46.405393,0.38,-0.80,0.75,30.03,8.36,25.33,-1.87,50.56,-31.30,1
H,2022-10-18 14:12:46.414304,0.38,-0.85,0.73,32.53,-2.56,19.65,-1.87,50.56,-31.30,1
H,2022-10-18 14:12:46.443064,0.39,-0.86,0.67,29.24,-12.02,11.96,-2.47,51.01,-29.15,1
H,2022-10-18 14:12:46.451391,0.52,-0.68,0.41,15.63,31.86,44.80,-2.47,51.01,-29.15,1
H,2022-10-18 14:12:46.480593,0.36,-0.78,0.36,2.93,68.42,73.00,-2.47,51.01,-29.15,1
H,2022-10-18 14:12:46.498633,0.53,-0.75,0.53,-22.77,87.10,83.50,1.34,52.14,-30.33,1
H,2022-10-18 14:12:46.518146,0.60,-0.70,0.82,-12.76,73.43,68.12,1.34,52.14,-30.33,1
H,2022-10-18 14:12:46.534340,0.64,-0.72,0.77,19.10,5.31,32.04,1.34,52.14,-30.33,1
H,2022-10-18 14:12:46.556206,0.55,-0.80,0.43,4.21,-23.62,13.61,2.56,52.98,-30.27,1
H,2022-10-18 14:12:46.561179,0.49,-0.72,0.36,-14.40,-27.65,-1.53,2.56,52.98,-30.27,1
H,2022-10-18 14:12:46.595487,0.35,-0.58,0.50,-17.88,-23.38,-3.54,1.55,53.63,-30.40,1
H,2022-10-18 14:12:46.614178,0.19,-0.81,0.79,8.36,-17.46,8.30,1.55,53.63,-30.40,1
H,2022-10-18 14:12:46.617436,0.48,-0.44,0.70,-6.16,-15.87,6.65,1.55,53.63,-30.40,1
H,2022-10-18 14:12:46.652408,0.51,-0.51,0.61,33.75,-25.63,17.21,0.74,54.33,-30.03,1
H,2022-10-18 14:12:46.671005,0.46,-0.87,0.40,2.20,14.77,-16.72,0.74,54.33,-30.03,1
H,2022-10-18 14:12:46.686686,0.53,-0.57,0.61,-39.25,40.83,-41.26,0.74,54.33,-30.03,1
H,2022-10-18 14:12:46.707169,0.49,-0.45,0.77,-30.88,34.55,-31.19,-0.37,53.44,-29.72,1
H,2022-10-18 14:12:46.717683,0.47,-0.59,0.64,16.78,18.49,-12.82,-0.37,53.44,-29.72,1
H,2022-10-18 14:12:46.748934,0.48,-0.75,0.52,16.36,20.32,-13.12,-1.05,52.42,-30.08,1
H,2022-10-18 14:12:46.764557,0.43,-0.75,0.59,12.88,17.70,-8.54,-1.05,52.42,-30.08,1
H,2022-10-18 14:12:46.780181,0.45,-0.77,0.44,21.85,6.10,-6.04,-1.05,52.42,-30.08,1
H,2022-10-18 14:12:46.795804,0.42,-0.78,0.48,12.02,5.49,-8.67,-1.79,52.84,-28.85,1
H,2022-10-18 14:12:46.814431,0.42,-0.79,0.44,2.81,4.94,-12.39,-1.79,52.84,-28.85,1
H,2022-10-18 14:12:46.843061,0.41,-0.79,0.48,-2.75,2.32,-15.08,-3.15,51.93,-30.32,1
H,2022-10-18 14:12:46.858685,0.43,-0.81,0.44,4.15,-5.00,-3.91,-3.15,51.93,-30.32,1
H,2022-10-18 14:12:46.874315,0.46,-0.87,0.36,0.31,-4.46,-0.24,-3.15,51.93,-30.32,1
H,2022-10-18 14:12:46.889935,0.46,-0.81,0.43,-20.51,5.25,0.79,-3.85,51.61,-30.62,1
H,2022-10-18 14:12:46.921586,0.42,-0.63,0.42,-19.04,13.61,17.21,-3.85,51.61,-30.62,1
H,2022-10-18 14:12:46.937284,0.46,-0.67,0.43,5.00,27.65,50.48,-3.85,51.61,-30.62,1
H,2022-10-18 14:12:46.952905,0.52,-0.75,0.48,31.13,42.18,71.84,-2.23,52.20,-30.35,1
H,2022-10-18 14:12:46.968538,0.70,-0.77,0.57,30.58,44.56,74.58,-2.23,52.20,-30.35,1
H,2022-10-18 14:12:46.999789,0.69,-0.73,0.59,23.13,32.10,62.44,-0.10,54.48,-30.32,1
H,2022-10-18 14:12:47.015877,0.67,-0.73,0.52,15.01,0.06,36.74,-0.10,54.48,-30.32,1
H,2022-10-18 14:12:47.031574,0.57,-0.67,0.47,3.48,-0.37,14.89,-0.10,54.48,-30.32,1
H,2022-10-18 14:12:47.047195,0.43,-0.62,0.50,16.30,-6.35,-9.16,-0.06,56.48,-30.10,1
H,2022-10-18 14:12:47.078374,0.40,-0.59,0.51,29.05,-12.88,-24.66,-0.06,56.48,-30.10,1
H,2022-10-18 14:12:47.094002,0.33,-0.66,0.49,23.80,-13.98,-17.46,-0.76,57.79,-30.10,1
H,2022-10-18 14:12:47.116205,0.32,-0.74,0.35,38.64,1.71,-0.49,-0.76,57.79,-30.10,1
H,2022-10-18 14:12:47.137307,0.34,-0.76,0.43,4.39,2.93,-29.72,-0.76,57.79,-30.10,1
H,2022-10-18 14:12:47.144513,0.29,-0.76,0.46,-15.99,-8.79,-39.43,-2.00,56.80,-29.44,1
H,2022-10-18 14:12:47.177289,0.28,-0.73,0.44,-31.37,-18.43,-54.99,-2.00,56.80,-29.44,1
H,2022-10-18 14:12:47.196304,0.31,-0.77,0.46,-36.25,-35.58,-78.49,-3.23,53.63,-29.64,1
H,2022-10-18 14:12:47.217313,0.48,-0.78,0.47,-49.32,-48.77,-89.84,-3.23,53.63,-29.64,1
H,2022-10-18 14:12:47.235407,0.51,-0.74,0.51,-64.03,-54.26,-91.80,-3.23,53.63,-29.64,1
H,2022-10-18 14:12:47.255658,0.60,-0.63,0.45,-68.30,-48.95,-64.64,-4.83,49.33,-30.85,1
H,2022-10-18 14:12:47.260460,0.59,-0.60,0.50,-34.18,-20.14,-41.69,-4.83,49.33,-30.85,1
H,2022-10-18 14:12:47.294444,0.55,-0.59,0.56,-15.93,3.85,-12.33,-4.83,49.33,-30.85,1
H,2022-10-18 14:12:47.308254,0.60,-0.67,0.60,2.38,20.08,14.04,-4.92,47.55,-30.66,1
H,2022-10-18 14:12:47.323265,0.39,-0.87,0.77,18.98,23.25,24.60,-4.92,47.55,-30.66,1
H,2022-10-18 14:12:47.350652,0.38,-0.87,0.74,13.31,9.64,15.38,-4.32,47.39,-29.94,1
H,2022-10-18 14:12:47.356364,0.37,-0.90,0.65,15.93,-0.31,4.46,-4.32,47.39,-29.94,1
H,2022-10-18 14:12:47.386408,0.36,-0.89,0.51,29.11,-3.30,-7.02,-4.32,47.39,-29.94,1
H,2022-10-18 14:12:47.396309,0.34,-0.90,0.13,49.56,13.55,-23.50,-4.42,48.21,-28.36,1
H,2022-10-18 14:12:47.427930,-0.44,-0.95,0.17,-2.20,66.41,-17.21,-4.42,48.21,-28.36,1
H,2022-10-18 14:12:47.436683,-0.13,-0.81,0.31,-60.06,98.94,23.56,-4.42,48.21,-28.36,1
H,2022-10-18 14:12:47.454903,0.10,-0.72,0.58,-29.36,91.49,62.07,-0.54,48.36,-31.98,1
H,2022-10-18 14:12:47.483085,0.23,-0.81,0.61,-10.13,58.78,57.31,-0.54,48.36,-31.98,1
H,2022-10-18 14:12:47.502584,0.22,-0.89,0.40,-10.68,23.44,44.68,4.68,48.13,-33.17,1
H,2022-10-18 14:12:47.522082,0.22,-0.88,0.19,-35.95,6.53,31.92,4.68,48.13,-33.17,1
H,2022-10-18 14:12:47.534434,0.29,-0.76,0.10,-79.59,8.18,18.86,4.68,48.13,-33.17,1
H,2022-10-18 14:12:47.553708,0.44,-0.67,0.15,-90.82,12.82,18.86,7.42,45.97,-35.63,1
H,2022-10-18 14:12:47.575827,0.46,-0.60,0.24,-83.92,15.26,21.97,7.42,45.97,-35.63,1
H,2022-10-18 14:12:47.598513,0.52,-0.58,0.30,-64.51,3.23,33.69,7.42,45.97,-35.63,1
H,2022-10-18 14:12:47.615281,0.57,-0.60,0.45,-44.98,-12.94,45.78,8.65,44.79,-38.10,1
H,2022-10-18 14:12:47.637233,0.58,-0.65,0.45,-26.55,-26.18,60.42,8.65,44.79,-38.10,1
H,2022-10-18 14:12:47.649479,0.64,-0.65,0.47,-25.82,-31.01,83.25,7.80,44.68,-39.90,1
H,2022-10-18 14:12:47.672806,0.70,-0.57,0.69,-23.56,-31.98,102.05,7.80,44.68,-39.90,1
H,2022-10-18 14:12:47.685158,0.71,-0.58,0.76,-10.68,-33.75,113.28,7.80,44.68,-39.90,1
H,2022-10-18 14:12:47.715196,0.78,-0.55,0.79,-14.40,-31.43,96.68,7.47,47.81,-41.64,1
H,2022-10-18 14:12:47.732534,0.88,-0.35,0.95,-32.53,-28.44,95.34,7.47,47.81,-41.64,1
H,2022-10-18 14:12:47.748231,0.91,-0.23,0.99,-30.76,-35.40,80.87,7.75,49.68,-40.60,1
H,2022-10-18 14:12:47.764026,0.89,-0.14,0.97,-21.73,-43.33,67.63,7.75,49.68,-40.60,1
H,2022-10-18 14:12:47.779726,0.81,-0.13,0.91,-0.79,-45.65,42.11,7.75,49.68,-40.60,1
H,2022-10-18 14:12:47.795348,0.69,-0.11,0.85,-3.85,-35.83,25.94,7.04,51.48,-40.37,1
H,2022-10-18 14:12:47.827134,0.68,-0.02,0.92,-8.48,-22.64,14.10,7.04,51.48,-40.37,1
H,2022-10-18 14:12:47.842849,0.61,0.01,1.00,2.38,-12.27,2.87,7.04,51.48,-40.37,1
H,2022-10-18 14:12:47.858465,0.54,-0.05,1.00,16.91,-7.81,-4.76,5.96,53.64,-39.32,1
H,2022-10-18 14:12:47.874102,0.43,-0.17,0.94,29.48,1.40,-6.53,5.96,53.64,-39.32,1
H,2022-10-18 14:12:47.889726,0.45,-0.21,0.88,20.39,13.49,-8.61,5.27,55.22,-37.68,1
H,2022-10-18 14:12:47.921535,0.50,-0.20,0.89,13.79,22.58,-9.40,5.27,55.22,-37.68,1
H,2022-10-18 14:12:47.937248,0.60,-0.25,0.83,22.83,20.87,-5.31,5.27,55.22,-37.68,1
H,2022-10-18 14:12:47.952865,0.59,-0.30,0.76,33.51,14.22,-2.81,3.59,56.80,-37.90,1
H,2022-10-18 14:12:47.968489,0.53,-0.40,0.71,41.93,6.23,-2.32,3.59,56.80,-37.90,1
H,2022-10-18 14:12:47.999742,0.49,-0.44,0.59,25.63,-5.00,1.34,3.59,56.80,-37.90,1
H,2022-10-18 14:12:48.019554,0.47,-0.47,0.55,14.89,1.89,2.26,2.22,58.65,-37.17,1
H,2022-10-18 14:12:48.031137,0.38,-0.46,0.65,11.72,16.85,6.90,2.22,58.65,-37.17,1
H,2022-10-18 14:12:48.046856,0.44,-0.40,0.70,12.33,24.66,16.48,1.76,59.56,-39.00,1
H,2022-10-18 14:12:48.062469,0.49,-0.42,0.78,33.20,19.65,26.73,1.76,59.56,-39.00,1
H,2022-10-18 14:12:48.093646,0.52,-0.41,0.75,43.58,6.47,33.81,1.76,59.56,-39.00,1
H,2022-10-18 14:12:48.109343,0.51,-0.47,0.69,59.51,-3.91,38.45,1.34,61.61,-36.65,1
H,2022-10-18 14:12:48.127873,0.48,-0.53,0.67,62.99,-16.97,24.72,1.34,61.61,-36.65,1
H,2022-10-18 14:12:48.151773,0.54,-0.54,0.59,-8.97,4.70,6.16,1.34,61.61,-36.65,1
H,2022-10-18 14:12:48.158568,0.49,-0.40,0.71,-11.96,6.16,-0.98,1.16,63.46,-34.89,1
H,2022-10-18 14:12:48.189821,0.37,-0.48,0.72,12.57,-4.39,-1.89,1.16,63.46,-34.89,1
H,2022-10-18 14:12:48.209486,0.34,-0.54,0.66,23.01,-29.11,-12.21,1.26,63.81,-35.69,1
H,2022-10-18 14:12:48.221802,0.33,-0.58,0.57,14.71,-45.59,-22.40,1.26,63.81,-35.69,1
H,2022-10-18 14:12:48.233007,0.39,-0.62,0.66,2.87,-56.88,-34.85,1.26,63.81,-35.69,1
H,2022-10-18 14:12:48.258817,0.44,-0.51,0.63,-30.03,-66.35,-43.76,-0.28,62.06,-34.50,1
H,2022-10-18 14:12:48.284124,0.54,-0.47,0.70,-35.71,-58.78,-51.33,-0.28,62.06,-34.50,1
H,2022-10-18 14:12:48.296223,0.52,-0.33,0.85,-15.99,-51.09,-44.19,-0.28,62.06,-34.50,1
H,2022-10-18 14:12:48.316187,0.55,-0.46,0.74,15.50,-50.66,-36.07,-2.38,59.77,-32.01,1
H,2022-10-18 14:12:48.336293,0.63,-0.50,0.68,17.21,-34.55,-29.66,-2.38,59.77,-32.01,1
H,2022-10-18 14:12:48.361587,0.62,-0.55,0.74,1.22,-1.34,-11.05,-2.81,58.79,-31.87,1
H,2022-10-18 14:12:48.373289,0.44,-0.55,0.88,-8.06,14.95,1.28,-2.81,58.79,-31.87,1
H,2022-10-18 14:12:48.388553,0.42,-0.55,0.90,2.14,9.09,1.04,-2.81,58.79,-31.87,1
H,2022-10-18 14:12:48.418070,0.41,-0.52,0.92,6.47,-6.71,-1.89,-2.49,59.00,-32.39,1
H,2022-10-18 14:12:48.436755,0.82,-0.56,0.42,23.01,-10.74,-3.36,-2.49,59.00,-32.39,1
H,2022-10-18 14:12:48.456370,0.37,-0.57,0.53,-26.67,50.66,11.17,-2.49,59.00,-32.39,1
H,2022-10-18 14:12:48.460882,0.44,-0.43,0.69,-69.46,86.43,25.45,-1.98,58.94,-32.13,1
H,2022-10-18 14:12:48.495415,0.54,-0.30,0.94,-49.99,88.13,45.78,-1.98,58.94,-32.13,1
H,2022-10-18 14:12:48.502497,0.55,-0.33,1.01,-2.50,47.97,39.12,0.87,58.31,-35.74,1
H,2022-10-18 14:12:48.533815,0.57,-0.45,0.81,28.50,3.60,26.43,0.87,58.31,-35.74,1
H,2022-10-18 14:12:48.549144,0.52,-0.50,0.62,25.76,-24.90,5.80,0.87,58.31,-35.74,1
H,2022-10-18 14:12:48.562638,0.49,-0.49,0.56,10.38,-25.33,-4.88,-0.31,59.88,-34.77,1
H,2022-10-18 14:12:48.588090,0.43,-0.48,0.64,5.62,-25.45,-11.29,-0.31,59.88,-34.77,1
H,2022-10-18 14:12:48.604824,0.39,-0.61,0.67,-21.91,-8.79,8.06,-0.31,59.88,-34.77,1
H,2022-10-18 14:12:48.630011,0.51,-0.20,1.02,-14.89,5.19,11.84,-1.83,59.48,-34.42,1
H,2022-10-18 14:12:48.647610,0.48,-0.37,0.77,40.77,-8.85,22.89,-1.83,59.48,-34.42,1
H,2022-10-18 14:12:48.668099,0.48,-0.44,0.73,58.47,-11.23,27.40,-1.27,61.24,-34.28,1
H,2022-10-18 14:12:48.672786,0.45,-0.78,0.55,29.24,-0.18,-13.61,-1.27,61.24,-34.28,1
H,2022-10-18 14:12:48.707212,0.50,-0.33,0.78,-63.72,26.43,-52.49,-1.27,61.24,-34.28,1
H,2022-10-18 14:12:48.720876,0.51,-0.22,0.83,-41.32,30.21,-52.80,-2.25,59.28,-34.00,1
H,2022-10-18 14:12:48.736503,0.50,-0.24,0.81,-1.16,27.53,-39.61,-2.25,59.28,-34.00,1
H,2022-10-18 14:12:48.752127,0.48,-0.34,0.77,16.66,22.03,-22.89,-2.75,58.11,-35.38,1
H,2022-10-18 14:12:48.767834,0.49,-0.48,0.73,47.42,6.65,3.78,-2.75,58.11,-35.38,1
H,2022-10-18 14:12:48.799088,0.48,-0.65,0.61,63.17,-3.05,19.71,-2.75,58.11,-35.38,1
H,2022-10-18 14:12:48.816751,0.49,-0.74,0.59,58.29,-6.71,23.68,-2.95,59.88,-34.80,1
H,2022-10-18 14:12:48.830759,0.49,-0.78,0.59,56.52,-15.56,26.37,-2.95,59.88,-34.80,1
H,2022-10-18 14:12:48.846390,0.48,-0.87,0.53,47.42,-16.17,17.27,-2.95,59.88,-34.80,1
H,2022-10-18 14:12:48.862079,0.46,-0.85,0.53,10.07,-9.09,-1.10,-3.19,61.06,-34.22,1
H,2022-10-18 14:12:48.893261,0.47,-0.77,0.61,-43.64,5.43,-28.02,-3.19,61.06,-34.22,1
H,2022-10-18 14:12:48.908949,0.50,-0.48,0.71,-71.41,13.61,-39.18,-3.61,59.19,-35.38,1
H,2022-10-18 14:12:48.925133,0.36,-0.40,0.71,-59.94,21.48,-32.29,-3.61,59.19,-35.38,1
H,2022-10-18 14:12:48.941055,0.39,-0.39,0.65,-46.75,47.61,7.45,-3.61,59.19,-35.38,1
H,2022-10-18 14:12:48.972658,0.72,-0.26,0.79,-33.63,57.92,32.96,-1.82,57.51,-38.01,1
H,2022-10-18 14:12:48.988198,0.76,-0.30,0.87,13.00,51.39,46.02,-1.82,57.51,-38.01,1
H,2022-10-18 14:12:49.003824,0.70,-0.48,0.78,53.77,23.50,43.58,-1.82,57.51,-38.01,1
H,2022-10-18 14:12:49.019901,0.63,-0.71,0.57,43.27,13.06,24.41,0.54,59.01,-38.29,1
H,2022-10-18 14:12:49.039050,0.60,-0.66,0.55,8.42,9.64,4.88,0.54,59.01,-38.29,1
H,2022-10-18 14:12:49.067359,0.53,-0.55,0.56,-4.21,2.08,-4.82,0.23,60.34,-39.27,1
H,2022-10-18 14:12:49.082976,0.42,-0.46,0.60,10.93,-17.52,0.24,0.23,60.34,-39.27,1
H,2022-10-18 14:12:49.098597,0.42,-0.51,0.54,29.24,-27.47,-3.48,0.23,60.34,-39.27,1
H,2022-10-18 14:12:49.117312,0.47,-0.78,0.59,-32.23,9.46,-3.36,-1.84,61.61,-38.56,1
H,2022-10-18 14:12:49.130328,0.52,-0.27,0.84,-28.38,11.35,-14.16,-1.84,61.61,-38.56,1
H,2022-10-18 14:12:49.162202,0.21,-0.43,0.82,28.99,-12.15,-3.60,-1.84,61.61,-38.56,1
H,2022-10-18 14:12:49.168755,0.31,-0.64,0.67,21.73,-28.56,-13.37,-2.73,61.46,-38.65,1
H,2022-10-18 14:12:49.200894,0.28,-0.65,0.70,-0.31,-42.91,-27.71,-2.73,61.46,-38.65,1
H,2022-10-18 14:12:49.221190,0.37,-0.58,0.67,-8.79,-63.35,-49.50,-3.44,60.06,-37.66,1
H,2022-10-18 14:12:49.239602,0.49,-0.51,0.60,-32.41,-66.16,-58.90,-3.44,60.06,-37.66,1
H,2022-10-18 14:12:49.259147,0.46,-0.46,0.66,-17.88,-58.04,-53.83,-3.44,60.06,-37.66,1
H,2022-10-18 14:12:49.277722,0.41,-0.49,0.71,-7.93,-50.29,-44.74,-5.94,57.58,-36.41,1
H,2022-10-18 14:12:49.289099,0.44,-0.54,0.68,-1.71,-45.35,-36.74,-5.94,57.58,-36.41,1
H,2022-10-18 14:12:49.317087,0.43,-0.56,0.72,-9.83,-35.52,-31.01,-7.87,55.86,-35.36,1
H,2022-10-18 14:12:49.336255,0.48,-0.50,0.75,-14.53,-24.78,-16.60,-7.87,55.86,-35.36,1
H,2022-10-18 14:12:49.353135,0.53,-0.44,0.79,-14.16,0.85,1.40,-7.87,55.86,-35.36,1
H,2022-10-18 14:12:49.376882,0.36,-0.52,1.02,0.73,15.44,16.91,-7.40,55.94,-35.02,1
H,2022-10-18 14:12:49.385494,0.34,-0.56,0.97,15.56,0.12,17.46,-7.40,55.94,-35.02,1
H,2022-10-18 14:12:49.403353,0.34,-0.58,0.93,30.64,-20.63,13.98,-7.40,55.94,-35.02,1
H,2022-10-18 14:12:49.429749,0.31,-0.65,0.82,60.18,-29.79,8.67,-7.81,56.82,-33.08,1
H,2022-10-18 14:12:49.446938,0.47,-0.81,0.34,66.47,-29.11,1.22,-7.81,56.82,-33.08,1
H,2022-10-18 14:12:49.470759,0.05,-0.72,0.50,-52.31,53.34,-14.89,-7.34,56.68,-34.13,1
H,2022-10-18 14:12:49.489841,0.30,-0.40,0.82,-52.25,72.02,6.77,-7.34,56.68,-34.13,1
H,2022-10-18 14:12:49.510749,0.45,-0.37,0.95,-35.83,68.48,22.34,-7.34,56.68,-34.13,1
H,2022-10-18 14:12:49.521823,0.50,-0.37,0.98,1.16,32.90,13.00,-4.28,56.25,-35.80,1
H,2022-10-18 14:12:49.539718,0.51,-0.51,0.76,8.00,14.95,0.61,-4.28,56.25,-35.80,1
H,2022-10-18 14:12:49.562818,0.43,-0.52,0.66,0.24,9.22,-10.99,-4.50,55.15,-37.70,1
H,2022-10-18 14:12:49.584867,0.42,-0.48,0.62,-12.27,17.76,-16.17,-4.50,55.15,-37.70,1
H,2022-10-18 14:12:49.601429,0.45,-0.46,0.65,-9.77,26.79,-11.60,-4.50,55.15,-37.70,1
H,2022-10-18 14:12:49.619542,0.49,-0.45,0.70,-3.72,31.31,-4.39,-4.04,54.54,-38.37,1
H,2022-10-18 14:12:49.646337,0.50,-0.48,0.75,10.31,24.96,3.36,-4.04,54.54,-38.37,1
H,2022-10-18 14:12:49.650824,0.45,-0.58,0.69,27.16,10.68,14.53,-4.04,54.54,-38.37,1
H,2022-10-18 14:12:49.684130,0.40,-0.64,0.63,29.54,9.09,20.39,-4.35,54.35,-38.27,1
H,2022-10-18 14:12:49.694727,0.42,-0.67,0.60,24.29,13.67,25.57,-4.35,54.35,-38.27,1
H,2022-10-18 14:12:49.716933,0.38,-0.69,0.61,24.48,18.13,32.41,-3.59,55.49,-38.13,1
H,2022-10-18 14:12:49.741555,0.36,-0.73,0.64,20.57,18.86,39.98,-3.59,55.49,-38.13,1
H,2022-10-18 14:12:49.747714,0.38,-0.71,0.65,8.54,17.82,41.99,-3.59,55.49,-38.13,1
H,2022-10-18 14:12:49.778969,0.42,-0.64,0.68,-0.37,15.32,43.21,-2.81,56.60,-40.03,1
H,2022-10-18 14:12:49.794591,0.47,-0.61,0.65,0.61,13.55,38.88,-2.81,56.60,-40.03,1
H,2022-10-18 14:12:49.817224,0.51,-0.58,0.67,-2.32,12.27,30.09,-2.81,56.60,-40.03,1
H,2022-10-18 14:12:49.826241,0.54,-0.55,0.68,-3.23,6.77,16.66,-1.79,57.39,-39.69,1
H,2022-10-18 14:12:49.857501,0.56,-0.51,0.66,0.61,-9.09,9.09,-1.79,57.39,-39.69,1
H,2022-10-18 14:12:49.873139,0.54,-0.52,0.61,6.53,-16.72,6.71,-2.32,57.97,-40.15,1
H,2022-10-18 14:12:49.888747,0.53,-0.51,0.60,8.61,-19.10,-2.69,-2.32,57.97,-40.15,1
H,2022-10-18 14:12:49.904370,0.48,-0.50,0.66,16.42,-24.17,-16.66,-2.32,57.97,-40.15,1
H,2022-10-18 14:12:49.920468,0.44,-0.57,0.42,-39.86,15.14,-2.81,-3.82,57.54,-40.12,1
H,2022-10-18 14:12:49.951794,0.48,-0.21,0.87,-45.65,22.64,-2.87,-3.82,57.54,-40.12,1
H,2022-10-18 14:12:49.967433,0.46,-0.41,0.69,7.45,12.94,10.19,-3.82,57.54,-40.12,1
H,2022-10-18 14:12:49.983040,0.09,-0.63,1.11,22.40,-43.40,-2.62,-3.70,56.69,-41.53,1
H,2022-10-18 14:12:49.998663,0.36,-0.62,0.71,31.19,-67.26,-20.02,-3.70,56.69,-41.53,1
H,2022-10-18 14:12:50.017294,0.41,-0.59,0.63,20.08,-67.75,-39.12,-5.37,57.24,-37.18,1
H,2022-10-18 14:12:50.045934,0.39,-0.56,0.60,9.83,-62.19,-50.05,-5.37,57.24,-37.18,1
H,2022-10-18 14:12:50.066135,0.48,-0.59,0.61,5.19,-49.07,-51.64,-5.37,57.24,-37.18,1
H,2022-10-18 14:12:50.077714,0.37,-0.67,0.75,-3.97,-60.18,-58.65,-7.74,55.92,-36.36,1
H,2022-10-18 14:12:50.093426,0.40,-0.64,0.68,-20.02,-62.01,-62.26,-7.74,55.92,-36.36,1
H,2022-10-18 14:12:50.125215,0.41,-0.52,0.83,-18.86,-51.15,-53.34,-10.05,53.55,-35.24,1
H,2022-10-18 14:12:50.140851,0.40,-0.45,0.81,-0.06,-41.93,-35.83,-10.05,53.55,-35.24,1
H,2022-10-18 14:12:50.161955,0.38,-0.55,0.85,20.94,-33.63,-18.13,-10.05,53.55,-35.24,1
H,2022-10-18 14:12:50.182009,0.36,-0.56,0.82,22.46,-18.86,7.14,-11.84,53.77,-35.23,1
H,2022-10-18 14:12:50.198217,0.23,-0.70,0.83,37.78,-16.17,13.06,-11.84,53.77,-35.23,1
H,2022-10-18 14:12:50.217776,0.31,-0.70,0.57,32.35,-17.33,8.67,-11.84,53.77,-35.23,1
H,2022-10-18 14:12:50.233532,0.31,-0.64,0.38,-21.73,47.97,24.96,-11.40,54.03,-32.90,1
H,2022-10-18 14:12:50.251242,0.38,-0.47,0.67,-51.21,110.78,59.33,-11.40,54.03,-32.90,1
H,2022-10-18 14:12:50.276298,0.44,-0.48,0.83,-20.57,112.18,82.46,-7.54,54.36,-36.12,1
H,2022-10-18 14:12:50.285890,0.43,-0.59,1.01,29.17,74.04,86.00,-7.54,54.36,-36.12,1
H,2022-10-18 14:12:50.304775,0.42,-0.79,0.86,49.80,16.24,69.27,-7.54,54.36,-36.12,1
H,2022-10-18 14:12:50.328685,0.38,-0.81,0.67,11.66,-14.10,37.17,-5.69,56.36,-36.41,1
H,2022-10-18 14:12:50.346303,0.39,-0.55,0.66,-38.45,-14.47,-4.88,-5.69,56.36,-36.41,1
H,2022-10-18 14:12:50.370467,0.39,-0.42,0.70,-32.47,-9.64,-19.29,-5.69,56.36,-36.41,1
H,2022-10-18 14:12:50.377813,0.23,-0.30,1.05,-31.37,-8.85,-11.60,-7.42,56.02,-38.50,1
H,2022-10-18 14:12:50.407487,0.35,-0.35,0.99,7.26,-8.79,18.49,-7.42,56.02,-38.50,1
H,2022-10-18 14:12:50.422662,0.36,-0.60,0.53,54.75,-7.93,29.48,-7.01,55.31,-36.65,1
H,2022-10-18 14:12:50.442322,0.34,-0.64,0.65,16.91,27.53,1.77,-7.01,55.31,-36.65,1
H,2022-10-18 14:12:50.467019,0.35,-0.61,0.78,-12.76,45.47,-33.57,-7.01,55.31,-36.65,1
H,2022-10-18 14:12:50.479858,0.34,-0.43,0.86,-16.78,31.49,-35.46,-6.34,53.96,-37.60,1
H,2022-10-18 14:12:50.502481,0.37,-0.45,0.79,-3.48,16.05,-25.39,-6.34,53.96,-37.60,1
H,2022-10-18 14:12:50.521785,0.40,-0.50,0.77,13.61,9.16,-18.55,-6.34,53.96,-37.60,1
H,2022-10-18 14:12:50.542359,0.40,-0.59,0.70,32.04,3.72,-8.67,-6.48,53.67,-39.79,1
H,2022-10-18 14:12:50.560493,0.39,-0.79,0.59,39.67,-3.85,4.76,-6.48,53.67,-39.79,1
H,2022-10-18 14:12:50.580499,0.37,-0.86,0.56,23.01,1.77,-3.78,-6.91,53.45,-37.88,1
H,2022-10-18 14:12:50.584868,0.40,-0.78,0.58,-9.70,11.23,-19.17,-6.91,53.45,-37.88,1
H,2022-10-18 14:12:50.619199,0.39,-0.66,0.70,-21.97,10.68,-17.82,-6.91,53.45,-37.88,1
H,2022-10-18 14:12:50.634166,0.35,-0.63,0.74,-6.41,-1.22,-4.15,-6.19,52.60,-39.48,1
H,2022-10-18 14:12:50.652913,0.36,-0.69,0.71,0.73,-12.76,1.77,-6.19,52.60,-39.48,1
H,2022-10-18 14:12:50.674363,0.56,-0.70,0.49,-4.03,-11.05,-2.69,-6.19,52.60,-39.48,1
H,2022-10-18 14:12:50.680583,0.30,-0.61,0.71,-27.10,20.51,-0.37,-6.32,51.81,-38.99,1
H,2022-10-18 14:12:50.711861,0.37,-0.55,0.69,-15.32,26.98,20.81,-6.32,51.81,-38.99,1
H,2022-10-18 14:12:50.725911,0.47,-0.54,0.75,-9.64,32.10,36.07,-4.99,51.45,-40.00,1
H,2022-10-18 14:12:50.741648,0.54,-0.51,0.79,-0.37,32.59,38.09,-4.99,51.45,-40.00,1
H,2022-10-18 14:12:50.757270,0.59,-0.56,0.74,17.21,21.12,36.13,-4.99,51.45,-40.00,1
H,2022-10-18 14:12:50.788520,0.52,-0.62,0.65,13.67,15.44,30.40,-3.48,53.71,-40.53,1
H,2022-10-18 14:12:50.804073,0.51,-0.61,0.60,-0.79,16.30,17.03,-3.48,53.71,-40.53,1
H,2022-10-18 14:12:50.820262,0.45,-0.52,0.64,-7.20,12.94,-0.73,-3.48,53.71,-40.53,1
H,2022-10-18 14:12:50.835978,0.33,-0.49,0.64,3.97,2.99,-9.16,-3.53,53.23,-40.72,1
H,2022-10-18 14:12:50.851534,0.21,-0.48,0.59,13.43,-10.31,-14.04,-3.53,53.23,-40.72,1
H,2022-10-18 14:12:50.882769,0.38,-0.74,0.49,-20.69,5.43,5.74,-4.14,53.39,-41.66,1
H,2022-10-18 14:12:50.898400,0.42,-0.38,0.66,-18.74,20.94,-1.22,-4.14,53.39,-41.66,1
H,2022-10-18 14:12:50.918019,0.21,-0.53,0.89,20.08,-4.39,-5.19,-4.14,53.39,-41.66,1
H,2022-10-18 14:12:50.930023,0.20,-0.67,0.74,14.22,-24.41,-20.02,-4.02,53.53,-42.43,1
H,2022-10-18 14:12:50.945660,0.23,-0.65,0.82,-4.33,-47.67,-40.34,-4.02,53.53,-42.43,1
H,2022-10-18 14:12:50.961284,0.35,-0.61,0.71,-7.81,-70.56,-59.45,-4.02,53.53,-42.43,1
H,2022-10-18 14:12:50.992520,0.47,-0.54,0.64,-14.65,-75.87,-65.19,-7.13,51.94,-39.66,1
H,2022-10-18 14:12:51.008144,0.39,-0.56,0.73,-9.64,-55.60,-52.43,-7.13,51.94,-39.66,1
H,2022-10-18 14:12:51.024308,0.40,-0.56,0.66,-6.71,-47.12,-46.14,-7.13,51.94,-39.66,1
H,2022-10-18 14:12:51.040011,0.40,-0.58,0.75,-3.97,-34.30,-36.74,-9.34,50.61,-36.91,1
H,2022-10-18 14:12:51.055636,0.40,-0.63,0.74,-9.52,-10.99,-17.40,-9.34,50.61,-36.91,1
H,2022-10-18 14:12:51.089898,0.36,-0.56,0.84,-18.07,10.56,1.89,-10.00,48.99,-38.56,1
H,2022-10-18 14:12:51.102978,0.28,-0.59,0.98,-10.80,11.72,9.58,-10.00,48.99,-38.56,1
H,2022-10-18 14:12:51.118560,0.27,-0.53,0.97,0.06,-2.87,8.30,-10.00,48.99,-38.56,1
H,2022-10-18 14:12:51.134265,0.26,-0.50,0.87,32.53,-22.03,11.05,-10.29,49.44,-39.25,1
H,2022-10-18 14:12:51.166808,0.24,-0.56,0.67,57.43,-26.25,14.83,-10.29,49.44,-39.25,1
H,2022-10-18 14:12:51.173726,0.05,-0.74,0.53,37.17,48.71,25.15,-10.29,49.44,-39.25,1
H,2022-10-18 14:12:51.191883,0.12,-0.56,0.72,7.75,72.14,19.23,-9.23,50.35,-36.32,1
H,2022-10-18 14:12:51.220615,0.39,-0.58,0.89,8.91,67.81,28.32,-9.23,50.35,-36.32,1
H,2022-10-18 14:12:51.240125,0.47,-0.56,0.92,4.76,44.49,17.15,-6.21,51.26,-38.34,1
H,2022-10-18 14:12:51.247680,0.45,-0.59,0.77,5.68,20.45,5.92,-6.21,51.26,-38.34,1
H,2022-10-18 14:12:51.277692,0.42,-0.61,0.67,0.43,11.47,-4.21,-6.21,51.26,-38.34,1
H,2022-10-18 14:12:51.284056,0.35,-0.55,0.61,-8.73,18.92,-11.23,-5.83,50.59,-39.75,1
H,2022-10-18 14:12:51.317777,0.37,-0.51,0.66,-8.54,27.53,-5.49,-5.83,50.59,-39.75,1
H,2022-10-18 14:12:51.323331,0.42,-0.52,0.71,0.85,31.49,1.89,-5.83,50.59,-39.75,1
H,2022-10-18 14:12:51.356596,0.43,-0.54,0.72,20.69,25.51,13.85,-5.04,49.13,-39.45,1
H,2022-10-18 14:12:51.372443,0.40,-0.63,0.67,31.56,21.61,17.64,-5.04,49.13,-39.45,1
H,2022-10-18 14:12:51.393758,0.40,-0.68,0.65,34.06,18.37,19.23,-4.22,49.71,-40.47,1
H,2022-10-18 14:12:51.399307,0.43,-0.70,0.62,24.96,17.21,17.76,-4.22,49.71,-40.47,1
H,2022-10-18 14:12:51.431992,0.40,-0.72,0.58,15.26,17.70,23.86,-4.22,49.71,-40.47,1
H,2022-10-18 14:12:51.449104,0.44,-0.71,0.57,9.77,19.90,33.45,-2.99,50.76,-39.11,1
H,2022-10-18 14:12:51.470336,0.45,-0.71,0.58,8.67,22.52,41.14,-2.99,50.76,-39.11,1
H,2022-10-18 14:12:51.479207,0.38,-0.69,0.62,17.46,18.55,45.35,-2.12,50.87,-40.94,1
H,2022-10-18 14:12:51.495205,0.37,-0.75,0.63,18.80,7.87,46.69,-2.12,50.87,-40.94,1
H,2022-10-18 14:12:51.526464,0.39,-0.76,0.62,8.54,2.08,35.58,-2.12,50.87,-40.94,1
H,2022-10-18 14:12:51.547325,0.47,-0.68,0.61,-19.41,-1.40,6.53,-1.71,52.29,-41.69,1
H,2022-10-18 14:12:51.565984,0.46,-0.55,0.64,-15.32,-5.62,2.01,-1.71,52.29,-41.69,1
H,2022-10-18 14:12:51.584759,0.43,-0.57,0.64,-3.54,-12.27,0.92,-1.71,52.29,-41.69,1
H,2022-10-18 14:12:51.601261,0.32,-0.78,0.64,-9.83,3.97,-6.47,-2.58,51.55,-39.78,1
H,2022-10-18 14:12:51.623118,0.45,-0.38,0.76,-27.53,8.36,-7.81,-2.58,51.55,-39.78,1
H,2022-10-18 14:12:51.642961,0.41,-0.44,0.70,10.99,3.36,2.69,-2.32,51.01,-41.39,1
H,2022-10-18 14:12:51.650877,0.29,-0.64,0.78,29.42,-14.77,-1.53,-2.32,51.01,-41.39,1
H,2022-10-18 14:12:51.681078,0.25,-0.70,0.66,14.10,-40.71,-22.09,-2.32,51.01,-41.39,1
H,2022-10-18 14:12:51.697037,0.27,-0.67,0.66,8.42,-55.66,-38.94,-3.70,51.23,-40.77,1
H,2022-10-18 14:12:51.717149,0.35,-0.68,0.61,-1.65,-64.45,-52.37,-3.70,51.23,-40.77,1
H,2022-10-18 14:12:51.735219,0.36,-0.67,0.63,-12.27,-63.84,-62.38,-3.70,51.23,-40.77,1
H,2022-10-18 14:12:51.750858,0.32,-0.66,0.75,-16.30,-53.65,-63.60,-6.59,49.52,-37.74,1
H,2022-10-18 14:12:51.766475,0.35,-0.67,0.70,-13.98,-60.61,-70.86,-6.59,49.52,-37.74,1
H,2022-10-18 14:12:51.782085,0.37,-0.64,0.71,-20.32,-53.59,-70.74,-9.72,47.56,-37.17,1
H,2022-10-18 14:12:51.813334,0.37,-0.54,0.75,-16.48,-36.93,-52.61,-9.72,47.56,-37.17,1
H,2022-10-18 14:12:51.829500,0.39,-0.49,0.78,-9.83,-20.75,-25.63,-9.72,47.56,-37.17,1
H,2022-10-18 14:12:51.845269,0.27,-0.53,0.86,4.64,-2.38,8.42,-10.78,46.78,-35.68,1
H,2022-10-18 14:12:51.860966,0.22,-0.61,0.90,35.22,-8.97,19.78,-10.78,46.78,-35.68,1
H,2022-10-18 14:12:51.876592,0.25,-0.63,0.74,48.34,-16.60,20.57,-10.78,46.78,-35.68,1
H,2022-10-18 14:12:51.908009,0.23,-0.67,0.35,31.92,27.95,42.97,-10.13,47.94,-35.49,1
H,2022-10-18 14:12:51.923681,0.13,-0.72,0.49,-6.47,84.66,69.40,-10.13,47.94,-35.49,1
H,2022-10-18 14:12:51.939390,0.34,-0.72,0.62,-14.16,116.09,93.08,-6.69,48.46,-36.55,1
H,2022-10-18 14:12:51.955017,0.48,-0.68,1.03,11.90,82.15,82.64,-6.69,48.46,-36.55,1
H,2022-10-18 14:12:51.986275,0.50,-0.77,0.93,23.44,24.66,59.63,-6.69,48.46,-36.55,1
H,2022-10-18 14:12:52.001891,0.47,-0.78,0.71,-14.22,-29.11,15.32,-3.74,49.93,-38.04,1
H,2022-10-18 14:12:52.019591,0.39,-0.60,0.54,-31.74,-30.58,-1.77,-3.74,49.93,-38.04,1
H,2022-10-18 14:12:52.033670,0.33,-0.48,0.59,-27.77,-22.03,-4.33,-5.66,50.28,-38.66,1
H,2022-10-18 14:12:52.065013,0.29,-0.41,0.67,-5.00,-6.59,0.37,-5.66,50.28,-38.66,1
H,2022-10-18 14:12:52.080648,-0.03,-0.25,1.02,1.71,-6.35,1.46,-5.66,50.28,-38.66,1
H,2022-10-18 14:12:52.096248,0.35,-0.55,0.63,47.42,-14.89,35.58,-5.90,49.68,-39.10,1
H,2022-10-18 14:12:52.119709,0.36,-0.88,0.40,15.01,29.66,-6.16,-5.90,49.68,-39.10,1
H,2022-10-18 14:12:52.127916,0.32,-0.47,0.87,-25.76,47.42,-33.08,-5.90,49.68,-39.10,1
H,2022-10-18 14:12:52.159249,0.33,-0.51,0.84,-4.21,30.94,-29.66,-5.04,48.62,-38.02,1
H,2022-10-18 14:12:52.179964,0.35,-0.59,0.73,-11.84,19.96,-35.71,-5.04,48.62,-38.02,1
H,2022-10-18 14:12:52.202717,0.39,-0.45,0.73,-11.96,17.70,-29.54,-4.66,47.13,-40.11,1
H,2022-10-18 14:12:52.219922,0.37,-0.55,0.74,20.63,10.99,-6.71,-4.66,47.13,-40.11,1
H,2022-10-18 14:12:52.229537,0.37,-0.75,0.61,45.90,2.99,13.18,-4.66,47.13,-40.11,1
H,2022-10-18 14:12:52.257805,0.35,-0.84,0.59,19.47,8.73,6.16,-4.04,47.50,-37.68,1
H,2022-10-18 14:12:52.278161,0.33,-0.80,0.67,8.79,2.56,7.81,-4.04,47.50,-37.68,1
H,2022-10-18 14:12:52.294335,0.36,-0.89,0.57,12.15,-7.57,9.52,-3.63,47.31,-37.82,1
H,2022-10-18 14:12:52.312765,0.34,-0.84,0.58,-11.78,-1.46,-7.57,-3.63,47.31,-37.82,1
H,2022-10-18 14:12:52.333415,0.35,-0.72,0.65,-24.41,-0.18,-13.61,-3.63,47.31,-37.82,1
H,2022-10-18 14:12:52.352733,0.35,-0.60,0.60,-28.75,0.98,-11.23,-3.59,46.11,-37.49,1
H,2022-10-18 14:12:52.369330,0.26,-0.58,0.60,-13.67,22.03,34.36,-3.59,46.11,-37.49,1
H,2022-10-18 14:12:52.385719,0.49,-0.62,0.65,0.12,43.15,49.62,-3.59,46.11,-37.49,1
H,2022-10-18 14:12:52.414423,0.60,-0.55,0.81,9.77,47.91,47.73,-1.78,46.86,-38.39,1
H,2022-10-18 14:12:52.425972,0.62,-0.56,0.84,31.74,30.33,39.12,-1.78,46.86,-38.39,1
H,2022-10-18 14:12:52.453028,0.56,-0.73,0.63,36.13,-1.53,22.83,-0.65,48.95,-38.83,1
H,2022-10-18 14:12:52.464342,0.48,-0.68,0.54,13.61,-6.90,2.50,-0.65,48.95,-38.83,1
H,2022-10-18 14:12:52.482142,0.42,-0.58,0.54,-5.62,-3.91,-13.06,-0.65,48.95,-38.83,1
H,2022-10-18 14:12:52.506717,-0.68,-0.59,0.32,-38.09,26.92,5.19,-1.25,48.45,-39.67,1
H,2022-10-18 14:12:52.523926,0.34,-0.44,0.72,-26.55,25.21,7.39,-1.25,48.45,-39.67,1
H,2022-10-18 14:12:52.544816,0.36,-0.52,0.72,-3.23,9.95,8.61,-1.25,48.45,-39.67,1
H,2022-10-18 14:12:52.563566,0.41,-0.51,0.58,7.81,2.44,5.00,-0.63,48.66,-39.49,1
H,2022-10-18 14:12:52.579769,0.17,-0.71,0.66,21.06,-6.84,1.59,-0.63,48.66,-39.49,1
H,2022-10-18 14:12:52.598129,0.17,-0.73,0.61,8.42,-21.00,-19.04,-1.37,48.27,-40.48,1
H,2022-10-18 14:12:52.620222,0.28,-0.64,0.66,-17.09,-35.34,-41.26,-1.37,48.27,-40.48,1
H,2022-10-18 14:12:52.633579,0.30,-0.62,0.68,-17.21,-47.18,-60.30,-1.37,48.27,-40.48,1
H,2022-10-18 14:12:52.658326,0.37,-0.62,0.65,-10.62,-59.08,-66.22,-3.67,46.58,-40.52,1
H,2022-10-18 14:12:52.677138,0.29,-0.71,0.74,-12.70,-55.73,-60.79,-3.67,46.58,-40.52,1
H,2022-10-18 14:12:52.695441,0.42,-0.59,0.65,-16.60,-59.57,-59.69,-3.67,46.58,-40.52,1
H,2022-10-18 14:12:52.711348,0.41,-0.55,0.69,-14.65,-37.23,-35.34,-6.73,45.47,-38.29,1
H,2022-10-18 14:12:52.737333,0.40,-0.57,0.69,-3.97,-19.04,-15.69,-6.73,45.47,-38.29,1
H,2022-10-18 14:12:52.753045,0.41,-0.58,0.70,0.73,1.65,4.33,-7.23,44.37,-37.32,1
H,2022-10-18 14:12:52.768674,0.28,-0.66,0.86,12.82,17.82,22.58,-7.23,44.37,-37.32,1
H,2022-10-18 14:12:52.784277,0.28,-0.67,0.91,17.94,5.98,20.08,-7.23,44.37,-37.32,1
H,2022-10-18 14:12:52.815456,0.27,-0.66,0.90,24.23,-7.32,17.09,-6.38,44.71,-36.89,1
H,2022-10-18 14:12:52.831463,0.26,-0.66,0.82,43.21,-20.87,14.71,-6.38,44.71,-36.89,1
H,2022-10-18 14:12:52.847167,0.14,-0.81,0.36,30.21,12.39,15.32,-6.91,46.69,-36.69,1
H,2022-10-18 14:12:52.862714,0.10,-0.65,0.64,-13.73,55.30,13.73,-6.91,46.69,-36.69,1
H,2022-10-18 14:12:52.878337,0.29,-0.56,0.76,-12.21,72.20,31.13,-6.91,46.69,-36.69,1
H,2022-10-18 14:12:52.909584,0.48,-0.57,0.88,15.87,53.41,32.53,-3.77,46.00,-37.18,1
H,2022-10-18 14:12:52.925613,0.52,-0.64,0.79,25.39,27.95,25.21,-3.77,46.00,-37.18,1
H,2022-10-18 14:12:52.941254,0.48,-0.69,0.68,22.52,11.05,14.16,-3.77,46.00,-37.18,1
H,2022-10-18 14:12:52.956937,0.38,-0.70,0.56,13.55,8.79,5.00,-2.80,46.34,-36.29,1
H,2022-10-18 14:12:52.972565,0.38,-0.65,0.53,-6.41,26.86,4.09,-2.80,46.34,-36.29,1
H,2022-10-18 14:12:53.003740,0.41,-0.62,0.60,-7.63,38.21,5.98,-1.15,46.01,-37.66,1
H,2022-10-18 14:12:53.020517,0.40,-0.59,0.67,-3.23,34.67,11.78,-1.15,46.01,-37.66,1
H,2022-10-18 14:12:53.035593,0.41,-0.64,0.66,14.77,23.25,15.81,-1.15,46.01,-37.66,1
H,2022-10-18 14:12:53.051299,0.39,-0.68,0.62,17.76,15.75,19.65,-0.15,45.54,-38.34,1
H,2022-10-18 14:12:53.082560,0.40,-0.72,0.57,15.81,13.24,17.40,-0.15,45.54,-38.34,1
H,2022-10-18 14:12:53.098192,0.40,-0.69,0.57,4.70,12.15,14.22,-0.15,45.54,-38.34,1
H,2022-10-18 14:12:53.120903,0.41,-0.68,0.59,5.19,10.50,14.04,0.22,46.48,-37.92,1
H,2022-10-18 14:12:53.141355,0.42,-0.70,0.58,6.84,8.79,12.94,0.22,46.48,-37.92,1
H,2022-10-18 14:12:53.154396,0.40,-0.72,0.57,4.52,9.16,10.74,0.76,46.69,-38.59,1
H,2022-10-18 14:12:53.178252,0.40,-0.68,0.59,-5.31,8.67,8.73,0.76,46.69,-38.59,1
H,2022-10-18 14:12:53.182745,0.42,-0.65,0.60,-2.62,6.84,8.73,0.76,46.69,-38.59,1
H,2022-10-18 14:12:53.214309,0.28,-0.81,0.64,-3.05,8.48,11.54,0.89,46.12,-38.61,1
H,2022-10-18 14:12:53.222637,0.39,-0.68,0.57,-20.08,17.03,10.50,0.89,46.12,-38.61,1
H,2022-10-18 14:12:53.241227,0.29,-0.55,0.78,-28.44,10.62,5.92,0.89,46.12,-38.61,1
H,2022-10-18 14:12:53.265487,0.43,-0.58,0.63,-16.11,-4.94,5.13,0.63,45.45,-38.55,1
H,2022-10-18 14:12:53.281117,0.43,-0.55,0.50,-7.87,-0.43,10.50,0.63,45.45,-38.55,1
H,2022-10-18 14:12:53.303753,0.42,-0.57,0.55,6.71,7.81,13.55,1.31,45.63,-39.97,1
H,2022-10-18 14:12:53.321347,0.16,-0.77,0.75,25.09,3.23,7.69,1.31,45.63,-39.97,1
H,2022-10-18 14:12:53.343836,0.30,-0.75,0.68,-10.86,-31.25,-21.67,1.31,45.63,-39.97,1
H,2022-10-18 14:12:53.354845,0.33,-0.63,0.72,-10.25,-44.98,-38.94,-0.11,44.95,-40.01,1
H,2022-10-18 14:12:53.384096,0.38,-0.59,0.68,-2.44,-55.91,-45.84,-0.11,44.95,-40.01,1
H,2022-10-18 14:12:53.389756,0.42,-0.65,0.65,10.62,-61.65,-47.36,-0.11,44.95,-40.01,1
H,2022-10-18 14:12:53.423393,0.21,-0.78,0.70,7.32,-65.80,-55.24,-2.58,44.47,-37.34,1
H,2022-10-18 14:12:53.430106,0.40,-0.72,0.59,-15.14,-73.36,-72.75,-2.58,44.47,-37.34,1
H,2022-10-18 14:12:53.463338,0.45,-0.61,0.58,-41.93,-48.16,-61.89,-5.33,42.85,-36.11,1
H,2022-10-18 14:12:53.472791,0.41,-0.50,0.69,-30.15,-23.99,-32.65,-5.33,42.85,-36.11,1
H,2022-10-18 14:12:53.499650,0.42,-0.50,0.70,-6.16,-0.43,-0.43,-5.33,42.85,-36.11,1
H,2022-10-18 14:12:53.521273,0.25,-0.64,0.84,17.88,15.20,25.76,-5.79,41.74,-36.89,1
H,2022-10-18 14:12:53.530795,0.25,-0.72,0.82,34.61,2.93,23.99,-5.79,41.74,-36.89,1
H,2022-10-18 14:12:53.554719,0.24,-0.79,0.75,35.77,-4.39,19.47,-5.68,42.96,-34.84,1
H,2022-10-18 14:12:53.567679,0.35,-0.67,0.35,16.48,50.05,44.92,-5.68,42.96,-34.84,1
H,2022-10-18 14:12:53.591164,0.12,-0.72,0.61,10.74,75.56,64.21,-5.68,42.96,-34.84,1
H,2022-10-18 14:12:53.609980,0.40,-0.73,0.75,12.88,80.99,73.30,-2.50,44.47,-36.05,1
H,2022-10-18 14:12:53.631545,0.51,-0.70,0.89,8.54,63.48,63.35,-2.50,44.47,-36.05,1
H,2022-10-18 14:12:53.646961,0.52,-0.69,0.87,3.42,6.59,37.35,-2.50,44.47,-36.05,1
H,2022-10-18 14:12:53.669499,0.46,-0.69,0.59,-9.77,-12.08,20.32,-1.03,45.10,-36.25,1
H,2022-10-18 14:12:53.690549,0.40,-0.60,0.55,-18.01,-12.33,3.97,-1.03,45.10,-36.25,1
H,2022-10-18 14:12:53.710205,0.39,-0.53,0.59,-13.67,-2.99,-11.78,-1.86,44.54,-36.23,1
H,2022-10-18 14:12:53.729828,0.36,-0.45,0.74,-0.73,-3.30,-13.61,-1.86,44.54,-36.23,1
H,2022-10-18 14:12:53.749058,-0.25,-0.40,0.72,10.25,-9.03,-12.82,-1.86,44.54,-36.23,1
H,2022-10-18 14:12:53.764685,0.35,-0.70,0.69,32.53,-26.31,44.25,-2.03,44.29,-36.12,1
H,2022-10-18 14:12:53.780391,0.70,-0.96,0.19,34.55,19.96,8.67,-2.03,44.29,-36.12,1
H,2022-10-18 14:12:53.796001,0.37,-0.55,0.88,-44.01,60.00,-38.45,-2.03,44.29,-36.12,1
H,2022-10-18 14:12:53.821646,0.30,-0.47,0.91,-5.55,36.56,-32.17,-0.94,43.86,-36.85,1
H,2022-10-18 14:12:53.843377,0.35,-0.61,0.71,6.16,13.98,-25.82,-0.94,43.86,-36.85,1
H,2022-10-18 14:12:53.859002,0.34,-0.52,0.64,-1.28,8.24,-22.83,-0.76,42.31,-35.51,1
H,2022-10-18 14:12:53.874627,0.39,-0.63,0.57,18.01,10.80,-5.55,-0.76,42.31,-35.51,1
H,2022-10-18 14:12:53.890234,0.37,-0.71,0.54,30.88,13.37,8.00,-0.76,42.31,-35.51,1
H,2022-10-18 14:12:53.921917,0.43,-0.94,0.45,34.55,15.75,10.86,-0.10,41.86,-34.67,1
H,2022-10-18 14:12:53.937421,0.34,-0.82,0.69,-0.79,22.03,3.17,-0.10,41.86,-34.67,1
H,2022-10-18 14:12:53.953131,0.35,-0.83,0.64,6.59,4.46,7.57,-0.10,41.86,-34.67,1
H,2022-10-18 14:12:53.968743,0.36,-0.86,0.60,8.48,-5.37,4.70,0.54,40.98,-34.16,1
H,2022-10-18 14:12:53.984296,0.37,-0.78,0.63,9.22,-14.04,2.14,0.54,40.98,-34.16,1
H,2022-10-18 14:12:54.015542,0.36,-0.85,0.56,14.59,-16.85,-0.12,-0.05,41.00,-33.51,1
H,2022-10-18 14:12:54.031626,0.27,-0.87,0.54,1.34,-12.63,-10.38,-0.05,41.00,-33.51,1
H,2022-10-18 14:12:54.047335,0.25,-0.75,0.46,-41.75,19.59,3.97,-0.05,41.00,-33.51,1
H,2022-10-18 14:12:54.062956,0.46,-0.58,0.59,-36.07,43.21,28.56,0.74,40.89,-33.26,1
H,2022-10-18 14:12:54.094134,0.60,-0.53,0.70,-7.63,51.70,46.81,0.74,40.89,-33.26,1
H,2022-10-18 14:12:54.109826,0.66,-0.54,0.74,38.57,40.41,59.94,2.69,42.55,-34.18,1
H,2022-10-18 14:12:54.125985,0.64,-0.70,0.61,46.39,23.56,54.44,2.69,42.55,-34.18,1
H,2022-10-18 14:12:54.141689,0.56,-0.71,0.54,30.76,11.72,47.12,2.69,42.55,-34.18,1
H,2022-10-18 14:12:54.157251,0.52,-0.69,0.50,17.82,3.97,28.02,2.83,44.23,-34.18,1
H,2022-10-18 14:12:54.190547,0.50,-0.62,0.51,8.12,-5.86,-2.93,2.83,44.23,-34.18,1
H,2022-10-18 14:12:54.199657,0.37,-0.58,0.51,10.99,-17.94,-13.92,2.83,44.23,-34.18,1
H,2022-10-18 14:12:54.227931,-0.30,-0.88,0.58,4.64,-18.25,-6.96,1.86,43.80,-34.74,1
H,2022-10-18 14:12:54.236945,0.40,-0.66,0.32,-54.57,21.06,-2.50,1.86,43.80,-34.74,1
H,2022-10-18 14:12:54.263328,0.11,-0.56,0.90,11.78,13.98,4.58,2.50,43.43,-35.24,1
H,2022-10-18 14:12:54.278745,0.19,-0.76,0.67,34.55,-23.93,-12.82,2.50,43.43,-35.24,1
H,2022-10-18 14:12:54.299821,0.18,-0.87,0.68,5.31,-45.90,-37.29,2.50,43.43,-35.24,1
H,2022-10-18 14:12:54.322489,0.34,-0.78,0.61,-25.21,-69.52,-70.37,0.51,43.08,-33.97,1
H,2022-10-18 14:12:54.342273,0.45,-0.63,0.49,-41.56,-73.24,-89.05,0.51,43.08,-33.97,1
H,2022-10-18 14:12:54.359669,0.38,-0.59,0.55,-40.89,-57.50,-81.18,0.51,43.08,-33.97,1
H,2022-10-18 14:12:54.380584,0.44,-0.54,0.54,-27.47,-43.76,-70.50,-2.40,40.52,-34.07,1
H,2022-10-18 14:12:54.398193,0.42,-0.54,0.63,-13.31,-19.29,-29.30,-2.40,40.52,-34.07,1
H,2022-10-18 14:12:54.419614,0.39,-0.61,0.67,0.79,-2.87,-1.22,-2.10,38.84,-33.85,1
H,2022-10-18 14:12:54.438141,0.41,-0.68,0.71,10.93,10.74,16.48,-2.10,38.84,-33.85,1
H,2022-10-18 14:12:54.456021,0.30,-0.77,0.84,23.38,14.95,25.76,-2.10,38.84,-33.85,1
H,2022-10-18 14:12:54.476230,0.31,-0.80,0.86,24.66,0.55,18.37,-2.12,39.90,-33.29,1
H,2022-10-18 14:12:54.483628,0.30,-0.77,0.85,24.41,-13.24,10.25,-2.12,39.90,-33.29,1
H,2022-10-18 14:12:54.515163,0.29,-0.74,0.76,35.40,-24.72,4.09,-2.12,39.90,-33.29,1
H,2022-10-18 14:12:54.523072,0.40,-0.80,0.29,31.43,-10.80,-0.73,-2.67,40.72,-31.46,1
H,2022-10-18 14:12:54.553755,0.14,-0.67,0.50,-17.40,36.19,5.31,-2.67,40.72,-31.46,1
H,2022-10-18 14:12:54.559500,0.34,-0.58,0.59,-23.99,65.55,24.11,-1.11,40.36,-33.62,1
H,2022-10-18 14:12:54.585473,0.50,-0.48,0.75,-10.50,77.51,43.40,-1.11,40.36,-33.62,1
H,2022-10-18 14:12:54.603218,0.53,-0.51,0.84,42.97,50.17,41.63,-1.11,40.36,-33.62,1
H,2022-10-18 14:12:54.623156,0.44,-0.76,0.68,55.11,25.51,33.63,0.81,40.82,-33.36,1
H,2022-10-18 14:12:54.644477,0.35,-0.86,0.54,35.83,10.38,18.49,0.81,40.82,-33.36,1
H,2022-10-18 14:12:54.651197,0.33,-0.82,0.45,-0.37,14.28,4.15,0.81,40.82,-33.36,1
H,2022-10-18 14:12:54.682193,0.39,-0.71,0.50,-25.15,25.57,-2.14,1.12,41.02,-32.89,1
H,2022-10-18 14:12:54.688264,0.44,-0.57,0.64,-20.02,32.84,3.91,1.12,41.02,-32.89,1
H,2022-10-18 14:12:54.714464,0.42,-0.61,0.66,5.98,22.71,14.16,2.15,40.30,-33.72,1
H,2022-10-18 14:12:54.734457,0.42,-0.73,0.59,22.58,10.19,20.87,2.15,40.30,-33.72,1
H,2022-10-18 14:12:54.750153,0.41,-0.80,0.50,12.63,6.71,15.44,2.15,40.30,-33.72,1
H,2022-10-18 14:12:54.765712,0.39,-0.76,0.49,-2.08,13.00,10.74,1.83,39.97,-32.07,1
H,2022-10-18 14:12:54.796955,0.41,-0.71,0.52,-6.16,18.98,10.25,1.83,39.97,-32.07,1
H,2022-10-18 14:12:54.812581,0.42,-0.67,0.57,-0.43,20.63,14.53,1.83,39.97,-32.07,1
H,2022-10-18 14:12:54.828746,0.39,-0.70,0.57,14.40,13.67,22.77,2.21,40.17,-31.92,1
H,2022-10-18 14:12:54.844388,0.40,-0.75,0.54,16.42,9.58,29.85,2.21,40.17,-31.92,1
H,2022-10-18 14:12:54.860078,0.43,-0.75,0.53,6.47,9.46,27.59,2.49,40.58,-32.10,1
H,2022-10-18 14:12:54.891255,0.38,-0.80,0.58,-18.92,9.83,11.84,2.49,40.58,-32.10,1
H,2022-10-18 14:12:54.906947,0.38,-0.67,0.61,-22.09,8.61,4.58,2.49,40.58,-32.10,1
H,2022-10-18 14:12:54.923510,0.45,-0.58,0.63,-16.91,-0.31,3.36,2.59,40.37,-33.83,1
H,2022-10-18 14:12:54.938602,0.45,-0.60,0.51,2.14,-2.26,8.12,2.59,40.37,-33.83,1
H,2022-10-18 14:12:54.969860,0.45,-0.65,0.47,10.38,1.95,11.96,2.59,40.37,-33.83,1
H,2022-10-18 14:12:54.985647,0.43,-0.69,0.47,15.26,8.00,12.21,2.78,39.42,-32.67,1
H,2022-10-18 14:12:55.001283,0.24,-0.82,0.68,3.54,-5.55,-10.38,2.78,39.42,-32.67,1
H,2022-10-18 14:12:55.023490,0.28,-0.68,0.72,-7.81,-28.81,-26.73,2.33,39.70,-32.59,1
H,2022-10-18 14:12:55.033004,0.33,-0.71,0.65,-2.69,-48.52,-41.87,2.33,39.70,-32.59,1
H,2022-10-18 14:12:55.064266,0.38,-0.72,0.66,-1.95,-59.88,-53.71,2.33,39.70,-32.59,1
H,2022-10-18 14:12:55.079967,0.40,-0.71,0.59,-2.56,-69.76,-65.92,1.14,39.62,-31.77,1
H,2022-10-18 14:12:55.095583,0.42,-0.72,0.62,-6.90,-69.76,-68.24,1.14,39.62,-31.77,1
H,2022-10-18 14:12:55.111206,0.45,-0.65,0.51,-17.94,-64.45,-62.38,1.14,39.62,-31.77,1
H,2022-10-18 14:12:55.127310,0.42,-0.64,0.54,-17.03,-46.57,-45.65,-1.10,38.28,-29.26,1
H,2022-10-18 14:12:55.158574,0.42,-0.59,0.57,-5.37,-17.52,-12.57,-1.10,38.28,-29.26,1
H,2022-10-18 14:12:55.178186,0.39,-0.68,0.65,8.67,-2.93,7.57,-1.59,37.59,-30.52,1
H,2022-10-18 14:12:55.182820,0.28,-0.78,0.77,17.64,6.16,22.22,-1.59,37.59,-30.52,1
H,2022-10-18 14:12:55.216249,0.27,-0.81,0.77,25.57,-0.92,18.74,-1.59,37.59,-30.52,1
H,2022-10-18 14:12:55.228953,0.27,-0.85,0.68,24.11,-8.30,12.45,-1.34,38.13,-31.13,1
H,2022-10-18 14:12:55.241760,0.25,-0.76,0.47,-25.88,40.10,25.02,-1.34,38.13,-31.13,1
H,2022-10-18 14:12:55.269994,0.32,-0.68,0.56,-27.16,67.57,42.97,-1.34,38.13,-31.13,1
H,2022-10-18 14:12:55.278085,0.41,-0.68,0.67,-5.43,74.95,56.70,-0.35,37.90,-30.38,1
H,2022-10-18 14:12:55.310321,0.42,-0.68,0.78,7.45,61.65,62.26,-0.35,37.90,-30.38,1
H,2022-10-18 14:12:55.327563,0.40,-0.74,0.72,6.65,17.27,54.87,1.57,39.04,-31.09,1
H,2022-10-18 14:12:55.340963,0.40,-0.75,0.66,-1.59,-7.93,40.10,1.57,39.04,-31.09,1
H,2022-10-18 14:12:55.364866,0.40,-0.70,0.62,-4.15,-20.87,13.67,1.57,39.04,-31.09,1
H,2022-10-18 14:12:55.372553,0.42,-0.63,0.59,-8.73,-21.55,-9.64,1.04,38.87,-31.05,1
H,2022-10-18 14:12:55.393687,0.39,-0.52,0.66,-8.24,-20.69,-27.77,1.04,38.87,-31.05,1
H,2022-10-18 14:12:55.418736,0.26,-0.20,1.00,-15.75,-20.45,-2.75,1.04,38.87,-31.05,1
H,2022-10-18 14:12:55.438741,0.35,-0.63,0.48,69.52,-27.28,35.03,0.26,38.38,-29.76,1
H,2022-10-18 14:12:55.455906,0.40,-0.97,0.22,33.57,24.41,-1.28,0.26,38.38,-29.76,1
H,2022-10-18 14:12:55.482098,0.36,-0.60,0.79,-43.15,65.49,-40.71,0.15,38.22,-29.96,1
H,2022-10-18 14:12:55.489648,0.38,-0.50,0.91,-15.26,47.73,-36.99,0.15,38.22,-29.96,1
H,2022-10-18 14:12:55.518622,0.35,-0.58,0.73,0.55,16.66,-26.18,0.15,38.22,-29.96,1
H,2022-10-18 14:12:55.527754,0.40,-0.58,0.62,6.53,11.17,-15.44,0.99,36.11,-29.25,1
H,2022-10-18 14:12:55.545485,0.42,-0.67,0.57,25.94,10.31,-0.92,0.99,36.11,-29.25,1
H,2022-10-18 14:12:55.571553,0.34,-0.79,0.55,37.96,10.50,8.24,0.99,36.11,-29.25,1
H,2022-10-18 14:12:55.590472,0.32,-0.88,0.48,34.67,8.61,9.64,1.42,35.66,-28.52,1
H,2022-10-18 14:12:55.609038,0.32,-0.86,0.53,5.07,4.76,2.26,1.42,35.66,-28.52,1
H,2022-10-18 14:12:55.625974,0.32,-0.83,0.56,10.50,-9.64,9.95,2.08,34.95,-26.61,1
H,2022-10-18 14:12:55.648550,0.34,-0.84,0.53,18.86,-21.55,15.08,2.08,34.95,-26.61,1
H,2022-10-18 14:12:55.652526,0.36,-0.91,0.44,22.71,-22.03,11.05,2.08,34.95,-26.61,1
H,2022-10-18 14:12:55.686567,0.28,-0.98,0.40,4.15,-12.02,-1.59,1.15,35.47,-26.10,1
H,2022-10-18 14:12:55.696217,0.28,-0.75,0.41,-44.98,23.07,6.35,1.15,35.47,-26.10,1
H,2022-10-18 14:12:55.711213,0.45,-0.63,0.50,-46.26,47.73,29.42,1.15,35.47,-26.10,1
H,2022-10-18 14:12:55.734765,0.62,-0.51,0.63,-24.72,59.27,44.43,2.62,35.80,-27.38,1
H,2022-10-18 14:12:55.750468,0.69,-0.50,0.72,13.73,56.15,57.68,2.62,35.80,-27.38,1
H,2022-10-18 14:12:55.766087,0.70,-0.62,0.61,52.37,37.78,62.68,2.62,35.80,-27.38,1
H,2022-10-18 14:12:55.797292,0.57,-0.74,0.53,48.95,28.87,54.99,3.50,36.68,-28.44,1
H,2022-10-18 14:12:55.812978,0.49,-0.73,0.52,38.64,15.75,37.72,3.50,36.68,-28.44,1
H,2022-10-18 14:12:55.829131,0.46,-0.73,0.50,31.07,2.75,12.08,2.88,37.60,-27.77,1
H,2022-10-18 14:12:55.844839,0.42,-0.70,0.50,22.58,-16.91,-17.15,2.88,37.60,-27.77,1
H,2022-10-18 14:12:55.860460,0.35,-1.04,0.47,-41.75,6.29,11.47,2.88,37.60,-27.77,1
H,2022-10-18 14:12:55.891639,0.45,-0.62,0.44,-21.30,15.99,-2.38,1.59,37.10,-27.60,1
H,2022-10-18 14:12:55.907352,0.09,-0.67,0.80,17.88,-6.35,-10.93,1.59,37.10,-27.60,1
H,2022-10-18 14:12:55.925051,0.17,-0.92,0.62,4.82,-37.05,-38.45,1.61,37.12,-27.38,1
H,2022-10-18 14:12:55.939128,0.21,-0.89,0.58,-33.94,-59.02,-76.17,1.61,37.12,-27.38,1
H,2022-10-18 14:12:55.954777,0.42,-0.77,0.61,-57.80,-79.35,-106.26,1.61,37.12,-27.38,1
H,2022-10-18 14:12:55.986012,0.58,-0.62,0.47,-68.05,-82.70,-108.64,0.51,35.47,-27.17,1
H,2022-10-18 14:12:56.001637,0.48,-0.54,0.54,-45.84,-61.58,-93.69,0.51,35.47,-27.17,1
H,2022-10-18 14:12:56.025341,0.48,-0.54,0.53,-22.58,-40.89,-65.55,0.51,35.47,-27.17,1
H,2022-10-18 14:12:56.033414,0.42,-0.62,0.56,0.61,-16.60,-32.23,-0.24,34.36,-27.20,1
H,2022-10-18 14:12:56.049062,0.44,-0.74,0.54,16.05,14.95,12.21,-0.24,34.36,-27.20,1
H,2022-10-18 14:12:56.080298,0.28,-0.87,0.65,18.55,28.14,21.00,-0.24,34.36,-27.20,1
H,2022-10-18 14:12:56.095991,0.27,-0.86,0.71,12.76,24.96,10.86,0.82,34.14,-26.61,1
H,2022-10-18 14:12:56.111624,0.29,-0.82,0.70,14.40,19.10,1.95,0.82,34.14,-26.61,1
H,2022-10-18 14:12:56.127791,0.27,-0.80,0.62,40.65,16.30,-7.20,1.20,34.06,-27.51,1
H,2022-10-18 14:12:56.143426,-0.31,-1.06,0.21,50.72,31.86,-20.02,1.20,34.06,-27.51,1
H,2022-10-18 14:12:56.173882,-0.44,-1.07,0.18,-26.37,91.86,-6.90,1.20,34.06,-27.51,1
H,2022-10-18 14:12:56.188126,-0.18,-0.95,0.36,-77.45,128.23,30.52,2.80,35.29,-29.54,1
H,2022-10-18 14:12:56.208840,0.07,-0.90,0.61,-69.70,115.54,55.60,2.80,35.29,-29.54,1
H,2022-10-18 14:12:56.229485,0.28,-0.90,0.64,-65.67,79.59,44.07,2.80,35.29,-29.54,1
H,2022-10-18 14:12:56.245737,0.42,-0.85,0.48,-71.84,38.15,24.48,6.48,35.99,-33.24,1
H,2022-10-18 14:12:56.265507,0.36,-0.77,0.29,-82.09,14.83,10.25,6.48,35.99,-33.24,1
H,2022-10-18 14:12:56.280899,0.36,-0.67,0.22,-88.75,10.07,9.64,6.96,37.16,-35.61,1
H,2022-10-18 14:12:56.301315,0.45,-0.58,0.23,-89.23,15.93,27.83,6.96,37.16,-35.61,1
H,2022-10-18 14:12:56.318352,0.52,-0.51,0.42,-72.27,13.61,44.86,6.96,37.16,-35.61,1
H,2022-10-18 14:12:56.341513,0.62,-0.47,0.53,-47.00,0.31,62.56,7.57,37.00,-38.53,1
H,2022-10-18 14:12:56.354429,0.65,-0.54,0.61,-18.43,-20.39,73.55,7.57,37.00,-38.53,1
H,2022-10-18 14:12:56.377773,0.64,-0.60,0.60,-3.42,-38.70,74.52,7.57,37.00,-38.53,1
H,2022-10-18 14:12:56.383399,0.58,-0.60,0.61,-1.46,-48.03,73.91,5.93,38.67,-39.09,1
H,2022-10-18 14:12:56.415808,0.56,-0.52,0.70,-10.62,-49.07,74.28,5.93,38.67,-39.09,1
H,2022-10-18 14:12:56.426952,0.53,-0.45,0.79,-12.39,-47.00,75.93,5.93,38.67,-39.09,1
H,2022-10-18 14:12:56.453075,0.54,-0.38,0.86,-8.61,-46.57,76.97,4.02,41.42,-39.70,1
H,2022-10-18 14:12:56.466817,0.57,-0.30,0.94,-0.18,-48.65,76.29,4.02,41.42,-39.70,1
H,2022-10-18 14:12:56.487057,0.61,-0.27,0.97,18.62,-54.57,75.01,3.54,46.01,-38.84,1
H,2022-10-18 14:12:56.509249,0.56,-0.34,0.92,30.76,-55.05,71.47,3.54,46.01,-38.84,1
H,2022-10-18 14:12:56.526395,0.51,-0.41,0.85,27.77,-49.38,63.78,3.54,46.01,-38.84,1
H,2022-10-18 14:12:56.536524,0.49,-0.38,0.86,7.39,-39.43,53.47,2.59,49.08,-37.72,1
H,2022-10-18 14:12:56.562834,0.48,-0.30,0.92,-10.93,-28.44,35.52,2.59,49.08,-37.72,1
H,2022-10-18 14:12:56.571018,0.48,-0.18,0.97,-13.00,-24.17,24.17,2.59,49.08,-37.72,1
H,2022-10-18 14:12:56.603504,0.49,-0.14,0.98,-5.80,-21.67,13.67,2.98,50.84,-36.43,1
H,2022-10-18 14:12:56.622588,0.42,-0.14,0.98,4.52,-21.79,2.56,2.98,50.84,-36.43,1
H,2022-10-18 14:12:56.641525,0.36,-0.21,0.93,13.06,-19.23,-2.32,3.50,52.62,-35.08,1
H,2022-10-18 14:12:56.659008,0.29,-0.22,0.88,6.53,-9.03,-2.32,3.50,52.62,-35.08,1
H,2022-10-18 14:12:56.674033,0.28,-0.22,0.88,2.99,3.42,2.32,3.50,52.62,-35.08,1
H,2022-10-18 14:12:56.686907,0.36,-0.24,0.90,6.16,13.61,4.21,3.86,53.37,-33.91,1
H,2022-10-18 14:12:56.705089,0.40,-0.26,0.92,29.72,18.55,0.55,3.86,53.37,-33.91,1
H,2022-10-18 14:12:56.731220,0.33,-0.31,0.87,21.67,17.40,9.16,3.86,53.37,-33.91,1
H,2022-10-18 14:12:56.751923,0.37,-0.37,0.81,22.22,18.19,19.96,3.72,54.21,-33.90,1
H,2022-10-18 14:12:56.767877,0.43,-0.40,0.78,19.41,23.68,24.41,3.72,54.21,-33.90,1
H,2022-10-18 14:12:56.783573,0.50,-0.40,0.80,17.82,27.77,21.24,5.09,54.26,-32.97,1
H,2022-10-18 14:12:56.799127,0.50,-0.40,0.81,23.86,24.84,24.35,5.09,54.26,-32.97,1
H,2022-10-18 14:12:56.826905,0.49,-0.42,0.79,31.13,16.48,27.40,5.09,54.26,-32.97,1
H,2022-10-18 14:12:56.846556,0.54,-0.49,0.73,36.68,7.57,22.77,5.90,55.91,-32.51,1
H,2022-10-18 14:12:56.862253,0.43,-0.46,0.76,34.55,-6.84,14.10,5.90,55.91,-32.51,1
H,2022-10-18 14:12:56.877872,0.41,-0.54,0.70,40.77,-13.06,3.23,5.90,55.91,-32.51,1
H,2022-10-18 14:12:56.893494,0.41,-0.73,0.69,-12.63,7.02,8.73,5.22,57.42,-29.90,1
H,2022-10-18 14:12:56.927176,0.46,-0.31,0.81,-30.82,17.82,-6.90,5.22,57.42,-29.90,1
H,2022-10-18 14:12:56.940749,0.20,-0.50,0.86,4.21,9.95,-6.04,5.52,57.25,-30.53,1
H,2022-10-18 14:12:56.956454,0.18,-0.42,0.87,2.56,-19.23,-16.66,5.52,57.25,-30.53,1
H,2022-10-18 14:12:56.972078,0.29,-0.49,0.84,27.59,-69.03,-27.89,5.52,57.25,-30.53,1
H,2022-10-18 14:12:57.003257,0.42,-0.48,0.70,21.24,-82.46,-31.01,4.25,56.62,-30.33,1
H,2022-10-18 14:12:57.018884,0.41,-0.44,0.69,11.35,-77.27,-31.25,4.25,56.62,-30.33,1
H,2022-10-18 14:12:57.034985,0.41,-0.50,0.70,12.02,-59.08,-35.03,1.56,56.71,-30.40,1
H,2022-10-18 14:12:57.050687,0.42,-0.51,0.74,14.47,-56.21,-33.08,1.56,56.71,-30.40,1
H,2022-10-18 14:12:57.081866,0.44,-0.44,0.82,-3.97,-43.58,-27.89,1.56,56.71,-30.40,1
H,2022-10-18 14:12:57.097489,0.44,-0.47,0.77,-1.89,-21.85,-6.65,0.11,56.34,-29.69,1
H,2022-10-18 14:12:57.113180,0.45,-0.51,0.75,-1.53,2.99,4.21,0.11,56.34,-29.69,1
H,2022-10-18 14:12:57.129347,0.30,-0.57,0.95,7.45,12.76,7.20,0.11,56.34,-29.69,1
H,2022-10-18 14:12:57.145061,0.30,-0.61,0.96,11.72,1.83,-0.24,0.21,56.41,-29.85,1
H,2022-10-18 14:12:57.175521,0.27,-0.61,0.87,7.57,-12.76,-4.70,0.21,56.41,-29.85,1
H,2022-10-18 14:12:57.194478,0.39,-0.67,0.33,-9.70,5.31,-7.02,-0.20,56.15,-31.41,1
H,2022-10-18 14:12:57.208199,0.18,-0.52,0.70,-67.87,76.97,-2.26,-0.20,56.15,-31.41,1
H,2022-10-18 14:12:57.232358,0.40,-0.31,0.86,-55.91,88.13,21.30,-0.20,56.15,-31.41,1
H,2022-10-18 14:12:57.246984,0.49,-0.20,1.00,-31.43,73.85,36.68,2.26,54.50,-31.47,1
H,2022-10-18 14:12:57.266140,0.55,-0.27,1.02,10.62,33.26,34.85,2.26,54.50,-31.47,1
H,2022-10-18 14:12:57.280237,0.47,-0.44,0.85,31.43,-3.60,26.18,2.26,54.50,-31.47,1
H,2022-10-18 14:12:57.302660,0.32,-0.55,0.62,15.44,-14.71,15.75,3.10,55.42,-31.09,1
H,2022-10-18 14:12:57.327794,0.34,-0.47,0.66,-6.47,-0.92,2.38,3.10,55.42,-31.09,1
H,2022-10-18 14:12:57.344452,0.36,-0.35,0.80,-10.80,9.16,-7.26,2.72,55.55,-31.91,1
H,2022-10-18 14:12:57.358784,0.36,-0.29,0.91,-1.16,4.27,-14.65,2.72,55.55,-31.91,1
H,2022-10-18 14:12:57.377799,0.31,0.03,1.17,66.77,-21.30,53.41,2.72,55.55,-31.91,1
H,2022-10-18 14:12:57.396667,0.37,-0.44,0.83,88.68,-19.71,49.44,2.28,56.65,-31.05,1
H,2022-10-18 14:12:57.417146,0.26,-0.99,0.40,61.40,12.21,4.15,2.28,56.65,-31.05,1
H,2022-10-18 14:12:57.443728,0.36,-0.63,0.85,-51.03,44.37,-60.06,2.28,56.65,-31.05,1
H,2022-10-18 14:12:57.454209,0.37,-0.35,0.89,-44.49,28.32,-61.71,1.20,55.98,-30.57,1
H,2022-10-18 14:12:57.480537,0.37,-0.33,0.76,-31.37,16.24,-53.16,1.20,55.98,-30.57,1
H,2022-10-18 14:12:57.499474,0.38,-0.26,0.74,-22.46,16.66,-39.00,0.66,54.10,-33.19,1
H,2022-10-18 14:12:57.511725,0.40,-0.32,0.79,32.04,12.27,-4.33,0.66,54.10,-33.19,1
H,2022-10-18 14:12:57.533098,0.38,-0.60,0.72,57.01,7.26,9.83,0.66,54.10,-33.19,1
H,2022-10-18 14:12:57.550082,0.40,-0.72,0.69,57.25,0.49,17.76,0.74,55.21,-31.96,1
H,2022-10-18 14:12:57.572987,0.37,-0.91,0.58,48.58,-2.93,15.50,0.74,55.21,-31.96,1
H,2022-10-18 14:12:57.585680,0.37,-0.85,0.59,2.62,7.93,-15.75,0.74,55.21,-31.96,1
H,2022-10-18 14:12:57.609962,0.39,-0.58,0.76,-31.01,9.28,-19.35,0.05,54.93,-32.50,1
H,2022-10-18 14:12:57.627671,0.37,-0.56,0.77,-21.36,-0.06,-9.77,0.05,54.93,-32.50,1
H,2022-10-18 14:12:57.652484,0.40,-0.60,0.76,-20.14,-3.85,-8.36,-0.56,54.04,-32.17,1
H,2022-10-18 14:12:57.670859,0.33,-0.48,0.76,-15.69,6.29,16.78,-0.56,54.04,-32.17,1
H,2022-10-18 14:12:57.688813,0.37,-0.55,0.66,-0.67,28.14,34.24,-0.56,54.04,-32.17,1
H,2022-10-18 14:12:57.702201,0.49,-0.50,0.74,-3.48,54.14,38.94,1.23,54.30,-33.45,1
H,2022-10-18 14:12:57.727476,0.59,-0.41,0.88,0.00,55.54,38.51,1.23,54.30,-33.45,1
H,2022-10-18 14:12:57.733408,0.57,-0.44,0.83,20.02,35.34,33.81,1.23,54.30,-33.45,1
H,2022-10-18 14:12:57.749038,0.55,-0.50,0.70,27.22,17.27,20.51,2.86,55.08,-33.48,1
H,2022-10-18 14:12:57.783593,0.53,-0.51,0.64,23.07,3.23,4.27,2.86,55.08,-33.48,1
H,2022-10-18 14:12:57.796116,0.49,-0.49,0.58,16.42,-4.15,-11.35,1.33,56.14,-32.84,1
H,2022-10-18 14:12:57.811745,0.39,-0.45,0.58,14.71,-13.24,-20.26,1.33,56.14,-32.84,1
H,2022-10-18 14:12:57.827928,0.37,-0.79,0.55,-44.86,8.36,13.00,1.33,56.14,-32.84,1
H,2022-10-18 14:12:57.843462,0.44,-0.35,0.71,-37.23,22.64,-1.46,1.40,55.13,-33.19,1
H,2022-10-18 14:12:57.874719,0.16,-0.29,0.93,-9.46,15.56,8.24,1.40,55.13,-33.19,1
H,2022-10-18 14:12:57.890343,0.20,-0.53,0.79,27.47,-20.20,8.97,1.40,55.13,-33.19,1
H,2022-10-18 14:12:57.905970,0.20,-0.68,0.77,13.43,-52.92,-22.34,0.90,55.51,-32.58,1
H,2022-10-18 14:12:57.928112,0.35,-0.62,0.71,-2.56,-70.19,-47.12,0.90,55.51,-32.58,1
H,2022-10-18 14:12:57.937616,0.41,-0.57,0.66,-17.64,-72.20,-56.09,-1.53,54.32,-31.37,1
H,2022-10-18 14:12:57.968867,0.43,-0.53,0.72,-23.13,-62.44,-56.34,-1.53,54.32,-31.37,1
H,2022-10-18 14:12:57.984572,0.43,-0.49,0.73,-21.91,-55.60,-50.66,-1.53,54.32,-31.37,1
H,2022-10-18 14:12:58.000191,0.46,-0.45,0.76,-21.30,-40.89,-37.48,-3.02,52.60,-32.97,1
H,2022-10-18 14:12:58.028318,0.44,-0.43,0.76,-11.72,-8.48,-9.77,-3.02,52.60,-32.97,1
H,2022-10-18 14:12:58.047468,0.44,-0.48,0.82,-1.40,10.38,8.24,-3.02,52.60,-32.97,1
H,2022-10-18 14:12:58.063092,0.30,-0.54,1.00,6.04,21.06,18.98,-3.36,51.89,-33.39,1
H,2022-10-18 14:12:58.078799,0.31,-0.60,1.03,22.03,-0.73,13.67,-3.36,51.89,-33.39,1
H,2022-10-18 14:12:58.094413,0.29,-0.57,0.96,27.34,-15.93,8.42,-2.34,53.00,-32.28,1
H,2022-10-18 14:12:58.125585,0.28,-0.54,0.87,44.25,-25.82,5.25,-2.34,53.00,-32.28,1
H,2022-10-18 14:12:58.141610,0.34,-0.73,0.40,48.16,-17.21,-13.06,-2.34,53.00,-32.28,1
H,2022-10-18 14:12:58.154376,0.07,-0.51,0.79,-21.67,44.43,-4.21,-3.41,53.37,-32.59,1
H,2022-10-18 14:12:58.179538,0.27,-0.49,0.85,-12.51,54.69,11.05,-3.41,53.37,-32.59,1
H,2022-10-18 14:12:58.192968,0.38,-0.45,0.92,-11.05,47.24,14.16,-3.41,53.37,-32.59,1
H,2022-10-18 14:12:58.216403,0.43,-0.43,0.90,-5.37,30.88,8.18,-1.48,53.42,-31.76,1
H,2022-10-18 14:12:58.229007,0.40,-0.49,0.77,7.39,16.24,4.27,-1.48,53.42,-31.76,1
H,2022-10-18 14:12:58.257133,0.37,-0.53,0.70,7.51,18.13,2.38,-1.59,53.17,-33.97,1
H,2022-10-18 14:12:58.270971,0.39,-0.53,0.69,2.50,23.93,0.61,-1.59,53.17,-33.97,1
H,2022-10-18 14:12:58.290265,0.41,-0.53,0.71,1.59,25.88,1.04,-1.59,53.17,-33.97,1
H,2022-10-18 14:12:58.313651,0.42,-0.53,0.74,3.48,22.71,1.77,-1.16,52.33,-34.88,1
H,2022-10-18 14:12:58.328891,0.39,-0.56,0.71,12.76,11.72,8.48,-1.16,52.33,-34.88,1
H,2022-10-18 14:12:58.350347,0.37,-0.60,0.69,18.55,6.41,10.01,-1.16,52.33,-34.88,1
H,2022-10-18 14:12:58.358854,0.35,-0.61,0.68,16.54,6.23,8.61,-1.88,52.98,-34.17,1
H,2022-10-18 14:12:58.389190,0.34,-0.59,0.69,12.94,5.62,8.61,-1.88,52.98,-34.17,1
H,2022-10-18 14:12:58.400431,0.34,-0.59,0.69,14.22,5.19,11.60,-1.90,53.44,-33.95,1
H,2022-10-18 14:12:58.416675,0.35,-0.60,0.69,16.78,5.31,14.53,-1.90,53.44,-33.95,1
H,2022-10-18 14:12:58.444702,0.37,-0.61,0.68,17.76,5.19,15.32,-1.90,53.44,-33.95,1
H,2022-10-18 14:12:58.462117,0.35,-0.62,0.69,14.65,6.35,13.31,-2.45,53.97,-33.81,1
H,2022-10-18 14:12:58.481700,0.39,-0.61,0.68,7.08,7.32,9.40,-2.45,53.97,-33.81,1
H,2022-10-18 14:12:58.493560,0.42,-0.55,0.69,2.20,8.06,8.79,-2.45,53.97,-33.81,1
H,2022-10-18 14:12:58.522483,0.41,-0.53,0.69,9.83,9.03,16.17,-2.73,54.26,-32.90,1
H,2022-10-18 14:12:58.539695,0.39,-0.62,0.66,11.84,11.05,15.93,-2.73,54.26,-32.90,1
H,2022-10-18 14:12:58.561100,0.39,-0.61,0.69,2.44,12.08,11.90,-1.82,54.39,-33.41,1
H,2022-10-18 14:12:58.578726,0.37,-0.59,0.70,-2.14,10.62,8.48,-1.82,54.39,-33.41,1
H,2022-10-18 14:12:58.598509,0.39,-0.55,0.72,1.65,4.64,3.66,-1.82,54.39,-33.41,1
H,2022-10-18 14:12:58.610400,0.44,-0.55,0.66,6.59,2.44,0.24,-2.08,55.05,-34.01,1
H,2022-10-18 14:12:58.635671,0.39,-0.52,0.71,10.01,-2.44,-2.14,-2.08,55.05,-34.01,1
H,2022-10-18 14:12:58.652254,0.18,-0.63,0.73,11.90,-7.14,-1.95,-2.08,55.05,-34.01,1
H,2022-10-18 14:12:58.667884,0.39,-0.65,0.49,4.27,7.26,3.72,-2.61,55.33,-33.51,1
H,2022-10-18 14:12:58.692597,0.40,-0.44,0.69,-4.27,12.08,5.92,-2.61,55.33,-33.51,1
H,2022-10-18 14:12:58.699906,0.24,-0.60,0.84,13.18,-6.29,-1.77,-2.73,55.22,-33.36,1
H,2022-10-18 14:12:58.731910,0.22,-0.63,0.66,-13.98,-32.53,-20.81,-2.73,55.22,-33.36,1
H,2022-10-18 14:12:58.737755,0.29,-0.58,0.76,-12.08,-51.33,-37.66,-2.73,55.22,-33.36,1
H,2022-10-18 14:12:58.769046,0.31,-0.60,0.69,-8.54,-61.10,-46.88,-4.10,53.76,-33.76,1
H,2022-10-18 14:12:58.784674,0.44,-0.54,0.62,-12.51,-62.68,-47.36,-4.10,53.76,-33.76,1
H,2022-10-18 14:12:58.804584,0.30,-0.56,0.84,-4.70,-54.75,-41.44,-4.10,53.76,-33.76,1
H,2022-10-18 14:12:58.816156,0.34,-0.57,0.58,-4.94,-57.19,-38.76,-5.75,52.28,-32.31,1
H,2022-10-18 14:12:58.847971,0.36,-0.52,0.71,-10.93,-38.09,-29.85,-5.75,52.28,-32.31,1
H,2022-10-18 14:12:58.863702,0.40,-0.52,0.76,2.38,-4.94,-4.39,-6.54,51.26,-32.81,1
H,2022-10-18 14:12:58.879287,0.37,-0.57,0.86,14.65,10.07,12.08,-6.54,51.26,-32.81,1
H,2022-10-18 14:12:58.894911,0.27,-0.73,0.96,28.02,17.64,24.41,-6.54,51.26,-32.81,1
H,2022-10-18 14:12:58.910537,0.27,-0.76,0.99,26.12,-3.30,12.39,-6.01,52.23,-31.25,1
H,2022-10-18 14:12:58.942345,0.24,-0.78,0.84,17.27,-15.81,2.87,-6.01,52.23,-31.25,1
H,2022-10-18 14:12:58.958052,0.31,-0.71,0.24,-23.56,17.33,8.36,-5.62,52.26,-31.12,1
H,2022-10-18 14:12:58.973675,0.14,-0.57,0.62,-59.02,80.69,27.77,-5.62,52.26,-31.12,1
H,2022-10-18 14:12:58.989296,0.41,-0.46,0.91,-18.31,98.08,69.76,-5.62,52.26,-31.12,1
H,2022-10-18 14:12:59.020558,0.55,-0.48,1.06,21.97,61.46,74.52,-2.56,52.64,-34.88,1
H,2022-10-18 14:12:59.036741,0.53,-0.63,0.93,40.83,10.01,56.40,-2.56,52.64,-34.88,1
H,2022-10-18 14:12:59.052448,0.50,-0.69,0.72,2.14,-31.37,8.61,-2.56,52.64,-34.88,1
H,2022-10-18 14:12:59.068068,0.28,-0.56,0.60,-16.60,-30.76,-12.21,-1.90,54.16,-32.90,1
H,2022-10-18 14:12:59.083704,0.26,-0.44,0.64,-24.54,-18.25,-26.31,-1.90,54.16,-32.90,1
H,2022-10-18 14:12:59.114954,-0.49,0.01,0.89,-37.23,-12.70,7.57,-3.99,53.23,-33.57,1
H,2022-10-18 14:12:59.130563,0.32,-0.33,0.75,32.04,-19.17,24.60,-3.99,53.23,-33.57,1
H,2022-10-18 14:12:59.146196,0.37,-0.39,0.84,53.47,-21.91,37.72,-3.99,53.23,-33.57,1
H,2022-10-18 14:12:59.163486,0.19,-0.90,0.36,64.21,1.59,14.95,-4.61,54.28,-32.03,1
H,2022-10-18 14:12:59.189091,0.32,-0.54,0.83,-58.11,54.69,-53.77,-4.61,54.28,-32.03,1
H,2022-10-18 14:12:59.206933,0.32,-0.23,0.96,-61.22,39.61,-57.62,-4.61,54.28,-32.03,1
H,2022-10-18 14:12:59.231802,0.31,-0.24,0.81,-20.94,17.76,-33.63,-4.41,51.05,-34.39,1
H,2022-10-18 14:12:59.240555,0.36,-0.44,0.71,21.91,13.49,-4.88,-4.41,51.05,-34.39,1
H,2022-10-18 14:12:59.269644,0.36,-0.61,0.73,44.37,14.10,7.75,-4.46,50.70,-35.47,1
H,2022-10-18 14:12:59.276791,0.35,-0.78,0.68,51.27,9.52,12.27,-4.46,50.70,-35.47,1
H,2022-10-18 14:12:59.307626,0.35,-0.85,0.64,35.46,7.81,3.48,-4.46,50.70,-35.47,1
H,2022-10-18 14:12:59.316483,0.35,-0.86,0.63,-3.54,12.21,-13.49,-4.16,50.79,-35.49,1
H,2022-10-18 14:12:59.347073,0.38,-0.64,0.74,-15.81,11.78,-15.93,-4.16,50.79,-35.49,1
H,2022-10-18 14:12:59.364993,0.38,-0.75,0.64,1.83,2.93,-3.66,-4.39,49.91,-35.94,1
H,2022-10-18 14:12:59.385411,0.33,-0.69,0.84,-8.67,5.80,-7.39,-4.39,49.91,-35.94,1
H,2022-10-18 14:12:59.393484,0.34,-0.77,0.77,0.79,-14.10,-4.76,-4.39,49.91,-35.94,1
H,2022-10-18 14:12:59.424089,0.54,-0.71,0.58,-15.08,-18.62,-13.73,-5.18,48.94,-34.73,1
H,2022-10-18 14:12:59.439345,0.21,-0.55,0.65,-30.82,22.16,4.21,-5.18,48.94,-34.73,1
H,2022-10-18 14:12:59.458319,0.26,-0.56,0.66,-7.87,44.19,34.61,-5.18,48.94,-34.73,1
H,2022-10-18 14:12:59.478479,0.52,-0.53,0.77,4.15,56.64,50.17,-3.76,49.22,-36.71,1
H,2022-10-18 14:12:59.496394,0.61,-0.51,0.85,23.50,51.15,51.33,-3.76,49.22,-36.71,1
H,2022-10-18 14:12:59.514645,0.58,-0.58,0.80,43.76,31.92,44.19,-3.76,49.22,-36.71,1
H,2022-10-18 14:12:59.530875,0.57,-0.66,0.68,36.38,11.47,27.10,-1.78,50.93,-35.75,1
H,2022-10-18 14:12:59.553331,0.42,-0.58,0.59,12.33,-8.48,0.49,-1.78,50.93,-35.75,1
H,2022-10-18 14:12:59.560707,0.32,-0.55,0.54,7.32,-12.94,-10.99,-3.06,51.72,-35.97,1
H,2022-10-18 14:12:59.591685,0.22,-0.52,0.53,4.27,-10.13,-17.46,-3.06,51.72,-35.97,1
H,2022-10-18 14:12:59.603778,0.38,-0.65,0.45,-32.59,10.25,-3.97,-3.06,51.72,-35.97,1
H,2022-10-18 14:12:59.630901,0.38,-0.25,0.78,-44.68,21.79,-3.36,-3.89,51.43,-35.56,1
H,2022-10-18 14:12:59.641015,0.23,-0.45,0.79,4.15,9.89,7.02,-3.89,51.43,-35.56,1
H,2022-10-18 14:12:59.659871,0.25,-0.60,0.66,7.39,-13.98,-1.53,-3.56,51.10,-35.29,1
H,2022-10-18 14:12:59.681351,0.18,-0.67,0.79,-7.45,-31.56,-24.66,-3.56,51.10,-35.29,1
H,2022-10-18 14:12:59.706243,0.31,-0.60,0.68,-22.77,-54.14,-46.39,-3.56,51.10,-35.29,1
H,2022-10-18 14:12:59.724849,0.39,-0.52,0.67,-35.03,-57.86,-49.56,-5.26,48.73,-35.57,1
H,2022-10-18 14:12:59.743633,0.37,-0.49,0.68,-16.97,-45.29,-34.12,-5.26,48.73,-35.57,1
H,2022-10-18 14:12:59.759198,0.31,-0.59,0.81,3.78,-37.17,-24.66,-5.26,48.73,-35.57,1
H,2022-10-18 14:12:59.774865,0.36,-0.64,0.71,6.41,-39.55,-23.68,-6.03,48.28,-34.05,1
H,2022-10-18 14:12:59.790489,0.40,-0.61,0.76,-7.45,-23.86,-16.85,-6.03,48.28,-34.05,1
H,2022-10-18 14:12:59.823757,0.37,-0.61,0.81,-5.19,-13.18,-9.95,-6.69,47.75,-34.89,1
H,2022-10-18 14:12:59.837982,0.36,-0.63,0.83,-1.34,-4.21,-2.26,-6.69,47.75,-34.89,1
H,2022-10-18 14:12:59.853688,0.35,-0.62,0.85,5.74,5.19,8.36,-6.69,47.75,-34.89,1
H,2022-10-18 14:12:59.869311,0.27,-0.70,0.99,12.76,1.46,9.09,-6.26,47.27,-34.46,1
H,2022-10-18 14:12:59.884935,0.27,-0.67,0.99,11.84,-14.04,1.71,-6.26,47.27,-34.46,1
H,2022-10-18 14:12:59.916115,0.25,-0.61,0.95,25.45,-35.34,-4.46,-6.26,47.27,-34.46,1
H,2022-10-18 14:12:59.932133,0.37,-0.57,0.52,35.16,-38.57,-3.17,-7.67,47.62,-33.04,1
H,2022-10-18 14:12:59.947834,-0.07,-0.61,0.54,9.28,14.65,21.85,-7.67,47.62,-33.04,1
H,2022-10-18 14:12:59.963383,0.12,-0.58,0.56,-6.96,59.88,44.80,-6.12,48.25,-35.00,1
H,2022-10-18 14:12:59.994630,0.43,-0.47,0.90,0.24,95.21,46.02,-6.12,48.25,-35.00,1
H,2022-10-18 14:13:00.010253,0.50,-0.45,1.01,23.38,71.72,37.48,-6.12,48.25,-35.00,1
H,2022-10-18 14:13:00.031074,0.49,-0.55,0.90,38.76,31.37,26.73,-3.77,49.34,-34.38,1
H,2022-10-18 14:13:00.042175,0.41,-0.63,0.70,23.44,-0.18,5.86,-3.77,49.34,-34.38,1
H,2022-10-18 14:13:00.057882,0.32,-0.63,0.51,2.26,8.36,-2.08,-3.77,49.34,-34.38,1
H,2022-10-18 14:13:00.089060,0.39,-0.57,0.56,-8.18,23.19,-0.67,-3.34,49.61,-34.64,1
H,2022-10-18 14:13:00.104767,0.44,-0.55,0.66,-1.53,30.76,1.95,-3.34,49.61,-34.64,1
H,2022-10-18 14:13:00.120376,0.42,-0.56,0.73,16.97,18.13,7.69,-2.06,48.52,-36.47,1
H,2022-10-18 14:13:00.136542,0.39,-0.65,0.67,25.21,5.68,10.38,-2.06,48.52,-36.47,1
H,2022-10-18 14:13:00.152263,0.35,-0.71,0.57,23.13,4.33,15.93,-2.06,48.52,-36.47,1
H,2022-10-18 14:13:00.185383,0.33,-0.72,0.55,9.46,12.15,19.41,-3.60,49.24,-35.38,1
H,2022-10-18 14:13:00.206429,0.39,-0.69,0.64,-4.33,24.11,16.05,-3.60,49.24,-35.38,1
H,2022-10-18 14:13:00.214003,0.37,-0.64,0.69,-4.64,21.85,18.01,-3.16,48.72,-36.93,1
H,2022-10-18 14:13:00.244734,0.38,-0.65,0.69,1.53,8.67,17.52,-3.16,48.72,-36.93,1
H,2022-10-18 14:13:00.260740,0.38,-0.65,0.65,0.73,2.69,11.90,-3.16,48.72,-36.93,1
H,2022-10-18 14:13:00.283152,0.37,-0.65,0.63,-2.26,1.10,3.30,-2.91,49.02,-36.56,1
H,2022-10-18 14:13:00.301207,0.36,-0.63,0.63,-7.14,3.42,-2.32,-2.91,49.02,-36.56,1
H,2022-10-18 14:13:00.321018,0.31,-0.58,0.65,-11.23,10.01,-3.30,-2.91,49.02,-36.56,1
H,2022-10-18 14:13:00.335880,0.34,-0.58,0.67,-14.16,10.68,-2.99,-2.86,48.84,-36.16,1
H,2022-10-18 14:13:00.361390,0.37,-0.55,0.69,-13.49,7.20,-3.36,-2.86,48.84,-36.16,1
H,2022-10-18 14:13:00.370530,0.42,-0.50,0.71,2.32,-7.39,-4.70,-3.43,47.71,-37.22,1
H,2022-10-18 14:13:00.399910,0.35,-0.64,0.57,-3.30,-1.59,12.57,-3.43,47.71,-37.22,1
H,2022-10-18 14:13:00.418892,0.27,-0.65,0.58,13.55,14.77,15.38,-3.43,47.71,-37.22,1
H,2022-10-18 14:13:00.437261,0.26,-0.66,0.84,1.59,0.67,-1.71,-3.39,47.74,-36.51,1
H,2022-10-18 14:13:00.444940,0.26,-0.63,0.77,-14.83,-39.73,-22.40,-3.39,47.74,-36.51,1
H,2022-10-18 14:13:00.460636,0.25,-0.59,0.73,-16.24,-56.09,-32.23,-3.39,47.74,-36.51,1
H,2022-10-18 14:13:00.489225,0.36,-0.60,0.66,-10.44,-67.81,-40.47,-4.91,47.31,-35.79,1
H,2022-10-18 14:13:00.513479,0.40,-0.61,0.65,-6.77,-65.98,-46.39,-4.91,47.31,-35.79,1
H,2022-10-18 14:13:00.532508,0.18,-0.64,0.80,-5.98,-52.12,-40.41,-6.31,45.28,-34.86,1
H,2022-10-18 14:13:00.535503,0.34,-0.57,0.69,-4.03,-60.73,-43.21,-6.31,45.28,-34.86,1
H,2022-10-18 14:13:00.567382,0.33,-0.58,0.68,-5.74,-50.84,-32.17,-6.31,45.28,-34.86,1
H,2022-10-18 14:13:00.587703,0.33,-0.58,0.72,13.12,-25.02,-12.94,-8.22,44.78,-34.57,1
H,2022-10-18 14:13:00.599890,0.31,-0.60,0.78,8.30,-6.77,0.00,-8.22,44.78,-34.57,1
H,2022-10-18 14:13:00.620727,0.32,-0.59,0.83,15.81,2.75,11.05,-8.22,44.78,-34.57,1
H,2022-10-18 14:13:00.645727,0.23,-0.69,0.91,29.42,7.20,20.94,-7.54,45.01,-33.65,1
H,2022-10-18 14:13:00.654103,0.21,-0.75,0.82,36.01,-6.96,15.01,-7.54,45.01,-33.65,1
H,2022-10-18 14:13:00.685825,0.24,-0.79,0.38,4.76,17.52,13.55,-7.63,45.73,-33.96,1
H,2022-10-18 14:13:00.689218,0.18,-0.64,0.61,-37.35,71.04,26.49,-7.63,45.73,-33.96,1
H,2022-10-18 14:13:00.723555,0.36,-0.49,0.80,-23.07,99.24,56.34,-7.63,45.73,-33.96,1
H,2022-10-18 14:13:00.738185,0.49,-0.48,1.01,9.16,70.37,60.18,-4.49,45.91,-34.17,1
H,2022-10-18 14:13:00.762248,0.55,-0.59,0.92,36.01,18.13,48.46,-4.49,45.91,-34.17,1
H,2022-10-18 14:13:00.771960,0.47,-0.69,0.73,22.71,-36.25,23.19,-4.00,47.12,-35.34,1
H,2022-10-18 14:13:00.787684,0.20,-0.69,0.54,5.68,-38.02,7.02,-4.00,47.12,-35.34,1
H,2022-10-18 14:13:00.818863,-0.03,-0.49,0.83,-18.62,-19.59,-2.32,-4.00,47.12,-35.34,1
H,2022-10-18 14:13:00.834950,0.32,-0.53,0.63,1.95,-11.60,14.28,-4.93,46.26,-35.27,1
H,2022-10-18 14:13:00.854423,0.35,-0.51,0.76,35.40,-18.19,25.82,-4.93,46.26,-35.27,1
H,2022-10-18 14:13:00.866495,0.26,-0.80,0.43,18.68,21.30,1.65,-4.93,46.26,-35.27,1
H,2022-10-18 14:13:00.897758,0.33,-0.63,0.76,-31.68,52.67,-32.90,-4.79,46.45,-35.03,1
H,2022-10-18 14:13:00.913381,0.29,-0.40,0.88,-28.14,36.87,-40.16,-4.79,46.45,-35.03,1
H,2022-10-18 14:13:00.932098,0.35,-0.42,0.76,-12.76,19.71,-27.83,-4.43,44.13,-36.02,1
H,2022-10-18 14:13:00.945180,0.35,-0.48,0.71,4.46,15.99,-6.90,-4.43,44.13,-36.02,1
H,2022-10-18 14:13:00.960890,0.34,-0.63,0.69,28.87,17.15,4.46,-4.43,44.13,-36.02,1
H,2022-10-18 14:13:00.992252,0.35,-0.74,0.63,37.78,14.04,12.02,-3.44,43.42,-36.23,1
H,2022-10-18 14:13:01.007902,0.33,-0.77,0.66,31.19,10.31,16.36,-3.44,43.42,-36.23,1
H,2022-10-18 14:13:01.032091,0.33,-0.85,0.61,15.38,5.07,10.74,-3.11,43.13,-36.16,1
H,2022-10-18 14:13:01.039664,0.33,-0.80,0.65,7.14,1.16,5.37,-3.11,43.13,-36.16,1
H,2022-10-18 14:13:01.070924,0.35,-0.82,0.61,5.07,-0.92,-0.49,-3.11,43.13,-36.16,1
H,2022-10-18 14:13:01.086547,0.34,-0.78,0.65,-9.03,2.93,-14.47,-2.92,42.46,-36.23,1
H,2022-10-18 14:13:01.102252,0.35,-0.68,0.69,-12.82,-0.43,-15.87,-2.92,42.46,-36.23,1
H,2022-10-18 14:13:01.117862,0.34,-0.68,0.64,-11.90,-1.71,-16.85,-2.92,42.46,-36.23,1
H,2022-10-18 14:13:01.133881,0.33,-0.67,0.63,-18.31,3.66,-19.78,-3.17,41.91,-34.99,1
H,2022-10-18 14:13:01.165131,0.28,-0.55,0.67,-31.68,17.76,-5.86,-3.17,41.91,-34.99,1
H,2022-10-18 14:13:01.180823,0.37,-0.53,0.69,-15.63,26.31,23.13,-2.93,42.00,-37.16,1
H,2022-10-18 14:13:01.196378,0.41,-0.60,0.68,7.69,40.83,50.23,-2.93,42.00,-37.16,1
H,2022-10-18 14:13:01.226287,0.55,-0.65,0.74,25.45,46.26,49.87,-2.93,42.00,-37.16,1
H,2022-10-18 14:13:01.244688,0.58,-0.67,0.76,28.87,38.70,40.65,-0.79,43.20,-37.35,1
H,2022-10-18 14:13:01.263091,0.56,-0.65,0.72,19.53,22.83,30.94,-0.79,43.20,-37.35,1
H,2022-10-18 14:13:01.276726,0.48,-0.63,0.59,17.64,1.40,16.91,-1.45,43.54,-37.44,1
H,2022-10-18 14:13:01.289447,0.37,-0.62,0.55,14.34,-4.03,4.88,-1.45,43.54,-37.44,1
H,2022-10-18 14:13:01.318769,0.29,-0.62,0.53,12.27,-6.10,-9.77,-1.45,43.54,-37.44,1
H,2022-10-18 14:13:01.336060,0.06,-0.76,0.59,-56.52,-3.78,-2.20,-2.43,44.31,-37.70,1
H,2022-10-18 14:13:01.361848,0.39,-0.45,0.57,-42.18,3.72,-10.62,-2.43,44.31,-37.70,1
H,2022-10-18 14:13:01.379855,0.32,-0.40,0.64,-16.30,8.79,0.55,-2.43,44.31,-37.70,1
H,2022-10-18 14:13:01.397429,0.15,-0.64,0.77,21.79,-3.60,-1.83,-2.27,43.07,-38.32,1
H,2022-10-18 14:13:01.415300,0.20,-0.74,0.74,-2.75,-42.30,-29.97,-2.27,43.07,-38.32,1
H,2022-10-18 14:13:01.436018,0.22,-0.64,0.73,-13.18,-67.93,-46.26,-3.87,42.53,-37.35,1
H,2022-10-18 14:13:01.450690,0.38,-0.56,0.60,-19.71,-82.09,-51.03,-3.87,42.53,-37.35,1
H,2022-10-18 14:13:01.473665,0.35,-0.57,0.59,-16.24,-74.34,-47.18,-3.87,42.53,-37.35,1
H,2022-10-18 14:13:01.492495,0.27,-0.60,0.66,-8.48,-43.58,-37.72,-5.60,41.54,-35.53,1
H,2022-10-18 14:13:01.512970,0.34,-0.60,0.68,-0.06,-37.84,-34.55,-5.60,41.54,-35.53,1
H,2022-10-18 14:13:01.516965,0.34,-0.62,0.68,-5.37,-24.78,-24.78,-5.60,41.54,-35.53,1
H,2022-10-18 14:13:01.548368,0.34,-0.61,0.71,-4.33,0.49,-4.94,-6.47,40.73,-35.02,1
H,2022-10-18 14:13:01.567086,0.32,-0.62,0.80,3.05,10.07,5.98,-6.47,40.73,-35.02,1
H,2022-10-18 14:13:01.582465,0.29,-0.71,0.84,13.00,13.12,13.24,-5.33,40.48,-34.35,1
H,2022-10-18 14:13:01.595535,0.26,-0.77,0.88,15.93,10.44,13.06,-5.33,40.48,-34.35,1
H,2022-10-18 14:13:01.622407,0.26,-0.80,0.89,11.35,-14.89,0.98,-5.33,40.48,-34.35,1
H,2022-10-18 14:13:01.642404,0.25,-0.76,0.86,-0.55,-15.32,-7.20,-5.43,40.76,-34.08,1
H,2022-10-18 14:13:01.661687,0.23,-0.65,0.78,-1.04,-22.52,-12.08,-5.43,40.76,-34.08,1
H,2022-10-18 14:13:01.668281,0.20,-0.59,0.71,6.84,-24.54,-11.90,-5.43,40.76,-34.08,1
H,2022-10-18 14:13:01.701529,0.24,-0.57,0.41,11.54,-17.70,-6.77,-6.48,40.92,-34.38,1
H,2022-10-18 14:13:01.709413,0.03,-0.56,0.63,-19.65,47.61,23.44,-6.48,40.92,-34.38,1
H,2022-10-18 14:13:01.740714,0.25,-0.57,0.77,-10.93,70.74,34.36,-4.63,40.91,-35.68,1
H,2022-10-18 14:13:01.744217,0.37,-0.54,0.94,3.48,59.08,23.13,-4.63,40.91,-35.68,1
H,2022-10-18 14:13:01.777499,0.45,-0.56,0.89,15.20,29.54,10.25,-4.63,40.91,-35.68,1
H,2022-10-18 14:13:01.786136,0.39,-0.58,0.74,11.66,8.85,0.61,-2.25,41.96,-35.42,1
H,2022-10-18 14:13:01.801763,0.33,-0.60,0.62,5.62,5.86,-4.94,-2.25,41.96,-35.42,1
H,2022-10-18 14:13:01.832896,0.36,-0.60,0.59,-2.75,23.62,-4.58,-2.25,41.96,-35.42,1
H,2022-10-18 14:13:01.848663,0.41,-0.59,0.66,0.85,31.80,-1.28,-1.76,40.63,-35.05,1
H,2022-10-18 14:13:01.864361,0.41,-0.60,0.71,13.43,29.05,3.91,-1.76,40.63,-35.05,1
H,2022-10-18 14:13:01.882820,0.40,-0.64,0.67,26.43,14.47,11.41,-1.05,40.11,-36.41,1
H,2022-10-18 14:13:01.911584,0.33,-0.71,0.60,28.81,9.58,18.80,-1.05,40.11,-36.41,1
H,2022-10-18 14:13:01.932799,0.33,-0.77,0.58,24.48,12.15,21.30,-1.05,40.11,-36.41,1
H,2022-10-18 14:13:01.943379,0.34,-0.77,0.58,9.95,19.10,18.74,-0.77,40.77,-36.84,1
H,2022-10-18 14:13:01.959084,0.33,-0.72,0.64,5.19,19.10,20.02,-0.77,40.77,-36.84,1
H,2022-10-18 14:13:01.990344,0.35,-0.71,0.62,3.30,18.13,21.61,-0.48,40.06,-37.08,1
H,2022-10-18 14:13:02.005887,0.33,-0.70,0.60,1.22,16.54,18.19,-0.48,40.06,-37.08,1
H,2022-10-18 14:13:02.021589,0.33,-0.66,0.65,-1.22,14.47,14.10,-0.48,40.06,-37.08,1
H,2022-10-18 14:13:02.037698,0.30,-0.69,0.62,-0.55,14.40,12.39,0.38,40.03,-36.54,1
H,2022-10-18 14:13:02.068959,0.32,-0.66,0.63,-8.36,11.78,3.85,0.38,40.03,-36.54,1
H,2022-10-18 14:13:02.084583,0.36,-0.59,0.67,-6.71,5.43,-3.36,0.38,40.03,-36.54,1
H,2022-10-18 14:13:02.100274,0.21,-0.63,0.71,-6.10,-4.27,-1.53,-0.42,39.28,-36.76,1
H,2022-10-18 14:13:02.115898,0.35,-0.68,0.41,1.71,11.11,5.07,-0.42,39.28,-36.76,1
H,2022-10-18 14:13:02.133042,0.15,-0.53,0.72,3.72,14.89,11.29,0.01,38.57,-38.55,1
H,2022-10-18 14:13:02.163178,0.22,-0.67,0.73,18.55,-5.49,5.19,0.01,38.57,-38.55,1
H,2022-10-18 14:13:02.178876,0.17,-0.77,0.77,12.51,-24.84,-9.64,0.01,38.57,-38.55,1
H,2022-10-18 14:13:02.194502,0.34,-0.65,0.63,-12.15,-56.46,-38.15,-0.38,39.36,-35.75,1
H,2022-10-18 14:13:02.224521,0.35,-0.57,0.62,-19.78,-55.66,-41.08,-0.38,39.36,-35.75,1
H,2022-10-18 14:13:02.240612,0.28,-0.61,0.71,-4.33,-57.01,-40.22,-2.27,38.55,-35.64,1
H,2022-10-18 14:13:02.262466,0.20,-0.72,0.69,11.11,-51.57,-35.10,-2.27,38.55,-35.64,1
H,2022-10-18 14:13:02.281667,0.33,-0.71,0.65,1.71,-59.88,-42.42,-2.27,38.55,-35.64,1
H,2022-10-18 14:13:02.288461,0.31,-0.68,0.61,-13.67,-50.35,-39.67,-3.89,37.65,-34.25,1
H,2022-10-18 14:13:02.319703,0.33,-0.62,0.66,-13.49,-22.89,-23.44,-3.89,37.65,-34.25,1
H,2022-10-18 14:13:02.333209,0.28,-0.64,0.70,2.75,-5.25,-6.41,-3.89,37.65,-34.25,1
H,2022-10-18 14:13:02.358952,0.32,-0.68,0.75,12.33,6.04,6.10,-4.20,37.32,-34.13,1
H,2022-10-18 14:13:02.364763,0.22,-0.82,0.86,19.23,14.77,16.36,-4.20,37.32,-34.13,1
H,2022-10-18 14:13:02.392015,0.21,-0.82,0.85,14.22,-0.31,3.05,-3.72,37.74,-33.79,1
H,2022-10-18 14:13:02.413360,0.19,-0.87,0.74,-2.14,-8.12,-4.46,-3.72,37.74,-33.79,1
H,2022-10-18 14:13:02.433497,0.55,-0.53,0.28,-43.03,2.38,-4.09,-3.72,37.74,-33.79,1
H,2022-10-18 14:13:02.451525,0.30,-0.56,0.58,-47.30,78.98,43.95,-2.95,36.66,-34.06,1
H,2022-10-18 14:13:02.473573,0.39,-0.46,0.79,-5.25,92.83,60.24,-2.95,36.66,-34.06,1
H,2022-10-18 14:13:02.493320,0.33,-0.55,1.01,46.26,63.78,65.73,-2.95,36.66,-34.06,1
H,2022-10-18 14:13:02.512743,0.34,-0.76,0.94,44.31,-10.80,37.78,-1.45,38.33,-34.42,1
H,2022-10-18 14:13:02.531862,-1.09,-0.81,0.73,3.17,-32.53,2.56,-1.45,38.33,-34.42,1
H,2022-10-18 14:13:02.543813,0.29,-0.68,0.64,-29.48,-33.39,-0.43,-1.92,37.94,-34.72,1
H,2022-10-18 14:13:02.570738,0.64,-0.41,0.55,-5.74,-4.27,-1.04,-1.92,37.94,-34.72,1
H,2022-10-18 14:13:02.581134,0.39,-0.58,0.63,-3.78,26.98,-8.00,-1.92,37.94,-34.72,1
H,2022-10-18 14:13:02.610146,0.30,-0.54,0.79,0.06,44.07,-15.63,-2.00,37.19,-34.99,1
H,2022-10-18 14:13:02.615831,0.24,-0.54,0.84,-5.55,26.06,-14.22,-2.00,37.19,-34.99,1
H,2022-10-18 14:13:02.649444,0.27,-0.55,0.69,-2.14,16.60,-14.65,-0.68,36.60,-35.19,1
H,2022-10-18 14:13:02.662737,0.31,-0.58,0.69,0.55,19.04,-15.63,-0.68,36.60,-35.19,1
H,2022-10-18 14:13:02.686945,0.30,-0.63,0.71,9.83,20.51,-18.68,-0.68,36.60,-35.19,1
H,2022-10-18 14:13:02.704914,0.29,-0.68,0.71,11.84,12.33,-14.28,0.42,34.56,-34.22,1
H,2022-10-18 14:13:02.718436,0.28,-0.65,0.66,10.44,4.70,-6.96,0.42,34.56,-34.22,1
H,2022-10-18 14:13:02.742998,0.29,-0.67,0.64,14.16,1.10,0.00,0.42,34.56,-34.22,1
H,2022-10-18 14:13:02.756151,0.28,-0.72,0.60,18.25,-1.53,6.65,1.05,34.07,-34.72,1
H,2022-10-18 14:13:02.781551,0.29,-0.79,0.63,25.09,-7.26,16.17,1.05,34.07,-34.72,1
H,2022-10-18 14:13:02.799319,0.29,-0.87,0.57,28.75,-13.61,21.48,1.87,34.19,-33.39,1
H,2022-10-18 14:13:02.814946,0.29,-0.93,0.57,20.69,-16.30,19.04,1.87,34.19,-33.39,1
H,2022-10-18 14:13:02.833083,0.29,-0.91,0.59,-10.86,-6.96,-0.43,1.87,34.19,-33.39,1
H,2022-10-18 14:13:02.846587,0.17,-0.74,0.56,-38.70,27.89,-0.98,2.06,34.41,-32.69,1
H,2022-10-18 14:13:02.862333,0.32,-0.62,0.63,-40.71,53.83,19.59,2.06,34.41,-32.69,1
H,2022-10-18 14:13:02.893583,0.54,-0.54,0.71,-23.80,65.06,41.38,2.06,34.41,-32.69,1
H,2022-10-18 14:13:02.913459,0.61,-0.47,0.86,20.87,46.57,55.97,3.22,33.80,-34.08,1
H,2022-10-18 14:13:02.933128,0.57,-0.67,0.71,45.29,21.36,53.47,3.22,33.80,-34.08,1
H,2022-10-18 14:13:02.941212,0.50,-0.75,0.59,41.08,5.80,37.17,4.02,35.01,-35.34,1
H,2022-10-18 14:13:02.956850,0.41,-0.72,0.55,15.93,-7.69,8.48,4.02,35.01,-35.34,1
H,2022-10-18 14:13:02.988178,0.29,-0.61,0.52,10.93,-7.93,-2.56,4.02,35.01,-35.34,1
H,2022-10-18 14:13:03.003811,-1.45,-0.68,0.41,7.63,-8.18,-6.10,3.56,35.58,-33.78,1
H,2022-10-18 14:13:03.019420,0.39,-0.71,0.50,-33.94,4.39,-2.20,3.56,35.58,-33.78,1
H,2022-10-18 14:13:03.035589,0.40,-0.33,0.70,-28.75,10.19,-2.69,3.56,35.58,-33.78,1
H,2022-10-18 14:13:03.051295,0.35,-0.48,0.73,46.02,9.58,14.65,2.88,34.74,-34.41,1
H,2022-10-18 14:13:03.082553,0.09,-0.84,0.68,37.72,-15.08,-9.83,2.88,34.74,-34.41,1
H,2022-10-18 14:13:03.098165,0.19,-0.82,0.77,-9.46,-44.80,-39.98,2.58,35.35,-35.22,1
H,2022-10-18 14:13:03.113800,0.33,-0.69,0.62,-40.53,-77.33,-79.04,2.58,35.35,-35.22,1
H,2022-10-18 14:13:03.133500,0.41,-0.59,0.58,-47.42,-76.23,-86.67,2.58,35.35,-35.22,1
H,2022-10-18 14:13:03.161292,0.25,-0.58,0.66,-34.06,-61.95,-68.12,0.67,33.62,-35.13,1
H,2022-10-18 14:13:03.176947,0.35,-0.58,0.61,0.73,-49.68,-44.01,0.67,33.62,-35.13,1
H,2022-10-18 14:13:03.192757,0.32,-0.64,0.65,-2.08,-38.64,-30.82,0.67,33.62,-35.13,1
H,2022-10-18 14:13:03.206360,0.34,-0.66,0.66,-2.56,-23.56,-16.17,-0.98,33.07,-32.75,1
H,2022-10-18 14:13:03.240262,0.29,-0.67,0.72,5.98,4.03,6.90,-0.98,33.07,-32.75,1
H,2022-10-18 14:13:03.253144,0.23,-0.78,0.84,18.31,16.42,20.75,0.12,33.36,-33.34,1
H,2022-10-18 14:13:03.270650,0.23,-0.79,0.90,19.65,8.54,17.09,0.12,33.36,-33.34,1
H,2022-10-18 14:13:03.282550,0.22,-0.77,0.90,12.33,-5.43,10.31,0.12,33.36,-33.34,1
H,2022-10-18 14:13:03.307940,0.21,-0.72,0.86,15.75,-18.68,4.46,0.74,33.07,-31.88,1
H,2022-10-18 14:13:03.326771,0.19,-0.71,0.63,28.93,-28.38,0.49,0.74,33.07,-31.88,1
H,2022-10-18 14:13:03.350893,0.04,-0.77,0.37,6.96,24.90,7.32,0.74,33.07,-31.88,1
H,2022-10-18 14:13:03.362997,0.07,-0.63,0.62,-18.86,58.96,8.36,0.33,34.35,-30.24,1
H,2022-10-18 14:13:03.387980,0.24,-0.63,0.77,-10.13,72.94,22.03,0.33,34.35,-30.24,1
H,2022-10-18 14:13:03.405946,0.40,-0.58,0.91,6.77,46.81,16.17,2.54,33.92,-31.60,1
H,2022-10-18 14:13:03.426632,0.39,-0.61,0.82,20.87,18.37,7.87,2.54,33.92,-31.60,1
H,2022-10-18 14:13:03.435969,0.30,-0.68,0.67,24.23,4.33,3.36,2.54,33.92,-31.60,1
H,2022-10-18 14:13:03.454506,0.19,-0.74,0.54,16.97,11.23,2.01,2.67,33.78,-31.53,1
H,2022-10-18 14:13:03.480794,0.30,-0.67,0.57,-4.09,39.49,7.81,2.67,33.78,-31.53,1
H,2022-10-18 14:13:03.489377,0.35,-0.63,0.68,2.14,46.33,14.83,2.67,33.78,-31.53,1
H,2022-10-18 14:13:03.516494,0.37,-0.67,0.73,18.86,36.80,19.41,3.80,33.53,-31.60,1
H,2022-10-18 14:13:03.533969,0.37,-0.75,0.67,29.17,21.42,18.98,3.80,33.53,-31.60,1
H,2022-10-18 14:13:03.560043,0.34,-0.79,0.57,19.53,6.84,9.77,4.68,33.91,-31.15,1
H,2022-10-18 14:13:03.568253,0.27,-0.79,0.52,11.78,7.02,6.77,4.68,33.91,-31.15,1
H,2022-10-18 14:13:03.590782,0.28,-0.75,0.52,3.85,12.08,10.13,4.68,33.91,-31.15,1
H,2022-10-18 14:13:03.610710,0.30,-0.73,0.57,7.20,17.52,14.77,4.68,34.05,-31.54,1
H,2022-10-18 14:13:03.634170,0.31,-0.73,0.61,9.28,17.27,17.46,4.68,34.05,-31.54,1
H,2022-10-18 14:13:03.650855,0.30,-0.73,0.62,10.07,13.98,17.52,4.68,34.05,-31.54,1
H,2022-10-18 14:13:03.666755,0.30,-0.74,0.59,9.64,10.74,17.27,5.35,33.69,-31.36,1
H,2022-10-18 14:13:03.691540,0.33,-0.74,0.55,-2.01,12.39,20.20,5.35,33.69,-31.36,1
H,2022-10-18 14:13:03.711160,0.38,-0.70,0.57,-9.89,15.38,19.10,5.75,34.17,-31.86,1
H,2022-10-18 14:13:03.731116,0.38,-0.67,0.62,-7.75,13.92,14.40,5.75,34.17,-31.86,1
H,2022-10-18 14:13:03.746607,0.37,-0.66,0.62,2.26,-1.10,5.31,5.75,34.17,-31.86,1
H,2022-10-18 14:13:03.761796,0.36,-0.68,0.56,4.88,-11.47,2.69,5.22,33.47,-31.93,1
H,2022-10-18 14:13:03.783844,-0.38,-0.78,0.34,5.37,-14.65,0.92,5.22,33.47,-31.93,1
H,2022-10-18 14:13:03.799556,0.35,-0.72,0.46,-26.73,8.73,3.85,5.22,33.47,-31.93,1
H,2022-10-18 14:13:03.815099,0.37,-0.51,0.66,-23.93,15.81,4.46,5.49,32.63,-31.38,1
H,2022-10-18 14:13:03.834315,0.21,-0.63,0.70,7.20,-0.37,8.73,5.49,32.63,-31.38,1
H,2022-10-18 14:13:03.862596,0.20,-0.73,0.65,13.73,-14.77,1.16,5.16,32.46,-31.96,1
H,2022-10-18 14:13:03.878144,0.27,-0.72,0.65,1.71,-31.19,-12.88,5.16,32.46,-31.96,1
H,2022-10-18 14:13:03.893767,0.26,-0.69,0.57,-5.98,-37.54,-24.11,5.16,32.46,-31.96,1
H,2022-10-18 14:13:03.909390,0.28,-0.67,0.60,-5.49,-39.73,-38.15,4.83,32.30,-30.97,1
H,2022-10-18 14:13:03.934518,0.33,-0.70,0.63,-2.20,-42.36,-40.34,4.83,32.30,-30.97,1
H,2022-10-18 14:13:03.957082,0.21,-0.74,0.64,-5.00,-40.95,-37.29,4.83,32.30,-30.97,1
H,2022-10-18 14:13:03.972809,0.37,-0.77,0.63,-14.83,-50.42,-48.16,3.89,32.41,-30.73,1
H,2022-10-18 14:13:03.988413,0.39,-0.67,0.63,-26.73,-43.58,-42.72,3.89,32.41,-30.73,1
H,2022-10-18 14:13:04.004040,0.33,-0.64,0.68,-20.39,-41.14,-38.15,3.80,31.81,-30.10,1
H,2022-10-18 14:13:04.035849,0.32,-0.68,0.71,-6.71,-17.09,-12.33,3.80,31.81,-30.10,1
H,2022-10-18 14:13:04.051586,0.30,-0.72,0.73,5.13,-5.98,1.53,3.80,31.81,-30.10,1
H,2022-10-18 14:13:04.067178,0.23,-0.78,0.80,12.39,2.75,13.18,3.05,31.49,-29.33,1
H,2022-10-18 14:13:04.084874,0.21,-0.84,0.82,21.91,-7.69,8.30,3.05,31.49,-29.33,1
H,2022-10-18 14:13:04.100581,0.35,-0.79,0.56,19.41,-14.22,2.62,2.89,32.07,-30.00,1
H,2022-10-18 14:13:04.119303,0.02,-0.76,0.46,-4.82,31.19,33.20,2.89,32.07,-30.00,1
H,2022-10-18 14:13:04.134882,0.14,-0.74,0.41,-18.92,76.78,67.02,2.89,32.07,-30.00,1
H,2022-10-18 14:13:04.166213,0.42,-0.71,0.68,-28.56,103.39,84.59,4.59,32.52,-30.91,1
H,2022-10-18 14:13:04.181847,0.55,-0.63,1.01,-1.04,65.31,63.84,4.59,32.52,-30.91,1
H,2022-10-18 14:13:04.197461,0.55,-0.67,0.92,10.38,4.70,41.32,4.59,32.52,-30.91,1
H,2022-10-18 14:13:04.226388,0.47,-0.70,0.65,5.74,-39.43,18.07,5.76,32.40,-29.72,1
H,2022-10-18 14:13:04.235204,0.19,-0.61,0.48,-15.01,-37.84,-12.70,5.76,32.40,-29.72,1
H,2022-10-18 14:13:04.254028,0.22,-0.51,0.53,-19.53,-13.43,-22.71,5.00,31.74,-31.84,1
H,2022-10-18 14:13:04.283161,0.23,-0.36,1.05,-27.40,-8.73,11.29,5.00,31.74,-31.84,1
H,2022-10-18 14:13:04.303876,0.31,-0.53,0.23,24.96,-10.62,30.64,5.00,31.74,-31.84,1
H,2022-10-18 14:13:04.319640,0.29,-0.69,0.77,-17.70,54.50,-8.73,5.05,31.67,-29.44,1
H,2022-10-18 14:13:04.341520,0.24,-0.55,0.88,-1.83,52.49,-25.09,5.05,31.67,-29.44,1
H,2022-10-18 14:13:04.354716,0.24,-0.60,0.79,2.69,23.99,-29.30,5.05,31.67,-29.44,1
H,2022-10-18 14:13:04.378031,0.30,-0.62,0.58,-7.26,16.60,-37.90,6.76,30.33,-30.07,1
H,2022-10-18 14:13:04.392288,0.34,-0.54,0.63,-14.47,22.77,-31.86,6.76,30.33,-30.07,1
H,2022-10-18 14:13:04.414287,0.32,-0.60,0.68,12.70,14.47,9.09,8.47,29.94,-29.30,1
H,2022-10-18 14:13:04.435113,0.33,-0.87,0.56,41.69,10.13,18.13,8.47,29.94,-29.30,1
H,2022-10-18 14:13:04.451900,0.31,-0.91,0.56,25.33,12.45,11.54,8.47,29.94,-29.30,1
H,2022-10-18 14:13:04.476460,0.28,-0.80,0.71,7.45,9.89,3.85,9.28,29.72,-28.76,1
H,2022-10-18 14:13:04.487924,0.30,-0.86,0.60,20.14,-11.41,10.07,9.28,29.72,-28.76,1
H,2022-10-18 14:13:04.501179,0.31,-0.92,0.53,1.40,-2.69,-3.97,9.28,29.72,-28.76,1
H,2022-10-18 14:13:04.530889,0.32,-0.78,0.65,-12.63,0.98,-11.84,9.58,29.57,-26.67,1
H,2022-10-18 14:13:04.539438,0.23,-0.74,0.56,-13.43,0.79,-4.09,9.58,29.57,-26.67,1
H,2022-10-18 14:13:04.568789,0.23,-0.75,0.48,-18.92,17.52,15.81,9.42,29.97,-28.23,1
H,2022-10-18 14:13:04.580893,0.45,-0.69,0.50,-24.72,53.65,40.53,9.42,29.97,-28.23,1
H,2022-10-18 14:13:04.597570,0.59,-0.50,0.79,6.59,55.66,51.45,9.42,29.97,-28.23,1
H,2022-10-18 14:13:04.621716,0.63,-0.61,0.70,48.28,38.88,59.33,10.38,29.71,-28.34,1
H,2022-10-18 14:13:04.639267,0.54,-0.74,0.60,58.04,25.21,57.56,10.38,29.71,-28.34,1
H,2022-10-18 14:13:04.660899,0.50,-0.77,0.55,44.25,14.77,40.59,10.38,29.71,-28.34,1
H,2022-10-18 14:13:04.668477,0.42,-0.74,0.56,19.35,-6.35,3.97,10.47,30.59,-27.26,1
H,2022-10-18 14:13:04.684119,-1.53,-0.81,0.39,8.42,-16.42,-11.17,10.47,30.59,-27.26,1
H,2022-10-18 14:13:04.720030,0.40,-0.77,0.35,-57.98,0.79,-8.12,9.12,30.18,-27.06,1
H,2022-10-18 14:13:04.735937,0.43,-0.32,0.64,-30.33,11.17,-3.91,9.12,30.18,-27.06,1
H,2022-10-18 14:13:04.743142,-0.00,-0.70,0.73,42.79,5.07,5.31,9.12,30.18,-27.06,1
H,2022-10-18 14:13:04.771353,0.17,-0.86,0.67,34.67,-25.88,-22.16,9.72,30.09,-28.92,1
H,2022-10-18 14:13:04.787178,0.21,-0.87,0.68,-5.19,-50.48,-55.54,9.72,30.09,-28.92,1
H,2022-10-18 14:13:04.811628,0.27,-0.79,0.54,-43.58,-68.73,-96.13,9.72,30.09,-28.92,1
H,2022-10-18 14:13:04.816787,0.39,-0.61,0.54,-60.49,-67.26,-95.76,7.91,30.11,-28.39,1
H,2022-10-18 14:13:04.848651,0.31,-0.66,0.62,-27.71,-55.91,-79.35,7.91,30.11,-28.39,1
H,2022-10-18 14:13:04.864371,0.39,-0.64,0.55,-20.81,-46.02,-67.75,7.91,30.11,-28.39,1
H,2022-10-18 14:13:04.879986,0.40,-0.59,0.57,-19.71,-27.16,-44.25,7.21,29.35,-27.10,1
H,2022-10-18 14:13:04.895607,0.39,-0.68,0.60,5.98,7.32,3.66,7.21,29.35,-27.10,1
H,2022-10-18 14:13:04.911227,0.28,-0.78,0.66,16.48,30.27,21.55,7.48,29.33,-27.99,1
H,2022-10-18 14:13:04.943024,0.25,-0.86,0.80,26.98,35.77,20.87,7.48,29.33,-27.99,1
H,2022-10-18 14:13:04.958748,0.24,-0.87,0.74,17.70,23.56,3.42,7.48,29.33,-27.99,1
H,2022-10-18 14:13:04.978455,0.13,-0.86,0.68,13.00,19.90,-5.31,8.84,29.33,-28.30,1
H,2022-10-18 14:13:04.990543,-0.13,-0.82,0.52,13.73,12.02,-0.85,8.84,29.33,-28.30,1
H,2022-10-18 14:13:05.021801,-0.15,-0.96,0.38,3.42,64.39,13.12,9.11,30.32,-30.15,1
H,2022-10-18 14:13:05.037890,0.01,-0.84,0.57,-10.93,91.19,8.97,9.11,30.32,-30.15,1
H,2022-10-18 14:13:05.053598,0.15,-0.74,0.72,-12.45,90.21,8.73,9.11,30.32,-30.15,1
H,2022-10-18 14:13:05.069218,0.23,-0.70,0.72,-0.37,42.11,15.75,10.49,32.08,-29.82,1
H,2022-10-18 14:13:05.084844,0.30,-0.75,0.49,3.91,5.55,18.25,10.49,32.08,-29.82,1
H,2022-10-18 14:13:05.116105,0.19,-0.77,0.34,3.11,-16.91,20.02,10.49,32.08,-29.82,1
H,2022-10-18 14:13:05.136306,0.16,-0.80,0.22,-6.35,-21.73,20.51,9.00,35.22,-31.05,1
H,2022-10-18 14:13:05.147879,0.22,-0.82,0.19,-29.54,-10.56,25.09,9.00,35.22,-31.05,1
H,2022-10-18 14:13:05.163586,0.36,-0.81,0.30,-46.51,-6.29,27.47,7.98,36.65,-33.53,1
H,2022-10-18 14:13:05.179220,0.44,-0.76,0.41,-52.86,-10.86,29.36,7.98,36.65,-33.53,1
H,2022-10-18 14:13:05.210388,0.47,-0.71,0.49,-48.58,-24.11,33.87,7.98,36.65,-33.53,1
H,2022-10-18 14:13:05.226078,0.45,-0.72,0.55,-35.40,-43.03,53.22,6.32,38.24,-35.55,1
H,2022-10-18 14:13:05.242100,0.49,-0.72,0.58,-31.62,-45.96,70.56,6.32,38.24,-35.55,1
H,2022-10-18 14:13:05.257731,0.49,-0.71,0.67,-31.37,-46.20,84.41,6.32,38.24,-35.55,1
H,2022-10-18 14:13:05.289812,0.50,-0.69,0.73,-36.32,-46.45,88.38,4.08,40.45,-36.99,1
H,2022-10-18 14:13:05.304792,0.54,-0.59,0.82,-43.76,-46.57,82.09,4.08,40.45,-36.99,1
H,2022-10-18 14:13:05.320533,0.55,-0.48,0.88,-47.49,-48.52,75.44,2.10,43.24,-37.89,1
H,2022-10-18 14:13:05.345496,0.54,-0.37,0.91,-45.10,-51.82,69.46,2.10,43.24,-37.89,1
H,2022-10-18 14:13:05.356186,0.51,-0.25,0.95,-24.17,-56.46,62.74,2.10,43.24,-37.89,1
H,2022-10-18 14:13:05.371820,0.41,-0.26,0.96,-1.95,-54.87,56.15,1.32,46.53,-38.70,1
H,2022-10-18 14:13:05.387448,0.30,-0.33,0.96,8.73,-49.74,45.35,1.32,46.53,-38.70,1
H,2022-10-18 14:13:05.421507,0.26,-0.33,0.96,0.85,-41.69,32.59,1.32,46.53,-38.70,1
H,2022-10-18 14:13:05.436588,0.24,-0.28,0.98,-11.17,-35.16,21.73,0.78,49.91,-35.78,1
H,2022-10-18 14:13:05.458834,0.23,-0.22,0.97,-12.94,-25.82,16.11,0.78,49.91,-35.78,1
H,2022-10-18 14:13:05.472452,0.23,-0.22,0.97,-6.29,-18.68,14.22,1.35,51.73,-36.79,1
H,2022-10-18 14:13:05.485215,0.23,-0.24,0.97,1.71,-13.85,12.33,1.35,51.73,-36.79,1
H,2022-10-18 14:13:05.507813,0.22,-0.28,0.93,7.93,-10.31,14.65,1.35,51.73,-36.79,1
H,2022-10-18 14:13:05.530688,0.22,-0.32,0.92,14.83,-7.57,18.43,1.83,53.34,-37.39,1
H,2022-10-18 14:13:05.543290,0.23,-0.40,0.88,15.99,-4.21,16.85,1.83,53.34,-37.39,1
H,2022-10-18 14:13:05.568641,0.25,-0.41,0.86,10.31,0.92,14.10,1.83,53.34,-37.39,1
H,2022-10-18 14:13:05.575058,0.24,-0.39,0.87,7.08,5.43,11.66,2.92,53.60,-36.79,1
H,2022-10-18 14:13:05.606329,0.27,-0.41,0.85,1.77,10.86,5.74,2.92,53.60,-36.79,1
H,2022-10-18 14:13:05.624586,0.25,-0.38,0.87,2.93,14.83,2.32,3.76,54.97,-36.61,1
H,2022-10-18 14:13:05.644100,0.23,-0.39,0.86,5.07,17.21,3.42,3.76,54.97,-36.61,1
H,2022-10-18 14:13:05.647397,0.29,-0.41,0.84,9.58,17.33,4.46,3.76,54.97,-36.61,1
H,2022-10-18 14:13:05.682277,0.33,-0.46,0.80,11.78,19.47,-0.85,4.80,55.99,-35.62,1
H,2022-10-18 14:13:05.695613,-0.06,-0.38,0.84,4.15,21.55,-7.45,4.80,55.99,-35.62,1
H,2022-10-18 14:13:05.712962,0.31,-0.59,0.74,7.20,21.48,5.13,4.80,55.99,-35.62,1
H,2022-10-18 14:13:05.737604,0.33,-0.41,0.85,-8.42,24.23,-0.79,5.71,55.88,-36.19,1
H,2022-10-18 14:13:05.757036,0.34,-0.44,0.75,-0.67,22.03,1.95,5.71,55.88,-36.19,1
H,2022-10-18 14:13:05.776362,0.34,-0.44,0.80,2.56,26.06,4.64,5.71,55.88,-36.19,1
H,2022-10-18 14:13:05.780374,0.34,-0.44,0.81,9.40,25.09,5.43,6.87,56.13,-36.51,1
H,2022-10-18 14:13:05.811703,0.21,-0.48,1.00,16.54,6.41,-0.18,6.87,56.13,-36.51,1
H,2022-10-18 14:13:05.827332,0.16,-0.50,1.03,9.70,-52.55,-12.57,6.52,56.58,-36.44,1
H,2022-10-18 14:13:05.843437,0.27,-0.49,0.84,19.84,-76.42,-14.83,6.52,56.58,-36.44,1
H,2022-10-18 14:13:05.859144,0.29,-0.54,0.78,24.54,-84.17,-21.61,6.52,56.58,-36.44,1
H,2022-10-18 14:13:05.890402,0.31,-0.52,0.79,20.75,-83.44,-30.88,2.64,56.71,-35.46,1
H,2022-10-18 14:13:05.906057,0.32,-0.55,0.83,17.58,-77.03,-34.42,2.64,56.71,-35.46,1
H,2022-10-18 14:13:05.921569,0.26,-0.55,0.72,6.35,-62.81,-32.17,-0.79,56.10,-34.80,1
H,2022-10-18 14:13:05.937288,0.23,-0.50,0.78,0.61,-34.85,-25.09,-0.79,56.10,-34.80,1
H,2022-10-18 14:13:05.968439,0.24,-0.51,0.82,4.46,-24.60,-21.18,-0.79,56.10,-34.80,1
H,2022-10-18 14:13:05.984063,0.21,-0.54,0.85,4.64,-10.25,-11.90,-2.28,55.81,-33.30,1
H,2022-10-18 14:13:06.002993,0.18,-0.52,0.88,3.36,0.61,-2.87,-2.28,55.81,-33.30,1
H,2022-10-18 14:13:06.015566,0.15,-0.58,0.96,10.99,-4.94,-4.94,-2.28,55.81,-33.30,1
H,2022-10-18 14:13:06.047312,0.13,-0.62,0.91,10.38,-13.06,-8.79,-2.92,56.37,-34.19,1
H,2022-10-18 14:13:06.062939,0.12,-0.66,0.77,5.92,-15.87,-14.10,-2.92,56.37,-34.19,1
H,2022-10-18 14:13:06.078637,0.03,-0.59,0.65,-62.19,72.08,-10.93,-2.83,54.68,-34.67,1
H,2022-10-18 14:13:06.094255,0.11,-0.32,0.81,-81.54,107.12,-0.98,-2.83,54.68,-34.67,1
H,2022-10-18 14:13:06.109879,0.27,-0.27,0.98,-48.95,114.75,24.48,-2.83,54.68,-34.67,1
H,2022-10-18 14:13:06.141528,0.37,-0.27,1.11,1.16,62.19,30.88,1.15,53.75,-36.58,1
H,2022-10-18 14:13:06.157159,0.35,-0.39,0.95,15.81,18.01,24.29,1.15,53.75,-36.58,1
H,2022-10-18 14:13:06.172783,0.27,-0.44,0.78,12.51,-6.84,18.37,2.14,54.39,-36.45,1
H,2022-10-18 14:13:06.188406,0.20,-0.46,0.66,8.42,-5.49,18.31,2.14,54.39,-36.45,1
H,2022-10-18 14:13:06.218427,0.22,-0.45,0.77,2.08,4.21,12.15,2.14,54.39,-36.45,1
H,2022-10-18 14:13:06.237853,0.25,-0.44,0.88,-2.50,8.00,-2.56,2.10,55.03,-35.96,1
H,2022-10-18 14:13:06.256882,0.21,-0.08,1.23,-21.30,-4.70,41.99,2.10,55.03,-35.96,1
H,2022-10-18 14:13:06.270076,0.16,-0.83,0.60,51.57,-9.09,36.74,2.10,55.03,-35.96,1
H,2022-10-18 14:13:06.288692,0.24,-0.66,0.75,-19.04,36.44,-19.04,2.08,55.60,-35.24,1
H,2022-10-18 14:13:06.316234,0.25,-0.27,1.13,-40.65,48.58,-43.76,2.08,55.60,-35.24,1
H,2022-10-18 14:13:06.335665,0.25,-0.39,0.88,1.59,15.01,-32.65,1.35,54.10,-37.10,1
H,2022-10-18 14:13:06.355626,0.25,-0.36,0.81,-2.81,13.24,-33.81,1.35,54.10,-37.10,1
H,2022-10-18 14:13:06.359659,0.29,-0.36,0.81,6.96,15.87,-25.88,1.35,54.10,-37.10,1
H,2022-10-18 14:13:06.393549,0.28,-0.39,0.84,26.49,11.17,-9.40,-0.10,53.03,-37.48,1
H,2022-10-18 14:13:06.398189,0.27,-0.63,0.72,53.16,0.24,14.16,-0.10,53.03,-37.48,1
H,2022-10-18 14:13:06.429481,0.27,-0.85,0.63,45.04,0.85,10.80,-0.10,53.03,-37.48,1
H,2022-10-18 14:13:06.445154,0.28,-0.71,0.77,11.60,3.97,-1.83,-0.11,53.38,-37.38,1
H,2022-10-18 14:13:06.463543,0.30,-0.66,0.74,10.19,-4.03,1.89,-0.11,53.38,-37.38,1
H,2022-10-18 14:13:06.475170,0.30,-0.71,0.71,10.25,-8.30,8.61,-1.31,52.92,-36.90,1
H,2022-10-18 14:13:06.505767,0.27,-0.73,0.81,-0.06,-6.16,-0.98,-1.31,52.92,-36.90,1
H,2022-10-18 14:13:06.515412,0.26,-0.72,0.86,-13.24,-8.73,-12.15,-1.31,52.92,-36.90,1
H,2022-10-18 14:13:06.538178,0.45,-0.54,0.60,-34.97,10.62,-10.86,-1.66,53.03,-36.94,1
H,2022-10-18 14:13:06.563593,0.17,-0.44,0.76,-30.03,39.86,7.69,-1.66,53.03,-36.94,1
H,2022-10-18 14:13:06.578336,0.39,-0.44,0.83,-9.34,61.22,25.09,-1.66,53.03,-36.94,1
H,2022-10-18 14:13:06.600782,0.47,-0.37,0.93,6.90,60.18,33.39,0.71,52.45,-37.44,1
H,2022-10-18 14:13:06.614807,0.46,-0.41,0.89,40.77,32.41,39.12,0.71,52.45,-37.44,1
H,2022-10-18 14:13:06.637798,0.42,-0.51,0.71,32.10,18.98,33.51,3.04,53.91,-36.36,1
H,2022-10-18 14:13:06.656175,0.38,-0.54,0.68,33.39,8.48,17.46,3.04,53.91,-36.36,1
H,2022-10-18 14:13:06.676146,0.39,-0.53,0.65,26.67,-2.32,-3.30,3.04,53.91,-36.36,1
H,2022-10-18 14:13:06.692267,0.33,-0.46,0.67,18.74,-16.17,-19.59,2.15,55.14,-36.52,1
H,2022-10-18 14:13:06.712404,0.25,-0.69,0.62,-48.52,12.82,7.39,2.15,55.14,-36.52,1
H,2022-10-18 14:13:06.730255,0.32,-0.24,0.75,-23.56,27.59,0.73,2.15,55.14,-36.52,1
H,2022-10-18 14:13:06.749187,0.05,-0.39,0.97,12.33,19.17,14.77,3.04,54.43,-36.73,1
H,2022-10-18 14:13:06.767154,0.10,-0.58,0.85,29.24,-19.96,8.54,3.04,54.43,-36.73,1
H,2022-10-18 14:13:06.787943,0.17,-0.64,0.81,1.40,-64.09,-19.59,1.65,54.80,-35.27,1
H,2022-10-18 14:13:06.795432,0.23,-0.57,0.70,-15.50,-72.20,-39.18,1.65,54.80,-35.27,1
H,2022-10-18 14:13:06.811129,0.24,-0.56,0.65,-16.60,-69.46,-50.11,1.65,54.80,-35.27,1
H,2022-10-18 14:13:06.842857,0.37,-0.52,0.59,-18.80,-59.81,-52.98,-1.99,53.26,-36.25,1
H,2022-10-18 14:13:06.858500,0.28,-0.48,0.85,-16.48,-49.13,-43.76,-1.99,53.26,-36.25,1
H,2022-10-18 14:13:06.874178,0.30,-0.49,0.76,-15.87,-33.63,-27.40,-1.99,53.26,-36.25,1
H,2022-10-18 14:13:06.889805,0.30,-0.53,0.84,-10.38,-15.01,-11.72,-4.32,51.51,-37.27,1
H,2022-10-18 14:13:06.905424,0.33,-0.58,0.92,-3.85,1.71,-0.24,-4.32,51.51,-37.27,1
H,2022-10-18 14:13:06.921046,0.28,-0.55,0.97,-0.98,18.62,11.11,-4.32,51.51,-37.27,1
H,2022-10-18 14:13:06.952833,0.21,-0.56,1.15,19.29,4.94,11.54,-4.05,51.95,-37.29,1
H,2022-10-18 14:13:06.968575,0.19,-0.56,1.08,29.48,-16.05,8.42,-4.05,51.95,-37.29,1
H,2022-10-18 14:13:06.984164,0.15,-0.58,0.92,40.28,-30.94,6.53,-4.54,52.69,-35.77,1
H,2022-10-18 14:13:06.999787,0.15,-0.68,0.36,29.85,21.48,9.40,-4.54,52.69,-35.77,1
H,2022-10-18 14:13:07.031247,0.14,-0.52,0.80,-31.07,62.68,4.88,-4.54,52.69,-35.77,1
H,2022-10-18 14:13:07.047424,0.32,-0.42,1.00,-20.32,71.04,5.25,-3.31,52.25,-36.00,1
H,2022-10-18 14:13:07.063133,0.35,-0.36,1.06,-4.88,47.49,1.71,-3.31,52.25,-36.00,1
H,2022-10-18 14:13:07.078757,0.29,-0.43,0.80,17.88,9.34,-3.91,-3.31,52.25,-36.00,1
H,2022-10-18 14:13:07.094378,0.20,-0.51,0.67,19.41,10.19,-3.36,-2.81,51.65,-35.24,1
H,2022-10-18 14:13:07.125629,0.21,-0.55,0.61,13.98,25.09,-1.34,-2.81,51.65,-35.24,1
H,2022-10-18 14:13:07.141808,0.30,-0.52,0.74,12.15,39.79,5.86,-2.14,51.51,-37.79,1
H,2022-10-18 14:13:07.157514,0.32,-0.54,0.77,22.40,36.13,10.86,-2.14,51.51,-37.79,1
H,2022-10-18 14:13:07.173141,0.32,-0.61,0.75,26.86,25.63,8.61,-2.14,51.51,-37.79,1
H,2022-10-18 14:13:07.205226,0.29,-0.63,0.71,18.07,15.63,6.16,-1.99,51.70,-36.67,1
H,2022-10-18 14:13:07.224599,0.24,-0.61,0.67,15.32,15.81,11.47,-1.99,51.70,-36.67,1
H,2022-10-18 14:13:07.238212,0.25,-0.65,0.67,18.62,19.35,17.27,-1.01,51.84,-37.23,1
H,2022-10-18 14:13:07.263941,0.29,-0.66,0.71,11.35,19.17,18.25,-1.01,51.84,-37.23,1
H,2022-10-18 14:13:07.270439,0.28,-0.67,0.73,6.65,13.85,15.26,-1.01,51.84,-37.23,1
H,2022-10-18 14:13:07.302743,0.26,-0.64,0.72,1.34,9.34,10.68,-0.98,52.36,-36.96,1
H,2022-10-18 14:13:07.307497,-0.22,-0.66,0.79,-2.50,5.55,7.93,-0.98,52.36,-36.96,1
H,2022-10-18 14:13:07.340034,0.15,-0.61,0.65,-6.90,10.50,12.02,-0.98,52.36,-36.96,1
H,2022-10-18 14:13:07.352948,0.31,-0.51,0.73,-11.41,13.06,6.77,-0.87,51.72,-36.72,1
H,2022-10-18 14:13:07.370133,0.34,-0.53,0.77,1.28,10.38,8.67,-0.87,51.72,-36.72,1
H,2022-10-18 14:13:07.393729,0.20,-0.57,0.77,8.18,1.04,7.63,-0.39,52.48,-37.50,1
H,2022-10-18 14:13:07.409661,0.31,-0.56,0.63,2.44,-1.89,8.61,-0.39,52.48,-37.50,1
H,2022-10-18 14:13:07.431951,0.31,-0.58,0.67,0.00,3.85,10.19,-0.39,52.48,-37.50,1
H,2022-10-18 14:13:07.450504,0.32,-0.61,0.70,-0.12,8.06,9.28,-0.51,51.79,-36.43,1
H,2022-10-18 14:13:07.469578,0.28,-0.57,0.73,-1.95,10.01,7.69,-0.51,51.79,-36.43,1
H,2022-10-18 14:13:07.485245,0.31,-0.59,0.80,-9.09,-9.89,-4.33,-0.51,51.79,-36.43,1
H,2022-10-18 14:13:07.506446,0.17,-0.54,0.85,-13.67,-24.05,-11.05,-0.42,52.11,-36.71,1
H,2022-10-18 14:13:07.525739,0.28,-0.52,0.77,-1.83,-43.95,-14.95,-0.42,52.11,-36.71,1
H,2022-10-18 14:13:07.541534,0.27,-0.54,0.70,7.39,-48.89,-14.65,-2.50,51.70,-36.08,1
H,2022-10-18 14:13:07.554731,0.25,-0.55,0.68,14.53,-46.81,-15.81,-2.50,51.70,-36.08,1
H,2022-10-18 14:13:07.574773,0.19,-0.61,0.75,15.93,-40.16,-16.85,-2.50,51.70,-36.08,1
H,2022-10-18 14:13:07.600233,0.21,-0.61,0.65,6.71,-37.72,-20.63,-4.26,51.49,-34.47,1
H,2022-10-18 14:13:07.616431,0.26,-0.60,0.67,0.79,-30.09,-23.44,-4.26,51.49,-34.47,1
H,2022-10-18 14:13:07.638210,0.23,-0.56,0.79,-3.60,-31.37,-26.00,-4.26,51.49,-34.47,1
H,2022-10-18 14:13:07.659490,0.29,-0.58,0.74,-7.14,-24.66,-19.29,-5.77,51.01,-35.31,1
H,2022-10-18 14:13:07.677055,0.25,-0.56,0.76,-6.29,-10.13,-10.50,-5.77,51.01,-35.31,1
H,2022-10-18 14:13:07.693335,0.24,-0.59,0.88,3.54,1.22,0.73,-6.03,50.71,-36.13,1
H,2022-10-18 14:13:07.715251,0.22,-0.67,0.89,7.14,-1.77,2.01,-6.03,50.71,-36.13,1
H,2022-10-18 14:13:07.735764,0.21,-0.66,0.87,3.91,-2.01,2.44,-6.03,50.71,-36.13,1
H,2022-10-18 14:13:07.748313,0.20,-0.67,0.89,8.73,-1.95,3.30,-6.68,50.54,-36.04,1
H,2022-10-18 14:13:07.766785,0.17,-0.72,0.89,18.43,-11.60,-3.97,-6.68,50.54,-36.04,1
H,2022-10-18 14:13:07.788211,0.13,-0.74,0.76,3.48,-15.44,-11.41,-6.68,50.54,-36.04,1
H,2022-10-18 14:13:07.811499,0.12,-0.66,0.48,-24.29,0.00,-13.12,-6.81,50.95,-34.74,1
H,2022-10-18 14:13:07.830095,0.16,-0.53,0.64,-49.56,40.04,-0.06,-6.81,50.95,-34.74,1
H,2022-10-18 14:13:07.846130,0.35,-0.41,0.87,-32.35,63.72,22.58,-4.77,49.55,-35.97,1
H,2022-10-18 14:13:07.861776,0.36,-0.38,0.97,-5.62,45.35,24.72,-4.77,49.55,-35.97,1
H,2022-10-18 14:13:07.877386,0.26,-0.49,0.88,19.65,18.68,24.90,-4.77,49.55,-35.97,1
H,2022-10-18 14:13:07.893078,0.20,-0.58,0.73,19.90,2.81,24.41,-4.03,49.93,-37.85,1
H,2022-10-18 14:13:07.924327,0.24,-0.59,0.68,-1.46,5.86,18.13,-4.03,49.93,-37.85,1
H,2022-10-18 14:13:07.940514,0.25,-0.54,0.75,-9.70,11.78,10.68,-4.03,49.93,-37.85,1
H,2022-10-18 14:13:07.956219,0.27,-0.49,0.84,-9.03,6.96,2.26,-3.36,49.96,-35.56,1
H,2022-10-18 14:13:07.971843,0.13,-0.33,0.97,-10.74,-17.09,6.96,-3.36,49.96,-35.56,1
H,2022-10-18 14:13:08.003091,0.21,-0.58,0.60,18.01,-10.74,25.33,-3.60,50.22,-36.43,1
H,2022-10-18 14:13:08.018747,0.25,-0.43,0.89,8.00,-5.74,25.82,-3.60,50.22,-36.43,1
H,2022-10-18 14:13:08.039067,0.24,-0.56,0.77,37.90,-10.68,30.52,-3.60,50.22,-36.43,1
H,2022-10-18 14:13:08.050140,0.24,-0.64,0.74,37.41,-10.25,28.75,-4.03,51.18,-36.23,1
H,2022-10-18 14:13:08.065858,0.16,-1.02,0.40,23.74,4.64,6.29,-4.03,51.18,-36.23,1
H,2022-10-18 14:13:08.097027,0.28,-0.53,0.87,-70.50,49.74,-46.69,-3.83,49.40,-37.77,1
H,2022-10-18 14:13:08.112650,0.24,-0.27,0.97,-37.17,37.72,-42.48,-3.83,49.40,-37.77,1
H,2022-10-18 14:13:08.128273,0.24,-0.32,0.86,-9.46,22.58,-27.10,-3.83,49.40,-37.77,1
H,2022-10-18 14:13:08.144435,0.26,-0.37,0.85,13.73,15.08,-9.09,-3.44,47.94,-38.24,1
H,2022-10-18 14:13:08.175695,0.26,-0.53,0.73,47.79,6.35,8.24,-3.44,47.94,-38.24,1
H,2022-10-18 14:13:08.191400,0.25,-0.76,0.69,44.98,6.53,4.76,-3.44,47.94,-38.24,1
H,2022-10-18 14:13:08.207025,0.24,-0.80,0.68,32.78,6.77,-1.22,-3.28,48.21,-36.72,1
H,2022-10-18 14:13:08.222643,0.26,-0.79,0.66,17.40,4.39,-5.74,-3.28,48.21,-36.72,1
H,2022-10-18 14:13:08.247984,0.25,-0.76,0.68,6.23,1.65,-6.41,-3.28,48.21,-36.72,1
H,2022-10-18 14:13:08.257063,0.25,-0.76,0.70,2.08,-0.24,-9.22,-3.74,47.20,-37.59,1
H,2022-10-18 14:13:08.280644,0.26,-0.77,0.70,-8.54,4.46,-21.85,-3.74,47.20,-37.59,1
H,2022-10-18 14:13:08.300979,0.26,-0.67,0.79,-21.06,6.47,-27.71,-4.13,46.39,-37.21,1
H,2022-10-18 14:13:08.318987,0.23,-0.68,0.84,-17.76,-2.50,-22.77,-4.13,46.39,-37.21,1
H,2022-10-18 14:13:08.342272,0.58,-0.66,0.40,-36.19,15.87,-22.71,-4.13,46.39,-37.21,1
H,2022-10-18 14:13:08.362247,-0.03,-0.43,0.78,-49.99,55.30,-8.18,-3.59,45.47,-38.23,1
H,2022-10-18 14:13:08.378978,0.20,-0.40,0.92,-26.73,67.75,37.41,-3.59,45.47,-38.23,1
H,2022-10-18 14:13:08.391103,0.40,-0.51,0.99,7.32,56.27,69.21,-3.59,45.47,-38.23,1
H,2022-10-18 14:13:08.410715,0.52,-0.69,0.91,28.32,26.55,43.58,-1.40,46.20,-38.75,1
H,2022-10-18 14:13:08.432281,0.47,-0.63,0.84,14.89,8.48,13.98,-1.40,46.20,-38.75,1
H,2022-10-18 14:13:08.447023,0.40,-0.55,0.70,5.19,-0.37,-0.85,-0.65,47.03,-39.11,1
H,2022-10-18 14:13:08.470790,0.38,-0.49,0.62,-3.78,0.67,-2.26,-0.65,47.03,-39.11,1
H,2022-10-18 14:13:08.485913,0.35,-0.43,0.65,2.93,5.55,-1.95,-0.65,47.03,-39.11,1
H,2022-10-18 14:13:08.509820,0.27,-0.40,0.68,15.75,-0.06,1.46,-0.55,47.72,-38.04,1
H,2022-10-18 14:13:08.523528,0.21,-0.44,0.65,30.82,-6.84,7.02,-0.55,47.72,-38.04,1
H,2022-10-18 14:13:08.545975,0.22,-0.49,0.63,36.07,-11.23,0.67,-0.55,47.72,-38.04,1
H,2022-10-18 14:13:08.566115,0.25,-0.55,0.62,29.60,-18.74,-10.99,-1.93,48.51,-36.80,1
H,2022-10-18 14:13:08.586913,0.11,-0.62,0.61,-5.49,5.62,19.96,-1.93,48.51,-36.80,1
H,2022-10-18 14:13:08.596154,0.21,-0.63,0.56,13.18,15.87,7.57,-2.34,48.63,-36.91,1
H,2022-10-18 14:13:08.615546,0.14,-0.63,0.90,-3.11,9.89,-9.46,-2.34,48.63,-36.91,1
H,2022-10-18 14:13:08.640375,0.17,-0.56,0.83,-11.35,-20.20,-22.22,-2.34,48.63,-36.91,1
H,2022-10-18 14:13:08.657160,0.18,-0.57,0.73,-7.93,-49.32,-27.95,-2.38,47.12,-37.98,1
H,2022-10-18 14:13:08.681207,0.26,-0.54,0.68,-0.49,-58.41,-26.79,-2.38,47.12,-37.98,1
H,2022-10-18 14:13:08.696835,0.24,-0.60,0.61,2.50,-50.72,-20.94,-2.38,47.12,-37.98,1
H,2022-10-18 14:13:08.719551,0.17,-0.64,0.70,10.80,-35.10,-20.45,-4.36,46.83,-37.37,1
H,2022-10-18 14:13:08.737853,0.30,-0.68,0.72,2.01,-28.99,-16.54,-4.36,46.83,-37.37,1
H,2022-10-18 14:13:08.758477,0.32,-0.70,0.75,-5.25,-12.57,-6.59,-5.54,45.83,-36.05,1
H,2022-10-18 14:13:08.764234,0.33,-0.66,0.79,-1.04,12.51,9.09,-5.54,45.83,-36.05,1
H,2022-10-18 14:13:08.793581,0.28,-0.74,0.96,6.90,-1.10,3.66,-5.54,45.83,-36.05,1
H,2022-10-18 14:13:08.803607,0.26,-0.75,0.99,9.89,-7.45,3.42,-5.49,45.95,-37.12,1
H,2022-10-18 14:13:08.819235,0.26,-0.69,0.92,18.62,-12.76,2.14,-5.49,45.95,-37.12,1
H,2022-10-18 14:13:08.839450,0.18,-0.74,0.91,27.04,-18.37,2.69,-5.49,45.95,-37.12,1
H,2022-10-18 14:13:08.866656,0.16,-0.72,0.48,18.19,-11.17,1.53,-6.35,46.23,-36.39,1
H,2022-10-18 14:13:08.882290,0.06,-0.65,0.74,-21.18,51.76,16.42,-6.35,46.23,-36.39,1
H,2022-10-18 14:13:08.897980,0.21,-0.63,0.90,-19.90,67.14,21.42,-6.35,46.23,-36.39,1
H,2022-10-18 14:13:08.913602,0.33,-0.53,1.01,-17.09,53.53,15.75,-3.50,45.80,-36.87,1
H,2022-10-18 14:13:08.939847,0.39,-0.51,0.91,2.44,18.25,2.69,-3.50,45.80,-36.87,1
H,2022-10-18 14:13:08.961029,0.29,-0.54,0.71,7.63,11.54,-4.15,-2.97,45.78,-38.64,1
H,2022-10-18 14:13:08.976728,0.25,-0.54,0.64,5.55,15.01,-3.78,-2.97,45.78,-38.64,1
H,2022-10-18 14:13:08.992342,0.26,-0.55,0.64,3.11,26.49,0.18,-2.97,45.78,-38.64,1
H,2022-10-18 14:13:09.007979,0.32,-0.53,0.69,1.22,25.51,0.43,-2.43,45.21,-36.55,1
H,2022-10-18 14:13:09.039768,0.33,-0.55,0.70,8.85,20.63,0.61,-2.43,45.21,-36.55,1
H,2022-10-18 14:13:09.059412,0.33,-0.58,0.67,13.79,15.44,-1.53,-1.31,44.53,-37.83,1
H,2022-10-18 14:13:09.071505,0.33,-0.61,0.64,14.28,10.13,-3.05,-1.31,44.53,-37.83,1
H,2022-10-18 14:13:09.087201,0.27,-0.63,0.63,14.53,7.81,-2.56,-1.31,44.53,-37.83,1
H,2022-10-18 14:13:09.118380,0.22,-0.65,0.61,15.69,8.24,0.31,-1.72,44.10,-38.09,1
H,2022-10-18 14:13:09.134006,0.23,-0.69,0.64,19.23,8.91,8.42,-1.72,44.10,-38.09,1
H,2022-10-18 14:13:09.150014,0.22,-0.74,0.66,18.25,6.84,11.60,-1.72,44.10,-38.09,1
H,2022-10-18 14:13:09.165709,0.22,-0.75,0.68,11.35,4.27,12.63,-0.66,44.35,-37.60,1
H,2022-10-18 14:13:09.181276,0.22,-0.75,0.65,-0.37,3.30,14.89,-0.66,44.35,-37.60,1
H,2022-10-18 14:13:09.212613,0.25,-0.72,0.65,-7.75,6.71,15.63,-1.04,43.88,-37.72,1
H,2022-10-18 14:13:09.232788,0.26,-0.68,0.69,-9.58,9.28,13.85,-1.04,43.88,-37.72,1
H,2022-10-18 14:13:09.250757,0.29,-0.67,0.70,-5.80,8.12,10.13,-1.04,43.88,-37.72,1
H,2022-10-18 14:13:09.269097,0.30,-0.66,0.72,-4.64,4.21,6.47,-0.56,43.48,-39.60,1
H,2022-10-18 14:13:09.289624,0.28,-0.65,0.69,-4.03,0.49,5.49,-0.56,43.48,-39.60,1
H,2022-10-18 14:13:09.304385,0.27,-0.63,0.68,-3.97,1.83,7.51,-0.56,43.48,-39.60,1
H,2022-10-18 14:13:09.327201,0.27,-0.61,0.71,-4.09,4.33,10.13,-0.42,43.44,-37.73,1
H,2022-10-18 14:13:09.340230,0.28,-0.62,0.73,3.36,5.37,12.88,-0.42,43.44,-37.73,1
H,2022-10-18 14:13:09.365807,0.29,-0.66,0.72,4.94,5.13,12.21,-0.23,42.76,-38.56,1
H,2022-10-18 14:13:09.383524,0.29,-0.66,0.70,2.14,4.94,10.74,-0.23,42.76,-38.56,1
H,2022-10-18 14:13:09.401169,0.29,-0.63,0.71,-1.28,5.00,9.34,-0.23,42.76,-38.56,1
H,2022-10-18 14:13:09.415103,0.31,-0.63,0.71,1.59,3.42,8.67,0.43,43.90,-37.55,1
H,2022-10-18 14:13:09.440332,0.32,-0.63,0.70,3.60,2.08,6.77,0.43,43.90,-37.55,1
H,2022-10-18 14:13:09.452576,0.30,-0.64,0.69,4.94,0.73,4.03,0.43,43.90,-37.55,1
H,2022-10-18 14:13:09.470210,0.29,-0.63,0.68,2.81,0.85,2.01,0.39,44.14,-37.00,1
H,2022-10-18 14:13:09.496023,0.29,-0.63,0.67,-0.67,3.30,2.38,0.39,44.14,-37.00,1
H,2022-10-18 14:13:09.513700,0.31,-0.63,0.68,-0.73,4.64,2.81,0.28,43.80,-37.34,1
H,2022-10-18 14:13:09.523006,0.33,-0.58,0.70,-0.73,4.15,3.36,0.28,43.80,-37.34,1
H,2022-10-18 14:13:09.550608,0.34,-0.60,0.69,4.52,2.44,5.55,0.28,43.80,-37.34,1
H,2022-10-18 14:13:09.559088,0.35,-0.63,0.70,6.16,1.59,5.37,0.89,44.10,-37.78,1
H,2022-10-18 14:13:09.579101,0.33,-0.64,0.70,4.21,-0.85,2.75,0.89,44.10,-37.78,1
H,2022-10-18 14:13:09.602573,0.32,-0.64,0.69,0.98,-0.85,1.53,0.89,44.10,-37.78,1
H,2022-10-18 14:13:09.615899,0.32,-0.61,0.68,-2.14,1.28,1.46,0.77,44.58,-38.22,1
H,2022-10-18 14:13:09.640345,0.33,-0.59,0.70,-1.59,3.60,2.75,0.77,44.58,-38.22,1
H,2022-10-18 14:13:09.662813,0.33,-0.60,0.72,2.38,3.66,4.39,0.77,44.58,-38.22,1
H,2022-10-18 14:13:09.670457,0.33,-0.65,0.70,7.02,2.62,5.19,1.26,43.76,-37.48,1
H,2022-10-18 14:13:09.700360,0.33,-0.64,0.70,3.97,2.81,4.88,1.26,43.76,-37.48,1
H,2022-10-18 14:13:09.717743,0.31,-0.65,0.69,1.95,3.42,5.92,1.16,44.52,-36.84,1
H,2022-10-18 14:13:09.736872,0.33,-0.63,0.69,-1.59,5.80,5.92,1.16,44.52,-36.84,1
H,2022-10-18 14:13:09.758186,0.33,-0.63,0.71,-1.16,6.41,4.58,1.16,44.52,-36.84,1
H,2022-10-18 14:13:09.778518,0.34,-0.62,0.71,-0.73,5.37,2.81,1.35,44.82,-36.84,1
H,2022-10-18 14:13:09.797475,0.34,-0.62,0.69,-1.53,4.88,0.61,1.35,44.82,-36.84,1
H,2022-10-18 14:13:09.813112,0.33,-0.61,0.68,1.34,5.49,0.49,1.66,44.10,-37.02,1
H,2022-10-18 14:13:09.828726,0.34,-0.63,0.67,1.89,6.10,0.55,1.66,44.10,-37.02,1
H,2022-10-18 14:13:09.844743,0.34,-0.61,0.66,0.98,5.86,1.16,1.66,44.10,-37.02,1
H,2022-10-18 14:13:09.860458,0.35,-0.57,0.68,6.04,5.07,5.55,2.67,44.35,-36.62,1
H,2022-10-18 14:13:09.891718,0.34,-0.65,0.65,7.93,4.46,6.71,2.67,44.35,-36.62,1
H,2022-10-18 14:13:09.907350,0.34,-0.64,0.67,3.85,4.33,6.16,2.67,44.35,-36.62,1
H,2022-10-18 14:13:09.922974,0.35,-0.65,0.67,3.48,2.93,6.47,2.21,44.04,-35.72,1
H,2022-10-18 14:13:09.940252,0.35,-0.65,0.67,1.83,3.30,4.88,2.21,44.04,-35.72,1
H,2022-10-18 14:13:09.954838,0.35,-0.63,0.68,-0.06,2.75,3.36,2.50,44.34,-36.28,1
H,2022-10-18 14:13:09.986161,0.35,-0.63,0.69,0.79,2.20,4.03,2.50,44.34,-36.28,1
H,2022-10-18 14:13:10.001794,0.36,-0.66,0.68,2.56,1.16,4.27,2.50,44.34,-36.28,1
H,2022-10-18 14:13:10.017403,0.34,-0.66,0.68,1.40,0.31,3.36,2.22,44.51,-38.01,1
H,2022-10-18 14:13:10.040618,0.33,-0.67,0.68,1.71,1.16,4.64,2.22,44.51,-38.01,1
H,2022-10-18 14:13:10.049192,0.34,-0.67,0.68,-1.16,2.75,5.74,2.22,44.51,-38.01,1
H,2022-10-18 14:13:10.082873,0.36,-0.63,0.69,-3.23,2.69,8.24,2.17,44.36,-36.19,1
H,2022-10-18 14:13:10.096378,0.39,-0.63,0.67,2.56,0.49,13.49,2.17,44.36,-36.19,1
H,2022-10-18 14:13:10.112088,0.39,-0.67,0.65,5.31,-1.10,18.19,2.62,44.41,-35.73,1
H,2022-10-18 14:13:10.127717,0.42,-0.70,0.64,1.83,-0.43,14.34,2.62,44.41,-35.73,1
H,2022-10-18 14:13:10.143763,0.42,-0.61,0.71,-11.84,-3.23,0.55,2.62,44.41,-35.73,1
H,2022-10-18 14:13:10.175021,0.42,-0.54,0.71,-12.21,-9.03,-1.65,2.50,43.98,-36.61,1
H,2022-10-18 14:13:10.190723,0.38,-0.55,0.70,-4.09,-13.61,0.79,2.50,43.98,-36.61,1
H,2022-10-18 14:13:10.206333,0.34,-0.59,0.69,0.06,-10.31,-1.46,2.50,43.98,-36.61,1
H,2022-10-18 14:13:10.236322,0.29,-0.59,0.73,-4.33,-5.31,-6.77,1.43,44.24,-37.00,1
H,2022-10-18 14:13:10.243915,0.31,-0.54,0.76,-5.80,-3.97,-4.21,1.43,44.24,-37.00,1
H,2022-10-18 14:13:10.274314,0.29,-0.56,0.76,1.59,-7.57,2.93,1.09,44.10,-36.74,1
H,2022-10-18 14:13:10.289499,0.31,-0.65,0.69,6.16,-2.75,4.03,1.09,44.10,-36.74,1
H,2022-10-18 14:13:10.312159,0.34,-0.63,0.70,-0.31,5.07,-3.97,1.09,44.10,-36.74,1
H,2022-10-18 14:13:10.328930,0.33,-0.56,0.73,-2.93,6.84,-5.13,0.67,43.80,-36.33,1
H,2022-10-18 14:13:10.346897,0.35,-0.60,0.67,6.71,0.79,5.25,0.67,43.80,-36.33,1
H,2022-10-18 14:13:10.358839,0.37,-0.60,0.63,4.03,0.12,8.73,0.67,43.80,-36.33,1
H,2022-10-18 14:13:10.382937,0.37,-0.56,0.68,6.71,-2.32,8.91,1.28,43.60,-36.91,1
H,2022-10-18 14:13:10.395541,0.37,-0.61,0.67,14.71,-8.36,7.57,1.28,43.60,-36.91,1
H,2022-10-18 14:13:10.418057,0.33,-0.64,0.64,15.32,-17.15,2.62,0.09,44.04,-36.54,1
H,2022-10-18 14:13:10.440836,0.30,-0.61,0.61,9.46,-27.59,-1.59,0.09,44.04,-36.54,1
H,2022-10-18 14:13:10.454825,0.28,-0.59,0.61,7.57,-32.10,2.08,0.09,44.04,-36.54,1
H,2022-10-18 14:13:10.479607,0.24,-0.60,0.63,11.84,-38.02,8.42,-1.55,44.03,-36.82,1
H,2022-10-18 14:13:10.498085,0.22,-0.66,0.64,17.46,-40.89,0.73,-1.55,44.03,-36.82,1
H,2022-10-18 14:13:10.513545,0.02,-0.98,0.64,-39.00,48.77,25.76,-1.55,44.03,-36.82,1
H,2022-10-18 14:13:10.532995,0.28,-0.36,0.98,-43.52,21.00,-3.66,-1.82,43.76,-36.15,1
H,2022-10-18 14:13:10.550281,0.20,-0.64,0.98,-6.41,-8.79,-2.01,-1.82,43.76,-36.15,1
H,2022-10-18 14:13:10.565182,0.21,-0.61,0.74,1.83,-46.26,-13.55,-1.87,43.07,-35.61,1
H,2022-10-18 14:13:10.595320,0.37,-0.61,0.60,5.19,-47.30,-22.22,-1.87,43.07,-35.61,1
H,2022-10-18 14:13:10.611468,0.24,-0.66,0.79,9.83,-38.15,-26.25,-1.87,43.07,-35.61,1
H,2022-10-18 14:13:10.634760,0.09,-0.75,0.74,7.69,-37.23,-32.53,-4.38,42.54,-36.55,1
H,2022-10-18 14:13:10.641271,0.27,-0.68,0.70,-2.20,-42.48,-34.00,-4.38,42.54,-36.55,1
H,2022-10-18 14:13:10.675052,0.26,-0.67,0.76,-11.29,-33.69,-29.72,-5.52,41.65,-35.13,1
H,2022-10-18 14:13:10.680212,0.21,-0.67,0.83,-0.73,-28.08,-26.00,-5.52,41.65,-35.13,1
H,2022-10-18 14:13:10.712246,0.20,-0.69,0.82,-0.67,-26.98,-23.07,-5.52,41.65,-35.13,1
H,2022-10-18 14:13:10.719472,0.19,-0.68,0.85,-6.29,-25.39,-19.23,-6.79,41.46,-35.06,1
H,2022-10-18 14:13:10.750490,0.17,-0.67,0.86,-4.15,-29.11,-16.72,-6.79,41.46,-35.06,1
H,2022-10-18 14:13:10.757778,0.20,-0.69,0.76,-2.69,-18.98,-10.62,-6.79,41.46,-35.06,1
H,2022-10-18 14:13:10.788967,0.10,-0.73,0.86,5.31,-8.42,-7.14,-7.60,40.58,-34.74,1
H,2022-10-18 14:13:10.797966,0.04,-0.72,0.71,6.53,-9.70,-10.62,-7.60,40.58,-34.74,1
H,2022-10-18 14:13:10.813601,-0.03,-0.50,0.38,-28.32,66.65,52.49,-7.09,40.98,-35.41,1
H,2022-10-18 14:13:10.845240,0.36,-0.53,0.67,-27.40,104.92,76.54,-7.09,40.98,-35.41,1
H,2022-10-18 14:13:10.860866,0.49,-0.50,1.00,11.90,111.33,87.95,-7.09,40.98,-35.41,1
H,2022-10-18 14:13:10.876559,0.44,-0.60,1.08,32.84,40.71,63.23,-3.11,43.02,-37.43,1
H,2022-10-18 14:13:10.892195,0.31,-0.73,0.83,12.08,-10.01,25.09,-3.11,43.02,-37.43,1
H,2022-10-18 14:13:10.923360,0.21,-0.65,0.63,-14.89,-28.81,-16.05,-3.11,43.02,-37.43,1
H,2022-10-18 14:13:10.941506,-1.24,-0.42,0.75,-35.28,-17.82,-34.24,-4.57,42.52,-36.91,1
H,2022-10-18 14:13:10.955013,0.24,-0.49,0.54,17.09,-20.02,17.21,-4.57,42.52,-36.91,1
H,2022-10-18 14:13:10.970645,0.13,-0.48,0.81,-13.55,37.48,6.16,-4.03,41.36,-37.04,1
H,2022-10-18 14:13:10.986268,0.23,-0.49,0.82,9.83,28.08,6.16,-4.03,41.36,-37.04,1
H,2022-10-18 14:13:11.017512,0.19,-0.67,0.83,-3.72,28.50,-13.85,-4.03,41.36,-37.04,1
H,2022-10-18 14:13:11.033216,0.25,-0.52,0.80,-23.25,28.32,-32.35,-3.42,40.44,-37.63,1
H,2022-10-18 14:13:11.049311,0.26,-0.39,0.84,-26.06,25.70,-32.59,-3.42,40.44,-37.63,1
H,2022-10-18 14:13:11.065366,0.26,-0.45,0.79,-1.22,21.48,-22.16,-3.42,40.44,-37.63,1
H,2022-10-18 14:13:11.096619,0.27,-0.60,0.73,20.51,22.09,-8.73,-2.19,38.24,-38.54,1
H,2022-10-18 14:13:11.115247,0.26,-0.65,0.72,23.07,18.74,-4.09,-2.19,38.24,-38.54,1
H,2022-10-18 14:13:11.128348,0.26,-0.73,0.71,24.72,12.27,3.60,-1.23,37.07,-38.33,1
H,2022-10-18 14:13:11.144526,0.26,-0.74,0.70,22.22,0.92,13.37,-1.23,37.07,-38.33,1
H,2022-10-18 14:13:11.160224,0.25,-0.84,0.67,30.15,-8.18,21.30,-1.23,37.07,-38.33,1
H,2022-10-18 14:13:11.191402,0.25,-0.93,0.62,22.77,-10.50,15.50,-0.31,37.24,-38.02,1
H,2022-10-18 14:13:11.207113,0.23,-0.92,0.54,-15.87,11.41,-9.16,-0.31,37.24,-38.02,1
H,2022-10-18 14:13:11.226527,0.18,-0.65,0.72,-35.46,29.30,4.09,-0.04,37.33,-36.50,1
H,2022-10-18 14:13:11.250933,0.29,-0.63,0.78,-21.85,39.18,27.59,-0.04,37.33,-36.50,1
H,2022-10-18 14:13:11.259902,0.46,-0.61,0.82,-6.04,40.53,34.06,-0.04,37.33,-36.50,1
H,2022-10-18 14:13:11.287763,0.49,-0.55,0.83,5.68,31.98,28.26,1.00,37.81,-38.93,1
H,2022-10-18 14:13:11.305550,0.43,-0.57,0.73,12.70,24.54,19.65,1.00,37.81,-38.93,1
H,2022-10-18 14:13:11.322522,0.29,-0.55,0.65,15.56,25.33,15.81,1.00,37.81,-38.93,1
H,2022-10-18 14:13:11.342224,0.28,-0.54,0.65,14.40,29.30,16.30,1.78,38.34,-37.87,1
H,2022-10-18 14:13:11.350937,0.38,-0.55,0.70,14.71,23.44,10.38,1.78,38.34,-37.87,1
H,2022-10-18 14:13:11.377617,0.40,-0.55,0.70,18.98,7.14,2.32,2.62,39.09,-37.28,1
H,2022-10-18 14:13:11.397857,0.40,-0.58,0.63,25.02,-10.99,-5.86,2.62,39.09,-37.28,1
H,2022-10-18 14:13:11.417421,0.38,-0.61,0.56,25.76,-25.51,-15.38,2.62,39.09,-37.28,1
H,2022-10-18 14:13:11.423390,0.34,-0.59,0.55,18.98,-28.81,-22.28,0.88,39.31,-37.62,1
H,2022-10-18 14:13:11.457840,-0.01,-0.78,0.61,-6.90,34.12,7.87,0.88,39.31,-37.62,1
H,2022-10-18 14:13:11.462675,0.19,-0.35,1.05,-27.65,8.12,-6.10,0.88,39.31,-37.62,1
H,2022-10-18 14:13:11.496627,0.26,-0.67,0.86,-2.01,-35.16,-3.85,1.70,38.71,-38.98,1
H,2022-10-18 14:13:11.514099,0.27,-0.63,0.68,-4.03,-50.66,-17.46,1.70,38.71,-38.98,1
H,2022-10-18 14:13:11.533908,0.28,-0.65,0.65,-2.01,-49.62,-24.84,-0.18,38.12,-36.16,1
H,2022-10-18 14:13:11.548171,0.26,-0.66,0.67,-4.03,-45.29,-33.75,-0.18,38.12,-36.16,1
H,2022-10-18 14:13:11.573196,0.34,-0.59,0.66,-16.72,-37.17,-41.75,-0.18,38.12,-36.16,1
H,2022-10-18 14:13:11.581337,0.28,-0.56,0.71,-13.92,-22.03,-28.93,-1.71,37.50,-38.16,1
H,2022-10-18 14:13:11.612916,0.28,-0.61,0.78,0.85,-15.14,-19.23,-1.71,37.50,-38.16,1
H,2022-10-18 14:13:11.631726,0.26,-0.66,0.82,-0.85,-9.46,-8.73,-1.71,37.50,-38.16,1
H,2022-10-18 14:13:11.650835,0.27,-0.63,0.83,2.38,-5.98,-2.69,-2.38,37.00,-35.46,1
H,2022-10-18 14:13:11.666980,0.26,-0.67,0.84,10.01,-4.88,0.67,-2.38,37.00,-35.46,1
H,2022-10-18 14:13:11.686480,0.21,-0.69,0.84,11.35,-6.16,0.43,-2.08,37.52,-36.89,1
H,2022-10-18 14:13:11.705875,0.23,-0.69,0.82,13.55,-12.63,-2.75,-2.08,37.52,-36.89,1
H,2022-10-18 14:13:11.726249,0.19,-0.71,0.79,12.02,-14.83,-4.46,-2.08,37.52,-36.89,1
H,2022-10-18 14:13:11.744208,0.18,-0.68,0.73,7.26,-18.13,-8.67,-2.44,37.99,-36.63,1
H,2022-10-18 14:13:11.764523,0.18,-0.61,0.65,-1.77,-14.47,-8.12,-2.44,37.99,-36.63,1
H,2022-10-18 14:13:11.778160,0.16,-0.57,0.67,0.61,-7.57,-4.70,-3.42,37.87,-36.05,1
H,2022-10-18 14:13:11.798377,0.15,-0.54,0.68,3.17,-2.75,2.87,-3.42,37.87,-36.05,1
H,2022-10-18 14:13:11.820115,0.11,-0.61,0.69,14.34,3.60,7.14,-3.42,37.87,-36.05,1
H,2022-10-18 14:13:11.835738,-0.01,-0.62,0.67,6.41,13.31,11.96,-3.10,37.85,-37.49,1
H,2022-10-18 14:13:11.851746,-0.03,-0.66,0.68,-3.05,29.79,27.22,-3.10,37.85,-37.49,1
H,2022-10-18 14:13:11.867372,0.13,-0.68,0.75,-11.78,50.29,41.32,-3.10,37.85,-37.49,1
H,2022-10-18 14:13:11.882996,0.31,-0.70,0.89,-12.02,60.49,39.00,-0.95,38.99,-37.06,1
H,2022-10-18 14:13:11.914327,0.45,-0.67,0.98,-7.14,38.45,21.00,-0.95,38.99,-37.06,1
H,2022-10-18 14:13:11.930001,0.44,-0.62,0.89,-6.96,14.40,-2.56,-0.95,38.99,-37.06,1
H,2022-10-18 14:13:11.945663,0.32,-0.56,0.76,-5.07,1.46,-15.50,-0.65,38.32,-35.88,1
H,2022-10-18 14:13:11.961370,0.25,-0.54,0.66,-0.49,10.99,-12.02,-0.65,38.32,-35.88,1
H,2022-10-18 14:13:11.992550,0.24,-0.53,0.69,2.38,22.77,-3.36,0.20,37.92,-36.44,1
H,2022-10-18 14:13:12.008174,0.28,-0.58,0.74,11.78,28.02,2.38,0.20,37.92,-36.44,1
H,2022-10-18 14:13:12.023797,0.31,-0.60,0.75,17.94,19.78,0.49,0.20,37.92,-36.44,1
H,2022-10-18 14:13:12.043422,0.28,-0.63,0.67,18.68,13.55,-1.04,1.31,38.06,-36.21,1
H,2022-10-18 14:13:12.055425,0.25,-0.64,0.65,19.10,12.51,-0.31,1.31,38.06,-36.21,1
H,2022-10-18 14:13:12.086676,0.24,-0.66,0.64,18.13,13.67,1.59,1.43,37.72,-35.34,1
H,2022-10-18 14:13:12.102307,0.25,-0.68,0.64,15.32,15.01,2.81,1.43,37.72,-35.34,1
H,2022-10-18 14:13:12.117922,0.26,-0.70,0.66,11.05,14.65,1.46,1.43,37.72,-35.34,1
H,2022-10-18 14:13:12.133616,0.31,-0.67,0.68,4.52,13.79,-2.38,3.20,37.04,-35.56,1
H,2022-10-18 14:13:12.152660,0.32,-0.64,0.69,5.25,10.44,-4.46,3.20,37.04,-35.56,1
H,2022-10-18 14:13:12.165734,0.32,-0.66,0.67,11.35,7.08,-2.93,3.20,37.04,-35.56,1
H,2022-10-18 14:13:12.197077,0.34,-0.68,0.65,14.89,5.07,1.40,3.59,36.76,-36.76,1
H,2022-10-18 14:13:12.212860,0.33,-0.74,0.64,17.94,3.72,3.05,3.59,36.76,-36.76,1
H,2022-10-18 14:13:12.230129,0.31,-0.74,0.64,10.99,3.17,5.31,3.59,36.76,-36.76,1
H,2022-10-18 14:13:12.255133,0.28,-0.74,0.63,6.35,2.44,8.85,3.32,36.73,-35.91,1
H,2022-10-18 14:13:12.268215,0.24,-0.71,0.64,3.97,7.69,15.81,3.32,36.73,-35.91,1
H,2022-10-18 14:13:12.293478,0.27,-0.71,0.63,0.79,13.43,19.35,3.16,36.74,-35.47,1
H,2022-10-18 14:13:12.299522,0.29,-0.68,0.67,-1.22,17.03,22.83,3.16,36.74,-35.47,1
H,2022-10-18 14:13:12.327475,0.34,-0.68,0.69,-1.95,17.88,20.02,3.16,36.74,-35.47,1
H,2022-10-18 14:13:12.344381,0.32,-0.66,0.69,-1.46,13.18,12.33,4.24,36.34,-36.39,1
H,2022-10-18 14:13:12.360819,0.31,-0.61,0.66,0.31,8.54,13.37,4.24,36.34,-36.39,1
H,2022-10-18 14:13:12.380391,0.35,-0.62,0.65,7.57,5.07,11.17,4.24,36.34,-36.39,1
H,2022-10-18 14:13:12.394937,0.37,-0.62,0.64,13.12,-0.61,2.56,4.44,36.00,-36.36,1
H,2022-10-18 14:13:12.422798,0.36,-0.61,0.63,17.94,-9.16,-6.10,4.44,36.00,-36.36,1
H,2022-10-18 14:13:12.439065,0.07,-0.58,0.55,-21.79,0.12,20.45,4.00,35.94,-36.90,1
H,2022-10-18 14:13:12.460009,0.29,-0.57,0.56,-4.09,12.27,12.63,4.00,35.94,-36.90,1
H,2022-10-18 14:13:12.471325,0.13,-0.65,0.82,5.19,3.66,3.66,4.00,35.94,-36.90,1
H,2022-10-18 14:13:12.496661,0.20,-0.70,0.75,7.57,-26.06,-11.29,4.47,35.39,-36.21,1
H,2022-10-18 14:13:12.509611,0.24,-0.65,0.70,-4.88,-57.62,-26.73,4.47,35.39,-36.21,1
H,2022-10-18 14:13:12.536457,0.19,-0.64,0.60,-4.03,-67.63,-31.37,4.47,35.39,-36.21,1
H,2022-10-18 14:13:12.553161,0.27,-0.66,0.58,-1.22,-68.85,-36.13,2.10,35.68,-35.00,1
H,2022-10-18 14:13:12.576147,0.26,-0.65,0.57,-3.78,-49.07,-36.99,2.10,35.68,-35.00,1
H,2022-10-18 14:13:12.588594,0.21,-0.68,0.66,0.55,-40.16,-33.33,0.72,35.42,-33.57,1
H,2022-10-18 14:13:12.608776,0.23,-0.70,0.70,-2.69,-38.21,-30.52,0.72,35.42,-33.57,1
H,2022-10-18 14:13:12.626480,0.23,-0.72,0.70,-6.29,-26.67,-22.71,0.72,35.42,-33.57,1
H,2022-10-18 14:13:12.654201,0.25,-0.73,0.78,-4.46,-9.77,-10.56,0.05,34.64,-35.12,1
H,2022-10-18 14:13:12.672975,0.24,-0.76,0.78,2.38,1.34,1.53,0.05,34.64,-35.12,1
H,2022-10-18 14:13:12.691029,0.26,-0.75,0.82,9.09,13.73,12.63,0.05,34.64,-35.12,1
H,2022-10-18 14:13:12.698893,0.16,-0.85,0.93,10.74,1.65,4.03,-0.26,34.75,-35.19,1
H,2022-10-18 14:13:12.728533,0.14,-0.82,0.85,7.02,-11.66,-4.64,-0.26,34.75,-35.19,1
H,2022-10-18 14:13:12.750095,0.27,-0.80,0.33,0.31,-13.31,-9.52,-0.38,35.13,-33.96,1
H,2022-10-18 14:13:12.767858,0.14,-0.61,0.54,-49.74,87.40,32.10,-0.38,35.13,-33.96,1
H,2022-10-18 14:13:12.784802,0.23,-0.55,0.82,-35.95,111.51,57.50,-0.38,35.13,-33.96,1
H,2022-10-18 14:13:12.805483,0.41,-0.52,1.10,-3.78,78.31,64.21,3.05,34.62,-35.53,1
H,2022-10-18 14:13:12.821111,0.44,-0.67,0.98,19.90,19.53,53.83,3.05,34.62,-35.53,1
H,2022-10-18 14:13:12.836819,0.42,-0.71,0.71,-4.09,-33.33,14.34,3.05,34.62,-35.53,1
H,2022-10-18 14:13:12.852936,0.24,-0.59,0.53,-17.52,-29.72,-0.67,2.60,34.80,-35.34,1
H,2022-10-18 14:13:12.868639,0.20,-0.51,0.59,-23.56,-15.93,-5.13,2.60,34.80,-35.34,1
H,2022-10-18 14:13:12.899818,-1.13,-0.45,0.92,-21.42,-5.86,-7.20,2.42,32.98,-35.66,1
H,2022-10-18 14:13:12.915441,0.24,-0.47,0.68,19.29,-18.86,31.01,2.42,32.98,-35.66,1
H,2022-10-18 14:13:12.931132,0.27,-0.35,0.92,32.65,-20.87,42.30,2.42,32.98,-35.66,1
H,2022-10-18 14:13:12.947297,0.22,-1.11,0.13,82.21,-13.98,42.11,2.25,34.13,-35.79,1
H,2022-10-18 14:13:12.963001,0.26,-0.88,0.60,-49.87,77.45,-45.23,2.25,34.13,-35.79,1
H,2022-10-18 14:13:12.994180,0.28,-0.33,1.09,-48.28,66.96,-53.89,2.25,34.13,-35.79,1
H,2022-10-18 14:13:13.009872,0.25,-0.41,0.92,-12.39,28.50,-28.99,4.88,31.85,-34.81,1
H,2022-10-18 14:13:13.025494,0.28,-0.53,0.65,5.68,17.40,-10.93,4.88,31.85,-34.81,1
H,2022-10-18 14:13:13.044703,0.28,-0.59,0.73,26.25,22.22,2.87,6.47,31.15,-35.71,1
H,2022-10-18 14:13:13.072868,0.25,-0.74,0.75,48.46,12.45,19.04,6.47,31.15,-35.71,1
H,2022-10-18 14:13:13.088491,0.25,-0.89,0.63,51.94,-1.53,22.95,6.47,31.15,-35.71,1
H,2022-10-18 14:13:13.104185,0.26,-0.92,0.58,31.80,-13.85,16.78,7.76,31.36,-34.85,1
H,2022-10-18 14:13:13.119808,0.26,-0.91,0.54,16.60,-13.00,6.90,7.76,31.36,-34.85,1
H,2022-10-18 14:13:13.145003,0.28,-0.81,0.62,2.81,-10.56,-0.43,8.22,31.99,-34.29,1
H,2022-10-18 14:13:13.167167,0.26,-0.91,0.59,0.24,-9.95,-7.20,8.22,31.99,-34.29,1
H,2022-10-18 14:13:13.186165,0.26,-0.87,0.62,-22.52,-5.19,-20.14,8.22,31.99,-34.29,1
H,2022-10-18 14:13:13.198739,0.14,-0.69,0.57,-34.61,18.25,-8.42,7.36,31.27,-34.11,1
H,2022-10-18 14:13:13.227103,0.23,-0.67,0.60,-21.79,55.30,31.07,7.36,31.27,-34.11,1
H,2022-10-18 14:13:13.245069,0.50,-0.56,0.80,-12.94,63.54,38.70,7.36,31.27,-34.11,1
H,2022-10-18 14:13:13.248575,0.53,-0.51,0.90,11.90,49.99,37.35,8.33,31.15,-34.18,1
H,2022-10-18 14:13:13.279841,0.50,-0.60,0.77,35.52,22.95,33.20,8.33,31.15,-34.18,1
H,2022-10-18 14:13:13.295526,0.43,-0.65,0.62,34.12,5.92,24.72,8.25,32.60,-34.83,1
H,2022-10-18 14:13:13.311077,0.29,-0.65,0.56,8.91,2.50,0.55,8.25,32.60,-34.83,1
H,2022-10-18 14:13:13.326976,0.29,-0.54,0.57,-1.77,1.28,-12.70,8.25,32.60,-34.83,1
H,2022-10-18 14:13:13.345222,0.14,-0.51,0.59,2.14,-6.04,-21.30,8.31,31.69,-33.56,1
H,2022-10-18 14:13:13.358892,0.28,-0.76,0.54,-23.56,7.81,13.49,8.31,31.69,-33.56,1
H,2022-10-18 14:13:13.390149,0.32,-0.47,0.60,-8.97,21.00,11.41,8.31,31.69,-33.56,1
H,2022-10-18 14:13:13.405779,0.10,-0.73,0.81,23.25,16.66,-2.08,8.73,31.58,-35.96,1
H,2022-10-18 14:13:13.430186,0.12,-0.77,0.76,-1.83,-24.54,-21.55,8.73,31.58,-35.96,1
H,2022-10-18 14:13:13.445253,0.23,-0.70,0.62,-24.11,-46.45,-44.74,8.73,31.58,-35.96,1
H,2022-10-18 14:13:13.467906,0.25,-0.59,0.65,-34.91,-53.77,-56.15,7.59,31.42,-33.92,1
H,2022-10-18 14:13:13.483530,0.34,-0.57,0.57,-19.90,-54.87,-58.65,7.59,31.42,-33.92,1
H,2022-10-18 14:13:13.499156,0.23,-0.62,0.67,-11.60,-41.75,-45.10,6.20,31.15,-35.12,1
H,2022-10-18 14:13:13.514845,0.25,-0.65,0.65,-8.24,-37.17,-36.74,6.20,31.15,-35.12,1
H,2022-10-18 14:13:13.546022,0.29,-0.67,0.69,-6.16,-20.87,-20.08,6.20,31.15,-35.12,1
H,2022-10-18 14:13:13.555909,0.24,-0.72,0.79,0.85,-9.52,-8.54,5.43,30.33,-33.63,1
H,2022-10-18 14:13:13.575602,0.21,-0.72,0.80,2.62,-5.19,-3.72,5.43,30.33,-33.63,1
H,2022-10-18 14:13:13.597143,0.27,-0.74,0.80,5.25,-1.95,3.85,6.08,30.98,-34.79,1
H,2022-10-18 14:13:13.611658,0.27,-0.74,0.84,10.13,2.14,10.31,6.08,30.98,-34.79,1
H,2022-10-18 14:13:13.636714,0.19,-0.80,0.92,20.94,2.50,13.31,6.08,30.98,-34.79,1
H,2022-10-18 14:13:13.651542,0.18,-0.76,0.85,21.24,-9.09,6.35,6.60,31.60,-33.02,1
H,2022-10-18 14:13:13.678493,0.14,-0.79,0.68,13.12,-9.28,0.85,6.60,31.60,-33.02,1
H,2022-10-18 14:13:13.681202,0.02,-0.72,0.56,-10.31,37.05,17.15,6.60,31.60,-33.02,1
H,2022-10-18 14:13:13.713100,0.14,-0.69,0.69,-10.38,64.39,32.90,5.93,31.59,-34.34,1
H,2022-10-18 14:13:13.733554,0.25,-0.66,0.87,-3.05,67.57,39.61,5.93,31.59,-34.34,1
H,2022-10-18 14:13:13.745612,0.33,-0.65,0.92,2.44,44.98,31.25,5.93,31.59,-34.34,1
H,2022-10-18 14:13:13.768401,0.34,-0.67,0.80,4.39,17.27,16.24,7.73,32.46,-34.89,1
H,2022-10-18 14:13:13.780667,0.25,-0.63,0.63,1.77,3.78,-2.14,7.73,32.46,-34.89,1
H,2022-10-18 14:13:13.797650,0.20,-0.59,0.59,0.37,9.46,-4.15,7.84,32.74,-33.56,1
H,2022-10-18 14:13:13.818344,0.22,-0.58,0.62,0.12,16.78,0.18,7.84,32.74,-33.56,1
H,2022-10-18 14:13:13.834043,0.26,-0.59,0.66,4.64,18.31,3.42,7.84,32.74,-33.56,1
H,2022-10-18 14:13:13.850129,0.29,-0.64,0.67,11.29,10.19,3.23,8.81,33.17,-32.76,1
H,2022-10-18 14:13:13.881390,0.28,-0.69,0.61,12.57,5.74,1.10,8.81,33.17,-32.76,1
H,2022-10-18 14:13:13.897013,0.26,-0.67,0.63,8.85,4.58,-0.43,8.81,33.17,-32.76,1
H,2022-10-18 14:13:13.912720,0.26,-0.70,0.60,6.84,4.64,-1.46,8.47,33.53,-32.65,1
H,2022-10-18 14:13:13.928328,0.26,-0.68,0.63,5.07,5.98,-0.43,8.47,33.53,-32.65,1
H,2022-10-18 14:13:13.945465,0.25,-0.72,0.63,5.49,6.04,1.34,9.01,32.69,-33.62,1
H,2022-10-18 14:13:13.975689,0.25,-0.73,0.64,4.15,7.08,3.11,9.01,32.69,-33.62,1
H,2022-10-18 14:13:13.991406,0.25,-0.73,0.65,2.14,7.63,3.60,9.01,32.69,-33.62,1
H,2022-10-18 14:13:14.007003,0.26,-0.71,0.67,2.08,7.63,4.46,9.05,33.24,-33.98,1
H,2022-10-18 14:13:14.022630,0.29,-0.73,0.68,1.95,7.75,5.43,9.05,33.24,-33.98,1
H,2022-10-18 14:13:14.045869,0.31,-0.72,0.68,-0.31,8.91,4.88,9.05,33.24,-33.98,1
H,2022-10-18 14:13:14.054441,0.34,-0.71,0.70,-0.98,8.42,5.86,9.91,33.84,-33.53,1
H,2022-10-18 14:13:14.085787,0.35,-0.71,0.70,0.98,6.77,7.26,9.91,33.84,-33.53,1
H,2022-10-18 14:13:14.101316,0.37,-0.71,0.67,0.31,5.62,6.71,9.91,33.84,-33.53,1
H,2022-10-18 14:13:14.117007,0.37,-0.68,0.67,-1.53,6.77,6.47,10.18,33.72,-34.05,1
H,2022-10-18 14:13:14.132644,0.36,-0.65,0.68,-0.37,7.63,10.07,10.18,33.72,-34.05,1
H,2022-10-18 14:13:14.148830,0.36,-0.66,0.69,4.70,6.53,13.67,10.13,33.44,-33.75,1
H,2022-10-18 14:13:14.180187,0.36,-0.69,0.67,7.20,5.37,12.63,10.13,33.44,-33.75,1
H,2022-10-18 14:13:14.195811,0.35,-0.67,0.67,3.23,5.49,10.80,10.13,33.44,-33.75,1
H,2022-10-18 14:13:14.214510,0.37,-0.68,0.66,3.72,5.74,8.12,9.92,33.36,-32.87,1
H,2022-10-18 14:13:14.227593,0.37,-0.66,0.66,3.42,6.16,6.29,9.92,33.36,-32.87,1
H,2022-10-18 14:13:14.256669,0.31,-0.65,0.67,10.07,4.21,5.31,9.92,33.36,-32.87,1
H,2022-10-18 14:13:14.268769,0.25,-0.68,0.63,5.00,4.03,3.42,10.38,32.70,-32.35,1
H,2022-10-18 14:13:14.287705,0.28,-0.67,0.63,-1.34,4.76,0.06,10.38,32.70,-32.35,1
H,2022-10-18 14:13:14.309723,0.24,-0.66,0.64,-2.38,6.23,-1.34,10.45,32.20,-33.33,1
H,2022-10-18 14:13:14.322159,0.28,-0.68,0.62,-4.94,11.84,-4.64,10.45,32.20,-33.33,1
H,2022-10-18 14:13:14.348993,0.29,-0.65,0.66,-7.57,13.18,-9.95,10.45,32.20,-33.33,1
H,2022-10-18 14:13:14.362882,0.36,-0.61,0.65,-7.26,9.46,-12.70,11.12,31.79,-33.63,1
H,2022-10-18 14:13:14.385589,0.30,-0.63,0.62,7.26,1.16,0.06,11.12,31.79,-33.63,1
H,2022-10-18 14:13:14.401836,0.33,-0.71,0.57,13.31,1.40,9.64,11.41,30.88,-32.76,1
H,2022-10-18 14:13:14.427925,0.34,-0.76,0.57,12.15,5.13,12.45,11.41,30.88,-32.76,1
H,2022-10-18 14:13:14.446427,0.34,-0.73,0.62,1.89,6.10,6.96,11.41,30.88,-32.76,1
H,2022-10-18 14:13:14.468148,0.37,-0.69,0.62,3.36,2.20,0.73,12.16,30.15,-31.31,1
H,2022-10-18 14:13:14.484173,-0.31,-0.68,0.64,5.43,-1.59,4.39,12.16,30.15,-31.31,1
H,2022-10-18 14:13:14.500380,0.26,-0.88,0.59,-36.07,6.10,8.61,12.16,30.15,-31.31,1
H,2022-10-18 14:13:14.526274,0.32,-0.38,0.72,-32.96,9.46,9.03,12.43,28.94,-31.85,1
H,2022-10-18 14:13:14.536444,0.32,-0.50,0.59,13.79,7.87,22.64,12.43,28.94,-31.85,1
H,2022-10-18 14:13:14.552694,0.32,-0.60,0.54,45.96,13.24,30.58,13.26,29.79,-32.23,1
H,2022-10-18 14:13:14.576683,0.09,-1.05,0.96,65.06,-7.69,-22.77,13.26,29.79,-32.23,1
H,2022-10-18 14:13:14.594163,0.17,-0.90,0.68,-32.17,-62.81,-48.46,13.26,29.79,-32.23,1
H,2022-10-18 14:13:14.617651,0.31,-0.61,0.66,-39.86,-82.70,-70.50,11.36,29.82,-32.35,1
H,2022-10-18 14:13:14.636383,0.28,-0.62,0.57,-25.27,-80.93,-69.27,11.36,29.82,-32.35,1
H,2022-10-18 14:13:14.654491,0.32,-0.68,0.61,-16.78,-72.81,-67.14,11.36,29.82,-32.35,1
H,2022-10-18 14:13:14.664558,0.32,-0.66,0.56,-22.52,-59.57,-48.03,8.96,29.85,-31.56,1
H,2022-10-18 14:13:14.694600,0.24,-0.65,0.62,-7.93,-21.18,-24.11,8.96,29.85,-31.56,1
H,2022-10-18 14:13:14.704299,0.27,-0.63,0.69,-0.18,-0.61,-2.56,8.58,29.85,-31.54,1
H,2022-10-18 14:13:14.732189,0.26,-0.69,0.72,18.37,24.48,25.33,8.58,29.85,-31.54,1
H,2022-10-18 14:13:14.749308,0.18,-0.76,0.86,29.36,18.80,21.48,8.58,29.85,-31.54,1
H,2022-10-18 14:13:14.768610,0.26,-0.86,0.68,28.14,9.34,16.48,9.79,30.49,-32.06,1
H,2022-10-18 14:13:14.781485,0.30,-0.74,0.46,8.30,39.55,30.27,9.79,30.49,-32.06,1
H,2022-10-18 14:13:14.792943,0.12,-0.77,0.61,8.12,76.11,51.82,9.79,30.49,-32.06,1
H,2022-10-18 14:13:14.825751,0.27,-0.80,0.94,7.08,75.62,53.16,11.55,30.18,-32.10,1
H,2022-10-18 14:13:14.830389,0.39,-0.71,0.99,4.03,38.76,42.18,11.55,30.18,-32.10,1
H,2022-10-18 14:13:14.862098,0.36,-0.71,0.80,7.02,-1.28,25.63,11.50,30.60,-32.04,1
H,2022-10-18 14:13:14.877725,0.31,-0.71,0.57,-0.92,-9.95,8.85,11.50,30.60,-32.04,1
H,2022-10-18 14:13:14.893353,0.26,-0.60,0.60,-7.14,-1.71,5.19,11.50,30.60,-32.04,1
H,2022-10-18 14:13:14.908975,0.23,-0.57,0.65,-4.33,2.93,8.06,12.33,30.08,-31.45,1
H,2022-10-18 14:13:14.940223,0.27,-0.57,0.66,-0.12,3.91,10.01,12.33,30.08,-31.45,1
H,2022-10-18 14:13:14.956239,0.31,-0.60,0.68,5.68,-1.40,2.14,12.33,30.08,-31.45,1
H,2022-10-18 14:13:14.971869,-0.25,-0.39,0.70,3.66,-4.70,-4.03,12.16,29.92,-31.48,1
H,2022-10-18 14:13:14.987492,0.29,-0.73,0.51,17.03,7.32,13.12,12.16,29.92,-31.48,1
H,2022-10-18 14:13:15.003116,0.30,-0.59,0.75,-1.04,22.95,-3.66,12.76,29.92,-30.55,1
H,2022-10-18 14:13:15.034362,0.30,-0.63,0.75,15.26,20.75,-7.08,12.76,29.92,-30.55,1
H,2022-10-18 14:13:15.050372,0.26,-0.68,0.69,15.93,18.55,-11.90,12.76,29.92,-30.55,1
H,2022-10-18 14:13:15.065998,0.28,-0.71,0.63,10.93,18.43,-18.43,14.49,29.97,-30.57,1
H,2022-10-18 14:13:15.081622,0.27,-0.65,0.63,5.07,19.59,-18.86,14.49,29.97,-30.57,1
H,2022-10-18 14:13:15.097245,0.26,-0.72,0.60,18.92,14.34,-12.21,14.49,29.97,-30.57,1
H,2022-10-18 14:13:15.128492,0.26,-0.75,0.60,18.98,10.86,-10.13,16.22,29.32,-29.83,1
H,2022-10-18 14:13:15.147622,0.26,-0.82,0.52,20.26,8.30,-6.84,16.22,29.32,-29.83,1
H,2022-10-18 14:13:15.160200,0.28,-0.84,0.53,13.98,6.16,-2.01,16.80,29.99,-28.92,1
H,2022-10-18 14:13:15.175918,0.27,-0.86,0.58,13.24,2.62,2.87,16.80,29.99,-28.92,1
H,2022-10-18 14:13:15.191474,0.27,-0.92,0.57,15.50,-3.42,7.02,16.80,29.99,-28.92,1
H,2022-10-18 14:13:15.226676,0.26,-0.98,0.54,6.47,-6.23,-11.23,17.25,30.59,-29.59,1
H,2022-10-18 14:13:15.238746,0.15,-0.86,0.48,-22.77,18.31,5.55,17.25,30.59,-29.59,1
H,2022-10-18 14:13:15.264603,0.30,-0.79,0.55,-31.49,45.59,28.26,17.25,30.59,-29.59,1
H,2022-10-18 14:13:15.275940,0.48,-0.68,0.74,-19.35,58.90,41.87,16.81,29.90,-29.46,1
H,2022-10-18 14:13:15.303125,0.61,-0.63,0.80,18.62,35.10,41.69,16.81,29.90,-29.46,1
H,2022-10-18 14:13:15.311187,0.56,-0.73,0.67,32.78,8.73,34.61,18.26,29.88,-28.86,1
H,2022-10-18 14:13:15.341002,0.46,-0.75,0.52,31.43,-3.48,23.32,18.26,29.88,-28.86,1
H,2022-10-18 14:13:15.356682,0.41,-0.71,0.47,21.79,-3.66,4.27,18.26,29.88,-28.86,1
H,2022-10-18 14:13:15.376276,0.36,-0.59,0.54,18.07,-4.88,-5.98,17.68,29.38,-29.79,1
H,2022-10-18 14:13:15.391611,0.28,-0.60,0.52,26.25,-11.84,-12.57,17.68,29.38,-29.79,1
H,2022-10-18 14:13:15.417691,-0.07,-0.76,0.62,13.98,-12.51,-5.98,17.68,29.38,-29.79,1
H,2022-10-18 14:13:15.437648,0.33,-0.47,0.62,-28.26,13.18,-2.75,17.75,29.20,-28.56,1
H,2022-10-18 14:13:15.456089,0.02,-0.62,0.68,16.60,10.01,11.54,17.75,29.20,-28.56,1
H,2022-10-18 14:13:15.472196,0.15,-0.78,0.66,19.90,-14.04,-11.90,17.26,30.21,-28.38,1
H,2022-10-18 14:13:15.484958,0.18,-0.87,0.66,-24.05,-45.96,-54.57,17.26,30.21,-28.38,1
H,2022-10-18 14:13:15.505179,0.19,-0.72,0.57,-36.74,-59.02,-69.76,17.26,30.21,-28.38,1
H,2022-10-18 14:13:15.519523,0.27,-0.71,0.54,-39.61,-69.34,-86.06,16.63,29.90,-28.92,1
H,2022-10-18 14:13:15.550939,0.27,-0.64,0.55,-40.77,-64.58,-87.83,16.63,29.90,-28.92,1
H,2022-10-18 14:13:15.569252,0.26,-0.60,0.56,-25.63,-51.88,-63.60,16.63,29.90,-28.92,1
H,2022-10-18 14:13:15.581434,0.27,-0.63,0.61,-6.47,-40.22,-38.64,13.33,30.07,-28.17,1
H,2022-10-18 14:13:15.607997,0.25,-0.75,0.58,8.48,-20.75,-18.13,13.33,30.07,-28.17,1
H,2022-10-18 14:13:15.628614,0.27,-0.81,0.60,12.27,5.49,2.01,13.29,31.13,-28.75,1
H,2022-10-18 14:13:15.646379,0.14,-0.95,0.69,26.61,22.28,18.31,13.29,31.13,-28.75,1
H,2022-10-18 14:13:15.660679,0.12,-0.99,0.66,18.80,22.58,6.47,13.29,31.13,-28.75,1
H,2022-10-18 14:13:15.677590,-0.15,-1.01,0.46,-5.37,36.32,3.23,14.55,31.41,-29.65,1
H,2022-10-18 14:13:15.700919,-0.10,-0.92,0.59,-40.34,99.79,29.17,14.55,31.41,-29.65,1
H,2022-10-18 14:13:15.717859,0.08,-0.92,0.86,-26.86,111.82,35.71,14.55,31.41,-29.65,1
H,2022-10-18 14:13:15.741805,0.22,-0.91,0.97,-25.76,88.13,34.91,15.61,30.96,-29.30,1
H,2022-10-18 14:13:15.755996,0.28,-0.90,0.82,-44.56,25.45,23.99,15.61,30.96,-29.30,1
H,2022-10-18 14:13:15.775859,0.32,-0.81,0.47,-53.59,11.05,14.04,14.70,30.77,-30.40,1
H,2022-10-18 14:13:15.791211,0.31,-0.76,0.45,-56.70,15.14,8.54,14.70,30.77,-30.40,1
H,2022-10-18 14:13:15.819279,0.26,-0.73,0.50,-55.24,14.59,5.86,14.70,30.77,-30.40,1
H,2022-10-18 14:13:15.827354,0.18,-0.71,0.46,-61.16,3.42,4.94,13.27,30.86,-32.26,1
H,2022-10-18 14:13:15.847998,0.21,-0.65,0.44,-71.41,1.53,4.94,13.27,30.86,-32.26,1
H,2022-10-18 14:13:15.874638,0.21,-0.53,0.51,-75.68,2.38,7.45,10.33,30.87,-32.51,1
H,2022-10-18 14:13:15.890262,0.25,-0.44,0.59,-55.30,-2.56,23.38,10.33,30.87,-32.51,1
H,2022-10-18 14:13:15.905885,0.32,-0.44,0.66,-35.40,-10.74,36.13,10.33,30.87,-32.51,1
H,2022-10-18 14:13:15.921508,0.32,-0.49,0.67,-19.47,-20.57,44.43,8.75,30.93,-35.72,1
H,2022-10-18 14:13:15.948142,0.35,-0.54,0.67,-12.08,-27.71,46.94,8.75,30.93,-35.72,1
H,2022-10-18 14:13:15.968778,0.34,-0.57,0.69,-14.28,-33.94,43.52,8.75,30.93,-35.72,1
H,2022-10-18 14:13:15.984401,0.38,-0.56,0.71,-21.67,-35.77,39.86,5.79,32.37,-36.40,1
H,2022-10-18 14:13:16.000025,0.39,-0.52,0.75,-26.43,-38.21,37.90,5.79,32.37,-36.40,1
H,2022-10-18 14:13:16.015649,0.38,-0.51,0.76,-25.63,-44.25,37.66,3.17,33.06,-38.78,1
H,2022-10-18 14:13:16.048408,0.36,-0.49,0.75,-27.71,-44.98,36.50,3.17,33.06,-38.78,1
H,2022-10-18 14:13:16.062933,0.39,-0.46,0.77,-29.60,-43.09,38.57,3.17,33.06,-38.78,1
H,2022-10-18 14:13:16.078668,0.40,-0.46,0.80,-28.50,-40.65,42.48,0.54,34.09,-39.07,1
H,2022-10-18 14:13:16.094274,0.41,-0.48,0.85,-28.08,-41.50,41.14,0.54,34.09,-39.07,1
H,2022-10-18 14:13:16.125522,0.39,-0.47,0.88,-29.30,-42.79,35.89,0.54,34.09,-39.07,1
H,2022-10-18 14:13:16.141147,0.28,-0.45,0.90,-31.31,-42.54,33.69,-1.90,35.46,-41.27,1
H,2022-10-18 14:13:16.157315,0.22,-0.39,0.94,-33.08,-34.97,33.75,-1.90,35.46,-41.27,1
H,2022-10-18 14:13:16.173024,0.22,-0.35,0.96,-28.44,-27.22,39.73,-4.88,36.93,-41.94,1
H,2022-10-18 14:13:16.188646,0.21,-0.32,0.99,-23.07,-22.77,48.03,-4.88,36.93,-41.94,1
H,2022-10-18 14:13:16.219895,0.17,-0.38,0.96,-23.93,-17.52,43.03,-4.88,36.93,-41.94,1
H,2022-10-18 14:13:16.235516,0.13,-0.31,0.97,-40.65,-11.54,33.87,-5.66,39.06,-41.88,1
H,2022-10-18 14:13:16.254635,0.12,-0.19,0.98,-51.51,-3.17,27.10,-5.66,39.06,-41.88,1
H,2022-10-18 14:13:16.281707,0.13,-0.06,1.01,-39.00,5.49,23.80,-5.18,39.84,-43.90,1
H,2022-10-18 14:13:16.294252,0.20,0.02,1.04,-21.48,6.90,22.95,-5.18,39.84,-43.90,1
H,2022-10-18 14:13:16.318345,0.22,-0.01,1.03,-0.55,5.80,23.80,-5.18,39.84,-43.90,1
H,2022-10-18 14:13:16.331530,0.26,-0.09,0.99,16.85,5.25,20.26,-4.36,41.64,-44.96,1
H,2022-10-18 14:13:16.356020,0.22,-0.16,0.96,19.71,7.93,12.76,-4.36,41.64,-44.96,1
H,2022-10-18 14:13:16.374343,0.26,-0.19,0.96,16.05,12.63,0.12,-4.36,41.64,-44.96,1
H,2022-10-18 14:13:16.391734,0.24,-0.15,0.98,11.23,15.01,-8.73,-3.04,43.85,-45.54,1
H,2022-10-18 14:13:16.406872,0.21,-0.15,0.97,14.22,14.71,-10.13,-3.04,43.85,-45.54,1
H,2022-10-18 14:13:16.431978,0.21,-0.16,0.93,17.88,17.27,1.46,-3.28,44.92,-46.09,1
H,2022-10-18 14:13:16.449023,0.19,-0.20,0.92,25.02,22.34,11.05,-3.28,44.92,-46.09,1
H,2022-10-18 14:13:16.464623,0.22,-0.29,0.91,33.45,32.23,14.53,-3.28,44.92,-46.09,1
H,2022-10-18 14:13:16.480251,0.29,-0.31,0.91,26.79,41.99,12.08,-1.34,46.75,-47.03,1
H,2022-10-18 14:13:16.505825,0.29,-0.28,0.96,28.14,40.95,13.18,-1.34,46.75,-47.03,1
H,2022-10-18 14:13:16.515235,0.31,-0.30,0.93,32.96,31.19,17.76,-1.34,46.75,-47.03,1
H,2022-10-18 14:13:16.535345,0.29,-0.34,0.90,39.31,21.61,16.54,0.06,48.93,-46.18,1
H,2022-10-18 14:13:16.560885,0.29,-0.43,0.85,40.41,17.27,4.52,0.06,48.93,-46.18,1
H,2022-10-18 14:13:16.576771,0.28,-0.39,0.83,19.96,15.44,-11.11,0.82,50.57,-46.53,1
H,2022-10-18 14:13:16.601722,0.30,-0.35,0.81,12.82,14.65,-11.96,0.82,50.57,-46.53,1
H,2022-10-18 14:13:16.619245,0.24,-0.33,0.85,-9.52,20.26,7.63,0.82,50.57,-46.53,1
H,2022-10-18 14:13:16.639608,0.30,-0.36,0.76,14.28,22.03,19.53,1.26,51.28,-47.51,1
H,2022-10-18 14:13:16.650677,0.33,-0.32,0.81,20.14,16.05,22.71,1.26,51.28,-47.51,1
H,2022-10-18 14:13:16.675663,0.21,-0.36,0.90,32.90,8.61,24.23,1.26,51.28,-47.51,1
H,2022-10-18 14:13:16.687156,0.17,-0.49,0.79,40.04,-10.62,18.80,1.28,52.19,-46.41,1
H,2022-10-18 14:13:16.702332,0.20,-0.47,0.80,32.78,-27.47,2.01,1.28,52.19,-46.41,1
H,2022-10-18 14:13:16.733435,0.27,-0.41,0.78,40.16,-45.41,1.34,-0.62,52.67,-45.53,1
H,2022-10-18 14:13:16.751512,0.25,-0.49,0.77,40.77,-51.57,0.37,-0.62,52.67,-45.53,1
H,2022-10-18 14:13:16.769318,0.24,-0.52,0.83,33.57,-57.01,-4.82,-0.62,52.67,-45.53,1
H,2022-10-18 14:13:16.784946,0.27,-0.55,0.86,16.17,-65.06,-17.88,-4.39,53.19,-42.92,1
H,2022-10-18 14:13:16.810861,0.33,-0.55,0.79,-2.14,-58.41,-24.11,-4.39,53.19,-42.92,1
H,2022-10-18 14:13:16.817118,0.34,-0.48,0.80,-16.66,-41.32,-23.32,-4.39,53.19,-42.92,1
H,2022-10-18 14:13:16.849374,0.32,-0.45,0.87,-17.40,-5.49,-10.80,-6.81,52.29,-41.71,1
H,2022-10-18 14:13:16.868046,0.27,-0.39,0.99,-6.29,-4.76,-2.87,-6.81,52.29,-41.71,1
H,2022-10-18 14:13:16.883673,0.27,-0.43,0.96,6.23,0.18,2.99,-6.79,51.23,-42.91,1
H,2022-10-18 14:13:16.899305,0.23,-0.47,1.02,14.40,4.15,7.02,-6.79,51.23,-42.91,1
H,2022-10-18 14:13:16.914926,0.23,-0.71,0.77,24.84,-5.74,2.44,-6.79,51.23,-42.91,1
H,2022-10-18 14:13:16.930633,-0.03,-0.66,0.64,-29.66,29.91,-14.65,-6.75,51.34,-42.33,1
H,2022-10-18 14:13:16.962280,0.13,-0.42,0.82,-72.57,68.24,-12.39,-6.75,51.34,-42.33,1
H,2022-10-18 14:13:16.977909,0.38,-0.26,1.01,-41.02,68.79,15.38,-6.75,51.34,-42.33,1
H,2022-10-18 14:13:16.993609,0.46,-0.23,1.01,-3.97,37.66,27.53,-4.13,48.96,-43.87,1
H,2022-10-18 14:13:17.009236,0.40,-0.33,0.85,26.00,11.72,32.35,-4.13,48.96,-43.87,1
H,2022-10-18 14:13:17.040401,0.32,-0.45,0.70,28.38,2.44,31.43,-3.30,50.98,-44.60,1
H,2022-10-18 14:13:17.056495,0.30,-0.42,0.75,15.75,-1.34,20.02,-3.30,50.98,-44.60,1
H,2022-10-18 14:13:17.072192,0.29,-0.46,0.76,11.90,-2.75,12.02,-3.30,50.98,-44.60,1
H,2022-10-18 14:13:17.087832,0.32,-0.42,0.79,-0.98,-3.36,0.98,-4.08,51.51,-44.35,1
H,2022-10-18 14:13:17.118993,-1.05,-0.17,0.74,-1.89,-9.40,-11.66,-4.08,51.51,-44.35,1
H,2022-10-18 14:13:17.134663,0.29,-0.62,0.82,16.54,4.27,31.80,-3.83,52.01,-44.27,1
H,2022-10-18 14:13:17.150235,0.26,-0.37,0.97,21.61,16.85,18.13,-3.83,52.01,-44.27,1
H,2022-10-18 14:13:17.165944,0.24,-0.45,0.92,23.50,8.24,5.92,-3.83,52.01,-44.27,1
H,2022-10-18 14:13:17.197120,0.23,-0.52,0.86,15.01,6.16,-7.57,-4.37,52.60,-43.80,1
H,2022-10-18 14:13:17.212845,0.27,-0.46,0.83,-3.11,9.52,-31.07,-4.37,52.60,-43.80,1
H,2022-10-18 14:13:17.228366,0.30,-0.32,0.83,-10.44,12.15,-28.50,-4.37,52.60,-43.80,1
H,2022-10-18 14:13:17.250493,0.32,-0.35,0.79,6.65,11.60,-14.59,-5.20,51.11,-44.47,1
H,2022-10-18 14:13:17.259999,0.31,-0.46,0.78,23.80,10.50,-0.18,-5.20,51.11,-44.47,1
H,2022-10-18 14:13:17.289218,0.30,-0.58,0.78,32.96,4.52,12.39,-5.15,51.43,-44.64,1
H,2022-10-18 14:13:17.306502,0.30,-0.67,0.80,27.83,0.79,12.21,-5.15,51.43,-44.64,1
H,2022-10-18 14:13:17.323815,0.30,-0.71,0.76,15.56,0.12,5.07,-5.15,51.43,-44.64,1
H,2022-10-18 14:13:17.343588,0.28,-0.66,0.74,-2.26,7.20,-5.49,-5.73,52.04,-43.93,1
H,2022-10-18 14:13:17.360723,0.26,-0.50,0.79,-22.83,21.91,-4.58,-5.73,52.04,-43.93,1
H,2022-10-18 14:13:17.384232,0.40,-0.44,0.88,-9.46,37.78,14.04,-5.73,52.04,-43.93,1
H,2022-10-18 14:13:17.397983,0.48,-0.43,0.92,4.15,34.85,15.69,-3.60,51.01,-44.47,1
H,2022-10-18 14:13:17.421346,0.44,-0.46,0.87,18.62,25.63,15.81,-3.60,51.01,-44.47,1
H,2022-10-18 14:13:17.435968,0.39,-0.53,0.77,20.57,22.22,9.46,-1.23,52.60,-43.53,1
H,2022-10-18 14:13:17.455229,0.35,-0.50,0.75,3.85,26.61,-9.58,-1.23,52.60,-43.53,1
H,2022-10-18 14:13:17.478060,0.30,-0.40,0.77,-2.01,22.46,-6.65,-1.23,52.60,-43.53,1
H,2022-10-18 14:13:17.498449,0.34,-0.37,0.74,4.09,15.93,5.86,-0.94,52.91,-44.09,1
H,2022-10-18 14:13:17.516288,0.37,-0.39,0.73,24.96,5.98,17.03,-0.94,52.91,-44.09,1
H,2022-10-18 14:13:17.538094,0.41,-0.50,0.74,35.46,-9.22,7.81,-0.94,52.91,-44.09,1
H,2022-10-18 14:13:17.555334,-0.10,-0.47,0.58,23.19,-20.69,-5.98,-1.53,54.21,-43.70,1
H,2022-10-18 14:13:17.576296,0.30,-0.62,0.49,-13.37,18.25,0.92,-1.53,54.21,-43.70,1
H,2022-10-18 14:13:17.582118,0.20,-0.44,0.97,6.35,-12.39,4.39,-2.05,54.15,-44.47,1
H,2022-10-18 14:13:17.615716,0.19,-0.57,0.85,14.71,-48.71,0.98,-2.05,54.15,-44.47,1
H,2022-10-18 14:13:17.634679,0.25,-0.59,0.77,0.43,-68.91,-12.94,-2.05,54.15,-44.47,1
H,2022-10-18 14:13:17.653701,0.27,-0.51,0.74,-5.74,-81.05,-26.55,-4.28,53.56,-43.33,1
H,2022-10-18 14:13:17.670463,0.29,-0.52,0.72,-5.98,-78.06,-29.54,-4.28,53.56,-43.33,1
H,2022-10-18 14:13:17.692699,0.29,-0.51,0.77,-5.07,-68.54,-33.81,-7.97,52.22,-41.30,1
H,2022-10-18 14:13:17.706282,0.28,-0.50,0.81,-11.66,-52.37,-31.31,-7.97,52.22,-41.30,1
H,2022-10-18 14:13:17.731670,0.28,-0.45,0.81,-15.81,-36.87,-24.41,-7.97,52.22,-41.30,1
H,2022-10-18 14:13:17.751078,0.26,-0.44,0.81,-10.74,-16.85,-13.24,-9.73,50.68,-40.34,1
H,2022-10-18 14:13:17.769348,0.26,-0.45,0.84,-1.89,7.63,2.75,-9.73,50.68,-40.34,1
H,2022-10-18 14:13:17.777516,0.17,-0.49,0.97,6.04,17.03,8.54,-9.73,50.68,-40.34,1
H,2022-10-18 14:13:17.797372,0.16,-0.56,0.94,15.14,9.83,6.77,-9.84,50.77,-40.36,1
H,2022-10-18 14:13:17.825064,0.15,-0.64,0.84,4.21,6.04,-2.75,-9.84,50.77,-40.36,1
H,2022-10-18 14:13:17.844415,0.08,-0.55,0.83,-20.69,13.61,-12.45,-9.23,49.89,-41.81,1
H,2022-10-18 14:13:17.861302,0.16,-0.43,0.91,-26.06,32.71,3.60,-9.23,49.89,-41.81,1
H,2022-10-18 14:13:17.873655,0.19,-0.45,0.96,-11.84,35.89,15.99,-9.23,49.89,-41.81,1
H,2022-10-18 14:13:17.889284,0.26,-0.47,0.95,-4.46,32.59,18.86,-7.03,49.26,-42.38,1
H,2022-10-18 14:13:17.904909,0.28,-0.47,0.92,-3.66,21.73,9.40,-7.03,49.26,-42.38,1
H,2022-10-18 14:13:17.936154,0.25,-0.41,0.82,-6.84,17.15,3.48,-7.03,49.26,-42.38,1
H,2022-10-18 14:13:17.952312,0.24,-0.38,0.78,-7.32,19.23,1.65,-6.43,48.35,-43.24,1
H,2022-10-18 14:13:17.968023,0.25,-0.37,0.80,-2.08,21.12,0.12,-6.43,48.35,-43.24,1
H,2022-10-18 14:13:17.983642,0.26,-0.40,0.81,6.96,18.92,-1.46,-5.63,48.07,-41.10,1
H,2022-10-18 14:13:18.014818,0.26,-0.43,0.81,9.95,17.21,-2.38,-5.63,48.07,-41.10,1
H,2022-10-18 14:13:18.030536,0.27,-0.44,0.81,9.70,17.46,-3.66,-5.63,48.07,-41.10,1
H,2022-10-18 14:13:18.051267,0.31,-0.43,0.83,9.52,18.13,-4.09,-5.51,47.69,-43.66,1
H,2022-10-18 14:13:18.061852,0.34,-0.46,0.83,13.98,17.64,-5.62,-5.51,47.69,-43.66,1
H,2022-10-18 14:13:18.077570,0.35,-0.48,0.82,16.36,15.99,-9.40,-5.51,47.69,-43.66,1
H,2022-10-18 14:13:18.108825,0.29,-0.50,0.80,18.25,15.81,-8.61,-4.86,47.51,-42.24,1
H,2022-10-18 14:13:18.124359,0.29,-0.54,0.77,16.42,19.47,-5.07,-4.86,47.51,-42.24,1
H,2022-10-18 14:13:18.151568,0.31,-0.53,0.81,14.77,20.08,-2.32,-4.96,47.40,-42.76,1
H,2022-10-18 14:13:18.156119,0.30,-0.56,0.82,21.24,15.50,3.11,-4.96,47.40,-42.76,1
H,2022-10-18 14:13:18.187380,0.29,-0.61,0.77,20.45,12.33,3.05,-4.96,47.40,-42.76,1
H,2022-10-18 14:13:18.203084,0.29,-0.60,0.75,10.68,12.45,0.73,-4.46,47.86,-42.66,1
H,2022-10-18 14:13:18.218626,0.27,-0.55,0.76,3.91,14.34,1.89,-4.46,47.86,-42.66,1
H,2022-10-18 14:13:18.234250,0.30,-0.55,0.75,0.79,15.69,4.70,-4.46,47.86,-42.66,1
H,2022-10-18 14:13:18.265904,0.29,-0.52,0.77,0.55,13.43,8.97,-4.44,47.73,-43.71,1
H,2022-10-18 14:13:18.281531,0.31,-0.51,0.76,2.81,10.56,15.63,-4.44,47.73,-43.71,1
H,2022-10-18 14:13:18.301368,0.34,-0.52,0.74,11.29,5.43,23.44,-3.87,48.74,-43.55,1
H,2022-10-18 14:13:18.317254,0.32,-0.56,0.72,12.21,2.81,25.82,-3.87,48.74,-43.55,1
H,2022-10-18 14:13:18.334801,0.28,-0.61,0.70,9.28,4.27,22.09,-3.87,48.74,-43.55,1
H,2022-10-18 14:13:18.360068,0.33,-0.57,0.70,-3.97,8.42,15.08,-3.53,49.22,-44.46,1
H,2022-10-18 14:13:18.374000,0.37,-0.48,0.78,-6.47,5.37,6.23,-3.53,49.22,-44.46,1
H,2022-10-18 14:13:18.401435,0.38,-0.45,0.78,5.25,-5.13,5.74,-4.10,49.28,-44.45,1
H,2022-10-18 14:13:18.419500,0.36,-0.48,0.74,13.37,-16.11,9.16,-4.10,49.28,-44.45,1
H,2022-10-18 14:13:18.437961,0.17,-0.65,0.71,1.04,-3.72,10.99,-4.10,49.28,-44.45,1
H,2022-10-18 14:13:18.456637,0.32,-0.50,0.73,-10.62,20.57,5.62,-4.81,50.35,-44.03,1
H,2022-10-18 14:13:18.477162,0.24,-0.36,1.00,-3.85,15.99,8.67,-4.81,50.35,-44.03,1
H,2022-10-18 14:13:18.488528,0.24,-0.51,0.85,20.94,-10.99,11.60,-4.81,50.35,-44.03,1
H,2022-10-18 14:13:18.515434,0.19,-0.54,0.80,20.26,-38.94,2.38,-4.81,50.09,-44.01,1
H,2022-10-18 14:13:18.519705,0.22,-0.58,0.78,27.40,-52.37,-5.13,-4.81,50.09,-44.01,1
H,2022-10-18 14:13:18.553417,0.26,-0.63,0.75,25.88,-62.68,-13.79,-7.23,50.50,-42.21,1
H,2022-10-18 14:13:18.567323,0.28,-0.61,0.73,9.22,-65.55,-24.66,-7.23,50.50,-42.21,1
H,2022-10-18 14:13:18.582950,0.23,-0.58,0.75,1.40,-63.54,-26.79,-7.23,50.50,-42.21,1
H,2022-10-18 14:13:18.601522,0.25,-0.57,0.76,-1.65,-62.68,-27.53,-9.56,49.13,-40.23,1
H,2022-10-18 14:13:18.629378,0.26,-0.57,0.77,-0.61,-52.25,-22.40,-9.56,49.13,-40.23,1
H,2022-10-18 14:13:18.648051,0.27,-0.62,0.76,-2.87,-35.77,-18.13,-9.56,49.13,-40.23,1
H,2022-10-18 14:13:18.670303,0.24,-0.56,0.81,-10.99,-11.29,-12.08,-12.11,48.22,-39.38,1
H,2022-10-18 14:13:18.682529,0.21,-0.54,0.91,-4.64,10.56,-2.81,-12.11,48.22,-39.38,1
H,2022-10-18 14:13:18.698105,0.15,-0.55,0.99,10.19,-0.92,-2.56,-11.94,47.79,-39.50,1
H,2022-10-18 14:13:18.720831,0.25,-0.63,0.57,13.67,-3.97,-1.46,-11.94,47.79,-39.50,1
H,2022-10-18 14:13:18.746970,0.20,-0.60,0.56,-37.35,64.27,11.29,-11.94,47.79,-39.50,1
H,2022-10-18 14:13:18.755957,0.22,-0.49,0.83,-27.95,94.85,34.12,-10.74,47.33,-39.95,1
H,2022-10-18 14:13:18.777872,0.36,-0.47,1.07,-13.06,79.53,41.63,-10.74,47.33,-39.95,1
H,2022-10-18 14:13:18.795490,0.37,-0.52,1.08,5.43,34.73,27.77,-8.39,48.36,-40.32,1
H,2022-10-18 14:13:18.816108,0.31,-0.53,0.80,3.97,-24.96,-7.20,-8.39,48.36,-40.32,1
H,2022-10-18 14:13:18.842907,-0.16,-0.27,0.82,-11.60,-27.71,-16.85,-8.39,48.36,-40.32,1
H,2022-10-18 14:13:18.852974,0.26,-0.60,0.48,7.08,-9.34,7.02,-9.64,48.34,-40.58,1
H,2022-10-18 14:13:18.873392,0.19,-0.43,0.86,-9.64,24.60,-3.78,-9.64,48.34,-40.58,1
H,2022-10-18 14:13:18.889096,0.19,-0.44,0.90,-2.32,20.81,-6.29,-9.64,48.34,-40.58,1
H,2022-10-18 14:13:18.904722,0.21,-0.47,0.84,-0.79,13.37,-8.24,-8.67,47.42,-41.89,1
H,2022-10-18 14:13:18.935968,0.23,-0.47,0.80,-3.36,13.12,-11.54,-8.67,47.42,-41.89,1
H,2022-10-18 14:13:18.952609,0.24,-0.46,0.81,-4.03,17.27,-12.21,-8.30,46.57,-41.60,1
H,2022-10-18 14:13:18.967612,0.24,-0.50,0.83,9.52,19.47,-8.79,-8.30,46.57,-41.60,1
H,2022-10-18 14:13:18.983317,0.23,-0.57,0.81,16.36,15.99,-8.12,-8.30,46.57,-41.60,1
H,2022-10-18 14:13:18.998932,0.25,-0.61,0.77,13.37,12.21,-9.83,-8.33,45.58,-43.03,1
H,2022-10-18 14:13:19.030201,0.25,-0.61,0.75,6.90,4.70,-3.05,-8.33,45.58,-43.03,1
H,2022-10-18 14:13:19.045739,0.25,-0.62,0.75,7.75,-0.92,4.33,-8.33,45.58,-43.03,1
H,2022-10-18 14:13:19.061889,0.24,-0.70,0.73,10.80,-8.12,10.07,-8.30,45.15,-42.53,1
H,2022-10-18 14:13:19.077610,0.23,-0.73,0.77,-9.64,-4.94,-2.14,-8.30,45.15,-42.53,1
H,2022-10-18 14:13:19.108776,0.24,-0.51,0.78,-24.54,1.04,-4.03,-8.39,44.59,-42.21,1
H,2022-10-18 14:13:19.124538,0.10,-0.51,0.75,-8.85,13.98,12.88,-8.39,44.59,-42.21,1
H,2022-10-18 14:13:19.140238,0.25,-0.57,0.75,-5.74,46.81,31.68,-8.39,44.59,-42.21,1
H,2022-10-18 14:13:19.156355,0.45,-0.48,0.94,-0.06,51.70,28.26,-5.82,45.36,-42.98,1
H,2022-10-18 14:13:19.187617,0.47,-0.50,0.93,11.11,37.96,23.25,-5.82,45.36,-42.98,1
H,2022-10-18 14:13:19.203308,0.37,-0.55,0.75,3.30,19.47,-0.61,-4.30,46.45,-42.76,1
H,2022-10-18 14:13:19.218931,0.25,-0.45,0.71,-6.59,17.76,-13.67,-4.30,46.45,-42.76,1
H,2022-10-18 14:13:19.234487,0.20,-0.38,0.71,-7.14,19.65,-10.07,-4.30,46.45,-42.76,1
H,2022-10-18 14:13:19.266248,0.27,-0.40,0.70,-0.31,21.55,4.21,-4.53,45.92,-44.18,1
H,2022-10-18 14:13:19.282689,0.35,-0.50,0.76,15.75,10.07,13.61,-4.53,45.92,-44.18,1
H,2022-10-18 14:13:19.296630,0.33,-0.55,0.75,16.97,-4.03,7.51,-4.53,45.92,-44.18,1
H,2022-10-18 14:13:19.321643,0.31,-0.55,0.70,11.78,-14.59,2.08,-4.41,46.52,-43.87,1
H,2022-10-18 14:13:19.340734,0.29,-0.55,0.67,6.04,-17.52,-0.24,-4.41,46.52,-43.87,1
H,2022-10-18 14:13:19.360497,0.16,-0.50,0.54,-3.42,-7.39,2.62,-4.83,47.17,-43.32,1
H,2022-10-18 14:13:19.379596,0.31,-0.52,0.81,-11.47,20.69,8.00,-4.83,47.17,-43.32,1
H,2022-10-18 14:13:19.397631,0.24,-0.46,0.98,-1.89,10.13,5.43,-4.83,47.17,-43.32,1
H,2022-10-18 14:13:19.407063,0.22,-0.56,0.84,4.70,-20.81,-1.53,-5.18,47.23,-44.87,1
H,2022-10-18 14:13:19.436454,0.25,-0.58,0.80,-1.53,-33.51,-8.00,-5.18,47.23,-44.87,1
H,2022-10-18 14:13:19.453753,0.20,-0.54,0.82,-3.78,-43.46,-16.72,-5.18,47.23,-44.87,1
H,2022-10-18 14:13:19.475405,0.24,-0.52,0.83,1.10,-57.07,-24.23,-6.67,46.04,-43.57,1
H,2022-10-18 14:13:19.480203,0.24,-0.50,0.73,2.75,-66.10,-25.88,-6.67,46.04,-43.57,1
H,2022-10-18 14:13:19.513137,0.22,-0.52,0.72,5.92,-63.05,-23.99,-9.09,44.43,-40.52,1
H,2022-10-18 14:13:19.529580,0.21,-0.55,0.74,8.00,-57.68,-20.02,-9.09,44.43,-40.52,1
H,2022-10-18 14:13:19.549260,0.22,-0.60,0.71,3.23,-42.66,-18.31,-9.09,44.43,-40.52,1
H,2022-10-18 14:13:19.573339,0.22,-0.57,0.73,-5.37,-23.74,-14.40,-11.58,43.91,-40.37,1
H,2022-10-18 14:13:19.591135,0.20,-0.53,0.81,-8.48,-6.41,-9.09,-11.58,43.91,-40.37,1
H,2022-10-18 14:13:19.599199,0.20,-0.57,0.93,-3.97,3.91,-1.71,-12.40,43.57,-39.82,1
H,2022-10-18 14:13:19.630358,0.21,-0.62,0.95,-2.01,6.23,-0.31,-12.40,43.57,-39.82,1
H,2022-10-18 14:13:19.644848,0.17,-0.63,1.04,-1.34,7.75,-2.08,-12.40,43.57,-39.82,1
H,2022-10-18 14:13:19.657995,0.16,-0.60,1.05,1.22,-4.46,-6.84,-11.79,43.58,-39.92,1
H,2022-10-18 14:13:19.678000,0.10,-0.51,0.94,18.55,-24.54,-9.89,-11.79,43.58,-39.92,1
H,2022-10-18 14:13:19.705397,-0.11,-0.58,0.58,25.94,-11.41,-3.11,-11.79,43.58,-39.92,1
H,2022-10-18 14:13:19.725660,-0.29,-0.60,0.75,-2.38,34.67,15.93,-11.98,43.82,-37.12,1
H,2022-10-18 14:13:19.742259,0.11,-0.60,1.06,-24.35,74.89,35.16,-11.98,43.82,-37.12,1
H,2022-10-18 14:13:19.761578,0.25,-0.53,1.08,-23.99,61.58,23.68,-7.91,43.33,-39.75,1
H,2022-10-18 14:13:19.778484,0.39,-0.42,0.96,-21.61,36.87,4.94,-7.91,43.33,-39.75,1
H,2022-10-18 14:13:19.796987,0.41,-0.35,0.81,-11.47,16.91,-7.69,-7.91,43.33,-39.75,1
H,2022-10-18 14:13:19.809294,0.23,-0.37,0.66,-4.39,6.90,-16.66,-6.14,42.70,-40.45,1
H,2022-10-18 14:13:19.839005,0.28,-0.34,0.62,-6.77,10.86,-13.18,-6.14,42.70,-40.45,1
H,2022-10-18 14:13:19.856157,0.29,-0.37,0.65,-0.24,11.41,-5.31,-6.14,42.70,-40.45,1
H,2022-10-18 14:13:19.874815,0.32,-0.43,0.68,4.58,8.73,-2.08,-5.91,41.58,-38.73,1
H,2022-10-18 14:13:19.889635,0.31,-0.49,0.72,4.58,-1.22,-6.35,-5.91,41.58,-38.73,1
H,2022-10-18 14:13:19.905311,0.26,-0.52,0.72,6.53,-6.23,-9.03,-6.18,40.39,-39.29,1
H,2022-10-18 14:13:19.920931,0.17,-0.56,0.74,5.86,-4.21,-12.51,-6.18,40.39,-39.29,1
H,2022-10-18 14:13:19.953759,0.11,-0.57,0.82,-1.53,1.40,-12.76,-6.18,40.39,-39.29,1
H,2022-10-18 14:13:19.968359,0.13,-0.57,0.85,-2.38,6.41,-10.01,-6.51,39.14,-39.90,1
H,2022-10-18 14:13:19.984059,0.15,-0.53,0.89,-3.36,6.59,-7.08,-6.51,39.14,-39.90,1
H,2022-10-18 14:13:19.999685,0.20,-0.56,0.85,5.55,2.26,0.61,-6.51,39.14,-39.90,1
H,2022-10-18 14:13:20.030932,0.23,-0.59,0.81,7.63,2.69,3.23,-6.90,38.39,-39.54,1
H,2022-10-18 14:13:20.046577,0.24,-0.59,0.79,6.35,5.25,6.16,-6.90,38.39,-39.54,1
H,2022-10-18 14:13:20.062665,0.23,-0.58,0.80,9.64,11.47,13.00,-6.49,38.26,-40.33,1
H,2022-10-18 14:13:20.078372,0.25,-0.61,0.79,12.21,13.98,15.20,-6.49,38.26,-40.33,1
H,2022-10-18 14:13:20.109551,0.28,-0.59,0.81,9.16,13.06,14.40,-6.49,38.26,-40.33,1
H,2022-10-18 14:13:20.125275,0.25,-0.59,0.83,9.95,5.00,12.15,-5.30,37.60,-39.12,1
H,2022-10-18 14:13:20.140867,0.20,-0.59,0.77,8.61,3.48,12.63,-5.30,37.60,-39.12,1
H,2022-10-18 14:13:20.156565,0.18,-0.59,0.75,2.62,10.01,16.42,-6.20,38.49,-39.90,1
H,2022-10-18 14:13:20.172213,0.22,-0.54,0.79,-4.03,22.89,16.60,-6.20,38.49,-39.90,1
H,2022-10-18 14:13:20.203449,0.24,-0.52,0.83,-1.22,22.16,16.36,-6.20,38.49,-39.90,1
H,2022-10-18 14:13:20.219142,0.23,-0.54,0.82,7.63,17.46,15.20,-5.74,38.11,-40.20,1
H,2022-10-18 14:13:20.234764,0.23,-0.58,0.77,6.41,13.12,6.71,-5.74,38.11,-40.20,1
H,2022-10-18 14:13:20.253467,0.23,-0.54,0.77,-0.37,10.56,2.01,-5.74,38.11,-40.20,1
H,2022-10-18 14:13:20.282125,0.23,-0.51,0.77,1.28,8.30,5.86,-5.19,37.99,-41.69,1
H,2022-10-18 14:13:20.298030,0.28,-0.52,0.76,10.01,5.86,17.15,-5.19,37.99,-41.69,1
H,2022-10-18 14:13:20.322955,0.28,-0.59,0.74,14.04,6.77,17.21,-4.71,38.34,-41.59,1
H,2022-10-18 14:13:20.330592,0.30,-0.60,0.74,7.69,7.93,10.68,-4.71,38.34,-41.59,1
H,2022-10-18 14:13:20.353704,0.28,-0.55,0.76,1.65,5.62,3.97,-4.71,38.34,-41.59,1
H,2022-10-18 14:13:20.374505,0.15,-0.53,0.85,-15.20,4.09,11.84,-4.83,38.32,-43.40,1
H,2022-10-18 14:13:20.390927,0.25,-0.45,0.80,-22.09,6.29,5.98,-4.83,38.32,-43.40,1
H,2022-10-18 14:13:20.416142,0.27,-0.46,0.71,-1.04,3.78,10.44,-4.83,38.32,-43.40,1
H,2022-10-18 14:13:20.430618,0.14,-0.54,0.87,16.60,1.59,10.56,-5.18,38.57,-43.48,1
H,2022-10-18 14:13:20.454944,0.18,-0.60,0.87,11.90,-35.03,-2.44,-5.18,38.57,-43.48,1
H,2022-10-18 14:13:20.468756,0.20,-0.56,0.77,3.60,-53.41,-10.25,-5.65,37.95,-42.46,1
H,2022-10-18 14:13:20.491418,0.20,-0.54,0.73,2.69,-59.27,-16.48,-5.65,37.95,-42.46,1
H,2022-10-18 14:13:20.509735,0.20,-0.55,0.75,4.70,-58.41,-20.20,-5.65,37.95,-42.46,1
H,2022-10-18 14:13:20.530582,0.20,-0.53,0.76,1.71,-57.19,-20.08,-8.34,38.00,-40.86,1
H,2022-10-18 14:13:20.546872,0.17,-0.53,0.79,2.75,-56.70,-18.37,-8.34,38.00,-40.86,1
H,2022-10-18 14:13:20.569275,0.16,-0.58,0.77,5.86,-56.40,-18.92,-8.34,38.00,-40.86,1
H,2022-10-18 14:13:20.585008,0.18,-0.61,0.74,-3.48,-39.98,-19.53,-10.06,36.99,-38.11,1
H,2022-10-18 14:13:20.609034,0.16,-0.55,0.77,-8.73,-19.84,-13.06,-10.06,36.99,-38.11,1
H,2022-10-18 14:13:20.627078,0.16,-0.53,0.83,-6.53,-4.70,-5.13,-11.02,36.45,-38.99,1
H,2022-10-18 14:13:20.647027,0.15,-0.59,0.86,4.94,9.64,4.39,-11.02,36.45,-38.99,1
H,2022-10-18 14:13:20.657175,0.09,-0.62,0.90,12.21,14.83,7.63,-11.02,36.45,-38.99,1
H,2022-10-18 14:13:20.682883,0.19,-0.70,0.66,10.19,17.58,5.19,-11.30,36.83,-37.67,1
H,2022-10-18 14:13:20.701926,0.04,-0.60,0.73,-18.55,50.60,9.70,-11.30,36.83,-37.67,1
H,2022-10-18 14:13:20.720349,0.14,-0.55,0.83,-23.74,82.21,33.02,-9.03,36.96,-39.10,1
H,2022-10-18 14:13:20.738428,0.33,-0.47,1.03,-9.89,66.16,35.46,-9.03,36.96,-39.10,1
H,2022-10-18 14:13:20.754002,0.31,-0.48,1.02,5.92,29.24,30.70,-9.03,36.96,-39.10,1
H,2022-10-18 14:13:20.770908,0.31,-0.54,0.86,11.90,-3.97,17.82,-7.96,37.45,-40.10,1
H,2022-10-18 14:13:20.787212,0.26,-0.54,0.71,6.96,-15.69,3.23,-7.96,37.45,-40.10,1
H,2022-10-18 14:13:20.806723,0.21,-0.50,0.71,-4.64,-8.79,-11.84,-7.96,37.45,-40.10,1
H,2022-10-18 14:13:20.826168,0.17,-0.58,0.78,-15.87,2.56,9.70,-8.42,37.02,-40.20,1
H,2022-10-18 14:13:20.852595,0.18,-0.41,0.85,-11.84,12.94,8.73,-8.42,37.02,-40.20,1
H,2022-10-18 14:13:20.870833,0.20,-0.44,0.89,3.17,21.42,-0.92,-8.42,37.02,-40.20,1
H,2022-10-18 14:13:20.891706,0.20,-0.49,0.88,11.29,17.09,-4.88,-7.97,36.51,-40.08,1
H,2022-10-18 14:13:20.909884,0.21,-0.54,0.82,10.19,13.06,-6.10,-7.97,36.51,-40.08,1
H,2022-10-18 14:13:20.925508,0.21,-0.55,0.78,5.07,16.17,-13.06,-6.88,36.13,-41.46,1
H,2022-10-18 14:13:20.941137,0.22,-0.50,0.80,1.10,21.42,-15.99,-6.88,36.13,-41.46,1
H,2022-10-18 14:13:20.957294,0.21,-0.50,0.82,6.35,18.31,-9.89,-6.88,36.13,-41.46,1
H,2022-10-18 14:13:20.973010,0.21,-0.59,0.81,17.21,9.28,0.79,-6.18,35.23,-40.43,1
H,2022-10-18 14:13:21.004260,0.21,-0.68,0.74,14.83,3.42,-0.43,-6.18,35.23,-40.43,1
H,2022-10-18 14:13:21.019880,0.21,-0.69,0.72,7.75,2.08,-2.62,-5.64,34.51,-41.81,1
H,2022-10-18 14:13:21.035502,0.21,-0.66,0.76,2.81,-1.04,-1.89,-5.64,34.51,-41.81,1
H,2022-10-18 14:13:21.054201,0.20,-0.67,0.74,3.54,-5.31,-1.53,-5.64,34.51,-41.81,1
H,2022-10-18 14:13:21.083010,0.19,-0.67,0.75,-7.39,-4.03,-5.55,-5.29,34.79,-41.41,1
H,2022-10-18 14:13:21.098637,0.17,-0.56,0.71,-18.74,3.72,-7.51,-5.29,34.79,-41.41,1
H,2022-10-18 14:13:21.114252,0.09,-0.51,0.77,-13.24,22.03,9.89,-5.29,34.79,-41.41,1
H,2022-10-18 14:13:21.129868,0.25,-0.56,0.81,-2.93,40.89,30.03,-5.08,34.24,-41.25,1
H,2022-10-18 14:13:21.154585,0.47,-0.51,0.90,10.99,43.82,30.21,-5.08,34.24,-41.25,1
H,2022-10-18 14:13:21.177328,0.45,-0.49,0.86,23.13,32.10,24.41,-3.23,35.40,-42.30,1
H,2022-10-18 14:13:21.193036,0.38,-0.54,0.77,28.87,20.20,19.10,-3.23,35.40,-42.30,1
H,2022-10-18 14:13:21.208654,0.27,-0.59,0.66,9.16,18.98,7.08,-3.23,35.40,-42.30,1
H,2022-10-18 14:13:21.224278,0.26,-0.50,0.71,2.38,19.53,1.28,-2.72,36.66,-41.89,1
H,2022-10-18 14:13:21.239889,0.26,-0.51,0.74,7.14,11.90,-1.89,-2.72,36.66,-41.89,1
H,2022-10-18 14:13:21.271796,0.32,-0.51,0.77,8.00,-3.23,-5.37,-2.72,36.66,-41.89,1
H,2022-10-18 14:13:21.287336,0.02,-0.45,0.63,-16.72,5.37,12.02,-3.85,36.05,-42.75,1
H,2022-10-18 14:13:21.303034,0.24,-0.43,0.79,-14.34,16.72,4.33,-3.85,36.05,-42.75,1
H,2022-10-18 14:13:21.329025,0.14,-0.58,1.03,3.97,-2.44,2.01,-3.63,35.89,-43.19,1
H,2022-10-18 14:13:21.340121,0.18,-0.61,0.87,-0.06,-39.06,-25.63,-3.63,35.89,-43.19,1
H,2022-10-18 14:13:21.364757,0.19,-0.55,0.72,-15.32,-59.94,-25.09,-3.63,35.89,-43.19,1
H,2022-10-18 14:13:21.383624,0.19,-0.52,0.74,-10.68,-66.35,-28.99,-5.51,35.25,-40.99,1
H,2022-10-18 14:13:21.402430,0.21,-0.56,0.70,-5.37,-68.42,-29.30,-5.51,35.25,-40.99,1
H,2022-10-18 14:13:21.425428,0.21,-0.60,0.71,-6.35,-60.91,-27.71,-5.51,35.25,-40.99,1
H,2022-10-18 14:13:21.444737,0.19,-0.59,0.74,-9.40,-49.01,-25.39,-7.65,34.33,-39.89,1
H,2022-10-18 14:13:21.463821,0.15,-0.54,0.77,-8.24,-37.05,-21.97,-7.65,34.33,-39.89,1
H,2022-10-18 14:13:21.481687,0.15,-0.52,0.82,-4.94,-28.14,-16.24,-8.63,33.81,-38.35,1
H,2022-10-18 14:13:21.503438,0.15,-0.56,0.81,-3.48,-18.49,-10.80,-8.63,33.81,-38.35,1
H,2022-10-18 14:13:21.518707,0.14,-0.56,0.81,-5.68,-6.71,-5.86,-8.63,33.81,-38.35,1
H,2022-10-18 14:13:21.536262,0.15,-0.54,0.85,-2.81,9.58,2.99,-9.34,32.96,-38.54,1
H,2022-10-18 14:13:21.555178,0.10,-0.59,0.93,1.53,12.76,6.04,-9.34,32.96,-38.54,1
H,2022-10-18 14:13:21.579758,0.10,-0.57,0.92,6.96,7.08,4.27,-8.90,33.06,-39.15,1
H,2022-10-18 14:13:21.600495,0.08,-0.60,0.86,13.79,2.44,1.95,-8.90,33.06,-39.15,1
H,2022-10-18 14:13:21.618149,-0.10,-0.61,0.78,-0.18,29.72,1.77,-8.90,33.06,-39.15,1
H,2022-10-18 14:13:21.629673,-0.01,-0.55,0.88,-17.64,53.04,10.74,-8.47,33.35,-40.22,1
H,2022-10-18 14:13:21.655211,0.14,-0.51,1.01,-19.78,59.02,17.64,-8.47,33.35,-40.22,1
H,2022-10-18 14:13:21.674097,0.30,-0.43,1.05,-6.96,40.16,9.77,-8.47,33.35,-40.22,1
H,2022-10-18 14:13:21.692741,0.26,-0.43,0.92,3.66,20.02,-1.10,-6.57,33.57,-39.28,1
H,2022-10-18 14:13:21.714417,0.18,-0.45,0.78,8.36,13.18,-3.48,-6.57,33.57,-39.28,1
H,2022-10-18 14:13:21.729049,0.19,-0.47,0.73,4.52,23.56,-1.89,-4.55,33.35,-39.83,1
H,2022-10-18 14:13:21.754186,0.23,-0.47,0.77,4.52,27.59,-2.75,-4.55,33.35,-39.83,1
H,2022-10-18 14:13:21.758561,0.23,-0.49,0.78,7.32,24.41,-4.76,-4.55,33.35,-39.83,1
H,2022-10-18 14:13:21.790759,0.25,-0.50,0.77,8.91,14.95,-6.29,-3.38,32.57,-40.45,1
H,2022-10-18 14:13:21.806589,0.24,-0.52,0.75,11.29,10.80,-4.33,-3.38,32.57,-40.45,1
H,2022-10-18 14:13:21.826592,0.21,-0.55,0.74,14.34,8.79,-2.08,-3.38,32.57,-40.45,1
H,2022-10-18 14:13:21.845046,0.20,-0.56,0.75,12.21,8.30,0.79,-2.19,32.59,-38.61,1
H,2022-10-18 14:13:21.870798,0.17,-0.62,0.78,17.15,7.57,2.69,-2.19,32.59,-38.61,1
H,2022-10-18 14:13:21.878710,0.17,-0.67,0.76,14.89,9.52,0.98,-1.55,31.65,-39.69,1
H,2022-10-18 14:13:21.898245,0.19,-0.64,0.77,0.00,13.06,-2.44,-1.55,31.65,-39.69,1
H,2022-10-18 14:13:21.922362,0.22,-0.57,0.78,1.59,14.10,-1.22,-1.55,31.65,-39.69,1
H,2022-10-18 14:13:21.938075,0.22,-0.57,0.77,7.08,13.43,3.05,-0.35,31.12,-38.12,1
H,2022-10-18 14:13:21.955288,0.20,-0.58,0.75,11.90,13.49,10.31,-0.35,31.12,-38.12,1
H,2022-10-18 14:13:21.985583,0.25,-0.61,0.72,16.60,16.17,21.30,0.46,30.88,-38.83,1
H,2022-10-18 14:13:22.001216,0.27,-0.62,0.72,16.11,18.37,26.25,0.46,30.88,-38.83,1
H,2022-10-18 14:13:22.016820,0.25,-0.66,0.74,17.40,19.29,23.07,0.46,30.88,-38.83,1
H,2022-10-18 14:13:22.032442,0.27,-0.64,0.76,11.84,10.44,13.67,1.53,31.49,-39.32,1
H,2022-10-18 14:13:22.055500,0.24,-0.61,0.74,7.39,2.08,12.39,1.53,31.49,-39.32,1
H,2022-10-18 14:13:22.079633,0.27,-0.60,0.70,5.07,-2.50,14.10,1.53,31.49,-39.32,1
H,2022-10-18 14:13:22.095256,0.26,-0.59,0.70,6.41,-3.30,18.37,1.70,31.13,-39.93,1
H,2022-10-18 14:13:22.110879,0.28,-0.60,0.73,12.51,-8.12,12.39,1.70,31.13,-39.93,1
H,2022-10-18 14:13:22.126582,0.31,-0.60,0.73,14.71,-15.75,1.65,1.07,31.05,-39.05,1
H,2022-10-18 14:13:22.155793,0.26,-0.58,0.70,14.65,-25.39,-4.21,1.07,31.05,-39.05,1
H,2022-10-18 14:13:22.174075,0.19,-0.82,0.59,-15.08,9.22,16.60,1.07,31.05,-39.05,1
H,2022-10-18 14:13:22.189702,0.12,-0.49,1.04,-17.33,14.53,2.81,0.99,30.96,-38.42,1
H,2022-10-18 14:13:22.205324,0.16,-0.59,0.96,1.65,-24.35,-3.05,0.99,30.96,-38.42,1
H,2022-10-18 14:13:22.220946,0.19,-0.61,0.83,2.75,-51.94,-10.38,0.99,30.96,-38.42,1
H,2022-10-18 14:13:22.252193,0.21,-0.64,0.71,1.22,-63.54,-20.63,0.35,30.77,-38.43,1
H,2022-10-18 14:13:22.268348,0.18,-0.63,0.75,2.93,-66.22,-22.83,0.35,30.77,-38.43,1
H,2022-10-18 14:13:22.284064,0.18,-0.66,0.73,2.69,-68.54,-27.04,-2.49,30.41,-37.68,1
H,2022-10-18 14:13:22.299901,0.15,-0.61,0.71,-5.37,-57.56,-30.33,-2.49,30.41,-37.68,1
H,2022-10-18 14:13:22.331155,0.14,-0.58,0.73,-4.94,-45.90,-26.18,-2.49,30.41,-37.68,1
H,2022-10-18 14:13:22.347094,0.13,-0.57,0.77,-5.80,-36.13,-21.30,-3.99,30.02,-36.18,1
H,2022-10-18 14:13:22.369787,0.12,-0.58,0.78,-1.65,-16.54,-9.64,-3.99,30.02,-36.18,1
H,2022-10-18 14:13:22.389412,0.11,-0.58,0.78,2.32,-3.05,-2.50,-3.94,30.04,-35.50,1
H,2022-10-18 14:13:22.408428,0.09,-0.61,0.79,6.47,9.09,5.31,-3.94,30.04,-35.50,1
H,2022-10-18 14:13:22.421093,0.04,-0.64,0.82,14.22,14.16,9.64,-3.94,30.04,-35.50,1
H,2022-10-18 14:13:22.445854,0.11,-0.69,0.58,-4.70,44.74,17.27,-3.74,30.33,-35.46,1
H,2022-10-18 14:13:22.455677,0.09,-0.64,0.77,-15.87,71.29,36.13,-3.74,30.33,-35.46,1
H,2022-10-18 14:13:22.482322,0.28,-0.62,0.98,-10.01,73.85,40.04,-3.74,30.33,-35.46,1
H,2022-10-18 14:13:22.494531,0.36,-0.60,1.02,0.49,49.19,29.66,-2.81,30.71,-36.63,1
H,2022-10-18 14:13:22.517387,0.33,-0.58,0.85,7.51,-5.86,10.13,-2.81,30.71,-36.63,1
H,2022-10-18 14:13:22.537422,0.17,-0.57,0.66,8.91,-20.32,-0.18,-2.80,31.03,-37.67,1
H,2022-10-18 14:13:22.559564,0.02,-0.52,0.71,-10.93,-7.45,-1.71,-2.80,31.03,-37.67,1
H,2022-10-18 14:13:22.576439,0.12,-0.53,0.68,-16.11,21.48,4.88,-2.80,31.03,-37.67,1
H,2022-10-18 14:13:22.594305,0.15,-0.47,0.91,2.32,14.10,6.65,-2.05,30.08,-37.82,1
H,2022-10-18 14:13:22.605308,0.14,-0.55,0.80,11.90,9.09,6.04,-2.05,30.08,-37.82,1
H,2022-10-18 14:13:22.625700,0.16,-0.60,0.74,8.06,13.67,-3.54,-2.05,30.08,-37.82,1
H,2022-10-18 14:13:22.646505,0.16,-0.54,0.79,-0.92,19.53,-15.01,-1.56,30.05,-37.72,1
H,2022-10-18 14:13:22.661726,0.17,-0.52,0.81,-0.79,18.92,-15.38,-1.56,30.05,-37.72,1
H,2022-10-18 14:13:22.684671,0.19,-0.55,0.76,0.31,22.58,-18.80,-1.56,30.05,-37.72,1
H,2022-10-18 14:13:22.698786,0.18,-0.52,0.81,2.01,22.09,-12.33,-0.50,29.32,-37.41,1
H,2022-10-18 14:13:22.717764,0.18,-0.60,0.80,15.08,12.76,3.11,-0.50,29.32,-37.41,1
H,2022-10-18 14:13:22.733166,0.17,-0.72,0.72,21.79,5.86,8.85,0.93,28.88,-38.43,1
H,2022-10-18 14:13:22.759709,0.18,-0.77,0.69,14.10,7.75,-1.22,0.93,28.88,-38.43,1
H,2022-10-18 14:13:22.776393,0.18,-0.74,0.76,1.28,4.76,-4.33,0.93,28.88,-38.43,1
H,2022-10-18 14:13:22.797419,0.18,-0.73,0.76,-4.52,-0.37,-6.47,0.92,28.69,-38.42,1
H,2022-10-18 14:13:22.817273,0.18,-0.71,0.76,-8.91,-3.48,-9.46,0.92,28.69,-38.42,1
H,2022-10-18 14:13:22.831540,0.16,-0.67,0.73,-12.27,-2.69,-13.24,0.92,28.69,-38.42,1
H,2022-10-18 14:13:22.856234,0.05,-0.55,0.70,-18.68,18.31,2.99,1.04,28.38,-38.04,1
H,2022-10-18 14:13:22.875139,0.14,-0.61,0.69,-9.70,42.66,32.59,1.04,28.38,-38.04,1
H,2022-10-18 14:13:22.882148,0.37,-0.57,0.81,-10.07,60.36,41.02,2.44,29.17,-37.44,1
H,2022-10-18 14:13:22.914410,0.47,-0.53,0.85,13.61,54.99,29.42,2.44,29.17,-37.44,1
H,2022-10-18 14:13:22.922047,0.44,-0.53,0.81,22.52,36.80,19.59,2.44,29.17,-37.44,1
H,2022-10-18 14:13:22.937755,0.35,-0.55,0.71,24.05,16.24,9.83,4.10,29.72,-37.52,1
H,2022-10-18 14:13:22.969322,0.23,-0.54,0.61,14.77,0.79,-0.92,4.10,29.72,-37.52,1
H,2022-10-18 14:13:22.985010,0.24,-0.51,0.65,11.66,-8.18,-6.65,4.10,29.72,-37.52,1
H,2022-10-18 14:13:23.000739,-1.34,-0.48,0.34,14.71,-24.17,-11.23,4.47,29.15,-39.01,1
H,2022-10-18 14:13:23.016349,0.18,-0.98,0.59,3.42,24.54,27.28,4.47,29.15,-39.01,1
H,2022-10-18 14:13:23.047520,0.12,-0.49,1.11,2.08,1.16,-1.65,4.42,29.24,-40.32,1
H,2022-10-18 14:13:23.063601,0.14,-0.70,0.94,7.81,-48.46,-12.02,4.42,29.24,-40.32,1
H,2022-10-18 14:13:23.079311,0.19,-0.69,0.79,-7.32,-76.97,-26.86,4.42,29.24,-40.32,1
H,2022-10-18 14:13:23.094935,0.21,-0.61,0.72,-13.79,-88.38,-44.86,2.20,29.19,-37.73,1
H,2022-10-18 14:13:23.110501,0.21,-0.57,0.63,-7.32,-76.54,-44.62,2.20,29.19,-37.73,1
H,2022-10-18 14:13:23.141824,0.20,-0.55,0.67,-9.28,-59.69,-36.62,2.20,29.19,-37.73,1
H,2022-10-18 14:13:23.158016,0.17,-0.56,0.72,-3.66,-39.67,-25.15,0.39,28.80,-36.71,1
H,2022-10-18 14:13:23.173875,0.15,-0.63,0.79,1.16,-15.69,-11.66,0.39,28.80,-36.71,1
H,2022-10-18 14:13:23.189577,0.11,-0.62,0.85,2.20,-8.67,-5.98,-0.94,28.26,-36.66,1
H,2022-10-18 14:13:23.220822,0.13,-0.65,0.85,9.89,-5.37,-1.95,-0.94,28.26,-36.66,1
H,2022-10-18 14:13:23.236471,0.10,-0.64,0.84,19.78,2.20,4.27,-0.94,28.26,-36.66,1
H,2022-10-18 14:13:23.257178,0.04,-0.70,0.65,11.60,17.15,7.26,-0.56,28.78,-35.67,1
H,2022-10-18 14:13:23.268262,0.05,-0.66,0.78,-9.70,48.77,12.15,-0.56,28.78,-35.67,1
H,2022-10-18 14:13:23.283977,0.18,-0.64,0.95,-14.71,67.81,6.77,1.57,28.94,-37.29,1
H,2022-10-18 14:13:23.315217,0.28,-0.48,1.05,-6.10,50.05,0.85,1.57,28.94,-37.29,1
H,2022-10-18 14:13:23.330850,0.21,-0.46,0.93,7.93,28.02,-1.83,1.57,28.94,-37.29,1
H,2022-10-18 14:13:23.353368,0.11,-0.51,0.75,13.92,22.95,2.87,2.94,27.86,-36.89,1
H,2022-10-18 14:13:23.372609,0.17,-0.60,0.66,12.27,35.03,8.61,2.94,27.86,-36.89,1
H,2022-10-18 14:13:23.390052,0.21,-0.61,0.70,10.99,41.56,13.92,2.94,27.86,-36.89,1
H,2022-10-18 14:13:23.411457,0.26,-0.62,0.73,14.95,34.36,13.79,4.70,28.78,-36.12,1
H,2022-10-18 14:13:23.427448,0.25,-0.63,0.70,19.78,23.50,12.39,4.70,28.78,-36.12,1
H,2022-10-18 14:13:23.441089,0.23,-0.66,0.66,19.59,9.58,8.06,5.77,29.26,-35.80,1
H,2022-10-18 14:13:23.457559,0.18,-0.66,0.61,11.54,7.81,7.45,5.77,29.26,-35.80,1
H,2022-10-18 14:13:23.483746,0.17,-0.67,0.63,9.58,10.44,9.09,5.77,29.26,-35.80,1
H,2022-10-18 14:13:23.502369,0.19,-0.68,0.67,6.65,14.34,7.32,6.86,29.21,-36.29,1
H,2022-10-18 14:13:23.521673,0.19,-0.66,0.70,3.42,14.83,4.39,6.86,29.21,-36.29,1
H,2022-10-18 14:13:23.524826,0.18,-0.64,0.71,4.39,16.72,11.60,6.86,29.21,-36.29,1
H,2022-10-18 14:13:23.557708,0.19,-0.67,0.73,9.52,20.63,15.87,7.80,29.11,-37.13,1
H,2022-10-18 14:13:23.572684,0.25,-0.67,0.74,8.91,21.18,18.01,7.80,29.11,-37.13,1
H,2022-10-18 14:13:23.586862,0.21,-0.68,0.75,9.16,17.64,19.53,7.80,29.11,-37.13,1
H,2022-10-18 14:13:23.604610,0.25,-0.69,0.73,8.30,15.08,17.15,8.12,28.50,-36.60,1
H,2022-10-18 14:13:23.618672,0.26,-0.69,0.73,2.81,10.93,7.26,8.12,28.50,-36.60,1
H,2022-10-18 14:13:23.649491,0.28,-0.64,0.72,-1.71,7.81,3.78,9.01,28.66,-36.39,1
H,2022-10-18 14:13:23.662859,0.27,-0.61,0.71,-0.31,4.58,3.11,9.01,28.66,-36.39,1
H,2022-10-18 14:13:23.685001,0.31,-0.61,0.72,3.11,-3.36,2.75,9.01,28.66,-36.39,1
H,2022-10-18 14:13:23.698346,-0.01,-0.59,0.63,4.70,-11.54,-0.37,9.20,28.86,-36.73,1
H,2022-10-18 14:13:23.722160,0.18,-0.65,0.66,-1.53,4.09,4.64,9.20,28.86,-36.73,1
H,2022-10-18 14:13:23.743870,0.16,-0.63,0.83,-3.97,-5.49,-3.72,9.20,28.86,-36.73,1
H,2022-10-18 14:13:23.764757,0.15,-0.62,0.83,-4.09,-27.65,-9.46,8.65,28.55,-35.29,1
H,2022-10-18 14:13:23.773427,0.18,-0.65,0.77,0.79,-54.50,-21.18,8.65,28.55,-35.29,1
H,2022-10-18 14:13:23.792874,0.18,-0.66,0.78,1.16,-64.21,-28.69,7.63,28.39,-36.21,1
H,2022-10-18 14:13:23.820993,0.18,-0.62,0.74,-6.29,-73.67,-35.83,7.63,28.39,-36.21,1
H,2022-10-18 14:13:23.830854,0.20,-0.61,0.74,-1.71,-76.84,-38.21,7.63,28.39,-36.21,1
H,2022-10-18 14:13:23.857363,0.17,-0.64,0.70,8.73,-69.03,-35.46,4.81,28.71,-33.98,1
H,2022-10-18 14:13:23.876952,0.16,-0.67,0.67,6.96,-57.92,-32.96,4.81,28.71,-33.98,1
H,2022-10-18 14:13:23.888929,0.12,-0.69,0.71,6.16,-41.87,-25.70,4.81,28.71,-33.98,1
H,2022-10-18 14:13:23.906256,0.11,-0.63,0.66,0.06,-24.54,-17.15,3.49,28.89,-33.59,1
H,2022-10-18 14:13:23.924975,0.10,-0.61,0.67,0.73,9.83,5.80,3.49,28.89,-33.59,1
H,2022-10-18 14:13:23.944833,0.03,-0.72,0.79,13.61,13.98,12.57,3.38,29.39,-33.07,1
H,2022-10-18 14:13:23.957522,0.05,-0.76,0.58,10.62,29.85,15.75,3.38,29.39,-33.07,1
H,2022-10-18 14:13:23.988181,0.00,-0.75,0.58,-7.57,66.41,30.76,3.38,29.39,-33.07,1
H,2022-10-18 14:13:24.003805,0.17,-0.73,0.85,-23.50,91.43,43.21,5.27,28.75,-35.17,1
H,2022-10-18 14:13:24.019496,0.32,-0.59,1.04,-9.70,58.29,38.82,5.27,28.75,-35.17,1
H,2022-10-18 14:13:24.035119,0.33,-0.59,0.94,6.29,15.32,28.50,5.27,28.75,-35.17,1
H,2022-10-18 14:13:24.057825,0.27,-0.60,0.72,13.37,-12.82,14.47,6.09,28.99,-35.16,1
H,2022-10-18 14:13:24.082485,0.16,-0.56,0.60,10.44,-12.27,0.61,6.09,28.99,-35.16,1
H,2022-10-18 14:13:24.098109,-0.76,-0.52,0.67,6.47,-7.02,-0.31,6.09,28.99,-35.16,1
H,2022-10-18 14:13:24.113801,0.17,-0.76,0.68,1.16,4.52,19.78,6.21,27.87,-33.67,1
H,2022-10-18 14:13:24.129424,0.15,-0.59,0.79,-7.14,18.98,1.04,6.21,27.87,-33.67,1
H,2022-10-18 14:13:24.161005,0.16,-0.56,0.86,2.56,23.50,-5.43,6.65,28.58,-34.38,1
H,2022-10-18 14:13:24.176632,0.16,-0.60,0.81,8.12,17.21,-7.26,6.65,28.58,-34.38,1
H,2022-10-18 14:13:24.192328,0.18,-0.68,0.72,9.64,15.01,-15.32,6.65,28.58,-34.38,1
H,2022-10-18 14:13:24.207946,0.17,-0.58,0.73,-0.55,19.04,-23.13,8.00,27.92,-34.68,1
H,2022-10-18 14:13:24.223513,0.17,-0.61,0.74,5.07,14.77,-10.50,8.00,27.92,-34.68,1
H,2022-10-18 14:13:24.258253,0.16,-0.72,0.70,12.27,9.77,-0.24,9.24,27.82,-34.14,1
H,2022-10-18 14:13:24.270831,0.17,-0.82,0.69,8.79,8.42,-0.49,9.24,27.82,-34.14,1
H,2022-10-18 14:13:24.286541,0.16,-0.80,0.72,2.99,6.16,-4.21,9.24,27.82,-34.14,1
H,2022-10-18 14:13:24.302163,0.14,-0.74,0.70,1.28,1.16,-5.49,9.62,28.17,-34.29,1
H,2022-10-18 14:13:24.333339,0.10,-0.69,0.57,0.55,2.87,2.87,9.62,28.17,-34.29,1
H,2022-10-18 14:13:24.351959,0.07,-0.74,0.56,-9.70,25.45,26.43,9.62,28.17,-34.29,1
H,2022-10-18 14:13:24.374623,0.25,-0.72,0.71,-13.92,48.65,41.20,10.35,28.28,-32.84,1
H,2022-10-18 14:13:24.393055,0.40,-0.67,0.82,5.43,48.77,37.72,10.35,28.28,-32.84,1
H,2022-10-18 14:13:24.413425,0.46,-0.63,0.78,18.86,36.68,31.07,12.21,28.31,-33.41,1
H,2022-10-18 14:13:24.430753,0.42,-0.66,0.70,16.48,25.76,21.48,12.21,28.31,-33.41,1
H,2022-10-18 14:13:24.450813,0.35,-0.63,0.66,16.17,15.38,9.16,12.21,28.31,-33.41,1
H,2022-10-18 14:13:24.462317,0.24,-0.64,0.64,13.85,4.52,-7.87,12.41,28.82,-34.39,1
H,2022-10-18 14:13:24.488184,-0.09,-0.58,0.64,7.32,-6.23,-16.72,12.41,28.82,-34.39,1
H,2022-10-18 14:13:24.495807,0.18,-0.84,0.67,-20.26,11.05,9.16,12.43,28.47,-33.83,1
H,2022-10-18 14:13:24.528087,0.25,-0.45,0.81,1.40,6.71,9.28,12.43,28.47,-33.83,1
H,2022-10-18 14:13:24.542278,0.13,-0.74,0.78,19.71,-7.63,2.38,12.43,28.47,-33.83,1
H,2022-10-18 14:13:24.558879,0.08,-0.80,0.83,3.91,-33.87,-16.78,11.69,28.83,-34.75,1
H,2022-10-18 14:13:24.583439,0.16,-0.72,0.74,-17.27,-64.27,-38.94,11.69,28.83,-34.75,1
H,2022-10-18 14:13:24.600216,0.17,-0.64,0.68,-34.30,-84.59,-55.42,11.69,28.83,-34.75,1
H,2022-10-18 14:13:24.623529,0.22,-0.63,0.60,-28.38,-83.62,-58.84,9.38,28.21,-33.24,1
H,2022-10-18 14:13:24.629062,0.18,-0.62,0.63,-24.72,-65.25,-52.43,9.38,28.21,-33.24,1
H,2022-10-18 14:13:24.661551,0.17,-0.62,0.65,-13.79,-34.30,-36.74,7.67,28.00,-32.29,1
H,2022-10-18 14:13:24.674938,0.10,-0.64,0.70,-3.78,-19.90,-28.50,7.67,28.00,-32.29,1
H,2022-10-18 14:13:24.691468,0.10,-0.67,0.69,-0.24,-9.46,-21.42,7.67,28.00,-32.29,1
H,2022-10-18 14:13:24.711580,0.08,-0.74,0.65,1.34,4.64,-14.16,6.93,27.43,-33.25,1
H,2022-10-18 14:13:24.728041,0.00,-0.76,0.71,1.16,18.25,-16.66,6.93,27.43,-33.25,1
H,2022-10-18 14:13:24.752587,-0.30,-0.77,0.54,-7.57,49.01,-9.89,6.93,27.43,-33.25,1
H,2022-10-18 14:13:24.761169,-0.33,-0.86,0.60,-38.09,95.58,3.11,7.73,26.94,-33.35,1
H,2022-10-18 14:13:24.790351,-0.14,-0.85,0.84,-46.75,127.26,14.77,7.73,26.94,-33.35,1
H,2022-10-18 14:13:24.803555,0.08,-0.82,0.98,-50.72,113.28,21.67,7.73,26.94,-33.35,1
H,2022-10-18 14:13:24.822272,0.18,-0.80,0.89,-53.71,75.99,23.68,9.08,26.70,-34.38,1
H,2022-10-18 14:13:24.844213,0.23,-0.76,0.61,-70.92,35.83,16.72,9.08,26.70,-34.38,1
H,2022-10-18 14:13:24.863732,0.24,-0.72,0.51,-76.54,31.86,11.23,8.28,26.34,-34.88,1
H,2022-10-18 14:13:24.881087,0.23,-0.66,0.52,-86.00,31.74,10.31,8.28,26.34,-34.88,1
H,2022-10-18 14:13:24.897626,0.21,-0.58,0.54,-89.54,25.45,10.80,8.28,26.34,-34.88,1
H,2022-10-18 14:13:24.920514,0.18,-0.52,0.56,-87.77,9.95,20.39,6.88,25.07,-36.82,1
H,2022-10-18 14:13:24.936143,0.25,-0.43,0.58,-82.03,-0.12,31.56,6.88,25.07,-36.82,1
H,2022-10-18 14:13:24.959783,0.26,-0.38,0.64,-72.02,-11.47,42.11,6.88,25.07,-36.82,1
H,2022-10-18 14:13:24.967881,0.25,-0.32,0.67,-51.94,-27.40,61.10,4.31,23.65,-37.95,1
H,2022-10-18 14:13:24.999146,0.31,-0.25,0.75,-35.52,-34.30,78.55,4.31,23.65,-37.95,1
H,2022-10-18 14:13:25.014839,0.35,-0.26,0.84,-15.63,-44.92,92.90,0.32,23.79,-39.64,1
H,2022-10-18 14:13:25.030460,0.35,-0.34,0.89,8.67,-62.62,95.09,0.32,23.79,-39.64,1
H,2022-10-18 14:13:25.046082,0.29,-0.45,0.87,4.33,-65.80,83.13,0.32,23.79,-39.64,1
H,2022-10-18 14:13:25.062249,0.24,-0.36,0.91,-16.36,-62.32,68.12,-3.64,26.50,-39.29,1
H,2022-10-18 14:13:25.093606,0.23,-0.22,1.00,-26.25,-52.80,58.84,-3.64,26.50,-39.29,1
H,2022-10-18 14:13:25.109201,0.18,-0.12,1.05,-18.92,-46.57,60.55,-7.52,28.59,-39.38,1
H,2022-10-18 14:13:25.124827,0.11,-0.13,1.03,-11.96,-38.27,63.35,-7.52,28.59,-39.38,1
H,2022-10-18 14:13:25.140448,0.18,-0.10,1.05,-12.45,-30.76,62.13,-7.52,28.59,-39.38,1
H,2022-10-18 14:13:25.172253,0.22,-0.05,1.09,-4.94,-27.77,50.90,-9.75,30.15,-40.80,1
H,2022-10-18 14:13:25.187983,0.17,-0.05,1.08,2.69,-26.61,43.58,-9.75,30.15,-40.80,1
H,2022-10-18 14:13:25.203583,0.13,-0.08,1.05,3.42,-21.30,36.25,-9.75,30.15,-40.80,1
H,2022-10-18 14:13:25.219206,0.10,-0.07,1.05,6.90,-6.65,26.61,-11.45,31.80,-41.17,1
H,2022-10-18 14:13:25.250460,0.09,-0.07,1.07,9.64,2.56,26.37,-11.45,31.80,-41.17,1
H,2022-10-18 14:13:25.266658,0.13,-0.12,1.08,16.42,7.39,24.41,-11.61,32.75,-42.14,1
H,2022-10-18 14:13:25.282380,0.16,-0.14,1.07,22.71,7.93,14.28,-11.61,32.75,-42.14,1
H,2022-10-18 14:13:25.298007,0.08,-0.21,1.00,17.70,8.00,4.64,-11.61,32.75,-42.14,1
H,2022-10-18 14:13:25.313639,0.08,-0.18,0.99,8.30,10.07,-0.79,-11.96,34.29,-44.32,1
H,2022-10-18 14:13:25.342740,0.10,-0.15,0.99,4.94,10.19,1.40,-11.96,34.29,-44.32,1
H,2022-10-18 14:13:25.361759,0.06,-0.18,0.98,10.62,10.93,10.38,-11.96,34.29,-44.32,1
H,2022-10-18 14:13:25.379665,0.08,-0.24,0.95,18.92,22.22,11.23,-11.85,34.97,-44.51,1
H,2022-10-18 14:13:25.398344,0.13,-0.29,0.97,13.67,29.42,7.26,-11.85,34.97,-44.51,1
H,2022-10-18 14:13:25.411804,0.16,-0.27,1.01,9.77,29.36,6.29,-11.10,35.64,-44.31,1
H,2022-10-18 14:13:25.437236,0.18,-0.29,0.96,9.58,26.79,5.49,-11.10,35.64,-44.31,1
H,2022-10-18 14:13:25.450139,0.27,-0.24,0.93,5.80,24.41,1.40,-11.10,35.64,-44.31,1
H,2022-10-18 14:13:25.466513,0.30,-0.25,0.92,11.66,20.39,0.49,-10.06,35.63,-46.34,1
H,2022-10-18 14:13:25.484586,0.30,-0.24,0.93,18.07,11.66,0.18,-10.06,35.63,-46.34,1
H,2022-10-18 14:13:25.514823,0.23,-0.25,0.90,35.58,-5.86,6.23,-10.06,35.63,-46.34,1
H,2022-10-18 14:13:25.521151,0.15,-0.37,0.83,37.72,-12.45,7.69,-10.57,37.28,-44.78,1
H,2022-10-18 14:13:25.554822,-0.71,-0.39,0.55,27.10,-10.19,5.43,-10.57,37.28,-44.78,1
H,2022-10-18 14:13:25.568042,0.19,-0.59,0.79,-6.23,25.02,11.17,-11.10,37.01,-44.19,1
H,2022-10-18 14:13:25.592301,0.13,-0.22,1.08,2.38,20.81,11.84,-11.10,37.01,-44.19,1
H,2022-10-18 14:13:25.605287,0.11,-0.28,1.02,26.61,-10.13,15.44,-11.10,37.01,-44.19,1
H,2022-10-18 14:13:25.628587,0.09,-0.38,0.96,38.09,-39.79,7.69,-11.45,37.30,-44.35,1
H,2022-10-18 14:13:25.647352,0.16,-0.44,0.89,28.75,-74.58,0.37,-11.45,37.30,-44.35,1
H,2022-10-18 14:13:25.663534,0.17,-0.42,0.88,25.02,-86.36,-4.52,-14.23,37.85,-42.03,1
H,2022-10-18 14:13:25.683418,0.15,-0.42,0.88,21.42,-92.47,-4.27,-14.23,37.85,-42.03,1
H,2022-10-18 14:13:25.700071,0.13,-0.48,0.86,20.45,-88.87,-6.53,-14.23,37.85,-42.03,1
H,2022-10-18 14:13:25.717257,0.09,-0.50,0.82,4.64,-62.99,-16.54,-16.85,37.84,-38.72,1
H,2022-10-18 14:13:25.735476,0.06,-0.37,0.85,-4.21,-41.32,-16.17,-16.85,37.84,-38.72,1
H,2022-10-18 14:13:25.760924,0.05,-0.37,0.90,-2.44,-20.32,-11.35,-16.85,37.84,-38.72,1
H,2022-10-18 14:13:25.776308,0.04,-0.38,0.94,0.49,-3.72,-7.02,-18.32,37.41,-38.87,1
H,2022-10-18 14:13:25.789423,-0.01,-0.40,0.98,3.72,15.44,-2.20,-18.32,37.41,-38.87,1
H,2022-10-18 14:13:25.816745,-0.05,-0.49,0.71,3.30,24.72,-2.20,-18.32,37.41,-38.87,1
H,2022-10-18 14:13:25.832493,-0.05,-0.37,0.83,-30.40,62.81,-2.08,-17.58,37.19,-38.94,1
H,2022-10-18 14:13:25.853141,0.12,-0.32,0.98,-26.12,93.38,17.52,-17.58,37.19,-38.94,1
H,2022-10-18 14:13:25.864497,0.28,-0.23,1.16,-10.19,75.99,27.53,-14.49,36.12,-42.80,1
H,2022-10-18 14:13:25.896593,0.28,-0.31,1.10,11.66,35.64,29.72,-14.49,36.12,-42.80,1
H,2022-10-18 14:13:25.902936,0.25,-0.44,0.92,18.74,-8.00,9.16,-14.49,36.12,-42.80,1
H,2022-10-18 14:13:25.936887,0.11,-0.40,0.78,6.77,-14.10,-6.29,-13.87,37.54,-42.22,1
H,2022-10-18 14:13:25.940667,0.08,-0.34,0.82,-3.11,-10.93,-11.17,-13.87,37.54,-42.22,1
H,2022-10-18 14:13:25.974907,-0.69,-0.17,0.86,-8.36,-6.59,6.65,-14.43,36.89,-41.59,1
H,2022-10-18 14:13:25.987964,0.10,-0.24,0.88,-0.98,1.77,14.40,-14.43,36.89,-41.59,1
H,2022-10-18 14:13:26.003593,0.10,-0.29,0.98,8.67,13.18,9.95,-14.43,36.89,-41.59,1
H,2022-10-18 14:13:26.019218,0.08,-0.37,1.00,20.63,13.85,4.94,-14.89,36.65,-42.02,1
H,2022-10-18 14:13:26.050462,0.09,-0.45,0.95,9.58,12.70,-14.34,-14.89,36.65,-42.02,1
H,2022-10-18 14:13:26.066639,0.11,-0.38,0.90,-7.32,15.26,-29.97,-14.89,36.65,-42.02,1
H,2022-10-18 14:13:26.082359,0.13,-0.27,0.91,-14.53,18.01,-34.79,-13.99,36.24,-40.98,1
H,2022-10-18 14:13:26.097968,0.14,-0.28,0.89,3.17,19.35,-26.49,-13.99,36.24,-40.98,1
H,2022-10-18 14:13:26.129146,0.15,-0.33,0.91,13.67,13.98,-10.74,-13.24,34.99,-41.61,1
H,2022-10-18 14:13:26.144849,0.15,-0.47,0.87,24.72,4.15,4.46,-13.24,34.99,-41.61,1
H,2022-10-18 14:13:26.161553,0.14,-0.55,0.81,20.75,-1.83,11.05,-13.24,34.99,-41.61,1
H,2022-10-18 14:13:26.176640,0.12,-0.58,0.84,15.50,-1.71,8.06,-13.87,35.45,-40.50,1
H,2022-10-18 14:13:26.192349,0.07,-0.55,0.81,5.37,6.35,-1.04,-13.87,35.45,-40.50,1
H,2022-10-18 14:13:26.223597,-0.03,-0.40,0.83,-14.71,34.42,12.27,-12.63,35.27,-40.97,1
H,2022-10-18 14:13:26.239150,0.27,-0.33,0.93,-2.26,48.34,36.80,-12.63,35.27,-40.97,1
H,2022-10-18 14:13:26.261942,0.41,-0.37,0.98,24.48,47.67,39.18,-12.63,35.27,-40.97,1
H,2022-10-18 14:13:26.271025,0.45,-0.44,0.95,37.60,25.88,21.55,-11.01,36.21,-42.76,1
H,2022-10-18 14:13:26.302383,0.29,-0.47,0.82,27.40,13.37,8.42,-11.01,36.21,-42.76,1
H,2022-10-18 14:13:26.318000,0.13,-0.44,0.77,14.77,5.62,-1.04,-11.01,36.21,-42.76,1
H,2022-10-18 14:13:26.333606,0.17,-0.39,0.76,3.85,-0.61,-9.09,-11.22,38.35,-42.38,1
H,2022-10-18 14:13:26.361136,0.19,-0.60,0.69,-12.63,6.16,10.80,-11.22,38.35,-42.38,1
H,2022-10-18 14:13:26.376814,0.21,-0.17,1.01,-26.61,14.83,7.02,-11.27,37.27,-43.29,1
H,2022-10-18 14:13:26.395483,0.09,-0.32,1.09,21.18,-0.31,16.85,-11.27,37.27,-43.29,1
H,2022-10-18 14:13:26.411587,0.06,-0.48,0.99,40.41,-38.57,16.11,-11.27,37.27,-43.29,1
H,2022-10-18 14:13:26.429862,0.14,-0.56,0.81,16.36,-77.21,-7.45,-12.87,37.93,-41.55,1
H,2022-10-18 14:13:26.448950,0.13,-0.48,0.81,2.14,-84.53,-19.17,-12.87,37.93,-41.55,1
H,2022-10-18 14:13:26.465048,0.15,-0.45,0.84,2.93,-91.13,-20.81,-12.87,37.93,-41.55,1
H,2022-10-18 14:13:26.482819,0.15,-0.51,0.76,9.95,-84.78,-19.71,-15.70,37.40,-38.07,1
H,2022-10-18 14:13:26.513683,0.09,-0.50,0.75,-2.44,-61.77,-20.69,-15.70,37.40,-38.07,1
H,2022-10-18 14:13:26.532625,0.07,-0.47,0.82,-9.95,-34.36,-18.43,-17.93,36.79,-36.69,1
H,2022-10-18 14:13:26.553146,0.04,-0.41,0.97,-9.52,-5.31,-11.11,-17.93,36.79,-36.69,1
H,2022-10-18 14:13:26.563702,0.04,-0.38,0.96,-5.00,2.62,-4.82,-17.93,36.79,-36.69,1
H,2022-10-18 14:13:26.591874,0.01,-0.36,1.07,5.37,6.77,0.55,-17.87,36.12,-36.57,1
H,2022-10-18 14:13:26.595898,0.01,-0.50,0.69,22.64,8.00,0.67,-17.87,36.12,-36.57,1
H,2022-10-18 14:13:26.631379,-0.17,-0.47,0.80,-14.04,55.11,-13.73,-16.65,36.35,-36.71,1
H,2022-10-18 14:13:26.636399,-0.03,-0.32,1.01,-26.18,90.03,-5.13,-16.65,36.35,-36.71,1
H,2022-10-18 14:13:26.668633,0.10,-0.31,1.15,-1.77,88.93,12.15,-16.65,36.35,-36.71,1
H,2022-10-18 14:13:26.686661,0.19,-0.37,1.06,9.22,68.97,12.76,-12.99,36.00,-39.88,1
H,2022-10-18 14:13:26.704992,0.19,-0.43,0.93,11.17,49.99,5.92,-12.99,36.00,-39.88,1
H,2022-10-18 14:13:26.718862,0.16,-0.48,0.83,5.43,41.20,-3.48,-12.99,36.00,-39.88,1
H,2022-10-18 14:13:26.744094,0.21,-0.46,0.80,-6.77,36.13,-10.74,-11.68,36.04,-40.48,1
H,2022-10-18 14:13:26.762929,0.22,-0.37,0.79,-2.69,30.52,-11.29,-11.68,36.04,-40.48,1
H,2022-10-18 14:13:26.775607,0.18,-0.41,0.76,4.27,27.22,-6.84,-10.42,36.01,-40.00,1
H,2022-10-18 14:13:26.798248,0.19,-0.44,0.76,4.27,26.49,-4.82,-10.42,36.01,-40.00,1
H,2022-10-18 14:13:26.819462,0.17,-0.45,0.82,6.96,19.71,-4.03,-10.42,36.01,-40.00,1
H,2022-10-18 14:13:26.829774,0.20,-0.46,0.82,5.19,12.70,-2.69,-10.12,35.68,-42.13,1
H,2022-10-18 14:13:26.849911,0.19,-0.46,0.82,4.58,6.84,-1.83,-10.12,35.68,-42.13,1
H,2022-10-18 14:13:26.875801,0.18,-0.48,0.82,5.00,3.36,-3.05,-10.12,35.68,-42.13,1
H,2022-10-18 14:13:26.894152,0.14,-0.48,0.85,3.23,2.87,-4.33,-10.03,34.96,-41.15,1
H,2022-10-18 14:13:26.915302,0.12,-0.47,0.85,4.03,2.62,-3.66,-10.03,34.96,-41.15,1
H,2022-10-18 14:13:26.934475,0.12,-0.47,0.85,2.62,3.23,-1.16,-9.77,34.44,-40.34,1
H,2022-10-18 14:13:26.949937,0.16,-0.48,0.86,3.05,4.94,3.97,-9.77,34.44,-40.34,1
H,2022-10-18 14:13:26.964948,0.19,-0.49,0.87,4.52,3.72,5.43,-9.77,34.44,-40.34,1
H,2022-10-18 14:13:26.980577,0.20,-0.49,0.86,4.94,0.37,4.70,-9.68,34.88,-40.34,1
H,2022-10-18 14:13:27.012345,0.22,-0.47,0.85,3.66,-3.48,4.88,-9.68,34.88,-40.34,1
H,2022-10-18 14:13:27.028506,0.20,-0.46,0.83,6.71,-5.80,5.55,-9.68,34.88,-40.34,1
H,2022-10-18 14:13:27.050968,0.21,-0.46,0.81,5.25,-5.43,5.68,-10.53,34.91,-40.30,1
H,2022-10-18 14:13:27.068510,0.19,-0.45,0.82,4.15,-1.53,7.32,-10.53,34.91,-40.30,1
H,2022-10-18 14:13:27.087094,0.25,-0.44,0.85,1.34,0.12,9.95,-9.78,34.84,-40.23,1
H,2022-10-18 14:13:27.107259,0.27,-0.44,0.85,3.11,-0.85,10.68,-9.78,34.84,-40.23,1
H,2022-10-18 14:13:27.127447,0.26,-0.46,0.84,5.07,-0.55,6.47,-9.78,34.84,-40.23,1
H,2022-10-18 14:13:27.147731,0.20,-0.46,0.81,2.56,1.83,-1.28,-10.22,35.38,-40.49,1
H,2022-10-18 14:13:27.167970,0.15,-0.42,0.84,1.53,2.81,-1.59,-10.22,35.38,-40.49,1
H,2022-10-18 14:13:27.184793,0.19,-0.41,0.84,2.99,0.85,1.40,-10.39,34.62,-40.19,1
H,2022-10-18 14:13:27.200565,0.22,-0.45,0.87,12.02,-5.43,2.26,-10.39,34.62,-40.19,1
H,2022-10-18 14:13:27.218970,0.19,-0.48,0.86,14.83,-11.78,-1.04,-10.39,34.62,-40.19,1
H,2022-10-18 14:13:27.239382,0.18,-0.50,0.82,14.77,-18.43,-8.12,-11.54,34.99,-40.31,1
H,2022-10-18 14:13:27.263833,0.08,-0.74,0.81,-10.01,20.87,18.01,-11.54,34.99,-40.31,1
H,2022-10-18 14:13:27.280106,0.10,-0.27,1.03,-15.99,14.59,7.87,-11.63,33.86,-39.26,1
H,2022-10-18 14:13:27.300576,0.10,-0.47,1.02,15.38,-32.35,6.47,-11.63,33.86,-39.26,1
H,2022-10-18 14:13:27.320960,0.12,-0.52,0.87,6.90,-57.98,-1.34,-11.63,33.86,-39.26,1
H,2022-10-18 14:13:27.342189,0.12,-0.49,0.83,0.31,-66.59,-7.87,-13.39,34.47,-38.04,1
H,2022-10-18 14:13:27.362862,0.13,-0.48,0.88,1.46,-73.24,-10.99,-13.39,34.47,-38.04,1
H,2022-10-18 14:13:27.376777,0.12,-0.57,0.83,6.47,-76.17,-14.34,-13.39,34.47,-38.04,1
H,2022-10-18 14:13:27.401275,0.08,-0.54,0.79,-0.79,-61.65,-17.27,-15.30,33.87,-36.23,1
H,2022-10-18 14:13:27.412837,0.08,-0.49,0.79,-5.43,-39.98,-15.69,-15.30,33.87,-36.23,1
H,2022-10-18 14:13:27.439260,0.05,-0.47,0.83,-0.67,-3.97,-7.69,-16.50,33.19,-35.16,1
H,2022-10-18 14:13:27.456606,-0.00,-0.52,0.87,9.34,10.31,-2.62,-16.50,33.19,-35.16,1
H,2022-10-18 14:13:27.475073,0.00,-0.57,0.72,-1.34,26.25,-3.85,-16.50,33.19,-35.16,1
H,2022-10-18 14:13:27.489522,-0.00,-0.42,0.89,-25.88,55.85,7.08,-15.15,33.01,-35.56,1
H,2022-10-18 14:13:27.512743,0.12,-0.41,0.96,-13.55,73.91,39.31,-15.15,33.01,-35.56,1
H,2022-10-18 14:13:27.530845,0.24,-0.39,1.06,10.50,52.98,40.47,-15.15,33.01,-35.56,1
H,2022-10-18 14:13:27.551238,0.29,-0.50,1.03,20.20,13.37,27.47,-12.96,33.35,-36.28,1
H,2022-10-18 14:13:27.563430,0.22,-0.51,0.90,15.56,-19.65,2.50,-12.96,33.35,-36.28,1
H,2022-10-18 14:13:27.590126,0.09,-0.46,0.73,-6.77,-26.37,-25.21,-14.45,33.31,-36.06,1
H,2022-10-18 14:13:27.602522,0.11,-0.59,0.69,10.38,-9.89,17.70,-14.45,33.31,-36.06,1
H,2022-10-18 14:13:27.628335,0.06,-0.41,0.84,-9.64,18.49,8.42,-14.45,33.31,-36.06,1
H,2022-10-18 14:13:27.643384,0.09,-0.41,0.95,-1.83,33.81,-5.49,-14.15,32.78,-37.38,1
H,2022-10-18 14:13:27.666939,0.09,-0.47,0.98,8.67,24.29,-11.11,-14.15,32.78,-37.38,1
H,2022-10-18 14:13:27.685951,0.10,-0.48,0.89,4.15,17.76,-17.76,-14.15,32.78,-37.38,1
H,2022-10-18 14:13:27.705349,0.10,-0.43,0.84,-1.10,19.10,-22.03,-13.28,32.31,-37.04,1
H,2022-10-18 14:13:27.718236,0.11,-0.45,0.87,4.46,17.70,-17.94,-13.28,32.31,-37.04,1
H,2022-10-18 14:13:27.743987,0.11,-0.50,0.88,9.28,11.84,-14.59,-13.12,31.42,-37.18,1
H,2022-10-18 14:13:27.756187,0.12,-0.53,0.88,10.07,2.44,-7.75,-13.12,31.42,-37.18,1
H,2022-10-18 14:13:27.776885,0.12,-0.57,0.85,13.24,-8.85,0.00,-13.12,31.42,-37.18,1
H,2022-10-18 14:13:27.797318,0.11,-0.65,0.78,18.25,-12.70,3.17,-12.33,31.29,-36.44,1
H,2022-10-18 14:13:27.807530,0.09,-0.62,0.68,5.98,-3.78,0.24,-12.33,31.29,-36.44,1
H,2022-10-18 14:13:27.831524,-0.04,-0.50,0.71,-1.83,21.42,8.67,-12.33,31.29,-36.44,1
H,2022-10-18 14:13:27.853717,0.12,-0.49,0.78,-0.12,44.62,33.14,-12.57,31.81,-36.21,1
H,2022-10-18 14:13:27.874730,0.38,-0.48,0.93,14.10,48.40,39.61,-12.57,31.81,-36.21,1
H,2022-10-18 14:13:27.891278,0.41,-0.50,0.91,25.39,31.19,24.72,-11.41,33.41,-38.20,1
H,2022-10-18 14:13:27.913513,0.33,-0.52,0.82,19.47,12.21,3.42,-11.41,33.41,-38.20,1
H,2022-10-18 14:13:27.933220,-0.38,-0.32,0.80,-1.22,-3.48,-14.47,-11.41,33.41,-38.20,1
H,2022-10-18 14:13:27.950750,0.14,-0.56,0.57,-3.60,4.64,1.83,-11.71,33.48,-36.79,1
H,2022-10-18 14:13:27.970843,0.17,-0.21,0.93,-25.39,13.49,3.66,-11.71,33.48,-36.79,1
H,2022-10-18 14:13:27.990944,0.17,-0.40,0.76,15.38,12.63,17.82,-11.33,33.00,-37.90,1
H,2022-10-18 14:13:28.001200,0.03,-0.58,0.99,21.30,-10.44,5.86,-11.33,33.00,-37.90,1
H,2022-10-18 14:13:28.021462,0.10,-0.57,0.95,11.35,-51.03,-10.62,-11.33,33.00,-37.90,1
H,2022-10-18 14:13:28.046240,0.11,-0.51,0.79,-3.11,-73.00,-20.14,-12.43,32.90,-37.24,1
H,2022-10-18 14:13:28.064074,0.09,-0.51,0.85,0.12,-79.71,-29.91,-12.43,32.90,-37.24,1
H,2022-10-18 14:13:28.082331,0.10,-0.53,0.84,4.15,-86.36,-35.95,-12.43,32.90,-37.24,1
H,2022-10-18 14:13:28.102559,0.09,-0.54,0.82,3.17,-86.61,-37.72,-14.93,31.31,-34.29,1
H,2022-10-18 14:13:28.125274,0.04,-0.55,0.75,-3.23,-63.78,-30.52,-14.93,31.31,-34.29,1
H,2022-10-18 14:13:28.142988,0.01,-0.53,0.78,-7.75,-37.84,-22.64,-15.87,29.75,-31.82,1
H,2022-10-18 14:13:28.164248,0.01,-0.47,0.84,-10.68,-13.61,-10.86,-15.87,29.75,-31.82,1
H,2022-10-18 14:13:28.183494,-0.07,-0.51,0.90,5.00,14.40,3.60,-15.87,29.75,-31.82,1
H,2022-10-18 14:13:28.203721,-0.27,-0.59,0.78,7.63,29.48,3.11,-16.05,29.60,-32.20,1
H,2022-10-18 14:13:28.219939,-0.23,-0.48,0.86,-11.66,65.37,16.36,-16.05,29.60,-32.20,1
H,2022-10-18 14:13:28.235688,-0.01,-0.48,1.04,-10.99,90.70,43.40,-16.05,29.60,-32.20,1
H,2022-10-18 14:13:28.254313,0.21,-0.50,1.18,2.38,74.65,38.09,-12.74,30.59,-35.63,1
H,2022-10-18 14:13:28.274730,0.27,-0.51,1.10,6.65,44.49,20.02,-12.74,30.59,-35.63,1
H,2022-10-18 14:13:28.299165,0.21,-0.50,0.92,7.20,18.25,1.28,-11.33,31.26,-36.89,1
H,2022-10-18 14:13:28.315646,0.10,-0.41,0.73,-1.34,12.94,-11.90,-11.33,31.26,-36.89,1
H,2022-10-18 14:13:28.335910,0.13,-0.36,0.75,-1.89,19.35,-6.59,-11.33,31.26,-36.89,1
H,2022-10-18 14:13:28.356081,0.16,-0.41,0.79,5.19,21.12,-0.55,-10.36,30.92,-35.99,1
H,2022-10-18 14:13:28.376261,0.15,-0.48,0.81,11.66,10.86,-2.08,-10.36,30.92,-35.99,1
H,2022-10-18 14:13:28.397332,0.14,-0.50,0.77,11.72,5.13,-4.52,-10.11,31.10,-35.60,1
H,2022-10-18 14:13:28.411077,0.12,-0.49,0.75,9.70,4.58,-5.62,-10.11,31.10,-35.60,1
H,2022-10-18 14:13:28.427118,0.09,-0.49,0.79,7.57,8.00,-1.53,-10.11,31.10,-35.60,1
H,2022-10-18 14:13:28.453165,0.12,-0.53,0.81,9.95,9.28,-0.37,-10.12,30.62,-37.32,1
H,2022-10-18 14:13:28.473985,0.12,-0.57,0.82,9.64,9.64,-0.18,-10.12,30.62,-37.32,1
H,2022-10-18 14:13:28.492163,0.10,-0.58,0.82,6.77,14.16,-0.55,-10.12,30.62,-37.32,1
H,2022-10-18 14:13:28.510142,0.11,-0.57,0.81,-0.92,20.57,0.12,-9.94,29.82,-35.58,1
H,2022-10-18 14:13:28.531335,0.13,-0.49,0.86,-3.30,23.86,4.27,-9.94,29.82,-35.58,1
H,2022-10-18 14:13:28.550484,0.17,-0.50,0.86,12.76,22.03,20.20,-8.47,29.69,-36.54,1
H,2022-10-18 14:13:28.568761,0.18,-0.59,0.79,15.50,23.44,23.80,-8.47,29.69,-36.54,1
H,2022-10-18 14:13:28.581381,0.15,-0.58,0.80,9.22,24.11,23.50,-8.47,29.69,-36.54,1
H,2022-10-18 14:13:28.606387,0.15,-0.56,0.83,3.72,17.58,20.51,-8.56,29.96,-35.57,1
H,2022-10-18 14:13:28.612537,0.21,-0.57,0.84,0.98,4.09,11.90,-8.56,29.96,-35.57,1
H,2022-10-18 14:13:28.638637,0.16,-0.49,0.80,0.85,-16.36,-0.73,-8.56,29.96,-35.57,1
H,2022-10-18 14:13:28.659309,0.17,-0.46,0.76,4.70,-26.18,-6.23,-9.51,29.83,-35.68,1
H,2022-10-18 14:13:28.680332,-0.30,-0.42,0.60,11.23,-34.48,-9.09,-9.51,29.83,-35.68,1
H,2022-10-18 14:13:28.699360,0.03,-0.82,0.81,-0.67,10.31,21.73,-10.08,29.97,-37.28,1
H,2022-10-18 14:13:28.711333,0.05,-0.38,1.00,-0.18,-13.18,5.31,-10.08,29.97,-37.28,1
H,2022-10-18 14:13:28.736302,0.08,-0.53,0.99,6.10,-61.04,-2.26,-10.08,29.97,-37.28,1
H,2022-10-18 14:13:28.752427,0.10,-0.54,0.87,6.41,-88.87,-8.97,-10.85,29.16,-35.41,1
H,2022-10-18 14:13:28.775911,0.11,-0.56,0.76,13.49,-95.40,-14.40,-10.85,29.16,-35.41,1
H,2022-10-18 14:13:28.793329,0.07,-0.60,0.72,8.12,-80.87,-20.51,-10.85,29.16,-35.41,1
H,2022-10-18 14:13:28.813593,0.04,-0.62,0.70,-0.61,-58.84,-20.69,-13.29,29.43,-31.95,1
H,2022-10-18 14:13:28.833698,0.01,-0.57,0.77,-11.78,-35.34,-16.85,-13.29,29.43,-31.95,1
H,2022-10-18 14:13:28.840186,0.00,-0.50,0.83,-10.50,-8.67,-6.77,-14.42,28.54,-31.40,1
H,2022-10-18 14:13:28.870580,-0.01,-0.48,0.82,-2.93,5.86,4.21,-14.42,28.54,-31.40,1
H,2022-10-18 14:13:28.886831,-0.06,-0.55,0.81,11.17,17.03,12.82,-14.42,28.54,-31.40,1
H,2022-10-18 14:13:28.907450,-0.17,-0.60,0.70,-0.18,46.81,15.63,-13.21,28.74,-32.20,1
H,2022-10-18 14:13:28.917529,0.03,-0.50,0.79,-16.24,78.25,30.40,-13.21,28.74,-32.20,1
H,2022-10-18 14:13:28.944695,0.16,-0.50,1.08,-0.49,74.34,53.47,-13.21,28.74,-32.20,1
H,2022-10-18 14:13:28.964917,0.28,-0.57,1.08,15.63,36.87,44.19,-10.90,29.15,-34.44,1
H,2022-10-18 14:13:28.978354,0.28,-0.60,0.95,15.20,-4.15,16.05,-10.90,29.15,-34.44,1
H,2022-10-18 14:13:29.000675,0.11,-0.53,0.77,2.38,-23.68,-14.47,-11.49,28.86,-32.17,1
H,2022-10-18 14:13:29.019165,-0.30,-0.16,0.85,-12.02,-13.92,-8.67,-11.49,28.86,-32.17,1
H,2022-10-18 14:13:29.039497,0.07,-0.52,0.67,7.57,-4.46,19.96,-11.49,28.86,-32.17,1
H,2022-10-18 14:13:29.059954,0.05,-0.46,0.93,-2.32,16.24,15.63,-12.04,28.14,-33.56,1
H,2022-10-18 14:13:29.070083,0.05,-0.54,0.98,8.00,23.13,-1.65,-12.04,28.14,-33.56,1
H,2022-10-18 14:13:29.096919,0.06,-0.56,0.92,6.59,14.95,-11.47,-12.04,28.14,-33.56,1
H,2022-10-18 14:13:29.112571,0.07,-0.52,0.84,0.73,9.40,-20.63,-11.17,28.41,-33.01,1
H,2022-10-18 14:13:29.130845,0.08,-0.48,0.81,-2.93,10.25,-21.79,-11.17,28.41,-33.01,1
H,2022-10-18 14:13:29.151071,0.08,-0.52,0.81,3.72,8.30,-14.47,-10.03,27.04,-33.56,1
H,2022-10-18 14:13:29.171344,0.09,-0.57,0.80,7.39,3.91,-7.63,-10.03,27.04,-33.56,1
H,2022-10-18 14:13:29.191622,0.09,-0.64,0.78,10.80,-0.73,-1.71,-10.03,27.04,-33.56,1
H,2022-10-18 14:13:29.211868,0.08,-0.74,0.76,11.90,-4.27,1.77,-9.86,27.15,-34.99,1
H,2022-10-18 14:13:29.232093,0.06,-0.73,0.67,0.43,0.92,-3.05,-9.86,27.15,-34.99,1
H,2022-10-18 14:13:29.252323,-0.02,-0.61,0.63,-13.79,23.50,-6.53,-9.86,27.15,-34.99,1
H,2022-10-18 14:13:29.270532,-0.01,-0.46,0.81,-24.72,53.83,24.17,-9.42,26.92,-33.26,1
H,2022-10-18 14:13:29.286159,0.29,-0.48,0.95,-7.75,52.61,38.82,-9.42,26.92,-33.26,1
H,2022-10-18 14:13:29.301850,0.40,-0.49,0.92,9.16,42.18,33.51,-8.30,27.71,-35.46,1
H,2022-10-18 14:13:29.317479,0.35,-0.51,0.88,22.22,21.30,14.71,-8.30,27.71,-35.46,1
H,2022-10-18 14:13:29.333096,0.11,-0.54,0.74,21.18,11.17,5.00,-8.30,27.71,-35.46,1
H,2022-10-18 14:13:29.364275,-0.23,-0.52,0.72,9.64,7.69,-4.21,-8.46,27.82,-35.73,1
H,2022-10-18 14:13:29.383381,0.14,-0.60,0.76,-25.02,8.42,3.17,-8.46,27.82,-35.73,1
H,2022-10-18 14:13:29.399943,0.14,-0.35,0.90,-20.14,9.89,0.79,-8.46,27.82,-35.73,1
H,2022-10-18 14:13:29.420052,0.15,-0.48,0.77,13.37,5.37,10.38,-8.41,27.17,-36.94,1
H,2022-10-18 14:13:29.437134,0.08,-0.65,0.89,17.94,1.46,4.03,-8.41,27.17,-36.94,1
H,2022-10-18 14:13:29.458764,0.03,-0.63,0.95,2.26,-20.69,-14.10,-8.79,27.73,-35.89,1
H,2022-10-18 14:13:29.467806,0.10,-0.50,0.87,-24.48,-70.13,-35.22,-8.79,27.73,-35.89,1
H,2022-10-18 14:13:29.499362,0.11,-0.45,0.85,-18.43,-87.04,-37.35,-8.79,27.73,-35.89,1
H,2022-10-18 14:13:29.514714,0.10,-0.48,0.76,-6.77,-91.86,-35.52,-10.08,26.90,-33.78,1
H,2022-10-18 14:13:29.529327,0.09,-0.53,0.72,1.34,-76.35,-24.23,-10.08,26.90,-33.78,1
H,2022-10-18 14:13:29.555557,0.01,-0.57,0.76,1.10,-57.19,-17.58,-12.23,25.82,-31.38,1
H,2022-10-18 14:13:29.567630,-0.01,-0.56,0.81,-4.09,-43.52,-18.92,-12.23,25.82,-31.38,1
H,2022-10-18 14:13:29.590527,-0.02,-0.53,0.85,-3.72,-23.99,-17.52,-12.23,25.82,-31.38,1
H,2022-10-18 14:13:29.614963,-0.03,-0.49,0.81,-1.53,-8.24,-10.56,-12.68,25.71,-31.68,1
H,2022-10-18 14:13:29.628035,-0.05,-0.51,0.84,2.26,8.48,-1.77,-12.68,25.71,-31.68,1
H,2022-10-18 14:13:29.643962,-0.08,-0.54,0.92,8.18,19.41,3.60,-12.68,25.71,-31.68,1
H,2022-10-18 14:13:29.675022,-0.25,-0.51,0.84,-7.39,42.72,2.01,-12.32,25.16,-30.36,1
H,2022-10-18 14:13:29.694235,-0.12,-0.48,0.95,-16.97,60.73,16.48,-12.32,25.16,-30.36,1
H,2022-10-18 14:13:29.700444,0.03,-0.48,1.08,-12.76,65.19,24.23,-10.35,25.78,-33.85,1
H,2022-10-18 14:13:29.732104,0.12,-0.48,1.05,-0.06,39.79,16.97,-10.35,25.78,-33.85,1
H,2022-10-18 14:13:29.748352,0.11,-0.47,0.93,2.87,24.05,6.71,-10.35,25.78,-33.85,1
H,2022-10-18 14:13:29.771523,0.09,-0.48,0.83,2.87,18.07,-0.92,-9.02,26.25,-33.14,1
H,2022-10-18 14:13:29.788026,0.06,-0.43,0.80,-1.89,23.44,-5.92,-9.02,26.25,-33.14,1
H,2022-10-18 14:13:29.810901,0.10,-0.41,0.84,-0.92,25.15,-2.69,-7.74,25.98,-33.58,1
H,2022-10-18 14:13:29.818903,0.12,-0.44,0.83,6.16,22.58,15.56,-7.74,25.98,-33.58,1
H,2022-10-18 14:13:29.839779,0.10,-0.48,0.79,7.57,19.23,-0.18,-7.74,25.98,-33.58,1
H,2022-10-18 14:13:29.867037,0.14,-0.51,0.80,7.02,18.55,-0.43,-6.91,25.99,-34.66,1
H,2022-10-18 14:13:29.883270,0.16,-0.51,0.80,8.00,17.40,-2.75,-6.91,25.99,-34.66,1
H,2022-10-18 14:13:29.904660,0.14,-0.50,0.81,10.38,14.77,-5.07,-6.91,25.99,-34.66,1
H,2022-10-18 14:13:29.921883,0.08,-0.53,0.80,16.05,10.44,-3.54,-5.65,25.60,-34.11,1
H,2022-10-18 14:13:29.943458,0.07,-0.56,0.78,17.33,11.72,0.73,-5.65,25.60,-34.11,1
H,2022-10-18 14:13:29.952753,0.09,-0.57,0.78,14.40,15.38,5.86,-5.00,25.32,-34.46,1
H,2022-10-18 14:13:29.981402,0.12,-0.61,0.82,10.31,20.14,1.83,-5.00,25.32,-34.46,1
H,2022-10-18 14:13:29.997026,0.09,-0.58,0.83,8.91,19.71,-1.40,-5.00,25.32,-34.46,1
H,2022-10-18 14:13:30.012732,0.03,-0.56,0.81,9.03,20.51,0.73,-4.99,24.72,-34.50,1
H,2022-10-18 14:13:30.028341,0.07,-0.58,0.81,5.13,24.48,4.39,-4.99,24.72,-34.50,1
H,2022-10-18 14:13:30.043964,0.08,-0.57,0.83,0.24,26.67,5.25,-4.99,24.72,-34.50,1
H,2022-10-18 14:13:30.075640,0.14,-0.55,0.83,1.83,22.83,2.93,-4.05,25.05,-34.14,1
H,2022-10-18 14:13:30.091338,0.17,-0.53,0.83,2.69,16.11,1.46,-4.05,25.05,-34.14,1
H,2022-10-18 14:13:30.106984,0.15,-0.55,0.79,8.79,10.99,2.75,-3.04,24.34,-35.05,1
H,2022-10-18 14:13:30.122513,0.15,-0.56,0.76,6.47,9.46,2.99,-3.04,24.34,-35.05,1
H,2022-10-18 14:13:30.138217,0.16,-0.53,0.79,5.07,9.89,2.69,-3.04,24.34,-35.05,1
H,2022-10-18 14:13:30.170002,0.16,-0.55,0.81,8.97,6.77,3.72,-3.21,24.15,-34.51,1
H,2022-10-18 14:13:30.185679,0.19,-0.57,0.80,9.09,-3.36,-2.50,-3.21,24.15,-34.51,1
H,2022-10-18 14:13:30.201339,-0.68,-0.53,0.67,5.37,-11.72,-5.19,-3.21,24.15,-34.51,1
H,2022-10-18 14:13:30.216954,0.14,-0.74,0.68,-2.99,7.57,16.60,-3.30,23.85,-33.79,1
H,2022-10-18 14:13:30.232508,0.08,-0.48,0.93,-13.43,13.12,9.83,-3.30,23.85,-33.79,1
H,2022-10-18 14:13:30.266361,0.06,-0.56,0.94,6.84,-27.22,-1.40,-3.30,23.78,-34.70,1
H,2022-10-18 14:13:30.279935,0.08,-0.56,0.87,0.92,-57.43,-10.68,-3.30,23.78,-34.70,1
H,2022-10-18 14:13:30.295646,0.10,-0.53,0.83,-3.30,-75.01,-15.75,-3.30,23.78,-34.70,1
H,2022-10-18 14:13:30.311271,0.08,-0.57,0.83,-4.09,-88.44,-23.38,-5.15,23.55,-34.14,1
H,2022-10-18 14:13:30.342445,0.08,-0.57,0.78,-3.42,-87.95,-27.40,-5.15,23.55,-34.14,1
H,2022-10-18 14:13:30.358525,0.05,-0.54,0.71,-4.33,-73.43,-25.76,-5.15,23.55,-34.14,1
H,2022-10-18 14:13:30.376035,0.02,-0.52,0.75,-4.94,-47.42,-17.94,-6.51,23.12,-31.26,1
H,2022-10-18 14:13:30.398398,-0.02,-0.57,0.86,7.63,-16.30,-8.42,-6.51,23.12,-31.26,1
H,2022-10-18 14:13:30.421491,-0.02,-0.58,0.84,11.66,-8.54,-5.80,-7.30,22.57,-30.90,1
H,2022-10-18 14:13:30.433942,-0.08,-0.58,0.78,8.97,12.15,8.24,-7.30,22.57,-30.90,1
H,2022-10-18 14:13:30.448821,-0.18,-0.60,0.72,-7.39,44.92,22.22,-7.30,22.57,-30.90,1
H,2022-10-18 14:13:30.477098,0.12,-0.59,0.85,-21.48,70.62,37.11,-5.74,22.91,-30.86,1
H,2022-10-18 14:13:30.487416,0.20,-0.56,1.03,-12.82,70.37,43.95,-5.74,22.91,-30.86,1
H,2022-10-18 14:13:30.514990,0.25,-0.52,1.02,2.62,45.41,34.00,-5.58,23.84,-32.87,1
H,2022-10-18 14:13:30.534695,0.20,-0.55,0.91,10.68,-5.92,21.24,-5.58,23.84,-32.87,1
H,2022-10-18 14:13:30.554347,0.04,-0.55,0.75,9.28,-22.34,2.87,-5.58,23.84,-32.87,1
H,2022-10-18 14:13:30.566621,-0.49,-0.31,0.79,-8.73,-17.82,-10.62,-5.99,23.25,-31.91,1
H,2022-10-18 14:13:30.593547,0.04,-0.41,0.79,-9.16,-2.08,5.92,-5.99,23.25,-31.91,1
H,2022-10-18 14:13:30.601395,0.04,-0.54,0.82,5.19,17.15,-2.26,-5.99,23.25,-31.91,1
H,2022-10-18 14:13:30.632196,0.04,-0.52,0.93,-0.31,27.83,-18.49,-6.01,23.69,-30.82,1
H,2022-10-18 14:13:30.650326,0.05,-0.47,0.92,-3.60,22.40,-30.70,-6.01,23.69,-30.82,1
H,2022-10-18 14:13:30.666556,0.05,-0.45,0.83,-1.53,23.25,-34.36,-4.08,22.03,-32.86,1
H,2022-10-18 14:13:30.686168,0.05,-0.41,0.87,-0.92,25.88,-31.56,-4.08,22.03,-32.86,1
H,2022-10-18 14:13:30.702660,0.04,-0.49,0.89,10.93,14.59,-13.00,-4.08,22.03,-32.86,1
H,2022-10-18 14:13:30.721751,0.04,-0.62,0.81,21.24,0.43,0.37,-2.37,21.69,-33.13,1
H,2022-10-18 14:13:30.744813,0.04,-0.69,0.79,20.51,-5.00,4.94,-2.37,21.69,-33.13,1
H,2022-10-18 14:13:30.751426,0.04,-0.74,0.71,20.26,-8.12,7.57,-2.37,21.69,-33.13,1
H,2022-10-18 14:13:30.784233,-0.00,-0.72,0.60,10.25,0.85,4.21,-2.42,22.44,-31.41,1
H,2022-10-18 14:13:30.798540,-0.12,-0.60,0.69,-9.22,37.11,21.91,-2.42,22.44,-31.41,1
H,2022-10-18 14:13:30.820864,0.14,-0.62,0.83,-12.57,54.14,41.56,-1.54,22.88,-32.25,1
H,2022-10-18 14:13:30.839826,0.27,-0.55,0.91,-2.20,56.03,39.92,-1.54,22.88,-32.25,1
H,2022-10-18 14:13:30.858551,0.41,-0.54,0.89,11.96,47.67,26.67,-1.54,22.88,-32.25,1
H,2022-10-18 14:13:30.870405,0.29,-0.57,0.81,23.62,30.03,11.90,-0.63,24.04,-33.64,1
H,2022-10-18 14:13:30.896579,0.08,-0.54,0.78,19.35,16.30,-1.46,-0.63,24.04,-33.64,1
H,2022-10-18 14:13:30.906001,0.02,-0.50,0.72,2.62,6.65,-10.19,-0.63,24.04,-33.64,1
H,2022-10-18 14:13:30.924777,-0.11,-0.44,0.74,-0.12,-0.37,-15.50,-0.50,23.46,-33.76,1
H,2022-10-18 14:13:30.947343,0.12,-0.54,0.65,8.24,9.40,14.59,-0.50,23.46,-33.76,1
H,2022-10-18 14:13:30.970520,0.11,-0.56,0.86,6.16,13.43,15.93,-0.26,23.35,-34.33,1
H,2022-10-18 14:13:30.989696,0.09,-0.65,0.87,12.02,0.61,4.82,-0.26,23.35,-34.33,1
H,2022-10-18 14:13:30.993803,0.05,-0.66,0.88,-0.85,-19.59,-8.12,-0.26,23.35,-34.33,1
H,2022-10-18 14:13:31.025053,0.08,-0.56,0.75,-11.47,-50.72,-25.09,-1.03,23.01,-33.59,1
H,2022-10-18 14:13:31.040684,0.06,-0.53,0.75,-17.64,-57.98,-27.40,-1.03,23.01,-33.59,1
H,2022-10-18 14:13:31.066810,0.07,-0.49,0.75,-15.44,-64.58,-30.76,-1.03,23.01,-33.59,1
H,2022-10-18 14:13:31.088175,0.07,-0.54,0.85,-1.46,-68.48,-28.38,-2.04,22.47,-30.38,1
H,2022-10-18 14:13:31.103900,0.06,-0.60,0.77,1.59,-66.41,-23.99,-2.04,22.47,-30.38,1
H,2022-10-18 14:13:31.119611,0.04,-0.61,0.75,0.49,-49.19,-18.49,-3.49,22.24,-30.26,1
H,2022-10-18 14:13:31.135244,0.00,-0.56,0.84,2.93,-17.33,-11.17,-3.49,22.24,-30.26,1
H,2022-10-18 14:13:31.150777,-0.04,-0.57,0.87,9.95,-4.03,-5.55,-3.49,22.24,-30.26,1
H,2022-10-18 14:13:31.182441,-0.11,-0.59,0.81,17.21,6.90,-4.27,-2.84,21.36,-30.16,1
H,2022-10-18 14:13:31.198147,-0.17,-0.62,0.86,-1.71,43.03,14.47,-2.84,21.36,-30.16,1
H,2022-10-18 14:13:31.213760,-0.01,-0.63,1.01,-13.43,62.44,28.38,-1.48,22.61,-30.88,1
H,2022-10-18 14:13:31.229319,0.10,-0.59,1.06,-10.86,62.62,26.00,-1.48,22.61,-30.88,1
H,2022-10-18 14:13:31.260563,0.18,-0.51,1.00,-8.48,44.37,8.36,-1.48,22.61,-30.88,1
H,2022-10-18 14:13:31.276660,0.17,-0.48,0.91,-2.01,29.60,-1.16,-0.09,22.86,-31.81,1
H,2022-10-18 14:13:31.292288,0.10,-0.48,0.80,0.67,22.40,-6.90,-0.09,22.86,-31.81,1
H,2022-10-18 14:13:31.307909,0.09,-0.46,0.76,-0.31,24.66,-6.35,-0.09,22.86,-31.81,1
H,2022-10-18 14:13:31.339156,0.12,-0.47,0.78,2.87,24.35,-4.82,1.28,23.32,-32.03,1
H,2022-10-18 14:13:31.354780,0.15,-0.49,0.78,6.84,18.37,-2.99,1.28,23.32,-32.03,1
H,2022-10-18 14:13:31.370939,0.17,-0.54,0.75,12.21,11.66,-2.75,2.23,23.43,-31.18,1
H,2022-10-18 14:13:31.386644,0.14,-0.56,0.72,10.56,6.16,-3.66,2.23,23.43,-31.18,1
H,2022-10-18 14:13:31.402277,0.13,-0.59,0.72,9.22,4.82,-3.72,2.23,23.43,-31.18,1
H,2022-10-18 14:13:31.432380,0.12,-0.59,0.75,7.14,4.21,-5.49,3.11,23.78,-31.88,1
H,2022-10-18 14:13:31.439397,0.05,-0.57,0.77,7.75,3.30,-4.33,3.11,23.78,-31.88,1
H,2022-10-18 14:13:31.470068,-0.00,-0.59,0.78,11.78,4.03,6.71,3.11,23.78,-31.88,1
H,2022-10-18 14:13:31.479835,0.03,-0.64,0.76,10.19,10.80,11.47,3.81,22.89,-31.08,1
H,2022-10-18 14:13:31.508626,0.07,-0.63,0.78,10.01,18.62,17.64,3.81,22.89,-31.08,1
H,2022-10-18 14:13:31.519654,0.11,-0.63,0.78,8.67,24.11,23.93,5.27,23.49,-31.96,1
H,2022-10-18 14:13:31.536498,0.10,-0.60,0.79,17.76,27.10,27.65,5.27,23.49,-31.96,1
H,2022-10-18 14:13:31.556236,0.12,-0.61,0.78,25.21,26.98,30.94,5.27,23.49,-31.96,1
H,2022-10-18 14:13:31.583174,0.17,-0.65,0.75,26.12,26.61,33.57,6.15,23.61,-32.60,1
H,2022-10-18 14:13:31.600611,0.16,-0.62,0.76,26.37,25.70,31.98,6.15,23.61,-32.60,1
H,2022-10-18 14:13:31.614384,0.19,-0.62,0.80,26.86,19.59,26.86,6.15,23.61,-32.60,1
H,2022-10-18 14:13:31.636932,0.20,-0.62,0.79,27.59,2.32,15.93,6.54,24.13,-32.65,1
H,2022-10-18 14:13:31.655645,0.18,-0.62,0.72,23.01,-6.53,10.01,6.54,24.13,-32.65,1
H,2022-10-18 14:13:31.677274,0.17,-0.62,0.71,16.91,-12.15,1.59,6.34,23.60,-30.41,1
H,2022-10-18 14:13:31.695236,-0.03,-0.67,0.68,-12.51,5.19,22.09,6.34,23.60,-30.41,1
H,2022-10-18 14:13:31.715670,0.06,-0.63,0.75,3.11,9.58,14.89,6.34,23.60,-30.41,1
H,2022-10-18 14:13:31.733108,0.08,-0.67,0.95,4.58,-10.31,-3.60,6.54,23.44,-31.70,1
H,2022-10-18 14:13:31.752838,0.08,-0.65,0.85,-5.68,-58.72,-18.07,6.54,23.44,-31.70,1
H,2022-10-18 14:13:31.767036,0.12,-0.63,0.73,-10.99,-75.38,-19.96,6.54,23.44,-31.70,1
H,2022-10-18 14:13:31.793683,0.09,-0.64,0.76,-8.12,-81.73,-21.85,5.22,23.78,-30.33,1
H,2022-10-18 14:13:31.812765,0.08,-0.71,0.77,-4.09,-90.27,-40.41,5.22,23.78,-30.33,1
H,2022-10-18 14:13:31.832146,0.08,-0.70,0.68,-11.11,-83.07,-53.10,3.89,23.89,-28.06,1
H,2022-10-18 14:13:31.847512,0.05,-0.55,0.65,-19.90,-57.92,-49.50,3.89,23.89,-28.06,1
H,2022-10-18 14:13:31.867692,0.02,-0.49,0.71,-10.93,-24.48,-27.89,3.89,23.89,-28.06,1
H,2022-10-18 14:13:31.873013,-0.03,-0.59,0.75,8.73,2.32,-2.81,3.37,23.06,-29.33,1
H,2022-10-18 14:13:31.896055,-0.09,-0.72,0.67,10.74,28.75,12.27,3.37,23.06,-29.33,1
H,2022-10-18 14:13:31.916433,-0.11,-0.71,0.71,-15.81,57.19,26.43,3.37,23.06,-29.33,1
H,2022-10-18 14:13:31.935030,0.14,-0.65,0.84,-28.20,82.46,47.06,3.91,23.58,-28.37,1
H,2022-10-18 14:13:31.960701,0.25,-0.55,1.00,-17.82,79.90,53.65,3.91,23.58,-28.37,1
H,2022-10-18 14:13:31.974765,0.34,-0.57,1.07,10.13,22.09,38.51,5.13,23.96,-29.02,1
H,2022-10-18 14:13:31.995905,0.34,-0.66,0.86,13.18,-17.40,9.46,5.13,23.96,-29.02,1
H,2022-10-18 14:13:32.011603,0.10,-0.58,0.63,6.59,-31.74,-20.63,5.13,23.96,-29.02,1
H,2022-10-18 14:13:32.027226,-0.80,-0.15,0.66,-10.19,-17.46,-28.38,4.46,23.00,-30.97,1
H,2022-10-18 14:13:32.042792,0.08,-0.39,0.70,-17.40,20.26,10.19,4.46,23.00,-30.97,1
H,2022-10-18 14:13:32.074436,0.10,-0.50,0.94,5.19,39.18,5.92,4.46,23.00,-30.97,1
H,2022-10-18 14:13:32.090133,0.06,-0.60,0.94,15.75,31.80,0.67,5.92,22.56,-28.88,1
H,2022-10-18 14:13:32.109104,0.07,-0.63,0.85,4.27,19.23,-18.92,5.92,22.56,-28.88,1
H,2022-10-18 14:13:32.121695,0.08,-0.52,0.79,-3.78,17.27,-24.72,6.81,22.55,-28.20,1
H,2022-10-18 14:13:32.152954,0.08,-0.53,0.80,0.67,13.06,-15.63,6.81,22.55,-28.20,1
H,2022-10-18 14:13:32.168997,0.07,-0.64,0.74,9.16,11.90,-10.44,6.81,22.55,-28.20,1
H,2022-10-18 14:13:32.184694,0.08,-0.67,0.76,5.49,14.10,-16.17,8.01,23.00,-29.21,1
H,2022-10-18 14:13:32.200317,0.07,-0.67,0.79,7.14,9.28,-10.31,8.01,23.00,-29.21,1
H,2022-10-18 14:13:32.215889,0.07,-0.74,0.74,10.62,-0.24,-0.49,8.01,23.00,-29.21,1
H,2022-10-18 14:13:32.247117,-0.01,-0.74,0.60,-0.18,6.29,2.08,8.59,23.01,-28.45,1
H,2022-10-18 14:13:32.267332,-0.05,-0.63,0.66,-18.07,29.85,19.78,8.59,23.01,-28.45,1
H,2022-10-18 14:13:32.278917,0.12,-0.67,0.77,-12.39,50.90,41.99,9.64,23.39,-28.34,1
H,2022-10-18 14:13:32.294614,0.40,-0.59,0.89,4.88,58.78,42.91,9.64,23.39,-28.34,1
H,2022-10-18 14:13:32.325791,0.50,-0.57,0.84,24.96,49.26,32.78,9.64,23.39,-28.34,1
H,2022-10-18 14:13:32.341504,0.42,-0.61,0.80,32.10,31.37,13.55,9.42,23.84,-29.11,1
H,2022-10-18 14:13:32.357116,0.21,-0.60,0.72,33.81,9.70,-1.77,9.42,23.84,-29.11,1
H,2022-10-18 14:13:32.373286,-1.35,-0.55,0.69,-10.56,0.67,-7.69,9.42,23.84,-29.11,1
H,2022-10-18 14:13:32.388994,0.13,-0.52,0.61,-12.76,9.09,-1.95,9.90,23.11,-30.65,1
H,2022-10-18 14:13:32.422021,0.18,-0.40,0.80,-8.30,9.40,6.96,9.90,23.11,-30.65,1
H,2022-10-18 14:13:32.429311,0.03,-0.67,0.87,14.40,-10.38,4.58,10.07,22.92,-30.10,1
H,2022-10-18 14:13:32.451805,0.03,-0.78,0.92,0.61,-48.10,-14.10,10.07,22.92,-30.10,1
H,2022-10-18 14:13:32.471813,0.13,-0.69,0.75,-25.39,-80.99,-37.54,10.07,22.92,-30.10,1
H,2022-10-18 14:13:32.490240,0.13,-0.64,0.78,-45.84,-91.92,-54.57,8.73,22.84,-28.71,1
H,2022-10-18 14:13:32.516918,0.12,-0.55,0.73,-37.05,-83.92,-60.97,8.73,22.84,-28.71,1
H,2022-10-18 14:13:32.535461,0.08,-0.49,0.69,-22.40,-64.94,-50.78,6.79,22.52,-27.58,1
H,2022-10-18 14:13:32.546105,0.03,-0.53,0.79,-5.68,-42.91,-36.19,6.79,22.52,-27.58,1
H,2022-10-18 14:13:32.568289,0.00,-0.56,0.78,6.23,-25.70,-23.01,6.79,22.52,-27.58,1
H,2022-10-18 14:13:32.593044,-0.05,-0.68,0.70,15.81,-11.23,-15.99,6.02,22.55,-28.25,1
H,2022-10-18 14:13:32.596909,-0.26,-0.73,0.66,16.05,7.87,-14.28,6.02,22.55,-28.25,1
H,2022-10-18 14:13:32.629381,-0.41,-0.74,0.66,-7.26,37.66,-3.17,6.02,22.55,-28.25,1
H,2022-10-18 14:13:32.636881,-0.33,-0.75,0.83,-26.43,69.89,18.25,6.84,22.27,-28.09,1
H,2022-10-18 14:13:32.664149,-0.10,-0.74,1.08,-28.44,68.36,28.08,6.84,22.27,-28.09,1
H,2022-10-18 14:13:32.675249,0.03,-0.77,0.96,-22.64,43.70,24.90,6.84,22.27,-28.09,1
H,2022-10-18 14:13:32.704925,0.08,-0.77,0.73,-31.80,26.18,17.94,6.96,24.19,-28.70,1
H,2022-10-18 14:13:32.721269,0.09,-0.70,0.61,-53.47,25.70,4.82,6.96,24.19,-28.70,1
H,2022-10-18 14:13:32.737733,0.10,-0.56,0.61,-56.40,23.07,3.54,6.02,23.72,-30.65,1
H,2022-10-18 14:13:32.762302,0.08,-0.57,0.58,-48.77,16.11,9.34,6.02,23.72,-30.65,1
H,2022-10-18 14:13:32.767780,0.06,-0.63,0.53,-45.96,11.78,18.19,6.02,23.72,-30.65,1
H,2022-10-18 14:13:32.799054,0.10,-0.64,0.54,-51.21,9.22,23.93,4.74,23.28,-31.53,1
H,2022-10-18 14:13:32.803078,0.11,-0.64,0.58,-59.88,2.87,28.69,4.74,23.28,-31.53,1
H,2022-10-18 14:13:32.834511,0.18,-0.57,0.62,-68.60,-4.70,27.10,4.74,23.28,-31.53,1
H,2022-10-18 14:13:32.853705,0.18,-0.47,0.66,-69.09,-14.34,28.81,2.69,22.35,-31.05,1
H,2022-10-18 14:13:32.873985,0.16,-0.40,0.66,-62.74,-21.85,41.02,2.69,22.35,-31.05,1
H,2022-10-18 14:13:32.889665,0.09,-0.33,0.67,-46.45,-21.79,53.47,-0.67,21.25,-32.40,1
H,2022-10-18 14:13:32.906376,0.15,-0.28,0.79,-34.97,-19.35,66.77,-0.67,21.25,-32.40,1
H,2022-10-18 14:13:32.932073,0.19,-0.26,0.93,-17.94,-22.95,75.38,-0.67,21.25,-32.40,1
H,2022-10-18 14:13:32.936682,0.15,-0.30,1.02,2.14,-35.52,76.54,-3.71,22.29,-33.37,1
H,2022-10-18 14:13:32.967865,0.12,-0.30,1.04,2.50,-39.43,68.60,-3.71,22.29,-33.37,1
H,2022-10-18 14:13:32.987735,0.07,-0.29,1.02,0.06,-37.78,59.69,-6.98,23.36,-35.49,1
H,2022-10-18 14:13:33.005477,0.04,-0.23,1.01,-9.09,-32.71,53.28,-6.98,23.36,-35.49,1
H,2022-10-18 14:13:33.021113,0.06,-0.11,1.02,-12.82,-27.71,49.56,-6.98,23.36,-35.49,1
H,2022-10-18 14:13:33.036736,0.07,-0.05,1.03,-0.31,-24.05,49.38,-10.71,24.27,-35.74,1
H,2022-10-18 14:13:33.052464,0.07,-0.11,1.02,11.90,-17.64,46.63,-10.71,24.27,-35.74,1
H,2022-10-18 14:13:33.067970,0.04,-0.15,1.05,17.15,-12.02,40.04,-10.71,24.27,-35.74,1
H,2022-10-18 14:13:33.099250,-0.01,-0.18,1.05,19.53,-10.31,31.43,-11.84,25.77,-38.09,1
H,2022-10-18 14:13:33.114935,-0.13,-0.19,0.97,1.65,-3.91,21.97,-11.84,25.77,-38.09,1
H,2022-10-18 14:13:33.133276,0.02,-0.14,0.99,-10.44,8.48,18.62,-11.84,25.77,-38.09,1
H,2022-10-18 14:13:33.146348,0.11,-0.08,1.07,-7.26,15.63,15.63,-14.11,26.00,-39.32,1
H,2022-10-18 14:13:33.168146,0.12,-0.19,1.05,13.43,14.65,8.48,-14.11,26.00,-39.32,1
H,2022-10-18 14:13:33.193941,0.07,-0.22,1.01,14.04,17.58,0.61,-14.97,26.39,-42.71,1
H,2022-10-18 14:13:33.209558,0.09,-0.19,1.00,6.35,22.28,-5.55,-14.97,26.39,-42.71,1
H,2022-10-18 14:13:33.225182,0.07,-0.18,1.06,11.54,20.69,-8.61,-14.97,26.39,-42.71,1
H,2022-10-18 14:13:33.256426,0.08,-0.24,1.02,18.49,22.77,-8.42,-15.36,24.95,-43.46,1
H,2022-10-18 14:13:33.272606,0.03,-0.28,1.03,21.12,28.93,-5.37,-15.36,24.95,-43.46,1
H,2022-10-18 14:13:33.288236,0.11,-0.36,1.00,9.77,42.24,-5.55,-14.16,24.19,-44.53,1
H,2022-10-18 14:13:33.303927,0.17,-0.29,1.04,-0.55,39.98,-8.67,-14.16,24.19,-44.53,1
H,2022-10-18 14:13:33.319551,0.14,-0.27,1.01,6.41,30.40,-8.91,-14.16,24.19,-44.53,1
H,2022-10-18 14:13:33.350734,0.14,-0.29,0.95,13.43,23.80,2.87,-13.01,23.21,-46.22,1
H,2022-10-18 14:13:33.368355,0.11,-0.35,0.88,16.30,29.48,11.96,-13.01,23.21,-46.22,1
H,2022-10-18 14:13:33.382358,0.17,-0.35,0.90,17.21,37.11,18.55,-13.01,23.21,-46.22,1
H,2022-10-18 14:13:33.397986,0.15,-0.36,0.93,26.98,42.85,24.72,-11.78,23.61,-45.81,1
H,2022-10-18 14:13:33.420939,0.16,-0.40,0.95,29.05,38.21,28.26,-11.78,23.61,-45.81,1
H,2022-10-18 14:13:33.444092,0.27,-0.42,0.97,29.91,24.54,19.35,-10.08,24.95,-46.45,1
H,2022-10-18 14:13:33.458718,0.21,-0.45,0.90,27.16,8.42,6.90,-10.08,24.95,-46.45,1
H,2022-10-18 14:13:33.480481,0.19,-0.46,0.84,19.10,-3.17,-5.07,-10.08,24.95,-46.45,1
H,2022-10-18 14:13:33.488828,0.22,-0.39,0.84,7.32,-13.37,-10.31,-10.85,24.82,-47.95,1
H,2022-10-18 14:13:33.519141,0.18,-0.42,0.82,9.83,-31.62,-16.24,-10.85,24.82,-47.95,1
H,2022-10-18 14:13:33.530235,0.03,-0.71,0.86,-29.24,19.65,14.83,-10.85,24.82,-47.95,1
H,2022-10-18 14:13:33.546495,0.15,-0.21,1.06,-23.01,5.07,3.66,-11.30,24.13,-47.18,1
H,2022-10-18 14:13:33.576356,0.11,-0.36,1.11,12.57,-44.98,9.95,-11.30,24.13,-47.18,1
H,2022-10-18 14:13:33.589637,0.09,-0.45,0.94,7.45,-75.87,0.98,-12.61,23.47,-45.45,1
H,2022-10-18 14:13:33.611430,0.14,-0.48,0.90,0.00,-91.80,-12.15,-12.61,23.47,-45.45,1
H,2022-10-18 14:13:33.636323,0.16,-0.45,0.88,-6.10,-97.72,-20.51,-12.61,23.47,-45.45,1
H,2022-10-18 14:13:33.653798,0.12,-0.45,0.80,-7.81,-86.43,-19.35,-16.91,23.18,-43.31,1
H,2022-10-18 14:13:33.673349,0.06,-0.44,0.76,-10.80,-59.63,-17.09,-16.91,23.18,-43.31,1
H,2022-10-18 14:13:33.692657,0.04,-0.38,0.82,-13.61,-25.33,-16.60,-16.91,23.18,-43.31,1
H,2022-10-18 14:13:33.699338,0.03,-0.30,0.93,-9.22,9.89,-7.87,-18.66,22.47,-41.42,1
H,2022-10-18 14:13:33.730114,-0.11,-0.39,0.89,2.14,23.86,0.12,-18.66,22.47,-41.42,1
H,2022-10-18 14:13:33.748231,-0.16,-0.37,0.83,-17.21,52.98,7.87,-17.03,21.47,-43.99,1
H,2022-10-18 14:13:33.767470,0.10,-0.26,0.96,-26.92,82.03,31.13,-17.03,21.47,-43.99,1
H,2022-10-18 14:13:33.785495,0.30,-0.24,1.10,9.09,79.59,53.28,-17.03,21.47,-43.99,1
H,2022-10-18 14:13:33.806712,0.36,-0.40,1.11,34.18,42.18,43.52,-14.15,22.75,-44.19,1
H,2022-10-18 14:13:33.825279,0.29,-0.49,1.02,36.62,-0.67,21.42,-14.15,22.75,-44.19,1
H,2022-10-18 14:13:33.843932,0.16,-0.50,0.84,23.74,-28.20,-4.09,-14.15,22.75,-44.19,1
H,2022-10-18 14:13:33.858282,0.01,-0.39,0.69,-14.22,-19.78,-25.88,-14.53,23.73,-44.78,1
H,2022-10-18 14:13:33.880997,0.00,-0.24,0.82,-27.89,2.44,-21.97,-14.53,23.73,-44.78,1
H,2022-10-18 14:13:33.892948,0.11,-0.15,0.99,-19.53,13.49,-14.16,-14.98,21.61,-44.81,1
H,2022-10-18 14:13:33.911561,0.09,-0.25,1.10,-5.19,7.51,21.85,-14.98,21.61,-44.81,1
H,2022-10-18 14:13:33.935088,0.06,-0.40,0.94,29.79,8.30,18.49,-14.98,21.61,-44.81,1
H,2022-10-18 14:13:33.946517,0.07,-0.48,0.96,13.43,16.30,-6.35,-14.36,23.23,-43.84,1
H,2022-10-18 14:13:33.975383,0.07,-0.41,1.00,1.10,17.58,-26.25,-14.36,23.23,-43.84,1
H,2022-10-18 14:13:33.991969,0.09,-0.37,0.93,-7.63,15.20,-39.55,-14.36,23.23,-43.84,1
H,2022-10-18 14:13:34.011824,0.11,-0.26,0.93,-11.90,12.15,-41.75,-13.26,21.11,-44.35,1
H,2022-10-18 14:13:34.029943,0.12,-0.31,0.91,2.56,5.25,-26.37,-13.26,21.11,-44.35,1
H,2022-10-18 14:13:34.045566,0.12,-0.43,0.83,15.75,1.10,-13.31,-12.21,20.30,-43.73,1
H,2022-10-18 14:13:34.068697,0.12,-0.52,0.82,17.88,2.01,-5.19,-12.21,20.30,-43.73,1
H,2022-10-18 14:13:34.077202,0.11,-0.55,0.82,15.14,5.49,-1.59,-12.21,20.30,-43.73,1
H,2022-10-18 14:13:34.092845,0.11,-0.55,0.78,8.36,15.32,-3.05,-10.97,21.06,-42.33,1
H,2022-10-18 14:13:34.108463,0.00,-0.38,0.83,2.14,35.77,7.32,-10.97,21.06,-42.33,1
H,2022-10-18 14:13:34.139700,0.22,-0.31,0.93,19.17,51.64,32.84,-10.97,21.06,-42.33,1
H,2022-10-18 14:13:34.159404,0.34,-0.35,0.99,54.75,50.35,52.06,-9.46,22.84,-42.94,1
H,2022-10-18 14:13:34.171565,0.39,-0.51,0.92,69.21,36.80,39.43,-9.46,22.84,-42.94,1
H,2022-10-18 14:13:34.187284,0.27,-0.57,0.83,49.80,28.50,14.16,-9.46,22.84,-42.94,1
H,2022-10-18 14:13:34.218448,0.20,-0.49,0.82,24.11,13.31,-1.95,-8.17,24.43,-45.09,1
H,2022-10-18 14:13:34.234071,0.17,-0.45,0.78,4.76,-12.15,-15.26,-8.17,24.43,-45.09,1
H,2022-10-18 14:13:34.249774,0.17,-0.70,0.61,-17.70,2.62,10.07,-8.59,24.08,-44.15,1
H,2022-10-18 14:13:34.268975,-0.02,-0.29,1.08,-30.94,12.76,3.05,-8.59,24.08,-44.15,1
H,2022-10-18 14:13:34.281490,0.09,-0.46,1.03,-4.64,-35.71,-1.34,-8.59,24.08,-44.15,1
H,2022-10-18 14:13:34.312750,0.11,-0.57,0.98,-16.54,-98.63,-14.28,-9.56,24.11,-43.82,1
H,2022-10-18 14:13:34.328450,0.13,-0.53,0.81,-29.36,-119.45,-29.85,-9.56,24.11,-43.82,1
H,2022-10-18 14:13:34.344068,0.17,-0.48,0.79,-26.49,-120.97,-37.54,-13.51,22.66,-41.19,1
H,2022-10-18 14:13:34.369252,0.09,-0.41,0.76,-18.92,-94.85,-20.20,-13.51,22.66,-41.19,1
H,2022-10-18 14:13:34.390909,0.00,-0.43,0.77,-6.10,-60.67,-12.02,-13.51,22.66,-41.19,1
H,2022-10-18 14:13:34.406797,-0.01,-0.38,0.86,-7.45,-24.41,-12.57,-15.16,22.28,-39.82,1
H,2022-10-18 14:13:34.425482,-0.07,-0.43,0.95,4.70,10.44,-7.93,-15.16,22.28,-39.82,1
H,2022-10-18 14:13:34.444607,-0.11,-0.47,0.81,-3.36,30.15,-15.75,-15.16,22.28,-39.82,1
H,2022-10-18 14:13:34.472317,-0.13,-0.29,0.94,-30.03,62.26,-14.89,-15.50,20.87,-38.33,1
H,2022-10-18 14:13:34.490481,0.07,-0.27,1.09,-11.41,84.66,7.02,-15.50,20.87,-38.33,1
H,2022-10-18 14:13:34.507632,0.11,-0.28,1.17,7.39,70.74,3.17,-12.19,20.54,-41.74,1
H,2022-10-18 14:13:34.527279,0.07,-0.35,1.11,21.06,45.59,-4.70,-12.19,20.54,-41.74,1
H,2022-10-18 14:13:34.546547,0.10,-0.39,0.97,20.20,28.02,-9.58,-12.19,20.54,-41.74,1
H,2022-10-18 14:13:34.560701,0.11,-0.40,0.83,17.03,20.94,-6.96,-10.91,21.37,-41.03,1
H,2022-10-18 14:13:34.583874,0.08,-0.40,0.80,18.01,23.99,-3.85,-10.91,21.37,-41.03,1
H,2022-10-18 14:13:34.601406,0.12,-0.41,0.82,20.51,24.23,-2.14,-10.91,21.37,-41.03,1
H,2022-10-18 14:13:34.621656,0.10,-0.44,0.82,24.54,20.75,-0.98,-9.14,21.20,-41.39,1
H,2022-10-18 14:13:34.639686,0.11,-0.45,0.80,27.53,16.54,2.26,-9.14,21.20,-41.39,1
H,2022-10-18 14:13:34.656610,0.14,-0.45,0.79,31.01,13.49,7.39,-7.95,21.28,-41.19,1
H,2022-10-18 14:13:34.674076,0.14,-0.49,0.80,37.17,11.54,12.27,-7.95,21.28,-41.19,1
H,2022-10-18 14:13:34.691132,0.15,-0.54,0.79,40.95,10.50,15.63,-7.95,21.28,-41.19,1
H,2022-10-18 14:13:34.714419,0.16,-0.59,0.78,36.50,11.29,17.88,-6.53,22.42,-40.88,1
H,2022-10-18 14:13:34.734160,0.15,-0.60,0.78,32.17,12.82,21.06,-6.53,22.42,-40.88,1
H,2022-10-18 14:13:34.752386,0.16,-0.60,0.78,31.62,16.91,21.06,-6.53,22.42,-40.88,1
H,2022-10-18 14:13:34.770175,0.15,-0.61,0.77,31.92,23.38,22.89,-6.40,24.00,-42.21,1
H,2022-10-18 14:13:34.790110,0.16,-0.60,0.82,26.79,25.45,26.79,-6.40,24.00,-42.21,1
H,2022-10-18 14:13:34.805201,0.16,-0.64,0.84,17.21,22.58,17.15,-5.37,24.43,-42.21,1
H,2022-10-18 14:13:34.826717,0.18,-0.60,0.85,3.66,15.81,1.83,-5.37,24.43,-42.21,1
H,2022-10-18 14:13:34.845070,0.14,-0.54,0.82,-1.28,10.07,-7.45,-5.37,24.43,-42.21,1
H,2022-10-18 14:13:34.867634,0.11,-0.50,0.76,-3.36,15.75,-8.42,-5.18,24.52,-42.35,1
H,2022-10-18 14:13:34.872258,0.17,-0.46,0.84,-3.23,19.53,-8.18,-5.18,24.52,-42.35,1
H,2022-10-18 14:13:34.904991,0.19,-0.50,0.87,5.13,12.39,-12.45,-5.18,24.52,-42.35,1
H,2022-10-18 14:13:34.909647,0.20,-0.54,0.84,2.56,-1.10,-21.73,-4.47,23.74,-42.87,1
H,2022-10-18 14:13:34.941225,-0.04,-0.36,0.70,-25.82,-9.34,-23.50,-4.47,23.74,-42.87,1
H,2022-10-18 14:13:34.956852,0.16,-0.56,0.69,-7.45,3.78,-2.14,-4.86,22.57,-42.13,1
H,2022-10-18 14:13:34.972861,0.11,-0.50,0.98,-12.70,-13.73,-1.16,-4.86,22.57,-42.13,1
H,2022-10-18 14:13:34.988488,0.07,-0.54,0.91,-6.71,-30.27,-7.51,-4.86,22.57,-42.13,1
H,2022-10-18 14:13:35.019734,0.07,-0.52,0.85,-8.48,-49.56,-18.01,-5.40,22.05,-41.00,1
H,2022-10-18 14:13:35.035365,0.08,-0.49,0.91,-13.18,-67.63,-25.15,-5.40,22.05,-41.00,1
H,2022-10-18 14:13:35.050981,0.13,-0.49,0.92,-4.09,-89.42,-21.36,-8.33,21.68,-39.05,1
H,2022-10-18 14:13:35.070611,0.12,-0.53,0.79,4.15,-84.23,-16.17,-8.33,21.68,-39.05,1
H,2022-10-18 14:13:35.098251,0.08,-0.55,0.76,9.89,-59.94,-8.67,-8.33,21.68,-39.05,1
H,2022-10-18 14:13:35.113874,0.03,-0.60,0.74,19.41,-15.14,-3.91,-9.85,21.70,-38.11,1
H,2022-10-18 14:13:35.129498,-0.06,-0.70,0.63,7.87,12.02,-10.44,-9.85,21.70,-38.11,1
H,2022-10-18 14:13:35.145118,-0.12,-0.54,0.69,-28.02,50.48,-10.80,-9.85,21.70,-38.11,1
H,2022-10-18 14:13:35.170745,0.13,-0.39,0.94,-29.42,71.04,21.55,-9.02,20.98,-40.16,1
H,2022-10-18 14:13:35.192666,0.21,-0.44,0.98,3.72,59.08,44.07,-9.02,20.98,-40.16,1
H,2022-10-18 14:13:35.208294,0.24,-0.56,0.94,22.22,41.87,47.55,-6.59,21.97,-39.70,1
H,2022-10-18 14:13:35.223926,0.30,-0.59,0.87,19.59,20.94,32.78,-6.59,21.97,-39.70,1
H,2022-10-18 14:13:35.239547,0.20,-0.57,0.86,4.52,-12.63,2.69,-6.59,21.97,-39.70,1
H,2022-10-18 14:13:35.270833,0.05,-0.51,0.76,-2.93,-23.13,-8.61,-6.91,22.11,-40.09,1
H,2022-10-18 14:13:35.286551,0.03,-0.58,0.84,-51.39,0.12,5.74,-6.91,22.11,-40.09,1
H,2022-10-18 14:13:35.302091,0.11,-0.13,0.96,-33.14,6.84,7.63,-6.91,22.11,-40.09,1
H,2022-10-18 14:13:35.317714,0.09,-0.40,0.90,24.41,9.46,20.32,-7.25,20.97,-38.67,1
H,2022-10-18 14:13:35.333337,0.07,-0.58,0.84,24.48,19.78,6.71,-7.25,20.97,-38.67,1
H,2022-10-18 14:13:35.348961,0.10,-0.56,0.92,9.46,23.38,-8.79,-6.25,21.61,-39.84,1
H,2022-10-18 14:13:35.380591,0.11,-0.56,0.88,-0.12,18.80,-17.33,-6.25,21.61,-39.84,1
H,2022-10-18 14:13:35.396219,0.11,-0.57,0.83,-10.13,17.88,-26.67,-6.25,21.61,-39.84,1
H,2022-10-18 14:13:35.411846,0.12,-0.55,0.83,-8.18,20.32,-31.68,-5.13,20.37,-41.48,1
H,2022-10-18 14:13:35.427887,0.12,-0.43,0.89,-7.02,17.70,-25.94,-5.13,20.37,-41.48,1
H,2022-10-18 14:13:35.459521,0.12,-0.51,0.88,27.04,1.53,-3.48,-5.13,20.37,-41.48,1
H,2022-10-18 14:13:35.475125,0.10,-0.68,0.74,16.85,-0.31,-3.78,-3.76,20.15,-39.18,1
H,2022-10-18 14:13:35.497008,0.08,-0.66,0.75,4.15,2.44,-8.30,-3.76,20.15,-39.18,1
H,2022-10-18 14:13:35.504406,0.04,-0.64,0.71,-3.05,9.58,-12.63,-3.92,20.26,-39.92,1
H,2022-10-18 14:13:35.520046,-0.11,-0.46,0.78,-28.56,25.02,13.00,-3.92,20.26,-39.92,1
H,2022-10-18 14:13:35.551479,0.19,-0.46,0.86,-0.98,45.41,46.39,-3.92,20.26,-39.92,1
H,2022-10-18 14:13:35.571199,0.34,-0.55,0.87,19.53,48.28,51.57,-2.76,20.97,-40.47,1
H,2022-10-18 14:13:35.583283,0.48,-0.50,0.91,27.89,42.66,36.50,-2.76,20.97,-40.47,1
H,2022-10-18 14:13:35.598922,0.44,-0.55,0.88,31.25,13.79,0.98,-2.76,20.97,-40.47,1
H,2022-10-18 14:13:35.623703,0.05,-0.57,0.72,18.98,-1.89,-17.52,-2.14,22.44,-41.65,1
H,2022-10-18 14:13:35.646721,0.02,-0.45,0.66,-6.65,-3.48,-21.61,-2.14,22.44,-41.65,1
H,2022-10-18 14:13:35.665949,0.11,-0.36,0.74,-9.03,2.56,-10.13,-1.95,21.86,-41.08,1
H,2022-10-18 14:13:35.688782,-0.48,-0.35,0.64,10.68,-4.82,-4.64,-1.95,21.86,-41.08,1
H,2022-10-18 14:13:35.707390,0.15,-0.71,0.72,15.32,14.34,20.81,-1.95,21.86,-41.08,1
H,2022-10-18 14:13:35.725841,0.13,-0.56,1.01,3.85,14.89,10.38,-1.65,21.48,-42.58,1
H,2022-10-18 14:13:35.732000,0.10,-0.67,0.89,1.40,-13.79,-11.11,-1.65,21.48,-42.58,1
H,2022-10-18 14:13:35.762982,0.08,-0.56,0.87,-23.19,-36.32,-26.79,-1.65,21.48,-42.58,1
H,2022-10-18 14:13:35.777940,0.12,-0.48,0.91,-32.29,-58.23,-31.56,-2.40,20.13,-40.45,1
H,2022-10-18 14:13:35.802695,0.10,-0.47,0.88,-22.89,-82.15,-26.55,-2.40,20.13,-40.45,1
H,2022-10-18 14:13:35.819581,0.13,-0.56,0.85,-10.50,-85.45,-29.30,-5.26,20.03,-39.22,1
H,2022-10-18 14:13:35.839776,0.12,-0.55,0.78,-7.93,-73.36,-32.17,-5.26,20.03,-39.22,1
H,2022-10-18 14:13:35.858176,0.07,-0.49,0.83,-9.03,-50.60,-26.86,-5.26,20.03,-39.22,1
H,2022-10-18 14:13:35.879156,0.01,-0.48,0.90,2.38,-28.08,-10.25,-6.71,19.18,-37.78,1
H,2022-10-18 14:13:35.897222,-0.09,-0.56,0.81,20.45,-18.01,-3.85,-6.71,19.18,-37.78,1
H,2022-10-18 14:13:35.919221,-0.34,-0.57,0.59,6.96,6.59,-2.32,-6.76,19.65,-38.71,1
H,2022-10-18 14:13:35.926246,-0.07,-0.47,0.79,-32.35,76.29,18.62,-6.76,19.65,-38.71,1
H,2022-10-18 14:13:35.954576,0.20,-0.40,1.01,-14.71,96.01,25.76,-6.76,19.65,-38.71,1
H,2022-10-18 14:13:35.971523,0.34,-0.42,1.15,8.67,76.48,22.64,-3.54,19.67,-40.22,1
H,2022-10-18 14:13:35.993362,0.26,-0.53,1.06,27.53,36.99,11.60,-3.54,19.67,-40.22,1
H,2022-10-18 14:13:36.009856,0.03,-0.63,0.82,8.36,7.87,-6.53,-3.54,19.67,-40.22,1
H,2022-10-18 14:13:36.030257,0.05,-0.45,0.69,-11.41,19.84,-5.37,-2.80,19.82,-39.20,1
H,2022-10-18 14:13:36.045923,0.12,-0.39,0.77,-9.70,35.28,4.33,-2.80,19.82,-39.20,1
H,2022-10-18 14:13:36.061546,0.16,-0.45,0.86,4.64,39.98,12.45,-0.89,19.42,-39.40,1
H,2022-10-18 14:13:36.077581,0.17,-0.54,0.88,10.50,23.38,9.89,-0.89,19.42,-39.40,1
H,2022-10-18 14:13:36.093225,0.10,-0.55,0.84,8.00,10.74,3.11,-0.89,19.42,-39.40,1
H,2022-10-18 14:13:36.124464,0.08,-0.54,0.80,2.62,6.59,2.20,-0.72,19.51,-39.44,1
H,2022-10-18 14:13:36.140157,0.10,-0.55,0.81,1.83,8.91,7.45,-0.72,19.51,-39.44,1
H,2022-10-18 14:13:36.155796,0.10,-0.55,0.84,3.97,8.91,10.74,-0.72,19.51,-39.44,1
H,2022-10-18 14:13:36.171398,0.15,-0.54,0.87,5.00,4.21,14.53,0.05,19.35,-38.09,1
H,2022-10-18 14:13:36.202576,0.14,-0.58,0.84,12.21,-5.31,14.65,0.05,19.35,-38.09,1
H,2022-10-18 14:13:36.222502,0.13,-0.57,0.82,8.12,-9.34,10.86,-0.38,19.67,-38.22,1
H,2022-10-18 14:13:36.234073,0.11,-0.55,0.80,5.00,-9.89,9.64,-0.38,19.67,-38.22,1
H,2022-10-18 14:13:36.249706,0.14,-0.53,0.78,-1.40,-3.30,9.70,-0.38,19.67,-38.22,1
H,2022-10-18 14:13:36.281512,0.17,-0.50,0.83,0.55,0.73,9.64,0.46,20.17,-38.55,1
H,2022-10-18 14:13:36.297153,0.21,-0.49,0.83,1.46,2.38,7.87,0.46,20.17,-38.55,1
H,2022-10-18 14:13:36.312832,0.20,-0.47,0.84,5.55,1.71,5.68,-0.06,20.84,-37.70,1
H,2022-10-18 14:13:36.328389,0.14,-0.51,0.79,10.25,4.09,10.13,-0.06,20.84,-37.70,1
H,2022-10-18 14:13:36.359636,0.17,-0.53,0.79,8.73,8.73,14.65,-0.06,20.84,-37.70,1
H,2022-10-18 14:13:36.375819,0.20,-0.54,0.83,4.76,8.91,15.14,0.17,19.81,-38.29,1
H,2022-10-18 14:13:36.391519,0.18,-0.55,0.82,6.16,1.65,8.91,0.17,19.81,-38.29,1
H,2022-10-18 14:13:36.407146,0.15,-0.54,0.78,4.82,-3.60,1.95,0.17,19.81,-38.29,1
H,2022-10-18 14:13:36.422766,0.13,-0.48,0.77,2.38,-6.96,-0.06,0.32,20.00,-37.65,1
H,2022-10-18 14:13:36.451887,0.12,-0.49,0.74,11.11,-9.64,1.28,0.32,20.00,-37.65,1
H,2022-10-18 14:13:36.471715,0.16,-0.51,0.81,12.21,-20.75,-0.73,-0.26,19.13,-37.71,1
H,2022-10-18 14:13:36.485981,-0.07,-0.61,0.71,-9.16,-4.52,13.31,-0.26,19.13,-37.71,1
H,2022-10-18 14:13:36.506855,0.08,-0.50,0.90,-23.44,-17.82,2.87,-0.26,19.13,-37.71,1
H,2022-10-18 14:13:36.533440,0.08,-0.56,1.09,-6.53,-62.62,-0.92,-0.83,19.21,-37.65,1
H,2022-10-18 14:13:36.542132,0.08,-0.55,0.91,-7.63,-93.75,-10.80,-0.83,19.21,-37.65,1
H,2022-10-18 14:13:36.571213,0.14,-0.51,0.79,-3.36,-103.21,-18.37,-0.83,19.21,-37.65,1
H,2022-10-18 14:13:36.582114,0.07,-0.55,0.66,2.50,-70.25,-7.08,-2.92,18.95,-33.63,1
H,2022-10-18 14:13:36.597539,0.02,-0.54,0.73,3.11,-37.72,-2.87,-2.92,18.95,-33.63,1
H,2022-10-18 14:13:36.621006,0.00,-0.56,0.79,3.54,-16.05,-3.85,-3.96,18.88,-33.70,1
H,2022-10-18 14:13:36.640089,-0.01,-0.60,0.82,2.01,-1.40,-4.76,-3.96,18.88,-33.70,1
H,2022-10-18 14:13:36.666566,-0.05,-0.54,0.77,-2.75,10.13,-1.40,-3.96,18.88,-33.70,1
H,2022-10-18 14:13:36.685383,-0.14,-0.50,0.73,-7.57,31.43,13.92,-3.60,18.65,-33.69,1
H,2022-10-18 14:13:36.703300,0.06,-0.54,0.79,-5.86,69.89,53.10,-3.60,18.65,-33.69,1
H,2022-10-18 14:13:36.720962,0.29,-0.54,0.97,4.82,71.84,54.26,-1.37,18.75,-36.43,1
H,2022-10-18 14:13:36.743186,0.28,-0.52,1.05,20.08,44.68,46.26,-1.37,18.75,-36.43,1
H,2022-10-18 14:13:36.758747,0.24,-0.61,0.99,15.81,-13.49,17.40,-1.37,18.75,-36.43,1
H,2022-10-18 14:13:36.784672,0.06,-0.57,0.75,-1.71,-29.17,-9.70,-2.15,19.64,-34.18,1
H,2022-10-18 14:13:36.803788,-0.32,-0.15,0.78,-23.25,-19.17,-20.08,-2.15,19.64,-34.18,1
H,2022-10-18 14:13:36.820846,0.08,-0.51,0.65,-4.27,-2.20,10.68,-2.15,19.64,-34.18,1
H,2022-10-18 14:13:36.835061,0.08,-0.48,0.91,0.37,26.25,5.62,-1.75,18.84,-34.23,1
H,2022-10-18 14:13:36.852973,0.05,-0.52,0.94,9.16,29.66,-3.97,-1.75,18.84,-34.23,1
H,2022-10-18 14:13:36.872156,0.06,-0.55,0.89,3.30,29.79,-23.56,-1.27,18.33,-35.80,1
H,2022-10-18 14:13:36.893182,0.09,-0.43,0.90,-9.64,22.34,-31.98,-1.27,18.33,-35.80,1
H,2022-10-18 14:13:36.914445,0.10,-0.46,0.87,5.25,5.74,-11.23,-1.27,18.33,-35.80,1
H,2022-10-18 14:13:36.935969,0.08,-0.62,0.75,10.62,0.24,-2.62,0.98,18.05,-34.07,1
H,2022-10-18 14:13:36.955338,0.09,-0.62,0.77,5.49,4.70,-4.64,0.98,18.05,-34.07,1
H,2022-10-18 14:13:36.973210,0.10,-0.61,0.84,11.54,2.62,-1.89,0.98,18.05,-34.07,1
H,2022-10-18 14:13:36.984188,0.02,-0.69,0.75,18.68,-0.31,0.18,0.94,18.13,-33.39,1
H,2022-10-18 14:13:36.999312,-0.17,-0.60,0.66,2.44,16.30,0.37,0.94,18.13,-33.39,1
H,2022-10-18 14:13:37.029578,0.04,-0.49,0.79,-13.61,40.65,26.92,1.83,18.58,-34.27,1
H,2022-10-18 14:13:37.045205,0.31,-0.57,0.90,17.76,52.80,42.54,1.83,18.58,-34.27,1
H,2022-10-18 14:13:37.060829,0.43,-0.57,0.91,21.79,42.66,28.32,1.83,18.58,-34.27,1
H,2022-10-18 14:13:37.076836,0.41,-0.54,0.84,27.22,29.30,8.24,2.06,19.69,-34.41,1
H,2022-10-18 14:13:37.108151,0.22,-0.49,0.74,22.16,19.29,-7.02,2.06,19.69,-34.41,1
H,2022-10-18 14:13:37.123847,0.12,-0.44,0.76,16.66,13.61,-9.22,2.71,19.68,-34.36,1
H,2022-10-18 14:13:37.139466,0.08,-0.44,0.78,10.07,0.00,-3.60,2.71,19.68,-34.36,1
H,2022-10-18 14:13:37.155090,0.17,-0.74,0.69,-14.83,7.81,25.63,2.71,19.68,-34.36,1
H,2022-10-18 14:13:37.186675,0.08,-0.43,0.96,-11.35,15.01,18.92,2.89,19.12,-35.16,1
H,2022-10-18 14:13:37.202304,0.06,-0.63,1.03,8.06,-19.78,15.81,2.89,19.12,-35.16,1
H,2022-10-18 14:13:37.218441,0.00,-0.72,0.92,-20.26,-89.90,-9.28,2.89,19.12,-35.16,1
H,2022-10-18 14:13:37.234220,0.13,-0.62,0.76,-37.05,-113.22,-28.26,1.53,19.20,-35.03,1
H,2022-10-18 14:13:37.253774,0.15,-0.53,0.64,-38.21,-109.74,-37.29,1.53,19.20,-35.03,1
H,2022-10-18 14:13:37.281849,0.11,-0.47,0.66,-21.67,-69.09,-27.53,-0.77,18.12,-33.63,1
H,2022-10-18 14:13:37.297545,0.04,-0.47,0.80,-7.32,-34.67,-13.67,-0.77,18.12,-33.63,1
H,2022-10-18 14:13:37.313190,0.03,-0.48,0.91,1.65,-12.94,-4.03,-0.77,18.12,-33.63,1
H,2022-10-18 14:13:37.328791,0.00,-0.50,0.87,18.43,0.49,3.54,-1.09,17.43,-33.07,1
H,2022-10-18 14:13:37.359969,-0.25,-0.59,0.66,12.02,20.57,2.87,-1.09,17.43,-33.07,1
H,2022-10-18 14:13:37.375975,-0.15,-0.54,0.76,-12.08,64.82,15.38,0.49,17.97,-32.37,1
H,2022-10-18 14:13:37.391602,0.15,-0.45,1.12,-10.74,87.59,34.97,0.49,17.97,-32.37,1
H,2022-10-18 14:13:37.407225,0.25,-0.50,1.21,5.43,60.30,32.23,0.49,17.97,-32.37,1
H,2022-10-18 14:13:37.438554,0.27,-0.56,1.06,12.15,20.87,15.81,2.45,18.53,-34.56,1
H,2022-10-18 14:13:37.456357,0.13,-0.56,0.86,6.53,-3.54,-10.44,2.45,18.53,-34.56,1
H,2022-10-18 14:13:37.475689,0.11,-0.44,0.78,-9.58,4.88,-15.20,2.45,18.53,-34.56,1
H,2022-10-18 14:13:37.497777,0.10,-0.39,0.82,-6.53,11.96,-13.31,2.62,18.66,-33.45,1
H,2022-10-18 14:13:37.516197,0.01,-0.40,0.82,2.08,15.32,-6.71,2.62,18.66,-33.45,1
H,2022-10-18 14:13:37.522715,0.12,-0.45,0.84,7.32,17.27,3.66,3.49,18.71,-32.71,1
H,2022-10-18 14:13:37.551503,0.17,-0.52,0.83,10.86,15.20,0.61,3.49,18.71,-32.71,1
H,2022-10-18 14:13:37.568841,0.16,-0.48,0.87,11.78,8.36,-4.03,3.49,18.71,-32.71,1
H,2022-10-18 14:13:37.592909,0.15,-0.51,0.83,17.76,2.08,-5.68,4.37,19.49,-33.78,1
H,2022-10-18 14:13:37.605011,0.06,-0.55,0.75,17.52,2.26,-5.74,4.37,19.49,-33.78,1
H,2022-10-18 14:13:37.619715,0.08,-0.56,0.75,12.76,8.73,-0.37,4.37,19.49,-33.78,1
H,2022-10-18 14:13:37.641047,0.15,-0.58,0.77,10.50,16.11,2.20,4.91,19.91,-32.04,1
H,2022-10-18 14:13:37.667632,0.19,-0.56,0.80,12.82,18.01,2.87,4.91,19.91,-32.04,1
H,2022-10-18 14:13:37.678891,0.15,-0.56,0.79,17.03,14.28,5.80,6.41,19.42,-31.38,1
H,2022-10-18 14:13:37.707964,0.12,-0.58,0.75,21.30,12.70,13.00,6.41,19.42,-31.38,1
H,2022-10-18 14:13:37.723463,0.13,-0.60,0.72,20.39,19.71,24.41,6.41,19.42,-31.38,1
H,2022-10-18 14:13:37.747142,0.15,-0.57,0.77,18.01,23.50,29.60,7.26,19.59,-32.46,1
H,2022-10-18 14:13:37.754564,0.18,-0.57,0.80,18.37,21.48,37.90,7.26,19.59,-32.46,1
H,2022-10-18 14:13:37.774176,0.22,-0.60,0.80,18.31,13.31,37.35,7.45,19.68,-32.10,1
H,2022-10-18 14:13:37.802766,0.22,-0.65,0.76,22.52,3.72,23.25,7.45,19.68,-32.10,1
H,2022-10-18 14:13:37.817173,0.12,-0.65,0.75,17.58,-1.10,12.45,7.45,19.68,-32.10,1
H,2022-10-18 14:13:37.839187,0.13,-0.60,0.75,4.15,-2.87,6.96,7.45,19.08,-31.45,1
H,2022-10-18 14:13:37.856178,0.17,-0.54,0.78,2.69,-10.44,9.83,7.45,19.08,-31.45,1
H,2022-10-18 14:13:37.877543,0.18,-0.55,0.79,9.46,-16.97,13.85,7.45,19.08,-31.45,1
H,2022-10-18 14:13:37.893177,0.00,-0.56,0.64,3.85,-12.27,11.90,7.14,19.35,-30.22,1
H,2022-10-18 14:13:37.916357,0.14,-0.57,0.79,-5.92,15.81,14.77,7.14,19.35,-30.22,1
H,2022-10-18 14:13:37.923933,0.09,-0.50,0.91,16.78,-11.90,11.90,8.15,18.58,-31.92,1
H,2022-10-18 14:13:37.945297,0.06,-0.63,0.83,5.13,-38.21,1.71,8.15,18.58,-31.92,1
H,2022-10-18 14:13:37.974443,0.11,-0.55,0.83,-12.45,-62.87,-5.68,8.15,18.58,-31.92,1
H,2022-10-18 14:13:37.986989,0.10,-0.60,0.86,-10.38,-83.98,-7.39,6.67,18.80,-31.96,1
H,2022-10-18 14:13:38.005085,0.15,-0.63,0.80,-3.60,-102.54,-17.64,6.67,18.80,-31.96,1
H,2022-10-18 14:13:38.032007,0.13,-0.63,0.75,1.22,-94.54,-20.81,6.67,18.80,-31.96,1
H,2022-10-18 14:13:38.041192,0.08,-0.64,0.71,5.98,-70.37,-18.92,4.61,19.37,-30.07,1
H,2022-10-18 14:13:38.056906,0.03,-0.58,0.78,6.04,-24.72,-13.12,4.61,19.37,-30.07,1
H,2022-10-18 14:13:38.088597,0.00,-0.57,0.75,10.93,-3.66,-7.20,3.88,19.53,-30.74,1
H,2022-10-18 14:13:38.104305,-0.08,-0.70,0.60,12.27,16.24,-1.53,3.88,19.53,-30.74,1
H,2022-10-18 14:13:38.119932,0.05,-0.53,0.73,-34.00,73.97,16.60,3.88,19.53,-30.74,1
H,2022-10-18 14:13:38.135554,0.26,-0.46,0.94,-18.13,94.18,38.51,5.40,18.96,-31.47,1
H,2022-10-18 14:13:38.151173,0.31,-0.48,1.12,7.45,75.50,44.19,5.40,18.96,-31.47,1
H,2022-10-18 14:13:38.182759,0.29,-0.63,1.07,31.13,31.43,33.02,5.40,18.96,-31.47,1
H,2022-10-18 14:13:38.198459,0.19,-0.71,0.89,18.01,-18.86,-5.13,6.63,18.92,-30.93,1
H,2022-10-18 14:13:38.214089,-0.22,-0.32,0.86,-15.14,-19.35,-16.11,6.63,18.92,-30.93,1
H,2022-10-18 14:13:38.229645,0.05,-0.52,0.61,-1.89,-11.05,5.92,5.68,18.86,-30.20,1
H,2022-10-18 14:13:38.245257,0.05,-0.50,0.87,-8.42,11.17,0.67,5.68,18.86,-30.20,1
H,2022-10-18 14:13:38.278647,0.06,-0.56,0.89,4.58,19.90,-13.12,5.68,18.86,-30.20,1
H,2022-10-18 14:13:38.292726,0.08,-0.58,0.84,1.46,14.59,-21.61,6.43,18.97,-29.85,1
H,2022-10-18 14:13:38.308426,0.09,-0.56,0.80,-4.27,14.04,-26.49,6.43,18.97,-29.85,1
H,2022-10-18 14:13:38.324045,0.10,-0.51,0.80,-7.02,15.56,-24.72,6.43,18.97,-29.85,1
H,2022-10-18 14:13:38.339682,0.10,-0.57,0.79,2.56,13.61,-18.74,7.64,18.02,-29.88,1
H,2022-10-18 14:13:38.370848,0.09,-0.61,0.76,10.25,9.03,-9.83,7.64,18.02,-29.88,1
H,2022-10-18 14:13:38.386865,0.10,-0.69,0.73,5.25,9.03,-10.74,8.00,18.93,-29.90,1
H,2022-10-18 14:13:38.402560,0.09,-0.67,0.75,0.43,9.95,-12.33,8.00,18.93,-29.90,1
H,2022-10-18 14:13:38.418183,0.05,-0.63,0.74,0.79,13.06,-12.63,8.00,18.93,-29.90,1
H,2022-10-18 14:13:38.433821,-0.01,-0.49,0.76,-10.99,30.40,6.04,9.22,19.13,-30.77,1
H,2022-10-18 14:13:38.464986,0.14,-0.59,0.78,2.14,36.87,36.93,9.22,19.13,-30.77,1
H,2022-10-18 14:13:38.485854,0.29,-0.63,0.79,12.70,39.49,43.40,9.22,19.13,-30.77,1
H,2022-10-18 14:13:38.491662,0.40,-0.64,0.79,14.28,32.47,19.53,9.41,19.13,-29.55,1
H,2022-10-18 14:13:38.520883,0.36,-0.58,0.78,15.63,19.35,-1.59,9.41,19.13,-29.55,1
H,2022-10-18 14:13:38.535444,0.15,-0.53,0.74,19.29,3.54,-10.56,9.69,19.15,-29.36,1
H,2022-10-18 14:13:38.559599,-0.18,-0.43,0.69,-34.85,6.84,10.50,9.69,19.15,-29.36,1
H,2022-10-18 14:13:38.580737,0.15,-0.24,0.87,-25.09,15.56,7.63,9.69,19.15,-29.36,1
H,2022-10-18 14:13:38.589656,0.06,-0.57,0.92,22.64,6.41,21.36,10.13,18.33,-29.47,1
H,2022-10-18 14:13:38.619617,0.03,-0.66,0.91,20.75,-24.48,11.96,10.13,18.33,-29.47,1
H,2022-10-18 14:13:38.636417,0.07,-0.72,0.79,-9.22,-69.64,-14.04,10.13,18.33,-29.47,1
H,2022-10-18 14:13:38.659402,0.11,-0.64,0.71,-28.20,-83.74,-30.76,9.20,18.92,-28.99,1
H,2022-10-18 14:13:38.673460,0.11,-0.58,0.72,-31.49,-82.46,-35.83,9.20,18.92,-28.99,1
H,2022-10-18 14:13:38.696659,0.09,-0.57,0.77,-20.51,-71.04,-32.35,7.45,18.18,-28.43,1
H,2022-10-18 14:13:38.707904,0.06,-0.56,0.83,-8.54,-57.19,-28.38,7.45,18.18,-28.43,1
H,2022-10-18 14:13:38.726424,0.03,-0.55,0.83,-1.10,-41.50,-22.83,7.45,18.18,-28.43,1
H,2022-10-18 14:13:38.750093,-0.01,-0.55,0.82,5.92,-23.13,-14.47,6.65,18.05,-28.04,1
H,2022-10-18 14:13:38.766201,-0.06,-0.61,0.75,16.30,-5.86,-7.51,6.65,18.05,-28.04,1
H,2022-10-18 14:13:38.788205,-0.19,-0.70,0.59,-7.75,40.28,-7.51,6.65,18.05,-28.04,1
H,2022-10-18 14:13:38.803182,-0.09,-0.50,0.88,-30.52,72.14,14.04,7.80,17.93,-28.34,1
H,2022-10-18 14:13:38.825976,0.08,-0.50,1.06,-16.91,80.75,33.94,7.80,17.93,-28.34,1
H,2022-10-18 14:13:38.843153,0.19,-0.54,1.13,-3.30,65.98,30.27,9.14,18.44,-27.71,1
H,2022-10-18 14:13:38.865019,0.15,-0.55,0.99,2.38,29.48,4.94,9.14,18.44,-27.71,1
H,2022-10-18 14:13:38.880801,0.10,-0.52,0.84,-1.59,18.25,-8.18,9.14,18.44,-27.71,1
H,2022-10-18 14:13:38.903055,0.05,-0.43,0.78,-5.49,22.52,-13.98,9.85,19.21,-28.65,1
H,2022-10-18 14:13:38.917107,0.11,-0.41,0.81,-3.97,30.58,-4.33,9.85,19.21,-28.65,1
H,2022-10-18 14:13:38.938915,0.15,-0.48,0.84,8.42,27.53,-2.32,9.85,19.21,-28.65,1
H,2022-10-18 14:13:38.959842,0.15,-0.51,0.81,15.50,19.78,-1.65,11.28,19.76,-28.85,1
H,2022-10-18 14:13:38.977646,0.15,-0.56,0.75,21.06,15.69,-0.49,11.28,19.76,-28.85,1
H,2022-10-18 14:13:38.987360,0.16,-0.63,0.73,15.32,16.42,-4.64,12.02,19.93,-26.83,1
H,2022-10-18 14:13:39.017811,0.12,-0.57,0.75,10.38,17.21,-9.34,12.02,19.93,-26.83,1
H,2022-10-18 14:13:39.026229,0.11,-0.59,0.73,13.43,18.49,-3.36,12.02,19.93,-26.83,1
H,2022-10-18 14:13:39.053889,0.13,-0.63,0.73,14.04,24.35,6.84,13.13,20.30,-27.69,1
H,2022-10-18 14:13:39.073427,0.11,-0.64,0.76,15.69,26.73,8.12,13.13,20.30,-27.69,1
H,2022-10-18 14:13:39.089072,0.11,-0.63,0.76,14.53,26.06,9.22,13.13,20.30,-27.69,1
H,2022-10-18 14:13:39.104691,0.14,-0.62,0.77,11.66,22.71,29.48,14.53,20.13,-26.81,1
H,2022-10-18 14:13:39.120372,0.18,-0.64,0.78,13.79,14.10,15.69,14.53,20.13,-26.81,1
H,2022-10-18 14:13:39.151549,0.18,-0.63,0.77,11.72,7.69,10.01,15.33,20.59,-26.10,1
H,2022-10-18 14:13:39.167175,0.15,-0.60,0.74,12.51,3.48,6.35,15.33,20.59,-26.10,1
H,2022-10-18 14:13:39.183285,0.18,-0.58,0.73,11.96,1.10,7.39,15.33,20.59,-26.10,1
H,2022-10-18 14:13:39.198996,0.19,-0.59,0.75,11.23,-3.54,7.08,14.78,20.19,-26.31,1
H,2022-10-18 14:13:39.214557,0.20,-0.61,0.76,15.50,-13.49,-1.34,14.78,20.19,-26.31,1
H,2022-10-18 14:13:39.245896,-0.16,-0.38,0.61,-0.92,-18.25,22.34,15.25,20.18,-24.65,1
H,2022-10-18 14:13:39.261485,0.05,-0.54,0.87,-10.80,9.70,9.83,15.25,20.18,-24.65,1
H,2022-10-18 14:13:39.277649,0.06,-0.62,1.06,-4.70,-20.69,-1.16,15.25,20.18,-24.65,1
H,2022-10-18 14:13:39.296775,0.05,-0.61,0.93,-13.49,-66.10,-8.61,14.50,19.47,-26.35,1
H,2022-10-18 14:13:39.309281,0.12,-0.63,0.81,-20.14,-101.44,-20.45,14.50,19.47,-26.35,1
H,2022-10-18 14:13:39.340534,0.09,-0.63,0.67,-8.85,-93.69,-23.56,14.50,19.47,-26.35,1
H,2022-10-18 14:13:39.356158,0.07,-0.62,0.68,-6.59,-78.67,-27.28,12.84,20.20,-24.99,1
H,2022-10-18 14:13:39.374287,0.04,-0.64,0.73,-8.61,-51.15,-29.17,12.84,20.20,-24.99,1
H,2022-10-18 14:13:39.387863,0.03,-0.58,0.76,-6.41,-31.92,-19.90,11.66,19.86,-25.83,1
H,2022-10-18 14:13:39.419114,-0.01,-0.63,0.74,-2.99,-11.78,-6.35,11.66,19.86,-25.83,1
H,2022-10-18 14:13:39.434741,-0.05,-0.61,0.68,-4.15,7.51,1.89,11.66,19.86,-25.83,1
H,2022-10-18 14:13:39.450433,-0.11,-0.62,0.60,-3.36,48.10,14.77,12.52,20.02,-25.17,1
H,2022-10-18 14:13:39.474490,0.10,-0.59,0.76,-17.76,83.01,33.75,12.52,20.02,-25.17,1
H,2022-10-18 14:13:39.497645,0.22,-0.47,0.99,-13.85,96.92,48.89,12.52,20.02,-25.17,1
H,2022-10-18 14:13:39.518568,0.30,-0.46,1.11,23.25,57.37,51.27,14.34,19.87,-25.34,1
H,2022-10-18 14:13:39.527447,0.21,-0.67,1.00,29.30,10.44,27.40,14.34,19.87,-25.34,1
H,2022-10-18 14:13:39.555095,0.09,-0.65,0.82,11.41,-19.23,-7.75,14.03,18.99,-27.17,1
H,2022-10-18 14:13:39.565348,0.03,-0.46,0.89,-36.07,-18.19,2.50,14.03,18.99,-27.17,1
H,2022-10-18 14:13:39.592093,0.06,-0.50,0.66,-12.70,4.46,0.67,14.03,18.99,-27.17,1
H,2022-10-18 14:13:39.600457,0.06,-0.54,0.85,-14.53,23.19,-19.41,14.53,19.32,-25.17,1
H,2022-10-18 14:13:39.630181,0.07,-0.44,0.92,-15.50,26.00,-31.13,14.53,19.32,-25.17,1
H,2022-10-18 14:13:39.639612,0.08,-0.44,0.86,-9.09,15.87,-27.34,14.53,19.32,-25.17,1
H,2022-10-18 14:13:39.669065,0.09,-0.48,0.80,4.27,11.05,-16.72,15.73,19.75,-25.63,1
H,2022-10-18 14:13:39.681715,0.08,-0.62,0.76,17.15,10.31,-6.35,15.73,19.75,-25.63,1
H,2022-10-18 14:13:39.703559,0.10,-0.67,0.78,16.17,10.56,-4.21,16.77,20.58,-25.07,1
H,2022-10-18 14:13:39.727037,0.07,-0.76,0.72,20.51,6.96,-0.98,16.77,20.58,-25.07,1
H,2022-10-18 14:13:39.745561,-0.01,-0.70,0.63,13.43,13.79,2.08,16.77,20.58,-25.07,1
H,2022-10-18 14:13:39.766028,-0.01,-0.60,0.69,2.20,31.49,21.36,16.93,20.69,-25.59,1
H,2022-10-18 14:13:39.777354,0.29,-0.67,0.79,18.13,47.36,50.11,16.93,20.69,-25.59,1
H,2022-10-18 14:13:39.802734,0.36,-0.67,0.83,23.74,42.42,43.09,16.93,20.69,-25.59,1
H,2022-10-18 14:13:39.812564,0.39,-0.66,0.79,24.35,29.42,24.72,17.41,21.14,-24.33,1
H,2022-10-18 14:13:39.835793,0.23,-0.61,0.73,22.89,19.59,2.38,17.41,21.14,-24.33,1
H,2022-10-18 14:13:39.858504,0.09,-0.57,0.69,13.92,16.48,-3.17,18.36,21.01,-24.57,1
H,2022-10-18 14:13:39.874414,0.16,-0.49,0.76,-0.79,9.22,0.31,18.36,21.01,-24.57,1
H,2022-10-18 14:13:39.894851,0.07,-0.51,0.72,-7.81,7.14,3.23,18.36,21.01,-24.57,1
H,2022-10-18 14:13:39.904248,0.17,-0.56,0.75,-0.55,18.13,7.75,18.14,20.70,-24.84,1
H,2022-10-18 14:13:39.926656,0.06,-0.69,0.94,8.67,12.21,7.69,18.14,20.70,-24.84,1
H,2022-10-18 14:13:39.945141,0.04,-0.72,0.88,-2.75,-15.14,-12.88,18.14,20.70,-24.84,1
H,2022-10-18 14:13:39.966943,0.07,-0.65,0.91,-42.72,-66.65,-46.57,18.25,20.62,-23.88,1
H,2022-10-18 14:13:39.986509,0.14,-0.54,0.83,-44.62,-89.29,-50.17,18.25,20.62,-23.88,1
H,2022-10-18 14:13:39.995765,0.15,-0.55,0.71,-35.03,-96.13,-45.72,16.13,20.43,-24.83,1
H,2022-10-18 14:13:40.025500,0.12,-0.53,0.73,-24.17,-67.81,-33.57,16.13,20.43,-24.83,1
H,2022-10-18 14:13:40.033835,0.04,-0.57,0.72,0.67,-47.55,-28.56,16.13,20.43,-24.83,1
H,2022-10-18 14:13:40.053328,0.03,-0.61,0.71,8.18,-26.25,-25.39,15.25,20.53,-24.69,1
H,2022-10-18 14:13:40.076416,-0.02,-0.63,0.73,9.95,-8.85,-20.08,15.25,20.53,-24.69,1
H,2022-10-18 14:13:40.092043,-0.39,-0.68,0.63,8.12,15.56,-10.07,15.25,20.53,-24.69,1
H,2022-10-18 14:13:40.123290,-0.25,-0.73,0.72,-16.48,46.75,12.88,15.86,20.63,-24.83,1
H,2022-10-18 14:13:40.138915,-0.03,-0.71,0.87,-28.02,69.76,25.82,15.86,20.63,-24.83,1
H,2022-10-18 14:13:40.154537,0.11,-0.66,1.01,-26.43,62.50,21.55,15.00,20.94,-25.39,1
H,2022-10-18 14:13:40.174663,0.14,-0.72,0.91,-25.02,36.68,15.75,15.00,20.94,-25.39,1
H,2022-10-18 14:13:40.186166,0.17,-0.75,0.72,-38.64,19.17,4.52,15.00,20.94,-25.39,1
H,2022-10-18 14:13:40.217416,0.13,-0.70,0.62,-68.18,16.24,-11.54,14.38,20.02,-26.28,1
H,2022-10-18 14:13:40.233040,0.11,-0.55,0.65,-77.64,15.63,-12.15,14.38,20.02,-26.28,1
H,2022-10-18 14:13:40.248666,0.08,-0.51,0.67,-79.65,10.80,-7.87,12.62,18.23,-27.45,1
H,2022-10-18 14:13:40.274815,0.05,-0.46,0.67,-74.28,2.32,2.08,12.62,18.23,-27.45,1
H,2022-10-18 14:13:40.295971,0.09,-0.43,0.67,-66.47,-1.22,13.49,12.62,18.23,-27.45,1
H,2022-10-18 14:13:40.316178,0.14,-0.41,0.73,-59.63,-4.88,23.25,11.00,16.13,-27.59,1
H,2022-10-18 14:13:40.327761,0.14,-0.42,0.74,-50.29,-11.17,28.87,11.00,16.13,-27.59,1
H,2022-10-18 14:13:40.343467,0.15,-0.38,0.75,-45.84,-17.88,30.09,11.00,16.13,-27.59,1
H,2022-10-18 14:13:40.359025,0.12,-0.30,0.80,-39.86,-19.71,33.51,8.42,13.67,-30.25,1
H,2022-10-18 14:13:40.390271,0.02,-0.28,0.85,-27.47,-19.71,40.22,8.42,13.67,-30.25,1
H,2022-10-18 14:13:40.405896,0.06,-0.30,0.97,-15.69,-15.87,54.14,6.01,12.12,-29.92,1
H,2022-10-18 14:13:40.421519,0.05,-0.28,1.08,-3.97,-18.86,61.83,6.01,12.12,-29.92,1
H,2022-10-18 14:13:40.437142,0.09,-0.32,1.09,1.46,-26.31,61.58,6.01,12.12,-29.92,1
H,2022-10-18 14:13:40.468386,0.06,-0.29,1.06,-2.26,-34.73,52.19,1.83,11.61,-32.12,1
H,2022-10-18 14:13:40.484395,0.07,-0.21,0.97,-7.26,-32.47,48.71,1.83,11.61,-32.12,1
H,2022-10-18 14:13:40.508994,0.08,-0.16,0.97,-4.58,-28.14,49.32,1.83,11.61,-32.12,1
H,2022-10-18 14:13:40.526588,0.07,-0.17,0.98,3.97,-21.97,50.96,-2.60,12.11,-33.97,1
H,2022-10-18 14:13:40.547203,0.04,-0.21,1.00,14.10,-19.47,48.34,-2.60,12.11,-33.97,1
H,2022-10-18 14:13:40.553648,0.03,-0.22,1.00,14.95,-18.13,42.66,-7.28,12.43,-36.22,1
H,2022-10-18 14:13:40.574836,-0.00,-0.23,0.97,12.02,-16.48,37.41,-7.28,12.43,-36.22,1
H,2022-10-18 14:13:40.595086,-0.02,-0.26,0.94,5.07,-10.62,33.45,-7.28,12.43,-36.22,1
H,2022-10-18 14:13:40.617174,-0.01,-0.24,0.95,-9.09,-4.03,24.41,-9.89,12.89,-37.04,1
H,2022-10-18 14:13:40.637494,0.01,-0.13,1.02,-7.32,-5.00,18.25,-9.89,12.89,-37.04,1
H,2022-10-18 14:13:40.655736,-0.06,-0.15,1.01,3.91,-7.39,17.15,-9.89,12.89,-37.04,1
H,2022-10-18 14:13:40.675192,-0.06,-0.19,1.00,9.09,-5.31,22.40,-12.33,12.77,-37.61,1
H,2022-10-18 14:13:40.699476,-0.01,-0.26,1.01,9.03,-2.87,20.51,-12.33,12.77,-37.61,1
H,2022-10-18 14:13:40.708874,-0.04,-0.27,1.01,4.70,-1.89,12.76,-14.88,13.64,-39.28,1
H,2022-10-18 14:13:40.738777,-0.04,-0.25,1.00,-4.64,4.09,0.31,-14.88,13.64,-39.28,1
H,2022-10-18 14:13:40.741957,0.04,-0.17,1.00,-7.14,9.22,-3.60,-14.88,13.64,-39.28,1
H,2022-10-18 14:13:40.776051,0.01,-0.15,1.01,2.69,11.47,-3.36,-15.22,13.12,-39.03,1
H,2022-10-18 14:13:40.795553,-0.06,-0.22,0.97,13.18,24.35,-2.26,-15.22,13.12,-39.03,1
H,2022-10-18 14:13:40.814312,0.05,-0.21,1.02,9.77,32.10,-4.94,-15.20,12.50,-41.33,1
H,2022-10-18 14:13:40.831319,0.02,-0.21,1.03,21.06,32.65,-2.93,-15.20,12.50,-41.33,1
H,2022-10-18 14:13:40.847520,0.04,-0.28,0.99,23.74,31.62,2.75,-15.20,12.50,-41.33,1
H,2022-10-18 14:13:40.871240,0.09,-0.30,0.97,20.75,32.71,3.17,-13.49,13.56,-43.90,1
H,2022-10-18 14:13:40.885148,0.18,-0.31,0.98,24.35,26.12,3.97,-13.49,13.56,-43.90,1
H,2022-10-18 14:13:40.898462,0.12,-0.34,0.95,22.16,13.43,4.58,-13.49,13.56,-43.90,1
H,2022-10-18 14:13:40.927795,0.12,-0.39,0.90,14.34,1.89,3.60,-13.45,14.10,-43.48,1
H,2022-10-18 14:13:40.930450,0.10,-0.37,0.88,9.46,-5.31,-4.64,-13.45,14.10,-43.48,1
H,2022-10-18 14:13:40.964077,0.10,-0.33,0.94,10.38,-23.50,-11.23,-13.45,14.10,-43.48,1
H,2022-10-18 14:13:40.978303,-0.04,-0.46,0.94,-11.96,-0.12,13.85,-13.82,13.34,-41.87,1
H,2022-10-18 14:13:41.002076,0.02,-0.25,0.97,8.18,-16.48,14.71,-13.82,13.34,-41.87,1
H,2022-10-18 14:13:41.019773,0.02,-0.36,1.15,24.96,-48.71,13.49,-14.51,13.68,-42.50,1
H,2022-10-18 14:13:41.037737,0.03,-0.47,0.92,23.93,-103.03,1.65,-14.51,13.68,-42.50,1
H,2022-10-18 14:13:41.057662,0.03,-0.49,0.76,9.28,-107.06,-7.39,-14.51,13.68,-42.50,1
H,2022-10-18 14:13:41.076825,-0.02,-0.46,0.78,0.73,-94.24,-10.68,-17.37,14.14,-38.81,1
H,2022-10-18 14:13:41.081296,-0.06,-0.45,0.81,-7.39,-75.32,-14.47,-17.37,14.14,-38.81,1
H,2022-10-18 14:13:41.112550,-0.11,-0.40,0.89,-12.02,-55.97,-16.54,-17.37,14.14,-38.81,1
H,2022-10-18 14:13:41.128172,-0.12,-0.32,0.91,-11.66,-28.08,-12.57,-19.75,13.72,-35.94,1
H,2022-10-18 14:13:41.143863,-0.14,-0.31,0.91,-0.85,-9.16,-5.62,-19.75,13.72,-35.94,1
H,2022-10-18 14:13:41.159416,-0.23,-0.38,0.93,4.82,14.04,0.18,-20.13,12.84,-37.28,1
H,2022-10-18 14:13:41.175544,-0.29,-0.41,0.89,-6.35,43.40,1.22,-20.13,12.84,-37.28,1
H,2022-10-18 14:13:41.206676,-0.06,-0.30,1.04,-17.27,76.42,20.20,-20.13,12.84,-37.28,1
H,2022-10-18 14:13:41.222301,0.13,-0.32,1.13,-7.51,68.05,28.38,-17.83,13.68,-38.67,1
H,2022-10-18 14:13:41.237922,0.17,-0.35,1.10,7.08,40.16,18.49,-17.83,13.68,-38.67,1
H,2022-10-18 14:13:41.253545,0.11,-0.36,0.99,11.11,7.93,3.30,-17.83,13.68,-38.67,1
H,2022-10-18 14:13:41.275673,-0.01,-0.35,0.84,4.39,-14.71,-7.69,-17.24,13.56,-38.37,1
H,2022-10-18 14:13:41.300804,-0.05,-0.29,0.79,-0.24,-11.54,-7.63,-17.24,13.56,-38.37,1
H,2022-10-18 14:13:41.316436,-0.04,-0.27,0.83,-1.22,-4.21,-6.10,-17.65,13.49,-39.36,1
H,2022-10-18 14:13:41.335986,-0.77,-0.18,1.01,1.83,0.98,10.38,-17.65,13.49,-39.36,1
H,2022-10-18 14:13:41.348000,-0.05,-0.46,0.92,18.74,-5.68,25.70,-17.65,13.49,-39.36,1
H,2022-10-18 14:13:41.375792,-0.13,-0.50,0.87,21.12,3.48,20.69,-17.00,13.98,-38.39,1
H,2022-10-18 14:13:41.395511,-0.11,-0.46,0.95,3.91,18.25,-1.04,-17.00,13.98,-38.39,1
H,2022-10-18 14:13:41.411134,-0.08,-0.37,1.05,-3.85,17.09,-25.63,-17.00,13.98,-38.39,1
H,2022-10-18 14:13:41.426837,-0.05,-0.30,0.97,-6.71,8.85,-33.20,-16.41,13.17,-39.06,1
H,2022-10-18 14:13:41.442457,-0.04,-0.26,0.91,-5.68,4.33,-28.44,-16.41,13.17,-39.06,1
H,2022-10-18 14:13:41.475782,-0.04,-0.30,0.89,2.32,4.76,-20.02,-14.07,12.17,-38.35,1
H,2022-10-18 14:13:41.490005,-0.04,-0.43,0.87,11.90,7.87,-16.24,-14.07,12.17,-38.35,1
H,2022-10-18 14:13:41.506052,-0.02,-0.46,0.88,7.93,8.91,-14.59,-14.07,12.17,-38.35,1
H,2022-10-18 14:13:41.526327,-0.02,-0.49,0.85,3.36,10.19,-11.47,-13.38,11.30,-38.09,1
H,2022-10-18 14:13:41.540491,-0.04,-0.46,0.86,-2.75,15.63,-8.30,-13.38,11.30,-38.09,1
H,2022-10-18 14:13:41.554068,-0.21,-0.34,0.86,-4.82,28.32,-4.70,-13.38,11.30,-38.09,1
H,2022-10-18 14:13:41.585272,-0.12,-0.24,0.94,-1.89,39.79,20.39,-12.51,11.28,-37.22,1
H,2022-10-18 14:13:41.602929,0.06,-0.35,0.94,19.41,46.26,47.61,-12.51,11.28,-37.22,1
H,2022-10-18 14:13:41.620524,0.18,-0.46,0.94,30.03,48.34,36.01,-11.41,14.26,-39.10,1
H,2022-10-18 14:13:41.638694,0.25,-0.41,0.95,29.91,36.44,16.42,-11.41,14.26,-39.10,1
H,2022-10-18 14:13:41.663101,0.18,-0.42,0.86,31.25,20.75,0.98,-11.41,14.26,-39.10,1
H,2022-10-18 14:13:41.675706,0.06,-0.45,0.80,23.99,9.22,-8.97,-9.73,14.00,-41.46,1
H,2022-10-18 14:13:41.700673,-0.79,-0.24,0.58,-6.10,-6.41,-18.62,-9.73,14.00,-41.46,1
H,2022-10-18 14:13:41.716147,0.03,-0.45,0.83,-15.87,15.56,5.55,-9.73,14.00,-41.46,1
H,2022-10-18 14:13:41.741029,0.00,-0.15,1.16,-14.65,5.19,9.28,-10.34,12.95,-40.15,1
H,2022-10-18 14:13:41.749150,-0.01,-0.47,1.03,21.36,-53.47,13.12,-10.34,12.95,-40.15,1
H,2022-10-18 14:13:41.780522,-0.00,-0.50,0.89,12.82,-77.39,-1.46,-11.85,13.24,-39.01,1
H,2022-10-18 14:13:41.798430,-0.01,-0.44,0.85,-0.43,-90.03,-14.34,-11.85,13.24,-39.01,1
H,2022-10-18 14:13:41.818477,-0.02,-0.40,0.82,-1.16,-95.76,-17.52,-11.85,13.24,-39.01,1
H,2022-10-18 14:13:41.840629,-0.05,-0.38,0.81,-0.49,-91.13,-12.82,-14.77,13.06,-37.16,1
H,2022-10-18 14:13:41.843972,-0.14,-0.44,0.77,5.86,-69.21,-4.46,-14.77,13.06,-37.16,1
H,2022-10-18 14:13:41.878373,-0.20,-0.44,0.85,-1.46,-14.71,-5.86,-16.47,12.94,-34.77,1
H,2022-10-18 14:13:41.893682,-0.19,-0.40,0.95,-2.81,11.11,-7.81,-16.47,12.94,-34.77,1
H,2022-10-18 14:13:41.912453,-0.31,-0.46,0.87,-2.56,27.34,-7.57,-16.47,12.94,-34.77,1
H,2022-10-18 14:13:41.935298,-0.31,-0.28,1.00,-26.92,62.38,0.49,-14.90,11.79,-35.42,1
H,2022-10-18 14:13:41.949164,-0.08,-0.26,1.14,-10.99,66.16,15.81,-14.90,11.79,-35.42,1
H,2022-10-18 14:13:41.962029,-0.00,-0.33,1.14,6.16,56.82,17.64,-14.90,11.79,-35.42,1
H,2022-10-18 14:13:41.991718,0.04,-0.38,1.06,14.65,41.56,7.02,-12.82,12.85,-37.00,1
H,2022-10-18 14:13:42.007352,-0.02,-0.41,0.91,12.51,23.93,-4.33,-12.82,12.85,-37.00,1
H,2022-10-18 14:13:42.030106,-0.01,-0.39,0.86,4.88,22.09,-8.36,-11.36,13.84,-37.41,1
H,2022-10-18 14:13:42.046605,-0.00,-0.35,0.85,4.03,23.50,-10.13,-11.36,13.84,-37.41,1
H,2022-10-18 14:13:42.059851,0.00,-0.36,0.87,7.57,22.34,-5.98,-11.36,13.84,-37.41,1
H,2022-10-18 14:13:42.082072,-0.02,-0.38,0.85,13.00,16.97,-2.87,-9.63,14.11,-38.01,1
H,2022-10-18 14:13:42.097780,-0.02,-0.41,0.82,15.44,15.69,0.00,-9.63,14.11,-38.01,1
H,2022-10-18 14:13:42.113406,-0.01,-0.44,0.83,14.16,16.60,2.50,-9.63,14.11,-38.01,1
H,2022-10-18 14:13:42.144641,0.02,-0.47,0.84,10.80,19.84,1.16,-8.46,14.64,-38.39,1
H,2022-10-18 14:13:42.160194,0.02,-0.46,0.84,7.20,21.36,-2.32,-8.46,14.64,-38.39,1
H,2022-10-18 14:13:42.176474,0.03,-0.43,0.85,2.93,23.25,-4.88,-7.09,13.76,-37.56,1
H,2022-10-18 14:13:42.192049,0.04,-0.42,0.87,5.07,27.89,-7.45,-7.09,13.76,-37.56,1
H,2022-10-18 14:13:42.207767,-0.01,-0.40,0.89,7.32,28.87,-7.32,-7.09,13.76,-37.56,1
H,2022-10-18 14:13:42.238935,-0.04,-0.42,0.88,9.70,30.64,-2.20,-6.63,14.09,-39.17,1
H,2022-10-18 14:13:42.254627,0.10,-0.42,0.92,3.72,28.87,3.97,-6.63,14.09,-39.17,1
H,2022-10-18 14:13:42.276763,0.12,-0.43,0.93,5.43,18.92,6.47,-5.13,13.87,-39.05,1
H,2022-10-18 14:13:42.286335,0.14,-0.44,0.91,5.31,4.33,5.19,-5.13,13.87,-39.05,1
H,2022-10-18 14:13:42.302049,0.11,-0.45,0.86,7.63,-6.84,-0.43,-5.13,13.87,-39.05,1
H,2022-10-18 14:13:42.333301,0.06,-0.43,0.82,8.42,-12.88,-3.60,-4.72,13.45,-39.22,1
H,2022-10-18 14:13:42.353039,0.04,-0.39,0.83,7.87,-16.17,-5.92,-4.72,13.45,-39.22,1
H,2022-10-18 14:13:42.365144,0.03,-0.36,0.86,12.82,-21.91,-6.10,-4.72,13.45,-39.22,1
H,2022-10-18 14:13:42.381310,-0.17,-0.34,0.76,-4.09,-6.47,7.63,-5.55,12.95,-39.76,1
H,2022-10-18 14:13:42.397016,-0.01,-0.38,0.93,-1.46,-8.54,14.59,-5.55,12.95,-39.76,1
H,2022-10-18 14:13:42.428277,0.00,-0.52,1.08,17.88,-49.87,9.52,-6.15,13.26,-37.17,1
H,2022-10-18 14:13:42.443892,-0.01,-0.49,0.96,10.50,-87.65,-0.73,-6.15,13.26,-37.17,1
H,2022-10-18 14:13:42.459508,-0.02,-0.49,0.83,9.64,-102.97,-12.70,-6.15,13.26,-37.17,1
H,2022-10-18 14:13:42.476719,-0.07,-0.51,0.73,2.44,-90.27,-18.07,-9.53,13.57,-36.49,1
H,2022-10-18 14:13:42.502439,-0.11,-0.51,0.74,-0.61,-66.83,-17.58,-9.53,13.57,-36.49,1
H,2022-10-18 14:13:42.526669,-0.15,-0.48,0.80,-5.98,-22.52,-11.41,-9.53,13.57,-36.49,1
H,2022-10-18 14:13:42.545853,-0.17,-0.45,0.88,-0.55,-0.24,-6.10,-10.40,12.46,-34.79,1
H,2022-10-18 14:13:42.563419,-0.24,-0.53,0.87,5.80,19.41,-1.34,-10.40,12.46,-34.79,1
H,2022-10-18 14:13:42.577396,-0.32,-0.47,0.81,-13.55,46.20,-2.56,-9.81,12.50,-36.19,1
H,2022-10-18 14:13:42.602247,-0.11,-0.37,0.98,-25.27,76.35,21.06,-9.81,12.50,-36.19,1
H,2022-10-18 14:13:42.612396,0.07,-0.34,1.09,-2.87,69.82,33.02,-9.81,12.50,-36.19,1
H,2022-10-18 14:13:42.639756,0.16,-0.39,1.06,18.62,43.52,31.43,-7.82,13.12,-38.68,1
H,2022-10-18 14:13:42.656251,0.09,-0.46,0.95,29.60,13.49,21.91,-7.82,13.12,-38.68,1
H,2022-10-18 14:13:42.668986,-0.04,-0.48,0.83,20.75,-5.98,8.54,-7.82,13.12,-38.68,1
H,2022-10-18 14:13:42.693627,-0.05,-0.42,0.81,-1.83,-11.84,1.95,-8.26,13.27,-37.15,1
H,2022-10-18 14:13:42.707988,-0.17,-0.41,0.85,0.92,-7.14,-3.36,-8.26,13.27,-37.15,1
H,2022-10-18 14:13:42.734283,-0.08,-0.47,0.97,-1.28,-7.45,20.02,-7.63,12.83,-37.30,1
H,2022-10-18 14:13:42.741717,-0.13,-0.46,0.84,8.24,10.56,7.45,-7.63,12.83,-37.30,1
H,2022-10-18 14:13:42.763495,-0.09,-0.50,0.95,1.04,25.82,-7.02,-7.63,12.83,-37.30,1
H,2022-10-18 14:13:42.788900,-0.06,-0.43,1.00,4.39,25.57,-15.14,-6.30,12.84,-36.69,1
H,2022-10-18 14:13:42.808552,-0.07,-0.47,0.94,6.96,18.37,-22.64,-6.30,12.84,-36.69,1
H,2022-10-18 14:13:42.827479,-0.04,-0.43,0.88,1.53,14.65,-29.72,-6.30,12.84,-36.69,1
H,2022-10-18 14:13:42.842355,-0.04,-0.40,0.88,5.49,8.48,-21.79,-4.93,12.43,-36.55,1
H,2022-10-18 14:13:42.864103,-0.03,-0.46,0.84,8.67,3.54,-12.02,-4.93,12.43,-36.55,1
H,2022-10-18 14:13:42.881855,-0.02,-0.56,0.83,14.22,-1.71,-0.73,-3.82,12.99,-37.06,1
H,2022-10-18 14:13:42.897167,-0.05,-0.61,0.77,13.43,-0.18,3.97,-3.82,12.99,-37.06,1
H,2022-10-18 14:13:42.917184,-0.09,-0.55,0.69,5.62,17.76,3.17,-3.82,12.99,-37.06,1
H,2022-10-18 14:13:42.940883,-0.24,-0.43,0.80,4.94,44.13,16.66,-3.50,12.89,-37.08,1
H,2022-10-18 14:13:42.958369,0.04,-0.45,0.92,8.06,57.01,44.19,-3.50,12.89,-37.08,1
H,2022-10-18 14:13:42.977191,0.21,-0.52,0.95,20.51,53.65,48.77,-3.50,12.89,-37.08,1
H,2022-10-18 14:13:42.996226,0.29,-0.56,0.93,16.42,30.94,11.54,-1.71,15.17,-37.70,1
H,2022-10-18 14:13:43.015088,0.17,-0.48,0.87,12.88,10.74,-14.83,-1.71,15.17,-37.70,1
H,2022-10-18 14:13:43.020729,-0.14,-0.40,0.81,9.40,-10.13,-27.10,-1.71,15.17,-37.70,1
H,2022-10-18 14:13:43.053853,-0.02,-0.67,0.73,-26.61,-1.22,7.81,-2.15,13.38,-37.62,1
H,2022-10-18 14:13:43.072056,0.02,-0.15,0.98,-3.72,13.24,13.12,-2.15,13.38,-37.62,1
H,2022-10-18 14:13:43.090657,-0.03,-0.48,1.01,18.37,-12.88,7.81,-1.57,14.48,-37.82,1
H,2022-10-18 14:13:43.096468,-0.03,-0.50,1.03,12.82,-50.66,-5.25,-1.57,14.48,-37.82,1
H,2022-10-18 14:13:43.127798,0.00,-0.53,0.89,2.87,-89.72,-18.25,-1.57,14.48,-37.82,1
H,2022-10-18 14:13:43.143346,-0.01,-0.53,0.68,-7.08,-103.27,-27.34,-3.97,13.26,-36.74,1
H,2022-10-18 14:13:43.159059,-0.08,-0.51,0.66,-10.93,-84.47,-24.72,-3.97,13.26,-36.74,1
H,2022-10-18 14:13:43.177227,-0.13,-0.49,0.71,-7.32,-55.42,-19.71,-5.36,13.35,-35.01,1
H,2022-10-18 14:13:43.206377,-0.15,-0.49,0.89,-0.67,-15.20,-10.01,-5.36,13.35,-35.01,1
H,2022-10-18 14:13:43.222083,-0.16,-0.50,0.92,7.57,-4.15,-8.00,-5.36,13.35,-35.01,1
H,2022-10-18 14:13:43.237707,-0.22,-0.54,0.87,10.19,7.63,-8.91,-5.16,12.40,-36.60,1
H,2022-10-18 14:13:43.253314,-0.34,-0.50,0.84,-14.34,39.92,-11.47,-5.16,12.40,-36.60,1
H,2022-10-18 14:13:43.277444,-0.19,-0.38,1.05,-17.40,53.22,8.91,-5.16,12.40,-36.60,1
H,2022-10-18 14:13:43.300607,-0.10,-0.44,1.12,-4.88,49.01,21.30,-3.82,13.31,-34.83,1
H,2022-10-18 14:13:43.316299,-0.03,-0.51,1.05,3.30,35.10,8.18,-3.82,13.31,-34.83,1
H,2022-10-18 14:13:43.331921,-0.02,-0.44,0.94,2.99,27.83,-2.32,-2.19,13.40,-34.94,1
H,2022-10-18 14:13:43.347480,-0.02,-0.44,0.86,3.78,25.51,-4.09,-2.19,13.40,-34.94,1
H,2022-10-18 14:13:43.379128,-0.02,-0.43,0.83,2.81,26.73,-4.88,-2.19,13.40,-34.94,1
H,2022-10-18 14:13:43.394758,-0.01,-0.42,0.83,4.88,25.76,-2.38,-0.40,14.55,-36.65,1
H,2022-10-18 14:13:43.410383,0.00,-0.46,0.81,8.85,22.52,0.61,-0.40,14.55,-36.65,1
H,2022-10-18 14:13:43.426067,0.01,-0.49,0.80,10.13,18.74,0.79,-0.40,14.55,-36.65,1
H,2022-10-18 14:13:43.441624,0.01,-0.50,0.79,9.89,15.14,-1.65,0.95,14.99,-36.00,1
H,2022-10-18 14:13:43.472872,-0.00,-0.50,0.79,9.52,10.68,-2.44,0.95,14.99,-36.00,1
H,2022-10-18 14:13:43.488881,-0.01,-0.51,0.79,7.57,9.28,-2.26,2.42,15.28,-35.77,1
H,2022-10-18 14:13:43.504578,-0.03,-0.51,0.79,7.63,8.85,-0.98,2.42,15.28,-35.77,1
H,2022-10-18 14:13:43.517014,-0.04,-0.51,0.81,7.87,10.44,3.91,2.42,15.28,-35.77,1
H,2022-10-18 14:13:43.549073,-0.01,-0.52,0.84,12.02,13.06,14.16,3.19,14.66,-34.51,1
H,2022-10-18 14:13:43.564703,0.02,-0.56,0.84,15.81,15.63,18.43,3.19,14.66,-34.51,1
H,2022-10-18 14:13:43.583913,0.04,-0.57,0.84,18.37,18.49,18.74,3.19,14.66,-34.51,1
H,2022-10-18 14:13:43.599034,-0.01,-0.57,0.83,16.66,19.53,16.66,4.27,15.23,-35.96,1
H,2022-10-18 14:13:43.620324,-0.04,-0.55,0.86,5.80,18.07,14.28,4.27,15.23,-35.96,1
H,2022-10-18 14:13:43.634902,0.00,-0.54,0.86,-1.95,13.00,9.77,4.27,15.23,-35.96,1
H,2022-10-18 14:13:43.648727,0.04,-0.47,0.85,2.20,9.09,7.69,4.83,14.92,-34.96,1
H,2022-10-18 14:13:43.675815,0.04,-0.50,0.82,8.12,6.35,11.47,4.83,14.92,-34.96,1
H,2022-10-18 14:13:43.697300,0.02,-0.54,0.81,12.45,6.29,13.55,4.75,14.15,-35.61,1
H,2022-10-18 14:13:43.714692,0.05,-0.54,0.81,6.41,3.60,7.20,4.75,14.15,-35.61,1
H,2022-10-18 14:13:43.731244,-0.51,-0.54,0.83,4.88,-4.88,0.24,4.75,14.15,-35.61,1
H,2022-10-18 14:13:43.753907,0.02,-0.69,0.79,-18.43,8.61,11.84,4.83,14.18,-35.90,1
H,2022-10-18 14:13:43.764466,0.03,-0.35,0.96,-21.97,12.76,6.71,4.83,14.18,-35.90,1
H,2022-10-18 14:13:43.780789,0.01,-0.49,0.87,7.14,6.77,12.94,4.83,14.18,-35.90,1
H,2022-10-18 14:13:43.805412,-0.02,-0.54,0.93,11.96,-23.25,5.80,5.25,14.15,-35.58,1
H,2022-10-18 14:13:43.823975,-0.00,-0.55,0.93,2.38,-55.66,-5.37,5.25,14.15,-35.58,1
H,2022-10-18 14:13:43.848339,0.00,-0.51,0.85,-6.96,-80.57,-14.04,3.93,13.85,-34.77,1
H,2022-10-18 14:13:43.856879,-0.03,-0.56,0.76,-6.96,-85.33,-16.78,3.93,13.85,-34.77,1
H,2022-10-18 14:13:43.886985,-0.05,-0.53,0.81,-6.41,-82.21,-20.57,3.93,13.85,-34.77,1
H,2022-10-18 14:13:43.897539,-0.08,-0.54,0.79,-2.01,-72.20,-20.39,2.06,13.42,-33.73,1
H,2022-10-18 14:13:43.920037,-0.13,-0.53,0.80,-0.31,-43.76,-11.60,2.06,13.42,-33.73,1
H,2022-10-18 14:13:43.940461,-0.16,-0.53,0.79,-0.73,-16.85,-7.45,2.06,13.42,-33.73,1
H,2022-10-18 14:13:43.953856,-0.18,-0.52,0.83,1.71,8.97,-3.23,-0.01,13.62,-33.90,1
H,2022-10-18 14:13:43.978808,-0.16,-0.56,0.80,8.24,20.57,-0.55,-0.01,13.62,-33.90,1
H,2022-10-18 14:13:43.996552,-0.23,-0.55,0.79,-6.47,47.49,2.81,0.95,13.29,-34.12,1
H,2022-10-18 14:13:44.019551,-0.00,-0.44,0.96,-13.24,70.50,28.38,0.95,13.29,-34.12,1
H,2022-10-18 14:13:44.022469,0.09,-0.43,1.08,1.71,56.09,38.39,0.95,13.29,-34.12,1
H,2022-10-18 14:13:44.054586,0.15,-0.54,1.05,15.87,23.80,26.12,2.50,13.62,-35.95,1
H,2022-10-18 14:13:44.069095,0.02,-0.57,0.91,8.00,-12.15,-15.38,2.50,13.62,-35.95,1
H,2022-10-18 14:13:44.086998,-0.09,-0.49,0.85,-13.06,-20.02,3.85,2.50,13.62,-35.95,1
H,2022-10-18 14:13:44.111463,-0.14,-0.39,0.72,-8.42,-7.02,4.33,2.29,12.98,-34.28,1
H,2022-10-18 14:13:44.127212,-0.10,-0.47,0.78,-5.86,19.17,-3.30,2.29,12.98,-34.28,1
H,2022-10-18 14:13:44.142754,-0.09,-0.41,0.99,-5.00,29.36,-11.96,2.94,13.49,-34.44,1
H,2022-10-18 14:13:44.158458,-0.07,-0.51,0.92,5.31,24.66,-20.26,2.94,13.49,-34.44,1
H,2022-10-18 14:13:44.179093,-0.05,-0.47,0.89,-1.59,22.03,-27.77,2.94,13.49,-34.44,1
H,2022-10-18 14:13:44.205756,-0.07,-0.49,0.86,0.79,17.46,-27.16,4.37,13.02,-34.77,1
H,2022-10-18 14:13:44.221452,-0.04,-0.45,0.90,-0.67,13.06,-28.08,4.37,13.02,-34.77,1
H,2022-10-18 14:13:44.237071,-0.03,-0.51,0.87,9.34,2.38,-12.02,4.37,13.02,-34.77,1
H,2022-10-18 14:13:44.252706,-0.05,-0.59,0.81,14.95,-6.41,2.01,6.10,12.34,-33.42,1
H,2022-10-18 14:13:44.284358,-0.07,-0.67,0.70,12.57,-6.47,5.37,6.10,12.34,-33.42,1
H,2022-10-18 14:13:44.299988,-0.11,-0.63,0.61,1.34,14.47,1.04,5.98,13.51,-34.48,1
H,2022-10-18 14:13:44.315679,-0.30,-0.48,0.74,-1.83,48.58,10.68,5.98,13.51,-34.48,1
H,2022-10-18 14:13:44.331311,-0.08,-0.42,0.88,16.05,64.88,53.16,5.98,13.51,-34.48,1
H,2022-10-18 14:13:44.362480,0.21,-0.55,0.91,29.97,58.29,59.57,7.18,14.10,-34.45,1
H,2022-10-18 14:13:44.381209,0.35,-0.60,0.89,29.60,43.33,39.37,7.18,14.10,-34.45,1
H,2022-10-18 14:13:44.394285,0.24,-0.61,0.86,27.22,11.35,-15.32,8.25,15.05,-34.68,1
H,2022-10-18 14:13:44.409991,-0.02,-0.51,0.77,11.47,-7.32,-36.32,8.25,15.05,-34.68,1
H,2022-10-18 14:13:44.425557,-0.05,-0.63,0.70,-35.83,3.85,-4.33,8.25,15.05,-34.68,1
H,2022-10-18 14:13:44.456793,0.01,-0.22,0.83,-26.98,22.03,3.23,7.89,13.81,-36.12,1
H,2022-10-18 14:13:44.479014,-0.02,-0.52,1.00,13.67,-6.53,7.63,7.89,13.81,-36.12,1
H,2022-10-18 14:13:44.488601,-0.03,-0.55,0.97,10.19,-37.41,-3.17,7.29,13.90,-34.70,1
H,2022-10-18 14:13:44.519853,-0.01,-0.56,0.85,-3.48,-78.19,-24.29,7.29,13.90,-34.70,1
H,2022-10-18 14:13:44.539550,-0.02,-0.53,0.75,-8.00,-90.52,-30.82,7.29,13.90,-34.70,1
H,2022-10-18 14:13:44.557993,-0.03,-0.54,0.76,-10.50,-93.38,-31.68,5.36,14.40,-32.85,1
H,2022-10-18 14:13:44.577384,-0.07,-0.58,0.73,-11.17,-74.89,-24.41,5.36,14.40,-32.85,1
H,2022-10-18 14:13:44.596695,-0.15,-0.54,0.78,-13.55,-49.38,-20.26,5.36,14.40,-32.85,1
H,2022-10-18 14:13:44.616308,-0.16,-0.51,0.84,-12.63,-25.02,-15.20,3.75,12.89,-33.29,1
H,2022-10-18 14:13:44.635086,-0.18,-0.49,0.86,-0.18,8.91,-3.36,3.75,12.89,-33.29,1
H,2022-10-18 14:13:44.651587,-0.31,-0.58,0.81,8.97,19.65,0.18,4.10,13.33,-34.28,1
H,2022-10-18 14:13:44.667439,-0.35,-0.48,0.87,-7.93,44.80,5.86,4.10,13.33,-34.28,1
H,2022-10-18 14:13:44.692084,-0.12,-0.45,1.03,-12.02,59.88,24.35,4.10,13.33,-34.28,1
H,2022-10-18 14:13:44.705916,0.03,-0.51,1.09,5.86,43.88,26.55,4.83,14.03,-33.65,1
H,2022-10-18 14:13:44.722726,0.05,-0.51,0.98,11.66,26.43,13.37,4.83,14.03,-33.65,1
H,2022-10-18 14:13:44.743044,-0.09,-0.51,0.84,11.90,19.41,2.20,4.83,14.03,-33.65,1
H,2022-10-18 14:13:44.761593,-0.11,-0.47,0.77,-14.16,35.89,0.37,5.74,14.54,-33.52,1
H,2022-10-18 14:13:44.779868,0.02,-0.40,0.85,0.49,43.40,2.87,5.74,14.54,-33.52,1
H,2022-10-18 14:13:44.800365,0.01,-0.43,0.88,12.45,40.16,4.39,7.53,15.75,-32.91,1
H,2022-10-18 14:13:44.816911,-0.02,-0.50,0.84,19.10,30.88,3.66,7.53,15.75,-32.91,1
H,2022-10-18 14:13:44.843115,-0.02,-0.53,0.80,13.98,23.38,-2.20,7.53,15.75,-32.91,1
H,2022-10-18 14:13:44.858960,-0.00,-0.51,0.77,7.69,22.46,-2.08,9.19,15.88,-33.35,1
H,2022-10-18 14:13:44.882400,-0.01,-0.50,0.77,8.91,24.11,-1.65,9.19,15.88,-33.35,1
H,2022-10-18 14:13:44.898134,-0.02,-0.53,0.81,11.35,22.64,-2.08,9.19,15.88,-33.35,1
H,2022-10-18 14:13:44.919570,-0.04,-0.56,0.80,13.31,19.84,-4.09,9.75,16.06,-33.15,1
H,2022-10-18 14:13:44.928321,-0.04,-0.56,0.81,7.75,16.05,-1.28,9.75,16.06,-33.15,1
H,2022-10-18 14:13:44.948139,-0.03,-0.54,0.81,8.12,15.81,5.49,11.38,15.64,-34.13,1
H,2022-10-18 14:13:44.970250,-0.02,-0.62,0.78,10.44,18.43,8.42,11.38,15.64,-34.13,1
H,2022-10-18 14:13:44.984355,0.05,-0.60,0.82,3.30,22.64,5.55,11.38,15.64,-34.13,1
H,2022-10-18 14:13:45.011004,0.07,-0.56,0.83,4.09,22.46,6.90,12.74,16.14,-33.24,1
H,2022-10-18 14:13:45.027935,0.07,-0.56,0.80,7.87,15.93,9.34,12.74,16.14,-33.24,1
H,2022-10-18 14:13:45.042880,0.07,-0.55,0.81,7.87,9.95,5.74,12.74,16.14,-33.24,1
H,2022-10-18 14:13:45.061143,0.05,-0.57,0.81,9.09,0.61,-1.95,13.71,15.98,-33.44,1
H,2022-10-18 14:13:45.079500,0.06,-0.55,0.80,3.48,-9.03,-10.80,13.71,15.98,-33.44,1
H,2022-10-18 14:13:45.093871,0.07,-0.49,0.79,3.42,-18.98,-15.69,13.71,15.98,-33.44,1
H,2022-10-18 14:13:45.122716,-0.15,-0.53,0.69,-10.56,-10.44,5.37,13.49,15.27,-33.97,1
H,2022-10-18 14:13:45.138047,-0.01,-0.60,0.79,-4.88,1.53,9.95,13.49,15.27,-33.97,1
H,2022-10-18 14:13:45.153763,-0.03,-0.55,1.14,-8.06,-15.99,0.55,13.87,15.66,-32.34,1
H,2022-10-18 14:13:45.179807,-0.02,-0.56,0.93,-8.61,-78.43,-11.54,13.87,15.66,-32.34,1
H,2022-10-18 14:13:45.185321,-0.02,-0.50,0.79,-11.05,-95.64,-15.50,13.87,15.66,-32.34,1
H,2022-10-18 14:13:45.216582,-0.05,-0.51,0.77,-1.04,-98.27,-13.49,11.71,14.97,-31.67,1
H,2022-10-18 14:13:45.232273,-0.10,-0.61,0.71,5.07,-77.45,-16.17,11.71,14.97,-31.67,1
H,2022-10-18 14:13:45.247898,-0.16,-0.63,0.70,-3.48,-51.09,-21.00,10.28,15.44,-33.22,1
H,2022-10-18 14:13:45.263530,-0.18,-0.51,0.75,-9.89,-18.80,-16.05,10.28,15.44,-33.22,1
H,2022-10-18 14:13:45.295119,-0.20,-0.50,0.78,-3.48,16.05,4.76,10.28,15.44,-33.22,1
H,2022-10-18 14:13:45.310749,-0.29,-0.55,0.73,-1.71,31.68,16.91,10.52,14.98,-34.09,1
H,2022-10-18 14:13:45.326444,-0.11,-0.56,0.83,-15.26,56.95,28.02,10.52,14.98,-34.09,1
H,2022-10-18 14:13:45.342061,-0.01,-0.52,0.94,0.00,68.18,33.14,10.52,14.98,-34.09,1
H,2022-10-18 14:13:45.373240,0.10,-0.52,1.04,11.84,47.30,26.73,11.34,15.38,-32.41,1
H,2022-10-18 14:13:45.389332,0.01,-0.57,0.97,18.74,17.21,18.74,11.34,15.38,-32.41,1
H,2022-10-18 14:13:45.408179,-0.04,-0.58,0.80,10.74,-1.28,7.45,12.35,15.11,-32.58,1
H,2022-10-18 14:13:45.420772,-0.25,-0.45,0.89,-5.55,-0.31,5.00,12.35,15.11,-32.58,1
H,2022-10-18 14:13:45.452033,-0.08,-0.51,0.84,-1.65,2.38,14.16,12.35,15.11,-32.58,1
H,2022-10-18 14:13:45.467657,-0.08,-0.47,0.88,0.92,2.56,12.02,12.70,15.15,-32.45,1
H,2022-10-18 14:13:45.483818,-0.09,-0.56,0.83,3.85,10.01,0.24,12.70,15.15,-32.45,1
H,2022-10-18 14:13:45.499524,-0.08,-0.49,0.86,-3.97,16.91,-13.67,13.00,15.20,-31.96,1
H,2022-10-18 14:13:45.515150,-0.07,-0.41,0.89,-4.15,18.86,-19.96,13.00,15.20,-31.96,1
H,2022-10-18 14:13:45.546547,-0.05,-0.47,0.87,7.26,11.11,-15.26,13.00,15.20,-31.96,1
H,2022-10-18 14:13:45.563515,-0.06,-0.59,0.80,14.28,5.98,-9.46,14.31,15.78,-31.98,1
H,2022-10-18 14:13:45.585916,-0.07,-0.61,0.75,8.42,7.26,-11.66,14.31,15.78,-31.98,1
H,2022-10-18 14:13:45.604652,-0.05,-0.60,0.78,5.62,6.84,-9.16,14.31,15.78,-31.98,1
H,2022-10-18 14:13:45.623690,-0.05,-0.62,0.79,13.24,2.32,3.48,15.67,16.00,-30.53,1
H,2022-10-18 14:13:45.628661,-0.10,-0.73,0.68,10.56,10.56,2.01,15.67,16.00,-30.53,1
H,2022-10-18 14:13:45.662210,-0.29,-0.64,0.75,-2.26,33.45,5.55,15.61,16.82,-31.47,1
H,2022-10-18 14:13:45.680453,-0.07,-0.58,0.90,-11.11,47.55,30.52,15.61,16.82,-31.47,1
H,2022-10-18 14:13:45.698818,0.15,-0.56,0.95,3.36,38.09,34.79,15.61,16.82,-31.47,1
H,2022-10-18 14:13:45.717163,0.21,-0.57,0.88,8.12,25.88,24.90,16.20,16.47,-32.10,1
H,2022-10-18 14:13:45.736318,0.16,-0.57,0.81,7.02,16.24,4.27,16.20,16.47,-32.10,1
H,2022-10-18 14:13:45.754257,0.02,-0.52,0.75,7.93,9.28,-12.33,16.20,16.47,-32.10,1
H,2022-10-18 14:13:45.774750,-0.06,-0.39,0.72,-0.06,9.16,-2.99,15.67,16.42,-31.21,1
H,2022-10-18 14:13:45.791168,0.04,-0.43,0.80,5.25,3.11,8.61,15.67,16.42,-31.21,1
H,2022-10-18 14:13:45.813058,0.08,-0.56,0.81,16.30,-7.87,6.04,16.10,16.36,-32.65,1
H,2022-10-18 14:13:45.830791,-0.16,-0.39,0.70,-6.35,7.93,15.50,16.10,16.36,-32.65,1
H,2022-10-18 14:13:45.850895,-0.03,-0.48,1.02,-12.39,7.93,2.81,16.10,16.36,-32.65,1
H,2022-10-18 14:13:45.870422,-0.04,-0.61,0.98,0.73,-19.23,-9.09,16.86,15.95,-31.30,1
H,2022-10-18 14:13:45.890888,-0.04,-0.55,0.94,-19.29,-74.52,-28.20,16.86,15.95,-31.30,1
H,2022-10-18 14:13:45.897637,-0.02,-0.51,0.79,-20.51,-94.67,-31.19,16.86,15.95,-31.30,1
H,2022-10-18 14:13:45.929162,-0.05,-0.58,0.74,-11.78,-99.61,-29.91,15.05,16.13,-30.57,1
H,2022-10-18 14:13:45.949847,-0.09,-0.58,0.74,-11.17,-86.61,-32.78,15.05,16.13,-30.57,1
H,2022-10-18 14:13:45.969855,-0.16,-0.58,0.76,-13.61,-64.94,-33.81,13.07,15.69,-30.54,1
H,2022-10-18 14:13:45.985837,-0.20,-0.51,0.76,-12.57,-40.41,-30.88,13.07,15.69,-30.54,1
H,2022-10-18 14:13:46.007127,-0.24,-0.39,0.75,0.43,-1.71,-8.97,13.07,15.69,-30.54,1
H,2022-10-18 14:13:46.027735,-0.35,-0.55,0.74,6.41,23.50,4.82,12.21,15.44,-30.81,1
H,2022-10-18 14:13:46.047209,-0.36,-0.51,0.84,-8.12,51.51,9.46,12.21,15.44,-30.81,1
H,2022-10-18 14:13:46.066901,-0.18,-0.46,1.03,-1.40,69.21,31.56,14.21,15.69,-30.76,1
H,2022-10-18 14:13:46.083636,-0.07,-0.54,1.07,8.91,61.89,29.17,14.21,15.69,-30.76,1
H,2022-10-18 14:13:46.091145,-0.05,-0.52,1.03,6.04,50.29,14.89,14.21,15.69,-30.76,1
H,2022-10-18 14:13:46.122556,-0.00,-0.48,0.97,2.32,34.30,-0.12,14.23,17.05,-31.77,1
H,2022-10-18 14:13:46.142060,0.01,-0.45,0.86,4.70,27.22,-1.83,14.23,17.05,-31.77,1
H,2022-10-18 14:13:46.157688,-0.06,-0.47,0.79,9.95,24.05,-4.03,14.23,17.05,-31.77,1
H,2022-10-18 14:13:46.180832,-0.05,-0.45,0.77,7.20,26.00,-3.78,15.05,16.87,-31.04,1
H,2022-10-18 14:13:46.189345,-0.01,-0.48,0.79,14.10,25.88,2.69,15.05,16.87,-31.04,1
H,2022-10-18 14:13:46.220606,-0.03,-0.52,0.78,17.82,23.99,5.07,16.66,17.99,-30.16,1
H,2022-10-18 14:13:46.236234,-0.01,-0.51,0.80,17.64,20.02,7.02,16.66,17.99,-30.16,1
H,2022-10-18 14:13:46.251856,0.02,-0.56,0.77,23.74,13.55,7.08,16.66,17.99,-30.16,1
H,2022-10-18 14:13:46.267544,-0.04,-0.59,0.76,24.41,11.72,6.96,17.54,18.93,-29.60,1
H,2022-10-18 14:13:46.299223,-0.06,-0.63,0.73,21.79,14.83,2.87,17.54,18.93,-29.60,1
H,2022-10-18 14:13:46.314931,-0.04,-0.60,0.77,6.29,22.09,-0.92,18.21,19.42,-29.94,1
H,2022-10-18 14:13:46.330540,-0.03,-0.56,0.80,3.17,23.99,0.06,18.21,19.42,-29.94,1
H,2022-10-18 14:13:46.346162,-0.06,-0.55,0.82,6.90,23.25,5.00,18.21,19.42,-29.94,1
H,2022-10-18 14:13:46.361728,-0.05,-0.60,0.80,12.08,23.86,10.31,20.07,18.90,-30.15,1
H,2022-10-18 14:13:46.393382,-0.02,-0.60,0.81,7.63,24.54,8.73,20.07,18.90,-30.15,1
H,2022-10-18 14:13:46.409009,-0.03,-0.59,0.82,7.63,23.25,6.29,20.07,18.90,-30.15,1
H,2022-10-18 14:13:46.427916,0.01,-0.59,0.81,3.78,20.75,2.81,21.00,18.98,-28.67,1
H,2022-10-18 14:13:46.440502,0.05,-0.55,0.81,1.16,15.87,-4.33,21.00,18.98,-28.67,1
H,2022-10-18 14:13:46.456223,0.06,-0.48,0.82,3.60,9.09,-6.47,21.53,18.90,-28.17,1
H,2022-10-18 14:13:46.488017,0.06,-0.52,0.81,11.47,-2.38,-2.81,21.53,18.90,-28.17,1
H,2022-10-18 14:13:46.503656,0.11,-0.58,0.78,14.10,-21.61,-6.96,21.53,18.90,-28.17,1
H,2022-10-18 14:13:46.519269,-0.17,-0.59,0.72,-11.29,-13.00,-2.44,22.14,18.62,-28.81,1
H,2022-10-18 14:13:46.535114,-0.03,-0.60,0.76,-5.25,-2.50,-1.04,22.14,18.62,-28.81,1
H,2022-10-18 14:13:46.567964,-0.05,-0.55,1.06,-8.06,-21.55,-10.50,22.14,18.62,-28.81,1
H,2022-10-18 14:13:46.582792,-0.02,-0.55,0.87,-14.22,-86.36,-19.04,22.00,18.62,-29.00,1
H,2022-10-18 14:13:46.595298,-0.03,-0.55,0.74,-14.40,-98.14,-19.17,22.00,18.62,-29.00,1
H,2022-10-18 14:13:46.619155,-0.07,-0.59,0.69,-7.08,-91.13,-16.30,19.38,19.53,-29.19,1
H,2022-10-18 14:13:46.637091,-0.13,-0.70,0.69,-7.20,-55.73,-18.01,19.38,19.53,-29.19,1
H,2022-10-18 14:13:46.654853,-0.15,-0.60,0.79,-14.04,-31.19,-22.16,19.38,19.53,-29.19,1
H,2022-10-18 14:13:46.682050,-0.17,-0.52,0.83,-8.36,-13.49,-18.37,19.06,18.93,-28.87,1
H,2022-10-18 14:13:46.694434,-0.24,-0.55,0.77,6.04,9.58,-0.67,19.06,18.93,-28.87,1
H,2022-10-18 14:13:46.722800,-0.34,-0.59,0.72,2.08,35.64,14.71,19.48,18.70,-29.43,1
H,2022-10-18 14:13:46.742482,-0.15,-0.60,0.85,-5.92,67.57,34.36,19.48,18.70,-29.43,1
H,2022-10-18 14:13:46.760666,0.04,-0.55,1.04,3.42,73.43,41.08,19.48,18.70,-29.43,1
H,2022-10-18 14:13:46.767904,0.16,-0.55,1.07,12.08,41.63,29.11,20.29,19.03,-29.27,1
H,2022-10-18 14:13:46.798912,0.04,-0.58,0.89,17.64,8.12,8.54,20.29,19.03,-29.27,1
H,2022-10-18 14:13:46.817518,-0.08,-0.53,0.74,1.95,-6.84,-5.68,20.29,19.03,-29.27,1
H,2022-10-18 14:13:46.834190,-0.03,-0.45,0.76,-2.99,-0.61,-8.97,20.45,18.79,-27.89,1
H,2022-10-18 14:13:46.852223,-0.92,-0.31,0.94,-0.85,0.37,-12.82,20.45,18.79,-27.89,1
H,2022-10-18 14:13:46.868970,-0.06,-0.63,0.81,4.70,2.08,11.96,21.47,18.59,-28.71,1
H,2022-10-18 14:13:46.889377,-0.07,-0.59,0.82,0.79,20.02,-5.98,21.47,18.59,-28.71,1
H,2022-10-18 14:13:46.908505,-0.07,-0.48,0.91,-2.69,26.06,-17.27,21.47,18.59,-28.71,1
H,2022-10-18 14:13:46.928113,-0.07,-0.48,0.91,3.42,17.52,-16.30,21.67,19.23,-29.30,1
H,2022-10-18 14:13:46.947974,-0.08,-0.60,0.76,12.57,6.16,-12.33,21.67,19.23,-29.30,1
H,2022-10-18 14:13:46.973659,-0.09,-0.59,0.75,7.02,6.53,-12.63,22.19,20.53,-27.94,1
H,2022-10-18 14:13:46.984129,-0.08,-0.62,0.79,6.35,4.94,-8.97,22.19,20.53,-27.94,1
H,2022-10-18 14:13:47.012088,-0.08,-0.66,0.77,7.75,-1.16,-3.60,22.19,20.53,-27.94,1
H,2022-10-18 14:13:47.029962,-0.13,-0.66,0.72,4.39,-0.37,-2.87,22.29,20.57,-27.70,1
H,2022-10-18 14:13:47.050775,-0.24,-0.57,0.67,1.16,13.49,2.75,22.29,20.57,-27.70,1
H,2022-10-18 14:13:47.068889,-0.17,-0.55,0.74,1.28,46.88,37.35,22.29,20.57,-27.70,1
H,2022-10-18 14:13:47.087003,0.11,-0.62,0.89,15.44,54.81,47.55,23.12,20.85,-27.33,1
H,2022-10-18 14:13:47.095910,0.24,-0.64,0.91,23.44,48.40,38.57,23.12,20.85,-27.33,1
H,2022-10-18 14:13:47.126103,0.19,-0.64,0.85,25.21,32.53,16.72,23.66,20.63,-28.41,1
H,2022-10-18 14:13:47.132764,0.04,-0.57,0.78,13.24,16.85,-5.37,23.66,20.63,-28.41,1
H,2022-10-18 14:13:47.164016,-0.06,-0.45,0.72,7.81,15.26,-5.68,23.66,20.63,-28.41,1
H,2022-10-18 14:13:47.181646,-0.01,-0.47,0.76,11.66,13.85,0.79,24.51,20.63,-27.26,1
H,2022-10-18 14:13:47.195814,-0.06,-0.48,0.81,-1.83,4.21,13.24,24.51,20.63,-27.26,1
H,2022-10-18 14:13:47.211442,0.01,-0.62,0.82,-0.98,7.57,10.07,24.51,20.63,-27.26,1
H,2022-10-18 14:13:47.227065,-0.03,-0.71,0.87,5.98,-0.85,1.89,24.66,20.15,-26.75,1
H,2022-10-18 14:13:47.258312,-0.05,-0.64,0.92,-11.78,-26.31,-16.91,24.66,20.15,-26.75,1
H,2022-10-18 14:13:47.273935,-0.03,-0.58,0.86,-33.39,-76.11,-35.58,24.18,20.64,-26.73,1
H,2022-10-18 14:13:47.290020,-0.02,-0.55,0.80,-36.32,-95.03,-38.88,24.18,20.64,-26.73,1
H,2022-10-18 14:13:47.305736,-0.05,-0.55,0.74,-31.62,-98.45,-38.45,24.18,20.64,-26.73,1
H,2022-10-18 14:13:47.336982,-0.09,-0.59,0.73,-23.80,-78.37,-38.21,21.52,20.50,-27.56,1
H,2022-10-18 14:13:47.352626,-0.16,-0.52,0.73,-16.85,-55.85,-35.28,21.52,20.50,-27.56,1
H,2022-10-18 14:13:47.368224,-0.20,-0.43,0.76,-0.24,-35.64,-24.78,20.61,20.43,-28.23,1
H,2022-10-18 14:13:47.384401,-0.30,-0.62,0.69,19.35,-6.47,-5.31,20.61,20.43,-28.23,1
H,2022-10-18 14:13:47.415746,-0.53,-0.69,0.61,8.54,21.36,-0.73,20.61,20.43,-28.23,1
H,2022-10-18 14:13:47.431354,-0.33,-0.66,0.78,-17.64,58.47,12.21,21.23,20.17,-29.49,1
H,2022-10-18 14:13:47.446975,-0.17,-0.66,0.99,-16.66,77.03,27.95,21.23,20.17,-29.49,1
H,2022-10-18 14:13:47.465604,-0.08,-0.73,0.99,-18.07,64.88,23.19,21.23,20.17,-29.49,1
H,2022-10-18 14:13:47.494854,-0.06,-0.68,0.91,-32.78,43.76,9.22,20.54,20.21,-28.48,1
H,2022-10-18 14:13:47.510561,-0.01,-0.45,0.78,-40.22,21.61,-1.16,20.54,20.21,-28.48,1
H,2022-10-18 14:13:47.526183,-0.01,-0.42,0.75,-29.60,15.75,4.58,19.06,19.10,-30.10,1
H,2022-10-18 14:13:47.541806,-0.08,-0.46,0.72,-17.58,10.74,10.99,19.06,19.10,-30.10,1
H,2022-10-18 14:13:47.571160,-0.09,-0.50,0.72,-8.79,5.80,19.71,19.06,19.10,-30.10,1
H,2022-10-18 14:13:47.582133,-0.08,-0.62,0.71,-6.41,2.56,23.44,17.65,19.01,-29.80,1
H,2022-10-18 14:13:47.611209,-0.09,-0.70,0.71,-16.91,-0.67,19.59,17.65,19.01,-29.80,1
H,2022-10-18 14:13:47.619426,-0.08,-0.68,0.69,-41.50,-4.82,10.56,15.55,17.38,-31.30,1
H,2022-10-18 14:13:47.650690,-0.09,-0.65,0.66,-55.24,-6.71,6.84,15.55,17.38,-31.30,1
H,2022-10-18 14:13:47.654323,-0.09,-0.54,0.64,-73.49,-5.80,5.43,15.55,17.38,-31.30,1
H,2022-10-18 14:13:47.689390,-0.07,-0.34,0.73,-80.02,-6.23,16.42,12.48,13.90,-31.21,1
H,2022-10-18 14:13:47.704556,-0.05,-0.27,0.82,-44.19,-13.55,32.59,12.48,13.90,-31.21,1
H,2022-10-18 14:13:47.725771,-0.06,-0.35,0.84,-22.40,-21.00,45.72,12.48,13.90,-31.21,1
H,2022-10-18 14:13:47.740925,-0.08,-0.46,0.83,-12.15,-23.99,50.42,8.52,12.16,-33.06,1
H,2022-10-18 14:13:47.754698,-0.06,-0.50,0.80,-17.58,-20.81,46.57,8.52,12.16,-33.06,1
H,2022-10-18 14:13:47.773551,-0.08,-0.43,0.83,-39.37,-11.78,37.66,3.91,10.79,-33.75,1
H,2022-10-18 14:13:47.794927,-0.05,-0.14,0.93,-43.46,-11.96,39.18,3.91,10.79,-33.75,1
H,2022-10-18 14:13:47.814483,-0.05,-0.04,1.00,-19.65,-17.03,49.68,3.91,10.79,-33.75,1
H,2022-10-18 14:13:47.831693,-0.06,-0.07,1.00,8.97,-23.86,61.77,-1.43,9.95,-35.84,1
H,2022-10-18 14:13:47.851033,-0.11,-0.26,0.97,48.71,-28.87,66.71,-1.43,9.95,-35.84,1
H,2022-10-18 14:13:47.872835,-0.11,-0.40,0.98,35.03,-28.81,55.11,-1.43,9.95,-35.84,1
H,2022-10-18 14:13:47.888147,-0.09,-0.35,1.06,13.49,-25.88,39.06,-6.59,11.19,-37.30,1
H,2022-10-18 14:13:47.910622,-0.06,-0.19,1.02,-23.25,-27.34,19.59,-6.59,11.19,-37.30,1
H,2022-10-18 14:13:47.927910,-0.10,-0.14,0.98,-15.63,-30.03,23.50,-11.24,11.07,-36.98,1
H,2022-10-18 14:13:47.951749,-0.11,-0.17,0.95,-7.20,-26.12,23.74,-11.24,11.07,-36.98,1
H,2022-10-18 14:13:47.969152,-0.15,-0.21,1.13,2.56,-16.54,19.53,-11.24,11.07,-36.98,1
H,2022-10-18 14:13:47.991164,-0.16,-0.27,1.00,-2.87,-15.50,7.26,-15.04,10.45,-36.65,1
H,2022-10-18 14:13:48.003181,-0.13,-0.21,1.06,-18.01,-9.95,3.97,-15.04,10.45,-36.65,1
H,2022-10-18 14:13:48.031458,-0.12,-0.21,1.05,-13.98,-9.22,-0.37,-15.04,10.45,-36.65,1
H,2022-10-18 14:13:48.044222,-0.25,-0.25,1.03,-9.16,-4.33,-0.24,-17.37,9.20,-36.89,1
H,2022-10-18 14:13:48.063375,-0.27,-0.32,1.00,-11.23,2.44,0.00,-17.37,9.20,-36.89,1
H,2022-10-18 14:13:48.083508,-0.21,-0.22,1.13,-15.38,6.90,-6.23,-18.91,7.02,-35.78,1
H,2022-10-18 14:13:48.109621,-0.22,-0.22,1.05,-2.26,11.41,-1.10,-18.91,7.02,-35.78,1
H,2022-10-18 14:13:48.115293,-0.24,-0.34,1.05,5.86,13.61,4.39,-18.91,7.02,-35.78,1
H,2022-10-18 14:13:48.149108,-0.25,-0.37,0.95,-0.24,19.78,-0.12,-18.96,7.04,-36.61,1
H,2022-10-18 14:13:48.166672,-0.08,-0.27,0.98,-11.41,31.62,1.04,-18.96,7.04,-36.61,1
H,2022-10-18 14:13:48.183817,0.01,-0.28,0.99,-4.27,27.22,4.27,-18.71,6.36,-37.24,1
H,2022-10-18 14:13:48.198327,-0.02,-0.27,0.97,1.89,9.40,3.85,-18.71,6.36,-37.24,1
H,2022-10-18 14:13:48.214046,-0.09,-0.28,0.88,0.61,4.52,3.78,-18.71,6.36,-37.24,1
H,2022-10-18 14:13:48.229626,-0.14,-0.31,0.89,1.95,6.84,5.13,-18.23,6.34,-38.40,1
H,2022-10-18 14:13:48.260832,-0.11,-0.30,0.91,1.83,11.05,2.08,-18.23,6.34,-38.40,1
H,2022-10-18 14:13:48.276524,-0.08,-0.28,0.93,1.77,10.07,-5.62,-18.23,6.34,-38.40,1
H,2022-10-18 14:13:48.292712,-0.14,-0.27,0.94,1.10,4.58,-7.39,-18.95,5.35,-37.98,1
H,2022-10-18 14:13:48.308449,-0.13,-0.28,0.90,-0.49,5.86,-7.87,-18.95,5.35,-37.98,1
H,2022-10-18 14:13:48.339597,-0.10,-0.27,0.94,-1.77,6.41,-6.35,-17.96,3.91,-38.82,1
H,2022-10-18 14:13:48.355289,-0.04,-0.24,0.96,4.76,-2.20,-6.96,-17.96,3.91,-38.82,1
H,2022-10-18 14:13:48.370916,-0.79,-0.15,0.65,6.65,-11.05,-7.39,-17.96,3.91,-38.82,1
H,2022-10-18 14:13:48.387003,-0.11,-0.58,0.90,1.16,11.90,3.60,-18.07,3.23,-39.17,1
H,2022-10-18 14:13:48.418265,-0.11,-0.27,1.09,4.88,3.72,8.61,-18.07,3.23,-39.17,1
H,2022-10-18 14:13:48.433988,-0.11,-0.29,0.98,15.63,-32.17,7.57,-18.23,3.74,-37.24,1
H,2022-10-18 14:13:48.449581,-0.11,-0.28,0.91,7.32,-70.13,2.56,-18.23,3.74,-37.24,1
H,2022-10-18 14:13:48.465202,-0.13,-0.35,0.81,7.02,-76.97,4.88,-18.23,3.74,-37.24,1
H,2022-10-18 14:13:48.496595,-0.17,-0.38,0.80,-2.62,-78.37,2.08,-20.83,3.54,-36.40,1
H,2022-10-18 14:13:48.512222,-0.19,-0.32,0.82,-15.08,-77.27,-4.70,-20.83,3.54,-36.40,1
H,2022-10-18 14:13:48.527928,-0.23,-0.28,0.90,-14.10,-65.86,-4.09,-20.83,3.54,-36.40,1
H,2022-10-18 14:13:48.543537,-0.28,-0.28,0.95,-9.95,-59.88,-2.08,-22.74,2.72,-33.63,1
H,2022-10-18 14:13:48.559104,-0.32,-0.28,0.94,-5.43,-50.78,0.55,-22.74,2.72,-33.63,1
H,2022-10-18 14:13:48.593577,-0.34,-0.35,0.91,-4.46,-27.71,1.46,-24.55,2.71,-31.54,1
H,2022-10-18 14:13:48.611385,-0.37,-0.32,0.94,-6.29,-10.07,-1.34,-24.55,2.71,-31.54,1
H,2022-10-18 14:13:48.630105,-0.37,-0.31,0.98,-3.85,5.98,-3.30,-24.55,2.71,-31.54,1
H,2022-10-18 14:13:48.647824,-0.48,-0.42,0.86,0.79,16.11,-6.65,-24.43,1.82,-31.85,1
H,2022-10-18 14:13:48.668021,-0.55,-0.28,0.92,-35.52,58.23,-9.70,-24.43,1.82,-31.85,1
H,2022-10-18 14:13:48.685078,-0.22,-0.19,1.15,-25.70,65.49,9.64,-24.43,1.82,-31.85,1
H,2022-10-18 14:13:48.704752,-0.11,-0.25,1.08,-11.47,48.16,22.28,-22.60,2.04,-32.51,1
H,2022-10-18 14:13:48.721811,-0.00,-0.24,0.94,-5.74,30.70,21.06,-22.60,2.04,-32.51,1
H,2022-10-18 14:13:48.742918,0.01,-0.22,0.83,5.86,10.25,8.48,-22.77,3.50,-33.45,1
H,2022-10-18 14:13:48.761939,-0.21,-0.21,0.78,13.00,3.17,4.21,-22.77,3.50,-33.45,1
H,2022-10-18 14:13:48.781311,-0.17,-0.22,0.83,0.85,-5.55,2.56,-22.77,3.50,-33.45,1
H,2022-10-18 14:13:48.801366,-0.19,-0.21,0.84,0.12,-13.18,-5.92,-22.73,2.64,-32.87,1
H,2022-10-18 14:13:48.820669,-0.22,-0.20,0.89,-3.23,-9.09,-10.68,-22.73,2.64,-32.87,1
H,2022-10-18 14:13:48.830205,-0.34,-0.01,0.95,-29.66,1.46,4.64,-22.73,2.64,-32.87,1
H,2022-10-18 14:13:48.859943,-0.26,-0.32,1.15,-0.92,9.89,6.59,-22.61,1.23,-31.85,1
H,2022-10-18 14:13:48.875691,-0.27,-0.22,0.98,10.74,-7.57,-1.34,-22.61,1.23,-31.85,1
H,2022-10-18 14:13:48.896429,-0.32,-0.29,0.89,13.85,-4.15,-9.83,-21.72,1.51,-32.57,1
H,2022-10-18 14:13:48.911720,-0.31,-0.24,0.86,5.68,16.48,-35.95,-21.72,1.51,-32.57,1
H,2022-10-18 14:13:48.935260,-0.24,-0.08,0.98,2.32,22.34,-37.05,-21.72,1.51,-32.57,1
H,2022-10-18 14:13:48.955368,-0.22,-0.16,1.00,12.08,13.24,-28.69,-19.57,0.73,-33.06,1
H,2022-10-18 14:13:48.970998,-0.25,-0.26,0.91,12.51,3.54,-26.98,-19.57,0.73,-33.06,1
H,2022-10-18 14:13:48.985199,-0.23,-0.27,0.87,8.06,3.85,-28.87,-16.67,0.46,-32.21,1
H,2022-10-18 14:13:49.004508,-0.22,-0.30,0.92,3.91,2.20,-16.48,-16.67,0.46,-32.21,1
H,2022-10-18 14:13:49.022380,-0.26,-0.38,0.89,5.07,0.61,-9.52,-16.67,0.46,-32.21,1
H,2022-10-18 14:13:49.039784,-0.34,-0.35,0.87,3.97,6.59,-6.77,-15.53,-0.12,-35.10,1
H,2022-10-18 14:13:49.057941,-0.43,-0.27,0.92,-1.04,29.79,8.18,-15.53,-0.12,-35.10,1
H,2022-10-18 14:13:49.084901,-0.26,-0.31,1.00,3.48,41.26,22.22,-15.53,-0.12,-35.10,1
H,2022-10-18 14:13:49.104504,-0.14,-0.33,0.99,6.04,47.42,25.02,-13.75,1.50,-34.39,1
H,2022-10-18 14:13:49.117413,-0.04,-0.27,1.01,5.19,48.16,19.53,-13.75,1.50,-34.39,1
H,2022-10-18 14:13:49.140831,0.03,-0.22,0.97,12.82,36.74,14.65,-13.75,1.50,-34.39,1
H,2022-10-18 14:13:49.159112,-0.04,-0.28,0.86,31.92,21.06,6.04,-13.07,3.04,-35.34,1
H,2022-10-18 14:13:49.174730,-0.14,-0.28,0.79,8.61,17.70,-0.73,-13.07,3.04,-35.34,1
H,2022-10-18 14:13:49.190755,-0.07,-0.22,0.84,-0.61,11.23,-0.67,-12.92,2.94,-36.04,1
H,2022-10-18 14:13:49.206454,-0.03,-0.23,0.86,2.08,-12.70,-3.66,-12.92,2.94,-36.04,1
H,2022-10-18 14:13:49.237703,-0.13,-0.24,0.82,3.85,-27.77,-7.26,-12.92,2.94,-36.04,1
H,2022-10-18 14:13:49.253341,-0.28,-0.26,0.66,-34.48,-12.27,2.50,-13.22,1.21,-36.15,1
H,2022-10-18 14:13:49.268945,-0.17,-0.29,1.10,-38.45,-11.90,3.48,-13.22,1.21,-36.15,1
H,2022-10-18 14:13:49.285087,-0.17,-0.18,1.04,-18.62,-39.73,2.32,-13.62,0.70,-34.57,1
H,2022-10-18 14:13:49.316217,-0.19,-0.18,0.95,-4.64,-58.72,5.86,-13.62,0.70,-34.57,1
H,2022-10-18 14:13:49.331840,-0.20,-0.25,0.92,3.42,-68.05,9.40,-13.62,0.70,-34.57,1
H,2022-10-18 14:13:49.347464,-0.25,-0.28,0.81,1.04,-71.96,6.35,-15.98,0.21,-32.24,1
H,2022-10-18 14:13:49.363090,-0.33,-0.30,0.79,-7.87,-55.36,4.58,-15.98,0.21,-32.24,1
H,2022-10-18 14:13:49.385297,-0.34,-0.30,0.87,-12.70,-31.56,1.22,-15.98,0.21,-32.24,1
H,2022-10-18 14:13:49.410437,-0.32,-0.25,1.00,-14.28,-14.95,-6.41,-16.91,-0.85,-29.96,1
H,2022-10-18 14:13:49.426064,-0.34,-0.21,1.01,-3.48,-14.47,-7.51,-16.91,-0.85,-29.96,1
H,2022-10-18 14:13:49.441685,-0.35,-0.19,0.98,5.62,-12.02,-5.55,-16.56,-0.78,-29.61,1
H,2022-10-18 14:13:49.457308,-0.43,-0.26,0.98,13.31,-0.49,-0.98,-16.56,-0.78,-29.61,1
H,2022-10-18 14:13:49.488941,-0.58,-0.19,0.97,1.83,12.33,-1.04,-16.56,-0.78,-29.61,1
H,2022-10-18 14:13:49.508995,-0.54,-0.16,1.05,-5.37,28.81,11.17,-16.35,-0.59,-30.59,1
H,2022-10-18 14:13:49.520497,-0.37,-0.19,1.07,1.83,41.38,13.37,-16.35,-0.59,-30.59,1
H,2022-10-18 14:13:49.536123,-0.29,-0.15,1.02,8.06,43.82,8.06,-15.88,1.89,-31.05,1
H,2022-10-18 14:13:49.567370,-0.24,-0.16,0.99,13.06,42.24,5.49,-15.88,1.89,-31.05,1
H,2022-10-18 14:13:49.589465,-0.19,-0.19,0.89,15.50,35.58,-2.81,-15.88,1.89,-31.05,1
H,2022-10-18 14:13:49.604423,-0.18,-0.19,0.84,12.88,29.91,-10.99,-13.09,2.80,-33.24,1
H,2022-10-18 14:13:49.628080,-0.18,-0.18,0.83,9.77,25.82,-17.21,-13.09,2.80,-33.24,1
H,2022-10-18 14:13:49.633371,-0.17,-0.19,0.84,6.71,17.76,-18.31,-13.09,2.80,-33.24,1
H,2022-10-18 14:13:49.666993,-0.14,-0.20,0.82,8.30,11.11,-18.98,-10.55,3.67,-33.31,1
H,2022-10-18 14:13:49.672654,-0.15,-0.17,0.80,13.67,6.65,-17.27,-10.55,3.67,-33.31,1
H,2022-10-18 14:13:49.690613,-0.12,-0.18,0.83,22.52,2.01,-4.64,-8.48,3.89,-34.61,1
H,2022-10-18 14:13:49.720433,-0.17,-0.33,0.80,38.15,-8.48,0.43,-8.48,3.89,-34.61,1
H,2022-10-18 14:13:49.738523,-0.19,-0.41,0.78,34.48,-7.69,4.27,-8.48,3.89,-34.61,1
H,2022-10-18 14:13:49.759257,-0.19,-0.45,0.83,24.66,-2.14,5.55,-7.64,4.53,-35.41,1
H,2022-10-18 14:13:49.763239,-0.21,-0.48,0.87,15.50,2.08,3.23,-7.64,4.53,-35.41,1
H,2022-10-18 14:13:49.796954,-0.24,-0.42,0.91,11.05,14.34,2.08,-7.64,4.53,-35.41,1
H,2022-10-18 14:13:49.814340,-0.26,-0.33,0.98,9.22,17.27,4.58,-6.29,4.13,-35.49,1
H,2022-10-18 14:13:49.827139,-0.21,-0.29,0.99,11.41,12.08,8.00,-6.29,4.13,-35.49,1
H,2022-10-18 14:13:49.846028,-0.23,-0.35,0.93,20.08,6.84,14.28,-6.05,4.93,-36.44,1
H,2022-10-18 14:13:49.864563,-0.23,-0.46,0.86,16.91,13.79,13.12,-6.05,4.93,-36.44,1
H,2022-10-18 14:13:49.887368,-0.20,-0.40,0.91,-0.18,20.08,5.98,-6.05,4.93,-36.44,1
H,2022-10-18 14:13:49.906717,-0.19,-0.29,0.95,0.00,22.16,2.81,-5.11,4.10,-37.23,1
H,2022-10-18 14:13:49.927594,-0.21,-0.32,0.96,1.04,13.24,2.99,-5.11,4.10,-37.23,1
H,2022-10-18 14:13:49.943743,-0.19,-0.32,0.93,-6.47,7.45,-2.56,-5.11,4.10,-37.23,1
H,2022-10-18 14:13:49.966836,-0.20,-0.26,0.92,-2.75,3.91,-3.42,-4.77,3.22,-36.15,1
H,2022-10-18 14:13:49.985972,-0.21,-0.29,0.92,0.92,1.28,-1.28,-4.77,3.22,-36.15,1
H,2022-10-18 14:13:50.006192,-0.70,-0.34,0.81,-28.20,0.61,3.48,-5.48,2.97,-37.34,1
H,2022-10-18 14:13:50.025532,-0.20,-0.26,0.90,-18.92,6.23,4.15,-5.48,2.97,-37.34,1
H,2022-10-18 14:13:50.044563,-0.20,-0.28,0.88,-12.33,7.39,7.51,-5.48,2.97,-37.34,1
H,2022-10-18 14:13:50.053478,-0.17,-0.26,1.05,-11.29,-17.52,3.91,-4.74,2.36,-35.50,1
H,2022-10-18 14:13:50.083314,-0.19,-0.24,0.89,-4.64,-43.40,3.54,-4.74,2.36,-35.50,1
H,2022-10-18 14:13:50.104030,-0.20,-0.31,0.85,-8.00,-54.14,4.70,-6.05,2.33,-34.40,1
H,2022-10-18 14:13:50.121478,-0.22,-0.30,0.85,-13.49,-63.35,5.98,-6.05,2.33,-34.40,1
H,2022-10-18 14:13:50.141679,-0.25,-0.35,0.87,-20.81,-64.94,5.98,-6.05,2.33,-34.40,1
H,2022-10-18 14:13:50.161251,-0.30,-0.31,0.88,-24.96,-63.11,1.28,-8.01,1.44,-33.11,1
H,2022-10-18 14:13:50.178573,-0.36,-0.27,0.87,-14.04,-40.71,2.56,-8.01,1.44,-33.11,1
H,2022-10-18 14:13:50.194581,-0.38,-0.34,0.93,-1.65,-16.11,3.17,-8.01,1.44,-33.11,1
H,2022-10-18 14:13:50.210211,-0.38,-0.30,0.96,0.49,-0.61,0.12,-9.03,0.76,-32.96,1
H,2022-10-18 14:13:50.225900,-0.34,-0.30,1.08,7.75,11.29,-1.53,-9.03,0.76,-32.96,1
H,2022-10-18 14:13:50.257079,-0.44,-0.30,0.76,19.96,7.02,-2.44,-8.85,0.71,-33.14,1
H,2022-10-18 14:13:50.272708,-0.48,-0.33,0.92,0.55,37.96,0.73,-8.85,0.71,-33.14,1
H,2022-10-18 14:13:50.288847,-0.28,-0.23,1.07,-12.27,46.57,4.64,-8.85,0.71,-33.14,1
H,2022-10-18 14:13:50.304542,-0.21,-0.18,1.00,2.87,24.84,16.11,-8.29,1.44,-33.96,1
H,2022-10-18 14:13:50.335722,-0.14,-0.28,0.91,7.02,15.20,14.34,-8.29,1.44,-33.96,1
H,2022-10-18 14:13:50.351358,-0.17,-0.27,0.85,10.07,10.68,5.49,-7.64,1.87,-33.78,1
H,2022-10-18 14:13:50.367079,-0.24,-0.21,0.83,6.35,4.15,-2.93,-7.64,1.87,-33.78,1
H,2022-10-18 14:13:50.386136,-0.58,-0.22,0.94,2.50,1.89,-4.88,-7.64,1.87,-33.78,1
H,2022-10-18 14:13:50.398640,-0.30,-0.21,0.87,-11.78,-6.90,12.39,-7.97,1.26,-33.45,1
H,2022-10-18 14:13:50.429892,-0.33,-0.28,0.90,0.67,-1.22,3.66,-7.97,1.26,-33.45,1
H,2022-10-18 14:13:50.445585,-0.31,-0.22,0.94,-1.22,5.92,-12.76,-7.97,1.26,-33.45,1
H,2022-10-18 14:13:50.461215,-0.29,-0.23,0.94,4.21,6.84,-17.33,-6.92,1.39,-32.43,1
H,2022-10-18 14:13:50.486277,-0.29,-0.24,0.92,6.47,6.47,-20.63,-6.92,1.39,-32.43,1
H,2022-10-18 14:13:50.508426,-0.28,-0.27,0.89,3.72,7.45,-19.96,-5.42,1.16,-33.94,1
H,2022-10-18 14:13:50.524051,-0.27,-0.30,0.89,2.81,7.32,-21.67,-5.42,1.16,-33.94,1
H,2022-10-18 14:13:50.543087,-0.28,-0.28,0.90,2.62,5.92,-21.42,-5.42,1.16,-33.94,1
H,2022-10-18 14:13:50.555623,-0.28,-0.32,0.88,6.59,7.51,-17.94,-3.23,1.12,-34.07,1
H,2022-10-18 14:13:50.584170,-0.27,-0.31,0.92,4.94,8.54,-17.58,-3.23,1.12,-34.07,1
H,2022-10-18 14:13:50.602127,-0.27,-0.33,0.92,6.10,6.10,-11.60,-3.23,1.12,-34.07,1
H,2022-10-18 14:13:50.611220,-0.29,-0.36,0.90,4.33,3.05,-4.70,-2.40,1.01,-34.44,1
H,2022-10-18 14:13:50.640911,-0.37,-0.36,0.82,3.48,18.07,-2.38,-2.40,1.01,-34.44,1
H,2022-10-18 14:13:50.648138,-0.40,-0.24,1.00,-5.68,36.93,6.16,-0.96,1.59,-34.85,1
H,2022-10-18 14:13:50.678298,-0.26,-0.28,1.03,1.89,39.43,19.17,-0.96,1.59,-34.85,1
H,2022-10-18 14:13:50.692582,-0.16,-0.30,1.00,11.47,34.24,20.45,-0.96,1.59,-34.85,1
H,2022-10-18 14:13:50.707664,-0.04,-0.26,0.91,21.18,30.94,13.67,-1.70,2.51,-35.41,1
H,2022-10-18 14:13:50.736187,-0.07,-0.32,0.89,25.27,22.34,6.84,-1.70,2.51,-35.41,1
H,2022-10-18 14:13:50.754309,-0.19,-0.30,0.76,31.37,17.82,-3.17,-1.70,2.51,-35.41,1
H,2022-10-18 14:13:50.777063,-0.19,-0.22,0.84,2.38,10.56,-5.13,0.01,3.42,-34.51,1
H,2022-10-18 14:13:50.788694,-0.16,-0.25,0.87,3.30,-3.05,-3.60,0.01,3.42,-34.51,1
H,2022-10-18 14:13:50.814369,-0.26,-0.31,0.79,-24.17,0.55,3.36,-0.20,2.26,-36.18,1
H,2022-10-18 14:13:50.821800,-0.21,-0.27,1.04,-20.57,3.60,4.03,-0.20,2.26,-36.18,1
H,2022-10-18 14:13:50.841849,-0.21,-0.25,0.97,-4.21,-19.23,0.85,-0.20,2.26,-36.18,1
H,2022-10-18 14:13:50.869335,-0.21,-0.24,0.88,1.28,-34.73,0.31,-0.09,2.08,-34.95,1
H,2022-10-18 14:13:50.886321,-0.21,-0.25,0.86,0.37,-49.32,1.34,-0.09,2.08,-34.95,1
H,2022-10-18 14:13:50.907965,-0.23,-0.29,0.84,0.73,-59.14,3.72,-0.09,2.08,-34.95,1
H,2022-10-18 14:13:50.921455,-0.27,-0.33,0.84,-5.68,-62.44,1.95,-1.77,2.10,-35.14,1
H,2022-10-18 14:13:50.945578,-0.30,-0.34,0.83,-8.18,-59.57,-1.95,-1.77,2.10,-35.14,1
H,2022-10-18 14:13:50.966157,-0.34,-0.30,0.89,-10.38,-53.22,-4.03,-2.86,1.33,-33.45,1
H,2022-10-18 14:13:50.986515,-0.41,-0.29,0.88,-5.37,-33.63,-6.35,-2.86,1.33,-33.45,1
H,2022-10-18 14:13:51.001542,-0.39,-0.28,0.96,-0.37,-17.64,-4.94,-2.86,1.33,-33.45,1
H,2022-10-18 14:13:51.021145,-0.40,-0.28,0.97,3.05,-9.64,-6.84,-3.82,0.72,-32.32,1
H,2022-10-18 14:13:51.035923,-0.55,-0.29,0.98,12.02,1.10,-10.62,-3.82,0.72,-32.32,1
H,2022-10-18 14:13:51.055375,-0.77,-0.22,0.96,1.65,18.13,-10.50,-3.19,1.34,-33.65,1
H,2022-10-18 14:13:51.073092,-0.55,-0.21,1.08,-11.66,43.95,4.82,-3.19,1.34,-33.65,1
H,2022-10-18 14:13:51.102412,-0.35,-0.23,1.15,-4.09,51.76,8.06,-3.19,1.34,-33.65,1
H,2022-10-18 14:13:51.120931,-0.25,-0.16,0.98,5.19,44.98,1.46,-1.72,3.12,-32.95,1
H,2022-10-18 14:13:51.140504,-0.18,-0.18,0.92,12.82,43.95,-0.43,-1.72,3.12,-32.95,1
H,2022-10-18 14:13:51.158915,-0.17,-0.18,0.87,22.89,35.58,-5.25,-1.72,3.12,-32.95,1
H,2022-10-18 14:13:51.174454,-0.21,-0.19,0.77,26.61,32.65,-3.91,-0.65,4.49,-33.56,1
H,2022-10-18 14:13:51.190635,-0.18,-0.21,0.78,29.24,32.84,3.23,-0.65,4.49,-33.56,1
H,2022-10-18 14:13:51.206343,-0.11,-0.28,0.82,31.74,26.79,5.92,0.96,6.41,-36.46,1
H,2022-10-18 14:13:51.221966,-0.12,-0.32,0.78,32.65,8.54,4.21,0.96,6.41,-36.46,1
H,2022-10-18 14:13:51.253132,-0.12,-0.39,0.79,29.24,0.43,2.32,0.96,6.41,-36.46,1
H,2022-10-18 14:13:51.268755,-0.18,-0.41,0.81,20.26,-6.35,-4.15,3.02,7.24,-36.30,1
H,2022-10-18 14:13:51.286962,-0.25,-0.39,0.82,12.51,-7.87,-8.18,3.02,7.24,-36.30,1
H,2022-10-18 14:13:51.300542,-0.32,-0.36,0.94,10.68,-3.72,-7.81,3.02,7.24,-36.30,1
H,2022-10-18 14:13:51.331805,-0.33,-0.34,0.97,13.61,-3.85,-2.44,3.97,6.87,-35.69,1
H,2022-10-18 14:13:51.347428,-0.34,-0.35,0.93,21.36,-2.44,5.19,3.97,6.87,-35.69,1
H,2022-10-18 14:13:51.363120,-0.32,-0.37,0.90,24.35,5.55,17.33,5.44,7.24,-37.35,1
H,2022-10-18 14:13:51.387256,-0.27,-0.43,0.90,28.75,9.70,20.87,5.44,7.24,-37.35,1
H,2022-10-18 14:13:51.394828,-0.30,-0.47,0.86,24.17,12.15,20.51,5.44,7.24,-37.35,1
H,2022-10-18 14:13:51.426087,-0.24,-0.45,0.85,14.10,18.92,14.10,6.19,9.18,-37.10,1
H,2022-10-18 14:13:51.441786,-0.22,-0.49,0.89,6.84,19.23,7.32,6.19,9.18,-37.10,1
H,2022-10-18 14:13:51.457405,-0.21,-0.44,0.87,-1.95,15.87,-1.71,6.30,9.12,-37.48,1
H,2022-10-18 14:13:51.473025,-0.22,-0.36,0.88,0.79,12.88,-1.53,6.30,9.12,-37.48,1
H,2022-10-18 14:13:51.504845,-0.25,-0.39,0.91,7.75,14.40,7.20,6.30,9.12,-37.48,1
H,2022-10-18 14:13:51.520471,-0.21,-0.47,0.88,6.84,16.60,8.67,7.26,9.30,-37.59,1
H,2022-10-18 14:13:51.536090,-0.13,-0.40,0.91,-4.27,16.17,1.40,7.26,9.30,-37.59,1
H,2022-10-18 14:13:51.551704,-0.16,-0.31,0.92,6.59,7.20,2.20,7.26,9.30,-37.59,1
H,2022-10-18 14:13:51.581536,-0.23,-0.34,0.85,21.55,6.23,10.31,6.75,8.36,-37.61,1
H,2022-10-18 14:13:51.593936,-0.22,-0.47,0.84,25.51,10.31,16.85,6.75,8.36,-37.61,1
H,2022-10-18 14:13:51.619820,-0.22,-0.46,0.86,-0.37,6.96,1.77,8.08,9.51,-37.51,1
H,2022-10-18 14:13:51.626631,-0.19,-0.37,0.88,-8.06,2.32,-5.74,8.08,9.51,-37.51,1
H,2022-10-18 14:13:51.658154,-0.22,-0.36,0.86,-5.98,-1.40,-5.13,8.08,9.51,-37.51,1
H,2022-10-18 14:13:51.676576,-0.32,-0.37,0.78,-14.83,-2.56,9.89,7.90,8.78,-36.83,1
H,2022-10-18 14:13:51.692878,-0.22,-0.39,0.87,-13.00,4.46,7.81,7.90,8.78,-36.83,1
H,2022-10-18 14:13:51.710498,-0.21,-0.40,0.88,-11.41,0.00,1.95,7.90,8.78,-36.83,1
H,2022-10-18 14:13:51.729050,-0.20,-0.35,0.89,-9.64,-10.62,-2.81,8.47,8.57,-37.59,1
H,2022-10-18 14:13:51.752901,-0.19,-0.35,0.88,-10.25,-27.10,-4.70,8.47,8.57,-37.59,1
H,2022-10-18 14:13:51.763743,-0.21,-0.32,0.85,-23.50,-60.61,-6.41,7.97,7.29,-36.11,1
H,2022-10-18 14:13:51.788538,-0.24,-0.34,0.80,-24.23,-68.97,-5.80,7.97,7.29,-36.11,1
H,2022-10-18 14:13:51.804336,-0.30,-0.37,0.80,-22.64,-65.00,-2.87,7.97,7.29,-36.11,1
H,2022-10-18 14:13:51.827995,-0.33,-0.44,0.82,-21.91,-44.98,-2.81,6.47,6.13,-36.62,1
H,2022-10-18 14:13:51.832116,-0.36,-0.36,0.91,-23.93,-30.33,-7.02,6.47,6.13,-36.62,1
H,2022-10-18 14:13:51.863595,-0.37,-0.35,0.93,-11.96,-15.99,-7.39,6.47,6.13,-36.62,1
H,2022-10-18 14:13:51.881944,-0.37,-0.31,1.00,-1.59,-6.84,-4.82,5.86,5.74,-35.95,1
H,2022-10-18 14:13:51.898370,-0.38,-0.36,0.97,14.77,2.69,-1.59,5.86,5.74,-35.95,1
H,2022-10-18 14:13:51.918711,-0.52,-0.41,0.88,18.49,8.54,1.59,5.76,6.53,-35.84,1
H,2022-10-18 14:13:51.939649,-0.47,-0.33,0.92,0.55,28.56,9.70,5.76,6.53,-35.84,1
H,2022-10-18 14:13:51.957266,-0.30,-0.39,1.03,-2.62,41.99,21.67,5.76,6.53,-35.84,1
H,2022-10-18 14:13:51.972888,-0.15,-0.35,1.00,-2.99,36.93,17.70,5.93,6.68,-36.94,1
H,2022-10-18 14:13:51.996131,-0.18,-0.26,0.87,12.02,20.57,13.31,5.93,6.68,-36.94,1
H,2022-10-18 14:13:52.014397,-0.18,-0.30,0.83,12.63,8.97,14.47,5.93,6.68,-36.94,1
H,2022-10-18 14:13:52.036822,-0.21,-0.31,0.78,11.11,-0.12,11.96,6.29,6.36,-36.23,1
H,2022-10-18 14:13:52.041287,-0.20,-0.33,0.79,2.87,-6.23,1.46,6.29,6.36,-36.23,1
H,2022-10-18 14:13:52.075979,-0.25,-0.30,0.82,-1.77,-8.30,-7.63,6.14,6.40,-36.27,1
H,2022-10-18 14:13:52.094356,-0.40,-0.16,0.84,-31.86,-5.31,2.26,6.14,6.40,-36.27,1
H,2022-10-18 14:13:52.113256,-0.31,-0.35,0.99,-2.56,0.06,12.39,6.14,6.40,-36.27,1
H,2022-10-18 14:13:52.123750,-0.32,-0.33,0.90,-2.99,0.61,-9.09,7.03,6.49,-35.96,1
H,2022-10-18 14:13:52.151896,-0.32,-0.28,0.87,5.07,8.06,-17.94,7.03,6.49,-35.96,1
H,2022-10-18 14:13:52.159657,-0.30,-0.30,0.89,4.52,18.13,-29.11,7.03,6.49,-35.96,1
H,2022-10-18 14:13:52.191376,-0.27,-0.18,0.94,5.92,14.95,-29.85,8.37,6.31,-36.74,1
H,2022-10-18 14:13:52.207003,-0.28,-0.29,0.91,12.08,9.28,-16.91,8.37,6.31,-36.74,1
H,2022-10-18 14:13:52.222696,-0.29,-0.39,0.87,9.70,4.03,-11.90,9.74,7.65,-37.37,1
H,2022-10-18 14:13:52.238318,-0.29,-0.42,0.86,4.64,2.87,-10.07,9.74,7.65,-37.37,1
H,2022-10-18 14:13:52.253955,-0.30,-0.43,0.86,6.04,4.15,-6.90,9.74,7.65,-37.37,1
H,2022-10-18 14:13:52.285119,-0.31,-0.45,0.88,5.92,6.29,-6.84,11.17,7.81,-36.44,1
H,2022-10-18 14:13:52.301129,-0.35,-0.44,0.89,3.91,11.84,-5.62,11.17,7.81,-36.44,1
H,2022-10-18 14:13:52.316850,-0.47,-0.36,0.92,-2.99,19.23,0.06,11.90,7.97,-35.56,1
H,2022-10-18 14:13:52.332462,-0.33,-0.36,0.95,-5.62,26.98,11.84,11.90,7.97,-35.56,1
H,2022-10-18 14:13:52.363641,-0.20,-0.37,0.96,-0.43,30.09,17.94,11.90,7.97,-35.56,1
H,2022-10-18 14:13:52.379268,-0.17,-0.38,0.89,8.79,28.38,13.12,11.55,8.63,-36.45,1
H,2022-10-18 14:13:52.395283,-0.14,-0.32,0.88,11.05,26.55,10.19,11.55,8.63,-36.45,1
H,2022-10-18 14:13:52.410913,-0.15,-0.34,0.85,16.11,21.55,8.61,11.55,8.63,-36.45,1
H,2022-10-18 14:13:52.442160,-0.19,-0.32,0.77,31.74,22.95,9.09,12.07,9.42,-36.58,1
H,2022-10-18 14:13:52.457784,-0.12,-0.35,0.87,16.42,18.25,6.65,12.07,9.42,-36.58,1
H,2022-10-18 14:13:52.473406,-0.15,-0.35,0.84,14.47,1.65,1.46,13.51,9.85,-37.55,1
H,2022-10-18 14:13:52.488985,-0.23,-0.36,0.78,10.01,-14.47,-1.77,13.51,9.85,-37.55,1
H,2022-10-18 14:13:52.504693,-0.53,-0.39,0.60,1.83,-11.96,-0.67,13.51,9.85,-37.55,1
H,2022-10-18 14:13:52.535869,-0.21,-0.42,0.95,-18.80,17.58,6.10,13.06,9.05,-37.84,1
H,2022-10-18 14:13:52.551565,-0.21,-0.34,1.04,-4.94,-8.18,4.09,13.06,9.05,-37.84,1
H,2022-10-18 14:13:52.567188,-0.22,-0.30,0.91,3.17,-31.98,1.83,12.92,9.57,-35.39,1
H,2022-10-18 14:13:52.589195,-0.23,-0.37,0.83,5.62,-44.31,-0.24,12.92,9.57,-35.39,1
H,2022-10-18 14:13:52.610555,-0.25,-0.44,0.80,-2.81,-51.39,-5.31,12.92,9.57,-35.39,1
H,2022-10-18 14:13:52.628336,-0.29,-0.39,0.77,-21.48,-49.93,-8.36,12.39,9.00,-35.94,1
H,2022-10-18 14:13:52.654111,-0.30,-0.34,0.84,-24.90,-44.74,-8.06,12.39,9.00,-35.94,1
H,2022-10-18 14:13:52.659183,-0.34,-0.33,0.89,-25.51,-43.09,-8.12,12.39,9.00,-35.94,1
H,2022-10-18 14:13:52.690471,-0.38,-0.29,0.91,-7.45,-29.97,-6.04,10.05,8.11,-34.45,1
H,2022-10-18 14:13:52.710747,-0.39,-0.29,0.96,4.52,-18.19,-3.17,10.05,8.11,-34.45,1
H,2022-10-18 14:13:52.727870,-0.42,-0.38,0.96,14.53,-10.31,-2.08,10.30,7.97,-36.93,1
H,2022-10-18 14:13:52.748345,-0.50,-0.41,0.91,13.55,7.45,-6.53,10.30,7.97,-36.93,1
H,2022-10-18 14:13:52.766447,-0.56,-0.25,0.93,-9.70,25.33,-3.11,10.30,7.97,-36.93,1
H,2022-10-18 14:13:52.786899,-0.39,-0.26,1.06,-7.75,37.66,8.12,10.56,8.65,-36.25,1
H,2022-10-18 14:13:52.794438,-0.32,-0.29,1.03,3.91,36.99,9.09,10.56,8.65,-36.25,1
H,2022-10-18 14:13:52.815060,-0.28,-0.31,0.96,9.64,34.36,2.14,10.56,8.65,-36.25,1
H,2022-10-18 14:13:52.842732,-0.25,-0.28,0.90,8.73,33.08,-1.53,10.88,9.75,-36.15,1
H,2022-10-18 14:13:52.860747,-0.25,-0.28,0.90,8.36,28.14,-3.60,10.88,9.75,-36.15,1
H,2022-10-18 14:13:52.876527,-0.27,-0.27,0.84,11.23,21.79,-4.64,12.41,11.02,-36.89,1
H,2022-10-18 14:13:52.893882,-0.20,-0.31,0.83,9.83,16.91,-2.99,12.41,11.02,-36.89,1
H,2022-10-18 14:13:52.908460,-0.20,-0.33,0.84,9.40,11.84,-6.29,12.41,11.02,-36.89,1
H,2022-10-18 14:13:52.937643,-0.23,-0.32,0.82,8.42,5.98,-9.58,13.06,11.77,-35.62,1
H,2022-10-18 14:13:52.954217,-0.28,-0.34,0.81,6.90,3.48,-10.01,13.06,11.77,-35.62,1
H,2022-10-18 14:13:52.977012,-0.25,-0.36,0.82,5.07,5.92,-8.24,13.06,11.77,-35.62,1
H,2022-10-18 14:13:52.996445,-0.24,-0.37,0.86,3.91,4.09,-8.30,13.94,12.83,-36.47,1
H,2022-10-18 14:13:53.016994,-0.25,-0.36,0.85,7.57,1.04,-6.04,13.94,12.83,-36.47,1
H,2022-10-18 14:13:53.025105,-0.28,-0.40,0.88,10.25,1.95,-3.23,15.49,13.22,-35.51,1
H,2022-10-18 14:13:53.055762,-0.32,-0.41,0.87,12.94,3.72,-1.28,15.49,13.22,-35.51,1
H,2022-10-18 14:13:53.074034,-0.32,-0.41,0.85,11.60,10.25,9.64,15.49,13.22,-35.51,1
H,2022-10-18 14:13:53.093779,-0.29,-0.42,0.90,27.28,21.61,19.53,16.48,13.82,-36.51,1
H,2022-10-18 14:13:53.104472,-0.25,-0.44,0.91,19.59,21.48,22.64,16.48,13.82,-36.51,1
H,2022-10-18 14:13:53.124834,-0.25,-0.42,0.89,20.81,16.78,24.72,16.48,13.82,-36.51,1
H,2022-10-18 14:13:53.149542,-0.24,-0.44,0.86,17.09,14.47,22.71,16.66,14.42,-35.79,1
H,2022-10-18 14:13:53.162142,-0.21,-0.41,0.89,12.45,13.73,10.19,16.66,14.42,-35.79,1
H,2022-10-18 14:13:53.177839,-0.25,-0.36,0.84,19.65,13.49,7.75,18.19,15.22,-36.63,1
H,2022-10-18 14:13:53.193947,-0.25,-0.41,0.86,19.84,15.81,14.34,18.19,15.22,-36.63,1
H,2022-10-18 14:13:53.209668,-0.23,-0.45,0.87,16.97,16.05,15.81,18.19,15.22,-36.63,1
H,2022-10-18 14:13:53.240831,-0.21,-0.44,0.88,15.81,12.33,12.33,19.24,15.61,-36.76,1
H,2022-10-18 14:13:53.256454,-0.20,-0.48,0.85,15.81,7.87,10.74,19.24,15.61,-36.76,1
H,2022-10-18 14:13:53.272145,-0.20,-0.47,0.85,9.77,5.31,7.75,19.24,15.61,-36.76,1
H,2022-10-18 14:13:53.289785,-0.25,-0.42,0.79,11.72,3.66,8.00,18.90,15.93,-36.91,1
H,2022-10-18 14:13:53.319439,-0.16,-0.48,0.86,1.10,-0.85,9.83,18.90,15.93,-36.91,1
H,2022-10-18 14:13:53.335071,-0.31,-0.47,0.83,1.28,-10.56,4.15,19.60,15.39,-37.92,1
H,2022-10-18 14:13:53.350753,-0.25,-0.42,0.80,-37.35,6.59,-1.65,19.60,15.39,-37.92,1
H,2022-10-18 14:13:53.366380,-0.21,-0.35,1.00,-16.97,4.03,2.87,19.60,15.39,-37.92,1
H,2022-10-18 14:13:53.390025,-0.20,-0.40,0.89,-7.75,-15.38,3.11,18.99,14.64,-37.87,1
H,2022-10-18 14:13:53.413666,-0.20,-0.40,0.80,-9.16,-30.58,-1.10,18.99,14.64,-37.87,1
H,2022-10-18 14:13:53.429357,-0.22,-0.38,0.81,-25.02,-51.03,-8.54,18.21,14.86,-38.26,1
H,2022-10-18 14:13:53.444981,-0.25,-0.42,0.80,-30.88,-53.34,-9.52,18.21,14.86,-38.26,1
H,2022-10-18 14:13:53.460564,-0.27,-0.42,0.84,-38.33,-54.14,-9.58,18.21,14.86,-38.26,1
H,2022-10-18 14:13:53.492185,-0.31,-0.40,0.86,-30.70,-50.48,-11.17,16.56,12.76,-37.23,1
H,2022-10-18 14:13:53.507880,-0.38,-0.34,0.87,-16.48,-34.42,-8.79,16.56,12.76,-37.23,1
H,2022-10-18 14:13:53.523507,-0.37,-0.36,0.94,-2.75,-17.21,-6.16,16.56,12.76,-37.23,1
H,2022-10-18 14:13:53.539128,-0.36,-0.35,1.00,12.82,-12.02,-4.64,16.59,12.60,-36.80,1
H,2022-10-18 14:13:53.570306,-0.46,-0.41,0.90,20.51,-5.37,-1.59,16.59,12.60,-36.80,1
H,2022-10-18 14:13:53.590074,-0.56,-0.44,0.86,12.82,8.79,0.18,16.81,13.51,-38.26,1
H,2022-10-18 14:13:53.609056,-0.45,-0.42,0.90,-7.26,36.13,8.61,16.81,13.51,-38.26,1
H,2022-10-18 14:13:53.624968,-0.29,-0.38,0.99,-5.25,41.56,15.75,16.81,13.51,-38.26,1
H,2022-10-18 14:13:53.645768,-0.19,-0.33,0.95,-2.87,37.60,15.87,16.39,13.53,-39.01,1
H,2022-10-18 14:13:53.656766,-0.16,-0.31,0.92,4.88,29.11,16.48,16.39,13.53,-39.01,1
H,2022-10-18 14:13:53.678183,-0.17,-0.32,0.85,15.32,18.43,17.40,16.39,13.53,-39.01,1
H,2022-10-18 14:13:53.700540,-0.17,-0.35,0.80,14.04,8.06,16.97,16.89,13.50,-37.61,1
H,2022-10-18 14:13:53.715087,-0.22,-0.36,0.79,7.08,-2.01,8.12,16.89,13.50,-37.61,1
H,2022-10-18 14:13:53.736250,-0.22,-0.34,0.82,-3.97,-6.90,-0.67,17.57,13.33,-36.84,1
H,2022-10-18 14:13:53.749405,-0.27,-0.28,0.81,-3.97,-10.31,-11.23,17.57,13.33,-36.84,1
H,2022-10-18 14:13:53.772620,-0.28,-0.24,0.84,1.22,-7.14,-15.14,17.57,13.33,-36.84,1
H,2022-10-18 14:13:53.792653,-0.46,-0.38,0.93,-15.93,-0.92,-1.22,17.08,13.28,-37.79,1
H,2022-10-18 14:13:53.813830,-0.32,-0.40,0.99,-0.06,6.41,-4.21,17.08,13.28,-37.79,1
H,2022-10-18 14:13:53.829773,-0.31,-0.37,0.91,5.80,10.93,-19.04,17.08,13.28,-37.79,1
H,2022-10-18 14:13:53.850693,-0.32,-0.31,0.89,7.87,16.91,-26.06,18.57,14.01,-36.84,1
H,2022-10-18 14:13:53.857318,-0.29,-0.32,0.89,14.89,25.15,-34.36,18.57,14.01,-36.84,1
H,2022-10-18 14:13:53.887199,-0.28,-0.29,0.92,16.42,15.44,-23.19,18.57,14.01,-36.84,1
H,2022-10-18 14:13:53.898507,-0.28,-0.45,0.86,17.21,3.91,-7.69,20.08,14.83,-36.83,1
H,2022-10-18 14:13:53.917445,-0.30,-0.47,0.79,7.93,0.18,-7.75,20.08,14.83,-36.83,1
H,2022-10-18 14:13:53.935958,-0.32,-0.43,0.84,4.82,0.55,-4.15,21.01,15.86,-36.36,1
H,2022-10-18 14:13:53.956878,-0.37,-0.50,0.84,11.54,0.37,10.93,21.01,15.86,-36.36,1
H,2022-10-18 14:13:53.979881,-0.49,-0.57,0.80,0.61,13.18,17.64,21.01,15.86,-36.36,1
H,2022-10-18 14:13:53.991024,-0.32,-0.52,0.89,-12.76,30.46,23.01,21.20,16.10,-37.51,1
H,2022-10-18 14:13:54.016794,-0.20,-0.49,0.94,-9.28,34.18,21.73,21.20,16.10,-37.51,1
H,2022-10-18 14:13:54.025848,-0.15,-0.39,0.91,-5.37,28.93,12.02,21.20,16.10,-37.51,1
H,2022-10-18 14:13:54.041482,-0.17,-0.33,0.83,5.98,21.73,9.34,20.95,16.33,-35.42,1
H,2022-10-18 14:13:54.075671,-0.21,-0.33,0.82,11.72,20.81,5.68,20.95,16.33,-35.42,1
H,2022-10-18 14:13:54.094785,-0.23,-0.30,0.79,22.22,23.93,5.80,21.19,16.24,-36.65,1
H,2022-10-18 14:13:54.114704,-0.17,-0.40,0.83,24.96,31.68,0.43,21.19,16.24,-36.65,1
H,2022-10-18 14:13:54.129717,-0.08,-0.34,0.90,11.41,23.25,-8.73,21.19,16.24,-36.65,1
H,2022-10-18 14:13:54.153142,-0.15,-0.38,0.90,11.05,2.44,-9.40,22.38,16.80,-36.15,1
H,2022-10-18 14:13:54.165634,-0.22,-0.39,0.78,7.20,-9.09,-6.16,22.38,16.80,-36.15,1
H,2022-10-18 14:13:54.181261,-0.21,-0.41,0.84,4.58,-8.91,-3.23,22.38,16.80,-36.15,1
H,2022-10-18 14:13:54.197340,-0.65,-0.50,0.68,2.20,-12.15,-6.23,22.25,17.19,-35.95,1
H,2022-10-18 14:13:54.228590,-0.24,-0.41,0.92,-13.00,7.51,-2.56,22.25,17.19,-35.95,1
H,2022-10-18 14:13:54.244221,-0.22,-0.44,1.00,-7.32,-13.43,-5.00,23.08,16.91,-36.04,1
H,2022-10-18 14:13:54.259904,-0.24,-0.37,0.84,-9.03,-32.65,-6.23,23.08,16.91,-36.04,1
H,2022-10-18 14:13:54.275532,-0.24,-0.36,0.82,-16.54,-59.14,-3.85,23.08,16.91,-36.04,1
H,2022-10-18 14:13:54.306706,-0.26,-0.38,0.79,-29.66,-57.68,-6.77,21.00,16.32,-36.38,1
H,2022-10-18 14:13:54.322330,-0.33,-0.38,0.75,-24.17,-52.73,-9.16,21.00,16.32,-36.38,1
H,2022-10-18 14:13:54.338023,-0.33,-0.35,0.84,-16.42,-42.60,-4.88,20.42,15.61,-37.98,1
H,2022-10-18 14:13:54.353654,-0.33,-0.40,0.93,-15.20,-40.83,-4.15,20.42,15.61,-37.98,1
H,2022-10-18 14:13:54.384823,-0.37,-0.35,0.89,-14.40,-41.63,-10.01,20.42,15.61,-37.98,1
H,2022-10-18 14:13:54.400448,-0.41,-0.29,0.88,-4.21,-34.06,-11.78,19.20,15.48,-36.07,1
H,2022-10-18 14:13:54.416546,-0.55,-0.38,0.87,8.79,-11.29,-7.51,19.20,15.48,-36.07,1
H,2022-10-18 14:13:54.432256,-0.67,-0.39,0.92,-1.22,7.20,-5.00,19.20,15.48,-36.07,1
H,2022-10-18 14:13:54.447888,-0.54,-0.33,0.99,-11.11,27.34,1.10,19.20,15.14,-35.66,1
H,2022-10-18 14:13:54.479054,-0.38,-0.31,1.07,-2.26,36.25,9.89,19.20,15.14,-35.66,1
H,2022-10-18 14:13:54.494759,-0.31,-0.31,0.98,1.28,31.56,7.69,18.69,15.47,-36.65,1
H,2022-10-18 14:13:54.510951,-0.30,-0.27,0.93,3.11,28.38,3.17,18.69,15.47,-36.65,1
H,2022-10-18 14:13:54.526668,-0.28,-0.25,0.88,6.41,26.00,1.71,18.69,15.47,-36.65,1
H,2022-10-18 14:13:54.542291,-0.25,-0.26,0.86,9.83,23.68,2.75,18.58,16.32,-36.54,1
H,2022-10-18 14:13:54.573485,-0.26,-0.27,0.80,16.05,20.81,0.98,18.58,16.32,-36.54,1
H,2022-10-18 14:13:54.590110,-0.23,-0.29,0.80,20.57,21.30,3.05,18.58,16.32,-36.54,1
