x,2022-10-11 12:11:25.600021,0.23,0.05,0.86,-21.85,-13.24,-33.02,55.57,25.65,-6.79,1
x,2022-10-11 12:11:25.621055,0.10,0.12,0.99,-5.86,-11.29,-7.32,61.08,25.44,-3.75,1
x,2022-10-11 12:11:25.638610,0.15,0.14,0.96,15.08,4.27,15.01,61.08,25.44,-3.75,1
x,2022-10-11 12:11:25.657622,0.16,0.14,0.98,7.93,8.61,13.24,63.45,23.44,-0.89,1
x,2022-10-11 12:11:25.675216,0.22,0.08,0.94,29.72,1.77,24.66,63.45,23.44,-0.89,1
x,2022-10-11 12:11:25.693271,0.22,-0.02,0.94,32.96,-6.16,34.36,63.45,23.44,-0.89,1
x,2022-10-11 12:11:25.714359,0.24,0.03,0.90,25.09,-13.79,44.86,63.12,20.47,-1.49,1
x,2022-10-11 12:11:25.732133,0.14,0.14,0.92,19.96,-17.46,47.12,63.12,20.47,-1.49,1
x,2022-10-11 12:11:25.750495,0.15,0.26,0.89,7.57,-16.60,33.39,63.12,20.47,-1.49,1
x,2022-10-11 12:11:25.769356,0.10,0.25,0.83,-5.00,-19.78,0.98,62.15,15.89,-3.10,1
x,2022-10-11 12:11:25.787880,0.11,0.21,0.89,-24.35,-15.20,-6.77,62.15,15.89,-3.10,1
x,2022-10-11 12:11:25.807834,0.16,0.29,0.93,-23.44,-17.46,-3.36,61.54,13.55,-1.21,1
x,2022-10-11 12:11:25.827129,0.10,0.36,0.99,-13.12,-16.30,1.10,61.54,13.55,-1.21,1
x,2022-10-11 12:11:25.846245,0.09,0.37,0.90,-18.01,-10.01,-12.27,61.54,13.55,-1.21,1
x,2022-10-11 12:11:25.866645,-0.04,0.30,1.18,2.14,-2.69,-16.05,62.62,11.28,-1.01,1
x,2022-10-11 12:11:25.884522,0.10,0.43,0.91,42.18,16.36,5.80,62.62,11.28,-1.01,1
x,2022-10-11 12:11:25.903097,0.13,0.21,0.93,24.72,13.12,-5.19,63.26,9.59,-1.81,1
x,2022-10-11 12:11:25.922273,0.10,0.31,0.92,10.38,9.46,-9.40,63.26,9.59,-1.81,1
x,2022-10-11 12:11:25.940442,0.09,0.25,0.87,15.44,6.47,-8.06,63.26,9.59,-1.81,1
x,2022-10-11 12:11:25.960987,0.08,0.18,0.79,-2.14,1.65,-27.59,66.80,10.99,-1.11,1
x,2022-10-11 12:11:25.978741,0.08,0.18,0.80,7.45,-4.21,-22.58,66.80,10.99,-1.11,1
x,2022-10-11 12:11:25.997050,0.09,0.18,0.83,1.89,-10.56,-25.33,66.80,10.99,-1.11,1
x,2022-10-11 12:11:26.016436,0.10,0.14,0.87,2.08,-17.09,-26.12,69.43,11.61,1.40,1
x,2022-10-11 12:11:26.033856,0.08,0.06,0.79,1.04,-25.27,-14.16,69.43,11.61,1.40,1
x,2022-10-11 12:11:26.054171,0.09,0.05,0.83,-9.70,-31.07,-10.93,72.06,11.50,-0.96,1
x,2022-10-11 12:11:26.071597,0.07,0.01,0.81,-10.25,-37.05,-0.73,72.06,11.50,-0.96,1
x,2022-10-11 12:11:26.090304,0.09,0.05,0.89,-8.30,-44.86,12.45,72.06,11.50,-0.96,1
x,2022-10-11 12:11:26.109579,0.09,0.16,1.00,5.25,-48.77,27.16,71.56,9.61,-3.21,1
x,2022-10-11 12:11:26.127566,0.09,0.18,1.04,14.10,-44.37,33.94,71.56,9.61,-3.21,1
x,2022-10-11 12:11:26.146712,0.05,0.21,1.04,6.41,-36.93,35.77,71.56,9.61,-3.21,1
x,2022-10-11 12:11:26.166205,0.05,0.23,1.06,-6.16,-26.98,33.39,68.13,7.06,-6.52,1
x,2022-10-11 12:11:26.184772,0.02,0.34,1.13,-2.81,-19.47,28.87,68.13,7.06,-6.52,1
x,2022-10-11 12:11:26.204288,0.00,0.39,1.12,1.04,-7.20,16.72,64.05,6.32,-8.08,1
x,2022-10-11 12:11:26.223897,0.02,0.44,1.06,-14.40,11.11,-12.51,64.05,6.32,-8.08,1
x,2022-10-11 12:11:26.241721,0.03,0.37,1.08,29.91,3.05,2.44,64.05,6.32,-8.08,1
x,2022-10-11 12:11:26.261355,0.02,0.39,1.17,37.23,13.24,6.59,64.65,5.47,-10.08,1
x,2022-10-11 12:11:26.279902,0.01,0.42,1.15,19.53,35.71,-23.62,64.65,5.47,-10.08,1
x,2022-10-11 12:11:26.297271,0.05,0.34,1.00,3.66,47.06,-41.63,64.65,5.47,-10.08,1
x,2022-10-11 12:11:26.316874,0.05,0.30,0.96,5.74,44.13,-49.19,68.29,6.75,-6.23,1
x,2022-10-11 12:11:26.334198,0.07,0.31,0.99,-0.55,41.99,-54.69,68.29,6.75,-6.23,1
x,2022-10-11 12:11:26.353284,0.09,0.28,0.96,-13.61,44.13,-66.96,76.60,11.17,-0.49,1
x,2022-10-11 12:11:26.372545,0.09,0.18,0.84,-7.26,34.48,-70.01,76.60,11.17,-0.49,1
x,2022-10-11 12:11:26.390520,0.10,-0.11,0.80,20.51,22.64,-38.27,76.60,11.17,-0.49,1
x,2022-10-11 12:11:26.410121,0.08,-0.21,0.74,38.09,8.06,0.24,81.74,14.92,2.21,1
x,2022-10-11 12:11:26.428481,0.08,-0.24,0.74,31.56,-17.33,34.42,81.74,14.92,2.21,1
x,2022-10-11 12:11:26.446392,0.10,0.06,0.86,-31.13,-8.00,9.34,81.74,14.92,2.21,1
x,2022-10-11 12:11:26.465965,0.06,0.07,0.78,-37.96,0.00,12.82,81.45,14.36,4.39,1
x,2022-10-11 12:11:26.483227,0.11,-0.11,0.82,23.62,-23.32,52.49,81.45,14.36,4.39,1
x,2022-10-11 12:11:26.502839,0.03,-0.01,0.72,-10.19,-40.59,44.19,79.37,10.64,1.61,1
x,2022-10-11 12:11:26.521142,0.05,0.16,0.90,-26.12,-49.93,45.53,79.37,10.64,1.61,1
x,2022-10-11 12:11:26.539391,0.01,0.23,0.86,-27.83,-52.80,40.16,79.37,10.64,1.61,1
x,2022-10-11 12:11:26.560001,0.00,0.26,0.89,-30.09,-52.73,31.68,74.46,8.58,-3.23,1
x,2022-10-11 12:11:26.579403,-0.01,0.42,0.99,-19.78,-51.33,13.85,74.46,8.58,-3.23,1
x,2022-10-11 12:11:26.597933,-0.05,0.47,0.98,-23.56,-42.11,-2.87,74.46,8.58,-3.23,1
x,2022-10-11 12:11:26.618108,-0.04,0.48,1.00,-11.23,-31.19,-13.12,72.53,7.09,-4.82,1
x,2022-10-11 12:11:26.636972,-0.04,0.53,1.03,-12.70,-18.68,-35.58,72.53,7.09,-4.82,1
x,2022-10-11 12:11:26.657788,-0.02,0.47,1.06,-23.80,-13.43,-54.02,77.28,9.13,-5.71,1
x,2022-10-11 12:11:26.674990,0.01,0.38,1.09,-20.81,-2.56,-65.92,77.28,9.13,-5.71,1
x,2022-10-11 12:11:26.693199,0.02,0.18,1.05,-9.58,5.25,-51.21,77.28,9.13,-5.71,1
x,2022-10-11 12:11:26.714341,0.04,0.02,1.01,-8.48,10.68,-36.07,83.44,14.05,-3.56,1
x,2022-10-11 12:11:26.732225,0.03,-0.08,0.98,5.68,14.10,-1.04,83.44,14.05,-3.56,1
x,2022-10-11 12:11:26.753032,-0.16,0.04,1.12,2.62,17.27,31.07,83.13,14.26,-2.53,1
x,2022-10-11 12:11:26.770546,-0.39,0.13,1.22,35.52,33.87,66.10,83.13,14.26,-2.53,1
x,2022-10-11 12:11:26.789412,-0.34,0.23,1.15,39.55,60.06,59.14,83.13,14.26,-2.53,1
x,2022-10-11 12:11:26.808186,-0.12,0.40,1.01,44.80,75.93,25.63,75.55,15.63,-3.54,1
x,2022-10-11 12:11:26.826674,0.12,0.41,0.85,46.02,60.61,-4.70,75.55,15.63,-3.54,1
x,2022-10-11 12:11:26.845500,0.18,0.38,0.85,14.53,49.32,-34.12,75.55,15.63,-3.54,1
x,2022-10-11 12:11:26.863618,0.15,0.34,0.87,-2.32,40.59,-50.60,74.37,22.38,-3.30,1
x,2022-10-11 12:11:26.881901,0.27,0.34,0.85,-5.31,27.65,-43.64,74.37,22.38,-3.30,1
x,2022-10-11 12:11:26.899241,0.30,0.35,0.78,-9.46,18.80,-44.25,74.37,22.38,-3.30,1
x,2022-10-11 12:11:26.918398,0.32,0.27,0.75,-11.90,8.67,-47.91,75.39,28.27,-1.79,1
x,2022-10-11 12:11:26.938112,0.31,0.24,0.81,-39.92,-0.18,-56.58,75.39,28.27,-1.79,1
x,2022-10-11 12:11:26.957116,0.26,0.26,0.92,-33.39,-4.27,-44.92,79.60,32.69,-1.07,1
x,2022-10-11 12:11:26.975833,0.25,0.29,0.94,-8.73,-3.05,-24.17,79.60,32.69,-1.07,1
x,2022-10-11 12:11:26.995396,0.28,0.25,0.95,15.08,-4.21,-8.85,79.60,32.69,-1.07,1
x,2022-10-11 12:11:27.014928,0.29,0.17,0.91,29.60,-5.25,5.00,83.50,34.34,2.16,1
x,2022-10-11 12:11:27.033070,0.26,0.10,0.94,15.99,-8.18,0.79,83.50,34.34,2.16,1
x,2022-10-11 12:11:27.052472,0.15,0.05,1.03,3.05,-7.08,-2.08,87.90,32.97,3.63,1
x,2022-10-11 12:11:27.070198,0.10,0.05,1.06,0.61,-2.62,11.17,87.90,32.97,3.63,1
x,2022-10-11 12:11:27.088118,0.08,0.01,1.01,36.87,-1.34,32.29,87.90,32.97,3.63,1
x,2022-10-11 12:11:27.107179,0.15,0.01,1.00,16.42,0.79,30.40,89.31,28.71,4.28,1
x,2022-10-11 12:11:27.125692,0.09,0.12,1.02,-25.02,8.36,8.18,89.31,28.71,4.28,1
x,2022-10-11 12:11:27.142976,0.09,0.14,1.01,-22.03,12.63,6.90,89.31,28.71,4.28,1
x,2022-10-11 12:11:27.162215,0.19,0.23,0.86,-4.64,7.14,24.35,89.10,28.77,7.32,1
x,2022-10-11 12:11:27.180394,0.20,0.26,0.79,-13.00,-1.95,13.00,89.10,28.77,7.32,1
x,2022-10-11 12:11:27.200327,0.24,0.24,0.82,-6.77,-13.61,4.58,88.42,25.50,9.18,1
x,2022-10-11 12:11:27.218809,0.21,0.18,0.80,3.42,-26.00,10.93,88.42,25.50,9.18,1
x,2022-10-11 12:11:27.237143,0.15,0.16,0.81,-29.72,-30.88,6.10,88.42,25.50,9.18,1
x,2022-10-11 12:11:27.255756,0.13,0.33,0.93,-42.18,-29.54,-1.89,91.53,22.35,9.44,1
x,2022-10-11 12:11:27.274574,0.06,0.41,0.98,-44.80,-24.66,-10.31,91.53,22.35,9.44,1
x,2022-10-11 12:11:27.292896,-0.69,0.35,1.61,-13.85,-15.44,-9.28,91.53,22.35,9.44,1
x,2022-10-11 12:11:27.311481,0.11,0.57,0.95,69.27,24.66,15.56,94.65,19.84,10.90,1
x,2022-10-11 12:11:27.329969,0.11,0.17,0.84,50.90,21.55,-2.56,94.65,19.84,10.90,1
x,2022-10-11 12:11:27.348219,0.09,0.27,0.90,31.86,10.80,-7.08,94.65,19.84,10.90,1
x,2022-10-11 12:11:27.368080,0.09,0.28,0.87,22.52,8.36,-12.15,95.87,19.24,11.29,1
x,2022-10-11 12:11:27.386677,0.08,0.34,0.77,-23.80,4.58,-55.42,95.87,19.24,11.29,1
x,2022-10-11 12:11:27.405824,0.06,0.23,0.73,-15.56,-7.20,-60.24,100.15,24.60,14.38,1
x,2022-10-11 12:11:27.424730,0.05,0.12,0.72,1.10,-19.96,-48.71,100.15,24.60,14.38,1
x,2022-10-11 12:11:27.442252,0.05,0.07,0.80,18.55,-32.17,-26.49,100.15,24.60,14.38,1
x,2022-10-11 12:11:27.462362,0.06,-0.08,0.78,15.63,-37.29,-21.42,106.51,26.99,11.99,1
x,2022-10-11 12:11:27.482470,0.05,-0.17,0.83,7.20,-42.18,-9.89,106.51,26.99,11.99,1
x,2022-10-11 12:11:27.501243,0.06,-0.11,0.91,-5.00,-38.45,14.65,109.36,25.66,5.10,1
x,2022-10-11 12:11:27.519666,0.08,0.03,0.98,2.08,-40.41,27.95,109.36,25.66,5.10,1
x,2022-10-11 12:11:27.536828,0.07,0.09,1.02,24.84,-44.74,41.38,109.36,25.66,5.10,1
x,2022-10-11 12:11:27.556218,0.07,0.12,1.07,37.29,-44.13,50.11,107.13,20.58,-2.98,1
x,2022-10-11 12:11:27.575064,0.05,0.15,1.10,34.67,-34.48,44.92,107.13,20.58,-2.98,1
x,2022-10-11 12:11:27.592766,0.04,0.24,1.15,35.77,-23.44,47.24,107.13,20.58,-2.98,1
x,2022-10-11 12:11:27.610887,0.00,0.35,1.17,36.07,-13.92,43.09,103.20,15.19,-9.62,1
x,2022-10-11 12:11:27.629611,-0.03,0.45,1.20,4.82,0.49,8.00,103.20,15.19,-9.62,1
x,2022-10-11 12:11:27.648952,0.02,0.39,1.09,37.72,3.54,1.95,101.81,14.26,-9.01,1
x,2022-10-11 12:11:27.668356,-0.01,0.32,1.14,18.80,21.48,0.06,101.81,14.26,-9.01,1
x,2022-10-11 12:11:27.686980,0.02,0.39,1.19,14.71,42.36,-13.37,101.81,14.26,-9.01,1
x,2022-10-11 12:11:27.706576,0.05,0.26,1.12,25.82,56.40,-34.55,105.35,15.16,-6.19,1
x,2022-10-11 12:11:27.724583,0.06,0.14,0.99,14.40,60.79,-43.15,105.35,15.16,-6.19,1
x,2022-10-11 12:11:27.743069,0.07,0.09,0.90,-6.04,58.65,-51.03,105.35,15.16,-6.19,1
x,2022-10-11 12:11:27.762917,0.08,0.06,0.88,-9.83,44.31,-46.63,109.34,20.21,3.26,1
x,2022-10-11 12:11:27.780053,0.07,0.08,0.84,-14.65,29.54,-43.09,109.34,20.21,3.26,1
x,2022-10-11 12:11:27.799541,0.08,-0.01,0.84,-11.84,23.80,-38.33,112.66,25.70,9.47,1
x,2022-10-11 12:11:27.817167,0.08,-0.11,0.84,-2.87,17.70,-27.22,112.66,25.70,9.47,1
x,2022-10-11 12:11:27.834745,0.04,-0.22,0.74,23.25,7.51,-0.79,112.66,25.70,9.47,1
x,2022-10-11 12:11:27.855332,0.10,-0.22,0.82,25.57,-7.51,10.50,113.59,25.73,11.25,1
x,2022-10-11 12:11:27.872937,0.02,0.01,0.79,-49.50,2.93,2.08,113.59,25.73,11.25,1
x,2022-10-11 12:11:27.891166,0.10,-0.08,0.86,33.69,-24.41,53.96,113.59,25.73,11.25,1
x,2022-10-11 12:11:27.910263,0.08,-0.13,0.83,21.42,-42.72,69.64,112.56,21.94,7.73,1
x,2022-10-11 12:11:27.928532,0.06,0.15,0.85,-29.48,-46.75,40.53,112.56,21.94,7.73,1
x,2022-10-11 12:11:27.947238,0.03,0.29,0.91,-28.50,-51.15,19.04,112.56,21.94,7.73,1
x,2022-10-11 12:11:27.966534,0.03,0.18,0.89,-12.88,-55.54,15.14,110.08,18.08,2.99,1
x,2022-10-11 12:11:27.984964,0.01,0.22,0.91,-24.84,-51.88,-2.56,110.08,18.08,2.99,1
x,2022-10-11 12:11:28.005095,-0.01,0.39,0.99,-30.09,-50.11,-9.89,110.13,18.02,-3.71,1
x,2022-10-11 12:11:28.024178,-0.02,0.42,1.01,-17.70,-45.78,-18.19,110.13,18.02,-3.71,1
x,2022-10-11 12:11:28.042658,-0.02,0.44,1.07,-16.66,-34.79,-39.67,110.13,18.02,-3.71,1
x,2022-10-11 12:11:28.062145,0.01,0.36,1.12,-21.42,-9.28,-70.07,113.43,21.55,-6.68,1
x,2022-10-11 12:11:28.080029,0.01,0.28,1.09,-12.63,1.59,-65.80,113.43,21.55,-6.68,1
x,2022-10-11 12:11:28.099525,0.03,0.21,1.09,-16.97,10.25,-64.70,119.62,28.54,-5.35,1
x,2022-10-11 12:11:28.119170,0.04,0.18,1.05,-64.70,24.11,-77.64,119.62,28.54,-5.35,1
x,2022-10-11 12:11:28.137626,-0.02,-0.06,0.94,-84.47,20.69,-66.41,119.62,28.54,-5.35,1
x,2022-10-11 12:11:28.157140,-0.04,-0.11,1.06,-42.85,10.25,-21.12,124.78,37.72,-0.94,1
x,2022-10-11 12:11:28.174761,-0.26,-0.01,1.24,5.55,23.68,46.20,124.78,37.72,-0.94,1
x,2022-10-11 12:11:28.193670,-0.40,0.28,1.25,56.76,49.99,63.66,124.78,37.72,-0.94,1
x,2022-10-11 12:11:28.214479,-0.27,0.25,1.09,89.97,73.61,64.39,118.75,36.29,2.27,1
x,2022-10-11 12:11:28.231697,0.03,0.25,0.90,92.35,76.78,46.51,118.75,36.29,2.27,1
x,2022-10-11 12:11:28.251059,0.30,0.21,0.78,63.35,52.98,23.93,108.48,38.33,3.59,1
x,2022-10-11 12:11:28.269382,0.32,0.19,0.79,31.56,43.76,2.75,108.48,38.33,3.59,1
x,2022-10-11 12:11:28.287571,0.30,0.23,0.80,13.79,28.38,-5.98,108.48,38.33,3.59,1
x,2022-10-11 12:11:28.306756,0.26,0.25,0.83,14.71,15.69,-8.18,102.47,41.85,3.92,1
x,2022-10-11 12:11:28.326228,0.31,0.38,0.81,-17.76,13.18,-27.89,102.47,41.85,3.92,1
x,2022-10-11 12:11:28.344705,0.33,0.40,0.80,-13.61,8.48,-45.90,102.47,41.85,3.92,1
x,2022-10-11 12:11:28.365296,0.34,0.25,0.83,-4.27,-2.99,-47.06,103.31,47.08,5.83,1
x,2022-10-11 12:11:28.383807,0.30,0.19,0.89,-19.04,-14.83,-36.74,103.31,47.08,5.83,1
x,2022-10-11 12:11:28.402015,0.14,0.07,1.02,-7.93,-17.09,-18.19,108.62,51.87,5.91,1
x,2022-10-11 12:11:28.420070,0.02,0.05,1.04,1.16,-7.87,-5.43,108.62,51.87,5.91,1
x,2022-10-11 12:11:28.438520,0.07,0.07,1.05,9.22,2.93,14.53,108.62,51.87,5.91,1
x,2022-10-11 12:11:28.458327,0.15,0.08,0.96,20.02,10.93,2.08,113.13,53.72,8.78,1
x,2022-10-11 12:11:28.475829,0.32,0.07,0.98,7.87,3.17,-5.55,113.13,53.72,8.78,1
x,2022-10-11 12:11:28.494970,0.19,-0.01,0.96,-4.70,-5.80,-5.19,113.13,53.72,8.78,1
x,2022-10-11 12:11:28.513426,0.11,-0.04,0.97,11.84,-11.05,12.57,118.30,55.14,12.79,1
x,2022-10-11 12:11:28.532083,0.12,-0.03,0.86,34.36,-14.59,45.53,118.30,55.14,12.79,1
x,2022-10-11 12:11:28.551589,0.13,0.01,0.85,19.71,-18.55,38.57,123.02,49.49,12.94,1
x,2022-10-11 12:11:28.568867,0.06,0.06,0.95,-16.24,-15.01,16.30,123.02,49.49,12.94,1
x,2022-10-11 12:11:28.587188,-0.00,0.11,1.05,-31.86,0.06,2.56,123.02,49.49,12.94,1
x,2022-10-11 12:11:28.605977,0.18,0.12,0.93,4.46,-3.17,15.44,126.01,47.31,14.27,1
x,2022-10-11 12:11:28.624488,0.30,0.11,0.84,23.80,-14.71,25.39,126.01,47.31,14.27,1
x,2022-10-11 12:11:28.643527,0.22,0.08,0.86,9.22,-27.04,19.90,126.01,47.31,14.27,1
x,2022-10-11 12:11:28.662790,0.15,0.13,0.96,-13.98,-30.09,11.29,131.29,41.20,12.71,1
x,2022-10-11 12:11:28.680292,0.04,0.18,1.05,-28.38,-18.07,2.81,131.29,41.20,12.71,1
x,2022-10-11 12:11:28.698904,0.09,0.22,0.99,-39.98,-8.67,-5.68,136.82,36.56,14.21,1
x,2022-10-11 12:11:28.717138,0.09,0.34,1.46,5.19,-0.79,-4.76,136.82,36.56,14.21,1
x,2022-10-11 12:11:28.735428,0.07,0.42,1.06,46.39,19.90,23.25,136.82,36.56,14.21,1
x,2022-10-11 12:11:28.754609,0.07,0.22,0.94,46.26,17.46,1.28,138.67,34.94,16.26,1
x,2022-10-11 12:11:28.772155,0.05,0.22,0.96,26.55,17.40,-12.70,138.67,34.94,16.26,1
x,2022-10-11 12:11:28.790837,0.06,0.18,0.88,10.19,17.82,-28.26,138.67,34.94,16.26,1
x,2022-10-11 12:11:28.809022,0.11,0.19,0.84,-15.08,13.24,-45.17,141.64,41.03,21.74,1
x,2022-10-11 12:11:28.827789,0.05,0.11,0.79,-10.25,0.98,-45.10,141.64,41.03,21.74,1
x,2022-10-11 12:11:28.847297,0.05,0.03,0.76,5.98,-7.39,-36.62,141.64,41.03,21.74,1
x,2022-10-11 12:11:28.866560,0.03,-0.07,0.76,13.49,-17.09,-27.40,145.81,52.71,24.07,1
x,2022-10-11 12:11:28.884085,0.04,-0.06,0.77,4.15,-28.63,-26.25,145.81,52.71,24.07,1
x,2022-10-11 12:11:28.903523,0.04,-0.15,0.83,3.72,-42.54,-17.58,149.99,58.65,19.27,1
x,2022-10-11 12:11:28.922187,0.04,-0.15,0.90,1.65,-48.28,-2.14,149.99,58.65,19.27,1
x,2022-10-11 12:11:28.940925,0.05,-0.13,0.93,8.67,-47.79,17.88,149.99,58.65,19.27,1
x,2022-10-11 12:11:28.959280,0.04,-0.12,1.00,19.65,-44.19,38.15,151.88,53.75,8.87,1
x,2022-10-11 12:11:28.976690,0.04,-0.07,1.02,24.60,-45.90,51.03,151.88,53.75,8.87,1
x,2022-10-11 12:11:28.995045,0.03,0.09,1.09,25.27,-45.29,54.44,151.88,53.75,8.87,1
x,2022-10-11 12:11:29.014197,0.01,0.20,1.14,13.79,-38.51,34.30,149.43,41.04,1.23,1
x,2022-10-11 12:11:29.032627,0.01,0.21,1.17,0.49,-18.68,9.22,149.43,41.04,1.23,1
x,2022-10-11 12:11:29.051958,-0.00,0.34,1.19,-18.43,-0.49,-8.48,147.30,36.00,-4.53,1
x,2022-10-11 12:11:29.070218,0.00,0.35,1.09,-3.97,3.17,-6.04,147.30,36.00,-4.53,1
x,2022-10-11 12:11:29.088642,0.03,0.25,1.38,42.85,-2.32,13.73,147.30,36.00,-4.53,1
x,2022-10-11 12:11:29.108308,-0.01,0.38,1.20,27.53,52.31,-15.26,147.96,36.36,-2.40,1
x,2022-10-11 12:11:29.125773,0.03,0.19,1.03,35.03,68.79,-34.73,147.96,36.36,-2.40,1
x,2022-10-11 12:11:29.144333,0.04,0.06,0.99,34.85,63.54,-37.11,147.96,36.36,-2.40,1
x,2022-10-11 12:11:29.164133,0.06,0.03,0.98,26.86,55.60,-37.05,151.86,46.40,9.81,1
x,2022-10-11 12:11:29.182258,0.08,-0.04,0.96,11.60,44.19,-34.12,151.86,46.40,9.81,1
x,2022-10-11 12:11:29.202774,0.05,-0.09,0.83,2.62,41.38,-34.00,152.50,58.79,20.90,1
x,2022-10-11 12:11:29.220119,0.04,-0.25,0.77,-6.16,29.72,-34.48,152.50,58.79,20.90,1
x,2022-10-11 12:11:29.238846,0.01,-0.27,0.75,-8.67,10.01,-9.77,152.50,58.79,20.90,1
x,2022-10-11 12:11:29.258076,0.06,-0.24,0.79,18.68,-8.12,10.80,152.15,66.72,26.37,1
x,2022-10-11 12:11:29.276673,0.07,-0.16,0.85,-32.23,-5.86,-0.61,152.15,66.72,26.37,1
x,2022-10-11 12:11:29.295774,-0.02,-0.06,0.68,-36.38,-8.67,13.00,152.15,66.72,26.37,1
x,2022-10-11 12:11:29.313863,0.06,-0.25,0.79,19.47,-56.09,61.52,152.15,62.68,24.27,1
x,2022-10-11 12:11:29.332633,0.06,0.06,0.90,-10.44,-54.32,51.21,152.15,62.68,24.27,1
x,2022-10-11 12:11:29.351465,0.02,0.21,0.94,-34.24,-48.58,30.40,153.64,50.92,12.41,1
x,2022-10-11 12:11:29.369949,0.02,0.20,0.94,-36.99,-52.67,7.32,153.64,50.92,12.41,1
x,2022-10-11 12:11:29.388904,0.00,0.33,0.94,-40.28,-50.05,-20.02,153.64,50.92,12.41,1
x,2022-10-11 12:11:29.407213,-0.01,0.34,1.00,-45.04,-46.20,-36.44,154.35,49.77,2.82,1
x,2022-10-11 12:11:29.425421,-0.01,0.34,0.96,-49.99,-40.89,-52.98,154.35,49.77,2.82,1
x,2022-10-11 12:11:29.443317,0.00,0.30,1.00,-55.42,-34.61,-71.17,154.35,49.77,2.82,1
x,2022-10-11 12:11:29.463147,-0.00,0.25,1.11,-53.89,-15.14,-77.27,157.24,61.41,-1.23,1
x,2022-10-11 12:11:29.482111,-0.01,0.18,1.10,-20.39,-3.54,-58.65,157.24,61.41,-1.23,1
x,2022-10-11 12:11:29.502033,-0.04,-0.07,1.14,-8.42,8.06,-48.03,159.35,74.27,-1.17,1
x,2022-10-11 12:11:29.519951,-0.24,-0.22,1.10,-37.66,27.53,-25.21,159.35,74.27,-1.17,1
x,2022-10-11 12:11:29.538762,-0.59,-0.23,1.33,-25.45,34.73,-5.49,159.35,74.27,-1.17,1
x,2022-10-11 12:11:29.558071,-0.37,-0.16,1.24,49.87,56.09,39.92,153.41,76.83,2.16,1
x,2022-10-11 12:11:29.576571,-0.24,-0.31,1.17,67.69,69.15,50.90,153.41,76.83,2.16,1
x,2022-10-11 12:11:29.594463,-0.07,-0.36,1.02,71.41,72.20,51.64,153.41,76.83,2.16,1
x,2022-10-11 12:11:29.612721,0.19,-0.39,0.84,62.44,78.43,68.60,134.22,64.44,6.27,1
x,2022-10-11 12:11:29.630672,0.30,-0.46,0.73,14.83,71.72,58.78,134.22,64.44,6.27,1
x,2022-10-11 12:11:29.650086,0.29,-0.49,0.70,-8.97,49.50,56.03,111.85,50.43,3.08,1
x,2022-10-11 12:11:29.668391,0.23,-0.53,0.68,-13.12,32.71,81.91,111.85,50.43,3.08,1
x,2022-10-11 12:11:29.686075,0.26,-0.38,0.69,-28.38,29.30,91.13,111.85,50.43,3.08,1
x,2022-10-11 12:11:29.705867,0.29,-0.16,0.70,-38.45,16.60,97.23,90.16,36.44,-4.02,1
x,2022-10-11 12:11:29.725293,0.26,0.04,0.72,-42.79,-2.56,93.38,90.16,36.44,-4.02,1
x,2022-10-11 12:11:29.743093,0.14,0.34,0.81,-61.10,-5.74,77.82,90.16,36.44,-4.02,1
x,2022-10-11 12:11:29.763231,0.12,0.50,0.78,-66.65,-5.68,60.24,70.59,29.02,-9.16,1
x,2022-10-11 12:11:29.781909,0.18,0.56,0.80,-69.70,-7.81,46.94,70.59,29.02,-9.16,1
x,2022-10-11 12:11:29.801043,0.19,0.80,0.79,-50.17,-11.96,55.36,54.87,27.12,-13.53,1
x,2022-10-11 12:11:29.819285,0.19,0.79,0.84,-40.89,-24.54,46.69,54.87,27.12,-13.53,1
x,2022-10-11 12:11:29.838777,-0.00,0.87,0.92,-66.28,-11.66,24.90,54.87,27.12,-13.53,1
x,2022-10-11 12:11:29.858445,0.06,0.83,0.96,-22.22,-0.98,22.71,44.10,28.00,-13.46,1
x,2022-10-11 12:11:29.875866,0.04,0.66,0.97,23.62,-10.25,35.52,44.10,28.00,-13.46,1
x,2022-10-11 12:11:29.894190,-0.02,0.50,1.01,48.28,-8.91,50.48,44.10,28.00,-13.46,1
x,2022-10-11 12:11:29.913541,0.00,0.47,0.95,45.53,-7.45,49.19,36.12,28.53,-15.21,1
x,2022-10-11 12:11:29.932125,-0.04,0.43,0.98,-13.31,-4.21,9.95,36.12,28.53,-15.21,1
x,2022-10-11 12:11:29.951379,-0.07,0.52,1.01,-13.43,-5.86,7.45,30.94,30.51,-15.72,1
x,2022-10-11 12:11:29.969227,-0.07,0.48,1.00,13.73,-5.98,18.55,30.94,30.51,-15.72,1
x,2022-10-11 12:11:29.987781,-0.02,0.42,0.93,24.11,-1.59,22.16,30.94,30.51,-15.72,1
x,2022-10-11 12:11:30.005720,0.03,0.36,0.94,30.52,0.12,30.03,26.15,32.86,-18.05,1
x,2022-10-11 12:11:30.024669,0.04,0.35,0.89,29.66,-1.89,41.63,26.15,32.86,-18.05,1
x,2022-10-11 12:11:30.043022,0.04,0.29,0.90,15.56,-3.78,37.23,26.15,32.86,-18.05,1
x,2022-10-11 12:11:30.061305,0.00,0.29,0.91,-17.21,-0.79,16.78,22.30,35.44,-18.36,1
x,2022-10-11 12:11:30.079695,0.02,0.26,0.92,-30.70,-1.89,10.38,22.30,35.44,-18.36,1
x,2022-10-11 12:11:30.098237,0.04,0.33,0.90,-27.83,-6.10,15.99,19.59,38.73,-16.83,1
x,2022-10-11 12:11:30.117151,-0.02,0.45,0.89,-49.56,-7.69,3.54,19.59,38.73,-16.83,1
x,2022-10-11 12:11:30.135746,-0.03,0.53,0.97,-67.57,-5.92,-13.31,19.59,38.73,-16.83,1
x,2022-10-11 12:11:30.154802,-0.01,0.58,0.90,-63.90,-5.55,-18.98,18.01,41.80,-17.36,1
x,2022-10-11 12:11:30.174061,-0.05,0.55,0.87,-59.75,-4.82,-19.65,18.01,41.80,-17.36,1
x,2022-10-11 12:11:30.192055,0.00,0.63,0.85,-47.91,-3.66,-20.32,18.01,41.80,-17.36,1
x,2022-10-11 12:11:30.211953,0.01,0.70,0.85,-42.48,-4.15,-32.35,15.37,43.05,-14.37,1
x,2022-10-11 12:11:30.231008,0.07,0.58,0.75,-34.36,-12.51,-40.59,15.37,43.05,-14.37,1
x,2022-10-11 12:11:30.250470,0.02,0.56,0.74,-35.40,-20.69,-39.98,12.08,42.70,-11.94,1
x,2022-10-11 12:11:30.269850,-0.09,0.64,0.87,114.62,7.63,43.64,12.08,42.70,-11.94,1
x,2022-10-11 12:11:30.287064,-0.08,0.45,0.87,69.95,8.24,1.04,12.08,42.70,-11.94,1
x,2022-10-11 12:11:30.307143,-0.02,0.36,0.84,21.67,2.14,-35.16,12.15,39.27,-12.74,1
x,2022-10-11 12:11:30.325660,-0.06,0.31,0.75,5.07,-7.51,-46.81,12.15,39.27,-12.74,1
x,2022-10-11 12:11:30.345218,0.03,0.28,0.74,-29.66,-20.81,-66.10,15.00,36.07,-9.91,1
x,2022-10-11 12:11:30.363212,0.03,0.21,0.78,-17.33,-27.95,-44.80,15.00,36.07,-9.91,1
x,2022-10-11 12:11:30.382134,0.03,0.20,0.76,-3.48,-28.99,-17.40,15.00,36.07,-9.91,1
x,2022-10-11 12:11:30.401697,0.01,0.20,0.75,12.15,-34.97,2.44,18.48,33.78,-7.93,1
x,2022-10-11 12:11:30.420056,0.04,0.07,0.81,3.72,-36.99,12.63,18.48,33.78,-7.93,1
x,2022-10-11 12:11:30.438163,0.03,0.08,0.79,-3.78,-39.43,22.16,18.48,33.78,-7.93,1
x,2022-10-11 12:11:30.458518,0.02,0.15,0.86,-8.06,-43.82,32.23,23.17,32.23,-5.20,1
x,2022-10-11 12:11:30.476749,-0.04,0.50,1.00,-6.41,-45.59,46.45,23.17,32.23,-5.20,1
x,2022-10-11 12:11:30.495980,-0.07,0.58,1.07,-0.67,-40.10,38.33,27.40,31.29,-8.17,1
x,2022-10-11 12:11:30.514490,-0.09,0.66,1.12,-1.95,-25.02,20.32,27.40,31.29,-8.17,1
x,2022-10-11 12:11:30.531839,-0.09,0.68,1.12,-2.99,-5.98,2.32,27.40,31.29,-8.17,1
x,2022-10-11 12:11:30.551497,-0.09,0.67,1.05,2.81,0.43,-1.04,28.89,30.31,-7.91,1
x,2022-10-11 12:11:30.570099,-0.08,0.63,1.00,38.70,-3.30,8.67,28.89,30.31,-7.91,1
x,2022-10-11 12:11:30.587297,-0.03,0.42,1.21,83.19,-6.96,24.29,28.89,30.31,-7.91,1
x,2022-10-11 12:11:30.605921,-0.14,0.50,1.01,57.86,15.26,19.65,27.98,29.22,-9.11,1
x,2022-10-11 12:11:30.624132,-0.15,0.60,1.06,20.20,32.59,-18.13,27.98,29.22,-9.11,1
x,2022-10-11 12:11:30.642469,-0.12,0.55,1.01,8.00,44.31,-45.10,27.98,29.22,-9.11,1
x,2022-10-11 12:11:30.661939,-0.06,0.47,0.94,-0.12,51.82,-63.29,24.89,29.11,-7.69,1
x,2022-10-11 12:11:30.680034,-0.03,0.34,0.84,2.44,41.75,-55.54,24.89,29.11,-7.69,1
x,2022-10-11 12:11:30.699973,0.01,0.20,0.83,13.37,36.25,-46.69,23.07,28.53,-8.74,1
x,2022-10-11 12:11:30.718564,0.03,0.13,0.80,13.49,30.46,-36.32,23.07,28.53,-8.74,1
x,2022-10-11 12:11:30.736838,0.04,0.05,0.78,25.09,20.45,-18.25,23.07,28.53,-8.74,1
x,2022-10-11 12:11:30.756110,0.02,-0.03,0.68,21.55,9.70,4.39,22.13,27.32,-7.76,1
x,2022-10-11 12:11:30.774498,0.00,-0.05,0.76,1.53,-10.38,5.49,22.13,27.32,-7.76,1
x,2022-10-11 12:11:30.793067,0.02,0.12,0.78,-70.07,0.55,-22.64,22.13,27.32,-7.76,1
x,2022-10-11 12:11:30.813040,0.02,0.21,0.66,-90.64,5.74,-20.63,21.37,28.55,-6.67,1
x,2022-10-11 12:11:30.832142,-0.03,0.17,0.70,-12.63,-36.01,51.03,21.37,28.55,-6.67,1
x,2022-10-11 12:11:30.851436,-0.06,0.43,0.79,-34.48,-39.25,37.35,22.55,30.14,-4.98,1
x,2022-10-11 12:11:30.869435,-0.06,0.52,0.84,-22.58,-42.85,35.71,22.55,30.14,-4.98,1
x,2022-10-11 12:11:30.888081,-0.07,0.48,0.86,-12.15,-46.51,24.48,22.55,30.14,-4.98,1
x,2022-10-11 12:11:30.907525,-0.10,0.46,0.81,-2.81,-47.30,24.96,24.90,30.44,-5.73,1
x,2022-10-11 12:11:30.924842,-0.13,0.53,0.87,-11.54,-45.53,22.89,24.90,30.44,-5.73,1
x,2022-10-11 12:11:30.944731,-0.16,0.69,0.97,-19.78,-35.16,6.23,29.87,28.21,-5.03,1
x,2022-10-11 12:11:30.962983,-0.15,0.68,0.96,-12.15,-24.11,-24.90,29.87,28.21,-5.03,1
x,2022-10-11 12:11:30.981277,-0.14,0.64,0.92,-14.47,-22.40,-43.95,29.87,28.21,-5.03,1
x,2022-10-11 12:11:31.001548,-0.09,0.56,0.98,-19.84,-20.26,-60.79,37.34,25.15,-2.80,1
x,2022-10-11 12:11:31.021840,-0.02,0.42,1.07,-7.26,-9.89,-47.06,37.34,25.15,-2.80,1
x,2022-10-11 12:11:31.039080,-0.03,0.29,1.03,16.11,-2.87,-14.34,37.34,25.15,-2.80,1
x,2022-10-11 12:11:31.059170,-0.01,0.17,1.03,20.20,3.05,8.06,41.43,23.51,-2.05,1
x,2022-10-11 12:11:31.077401,-0.04,0.21,1.18,18.43,12.15,31.43,41.43,23.51,-2.05,1
x,2022-10-11 12:11:31.095972,-0.51,0.40,1.09,-19.59,47.55,24.84,39.34,23.95,-2.22,1
x,2022-10-11 12:11:31.115250,-0.51,0.39,1.06,33.20,52.25,48.83,39.34,23.95,-2.22,1
x,2022-10-11 12:11:31.133111,-0.25,0.31,1.03,60.42,50.72,47.36,39.34,23.95,-2.22,1
x,2022-10-11 12:11:31.151831,-0.12,0.50,0.95,42.91,48.28,32.10,36.44,26.51,-8.91,1
x,2022-10-11 12:11:31.169754,-0.03,0.60,0.93,32.23,43.70,10.07,36.44,26.51,-8.91,1
x,2022-10-11 12:11:31.187874,0.02,0.68,0.85,33.87,41.93,-9.16,36.44,26.51,-8.91,1
x,2022-10-11 12:11:31.207952,0.12,0.57,0.71,18.49,31.01,-27.10,36.00,28.92,-14.21,1
x,2022-10-11 12:11:31.226087,0.17,0.54,0.67,2.44,20.81,-41.08,36.00,28.92,-14.21,1
x,2022-10-11 12:11:31.244993,0.20,0.49,0.66,7.26,8.67,-49.01,38.49,29.63,-15.22,1
x,2022-10-11 12:11:31.263100,0.18,0.41,0.77,-13.00,1.28,-71.17,38.49,29.63,-15.22,1
x,2022-10-11 12:11:31.282717,0.12,0.37,0.84,-14.65,-4.82,-67.50,38.49,29.63,-15.22,1
x,2022-10-11 12:11:31.302770,0.09,0.16,0.82,-2.75,-1.28,-50.48,43.54,28.71,-14.40,1
x,2022-10-11 12:11:31.321252,0.12,0.10,0.82,13.49,-2.44,-29.11,43.54,28.71,-14.40,1
x,2022-10-11 12:11:31.339890,0.17,0.11,0.80,14.77,-2.81,-13.00,43.54,28.71,-14.40,1
x,2022-10-11 12:11:31.359054,0.12,0.14,0.96,4.39,-4.88,0.31,45.87,27.40,-11.56,1
x,2022-10-11 12:11:31.377557,0.11,0.17,1.00,-1.34,-5.43,9.34,45.87,27.40,-11.56,1
x,2022-10-11 12:11:31.396839,0.06,0.17,1.02,5.86,-2.08,23.86,45.28,26.06,-8.91,1
x,2022-10-11 12:11:31.414117,0.05,0.21,1.02,-14.53,6.71,21.61,45.28,26.06,-8.91,1
x,2022-10-11 12:11:31.431777,0.06,0.28,0.97,-8.18,11.17,24.17,45.28,26.06,-8.91,1
x,2022-10-11 12:11:31.450870,0.04,0.29,0.91,-9.16,9.40,24.11,42.08,24.93,-8.01,1
x,2022-10-11 12:11:31.469191,0.04,0.39,0.85,-23.25,8.30,12.33,42.08,24.93,-8.01,1
x,2022-10-11 12:11:31.487972,0.08,0.48,0.79,-22.22,0.24,3.66,42.08,24.93,-8.01,1
x,2022-10-11 12:11:31.507409,0.16,0.38,0.73,0.18,-17.33,4.70,38.94,24.50,-5.33,1
x,2022-10-11 12:11:31.524918,0.09,0.29,0.74,-5.80,-29.24,11.72,38.94,24.50,-5.33,1
x,2022-10-11 12:11:31.544157,-0.05,0.33,0.83,-11.17,-32.35,26.43,37.02,22.51,-1.75,1
x,2022-10-11 12:11:31.562117,-0.07,0.43,0.88,-0.61,-29.17,28.08,37.02,22.51,-1.75,1
x,2022-10-11 12:11:31.582354,-0.83,0.51,1.12,-25.02,-21.91,1.40,37.02,22.51,-1.75,1
x,2022-10-11 12:11:31.600646,0.00,0.88,1.08,34.67,8.18,2.62,36.39,20.20,1.12,1
x,2022-10-11 12:11:31.619795,-0.03,0.32,1.02,102.23,8.30,36.62,36.39,20.20,1.12,1
x,2022-10-11 12:11:31.637184,-0.05,0.25,0.88,23.13,11.78,-3.23,36.39,20.20,1.12,1
x,2022-10-11 12:11:31.655524,-0.05,0.38,0.96,16.78,9.70,-7.51,35.44,19.02,-1.45,1
x,2022-10-11 12:11:31.675119,-0.07,0.47,0.90,-6.84,16.24,-31.98,35.44,19.02,-1.45,1
x,2022-10-11 12:11:31.694469,-0.06,0.45,0.83,-14.47,17.70,-53.53,36.87,18.79,-1.98,1
x,2022-10-11 12:11:31.712673,0.00,0.27,0.77,-3.11,5.68,-45.47,36.87,18.79,-1.98,1
x,2022-10-11 12:11:31.731032,0.00,0.20,0.77,23.62,-3.05,-25.57,36.87,18.79,-1.98,1
x,2022-10-11 12:11:31.750450,-0.02,0.17,0.78,26.55,-4.27,-14.59,41.32,17.64,-2.21,1
x,2022-10-11 12:11:31.768717,-0.01,0.13,0.73,9.70,-17.76,-16.42,41.32,17.64,-2.21,1
x,2022-10-11 12:11:31.788090,-0.01,0.05,0.76,-8.30,-26.00,-14.83,41.32,17.64,-2.21,1
x,2022-10-11 12:11:31.807375,0.00,0.01,0.71,-14.10,-37.23,-8.06,47.02,16.86,1.60,1
x,2022-10-11 12:11:31.824973,0.01,0.03,0.78,-8.85,-52.73,8.24,47.02,16.86,1.60,1
x,2022-10-11 12:11:31.845109,0.01,0.03,0.87,6.10,-61.77,44.07,52.48,15.31,-0.13,1
x,2022-10-11 12:11:31.862396,-0.03,0.15,0.94,-1.83,-55.24,57.56,52.48,15.31,-0.13,1
x,2022-10-11 12:11:31.879873,-0.07,0.28,1.00,-2.44,-48.83,65.55,52.48,15.31,-0.13,1
x,2022-10-11 12:11:31.900084,-0.12,0.45,1.07,-12.88,-38.57,52.67,55.77,12.35,-2.28,1
x,2022-10-11 12:11:31.918376,-0.16,0.62,1.19,-5.80,-20.02,18.25,55.77,12.35,-2.28,1
x,2022-10-11 12:11:31.937795,-0.17,0.61,1.19,-0.12,-7.57,5.07,55.77,12.35,-2.28,1
x,2022-10-11 12:11:31.957159,-0.15,0.69,1.13,-21.18,7.32,-18.01,57.92,11.18,-3.71,1
x,2022-10-11 12:11:31.974720,-0.10,0.57,1.31,50.11,-0.18,1.89,57.92,11.18,-3.71,1
x,2022-10-11 12:11:31.994704,-0.20,0.63,1.15,30.88,38.21,-18.01,57.56,10.68,-4.26,1
x,2022-10-11 12:11:32.012760,-0.15,0.54,1.05,10.19,56.58,-50.42,57.56,10.68,-4.26,1
x,2022-10-11 12:11:32.032032,-0.08,0.48,0.96,-19.96,59.51,-67.20,57.56,10.68,-4.26,1
x,2022-10-11 12:11:32.051019,-0.05,0.47,0.88,-27.95,52.19,-72.51,55.99,14.37,-0.12,1
x,2022-10-11 12:11:32.069315,-0.01,0.36,0.88,-8.85,43.95,-68.42,55.99,14.37,-0.12,1
x,2022-10-11 12:11:32.087829,0.01,0.28,0.84,0.73,39.25,-58.53,55.99,14.37,-0.12,1
x,2022-10-11 12:11:32.106967,0.02,0.15,0.81,70.31,26.55,-19.29,55.71,16.64,1.56,1
x,2022-10-11 12:11:32.125844,0.01,-0.17,0.68,81.67,11.66,8.30,55.71,16.64,1.56,1
x,2022-10-11 12:11:32.145030,0.00,-0.27,0.70,77.03,-7.57,28.99,54.54,14.49,-0.55,1
x,2022-10-11 12:11:32.163997,-0.01,-0.06,0.77,-56.03,3.60,-15.44,54.54,14.49,-0.55,1
x,2022-10-11 12:11:32.183156,0.02,0.17,0.77,-90.70,9.09,-17.40,54.54,14.49,-0.55,1
x,2022-10-11 12:11:32.202977,0.01,0.03,0.70,-10.13,-25.51,43.64,54.14,16.48,2.19,1
x,2022-10-11 12:11:32.221434,-0.05,0.24,0.76,-23.50,-49.26,35.46,54.14,16.48,2.19,1
x,2022-10-11 12:11:32.239915,-0.05,0.43,0.90,-21.97,-55.79,40.65,54.14,16.48,2.19,1
x,2022-10-11 12:11:32.258504,-0.08,0.47,0.87,-15.26,-53.83,34.18,56.03,14.61,1.26,1
x,2022-10-11 12:11:32.276943,-0.11,0.51,0.92,-14.83,-50.54,22.77,56.03,14.61,1.26,1
x,2022-10-11 12:11:32.296431,-0.10,0.52,0.94,-13.61,-42.36,4.64,61.71,13.49,-0.12,1
x,2022-10-11 12:11:32.317072,-0.12,0.48,0.95,-19.78,-36.01,-3.97,61.71,13.49,-0.12,1
x,2022-10-11 12:11:32.335433,-0.13,0.54,0.98,-12.76,-31.62,-11.96,61.71,13.49,-0.12,1
x,2022-10-11 12:11:32.354844,-0.15,0.61,1.00,-9.46,-23.32,-40.04,68.02,12.65,-1.95,1
x,2022-10-11 12:11:32.373837,-0.11,0.52,1.09,-12.21,-14.65,-57.62,68.02,12.65,-1.95,1
x,2022-10-11 12:11:32.392691,-0.08,0.40,1.04,-5.13,-3.05,-53.71,75.60,15.09,-2.39,1
x,2022-10-11 12:11:32.411043,-0.08,0.30,1.00,5.74,6.23,-31.68,75.60,15.09,-2.39,1
x,2022-10-11 12:11:32.429341,-0.07,0.17,0.98,-8.73,13.85,-23.99,75.60,15.09,-2.39,1
x,2022-10-11 12:11:32.448549,-0.28,0.17,1.07,-34.30,26.67,-13.18,77.26,17.53,-2.56,1
x,2022-10-11 12:11:32.466826,-0.57,0.24,1.15,4.52,43.82,15.63,77.26,17.53,-2.56,1
x,2022-10-11 12:11:32.484806,-0.28,0.36,1.06,86.61,53.34,70.25,77.26,17.53,-2.56,1
x,2022-10-11 12:11:32.503047,-0.12,0.40,0.95,83.50,60.61,65.37,70.98,16.64,-7.29,1
x,2022-10-11 12:11:32.521877,-0.00,0.45,0.84,60.06,53.41,35.16,70.98,16.64,-7.29,1
x,2022-10-11 12:11:32.539925,0.10,0.42,0.78,41.08,40.59,3.42,70.98,16.64,-7.29,1
x,2022-10-11 12:11:32.560217,0.15,0.50,0.79,-2.38,29.54,-32.59,66.02,19.18,-11.89,1
x,2022-10-11 12:11:32.577434,0.12,0.47,0.86,-30.70,16.24,-65.43,66.02,19.18,-11.89,1
x,2022-10-11 12:11:32.596285,0.12,0.46,0.82,-20.14,9.09,-62.13,69.07,23.62,-13.10,1
x,2022-10-11 12:11:32.613857,0.19,0.37,0.79,-5.43,5.49,-55.05,69.07,23.62,-13.10,1
x,2022-10-11 12:11:32.632642,0.18,0.31,0.80,-1.46,-1.34,-52.00,69.07,23.62,-13.10,1
x,2022-10-11 12:11:32.652147,0.16,0.16,0.80,6.77,-7.02,-47.18,74.32,25.42,-12.70,1
x,2022-10-11 12:11:32.670838,-0.03,-0.04,1.00,10.44,-10.38,-26.00,74.32,25.42,-12.70,1
x,2022-10-11 12:11:32.689378,0.14,0.05,0.91,26.55,-5.86,5.00,74.32,25.42,-12.70,1
x,2022-10-11 12:11:32.708898,0.10,0.02,0.97,23.32,-5.00,21.06,78.66,25.02,-12.63,1
x,2022-10-11 12:11:32.726752,0.08,0.05,1.03,11.54,-1.46,20.75,78.66,25.02,-12.63,1
x,2022-10-11 12:11:32.747199,0.01,0.08,1.02,-22.22,5.37,10.19,79.35,23.13,-10.69,1
x,2022-10-11 12:11:32.764505,-0.06,0.09,0.97,-19.10,12.08,14.22,79.35,23.13,-10.69,1
x,2022-10-11 12:11:32.781776,0.09,0.11,0.96,4.21,4.09,40.16,79.35,23.13,-10.69,1
x,2022-10-11 12:11:32.801753,0.16,0.26,0.86,21.18,-2.69,66.59,76.39,20.61,-8.67,1
x,2022-10-11 12:11:32.819245,0.11,0.28,0.84,17.21,-8.54,55.54,76.39,20.61,-8.67,1
x,2022-10-11 12:11:32.836829,0.09,0.36,0.88,-18.25,-8.30,16.72,76.39,20.61,-8.67,1
x,2022-10-11 12:11:32.856819,0.02,0.35,0.89,-50.35,-6.04,-12.57,74.38,17.72,-6.54,1
x,2022-10-11 12:11:32.874950,0.03,0.33,0.93,-37.17,-18.43,-3.42,74.38,17.72,-6.54,1
x,2022-10-11 12:11:32.894252,-0.01,0.34,0.91,-17.94,-23.38,17.21,74.54,16.32,-1.81,1
x,2022-10-11 12:11:32.911965,-0.11,0.50,0.98,-23.32,-19.35,13.55,74.54,16.32,-1.81,1
x,2022-10-11 12:11:32.930349,-1.68,0.51,1.25,25.57,-3.72,-7.20,74.54,16.32,-1.81,1
x,2022-10-11 12:11:32.949736,-0.04,0.55,0.97,48.83,23.93,9.03,73.28,15.11,-0.05,1
x,2022-10-11 12:11:32.966709,0.00,0.29,0.91,47.12,20.51,3.48,73.28,15.11,-0.05,1
x,2022-10-11 12:11:32.984960,-0.01,0.37,0.90,22.46,15.69,-8.00,73.28,15.11,-0.05,1
x,2022-10-11 12:11:33.003544,-0.04,0.39,0.88,24.23,14.34,-5.37,71.69,13.44,0.07,1
x,2022-10-11 12:11:33.021930,-0.06,0.39,0.78,2.56,17.03,-35.28,71.69,13.44,0.07,1
x,2022-10-11 12:11:33.041742,-0.03,0.34,0.78,-2.56,12.45,-47.42,72.67,14.32,-0.06,1
x,2022-10-11 12:11:33.059974,-0.02,0.30,0.76,14.22,6.10,-42.05,72.67,14.32,-0.06,1
x,2022-10-11 12:11:33.077477,-0.02,0.18,0.76,19.90,-3.05,-40.83,72.67,14.32,-0.06,1
x,2022-10-11 12:11:33.095861,-0.00,0.02,0.78,6.23,-15.01,-32.65,79.02,15.70,-2.39,1
x,2022-10-11 12:11:33.114253,-0.00,-0.03,0.77,-7.45,-25.39,-23.32,79.02,15.70,-2.39,1
x,2022-10-11 12:11:33.132979,-0.01,0.04,0.78,-22.28,-33.63,-15.44,79.02,15.70,-2.39,1
x,2022-10-11 12:11:33.152865,0.01,0.06,0.83,-20.45,-41.38,-6.71,84.11,17.55,-3.70,1
x,2022-10-11 12:11:33.169865,0.00,0.06,0.92,-6.90,-50.11,16.85,84.11,17.55,-3.70,1
x,2022-10-11 12:11:33.188469,-0.01,0.07,0.89,7.81,-51.57,35.28,84.11,17.55,-3.70,1
x,2022-10-11 12:11:33.207680,-0.02,0.09,0.96,7.26,-53.77,44.56,88.55,17.31,-7.48,1
x,2022-10-11 12:11:33.226918,-0.04,0.18,1.01,2.44,-51.88,49.26,88.55,17.31,-7.48,1
x,2022-10-11 12:11:33.246434,-0.08,0.33,1.09,6.90,-41.63,53.53,91.04,14.58,-12.16,1
x,2022-10-11 12:11:33.264211,-0.13,0.49,1.15,10.56,-29.05,40.53,91.04,14.58,-12.16,1
x,2022-10-11 12:11:33.282882,-0.16,0.58,1.22,0.98,-11.78,16.24,91.04,14.58,-12.16,1
x,2022-10-11 12:11:33.301889,-0.16,0.66,1.17,-8.61,8.67,-15.14,92.40,12.56,-13.68,1
x,2022-10-11 12:11:33.319591,-0.09,0.41,1.14,35.89,0.79,1.46,92.40,12.56,-13.68,1
x,2022-10-11 12:11:33.339129,-0.14,0.45,1.17,45.72,16.36,18.55,92.40,12.56,-13.68,1
x,2022-10-11 12:11:33.356779,-0.16,0.50,1.17,31.13,37.84,2.44,91.54,11.44,-13.66,1
x,2022-10-11 12:11:33.375232,-0.11,0.47,1.13,19.84,60.49,-46.63,91.54,11.44,-13.66,1
x,2022-10-11 12:11:33.394606,-0.05,0.33,0.96,15.81,64.64,-55.36,89.67,13.83,-9.44,1
x,2022-10-11 12:11:33.412038,-0.04,0.25,0.86,1.40,57.62,-53.65,89.67,13.83,-9.44,1
x,2022-10-11 12:11:33.431806,-0.02,0.24,0.83,-14.53,48.03,-57.68,89.67,13.83,-9.44,1
x,2022-10-11 12:11:33.449845,-0.01,0.18,0.86,-7.87,35.16,-52.86,88.34,17.19,-6.57,1
x,2022-10-11 12:11:33.468302,0.01,0.13,0.83,-7.45,27.95,-51.15,88.34,17.19,-6.57,1
x,2022-10-11 12:11:33.486524,0.01,0.00,0.82,11.11,18.86,-36.99,88.34,17.19,-6.57,1
x,2022-10-11 12:11:33.506138,0.00,-0.11,0.74,29.60,7.81,-6.96,89.37,18.96,-4.81,1
x,2022-10-11 12:11:33.525617,0.00,-0.12,0.81,38.64,-13.55,21.55,89.37,18.96,-4.81,1
x,2022-10-11 12:11:33.544291,0.01,0.10,0.84,-27.04,-2.26,-1.10,88.85,17.81,-5.87,1
x,2022-10-11 12:11:33.562792,-0.01,0.08,0.80,-44.31,4.82,-3.91,88.85,17.81,-5.87,1
x,2022-10-11 12:11:33.580396,0.01,-0.06,0.78,1.04,-20.26,36.80,88.85,17.81,-5.87,1
x,2022-10-11 12:11:33.599577,-0.04,0.02,0.69,-39.43,-44.19,41.02,88.64,17.53,-5.59,1
x,2022-10-11 12:11:33.618837,-0.02,0.26,0.89,-31.80,-55.24,49.80,88.64,17.53,-5.59,1
x,2022-10-11 12:11:33.637045,-0.05,0.35,0.87,-1.83,-60.61,59.39,88.64,17.53,-5.59,1
x,2022-10-11 12:11:33.656279,-0.09,0.39,0.91,13.73,-61.71,45.04,87.95,14.22,-9.80,1
x,2022-10-11 12:11:33.674066,-0.14,0.51,0.96,-15.26,-44.49,8.48,87.95,14.22,-9.80,1
x,2022-10-11 12:11:33.693007,-0.13,0.51,0.99,-23.50,-35.71,-13.31,92.85,13.99,-12.30,1
x,2022-10-11 12:11:33.711734,-0.13,0.54,1.00,-17.03,-32.10,-29.05,92.85,13.99,-12.30,1
x,2022-10-11 12:11:33.729884,-0.13,0.53,1.02,-9.46,-32.53,-48.10,92.85,13.99,-12.30,1
x,2022-10-11 12:11:33.749453,-0.12,0.41,1.06,-17.88,-25.15,-60.61,99.99,17.07,-15.21,1
x,2022-10-11 12:11:33.768742,-0.11,0.32,1.05,-26.12,-11.35,-67.02,99.99,17.07,-15.21,1
x,2022-10-11 12:11:33.788018,-0.10,0.23,1.04,-23.25,3.36,-50.72,99.99,17.07,-15.21,1
x,2022-10-11 12:11:33.807029,-0.09,0.10,1.02,-11.35,11.72,-31.25,105.04,22.12,-15.97,1
x,2022-10-11 12:11:33.825188,-0.10,0.03,0.99,-10.86,19.23,-9.34,105.04,22.12,-15.97,1
x,2022-10-11 12:11:33.845129,-0.21,0.05,0.95,-31.01,23.99,3.05,105.48,24.29,-15.61,1
x,2022-10-11 12:11:33.863616,-0.42,0.29,1.19,-19.47,36.56,25.21,105.48,24.29,-15.61,1
x,2022-10-11 12:11:33.882301,-0.30,0.41,1.16,44.01,48.52,51.33,105.48,24.29,-15.61,1
x,2022-10-11 12:11:33.900719,-0.23,0.48,1.07,61.58,61.71,45.10,99.29,21.69,-14.59,1
x,2022-10-11 12:11:33.918467,-0.01,0.54,0.96,79.47,58.35,26.55,99.29,21.69,-14.59,1
x,2022-10-11 12:11:33.936911,0.10,0.48,0.87,78.86,45.04,7.87,99.29,21.69,-14.59,1
x,2022-10-11 12:11:33.955926,0.04,0.44,0.86,54.57,39.61,-13.85,92.59,22.96,-16.96,1
x,2022-10-11 12:11:33.974344,0.11,0.40,0.80,34.18,38.27,-28.14,92.59,22.96,-16.96,1
x,2022-10-11 12:11:33.993623,0.17,0.35,0.77,10.13,34.61,-42.97,91.67,27.76,-18.09,1
x,2022-10-11 12:11:34.010922,0.29,0.36,0.69,5.86,16.36,-58.47,91.67,27.76,-18.09,1
x,2022-10-11 12:11:34.028782,0.25,0.29,0.80,-20.57,1.53,-74.83,91.67,27.76,-18.09,1
x,2022-10-11 12:11:34.047522,0.15,0.27,0.89,-24.29,-6.35,-70.01,96.06,33.37,-18.80,1
x,2022-10-11 12:11:34.066040,0.09,0.14,0.94,10.31,-10.25,-39.92,96.06,33.37,-18.80,1
x,2022-10-11 12:11:34.084813,0.04,-0.03,0.92,44.19,-0.49,1.40,96.06,33.37,-18.80,1
x,2022-10-11 12:11:34.103661,0.16,-0.05,0.90,36.13,1.10,8.97,101.68,34.72,-16.94,1
x,2022-10-11 12:11:34.122022,0.12,-0.04,0.95,20.75,-1.34,7.14,101.68,34.72,-16.94,1
x,2022-10-11 12:11:34.142731,0.06,-0.08,0.99,-0.92,-3.36,4.27,105.02,32.81,-15.95,1
x,2022-10-11 12:11:34.162077,0.01,-0.06,0.98,-1.77,-11.23,30.03,105.02,32.81,-15.95,1
x,2022-10-11 12:11:34.179856,0.02,-0.02,0.94,7.02,-15.93,43.15,105.02,32.81,-15.95,1
x,2022-10-11 12:11:34.199206,0.03,0.12,0.95,0.37,-14.71,36.32,105.22,28.65,-15.09,1
x,2022-10-11 12:11:34.217433,0.01,0.23,0.96,-12.76,-15.01,9.40,105.22,28.65,-15.09,1
x,2022-10-11 12:11:34.235725,-0.03,0.18,0.95,-19.17,-12.57,1.10,105.22,28.65,-15.09,1
x,2022-10-11 12:11:34.254039,-0.03,0.15,0.98,-18.37,-13.37,7.26,105.08,25.61,-14.33,1
x,2022-10-11 12:11:34.272539,0.05,0.21,0.94,-3.72,-13.61,21.48,105.08,25.61,-14.33,1
x,2022-10-11 12:11:34.290997,0.02,0.20,0.95,-2.01,-15.99,22.83,105.14,22.64,-12.63,1
x,2022-10-11 12:11:34.308754,0.05,0.29,0.90,-16.60,-14.89,7.26,105.14,22.64,-12.63,1
x,2022-10-11 12:11:34.326956,-0.11,0.33,0.98,-39.06,-13.31,-11.66,105.14,22.64,-12.63,1
x,2022-10-11 12:11:34.346944,-0.02,0.47,1.40,6.59,-3.91,-11.17,105.88,21.26,-12.33,1
x,2022-10-11 12:11:34.365794,-0.03,0.43,0.98,57.86,22.64,18.55,105.88,21.26,-12.33,1
x,2022-10-11 12:11:34.382826,-0.02,0.30,0.90,49.38,23.25,0.55,105.88,21.26,-12.33,1
x,2022-10-11 12:11:34.401460,-0.04,0.29,0.93,49.26,19.53,-5.62,105.27,19.85,-12.05,1
x,2022-10-11 12:11:34.420885,-0.04,0.25,0.85,23.50,21.79,-26.73,105.27,19.85,-12.05,1
x,2022-10-11 12:11:34.440887,0.01,0.20,0.81,-7.81,14.59,-46.81,108.36,22.41,-10.64,1
x,2022-10-11 12:11:34.458298,-0.01,0.15,0.82,18.62,2.93,-25.45,108.36,22.41,-10.64,1
x,2022-10-11 12:11:34.476721,-0.01,0.12,0.77,33.75,-2.14,-18.86,108.36,22.41,-10.64,1
x,2022-10-11 12:11:34.497019,-0.03,0.03,0.73,17.88,-9.64,-32.96,112.33,25.32,-11.87,1
x,2022-10-11 12:11:34.515512,-0.03,-0.18,0.71,-10.56,-34.79,-32.71,112.33,25.32,-11.87,1
x,2022-10-11 12:11:34.534831,-0.02,-0.22,0.79,-22.03,-49.62,-19.41,112.33,25.32,-11.87,1
x,2022-10-11 12:11:34.553490,-0.02,-0.11,0.88,-22.40,-53.10,10.99,117.32,27.89,-17.53,1
x,2022-10-11 12:11:34.571885,-0.04,-0.03,0.99,-5.19,-55.91,20.51,117.32,27.89,-17.53,1
x,2022-10-11 12:11:34.592604,-0.04,0.02,1.03,-2.26,-49.80,27.89,119.85,26.46,-23.34,1
x,2022-10-11 12:11:34.610800,-0.05,0.07,1.02,-2.75,-44.62,35.58,119.85,26.46,-23.34,1
x,2022-10-11 12:11:34.629219,-0.07,0.17,1.09,12.57,-37.17,44.25,119.85,26.46,-23.34,1
x,2022-10-11 12:11:34.647524,-0.09,0.30,1.11,16.42,-28.75,41.32,119.95,22.64,-29.71,1
x,2022-10-11 12:11:34.666014,-0.12,0.40,1.20,20.75,-21.61,29.48,119.95,22.64,-29.71,1
x,2022-10-11 12:11:34.684208,-0.14,0.41,1.22,13.37,-7.08,12.02,119.95,22.64,-29.71,1
x,2022-10-11 12:11:34.703453,-0.11,0.39,1.10,3.78,6.47,-5.07,120.29,20.14,-31.40,1
x,2022-10-11 12:11:34.720780,-0.10,0.27,1.19,32.71,-2.01,11.29,120.29,20.14,-31.40,1
x,2022-10-11 12:11:34.740104,-0.14,0.36,1.20,34.06,22.77,17.64,119.93,19.43,-31.09,1
x,2022-10-11 12:11:34.759318,-0.11,0.34,1.12,38.15,45.41,-0.67,119.93,19.43,-31.09,1
x,2022-10-11 12:11:34.776612,-0.09,0.24,1.05,37.60,49.99,-26.31,119.93,19.43,-31.09,1
x,2022-10-11 12:11:34.796524,-0.05,0.13,1.04,11.11,57.07,-44.56,119.27,22.22,-24.89,1
x,2022-10-11 12:11:34.815055,-0.02,0.13,0.97,-4.70,61.40,-52.37,119.27,22.22,-24.89,1
x,2022-10-11 12:11:34.832801,-0.00,0.10,0.95,-1.22,56.95,-52.37,119.27,22.22,-24.89,1
x,2022-10-11 12:11:34.851571,0.00,0.02,0.92,11.47,43.95,-42.30,120.06,26.77,-18.76,1
x,2022-10-11 12:11:34.869858,-0.01,-0.14,0.79,21.36,33.57,-19.96,120.06,26.77,-18.76,1
x,2022-10-11 12:11:34.891016,-0.00,-0.16,0.83,23.86,20.81,-0.79,120.36,28.48,-15.53,1
x,2022-10-11 12:11:34.909224,-0.01,-0.13,0.78,12.51,8.24,8.73,120.36,28.48,-15.53,1
x,2022-10-11 12:11:34.927755,-0.01,-0.11,0.75,7.51,-3.72,6.23,120.36,28.48,-15.53,1
x,2022-10-11 12:11:34.947817,-0.00,-0.13,0.82,-22.16,-9.03,0.18,120.17,27.65,-15.80,1
x,2022-10-11 12:11:34.966197,-0.04,-0.02,0.72,-70.92,-8.73,2.20,120.17,27.65,-15.80,1
x,2022-10-11 12:11:34.984805,-0.01,-0.08,0.78,1.65,-53.41,49.80,120.17,27.65,-15.80,1
x,2022-10-11 12:11:35.003968,-0.02,-0.01,0.84,2.44,-67.14,62.01,119.63,25.26,-17.68,1
x,2022-10-11 12:11:35.022814,-0.05,0.13,0.91,-29.66,-60.12,36.25,119.63,25.26,-17.68,1
x,2022-10-11 12:11:35.042621,-0.07,0.24,0.90,-50.29,-51.64,14.59,119.54,21.69,-23.11,1
x,2022-10-11 12:11:35.061728,-0.08,0.36,0.94,-47.18,-53.77,-1.59,119.54,21.69,-23.11,1
x,2022-10-11 12:11:35.080797,-0.11,0.37,0.95,-30.52,-53.71,-6.47,119.54,21.69,-23.11,1
x,2022-10-11 12:11:35.100512,-0.12,0.35,0.97,-20.32,-46.69,-17.21,122.99,21.83,-28.11,1
x,2022-10-11 12:11:35.119403,-0.14,0.35,1.01,-24.66,-38.94,-29.91,122.99,21.83,-28.11,1
x,2022-10-11 12:11:35.140282,-0.13,0.37,1.04,-28.69,-28.56,-41.14,128.06,25.23,-33.11,1
x,2022-10-11 12:11:35.159924,-0.13,0.36,1.06,-15.50,-15.93,-53.83,128.06,25.23,-33.11,1
x,2022-10-11 12:11:35.178853,-0.13,0.28,1.11,-20.02,-5.92,-64.03,128.06,25.23,-33.11,1
x,2022-10-11 12:11:35.198111,-0.14,0.01,1.16,-43.58,14.95,-45.78,133.51,32.64,-35.63,1
x,2022-10-11 12:11:35.215633,-0.31,0.04,1.17,-45.59,34.67,-16.60,133.51,32.64,-35.63,1
x,2022-10-11 12:11:35.235203,-0.47,0.09,1.17,-4.58,46.02,12.63,133.51,32.64,-35.63,1
x,2022-10-11 12:11:35.252829,-0.27,0.12,1.16,69.46,49.74,51.70,132.68,32.90,-31.92,1
x,2022-10-11 12:11:35.271128,-0.20,0.17,1.12,71.17,56.64,60.79,132.68,32.90,-31.92,1
x,2022-10-11 12:11:35.289846,-0.10,0.30,1.06,61.28,60.18,42.36,124.76,31.12,-31.18,1
x,2022-10-11 12:11:35.309687,0.02,0.27,0.97,48.71,57.31,17.21,124.76,31.12,-31.18,1
x,2022-10-11 12:11:35.327485,0.13,0.35,0.89,32.41,35.22,-11.29,124.76,31.12,-31.18,1
x,2022-10-11 12:11:35.347244,0.12,0.28,0.88,17.82,34.42,-24.84,118.31,35.33,-27.65,1
x,2022-10-11 12:11:35.365624,0.08,0.24,0.86,11.96,29.97,-27.89,118.31,35.33,-27.65,1
x,2022-10-11 12:11:35.383686,0.13,0.21,0.83,16.05,26.06,-23.32,118.31,35.33,-27.65,1
x,2022-10-11 12:11:35.403680,0.21,0.23,0.78,14.83,19.90,-27.71,116.56,40.69,-25.50,1
x,2022-10-11 12:11:35.422132,0.16,0.19,0.82,12.57,6.53,-30.64,116.56,40.69,-25.50,1
x,2022-10-11 12:11:35.441035,0.13,0.05,0.85,18.62,0.12,-26.06,118.40,44.97,-24.12,1
x,2022-10-11 12:11:35.459247,0.12,0.01,0.86,-2.20,0.55,-30.70,118.40,44.97,-24.12,1
x,2022-10-11 12:11:35.476601,0.15,0.05,0.88,3.48,-3.66,-13.92,118.40,44.97,-24.12,1
x,2022-10-11 12:11:35.496391,0.07,-0.01,0.95,14.40,-6.84,-5.00,123.32,48.01,-23.29,1
x,2022-10-11 12:11:35.515180,0.03,-0.05,1.00,6.71,-5.86,-1.28,123.32,48.01,-23.29,1
x,2022-10-11 12:11:35.535072,0.02,-0.01,1.00,-3.42,-3.30,0.31,123.32,48.01,-23.29,1
x,2022-10-11 12:11:35.554378,0.05,0.01,0.92,-8.91,-3.78,-1.89,126.78,47.51,-21.90,1
x,2022-10-11 12:11:35.572021,0.09,-0.01,0.90,-24.48,-9.95,-4.03,126.78,47.51,-21.90,1
x,2022-10-11 12:11:35.591671,0.11,0.06,0.89,-25.94,-16.30,2.69,130.43,45.61,-21.94,1
x,2022-10-11 12:11:35.609782,0.07,0.06,0.92,-20.81,-24.41,12.45,130.43,45.61,-21.94,1
x,2022-10-11 12:11:35.628597,-0.04,0.09,0.96,-21.12,-23.86,17.33,130.43,45.61,-21.94,1
x,2022-10-11 12:11:35.646748,-0.09,0.15,1.00,-17.09,-18.98,17.15,133.42,40.48,-22.55,1
x,2022-10-11 12:11:35.665546,-0.09,0.17,1.05,-10.80,-9.28,7.57,133.42,40.48,-22.55,1
x,2022-10-11 12:11:35.683666,-0.06,0.18,0.98,-14.28,0.49,2.20,133.42,40.48,-22.55,1
x,2022-10-11 12:11:35.703703,-0.09,0.14,1.04,-7.32,-0.24,0.31,135.99,37.87,-20.76,1
x,2022-10-11 12:11:35.721868,-0.01,0.15,1.03,0.24,2.26,1.53,135.99,37.87,-20.76,1
x,2022-10-11 12:11:35.741646,0.00,0.16,1.03,-2.08,5.62,0.61,136.90,35.75,-19.92,1
x,2022-10-11 12:11:35.760213,0.21,0.21,0.87,-6.41,3.05,-0.31,136.90,35.75,-19.92,1
x,2022-10-11 12:11:35.778982,0.11,0.23,0.86,-22.71,-5.13,-6.84,136.90,35.75,-19.92,1
x,2022-10-11 12:11:35.799914,0.00,0.25,0.89,-17.64,-11.66,-8.00,138.04,33.65,-18.13,1
x,2022-10-11 12:11:35.818532,-0.04,0.37,1.19,51.70,-1.89,6.53,138.04,33.65,-18.13,1
x,2022-10-11 12:11:35.837964,-0.03,0.23,0.93,75.81,13.98,24.78,140.43,30.86,-17.08,1
x,2022-10-11 12:11:35.855750,0.01,0.12,0.88,51.51,9.40,9.58,140.43,30.86,-17.08,1
x,2022-10-11 12:11:35.874806,-0.03,0.21,0.90,26.92,4.94,-11.84,140.43,30.86,-17.08,1
x,2022-10-11 12:11:35.893828,-0.03,0.18,0.85,-6.23,1.22,-41.63,143.57,33.00,-16.47,1
x,2022-10-11 12:11:35.912091,-0.02,0.13,0.76,-16.48,-4.27,-49.99,143.57,33.00,-16.47,1
x,2022-10-11 12:11:35.930293,-0.03,0.02,0.76,-12.27,-23.13,-35.58,143.57,33.00,-16.47,1
x,2022-10-11 12:11:35.950228,-0.04,-0.09,0.77,-24.35,-37.60,-24.90,149.33,38.56,-16.25,1
x,2022-10-11 12:11:35.968708,-0.07,-0.13,0.84,-35.34,-43.09,-17.03,149.33,38.56,-16.25,1
x,2022-10-11 12:11:35.987762,-0.05,-0.03,0.83,-26.67,-43.33,-3.17,154.33,39.51,-24.05,1
x,2022-10-11 12:11:36.005999,-0.06,0.06,0.95,-7.57,-50.96,8.48,154.33,39.51,-24.05,1
x,2022-10-11 12:11:36.024274,-0.06,0.02,1.02,0.92,-53.10,9.40,154.33,39.51,-24.05,1
x,2022-10-11 12:11:36.043653,-0.09,0.06,1.06,9.64,-49.13,21.67,154.99,36.88,-36.44,1
x,2022-10-11 12:11:36.061597,-0.11,0.12,1.12,14.40,-38.88,35.40,154.99,36.88,-36.44,1
x,2022-10-11 12:11:36.079485,-0.10,0.17,1.12,11.17,-21.55,34.97,154.99,36.88,-36.44,1
x,2022-10-11 12:11:36.099832,-0.12,0.33,1.20,7.93,-10.44,21.42,152.54,31.98,-44.14,1
x,2022-10-11 12:11:36.118376,-0.11,0.39,1.20,-6.23,5.00,-1.34,152.54,31.98,-44.14,1
x,2022-10-11 12:11:36.136508,-0.10,0.37,1.11,23.13,-0.18,4.70,152.43,31.47,-45.12,1
x,2022-10-11 12:11:36.155732,-0.14,0.35,1.26,48.40,16.36,20.75,152.43,31.47,-45.12,1
x,2022-10-11 12:11:36.173033,-0.10,0.35,1.16,39.61,46.51,0.98,152.43,31.47,-45.12,1
x,2022-10-11 12:11:36.191737,-0.07,0.29,1.08,33.33,59.02,-23.80,154.99,31.98,-37.33,1
x,2022-10-11 12:11:36.210162,-0.05,0.15,0.96,16.48,50.84,-30.27,154.99,31.98,-37.33,1
x,2022-10-11 12:11:36.227790,-0.04,0.10,0.97,15.08,46.39,-36.44,154.99,31.98,-37.33,1
x,2022-10-11 12:11:36.247748,-0.03,0.06,0.94,7.39,44.98,-42.60,158.68,39.27,-26.34,1
x,2022-10-11 12:11:36.265187,-0.02,0.01,0.88,2.87,42.79,-44.37,158.68,39.27,-26.34,1
x,2022-10-11 12:11:36.283955,-0.04,-0.05,0.82,11.35,20.45,-34.06,158.68,39.27,-26.34,1
x,2022-10-11 12:11:36.304388,-0.07,-0.24,0.72,27.34,16.54,-11.05,162.60,47.73,-17.24,1
x,2022-10-11 12:11:36.322068,-0.05,-0.25,0.72,37.48,-4.88,13.24,162.60,47.73,-17.24,1
x,2022-10-11 12:11:36.342296,-0.04,-0.19,0.83,9.70,-14.04,10.86,163.76,48.01,-15.16,1
x,2022-10-11 12:11:36.360748,-0.08,-0.12,0.78,-40.59,1.22,0.49,163.76,48.01,-15.16,1
x,2022-10-11 12:11:36.378649,-0.01,-0.24,0.79,28.50,-30.70,55.36,163.76,48.01,-15.16,1
x,2022-10-11 12:11:36.397774,-0.06,-0.14,0.76,1.04,-52.00,49.87,161.91,41.94,-19.73,1
x,2022-10-11 12:11:36.416344,-0.05,0.07,0.89,-34.79,-50.35,28.81,161.91,41.94,-19.73,1
x,2022-10-11 12:11:36.433697,-0.07,0.13,0.86,-31.49,-51.64,23.25,161.91,41.94,-19.73,1
x,2022-10-11 12:11:36.452623,-0.09,0.21,0.88,-33.26,-52.00,12.15,156.93,34.57,-29.68,1
x,2022-10-11 12:11:36.472217,-0.10,0.32,0.93,-33.20,-49.56,-6.23,156.93,34.57,-29.68,1
x,2022-10-11 12:11:36.490884,-0.12,0.36,0.99,-31.01,-32.17,-23.07,156.57,33.95,-39.87,1
x,2022-10-11 12:11:36.509743,-0.13,0.41,1.02,-30.03,-36.19,-32.65,156.57,33.95,-39.87,1
x,2022-10-11 12:11:36.527541,-0.13,0.43,1.07,-24.05,-27.22,-47.42,156.57,33.95,-39.87,1
x,2022-10-11 12:11:36.547814,-0.13,0.38,1.10,-9.83,-18.86,-56.27,161.85,38.95,-48.86,1
x,2022-10-11 12:11:36.566276,-0.13,0.17,1.13,-2.20,-4.52,-61.52,161.85,38.95,-48.86,1
x,2022-10-11 12:11:36.586855,-0.13,0.09,1.15,-19.41,5.43,-64.70,169.59,49.24,-50.10,1
x,2022-10-11 12:11:36.603652,-0.15,-0.02,1.13,-36.38,17.21,-60.61,169.59,49.24,-50.10,1
x,2022-10-11 12:11:36.622176,-0.18,-0.11,1.01,-51.27,24.66,-32.65,169.59,49.24,-50.10,1
x,2022-10-11 12:11:36.640941,-0.49,-0.17,1.24,-17.70,21.30,-1.65,172.24,55.09,-47.11,1
x,2022-10-11 12:11:36.659272,-0.47,-0.02,1.28,32.04,37.41,35.46,172.24,55.09,-47.11,1
x,2022-10-11 12:11:36.677718,-0.49,-0.07,1.24,60.79,58.90,46.51,172.24,55.09,-47.11,1
x,2022-10-11 12:11:36.697321,-0.28,-0.17,1.11,63.60,73.97,36.74,157.24,53.70,-39.33,1
x,2022-10-11 12:11:36.715026,0.07,-0.17,0.88,24.29,69.27,29.54,157.24,53.70,-39.33,1
x,2022-10-11 12:11:36.732521,0.09,-0.16,0.86,-8.67,56.40,18.13,157.24,53.70,-39.33,1
x,2022-10-11 12:11:36.751865,0.08,-0.16,0.87,-15.75,46.51,19.78,135.49,52.66,-31.65,1
x,2022-10-11 12:11:36.770086,0.04,-0.20,0.86,-12.08,43.70,31.74,135.49,52.66,-31.65,1
x,2022-10-11 12:11:36.789739,0.02,-0.28,0.83,11.41,44.01,59.88,119.12,47.45,-28.92,1
x,2022-10-11 12:11:36.807319,0.20,-0.24,0.73,14.22,36.74,72.75,119.12,47.45,-28.92,1
x,2022-10-11 12:11:36.824521,0.23,-0.27,0.70,11.47,21.85,76.78,119.12,47.45,-28.92,1
x,2022-10-11 12:11:36.844024,0.16,-0.14,0.70,-19.47,7.39,71.53,103.28,37.73,-28.70,1
x,2022-10-11 12:11:36.861558,0.11,0.05,0.74,-34.42,-2.14,66.35,103.28,37.73,-28.70,1
x,2022-10-11 12:11:36.880707,0.07,0.17,0.75,-40.04,-5.55,61.16,103.28,37.73,-28.70,1
x,2022-10-11 12:11:36.900291,0.02,0.26,0.77,-56.40,-11.05,51.64,90.11,31.27,-28.49,1
x,2022-10-11 12:11:36.917512,0.07,0.40,0.76,-49.80,-12.94,50.78,90.11,31.27,-28.49,1
x,2022-10-11 12:11:36.936753,0.09,0.44,0.72,-34.85,-15.87,51.88,80.10,26.17,-29.83,1
x,2022-10-11 12:11:36.955037,0.03,0.50,0.75,-37.48,-22.46,38.82,80.10,26.17,-29.83,1
x,2022-10-11 12:11:36.973786,-0.01,0.51,0.89,-23.99,-14.89,46.51,80.10,26.17,-29.83,1
x,2022-10-11 12:11:36.992998,-0.06,0.54,0.91,-9.46,-16.97,54.26,72.89,23.01,-33.18,1
x,2022-10-11 12:11:37.010771,-0.12,0.39,1.00,14.59,-15.08,57.80,72.89,23.01,-33.18,1
x,2022-10-11 12:11:37.029240,-0.11,0.38,1.04,20.87,-10.01,61.52,72.89,23.01,-33.18,1
x,2022-10-11 12:11:37.047617,-0.12,0.36,1.00,16.36,-7.75,57.31,65.15,20.40,-38.70,1
x,2022-10-11 12:11:37.066637,-0.11,0.35,1.00,-1.59,-5.49,43.58,65.15,20.40,-38.70,1
x,2022-10-11 12:11:37.085514,-0.11,0.40,1.00,-31.19,-3.91,26.67,58.02,21.86,-40.49,1
x,2022-10-11 12:11:37.102731,-0.10,0.49,1.02,-28.99,-3.17,24.29,58.02,21.86,-40.49,1
x,2022-10-11 12:11:37.121150,-0.13,0.58,1.02,-21.79,-1.95,20.02,58.02,21.86,-40.49,1
x,2022-10-11 12:11:37.139728,-0.11,0.55,1.03,-9.40,0.55,15.20,53.89,23.62,-41.48,1
x,2022-10-11 12:11:37.158001,-0.11,0.51,1.00,-3.11,7.63,9.34,53.89,23.62,-41.48,1
x,2022-10-11 12:11:37.176477,-0.05,0.37,0.95,0.73,3.42,7.69,53.89,23.62,-41.48,1
x,2022-10-11 12:11:37.194648,-0.08,0.35,0.96,13.12,-0.79,21.18,51.16,25.06,-43.46,1
x,2022-10-11 12:11:37.212656,-0.11,0.36,0.94,3.60,-1.59,19.53,51.16,25.06,-43.46,1
x,2022-10-11 12:11:37.231973,-0.08,0.41,0.94,-14.83,3.72,6.10,51.16,25.06,-43.46,1
x,2022-10-11 12:11:37.251945,-0.10,0.40,0.93,-24.29,0.73,-4.76,49.78,26.70,-42.91,1
x,2022-10-11 12:11:37.269587,-0.10,0.40,0.96,-23.62,0.06,-5.43,49.78,26.70,-42.91,1
x,2022-10-11 12:11:37.289606,-0.10,0.41,0.96,-25.33,1.77,-5.62,49.34,26.12,-43.43,1
x,2022-10-11 12:11:37.307765,-0.07,0.42,0.93,-26.12,0.12,-8.48,49.34,26.12,-43.43,1
x,2022-10-11 12:11:37.326135,-0.05,0.44,0.94,-31.80,2.99,-10.38,49.34,26.12,-43.43,1
x,2022-10-11 12:11:37.345786,-0.08,0.43,0.91,-36.80,3.66,-11.60,49.34,26.04,-41.83,1
x,2022-10-11 12:11:37.363832,-0.07,0.38,0.91,-24.90,0.67,-7.08,49.34,26.04,-41.83,1
x,2022-10-11 12:11:37.382030,-0.06,0.33,0.86,-3.42,-4.82,12.94,49.34,26.04,-41.83,1
x,2022-10-11 12:11:37.400673,-0.02,0.31,0.76,-2.44,-9.28,15.63,49.44,24.82,-39.06,1
x,2022-10-11 12:11:37.419761,0.00,0.44,0.73,-27.59,-16.24,1.83,49.44,24.82,-39.06,1
x,2022-10-11 12:11:37.439794,-0.05,0.55,0.76,-86.73,-26.49,-43.95,50.81,23.06,-38.32,1
x,2022-10-11 12:11:37.457384,-0.23,0.84,1.12,5.37,-6.71,-6.47,50.81,23.06,-38.32,1
x,2022-10-11 12:11:37.476740,-0.19,0.47,0.90,123.47,-0.98,49.07,50.81,23.06,-38.32,1
x,2022-10-11 12:11:37.496258,-0.19,0.33,0.85,73.91,-1.34,9.52,50.77,22.17,-38.09,1
x,2022-10-11 12:11:37.515032,-0.07,0.23,0.87,11.66,-2.20,-37.41,50.77,22.17,-38.09,1
x,2022-10-11 12:11:37.532565,-0.07,0.12,0.80,-6.41,-6.59,-30.09,50.77,22.17,-38.09,1
x,2022-10-11 12:11:37.552063,-0.07,0.15,0.75,-35.28,-10.25,-38.09,52.08,21.17,-37.59,1
x,2022-10-11 12:11:37.571123,-0.10,0.25,0.74,-55.11,-22.28,-35.28,52.08,21.17,-37.59,1
x,2022-10-11 12:11:37.590735,-0.07,0.29,0.77,-43.03,-33.08,-31.01,54.49,20.58,-37.40,1
x,2022-10-11 12:11:37.609042,-0.09,0.25,0.75,-32.41,-36.13,-17.03,54.49,20.58,-37.40,1
x,2022-10-11 12:11:37.627359,-0.07,0.24,0.77,-19.84,-39.06,-3.17,54.49,20.58,-37.40,1
x,2022-10-11 12:11:37.645523,-0.08,0.23,0.80,-5.07,-41.14,21.06,54.31,18.19,-41.38,1
x,2022-10-11 12:11:37.663638,-0.12,0.41,0.95,-9.16,-40.16,28.56,54.31,18.19,-41.38,1
x,2022-10-11 12:11:37.684120,-0.14,0.47,0.98,-4.15,-35.64,29.66,53.06,15.71,-47.97,1
x,2022-10-11 12:11:37.703756,-0.15,0.41,0.94,20.63,-32.23,39.86,53.06,15.71,-47.97,1
x,2022-10-11 12:11:37.721338,-0.15,0.34,0.91,29.91,-32.29,48.65,53.06,15.71,-47.97,1
x,2022-10-11 12:11:37.739717,-0.19,0.34,0.92,25.51,-31.13,53.04,49.32,14.33,-54.58,1
x,2022-10-11 12:11:37.758643,-0.24,0.45,0.94,18.68,-29.66,53.53,49.32,14.33,-54.58,1
x,2022-10-11 12:11:37.775757,-0.33,0.54,1.03,1.46,-15.99,16.24,49.32,14.33,-54.58,1
x,2022-10-11 12:11:37.795050,-0.30,0.75,1.06,-15.32,2.87,-15.20,45.37,14.26,-59.00,1
x,2022-10-11 12:11:37.813400,-0.23,0.51,0.96,25.51,-0.12,-4.33,45.37,14.26,-59.00,1
x,2022-10-11 12:11:37.832841,-0.25,0.50,0.96,48.95,-4.27,7.45,45.37,14.26,-59.00,1
x,2022-10-11 12:11:37.851487,-0.41,0.56,1.16,30.88,33.51,-20.75,45.79,15.41,-58.83,1
x,2022-10-11 12:11:37.870664,-0.28,0.65,1.01,27.16,52.92,-52.86,45.79,15.41,-58.83,1
x,2022-10-11 12:11:37.890248,-0.22,0.45,0.90,27.16,51.33,-55.66,50.92,17.37,-55.19,1
x,2022-10-11 12:11:37.908806,-0.17,0.30,0.84,-3.23,41.38,-60.55,50.92,17.37,-55.19,1
x,2022-10-11 12:11:37.926836,-0.12,0.28,0.86,-13.55,37.72,-58.90,50.92,17.37,-55.19,1
x,2022-10-11 12:11:37.946794,-0.09,0.24,0.80,-12.21,28.56,-54.50,56.14,18.07,-48.10,1
x,2022-10-11 12:11:37.965599,-0.06,0.09,0.76,2.87,18.31,-20.51,56.14,18.07,-48.10,1
x,2022-10-11 12:11:37.985171,-0.07,-0.07,0.67,49.56,-5.62,15.08,57.14,17.30,-45.52,1
x,2022-10-11 12:11:38.003730,-0.14,0.02,0.77,12.70,-9.03,13.00,57.14,17.30,-45.52,1
x,2022-10-11 12:11:38.022734,-0.11,0.23,0.84,-35.83,3.42,-12.08,57.14,17.30,-45.52,1
x,2022-10-11 12:11:38.042425,-0.04,0.00,0.74,20.87,-16.54,43.33,57.75,17.00,-45.37,1
x,2022-10-11 12:11:38.059886,-0.13,0.00,0.63,6.65,-31.25,61.58,57.75,17.00,-45.37,1
x,2022-10-11 12:11:38.078230,-0.15,0.29,0.77,-35.64,-37.11,52.92,57.75,17.00,-45.37,1
x,2022-10-11 12:11:38.097158,-0.23,0.50,0.89,-35.34,-45.59,54.26,53.17,15.59,-50.05,1
x,2022-10-11 12:11:38.115919,-0.31,0.64,0.89,-29.97,-45.04,19.53,53.17,15.59,-50.05,1
x,2022-10-11 12:11:38.134933,-0.31,0.66,0.98,-30.46,-39.06,-1.89,49.76,13.65,-56.41,1
x,2022-10-11 12:11:38.154478,-0.29,0.65,0.92,-30.88,-32.23,-14.34,49.76,13.65,-56.41,1
x,2022-10-11 12:11:38.173963,-0.29,0.60,0.93,-18.19,-31.49,-27.59,49.76,13.65,-56.41,1
x,2022-10-11 12:11:38.192966,-0.29,0.60,0.95,-14.89,-24.90,-40.65,49.48,12.17,-59.30,1
x,2022-10-11 12:11:38.212808,-0.26,0.54,0.99,-12.39,-15.08,-53.10,49.48,12.17,-59.30,1
x,2022-10-11 12:11:38.232079,-0.21,0.40,0.94,-4.15,-0.18,-47.42,49.48,12.17,-59.30,1
x,2022-10-11 12:11:38.250719,-0.19,0.31,0.92,-4.27,4.03,-35.46,52.33,10.88,-58.80,1
x,2022-10-11 12:11:38.269257,-0.17,0.26,0.96,-5.31,7.32,-18.43,52.33,10.88,-58.80,1
x,2022-10-11 12:11:38.288684,-0.21,0.35,0.95,-19.41,16.72,-1.22,54.75,10.24,-57.51,1
x,2022-10-11 12:11:38.307838,-0.72,0.36,1.15,-55.91,27.59,-14.83,54.75,10.24,-57.51,1
x,2022-10-11 12:11:38.325515,-0.49,0.58,1.12,38.94,43.40,34.36,54.75,10.24,-57.51,1
x,2022-10-11 12:11:38.344864,-0.25,0.46,0.95,99.06,48.34,63.78,54.41,13.68,-54.27,1
x,2022-10-11 12:11:38.362674,-0.17,0.46,0.95,67.38,46.51,23.56,54.41,13.68,-54.27,1
x,2022-10-11 12:11:38.380367,-0.11,0.42,0.84,39.43,45.10,5.43,54.41,13.68,-54.27,1
x,2022-10-11 12:11:38.400556,-0.09,0.44,0.79,23.44,44.25,-10.38,53.87,18.42,-51.66,1
x,2022-10-11 12:11:38.417545,0.03,0.43,0.72,12.08,34.06,-24.48,53.87,18.42,-51.66,1
x,2022-10-11 12:11:38.436871,-0.01,0.48,0.72,1.28,19.35,-37.41,56.65,21.98,-48.91,1
x,2022-10-11 12:11:38.456594,0.06,0.44,0.73,1.40,9.89,-44.80,56.65,21.98,-48.91,1
x,2022-10-11 12:11:38.474182,0.07,0.44,0.74,-9.34,2.08,-51.57,56.65,21.98,-48.91,1
x,2022-10-11 12:11:38.494497,0.01,0.41,0.79,14.71,-5.62,-38.64,61.27,21.19,-47.16,1
x,2022-10-11 12:11:38.511674,0.02,0.31,0.81,16.66,-7.57,-38.88,61.27,21.19,-47.16,1
x,2022-10-11 12:11:38.530056,0.00,0.26,0.84,18.25,-7.08,-39.73,61.27,21.19,-47.16,1
x,2022-10-11 12:11:38.549287,-0.07,0.20,0.91,28.14,-4.27,-27.34,66.85,20.89,-48.14,1
x,2022-10-11 12:11:38.568657,-0.07,0.13,0.92,12.39,-4.58,-15.69,66.85,20.89,-48.14,1
x,2022-10-11 12:11:38.588263,-0.08,0.11,0.95,-0.24,-2.32,-10.01,72.29,18.80,-49.98,1
x,2022-10-11 12:11:38.605329,-0.09,0.15,0.95,-0.31,-4.58,0.92,72.29,18.80,-49.98,1
x,2022-10-11 12:11:38.624470,-0.16,0.19,1.09,-13.61,-2.08,-2.75,72.29,18.80,-49.98,1
x,2022-10-11 12:11:38.643504,-0.05,0.28,1.03,-1.65,7.93,2.99,74.43,16.77,-49.79,1
x,2022-10-11 12:11:38.661785,0.01,0.22,0.98,2.01,10.74,8.48,74.43,16.77,-49.79,1
x,2022-10-11 12:11:38.679964,-0.03,0.20,0.91,-4.70,9.28,15.01,74.43,16.77,-49.79,1
x,2022-10-11 12:11:38.698238,-0.08,0.19,0.84,-15.87,6.41,17.46,74.58,15.49,-48.83,1
x,2022-10-11 12:11:38.716651,0.03,0.34,0.80,-6.53,0.92,22.58,74.58,15.49,-48.83,1
x,2022-10-11 12:11:38.736863,0.03,0.36,0.78,-4.27,-4.15,14.83,73.95,13.64,-47.22,1
x,2022-10-11 12:11:38.754763,0.02,0.36,0.81,-24.66,-10.99,-1.40,73.95,13.64,-47.22,1
x,2022-10-11 12:11:38.773363,-0.13,0.34,0.91,-16.97,-16.78,6.16,73.95,13.64,-47.22,1
x,2022-10-11 12:11:38.791703,-0.10,0.43,0.87,-12.57,-13.12,14.34,74.55,9.68,-46.13,1
x,2022-10-11 12:11:38.810041,-0.10,0.56,0.88,-18.68,-11.84,6.71,74.55,9.68,-46.13,1
x,2022-10-11 12:11:38.828483,-0.12,0.63,0.87,-21.91,-11.23,-10.50,74.55,9.68,-46.13,1
x,2022-10-11 12:11:38.846685,-0.45,0.64,1.21,0.98,-6.90,-19.10,77.37,5.65,-45.17,1
x,2022-10-11 12:11:38.866148,-0.15,0.29,0.93,128.42,6.16,36.07,77.37,5.65,-45.17,1
x,2022-10-11 12:11:38.884467,-0.13,0.25,0.82,51.21,15.50,-12.02,79.88,6.23,-48.97,1
x,2022-10-11 12:11:38.902967,-0.09,0.26,0.82,28.44,10.07,-24.84,79.88,6.23,-48.97,1
x,2022-10-11 12:11:38.921803,-0.12,0.14,0.75,23.32,-2.62,-22.64,79.88,6.23,-48.97,1
x,2022-10-11 12:11:38.941905,-0.11,0.16,0.78,-10.31,-5.55,-42.36,84.61,7.10,-49.50,1
x,2022-10-11 12:11:38.959886,-0.10,0.19,0.79,-34.24,-13.43,-45.59,84.61,7.10,-49.50,1
x,2022-10-11 12:11:38.978013,-0.09,0.15,0.77,-42.54,-23.13,-45.78,84.61,7.10,-49.50,1
x,2022-10-11 12:11:38.997702,-0.10,0.16,0.78,-47.42,-34.00,-29.05,87.57,8.68,-52.70,1
x,2022-10-11 12:11:39.017035,-0.09,0.16,0.79,-29.30,-38.82,-4.09,87.57,8.68,-52.70,1
x,2022-10-11 12:11:39.037818,-0.11,0.17,0.84,-5.13,-42.05,23.32,85.24,8.13,-58.76,1
x,2022-10-11 12:11:39.056108,-0.14,0.26,0.91,3.05,-39.00,36.74,85.24,8.13,-58.76,1
x,2022-10-11 12:11:39.075006,-0.16,0.32,1.01,-6.71,-32.84,34.30,85.24,8.13,-58.76,1
x,2022-10-11 12:11:39.093183,-0.18,0.43,1.09,-11.29,-24.66,32.65,79.33,7.26,-66.09,1
x,2022-10-11 12:11:39.111792,-0.21,0.55,1.20,-13.49,-9.03,18.31,79.33,7.26,-66.09,1
x,2022-10-11 12:11:39.130684,-0.21,0.65,1.14,-19.59,3.85,-6.10,79.33,7.26,-66.09,1
x,2022-10-11 12:11:39.149339,-0.17,0.54,1.00,5.80,-1.28,-4.52,77.04,5.96,-67.50,1
x,2022-10-11 12:11:39.168053,-0.19,0.40,0.96,30.58,-11.11,13.49,77.04,5.96,-67.50,1
x,2022-10-11 12:11:39.187508,-0.25,0.40,1.08,18.31,8.91,17.52,75.85,6.30,-68.03,1
x,2022-10-11 12:11:39.206767,-0.26,0.67,1.07,19.04,28.81,-2.26,75.85,6.30,-68.03,1
x,2022-10-11 12:11:39.224863,-0.25,0.72,1.04,23.56,41.26,-29.79,75.85,6.30,-68.03,1
x,2022-10-11 12:11:39.243487,-0.19,0.50,0.91,31.92,46.14,-59.27,82.08,7.73,-63.45,1
x,2022-10-11 12:11:39.261643,-0.12,0.32,0.86,27.34,40.34,-66.53,82.08,7.73,-63.45,1
x,2022-10-11 12:11:39.280991,-0.10,0.23,0.87,32.90,35.71,-54.26,91.96,11.06,-58.46,1
x,2022-10-11 12:11:39.298515,-0.09,0.15,0.82,38.82,30.70,-38.64,91.96,11.06,-58.46,1
x,2022-10-11 12:11:39.316954,-0.09,0.01,0.77,35.03,19.17,-16.66,91.96,11.06,-58.46,1
x,2022-10-11 12:11:39.335281,-0.06,-0.17,0.72,36.87,3.23,1.77,98.69,13.60,-56.12,1
x,2022-10-11 12:11:39.354598,-0.11,-0.15,0.76,30.40,-9.89,17.70,98.69,13.60,-56.12,1
x,2022-10-11 12:11:39.372923,-0.11,0.03,0.80,-32.10,0.00,-11.90,98.69,13.60,-56.12,1
x,2022-10-11 12:11:39.393574,-0.07,0.17,0.89,-72.51,10.99,-24.60,98.34,13.11,-54.66,1
x,2022-10-11 12:11:39.410688,-0.05,0.04,0.74,-0.92,-20.02,47.55,98.34,13.11,-54.66,1
x,2022-10-11 12:11:39.429122,-0.12,0.10,0.73,2.87,-41.32,68.97,98.34,13.11,-54.66,1
x,2022-10-11 12:11:39.448377,-0.15,0.31,0.84,-32.71,-43.88,44.98,92.98,9.13,-57.26,1
x,2022-10-11 12:11:39.466075,-0.18,0.40,0.79,-53.16,-41.08,23.01,92.98,9.13,-57.26,1
x,2022-10-11 12:11:39.484997,-0.19,0.50,0.83,-51.94,-40.89,2.99,86.19,6.42,-63.68,1
x,2022-10-11 12:11:39.504552,-0.20,0.58,0.89,-42.30,-44.80,-2.26,86.19,6.42,-63.68,1
x,2022-10-11 12:11:39.523114,-0.23,0.70,0.93,-17.33,-39.18,-15.63,86.19,6.42,-63.68,1
x,2022-10-11 12:11:39.543119,-0.23,0.56,0.91,-28.44,-38.33,-29.97,83.08,6.01,-70.28,1
x,2022-10-11 12:11:39.562403,-0.21,0.49,0.91,-35.64,-35.34,-41.26,83.08,6.01,-70.28,1
x,2022-10-11 12:11:39.582790,-0.21,0.46,0.94,-34.85,-25.21,-38.27,83.20,6.79,-73.91,1
x,2022-10-11 12:11:39.601231,-0.21,0.46,1.00,-34.18,-14.83,-30.03,83.20,6.79,-73.91,1
x,2022-10-11 12:11:39.619721,-0.20,0.41,1.01,-19.90,-6.04,-20.57,83.20,6.79,-73.91,1
x,2022-10-11 12:11:39.639068,-0.20,0.32,1.04,-12.02,1.83,-14.40,84.44,7.58,-77.31,1
x,2022-10-11 12:11:39.657548,-0.31,0.34,1.05,-21.97,12.63,-4.46,84.44,7.58,-77.31,1
x,2022-10-11 12:11:39.674901,-0.63,0.41,1.25,-15.63,24.35,0.24,84.44,7.58,-77.31,1
x,2022-10-11 12:11:39.693281,-0.55,0.49,1.22,51.64,45.72,35.52,84.08,8.37,-75.09,1
x,2022-10-11 12:11:39.711670,-0.31,0.53,1.02,90.39,61.89,52.06,84.08,8.37,-75.09,1
x,2022-10-11 12:11:39.731524,-0.21,0.52,0.95,71.47,57.56,19.84,80.96,15.41,-68.19,1
x,2022-10-11 12:11:39.749686,-0.08,0.56,0.86,57.43,51.64,3.91,80.96,15.41,-68.19,1
x,2022-10-11 12:11:39.767620,0.08,0.57,0.75,56.15,42.42,-11.54,0.00,0.00,ovf,1
x,2022-10-11 12:11:39.787384,0.04,0.48,0.72,23.07,31.13,-37.60,80.10,21.50,-63.35,1
x,2022-10-11 12:11:39.806259,0.02,0.35,0.74,12.51,16.36,-44.31,80.10,21.50,-63.35,1
x,2022-10-11 12:11:39.824385,0.06,0.38,0.72,15.20,10.99,-36.38,80.10,21.50,-63.35,1
x,2022-10-11 12:11:39.844137,0.06,0.35,0.75,8.42,5.07,-38.02,83.62,25.54,-59.30,1
x,2022-10-11 12:11:39.862333,0.04,0.31,0.79,0.18,-0.98,-43.33,83.62,25.54,-59.30,1
x,2022-10-11 12:11:39.880656,-0.03,0.25,0.86,21.61,-4.64,-25.82,87.62,28.54,-60.39,1
x,2022-10-11 12:11:39.898749,-0.02,0.21,0.86,24.29,0.49,-19.23,87.62,28.54,-60.39,1
x,2022-10-11 12:11:39.918095,0.07,0.24,0.84,20.32,4.46,-14.71,87.62,28.54,-60.39,1
x,2022-10-11 12:11:39.937770,0.03,0.20,0.89,45.72,-0.73,9.09,91.66,29.46,-62.18,1
x,2022-10-11 12:11:39.955999,0.03,0.08,0.90,34.36,-3.48,10.68,91.66,29.46,-62.18,1
x,2022-10-11 12:11:39.974094,-0.10,0.07,0.99,8.00,-4.21,4.33,91.66,29.46,-62.18,1
x,2022-10-11 12:11:39.993433,-0.23,0.06,1.05,14.95,0.24,17.40,95.40,29.31,-63.37,1
x,2022-10-11 12:11:40.012786,-0.07,0.11,0.99,25.09,3.97,27.77,95.40,29.31,-63.37,1
x,2022-10-11 12:11:40.030871,-0.01,0.14,0.91,28.56,2.50,33.94,96.92,27.58,-64.86,1
x,2022-10-11 12:11:40.049227,-0.01,0.14,0.87,10.86,-1.22,7.63,96.92,27.58,-64.86,1
x,2022-10-11 12:11:40.068430,-0.04,0.14,0.96,-23.68,-6.47,6.59,96.92,27.58,-64.86,1
x,2022-10-11 12:11:40.086528,-0.05,0.23,0.95,-23.25,-2.50,14.34,97.94,24.40,-63.88,1
x,2022-10-11 12:11:40.104803,0.00,0.22,0.86,-17.64,2.20,23.01,97.94,24.40,-63.88,1
x,2022-10-11 12:11:40.124637,-0.01,0.26,0.83,-19.41,-2.93,23.68,97.94,24.40,-63.88,1
x,2022-10-11 12:11:40.142939,-0.03,0.37,0.81,-30.09,-8.85,3.05,99.23,20.20,-64.45,1
x,2022-10-11 12:11:40.161520,-0.10,0.41,0.98,-37.66,-8.67,-8.97,99.23,20.20,-64.45,1
x,2022-10-11 12:11:40.181893,-0.13,0.47,0.99,-37.90,-4.58,-11.47,104.08,16.36,-64.83,1
x,2022-10-11 12:11:40.199716,-0.08,0.49,0.87,-31.43,-3.05,-10.01,104.08,16.36,-64.83,1
x,2022-10-11 12:11:40.217757,-0.55,0.45,1.24,-10.01,-7.57,-10.74,104.08,16.36,-64.83,1
x,2022-10-11 12:11:40.236751,-0.10,0.49,0.97,111.27,0.18,34.85,108.07,16.02,-66.85,1
x,2022-10-11 12:11:40.254774,-0.12,0.18,0.90,92.77,11.17,29.48,108.07,16.02,-66.85,1
x,2022-10-11 12:11:40.274250,-0.11,0.24,0.86,12.70,12.57,-19.04,108.07,16.02,-66.85,1
x,2022-10-11 12:11:40.294129,-0.12,0.37,0.79,4.33,2.69,-20.81,110.36,18.16,-66.58,1
x,2022-10-11 12:11:40.312668,-0.10,0.37,0.77,-3.66,-4.58,-47.85,110.36,18.16,-66.58,1
x,2022-10-11 12:11:40.331706,-0.11,0.20,0.77,2.26,-21.61,-45.47,113.71,22.39,-70.75,1
x,2022-10-11 12:11:40.350245,-0.09,0.02,0.73,11.41,-25.45,-18.68,113.71,22.39,-70.75,1
x,2022-10-11 12:11:40.369350,-0.11,-0.03,0.79,16.66,-29.97,0.85,113.71,22.39,-70.75,1
x,2022-10-11 12:11:40.389628,-0.10,-0.07,0.74,19.10,-38.39,20.63,110.25,25.51,-80.46,1
x,2022-10-11 12:11:40.407678,-0.13,-0.02,0.80,4.21,-55.91,22.22,110.25,25.51,-80.46,1
x,2022-10-11 12:11:40.425699,-0.15,0.06,0.95,-11.29,-58.17,20.69,110.25,25.51,-80.46,1
x,2022-10-11 12:11:40.446211,-0.16,0.18,0.97,-16.24,-53.59,34.61,101.60,24.52,-90.30,1
x,2022-10-11 12:11:40.464660,-0.22,0.32,1.08,-7.14,-46.20,42.97,101.60,24.52,-90.30,1
x,2022-10-11 12:11:40.483049,-0.24,0.34,1.17,-5.62,-33.33,33.39,91.55,23.07,-99.30,1
x,2022-10-11 12:11:40.501322,-0.26,0.41,1.21,9.95,-17.64,34.97,91.55,23.07,-99.30,1
x,2022-10-11 12:11:40.518869,-0.30,0.48,1.22,6.77,-2.50,22.09,91.55,23.07,-99.30,1
x,2022-10-11 12:11:40.537260,-0.21,0.50,1.11,18.07,6.47,3.36,88.75,22.72,-98.91,1
x,2022-10-11 12:11:40.556871,-0.28,0.31,1.24,51.76,-4.15,19.65,88.75,22.72,-98.91,1
x,2022-10-11 12:11:40.574923,-0.32,0.46,1.23,43.03,24.35,15.26,88.75,22.72,-98.91,1
x,2022-10-11 12:11:40.593686,-0.28,0.46,1.20,39.00,50.72,-5.68,92.00,24.54,-98.51,1
x,2022-10-11 12:11:40.611150,-0.22,0.40,1.01,50.05,70.68,-30.21,92.00,24.54,-98.51,1
x,2022-10-11 12:11:40.630998,-0.15,0.22,0.93,50.35,67.63,-35.83,103.21,28.67,-90.66,1
x,2022-10-11 12:11:40.649765,-0.12,0.11,0.87,45.65,58.04,-35.10,103.21,28.67,-90.66,1
x,2022-10-11 12:11:40.668227,-0.11,-0.01,0.82,47.24,45.65,-30.58,103.21,28.67,-90.66,1
x,2022-10-11 12:11:40.688547,-0.09,-0.18,0.78,51.82,31.43,-15.26,111.98,31.77,-86.90,1
x,2022-10-11 12:11:40.706872,-0.09,-0.20,0.69,47.67,24.05,-2.75,111.98,31.77,-86.90,1
x,2022-10-11 12:11:40.726162,-0.09,-0.23,0.61,21.42,-4.58,5.98,111.98,31.77,-86.90,1
x,2022-10-11 12:11:40.745757,-0.12,-0.12,0.79,-30.70,-8.79,-3.05,115.61,31.54,-83.08,1
x,2022-10-11 12:11:40.763757,-0.11,-0.01,0.84,-73.61,8.61,-17.94,115.61,31.54,-83.08,1
x,2022-10-11 12:11:40.782742,-0.04,-0.00,0.54,-90.94,7.02,-16.36,114.72,28.58,-82.07,1
x,2022-10-11 12:11:40.800844,-0.06,-0.15,0.66,-28.32,-66.16,52.00,114.72,28.58,-82.07,1
x,2022-10-11 12:11:40.819223,-0.17,0.16,0.79,-49.99,-66.83,40.16,114.72,28.58,-82.07,1
x,2022-10-11 12:11:40.837668,-0.19,0.32,0.93,-62.81,-60.30,23.80,105.31,24.08,-88.64,1
x,2022-10-11 12:11:40.856465,-0.20,0.37,0.86,-56.27,-52.98,7.69,105.31,24.08,-88.64,1
x,2022-10-11 12:11:40.874829,-0.19,0.32,0.91,-32.78,-50.66,5.13,105.31,24.08,-88.64,1
x,2022-10-11 12:11:40.893248,-0.24,0.36,0.97,-25.15,-46.94,9.83,95.65,22.30,-95.92,1
x,2022-10-11 12:11:40.912787,-0.28,0.46,1.02,-28.81,-38.88,2.69,95.65,22.30,-95.92,1
x,2022-10-11 12:11:40.932234,-0.28,0.52,1.04,-34.97,-27.89,-18.55,89.03,23.12,-101.83,1
x,2022-10-11 12:11:40.949792,-0.28,0.51,1.08,-34.85,-16.05,-52.86,89.03,23.12,-101.83,1
x,2022-10-11 12:11:40.968188,-0.25,0.48,1.08,-32.41,-6.41,-64.21,89.03,23.12,-101.83,1
x,2022-10-11 12:11:40.986899,-0.24,0.39,1.06,-29.91,1.95,-62.07,86.84,25.45,-105.86,1
x,2022-10-11 12:11:41.005719,-0.23,0.28,1.03,-29.79,13.43,-49.01,86.84,25.45,-105.86,1
x,2022-10-11 12:11:41.024578,-0.40,0.21,1.13,-24.41,23.74,-14.22,86.84,25.45,-105.86,1
x,2022-10-11 12:11:41.043474,-0.47,0.24,1.13,66.47,31.92,44.92,88.28,25.54,-103.54,1
x,2022-10-11 12:11:41.062266,-0.34,0.21,1.07,109.92,38.27,78.00,88.28,25.54,-103.54,1
x,2022-10-11 12:11:41.082668,-0.31,0.24,1.02,83.98,47.30,47.97,88.54,29.80,-99.23,1
x,2022-10-11 12:11:41.100993,-0.23,0.23,0.96,71.78,47.36,24.66,88.54,29.80,-99.23,1
x,2022-10-11 12:11:41.118268,-0.08,0.24,0.86,40.10,46.33,4.70,88.54,29.80,-99.23,1
x,2022-10-11 12:11:41.137654,-0.05,0.25,0.88,18.49,40.71,-10.07,90.25,33.00,-89.53,1
x,2022-10-11 12:11:41.155584,-0.00,0.32,0.81,3.36,31.25,-18.25,90.25,33.00,-89.53,1
x,2022-10-11 12:11:41.174586,0.02,0.42,0.80,7.39,24.78,-27.04,90.25,33.00,-89.53,1
x,2022-10-11 12:11:41.192754,0.10,0.34,0.78,-0.73,17.64,-43.82,92.02,35.03,-82.89,1
x,2022-10-11 12:11:41.211139,0.10,0.30,0.82,-24.29,14.34,-71.72,92.02,35.03,-82.89,1
x,2022-10-11 12:11:41.230302,0.14,0.31,0.83,3.48,-0.55,-51.15,96.39,37.13,-83.13,1
x,2022-10-11 12:11:41.247652,0.15,0.08,0.84,18.19,-10.38,-40.28,96.39,37.13,-83.13,1
x,2022-10-11 12:11:41.266444,-0.07,-0.08,1.03,-1.59,-13.49,-34.48,96.39,37.13,-83.13,1
x,2022-10-11 12:11:41.285713,-0.29,-0.03,1.17,-6.47,-4.39,-14.95,101.45,38.18,-85.73,1
x,2022-10-11 12:11:41.303683,-0.19,-0.00,1.14,1.46,20.94,-3.05,101.45,38.18,-85.73,1
x,2022-10-11 12:11:41.322603,-0.04,-0.03,0.99,-0.98,14.77,-2.38,101.45,38.18,-85.73,1
x,2022-10-11 12:11:41.341699,0.00,-0.03,0.95,2.20,2.44,8.00,105.99,37.49,-84.80,1
x,2022-10-11 12:11:41.359916,-0.06,-0.00,0.94,0.73,-4.94,20.57,105.99,37.49,-84.80,1
x,2022-10-11 12:11:41.378276,-0.10,0.11,0.93,-5.00,-3.23,26.86,108.42,33.98,-83.01,1
x,2022-10-11 12:11:41.396629,-0.08,0.21,0.87,-8.54,-0.37,14.40,108.42,33.98,-83.01,1
x,2022-10-11 12:11:41.416085,-0.12,0.17,0.86,-28.87,0.12,-4.52,108.42,33.98,-83.01,1
x,2022-10-11 12:11:41.436085,-0.03,0.13,0.81,-2.32,-8.30,5.74,111.15,30.97,-83.42,1
x,2022-10-11 12:11:41.453671,-0.10,0.14,0.88,0.31,-15.01,20.20,111.15,30.97,-83.42,1
x,2022-10-11 12:11:41.472044,-0.14,0.28,0.91,-1.46,-15.14,16.24,111.15,30.97,-83.42,1
x,2022-10-11 12:11:41.490974,-0.17,0.29,0.96,-6.10,-10.56,0.85,111.34,28.26,-86.02,1
x,2022-10-11 12:11:41.510581,-0.20,0.25,1.02,-13.06,-4.76,-10.01,111.34,28.26,-86.02,1
x,2022-10-11 12:11:41.530020,-0.15,0.25,1.01,-7.81,-0.24,-4.39,112.27,26.97,-87.51,1
x,2022-10-11 12:11:41.548534,-0.10,0.27,0.98,-5.43,2.38,0.31,112.27,26.97,-87.51,1
x,2022-10-11 12:11:41.566855,-0.05,0.25,0.91,3.72,-3.85,2.75,112.27,26.97,-87.51,1
x,2022-10-11 12:11:41.586312,-0.04,0.20,0.88,2.93,-5.13,2.01,112.38,26.26,-89.79,1
x,2022-10-11 12:11:41.605679,-0.07,0.16,0.90,-9.89,-3.91,-3.36,112.38,26.26,-89.79,1
x,2022-10-11 12:11:41.624497,-0.07,0.22,0.92,-13.61,-2.87,-3.66,112.38,26.26,-89.79,1
x,2022-10-11 12:11:41.643402,-0.07,0.21,0.94,-5.74,-6.04,0.92,113.22,24.21,-90.83,1
x,2022-10-11 12:11:41.661596,-0.03,0.25,0.92,-11.41,-6.41,0.31,113.22,24.21,-90.83,1
x,2022-10-11 12:11:41.681623,-0.43,0.25,1.26,-15.81,-8.42,-7.87,114.71,22.30,-93.92,1
x,2022-10-11 12:11:41.700269,-0.11,0.28,1.02,40.53,2.14,14.59,114.71,22.30,-93.92,1
x,2022-10-11 12:11:41.717688,-0.12,0.28,0.95,23.86,9.95,7.69,114.71,22.30,-93.92,1
x,2022-10-11 12:11:41.736233,-0.11,0.38,0.96,5.07,14.47,-11.41,117.79,22.16,-93.07,1
x,2022-10-11 12:11:41.754594,-0.11,0.39,0.89,4.33,15.26,-26.86,117.79,22.16,-93.07,1
x,2022-10-11 12:11:41.772546,-0.09,0.34,0.80,-4.21,7.32,-50.23,117.79,22.16,-93.07,1
x,2022-10-11 12:11:41.791311,-0.10,0.20,0.75,2.50,-5.62,-41.56,122.53,25.23,-91.67,1
x,2022-10-11 12:11:41.810486,-0.10,0.09,0.77,7.02,-16.24,-28.99,122.53,25.23,-91.67,1
x,2022-10-11 12:11:41.828930,-0.12,-0.01,0.74,5.49,-22.71,-18.31,122.83,28.91,-94.81,1
x,2022-10-11 12:11:41.848325,-0.12,-0.09,0.70,9.52,-32.71,1.83,122.83,28.91,-94.81,1
x,2022-10-11 12:11:41.866680,-0.12,-0.15,0.75,11.66,-47.18,11.90,122.83,28.91,-94.81,1
x,2022-10-11 12:11:41.888436,-0.13,-0.05,0.88,4.15,-57.68,15.20,112.67,29.35,-105.97,1
x,2022-10-11 12:11:41.905908,-0.16,0.10,1.04,-3.60,-54.32,21.06,112.67,29.35,-105.97,1
x,2022-10-11 12:11:41.924285,-0.19,0.18,1.06,-1.10,-48.16,29.30,112.67,29.35,-105.97,1
x,2022-10-11 12:11:41.943402,-0.20,0.26,1.08,5.13,-41.87,35.46,96.01,28.26,-115.83,1
x,2022-10-11 12:11:41.962720,-0.23,0.27,1.09,15.08,-33.39,19.04,96.01,28.26,-115.83,1
x,2022-10-11 12:11:41.981813,-0.25,0.35,1.16,5.49,-15.87,16.54,84.41,29.83,-120.63,1
x,2022-10-11 12:11:42.000341,-0.26,0.44,1.17,-1.95,-6.04,2.38,84.41,29.83,-120.63,1
x,2022-10-11 12:11:42.018355,-0.23,0.51,1.12,-7.75,2.01,-11.47,84.41,29.83,-120.63,1
x,2022-10-11 12:11:42.038464,-0.21,0.35,1.09,37.11,-6.65,11.96,82.86,30.46,-120.56,1
x,2022-10-11 12:11:42.057220,-0.30,0.43,1.17,14.53,17.64,-3.60,82.86,30.46,-120.56,1
x,2022-10-11 12:11:42.074509,-0.24,0.43,1.13,8.61,41.32,-27.77,82.86,30.46,-120.56,1
x,2022-10-11 12:11:42.093734,-0.20,0.34,1.04,17.82,50.60,-39.98,91.16,31.42,-117.61,1
x,2022-10-11 12:11:42.112015,-0.16,0.23,0.93,17.09,49.56,-44.86,91.16,31.42,-117.61,1
x,2022-10-11 12:11:42.131933,-0.13,0.21,0.91,15.20,42.11,-44.86,106.85,34.66,-111.12,1
x,2022-10-11 12:11:42.149752,-0.14,0.16,0.91,19.59,36.13,-40.53,106.85,34.66,-111.12,1
x,2022-10-11 12:11:42.167436,-0.13,0.09,0.87,28.32,33.45,-35.22,106.85,34.66,-111.12,1
x,2022-10-11 12:11:42.187315,-0.13,-0.05,0.77,33.69,24.90,-24.48,119.07,39.53,-105.82,1
x,2022-10-11 12:11:42.206644,-0.13,-0.26,0.70,25.82,11.78,-6.59,119.07,39.53,-105.82,1
x,2022-10-11 12:11:42.224870,-0.12,-0.25,0.73,28.38,-6.90,12.63,119.07,39.53,-105.82,1
x,2022-10-11 12:11:42.243767,-0.15,-0.09,0.81,-39.67,1.65,-9.22,122.96,41.32,-103.74,1
x,2022-10-11 12:11:42.261928,-0.12,-0.02,0.78,-65.80,8.30,-9.52,122.96,41.32,-103.74,1
x,2022-10-11 12:11:42.280295,-0.10,-0.16,0.71,-5.13,-26.43,43.52,120.43,35.88,-105.21,1
x,2022-10-11 12:11:42.299526,-0.14,-0.13,0.71,-18.25,-52.49,56.21,120.43,35.88,-105.21,1
x,2022-10-11 12:11:42.318138,-0.16,0.24,0.89,-49.56,-53.89,46.63,120.43,35.88,-105.21,1
x,2022-10-11 12:11:42.336826,-0.19,0.37,0.91,-40.59,-52.43,33.69,105.63,29.10,-113.20,1
x,2022-10-11 12:11:42.356625,-0.21,0.45,0.90,-41.26,-48.03,8.30,105.63,29.10,-113.20,1
x,2022-10-11 12:11:42.375142,-0.22,0.46,0.96,-37.48,-41.81,-19.71,105.63,29.10,-113.20,1
x,2022-10-11 12:11:42.394756,-0.24,0.51,0.98,-23.56,-37.35,-22.71,92.55,26.26,-118.87,1
x,2022-10-11 12:11:42.411774,-0.25,0.48,1.00,-12.76,-31.13,-27.40,92.55,26.26,-118.87,1
x,2022-10-11 12:11:42.431903,-0.25,0.43,1.03,-6.96,-21.67,-33.69,84.79,26.73,-123.33,1
x,2022-10-11 12:11:42.449731,-0.25,0.33,1.05,-4.94,-7.81,-41.99,84.79,26.73,-123.33,1
x,2022-10-11 12:11:42.468152,-0.25,0.23,1.07,-8.61,0.37,-43.58,84.79,26.73,-123.33,1
x,2022-10-11 12:11:42.489177,-0.24,0.16,1.07,-11.96,7.51,-37.11,84.03,27.17,-123.84,1
x,2022-10-11 12:11:42.506736,-0.24,0.06,1.02,-32.90,14.40,-17.76,84.03,27.17,-123.84,1
x,2022-10-11 12:11:42.524855,-0.49,0.12,1.10,-38.15,17.03,-15.26,84.03,27.17,-123.84,1
x,2022-10-11 12:11:42.542912,-0.48,0.29,1.15,7.02,25.76,13.61,86.23,26.32,-122.56,1
x,2022-10-11 12:11:42.561562,-0.39,0.38,1.07,45.47,38.70,32.04,86.23,26.32,-122.56,1
x,2022-10-11 12:11:42.582151,-0.25,0.45,0.99,46.81,44.86,-4.27,91.04,31.14,-115.97,1
x,2022-10-11 12:11:42.600733,-0.15,0.41,0.96,36.25,39.67,-26.37,91.04,31.14,-115.97,1
x,2022-10-11 12:11:42.618971,-0.05,0.40,0.88,16.66,36.07,-36.99,91.04,31.14,-115.97,1
x,2022-10-11 12:11:42.637971,-0.08,0.38,0.88,1.77,29.79,-46.02,98.41,38.66,-106.43,1
x,2022-10-11 12:11:42.655696,-0.07,0.37,0.79,11.90,21.97,-40.47,98.41,38.66,-106.43,1
x,2022-10-11 12:11:42.674017,-0.03,0.30,0.82,14.47,15.93,-42.91,98.41,38.66,-106.43,1
x,2022-10-11 12:11:42.693866,-0.03,0.20,0.84,15.26,12.27,-40.41,103.03,45.14,-97.75,1
x,2022-10-11 12:11:42.711562,0.08,0.18,0.79,0.55,9.40,-37.23,103.03,45.14,-97.75,1
x,2022-10-11 12:11:42.732464,-0.01,0.24,0.87,13.85,1.10,-21.24,106.15,50.38,-94.42,1
x,2022-10-11 12:11:42.750805,0.05,0.21,0.87,14.40,-0.06,-15.38,106.15,50.38,-94.42,1
x,2022-10-11 12:11:42.768122,0.03,0.17,0.88,9.52,0.61,-14.65,106.15,50.38,-94.42,1
x,2022-10-11 12:11:42.788724,-0.09,0.13,0.91,29.17,-1.40,4.58,108.87,53.17,-94.49,1
x,2022-10-11 12:11:42.806270,-0.03,-0.02,0.91,24.35,2.87,7.87,108.87,53.17,-94.49,1
x,2022-10-11 12:11:42.825565,0.02,0.01,0.91,14.89,0.67,11.05,112.67,54.68,-94.53,1
x,2022-10-11 12:11:42.844091,-0.14,-0.02,1.07,-6.53,-4.21,9.52,112.67,54.68,-94.53,1
x,2022-10-11 12:11:42.862471,-0.17,0.21,1.06,-20.39,8.67,5.37,112.67,54.68,-94.53,1
x,2022-10-11 12:11:42.882018,-0.07,0.12,0.98,5.00,6.90,16.66,115.86,51.66,-97.00,1
x,2022-10-11 12:11:42.900361,-0.01,0.05,0.93,5.37,-2.69,23.68,115.86,51.66,-97.00,1
x,2022-10-11 12:11:42.918992,-0.08,-0.01,0.98,9.77,-6.16,45.17,115.86,51.66,-97.00,1
x,2022-10-11 12:11:42.938485,-0.05,0.10,0.88,32.10,-7.20,59.63,118.09,48.54,-97.66,1
x,2022-10-11 12:11:42.956992,-0.07,0.11,0.84,22.28,-9.89,44.37,118.09,48.54,-97.66,1
x,2022-10-11 12:11:42.976311,-0.12,0.14,0.94,-15.26,-12.02,15.87,118.63,43.77,-100.49,1
x,2022-10-11 12:11:42.995511,-0.13,0.19,0.99,-15.01,-12.82,14.10,118.63,43.77,-100.49,1
x,2022-10-11 12:11:43.013607,-0.17,0.21,0.99,-4.21,-13.61,23.68,118.63,43.77,-100.49,1
x,2022-10-11 12:11:43.032186,-0.09,0.27,0.94,7.69,-12.02,27.47,118.80,38.94,-105.03,1
x,2022-10-11 12:11:43.051001,-0.10,0.29,0.96,-10.93,-9.89,7.69,118.80,38.94,-105.03,1
x,2022-10-11 12:11:43.068278,-0.18,0.23,0.98,-18.25,-5.19,-6.29,118.80,38.94,-105.03,1
x,2022-10-11 12:11:43.088411,-0.17,0.25,0.99,-26.06,-3.60,-10.19,120.68,34.05,-107.43,1
x,2022-10-11 12:11:43.107524,-0.55,0.37,0.91,-19.35,-5.86,-5.92,120.68,34.05,-107.43,1
x,2022-10-11 12:11:43.127228,-0.16,0.42,0.96,41.38,2.50,10.38,123.85,33.58,-107.93,1
x,2022-10-11 12:11:43.145069,-0.13,0.21,0.91,45.41,11.78,12.51,123.85,33.58,-107.93,1
x,2022-10-11 12:11:43.164073,-0.13,0.29,0.86,12.88,14.53,-16.48,123.85,33.58,-107.93,1
x,2022-10-11 12:11:43.182655,-0.13,0.28,0.86,-2.20,8.97,-37.29,128.36,37.08,-105.48,1
x,2022-10-11 12:11:43.200597,-0.11,0.23,0.82,-0.61,2.50,-33.33,128.36,37.08,-105.48,1
x,2022-10-11 12:11:43.220919,-0.15,0.18,0.82,13.24,-3.54,-25.39,128.36,37.08,-105.48,1
x,2022-10-11 12:11:43.240394,-0.14,0.14,0.75,27.47,-6.59,-21.24,131.26,41.27,-105.24,1
x,2022-10-11 12:11:43.258335,-0.15,0.05,0.74,14.34,-17.88,-26.06,131.26,41.27,-105.24,1
x,2022-10-11 12:11:43.278023,-0.15,0.05,0.72,-4.82,-26.25,-32.10,129.35,43.93,-109.19,1
x,2022-10-11 12:11:43.296866,-0.16,0.04,0.77,-15.56,-37.48,-31.13,129.35,43.93,-109.19,1
x,2022-10-11 12:11:43.317086,-0.20,0.03,0.96,-4.52,-46.02,-10.50,129.35,43.93,-109.19,1
x,2022-10-11 12:11:43.335552,-0.20,0.01,0.96,3.11,-41.08,6.84,120.25,42.98,-118.27,1
x,2022-10-11 12:11:43.354149,-0.22,0.03,1.02,2.32,-37.84,17.58,120.25,42.98,-118.27,1
x,2022-10-11 12:11:43.373392,-0.22,0.03,1.03,2.44,-33.87,27.22,120.25,42.98,-118.27,1
x,2022-10-11 12:11:43.392454,-0.23,0.04,1.04,4.82,-32.23,31.49,107.80,39.37,-123.94,1
x,2022-10-11 12:11:43.410634,-0.24,0.18,1.09,9.89,-29.48,38.33,107.80,39.37,-123.94,1
x,2022-10-11 12:11:43.429529,-0.25,0.30,1.12,6.29,-19.47,30.58,97.14,36.22,-128.83,1
x,2022-10-11 12:11:43.448064,-0.24,0.34,1.06,3.17,-5.37,14.53,97.14,36.22,-128.83,1
x,2022-10-11 12:11:43.465847,-0.24,0.39,1.06,2.32,-4.46,4.39,97.14,36.22,-128.83,1
x,2022-10-11 12:11:43.485484,-0.23,0.41,1.02,4.15,-1.83,-4.09,93.90,35.39,-129.35,1
x,2022-10-11 12:11:43.504562,-0.24,0.33,1.05,48.65,-3.72,18.37,93.90,35.39,-129.35,1
x,2022-10-11 12:11:43.523268,-0.30,0.35,1.16,33.33,23.56,5.98,93.90,35.39,-129.35,1
x,2022-10-11 12:11:43.541288,-0.22,0.36,1.06,24.96,50.78,-23.38,98.78,39.37,-128.77,1
x,2022-10-11 12:11:43.559727,-0.17,0.22,0.95,35.28,51.45,-35.64,98.78,39.37,-128.77,1
x,2022-10-11 12:11:43.580089,-0.18,0.08,0.95,27.04,39.43,-49.80,113.51,47.42,-122.03,1
x,2022-10-11 12:11:43.598320,-0.17,0.07,0.94,7.20,37.78,-53.28,113.51,47.42,-122.03,1
x,2022-10-11 12:11:43.617217,-0.17,0.03,0.91,8.24,33.26,-43.15,113.51,47.42,-122.03,1
x,2022-10-11 12:11:43.636691,-0.18,-0.07,0.89,15.50,25.94,-21.48,126.64,55.33,-115.88,1
x,2022-10-11 12:11:43.656689,-0.17,-0.18,0.76,-0.31,23.50,-16.36,126.64,55.33,-115.88,1
x,2022-10-11 12:11:43.676727,-0.16,-0.11,0.78,-12.15,13.43,-9.58,133.51,57.75,-111.68,1
x,2022-10-11 12:11:43.694957,-0.15,-0.04,0.84,-4.27,-4.88,-5.37,133.51,57.75,-111.68,1
x,2022-10-11 12:11:43.712736,-0.15,0.01,0.89,-28.63,-1.34,-11.72,133.51,57.75,-111.68,1
x,2022-10-11 12:11:43.733130,-0.17,0.03,0.84,-45.10,0.61,-12.51,132.85,55.99,-111.77,1
x,2022-10-11 12:11:43.751190,-0.18,-0.13,0.81,16.48,-32.78,49.19,132.85,55.99,-111.77,1
x,2022-10-11 12:11:43.768189,-0.16,0.05,0.78,2.99,-38.82,50.54,132.85,55.99,-111.77,1
x,2022-10-11 12:11:43.787478,-0.14,0.20,0.87,-14.34,-42.72,35.03,123.33,49.55,-117.54,1
x,2022-10-11 12:11:43.807361,-0.18,0.26,0.93,-31.92,-41.44,3.48,123.33,49.55,-117.54,1
x,2022-10-11 12:11:43.827562,-0.19,0.23,0.90,-29.42,-43.76,0.49,112.70,43.88,-123.84,1
x,2022-10-11 12:11:43.844773,-0.20,0.35,0.92,-28.69,-45.23,-1.95,112.70,43.88,-123.84,1
x,2022-10-11 12:11:43.862535,-0.22,0.39,0.95,-32.78,-40.47,-16.91,112.70,43.88,-123.84,1
x,2022-10-11 12:11:43.881814,-0.23,0.33,0.96,-27.89,-36.44,-24.05,102.23,39.51,-128.27,1
x,2022-10-11 12:11:43.899637,-0.25,0.34,0.98,-18.62,-30.03,-30.33,102.23,39.51,-128.27,1
x,2022-10-11 12:11:43.918201,-0.22,0.38,0.96,-14.77,-24.84,-47.85,102.23,39.51,-128.27,1
x,2022-10-11 12:11:43.937496,-0.26,0.33,1.02,-25.70,-20.39,-68.60,97.78,39.39,-131.29,1
x,2022-10-11 12:11:43.956187,-0.34,0.17,1.12,-22.64,-11.84,-65.25,97.78,39.39,-131.29,1
x,2022-10-11 12:11:43.975464,-0.36,0.10,1.00,-33.81,12.82,-34.85,100.04,40.67,-130.42,1
x,2022-10-11 12:11:43.994139,-0.56,0.01,1.08,-38.39,17.70,-29.42,100.04,40.67,-130.42,1
x,2022-10-11 12:11:44.012519,-0.63,0.03,1.25,6.16,23.99,-7.20,100.04,40.67,-130.42,1
x,2022-10-11 12:11:44.031745,-0.52,-0.02,1.19,65.55,45.29,40.41,102.44,45.50,-127.38,1
x,2022-10-11 12:11:44.050127,-0.47,-0.07,1.12,66.65,55.11,44.19,102.44,45.50,-127.38,1
x,2022-10-11 12:11:44.067521,-0.40,-0.07,1.05,69.03,59.33,47.30,102.44,45.50,-127.38,1
x,2022-10-11 12:11:44.085839,-0.25,-0.12,0.94,64.27,61.52,48.03,101.34,53.64,-114.07,1
x,2022-10-11 12:11:44.104811,-0.09,-0.19,0.85,51.15,58.65,49.44,101.34,53.64,-114.07,1
x,2022-10-11 12:11:44.123663,-0.05,-0.37,0.76,27.10,42.18,57.31,98.35,55.65,-103.22,1
x,2022-10-11 12:11:44.142308,-0.15,-0.44,0.78,14.04,34.12,71.53,98.35,55.65,-103.22,1
x,2022-10-11 12:11:44.160622,-0.12,-0.40,0.74,6.59,33.02,87.89,98.35,55.65,-103.22,1
x,2022-10-11 12:11:44.180629,-0.05,-0.39,0.66,-5.37,31.68,98.51,89.71,50.62,-94.90,1
x,2022-10-11 12:11:44.199112,-0.08,-0.14,0.71,-33.45,17.40,95.09,89.71,50.62,-94.90,1
x,2022-10-11 12:11:44.218033,-0.09,-0.03,0.69,-41.02,11.29,85.63,89.71,50.62,-94.90,1
x,2022-10-11 12:11:44.236867,-0.02,0.07,0.70,-62.68,5.13,60.30,78.16,44.60,-88.44,1
x,2022-10-11 12:11:44.256513,-0.03,0.24,0.75,-66.41,-2.44,60.61,78.16,44.60,-88.44,1
x,2022-10-11 12:11:44.275725,-0.09,0.37,0.77,-63.29,-5.43,63.78,66.31,40.00,-83.69,1
x,2022-10-11 12:11:44.294099,-0.04,0.50,0.82,-67.93,0.31,54.44,66.31,40.00,-83.69,1
x,2022-10-11 12:11:44.311661,-0.09,0.62,0.79,-46.26,4.58,45.35,66.31,40.00,-83.69,1
x,2022-10-11 12:11:44.330528,-0.04,0.58,0.76,-22.03,3.05,44.19,55.53,38.06,-81.38,1
x,2022-10-11 12:11:44.349467,-0.02,0.63,0.75,-23.38,-6.77,31.19,55.53,38.06,-81.38,1
x,2022-10-11 12:11:44.368478,-0.09,0.67,0.84,-37.60,-6.47,19.17,55.53,38.06,-81.38,1
x,2022-10-11 12:11:44.388164,-0.32,0.72,1.11,-13.49,-5.37,21.79,45.97,39.38,-82.21,1
x,2022-10-11 12:11:44.405667,-0.31,0.71,1.13,20.39,1.65,27.89,45.97,39.38,-82.21,1
x,2022-10-11 12:11:44.424076,-0.23,0.55,1.11,27.95,12.39,23.19,40.23,43.52,-80.92,1
x,2022-10-11 12:11:44.442536,-0.20,0.39,1.10,16.17,22.77,3.60,40.23,43.52,-80.92,1
x,2022-10-11 12:11:44.460541,-0.19,0.28,0.99,16.24,26.98,6.96,40.23,43.52,-80.92,1
x,2022-10-11 12:11:44.479192,-0.07,0.22,0.95,38.88,23.07,22.89,38.75,47.33,-81.34,1
x,2022-10-11 12:11:44.497619,-0.04,0.19,0.86,28.38,19.96,26.67,38.75,47.33,-81.34,1
x,2022-10-11 12:11:44.515886,-0.04,0.27,0.85,9.22,21.55,11.17,38.75,47.33,-81.34,1
x,2022-10-11 12:11:44.536662,-0.02,0.36,0.91,-12.88,21.12,-1.28,37.17,50.11,-80.22,1
x,2022-10-11 12:11:44.555387,-0.08,0.32,0.98,-13.43,11.35,-2.44,37.17,50.11,-80.22,1
x,2022-10-11 12:11:44.574275,-0.13,0.34,1.04,2.44,3.05,11.41,35.60,51.34,-79.28,1
x,2022-10-11 12:11:44.592789,-0.14,0.29,1.05,20.32,7.51,28.26,35.60,51.34,-79.28,1
x,2022-10-11 12:11:44.610159,-0.16,0.27,1.09,2.50,10.68,19.90,35.60,51.34,-79.28,1
x,2022-10-11 12:11:44.629594,-0.14,0.23,1.09,-13.43,16.42,8.30,34.12,51.73,-79.94,1
x,2022-10-11 12:11:44.649561,-0.15,0.15,1.05,-20.94,20.75,10.68,34.12,51.73,-79.94,1
x,2022-10-11 12:11:44.666928,-0.04,0.18,0.89,-35.95,18.86,19.23,34.12,51.73,-79.94,1
x,2022-10-11 12:11:44.685631,-0.04,0.35,0.85,-48.95,14.71,15.01,33.40,49.74,-76.67,1
x,2022-10-11 12:11:44.703932,-0.01,0.43,0.82,-56.21,11.23,-3.54,33.40,49.74,-76.67,1
x,2022-10-11 12:11:44.723484,0.01,0.38,0.81,-53.53,-0.24,-13.73,31.51,47.27,-77.25,1
x,2022-10-11 12:11:44.742498,-0.06,0.28,0.81,-36.74,-11.60,-4.52,31.51,47.27,-77.25,1
x,2022-10-11 12:11:44.760035,-0.14,0.30,0.88,-19.04,-14.16,13.61,31.51,47.27,-77.25,1
x,2022-10-11 12:11:44.779934,-0.10,0.34,0.82,-11.84,-11.60,23.01,28.20,46.30,-76.61,1
x,2022-10-11 12:11:44.797616,-0.15,0.39,0.92,-41.87,-11.35,-4.58,28.20,46.30,-76.61,1
x,2022-10-11 12:11:44.816254,-0.14,0.42,0.94,-44.86,-13.73,-11.05,28.20,46.30,-76.61,1
x,2022-10-11 12:11:44.835999,-0.18,0.38,0.98,-37.66,-13.00,-5.92,24.80,45.24,-75.10,1
x,2022-10-11 12:11:44.853854,-0.13,0.43,0.90,-25.15,-11.11,2.20,24.80,45.24,-75.10,1
x,2022-10-11 12:11:44.873300,-0.13,0.45,0.87,-31.31,-13.85,-5.62,21.80,44.09,-74.99,1
x,2022-10-11 12:11:44.891297,-0.10,0.64,0.88,19.71,7.39,-0.98,21.80,44.09,-74.99,1
x,2022-10-11 12:11:44.909660,-0.11,0.35,0.87,47.24,5.07,18.25,21.80,44.09,-74.99,1
x,2022-10-11 12:11:44.928261,-0.15,0.28,0.86,31.01,4.27,11.90,22.91,44.56,-77.82,1
x,2022-10-11 12:11:44.946277,-0.21,0.44,0.88,-1.95,3.48,-14.71,22.91,44.56,-77.82,1
x,2022-10-11 12:11:44.965509,-0.15,0.40,0.83,-13.98,-3.30,-37.41,22.91,44.56,-77.82,1
x,2022-10-11 12:11:44.985046,-0.13,0.31,0.75,-21.12,-7.87,-49.99,24.01,43.46,-76.93,1
x,2022-10-11 12:11:45.003510,-0.10,0.30,0.75,-36.19,-16.36,-55.48,24.01,43.46,-76.93,1
x,2022-10-11 12:11:45.023757,-0.08,0.36,0.81,-35.16,-18.86,-39.37,25.06,42.79,-77.31,1
x,2022-10-11 12:11:45.041249,-0.08,0.31,0.81,-16.17,-23.13,-17.64,25.06,42.79,-77.31,1
x,2022-10-11 12:11:45.059534,-0.08,0.21,0.74,2.50,-29.72,2.20,25.06,42.79,-77.31,1
x,2022-10-11 12:11:45.078606,-0.07,0.15,0.75,6.10,-43.88,28.44,22.90,45.29,-79.15,1
x,2022-10-11 12:11:45.098385,-0.09,0.17,0.82,10.50,-50.96,42.66,22.90,45.29,-79.15,1
x,2022-10-11 12:11:45.116163,-0.10,0.19,0.85,11.60,-53.71,54.81,22.90,45.29,-79.15,1
x,2022-10-11 12:11:45.136124,-0.13,0.22,0.89,10.86,-54.26,73.55,18.51,52.64,-76.66,1
x,2022-10-11 12:11:45.155483,-0.23,0.44,0.93,-16.24,-46.81,73.36,18.51,52.64,-76.66,1
x,2022-10-11 12:11:45.174702,-0.35,0.64,1.07,-11.54,-42.18,61.83,15.66,60.45,-72.19,1
x,2022-10-11 12:11:45.192749,-0.48,0.78,1.23,-7.81,-10.99,-2.69,15.66,60.45,-72.19,1
x,2022-10-11 12:11:45.210764,-0.24,0.83,1.07,-14.95,13.37,-36.19,15.66,60.45,-72.19,1
x,2022-10-11 12:11:45.230427,-0.27,0.48,0.97,54.02,-3.36,-3.23,16.67,61.43,-72.52,1
x,2022-10-11 12:11:45.249509,-0.34,0.50,1.03,29.66,14.95,-5.92,16.67,61.43,-72.52,1
x,2022-10-11 12:11:45.267210,-0.33,0.65,1.04,-1.89,33.51,-26.06,16.67,61.43,-72.52,1
x,2022-10-11 12:11:45.287273,-0.29,0.62,0.95,1.40,38.57,-42.60,17.33,59.03,-72.44,1
x,2022-10-11 12:11:45.305597,-0.26,0.60,0.95,7.87,42.36,-55.48,17.33,59.03,-72.44,1
x,2022-10-11 12:11:45.325600,-0.21,0.52,0.89,9.22,47.91,-77.15,20.46,52.92,-76.68,1
x,2022-10-11 12:11:45.343265,-0.13,0.36,0.79,22.52,45.04,-73.43,20.46,52.92,-76.68,1
x,2022-10-11 12:11:45.362705,-0.10,0.22,0.80,29.85,40.28,-56.34,20.46,52.92,-76.68,1
x,2022-10-11 12:11:45.381612,-0.07,0.13,0.77,19.10,37.54,-49.26,26.68,46.19,-82.19,1
x,2022-10-11 12:11:45.399479,-0.04,0.07,0.77,24.60,22.16,-20.94,26.68,46.19,-82.19,1
x,2022-10-11 12:11:45.417140,-0.04,-0.07,0.64,29.36,1.71,2.56,26.68,46.19,-82.19,1
x,2022-10-11 12:11:45.436708,-0.12,0.01,0.75,5.07,-14.47,5.07,29.09,44.46,-83.51,1
x,2022-10-11 12:11:45.456585,-0.10,0.23,0.81,-59.75,-2.26,-21.00,29.09,44.46,-83.51,1
x,2022-10-11 12:11:45.475028,-0.04,0.15,0.61,-27.40,-4.82,21.42,28.67,43.66,-82.12,1
x,2022-10-11 12:11:45.493000,-0.11,0.05,0.57,14.83,-34.97,71.66,28.67,43.66,-82.12,1
x,2022-10-11 12:11:45.511649,-0.14,0.27,0.65,-18.43,-49.62,63.72,28.67,43.66,-82.12,1
x,2022-10-11 12:11:45.532878,-0.19,0.54,0.85,-28.50,-57.98,52.61,21.87,48.02,-78.43,1
x,2022-10-11 12:11:45.550631,-0.30,0.71,0.93,-4.03,-55.54,44.13,21.87,48.02,-78.43,1
x,2022-10-11 12:11:45.568925,-0.31,0.65,0.92,2.20,-40.83,21.36,21.87,48.02,-78.43,1
x,2022-10-11 12:11:45.587348,-0.28,0.57,0.91,-9.22,-28.93,0.73,17.50,53.87,-76.83,1
x,2022-10-11 12:11:45.605562,-0.28,0.61,0.91,-15.20,-22.83,-17.09,17.50,53.87,-76.83,1
x,2022-10-11 12:11:45.626828,-0.30,0.63,0.95,-14.95,-25.33,-36.07,17.86,55.38,-77.75,1
x,2022-10-11 12:11:45.643259,-0.28,0.61,0.96,-23.50,-20.81,-61.77,17.86,55.38,-77.75,1
x,2022-10-11 12:11:45.661759,-0.23,0.56,0.95,-31.74,-10.38,-78.55,17.86,55.38,-77.75,1
x,2022-10-11 12:11:45.681057,-0.18,0.46,0.91,-17.33,-2.81,-58.65,18.08,52.91,-81.13,1
x,2022-10-11 12:11:45.699298,-0.14,0.27,0.95,6.65,0.79,-25.88,18.08,52.91,-81.13,1
x,2022-10-11 12:11:45.717984,-0.18,0.27,1.01,23.93,10.38,10.93,18.08,52.91,-81.13,1
x,2022-10-11 12:11:45.737353,-0.59,0.24,1.03,29.66,26.18,29.17,18.91,54.16,-83.68,1
x,2022-10-11 12:11:45.754594,-0.44,0.48,1.01,85.02,47.61,65.61,18.91,54.16,-83.68,1
x,2022-10-11 12:11:45.772939,-0.21,0.37,0.91,98.45,52.92,66.41,21.57,57.92,-84.07,1
x,2022-10-11 12:11:45.791096,-0.19,0.38,0.94,52.06,48.89,29.97,21.57,57.92,-84.07,1
x,2022-10-11 12:11:45.809826,-0.13,0.50,0.93,20.08,44.01,1.95,21.57,57.92,-84.07,1
x,2022-10-11 12:11:45.829235,-0.10,0.58,0.88,11.05,37.35,-18.25,26.29,57.58,-83.86,1
x,2022-10-11 12:11:45.846674,0.03,0.64,0.76,15.32,30.27,-27.22,26.29,57.58,-83.86,1
x,2022-10-11 12:11:45.864981,0.04,0.56,0.76,10.13,21.61,-48.65,26.29,57.58,-83.86,1
x,2022-10-11 12:11:45.883474,0.04,0.48,0.80,1.71,14.10,-69.89,29.93,54.36,-84.51,1
x,2022-10-11 12:11:45.901811,-0.04,0.39,0.91,-0.18,14.59,-66.71,29.93,54.36,-84.51,1
x,2022-10-11 12:11:45.922742,-0.02,0.27,0.84,8.79,18.43,-54.50,33.91,51.48,-88.54,1
x,2022-10-11 12:11:45.941187,0.08,0.23,0.79,26.55,15.87,-41.14,33.91,51.48,-88.54,1
x,2022-10-11 12:11:45.959471,0.17,0.13,0.77,3.11,0.06,-33.51,33.91,51.48,-88.54,1
x,2022-10-11 12:11:45.979392,-0.07,0.17,0.90,-10.01,-5.25,-25.51,37.65,49.49,-93.52,1
x,2022-10-11 12:11:45.998462,-0.07,0.29,0.94,-12.57,-3.48,-17.27,37.65,49.49,-93.52,1
x,2022-10-11 12:11:46.016317,-0.18,0.32,0.98,-6.04,5.80,-15.08,37.65,49.49,-93.52,1
x,2022-10-11 12:11:46.035825,-0.08,0.28,0.98,21.55,11.60,-8.54,39.48,48.19,-96.02,1
x,2022-10-11 12:11:46.053176,0.04,0.19,0.89,29.66,12.88,0.31,39.48,48.19,-96.02,1
x,2022-10-11 12:11:46.072392,0.12,0.07,0.78,18.92,6.04,3.42,42.33,48.43,-98.65,1
x,2022-10-11 12:11:46.090294,0.00,0.06,0.82,-8.36,-5.74,6.96,42.33,48.43,-98.65,1
x,2022-10-11 12:11:46.108678,-0.00,0.29,0.90,-17.46,-10.38,11.90,42.33,48.43,-98.65,1
x,2022-10-11 12:11:46.128570,-0.07,0.36,0.91,-12.51,-7.51,2.87,40.83,46.75,-101.22,1
x,2022-10-11 12:11:46.146831,-0.04,0.29,0.86,-12.76,-5.49,-5.68,40.83,46.75,-101.22,1
x,2022-10-11 12:11:46.165779,-0.02,0.23,0.89,9.09,-10.93,19.10,40.83,46.75,-101.22,1
x,2022-10-11 12:11:46.184611,0.04,0.25,0.85,3.60,-19.59,31.01,39.27,46.89,-103.08,1
x,2022-10-11 12:11:46.202920,-0.13,0.33,0.94,-15.75,-23.86,24.11,39.27,46.89,-103.08,1
x,2022-10-11 12:11:46.221913,-0.14,0.48,1.03,-23.74,-14.34,13.24,35.95,46.37,-104.22,1
x,2022-10-11 12:11:46.240332,-0.13,0.45,0.96,-16.91,-3.36,3.17,35.95,46.37,-104.22,1
x,2022-10-11 12:11:46.258720,-0.02,0.39,0.84,-11.41,-3.23,4.03,35.95,46.37,-104.22,1
x,2022-10-11 12:11:46.279730,-0.83,0.39,1.46,-24.17,-8.06,-4.76,36.47,44.43,-104.71,1
x,2022-10-11 12:11:46.298463,-0.08,0.68,0.99,52.98,3.91,16.72,36.47,44.43,-104.71,1
x,2022-10-11 12:11:46.315905,-0.12,0.38,0.89,31.98,13.24,5.55,36.47,44.43,-104.71,1
x,2022-10-11 12:11:46.336372,-0.10,0.47,0.87,-2.14,15.81,-28.50,38.33,45.08,-106.04,1
x,2022-10-11 12:11:46.354048,-0.09,0.44,0.85,-3.97,8.06,-39.31,38.33,45.08,-106.04,1
x,2022-10-11 12:11:46.374428,-0.07,0.29,0.77,6.65,1.22,-39.37,41.99,43.59,-109.59,1
x,2022-10-11 12:11:46.391818,-0.07,0.15,0.73,9.34,-6.84,-29.42,41.99,43.59,-109.59,1
x,2022-10-11 12:11:46.409141,-0.08,0.09,0.72,2.93,-10.80,-19.78,41.99,43.59,-109.59,1
x,2022-10-11 12:11:46.429459,-0.08,0.14,0.67,-12.88,-17.52,-12.51,40.63,44.13,-111.30,1
x,2022-10-11 12:11:46.447906,-0.07,0.22,0.77,-9.89,-34.79,2.01,40.63,44.13,-111.30,1
x,2022-10-11 12:11:46.466011,-0.10,0.24,0.77,8.00,-44.98,11.66,40.63,44.13,-111.30,1
x,2022-10-11 12:11:46.484524,-0.09,0.17,0.90,3.60,-50.23,10.44,31.58,48.73,-113.88,1
x,2022-10-11 12:11:46.502943,-0.08,0.21,0.96,6.71,-48.83,39.12,31.58,48.73,-113.88,1
x,2022-10-11 12:11:46.522405,-0.11,0.20,1.04,27.83,-51.21,56.95,19.45,58.06,-114.06,1
x,2022-10-11 12:11:46.540819,-0.16,0.21,1.00,14.16,-46.39,55.18,19.45,58.06,-114.06,1
x,2022-10-11 12:11:46.560079,-0.19,0.27,0.99,-4.76,-33.26,49.26,19.45,58.06,-114.06,1
x,2022-10-11 12:11:46.578409,-0.23,0.45,1.00,-24.41,-19.04,30.15,12.89,65.12,-110.56,1
x,2022-10-11 12:11:46.596994,-0.32,0.80,1.19,-11.96,-11.17,12.57,12.89,65.12,-110.56,1
x,2022-10-11 12:11:46.614429,-0.20,0.78,1.09,2.14,4.70,-13.12,12.89,65.12,-110.56,1
x,2022-10-11 12:11:46.633143,-0.20,0.42,1.00,68.48,-4.39,16.30,12.04,67.59,-107.31,1
x,2022-10-11 12:11:46.652178,-0.31,0.42,1.14,40.22,22.52,-7.26,12.04,67.59,-107.31,1
x,2022-10-11 12:11:46.671200,-0.25,0.52,1.06,28.38,41.87,-28.50,16.26,67.44,-110.57,1
x,2022-10-11 12:11:46.689816,-0.22,0.42,0.96,16.85,48.71,-44.86,16.26,67.44,-110.57,1
x,2022-10-11 12:11:46.708397,-0.18,0.36,0.93,-18.55,53.10,-66.59,16.26,67.44,-110.57,1
x,2022-10-11 12:11:46.729537,-0.13,0.37,0.83,-53.41,53.28,-90.58,24.61,57.37,-116.81,1
x,2022-10-11 12:11:46.746701,-0.07,0.28,0.81,-44.25,46.63,-89.23,24.61,57.37,-116.81,1
x,2022-10-11 12:11:46.766238,-0.05,0.19,0.84,-27.53,37.84,-71.17,24.61,57.37,-116.81,1
x,2022-10-11 12:11:46.785685,-0.06,0.07,0.80,18.19,25.70,-30.09,35.66,47.72,-119.37,1
x,2022-10-11 12:11:46.803942,-0.06,-0.05,0.75,30.76,12.57,1.53,35.66,47.72,-119.37,1
x,2022-10-11 12:11:46.823599,-0.07,0.01,0.79,37.78,-5.68,20.45,38.04,48.03,-120.26,1
x,2022-10-11 12:11:46.840599,-0.07,0.18,0.86,-5.19,-2.20,-6.71,38.04,48.03,-120.26,1
x,2022-10-11 12:11:46.858462,-0.05,0.16,0.85,-46.75,3.11,-11.54,38.04,48.03,-120.26,1
x,2022-10-11 12:11:46.877181,-0.06,0.14,0.71,-36.44,0.06,12.51,38.67,44.67,-119.98,1
x,2022-10-11 12:11:46.896147,-0.06,-0.03,0.65,27.83,-33.02,76.42,38.67,44.67,-119.98,1
x,2022-10-11 12:11:46.912902,-0.09,0.10,0.74,-3.42,-45.53,78.74,38.67,44.67,-119.98,1
x,2022-10-11 12:11:46.932891,-0.12,0.38,0.82,-24.96,-50.23,76.48,28.38,50.59,-117.76,1
x,2022-10-11 12:11:46.950583,-0.19,0.54,0.88,-27.47,-45.17,63.96,28.38,50.59,-117.76,1
x,2022-10-11 12:11:46.969223,-0.21,0.67,0.89,-28.14,-35.58,35.77,18.32,56.49,-114.59,1
x,2022-10-11 12:11:46.987790,-0.22,0.73,1.01,-5.37,-35.10,19.84,18.32,56.49,-114.59,1
x,2022-10-11 12:11:47.005189,-0.23,0.66,0.97,3.11,-29.36,-5.62,18.32,56.49,-114.59,1
x,2022-10-11 12:11:47.024635,-0.24,0.52,0.93,1.71,-29.54,-20.87,10.77,61.82,-116.35,1
x,2022-10-11 12:11:47.042847,-0.22,0.51,0.96,-20.26,-27.28,-47.97,10.77,61.82,-116.35,1
x,2022-10-11 12:11:47.060210,-0.20,0.51,1.00,-34.73,-19.47,-63.66,10.77,61.82,-116.35,1
x,2022-10-11 12:11:47.080238,-0.19,0.44,1.00,-29.24,-8.61,-61.40,5.03,58.76,-118.99,1
x,2022-10-11 12:11:47.099186,-0.16,0.30,0.95,-11.35,3.78,-29.85,5.03,58.76,-118.99,1
x,2022-10-11 12:11:47.116130,-0.17,0.34,0.99,5.62,8.97,-1.34,5.03,58.76,-118.99,1
x,2022-10-11 12:11:47.136535,-0.33,0.32,1.00,18.74,18.31,15.14,3.92,56.82,-121.94,1
x,2022-10-11 12:11:47.153863,-0.58,0.46,1.18,10.99,32.84,12.70,3.92,56.82,-121.94,1
x,2022-10-11 12:11:47.173091,-0.37,0.62,1.05,88.20,53.34,36.87,10.83,58.04,-120.79,1
x,2022-10-11 12:11:47.190731,-0.22,0.48,0.97,81.97,59.75,17.82,10.83,58.04,-120.79,1
x,2022-10-11 12:11:47.208232,-0.03,0.39,0.84,75.50,55.79,1.53,10.83,58.04,-120.79,1
x,2022-10-11 12:11:47.228337,0.00,0.35,0.73,50.96,42.05,-14.22,22.47,58.11,-116.52,1
x,2022-10-11 12:11:47.245327,0.04,0.37,0.80,3.78,29.60,-39.49,22.47,58.11,-116.52,1
x,2022-10-11 12:11:47.264717,0.04,0.53,0.80,2.93,18.92,-45.10,22.47,58.11,-116.52,1
x,2022-10-11 12:11:47.282951,0.10,0.38,0.75,20.08,9.52,-48.03,29.69,53.80,-115.43,1
x,2022-10-11 12:11:47.301515,0.07,0.34,0.79,1.28,2.14,-57.92,29.69,53.80,-115.43,1
x,2022-10-11 12:11:47.321274,0.02,0.24,0.81,15.44,-7.26,-39.06,33.76,50.33,-118.68,1
x,2022-10-11 12:11:47.339815,-0.09,0.01,0.92,15.26,-4.64,-33.20,33.76,50.33,-118.68,1
x,2022-10-11 12:11:47.357772,0.00,0.01,0.90,13.12,0.06,-16.17,33.76,50.33,-118.68,1
x,2022-10-11 12:11:47.376378,-0.02,0.08,0.92,3.05,0.98,-7.26,35.96,49.48,-122.02,1
x,2022-10-11 12:11:47.394925,-0.04,0.11,0.96,-1.89,1.83,-3.05,35.96,49.48,-122.02,1
x,2022-10-11 12:11:47.413419,-0.13,0.09,0.97,0.98,-0.06,0.98,35.96,49.48,-122.02,1
x,2022-10-11 12:11:47.432377,-0.01,0.06,0.91,25.88,-3.97,27.83,36.67,48.74,-126.09,1
x,2022-10-11 12:11:47.451241,0.03,0.01,0.89,7.87,-11.78,36.13,36.67,48.74,-126.09,1
x,2022-10-11 12:11:47.470276,0.03,0.16,0.88,-11.11,-11.84,36.13,34.64,49.19,-127.21,1
x,2022-10-11 12:11:47.488243,-0.06,0.18,0.89,-20.14,-14.16,34.48,34.64,49.19,-127.21,1
x,2022-10-11 12:11:47.507777,-0.07,0.26,0.89,-30.15,-12.63,26.67,34.64,49.19,-127.21,1
x,2022-10-11 12:11:47.526925,-0.01,0.31,0.86,-11.41,-16.48,29.79,30.63,46.66,-131.88,1
x,2022-10-11 12:11:47.545546,-0.06,0.28,0.88,-17.21,-25.15,25.21,30.63,46.66,-131.88,1
x,2022-10-11 12:11:47.563397,-0.09,0.41,0.96,-26.00,-23.44,20.14,30.63,46.66,-131.88,1
x,2022-10-11 12:11:47.583853,-0.17,0.48,1.01,-38.33,-8.85,-2.32,24.57,44.96,-137.21,1
x,2022-10-11 12:11:47.603327,-0.55,0.52,1.24,-35.95,-5.31,-15.14,24.57,44.96,-137.21,1
x,2022-10-11 12:11:47.622876,-0.14,0.60,0.99,58.29,6.29,10.01,23.88,44.07,-140.67,1
x,2022-10-11 12:11:47.641178,-0.15,0.35,0.91,37.05,21.55,-2.14,23.88,44.07,-140.67,1
x,2022-10-11 12:11:47.660119,-0.12,0.48,0.91,-9.89,24.48,-48.46,23.88,44.07,-140.67,1
x,2022-10-11 12:11:47.679280,-0.09,0.31,0.84,-10.19,15.08,-54.69,30.46,42.38,-141.88,1
x,2022-10-11 12:11:47.697053,-0.09,0.22,0.75,-12.57,7.69,-34.42,30.46,42.38,-141.88,1
x,2022-10-11 12:11:47.715465,-0.10,0.11,0.78,-8.18,-5.25,-24.05,30.46,42.38,-141.88,1
x,2022-10-11 12:11:47.735792,-0.11,0.15,0.71,-9.46,-12.27,-8.24,32.98,40.08,-142.32,1
x,2022-10-11 12:11:47.754331,-0.11,0.11,0.68,-19.29,-26.49,-9.77,32.98,40.08,-142.32,1
x,2022-10-11 12:11:47.774644,-0.11,0.13,0.74,-14.10,-49.13,-2.87,22.63,39.51,-144.12,1
x,2022-10-11 12:11:47.793317,-0.12,0.13,0.85,7.45,-62.26,4.21,22.63,39.51,-144.12,1
x,2022-10-11 12:11:47.811729,-0.14,0.20,1.00,11.11,-63.05,11.29,22.63,39.51,-144.12,1
x,2022-10-11 12:11:47.831625,-0.15,0.18,1.02,24.54,-55.48,43.09,-0.28,45.87,-145.59,1
x,2022-10-11 12:11:47.849687,-0.18,0.19,1.03,28.14,-42.36,59.20,-0.28,45.87,-145.59,1
x,2022-10-11 12:11:47.868890,-0.21,0.27,1.04,9.28,-33.51,54.99,-16.94,56.82,-142.40,1
x,2022-10-11 12:11:47.888170,-0.25,0.40,1.09,-15.63,-23.19,36.87,-16.94,56.82,-142.40,1
x,2022-10-11 12:11:47.907105,-0.32,0.70,1.19,-7.51,-10.19,5.19,-16.94,56.82,-142.40,1
x,2022-10-11 12:11:47.927509,-0.22,0.65,1.07,6.16,0.49,-20.14,-22.33,60.39,-140.94,1
x,2022-10-11 12:11:47.944724,-0.28,0.33,1.08,53.16,-5.55,3.72,-22.33,60.39,-140.94,1
x,2022-10-11 12:11:47.963870,-0.27,0.52,1.10,13.79,31.98,-35.64,-22.33,60.39,-140.94,1
x,2022-10-11 12:11:47.983979,-0.23,0.43,1.05,34.00,43.82,-39.86,-15.81,60.21,-143.10,1
x,2022-10-11 12:11:48.003283,-0.20,0.36,1.00,50.66,49.01,-37.96,-15.81,60.21,-143.10,1
x,2022-10-11 12:11:48.023068,-0.17,0.28,0.84,30.94,56.46,-47.61,2.89,56.27,-146.68,1
x,2022-10-11 12:11:48.041676,-0.12,0.27,0.87,-8.12,53.10,-64.33,2.89,56.27,-146.68,1
x,2022-10-11 12:11:48.059207,-0.11,0.23,0.89,-7.93,40.22,-66.22,2.89,56.27,-146.68,1
x,2022-10-11 12:11:48.078135,-0.11,0.17,0.84,-4.76,28.87,-49.01,20.84,49.37,-148.79,1
x,2022-10-11 12:11:48.096577,-0.10,0.05,0.85,-3.36,26.06,-44.49,20.84,49.37,-148.79,1
x,2022-10-11 12:11:48.114576,-0.10,-0.01,0.80,-10.44,22.77,-37.66,20.84,49.37,-148.79,1
x,2022-10-11 12:11:48.132929,-0.10,-0.12,0.75,6.65,9.64,-15.69,32.59,45.43,-148.30,1
x,2022-10-11 12:11:48.150968,-0.10,-0.05,0.82,-12.63,-9.58,0.55,32.59,45.43,-148.30,1
x,2022-10-11 12:11:48.169762,-0.09,0.22,0.87,-52.31,0.31,-12.51,32.76,43.51,-146.83,1
x,2022-10-11 12:11:48.188639,-0.13,0.12,0.73,-44.86,-1.28,6.77,32.76,43.51,-146.83,1
x,2022-10-11 12:11:48.207053,-0.08,-0.11,0.75,38.27,-36.80,81.05,32.76,43.51,-146.83,1
x,2022-10-11 12:11:48.226219,-0.12,0.04,0.77,-23.99,-44.25,60.00,21.84,44.65,-147.28,1
x,2022-10-11 12:11:48.244557,-0.13,0.25,0.86,-21.67,-43.09,71.53,21.84,44.65,-147.28,1
x,2022-10-11 12:11:48.262601,-0.18,0.46,0.87,-20.39,-45.78,67.08,21.84,44.65,-147.28,1
x,2022-10-11 12:11:48.281390,-0.23,0.65,0.99,-27.53,-38.82,25.63,3.98,47.08,-145.17,1
x,2022-10-11 12:11:48.299506,-0.20,0.52,0.93,-4.03,-29.42,-3.42,3.98,47.08,-145.17,1
x,2022-10-11 12:11:48.318580,-0.21,0.48,0.90,-21.97,-30.33,-13.61,-9.79,48.29,-145.09,1
x,2022-10-11 12:11:48.336933,-0.22,0.51,0.93,-23.32,-28.87,-24.66,-9.79,48.29,-145.09,1
x,2022-10-11 12:11:48.355976,-0.22,0.51,0.96,-32.04,-28.69,-39.49,-9.79,48.29,-145.09,1
x,2022-10-11 12:11:48.374460,-0.22,0.50,0.96,-33.75,-25.21,-48.22,-20.25,44.18,-143.90,1
x,2022-10-11 12:11:48.393117,-0.23,0.48,1.00,-14.47,-17.70,-45.35,-20.25,44.18,-143.90,1
x,2022-10-11 12:11:48.410505,-0.22,0.45,1.01,-4.27,-8.67,-42.11,-20.25,44.18,-143.90,1
x,2022-10-11 12:11:48.431199,-0.23,0.36,1.07,-3.66,3.60,-40.77,-25.66,38.07,-143.65,1
x,2022-10-11 12:11:48.449581,-0.50,0.39,1.06,-26.06,29.11,-31.56,-25.66,38.07,-143.65,1
x,2022-10-11 12:11:48.469148,-0.51,0.42,1.23,30.82,36.50,-6.77,-16.44,34.44,-144.71,1
x,2022-10-11 12:11:48.487136,-0.37,0.45,1.14,104.98,47.91,36.38,-16.44,34.44,-144.71,1
x,2022-10-11 12:11:48.505998,-0.33,0.44,1.08,134.46,61.52,43.70,-16.44,34.44,-144.71,1
x,2022-10-11 12:11:48.524363,-0.02,0.21,0.87,131.65,58.47,25.21,5.14,50.82,-137.60,1
x,2022-10-11 12:11:48.541980,0.06,0.08,0.81,72.94,50.84,-3.97,5.14,50.82,-137.60,1
x,2022-10-11 12:11:48.560306,0.07,0.14,0.81,17.76,44.49,-22.52,5.14,50.82,-137.60,1
x,2022-10-11 12:11:48.580084,0.12,0.26,0.73,-2.26,30.70,-24.90,22.51,53.49,-128.67,1
x,2022-10-11 12:11:48.597662,0.18,0.27,0.75,-11.66,7.93,-36.87,22.51,53.49,-128.67,1
x,2022-10-11 12:11:48.615559,0.11,0.16,0.77,-4.21,-3.85,-31.92,22.51,53.49,-128.67,1
x,2022-10-11 12:11:48.635059,0.02,0.10,0.82,1.28,-9.52,-22.28,28.65,51.34,-127.43,1
x,2022-10-11 12:11:48.654617,-0.09,0.08,0.87,2.20,-7.14,-17.94,28.65,51.34,-127.43,1
x,2022-10-11 12:11:48.673039,-0.04,-0.03,0.82,-14.10,-1.71,-17.33,29.79,49.63,-127.54,1
x,2022-10-11 12:11:48.691285,0.00,0.08,0.90,-25.57,-4.52,-15.99,29.79,49.63,-127.54,1
x,2022-10-11 12:11:48.709704,-0.11,0.07,0.97,-13.00,-8.54,0.61,29.79,49.63,-127.54,1
x,2022-10-11 12:11:48.729074,-0.18,0.09,1.01,-1.04,-6.16,9.34,28.60,45.25,-130.27,1
x,2022-10-11 12:11:48.746515,-0.13,0.15,0.97,6.29,1.46,16.30,28.60,45.25,-130.27,1
x,2022-10-11 12:11:48.764847,-0.20,0.09,0.94,8.54,1.34,13.85,28.60,45.25,-130.27,1
x,2022-10-11 12:11:48.783816,-0.11,0.12,0.93,-5.31,-1.28,12.27,28.41,45.74,-132.41,1
x,2022-10-11 12:11:48.801326,-0.04,0.15,0.93,-1.71,-3.91,21.12,28.41,45.74,-132.41,1
x,2022-10-11 12:11:48.820850,0.05,0.14,0.81,-1.83,-15.14,34.00,25.29,44.91,-136.08,1
x,2022-10-11 12:11:48.840057,0.02,0.16,0.84,-16.85,-22.64,25.02,25.29,44.91,-136.08,1
x,2022-10-11 12:11:48.857212,-0.10,0.21,0.94,-41.69,-23.68,13.79,25.29,44.91,-136.08,1
x,2022-10-11 12:11:48.876599,-0.19,0.29,0.99,-51.45,-17.03,5.25,19.25,40.60,-140.22,1
x,2022-10-11 12:11:48.895015,-0.11,0.34,0.98,-34.42,-11.66,6.59,19.25,40.60,-140.22,1
x,2022-10-11 12:11:48.913326,-0.15,0.40,0.95,-23.13,-9.03,9.52,19.25,40.60,-140.22,1
x,2022-10-11 12:11:48.934031,-0.19,0.59,1.14,-11.54,0.85,-11.23,14.03,34.19,-146.36,1
x,2022-10-11 12:11:48.951570,-0.15,0.47,1.03,53.47,11.72,22.58,14.03,34.19,-146.36,1
x,2022-10-11 12:11:48.971003,-0.14,0.42,0.88,5.31,20.45,-17.70,18.41,37.43,-146.63,1
x,2022-10-11 12:11:48.989239,-0.13,0.47,0.91,-4.33,17.09,-41.75,18.41,37.43,-146.63,1
x,2022-10-11 12:11:49.007583,-0.12,0.33,0.75,0.92,9.70,-47.30,18.41,37.43,-146.63,1
x,2022-10-11 12:11:49.027422,-0.09,0.25,0.67,-15.44,-6.65,-59.45,22.97,34.62,-144.86,1
x,2022-10-11 12:11:49.046033,-0.13,0.20,0.72,-21.79,-19.17,-52.61,22.97,34.62,-144.86,1
x,2022-10-11 12:11:49.063006,-0.12,0.13,0.78,-9.83,-27.59,-40.53,22.97,34.62,-144.86,1
x,2022-10-11 12:11:49.082699,-0.12,0.03,0.84,1.16,-38.57,-25.51,17.43,30.40,-143.24,1
x,2022-10-11 12:11:49.103151,-0.16,-0.06,0.94,15.93,-49.13,5.31,17.43,30.40,-143.24,1
x,2022-10-11 12:11:49.121004,-0.16,-0.06,0.91,9.83,-50.84,24.72,2.45,29.32,-142.72,1
x,2022-10-11 12:11:49.140199,-0.17,-0.01,0.93,3.66,-52.43,39.73,2.45,29.32,-142.72,1
x,2022-10-11 12:11:49.158510,-0.19,0.16,0.95,-15.44,-48.16,43.82,2.45,29.32,-142.72,1
x,2022-10-11 12:11:49.177972,-0.21,0.27,1.00,-17.21,-46.20,38.94,-16.94,27.99,-141.80,1
x,2022-10-11 12:11:49.197302,-0.24,0.41,1.04,-11.84,-41.81,34.42,-16.94,27.99,-141.80,1
x,2022-10-11 12:11:49.216153,-0.27,0.56,1.10,-0.24,-23.62,24.60,-33.70,29.52,-139.99,1
x,2022-10-11 12:11:49.234647,-0.28,0.53,1.09,12.39,-9.34,20.57,-33.70,29.52,-139.99,1
x,2022-10-11 12:11:49.253262,-0.27,0.51,1.03,18.55,0.61,13.79,-33.70,29.52,-139.99,1
x,2022-10-11 12:11:49.272283,-0.23,0.47,1.01,25.33,3.72,6.90,-35.52,33.15,-140.28,1
x,2022-10-11 12:11:49.292213,-0.34,0.42,1.18,44.62,9.58,12.63,-35.52,33.15,-140.28,1
x,2022-10-11 12:11:49.308997,-0.29,0.54,1.16,25.70,37.35,-18.80,-35.52,33.15,-140.28,1
x,2022-10-11 12:11:49.328935,-0.24,0.43,1.09,39.18,53.96,-34.30,-24.52,35.55,-141.94,1
x,2022-10-11 12:11:49.347377,-0.18,0.23,0.88,27.34,49.99,-39.98,-24.52,35.55,-141.94,1
x,2022-10-11 12:11:49.367699,-0.17,0.13,0.88,11.90,38.88,-43.46,-2.65,36.49,-143.01,1
x,2022-10-11 12:11:49.385468,-0.17,0.16,0.91,16.36,33.08,-35.71,-2.65,36.49,-143.01,1
x,2022-10-11 12:11:49.403727,-0.17,0.14,0.91,18.01,32.65,-46.81,-2.65,36.49,-143.01,1
x,2022-10-11 12:11:49.423255,-0.15,0.11,0.85,-1.95,41.32,-51.57,11.98,36.47,-142.53,1
x,2022-10-11 12:11:49.440893,-0.13,0.01,0.73,-1.04,30.70,-44.80,11.98,36.47,-142.53,1
x,2022-10-11 12:11:49.459849,-0.14,-0.09,0.78,1.28,11.60,-19.23,11.98,36.47,-142.53,1
x,2022-10-11 12:11:49.479221,-0.13,-0.06,0.79,28.20,-6.84,11.54,18.97,37.01,-141.02,1
x,2022-10-11 12:11:49.497205,-0.15,-0.00,0.84,-2.08,-5.55,1.46,18.97,37.01,-141.02,1
x,2022-10-11 12:11:49.516819,-0.15,0.01,0.79,-37.23,2.62,-11.17,18.59,35.31,-141.30,1
x,2022-10-11 12:11:49.535051,-0.12,-0.05,0.75,-18.98,-18.13,18.13,18.59,35.31,-141.30,1
x,2022-10-11 12:11:49.554336,-0.14,0.15,0.85,-8.79,-50.90,47.00,18.59,35.31,-141.30,1
x,2022-10-11 12:11:49.573620,-0.17,0.30,0.97,-11.90,-46.39,44.25,6.71,35.71,-141.61,1
x,2022-10-11 12:11:49.591084,-0.18,0.33,0.92,-14.59,-38.21,34.36,6.71,35.71,-141.61,1
x,2022-10-11 12:11:49.609484,-0.20,0.34,0.93,-20.20,-34.85,5.07,6.71,35.71,-141.61,1
x,2022-10-11 12:11:49.630228,-0.20,0.33,0.93,-11.35,-30.52,8.97,-6.20,33.06,-140.67,1
x,2022-10-11 12:11:49.649137,-0.22,0.31,0.92,-3.91,-30.52,15.26,-6.20,33.06,-140.67,1
x,2022-10-11 12:11:49.668483,-0.23,0.32,0.93,0.37,-29.05,13.18,-16.93,32.17,-140.20,1
x,2022-10-11 12:11:49.686929,-0.25,0.38,0.95,-6.96,-22.95,-3.97,-16.93,32.17,-140.20,1
x,2022-10-11 12:11:49.705823,-0.24,0.36,0.96,-11.54,-19.78,-23.93,-16.93,32.17,-140.20,1
x,2022-10-11 12:11:49.724542,-0.24,0.36,0.97,-16.36,-18.55,-37.90,-23.17,28.42,-137.83,1
x,2022-10-11 12:11:49.743165,-0.24,0.40,0.97,-7.45,-18.86,-48.65,-23.17,28.42,-137.83,1
x,2022-10-11 12:11:49.762034,-0.27,0.36,1.00,4.39,-16.24,-55.30,-23.17,28.42,-137.83,1
x,2022-10-11 12:11:49.782131,-0.27,0.21,0.99,1.89,-7.75,-59.27,-23.97,23.63,-136.00,1
x,2022-10-11 12:11:49.801427,-0.28,0.09,0.94,-6.90,1.16,-41.26,-23.97,23.63,-136.00,1
x,2022-10-11 12:11:49.819847,-0.28,0.03,0.97,-8.97,4.82,-15.87,-21.29,19.91,-133.92,1
x,2022-10-11 12:11:49.837018,-0.27,0.23,0.98,-4.33,6.84,2.26,-21.29,19.91,-133.92,1
x,2022-10-11 12:11:49.855921,-0.39,0.29,1.10,-13.73,19.17,-4.27,-21.29,19.91,-133.92,1
x,2022-10-11 12:11:49.876056,-0.55,0.39,1.14,19.41,36.50,0.49,-16.59,20.83,-133.85,1
x,2022-10-11 12:11:49.894871,-0.36,0.34,1.04,42.24,44.31,2.62,-16.59,20.83,-133.85,1
x,2022-10-11 12:11:49.912880,-0.36,0.32,1.03,53.96,45.96,1.46,-16.59,20.83,-133.85,1
x,2022-10-11 12:11:49.932207,-0.20,0.30,0.93,55.60,45.96,-2.20,-2.42,31.16,-131.37,1
x,2022-10-11 12:11:49.950768,0.00,0.29,0.87,45.23,42.11,-7.51,-2.42,31.16,-131.37,1
x,2022-10-11 12:11:49.969359,0.08,0.25,0.83,51.33,32.04,-3.48,13.24,40.73,-126.12,1
x,2022-10-11 12:11:49.989363,0.05,0.16,0.75,49.99,18.86,1.59,13.24,40.73,-126.12,1
x,2022-10-11 12:11:50.007219,0.04,0.17,0.76,17.76,5.55,-8.54,13.24,40.73,-126.12,1
x,2022-10-11 12:11:50.026597,0.00,0.25,0.79,8.36,0.06,-16.17,20.30,44.74,-123.82,1
x,2022-10-11 12:11:50.044349,-0.07,0.27,0.87,-10.86,-1.71,-36.01,20.30,44.74,-123.82,1
x,2022-10-11 12:11:50.062603,-0.08,0.24,0.86,-2.69,0.12,-40.53,20.30,44.74,-123.82,1
x,2022-10-11 12:11:50.082519,-0.09,0.09,0.87,12.08,-6.35,-27.10,23.91,42.61,-123.06,1
x,2022-10-11 12:11:50.099997,-0.07,0.05,0.89,17.64,-11.23,-4.09,23.91,42.61,-123.06,1
x,2022-10-11 12:11:50.119003,-0.15,0.01,0.98,12.08,-12.15,3.11,23.27,41.08,-124.21,1
x,2022-10-11 12:11:50.137877,-0.18,0.04,1.04,-28.38,-1.04,-9.28,23.27,41.08,-124.21,1
x,2022-10-11 12:11:50.157196,-0.16,0.15,0.95,-8.36,6.23,2.75,23.27,41.08,-124.21,1
x,2022-10-11 12:11:50.177299,-0.14,0.02,0.89,0.79,0.18,6.04,24.87,37.41,-124.98,1
x,2022-10-11 12:11:50.194344,-0.09,-0.03,0.88,8.18,-9.16,10.44,24.87,37.41,-124.98,1
x,2022-10-11 12:11:50.212534,-0.07,0.01,0.86,22.95,-19.84,37.84,24.87,37.41,-124.98,1
x,2022-10-11 12:11:50.231241,-0.19,0.04,1.01,10.99,-18.80,31.31,21.42,36.65,-125.62,1
x,2022-10-11 12:11:50.250678,-0.24,0.05,1.05,-3.30,-10.19,19.23,21.42,36.65,-125.62,1
x,2022-10-11 12:11:50.271323,-0.17,0.07,0.96,-5.49,-4.03,20.57,16.35,34.89,-128.22,1
x,2022-10-11 12:11:50.289926,-0.04,0.20,0.88,-7.45,-13.31,17.94,16.35,34.89,-128.22,1
x,2022-10-11 12:11:50.308234,-0.11,0.29,0.97,-15.93,-20.02,3.72,16.35,34.89,-128.22,1
x,2022-10-11 12:11:50.329191,-0.20,0.26,1.03,-38.70,-5.68,-20.20,10.28,30.71,-130.74,1
x,2022-10-11 12:11:50.348263,-1.15,0.22,1.18,-40.34,1.04,-26.18,10.28,30.71,-130.74,1
x,2022-10-11 12:11:50.367497,-0.17,0.47,1.11,31.49,2.56,-7.32,11.05,27.09,-133.65,1
x,2022-10-11 12:11:50.386119,-0.16,0.27,0.97,30.58,20.75,-10.56,11.05,27.09,-133.65,1
x,2022-10-11 12:11:50.404460,-0.13,0.31,0.86,22.16,25.02,-25.57,11.05,27.09,-133.65,1
x,2022-10-11 12:11:50.424602,-0.12,0.22,0.78,10.44,16.30,-29.42,18.53,28.97,-134.44,1
x,2022-10-11 12:11:50.443060,-0.13,0.18,0.73,-19.65,2.20,-49.38,18.53,28.97,-134.44,1
x,2022-10-11 12:11:50.462000,-0.16,0.19,0.79,-8.73,-7.87,-40.53,18.53,28.97,-134.44,1
x,2022-10-11 12:11:50.482141,-0.19,0.13,0.81,22.58,-16.91,-23.32,23.73,25.29,-132.43,1
x,2022-10-11 12:11:50.500663,-0.18,0.05,0.82,29.05,-28.14,-6.77,23.73,25.29,-132.43,1
x,2022-10-11 12:11:50.519727,-0.20,-0.12,0.82,12.02,-33.33,-7.08,19.93,24.68,-130.35,1
x,2022-10-11 12:11:50.539194,-0.22,-0.14,0.84,-5.25,-39.67,-6.23,19.93,24.68,-130.35,1
x,2022-10-11 12:11:50.557638,-0.24,-0.10,0.95,-8.91,-52.37,6.04,19.93,24.68,-130.35,1
x,2022-10-11 12:11:50.577936,-0.26,0.03,1.03,-2.14,-48.28,18.55,7.67,21.26,-126.98,1
x,2022-10-11 12:11:50.596319,-0.27,0.05,1.06,5.43,-43.88,29.05,7.67,21.26,-126.98,1
x,2022-10-11 12:11:50.616581,-0.26,0.10,1.02,5.86,-37.29,34.73,-7.91,20.13,-125.50,1
x,2022-10-11 12:11:50.635185,-0.28,0.25,1.09,9.58,-29.24,30.15,-7.91,20.13,-125.50,1
x,2022-10-11 12:11:50.654213,-0.28,0.28,1.07,-0.79,-15.14,17.94,-7.91,20.13,-125.50,1
x,2022-10-11 12:11:50.674224,-0.28,0.26,1.06,2.75,-6.47,13.43,-15.91,20.86,-122.44,1
x,2022-10-11 12:11:50.692640,-0.25,0.32,1.03,5.49,2.32,2.26,-15.91,20.86,-122.44,1
x,2022-10-11 12:11:50.709996,-0.25,0.32,1.05,25.33,-1.16,6.41,-15.91,20.86,-122.44,1
x,2022-10-11 12:11:50.730467,-0.32,0.24,1.14,53.53,-3.48,20.51,-16.78,23.23,-123.67,1
x,2022-10-11 12:11:50.748337,-0.31,0.34,1.10,41.69,36.01,-2.14,-16.78,23.23,-123.67,1
x,2022-10-11 12:11:50.768592,-0.23,0.22,1.07,39.31,50.78,-24.48,-4.85,28.31,-127.42,1
x,2022-10-11 12:11:50.786810,-0.20,0.15,1.00,25.39,55.85,-43.70,-4.85,28.31,-127.42,1
x,2022-10-11 12:11:50.805180,-0.19,0.11,0.94,11.29,54.02,-31.98,-4.85,28.31,-127.42,1
x,2022-10-11 12:11:50.824305,-0.21,-0.03,0.97,5.92,39.18,-36.93,14.29,31.14,-128.48,1
x,2022-10-11 12:11:50.842389,-0.21,-0.01,0.92,4.21,36.44,-30.46,14.29,31.14,-128.48,1
x,2022-10-11 12:11:50.859942,-0.19,-0.10,0.85,16.36,34.00,-20.81,14.29,31.14,-128.48,1
x,2022-10-11 12:11:50.879995,-0.19,-0.15,0.80,14.53,23.50,-12.02,29.36,35.42,-129.61,1
x,2022-10-11 12:11:50.898915,-0.18,-0.11,0.76,15.26,4.21,2.93,29.36,35.42,-129.61,1
x,2022-10-11 12:11:50.918166,-0.18,-0.10,0.78,15.14,-7.63,6.53,34.99,38.50,-129.75,1
x,2022-10-11 12:11:50.938859,-0.19,-0.10,0.81,-20.51,-3.30,-6.41,34.99,38.50,-129.75,1
x,2022-10-11 12:11:50.956457,-0.26,-0.11,0.82,-44.37,2.26,-3.78,34.99,38.50,-129.75,1
x,2022-10-11 12:11:50.975026,-0.14,-0.16,0.79,26.55,-29.85,59.08,32.50,35.86,-130.66,1
x,2022-10-11 12:11:50.993207,-0.16,-0.04,0.87,2.20,-47.00,48.22,32.50,35.86,-130.66,1
x,2022-10-11 12:11:51.011288,-0.20,0.11,0.95,-10.31,-40.41,26.67,32.50,35.86,-130.66,1
x,2022-10-11 12:11:51.032462,-0.21,0.09,0.91,-17.03,-37.96,10.99,18.82,33.56,-130.65,1
x,2022-10-11 12:11:51.050479,-0.21,0.13,0.92,-31.07,-32.90,-7.14,18.82,33.56,-130.65,1
x,2022-10-11 12:11:51.070135,-0.22,0.19,0.92,-36.62,-29.97,-5.74,6.87,28.75,-129.33,1
x,2022-10-11 12:11:51.088922,-0.23,0.28,0.93,-22.83,-28.50,-6.29,6.87,28.75,-129.33,1
x,2022-10-11 12:11:51.108252,-0.24,0.32,0.97,-15.56,-23.01,-9.77,6.87,28.75,-129.33,1
x,2022-10-11 12:11:51.128069,-0.24,0.33,1.00,1.95,-16.36,-15.93,-2.04,24.45,-127.19,1
x,2022-10-11 12:11:51.146610,-0.24,0.21,0.95,14.28,-13.37,-20.63,-2.04,24.45,-127.19,1
x,2022-10-11 12:11:51.166907,-0.25,0.20,0.97,10.25,-11.29,-32.84,-3.39,22.05,-124.22,1
x,2022-10-11 12:11:51.185054,-0.24,0.22,0.98,8.36,-10.86,-51.03,-3.39,22.05,-124.22,1
x,2022-10-11 12:11:51.204357,-0.25,0.16,1.00,-14.65,-5.31,-65.31,-3.39,22.05,-124.22,1
x,2022-10-11 12:11:51.224196,-0.27,0.03,0.97,-42.66,-0.85,-77.82,0.98,16.82,-121.78,1
x,2022-10-11 12:11:51.242746,-0.36,-0.08,1.00,-53.65,-2.62,-61.34,0.98,16.82,-121.78,1
x,2022-10-11 12:11:51.261333,-0.37,-0.04,1.00,-49.62,4.70,-35.28,0.98,16.82,-121.78,1
x,2022-10-11 12:11:51.281156,-0.45,-0.02,1.09,-38.09,12.15,-22.95,5.03,9.08,-118.12,1
x,2022-10-11 12:11:51.299469,-0.70,0.10,1.21,15.81,42.85,12.94,5.03,9.08,-118.12,1
x,2022-10-11 12:11:51.317906,-0.57,0.03,1.10,54.14,56.27,26.37,7.43,13.98,-119.89,1
x,2022-10-11 12:11:51.336230,-0.44,-0.16,1.02,50.35,60.61,18.25,7.43,13.98,-119.89,1
x,2022-10-11 12:11:51.355403,-0.25,-0.23,0.95,34.12,53.47,18.37,7.43,13.98,-119.89,1
x,2022-10-11 12:11:51.376348,-0.20,-0.27,0.95,11.17,43.82,31.80,11.46,28.94,-121.13,1
x,2022-10-11 12:11:51.393348,-0.24,-0.44,0.96,15.32,44.07,56.21,11.46,28.94,-121.13,1
x,2022-10-11 12:11:51.412911,-0.23,-0.56,0.84,21.97,45.17,82.21,10.51,41.76,-122.47,1
x,2022-10-11 12:11:51.431511,-0.20,-0.63,0.71,7.39,48.95,113.71,10.51,41.76,-122.47,1
x,2022-10-11 12:11:51.450137,-0.05,-0.44,0.64,-21.61,35.34,124.21,10.51,41.76,-122.47,1
x,2022-10-11 12:11:51.469620,-0.10,-0.23,0.63,-53.16,9.58,124.94,4.87,53.94,-125.42,1
x,2022-10-11 12:11:51.488919,-0.14,0.00,0.68,-66.22,-2.93,126.53,4.87,53.94,-125.42,1
x,2022-10-11 12:11:51.507461,-0.19,0.16,0.72,-62.26,-7.57,121.46,4.87,53.94,-125.42,1
x,2022-10-11 12:11:51.526381,-0.20,0.21,0.73,-63.17,-1.71,114.44,-1.79,67.16,-115.37,1
x,2022-10-11 12:11:51.546007,-0.05,0.40,0.67,-59.94,-2.81,118.59,-1.79,67.16,-115.37,1
x,2022-10-11 12:11:51.565830,0.03,0.52,0.56,-79.35,-13.06,105.16,3.44,80.09,-96.72,1
x,2022-10-11 12:11:51.584150,-0.13,0.66,0.69,-95.46,-25.51,87.34,3.44,80.09,-96.72,1
x,2022-10-11 12:11:51.602932,-0.31,0.83,0.79,-98.63,-26.06,78.12,3.44,80.09,-96.72,1
x,2022-10-11 12:11:51.622618,-0.29,0.87,0.86,-83.92,-10.38,53.22,11.24,82.53,-81.97,1
x,2022-10-11 12:11:51.640978,-0.35,0.92,1.04,-58.23,-8.30,48.40,11.24,82.53,-81.97,1
x,2022-10-11 12:11:51.659166,-0.41,0.94,1.07,-26.55,1.28,57.07,11.24,82.53,-81.97,1
x,2022-10-11 12:11:51.678114,-0.35,0.84,1.05,1.04,15.20,57.43,18.82,84.16,-72.02,1
x,2022-10-11 12:11:51.695925,-0.29,0.61,0.87,-3.11,21.36,36.56,18.82,84.16,-72.02,1
x,2022-10-11 12:11:51.717048,-0.28,0.58,0.87,-38.15,16.91,8.79,23.82,84.36,-67.90,1
x,2022-10-11 12:11:51.734193,-0.28,0.62,0.88,-63.78,13.06,-9.77,23.82,84.36,-67.90,1
x,2022-10-11 12:11:51.752193,-0.28,0.63,0.88,-75.81,8.54,-15.26,23.82,84.36,-67.90,1
x,2022-10-11 12:11:51.771592,-0.25,0.62,0.85,-28.44,-0.12,-0.79,26.46,82.06,-66.66,1
x,2022-10-11 12:11:51.790199,-0.24,0.54,0.76,0.06,-7.20,9.03,26.46,82.06,-66.66,1
x,2022-10-11 12:11:51.808799,-0.25,0.48,0.74,-5.86,-12.88,4.46,26.46,82.06,-66.66,1
x,2022-10-11 12:11:51.828232,-0.32,0.53,0.84,-28.38,-12.76,-10.44,26.99,82.43,-64.71,1
x,2022-10-11 12:11:51.846051,-0.33,0.58,0.94,-17.27,-5.31,-6.59,26.99,82.43,-64.71,1
x,2022-10-11 12:11:51.865570,-0.29,0.56,0.89,-3.42,-2.26,-4.33,27.44,82.65,-64.83,1
x,2022-10-11 12:11:51.885216,-0.20,0.55,0.79,-29.85,-5.86,-26.18,27.44,82.65,-64.83,1
x,2022-10-11 12:11:51.904114,-0.22,0.58,0.76,-45.90,-11.23,-41.63,27.44,82.65,-64.83,1
x,2022-10-11 12:11:51.923730,-0.19,0.57,0.73,-40.83,-14.16,-41.50,25.24,82.13,-67.35,1
x,2022-10-11 12:11:51.942477,-0.18,0.54,0.67,-23.86,-24.96,-31.98,25.24,82.13,-67.35,1
x,2022-10-11 12:11:51.962170,-0.17,0.33,0.68,115.72,-0.43,61.52,24.08,83.11,-69.60,1
x,2022-10-11 12:11:51.980169,-0.27,0.15,0.72,60.36,0.31,33.02,24.08,83.11,-69.60,1
x,2022-10-11 12:11:51.998648,-0.27,0.21,0.79,11.54,0.37,-1.22,24.08,83.11,-69.60,1
x,2022-10-11 12:11:52.018026,-0.28,0.31,0.69,-26.92,-24.29,-32.47,24.45,84.27,-71.37,1
x,2022-10-11 12:11:52.036414,-0.22,0.39,0.66,-33.20,-34.48,-34.67,24.45,84.27,-71.37,1
x,2022-10-11 12:11:52.056109,-0.25,0.43,0.67,-19.53,-44.80,-23.99,24.45,84.27,-71.37,1
x,2022-10-11 12:11:52.075355,-0.27,0.46,0.69,-6.53,-50.84,-13.37,21.74,85.52,-70.13,1
x,2022-10-11 12:11:52.095087,-0.26,0.41,0.75,-0.31,-49.44,-8.48,21.74,85.52,-70.13,1
x,2022-10-11 12:11:52.114065,-0.26,0.28,0.77,11.05,-49.38,4.58,19.29,91.13,-70.14,1
x,2022-10-11 12:11:52.132550,-0.27,0.23,0.76,8.48,-44.62,25.82,19.29,91.13,-70.14,1
x,2022-10-11 12:11:52.151159,-0.30,0.34,0.79,-3.48,-40.89,24.41,19.29,91.13,-70.14,1
x,2022-10-11 12:11:52.169719,-0.32,0.35,0.82,-6.10,-40.41,22.64,19.38,96.48,-67.61,1
x,2022-10-11 12:11:52.187103,-0.34,0.36,0.87,-4.58,-38.27,28.08,19.38,96.48,-67.61,1
x,2022-10-11 12:11:52.206133,-0.36,0.39,0.90,0.92,-27.53,48.34,19.38,96.48,-67.61,1
x,2022-10-11 12:11:52.225770,-0.44,0.47,0.95,3.36,-23.07,55.11,24.76,101.14,-62.19,1
x,2022-10-11 12:11:52.244009,-0.51,0.57,0.92,1.04,-15.01,52.06,24.76,101.14,-62.19,1
x,2022-10-11 12:11:52.262321,-0.59,0.72,0.98,-9.16,-6.84,28.99,33.12,101.50,-60.72,1
x,2022-10-11 12:11:52.280504,-0.62,0.89,0.98,-7.75,2.75,-14.22,33.12,101.50,-60.72,1
x,2022-10-11 12:11:52.298791,-0.44,0.70,0.86,28.81,-6.10,-9.64,33.12,101.50,-60.72,1
x,2022-10-11 12:11:52.317876,-0.57,0.54,0.89,43.58,-2.69,16.60,32.98,101.27,-59.18,1
x,2022-10-11 12:11:52.336271,-0.56,0.64,0.90,24.78,21.00,4.27,32.98,101.27,-59.18,1
x,2022-10-11 12:11:52.355095,-0.54,0.63,0.88,26.37,30.03,-27.47,32.98,101.27,-59.18,1
x,2022-10-11 12:11:52.373734,-0.47,0.53,0.85,16.85,37.48,-45.90,29.50,101.14,-59.36,1
x,2022-10-11 12:11:52.392867,-0.42,0.49,0.83,-0.31,40.28,-58.35,29.50,101.14,-59.36,1
x,2022-10-11 12:11:52.412081,-0.36,0.48,0.83,-10.99,40.83,-64.09,23.07,98.16,-64.99,1
x,2022-10-11 12:11:52.431016,-0.33,0.49,0.77,-14.59,39.73,-64.94,23.07,98.16,-64.99,1
x,2022-10-11 12:11:52.449022,-0.29,0.50,0.80,-14.53,37.35,-66.41,23.07,98.16,-64.99,1
x,2022-10-11 12:11:52.467756,-0.27,0.46,0.76,-10.56,33.81,-63.23,18.66,92.36,-70.76,1
x,2022-10-11 12:11:52.487000,-0.23,0.37,0.75,-7.20,22.22,-49.74,18.66,92.36,-70.76,1
x,2022-10-11 12:11:52.506133,-0.17,0.18,0.72,6.59,17.70,-31.74,18.66,92.36,-70.76,1
x,2022-10-11 12:11:52.525653,-0.14,0.06,0.65,30.94,5.31,-4.33,16.43,89.42,-74.69,1
x,2022-10-11 12:11:52.543587,-0.23,0.02,0.63,52.25,-10.38,30.15,16.43,89.42,-74.69,1
x,2022-10-11 12:11:52.562269,-0.28,0.31,0.74,-10.31,4.09,-7.87,15.82,89.89,-74.85,1
x,2022-10-11 12:11:52.580940,-0.15,0.22,0.63,-12.08,9.34,-10.56,15.82,89.89,-74.85,1
x,2022-10-11 12:11:52.599003,-0.15,0.06,0.65,26.86,-14.16,42.66,15.82,89.89,-74.85,1
x,2022-10-11 12:11:52.618053,-0.21,0.09,0.63,14.47,-30.58,59.45,17.26,92.54,-73.12,1
x,2022-10-11 12:11:52.636264,-0.24,0.21,0.71,-7.93,-41.69,76.23,17.26,92.54,-73.12,1
x,2022-10-11 12:11:52.654511,-0.30,0.30,0.70,-17.76,-46.81,84.47,17.26,92.54,-73.12,1
x,2022-10-11 12:11:52.674034,-0.40,0.50,0.73,-35.16,-51.76,73.30,21.36,97.06,-67.40,1
x,2022-10-11 12:11:52.691934,-0.50,0.74,0.82,-37.66,-46.14,26.98,21.36,97.06,-67.40,1
x,2022-10-11 12:11:52.712125,-0.55,0.83,0.84,-19.35,-39.37,3.17,26.38,100.06,-63.29,1
x,2022-10-11 12:11:52.731153,-0.53,0.75,0.84,-7.26,-31.01,-5.49,26.38,100.06,-63.29,1
x,2022-10-11 12:11:52.749300,-0.51,0.66,0.78,-9.52,-26.37,-9.58,26.38,100.06,-63.29,1
x,2022-10-11 12:11:52.768275,-0.48,0.65,0.84,-20.81,-26.61,-22.95,27.12,102.58,-63.01,1
x,2022-10-11 12:11:52.788227,-0.50,0.64,0.85,-14.71,-24.78,-32.78,27.12,102.58,-63.01,1
x,2022-10-11 12:11:52.807015,-0.48,0.59,0.83,-10.68,-18.43,-41.02,27.12,102.58,-63.01,1
x,2022-10-11 12:11:52.826370,-0.41,0.46,0.81,-9.40,-5.37,-36.32,21.84,104.06,-63.75,1
x,2022-10-11 12:11:52.844949,-0.38,0.38,0.81,-4.70,0.67,-21.73,21.84,104.06,-63.75,1
x,2022-10-11 12:11:52.863741,-0.40,0.38,0.84,-9.40,6.23,-12.82,18.08,105.38,-65.58,1
x,2022-10-11 12:11:52.882895,-0.45,0.43,0.82,-20.02,18.31,-14.34,18.08,105.38,-65.58,1
x,2022-10-11 12:11:52.900094,-0.79,0.46,1.02,-1.10,23.56,-3.36,18.08,105.38,-65.58,1
x,2022-10-11 12:11:52.919308,-0.61,0.54,0.91,50.48,37.29,37.29,17.43,103.87,-67.03,1
x,2022-10-11 12:11:52.937650,-0.46,0.60,0.83,53.04,42.79,35.52,17.43,103.87,-67.03,1
x,2022-10-11 12:11:52.955596,-0.46,0.52,0.86,38.88,39.49,-10.07,17.43,103.87,-67.03,1
x,2022-10-11 12:11:52.974417,-0.40,0.54,0.78,16.60,38.45,-24.48,17.19,98.99,-66.44,1
x,2022-10-11 12:11:52.992020,-0.27,0.58,0.71,10.74,32.84,-36.01,17.19,98.99,-66.44,1
x,2022-10-11 12:11:53.012135,-0.20,0.57,0.62,3.17,27.28,-40.04,14.31,93.85,-68.64,1
x,2022-10-11 12:11:53.030975,-0.21,0.58,0.64,0.12,12.39,-43.27,14.31,93.85,-68.64,1
x,2022-10-11 12:11:53.049089,-0.22,0.62,0.69,-3.23,11.84,-54.81,14.31,93.85,-68.64,1
x,2022-10-11 12:11:53.068182,-0.14,0.57,0.67,11.60,13.61,-51.45,10.24,90.80,-73.73,1
x,2022-10-11 12:11:53.086772,-0.13,0.41,0.74,39.67,8.91,-35.46,10.24,90.80,-73.73,1
x,2022-10-11 12:11:53.104412,-0.10,0.38,0.71,42.91,6.90,-15.99,10.24,90.80,-73.73,1
x,2022-10-11 12:11:53.123412,-0.11,0.32,0.76,53.22,1.46,-2.38,4.08,92.37,-75.62,1
x,2022-10-11 12:11:53.142115,-0.26,0.21,0.88,57.98,5.07,0.85,4.08,92.37,-75.62,1
x,2022-10-11 12:11:53.161531,-0.21,0.14,0.95,31.19,18.74,-12.02,-0.26,97.35,-78.49,1
x,2022-10-11 12:11:53.180874,-0.25,0.19,1.00,-4.15,28.26,-20.87,-0.26,97.35,-78.49,1
x,2022-10-11 12:11:53.199065,-0.23,0.20,1.04,-0.49,22.46,-0.61,-0.26,97.35,-78.49,1
x,2022-10-11 12:11:53.218339,-0.17,0.26,0.94,8.12,12.45,23.99,-0.31,98.22,-81.56,1
x,2022-10-11 12:11:53.236791,-0.17,0.29,0.93,-15.08,17.33,24.90,-0.31,98.22,-81.56,1
x,2022-10-11 12:11:53.255295,-0.20,0.34,0.84,-25.21,20.26,18.25,-0.31,98.22,-81.56,1
x,2022-10-11 12:11:53.274602,-0.15,0.30,0.76,-41.56,22.16,2.69,2.72,97.53,-82.86,1
x,2022-10-11 12:11:53.293134,-0.09,0.40,0.65,-64.33,9.95,-12.08,2.72,97.53,-82.86,1
x,2022-10-11 12:11:53.312561,-0.10,0.54,0.67,-67.20,-14.40,-5.98,4.76,93.86,-84.80,1
x,2022-10-11 12:11:53.332277,-0.25,0.64,0.76,-66.16,-24.23,-9.95,4.76,93.86,-84.80,1
x,2022-10-11 12:11:53.350510,-0.36,0.69,0.77,-73.97,-18.19,-23.56,4.76,93.86,-84.80,1
x,2022-10-11 12:11:53.371156,-0.31,0.74,0.67,-83.98,-10.86,-48.16,3.04,91.92,-89.14,1
x,2022-10-11 12:11:53.390103,-1.52,0.48,1.45,-49.13,-13.67,-38.21,3.04,91.92,-89.14,1
x,2022-10-11 12:11:53.410005,-0.21,0.75,0.73,93.02,4.52,33.39,1.83,94.14,-90.36,1
x,2022-10-11 12:11:53.427208,-0.26,0.40,0.75,62.19,1.28,15.81,1.83,94.14,-90.36,1
x,2022-10-11 12:11:53.445796,-0.23,0.45,0.72,28.44,-0.12,-2.99,1.83,94.14,-90.36,1
x,2022-10-11 12:11:53.465012,-0.24,0.45,0.67,16.91,-2.32,-9.40,-0.56,96.36,-91.36,1
x,2022-10-11 12:11:53.483858,-0.23,0.50,0.64,-6.59,-10.86,-33.39,-0.56,96.36,-91.36,1
x,2022-10-11 12:11:53.502897,-0.21,0.44,0.61,-1.34,-17.88,-28.81,-0.56,96.36,-91.36,1
x,2022-10-11 12:11:53.522415,-0.21,0.35,0.71,5.80,-27.53,-21.24,-5.16,97.29,-90.34,1
x,2022-10-11 12:11:53.540951,-0.21,0.36,0.67,5.92,-34.30,-1.22,-5.16,97.29,-90.34,1
x,2022-10-11 12:11:53.559660,-0.22,0.34,0.67,8.54,-40.71,14.22,-11.27,102.44,-88.95,1
x,2022-10-11 12:11:53.578789,-0.24,0.45,0.75,11.66,-46.94,18.49,-11.27,102.44,-88.95,1
x,2022-10-11 12:11:53.596973,-0.27,0.49,0.86,23.56,-50.72,19.29,-11.27,102.44,-88.95,1
x,2022-10-11 12:11:53.616899,-0.29,0.44,0.92,26.18,-44.98,24.17,-14.75,111.27,-81.10,1
x,2022-10-11 12:11:53.634885,-0.30,0.36,0.93,34.18,-39.37,40.59,-14.75,111.27,-81.10,1
x,2022-10-11 12:11:53.653037,-0.28,0.22,0.85,39.12,-36.32,54.02,-14.75,111.27,-81.10,1
x,2022-10-11 12:11:53.674156,-0.26,0.13,0.81,28.56,-39.79,64.82,-13.34,119.21,-72.88,1
x,2022-10-11 12:11:53.692361,-0.43,0.34,0.85,3.97,-46.51,76.23,-13.34,119.21,-72.88,1
x,2022-10-11 12:11:53.711383,-0.56,0.59,0.95,-22.03,-36.01,39.06,-3.45,122.84,-65.37,1
x,2022-10-11 12:11:53.730719,-0.59,0.78,1.01,-37.78,-6.47,-18.68,-3.45,122.84,-65.37,1
x,2022-10-11 12:11:53.749636,-0.46,0.89,0.86,-28.81,0.24,-37.72,-3.45,122.84,-65.37,1
x,2022-10-11 12:11:53.768637,-0.42,0.70,0.80,11.66,-4.03,-12.76,-0.55,120.12,-64.39,1
x,2022-10-11 12:11:53.787840,-0.45,0.63,0.88,41.81,-4.82,15.38,-0.55,120.12,-64.39,1
x,2022-10-11 12:11:53.807145,-0.62,0.78,1.00,17.70,37.23,-7.63,-0.55,120.12,-64.39,1
x,2022-10-11 12:11:53.826454,-0.47,0.77,0.92,21.85,59.08,-44.13,-2.50,121.08,-66.14,1
x,2022-10-11 12:11:53.844894,-0.40,0.61,0.78,15.14,53.47,-57.74,-2.50,121.08,-66.14,1
x,2022-10-11 12:11:53.864019,-0.35,0.54,0.78,-1.46,47.24,-69.34,-11.79,117.25,-74.78,1
x,2022-10-11 12:11:53.882423,-0.31,0.52,0.82,-3.36,41.44,-76.54,-11.79,117.25,-74.78,1
x,2022-10-11 12:11:53.901170,-0.26,0.42,0.74,4.33,39.43,-76.42,-11.79,117.25,-74.78,1
x,2022-10-11 12:11:53.920745,-0.23,0.27,0.71,14.53,31.92,-71.53,-21.68,111.93,-84.35,1
x,2022-10-11 12:11:53.938591,-0.19,0.12,0.72,16.66,16.97,-50.48,-21.68,111.93,-84.35,1
x,2022-10-11 12:11:53.958675,-0.20,0.05,0.69,22.22,5.55,-18.25,-28.04,107.73,-91.27,1
x,2022-10-11 12:11:53.977002,-0.20,-0.04,0.66,25.63,-1.22,3.66,-28.04,107.73,-91.27,1
x,2022-10-11 12:11:53.995261,-0.26,0.14,0.70,-29.97,-1.10,-7.87,-28.04,107.73,-91.27,1
x,2022-10-11 12:11:54.015852,-0.19,0.26,0.79,-51.82,9.83,-26.37,-28.09,105.82,-91.17,1
x,2022-10-11 12:11:54.034981,-0.17,0.16,0.66,16.36,-4.03,49.50,-28.09,105.82,-91.17,1
x,2022-10-11 12:11:54.054084,-0.24,0.19,0.65,-14.95,-32.90,67.44,-28.09,105.82,-91.17,1
x,2022-10-11 12:11:54.073339,-0.27,0.41,0.76,-44.07,-37.84,57.92,-21.26,111.89,-86.11,1
x,2022-10-11 12:11:54.092940,-0.30,0.44,0.72,-37.72,-39.92,73.06,-21.26,111.89,-86.11,1
x,2022-10-11 12:11:54.112423,-0.34,0.66,0.67,-52.92,-46.94,42.60,-14.42,115.15,-77.93,1
x,2022-10-11 12:11:54.130911,-0.40,0.80,0.72,-42.79,-55.30,21.79,-14.42,115.15,-77.93,1
x,2022-10-11 12:11:54.149438,-0.46,0.85,0.75,-23.62,-54.75,13.55,-14.42,115.15,-77.93,1
x,2022-10-11 12:11:54.169846,-0.50,0.84,0.78,-10.74,-41.63,-13.73,-11.33,118.70,-70.73,1
x,2022-10-11 12:11:54.188189,-0.46,0.80,0.78,-6.10,-31.07,-28.26,-11.33,118.70,-70.73,1
x,2022-10-11 12:11:54.206488,-0.44,0.72,0.79,0.73,-27.40,-36.44,-11.33,118.70,-70.73,1
x,2022-10-11 12:11:54.226026,-0.44,0.64,0.80,-3.11,-24.96,-45.59,-16.69,121.08,-66.03,1
x,2022-10-11 12:11:54.244848,-0.43,0.57,0.85,-5.31,-14.59,-46.26,-16.69,121.08,-66.03,1
x,2022-10-11 12:11:54.264895,-0.41,0.51,0.85,-8.61,-6.65,-38.88,-26.62,122.29,-65.58,1
x,2022-10-11 12:11:54.282800,-0.44,0.48,0.89,-14.04,7.45,-25.82,-26.62,122.29,-65.58,1
x,2022-10-11 12:11:54.301162,-0.80,0.50,1.13,-12.94,25.94,-16.85,-26.62,122.29,-65.58,1
x,2022-10-11 12:11:54.321082,-0.62,0.56,0.98,39.73,45.72,16.60,-32.50,120.18,-66.16,1
x,2022-10-11 12:11:54.340969,-0.50,0.56,0.94,83.50,53.16,44.19,-32.50,120.18,-66.16,1
x,2022-10-11 12:11:54.360358,-0.40,0.61,0.87,88.56,60.30,32.96,-29.11,115.70,-70.76,1
x,2022-10-11 12:11:54.377939,-0.31,0.53,0.80,79.04,57.62,13.67,-29.11,115.70,-70.76,1
x,2022-10-11 12:11:54.395854,-0.28,0.51,0.77,56.76,51.39,-5.00,-29.11,115.70,-70.76,1
x,2022-10-11 12:11:54.416074,-0.22,0.51,0.75,54.50,51.76,-13.43,-26.81,106.99,-75.46,1
x,2022-10-11 12:11:54.434901,-0.05,0.49,0.71,39.43,46.57,-25.88,-26.81,106.99,-75.46,1
x,2022-10-11 12:11:54.452076,-0.08,0.51,0.74,50.35,36.13,-23.01,-26.81,106.99,-75.46,1
x,2022-10-11 12:11:54.470477,-0.05,0.28,0.70,65.06,23.19,-19.78,-27.59,99.50,-80.18,1
x,2022-10-11 12:11:54.489781,-0.02,0.19,0.68,15.01,10.19,-37.29,-27.59,99.50,-80.18,1
x,2022-10-11 12:11:54.509213,0.01,0.23,0.66,4.15,-3.91,-24.96,-33.33,94.82,-85.19,1
x,2022-10-11 12:11:54.528771,-0.21,0.20,0.82,-1.83,-6.90,-16.24,-33.33,94.82,-85.19,1
x,2022-10-11 12:11:54.546275,-0.15,0.31,0.77,-14.95,3.30,-12.76,-33.33,94.82,-85.19,1
x,2022-10-11 12:11:54.565958,-0.21,0.24,0.85,-15.87,6.10,-18.80,-41.98,94.56,-87.95,1
x,2022-10-11 12:11:54.583935,-0.28,0.29,0.90,-23.56,-0.55,-21.91,-41.98,94.56,-87.95,1
x,2022-10-11 12:11:54.602312,-0.27,0.30,1.03,8.00,-3.60,-7.08,-41.98,94.56,-87.95,1
x,2022-10-11 12:11:54.622817,-0.20,0.27,0.99,34.48,-5.31,24.90,-49.28,96.45,-89.58,1
x,2022-10-11 12:11:54.640806,-0.15,0.20,0.89,17.58,-4.27,24.90,-49.28,96.45,-89.58,1
x,2022-10-11 12:11:54.660808,-0.22,0.17,0.89,-10.25,-2.08,10.01,-54.39,100.67,-91.99,1
x,2022-10-11 12:11:54.678189,-0.22,0.24,0.82,-29.97,-2.20,3.91,-54.39,100.67,-91.99,1
x,2022-10-11 12:11:54.698051,-0.10,0.26,0.77,-8.42,-11.35,23.25,-54.39,100.67,-91.99,1
x,2022-10-11 12:11:54.717295,-0.12,0.32,0.76,-14.59,-17.88,27.95,-58.17,107.04,-93.12,1
x,2022-10-11 12:11:54.735906,-0.22,0.53,0.87,-50.23,-18.55,2.14,-58.17,107.04,-93.12,1
x,2022-10-11 12:11:54.754586,-0.29,0.87,1.06,-10.99,-4.70,-39.12,-58.17,107.04,-93.12,1
x,2022-10-11 12:11:54.773816,-0.28,0.55,0.80,74.04,-11.66,6.23,-63.75,108.83,-94.63,1
x,2022-10-11 12:11:54.793186,-0.26,0.27,0.77,73.30,-7.51,25.27,-63.75,108.83,-94.63,1
x,2022-10-11 12:11:54.812649,-0.30,0.38,0.79,29.24,2.93,8.12,-65.49,114.69,-92.81,1
x,2022-10-11 12:11:54.831015,-0.27,0.38,0.74,-21.97,9.89,-34.36,-65.49,114.69,-92.81,1
x,2022-10-11 12:11:54.849096,-0.21,0.34,0.72,-33.69,8.24,-54.99,-65.49,114.69,-92.81,1
x,2022-10-11 12:11:54.869061,-0.21,0.32,0.65,-16.54,-4.03,-33.45,-70.31,108.46,-94.79,1
x,2022-10-11 12:11:54.887950,-0.22,0.37,0.71,-10.68,-15.44,-30.40,-70.31,108.46,-94.79,1
x,2022-10-11 12:11:54.908002,-0.22,0.26,0.77,-5.92,-21.79,-21.42,-77.82,107.24,-88.13,1
x,2022-10-11 12:11:54.926634,-0.23,0.21,0.69,-15.56,-32.35,-5.49,-77.82,107.24,-88.13,1
x,2022-10-11 12:11:54.944695,-0.24,0.25,0.77,-18.62,-36.93,6.71,-77.82,107.24,-88.13,1
x,2022-10-11 12:11:54.965106,-0.25,0.29,0.82,-9.03,-43.88,20.45,-83.50,112.95,-76.99,1
x,2022-10-11 12:11:54.983469,-0.29,0.28,0.85,7.69,-48.95,38.64,-83.50,112.95,-76.99,1
x,2022-10-11 12:11:55.001100,-0.33,0.26,0.89,14.53,-44.68,47.91,-83.50,112.95,-76.99,1
x,2022-10-11 12:11:55.019973,-0.34,0.32,0.90,4.94,-36.93,46.88,-79.58,125.99,-58.89,1
x,2022-10-11 12:11:55.039039,-0.37,0.43,0.96,1.77,-33.20,47.00,-79.58,125.99,-58.89,1
x,2022-10-11 12:11:55.059322,-0.42,0.50,1.01,15.01,-26.79,44.31,-67.58,135.82,-46.64,1
x,2022-10-11 12:11:55.078025,-0.48,0.54,1.03,12.39,-18.49,38.70,-67.58,135.82,-46.64,1
x,2022-10-11 12:11:55.095920,-0.53,0.65,1.12,0.49,-7.63,20.57,-67.58,135.82,-46.64,1
x,2022-10-11 12:11:55.115362,-0.39,0.63,0.97,-4.03,3.91,0.73,-60.89,138.56,-44.73,1
x,2022-10-11 12:11:55.134263,-0.44,0.33,0.89,22.95,-8.30,28.81,-60.89,138.56,-44.73,1
x,2022-10-11 12:11:55.152138,-0.55,0.48,1.00,-8.18,1.16,12.94,-60.89,138.56,-44.73,1
x,2022-10-11 12:11:55.171401,-0.52,0.67,1.04,-26.49,25.02,-17.46,-64.16,139.71,-44.38,1
x,2022-10-11 12:11:55.190006,-0.47,0.62,1.00,-11.41,43.46,-45.35,-64.16,139.71,-44.38,1
x,2022-10-11 12:11:55.209515,-0.34,0.48,0.86,-3.05,47.12,-49.80,-77.26,129.57,-57.39,1
x,2022-10-11 12:11:55.229826,-0.30,0.42,0.79,8.67,40.34,-40.10,-77.26,129.57,-57.39,1
x,2022-10-11 12:11:55.247320,-0.32,0.41,0.81,15.01,28.32,-46.81,-77.26,129.57,-57.39,1
x,2022-10-11 12:11:55.265754,-0.30,0.36,0.81,13.61,33.20,-55.42,-89.84,115.39,-69.75,1
x,2022-10-11 12:11:55.283961,-0.25,0.22,0.71,10.80,33.20,-51.88,-89.84,115.39,-69.75,1
x,2022-10-11 12:11:55.302714,-0.22,0.12,0.69,16.66,24.23,-36.38,-89.84,115.39,-69.75,1
x,2022-10-11 12:11:55.323003,-0.21,0.04,0.66,39.31,2.32,7.02,-96.22,100.83,-80.49,1
x,2022-10-11 12:11:55.341264,-0.27,-0.05,0.70,32.23,-10.68,22.52,-96.22,100.83,-80.49,1
x,2022-10-11 12:11:55.360626,-0.31,0.09,0.76,-15.93,-4.39,-4.21,-97.68,100.40,-84.17,1
x,2022-10-11 12:11:55.379177,-0.28,0.24,0.79,-55.54,9.22,-28.93,-97.68,100.40,-84.17,1
x,2022-10-11 12:11:55.399023,-0.16,0.06,0.60,-4.82,-6.53,36.32,-97.68,100.40,-84.17,1
x,2022-10-11 12:11:55.418933,-0.23,0.04,0.62,-5.25,-40.89,66.77,-94.32,106.04,-79.76,1
x,2022-10-11 12:11:55.437581,-0.28,0.31,0.70,-31.07,-52.92,54.14,-94.32,106.04,-79.76,1
x,2022-10-11 12:11:55.456869,-0.39,0.52,0.76,-44.01,-52.55,36.99,-87.41,120.90,-65.71,1
x,2022-10-11 12:11:55.477604,-0.40,0.68,0.81,-72.94,-44.43,-6.04,-87.41,120.90,-65.71,1
x,2022-10-11 12:11:55.494741,-0.38,0.67,0.76,-55.60,-40.95,-21.18,-87.41,120.90,-65.71,1
x,2022-10-11 12:11:55.514929,-0.39,0.63,0.76,-46.20,-45.96,-21.73,-82.47,124.30,-56.03,1
x,2022-10-11 12:11:55.533556,-0.43,0.62,0.79,-48.03,-45.47,-24.17,-82.47,124.30,-56.03,1
x,2022-10-11 12:11:55.552985,-0.43,0.68,0.77,-57.31,-34.79,-35.28,-82.47,124.30,-56.03,1
x,2022-10-11 12:11:55.570932,-0.42,0.85,0.77,-41.56,-29.42,-43.88,-82.98,123.52,-48.00,1
x,2022-10-11 12:11:55.589227,-0.43,0.74,0.81,-24.48,-26.55,-53.10,-82.98,123.52,-48.00,1
x,2022-10-11 12:11:55.610075,-0.43,0.65,0.84,-7.81,-17.82,-47.85,-90.95,117.10,-39.56,1
x,2022-10-11 12:11:55.628832,-0.41,0.44,0.86,9.52,-6.23,-26.55,-90.95,117.10,-39.56,1
x,2022-10-11 12:11:55.648022,-0.41,0.37,0.86,14.16,0.98,-7.39,-90.95,117.10,-39.56,1
x,2022-10-11 12:11:55.667525,-0.46,0.40,0.88,11.35,8.97,5.19,-98.65,111.88,-37.06,1
x,2022-10-11 12:11:55.684870,-0.66,0.55,1.04,26.86,27.77,18.62,-98.65,111.88,-37.06,1
x,2022-10-11 12:11:55.703084,-0.53,0.59,0.94,69.27,38.70,39.18,-98.65,111.88,-37.06,1
x,2022-10-11 12:11:55.723942,-0.51,0.59,0.92,71.66,41.93,30.82,-95.79,108.52,-42.71,1
x,2022-10-11 12:11:55.740849,-0.42,0.59,0.88,70.80,43.40,15.56,-95.79,108.52,-42.71,1
x,2022-10-11 12:11:55.759905,-0.38,0.56,0.80,61.10,42.42,4.03,-89.79,99.44,-54.99,1
x,2022-10-11 12:11:55.778255,-0.31,0.54,0.71,64.94,41.26,-1.22,-89.79,99.44,-54.99,1
x,2022-10-11 12:11:55.795754,-0.31,0.45,0.65,75.44,35.28,-1.83,-89.79,99.44,-54.99,1
x,2022-10-11 12:11:55.816821,-0.16,0.45,0.57,52.55,29.24,-9.34,-81.43,87.40,-65.12,1
x,2022-10-11 12:11:55.833840,-0.15,0.44,0.64,33.14,14.95,-24.11,-81.43,87.40,-65.12,1
x,2022-10-11 12:11:55.852394,-0.22,0.35,0.68,44.49,4.03,-19.59,-81.43,87.40,-65.12,1
x,2022-10-11 12:11:55.871097,-0.17,0.37,0.70,24.11,6.84,-37.90,-78.41,76.43,-69.56,1
x,2022-10-11 12:11:55.890816,-0.13,0.38,0.77,17.70,5.31,-42.60,-78.41,76.43,-69.56,1
x,2022-10-11 12:11:55.910341,-0.09,0.20,0.68,8.30,-2.50,-34.00,-78.25,63.34,-70.56,1
x,2022-10-11 12:11:55.927868,-0.26,0.12,0.86,-1.10,-9.40,-28.44,-78.25,63.34,-70.56,1
x,2022-10-11 12:11:55.946129,-0.24,0.16,0.88,24.05,-12.82,0.06,-78.25,63.34,-70.56,1
x,2022-10-11 12:11:55.965789,-0.31,0.12,0.97,17.27,-6.90,11.41,-83.59,57.98,-65.28,1
x,2022-10-11 12:11:55.983013,-0.33,0.17,1.07,14.04,1.89,15.38,-83.59,57.98,-65.28,1
x,2022-10-11 12:11:56.001622,-0.28,0.20,1.04,-1.53,13.37,17.76,-83.59,57.98,-65.28,1
x,2022-10-11 12:11:56.019761,-0.26,0.22,1.00,-13.37,20.08,13.61,-87.15,58.04,-64.70,1
x,2022-10-11 12:11:56.037462,-0.22,0.25,0.95,-18.98,16.60,12.21,-87.15,58.04,-64.70,1
x,2022-10-11 12:11:56.057458,-0.24,0.29,0.92,-17.40,14.77,11.60,-90.92,58.78,-69.21,1
x,2022-10-11 12:11:56.076343,-0.24,0.29,0.80,-3.05,12.27,19.47,-90.92,58.78,-69.21,1
x,2022-10-11 12:11:56.094952,-0.18,0.24,0.76,6.23,3.17,28.69,-90.92,58.78,-69.21,1
x,2022-10-11 12:11:56.115039,-0.14,0.27,0.74,-17.76,-5.86,24.48,-97.88,63.68,-72.58,1
x,2022-10-11 12:11:56.133475,-0.21,0.38,0.78,-23.56,-11.47,24.96,-97.88,63.68,-72.58,1
x,2022-10-11 12:11:56.152863,-0.27,0.46,0.81,-45.23,-15.32,5.00,-97.88,63.68,-72.58,1
x,2022-10-11 12:11:56.171324,-0.36,0.53,0.91,-61.28,-9.58,-23.80,-111.74,68.19,-69.29,1
x,2022-10-11 12:11:56.189998,-1.19,0.50,1.33,-32.59,-6.16,-17.94,-111.74,68.19,-69.29,1
x,2022-10-11 12:11:56.209481,-0.32,0.63,0.87,62.81,-4.15,15.20,-119.84,67.18,-69.67,1
x,2022-10-11 12:11:56.227747,-0.34,0.31,0.84,53.96,9.58,12.51,-119.84,67.18,-69.67,1
x,2022-10-11 12:11:56.246956,-0.28,0.40,0.76,5.98,16.78,-20.51,-119.84,67.18,-69.67,1
x,2022-10-11 12:11:56.265853,-0.26,0.42,0.74,-13.43,13.06,-37.35,-118.91,61.33,-73.79,1
x,2022-10-11 12:11:56.284194,-0.24,0.43,0.68,-25.02,5.55,-50.90,-118.91,61.33,-73.79,1
x,2022-10-11 12:11:56.303258,-0.24,0.33,0.67,-6.59,-10.62,-39.86,-118.91,61.33,-73.79,1
x,2022-10-11 12:11:56.323939,-0.25,0.27,0.68,4.58,-20.14,-27.34,-118.12,48.05,-70.91,1
x,2022-10-11 12:11:56.343027,-0.25,0.20,0.66,8.85,-28.87,-18.01,-118.12,48.05,-70.91,1
x,2022-10-11 12:11:56.362506,-0.29,0.13,0.80,-7.57,-41.38,-11.47,-120.07,41.87,-56.81,1
x,2022-10-11 12:11:56.379852,-0.28,0.09,0.78,-6.84,-44.86,8.48,-120.07,41.87,-56.81,1
x,2022-10-11 12:11:56.397874,-0.31,0.10,0.86,-4.21,-54.69,29.30,-120.07,41.87,-56.81,1
x,2022-10-11 12:11:56.419791,-0.34,0.18,0.92,-8.48,-55.48,37.54,-122.52,51.39,-34.50,1
x,2022-10-11 12:11:56.437655,-0.41,0.31,1.00,-12.02,-46.63,36.56,-122.52,51.39,-34.50,1
x,2022-10-11 12:11:56.457480,-0.41,0.37,0.96,-5.00,-36.19,44.07,-120.03,70.36,-16.47,1
x,2022-10-11 12:11:56.476036,-0.46,0.55,0.98,-4.46,-19.71,32.47,-120.03,70.36,-16.47,1
x,2022-10-11 12:11:56.496527,-0.46,0.63,0.98,-6.04,-9.03,19.65,-120.03,70.36,-16.47,1
x,2022-10-11 12:11:56.515551,-0.48,0.65,0.99,2.26,-2.81,15.14,-114.50,83.00,-11.50,1
x,2022-10-11 12:11:56.534038,-0.40,0.60,0.88,7.45,4.58,-3.05,-114.50,83.00,-11.50,1
x,2022-10-11 12:11:56.554864,-0.41,0.48,0.89,34.06,-1.40,19.35,-115.33,83.90,-11.25,1
x,2022-10-11 12:11:56.574005,-0.55,0.53,1.02,34.42,2.38,-6.04,-115.33,83.90,-11.25,1
x,2022-10-11 12:11:56.592175,-0.47,0.64,1.02,19.90,38.21,-36.50,-115.33,83.90,-11.25,1
x,2022-10-11 12:11:56.611102,-0.40,0.49,0.91,29.11,47.91,-41.44,-118.75,71.01,-21.14,1
x,2022-10-11 12:11:56.629836,-0.33,0.39,0.84,15.20,48.34,-53.10,-118.75,71.01,-21.14,1
x,2022-10-11 12:11:56.648723,-0.30,0.31,0.84,9.95,38.76,-52.80,-118.75,71.01,-21.14,1
x,2022-10-11 12:11:56.667531,-0.30,0.35,0.84,4.39,36.62,-55.30,-120.18,48.32,-37.77,1
x,2022-10-11 12:11:56.685469,-0.27,0.32,0.77,10.93,33.33,-50.78,-120.18,48.32,-37.77,1
x,2022-10-11 12:11:56.705859,-0.26,0.19,0.73,29.42,21.73,-33.94,-113.22,30.42,-52.64,1
x,2022-10-11 12:11:56.724411,-0.27,0.01,0.73,47.91,0.55,-2.99,-113.22,30.42,-52.64,1
x,2022-10-11 12:11:56.744788,-0.29,0.03,0.74,30.70,-3.17,1.28,-113.22,30.42,-52.64,1
x,2022-10-11 12:11:56.762880,-0.28,0.01,0.71,4.39,-1.77,-4.94,-110.44,26.20,-58.02,1
x,2022-10-11 12:11:56.781765,-0.30,0.14,0.78,-34.42,-0.31,-20.81,-110.44,26.20,-58.02,1
x,2022-10-11 12:11:56.800629,-0.26,0.25,0.78,-65.61,7.39,-34.12,-110.44,26.20,-58.02,1
x,2022-10-11 12:11:56.820093,-0.23,0.21,0.72,-43.70,-7.87,-10.80,-110.62,23.61,-54.00,1
x,2022-10-11 12:11:56.840017,-0.28,0.13,0.65,-5.49,-44.31,47.42,-110.62,23.61,-54.00,1
x,2022-10-11 12:11:56.859743,-0.31,0.32,0.76,-28.56,-45.90,41.56,-118.70,36.77,-41.30,1
x,2022-10-11 12:11:56.878692,-0.32,0.46,0.76,-31.86,-44.98,35.52,-118.70,36.77,-41.30,1
x,2022-10-11 12:11:56.896937,-0.34,0.60,0.76,-42.85,-38.94,12.51,-118.70,36.77,-41.30,1
x,2022-10-11 12:11:56.916215,-0.34,0.63,0.78,-29.79,-42.79,3.66,-120.90,50.79,-22.61,1
x,2022-10-11 12:11:56.934594,-0.39,0.61,0.79,-13.31,-48.16,2.93,-120.90,50.79,-22.61,1
x,2022-10-11 12:11:56.954556,-0.42,0.63,0.82,-3.72,-43.33,-2.01,-117.05,54.33,-6.26,1
x,2022-10-11 12:11:56.972903,-0.40,0.60,0.81,-8.00,-37.29,-14.59,-117.05,54.33,-6.26,1
x,2022-10-11 12:11:56.991334,-0.41,0.59,0.84,-11.41,-36.07,-35.77,-117.05,54.33,-6.26,1
x,2022-10-11 12:11:57.010725,-0.47,0.55,0.90,-18.31,-32.47,-50.72,-108.81,46.15,6.69,1
x,2022-10-11 12:11:57.028887,-0.49,0.47,0.96,-19.41,-14.59,-54.08,-108.81,46.15,6.69,1
x,2022-10-11 12:11:57.047600,-0.53,0.35,0.97,-12.57,0.61,-43.03,-108.81,46.15,6.69,1
x,2022-10-11 12:11:57.065918,-0.49,0.29,0.89,-16.97,18.19,-24.35,-102.97,33.35,10.71,1
x,2022-10-11 12:11:57.083460,-0.64,0.42,0.99,-5.86,23.13,6.90,-102.97,33.35,10.71,1
x,2022-10-11 12:11:57.102839,-0.71,0.57,1.08,78.92,38.94,41.75,-102.97,33.35,10.71,1
x,2022-10-11 12:11:57.120509,-0.54,0.51,0.99,104.55,56.15,46.63,-99.48,30.96,-3.88,1
x,2022-10-11 12:11:57.139912,-0.47,0.50,0.89,103.45,61.04,32.90,-99.48,30.96,-3.88,1
x,2022-10-11 12:11:57.159305,-0.31,0.37,0.77,99.12,60.06,19.90,-91.14,30.70,-32.29,1
x,2022-10-11 12:11:57.178942,-0.19,0.35,0.75,53.77,51.51,-6.84,-91.14,30.70,-32.29,1
x,2022-10-11 12:11:57.197139,-0.16,0.42,0.74,21.48,45.10,-23.07,-91.14,30.70,-32.29,1
x,2022-10-11 12:11:57.215638,-0.21,0.48,0.76,22.40,34.67,-32.53,-75.11,28.61,-51.94,1
x,2022-10-11 12:11:57.234175,-0.13,0.36,0.72,4.03,23.50,-52.37,-75.11,28.61,-51.94,1
x,2022-10-11 12:11:57.254700,-0.15,0.38,0.74,8.97,16.42,-50.35,-60.06,21.06,-61.88,1
x,2022-10-11 12:11:57.273894,-0.16,0.33,0.71,17.21,11.05,-45.90,-60.06,21.06,-61.88,1
x,2022-10-11 12:11:57.292186,-0.15,0.19,0.73,2.44,2.32,-42.54,-60.06,21.06,-61.88,1
x,2022-10-11 12:11:57.311787,-0.15,0.19,0.76,5.62,-2.81,-27.95,-47.74,15.22,-63.34,1
x,2022-10-11 12:11:57.330954,-0.14,0.18,0.77,2.56,-4.39,-20.57,-47.74,15.22,-63.34,1
x,2022-10-11 12:11:57.349949,-0.12,0.16,0.82,-10.74,-11.29,-11.29,-47.74,15.22,-63.34,1
x,2022-10-11 12:11:57.369704,-0.22,0.14,0.85,0.49,-16.54,1.95,-41.78,10.13,-59.69,1
x,2022-10-11 12:11:57.387917,-0.28,0.11,0.95,-1.83,-18.55,7.26,-41.78,10.13,-59.69,1
x,2022-10-11 12:11:57.407422,-0.35,0.11,1.01,-3.60,-12.15,14.04,-41.26,6.25,-54.27,1
x,2022-10-11 12:11:57.426719,-0.33,0.18,0.99,-0.37,-4.82,29.24,-41.26,6.25,-54.27,1
x,2022-10-11 12:11:57.444424,-0.32,0.17,0.94,4.46,-3.42,34.42,-41.26,6.25,-54.27,1
x,2022-10-11 12:11:57.463423,-0.30,0.26,0.90,-1.10,-1.89,26.25,-46.31,4.43,-50.95,1
x,2022-10-11 12:11:57.480915,-0.28,0.22,0.93,-8.18,-5.55,10.01,-46.31,4.43,-50.95,1
x,2022-10-11 12:11:57.499898,-0.28,0.19,0.89,-7.69,-6.65,17.76,-46.31,4.43,-50.95,1
x,2022-10-11 12:11:57.519600,-0.27,0.25,0.90,-1.83,-9.28,35.46,-52.50,2.72,-47.09,1
x,2022-10-11 12:11:57.538192,-0.26,0.32,0.90,-6.23,-7.75,32.65,-52.50,2.72,-47.09,1
x,2022-10-11 12:11:57.557555,-0.30,0.40,0.88,-15.63,-3.36,13.67,-62.93,1.67,-42.49,1
x,2022-10-11 12:11:57.576003,-0.27,0.34,0.87,-26.37,-3.60,-5.13,-62.93,1.67,-42.49,1
x,2022-10-11 12:11:57.594733,-1.00,0.40,1.16,-38.21,-9.89,-16.05,-62.93,1.67,-42.49,1
x,2022-10-11 12:11:57.614799,-0.32,0.56,0.91,32.04,-15.32,2.08,-67.91,-2.84,-38.72,1
x,2022-10-11 12:11:57.633616,-0.39,0.41,0.95,51.76,-2.50,19.65,-67.91,-2.84,-38.72,1
x,2022-10-11 12:11:57.652726,-0.30,0.50,0.86,25.88,21.79,1.46,-65.82,-2.37,-45.18,1
x,2022-10-11 12:11:57.671316,-0.26,0.35,0.81,23.86,23.38,-16.78,-65.82,-2.37,-45.18,1
x,2022-10-11 12:11:57.690528,-0.23,0.33,0.73,13.79,18.37,-31.74,-65.82,-2.37,-45.18,1
x,2022-10-11 12:11:57.708598,-0.24,0.29,0.76,15.81,5.37,-31.98,-55.29,-5.76,-51.90,1
x,2022-10-11 12:11:57.727488,-0.26,0.27,0.77,19.78,-8.61,-31.86,-55.29,-5.76,-51.90,1
x,2022-10-11 12:11:57.745726,-0.26,0.16,0.70,4.76,-14.10,-39.98,-55.29,-5.76,-51.90,1
x,2022-10-11 12:11:57.765687,-0.27,0.11,0.69,-2.08,-20.94,-35.52,-44.69,-10.47,-50.18,1
x,2022-10-11 12:11:57.784541,-0.26,0.11,0.67,-11.11,-32.10,-29.72,-44.69,-10.47,-50.18,1
x,2022-10-11 12:11:57.804940,-0.32,0.16,0.78,-10.62,-48.65,-22.22,-35.93,-12.74,-40.06,1
x,2022-10-11 12:11:57.823600,-0.39,0.10,0.89,-2.14,-51.76,-7.02,-35.93,-12.74,-40.06,1
x,2022-10-11 12:11:57.842743,-0.41,0.11,0.94,0.31,-45.59,8.30,-35.93,-12.74,-40.06,1
x,2022-10-11 12:11:57.862224,-0.39,0.11,0.90,11.11,-37.54,29.85,-33.58,-10.64,-28.16,1
x,2022-10-11 12:11:57.880007,-0.39,0.10,0.90,10.62,-39.49,36.93,-33.58,-10.64,-28.16,1
x,2022-10-11 12:11:57.899297,-0.42,0.17,0.93,-5.00,-39.43,32.29,-33.58,-10.64,-28.16,1
x,2022-10-11 12:11:57.918731,-0.46,0.23,1.00,-14.83,-31.62,38.51,-37.29,-6.53,-17.26,1
x,2022-10-11 12:11:57.937332,-0.49,0.36,1.03,-10.62,-18.43,41.32,-37.29,-6.53,-17.26,1
x,2022-10-11 12:11:57.958149,-0.42,0.39,0.94,-1.40,-8.91,46.14,-44.96,-1.25,-9.13,1
x,2022-10-11 12:11:57.976921,-0.42,0.56,0.92,-12.70,-9.95,16.91,-44.96,-1.25,-9.13,1
x,2022-10-11 12:11:57.995744,-0.43,0.56,0.90,-20.02,-5.68,-11.96,-44.96,-1.25,-9.13,1
x,2022-10-11 12:11:58.015952,-0.42,0.42,0.89,8.18,-6.41,-0.73,-48.86,0.24,-6.29,1
x,2022-10-11 12:11:58.034021,-0.49,0.45,0.95,18.74,-4.33,5.31,-48.86,0.24,-6.29,1
x,2022-10-11 12:11:58.052911,-0.49,0.62,0.98,10.93,12.51,-27.10,-47.08,-2.78,-10.42,1
x,2022-10-11 12:11:58.072784,-0.47,0.56,0.98,26.98,31.01,-44.43,-47.08,-2.78,-10.42,1
x,2022-10-11 12:11:58.090937,-0.42,0.31,0.82,36.93,50.84,-56.52,-47.08,-2.78,-10.42,1
x,2022-10-11 12:11:58.110667,-0.34,0.19,0.80,27.10,48.10,-46.57,-35.77,-8.17,-24.91,1
x,2022-10-11 12:11:58.128295,-0.32,0.17,0.80,27.47,35.71,-32.17,-35.77,-8.17,-24.91,1
x,2022-10-11 12:11:58.148011,-0.36,0.13,0.84,33.45,24.17,-5.13,-35.77,-8.17,-24.91,1
x,2022-10-11 12:11:58.167107,-0.37,0.10,0.87,31.13,23.13,-18.37,-25.68,-8.75,-36.19,1
x,2022-10-11 12:11:58.185621,-0.35,0.08,0.83,7.26,33.02,-34.97,-25.68,-8.75,-36.19,1
x,2022-10-11 12:11:58.205579,-0.30,0.03,0.72,-9.95,33.69,-38.45,-17.10,-8.57,-44.69,1
x,2022-10-11 12:11:58.224319,-0.30,-0.04,0.78,5.68,-1.59,0.85,-17.10,-8.57,-44.69,1
x,2022-10-11 12:11:58.244048,-0.33,0.08,0.81,-16.97,-8.24,-3.72,-17.10,-8.57,-44.69,1
x,2022-10-11 12:11:58.263354,-0.34,0.19,0.83,-48.65,-0.73,-14.04,-18.10,-9.62,-43.25,1
x,2022-10-11 12:11:58.282823,-0.32,0.04,0.76,3.54,-18.68,38.64,-18.10,-9.62,-43.25,1
x,2022-10-11 12:11:58.302524,-0.28,0.02,0.65,0.67,-34.97,54.69,-25.82,-9.20,-37.50,1
x,2022-10-11 12:11:58.321885,-0.31,0.16,0.76,-34.85,-46.08,38.15,-25.82,-9.20,-37.50,1
x,2022-10-11 12:11:58.339560,-0.35,0.30,0.78,-24.35,-51.15,46.51,-25.82,-9.20,-37.50,1
x,2022-10-11 12:11:58.359847,-0.34,0.34,0.73,-24.17,-51.33,39.31,-34.90,-7.73,-23.32,1
x,2022-10-11 12:11:58.378281,-0.35,0.41,0.74,-38.64,-54.38,14.95,-34.90,-7.73,-23.32,1
x,2022-10-11 12:11:58.396662,-0.37,0.52,0.78,-39.00,-55.05,2.38,-34.90,-7.73,-23.32,1
x,2022-10-11 12:11:58.416099,-0.40,0.56,0.78,-43.52,-50.72,-14.65,-34.72,-4.26,-7.13,1
x,2022-10-11 12:11:58.435485,-0.41,0.58,0.80,-44.62,-49.07,-33.94,-34.72,-4.26,-7.13,1
x,2022-10-11 12:11:58.455165,-0.40,0.61,0.80,-43.52,-48.40,-58.96,-20.64,-3.77,2.80,1
x,2022-10-11 12:11:58.473917,-0.61,0.49,0.95,-45.47,-44.68,-72.27,-20.64,-3.77,2.80,1
x,2022-10-11 12:11:58.493274,-0.68,0.41,1.05,-35.22,-20.39,-61.65,-20.64,-3.77,2.80,1
x,2022-10-11 12:11:58.514086,-0.60,0.30,0.93,-11.66,2.14,-28.93,-2.55,-2.55,4.35,1
x,2022-10-11 12:11:58.532600,-0.56,0.18,0.92,4.33,8.85,-2.87,-2.55,-2.55,4.35,1
x,2022-10-11 12:11:58.551394,-0.74,0.27,1.09,1.83,5.86,9.89,-1.57,-1.60,2.36,1
x,2022-10-11 12:11:58.570779,-0.76,0.34,1.06,27.28,35.58,18.31,-1.57,-1.60,2.36,1
x,2022-10-11 12:11:58.589565,-0.68,0.36,0.95,39.92,47.49,18.13,-1.57,-1.60,2.36,1
x,2022-10-11 12:11:58.607982,-0.60,0.39,0.84,43.21,47.61,10.38,-16.66,-1.20,-8.17,1
x,2022-10-11 12:11:58.625467,-0.43,0.47,0.78,47.24,39.31,-8.67,-16.66,-1.20,-8.17,1
x,2022-10-11 12:11:58.644825,-0.38,0.31,0.74,56.40,38.33,-12.76,-16.66,-1.20,-8.17,1
x,2022-10-11 12:11:58.663810,-0.44,0.22,0.78,40.53,30.82,-13.43,-26.83,2.37,-22.64,1
x,2022-10-11 12:11:58.682549,-0.39,0.26,0.80,37.78,31.13,-5.62,-26.83,2.37,-22.64,1
x,2022-10-11 12:11:58.701931,-0.31,0.20,0.71,31.92,31.25,11.11,-32.14,9.00,-38.76,1
x,2022-10-11 12:11:58.720174,-0.27,0.25,0.72,14.10,22.77,5.80,-32.14,9.00,-38.76,1
x,2022-10-11 12:11:58.737796,-0.33,0.28,0.80,1.71,16.17,-2.32,-32.14,9.00,-38.76,1
x,2022-10-11 12:11:58.758828,-0.37,0.33,0.90,-8.36,13.12,-4.46,-34.34,15.15,-46.68,1
x,2022-10-11 12:11:58.775743,-0.48,0.30,0.94,16.48,9.09,8.67,-34.34,15.15,-46.68,1
x,2022-10-11 12:11:58.794036,-0.43,0.23,0.93,29.85,19.17,16.91,-34.34,15.15,-46.68,1
x,2022-10-11 12:11:58.813685,-0.36,0.19,0.86,33.81,21.48,23.32,-35.88,24.91,-53.93,1
x,2022-10-11 12:11:58.832047,-0.32,0.14,0.81,21.48,17.27,22.22,-35.88,24.91,-53.93,1
x,2022-10-11 12:11:58.852366,-0.29,0.25,0.81,6.41,6.41,11.41,-35.44,33.39,-60.08,1
x,2022-10-11 12:11:58.870932,-0.36,0.26,0.87,0.00,2.38,3.54,-35.44,33.39,-60.08,1
x,2022-10-11 12:11:58.889715,-0.36,0.21,0.88,0.98,-0.31,3.66,-35.44,33.39,-60.08,1
x,2022-10-11 12:11:58.908933,-0.31,0.19,0.86,19.59,-2.26,19.78,-33.69,41.20,-65.49,1
x,2022-10-11 12:11:58.926368,-0.30,0.12,0.84,41.44,-6.23,43.70,-33.69,41.20,-65.49,1
x,2022-10-11 12:11:58.945864,-0.30,0.12,0.81,43.27,-7.02,56.09,-33.69,41.20,-65.49,1
x,2022-10-11 12:11:58.966099,-0.38,0.10,0.86,11.60,-7.32,43.70,-32.62,52.26,-65.72,1
x,2022-10-11 12:11:58.984100,-0.35,0.19,0.87,5.25,-6.04,38.51,-32.62,52.26,-65.72,1
x,2022-10-11 12:11:59.002923,-0.33,0.20,0.89,-3.30,-6.90,32.23,-30.64,61.40,-66.28,1
x,2022-10-11 12:11:59.021623,-0.35,0.21,0.90,3.48,-11.17,44.98,-30.64,61.40,-66.28,1
x,2022-10-11 12:11:59.040843,-0.42,0.25,0.95,28.93,-11.60,52.55,-30.64,61.40,-66.28,1
x,2022-10-11 12:11:59.059681,-0.46,0.28,0.96,36.19,-7.51,49.19,-26.65,69.25,-66.39,1
x,2022-10-11 12:11:59.078788,-0.51,0.22,0.99,31.25,-4.15,37.78,-26.65,69.25,-66.39,1
x,2022-10-11 12:11:59.096877,-0.43,0.19,1.01,38.15,13.73,44.25,-26.65,69.25,-66.39,1
x,2022-10-11 12:11:59.117498,-0.42,0.21,0.95,54.99,13.55,56.76,-20.67,75.68,-67.92,1
x,2022-10-11 12:11:59.136644,-0.34,0.09,0.81,78.19,20.02,74.46,-20.67,75.68,-67.92,1
x,2022-10-11 12:11:59.154856,-0.34,-0.02,0.82,63.17,17.03,73.79,-12.90,83.08,-67.92,1
x,2022-10-11 12:11:59.174508,-0.32,-0.02,0.80,39.61,2.87,66.16,-12.90,83.08,-67.92,1
x,2022-10-11 12:11:59.193007,-0.34,-0.03,0.81,27.22,1.83,63.72,-12.90,83.08,-67.92,1
x,2022-10-11 12:11:59.213780,-0.41,-0.05,0.90,5.55,0.06,52.19,-7.06,86.38,-66.77,1
x,2022-10-11 12:11:59.232151,-0.45,-0.00,0.99,14.10,3.30,60.91,-7.06,86.38,-66.77,1
x,2022-10-11 12:11:59.251456,-0.45,0.01,0.98,51.15,14.47,81.91,-1.16,89.84,-64.77,1
x,2022-10-11 12:11:59.270706,-0.39,-0.14,0.89,79.41,26.61,92.96,-1.16,89.84,-64.77,1
x,2022-10-11 12:11:59.288936,-0.32,-0.16,0.86,38.76,31.37,63.11,-1.16,89.84,-64.77,1
x,2022-10-11 12:11:59.309293,-0.34,-0.09,0.90,6.41,30.88,37.11,4.96,92.42,-63.54,1
x,2022-10-11 12:11:59.326954,-0.35,-0.10,0.91,17.33,15.63,31.56,4.96,92.42,-63.54,1
x,2022-10-11 12:11:59.344921,-0.33,-0.23,0.90,37.17,18.37,38.15,4.96,92.42,-63.54,1
x,2022-10-11 12:11:59.363904,-0.29,-0.28,0.92,37.84,20.45,38.51,9.78,92.72,-63.02,1
x,2022-10-11 12:11:59.383198,-0.26,-0.21,0.94,18.62,21.12,33.45,9.78,92.72,-63.02,1
x,2022-10-11 12:11:59.402042,-0.24,-0.23,0.91,2.20,23.44,29.42,13.56,92.30,-60.97,1
x,2022-10-11 12:11:59.419336,-0.25,-0.31,0.92,-20.26,20.75,7.32,13.56,92.30,-60.97,1
x,2022-10-11 12:11:59.438615,-0.26,-0.22,0.92,-46.08,25.15,-5.86,13.56,92.30,-60.97,1
x,2022-10-11 12:11:59.457902,-0.21,-0.19,0.93,-34.91,27.71,-4.21,15.73,89.61,-62.00,1
x,2022-10-11 12:11:59.476209,-0.22,-0.20,0.96,-14.04,29.42,2.81,15.73,89.61,-62.00,1
x,2022-10-11 12:11:59.494400,-0.24,-0.20,0.97,-30.21,33.75,0.79,15.73,89.61,-62.00,1
x,2022-10-11 12:11:59.514028,-0.22,-0.22,0.98,-14.59,32.23,14.40,18.84,87.74,-61.35,1
x,2022-10-11 12:11:59.532070,-0.11,-0.20,0.90,-5.98,21.24,50.66,18.84,87.74,-61.35,1
x,2022-10-11 12:11:59.551123,-0.29,0.14,0.72,-96.50,39.79,47.61,21.86,85.94,-59.80,1
x,2022-10-11 12:11:59.569322,-0.08,-0.02,0.84,-27.28,82.52,40.22,21.86,85.94,-59.80,1
x,2022-10-11 12:11:59.587636,-0.04,-0.10,0.87,9.16,55.60,38.39,21.86,85.94,-59.80,1
x,2022-10-11 12:11:59.605622,-0.04,-0.29,0.88,29.97,45.41,28.87,26.60,84.77,-59.80,1
x,2022-10-11 12:11:59.624029,-0.07,-0.25,0.96,9.70,51.88,20.32,26.60,84.77,-59.80,1
x,2022-10-11 12:11:59.641686,-0.05,-0.09,0.93,4.21,65.80,40.28,26.60,84.77,-59.80,1
x,2022-10-11 12:11:59.661126,0.01,-0.11,0.77,46.63,72.27,59.27,29.14,84.47,-58.23,1
x,2022-10-11 12:11:59.679471,0.02,-0.19,0.77,80.20,66.22,65.86,29.14,84.47,-58.23,1
x,2022-10-11 12:11:59.698580,0.17,-0.23,0.53,39.67,70.01,64.15,33.37,85.18,-55.59,1
x,2022-10-11 12:11:59.716959,-0.09,0.01,1.03,-52.55,80.02,85.02,33.37,85.18,-55.59,1
x,2022-10-11 12:11:59.735961,0.02,-0.25,0.99,114.20,69.89,61.22,33.37,85.18,-55.59,1
x,2022-10-11 12:11:59.756703,0.05,-0.25,0.82,-53.59,76.54,34.42,36.28,86.07,-54.96,1
x,2022-10-11 12:11:59.773709,0.11,-0.21,0.95,-60.12,110.11,83.98,36.28,86.07,-54.96,1
x,2022-10-11 12:11:59.793028,0.20,-0.30,0.92,33.33,106.81,90.09,36.28,86.07,-54.96,1
x,2022-10-11 12:11:59.811738,0.15,-0.18,0.98,15.75,81.24,59.39,40.32,84.91,-51.75,1
x,2022-10-11 12:11:59.829963,0.14,-0.18,0.92,13.55,72.45,25.45,40.32,84.91,-51.75,1
x,2022-10-11 12:11:59.848836,0.27,-0.19,0.80,9.58,69.76,32.10,42.65,84.61,-50.51,1
x,2022-10-11 12:11:59.867276,0.36,-0.17,0.70,3.60,56.95,44.98,42.65,84.61,-50.51,1
x,2022-10-11 12:11:59.884791,0.40,-0.38,0.51,14.95,31.19,75.68,42.65,84.61,-50.51,1
x,2022-10-11 12:11:59.903585,0.36,-0.10,0.72,27.22,8.67,148.68,45.00,82.69,-49.87,1
x,2022-10-11 12:11:59.921456,0.20,-0.30,0.93,168.46,-37.48,139.95,45.00,82.69,-49.87,1
x,2022-10-11 12:11:59.939818,0.18,-0.33,0.97,59.33,-52.67,105.29,45.00,82.69,-49.87,1
x,2022-10-11 12:11:59.960734,0.27,-0.24,1.32,27.65,-39.49,77.58,45.31,83.58,-49.07,1
x,2022-10-11 12:11:59.977547,0.48,-0.06,0.96,23.68,-8.85,52.92,45.31,83.58,-49.07,1
x,2022-10-11 12:11:59.995840,0.38,-0.29,0.93,-21.06,-26.06,64.76,45.31,83.58,-49.07,1
x,2022-10-11 12:12:00.015156,0.27,-0.02,1.23,-60.18,-39.18,69.76,45.62,82.09,-48.80,1
x,2022-10-11 12:12:00.033336,0.23,-0.00,1.25,-46.20,-38.94,55.05,45.62,82.09,-48.80,1
x,2022-10-11 12:12:00.052824,0.37,0.02,1.12,-50.05,-34.85,18.62,44.76,79.64,-50.57,1
x,2022-10-11 12:12:00.070759,0.42,0.08,0.98,-55.85,-41.32,25.70,44.76,79.64,-50.57,1
x,2022-10-11 12:12:00.089432,0.33,0.15,0.89,-13.49,-42.60,32.90,44.76,79.64,-50.57,1
x,2022-10-11 12:12:00.108616,0.21,0.16,0.89,48.03,-48.10,39.06,43.48,78.74,-50.44,1
x,2022-10-11 12:12:00.127067,0.17,-0.62,0.81,146.06,-32.10,48.46,43.48,78.74,-50.44,1
x,2022-10-11 12:12:00.145812,0.07,-0.51,1.05,79.47,-41.44,68.73,43.48,78.74,-50.44,1
x,2022-10-11 12:12:00.164694,0.05,-0.11,1.01,-25.63,-31.19,54.50,42.61,80.86,-49.44,1
